Place Key,City,State/Region,Country,Timezone,Geoname ID,Ekadashi Name,Ekadashi Type,Condition Code,Upavaasa Date 1,Upavaasa Date 2,Parana Date,Parana Start,Parana End,Parana Branch,Parana Tithi Rule,Hari Vasara End,Cycle Anchor,Completeness Status,Date,Action Role,Special Events,Special Event Details,Note,Message
geoname:1279290,Agartala,Tripura,India,Asia/Kolkata,1279290,Indira Ekadashi,Normal Ekadashi,NORMAL,2026-10-06,,2026-10-07,06:15 AM,07:40 AM,PRATAH,DWADASHI,06:15 AM,2026-10-06,COMPLETE,2026-10-06,UPAVASA_DAY_1,Indira Ekadashi,"Upavaasa: 06-Oct-26 | Parana: 07-Oct-26, 06:15 AM to 07:40 AM",Normal Ekadashi. **Observe Upavaasa today.** Ekadashi began before Arunodaya and no two-day exception applies.,"Indira Ekadashi. Normal Ekadashi. Observe Upavaasa today. Ekadashi began before Arunodaya and no two-day exception applies. Upavaasa: 06-Oct-26 | Parana: 07-Oct-26, 06:15 AM to 07:40 AM"
geoname:1279186,Aizawl,Mizoram,India,Asia/Kolkata,1279186,Indira Ekadashi,Normal Ekadashi,NORMAL,2026-10-06,,2026-10-07,06:15 AM,07:35 AM,PRATAH,DWADASHI,06:15 AM,2026-10-06,COMPLETE,2026-10-06,UPAVASA_DAY_1,Indira Ekadashi,"Upavaasa: 06-Oct-26 | Parana: 07-Oct-26, 06:15 AM to 07:35 AM",Normal Ekadashi. **Observe Upavaasa today.** Ekadashi began before Arunodaya and no two-day exception applies.,"Indira Ekadashi. Normal Ekadashi. Observe Upavaasa today. Ekadashi began before Arunodaya and no two-day exception applies. Upavaasa: 06-Oct-26 | Parana: 07-Oct-26, 06:15 AM to 07:35 AM"
geoname:4180439,Atlanta,Georgia,United States,America/New_York,4180439,Indira Ekadashi,Normal Ekadashi,NORMAL,2026-10-06,,2026-10-07,07:36 AM,09:56 AM,PRATAH,DWADASHI,08:45 PM,2026-10-06,COMPLETE,2026-10-06,UPAVASA_DAY_1,Indira Ekadashi,"Upavaasa: 06-Oct-26 | Parana: 07-Oct-26, 07:36 AM to 09:56 AM",Normal Ekadashi. **Observe Upavaasa today.** Ekadashi began before Arunodaya and no two-day exception applies.,"Indira Ekadashi. Normal Ekadashi. Observe Upavaasa today. Ekadashi began before Arunodaya and no two-day exception applies. Upavaasa: 06-Oct-26 | Parana: 07-Oct-26, 07:36 AM to 09:56 AM"
geoname:1278094,Ayodhya,Uttar Pradesh,India,Asia/Kolkata,1278094,Indira Ekadashi,Normal Ekadashi,NORMAL,2026-10-06,,2026-10-07,06:15 AM,08:17 AM,PRATAH,DWADASHI,06:15 AM,2026-10-06,COMPLETE,2026-10-06,UPAVASA_DAY_1,Indira Ekadashi,"Upavaasa: 06-Oct-26 | Parana: 07-Oct-26, 06:15 AM to 08:17 AM",Normal Ekadashi. **Observe Upavaasa today.** Ekadashi began before Arunodaya and no two-day exception applies.,"Indira Ekadashi. Normal Ekadashi. Observe Upavaasa today. Ekadashi began before Arunodaya and no two-day exception applies. Upavaasa: 06-Oct-26 | Parana: 07-Oct-26, 06:15 AM to 08:17 AM"
geoname:4347778,Baltimore,Maryland,United States,America/New_York,4347778,Indira Ekadashi,Normal Ekadashi,NORMAL,2026-10-06,,2026-10-07,07:08 AM,09:26 AM,PRATAH,DWADASHI,08:45 PM,2026-10-06,COMPLETE,2026-10-06,UPAVASA_DAY_1,Indira Ekadashi,"Upavaasa: 06-Oct-26 | Parana: 07-Oct-26, 07:08 AM to 09:26 AM",Normal Ekadashi. **Observe Upavaasa today.** Ekadashi began before Arunodaya and no two-day exception applies.,"Indira Ekadashi. Normal Ekadashi. Observe Upavaasa today. Ekadashi began before Arunodaya and no two-day exception applies. Upavaasa: 06-Oct-26 | Parana: 07-Oct-26, 07:08 AM to 09:26 AM"
geoname:5108728,Belfast,New York,United States,America/New_York,5108728,Indira Ekadashi,Normal Ekadashi,NORMAL,2026-10-06,,2026-10-07,07:16 AM,09:33 AM,PRATAH,DWADASHI,08:45 PM,2026-10-06,COMPLETE,2026-10-06,UPAVASA_DAY_1,Indira Ekadashi,"Upavaasa: 06-Oct-26 | Parana: 07-Oct-26, 07:16 AM to 09:33 AM",Normal Ekadashi. **Observe Upavaasa today.** Ekadashi began before Arunodaya and no two-day exception applies.,"Indira Ekadashi. Normal Ekadashi. Observe Upavaasa today. Ekadashi began before Arunodaya and no two-day exception applies. Upavaasa: 06-Oct-26 | Parana: 07-Oct-26, 07:16 AM to 09:33 AM"
geoname:1276533,Belgaum,Karnataka,India,Asia/Kolkata,1276533,Indira Ekadashi,Normal Ekadashi,NORMAL,2026-10-06,,2026-10-07,06:23 AM,08:46 AM,PRATAH,DWADASHI,06:15 AM,2026-10-06,COMPLETE,2026-10-06,UPAVASA_DAY_1,Indira Ekadashi,"Upavaasa: 06-Oct-26 | Parana: 07-Oct-26, 06:23 AM to 08:46 AM",Normal Ekadashi. **Observe Upavaasa today.** Ekadashi began before Arunodaya and no two-day exception applies.,"Indira Ekadashi. Normal Ekadashi. Observe Upavaasa today. Ekadashi began before Arunodaya and no two-day exception applies. Upavaasa: 06-Oct-26 | Parana: 07-Oct-26, 06:23 AM to 08:46 AM"
geoname:1277333,Bengaluru,Karnataka,India,Asia/Kolkata,1277333,Indira Ekadashi,Normal Ekadashi,NORMAL,2026-10-06,,2026-10-07,06:15 AM,08:32 AM,PRATAH,DWADASHI,06:15 AM,2026-10-06,COMPLETE,2026-10-06,UPAVASA_DAY_1,Indira Ekadashi,"Upavaasa: 06-Oct-26 | Parana: 07-Oct-26, 06:15 AM to 08:32 AM",Normal Ekadashi. **Observe Upavaasa today.** Ekadashi began before Arunodaya and no two-day exception applies.,"Indira Ekadashi. Normal Ekadashi. Observe Upavaasa today. Ekadashi began before Arunodaya and no two-day exception applies. Upavaasa: 06-Oct-26 | Parana: 07-Oct-26, 06:15 AM to 08:32 AM"
geoname:1275841,Bhopal,Madhya Pradesh,India,Asia/Kolkata,1275841,Indira Ekadashi,Normal Ekadashi,NORMAL,2026-10-06,,2026-10-07,06:15 AM,08:36 AM,PRATAH,DWADASHI,06:15 AM,2026-10-06,COMPLETE,2026-10-06,UPAVASA_DAY_1,Indira Ekadashi,"Upavaasa: 06-Oct-26 | Parana: 07-Oct-26, 06:15 AM to 08:36 AM",Normal Ekadashi. **Observe Upavaasa today.** Ekadashi began before Arunodaya and no two-day exception applies.,"Indira Ekadashi. Normal Ekadashi. Observe Upavaasa today. Ekadashi began before Arunodaya and no two-day exception applies. Upavaasa: 06-Oct-26 | Parana: 07-Oct-26, 06:15 AM to 08:36 AM"
geoname:1275817,Bhubaneswar,Odisha,India,Asia/Kolkata,1275817,Indira Ekadashi,Normal Ekadashi,NORMAL,2026-10-06,,2026-10-07,06:15 AM,08:01 AM,PRATAH,DWADASHI,06:15 AM,2026-10-06,COMPLETE,2026-10-06,UPAVASA_DAY_1,Indira Ekadashi,"Upavaasa: 06-Oct-26 | Parana: 07-Oct-26, 06:15 AM to 08:01 AM",Normal Ekadashi. **Observe Upavaasa today.** Ekadashi began before Arunodaya and no two-day exception applies.,"Indira Ekadashi. Normal Ekadashi. Observe Upavaasa today. Ekadashi began before Arunodaya and no two-day exception applies. Upavaasa: 06-Oct-26 | Parana: 07-Oct-26, 06:15 AM to 08:01 AM"
geoname:5110629,Buffalo,New York,United States,America/New_York,5110629,Indira Ekadashi,Normal Ekadashi,NORMAL,2026-10-06,,2026-10-07,07:20 AM,09:37 AM,PRATAH,DWADASHI,08:45 PM,2026-10-06,COMPLETE,2026-10-06,UPAVASA_DAY_1,Indira Ekadashi,"Upavaasa: 06-Oct-26 | Parana: 07-Oct-26, 07:20 AM to 09:37 AM",Normal Ekadashi. **Observe Upavaasa today.** Ekadashi began before Arunodaya and no two-day exception applies.,"Indira Ekadashi. Normal Ekadashi. Observe Upavaasa today. Ekadashi began before Arunodaya and no two-day exception applies. Upavaasa: 06-Oct-26 | Parana: 07-Oct-26, 07:20 AM to 09:37 AM"
geoname:4460243,Charlotte,North Carolina,United States,America/New_York,4460243,Indira Ekadashi,Normal Ekadashi,NORMAL,2026-10-06,,2026-10-07,07:23 AM,09:42 AM,PRATAH,DWADASHI,08:45 PM,2026-10-06,COMPLETE,2026-10-06,UPAVASA_DAY_1,Indira Ekadashi,"Upavaasa: 06-Oct-26 | Parana: 07-Oct-26, 07:23 AM to 09:42 AM",Normal Ekadashi. **Observe Upavaasa today.** Ekadashi began before Arunodaya and no two-day exception applies.,"Indira Ekadashi. Normal Ekadashi. Observe Upavaasa today. Ekadashi began before Arunodaya and no two-day exception applies. Upavaasa: 06-Oct-26 | Parana: 07-Oct-26, 07:23 AM to 09:42 AM"
geoname:1264527,Chennai,Tamil Nadu,India,Asia/Kolkata,1264527,Indira Ekadashi,Normal Ekadashi,NORMAL,2026-10-06,,2026-10-07,06:15 AM,08:21 AM,PRATAH,DWADASHI,06:15 AM,2026-10-06,COMPLETE,2026-10-06,UPAVASA_DAY_1,Indira Ekadashi,"Upavaasa: 06-Oct-26 | Parana: 07-Oct-26, 06:15 AM to 08:21 AM",Normal Ekadashi. **Observe Upavaasa today.** Ekadashi began before Arunodaya and no two-day exception applies.,"Indira Ekadashi. Normal Ekadashi. Observe Upavaasa today. Ekadashi began before Arunodaya and no two-day exception applies. Upavaasa: 06-Oct-26 | Parana: 07-Oct-26, 06:15 AM to 08:21 AM"
geoname:4887398,Chicago,Illinois,United States,America/Chicago,4887398,Indira Ekadashi,Normal Ekadashi,NORMAL,2026-10-06,,2026-10-07,06:54 AM,09:12 AM,PRATAH,DWADASHI,07:45 PM,2026-10-06,COMPLETE,2026-10-06,UPAVASA_DAY_1,Indira Ekadashi,"Upavaasa: 06-Oct-26 | Parana: 07-Oct-26, 06:54 AM to 09:12 AM",Normal Ekadashi. **Observe Upavaasa today.** Ekadashi began before Arunodaya and no two-day exception applies.,"Indira Ekadashi. Normal Ekadashi. Observe Upavaasa today. Ekadashi began before Arunodaya and no two-day exception applies. Upavaasa: 06-Oct-26 | Parana: 07-Oct-26, 06:54 AM to 09:12 AM"
geoname:1274256,Chidambaram,Tamil Nadu,India,Asia/Kolkata,1274256,Indira Ekadashi,Normal Ekadashi,NORMAL,2026-10-06,,2026-10-07,06:15 AM,08:24 AM,PRATAH,DWADASHI,06:15 AM,2026-10-06,COMPLETE,2026-10-06,UPAVASA_DAY_1,Indira Ekadashi,"Upavaasa: 06-Oct-26 | Parana: 07-Oct-26, 06:15 AM to 08:24 AM",Normal Ekadashi. **Observe Upavaasa today.** Ekadashi began before Arunodaya and no two-day exception applies.,"Indira Ekadashi. Normal Ekadashi. Observe Upavaasa today. Ekadashi began before Arunodaya and no two-day exception applies. Upavaasa: 06-Oct-26 | Parana: 07-Oct-26, 06:15 AM to 08:24 AM"
geoname:4508722,Cincinnati,Ohio,United States,America/New_York,4508722,Indira Ekadashi,Normal Ekadashi,NORMAL,2026-10-06,,2026-10-07,07:40 AM,09:58 AM,PRATAH,DWADASHI,08:45 PM,2026-10-06,COMPLETE,2026-10-06,UPAVASA_DAY_1,Indira Ekadashi,"Upavaasa: 06-Oct-26 | Parana: 07-Oct-26, 07:40 AM to 09:58 AM",Normal Ekadashi. **Observe Upavaasa today.** Ekadashi began before Arunodaya and no two-day exception applies.,"Indira Ekadashi. Normal Ekadashi. Observe Upavaasa today. Ekadashi began before Arunodaya and no two-day exception applies. Upavaasa: 06-Oct-26 | Parana: 07-Oct-26, 07:40 AM to 09:58 AM"
geoname:5150529,Cleveland,Ohio,United States,America/New_York,5150529,Indira Ekadashi,Normal Ekadashi,NORMAL,2026-10-06,,2026-10-07,07:30 AM,09:48 AM,PRATAH,DWADASHI,08:45 PM,2026-10-06,COMPLETE,2026-10-06,UPAVASA_DAY_1,Indira Ekadashi,"Upavaasa: 06-Oct-26 | Parana: 07-Oct-26, 07:30 AM to 09:48 AM",Normal Ekadashi. **Observe Upavaasa today.** Ekadashi began before Arunodaya and no two-day exception applies.,"Indira Ekadashi. Normal Ekadashi. Observe Upavaasa today. Ekadashi began before Arunodaya and no two-day exception applies. Upavaasa: 06-Oct-26 | Parana: 07-Oct-26, 07:30 AM to 09:48 AM"
geoname:1273865,Coimbatore,Tamil Nadu,India,Asia/Kolkata,1273865,Indira Ekadashi,Normal Ekadashi,NORMAL,2026-10-06,,2026-10-07,06:15 AM,08:35 AM,PRATAH,DWADASHI,06:15 AM,2026-10-06,COMPLETE,2026-10-06,UPAVASA_DAY_1,Indira Ekadashi,"Upavaasa: 06-Oct-26 | Parana: 07-Oct-26, 06:15 AM to 08:35 AM",Normal Ekadashi. **Observe Upavaasa today.** Ekadashi began before Arunodaya and no two-day exception applies.,"Indira Ekadashi. Normal Ekadashi. Observe Upavaasa today. Ekadashi began before Arunodaya and no two-day exception applies. Upavaasa: 06-Oct-26 | Parana: 07-Oct-26, 06:15 AM to 08:35 AM"
geoname:4256038,Columbus,Indiana,United States,America/Indiana/Indianapolis,4256038,Indira Ekadashi,Normal Ekadashi,NORMAL,2026-10-06,,2026-10-07,07:46 AM,10:04 AM,PRATAH,DWADASHI,08:45 PM,2026-10-06,COMPLETE,2026-10-06,UPAVASA_DAY_1,Indira Ekadashi,"Upavaasa: 06-Oct-26 | Parana: 07-Oct-26, 07:46 AM to 10:04 AM",Normal Ekadashi. **Observe Upavaasa today.** Ekadashi began before Arunodaya and no two-day exception applies.,"Indira Ekadashi. Normal Ekadashi. Observe Upavaasa today. Ekadashi began before Arunodaya and no two-day exception applies. Upavaasa: 06-Oct-26 | Parana: 07-Oct-26, 07:46 AM to 10:04 AM"
geoname:4509177,Columbus,Ohio,United States,America/New_York,4509177,Indira Ekadashi,Normal Ekadashi,NORMAL,2026-10-06,,2026-10-07,07:34 AM,09:52 AM,PRATAH,DWADASHI,08:45 PM,2026-10-06,COMPLETE,2026-10-06,UPAVASA_DAY_1,Indira Ekadashi,"Upavaasa: 06-Oct-26 | Parana: 07-Oct-26, 07:34 AM to 09:52 AM",Normal Ekadashi. **Observe Upavaasa today.** Ekadashi began before Arunodaya and no two-day exception applies.,"Indira Ekadashi. Normal Ekadashi. Observe Upavaasa today. Ekadashi began before Arunodaya and no two-day exception applies. Upavaasa: 06-Oct-26 | Parana: 07-Oct-26, 07:34 AM to 09:52 AM"
geoname:4684888,Dallas,Texas,United States,America/Chicago,4684888,Indira Ekadashi,Normal Ekadashi,NORMAL,2026-10-06,,2026-10-07,07:26 AM,09:46 AM,PRATAH,DWADASHI,07:45 PM,2026-10-06,COMPLETE,2026-10-06,UPAVASA_DAY_1,Indira Ekadashi,"Upavaasa: 06-Oct-26 | Parana: 07-Oct-26, 07:26 AM to 09:46 AM",Normal Ekadashi. **Observe Upavaasa today.** Ekadashi began before Arunodaya and no two-day exception applies.,"Indira Ekadashi. Normal Ekadashi. Observe Upavaasa today. Ekadashi began before Arunodaya and no two-day exception applies. Upavaasa: 06-Oct-26 | Parana: 07-Oct-26, 07:26 AM to 09:46 AM"
geoname:2938913,Darmstadt,Hesse,Germany,Europe/Berlin,2938913,Indira Ekadashi,Normal Ekadashi,NORMAL,2026-10-06,,2026-10-07,07:34 AM,09:49 AM,PRATAH,DWADASHI,02:45 AM,2026-10-06,COMPLETE,2026-10-06,UPAVASA_DAY_1,Indira Ekadashi,"Upavaasa: 06-Oct-26 | Parana: 07-Oct-26, 07:34 AM to 09:49 AM",Normal Ekadashi. **Observe Upavaasa today.** Ekadashi began before Arunodaya and no two-day exception applies.,"Indira Ekadashi. Normal Ekadashi. Observe Upavaasa today. Ekadashi began before Arunodaya and no two-day exception applies. Upavaasa: 06-Oct-26 | Parana: 07-Oct-26, 07:34 AM to 09:49 AM"
geoname:1272648,Dibrugarh,Assam,India,Asia/Kolkata,1272648,Indira Ekadashi,Normal Ekadashi,NORMAL,2026-10-06,,2026-10-07,06:15 AM,07:27 AM,PRATAH,DWADASHI,06:15 AM,2026-10-06,COMPLETE,2026-10-06,UPAVASA_DAY_1,Indira Ekadashi,"Upavaasa: 06-Oct-26 | Parana: 07-Oct-26, 06:15 AM to 07:27 AM",Normal Ekadashi. **Observe Upavaasa today.** Ekadashi began before Arunodaya and no two-day exception applies.,"Indira Ekadashi. Normal Ekadashi. Observe Upavaasa today. Ekadashi began before Arunodaya and no two-day exception applies. Upavaasa: 06-Oct-26 | Parana: 07-Oct-26, 06:15 AM to 07:27 AM"
geoname:1272552,Dimapur,Nagaland,India,Asia/Kolkata,1272552,Indira Ekadashi,Normal Ekadashi,NORMAL,2026-10-06,,2026-10-07,06:15 AM,07:31 AM,PRATAH,DWADASHI,06:15 AM,2026-10-06,COMPLETE,2026-10-06,UPAVASA_DAY_1,Indira Ekadashi,"Upavaasa: 06-Oct-26 | Parana: 07-Oct-26, 06:15 AM to 07:31 AM",Normal Ekadashi. **Observe Upavaasa today.** Ekadashi began before Arunodaya and no two-day exception applies.,"Indira Ekadashi. Normal Ekadashi. Observe Upavaasa today. Ekadashi began before Arunodaya and no two-day exception applies. Upavaasa: 06-Oct-26 | Parana: 07-Oct-26, 06:15 AM to 07:31 AM"
geoname:290030,Doha,Baladīyat ad Dawḩah,Qatar,Asia/Qatar,290030,Indira Ekadashi,Normal Ekadashi,NORMAL,2026-10-06,,2026-10-07,05:28 AM,07:49 AM,PRATAH,DWADASHI,03:45 AM,2026-10-06,COMPLETE,2026-10-06,UPAVASA_DAY_1,Indira Ekadashi,"Upavaasa: 06-Oct-26 | Parana: 07-Oct-26, 05:28 AM to 07:49 AM",Normal Ekadashi. **Observe Upavaasa today.** Ekadashi began before Arunodaya and no two-day exception applies.,"Indira Ekadashi. Normal Ekadashi. Observe Upavaasa today. Ekadashi began before Arunodaya and no two-day exception applies. Upavaasa: 06-Oct-26 | Parana: 07-Oct-26, 05:28 AM to 07:49 AM"
geoname:292223,Dubai,Dubai,United Arab Emirates,Asia/Dubai,292223,Indira Ekadashi,Normal Ekadashi,NORMAL,2026-10-06,,2026-10-07,06:14 AM,08:35 AM,PRATAH,DWADASHI,04:45 AM,2026-10-06,COMPLETE,2026-10-06,UPAVASA_DAY_1,Indira Ekadashi,"Upavaasa: 06-Oct-26 | Parana: 07-Oct-26, 06:14 AM to 08:35 AM",Normal Ekadashi. **Observe Upavaasa today.** Ekadashi began before Arunodaya and no two-day exception applies.,"Indira Ekadashi. Normal Ekadashi. Observe Upavaasa today. Ekadashi began before Arunodaya and no two-day exception applies. Upavaasa: 06-Oct-26 | Parana: 07-Oct-26, 06:14 AM to 08:35 AM"
geoname:2928751,Esslingen,Esslingen,Germany,Europe/Berlin,2928751,Indira Ekadashi,Normal Ekadashi,NORMAL,2026-10-06,,2026-10-07,07:31 AM,09:47 AM,PRATAH,DWADASHI,02:45 AM,2026-10-06,COMPLETE,2026-10-06,UPAVASA_DAY_1,Indira Ekadashi,"Upavaasa: 06-Oct-26 | Parana: 07-Oct-26, 07:31 AM to 09:47 AM",Normal Ekadashi. **Observe Upavaasa today.** Ekadashi began before Arunodaya and no two-day exception applies.,"Indira Ekadashi. Normal Ekadashi. Observe Upavaasa today. Ekadashi began before Arunodaya and no two-day exception applies. Upavaasa: 06-Oct-26 | Parana: 07-Oct-26, 07:31 AM to 09:47 AM"
geoname:1271631,Gangtok,Sikkim,India,Asia/Kolkata,1271631,Indira Ekadashi,Normal Ekadashi,NORMAL,2026-10-06,,2026-10-07,06:15 AM,07:52 AM,PRATAH,DWADASHI,06:15 AM,2026-10-06,COMPLETE,2026-10-06,UPAVASA_DAY_1,Indira Ekadashi,"Upavaasa: 06-Oct-26 | Parana: 07-Oct-26, 06:15 AM to 07:52 AM",Normal Ekadashi. **Observe Upavaasa today.** Ekadashi began before Arunodaya and no two-day exception applies.,"Indira Ekadashi. Normal Ekadashi. Observe Upavaasa today. Ekadashi began before Arunodaya and no two-day exception applies. Upavaasa: 06-Oct-26 | Parana: 07-Oct-26, 06:15 AM to 07:52 AM"
geoname:5119251,Greece,New York,United States,America/New_York,5119251,Indira Ekadashi,Normal Ekadashi,NORMAL,2026-10-06,,2026-10-07,07:15 AM,09:32 AM,PRATAH,DWADASHI,08:45 PM,2026-10-06,COMPLETE,2026-10-06,UPAVASA_DAY_1,Indira Ekadashi,"Upavaasa: 06-Oct-26 | Parana: 07-Oct-26, 07:15 AM to 09:32 AM",Normal Ekadashi. **Observe Upavaasa today.** Ekadashi began before Arunodaya and no two-day exception applies.,"Indira Ekadashi. Normal Ekadashi. Observe Upavaasa today. Ekadashi began before Arunodaya and no two-day exception applies. Upavaasa: 06-Oct-26 | Parana: 07-Oct-26, 07:15 AM to 09:32 AM"
geoname:1270603,Guruvayur,Kerala,India,Asia/Kolkata,1270603,Indira Ekadashi,Normal Ekadashi,NORMAL,2026-10-06,,2026-10-07,06:15 AM,08:38 AM,PRATAH,DWADASHI,06:15 AM,2026-10-06,COMPLETE,2026-10-06,UPAVASA_DAY_1,Indira Ekadashi,"Upavaasa: 06-Oct-26 | Parana: 07-Oct-26, 06:15 AM to 08:38 AM",Normal Ekadashi. **Observe Upavaasa today.** Ekadashi began before Arunodaya and no two-day exception applies.,"Indira Ekadashi. Normal Ekadashi. Observe Upavaasa today. Ekadashi began before Arunodaya and no two-day exception applies. Upavaasa: 06-Oct-26 | Parana: 07-Oct-26, 06:15 AM to 08:38 AM"
geoname:1271476,Guwahati,Assam,India,Asia/Kolkata,1271476,Indira Ekadashi,Normal Ekadashi,NORMAL,2026-10-06,,2026-10-07,06:15 AM,07:39 AM,PRATAH,DWADASHI,06:15 AM,2026-10-06,COMPLETE,2026-10-06,UPAVASA_DAY_1,Indira Ekadashi,"Upavaasa: 06-Oct-26 | Parana: 07-Oct-26, 06:15 AM to 07:39 AM",Normal Ekadashi. **Observe Upavaasa today.** Ekadashi began before Arunodaya and no two-day exception applies.,"Indira Ekadashi. Normal Ekadashi. Observe Upavaasa today. Ekadashi began before Arunodaya and no two-day exception applies. Upavaasa: 06-Oct-26 | Parana: 07-Oct-26, 06:15 AM to 07:39 AM"
geoname:4699066,Houston,Texas,United States,America/Chicago,4699066,Indira Ekadashi,Normal Ekadashi,NORMAL,2026-10-06,,2026-10-07,07:18 AM,09:38 AM,PRATAH,DWADASHI,07:45 PM,2026-10-06,COMPLETE,2026-10-06,UPAVASA_DAY_1,Indira Ekadashi,"Upavaasa: 06-Oct-26 | Parana: 07-Oct-26, 07:18 AM to 09:38 AM",Normal Ekadashi. **Observe Upavaasa today.** Ekadashi began before Arunodaya and no two-day exception applies.,"Indira Ekadashi. Normal Ekadashi. Observe Upavaasa today. Ekadashi began before Arunodaya and no two-day exception applies. Upavaasa: 06-Oct-26 | Parana: 07-Oct-26, 07:18 AM to 09:38 AM"
geoname:1269920,Hubli,Karnataka,India,Asia/Kolkata,1269920,Indira Ekadashi,Normal Ekadashi,NORMAL,2026-10-06,,2026-10-07,06:20 AM,08:43 AM,PRATAH,DWADASHI,06:15 AM,2026-10-06,COMPLETE,2026-10-06,UPAVASA_DAY_1,Indira Ekadashi,"Upavaasa: 06-Oct-26 | Parana: 07-Oct-26, 06:20 AM to 08:43 AM",Normal Ekadashi. **Observe Upavaasa today.** Ekadashi began before Arunodaya and no two-day exception applies.,"Indira Ekadashi. Normal Ekadashi. Observe Upavaasa today. Ekadashi began before Arunodaya and no two-day exception applies. Upavaasa: 06-Oct-26 | Parana: 07-Oct-26, 06:20 AM to 08:43 AM"
geoname:1269843,Hyderabad,Telangana,India,Asia/Kolkata,1269843,Indira Ekadashi,Normal Ekadashi,NORMAL,2026-10-06,,2026-10-07,06:15 AM,08:30 AM,PRATAH,DWADASHI,06:15 AM,2026-10-06,COMPLETE,2026-10-06,UPAVASA_DAY_1,Indira Ekadashi,"Upavaasa: 06-Oct-26 | Parana: 07-Oct-26, 06:15 AM to 08:30 AM",Normal Ekadashi. **Observe Upavaasa today.** Ekadashi began before Arunodaya and no two-day exception applies.,"Indira Ekadashi. Normal Ekadashi. Observe Upavaasa today. Ekadashi began before Arunodaya and no two-day exception applies. Upavaasa: 06-Oct-26 | Parana: 07-Oct-26, 06:15 AM to 08:30 AM"
geoname:1269771,Imphal,Manipur,India,Asia/Kolkata,1269771,Indira Ekadashi,Normal Ekadashi,NORMAL,2026-10-06,,2026-10-07,06:15 AM,07:29 AM,PRATAH,DWADASHI,06:15 AM,2026-10-06,COMPLETE,2026-10-06,UPAVASA_DAY_1,Indira Ekadashi,"Upavaasa: 06-Oct-26 | Parana: 07-Oct-26, 06:15 AM to 07:29 AM",Normal Ekadashi. **Observe Upavaasa today.** Ekadashi began before Arunodaya and no two-day exception applies.,"Indira Ekadashi. Normal Ekadashi. Observe Upavaasa today. Ekadashi began before Arunodaya and no two-day exception applies. Upavaasa: 06-Oct-26 | Parana: 07-Oct-26, 06:15 AM to 07:29 AM"
geoname:1269655,Itanagar,Arunachal Pradesh,India,Asia/Kolkata,1269655,Indira Ekadashi,Normal Ekadashi,NORMAL,2026-10-06,,2026-10-07,06:15 AM,07:32 AM,PRATAH,DWADASHI,06:15 AM,2026-10-06,COMPLETE,2026-10-06,UPAVASA_DAY_1,Indira Ekadashi,"Upavaasa: 06-Oct-26 | Parana: 07-Oct-26, 06:15 AM to 07:32 AM",Normal Ekadashi. **Observe Upavaasa today.** Ekadashi began before Arunodaya and no two-day exception applies.,"Indira Ekadashi. Normal Ekadashi. Observe Upavaasa today. Ekadashi began before Arunodaya and no two-day exception applies. Upavaasa: 06-Oct-26 | Parana: 07-Oct-26, 06:15 AM to 07:32 AM"
geoname:1268159,Kanchipuram,Tamil Nadu,India,Asia/Kolkata,1268159,Indira Ekadashi,Normal Ekadashi,NORMAL,2026-10-06,,2026-10-07,06:15 AM,08:24 AM,PRATAH,DWADASHI,06:15 AM,2026-10-06,COMPLETE,2026-10-06,UPAVASA_DAY_1,Indira Ekadashi,"Upavaasa: 06-Oct-26 | Parana: 07-Oct-26, 06:15 AM to 08:24 AM",Normal Ekadashi. **Observe Upavaasa today.** Ekadashi began before Arunodaya and no two-day exception applies.,"Indira Ekadashi. Normal Ekadashi. Observe Upavaasa today. Ekadashi began before Arunodaya and no two-day exception applies. Upavaasa: 06-Oct-26 | Parana: 07-Oct-26, 06:15 AM to 08:24 AM"
geoname:4634946,Knoxville,Tennessee,United States,America/New_York,4634946,Indira Ekadashi,Normal Ekadashi,NORMAL,2026-10-06,,2026-10-07,07:36 AM,09:55 AM,PRATAH,DWADASHI,08:45 PM,2026-10-06,COMPLETE,2026-10-06,UPAVASA_DAY_1,Indira Ekadashi,"Upavaasa: 06-Oct-26 | Parana: 07-Oct-26, 07:36 AM to 09:55 AM",Normal Ekadashi. **Observe Upavaasa today.** Ekadashi began before Arunodaya and no two-day exception applies.,"Indira Ekadashi. Normal Ekadashi. Observe Upavaasa today. Ekadashi began before Arunodaya and no two-day exception applies. Upavaasa: 06-Oct-26 | Parana: 07-Oct-26, 07:36 AM to 09:55 AM"
geoname:1266285,Kolhapur,Maharashtra,India,Asia/Kolkata,1266285,Indira Ekadashi,Normal Ekadashi,NORMAL,2026-10-06,,2026-10-07,06:24 AM,08:47 AM,PRATAH,DWADASHI,06:15 AM,2026-10-06,COMPLETE,2026-10-06,UPAVASA_DAY_1,Indira Ekadashi,"Upavaasa: 06-Oct-26 | Parana: 07-Oct-26, 06:24 AM to 08:47 AM",Normal Ekadashi. **Observe Upavaasa today.** Ekadashi began before Arunodaya and no two-day exception applies.,"Indira Ekadashi. Normal Ekadashi. Observe Upavaasa today. Ekadashi began before Arunodaya and no two-day exception applies. Upavaasa: 06-Oct-26 | Parana: 07-Oct-26, 06:24 AM to 08:47 AM"
geoname:1275004,Kolkata,West Bengal,India,Asia/Kolkata,1275004,Indira Ekadashi,Normal Ekadashi,NORMAL,2026-10-06,,2026-10-07,06:15 AM,07:52 AM,PRATAH,DWADASHI,06:15 AM,2026-10-06,COMPLETE,2026-10-06,UPAVASA_DAY_1,Indira Ekadashi,"Upavaasa: 06-Oct-26 | Parana: 07-Oct-26, 06:15 AM to 07:52 AM",Normal Ekadashi. **Observe Upavaasa today.** Ekadashi began before Arunodaya and no two-day exception applies.,"Indira Ekadashi. Normal Ekadashi. Observe Upavaasa today. Ekadashi began before Arunodaya and no two-day exception applies. Upavaasa: 06-Oct-26 | Parana: 07-Oct-26, 06:15 AM to 07:52 AM"
geoname:1265683,Kumbakonam,Tamil Nadu,India,Asia/Kolkata,1265683,Indira Ekadashi,Normal Ekadashi,NORMAL,2026-10-06,,2026-10-07,06:15 AM,08:25 AM,PRATAH,DWADASHI,06:15 AM,2026-10-06,COMPLETE,2026-10-06,UPAVASA_DAY_1,Indira Ekadashi,"Upavaasa: 06-Oct-26 | Parana: 07-Oct-26, 06:15 AM to 08:25 AM",Normal Ekadashi. **Observe Upavaasa today.** Ekadashi began before Arunodaya and no two-day exception applies.,"Indira Ekadashi. Normal Ekadashi. Observe Upavaasa today. Ekadashi began before Arunodaya and no two-day exception applies. Upavaasa: 06-Oct-26 | Parana: 07-Oct-26, 06:15 AM to 08:25 AM"
geoname:285787,Kuwait,Al Asimah,Kuwait,Asia/Kuwait,285787,Indira Ekadashi,Normal Ekadashi,NORMAL,2026-10-06,,2026-10-07,05:44 AM,08:05 AM,PRATAH,DWADASHI,03:45 AM,2026-10-06,COMPLETE,2026-10-06,UPAVASA_DAY_1,Indira Ekadashi,"Upavaasa: 06-Oct-26 | Parana: 07-Oct-26, 05:44 AM to 08:05 AM",Normal Ekadashi. **Observe Upavaasa today.** Ekadashi began before Arunodaya and no two-day exception applies.,"Indira Ekadashi. Normal Ekadashi. Observe Upavaasa today. Ekadashi began before Arunodaya and no two-day exception applies. Upavaasa: 06-Oct-26 | Parana: 07-Oct-26, 05:44 AM to 08:05 AM"
geoname:4922462,Lafayette,Indiana,United States,America/Indiana/Indianapolis,4922462,Indira Ekadashi,Normal Ekadashi,NORMAL,2026-10-06,,2026-10-07,07:50 AM,10:08 AM,PRATAH,DWADASHI,08:45 PM,2026-10-06,COMPLETE,2026-10-06,UPAVASA_DAY_1,Indira Ekadashi,"Upavaasa: 06-Oct-26 | Parana: 07-Oct-26, 07:50 AM to 10:08 AM",Normal Ekadashi. **Observe Upavaasa today.** Ekadashi began before Arunodaya and no two-day exception applies.,"Indira Ekadashi. Normal Ekadashi. Observe Upavaasa today. Ekadashi began before Arunodaya and no two-day exception applies. Upavaasa: 06-Oct-26 | Parana: 07-Oct-26, 07:50 AM to 10:08 AM"
geoname:2643743,London,London,United Kingdom,Europe/London,2643743,Indira Ekadashi,Normal Ekadashi,NORMAL,2026-10-06,,2026-10-07,07:11 AM,09:26 AM,PRATAH,DWADASHI,01:45 AM,2026-10-06,COMPLETE,2026-10-06,UPAVASA_DAY_1,Indira Ekadashi,"Upavaasa: 06-Oct-26 | Parana: 07-Oct-26, 07:11 AM to 09:26 AM",Normal Ekadashi. **Observe Upavaasa today.** Ekadashi began before Arunodaya and no two-day exception applies.,"Indira Ekadashi. Normal Ekadashi. Observe Upavaasa today. Ekadashi began before Arunodaya and no two-day exception applies. Upavaasa: 06-Oct-26 | Parana: 07-Oct-26, 07:11 AM to 09:26 AM"
geoname:5368361,Los Angeles,California,United States,America/Los_Angeles,5368361,Indira Ekadashi,Normal Ekadashi,NORMAL,2026-10-06,,2026-10-07,06:52 AM,09:11 AM,PRATAH,DWADASHI,05:45 PM,2026-10-06,COMPLETE,2026-10-06,UPAVASA_DAY_1,Indira Ekadashi,"Upavaasa: 06-Oct-26 | Parana: 07-Oct-26, 06:52 AM to 09:11 AM",Normal Ekadashi. **Observe Upavaasa today.** Ekadashi began before Arunodaya and no two-day exception applies.,"Indira Ekadashi. Normal Ekadashi. Observe Upavaasa today. Ekadashi began before Arunodaya and no two-day exception applies. Upavaasa: 06-Oct-26 | Parana: 07-Oct-26, 06:52 AM to 09:11 AM"
geoname:1264733,Lucknow,Uttar Pradesh,India,Asia/Kolkata,1264733,Indira Ekadashi,Normal Ekadashi,NORMAL,2026-10-06,,2026-10-07,06:15 AM,08:22 AM,PRATAH,DWADASHI,06:15 AM,2026-10-06,COMPLETE,2026-10-06,UPAVASA_DAY_1,Indira Ekadashi,"Upavaasa: 06-Oct-26 | Parana: 07-Oct-26, 06:15 AM to 08:22 AM",Normal Ekadashi. **Observe Upavaasa today.** Ekadashi began before Arunodaya and no two-day exception applies.,"Indira Ekadashi. Normal Ekadashi. Observe Upavaasa today. Ekadashi began before Arunodaya and no two-day exception applies. Upavaasa: 06-Oct-26 | Parana: 07-Oct-26, 06:15 AM to 08:22 AM"
geoname:1264521,Madurai,Tamil Nadu,India,Asia/Kolkata,1264521,Indira Ekadashi,Normal Ekadashi,NORMAL,2026-10-06,,2026-10-07,06:15 AM,08:30 AM,PRATAH,DWADASHI,06:15 AM,2026-10-06,COMPLETE,2026-10-06,UPAVASA_DAY_1,Indira Ekadashi,"Upavaasa: 06-Oct-26 | Parana: 07-Oct-26, 06:15 AM to 08:30 AM",Normal Ekadashi. **Observe Upavaasa today.** Ekadashi began before Arunodaya and no two-day exception applies.,"Indira Ekadashi. Normal Ekadashi. Observe Upavaasa today. Ekadashi began before Arunodaya and no two-day exception applies. Upavaasa: 06-Oct-26 | Parana: 07-Oct-26, 06:15 AM to 08:30 AM"
geoname:1263780,Mangalore,Karnataka,India,Asia/Kolkata,1263780,Indira Ekadashi,Normal Ekadashi,NORMAL,2026-10-06,,2026-10-07,06:20 AM,08:43 AM,PRATAH,DWADASHI,06:15 AM,2026-10-06,COMPLETE,2026-10-06,UPAVASA_DAY_1,Indira Ekadashi,"Upavaasa: 06-Oct-26 | Parana: 07-Oct-26, 06:20 AM to 08:43 AM",Normal Ekadashi. **Observe Upavaasa today.** Ekadashi began before Arunodaya and no two-day exception applies.,"Indira Ekadashi. Normal Ekadashi. Observe Upavaasa today. Ekadashi began before Arunodaya and no two-day exception applies. Upavaasa: 06-Oct-26 | Parana: 07-Oct-26, 06:20 AM to 08:43 AM"
geoname:1275339,Mumbai,Maharashtra,India,Asia/Kolkata,1275339,Indira Ekadashi,Normal Ekadashi,NORMAL,2026-10-06,,2026-10-07,06:30 AM,08:52 AM,PRATAH,DWADASHI,06:15 AM,2026-10-06,COMPLETE,2026-10-06,UPAVASA_DAY_1,Indira Ekadashi,"Upavaasa: 06-Oct-26 | Parana: 07-Oct-26, 06:30 AM to 08:52 AM",Normal Ekadashi. **Observe Upavaasa today.** Ekadashi began before Arunodaya and no two-day exception applies.,"Indira Ekadashi. Normal Ekadashi. Observe Upavaasa today. Ekadashi began before Arunodaya and no two-day exception applies. Upavaasa: 06-Oct-26 | Parana: 07-Oct-26, 06:30 AM to 08:52 AM"
geoname:1262321,Mysuru,Karnataka,India,Asia/Kolkata,1262321,Indira Ekadashi,Normal Ekadashi,NORMAL,2026-10-06,,2026-10-07,06:15 AM,08:36 AM,PRATAH,DWADASHI,06:15 AM,2026-10-06,COMPLETE,2026-10-06,UPAVASA_DAY_1,Indira Ekadashi,"Upavaasa: 06-Oct-26 | Parana: 07-Oct-26, 06:15 AM to 08:36 AM",Normal Ekadashi. **Observe Upavaasa today.** Ekadashi began before Arunodaya and no two-day exception applies.,"Indira Ekadashi. Normal Ekadashi. Observe Upavaasa today. Ekadashi began before Arunodaya and no two-day exception applies. Upavaasa: 06-Oct-26 | Parana: 07-Oct-26, 06:15 AM to 08:36 AM"
geoname:1262180,Nagpur,Maharashtra,India,Asia/Kolkata,1262180,Indira Ekadashi,Normal Ekadashi,NORMAL,2026-10-06,,2026-10-07,06:15 AM,08:28 AM,PRATAH,DWADASHI,06:15 AM,2026-10-06,COMPLETE,2026-10-06,UPAVASA_DAY_1,Indira Ekadashi,"Upavaasa: 06-Oct-26 | Parana: 07-Oct-26, 06:15 AM to 08:28 AM",Normal Ekadashi. **Observe Upavaasa today.** Ekadashi began before Arunodaya and no two-day exception applies.,"Indira Ekadashi. Normal Ekadashi. Observe Upavaasa today. Ekadashi began before Arunodaya and no two-day exception applies. Upavaasa: 06-Oct-26 | Parana: 07-Oct-26, 06:15 AM to 08:28 AM"
geoname:4644585,Nashville,Tennessee,United States,America/Chicago,4644585,Indira Ekadashi,Normal Ekadashi,NORMAL,2026-10-06,,2026-10-07,06:47 AM,09:06 AM,PRATAH,DWADASHI,07:45 PM,2026-10-06,COMPLETE,2026-10-06,UPAVASA_DAY_1,Indira Ekadashi,"Upavaasa: 06-Oct-26 | Parana: 07-Oct-26, 06:47 AM to 09:06 AM",Normal Ekadashi. **Observe Upavaasa today.** Ekadashi began before Arunodaya and no two-day exception applies.,"Indira Ekadashi. Normal Ekadashi. Observe Upavaasa today. Ekadashi began before Arunodaya and no two-day exception applies. Upavaasa: 06-Oct-26 | Parana: 07-Oct-26, 06:47 AM to 09:06 AM"
geoname:5099836,New Jersey,New Jersey,United States,America/New_York,5099836,Indira Ekadashi,Normal Ekadashi,NORMAL,2026-10-06,,2026-10-07,06:59 AM,09:17 AM,PRATAH,DWADASHI,08:45 PM,2026-10-06,COMPLETE,2026-10-06,UPAVASA_DAY_1,Indira Ekadashi,"Upavaasa: 06-Oct-26 | Parana: 07-Oct-26, 06:59 AM to 09:17 AM",Normal Ekadashi. **Observe Upavaasa today.** Ekadashi began before Arunodaya and no two-day exception applies.,"Indira Ekadashi. Normal Ekadashi. Observe Upavaasa today. Ekadashi began before Arunodaya and no two-day exception applies. Upavaasa: 06-Oct-26 | Parana: 07-Oct-26, 06:59 AM to 09:17 AM"
geoname:5128581,New York,New York,United States,America/New_York,5128581,Indira Ekadashi,Normal Ekadashi,NORMAL,2026-10-06,,2026-10-07,06:59 AM,09:17 AM,PRATAH,DWADASHI,08:45 PM,2026-10-06,COMPLETE,2026-10-06,UPAVASA_DAY_1,Indira Ekadashi,"Upavaasa: 06-Oct-26 | Parana: 07-Oct-26, 06:59 AM to 09:17 AM",Normal Ekadashi. **Observe Upavaasa today.** Ekadashi began before Arunodaya and no two-day exception applies.,"Indira Ekadashi. Normal Ekadashi. Observe Upavaasa today. Ekadashi began before Arunodaya and no two-day exception applies. Upavaasa: 06-Oct-26 | Parana: 07-Oct-26, 06:59 AM to 09:17 AM"
geoname:4167147,Orlando,Florida,United States,America/New_York,4167147,Indira Ekadashi,Normal Ekadashi,NORMAL,2026-10-06,,2026-10-07,07:22 AM,09:42 AM,PRATAH,DWADASHI,08:45 PM,2026-10-06,COMPLETE,2026-10-06,UPAVASA_DAY_1,Indira Ekadashi,"Upavaasa: 06-Oct-26 | Parana: 07-Oct-26, 07:22 AM to 09:42 AM",Normal Ekadashi. **Observe Upavaasa today.** Ekadashi began before Arunodaya and no two-day exception applies.,"Indira Ekadashi. Normal Ekadashi. Observe Upavaasa today. Ekadashi began before Arunodaya and no two-day exception applies. Upavaasa: 06-Oct-26 | Parana: 07-Oct-26, 07:22 AM to 09:42 AM"
geoname:1260546,Pandharpur,Maharashtra,India,Asia/Kolkata,1260546,Indira Ekadashi,Normal Ekadashi,NORMAL,2026-10-06,,2026-10-07,06:20 AM,08:43 AM,PRATAH,DWADASHI,06:15 AM,2026-10-06,COMPLETE,2026-10-06,UPAVASA_DAY_1,Indira Ekadashi,"Upavaasa: 06-Oct-26 | Parana: 07-Oct-26, 06:20 AM to 08:43 AM",Normal Ekadashi. **Observe Upavaasa today.** Ekadashi began before Arunodaya and no two-day exception applies.,"Indira Ekadashi. Normal Ekadashi. Observe Upavaasa today. Ekadashi began before Arunodaya and no two-day exception applies. Upavaasa: 06-Oct-26 | Parana: 07-Oct-26, 06:20 AM to 08:43 AM"
geoname:2063523,Perth,Western Australia,Australia,Australia/Perth,2063523,Indira Ekadashi,Dashami Viddha Ekadashi,DASHAMI_VIDDHA,2026-10-07,,2026-10-08,05:46 AM,08:17 AM,POST_DWADASHI_FAST_DWADASHI_OVER_BEFORE_SUNRISE,POST_DWADASHI_UPAVASA,08:45 AM,2026-10-06,COMPLETE,2026-10-06,VIDDHA_NO_FAST,Indira Ekadashi,"Upavaasa: 07-Oct-26 | Parana: 08-Oct-26, 05:46 AM to 08:17 AM",**Do not observe Upavaasa today.** Today's Ekadashi sunrise is Dashami Viddha because Ekadashi began during Arunodaya. No later valid Ekadashi sunrise occurs; observe Upavaasa on 07-Oct-26 on Dwadashi.,"Indira Ekadashi. Do not observe Upavaasa today. Today's Ekadashi sunrise is Dashami Viddha because Ekadashi began during Arunodaya. No later valid Ekadashi sunrise occurs; observe Upavaasa on 07-Oct-26 on Dwadashi. Upavaasa: 07-Oct-26 | Parana: 08-Oct-26, 05:46 AM to 08:17 AM"
geoname:4560349,Philadelphia,Pennsylvania,United States,America/New_York,4560349,Indira Ekadashi,Normal Ekadashi,NORMAL,2026-10-06,,2026-10-07,07:03 AM,09:21 AM,PRATAH,DWADASHI,08:45 PM,2026-10-06,COMPLETE,2026-10-06,UPAVASA_DAY_1,Indira Ekadashi,"Upavaasa: 06-Oct-26 | Parana: 07-Oct-26, 07:03 AM to 09:21 AM",Normal Ekadashi. **Observe Upavaasa today.** Ekadashi began before Arunodaya and no two-day exception applies.,"Indira Ekadashi. Normal Ekadashi. Observe Upavaasa today. Ekadashi began before Arunodaya and no two-day exception applies. Upavaasa: 06-Oct-26 | Parana: 07-Oct-26, 07:03 AM to 09:21 AM"
geoname:5308655,Phoenix,Arizona,United States,America/Phoenix,5308655,Indira Ekadashi,Normal Ekadashi,NORMAL,2026-10-06,,2026-10-07,06:27 AM,08:47 AM,PRATAH,DWADASHI,05:45 PM,2026-10-06,COMPLETE,2026-10-06,UPAVASA_DAY_1,Indira Ekadashi,"Upavaasa: 06-Oct-26 | Parana: 07-Oct-26, 06:27 AM to 08:47 AM",Normal Ekadashi. **Observe Upavaasa today.** Ekadashi began before Arunodaya and no two-day exception applies.,"Indira Ekadashi. Normal Ekadashi. Observe Upavaasa today. Ekadashi began before Arunodaya and no two-day exception applies. Upavaasa: 06-Oct-26 | Parana: 07-Oct-26, 06:27 AM to 08:47 AM"
geoname:5131614,Pittsford,New York,United States,America/New_York,5131614,Indira Ekadashi,Normal Ekadashi,NORMAL,2026-10-06,,2026-10-07,07:14 AM,09:31 AM,PRATAH,DWADASHI,08:45 PM,2026-10-06,COMPLETE,2026-10-06,UPAVASA_DAY_1,Indira Ekadashi,"Upavaasa: 06-Oct-26 | Parana: 07-Oct-26, 07:14 AM to 09:31 AM",Normal Ekadashi. **Observe Upavaasa today.** Ekadashi began before Arunodaya and no two-day exception applies.,"Indira Ekadashi. Normal Ekadashi. Observe Upavaasa today. Ekadashi began before Arunodaya and no two-day exception applies. Upavaasa: 06-Oct-26 | Parana: 07-Oct-26, 07:14 AM to 09:31 AM"
geoname:5383527,Placentia,California,United States,America/Los_Angeles,5383527,Indira Ekadashi,Normal Ekadashi,NORMAL,2026-10-06,,2026-10-07,06:51 AM,09:10 AM,PRATAH,DWADASHI,05:45 PM,2026-10-06,COMPLETE,2026-10-06,UPAVASA_DAY_1,Indira Ekadashi,"Upavaasa: 06-Oct-26 | Parana: 07-Oct-26, 06:51 AM to 09:10 AM",Normal Ekadashi. **Observe Upavaasa today.** Ekadashi began before Arunodaya and no two-day exception applies.,"Indira Ekadashi. Normal Ekadashi. Observe Upavaasa today. Ekadashi began before Arunodaya and no two-day exception applies. Upavaasa: 06-Oct-26 | Parana: 07-Oct-26, 06:51 AM to 09:10 AM"
geoname:1278994,Prayagraj,Uttar Pradesh,India,Asia/Kolkata,1278994,Indira Ekadashi,Normal Ekadashi,NORMAL,2026-10-06,,2026-10-07,06:15 AM,08:18 AM,PRATAH,DWADASHI,06:15 AM,2026-10-06,COMPLETE,2026-10-06,UPAVASA_DAY_1,Indira Ekadashi,"Upavaasa: 06-Oct-26 | Parana: 07-Oct-26, 06:15 AM to 08:18 AM",Normal Ekadashi. **Observe Upavaasa today.** Ekadashi began before Arunodaya and no two-day exception applies.,"Indira Ekadashi. Normal Ekadashi. Observe Upavaasa today. Ekadashi began before Arunodaya and no two-day exception applies. Upavaasa: 06-Oct-26 | Parana: 07-Oct-26, 06:15 AM to 08:18 AM"
geoname:1259229,Pune,Maharashtra,India,Asia/Kolkata,1259229,Indira Ekadashi,Normal Ekadashi,NORMAL,2026-10-06,,2026-10-07,06:26 AM,08:48 AM,PRATAH,DWADASHI,06:15 AM,2026-10-06,COMPLETE,2026-10-06,UPAVASA_DAY_1,Indira Ekadashi,"Upavaasa: 06-Oct-26 | Parana: 07-Oct-26, 06:26 AM to 08:48 AM",Normal Ekadashi. **Observe Upavaasa today.** Ekadashi began before Arunodaya and no two-day exception applies.,"Indira Ekadashi. Normal Ekadashi. Observe Upavaasa today. Ekadashi began before Arunodaya and no two-day exception applies. Upavaasa: 06-Oct-26 | Parana: 07-Oct-26, 06:26 AM to 08:48 AM"
geoname:4487042,Raleigh,North Carolina,United States,America/New_York,4487042,Indira Ekadashi,Normal Ekadashi,NORMAL,2026-10-06,,2026-10-07,07:15 AM,09:34 AM,PRATAH,DWADASHI,08:45 PM,2026-10-06,COMPLETE,2026-10-06,UPAVASA_DAY_1,Indira Ekadashi,"Upavaasa: 06-Oct-26 | Parana: 07-Oct-26, 07:15 AM to 09:34 AM",Normal Ekadashi. **Observe Upavaasa today.** Ekadashi began before Arunodaya and no two-day exception applies.,"Indira Ekadashi. Normal Ekadashi. Observe Upavaasa today. Ekadashi began before Arunodaya and no two-day exception applies. Upavaasa: 06-Oct-26 | Parana: 07-Oct-26, 07:15 AM to 09:34 AM"
geoname:4781708,Richmond,Virginia,United States,America/New_York,4781708,Indira Ekadashi,Normal Ekadashi,NORMAL,2026-10-06,,2026-10-07,07:11 AM,09:30 AM,PRATAH,DWADASHI,08:45 PM,2026-10-06,COMPLETE,2026-10-06,UPAVASA_DAY_1,Indira Ekadashi,"Upavaasa: 06-Oct-26 | Parana: 07-Oct-26, 07:11 AM to 09:30 AM",Normal Ekadashi. **Observe Upavaasa today.** Ekadashi began before Arunodaya and no two-day exception applies.,"Indira Ekadashi. Normal Ekadashi. Observe Upavaasa today. Ekadashi began before Arunodaya and no two-day exception applies. Upavaasa: 06-Oct-26 | Parana: 07-Oct-26, 07:11 AM to 09:30 AM"
geoname:5134086,Rochester,New York,United States,America/New_York,5134086,Indira Ekadashi,Normal Ekadashi,NORMAL,2026-10-06,,2026-10-07,07:15 AM,09:32 AM,PRATAH,DWADASHI,08:45 PM,2026-10-06,COMPLETE,2026-10-06,UPAVASA_DAY_1,Indira Ekadashi,"Upavaasa: 06-Oct-26 | Parana: 07-Oct-26, 07:15 AM to 09:32 AM",Normal Ekadashi. **Observe Upavaasa today.** Ekadashi began before Arunodaya and no two-day exception applies.,"Indira Ekadashi. Normal Ekadashi. Observe Upavaasa today. Ekadashi began before Arunodaya and no two-day exception applies. Upavaasa: 06-Oct-26 | Parana: 07-Oct-26, 07:15 AM to 09:32 AM"
geoname:5391959,San Francisco,California,United States,America/Los_Angeles,5391959,Indira Ekadashi,Normal Ekadashi,NORMAL,2026-10-06,,2026-10-07,07:11 AM,09:30 AM,PRATAH,DWADASHI,05:45 PM,2026-10-06,COMPLETE,2026-10-06,UPAVASA_DAY_1,Indira Ekadashi,"Upavaasa: 06-Oct-26 | Parana: 07-Oct-26, 07:11 AM to 09:30 AM",Normal Ekadashi. **Observe Upavaasa today.** Ekadashi began before Arunodaya and no two-day exception applies.,"Indira Ekadashi. Normal Ekadashi. Observe Upavaasa today. Ekadashi began before Arunodaya and no two-day exception applies. Upavaasa: 06-Oct-26 | Parana: 07-Oct-26, 07:11 AM to 09:30 AM"
geoname:5809844,Seattle,Washington,United States,America/Los_Angeles,5809844,Indira Ekadashi,Normal Ekadashi,NORMAL,2026-10-06,,2026-10-07,07:17 AM,09:33 AM,PRATAH,DWADASHI,05:45 PM,2026-10-06,COMPLETE,2026-10-06,UPAVASA_DAY_1,Indira Ekadashi,"Upavaasa: 06-Oct-26 | Parana: 07-Oct-26, 07:17 AM to 09:33 AM",Normal Ekadashi. **Observe Upavaasa today.** Ekadashi began before Arunodaya and no two-day exception applies.,"Indira Ekadashi. Normal Ekadashi. Observe Upavaasa today. Ekadashi began before Arunodaya and no two-day exception applies. Upavaasa: 06-Oct-26 | Parana: 07-Oct-26, 07:17 AM to 09:33 AM"
geoname:1835848,Seoul,Seoul,South Korea,Asia/Seoul,1835848,Indira Ekadashi,Dashami Viddha Ekadashi,DASHAMI_VIDDHA,2026-10-07,,2026-10-08,06:33 AM,08:51 AM,POST_DWADASHI_FAST_DWADASHI_OVER_BEFORE_SUNRISE,POST_DWADASHI_UPAVASA,09:45 AM,2026-10-06,COMPLETE,2026-10-06,VIDDHA_NO_FAST,Indira Ekadashi,"Upavaasa: 07-Oct-26 | Parana: 08-Oct-26, 06:33 AM to 08:51 AM",**Do not observe Upavaasa today.** Today's Ekadashi sunrise is Dashami Viddha because Ekadashi began during Arunodaya. No later valid Ekadashi sunrise occurs; observe Upavaasa on 07-Oct-26 on Dwadashi.,"Indira Ekadashi. Do not observe Upavaasa today. Today's Ekadashi sunrise is Dashami Viddha because Ekadashi began during Arunodaya. No later valid Ekadashi sunrise occurs; observe Upavaasa on 07-Oct-26 on Dwadashi. Upavaasa: 07-Oct-26 | Parana: 08-Oct-26, 06:33 AM to 08:51 AM"
geoname:1256525,Shiliguri,West Bengal,India,Asia/Kolkata,1256525,Indira Ekadashi,Normal Ekadashi,NORMAL,2026-10-06,,2026-10-07,06:15 AM,07:52 AM,PRATAH,DWADASHI,06:15 AM,2026-10-06,COMPLETE,2026-10-06,UPAVASA_DAY_1,Indira Ekadashi,"Upavaasa: 06-Oct-26 | Parana: 07-Oct-26, 06:15 AM to 07:52 AM",Normal Ekadashi. **Observe Upavaasa today.** Ekadashi began before Arunodaya and no two-day exception applies.,"Indira Ekadashi. Normal Ekadashi. Observe Upavaasa today. Ekadashi began before Arunodaya and no two-day exception applies. Upavaasa: 06-Oct-26 | Parana: 07-Oct-26, 06:15 AM to 07:52 AM"
geoname:1256287,Silchar,Assam,India,Asia/Kolkata,1256287,Indira Ekadashi,Normal Ekadashi,NORMAL,2026-10-06,,2026-10-07,06:15 AM,07:34 AM,PRATAH,DWADASHI,06:15 AM,2026-10-06,COMPLETE,2026-10-06,UPAVASA_DAY_1,Indira Ekadashi,"Upavaasa: 06-Oct-26 | Parana: 07-Oct-26, 06:15 AM to 07:34 AM",Normal Ekadashi. **Observe Upavaasa today.** Ekadashi began before Arunodaya and no two-day exception applies.,"Indira Ekadashi. Normal Ekadashi. Observe Upavaasa today. Ekadashi began before Arunodaya and no two-day exception applies. Upavaasa: 06-Oct-26 | Parana: 07-Oct-26, 06:15 AM to 07:34 AM"
geoname:1255634,Srinagar,Jammu and Kashmir,India,Asia/Kolkata,1255634,Indira Ekadashi,Normal Ekadashi,NORMAL,2026-10-06,,2026-10-07,06:29 AM,08:49 AM,PRATAH,DWADASHI,06:15 AM,2026-10-06,COMPLETE,2026-10-06,UPAVASA_DAY_1,Indira Ekadashi,"Upavaasa: 06-Oct-26 | Parana: 07-Oct-26, 06:29 AM to 08:49 AM",Normal Ekadashi. **Observe Upavaasa today.** Ekadashi began before Arunodaya and no two-day exception applies.,"Indira Ekadashi. Normal Ekadashi. Observe Upavaasa today. Ekadashi began before Arunodaya and no two-day exception applies. Upavaasa: 06-Oct-26 | Parana: 07-Oct-26, 06:29 AM to 08:49 AM"
geoname:1254388,Srirangam,Tamil Nadu,India,Asia/Kolkata,1254388,Indira Ekadashi,Normal Ekadashi,NORMAL,2026-10-06,,2026-10-07,06:15 AM,08:28 AM,PRATAH,DWADASHI,06:15 AM,2026-10-06,COMPLETE,2026-10-06,UPAVASA_DAY_1,Indira Ekadashi,"Upavaasa: 06-Oct-26 | Parana: 07-Oct-26, 06:15 AM to 08:28 AM",Normal Ekadashi. **Observe Upavaasa today.** Ekadashi began before Arunodaya and no two-day exception applies.,"Indira Ekadashi. Normal Ekadashi. Observe Upavaasa today. Ekadashi began before Arunodaya and no two-day exception applies. Upavaasa: 06-Oct-26 | Parana: 07-Oct-26, 06:15 AM to 08:28 AM"
geoname:5139865,Stonybrook,New York,United States,America/New_York,5139865,Indira Ekadashi,Normal Ekadashi,NORMAL,2026-10-06,,2026-10-07,06:56 AM,09:14 AM,PRATAH,DWADASHI,08:45 PM,2026-10-06,COMPLETE,2026-10-06,UPAVASA_DAY_1,Indira Ekadashi,"Upavaasa: 06-Oct-26 | Parana: 07-Oct-26, 06:56 AM to 09:14 AM",Normal Ekadashi. **Observe Upavaasa today.** Ekadashi began before Arunodaya and no two-day exception applies.,"Indira Ekadashi. Normal Ekadashi. Observe Upavaasa today. Ekadashi began before Arunodaya and no two-day exception applies. Upavaasa: 06-Oct-26 | Parana: 07-Oct-26, 06:56 AM to 09:14 AM"
geoname:1255364,Surat,Gujarat,India,Asia/Kolkata,1255364,Indira Ekadashi,Normal Ekadashi,NORMAL,2026-10-06,,2026-10-07,06:31 AM,08:53 AM,PRATAH,DWADASHI,06:15 AM,2026-10-06,COMPLETE,2026-10-06,UPAVASA_DAY_1,Indira Ekadashi,"Upavaasa: 06-Oct-26 | Parana: 07-Oct-26, 06:31 AM to 08:53 AM",Normal Ekadashi. **Observe Upavaasa today.** Ekadashi began before Arunodaya and no two-day exception applies.,"Indira Ekadashi. Normal Ekadashi. Observe Upavaasa today. Ekadashi began before Arunodaya and no two-day exception applies. Upavaasa: 06-Oct-26 | Parana: 07-Oct-26, 06:31 AM to 08:53 AM"
geoname:5140405,Syracuse,New York,United States,America/New_York,5140405,Indira Ekadashi,Normal Ekadashi,NORMAL,2026-10-06,,2026-10-07,07:09 AM,09:26 AM,PRATAH,DWADASHI,08:45 PM,2026-10-06,COMPLETE,2026-10-06,UPAVASA_DAY_1,Indira Ekadashi,"Upavaasa: 06-Oct-26 | Parana: 07-Oct-26, 07:09 AM to 09:26 AM",Normal Ekadashi. **Observe Upavaasa today.** Ekadashi began before Arunodaya and no two-day exception applies.,"Indira Ekadashi. Normal Ekadashi. Observe Upavaasa today. Ekadashi began before Arunodaya and no two-day exception applies. Upavaasa: 06-Oct-26 | Parana: 07-Oct-26, 07:09 AM to 09:26 AM"
geoname:1262321,T Narasipura,Karnataka,India,Asia/Kolkata,1262321,Indira Ekadashi,Normal Ekadashi,NORMAL,2026-10-06,,2026-10-07,06:15 AM,08:36 AM,PRATAH,DWADASHI,06:15 AM,2026-10-06,COMPLETE,2026-10-06,UPAVASA_DAY_1,Indira Ekadashi,"Upavaasa: 06-Oct-26 | Parana: 07-Oct-26, 06:15 AM to 08:36 AM",Normal Ekadashi. **Observe Upavaasa today.** Ekadashi began before Arunodaya and no two-day exception applies.,"Indira Ekadashi. Normal Ekadashi. Observe Upavaasa today. Ekadashi began before Arunodaya and no two-day exception applies. Upavaasa: 06-Oct-26 | Parana: 07-Oct-26, 06:15 AM to 08:36 AM"
geoname:4174757,Tampa,Florida,United States,America/New_York,4174757,Indira Ekadashi,Normal Ekadashi,NORMAL,2026-10-06,,2026-10-07,07:26 AM,09:47 AM,PRATAH,DWADASHI,08:45 PM,2026-10-06,COMPLETE,2026-10-06,UPAVASA_DAY_1,Indira Ekadashi,"Upavaasa: 06-Oct-26 | Parana: 07-Oct-26, 07:26 AM to 09:47 AM",Normal Ekadashi. **Observe Upavaasa today.** Ekadashi began before Arunodaya and no two-day exception applies.,"Indira Ekadashi. Normal Ekadashi. Observe Upavaasa today. Ekadashi began before Arunodaya and no two-day exception applies. Upavaasa: 06-Oct-26 | Parana: 07-Oct-26, 07:26 AM to 09:47 AM"
geoname:1254163,Thiruvananthapuram,Kerala,India,Asia/Kolkata,1254163,Indira Ekadashi,Normal Ekadashi,NORMAL,2026-10-06,,2026-10-07,06:15 AM,08:34 AM,PRATAH,DWADASHI,06:15 AM,2026-10-06,COMPLETE,2026-10-06,UPAVASA_DAY_1,Indira Ekadashi,"Upavaasa: 06-Oct-26 | Parana: 07-Oct-26, 06:15 AM to 08:34 AM",Normal Ekadashi. **Observe Upavaasa today.** Ekadashi began before Arunodaya and no two-day exception applies.,"Indira Ekadashi. Normal Ekadashi. Observe Upavaasa today. Ekadashi began before Arunodaya and no two-day exception applies. Upavaasa: 06-Oct-26 | Parana: 07-Oct-26, 06:15 AM to 08:34 AM"
geoname:1254360,Tirupati,Andhra Pradesh,India,Asia/Kolkata,1254360,Indira Ekadashi,Normal Ekadashi,NORMAL,2026-10-06,,2026-10-07,06:15 AM,08:25 AM,PRATAH,DWADASHI,06:15 AM,2026-10-06,COMPLETE,2026-10-06,UPAVASA_DAY_1,Indira Ekadashi,"Upavaasa: 06-Oct-26 | Parana: 07-Oct-26, 06:15 AM to 08:25 AM",Normal Ekadashi. **Observe Upavaasa today.** Ekadashi began before Arunodaya and no two-day exception applies.,"Indira Ekadashi. Normal Ekadashi. Observe Upavaasa today. Ekadashi began before Arunodaya and no two-day exception applies. Upavaasa: 06-Oct-26 | Parana: 07-Oct-26, 06:15 AM to 08:25 AM"
geoname:1253952,Udupi,Karnataka,India,Asia/Kolkata,1253952,Indira Ekadashi,Normal Ekadashi,NORMAL,2026-10-06,,2026-10-07,06:21 AM,08:44 AM,PRATAH,DWADASHI,06:15 AM,2026-10-06,COMPLETE,2026-10-06,UPAVASA_DAY_1,Indira Ekadashi,"Upavaasa: 06-Oct-26 | Parana: 07-Oct-26, 06:21 AM to 08:44 AM",Normal Ekadashi. **Observe Upavaasa today.** Ekadashi began before Arunodaya and no two-day exception applies.,"Indira Ekadashi. Normal Ekadashi. Observe Upavaasa today. Ekadashi began before Arunodaya and no two-day exception applies. Upavaasa: 06-Oct-26 | Parana: 07-Oct-26, 06:21 AM to 08:44 AM"
geoname:1253573,Vadodara,Gujarat,India,Asia/Kolkata,1253573,Indira Ekadashi,Normal Ekadashi,NORMAL,2026-10-06,,2026-10-07,06:30 AM,08:52 AM,PRATAH,DWADASHI,06:15 AM,2026-10-06,COMPLETE,2026-10-06,UPAVASA_DAY_1,Indira Ekadashi,"Upavaasa: 06-Oct-26 | Parana: 07-Oct-26, 06:30 AM to 08:52 AM",Normal Ekadashi. **Observe Upavaasa today.** Ekadashi began before Arunodaya and no two-day exception applies.,"Indira Ekadashi. Normal Ekadashi. Observe Upavaasa today. Ekadashi began before Arunodaya and no two-day exception applies. Upavaasa: 06-Oct-26 | Parana: 07-Oct-26, 06:30 AM to 08:52 AM"
geoname:6173331,Vancouver,British Columbia,Canada,America/Los_Angeles,6173331,Indira Ekadashi,Normal Ekadashi,NORMAL,2026-10-06,,2026-10-07,07:22 AM,09:37 AM,PRATAH,DWADASHI,05:45 PM,2026-10-06,COMPLETE,2026-10-06,UPAVASA_DAY_1,Indira Ekadashi,"Upavaasa: 06-Oct-26 | Parana: 07-Oct-26, 07:22 AM to 09:37 AM",Normal Ekadashi. **Observe Upavaasa today.** Ekadashi began before Arunodaya and no two-day exception applies.,"Indira Ekadashi. Normal Ekadashi. Observe Upavaasa today. Ekadashi began before Arunodaya and no two-day exception applies. Upavaasa: 06-Oct-26 | Parana: 07-Oct-26, 07:22 AM to 09:37 AM"
geoname:1253405,Varanasi,Uttar Pradesh,India,Asia/Kolkata,1253405,Indira Ekadashi,Normal Ekadashi,NORMAL,2026-10-06,,2026-10-07,06:15 AM,08:13 AM,PRATAH,DWADASHI,06:15 AM,2026-10-06,COMPLETE,2026-10-06,UPAVASA_DAY_1,Indira Ekadashi,"Upavaasa: 06-Oct-26 | Parana: 07-Oct-26, 06:15 AM to 08:13 AM",Normal Ekadashi. **Observe Upavaasa today.** Ekadashi began before Arunodaya and no two-day exception applies.,"Indira Ekadashi. Normal Ekadashi. Observe Upavaasa today. Ekadashi began before Arunodaya and no two-day exception applies. Upavaasa: 06-Oct-26 | Parana: 07-Oct-26, 06:15 AM to 08:13 AM"
geoname:1253102,Visakhapatnam,Andra Pradesh,India,Asia/Kolkata,1253102,Indira Ekadashi,Normal Ekadashi,NORMAL,2026-10-06,,2026-10-07,06:15 AM,08:11 AM,PRATAH,DWADASHI,06:15 AM,2026-10-06,COMPLETE,2026-10-06,UPAVASA_DAY_1,Indira Ekadashi,"Upavaasa: 06-Oct-26 | Parana: 07-Oct-26, 06:15 AM to 08:11 AM",Normal Ekadashi. **Observe Upavaasa today.** Ekadashi began before Arunodaya and no two-day exception applies.,"Indira Ekadashi. Normal Ekadashi. Observe Upavaasa today. Ekadashi began before Arunodaya and no two-day exception applies. Upavaasa: 06-Oct-26 | Parana: 07-Oct-26, 06:15 AM to 08:11 AM"
geoname:6182962,Windsor,Ontario,Canada,America/New_York,6182962,Indira Ekadashi,Normal Ekadashi,NORMAL,2026-10-06,,2026-10-07,07:36 AM,09:53 AM,PRATAH,DWADASHI,08:45 PM,2026-10-06,COMPLETE,2026-10-06,UPAVASA_DAY_1,Indira Ekadashi,"Upavaasa: 06-Oct-26 | Parana: 07-Oct-26, 07:36 AM to 09:53 AM",Normal Ekadashi. **Observe Upavaasa today.** Ekadashi began before Arunodaya and no two-day exception applies.,"Indira Ekadashi. Normal Ekadashi. Observe Upavaasa today. Ekadashi began before Arunodaya and no two-day exception applies. Upavaasa: 06-Oct-26 | Parana: 07-Oct-26, 07:36 AM to 09:53 AM"
geoname:2657896,Zurich,Zurich,Switzerland,Europe/Zurich,2657896,Indira Ekadashi,Normal Ekadashi,NORMAL,2026-10-06,,2026-10-07,07:33 AM,09:49 AM,PRATAH,DWADASHI,02:45 AM,2026-10-06,COMPLETE,2026-10-06,UPAVASA_DAY_1,Indira Ekadashi,"Upavaasa: 06-Oct-26 | Parana: 07-Oct-26, 07:33 AM to 09:49 AM",Normal Ekadashi. **Observe Upavaasa today.** Ekadashi began before Arunodaya and no two-day exception applies.,"Indira Ekadashi. Normal Ekadashi. Observe Upavaasa today. Ekadashi began before Arunodaya and no two-day exception applies. Upavaasa: 06-Oct-26 | Parana: 07-Oct-26, 07:33 AM to 09:49 AM"
geoname:2078025,Adelaide,South Australia,Australia,Australia/Adelaide,2078025,Indira Ekadashi,Missing Ekadashi,MISSING_EKADASHI,2026-10-07,,2026-10-08,06:43 AM,09:15 AM,POST_DWADASHI_FAST_DWADASHI_OVER_BEFORE_SUNRISE,POST_DWADASHI_UPAVASA,11:15 AM,2026-10-06,COMPLETE,2026-10-07,UPAVASA_DAY_1,Indira Ekadashi,"Upavaasa: 07-Oct-26 | Parana: 08-Oct-26, 06:43 AM to 09:15 AM","Ekadashi occurred completely between two consecutive sunrises, so there was no Ekadashi sunrise. **Observe Upavaasa today on Dwadashi.**","Indira Ekadashi. Ekadashi occurred completely between two consecutive sunrises, so there was no Ekadashi sunrise. Observe Upavaasa today on Dwadashi. Upavaasa: 07-Oct-26 | Parana: 08-Oct-26, 06:43 AM to 09:15 AM"
geoname:1279290,Agartala,Tripura,India,Asia/Kolkata,1279290,Indira Ekadashi,Normal Ekadashi,NORMAL,2026-10-06,,2026-10-07,06:15 AM,07:40 AM,PRATAH,DWADASHI,06:15 AM,2026-10-06,COMPLETE,2026-10-07,PARANA,Indira Ekadashi,Upavaasa: 06-Oct-26 | Parana today: 06:15 AM to 07:40 AM,**Perform Parana today** between 06:15 AM and 07:40 AM. Upavaasa was observed on 06-Oct-26.,Indira Ekadashi. Perform Parana today between 06:15 AM and 07:40 AM. Upavaasa was observed on 06-Oct-26. Upavaasa: 06-Oct-26 | Parana today: 06:15 AM to 07:40 AM
geoname:1279186,Aizawl,Mizoram,India,Asia/Kolkata,1279186,Indira Ekadashi,Normal Ekadashi,NORMAL,2026-10-06,,2026-10-07,06:15 AM,07:35 AM,PRATAH,DWADASHI,06:15 AM,2026-10-06,COMPLETE,2026-10-07,PARANA,Indira Ekadashi,Upavaasa: 06-Oct-26 | Parana today: 06:15 AM to 07:35 AM,**Perform Parana today** between 06:15 AM and 07:35 AM. Upavaasa was observed on 06-Oct-26.,Indira Ekadashi. Perform Parana today between 06:15 AM and 07:35 AM. Upavaasa was observed on 06-Oct-26. Upavaasa: 06-Oct-26 | Parana today: 06:15 AM to 07:35 AM
geoname:4180439,Atlanta,Georgia,United States,America/New_York,4180439,Indira Ekadashi,Normal Ekadashi,NORMAL,2026-10-06,,2026-10-07,07:36 AM,09:56 AM,PRATAH,DWADASHI,08:45 PM,2026-10-06,COMPLETE,2026-10-07,PARANA,Indira Ekadashi,Upavaasa: 06-Oct-26 | Parana today: 07:36 AM to 09:56 AM,**Perform Parana today** between 07:36 AM and 09:56 AM. Upavaasa was observed on 06-Oct-26.,Indira Ekadashi. Perform Parana today between 07:36 AM and 09:56 AM. Upavaasa was observed on 06-Oct-26. Upavaasa: 06-Oct-26 | Parana today: 07:36 AM to 09:56 AM
geoname:2193733,Auckland,Auckland,New Zealand,Pacific/Auckland,2193733,Indira Ekadashi,Normal Ekadashi,NORMAL,2026-10-07,,2026-10-08,06:47 AM,09:20 AM,DWADASHI_OVER_BEFORE_SUNRISE,DWADASHI,01:45 PM,2026-10-06,COMPLETE,2026-10-07,UPAVASA_DAY_1,Indira Ekadashi,"Upavaasa: 07-Oct-26 | Parana: 08-Oct-26, 06:47 AM to 09:20 AM",Normal Ekadashi. **Observe Upavaasa today.** Ekadashi began before Arunodaya and no two-day exception applies.,"Indira Ekadashi. Normal Ekadashi. Observe Upavaasa today. Ekadashi began before Arunodaya and no two-day exception applies. Upavaasa: 07-Oct-26 | Parana: 08-Oct-26, 06:47 AM to 09:20 AM"
geoname:1278094,Ayodhya,Uttar Pradesh,India,Asia/Kolkata,1278094,Indira Ekadashi,Normal Ekadashi,NORMAL,2026-10-06,,2026-10-07,06:15 AM,08:17 AM,PRATAH,DWADASHI,06:15 AM,2026-10-06,COMPLETE,2026-10-07,PARANA,Indira Ekadashi,Upavaasa: 06-Oct-26 | Parana today: 06:15 AM to 08:17 AM,**Perform Parana today** between 06:15 AM and 08:17 AM. Upavaasa was observed on 06-Oct-26.,Indira Ekadashi. Perform Parana today between 06:15 AM and 08:17 AM. Upavaasa was observed on 06-Oct-26. Upavaasa: 06-Oct-26 | Parana today: 06:15 AM to 08:17 AM
geoname:4347778,Baltimore,Maryland,United States,America/New_York,4347778,Indira Ekadashi,Normal Ekadashi,NORMAL,2026-10-06,,2026-10-07,07:08 AM,09:26 AM,PRATAH,DWADASHI,08:45 PM,2026-10-06,COMPLETE,2026-10-07,PARANA,Indira Ekadashi,Upavaasa: 06-Oct-26 | Parana today: 07:08 AM to 09:26 AM,**Perform Parana today** between 07:08 AM and 09:26 AM. Upavaasa was observed on 06-Oct-26.,Indira Ekadashi. Perform Parana today between 07:08 AM and 09:26 AM. Upavaasa was observed on 06-Oct-26. Upavaasa: 06-Oct-26 | Parana today: 07:08 AM to 09:26 AM
geoname:5108728,Belfast,New York,United States,America/New_York,5108728,Indira Ekadashi,Normal Ekadashi,NORMAL,2026-10-06,,2026-10-07,07:16 AM,09:33 AM,PRATAH,DWADASHI,08:45 PM,2026-10-06,COMPLETE,2026-10-07,PARANA,Indira Ekadashi,Upavaasa: 06-Oct-26 | Parana today: 07:16 AM to 09:33 AM,**Perform Parana today** between 07:16 AM and 09:33 AM. Upavaasa was observed on 06-Oct-26.,Indira Ekadashi. Perform Parana today between 07:16 AM and 09:33 AM. Upavaasa was observed on 06-Oct-26. Upavaasa: 06-Oct-26 | Parana today: 07:16 AM to 09:33 AM
geoname:1276533,Belgaum,Karnataka,India,Asia/Kolkata,1276533,Indira Ekadashi,Normal Ekadashi,NORMAL,2026-10-06,,2026-10-07,06:23 AM,08:46 AM,PRATAH,DWADASHI,06:15 AM,2026-10-06,COMPLETE,2026-10-07,PARANA,Indira Ekadashi,Upavaasa: 06-Oct-26 | Parana today: 06:23 AM to 08:46 AM,**Perform Parana today** between 06:23 AM and 08:46 AM. Upavaasa was observed on 06-Oct-26.,Indira Ekadashi. Perform Parana today between 06:23 AM and 08:46 AM. Upavaasa was observed on 06-Oct-26. Upavaasa: 06-Oct-26 | Parana today: 06:23 AM to 08:46 AM
geoname:1277333,Bengaluru,Karnataka,India,Asia/Kolkata,1277333,Indira Ekadashi,Normal Ekadashi,NORMAL,2026-10-06,,2026-10-07,06:15 AM,08:32 AM,PRATAH,DWADASHI,06:15 AM,2026-10-06,COMPLETE,2026-10-07,PARANA,Indira Ekadashi,Upavaasa: 06-Oct-26 | Parana today: 06:15 AM to 08:32 AM,**Perform Parana today** between 06:15 AM and 08:32 AM. Upavaasa was observed on 06-Oct-26.,Indira Ekadashi. Perform Parana today between 06:15 AM and 08:32 AM. Upavaasa was observed on 06-Oct-26. Upavaasa: 06-Oct-26 | Parana today: 06:15 AM to 08:32 AM
geoname:1275841,Bhopal,Madhya Pradesh,India,Asia/Kolkata,1275841,Indira Ekadashi,Normal Ekadashi,NORMAL,2026-10-06,,2026-10-07,06:15 AM,08:36 AM,PRATAH,DWADASHI,06:15 AM,2026-10-06,COMPLETE,2026-10-07,PARANA,Indira Ekadashi,Upavaasa: 06-Oct-26 | Parana today: 06:15 AM to 08:36 AM,**Perform Parana today** between 06:15 AM and 08:36 AM. Upavaasa was observed on 06-Oct-26.,Indira Ekadashi. Perform Parana today between 06:15 AM and 08:36 AM. Upavaasa was observed on 06-Oct-26. Upavaasa: 06-Oct-26 | Parana today: 06:15 AM to 08:36 AM
geoname:1275817,Bhubaneswar,Odisha,India,Asia/Kolkata,1275817,Indira Ekadashi,Normal Ekadashi,NORMAL,2026-10-06,,2026-10-07,06:15 AM,08:01 AM,PRATAH,DWADASHI,06:15 AM,2026-10-06,COMPLETE,2026-10-07,PARANA,Indira Ekadashi,Upavaasa: 06-Oct-26 | Parana today: 06:15 AM to 08:01 AM,**Perform Parana today** between 06:15 AM and 08:01 AM. Upavaasa was observed on 06-Oct-26.,Indira Ekadashi. Perform Parana today between 06:15 AM and 08:01 AM. Upavaasa was observed on 06-Oct-26. Upavaasa: 06-Oct-26 | Parana today: 06:15 AM to 08:01 AM
geoname:2174003,Brisbane,Queensland,Australia,Australia/Brisbane,2174003,Indira Ekadashi,Missing Ekadashi,MISSING_EKADASHI,2026-10-07,,2026-10-08,05:20 AM,07:50 AM,POST_DWADASHI_FAST_DWADASHI_OVER_BEFORE_SUNRISE,POST_DWADASHI_UPAVASA,10:45 AM,2026-10-06,COMPLETE,2026-10-07,UPAVASA_DAY_1,Indira Ekadashi,"Upavaasa: 07-Oct-26 | Parana: 08-Oct-26, 05:20 AM to 07:50 AM","Ekadashi occurred completely between two consecutive sunrises, so there was no Ekadashi sunrise. **Observe Upavaasa today on Dwadashi.**","Indira Ekadashi. Ekadashi occurred completely between two consecutive sunrises, so there was no Ekadashi sunrise. Observe Upavaasa today on Dwadashi. Upavaasa: 07-Oct-26 | Parana: 08-Oct-26, 05:20 AM to 07:50 AM"
geoname:5110629,Buffalo,New York,United States,America/New_York,5110629,Indira Ekadashi,Normal Ekadashi,NORMAL,2026-10-06,,2026-10-07,07:20 AM,09:37 AM,PRATAH,DWADASHI,08:45 PM,2026-10-06,COMPLETE,2026-10-07,PARANA,Indira Ekadashi,Upavaasa: 06-Oct-26 | Parana today: 07:20 AM to 09:37 AM,**Perform Parana today** between 07:20 AM and 09:37 AM. Upavaasa was observed on 06-Oct-26.,Indira Ekadashi. Perform Parana today between 07:20 AM and 09:37 AM. Upavaasa was observed on 06-Oct-26. Upavaasa: 06-Oct-26 | Parana today: 07:20 AM to 09:37 AM
geoname:2172517,Canberra,Australian Capital Territory,Australia,Australia/Sydney,2172517,Indira Ekadashi,Missing Ekadashi,MISSING_EKADASHI,2026-10-07,,2026-10-08,06:31 AM,09:03 AM,POST_DWADASHI_FAST_DWADASHI_OVER_BEFORE_SUNRISE,POST_DWADASHI_UPAVASA,11:45 AM,2026-10-06,COMPLETE,2026-10-07,UPAVASA_DAY_1,Indira Ekadashi,"Upavaasa: 07-Oct-26 | Parana: 08-Oct-26, 06:31 AM to 09:03 AM","Ekadashi occurred completely between two consecutive sunrises, so there was no Ekadashi sunrise. **Observe Upavaasa today on Dwadashi.**","Indira Ekadashi. Ekadashi occurred completely between two consecutive sunrises, so there was no Ekadashi sunrise. Observe Upavaasa today on Dwadashi. Upavaasa: 07-Oct-26 | Parana: 08-Oct-26, 06:31 AM to 09:03 AM"
geoname:4460243,Charlotte,North Carolina,United States,America/New_York,4460243,Indira Ekadashi,Normal Ekadashi,NORMAL,2026-10-06,,2026-10-07,07:23 AM,09:42 AM,PRATAH,DWADASHI,08:45 PM,2026-10-06,COMPLETE,2026-10-07,PARANA,Indira Ekadashi,Upavaasa: 06-Oct-26 | Parana today: 07:23 AM to 09:42 AM,**Perform Parana today** between 07:23 AM and 09:42 AM. Upavaasa was observed on 06-Oct-26.,Indira Ekadashi. Perform Parana today between 07:23 AM and 09:42 AM. Upavaasa was observed on 06-Oct-26. Upavaasa: 06-Oct-26 | Parana today: 07:23 AM to 09:42 AM
geoname:1264527,Chennai,Tamil Nadu,India,Asia/Kolkata,1264527,Indira Ekadashi,Normal Ekadashi,NORMAL,2026-10-06,,2026-10-07,06:15 AM,08:21 AM,PRATAH,DWADASHI,06:15 AM,2026-10-06,COMPLETE,2026-10-07,PARANA,Indira Ekadashi,Upavaasa: 06-Oct-26 | Parana today: 06:15 AM to 08:21 AM,**Perform Parana today** between 06:15 AM and 08:21 AM. Upavaasa was observed on 06-Oct-26.,Indira Ekadashi. Perform Parana today between 06:15 AM and 08:21 AM. Upavaasa was observed on 06-Oct-26. Upavaasa: 06-Oct-26 | Parana today: 06:15 AM to 08:21 AM
geoname:4887398,Chicago,Illinois,United States,America/Chicago,4887398,Indira Ekadashi,Normal Ekadashi,NORMAL,2026-10-06,,2026-10-07,06:54 AM,09:12 AM,PRATAH,DWADASHI,07:45 PM,2026-10-06,COMPLETE,2026-10-07,PARANA,Indira Ekadashi,Upavaasa: 06-Oct-26 | Parana today: 06:54 AM to 09:12 AM,**Perform Parana today** between 06:54 AM and 09:12 AM. Upavaasa was observed on 06-Oct-26.,Indira Ekadashi. Perform Parana today between 06:54 AM and 09:12 AM. Upavaasa was observed on 06-Oct-26. Upavaasa: 06-Oct-26 | Parana today: 06:54 AM to 09:12 AM
geoname:1274256,Chidambaram,Tamil Nadu,India,Asia/Kolkata,1274256,Indira Ekadashi,Normal Ekadashi,NORMAL,2026-10-06,,2026-10-07,06:15 AM,08:24 AM,PRATAH,DWADASHI,06:15 AM,2026-10-06,COMPLETE,2026-10-07,PARANA,Indira Ekadashi,Upavaasa: 06-Oct-26 | Parana today: 06:15 AM to 08:24 AM,**Perform Parana today** between 06:15 AM and 08:24 AM. Upavaasa was observed on 06-Oct-26.,Indira Ekadashi. Perform Parana today between 06:15 AM and 08:24 AM. Upavaasa was observed on 06-Oct-26. Upavaasa: 06-Oct-26 | Parana today: 06:15 AM to 08:24 AM
geoname:2192362,Christchurch,Canterbury,New Zealand,Pacific/Auckland,2192362,Indira Ekadashi,Normal Ekadashi,NORMAL,2026-10-07,,2026-10-08,06:51 AM,09:26 AM,DWADASHI_OVER_BEFORE_SUNRISE,DWADASHI,01:45 PM,2026-10-06,COMPLETE,2026-10-07,UPAVASA_DAY_1,Indira Ekadashi,"Upavaasa: 07-Oct-26 | Parana: 08-Oct-26, 06:51 AM to 09:26 AM",Normal Ekadashi. **Observe Upavaasa today.** Ekadashi began before Arunodaya and no two-day exception applies.,"Indira Ekadashi. Normal Ekadashi. Observe Upavaasa today. Ekadashi began before Arunodaya and no two-day exception applies. Upavaasa: 07-Oct-26 | Parana: 08-Oct-26, 06:51 AM to 09:26 AM"
geoname:4508722,Cincinnati,Ohio,United States,America/New_York,4508722,Indira Ekadashi,Normal Ekadashi,NORMAL,2026-10-06,,2026-10-07,07:40 AM,09:58 AM,PRATAH,DWADASHI,08:45 PM,2026-10-06,COMPLETE,2026-10-07,PARANA,Indira Ekadashi,Upavaasa: 06-Oct-26 | Parana today: 07:40 AM to 09:58 AM,**Perform Parana today** between 07:40 AM and 09:58 AM. Upavaasa was observed on 06-Oct-26.,Indira Ekadashi. Perform Parana today between 07:40 AM and 09:58 AM. Upavaasa was observed on 06-Oct-26. Upavaasa: 06-Oct-26 | Parana today: 07:40 AM to 09:58 AM
geoname:5150529,Cleveland,Ohio,United States,America/New_York,5150529,Indira Ekadashi,Normal Ekadashi,NORMAL,2026-10-06,,2026-10-07,07:30 AM,09:48 AM,PRATAH,DWADASHI,08:45 PM,2026-10-06,COMPLETE,2026-10-07,PARANA,Indira Ekadashi,Upavaasa: 06-Oct-26 | Parana today: 07:30 AM to 09:48 AM,**Perform Parana today** between 07:30 AM and 09:48 AM. Upavaasa was observed on 06-Oct-26.,Indira Ekadashi. Perform Parana today between 07:30 AM and 09:48 AM. Upavaasa was observed on 06-Oct-26. Upavaasa: 06-Oct-26 | Parana today: 07:30 AM to 09:48 AM
geoname:1273865,Coimbatore,Tamil Nadu,India,Asia/Kolkata,1273865,Indira Ekadashi,Normal Ekadashi,NORMAL,2026-10-06,,2026-10-07,06:15 AM,08:35 AM,PRATAH,DWADASHI,06:15 AM,2026-10-06,COMPLETE,2026-10-07,PARANA,Indira Ekadashi,Upavaasa: 06-Oct-26 | Parana today: 06:15 AM to 08:35 AM,**Perform Parana today** between 06:15 AM and 08:35 AM. Upavaasa was observed on 06-Oct-26.,Indira Ekadashi. Perform Parana today between 06:15 AM and 08:35 AM. Upavaasa was observed on 06-Oct-26. Upavaasa: 06-Oct-26 | Parana today: 06:15 AM to 08:35 AM
geoname:4256038,Columbus,Indiana,United States,America/Indiana/Indianapolis,4256038,Indira Ekadashi,Normal Ekadashi,NORMAL,2026-10-06,,2026-10-07,07:46 AM,10:04 AM,PRATAH,DWADASHI,08:45 PM,2026-10-06,COMPLETE,2026-10-07,PARANA,Indira Ekadashi,Upavaasa: 06-Oct-26 | Parana today: 07:46 AM to 10:04 AM,**Perform Parana today** between 07:46 AM and 10:04 AM. Upavaasa was observed on 06-Oct-26.,Indira Ekadashi. Perform Parana today between 07:46 AM and 10:04 AM. Upavaasa was observed on 06-Oct-26. Upavaasa: 06-Oct-26 | Parana today: 07:46 AM to 10:04 AM
geoname:4509177,Columbus,Ohio,United States,America/New_York,4509177,Indira Ekadashi,Normal Ekadashi,NORMAL,2026-10-06,,2026-10-07,07:34 AM,09:52 AM,PRATAH,DWADASHI,08:45 PM,2026-10-06,COMPLETE,2026-10-07,PARANA,Indira Ekadashi,Upavaasa: 06-Oct-26 | Parana today: 07:34 AM to 09:52 AM,**Perform Parana today** between 07:34 AM and 09:52 AM. Upavaasa was observed on 06-Oct-26.,Indira Ekadashi. Perform Parana today between 07:34 AM and 09:52 AM. Upavaasa was observed on 06-Oct-26. Upavaasa: 06-Oct-26 | Parana today: 07:34 AM to 09:52 AM
geoname:4684888,Dallas,Texas,United States,America/Chicago,4684888,Indira Ekadashi,Normal Ekadashi,NORMAL,2026-10-06,,2026-10-07,07:26 AM,09:46 AM,PRATAH,DWADASHI,07:45 PM,2026-10-06,COMPLETE,2026-10-07,PARANA,Indira Ekadashi,Upavaasa: 06-Oct-26 | Parana today: 07:26 AM to 09:46 AM,**Perform Parana today** between 07:26 AM and 09:46 AM. Upavaasa was observed on 06-Oct-26.,Indira Ekadashi. Perform Parana today between 07:26 AM and 09:46 AM. Upavaasa was observed on 06-Oct-26. Upavaasa: 06-Oct-26 | Parana today: 07:26 AM to 09:46 AM
geoname:2938913,Darmstadt,Hesse,Germany,Europe/Berlin,2938913,Indira Ekadashi,Normal Ekadashi,NORMAL,2026-10-06,,2026-10-07,07:34 AM,09:49 AM,PRATAH,DWADASHI,02:45 AM,2026-10-06,COMPLETE,2026-10-07,PARANA,Indira Ekadashi,Upavaasa: 06-Oct-26 | Parana today: 07:34 AM to 09:49 AM,**Perform Parana today** between 07:34 AM and 09:49 AM. Upavaasa was observed on 06-Oct-26.,Indira Ekadashi. Perform Parana today between 07:34 AM and 09:49 AM. Upavaasa was observed on 06-Oct-26. Upavaasa: 06-Oct-26 | Parana today: 07:34 AM to 09:49 AM
geoname:1272648,Dibrugarh,Assam,India,Asia/Kolkata,1272648,Indira Ekadashi,Normal Ekadashi,NORMAL,2026-10-06,,2026-10-07,06:15 AM,07:27 AM,PRATAH,DWADASHI,06:15 AM,2026-10-06,COMPLETE,2026-10-07,PARANA,Indira Ekadashi,Upavaasa: 06-Oct-26 | Parana today: 06:15 AM to 07:27 AM,**Perform Parana today** between 06:15 AM and 07:27 AM. Upavaasa was observed on 06-Oct-26.,Indira Ekadashi. Perform Parana today between 06:15 AM and 07:27 AM. Upavaasa was observed on 06-Oct-26. Upavaasa: 06-Oct-26 | Parana today: 06:15 AM to 07:27 AM
geoname:1272552,Dimapur,Nagaland,India,Asia/Kolkata,1272552,Indira Ekadashi,Normal Ekadashi,NORMAL,2026-10-06,,2026-10-07,06:15 AM,07:31 AM,PRATAH,DWADASHI,06:15 AM,2026-10-06,COMPLETE,2026-10-07,PARANA,Indira Ekadashi,Upavaasa: 06-Oct-26 | Parana today: 06:15 AM to 07:31 AM,**Perform Parana today** between 06:15 AM and 07:31 AM. Upavaasa was observed on 06-Oct-26.,Indira Ekadashi. Perform Parana today between 06:15 AM and 07:31 AM. Upavaasa was observed on 06-Oct-26. Upavaasa: 06-Oct-26 | Parana today: 06:15 AM to 07:31 AM
geoname:290030,Doha,Baladīyat ad Dawḩah,Qatar,Asia/Qatar,290030,Indira Ekadashi,Normal Ekadashi,NORMAL,2026-10-06,,2026-10-07,05:28 AM,07:49 AM,PRATAH,DWADASHI,03:45 AM,2026-10-06,COMPLETE,2026-10-07,PARANA,Indira Ekadashi,Upavaasa: 06-Oct-26 | Parana today: 05:28 AM to 07:49 AM,**Perform Parana today** between 05:28 AM and 07:49 AM. Upavaasa was observed on 06-Oct-26.,Indira Ekadashi. Perform Parana today between 05:28 AM and 07:49 AM. Upavaasa was observed on 06-Oct-26. Upavaasa: 06-Oct-26 | Parana today: 05:28 AM to 07:49 AM
geoname:292223,Dubai,Dubai,United Arab Emirates,Asia/Dubai,292223,Indira Ekadashi,Normal Ekadashi,NORMAL,2026-10-06,,2026-10-07,06:14 AM,08:35 AM,PRATAH,DWADASHI,04:45 AM,2026-10-06,COMPLETE,2026-10-07,PARANA,Indira Ekadashi,Upavaasa: 06-Oct-26 | Parana today: 06:14 AM to 08:35 AM,**Perform Parana today** between 06:14 AM and 08:35 AM. Upavaasa was observed on 06-Oct-26.,Indira Ekadashi. Perform Parana today between 06:14 AM and 08:35 AM. Upavaasa was observed on 06-Oct-26. Upavaasa: 06-Oct-26 | Parana today: 06:14 AM to 08:35 AM
geoname:2928751,Esslingen,Esslingen,Germany,Europe/Berlin,2928751,Indira Ekadashi,Normal Ekadashi,NORMAL,2026-10-06,,2026-10-07,07:31 AM,09:47 AM,PRATAH,DWADASHI,02:45 AM,2026-10-06,COMPLETE,2026-10-07,PARANA,Indira Ekadashi,Upavaasa: 06-Oct-26 | Parana today: 07:31 AM to 09:47 AM,**Perform Parana today** between 07:31 AM and 09:47 AM. Upavaasa was observed on 06-Oct-26.,Indira Ekadashi. Perform Parana today between 07:31 AM and 09:47 AM. Upavaasa was observed on 06-Oct-26. Upavaasa: 06-Oct-26 | Parana today: 07:31 AM to 09:47 AM
geoname:1271631,Gangtok,Sikkim,India,Asia/Kolkata,1271631,Indira Ekadashi,Normal Ekadashi,NORMAL,2026-10-06,,2026-10-07,06:15 AM,07:52 AM,PRATAH,DWADASHI,06:15 AM,2026-10-06,COMPLETE,2026-10-07,PARANA,Indira Ekadashi,Upavaasa: 06-Oct-26 | Parana today: 06:15 AM to 07:52 AM,**Perform Parana today** between 06:15 AM and 07:52 AM. Upavaasa was observed on 06-Oct-26.,Indira Ekadashi. Perform Parana today between 06:15 AM and 07:52 AM. Upavaasa was observed on 06-Oct-26. Upavaasa: 06-Oct-26 | Parana today: 06:15 AM to 07:52 AM
geoname:5119251,Greece,New York,United States,America/New_York,5119251,Indira Ekadashi,Normal Ekadashi,NORMAL,2026-10-06,,2026-10-07,07:15 AM,09:32 AM,PRATAH,DWADASHI,08:45 PM,2026-10-06,COMPLETE,2026-10-07,PARANA,Indira Ekadashi,Upavaasa: 06-Oct-26 | Parana today: 07:15 AM to 09:32 AM,**Perform Parana today** between 07:15 AM and 09:32 AM. Upavaasa was observed on 06-Oct-26.,Indira Ekadashi. Perform Parana today between 07:15 AM and 09:32 AM. Upavaasa was observed on 06-Oct-26. Upavaasa: 06-Oct-26 | Parana today: 07:15 AM to 09:32 AM
geoname:1270603,Guruvayur,Kerala,India,Asia/Kolkata,1270603,Indira Ekadashi,Normal Ekadashi,NORMAL,2026-10-06,,2026-10-07,06:15 AM,08:38 AM,PRATAH,DWADASHI,06:15 AM,2026-10-06,COMPLETE,2026-10-07,PARANA,Indira Ekadashi,Upavaasa: 06-Oct-26 | Parana today: 06:15 AM to 08:38 AM,**Perform Parana today** between 06:15 AM and 08:38 AM. Upavaasa was observed on 06-Oct-26.,Indira Ekadashi. Perform Parana today between 06:15 AM and 08:38 AM. Upavaasa was observed on 06-Oct-26. Upavaasa: 06-Oct-26 | Parana today: 06:15 AM to 08:38 AM
geoname:1271476,Guwahati,Assam,India,Asia/Kolkata,1271476,Indira Ekadashi,Normal Ekadashi,NORMAL,2026-10-06,,2026-10-07,06:15 AM,07:39 AM,PRATAH,DWADASHI,06:15 AM,2026-10-06,COMPLETE,2026-10-07,PARANA,Indira Ekadashi,Upavaasa: 06-Oct-26 | Parana today: 06:15 AM to 07:39 AM,**Perform Parana today** between 06:15 AM and 07:39 AM. Upavaasa was observed on 06-Oct-26.,Indira Ekadashi. Perform Parana today between 06:15 AM and 07:39 AM. Upavaasa was observed on 06-Oct-26. Upavaasa: 06-Oct-26 | Parana today: 06:15 AM to 07:39 AM
geoname:4699066,Houston,Texas,United States,America/Chicago,4699066,Indira Ekadashi,Normal Ekadashi,NORMAL,2026-10-06,,2026-10-07,07:18 AM,09:38 AM,PRATAH,DWADASHI,07:45 PM,2026-10-06,COMPLETE,2026-10-07,PARANA,Indira Ekadashi,Upavaasa: 06-Oct-26 | Parana today: 07:18 AM to 09:38 AM,**Perform Parana today** between 07:18 AM and 09:38 AM. Upavaasa was observed on 06-Oct-26.,Indira Ekadashi. Perform Parana today between 07:18 AM and 09:38 AM. Upavaasa was observed on 06-Oct-26. Upavaasa: 06-Oct-26 | Parana today: 07:18 AM to 09:38 AM
geoname:1269920,Hubli,Karnataka,India,Asia/Kolkata,1269920,Indira Ekadashi,Normal Ekadashi,NORMAL,2026-10-06,,2026-10-07,06:20 AM,08:43 AM,PRATAH,DWADASHI,06:15 AM,2026-10-06,COMPLETE,2026-10-07,PARANA,Indira Ekadashi,Upavaasa: 06-Oct-26 | Parana today: 06:20 AM to 08:43 AM,**Perform Parana today** between 06:20 AM and 08:43 AM. Upavaasa was observed on 06-Oct-26.,Indira Ekadashi. Perform Parana today between 06:20 AM and 08:43 AM. Upavaasa was observed on 06-Oct-26. Upavaasa: 06-Oct-26 | Parana today: 06:20 AM to 08:43 AM
geoname:1269843,Hyderabad,Telangana,India,Asia/Kolkata,1269843,Indira Ekadashi,Normal Ekadashi,NORMAL,2026-10-06,,2026-10-07,06:15 AM,08:30 AM,PRATAH,DWADASHI,06:15 AM,2026-10-06,COMPLETE,2026-10-07,PARANA,Indira Ekadashi,Upavaasa: 06-Oct-26 | Parana today: 06:15 AM to 08:30 AM,**Perform Parana today** between 06:15 AM and 08:30 AM. Upavaasa was observed on 06-Oct-26.,Indira Ekadashi. Perform Parana today between 06:15 AM and 08:30 AM. Upavaasa was observed on 06-Oct-26. Upavaasa: 06-Oct-26 | Parana today: 06:15 AM to 08:30 AM
geoname:1269771,Imphal,Manipur,India,Asia/Kolkata,1269771,Indira Ekadashi,Normal Ekadashi,NORMAL,2026-10-06,,2026-10-07,06:15 AM,07:29 AM,PRATAH,DWADASHI,06:15 AM,2026-10-06,COMPLETE,2026-10-07,PARANA,Indira Ekadashi,Upavaasa: 06-Oct-26 | Parana today: 06:15 AM to 07:29 AM,**Perform Parana today** between 06:15 AM and 07:29 AM. Upavaasa was observed on 06-Oct-26.,Indira Ekadashi. Perform Parana today between 06:15 AM and 07:29 AM. Upavaasa was observed on 06-Oct-26. Upavaasa: 06-Oct-26 | Parana today: 06:15 AM to 07:29 AM
geoname:1269655,Itanagar,Arunachal Pradesh,India,Asia/Kolkata,1269655,Indira Ekadashi,Normal Ekadashi,NORMAL,2026-10-06,,2026-10-07,06:15 AM,07:32 AM,PRATAH,DWADASHI,06:15 AM,2026-10-06,COMPLETE,2026-10-07,PARANA,Indira Ekadashi,Upavaasa: 06-Oct-26 | Parana today: 06:15 AM to 07:32 AM,**Perform Parana today** between 06:15 AM and 07:32 AM. Upavaasa was observed on 06-Oct-26.,Indira Ekadashi. Perform Parana today between 06:15 AM and 07:32 AM. Upavaasa was observed on 06-Oct-26. Upavaasa: 06-Oct-26 | Parana today: 06:15 AM to 07:32 AM
geoname:1268159,Kanchipuram,Tamil Nadu,India,Asia/Kolkata,1268159,Indira Ekadashi,Normal Ekadashi,NORMAL,2026-10-06,,2026-10-07,06:15 AM,08:24 AM,PRATAH,DWADASHI,06:15 AM,2026-10-06,COMPLETE,2026-10-07,PARANA,Indira Ekadashi,Upavaasa: 06-Oct-26 | Parana today: 06:15 AM to 08:24 AM,**Perform Parana today** between 06:15 AM and 08:24 AM. Upavaasa was observed on 06-Oct-26.,Indira Ekadashi. Perform Parana today between 06:15 AM and 08:24 AM. Upavaasa was observed on 06-Oct-26. Upavaasa: 06-Oct-26 | Parana today: 06:15 AM to 08:24 AM
geoname:4634946,Knoxville,Tennessee,United States,America/New_York,4634946,Indira Ekadashi,Normal Ekadashi,NORMAL,2026-10-06,,2026-10-07,07:36 AM,09:55 AM,PRATAH,DWADASHI,08:45 PM,2026-10-06,COMPLETE,2026-10-07,PARANA,Indira Ekadashi,Upavaasa: 06-Oct-26 | Parana today: 07:36 AM to 09:55 AM,**Perform Parana today** between 07:36 AM and 09:55 AM. Upavaasa was observed on 06-Oct-26.,Indira Ekadashi. Perform Parana today between 07:36 AM and 09:55 AM. Upavaasa was observed on 06-Oct-26. Upavaasa: 06-Oct-26 | Parana today: 07:36 AM to 09:55 AM
geoname:1266285,Kolhapur,Maharashtra,India,Asia/Kolkata,1266285,Indira Ekadashi,Normal Ekadashi,NORMAL,2026-10-06,,2026-10-07,06:24 AM,08:47 AM,PRATAH,DWADASHI,06:15 AM,2026-10-06,COMPLETE,2026-10-07,PARANA,Indira Ekadashi,Upavaasa: 06-Oct-26 | Parana today: 06:24 AM to 08:47 AM,**Perform Parana today** between 06:24 AM and 08:47 AM. Upavaasa was observed on 06-Oct-26.,Indira Ekadashi. Perform Parana today between 06:24 AM and 08:47 AM. Upavaasa was observed on 06-Oct-26. Upavaasa: 06-Oct-26 | Parana today: 06:24 AM to 08:47 AM
geoname:1275004,Kolkata,West Bengal,India,Asia/Kolkata,1275004,Indira Ekadashi,Normal Ekadashi,NORMAL,2026-10-06,,2026-10-07,06:15 AM,07:52 AM,PRATAH,DWADASHI,06:15 AM,2026-10-06,COMPLETE,2026-10-07,PARANA,Indira Ekadashi,Upavaasa: 06-Oct-26 | Parana today: 06:15 AM to 07:52 AM,**Perform Parana today** between 06:15 AM and 07:52 AM. Upavaasa was observed on 06-Oct-26.,Indira Ekadashi. Perform Parana today between 06:15 AM and 07:52 AM. Upavaasa was observed on 06-Oct-26. Upavaasa: 06-Oct-26 | Parana today: 06:15 AM to 07:52 AM
geoname:1265683,Kumbakonam,Tamil Nadu,India,Asia/Kolkata,1265683,Indira Ekadashi,Normal Ekadashi,NORMAL,2026-10-06,,2026-10-07,06:15 AM,08:25 AM,PRATAH,DWADASHI,06:15 AM,2026-10-06,COMPLETE,2026-10-07,PARANA,Indira Ekadashi,Upavaasa: 06-Oct-26 | Parana today: 06:15 AM to 08:25 AM,**Perform Parana today** between 06:15 AM and 08:25 AM. Upavaasa was observed on 06-Oct-26.,Indira Ekadashi. Perform Parana today between 06:15 AM and 08:25 AM. Upavaasa was observed on 06-Oct-26. Upavaasa: 06-Oct-26 | Parana today: 06:15 AM to 08:25 AM
geoname:285787,Kuwait,Al Asimah,Kuwait,Asia/Kuwait,285787,Indira Ekadashi,Normal Ekadashi,NORMAL,2026-10-06,,2026-10-07,05:44 AM,08:05 AM,PRATAH,DWADASHI,03:45 AM,2026-10-06,COMPLETE,2026-10-07,PARANA,Indira Ekadashi,Upavaasa: 06-Oct-26 | Parana today: 05:44 AM to 08:05 AM,**Perform Parana today** between 05:44 AM and 08:05 AM. Upavaasa was observed on 06-Oct-26.,Indira Ekadashi. Perform Parana today between 05:44 AM and 08:05 AM. Upavaasa was observed on 06-Oct-26. Upavaasa: 06-Oct-26 | Parana today: 05:44 AM to 08:05 AM
geoname:4922462,Lafayette,Indiana,United States,America/Indiana/Indianapolis,4922462,Indira Ekadashi,Normal Ekadashi,NORMAL,2026-10-06,,2026-10-07,07:50 AM,10:08 AM,PRATAH,DWADASHI,08:45 PM,2026-10-06,COMPLETE,2026-10-07,PARANA,Indira Ekadashi,Upavaasa: 06-Oct-26 | Parana today: 07:50 AM to 10:08 AM,**Perform Parana today** between 07:50 AM and 10:08 AM. Upavaasa was observed on 06-Oct-26.,Indira Ekadashi. Perform Parana today between 07:50 AM and 10:08 AM. Upavaasa was observed on 06-Oct-26. Upavaasa: 06-Oct-26 | Parana today: 07:50 AM to 10:08 AM
geoname:2643743,London,London,United Kingdom,Europe/London,2643743,Indira Ekadashi,Normal Ekadashi,NORMAL,2026-10-06,,2026-10-07,07:11 AM,09:26 AM,PRATAH,DWADASHI,01:45 AM,2026-10-06,COMPLETE,2026-10-07,PARANA,Indira Ekadashi,Upavaasa: 06-Oct-26 | Parana today: 07:11 AM to 09:26 AM,**Perform Parana today** between 07:11 AM and 09:26 AM. Upavaasa was observed on 06-Oct-26.,Indira Ekadashi. Perform Parana today between 07:11 AM and 09:26 AM. Upavaasa was observed on 06-Oct-26. Upavaasa: 06-Oct-26 | Parana today: 07:11 AM to 09:26 AM
geoname:5368361,Los Angeles,California,United States,America/Los_Angeles,5368361,Indira Ekadashi,Normal Ekadashi,NORMAL,2026-10-06,,2026-10-07,06:52 AM,09:11 AM,PRATAH,DWADASHI,05:45 PM,2026-10-06,COMPLETE,2026-10-07,PARANA,Indira Ekadashi,Upavaasa: 06-Oct-26 | Parana today: 06:52 AM to 09:11 AM,**Perform Parana today** between 06:52 AM and 09:11 AM. Upavaasa was observed on 06-Oct-26.,Indira Ekadashi. Perform Parana today between 06:52 AM and 09:11 AM. Upavaasa was observed on 06-Oct-26. Upavaasa: 06-Oct-26 | Parana today: 06:52 AM to 09:11 AM
geoname:1264733,Lucknow,Uttar Pradesh,India,Asia/Kolkata,1264733,Indira Ekadashi,Normal Ekadashi,NORMAL,2026-10-06,,2026-10-07,06:15 AM,08:22 AM,PRATAH,DWADASHI,06:15 AM,2026-10-06,COMPLETE,2026-10-07,PARANA,Indira Ekadashi,Upavaasa: 06-Oct-26 | Parana today: 06:15 AM to 08:22 AM,**Perform Parana today** between 06:15 AM and 08:22 AM. Upavaasa was observed on 06-Oct-26.,Indira Ekadashi. Perform Parana today between 06:15 AM and 08:22 AM. Upavaasa was observed on 06-Oct-26. Upavaasa: 06-Oct-26 | Parana today: 06:15 AM to 08:22 AM
geoname:1264521,Madurai,Tamil Nadu,India,Asia/Kolkata,1264521,Indira Ekadashi,Normal Ekadashi,NORMAL,2026-10-06,,2026-10-07,06:15 AM,08:30 AM,PRATAH,DWADASHI,06:15 AM,2026-10-06,COMPLETE,2026-10-07,PARANA,Indira Ekadashi,Upavaasa: 06-Oct-26 | Parana today: 06:15 AM to 08:30 AM,**Perform Parana today** between 06:15 AM and 08:30 AM. Upavaasa was observed on 06-Oct-26.,Indira Ekadashi. Perform Parana today between 06:15 AM and 08:30 AM. Upavaasa was observed on 06-Oct-26. Upavaasa: 06-Oct-26 | Parana today: 06:15 AM to 08:30 AM
geoname:1263780,Mangalore,Karnataka,India,Asia/Kolkata,1263780,Indira Ekadashi,Normal Ekadashi,NORMAL,2026-10-06,,2026-10-07,06:20 AM,08:43 AM,PRATAH,DWADASHI,06:15 AM,2026-10-06,COMPLETE,2026-10-07,PARANA,Indira Ekadashi,Upavaasa: 06-Oct-26 | Parana today: 06:20 AM to 08:43 AM,**Perform Parana today** between 06:20 AM and 08:43 AM. Upavaasa was observed on 06-Oct-26.,Indira Ekadashi. Perform Parana today between 06:20 AM and 08:43 AM. Upavaasa was observed on 06-Oct-26. Upavaasa: 06-Oct-26 | Parana today: 06:20 AM to 08:43 AM
geoname:2158177,Melbourne,Victoria,Australia,Australia/Melbourne,2158177,Indira Ekadashi,Missing Ekadashi,MISSING_EKADASHI,2026-10-07,,2026-10-08,06:46 AM,09:19 AM,POST_DWADASHI_FAST_DWADASHI_OVER_BEFORE_SUNRISE,POST_DWADASHI_UPAVASA,11:45 AM,2026-10-06,COMPLETE,2026-10-07,UPAVASA_DAY_1,Indira Ekadashi,"Upavaasa: 07-Oct-26 | Parana: 08-Oct-26, 06:46 AM to 09:19 AM","Ekadashi occurred completely between two consecutive sunrises, so there was no Ekadashi sunrise. **Observe Upavaasa today on Dwadashi.**","Indira Ekadashi. Ekadashi occurred completely between two consecutive sunrises, so there was no Ekadashi sunrise. Observe Upavaasa today on Dwadashi. Upavaasa: 07-Oct-26 | Parana: 08-Oct-26, 06:46 AM to 09:19 AM"
geoname:1275339,Mumbai,Maharashtra,India,Asia/Kolkata,1275339,Indira Ekadashi,Normal Ekadashi,NORMAL,2026-10-06,,2026-10-07,06:30 AM,08:52 AM,PRATAH,DWADASHI,06:15 AM,2026-10-06,COMPLETE,2026-10-07,PARANA,Indira Ekadashi,Upavaasa: 06-Oct-26 | Parana today: 06:30 AM to 08:52 AM,**Perform Parana today** between 06:30 AM and 08:52 AM. Upavaasa was observed on 06-Oct-26.,Indira Ekadashi. Perform Parana today between 06:30 AM and 08:52 AM. Upavaasa was observed on 06-Oct-26. Upavaasa: 06-Oct-26 | Parana today: 06:30 AM to 08:52 AM
geoname:1262321,Mysuru,Karnataka,India,Asia/Kolkata,1262321,Indira Ekadashi,Normal Ekadashi,NORMAL,2026-10-06,,2026-10-07,06:15 AM,08:36 AM,PRATAH,DWADASHI,06:15 AM,2026-10-06,COMPLETE,2026-10-07,PARANA,Indira Ekadashi,Upavaasa: 06-Oct-26 | Parana today: 06:15 AM to 08:36 AM,**Perform Parana today** between 06:15 AM and 08:36 AM. Upavaasa was observed on 06-Oct-26.,Indira Ekadashi. Perform Parana today between 06:15 AM and 08:36 AM. Upavaasa was observed on 06-Oct-26. Upavaasa: 06-Oct-26 | Parana today: 06:15 AM to 08:36 AM
geoname:1262180,Nagpur,Maharashtra,India,Asia/Kolkata,1262180,Indira Ekadashi,Normal Ekadashi,NORMAL,2026-10-06,,2026-10-07,06:15 AM,08:28 AM,PRATAH,DWADASHI,06:15 AM,2026-10-06,COMPLETE,2026-10-07,PARANA,Indira Ekadashi,Upavaasa: 06-Oct-26 | Parana today: 06:15 AM to 08:28 AM,**Perform Parana today** between 06:15 AM and 08:28 AM. Upavaasa was observed on 06-Oct-26.,Indira Ekadashi. Perform Parana today between 06:15 AM and 08:28 AM. Upavaasa was observed on 06-Oct-26. Upavaasa: 06-Oct-26 | Parana today: 06:15 AM to 08:28 AM
geoname:4644585,Nashville,Tennessee,United States,America/Chicago,4644585,Indira Ekadashi,Normal Ekadashi,NORMAL,2026-10-06,,2026-10-07,06:47 AM,09:06 AM,PRATAH,DWADASHI,07:45 PM,2026-10-06,COMPLETE,2026-10-07,PARANA,Indira Ekadashi,Upavaasa: 06-Oct-26 | Parana today: 06:47 AM to 09:06 AM,**Perform Parana today** between 06:47 AM and 09:06 AM. Upavaasa was observed on 06-Oct-26.,Indira Ekadashi. Perform Parana today between 06:47 AM and 09:06 AM. Upavaasa was observed on 06-Oct-26. Upavaasa: 06-Oct-26 | Parana today: 06:47 AM to 09:06 AM
geoname:5099836,New Jersey,New Jersey,United States,America/New_York,5099836,Indira Ekadashi,Normal Ekadashi,NORMAL,2026-10-06,,2026-10-07,06:59 AM,09:17 AM,PRATAH,DWADASHI,08:45 PM,2026-10-06,COMPLETE,2026-10-07,PARANA,Indira Ekadashi,Upavaasa: 06-Oct-26 | Parana today: 06:59 AM to 09:17 AM,**Perform Parana today** between 06:59 AM and 09:17 AM. Upavaasa was observed on 06-Oct-26.,Indira Ekadashi. Perform Parana today between 06:59 AM and 09:17 AM. Upavaasa was observed on 06-Oct-26. Upavaasa: 06-Oct-26 | Parana today: 06:59 AM to 09:17 AM
geoname:5128581,New York,New York,United States,America/New_York,5128581,Indira Ekadashi,Normal Ekadashi,NORMAL,2026-10-06,,2026-10-07,06:59 AM,09:17 AM,PRATAH,DWADASHI,08:45 PM,2026-10-06,COMPLETE,2026-10-07,PARANA,Indira Ekadashi,Upavaasa: 06-Oct-26 | Parana today: 06:59 AM to 09:17 AM,**Perform Parana today** between 06:59 AM and 09:17 AM. Upavaasa was observed on 06-Oct-26.,Indira Ekadashi. Perform Parana today between 06:59 AM and 09:17 AM. Upavaasa was observed on 06-Oct-26. Upavaasa: 06-Oct-26 | Parana today: 06:59 AM to 09:17 AM
geoname:4167147,Orlando,Florida,United States,America/New_York,4167147,Indira Ekadashi,Normal Ekadashi,NORMAL,2026-10-06,,2026-10-07,07:22 AM,09:42 AM,PRATAH,DWADASHI,08:45 PM,2026-10-06,COMPLETE,2026-10-07,PARANA,Indira Ekadashi,Upavaasa: 06-Oct-26 | Parana today: 07:22 AM to 09:42 AM,**Perform Parana today** between 07:22 AM and 09:42 AM. Upavaasa was observed on 06-Oct-26.,Indira Ekadashi. Perform Parana today between 07:22 AM and 09:42 AM. Upavaasa was observed on 06-Oct-26. Upavaasa: 06-Oct-26 | Parana today: 07:22 AM to 09:42 AM
geoname:1260546,Pandharpur,Maharashtra,India,Asia/Kolkata,1260546,Indira Ekadashi,Normal Ekadashi,NORMAL,2026-10-06,,2026-10-07,06:20 AM,08:43 AM,PRATAH,DWADASHI,06:15 AM,2026-10-06,COMPLETE,2026-10-07,PARANA,Indira Ekadashi,Upavaasa: 06-Oct-26 | Parana today: 06:20 AM to 08:43 AM,**Perform Parana today** between 06:20 AM and 08:43 AM. Upavaasa was observed on 06-Oct-26.,Indira Ekadashi. Perform Parana today between 06:20 AM and 08:43 AM. Upavaasa was observed on 06-Oct-26. Upavaasa: 06-Oct-26 | Parana today: 06:20 AM to 08:43 AM
geoname:2063523,Perth,Western Australia,Australia,Australia/Perth,2063523,Indira Ekadashi,Dashami Viddha Ekadashi,DASHAMI_VIDDHA,2026-10-07,,2026-10-08,05:46 AM,08:17 AM,POST_DWADASHI_FAST_DWADASHI_OVER_BEFORE_SUNRISE,POST_DWADASHI_UPAVASA,08:45 AM,2026-10-06,COMPLETE,2026-10-07,UPAVASA_DAY_1,Indira Ekadashi,"Upavaasa: 07-Oct-26 | Parana: 08-Oct-26, 05:46 AM to 08:17 AM",The Ekadashi sunrise was Dashami Viddha and no later valid Ekadashi sunrise occurred. **Observe Upavaasa today on Dwadashi.**,"Indira Ekadashi. The Ekadashi sunrise was Dashami Viddha and no later valid Ekadashi sunrise occurred. Observe Upavaasa today on Dwadashi. Upavaasa: 07-Oct-26 | Parana: 08-Oct-26, 05:46 AM to 08:17 AM"
geoname:4560349,Philadelphia,Pennsylvania,United States,America/New_York,4560349,Indira Ekadashi,Normal Ekadashi,NORMAL,2026-10-06,,2026-10-07,07:03 AM,09:21 AM,PRATAH,DWADASHI,08:45 PM,2026-10-06,COMPLETE,2026-10-07,PARANA,Indira Ekadashi,Upavaasa: 06-Oct-26 | Parana today: 07:03 AM to 09:21 AM,**Perform Parana today** between 07:03 AM and 09:21 AM. Upavaasa was observed on 06-Oct-26.,Indira Ekadashi. Perform Parana today between 07:03 AM and 09:21 AM. Upavaasa was observed on 06-Oct-26. Upavaasa: 06-Oct-26 | Parana today: 07:03 AM to 09:21 AM
geoname:5308655,Phoenix,Arizona,United States,America/Phoenix,5308655,Indira Ekadashi,Normal Ekadashi,NORMAL,2026-10-06,,2026-10-07,06:27 AM,08:47 AM,PRATAH,DWADASHI,05:45 PM,2026-10-06,COMPLETE,2026-10-07,PARANA,Indira Ekadashi,Upavaasa: 06-Oct-26 | Parana today: 06:27 AM to 08:47 AM,**Perform Parana today** between 06:27 AM and 08:47 AM. Upavaasa was observed on 06-Oct-26.,Indira Ekadashi. Perform Parana today between 06:27 AM and 08:47 AM. Upavaasa was observed on 06-Oct-26. Upavaasa: 06-Oct-26 | Parana today: 06:27 AM to 08:47 AM
geoname:5131614,Pittsford,New York,United States,America/New_York,5131614,Indira Ekadashi,Normal Ekadashi,NORMAL,2026-10-06,,2026-10-07,07:14 AM,09:31 AM,PRATAH,DWADASHI,08:45 PM,2026-10-06,COMPLETE,2026-10-07,PARANA,Indira Ekadashi,Upavaasa: 06-Oct-26 | Parana today: 07:14 AM to 09:31 AM,**Perform Parana today** between 07:14 AM and 09:31 AM. Upavaasa was observed on 06-Oct-26.,Indira Ekadashi. Perform Parana today between 07:14 AM and 09:31 AM. Upavaasa was observed on 06-Oct-26. Upavaasa: 06-Oct-26 | Parana today: 07:14 AM to 09:31 AM
geoname:5383527,Placentia,California,United States,America/Los_Angeles,5383527,Indira Ekadashi,Normal Ekadashi,NORMAL,2026-10-06,,2026-10-07,06:51 AM,09:10 AM,PRATAH,DWADASHI,05:45 PM,2026-10-06,COMPLETE,2026-10-07,PARANA,Indira Ekadashi,Upavaasa: 06-Oct-26 | Parana today: 06:51 AM to 09:10 AM,**Perform Parana today** between 06:51 AM and 09:10 AM. Upavaasa was observed on 06-Oct-26.,Indira Ekadashi. Perform Parana today between 06:51 AM and 09:10 AM. Upavaasa was observed on 06-Oct-26. Upavaasa: 06-Oct-26 | Parana today: 06:51 AM to 09:10 AM
geoname:1278994,Prayagraj,Uttar Pradesh,India,Asia/Kolkata,1278994,Indira Ekadashi,Normal Ekadashi,NORMAL,2026-10-06,,2026-10-07,06:15 AM,08:18 AM,PRATAH,DWADASHI,06:15 AM,2026-10-06,COMPLETE,2026-10-07,PARANA,Indira Ekadashi,Upavaasa: 06-Oct-26 | Parana today: 06:15 AM to 08:18 AM,**Perform Parana today** between 06:15 AM and 08:18 AM. Upavaasa was observed on 06-Oct-26.,Indira Ekadashi. Perform Parana today between 06:15 AM and 08:18 AM. Upavaasa was observed on 06-Oct-26. Upavaasa: 06-Oct-26 | Parana today: 06:15 AM to 08:18 AM
geoname:1259229,Pune,Maharashtra,India,Asia/Kolkata,1259229,Indira Ekadashi,Normal Ekadashi,NORMAL,2026-10-06,,2026-10-07,06:26 AM,08:48 AM,PRATAH,DWADASHI,06:15 AM,2026-10-06,COMPLETE,2026-10-07,PARANA,Indira Ekadashi,Upavaasa: 06-Oct-26 | Parana today: 06:26 AM to 08:48 AM,**Perform Parana today** between 06:26 AM and 08:48 AM. Upavaasa was observed on 06-Oct-26.,Indira Ekadashi. Perform Parana today between 06:26 AM and 08:48 AM. Upavaasa was observed on 06-Oct-26. Upavaasa: 06-Oct-26 | Parana today: 06:26 AM to 08:48 AM
geoname:4487042,Raleigh,North Carolina,United States,America/New_York,4487042,Indira Ekadashi,Normal Ekadashi,NORMAL,2026-10-06,,2026-10-07,07:15 AM,09:34 AM,PRATAH,DWADASHI,08:45 PM,2026-10-06,COMPLETE,2026-10-07,PARANA,Indira Ekadashi,Upavaasa: 06-Oct-26 | Parana today: 07:15 AM to 09:34 AM,**Perform Parana today** between 07:15 AM and 09:34 AM. Upavaasa was observed on 06-Oct-26.,Indira Ekadashi. Perform Parana today between 07:15 AM and 09:34 AM. Upavaasa was observed on 06-Oct-26. Upavaasa: 06-Oct-26 | Parana today: 07:15 AM to 09:34 AM
geoname:4781708,Richmond,Virginia,United States,America/New_York,4781708,Indira Ekadashi,Normal Ekadashi,NORMAL,2026-10-06,,2026-10-07,07:11 AM,09:30 AM,PRATAH,DWADASHI,08:45 PM,2026-10-06,COMPLETE,2026-10-07,PARANA,Indira Ekadashi,Upavaasa: 06-Oct-26 | Parana today: 07:11 AM to 09:30 AM,**Perform Parana today** between 07:11 AM and 09:30 AM. Upavaasa was observed on 06-Oct-26.,Indira Ekadashi. Perform Parana today between 07:11 AM and 09:30 AM. Upavaasa was observed on 06-Oct-26. Upavaasa: 06-Oct-26 | Parana today: 07:11 AM to 09:30 AM
geoname:5134086,Rochester,New York,United States,America/New_York,5134086,Indira Ekadashi,Normal Ekadashi,NORMAL,2026-10-06,,2026-10-07,07:15 AM,09:32 AM,PRATAH,DWADASHI,08:45 PM,2026-10-06,COMPLETE,2026-10-07,PARANA,Indira Ekadashi,Upavaasa: 06-Oct-26 | Parana today: 07:15 AM to 09:32 AM,**Perform Parana today** between 07:15 AM and 09:32 AM. Upavaasa was observed on 06-Oct-26.,Indira Ekadashi. Perform Parana today between 07:15 AM and 09:32 AM. Upavaasa was observed on 06-Oct-26. Upavaasa: 06-Oct-26 | Parana today: 07:15 AM to 09:32 AM
geoname:5391959,San Francisco,California,United States,America/Los_Angeles,5391959,Indira Ekadashi,Normal Ekadashi,NORMAL,2026-10-06,,2026-10-07,07:11 AM,09:30 AM,PRATAH,DWADASHI,05:45 PM,2026-10-06,COMPLETE,2026-10-07,PARANA,Indira Ekadashi,Upavaasa: 06-Oct-26 | Parana today: 07:11 AM to 09:30 AM,**Perform Parana today** between 07:11 AM and 09:30 AM. Upavaasa was observed on 06-Oct-26.,Indira Ekadashi. Perform Parana today between 07:11 AM and 09:30 AM. Upavaasa was observed on 06-Oct-26. Upavaasa: 06-Oct-26 | Parana today: 07:11 AM to 09:30 AM
geoname:5809844,Seattle,Washington,United States,America/Los_Angeles,5809844,Indira Ekadashi,Normal Ekadashi,NORMAL,2026-10-06,,2026-10-07,07:17 AM,09:33 AM,PRATAH,DWADASHI,05:45 PM,2026-10-06,COMPLETE,2026-10-07,PARANA,Indira Ekadashi,Upavaasa: 06-Oct-26 | Parana today: 07:17 AM to 09:33 AM,**Perform Parana today** between 07:17 AM and 09:33 AM. Upavaasa was observed on 06-Oct-26.,Indira Ekadashi. Perform Parana today between 07:17 AM and 09:33 AM. Upavaasa was observed on 06-Oct-26. Upavaasa: 06-Oct-26 | Parana today: 07:17 AM to 09:33 AM
geoname:1835848,Seoul,Seoul,South Korea,Asia/Seoul,1835848,Indira Ekadashi,Dashami Viddha Ekadashi,DASHAMI_VIDDHA,2026-10-07,,2026-10-08,06:33 AM,08:51 AM,POST_DWADASHI_FAST_DWADASHI_OVER_BEFORE_SUNRISE,POST_DWADASHI_UPAVASA,09:45 AM,2026-10-06,COMPLETE,2026-10-07,UPAVASA_DAY_1,Indira Ekadashi,"Upavaasa: 07-Oct-26 | Parana: 08-Oct-26, 06:33 AM to 08:51 AM",The Ekadashi sunrise was Dashami Viddha and no later valid Ekadashi sunrise occurred. **Observe Upavaasa today on Dwadashi.**,"Indira Ekadashi. The Ekadashi sunrise was Dashami Viddha and no later valid Ekadashi sunrise occurred. Observe Upavaasa today on Dwadashi. Upavaasa: 07-Oct-26 | Parana: 08-Oct-26, 06:33 AM to 08:51 AM"
geoname:1256525,Shiliguri,West Bengal,India,Asia/Kolkata,1256525,Indira Ekadashi,Normal Ekadashi,NORMAL,2026-10-06,,2026-10-07,06:15 AM,07:52 AM,PRATAH,DWADASHI,06:15 AM,2026-10-06,COMPLETE,2026-10-07,PARANA,Indira Ekadashi,Upavaasa: 06-Oct-26 | Parana today: 06:15 AM to 07:52 AM,**Perform Parana today** between 06:15 AM and 07:52 AM. Upavaasa was observed on 06-Oct-26.,Indira Ekadashi. Perform Parana today between 06:15 AM and 07:52 AM. Upavaasa was observed on 06-Oct-26. Upavaasa: 06-Oct-26 | Parana today: 06:15 AM to 07:52 AM
geoname:1256287,Silchar,Assam,India,Asia/Kolkata,1256287,Indira Ekadashi,Normal Ekadashi,NORMAL,2026-10-06,,2026-10-07,06:15 AM,07:34 AM,PRATAH,DWADASHI,06:15 AM,2026-10-06,COMPLETE,2026-10-07,PARANA,Indira Ekadashi,Upavaasa: 06-Oct-26 | Parana today: 06:15 AM to 07:34 AM,**Perform Parana today** between 06:15 AM and 07:34 AM. Upavaasa was observed on 06-Oct-26.,Indira Ekadashi. Perform Parana today between 06:15 AM and 07:34 AM. Upavaasa was observed on 06-Oct-26. Upavaasa: 06-Oct-26 | Parana today: 06:15 AM to 07:34 AM
geoname:1255634,Srinagar,Jammu and Kashmir,India,Asia/Kolkata,1255634,Indira Ekadashi,Normal Ekadashi,NORMAL,2026-10-06,,2026-10-07,06:29 AM,08:49 AM,PRATAH,DWADASHI,06:15 AM,2026-10-06,COMPLETE,2026-10-07,PARANA,Indira Ekadashi,Upavaasa: 06-Oct-26 | Parana today: 06:29 AM to 08:49 AM,**Perform Parana today** between 06:29 AM and 08:49 AM. Upavaasa was observed on 06-Oct-26.,Indira Ekadashi. Perform Parana today between 06:29 AM and 08:49 AM. Upavaasa was observed on 06-Oct-26. Upavaasa: 06-Oct-26 | Parana today: 06:29 AM to 08:49 AM
geoname:1254388,Srirangam,Tamil Nadu,India,Asia/Kolkata,1254388,Indira Ekadashi,Normal Ekadashi,NORMAL,2026-10-06,,2026-10-07,06:15 AM,08:28 AM,PRATAH,DWADASHI,06:15 AM,2026-10-06,COMPLETE,2026-10-07,PARANA,Indira Ekadashi,Upavaasa: 06-Oct-26 | Parana today: 06:15 AM to 08:28 AM,**Perform Parana today** between 06:15 AM and 08:28 AM. Upavaasa was observed on 06-Oct-26.,Indira Ekadashi. Perform Parana today between 06:15 AM and 08:28 AM. Upavaasa was observed on 06-Oct-26. Upavaasa: 06-Oct-26 | Parana today: 06:15 AM to 08:28 AM
geoname:5139865,Stonybrook,New York,United States,America/New_York,5139865,Indira Ekadashi,Normal Ekadashi,NORMAL,2026-10-06,,2026-10-07,06:56 AM,09:14 AM,PRATAH,DWADASHI,08:45 PM,2026-10-06,COMPLETE,2026-10-07,PARANA,Indira Ekadashi,Upavaasa: 06-Oct-26 | Parana today: 06:56 AM to 09:14 AM,**Perform Parana today** between 06:56 AM and 09:14 AM. Upavaasa was observed on 06-Oct-26.,Indira Ekadashi. Perform Parana today between 06:56 AM and 09:14 AM. Upavaasa was observed on 06-Oct-26. Upavaasa: 06-Oct-26 | Parana today: 06:56 AM to 09:14 AM
geoname:1255364,Surat,Gujarat,India,Asia/Kolkata,1255364,Indira Ekadashi,Normal Ekadashi,NORMAL,2026-10-06,,2026-10-07,06:31 AM,08:53 AM,PRATAH,DWADASHI,06:15 AM,2026-10-06,COMPLETE,2026-10-07,PARANA,Indira Ekadashi,Upavaasa: 06-Oct-26 | Parana today: 06:31 AM to 08:53 AM,**Perform Parana today** between 06:31 AM and 08:53 AM. Upavaasa was observed on 06-Oct-26.,Indira Ekadashi. Perform Parana today between 06:31 AM and 08:53 AM. Upavaasa was observed on 06-Oct-26. Upavaasa: 06-Oct-26 | Parana today: 06:31 AM to 08:53 AM
geoname:2147714,Sydney,New South Wales,Australia,Australia/Sydney,2147714,Indira Ekadashi,Missing Ekadashi,MISSING_EKADASHI,2026-10-07,,2026-10-08,06:23 AM,08:55 AM,POST_DWADASHI_FAST_DWADASHI_OVER_BEFORE_SUNRISE,POST_DWADASHI_UPAVASA,11:45 AM,2026-10-06,COMPLETE,2026-10-07,UPAVASA_DAY_1,Indira Ekadashi,"Upavaasa: 07-Oct-26 | Parana: 08-Oct-26, 06:23 AM to 08:55 AM","Ekadashi occurred completely between two consecutive sunrises, so there was no Ekadashi sunrise. **Observe Upavaasa today on Dwadashi.**","Indira Ekadashi. Ekadashi occurred completely between two consecutive sunrises, so there was no Ekadashi sunrise. Observe Upavaasa today on Dwadashi. Upavaasa: 07-Oct-26 | Parana: 08-Oct-26, 06:23 AM to 08:55 AM"
geoname:5140405,Syracuse,New York,United States,America/New_York,5140405,Indira Ekadashi,Normal Ekadashi,NORMAL,2026-10-06,,2026-10-07,07:09 AM,09:26 AM,PRATAH,DWADASHI,08:45 PM,2026-10-06,COMPLETE,2026-10-07,PARANA,Indira Ekadashi,Upavaasa: 06-Oct-26 | Parana today: 07:09 AM to 09:26 AM,**Perform Parana today** between 07:09 AM and 09:26 AM. Upavaasa was observed on 06-Oct-26.,Indira Ekadashi. Perform Parana today between 07:09 AM and 09:26 AM. Upavaasa was observed on 06-Oct-26. Upavaasa: 06-Oct-26 | Parana today: 07:09 AM to 09:26 AM
geoname:1262321,T Narasipura,Karnataka,India,Asia/Kolkata,1262321,Indira Ekadashi,Normal Ekadashi,NORMAL,2026-10-06,,2026-10-07,06:15 AM,08:36 AM,PRATAH,DWADASHI,06:15 AM,2026-10-06,COMPLETE,2026-10-07,PARANA,Indira Ekadashi,Upavaasa: 06-Oct-26 | Parana today: 06:15 AM to 08:36 AM,**Perform Parana today** between 06:15 AM and 08:36 AM. Upavaasa was observed on 06-Oct-26.,Indira Ekadashi. Perform Parana today between 06:15 AM and 08:36 AM. Upavaasa was observed on 06-Oct-26. Upavaasa: 06-Oct-26 | Parana today: 06:15 AM to 08:36 AM
geoname:4174757,Tampa,Florida,United States,America/New_York,4174757,Indira Ekadashi,Normal Ekadashi,NORMAL,2026-10-06,,2026-10-07,07:26 AM,09:47 AM,PRATAH,DWADASHI,08:45 PM,2026-10-06,COMPLETE,2026-10-07,PARANA,Indira Ekadashi,Upavaasa: 06-Oct-26 | Parana today: 07:26 AM to 09:47 AM,**Perform Parana today** between 07:26 AM and 09:47 AM. Upavaasa was observed on 06-Oct-26.,Indira Ekadashi. Perform Parana today between 07:26 AM and 09:47 AM. Upavaasa was observed on 06-Oct-26. Upavaasa: 06-Oct-26 | Parana today: 07:26 AM to 09:47 AM
geoname:1254163,Thiruvananthapuram,Kerala,India,Asia/Kolkata,1254163,Indira Ekadashi,Normal Ekadashi,NORMAL,2026-10-06,,2026-10-07,06:15 AM,08:34 AM,PRATAH,DWADASHI,06:15 AM,2026-10-06,COMPLETE,2026-10-07,PARANA,Indira Ekadashi,Upavaasa: 06-Oct-26 | Parana today: 06:15 AM to 08:34 AM,**Perform Parana today** between 06:15 AM and 08:34 AM. Upavaasa was observed on 06-Oct-26.,Indira Ekadashi. Perform Parana today between 06:15 AM and 08:34 AM. Upavaasa was observed on 06-Oct-26. Upavaasa: 06-Oct-26 | Parana today: 06:15 AM to 08:34 AM
geoname:1254360,Tirupati,Andhra Pradesh,India,Asia/Kolkata,1254360,Indira Ekadashi,Normal Ekadashi,NORMAL,2026-10-06,,2026-10-07,06:15 AM,08:25 AM,PRATAH,DWADASHI,06:15 AM,2026-10-06,COMPLETE,2026-10-07,PARANA,Indira Ekadashi,Upavaasa: 06-Oct-26 | Parana today: 06:15 AM to 08:25 AM,**Perform Parana today** between 06:15 AM and 08:25 AM. Upavaasa was observed on 06-Oct-26.,Indira Ekadashi. Perform Parana today between 06:15 AM and 08:25 AM. Upavaasa was observed on 06-Oct-26. Upavaasa: 06-Oct-26 | Parana today: 06:15 AM to 08:25 AM
geoname:1253952,Udupi,Karnataka,India,Asia/Kolkata,1253952,Indira Ekadashi,Normal Ekadashi,NORMAL,2026-10-06,,2026-10-07,06:21 AM,08:44 AM,PRATAH,DWADASHI,06:15 AM,2026-10-06,COMPLETE,2026-10-07,PARANA,Indira Ekadashi,Upavaasa: 06-Oct-26 | Parana today: 06:21 AM to 08:44 AM,**Perform Parana today** between 06:21 AM and 08:44 AM. Upavaasa was observed on 06-Oct-26.,Indira Ekadashi. Perform Parana today between 06:21 AM and 08:44 AM. Upavaasa was observed on 06-Oct-26. Upavaasa: 06-Oct-26 | Parana today: 06:21 AM to 08:44 AM
geoname:1253573,Vadodara,Gujarat,India,Asia/Kolkata,1253573,Indira Ekadashi,Normal Ekadashi,NORMAL,2026-10-06,,2026-10-07,06:30 AM,08:52 AM,PRATAH,DWADASHI,06:15 AM,2026-10-06,COMPLETE,2026-10-07,PARANA,Indira Ekadashi,Upavaasa: 06-Oct-26 | Parana today: 06:30 AM to 08:52 AM,**Perform Parana today** between 06:30 AM and 08:52 AM. Upavaasa was observed on 06-Oct-26.,Indira Ekadashi. Perform Parana today between 06:30 AM and 08:52 AM. Upavaasa was observed on 06-Oct-26. Upavaasa: 06-Oct-26 | Parana today: 06:30 AM to 08:52 AM
geoname:6173331,Vancouver,British Columbia,Canada,America/Los_Angeles,6173331,Indira Ekadashi,Normal Ekadashi,NORMAL,2026-10-06,,2026-10-07,07:22 AM,09:37 AM,PRATAH,DWADASHI,05:45 PM,2026-10-06,COMPLETE,2026-10-07,PARANA,Indira Ekadashi,Upavaasa: 06-Oct-26 | Parana today: 07:22 AM to 09:37 AM,**Perform Parana today** between 07:22 AM and 09:37 AM. Upavaasa was observed on 06-Oct-26.,Indira Ekadashi. Perform Parana today between 07:22 AM and 09:37 AM. Upavaasa was observed on 06-Oct-26. Upavaasa: 06-Oct-26 | Parana today: 07:22 AM to 09:37 AM
geoname:1253405,Varanasi,Uttar Pradesh,India,Asia/Kolkata,1253405,Indira Ekadashi,Normal Ekadashi,NORMAL,2026-10-06,,2026-10-07,06:15 AM,08:13 AM,PRATAH,DWADASHI,06:15 AM,2026-10-06,COMPLETE,2026-10-07,PARANA,Indira Ekadashi,Upavaasa: 06-Oct-26 | Parana today: 06:15 AM to 08:13 AM,**Perform Parana today** between 06:15 AM and 08:13 AM. Upavaasa was observed on 06-Oct-26.,Indira Ekadashi. Perform Parana today between 06:15 AM and 08:13 AM. Upavaasa was observed on 06-Oct-26. Upavaasa: 06-Oct-26 | Parana today: 06:15 AM to 08:13 AM
geoname:1253102,Visakhapatnam,Andra Pradesh,India,Asia/Kolkata,1253102,Indira Ekadashi,Normal Ekadashi,NORMAL,2026-10-06,,2026-10-07,06:15 AM,08:11 AM,PRATAH,DWADASHI,06:15 AM,2026-10-06,COMPLETE,2026-10-07,PARANA,Indira Ekadashi,Upavaasa: 06-Oct-26 | Parana today: 06:15 AM to 08:11 AM,**Perform Parana today** between 06:15 AM and 08:11 AM. Upavaasa was observed on 06-Oct-26.,Indira Ekadashi. Perform Parana today between 06:15 AM and 08:11 AM. Upavaasa was observed on 06-Oct-26. Upavaasa: 06-Oct-26 | Parana today: 06:15 AM to 08:11 AM
geoname:2179537,Wellington,Wellington,New Zealand,Pacific/Auckland,2179537,Indira Ekadashi,Normal Ekadashi,NORMAL,2026-10-07,,2026-10-08,06:44 AM,06:46 AM,PRATAH,DWADASHI,01:45 PM,2026-10-06,COMPLETE,2026-10-07,UPAVASA_DAY_1,Indira Ekadashi,"Upavaasa: 07-Oct-26 | Parana: 08-Oct-26, 06:44 AM to 06:46 AM",Normal Ekadashi. **Observe Upavaasa today.** Ekadashi began before Arunodaya and no two-day exception applies.,"Indira Ekadashi. Normal Ekadashi. Observe Upavaasa today. Ekadashi began before Arunodaya and no two-day exception applies. Upavaasa: 07-Oct-26 | Parana: 08-Oct-26, 06:44 AM to 06:46 AM"
geoname:6182962,Windsor,Ontario,Canada,America/New_York,6182962,Indira Ekadashi,Normal Ekadashi,NORMAL,2026-10-06,,2026-10-07,07:36 AM,09:53 AM,PRATAH,DWADASHI,08:45 PM,2026-10-06,COMPLETE,2026-10-07,PARANA,Indira Ekadashi,Upavaasa: 06-Oct-26 | Parana today: 07:36 AM to 09:53 AM,**Perform Parana today** between 07:36 AM and 09:53 AM. Upavaasa was observed on 06-Oct-26.,Indira Ekadashi. Perform Parana today between 07:36 AM and 09:53 AM. Upavaasa was observed on 06-Oct-26. Upavaasa: 06-Oct-26 | Parana today: 07:36 AM to 09:53 AM
geoname:2657896,Zurich,Zurich,Switzerland,Europe/Zurich,2657896,Indira Ekadashi,Normal Ekadashi,NORMAL,2026-10-06,,2026-10-07,07:33 AM,09:49 AM,PRATAH,DWADASHI,02:45 AM,2026-10-06,COMPLETE,2026-10-07,PARANA,Indira Ekadashi,Upavaasa: 06-Oct-26 | Parana today: 07:33 AM to 09:49 AM,**Perform Parana today** between 07:33 AM and 09:49 AM. Upavaasa was observed on 06-Oct-26.,Indira Ekadashi. Perform Parana today between 07:33 AM and 09:49 AM. Upavaasa was observed on 06-Oct-26. Upavaasa: 06-Oct-26 | Parana today: 07:33 AM to 09:49 AM
geoname:2078025,Adelaide,South Australia,Australia,Australia/Adelaide,2078025,Indira Ekadashi,Missing Ekadashi,MISSING_EKADASHI,2026-10-07,,2026-10-08,06:43 AM,09:15 AM,POST_DWADASHI_FAST_DWADASHI_OVER_BEFORE_SUNRISE,POST_DWADASHI_UPAVASA,11:15 AM,2026-10-06,COMPLETE,2026-10-08,PARANA,Indira Ekadashi,Upavaasa: 07-Oct-26 | Parana today: 06:43 AM to 09:15 AM,**Perform Parana today** between 06:43 AM and 09:15 AM. Upavaasa was observed on 07-Oct-26.,Indira Ekadashi. Perform Parana today between 06:43 AM and 09:15 AM. Upavaasa was observed on 07-Oct-26. Upavaasa: 07-Oct-26 | Parana today: 06:43 AM to 09:15 AM
geoname:2193733,Auckland,Auckland,New Zealand,Pacific/Auckland,2193733,Indira Ekadashi,Normal Ekadashi,NORMAL,2026-10-07,,2026-10-08,06:47 AM,09:20 AM,DWADASHI_OVER_BEFORE_SUNRISE,DWADASHI,01:45 PM,2026-10-06,COMPLETE,2026-10-08,PARANA,Indira Ekadashi,Upavaasa: 07-Oct-26 | Parana today: 06:47 AM to 09:20 AM,**Perform Parana today** between 06:47 AM and 09:20 AM. Upavaasa was observed on 07-Oct-26.,Indira Ekadashi. Perform Parana today between 06:47 AM and 09:20 AM. Upavaasa was observed on 07-Oct-26. Upavaasa: 07-Oct-26 | Parana today: 06:47 AM to 09:20 AM
geoname:2174003,Brisbane,Queensland,Australia,Australia/Brisbane,2174003,Indira Ekadashi,Missing Ekadashi,MISSING_EKADASHI,2026-10-07,,2026-10-08,05:20 AM,07:50 AM,POST_DWADASHI_FAST_DWADASHI_OVER_BEFORE_SUNRISE,POST_DWADASHI_UPAVASA,10:45 AM,2026-10-06,COMPLETE,2026-10-08,PARANA,Indira Ekadashi,Upavaasa: 07-Oct-26 | Parana today: 05:20 AM to 07:50 AM,**Perform Parana today** between 05:20 AM and 07:50 AM. Upavaasa was observed on 07-Oct-26.,Indira Ekadashi. Perform Parana today between 05:20 AM and 07:50 AM. Upavaasa was observed on 07-Oct-26. Upavaasa: 07-Oct-26 | Parana today: 05:20 AM to 07:50 AM
geoname:2172517,Canberra,Australian Capital Territory,Australia,Australia/Sydney,2172517,Indira Ekadashi,Missing Ekadashi,MISSING_EKADASHI,2026-10-07,,2026-10-08,06:31 AM,09:03 AM,POST_DWADASHI_FAST_DWADASHI_OVER_BEFORE_SUNRISE,POST_DWADASHI_UPAVASA,11:45 AM,2026-10-06,COMPLETE,2026-10-08,PARANA,Indira Ekadashi,Upavaasa: 07-Oct-26 | Parana today: 06:31 AM to 09:03 AM,**Perform Parana today** between 06:31 AM and 09:03 AM. Upavaasa was observed on 07-Oct-26.,Indira Ekadashi. Perform Parana today between 06:31 AM and 09:03 AM. Upavaasa was observed on 07-Oct-26. Upavaasa: 07-Oct-26 | Parana today: 06:31 AM to 09:03 AM
geoname:2192362,Christchurch,Canterbury,New Zealand,Pacific/Auckland,2192362,Indira Ekadashi,Normal Ekadashi,NORMAL,2026-10-07,,2026-10-08,06:51 AM,09:26 AM,DWADASHI_OVER_BEFORE_SUNRISE,DWADASHI,01:45 PM,2026-10-06,COMPLETE,2026-10-08,PARANA,Indira Ekadashi,Upavaasa: 07-Oct-26 | Parana today: 06:51 AM to 09:26 AM,**Perform Parana today** between 06:51 AM and 09:26 AM. Upavaasa was observed on 07-Oct-26.,Indira Ekadashi. Perform Parana today between 06:51 AM and 09:26 AM. Upavaasa was observed on 07-Oct-26. Upavaasa: 07-Oct-26 | Parana today: 06:51 AM to 09:26 AM
geoname:2158177,Melbourne,Victoria,Australia,Australia/Melbourne,2158177,Indira Ekadashi,Missing Ekadashi,MISSING_EKADASHI,2026-10-07,,2026-10-08,06:46 AM,09:19 AM,POST_DWADASHI_FAST_DWADASHI_OVER_BEFORE_SUNRISE,POST_DWADASHI_UPAVASA,11:45 AM,2026-10-06,COMPLETE,2026-10-08,PARANA,Indira Ekadashi,Upavaasa: 07-Oct-26 | Parana today: 06:46 AM to 09:19 AM,**Perform Parana today** between 06:46 AM and 09:19 AM. Upavaasa was observed on 07-Oct-26.,Indira Ekadashi. Perform Parana today between 06:46 AM and 09:19 AM. Upavaasa was observed on 07-Oct-26. Upavaasa: 07-Oct-26 | Parana today: 06:46 AM to 09:19 AM
geoname:2063523,Perth,Western Australia,Australia,Australia/Perth,2063523,Indira Ekadashi,Dashami Viddha Ekadashi,DASHAMI_VIDDHA,2026-10-07,,2026-10-08,05:46 AM,08:17 AM,POST_DWADASHI_FAST_DWADASHI_OVER_BEFORE_SUNRISE,POST_DWADASHI_UPAVASA,08:45 AM,2026-10-06,COMPLETE,2026-10-08,PARANA,Indira Ekadashi,Upavaasa: 07-Oct-26 | Parana today: 05:46 AM to 08:17 AM,**Perform Parana today** between 05:46 AM and 08:17 AM. Upavaasa was observed on 07-Oct-26.,Indira Ekadashi. Perform Parana today between 05:46 AM and 08:17 AM. Upavaasa was observed on 07-Oct-26. Upavaasa: 07-Oct-26 | Parana today: 05:46 AM to 08:17 AM
geoname:1835848,Seoul,Seoul,South Korea,Asia/Seoul,1835848,Indira Ekadashi,Dashami Viddha Ekadashi,DASHAMI_VIDDHA,2026-10-07,,2026-10-08,06:33 AM,08:51 AM,POST_DWADASHI_FAST_DWADASHI_OVER_BEFORE_SUNRISE,POST_DWADASHI_UPAVASA,09:45 AM,2026-10-06,COMPLETE,2026-10-08,PARANA,Indira Ekadashi,Upavaasa: 07-Oct-26 | Parana today: 06:33 AM to 08:51 AM,**Perform Parana today** between 06:33 AM and 08:51 AM. Upavaasa was observed on 07-Oct-26.,Indira Ekadashi. Perform Parana today between 06:33 AM and 08:51 AM. Upavaasa was observed on 07-Oct-26. Upavaasa: 07-Oct-26 | Parana today: 06:33 AM to 08:51 AM
geoname:2147714,Sydney,New South Wales,Australia,Australia/Sydney,2147714,Indira Ekadashi,Missing Ekadashi,MISSING_EKADASHI,2026-10-07,,2026-10-08,06:23 AM,08:55 AM,POST_DWADASHI_FAST_DWADASHI_OVER_BEFORE_SUNRISE,POST_DWADASHI_UPAVASA,11:45 AM,2026-10-06,COMPLETE,2026-10-08,PARANA,Indira Ekadashi,Upavaasa: 07-Oct-26 | Parana today: 06:23 AM to 08:55 AM,**Perform Parana today** between 06:23 AM and 08:55 AM. Upavaasa was observed on 07-Oct-26.,Indira Ekadashi. Perform Parana today between 06:23 AM and 08:55 AM. Upavaasa was observed on 07-Oct-26. Upavaasa: 07-Oct-26 | Parana today: 06:23 AM to 08:55 AM
geoname:2179537,Wellington,Wellington,New Zealand,Pacific/Auckland,2179537,Indira Ekadashi,Normal Ekadashi,NORMAL,2026-10-07,,2026-10-08,06:44 AM,06:46 AM,PRATAH,DWADASHI,01:45 PM,2026-10-06,COMPLETE,2026-10-08,PARANA,Indira Ekadashi,Upavaasa: 07-Oct-26 | Parana today: 06:44 AM to 06:46 AM,**Perform Parana today** between 06:44 AM and 06:46 AM. Upavaasa was observed on 07-Oct-26.,Indira Ekadashi. Perform Parana today between 06:44 AM and 06:46 AM. Upavaasa was observed on 07-Oct-26. Upavaasa: 07-Oct-26 | Parana today: 06:44 AM to 06:46 AM
