City,State/Region,Country,Timezone,Place Key,Geoname ID,Ekadashi Name,Anchor Date,Audit Flow Message,Sunrise Tithi Sequence,Sunrise Nakshatra Sequence,Dashami End / Ekadashi Start,Ekadashi End / Dwadashi Start,Dwadashi End / Trayodashi Start,First Ekadashi Sunrise Date,First Ekadashi Sunrise,First Ekadashi Arunodaya,Valid Ekadashi Sunrise Dates,Dashami Viddha Sunrise Dates,Ekadashi Sunrise Evaluation,First Valid Ekadashi Sunrise Date,First Valid Ekadashi Sunrise,First Valid Ekadashi Arunodaya,First Dwadashi Sunrise Date,Dwadashi Sunrise Nakshatra,Dwadashi Q1 End / Hari Vasara End,Scan Start,Scan End,Dates Used,Fresh Scans This City,Completeness Status,Missing Parameters,Error,Ekadashi Type,Condition Code,Classification Explanation,Classification Flags,Upavaasa Date 1,Upavaasa Date 2,Parana Date,Parana Tithi Rule,Parana Branch,Parana Start,Parana End,Parana Note
Darmstadt,Hesse,Germany,Europe/Berlin,geoname:2938913,2938913,Indira Ekadashi,2026-10-06,"Indira Ekadashi - Darmstadt. Dashami ends and Ekadashi begins on 2026-10-05 10:37:00 PM CEST. On 06-Oct-26, Sooryodaya is 07:33 AM and Arunodaya is 05:57 AM. Ekadashi is present at sunrise and had begun before Arunodaya, so this is a valid Ekadashi sunrise. Ekadashi ends on 2026-10-06 09:04:00 PM CEST and does not remain through another sunrise. Ekadashi ends and Dwadashi begins on 2026-10-06 09:04:00 PM CEST. Dwadashi is present at Sooryodaya on 07-Oct-26 (Sooryodaya 07:34 AM). Dwadashi ends and Trayodashi begins on 2026-10-07 07:46:00 PM CEST. Therefore the Upavaasa is observed on 06-Oct-26. For Parana on 07-Oct-26, Sooryodaya is 07:34 AM, Pratah Kala ends at 09:49 AM, Dwadashi ends at 2026-10-07 07:46:00 PM CEST, and Hari Vasara ends at 2026-10-07 02:44:30 AM CEST. Hari Vasara ends before Sooryodaya, so there is no Hari-Vasara delay; Parana starts at Sooryodaya (07:34 AM). Pratah Kala ends at 09:49 AM, before Dwadashi ends; therefore Pratah Kala end is the limiting end time. Hence Parana is 07:34 AM to 09:49 AM.",2026-10-05:Dashami | 2026-10-06:Ekadashi | 2026-10-07:Dwadashi,2026-10-05:Pushya | 2026-10-06:Ashlesha | 2026-10-07:Magha,2026-10-05 10:37:00 PM CEST,2026-10-06 09:04:00 PM CEST,2026-10-07 07:46:00 PM CEST,2026-10-06,07:33 AM,2026-10-06 05:57:00 AM CEST,2026-10-06,,2026-10-06:VALID (start 2026-10-05 10:37:00 PM CEST < Arunodaya 2026-10-06 05:57:00 AM CEST),2026-10-06,07:33 AM,2026-10-06 05:57:00 AM CEST,2026-10-07,Magha,2026-10-07 02:44:30 AM CEST,2026-10-05,2026-10-07,2026-10-05 | 2026-10-06 | 2026-10-07,3,COMPLETE,,,Normal Ekadashi,NORMAL,Ekadashi began before Arunodaya and has one valid Ekadashi sunrise. No two-day exception is triggered.,2026-10-06:VALID (start 2026-10-05 10:37:00 PM CEST < Arunodaya 2026-10-06 05:57:00 AM CEST),2026-10-06,,2026-10-07,DWADASHI,PRATAH,2026-10-07 07:34:00 AM CEST,2026-10-07 09:49:24 AM CEST,Hari Vasara ended before Parana-day sunrise; Parana is sunrise to Pratah end.
Kuwait,Al Asimah,Kuwait,Asia/Kuwait,geoname:285787,285787,Indira Ekadashi,2026-10-06,"Indira Ekadashi - Kuwait. Dashami ends and Ekadashi begins on 2026-10-05 11:37:00 PM +03. On 06-Oct-26, Sooryodaya is 05:44 AM and Arunodaya is 04:08 AM. Ekadashi is present at sunrise and had begun before Arunodaya, so this is a valid Ekadashi sunrise. Ekadashi ends on 2026-10-06 10:04:00 PM +03 and does not remain through another sunrise. Ekadashi ends and Dwadashi begins on 2026-10-06 10:04:00 PM +03. Dwadashi is present at Sooryodaya on 07-Oct-26 (Sooryodaya 05:44 AM). Dwadashi ends and Trayodashi begins on 2026-10-07 08:46:00 PM +03. Therefore the Upavaasa is observed on 06-Oct-26. For Parana on 07-Oct-26, Sooryodaya is 05:44 AM, Pratah Kala ends at 08:05 AM, Dwadashi ends at 2026-10-07 08:46:00 PM +03, and Hari Vasara ends at 2026-10-07 03:44:30 AM +03. Hari Vasara ends before Sooryodaya, so there is no Hari-Vasara delay; Parana starts at Sooryodaya (05:44 AM). Pratah Kala ends at 08:05 AM, before Dwadashi ends; therefore Pratah Kala end is the limiting end time. Hence Parana is 05:44 AM to 08:05 AM.",2026-10-05:Dashami | 2026-10-06:Ekadashi | 2026-10-07:Dwadashi,2026-10-05:Pushya | 2026-10-06:Ashlesha | 2026-10-07:Magha,2026-10-05 11:37:00 PM +03,2026-10-06 10:04:00 PM +03,2026-10-07 08:46:00 PM +03,2026-10-06,05:44 AM,2026-10-06 04:08:00 AM +03,2026-10-06,,2026-10-06:VALID (start 2026-10-05 11:37:00 PM +03 < Arunodaya 2026-10-06 04:08:00 AM +03),2026-10-06,05:44 AM,2026-10-06 04:08:00 AM +03,2026-10-07,Magha,2026-10-07 03:44:30 AM +03,2026-10-05,2026-10-07,2026-10-05 | 2026-10-06 | 2026-10-07,3,COMPLETE,,,Normal Ekadashi,NORMAL,Ekadashi began before Arunodaya and has one valid Ekadashi sunrise. No two-day exception is triggered.,2026-10-06:VALID (start 2026-10-05 11:37:00 PM +03 < Arunodaya 2026-10-06 04:08:00 AM +03),2026-10-06,,2026-10-07,DWADASHI,PRATAH,2026-10-07 05:44:00 AM +03,2026-10-07 08:04:36 AM +03,Hari Vasara ended before Parana-day sunrise; Parana is sunrise to Pratah end.
Coimbatore,Tamil Nadu,India,Asia/Kolkata,geoname:1273865,1273865,Indira Ekadashi,2026-10-06,"Indira Ekadashi - Coimbatore. Dashami ends and Ekadashi begins on 2026-10-06 02:07:00 AM IST. On 06-Oct-26, Sooryodaya is 06:11 AM and Arunodaya is 04:35 AM. Ekadashi is present at sunrise and had begun before Arunodaya, so this is a valid Ekadashi sunrise. Ekadashi ends on 2026-10-07 12:34:00 AM IST and does not remain through another sunrise. Ekadashi ends and Dwadashi begins on 2026-10-07 12:34:00 AM IST. Dwadashi is present at Sooryodaya on 07-Oct-26 (Sooryodaya 06:11 AM). Dwadashi ends and Trayodashi begins on 2026-10-07 11:16:00 PM IST. Therefore the Upavaasa is observed on 06-Oct-26. For Parana on 07-Oct-26, Sooryodaya is 06:11 AM, Pratah Kala ends at 08:35 AM, Dwadashi ends at 2026-10-07 11:16:00 PM IST, and Hari Vasara ends at 2026-10-07 06:14:30 AM IST. Hari Vasara ends after Sooryodaya, at 06:15 AM, but still within Pratah Kala. Therefore Parana cannot start at sunrise and starts at Hari Vasara end (06:15 AM). Pratah Kala ends at 08:35 AM, before Dwadashi ends; therefore Pratah Kala end is the limiting end time. Hence Parana is 06:15 AM to 08:35 AM.",2026-10-05:Dashami | 2026-10-06:Ekadashi | 2026-10-07:Dwadashi,2026-10-05:Pushya | 2026-10-06:Ashlesha | 2026-10-07:Magha,2026-10-06 02:07:00 AM IST,2026-10-07 12:34:00 AM IST,2026-10-07 11:16:00 PM IST,2026-10-06,06:11 AM,2026-10-06 04:35:00 AM IST,2026-10-06,,2026-10-06:VALID (start 2026-10-06 02:07:00 AM IST < Arunodaya 2026-10-06 04:35:00 AM IST),2026-10-06,06:11 AM,2026-10-06 04:35:00 AM IST,2026-10-07,Magha,2026-10-07 06:14:30 AM IST,2026-10-05,2026-10-07,2026-10-05 | 2026-10-06 | 2026-10-07,3,COMPLETE,,,Normal Ekadashi,NORMAL,Ekadashi began before Arunodaya and has one valid Ekadashi sunrise. No two-day exception is triggered.,2026-10-06:VALID (start 2026-10-06 02:07:00 AM IST < Arunodaya 2026-10-06 04:35:00 AM IST),2026-10-06,,2026-10-07,DWADASHI,PRATAH,2026-10-07 06:14:30 AM IST,2026-10-07 08:34:36 AM IST,Hari Vasara ends during Pratah; Parana begins after Hari Vasara and ends at Pratah end.
Windsor,Ontario,Canada,America/New_York,geoname:6182962,6182962,Indira Ekadashi,2026-10-06,"Indira Ekadashi - Windsor. Dashami ends and Ekadashi begins on 2026-10-05 04:37:00 PM EDT. On 06-Oct-26, Sooryodaya is 07:35 AM and Arunodaya is 05:59 AM. Ekadashi is present at sunrise and had begun before Arunodaya, so this is a valid Ekadashi sunrise. Ekadashi ends on 2026-10-06 03:04:00 PM EDT and does not remain through another sunrise. Ekadashi ends and Dwadashi begins on 2026-10-06 03:04:00 PM EDT. Dwadashi is present at Sooryodaya on 07-Oct-26 (Sooryodaya 07:36 AM). Dwadashi ends and Trayodashi begins on 2026-10-07 01:46:00 PM EDT. Therefore the Upavaasa is observed on 06-Oct-26. For Parana on 07-Oct-26, Sooryodaya is 07:36 AM, Pratah Kala ends at 09:53 AM, Dwadashi ends at 2026-10-07 01:46:00 PM EDT, and Hari Vasara ends at 2026-10-06 08:44:30 PM EDT. Hari Vasara ends before Sooryodaya, so there is no Hari-Vasara delay; Parana starts at Sooryodaya (07:36 AM). Pratah Kala ends at 09:53 AM, before Dwadashi ends; therefore Pratah Kala end is the limiting end time. Hence Parana is 07:36 AM to 09:53 AM.",2026-10-05:Dashami | 2026-10-06:Ekadashi | 2026-10-07:Dwadashi,2026-10-05:Pushya | 2026-10-06:Ashlesha | 2026-10-07:Magha,2026-10-05 04:37:00 PM EDT,2026-10-06 03:04:00 PM EDT,2026-10-07 01:46:00 PM EDT,2026-10-06,07:35 AM,2026-10-06 05:59:00 AM EDT,2026-10-06,,2026-10-06:VALID (start 2026-10-05 04:37:00 PM EDT < Arunodaya 2026-10-06 05:59:00 AM EDT),2026-10-06,07:35 AM,2026-10-06 05:59:00 AM EDT,2026-10-07,Magha,2026-10-06 08:44:30 PM EDT,2026-10-05,2026-10-07,2026-10-05 | 2026-10-06 | 2026-10-07,3,COMPLETE,,,Normal Ekadashi,NORMAL,Ekadashi began before Arunodaya and has one valid Ekadashi sunrise. No two-day exception is triggered.,2026-10-06:VALID (start 2026-10-05 04:37:00 PM EDT < Arunodaya 2026-10-06 05:59:00 AM EDT),2026-10-06,,2026-10-07,DWADASHI,PRATAH,2026-10-07 07:36:00 AM EDT,2026-10-07 09:53:24 AM EDT,Hari Vasara ended before Parana-day sunrise; Parana is sunrise to Pratah end.
London,London,United Kingdom,Europe/London,geoname:2643743,2643743,Indira Ekadashi,2026-10-06,"Indira Ekadashi - London. Dashami ends and Ekadashi begins on 2026-10-05 09:37:00 PM BST. On 06-Oct-26, Sooryodaya is 07:09 AM and Arunodaya is 05:33 AM. Ekadashi is present at sunrise and had begun before Arunodaya, so this is a valid Ekadashi sunrise. Ekadashi ends on 2026-10-06 08:04:00 PM BST and does not remain through another sunrise. Ekadashi ends and Dwadashi begins on 2026-10-06 08:04:00 PM BST. Dwadashi is present at Sooryodaya on 07-Oct-26 (Sooryodaya 07:11 AM). Dwadashi ends and Trayodashi begins on 2026-10-07 06:46:00 PM BST. Therefore the Upavaasa is observed on 06-Oct-26. For Parana on 07-Oct-26, Sooryodaya is 07:11 AM, Pratah Kala ends at 09:26 AM, Dwadashi ends at 2026-10-07 06:46:00 PM BST, and Hari Vasara ends at 2026-10-07 01:44:30 AM BST. Hari Vasara ends before Sooryodaya, so there is no Hari-Vasara delay; Parana starts at Sooryodaya (07:11 AM). Pratah Kala ends at 09:26 AM, before Dwadashi ends; therefore Pratah Kala end is the limiting end time. Hence Parana is 07:11 AM to 09:26 AM.",2026-10-05:Dashami | 2026-10-06:Ekadashi | 2026-10-07:Dwadashi,2026-10-05:Pushya | 2026-10-06:Ashlesha | 2026-10-07:Magha,2026-10-05 09:37:00 PM BST,2026-10-06 08:04:00 PM BST,2026-10-07 06:46:00 PM BST,2026-10-06,07:09 AM,2026-10-06 05:33:00 AM BST,2026-10-06,,2026-10-06:VALID (start 2026-10-05 09:37:00 PM BST < Arunodaya 2026-10-06 05:33:00 AM BST),2026-10-06,07:09 AM,2026-10-06 05:33:00 AM BST,2026-10-07,Magha,2026-10-07 01:44:30 AM BST,2026-10-05,2026-10-07,2026-10-05 | 2026-10-06 | 2026-10-07,3,COMPLETE,,,Normal Ekadashi,NORMAL,Ekadashi began before Arunodaya and has one valid Ekadashi sunrise. No two-day exception is triggered.,2026-10-06:VALID (start 2026-10-05 09:37:00 PM BST < Arunodaya 2026-10-06 05:33:00 AM BST),2026-10-06,,2026-10-07,DWADASHI,PRATAH,2026-10-07 07:11:00 AM BST,2026-10-07 09:25:48 AM BST,Hari Vasara ended before Parana-day sunrise; Parana is sunrise to Pratah end.
Belgaum,Karnataka,India,Asia/Kolkata,geoname:1276533,1276533,Indira Ekadashi,2026-10-06,"Indira Ekadashi - Belgaum. Dashami ends and Ekadashi begins on 2026-10-06 02:07:00 AM IST. On 06-Oct-26, Sooryodaya is 06:22 AM and Arunodaya is 04:46 AM. Ekadashi is present at sunrise and had begun before Arunodaya, so this is a valid Ekadashi sunrise. Ekadashi ends on 2026-10-07 12:34:00 AM IST and does not remain through another sunrise. Ekadashi ends and Dwadashi begins on 2026-10-07 12:34:00 AM IST. Dwadashi is present at Sooryodaya on 07-Oct-26 (Sooryodaya 06:23 AM). Dwadashi ends and Trayodashi begins on 2026-10-07 11:16:00 PM IST. Therefore the Upavaasa is observed on 06-Oct-26. For Parana on 07-Oct-26, Sooryodaya is 06:23 AM, Pratah Kala ends at 08:46 AM, Dwadashi ends at 2026-10-07 11:16:00 PM IST, and Hari Vasara ends at 2026-10-07 06:14:30 AM IST. Hari Vasara ends before Sooryodaya, so there is no Hari-Vasara delay; Parana starts at Sooryodaya (06:23 AM). Pratah Kala ends at 08:46 AM, before Dwadashi ends; therefore Pratah Kala end is the limiting end time. Hence Parana is 06:23 AM to 08:46 AM.",2026-10-05:Dashami | 2026-10-06:Ekadashi | 2026-10-07:Dwadashi,2026-10-05:Pushya | 2026-10-06:Ashlesha | 2026-10-07:Magha,2026-10-06 02:07:00 AM IST,2026-10-07 12:34:00 AM IST,2026-10-07 11:16:00 PM IST,2026-10-06,06:22 AM,2026-10-06 04:46:00 AM IST,2026-10-06,,2026-10-06:VALID (start 2026-10-06 02:07:00 AM IST < Arunodaya 2026-10-06 04:46:00 AM IST),2026-10-06,06:22 AM,2026-10-06 04:46:00 AM IST,2026-10-07,Magha,2026-10-07 06:14:30 AM IST,2026-10-05,2026-10-07,2026-10-05 | 2026-10-06 | 2026-10-07,3,COMPLETE,,,Normal Ekadashi,NORMAL,Ekadashi began before Arunodaya and has one valid Ekadashi sunrise. No two-day exception is triggered.,2026-10-06:VALID (start 2026-10-06 02:07:00 AM IST < Arunodaya 2026-10-06 04:46:00 AM IST),2026-10-06,,2026-10-07,DWADASHI,PRATAH,2026-10-07 06:23:00 AM IST,2026-10-07 08:45:48 AM IST,Hari Vasara ended before Parana-day sunrise; Parana is sunrise to Pratah end.
Hubli,Karnataka,India,Asia/Kolkata,geoname:1269920,1269920,Indira Ekadashi,2026-10-06,"Indira Ekadashi - Hubli. Dashami ends and Ekadashi begins on 2026-10-06 02:07:00 AM IST. On 06-Oct-26, Sooryodaya is 06:20 AM and Arunodaya is 04:44 AM. Ekadashi is present at sunrise and had begun before Arunodaya, so this is a valid Ekadashi sunrise. Ekadashi ends on 2026-10-07 12:34:00 AM IST and does not remain through another sunrise. Ekadashi ends and Dwadashi begins on 2026-10-07 12:34:00 AM IST. Dwadashi is present at Sooryodaya on 07-Oct-26 (Sooryodaya 06:20 AM). Dwadashi ends and Trayodashi begins on 2026-10-07 11:16:00 PM IST. Therefore the Upavaasa is observed on 06-Oct-26. For Parana on 07-Oct-26, Sooryodaya is 06:20 AM, Pratah Kala ends at 08:43 AM, Dwadashi ends at 2026-10-07 11:16:00 PM IST, and Hari Vasara ends at 2026-10-07 06:14:30 AM IST. Hari Vasara ends before Sooryodaya, so there is no Hari-Vasara delay; Parana starts at Sooryodaya (06:20 AM). Pratah Kala ends at 08:43 AM, before Dwadashi ends; therefore Pratah Kala end is the limiting end time. Hence Parana is 06:20 AM to 08:43 AM.",2026-10-05:Dashami | 2026-10-06:Ekadashi | 2026-10-07:Dwadashi,2026-10-05:Pushya | 2026-10-06:Ashlesha | 2026-10-07:Magha,2026-10-06 02:07:00 AM IST,2026-10-07 12:34:00 AM IST,2026-10-07 11:16:00 PM IST,2026-10-06,06:20 AM,2026-10-06 04:44:00 AM IST,2026-10-06,,2026-10-06:VALID (start 2026-10-06 02:07:00 AM IST < Arunodaya 2026-10-06 04:44:00 AM IST),2026-10-06,06:20 AM,2026-10-06 04:44:00 AM IST,2026-10-07,Magha,2026-10-07 06:14:30 AM IST,2026-10-05,2026-10-07,2026-10-05 | 2026-10-06 | 2026-10-07,3,COMPLETE,,,Normal Ekadashi,NORMAL,Ekadashi began before Arunodaya and has one valid Ekadashi sunrise. No two-day exception is triggered.,2026-10-06:VALID (start 2026-10-06 02:07:00 AM IST < Arunodaya 2026-10-06 04:44:00 AM IST),2026-10-06,,2026-10-07,DWADASHI,PRATAH,2026-10-07 06:20:00 AM IST,2026-10-07 08:42:48 AM IST,Hari Vasara ended before Parana-day sunrise; Parana is sunrise to Pratah end.
Vancouver,British Columbia,Canada,America/Los_Angeles,geoname:6173331,6173331,Indira Ekadashi,2026-10-06,"Indira Ekadashi - Vancouver. Dashami ends and Ekadashi begins on 2026-10-05 01:37:00 PM PDT. On 06-Oct-26, Sooryodaya is 07:20 AM and Arunodaya is 05:44 AM. Ekadashi is present at sunrise and had begun before Arunodaya, so this is a valid Ekadashi sunrise. Ekadashi ends on 2026-10-06 12:04:00 PM PDT and does not remain through another sunrise. Ekadashi ends and Dwadashi begins on 2026-10-06 12:04:00 PM PDT. Dwadashi is present at Sooryodaya on 07-Oct-26 (Sooryodaya 07:22 AM). Dwadashi ends and Trayodashi begins on 2026-10-07 10:46:00 AM PDT. Therefore the Upavaasa is observed on 06-Oct-26. For Parana on 07-Oct-26, Sooryodaya is 07:22 AM, Pratah Kala ends at 09:37 AM, Dwadashi ends at 2026-10-07 10:46:00 AM PDT, and Hari Vasara ends at 2026-10-06 05:44:30 PM PDT. Hari Vasara ends before Sooryodaya, so there is no Hari-Vasara delay; Parana starts at Sooryodaya (07:22 AM). Pratah Kala ends at 09:37 AM, before Dwadashi ends; therefore Pratah Kala end is the limiting end time. Hence Parana is 07:22 AM to 09:37 AM.",2026-10-05:Dashami | 2026-10-06:Ekadashi | 2026-10-07:Dwadashi,2026-10-05:Pushya | 2026-10-06:Ashlesha | 2026-10-07:Magha,2026-10-05 01:37:00 PM PDT,2026-10-06 12:04:00 PM PDT,2026-10-07 10:46:00 AM PDT,2026-10-06,07:20 AM,2026-10-06 05:44:00 AM PDT,2026-10-06,,2026-10-06:VALID (start 2026-10-05 01:37:00 PM PDT < Arunodaya 2026-10-06 05:44:00 AM PDT),2026-10-06,07:20 AM,2026-10-06 05:44:00 AM PDT,2026-10-07,Magha,2026-10-06 05:44:30 PM PDT,2026-10-05,2026-10-07,2026-10-05 | 2026-10-06 | 2026-10-07,3,COMPLETE,,,Normal Ekadashi,NORMAL,Ekadashi began before Arunodaya and has one valid Ekadashi sunrise. No two-day exception is triggered.,2026-10-06:VALID (start 2026-10-05 01:37:00 PM PDT < Arunodaya 2026-10-06 05:44:00 AM PDT),2026-10-06,,2026-10-07,DWADASHI,PRATAH,2026-10-07 07:22:00 AM PDT,2026-10-07 09:37:12 AM PDT,Hari Vasara ended before Parana-day sunrise; Parana is sunrise to Pratah end.
Belfast,New York,United States,America/New_York,geoname:5108728,5108728,Indira Ekadashi,2026-10-06,"Indira Ekadashi - Belfast. Dashami ends and Ekadashi begins on 2026-10-05 04:37:00 PM EDT. On 06-Oct-26, Sooryodaya is 07:15 AM and Arunodaya is 05:39 AM. Ekadashi is present at sunrise and had begun before Arunodaya, so this is a valid Ekadashi sunrise. Ekadashi ends on 2026-10-06 03:04:00 PM EDT and does not remain through another sunrise. Ekadashi ends and Dwadashi begins on 2026-10-06 03:04:00 PM EDT. Dwadashi is present at Sooryodaya on 07-Oct-26 (Sooryodaya 07:16 AM). Dwadashi ends and Trayodashi begins on 2026-10-07 01:46:00 PM EDT. Therefore the Upavaasa is observed on 06-Oct-26. For Parana on 07-Oct-26, Sooryodaya is 07:16 AM, Pratah Kala ends at 09:33 AM, Dwadashi ends at 2026-10-07 01:46:00 PM EDT, and Hari Vasara ends at 2026-10-06 08:44:30 PM EDT. Hari Vasara ends before Sooryodaya, so there is no Hari-Vasara delay; Parana starts at Sooryodaya (07:16 AM). Pratah Kala ends at 09:33 AM, before Dwadashi ends; therefore Pratah Kala end is the limiting end time. Hence Parana is 07:16 AM to 09:33 AM.",2026-10-05:Dashami | 2026-10-06:Ekadashi | 2026-10-07:Dwadashi,2026-10-05:Pushya | 2026-10-06:Ashlesha | 2026-10-07:Magha,2026-10-05 04:37:00 PM EDT,2026-10-06 03:04:00 PM EDT,2026-10-07 01:46:00 PM EDT,2026-10-06,07:15 AM,2026-10-06 05:39:00 AM EDT,2026-10-06,,2026-10-06:VALID (start 2026-10-05 04:37:00 PM EDT < Arunodaya 2026-10-06 05:39:00 AM EDT),2026-10-06,07:15 AM,2026-10-06 05:39:00 AM EDT,2026-10-07,Magha,2026-10-06 08:44:30 PM EDT,2026-10-05,2026-10-07,2026-10-05 | 2026-10-06 | 2026-10-07,3,COMPLETE,,,Normal Ekadashi,NORMAL,Ekadashi began before Arunodaya and has one valid Ekadashi sunrise. No two-day exception is triggered.,2026-10-06:VALID (start 2026-10-05 04:37:00 PM EDT < Arunodaya 2026-10-06 05:39:00 AM EDT),2026-10-06,,2026-10-07,DWADASHI,PRATAH,2026-10-07 07:16:00 AM EDT,2026-10-07 09:33:24 AM EDT,Hari Vasara ended before Parana-day sunrise; Parana is sunrise to Pratah end.
Seoul,Seoul,South Korea,Asia/Seoul,geoname:1835848,1835848,Indira Ekadashi,2026-10-06,"Indira Ekadashi - Seoul. Dashami ends and Ekadashi begins on 2026-10-06 05:37:00 AM KST. On 06-Oct-26, Sooryodaya is 06:31 AM and Arunodaya is 04:55 AM. Ekadashi is present at sunrise, but it began during Arunodaya, so this sunrise is Dashami Viddha and no Upavaasa is observed on this day. Ekadashi ends on 2026-10-07 04:04:00 AM KST and does not remain through another sunrise. Ekadashi ends and Dwadashi begins on 2026-10-07 04:04:00 AM KST. Dwadashi is present at Sooryodaya on 07-Oct-26 (Sooryodaya 06:32 AM). Dwadashi ends and Trayodashi begins on 2026-10-08 02:46:00 AM KST. Therefore the Upavaasa is observed on 07-Oct-26. For Parana on 08-Oct-26, Sooryodaya is 06:33 AM, Pratah Kala ends at 08:51 AM, Dwadashi ends at 2026-10-08 02:46:00 AM KST, and Hari Vasara ends at 2026-10-07 09:44:30 AM KST. Because the Upavaasa itself was observed on Dwadashi, Hari Vasara is not used to delay the Parana start on the following morning. Dwadashi has already ended before Sooryodaya, so Parana starts at Sooryodaya (06:33 AM). Since Dwadashi is already over, the available morning limit is the end of Pratah Kala (08:51 AM). Hence Parana is 06:33 AM to 08:51 AM.",2026-10-05:Navami | 2026-10-06:Ekadashi | 2026-10-07:Dwadashi | 2026-10-08:Trayodashi,2026-10-05:Pushya | 2026-10-06:Ashlesha | 2026-10-07:Magha | 2026-10-08:Purva Phalguni,2026-10-06 05:37:00 AM KST,2026-10-07 04:04:00 AM KST,2026-10-08 02:46:00 AM KST,2026-10-06,06:31 AM,2026-10-06 04:55:00 AM KST,,2026-10-06,2026-10-06:VIDDHA (Arunodaya 2026-10-06 04:55:00 AM KST <= start 2026-10-06 05:37:00 AM KST <= sunrise 2026-10-06 06:31:00 AM KST),,,,2026-10-07,Magha,2026-10-07 09:44:30 AM KST,2026-10-05,2026-10-08,2026-10-05 | 2026-10-06 | 2026-10-07 | 2026-10-08,4,COMPLETE,,,Dashami Viddha Ekadashi,DASHAMI_VIDDHA,"Ekadashi is present at sunrise, but every Ekadashi sunrise is Dashami Viddha; no later valid Ekadashi sunrise occurs. Therefore Upavaasa shifts to Dwadashi and Parana is on the following morning.",2026-10-06:VIDDHA (Arunodaya 2026-10-06 04:55:00 AM KST <= start 2026-10-06 05:37:00 AM KST <= sunrise 2026-10-06 06:31:00 AM KST),2026-10-07,,2026-10-08,POST_DWADASHI_UPAVASA,POST_DWADASHI_FAST_DWADASHI_OVER_BEFORE_SUNRISE,2026-10-08 06:33:00 AM KST,2026-10-08 08:51:24 AM KST,Dwadashi ended before Parana-day sunrise; Parana is sunrise to Pratah end.
Auckland,Auckland,New Zealand,Pacific/Auckland,geoname:2193733,2193733,Indira Ekadashi,2026-10-06,"Indira Ekadashi - Auckland. Dashami ends and Ekadashi begins on 2026-10-06 09:37:00 AM NZDT. On 07-Oct-26, Sooryodaya is 06:49 AM and Arunodaya is 05:13 AM. Ekadashi is present at sunrise and had begun before Arunodaya, so this is a valid Ekadashi sunrise. Ekadashi ends on 2026-10-07 08:04:00 AM NZDT and does not remain through another sunrise. Ekadashi ends and Dwadashi begins on 2026-10-07 08:04:00 AM NZDT. Dwadashi ends and Trayodashi begins on 2026-10-08 06:46:00 AM NZDT. Therefore the Upavaasa is observed on 07-Oct-26. For Parana on 08-Oct-26, Sooryodaya is 06:47 AM, Pratah Kala ends at 09:20 AM, Dwadashi ends at 2026-10-08 06:46:00 AM NZDT, and Hari Vasara ends at 2026-10-07 01:44:30 PM NZDT. Dwadashi has already ended before Sooryodaya. Therefore Parana starts at Sooryodaya (06:47 AM) and continues to the end of Pratah Kala (09:20 AM). Hence Parana is 06:47 AM to 09:20 AM.",2026-10-06:Dashami | 2026-10-07:Ekadashi | 2026-10-08:Trayodashi,2026-10-06:Ashlesha | 2026-10-07:Magha | 2026-10-08:Purva Phalguni,2026-10-06 09:37:00 AM NZDT,2026-10-07 08:04:00 AM NZDT,2026-10-08 06:46:00 AM NZDT,2026-10-07,06:49 AM,2026-10-07 05:13:00 AM NZDT,2026-10-07,,2026-10-07:VALID (start 2026-10-06 09:37:00 AM NZDT < Arunodaya 2026-10-07 05:13:00 AM NZDT),2026-10-07,06:49 AM,2026-10-07 05:13:00 AM NZDT,,,2026-10-07 01:44:30 PM NZDT,2026-10-06,2026-10-08,2026-10-06 | 2026-10-07 | 2026-10-08,3,COMPLETE,,,Normal Ekadashi,NORMAL,Ekadashi began before Arunodaya and has one valid Ekadashi sunrise. No two-day exception is triggered.,2026-10-07:VALID (start 2026-10-06 09:37:00 AM NZDT < Arunodaya 2026-10-07 05:13:00 AM NZDT),2026-10-07,,2026-10-08,DWADASHI,DWADASHI_OVER_BEFORE_SUNRISE,2026-10-08 06:47:00 AM NZDT,2026-10-08 09:19:36 AM NZDT,Dwadashi ended before sunrise; Parana is sunrise to Pratah end.
Wellington,Wellington,New Zealand,Pacific/Auckland,geoname:2179537,2179537,Indira Ekadashi,2026-10-06,"Indira Ekadashi - Wellington. Dashami ends and Ekadashi begins on 2026-10-06 09:37:00 AM NZDT. On 07-Oct-26, Sooryodaya is 06:46 AM and Arunodaya is 05:10 AM. Ekadashi is present at sunrise and had begun before Arunodaya, so this is a valid Ekadashi sunrise. Ekadashi ends on 2026-10-07 08:04:00 AM NZDT and does not remain through another sunrise. Ekadashi ends and Dwadashi begins on 2026-10-07 08:04:00 AM NZDT. Dwadashi is present at Sooryodaya on 08-Oct-26 (Sooryodaya 06:44 AM). Dwadashi ends and Trayodashi begins on 2026-10-08 06:46:00 AM NZDT. Therefore the Upavaasa is observed on 07-Oct-26. For Parana on 08-Oct-26, Sooryodaya is 06:44 AM, Pratah Kala ends at 09:18 AM, Dwadashi ends at 2026-10-08 06:46:00 AM NZDT, and Hari Vasara ends at 2026-10-07 01:44:30 PM NZDT. Hari Vasara ends before Sooryodaya, so there is no Hari-Vasara delay; Parana starts at Sooryodaya (06:44 AM). Dwadashi ends at 06:46 AM, before Pratah Kala ends at 09:18 AM; therefore Dwadashi end is the limiting end time. Hence Parana is 06:44 AM to 06:46 AM.",2026-10-06:Dashami | 2026-10-07:Ekadashi | 2026-10-08:Dwadashi,2026-10-06:Ashlesha | 2026-10-07:Magha | 2026-10-08:Purva Phalguni,2026-10-06 09:37:00 AM NZDT,2026-10-07 08:04:00 AM NZDT,2026-10-08 06:46:00 AM NZDT,2026-10-07,06:46 AM,2026-10-07 05:10:00 AM NZDT,2026-10-07,,2026-10-07:VALID (start 2026-10-06 09:37:00 AM NZDT < Arunodaya 2026-10-07 05:10:00 AM NZDT),2026-10-07,06:46 AM,2026-10-07 05:10:00 AM NZDT,2026-10-08,Purva Phalguni,2026-10-07 01:44:30 PM NZDT,2026-10-06,2026-10-08,2026-10-06 | 2026-10-07 | 2026-10-08,3,COMPLETE,,,Normal Ekadashi,NORMAL,Ekadashi began before Arunodaya and has one valid Ekadashi sunrise. No two-day exception is triggered.,2026-10-07:VALID (start 2026-10-06 09:37:00 AM NZDT < Arunodaya 2026-10-07 05:10:00 AM NZDT),2026-10-07,,2026-10-08,DWADASHI,PRATAH,2026-10-08 06:44:00 AM NZDT,2026-10-08 06:46:00 AM NZDT,Hari Vasara ended before Parana-day sunrise; Parana is sunrise to Pratah end.
Christchurch,Canterbury,New Zealand,Pacific/Auckland,geoname:2192362,2192362,Indira Ekadashi,2026-10-06,"Indira Ekadashi - Christchurch. Dashami ends and Ekadashi begins on 2026-10-06 09:37:00 AM NZDT. On 07-Oct-26, Sooryodaya is 06:52 AM and Arunodaya is 05:16 AM. Ekadashi is present at sunrise and had begun before Arunodaya, so this is a valid Ekadashi sunrise. Ekadashi ends on 2026-10-07 08:04:00 AM NZDT and does not remain through another sunrise. Ekadashi ends and Dwadashi begins on 2026-10-07 08:04:00 AM NZDT. Dwadashi ends and Trayodashi begins on 2026-10-08 06:46:00 AM NZDT. Therefore the Upavaasa is observed on 07-Oct-26. For Parana on 08-Oct-26, Sooryodaya is 06:51 AM, Pratah Kala ends at 09:26 AM, Dwadashi ends at 2026-10-08 06:46:00 AM NZDT, and Hari Vasara ends at 2026-10-07 01:44:30 PM NZDT. Dwadashi has already ended before Sooryodaya. Therefore Parana starts at Sooryodaya (06:51 AM) and continues to the end of Pratah Kala (09:26 AM). Hence Parana is 06:51 AM to 09:26 AM.",2026-10-06:Dashami | 2026-10-07:Ekadashi | 2026-10-08:Trayodashi,2026-10-06:Ashlesha | 2026-10-07:Magha | 2026-10-08:Purva Phalguni,2026-10-06 09:37:00 AM NZDT,2026-10-07 08:04:00 AM NZDT,2026-10-08 06:46:00 AM NZDT,2026-10-07,06:52 AM,2026-10-07 05:16:00 AM NZDT,2026-10-07,,2026-10-07:VALID (start 2026-10-06 09:37:00 AM NZDT < Arunodaya 2026-10-07 05:16:00 AM NZDT),2026-10-07,06:52 AM,2026-10-07 05:16:00 AM NZDT,,,2026-10-07 01:44:30 PM NZDT,2026-10-06,2026-10-08,2026-10-06 | 2026-10-07 | 2026-10-08,3,COMPLETE,,,Normal Ekadashi,NORMAL,Ekadashi began before Arunodaya and has one valid Ekadashi sunrise. No two-day exception is triggered.,2026-10-07:VALID (start 2026-10-06 09:37:00 AM NZDT < Arunodaya 2026-10-07 05:16:00 AM NZDT),2026-10-07,,2026-10-08,DWADASHI,DWADASHI_OVER_BEFORE_SUNRISE,2026-10-08 06:51:00 AM NZDT,2026-10-08 09:25:36 AM NZDT,Dwadashi ended before sunrise; Parana is sunrise to Pratah end.
Agartala,Tripura,India,Asia/Kolkata,geoname:1279290,1279290,Indira Ekadashi,2026-10-06,"Indira Ekadashi - Agartala. Dashami ends and Ekadashi begins on 2026-10-06 02:07:00 AM IST. On 06-Oct-26, Sooryodaya is 05:18 AM and Arunodaya is 03:42 AM. Ekadashi is present at sunrise and had begun before Arunodaya, so this is a valid Ekadashi sunrise. Ekadashi ends on 2026-10-07 12:34:00 AM IST and does not remain through another sunrise. Ekadashi ends and Dwadashi begins on 2026-10-07 12:34:00 AM IST. Dwadashi is present at Sooryodaya on 07-Oct-26 (Sooryodaya 05:19 AM). Dwadashi ends and Trayodashi begins on 2026-10-07 11:16:00 PM IST. Therefore the Upavaasa is observed on 06-Oct-26. For Parana on 07-Oct-26, Sooryodaya is 05:19 AM, Pratah Kala ends at 07:40 AM, Dwadashi ends at 2026-10-07 11:16:00 PM IST, and Hari Vasara ends at 2026-10-07 06:14:30 AM IST. Hari Vasara ends after Sooryodaya, at 06:15 AM, but still within Pratah Kala. Therefore Parana cannot start at sunrise and starts at Hari Vasara end (06:15 AM). Pratah Kala ends at 07:40 AM, before Dwadashi ends; therefore Pratah Kala end is the limiting end time. Hence Parana is 06:15 AM to 07:40 AM.",2026-10-05:Dashami | 2026-10-06:Ekadashi | 2026-10-07:Dwadashi,2026-10-05:Pushya | 2026-10-06:Ashlesha | 2026-10-07:Magha,2026-10-06 02:07:00 AM IST,2026-10-07 12:34:00 AM IST,2026-10-07 11:16:00 PM IST,2026-10-06,05:18 AM,2026-10-06 03:42:00 AM IST,2026-10-06,,2026-10-06:VALID (start 2026-10-06 02:07:00 AM IST < Arunodaya 2026-10-06 03:42:00 AM IST),2026-10-06,05:18 AM,2026-10-06 03:42:00 AM IST,2026-10-07,Magha,2026-10-07 06:14:30 AM IST,2026-10-05,2026-10-07,2026-10-05 | 2026-10-06 | 2026-10-07,3,COMPLETE,,,Normal Ekadashi,NORMAL,Ekadashi began before Arunodaya and has one valid Ekadashi sunrise. No two-day exception is triggered.,2026-10-06:VALID (start 2026-10-06 02:07:00 AM IST < Arunodaya 2026-10-06 03:42:00 AM IST),2026-10-06,,2026-10-07,DWADASHI,PRATAH,2026-10-07 06:14:30 AM IST,2026-10-07 07:40:24 AM IST,Hari Vasara ends during Pratah; Parana begins after Hari Vasara and ends at Pratah end.
Guwahati,Assam,India,Asia/Kolkata,geoname:1271476,1271476,Indira Ekadashi,2026-10-06,"Indira Ekadashi - Guwahati. Dashami ends and Ekadashi begins on 2026-10-06 02:07:00 AM IST. On 06-Oct-26, Sooryodaya is 05:17 AM and Arunodaya is 03:41 AM. Ekadashi is present at sunrise and had begun before Arunodaya, so this is a valid Ekadashi sunrise. Ekadashi ends on 2026-10-07 12:34:00 AM IST and does not remain through another sunrise. Ekadashi ends and Dwadashi begins on 2026-10-07 12:34:00 AM IST. Dwadashi is present at Sooryodaya on 07-Oct-26 (Sooryodaya 05:18 AM). Dwadashi ends and Trayodashi begins on 2026-10-07 11:16:00 PM IST. Therefore the Upavaasa is observed on 06-Oct-26. For Parana on 07-Oct-26, Sooryodaya is 05:18 AM, Pratah Kala ends at 07:39 AM, Dwadashi ends at 2026-10-07 11:16:00 PM IST, and Hari Vasara ends at 2026-10-07 06:14:30 AM IST. Hari Vasara ends after Sooryodaya, at 06:15 AM, but still within Pratah Kala. Therefore Parana cannot start at sunrise and starts at Hari Vasara end (06:15 AM). Pratah Kala ends at 07:39 AM, before Dwadashi ends; therefore Pratah Kala end is the limiting end time. Hence Parana is 06:15 AM to 07:39 AM.",2026-10-05:Dashami | 2026-10-06:Ekadashi | 2026-10-07:Dwadashi,2026-10-05:Pushya | 2026-10-06:Ashlesha | 2026-10-07:Magha,2026-10-06 02:07:00 AM IST,2026-10-07 12:34:00 AM IST,2026-10-07 11:16:00 PM IST,2026-10-06,05:17 AM,2026-10-06 03:41:00 AM IST,2026-10-06,,2026-10-06:VALID (start 2026-10-06 02:07:00 AM IST < Arunodaya 2026-10-06 03:41:00 AM IST),2026-10-06,05:17 AM,2026-10-06 03:41:00 AM IST,2026-10-07,Magha,2026-10-07 06:14:30 AM IST,2026-10-05,2026-10-07,2026-10-05 | 2026-10-06 | 2026-10-07,3,COMPLETE,,,Normal Ekadashi,NORMAL,Ekadashi began before Arunodaya and has one valid Ekadashi sunrise. No two-day exception is triggered.,2026-10-06:VALID (start 2026-10-06 02:07:00 AM IST < Arunodaya 2026-10-06 03:41:00 AM IST),2026-10-06,,2026-10-07,DWADASHI,PRATAH,2026-10-07 06:14:30 AM IST,2026-10-07 07:39:00 AM IST,Hari Vasara ends during Pratah; Parana begins after Hari Vasara and ends at Pratah end.
Shiliguri,West Bengal,India,Asia/Kolkata,geoname:1256525,1256525,Indira Ekadashi,2026-10-06,"Indira Ekadashi - Shiliguri. Dashami ends and Ekadashi begins on 2026-10-06 02:07:00 AM IST. On 06-Oct-26, Sooryodaya is 05:31 AM and Arunodaya is 03:55 AM. Ekadashi is present at sunrise and had begun before Arunodaya, so this is a valid Ekadashi sunrise. Ekadashi ends on 2026-10-07 12:34:00 AM IST and does not remain through another sunrise. Ekadashi ends and Dwadashi begins on 2026-10-07 12:34:00 AM IST. Dwadashi is present at Sooryodaya on 07-Oct-26 (Sooryodaya 05:31 AM). Dwadashi ends and Trayodashi begins on 2026-10-07 11:16:00 PM IST. Therefore the Upavaasa is observed on 06-Oct-26. For Parana on 07-Oct-26, Sooryodaya is 05:31 AM, Pratah Kala ends at 07:52 AM, Dwadashi ends at 2026-10-07 11:16:00 PM IST, and Hari Vasara ends at 2026-10-07 06:14:30 AM IST. Hari Vasara ends after Sooryodaya, at 06:15 AM, but still within Pratah Kala. Therefore Parana cannot start at sunrise and starts at Hari Vasara end (06:15 AM). Pratah Kala ends at 07:52 AM, before Dwadashi ends; therefore Pratah Kala end is the limiting end time. Hence Parana is 06:15 AM to 07:52 AM.",2026-10-05:Dashami | 2026-10-06:Ekadashi | 2026-10-07:Dwadashi,2026-10-05:Pushya | 2026-10-06:Ashlesha | 2026-10-07:Magha,2026-10-06 02:07:00 AM IST,2026-10-07 12:34:00 AM IST,2026-10-07 11:16:00 PM IST,2026-10-06,05:31 AM,2026-10-06 03:55:00 AM IST,2026-10-06,,2026-10-06:VALID (start 2026-10-06 02:07:00 AM IST < Arunodaya 2026-10-06 03:55:00 AM IST),2026-10-06,05:31 AM,2026-10-06 03:55:00 AM IST,2026-10-07,Magha,2026-10-07 06:14:30 AM IST,2026-10-05,2026-10-07,2026-10-05 | 2026-10-06 | 2026-10-07,3,COMPLETE,,,Normal Ekadashi,NORMAL,Ekadashi began before Arunodaya and has one valid Ekadashi sunrise. No two-day exception is triggered.,2026-10-06:VALID (start 2026-10-06 02:07:00 AM IST < Arunodaya 2026-10-06 03:55:00 AM IST),2026-10-06,,2026-10-07,DWADASHI,PRATAH,2026-10-07 06:14:30 AM IST,2026-10-07 07:52:00 AM IST,Hari Vasara ends during Pratah; Parana begins after Hari Vasara and ends at Pratah end.
Aizawl,Mizoram,India,Asia/Kolkata,geoname:1279186,1279186,Indira Ekadashi,2026-10-06,"Indira Ekadashi - Aizawl. Dashami ends and Ekadashi begins on 2026-10-06 02:07:00 AM IST. On 06-Oct-26, Sooryodaya is 05:13 AM and Arunodaya is 03:37 AM. Ekadashi is present at sunrise and had begun before Arunodaya, so this is a valid Ekadashi sunrise. Ekadashi ends on 2026-10-07 12:34:00 AM IST and does not remain through another sunrise. Ekadashi ends and Dwadashi begins on 2026-10-07 12:34:00 AM IST. Dwadashi is present at Sooryodaya on 07-Oct-26 (Sooryodaya 05:13 AM). Dwadashi ends and Trayodashi begins on 2026-10-07 11:16:00 PM IST. Therefore the Upavaasa is observed on 06-Oct-26. For Parana on 07-Oct-26, Sooryodaya is 05:13 AM, Pratah Kala ends at 07:35 AM, Dwadashi ends at 2026-10-07 11:16:00 PM IST, and Hari Vasara ends at 2026-10-07 06:14:30 AM IST. Hari Vasara ends after Sooryodaya, at 06:15 AM, but still within Pratah Kala. Therefore Parana cannot start at sunrise and starts at Hari Vasara end (06:15 AM). Pratah Kala ends at 07:35 AM, before Dwadashi ends; therefore Pratah Kala end is the limiting end time. Hence Parana is 06:15 AM to 07:35 AM.",2026-10-05:Dashami | 2026-10-06:Ekadashi | 2026-10-07:Dwadashi,2026-10-05:Pushya | 2026-10-06:Ashlesha | 2026-10-07:Magha,2026-10-06 02:07:00 AM IST,2026-10-07 12:34:00 AM IST,2026-10-07 11:16:00 PM IST,2026-10-06,05:13 AM,2026-10-06 03:37:00 AM IST,2026-10-06,,2026-10-06:VALID (start 2026-10-06 02:07:00 AM IST < Arunodaya 2026-10-06 03:37:00 AM IST),2026-10-06,05:13 AM,2026-10-06 03:37:00 AM IST,2026-10-07,Magha,2026-10-07 06:14:30 AM IST,2026-10-05,2026-10-07,2026-10-05 | 2026-10-06 | 2026-10-07,3,COMPLETE,,,Normal Ekadashi,NORMAL,Ekadashi began before Arunodaya and has one valid Ekadashi sunrise. No two-day exception is triggered.,2026-10-06:VALID (start 2026-10-06 02:07:00 AM IST < Arunodaya 2026-10-06 03:37:00 AM IST),2026-10-06,,2026-10-07,DWADASHI,PRATAH,2026-10-07 06:14:30 AM IST,2026-10-07 07:34:36 AM IST,Hari Vasara ends during Pratah; Parana begins after Hari Vasara and ends at Pratah end.
Gangtok,Sikkim,India,Asia/Kolkata,geoname:1271631,1271631,Indira Ekadashi,2026-10-06,"Indira Ekadashi - Gangtok. Dashami ends and Ekadashi begins on 2026-10-06 02:07:00 AM IST. On 06-Oct-26, Sooryodaya is 05:30 AM and Arunodaya is 03:54 AM. Ekadashi is present at sunrise and had begun before Arunodaya, so this is a valid Ekadashi sunrise. Ekadashi ends on 2026-10-07 12:34:00 AM IST and does not remain through another sunrise. Ekadashi ends and Dwadashi begins on 2026-10-07 12:34:00 AM IST. Dwadashi is present at Sooryodaya on 07-Oct-26 (Sooryodaya 05:31 AM). Dwadashi ends and Trayodashi begins on 2026-10-07 11:16:00 PM IST. Therefore the Upavaasa is observed on 06-Oct-26. For Parana on 07-Oct-26, Sooryodaya is 05:31 AM, Pratah Kala ends at 07:52 AM, Dwadashi ends at 2026-10-07 11:16:00 PM IST, and Hari Vasara ends at 2026-10-07 06:14:30 AM IST. Hari Vasara ends after Sooryodaya, at 06:15 AM, but still within Pratah Kala. Therefore Parana cannot start at sunrise and starts at Hari Vasara end (06:15 AM). Pratah Kala ends at 07:52 AM, before Dwadashi ends; therefore Pratah Kala end is the limiting end time. Hence Parana is 06:15 AM to 07:52 AM.",2026-10-05:Dashami | 2026-10-06:Ekadashi | 2026-10-07:Dwadashi,2026-10-05:Pushya | 2026-10-06:Ashlesha | 2026-10-07:Magha,2026-10-06 02:07:00 AM IST,2026-10-07 12:34:00 AM IST,2026-10-07 11:16:00 PM IST,2026-10-06,05:30 AM,2026-10-06 03:54:00 AM IST,2026-10-06,,2026-10-06:VALID (start 2026-10-06 02:07:00 AM IST < Arunodaya 2026-10-06 03:54:00 AM IST),2026-10-06,05:30 AM,2026-10-06 03:54:00 AM IST,2026-10-07,Magha,2026-10-07 06:14:30 AM IST,2026-10-05,2026-10-07,2026-10-05 | 2026-10-06 | 2026-10-07,3,COMPLETE,,,Normal Ekadashi,NORMAL,Ekadashi began before Arunodaya and has one valid Ekadashi sunrise. No two-day exception is triggered.,2026-10-06:VALID (start 2026-10-06 02:07:00 AM IST < Arunodaya 2026-10-06 03:54:00 AM IST),2026-10-06,,2026-10-07,DWADASHI,PRATAH,2026-10-07 06:14:30 AM IST,2026-10-07 07:51:48 AM IST,Hari Vasara ends during Pratah; Parana begins after Hari Vasara and ends at Pratah end.
Silchar,Assam,India,Asia/Kolkata,geoname:1256287,1256287,Indira Ekadashi,2026-10-06,"Indira Ekadashi - Silchar. Dashami ends and Ekadashi begins on 2026-10-06 02:07:00 AM IST. On 06-Oct-26, Sooryodaya is 05:13 AM and Arunodaya is 03:37 AM. Ekadashi is present at sunrise and had begun before Arunodaya, so this is a valid Ekadashi sunrise. Ekadashi ends on 2026-10-07 12:34:00 AM IST and does not remain through another sunrise. Ekadashi ends and Dwadashi begins on 2026-10-07 12:34:00 AM IST. Dwadashi is present at Sooryodaya on 07-Oct-26 (Sooryodaya 05:13 AM). Dwadashi ends and Trayodashi begins on 2026-10-07 11:16:00 PM IST. Therefore the Upavaasa is observed on 06-Oct-26. For Parana on 07-Oct-26, Sooryodaya is 05:13 AM, Pratah Kala ends at 07:34 AM, Dwadashi ends at 2026-10-07 11:16:00 PM IST, and Hari Vasara ends at 2026-10-07 06:14:30 AM IST. Hari Vasara ends after Sooryodaya, at 06:15 AM, but still within Pratah Kala. Therefore Parana cannot start at sunrise and starts at Hari Vasara end (06:15 AM). Pratah Kala ends at 07:34 AM, before Dwadashi ends; therefore Pratah Kala end is the limiting end time. Hence Parana is 06:15 AM to 07:34 AM.",2026-10-05:Dashami | 2026-10-06:Ekadashi | 2026-10-07:Dwadashi,2026-10-05:Pushya | 2026-10-06:Ashlesha | 2026-10-07:Magha,2026-10-06 02:07:00 AM IST,2026-10-07 12:34:00 AM IST,2026-10-07 11:16:00 PM IST,2026-10-06,05:13 AM,2026-10-06 03:37:00 AM IST,2026-10-06,,2026-10-06:VALID (start 2026-10-06 02:07:00 AM IST < Arunodaya 2026-10-06 03:37:00 AM IST),2026-10-06,05:13 AM,2026-10-06 03:37:00 AM IST,2026-10-07,Magha,2026-10-07 06:14:30 AM IST,2026-10-05,2026-10-07,2026-10-05 | 2026-10-06 | 2026-10-07,3,COMPLETE,,,Normal Ekadashi,NORMAL,Ekadashi began before Arunodaya and has one valid Ekadashi sunrise. No two-day exception is triggered.,2026-10-06:VALID (start 2026-10-06 02:07:00 AM IST < Arunodaya 2026-10-06 03:37:00 AM IST),2026-10-06,,2026-10-07,DWADASHI,PRATAH,2026-10-07 06:14:30 AM IST,2026-10-07 07:34:24 AM IST,Hari Vasara ends during Pratah; Parana begins after Hari Vasara and ends at Pratah end.
Dibrugarh,Assam,India,Asia/Kolkata,geoname:1272648,1272648,Indira Ekadashi,2026-10-06,"Indira Ekadashi - Dibrugarh. Dashami ends and Ekadashi begins on 2026-10-06 02:07:00 AM IST. On 06-Oct-26, Sooryodaya is 05:05 AM and Arunodaya is 03:29 AM. Ekadashi is present at sunrise and had begun before Arunodaya, so this is a valid Ekadashi sunrise. Ekadashi ends on 2026-10-07 12:34:00 AM IST and does not remain through another sunrise. Ekadashi ends and Dwadashi begins on 2026-10-07 12:34:00 AM IST. Dwadashi is present at Sooryodaya on 07-Oct-26 (Sooryodaya 05:06 AM). Dwadashi ends and Trayodashi begins on 2026-10-07 11:16:00 PM IST. Therefore the Upavaasa is observed on 06-Oct-26. For Parana on 07-Oct-26, Sooryodaya is 05:06 AM, Pratah Kala ends at 07:27 AM, Dwadashi ends at 2026-10-07 11:16:00 PM IST, and Hari Vasara ends at 2026-10-07 06:14:30 AM IST. Hari Vasara ends after Sooryodaya, at 06:15 AM, but still within Pratah Kala. Therefore Parana cannot start at sunrise and starts at Hari Vasara end (06:15 AM). Pratah Kala ends at 07:27 AM, before Dwadashi ends; therefore Pratah Kala end is the limiting end time. Hence Parana is 06:15 AM to 07:27 AM.",2026-10-05:Dashami | 2026-10-06:Ekadashi | 2026-10-07:Dwadashi,2026-10-05:Pushya | 2026-10-06:Ashlesha | 2026-10-07:Magha,2026-10-06 02:07:00 AM IST,2026-10-07 12:34:00 AM IST,2026-10-07 11:16:00 PM IST,2026-10-06,05:05 AM,2026-10-06 03:29:00 AM IST,2026-10-06,,2026-10-06:VALID (start 2026-10-06 02:07:00 AM IST < Arunodaya 2026-10-06 03:29:00 AM IST),2026-10-06,05:05 AM,2026-10-06 03:29:00 AM IST,2026-10-07,Magha,2026-10-07 06:14:30 AM IST,2026-10-05,2026-10-07,2026-10-05 | 2026-10-06 | 2026-10-07,3,COMPLETE,,,Normal Ekadashi,NORMAL,Ekadashi began before Arunodaya and has one valid Ekadashi sunrise. No two-day exception is triggered.,2026-10-06:VALID (start 2026-10-06 02:07:00 AM IST < Arunodaya 2026-10-06 03:29:00 AM IST),2026-10-06,,2026-10-07,DWADASHI,PRATAH,2026-10-07 06:14:30 AM IST,2026-10-07 07:26:48 AM IST,Hari Vasara ends during Pratah; Parana begins after Hari Vasara and ends at Pratah end.
Imphal,Manipur,India,Asia/Kolkata,geoname:1269771,1269771,Indira Ekadashi,2026-10-06,"Indira Ekadashi - Imphal. Dashami ends and Ekadashi begins on 2026-10-06 02:07:00 AM IST. On 06-Oct-26, Sooryodaya is 05:08 AM and Arunodaya is 03:32 AM. Ekadashi is present at sunrise and had begun before Arunodaya, so this is a valid Ekadashi sunrise. Ekadashi ends on 2026-10-07 12:34:00 AM IST and does not remain through another sunrise. Ekadashi ends and Dwadashi begins on 2026-10-07 12:34:00 AM IST. Dwadashi is present at Sooryodaya on 07-Oct-26 (Sooryodaya 05:08 AM). Dwadashi ends and Trayodashi begins on 2026-10-07 11:16:00 PM IST. Therefore the Upavaasa is observed on 06-Oct-26. For Parana on 07-Oct-26, Sooryodaya is 05:08 AM, Pratah Kala ends at 07:29 AM, Dwadashi ends at 2026-10-07 11:16:00 PM IST, and Hari Vasara ends at 2026-10-07 06:14:30 AM IST. Hari Vasara ends after Sooryodaya, at 06:15 AM, but still within Pratah Kala. Therefore Parana cannot start at sunrise and starts at Hari Vasara end (06:15 AM). Pratah Kala ends at 07:29 AM, before Dwadashi ends; therefore Pratah Kala end is the limiting end time. Hence Parana is 06:15 AM to 07:29 AM.",2026-10-05:Dashami | 2026-10-06:Ekadashi | 2026-10-07:Dwadashi,2026-10-05:Pushya | 2026-10-06:Ashlesha | 2026-10-07:Magha,2026-10-06 02:07:00 AM IST,2026-10-07 12:34:00 AM IST,2026-10-07 11:16:00 PM IST,2026-10-06,05:08 AM,2026-10-06 03:32:00 AM IST,2026-10-06,,2026-10-06:VALID (start 2026-10-06 02:07:00 AM IST < Arunodaya 2026-10-06 03:32:00 AM IST),2026-10-06,05:08 AM,2026-10-06 03:32:00 AM IST,2026-10-07,Magha,2026-10-07 06:14:30 AM IST,2026-10-05,2026-10-07,2026-10-05 | 2026-10-06 | 2026-10-07,3,COMPLETE,,,Normal Ekadashi,NORMAL,Ekadashi began before Arunodaya and has one valid Ekadashi sunrise. No two-day exception is triggered.,2026-10-06:VALID (start 2026-10-06 02:07:00 AM IST < Arunodaya 2026-10-06 03:32:00 AM IST),2026-10-06,,2026-10-07,DWADASHI,PRATAH,2026-10-07 06:14:30 AM IST,2026-10-07 07:29:24 AM IST,Hari Vasara ends during Pratah; Parana begins after Hari Vasara and ends at Pratah end.
Dimapur,Nagaland,India,Asia/Kolkata,geoname:1272552,1272552,Indira Ekadashi,2026-10-06,"Indira Ekadashi - Dimapur. Dashami ends and Ekadashi begins on 2026-10-06 02:07:00 AM IST. On 06-Oct-26, Sooryodaya is 05:09 AM and Arunodaya is 03:33 AM. Ekadashi is present at sunrise and had begun before Arunodaya, so this is a valid Ekadashi sunrise. Ekadashi ends on 2026-10-07 12:34:00 AM IST and does not remain through another sunrise. Ekadashi ends and Dwadashi begins on 2026-10-07 12:34:00 AM IST. Dwadashi is present at Sooryodaya on 07-Oct-26 (Sooryodaya 05:10 AM). Dwadashi ends and Trayodashi begins on 2026-10-07 11:16:00 PM IST. Therefore the Upavaasa is observed on 06-Oct-26. For Parana on 07-Oct-26, Sooryodaya is 05:10 AM, Pratah Kala ends at 07:31 AM, Dwadashi ends at 2026-10-07 11:16:00 PM IST, and Hari Vasara ends at 2026-10-07 06:14:30 AM IST. Hari Vasara ends after Sooryodaya, at 06:15 AM, but still within Pratah Kala. Therefore Parana cannot start at sunrise and starts at Hari Vasara end (06:15 AM). Pratah Kala ends at 07:31 AM, before Dwadashi ends; therefore Pratah Kala end is the limiting end time. Hence Parana is 06:15 AM to 07:31 AM.",2026-10-05:Dashami | 2026-10-06:Ekadashi | 2026-10-07:Dwadashi,2026-10-05:Pushya | 2026-10-06:Ashlesha | 2026-10-07:Magha,2026-10-06 02:07:00 AM IST,2026-10-07 12:34:00 AM IST,2026-10-07 11:16:00 PM IST,2026-10-06,05:09 AM,2026-10-06 03:33:00 AM IST,2026-10-06,,2026-10-06:VALID (start 2026-10-06 02:07:00 AM IST < Arunodaya 2026-10-06 03:33:00 AM IST),2026-10-06,05:09 AM,2026-10-06 03:33:00 AM IST,2026-10-07,Magha,2026-10-07 06:14:30 AM IST,2026-10-05,2026-10-07,2026-10-05 | 2026-10-06 | 2026-10-07,3,COMPLETE,,,Normal Ekadashi,NORMAL,Ekadashi began before Arunodaya and has one valid Ekadashi sunrise. No two-day exception is triggered.,2026-10-06:VALID (start 2026-10-06 02:07:00 AM IST < Arunodaya 2026-10-06 03:33:00 AM IST),2026-10-06,,2026-10-07,DWADASHI,PRATAH,2026-10-07 06:14:30 AM IST,2026-10-07 07:31:12 AM IST,Hari Vasara ends during Pratah; Parana begins after Hari Vasara and ends at Pratah end.
Itanagar,Arunachal Pradesh,India,Asia/Kolkata,geoname:1269655,1269655,Indira Ekadashi,2026-10-06,"Indira Ekadashi - Itanagar. Dashami ends and Ekadashi begins on 2026-10-06 02:07:00 AM IST. On 06-Oct-26, Sooryodaya is 05:10 AM and Arunodaya is 03:34 AM. Ekadashi is present at sunrise and had begun before Arunodaya, so this is a valid Ekadashi sunrise. Ekadashi ends on 2026-10-07 12:34:00 AM IST and does not remain through another sunrise. Ekadashi ends and Dwadashi begins on 2026-10-07 12:34:00 AM IST. Dwadashi is present at Sooryodaya on 07-Oct-26 (Sooryodaya 05:11 AM). Dwadashi ends and Trayodashi begins on 2026-10-07 11:16:00 PM IST. Therefore the Upavaasa is observed on 06-Oct-26. For Parana on 07-Oct-26, Sooryodaya is 05:11 AM, Pratah Kala ends at 07:32 AM, Dwadashi ends at 2026-10-07 11:16:00 PM IST, and Hari Vasara ends at 2026-10-07 06:14:30 AM IST. Hari Vasara ends after Sooryodaya, at 06:15 AM, but still within Pratah Kala. Therefore Parana cannot start at sunrise and starts at Hari Vasara end (06:15 AM). Pratah Kala ends at 07:32 AM, before Dwadashi ends; therefore Pratah Kala end is the limiting end time. Hence Parana is 06:15 AM to 07:32 AM.",2026-10-05:Dashami | 2026-10-06:Ekadashi | 2026-10-07:Dwadashi,2026-10-05:Pushya | 2026-10-06:Ashlesha | 2026-10-07:Magha,2026-10-06 02:07:00 AM IST,2026-10-07 12:34:00 AM IST,2026-10-07 11:16:00 PM IST,2026-10-06,05:10 AM,2026-10-06 03:34:00 AM IST,2026-10-06,,2026-10-06:VALID (start 2026-10-06 02:07:00 AM IST < Arunodaya 2026-10-06 03:34:00 AM IST),2026-10-06,05:10 AM,2026-10-06 03:34:00 AM IST,2026-10-07,Magha,2026-10-07 06:14:30 AM IST,2026-10-05,2026-10-07,2026-10-05 | 2026-10-06 | 2026-10-07,3,COMPLETE,,,Normal Ekadashi,NORMAL,Ekadashi began before Arunodaya and has one valid Ekadashi sunrise. No two-day exception is triggered.,2026-10-06:VALID (start 2026-10-06 02:07:00 AM IST < Arunodaya 2026-10-06 03:34:00 AM IST),2026-10-06,,2026-10-07,DWADASHI,PRATAH,2026-10-07 06:14:30 AM IST,2026-10-07 07:32:00 AM IST,Hari Vasara ends during Pratah; Parana begins after Hari Vasara and ends at Pratah end.
Madurai,Tamil Nadu,India,Asia/Kolkata,geoname:1264521,1264521,Indira Ekadashi,2026-10-06,"Indira Ekadashi - Madurai. Dashami ends and Ekadashi begins on 2026-10-06 02:07:00 AM IST. On 06-Oct-26, Sooryodaya is 06:06 AM and Arunodaya is 04:30 AM. Ekadashi is present at sunrise and had begun before Arunodaya, so this is a valid Ekadashi sunrise. Ekadashi ends on 2026-10-07 12:34:00 AM IST and does not remain through another sunrise. Ekadashi ends and Dwadashi begins on 2026-10-07 12:34:00 AM IST. Dwadashi is present at Sooryodaya on 07-Oct-26 (Sooryodaya 06:06 AM). Dwadashi ends and Trayodashi begins on 2026-10-07 11:16:00 PM IST. Therefore the Upavaasa is observed on 06-Oct-26. For Parana on 07-Oct-26, Sooryodaya is 06:06 AM, Pratah Kala ends at 08:30 AM, Dwadashi ends at 2026-10-07 11:16:00 PM IST, and Hari Vasara ends at 2026-10-07 06:14:30 AM IST. Hari Vasara ends after Sooryodaya, at 06:15 AM, but still within Pratah Kala. Therefore Parana cannot start at sunrise and starts at Hari Vasara end (06:15 AM). Pratah Kala ends at 08:30 AM, before Dwadashi ends; therefore Pratah Kala end is the limiting end time. Hence Parana is 06:15 AM to 08:30 AM.",2026-10-05:Dashami | 2026-10-06:Ekadashi | 2026-10-07:Dwadashi,2026-10-05:Pushya | 2026-10-06:Ashlesha | 2026-10-07:Magha,2026-10-06 02:07:00 AM IST,2026-10-07 12:34:00 AM IST,2026-10-07 11:16:00 PM IST,2026-10-06,06:06 AM,2026-10-06 04:30:00 AM IST,2026-10-06,,2026-10-06:VALID (start 2026-10-06 02:07:00 AM IST < Arunodaya 2026-10-06 04:30:00 AM IST),2026-10-06,06:06 AM,2026-10-06 04:30:00 AM IST,2026-10-07,Magha,2026-10-07 06:14:30 AM IST,2026-10-05,2026-10-07,2026-10-05 | 2026-10-06 | 2026-10-07,3,COMPLETE,,,Normal Ekadashi,NORMAL,Ekadashi began before Arunodaya and has one valid Ekadashi sunrise. No two-day exception is triggered.,2026-10-06:VALID (start 2026-10-06 02:07:00 AM IST < Arunodaya 2026-10-06 04:30:00 AM IST),2026-10-06,,2026-10-07,DWADASHI,PRATAH,2026-10-07 06:14:30 AM IST,2026-10-07 08:29:48 AM IST,Hari Vasara ends during Pratah; Parana begins after Hari Vasara and ends at Pratah end.
Kumbakonam,Tamil Nadu,India,Asia/Kolkata,geoname:1265683,1265683,Indira Ekadashi,2026-10-06,"Indira Ekadashi - Kumbakonam. Dashami ends and Ekadashi begins on 2026-10-06 02:07:00 AM IST. On 06-Oct-26, Sooryodaya is 06:01 AM and Arunodaya is 04:25 AM. Ekadashi is present at sunrise and had begun before Arunodaya, so this is a valid Ekadashi sunrise. Ekadashi ends on 2026-10-07 12:34:00 AM IST and does not remain through another sunrise. Ekadashi ends and Dwadashi begins on 2026-10-07 12:34:00 AM IST. Dwadashi is present at Sooryodaya on 07-Oct-26 (Sooryodaya 06:01 AM). Dwadashi ends and Trayodashi begins on 2026-10-07 11:16:00 PM IST. Therefore the Upavaasa is observed on 06-Oct-26. For Parana on 07-Oct-26, Sooryodaya is 06:01 AM, Pratah Kala ends at 08:25 AM, Dwadashi ends at 2026-10-07 11:16:00 PM IST, and Hari Vasara ends at 2026-10-07 06:14:30 AM IST. Hari Vasara ends after Sooryodaya, at 06:15 AM, but still within Pratah Kala. Therefore Parana cannot start at sunrise and starts at Hari Vasara end (06:15 AM). Pratah Kala ends at 08:25 AM, before Dwadashi ends; therefore Pratah Kala end is the limiting end time. Hence Parana is 06:15 AM to 08:25 AM.",2026-10-05:Dashami | 2026-10-06:Ekadashi | 2026-10-07:Dwadashi,2026-10-05:Pushya | 2026-10-06:Ashlesha | 2026-10-07:Magha,2026-10-06 02:07:00 AM IST,2026-10-07 12:34:00 AM IST,2026-10-07 11:16:00 PM IST,2026-10-06,06:01 AM,2026-10-06 04:25:00 AM IST,2026-10-06,,2026-10-06:VALID (start 2026-10-06 02:07:00 AM IST < Arunodaya 2026-10-06 04:25:00 AM IST),2026-10-06,06:01 AM,2026-10-06 04:25:00 AM IST,2026-10-07,Magha,2026-10-07 06:14:30 AM IST,2026-10-05,2026-10-07,2026-10-05 | 2026-10-06 | 2026-10-07,3,COMPLETE,,,Normal Ekadashi,NORMAL,Ekadashi began before Arunodaya and has one valid Ekadashi sunrise. No two-day exception is triggered.,2026-10-06:VALID (start 2026-10-06 02:07:00 AM IST < Arunodaya 2026-10-06 04:25:00 AM IST),2026-10-06,,2026-10-07,DWADASHI,PRATAH,2026-10-07 06:14:30 AM IST,2026-10-07 08:24:36 AM IST,Hari Vasara ends during Pratah; Parana begins after Hari Vasara and ends at Pratah end.
Chidambaram,Tamil Nadu,India,Asia/Kolkata,geoname:1274256,1274256,Indira Ekadashi,2026-10-06,"Indira Ekadashi - Chidambaram. Dashami ends and Ekadashi begins on 2026-10-06 02:07:00 AM IST. On 06-Oct-26, Sooryodaya is 06:00 AM and Arunodaya is 04:24 AM. Ekadashi is present at sunrise and had begun before Arunodaya, so this is a valid Ekadashi sunrise. Ekadashi ends on 2026-10-07 12:34:00 AM IST and does not remain through another sunrise. Ekadashi ends and Dwadashi begins on 2026-10-07 12:34:00 AM IST. Dwadashi is present at Sooryodaya on 07-Oct-26 (Sooryodaya 06:00 AM). Dwadashi ends and Trayodashi begins on 2026-10-07 11:16:00 PM IST. Therefore the Upavaasa is observed on 06-Oct-26. For Parana on 07-Oct-26, Sooryodaya is 06:00 AM, Pratah Kala ends at 08:24 AM, Dwadashi ends at 2026-10-07 11:16:00 PM IST, and Hari Vasara ends at 2026-10-07 06:14:30 AM IST. Hari Vasara ends after Sooryodaya, at 06:15 AM, but still within Pratah Kala. Therefore Parana cannot start at sunrise and starts at Hari Vasara end (06:15 AM). Pratah Kala ends at 08:24 AM, before Dwadashi ends; therefore Pratah Kala end is the limiting end time. Hence Parana is 06:15 AM to 08:24 AM.",2026-10-05:Dashami | 2026-10-06:Ekadashi | 2026-10-07:Dwadashi,2026-10-05:Pushya | 2026-10-06:Ashlesha | 2026-10-07:Magha,2026-10-06 02:07:00 AM IST,2026-10-07 12:34:00 AM IST,2026-10-07 11:16:00 PM IST,2026-10-06,06:00 AM,2026-10-06 04:24:00 AM IST,2026-10-06,,2026-10-06:VALID (start 2026-10-06 02:07:00 AM IST < Arunodaya 2026-10-06 04:24:00 AM IST),2026-10-06,06:00 AM,2026-10-06 04:24:00 AM IST,2026-10-07,Magha,2026-10-07 06:14:30 AM IST,2026-10-05,2026-10-07,2026-10-05 | 2026-10-06 | 2026-10-07,3,COMPLETE,,,Normal Ekadashi,NORMAL,Ekadashi began before Arunodaya and has one valid Ekadashi sunrise. No two-day exception is triggered.,2026-10-06:VALID (start 2026-10-06 02:07:00 AM IST < Arunodaya 2026-10-06 04:24:00 AM IST),2026-10-06,,2026-10-07,DWADASHI,PRATAH,2026-10-07 06:14:30 AM IST,2026-10-07 08:23:36 AM IST,Hari Vasara ends during Pratah; Parana begins after Hari Vasara and ends at Pratah end.
Kanchipuram,Tamil Nadu,India,Asia/Kolkata,geoname:1268159,1268159,Indira Ekadashi,2026-10-06,"Indira Ekadashi - Kanchipuram. Dashami ends and Ekadashi begins on 2026-10-06 02:07:00 AM IST. On 06-Oct-26, Sooryodaya is 06:01 AM and Arunodaya is 04:25 AM. Ekadashi is present at sunrise and had begun before Arunodaya, so this is a valid Ekadashi sunrise. Ekadashi ends on 2026-10-07 12:34:00 AM IST and does not remain through another sunrise. Ekadashi ends and Dwadashi begins on 2026-10-07 12:34:00 AM IST. Dwadashi is present at Sooryodaya on 07-Oct-26 (Sooryodaya 06:01 AM). Dwadashi ends and Trayodashi begins on 2026-10-07 11:16:00 PM IST. Therefore the Upavaasa is observed on 06-Oct-26. For Parana on 07-Oct-26, Sooryodaya is 06:01 AM, Pratah Kala ends at 08:24 AM, Dwadashi ends at 2026-10-07 11:16:00 PM IST, and Hari Vasara ends at 2026-10-07 06:14:30 AM IST. Hari Vasara ends after Sooryodaya, at 06:15 AM, but still within Pratah Kala. Therefore Parana cannot start at sunrise and starts at Hari Vasara end (06:15 AM). Pratah Kala ends at 08:24 AM, before Dwadashi ends; therefore Pratah Kala end is the limiting end time. Hence Parana is 06:15 AM to 08:24 AM.",2026-10-05:Dashami | 2026-10-06:Ekadashi | 2026-10-07:Dwadashi,2026-10-05:Pushya | 2026-10-06:Ashlesha | 2026-10-07:Magha,2026-10-06 02:07:00 AM IST,2026-10-07 12:34:00 AM IST,2026-10-07 11:16:00 PM IST,2026-10-06,06:01 AM,2026-10-06 04:25:00 AM IST,2026-10-06,,2026-10-06:VALID (start 2026-10-06 02:07:00 AM IST < Arunodaya 2026-10-06 04:25:00 AM IST),2026-10-06,06:01 AM,2026-10-06 04:25:00 AM IST,2026-10-07,Magha,2026-10-07 06:14:30 AM IST,2026-10-05,2026-10-07,2026-10-05 | 2026-10-06 | 2026-10-07,3,COMPLETE,,,Normal Ekadashi,NORMAL,Ekadashi began before Arunodaya and has one valid Ekadashi sunrise. No two-day exception is triggered.,2026-10-06:VALID (start 2026-10-06 02:07:00 AM IST < Arunodaya 2026-10-06 04:25:00 AM IST),2026-10-06,,2026-10-07,DWADASHI,PRATAH,2026-10-07 06:14:30 AM IST,2026-10-07 08:24:12 AM IST,Hari Vasara ends during Pratah; Parana begins after Hari Vasara and ends at Pratah end.
Srirangam,Tamil Nadu,India,Asia/Kolkata,geoname:1254388,1254388,Indira Ekadashi,2026-10-06,"Indira Ekadashi - Srirangam. Dashami ends and Ekadashi begins on 2026-10-06 02:07:00 AM IST. On 06-Oct-26, Sooryodaya is 06:04 AM and Arunodaya is 04:28 AM. Ekadashi is present at sunrise and had begun before Arunodaya, so this is a valid Ekadashi sunrise. Ekadashi ends on 2026-10-07 12:34:00 AM IST and does not remain through another sunrise. Ekadashi ends and Dwadashi begins on 2026-10-07 12:34:00 AM IST. Dwadashi is present at Sooryodaya on 07-Oct-26 (Sooryodaya 06:04 AM). Dwadashi ends and Trayodashi begins on 2026-10-07 11:16:00 PM IST. Therefore the Upavaasa is observed on 06-Oct-26. For Parana on 07-Oct-26, Sooryodaya is 06:04 AM, Pratah Kala ends at 08:28 AM, Dwadashi ends at 2026-10-07 11:16:00 PM IST, and Hari Vasara ends at 2026-10-07 06:14:30 AM IST. Hari Vasara ends after Sooryodaya, at 06:15 AM, but still within Pratah Kala. Therefore Parana cannot start at sunrise and starts at Hari Vasara end (06:15 AM). Pratah Kala ends at 08:28 AM, before Dwadashi ends; therefore Pratah Kala end is the limiting end time. Hence Parana is 06:15 AM to 08:28 AM.",2026-10-05:Dashami | 2026-10-06:Ekadashi | 2026-10-07:Dwadashi,2026-10-05:Pushya | 2026-10-06:Ashlesha | 2026-10-07:Magha,2026-10-06 02:07:00 AM IST,2026-10-07 12:34:00 AM IST,2026-10-07 11:16:00 PM IST,2026-10-06,06:04 AM,2026-10-06 04:28:00 AM IST,2026-10-06,,2026-10-06:VALID (start 2026-10-06 02:07:00 AM IST < Arunodaya 2026-10-06 04:28:00 AM IST),2026-10-06,06:04 AM,2026-10-06 04:28:00 AM IST,2026-10-07,Magha,2026-10-07 06:14:30 AM IST,2026-10-05,2026-10-07,2026-10-05 | 2026-10-06 | 2026-10-07,3,COMPLETE,,,Normal Ekadashi,NORMAL,Ekadashi began before Arunodaya and has one valid Ekadashi sunrise. No two-day exception is triggered.,2026-10-06:VALID (start 2026-10-06 02:07:00 AM IST < Arunodaya 2026-10-06 04:28:00 AM IST),2026-10-06,,2026-10-07,DWADASHI,PRATAH,2026-10-07 06:14:30 AM IST,2026-10-07 08:27:36 AM IST,Hari Vasara ends during Pratah; Parana begins after Hari Vasara and ends at Pratah end.
Guruvayur,Kerala,India,Asia/Kolkata,geoname:1270603,1270603,Indira Ekadashi,2026-10-06,"Indira Ekadashi - Guruvayur. Dashami ends and Ekadashi begins on 2026-10-06 02:07:00 AM IST. On 06-Oct-26, Sooryodaya is 06:14 AM and Arunodaya is 04:38 AM. Ekadashi is present at sunrise and had begun before Arunodaya, so this is a valid Ekadashi sunrise. Ekadashi ends on 2026-10-07 12:34:00 AM IST and does not remain through another sunrise. Ekadashi ends and Dwadashi begins on 2026-10-07 12:34:00 AM IST. Dwadashi is present at Sooryodaya on 07-Oct-26 (Sooryodaya 06:14 AM). Dwadashi ends and Trayodashi begins on 2026-10-07 11:16:00 PM IST. Therefore the Upavaasa is observed on 06-Oct-26. For Parana on 07-Oct-26, Sooryodaya is 06:14 AM, Pratah Kala ends at 08:38 AM, Dwadashi ends at 2026-10-07 11:16:00 PM IST, and Hari Vasara ends at 2026-10-07 06:14:30 AM IST. Hari Vasara ends after Sooryodaya, at 06:15 AM, but still within Pratah Kala. Therefore Parana cannot start at sunrise and starts at Hari Vasara end (06:15 AM). Pratah Kala ends at 08:38 AM, before Dwadashi ends; therefore Pratah Kala end is the limiting end time. Hence Parana is 06:15 AM to 08:38 AM.",2026-10-05:Dashami | 2026-10-06:Ekadashi | 2026-10-07:Dwadashi,2026-10-05:Pushya | 2026-10-06:Ashlesha | 2026-10-07:Magha,2026-10-06 02:07:00 AM IST,2026-10-07 12:34:00 AM IST,2026-10-07 11:16:00 PM IST,2026-10-06,06:14 AM,2026-10-06 04:38:00 AM IST,2026-10-06,,2026-10-06:VALID (start 2026-10-06 02:07:00 AM IST < Arunodaya 2026-10-06 04:38:00 AM IST),2026-10-06,06:14 AM,2026-10-06 04:38:00 AM IST,2026-10-07,Magha,2026-10-07 06:14:30 AM IST,2026-10-05,2026-10-07,2026-10-05 | 2026-10-06 | 2026-10-07,3,COMPLETE,,,Normal Ekadashi,NORMAL,Ekadashi began before Arunodaya and has one valid Ekadashi sunrise. No two-day exception is triggered.,2026-10-06:VALID (start 2026-10-06 02:07:00 AM IST < Arunodaya 2026-10-06 04:38:00 AM IST),2026-10-06,,2026-10-07,DWADASHI,PRATAH,2026-10-07 06:14:30 AM IST,2026-10-07 08:37:48 AM IST,Hari Vasara ends during Pratah; Parana begins after Hari Vasara and ends at Pratah end.
Pandharpur,Maharashtra,India,Asia/Kolkata,geoname:1260546,1260546,Indira Ekadashi,2026-10-06,"Indira Ekadashi - Pandharpur. Dashami ends and Ekadashi begins on 2026-10-06 02:07:00 AM IST. On 06-Oct-26, Sooryodaya is 06:20 AM and Arunodaya is 04:44 AM. Ekadashi is present at sunrise and had begun before Arunodaya, so this is a valid Ekadashi sunrise. Ekadashi ends on 2026-10-07 12:34:00 AM IST and does not remain through another sunrise. Ekadashi ends and Dwadashi begins on 2026-10-07 12:34:00 AM IST. Dwadashi is present at Sooryodaya on 07-Oct-26 (Sooryodaya 06:20 AM). Dwadashi ends and Trayodashi begins on 2026-10-07 11:16:00 PM IST. Therefore the Upavaasa is observed on 06-Oct-26. For Parana on 07-Oct-26, Sooryodaya is 06:20 AM, Pratah Kala ends at 08:43 AM, Dwadashi ends at 2026-10-07 11:16:00 PM IST, and Hari Vasara ends at 2026-10-07 06:14:30 AM IST. Hari Vasara ends before Sooryodaya, so there is no Hari-Vasara delay; Parana starts at Sooryodaya (06:20 AM). Pratah Kala ends at 08:43 AM, before Dwadashi ends; therefore Pratah Kala end is the limiting end time. Hence Parana is 06:20 AM to 08:43 AM.",2026-10-05:Dashami | 2026-10-06:Ekadashi | 2026-10-07:Dwadashi,2026-10-05:Pushya | 2026-10-06:Ashlesha | 2026-10-07:Magha,2026-10-06 02:07:00 AM IST,2026-10-07 12:34:00 AM IST,2026-10-07 11:16:00 PM IST,2026-10-06,06:20 AM,2026-10-06 04:44:00 AM IST,2026-10-06,,2026-10-06:VALID (start 2026-10-06 02:07:00 AM IST < Arunodaya 2026-10-06 04:44:00 AM IST),2026-10-06,06:20 AM,2026-10-06 04:44:00 AM IST,2026-10-07,Magha,2026-10-07 06:14:30 AM IST,2026-10-05,2026-10-07,2026-10-05 | 2026-10-06 | 2026-10-07,3,COMPLETE,,,Normal Ekadashi,NORMAL,Ekadashi began before Arunodaya and has one valid Ekadashi sunrise. No two-day exception is triggered.,2026-10-06:VALID (start 2026-10-06 02:07:00 AM IST < Arunodaya 2026-10-06 04:44:00 AM IST),2026-10-06,,2026-10-07,DWADASHI,PRATAH,2026-10-07 06:20:00 AM IST,2026-10-07 08:42:36 AM IST,Hari Vasara ended before Parana-day sunrise; Parana is sunrise to Pratah end.
Kolhapur,Maharashtra,India,Asia/Kolkata,geoname:1266285,1266285,Indira Ekadashi,2026-10-06,"Indira Ekadashi - Kolhapur. Dashami ends and Ekadashi begins on 2026-10-06 02:07:00 AM IST. On 06-Oct-26, Sooryodaya is 06:24 AM and Arunodaya is 04:48 AM. Ekadashi is present at sunrise and had begun before Arunodaya, so this is a valid Ekadashi sunrise. Ekadashi ends on 2026-10-07 12:34:00 AM IST and does not remain through another sunrise. Ekadashi ends and Dwadashi begins on 2026-10-07 12:34:00 AM IST. Dwadashi is present at Sooryodaya on 07-Oct-26 (Sooryodaya 06:24 AM). Dwadashi ends and Trayodashi begins on 2026-10-07 11:16:00 PM IST. Therefore the Upavaasa is observed on 06-Oct-26. For Parana on 07-Oct-26, Sooryodaya is 06:24 AM, Pratah Kala ends at 08:47 AM, Dwadashi ends at 2026-10-07 11:16:00 PM IST, and Hari Vasara ends at 2026-10-07 06:14:30 AM IST. Hari Vasara ends before Sooryodaya, so there is no Hari-Vasara delay; Parana starts at Sooryodaya (06:24 AM). Pratah Kala ends at 08:47 AM, before Dwadashi ends; therefore Pratah Kala end is the limiting end time. Hence Parana is 06:24 AM to 08:47 AM.",2026-10-05:Dashami | 2026-10-06:Ekadashi | 2026-10-07:Dwadashi,2026-10-05:Pushya | 2026-10-06:Ashlesha | 2026-10-07:Magha,2026-10-06 02:07:00 AM IST,2026-10-07 12:34:00 AM IST,2026-10-07 11:16:00 PM IST,2026-10-06,06:24 AM,2026-10-06 04:48:00 AM IST,2026-10-06,,2026-10-06:VALID (start 2026-10-06 02:07:00 AM IST < Arunodaya 2026-10-06 04:48:00 AM IST),2026-10-06,06:24 AM,2026-10-06 04:48:00 AM IST,2026-10-07,Magha,2026-10-07 06:14:30 AM IST,2026-10-05,2026-10-07,2026-10-05 | 2026-10-06 | 2026-10-07,3,COMPLETE,,,Normal Ekadashi,NORMAL,Ekadashi began before Arunodaya and has one valid Ekadashi sunrise. No two-day exception is triggered.,2026-10-06:VALID (start 2026-10-06 02:07:00 AM IST < Arunodaya 2026-10-06 04:48:00 AM IST),2026-10-06,,2026-10-07,DWADASHI,PRATAH,2026-10-07 06:24:00 AM IST,2026-10-07 08:46:48 AM IST,Hari Vasara ended before Parana-day sunrise; Parana is sunrise to Pratah end.
Nagpur,Maharashtra,India,Asia/Kolkata,geoname:1262180,1262180,Indira Ekadashi,2026-10-06,"Indira Ekadashi - Nagpur. Dashami ends and Ekadashi begins on 2026-10-06 02:07:00 AM IST. On 06-Oct-26, Sooryodaya is 06:06 AM and Arunodaya is 04:30 AM. Ekadashi is present at sunrise and had begun before Arunodaya, so this is a valid Ekadashi sunrise. Ekadashi ends on 2026-10-07 12:34:00 AM IST and does not remain through another sunrise. Ekadashi ends and Dwadashi begins on 2026-10-07 12:34:00 AM IST. Dwadashi is present at Sooryodaya on 07-Oct-26 (Sooryodaya 06:06 AM). Dwadashi ends and Trayodashi begins on 2026-10-07 11:16:00 PM IST. Therefore the Upavaasa is observed on 06-Oct-26. For Parana on 07-Oct-26, Sooryodaya is 06:06 AM, Pratah Kala ends at 08:28 AM, Dwadashi ends at 2026-10-07 11:16:00 PM IST, and Hari Vasara ends at 2026-10-07 06:14:30 AM IST. Hari Vasara ends after Sooryodaya, at 06:15 AM, but still within Pratah Kala. Therefore Parana cannot start at sunrise and starts at Hari Vasara end (06:15 AM). Pratah Kala ends at 08:28 AM, before Dwadashi ends; therefore Pratah Kala end is the limiting end time. Hence Parana is 06:15 AM to 08:28 AM.",2026-10-05:Dashami | 2026-10-06:Ekadashi | 2026-10-07:Dwadashi,2026-10-05:Pushya | 2026-10-06:Ashlesha | 2026-10-07:Magha,2026-10-06 02:07:00 AM IST,2026-10-07 12:34:00 AM IST,2026-10-07 11:16:00 PM IST,2026-10-06,06:06 AM,2026-10-06 04:30:00 AM IST,2026-10-06,,2026-10-06:VALID (start 2026-10-06 02:07:00 AM IST < Arunodaya 2026-10-06 04:30:00 AM IST),2026-10-06,06:06 AM,2026-10-06 04:30:00 AM IST,2026-10-07,Magha,2026-10-07 06:14:30 AM IST,2026-10-05,2026-10-07,2026-10-05 | 2026-10-06 | 2026-10-07,3,COMPLETE,,,Normal Ekadashi,NORMAL,Ekadashi began before Arunodaya and has one valid Ekadashi sunrise. No two-day exception is triggered.,2026-10-06:VALID (start 2026-10-06 02:07:00 AM IST < Arunodaya 2026-10-06 04:30:00 AM IST),2026-10-06,,2026-10-07,DWADASHI,PRATAH,2026-10-07 06:14:30 AM IST,2026-10-07 08:28:00 AM IST,Hari Vasara ends during Pratah; Parana begins after Hari Vasara and ends at Pratah end.
Visakhapatnam,Andra Pradesh,India,Asia/Kolkata,geoname:1253102,1253102,Indira Ekadashi,2026-10-06,"Indira Ekadashi - Visakhapatnam. Dashami ends and Ekadashi begins on 2026-10-06 02:07:00 AM IST. On 06-Oct-26, Sooryodaya is 05:48 AM and Arunodaya is 04:12 AM. Ekadashi is present at sunrise and had begun before Arunodaya, so this is a valid Ekadashi sunrise. Ekadashi ends on 2026-10-07 12:34:00 AM IST and does not remain through another sunrise. Ekadashi ends and Dwadashi begins on 2026-10-07 12:34:00 AM IST. Dwadashi is present at Sooryodaya on 07-Oct-26 (Sooryodaya 05:49 AM). Dwadashi ends and Trayodashi begins on 2026-10-07 11:16:00 PM IST. Therefore the Upavaasa is observed on 06-Oct-26. For Parana on 07-Oct-26, Sooryodaya is 05:49 AM, Pratah Kala ends at 08:11 AM, Dwadashi ends at 2026-10-07 11:16:00 PM IST, and Hari Vasara ends at 2026-10-07 06:14:30 AM IST. Hari Vasara ends after Sooryodaya, at 06:15 AM, but still within Pratah Kala. Therefore Parana cannot start at sunrise and starts at Hari Vasara end (06:15 AM). Pratah Kala ends at 08:11 AM, before Dwadashi ends; therefore Pratah Kala end is the limiting end time. Hence Parana is 06:15 AM to 08:11 AM.",2026-10-05:Dashami | 2026-10-06:Ekadashi | 2026-10-07:Dwadashi,2026-10-05:Pushya | 2026-10-06:Ashlesha | 2026-10-07:Magha,2026-10-06 02:07:00 AM IST,2026-10-07 12:34:00 AM IST,2026-10-07 11:16:00 PM IST,2026-10-06,05:48 AM,2026-10-06 04:12:00 AM IST,2026-10-06,,2026-10-06:VALID (start 2026-10-06 02:07:00 AM IST < Arunodaya 2026-10-06 04:12:00 AM IST),2026-10-06,05:48 AM,2026-10-06 04:12:00 AM IST,2026-10-07,Magha,2026-10-07 06:14:30 AM IST,2026-10-05,2026-10-07,2026-10-05 | 2026-10-06 | 2026-10-07,3,COMPLETE,,,Normal Ekadashi,NORMAL,Ekadashi began before Arunodaya and has one valid Ekadashi sunrise. No two-day exception is triggered.,2026-10-06:VALID (start 2026-10-06 02:07:00 AM IST < Arunodaya 2026-10-06 04:12:00 AM IST),2026-10-06,,2026-10-07,DWADASHI,PRATAH,2026-10-07 06:14:30 AM IST,2026-10-07 08:11:24 AM IST,Hari Vasara ends during Pratah; Parana begins after Hari Vasara and ends at Pratah end.
Dubai,Dubai,United Arab Emirates,Asia/Dubai,geoname:292223,292223,Indira Ekadashi,2026-10-06,"Indira Ekadashi - Dubai. Dashami ends and Ekadashi begins on 2026-10-06 12:37:00 AM +04. On 06-Oct-26, Sooryodaya is 06:13 AM and Arunodaya is 04:37 AM. Ekadashi is present at sunrise and had begun before Arunodaya, so this is a valid Ekadashi sunrise. Ekadashi ends on 2026-10-06 11:04:00 PM +04 and does not remain through another sunrise. Ekadashi ends and Dwadashi begins on 2026-10-06 11:04:00 PM +04. Dwadashi is present at Sooryodaya on 07-Oct-26 (Sooryodaya 06:14 AM). Dwadashi ends and Trayodashi begins on 2026-10-07 09:46:00 PM +04. Therefore the Upavaasa is observed on 06-Oct-26. For Parana on 07-Oct-26, Sooryodaya is 06:14 AM, Pratah Kala ends at 08:35 AM, Dwadashi ends at 2026-10-07 09:46:00 PM +04, and Hari Vasara ends at 2026-10-07 04:44:30 AM +04. Hari Vasara ends before Sooryodaya, so there is no Hari-Vasara delay; Parana starts at Sooryodaya (06:14 AM). Pratah Kala ends at 08:35 AM, before Dwadashi ends; therefore Pratah Kala end is the limiting end time. Hence Parana is 06:14 AM to 08:35 AM.",2026-10-05:Dashami | 2026-10-06:Ekadashi | 2026-10-07:Dwadashi,2026-10-05:Pushya | 2026-10-06:Ashlesha | 2026-10-07:Magha,2026-10-06 12:37:00 AM +04,2026-10-06 11:04:00 PM +04,2026-10-07 09:46:00 PM +04,2026-10-06,06:13 AM,2026-10-06 04:37:00 AM +04,2026-10-06,,2026-10-06:VALID (start 2026-10-06 12:37:00 AM +04 < Arunodaya 2026-10-06 04:37:00 AM +04),2026-10-06,06:13 AM,2026-10-06 04:37:00 AM +04,2026-10-07,Magha,2026-10-07 04:44:30 AM +04,2026-10-05,2026-10-07,2026-10-05 | 2026-10-06 | 2026-10-07,3,COMPLETE,,,Normal Ekadashi,NORMAL,Ekadashi began before Arunodaya and has one valid Ekadashi sunrise. No two-day exception is triggered.,2026-10-06:VALID (start 2026-10-06 12:37:00 AM +04 < Arunodaya 2026-10-06 04:37:00 AM +04),2026-10-06,,2026-10-07,DWADASHI,PRATAH,2026-10-07 06:14:00 AM +04,2026-10-07 08:35:12 AM +04,Hari Vasara ended before Parana-day sunrise; Parana is sunrise to Pratah end.
Doha,Baladīyat ad Dawḩah,Qatar,Asia/Qatar,geoname:290030,290030,Indira Ekadashi,2026-10-06,"Indira Ekadashi - Doha. Dashami ends and Ekadashi begins on 2026-10-05 11:37:00 PM +03. On 06-Oct-26, Sooryodaya is 05:28 AM and Arunodaya is 03:52 AM. Ekadashi is present at sunrise and had begun before Arunodaya, so this is a valid Ekadashi sunrise. Ekadashi ends on 2026-10-06 10:04:00 PM +03 and does not remain through another sunrise. Ekadashi ends and Dwadashi begins on 2026-10-06 10:04:00 PM +03. Dwadashi is present at Sooryodaya on 07-Oct-26 (Sooryodaya 05:28 AM). Dwadashi ends and Trayodashi begins on 2026-10-07 08:46:00 PM +03. Therefore the Upavaasa is observed on 06-Oct-26. For Parana on 07-Oct-26, Sooryodaya is 05:28 AM, Pratah Kala ends at 07:49 AM, Dwadashi ends at 2026-10-07 08:46:00 PM +03, and Hari Vasara ends at 2026-10-07 03:44:30 AM +03. Hari Vasara ends before Sooryodaya, so there is no Hari-Vasara delay; Parana starts at Sooryodaya (05:28 AM). Pratah Kala ends at 07:49 AM, before Dwadashi ends; therefore Pratah Kala end is the limiting end time. Hence Parana is 05:28 AM to 07:49 AM.",2026-10-05:Dashami | 2026-10-06:Ekadashi | 2026-10-07:Dwadashi,2026-10-05:Pushya | 2026-10-06:Ashlesha | 2026-10-07:Magha,2026-10-05 11:37:00 PM +03,2026-10-06 10:04:00 PM +03,2026-10-07 08:46:00 PM +03,2026-10-06,05:28 AM,2026-10-06 03:52:00 AM +03,2026-10-06,,2026-10-06:VALID (start 2026-10-05 11:37:00 PM +03 < Arunodaya 2026-10-06 03:52:00 AM +03),2026-10-06,05:28 AM,2026-10-06 03:52:00 AM +03,2026-10-07,Magha,2026-10-07 03:44:30 AM +03,2026-10-05,2026-10-07,2026-10-05 | 2026-10-06 | 2026-10-07,3,COMPLETE,,,Normal Ekadashi,NORMAL,Ekadashi began before Arunodaya and has one valid Ekadashi sunrise. No two-day exception is triggered.,2026-10-06:VALID (start 2026-10-05 11:37:00 PM +03 < Arunodaya 2026-10-06 03:52:00 AM +03),2026-10-06,,2026-10-07,DWADASHI,PRATAH,2026-10-07 05:28:00 AM +03,2026-10-07 07:49:24 AM +03,Hari Vasara ended before Parana-day sunrise; Parana is sunrise to Pratah end.
Zurich,Zurich,Switzerland,Europe/Zurich,geoname:2657896,2657896,Indira Ekadashi,2026-10-06,"Indira Ekadashi - Zurich. Dashami ends and Ekadashi begins on 2026-10-05 10:37:00 PM CEST. On 06-Oct-26, Sooryodaya is 07:31 AM and Arunodaya is 05:55 AM. Ekadashi is present at sunrise and had begun before Arunodaya, so this is a valid Ekadashi sunrise. Ekadashi ends on 2026-10-06 09:04:00 PM CEST and does not remain through another sunrise. Ekadashi ends and Dwadashi begins on 2026-10-06 09:04:00 PM CEST. Dwadashi is present at Sooryodaya on 07-Oct-26 (Sooryodaya 07:33 AM). Dwadashi ends and Trayodashi begins on 2026-10-07 07:46:00 PM CEST. Therefore the Upavaasa is observed on 06-Oct-26. For Parana on 07-Oct-26, Sooryodaya is 07:33 AM, Pratah Kala ends at 09:49 AM, Dwadashi ends at 2026-10-07 07:46:00 PM CEST, and Hari Vasara ends at 2026-10-07 02:44:30 AM CEST. Hari Vasara ends before Sooryodaya, so there is no Hari-Vasara delay; Parana starts at Sooryodaya (07:33 AM). Pratah Kala ends at 09:49 AM, before Dwadashi ends; therefore Pratah Kala end is the limiting end time. Hence Parana is 07:33 AM to 09:49 AM.",2026-10-05:Dashami | 2026-10-06:Ekadashi | 2026-10-07:Dwadashi,2026-10-05:Pushya | 2026-10-06:Ashlesha | 2026-10-07:Magha,2026-10-05 10:37:00 PM CEST,2026-10-06 09:04:00 PM CEST,2026-10-07 07:46:00 PM CEST,2026-10-06,07:31 AM,2026-10-06 05:55:00 AM CEST,2026-10-06,,2026-10-06:VALID (start 2026-10-05 10:37:00 PM CEST < Arunodaya 2026-10-06 05:55:00 AM CEST),2026-10-06,07:31 AM,2026-10-06 05:55:00 AM CEST,2026-10-07,Magha,2026-10-07 02:44:30 AM CEST,2026-10-05,2026-10-07,2026-10-05 | 2026-10-06 | 2026-10-07,3,COMPLETE,,,Normal Ekadashi,NORMAL,Ekadashi began before Arunodaya and has one valid Ekadashi sunrise. No two-day exception is triggered.,2026-10-06:VALID (start 2026-10-05 10:37:00 PM CEST < Arunodaya 2026-10-06 05:55:00 AM CEST),2026-10-06,,2026-10-07,DWADASHI,PRATAH,2026-10-07 07:33:00 AM CEST,2026-10-07 09:49:12 AM CEST,Hari Vasara ended before Parana-day sunrise; Parana is sunrise to Pratah end.
Esslingen,Esslingen,Germany,Europe/Berlin,geoname:2928751,2928751,Indira Ekadashi,2026-10-06,"Indira Ekadashi - Esslingen. Dashami ends and Ekadashi begins on 2026-10-05 10:37:00 PM CEST. On 06-Oct-26, Sooryodaya is 07:29 AM and Arunodaya is 05:53 AM. Ekadashi is present at sunrise and had begun before Arunodaya, so this is a valid Ekadashi sunrise. Ekadashi ends on 2026-10-06 09:04:00 PM CEST and does not remain through another sunrise. Ekadashi ends and Dwadashi begins on 2026-10-06 09:04:00 PM CEST. Dwadashi is present at Sooryodaya on 07-Oct-26 (Sooryodaya 07:31 AM). Dwadashi ends and Trayodashi begins on 2026-10-07 07:46:00 PM CEST. Therefore the Upavaasa is observed on 06-Oct-26. For Parana on 07-Oct-26, Sooryodaya is 07:31 AM, Pratah Kala ends at 09:47 AM, Dwadashi ends at 2026-10-07 07:46:00 PM CEST, and Hari Vasara ends at 2026-10-07 02:44:30 AM CEST. Hari Vasara ends before Sooryodaya, so there is no Hari-Vasara delay; Parana starts at Sooryodaya (07:31 AM). Pratah Kala ends at 09:47 AM, before Dwadashi ends; therefore Pratah Kala end is the limiting end time. Hence Parana is 07:31 AM to 09:47 AM.",2026-10-05:Dashami | 2026-10-06:Ekadashi | 2026-10-07:Dwadashi,2026-10-05:Pushya | 2026-10-06:Ashlesha | 2026-10-07:Magha,2026-10-05 10:37:00 PM CEST,2026-10-06 09:04:00 PM CEST,2026-10-07 07:46:00 PM CEST,2026-10-06,07:29 AM,2026-10-06 05:53:00 AM CEST,2026-10-06,,2026-10-06:VALID (start 2026-10-05 10:37:00 PM CEST < Arunodaya 2026-10-06 05:53:00 AM CEST),2026-10-06,07:29 AM,2026-10-06 05:53:00 AM CEST,2026-10-07,Magha,2026-10-07 02:44:30 AM CEST,2026-10-05,2026-10-07,2026-10-05 | 2026-10-06 | 2026-10-07,3,COMPLETE,,,Normal Ekadashi,NORMAL,Ekadashi began before Arunodaya and has one valid Ekadashi sunrise. No two-day exception is triggered.,2026-10-06:VALID (start 2026-10-05 10:37:00 PM CEST < Arunodaya 2026-10-06 05:53:00 AM CEST),2026-10-06,,2026-10-07,DWADASHI,PRATAH,2026-10-07 07:31:00 AM CEST,2026-10-07 09:46:48 AM CEST,Hari Vasara ended before Parana-day sunrise; Parana is sunrise to Pratah end.
Ayodhya,Uttar Pradesh,India,Asia/Kolkata,geoname:1278094,1278094,Indira Ekadashi,2026-10-06,"Indira Ekadashi - Ayodhya. Dashami ends and Ekadashi begins on 2026-10-06 02:07:00 AM IST. On 06-Oct-26, Sooryodaya is 05:56 AM and Arunodaya is 04:20 AM. Ekadashi is present at sunrise and had begun before Arunodaya, so this is a valid Ekadashi sunrise. Ekadashi ends on 2026-10-07 12:34:00 AM IST and does not remain through another sunrise. Ekadashi ends and Dwadashi begins on 2026-10-07 12:34:00 AM IST. Dwadashi is present at Sooryodaya on 07-Oct-26 (Sooryodaya 05:56 AM). Dwadashi ends and Trayodashi begins on 2026-10-07 11:16:00 PM IST. Therefore the Upavaasa is observed on 06-Oct-26. For Parana on 07-Oct-26, Sooryodaya is 05:56 AM, Pratah Kala ends at 08:17 AM, Dwadashi ends at 2026-10-07 11:16:00 PM IST, and Hari Vasara ends at 2026-10-07 06:14:30 AM IST. Hari Vasara ends after Sooryodaya, at 06:15 AM, but still within Pratah Kala. Therefore Parana cannot start at sunrise and starts at Hari Vasara end (06:15 AM). Pratah Kala ends at 08:17 AM, before Dwadashi ends; therefore Pratah Kala end is the limiting end time. Hence Parana is 06:15 AM to 08:17 AM.",2026-10-05:Dashami | 2026-10-06:Ekadashi | 2026-10-07:Dwadashi,2026-10-05:Pushya | 2026-10-06:Ashlesha | 2026-10-07:Magha,2026-10-06 02:07:00 AM IST,2026-10-07 12:34:00 AM IST,2026-10-07 11:16:00 PM IST,2026-10-06,05:56 AM,2026-10-06 04:20:00 AM IST,2026-10-06,,2026-10-06:VALID (start 2026-10-06 02:07:00 AM IST < Arunodaya 2026-10-06 04:20:00 AM IST),2026-10-06,05:56 AM,2026-10-06 04:20:00 AM IST,2026-10-07,Magha,2026-10-07 06:14:30 AM IST,2026-10-05,2026-10-07,2026-10-05 | 2026-10-06 | 2026-10-07,3,COMPLETE,,,Normal Ekadashi,NORMAL,Ekadashi began before Arunodaya and has one valid Ekadashi sunrise. No two-day exception is triggered.,2026-10-06:VALID (start 2026-10-06 02:07:00 AM IST < Arunodaya 2026-10-06 04:20:00 AM IST),2026-10-06,,2026-10-07,DWADASHI,PRATAH,2026-10-07 06:14:30 AM IST,2026-10-07 08:17:00 AM IST,Hari Vasara ends during Pratah; Parana begins after Hari Vasara and ends at Pratah end.
Pittsford,New York,United States,America/New_York,geoname:5131614,5131614,Indira Ekadashi,2026-10-06,"Indira Ekadashi - Pittsford. Dashami ends and Ekadashi begins on 2026-10-05 04:37:00 PM EDT. On 06-Oct-26, Sooryodaya is 07:13 AM and Arunodaya is 05:37 AM. Ekadashi is present at sunrise and had begun before Arunodaya, so this is a valid Ekadashi sunrise. Ekadashi ends on 2026-10-06 03:04:00 PM EDT and does not remain through another sunrise. Ekadashi ends and Dwadashi begins on 2026-10-06 03:04:00 PM EDT. Dwadashi is present at Sooryodaya on 07-Oct-26 (Sooryodaya 07:14 AM). Dwadashi ends and Trayodashi begins on 2026-10-07 01:46:00 PM EDT. Therefore the Upavaasa is observed on 06-Oct-26. For Parana on 07-Oct-26, Sooryodaya is 07:14 AM, Pratah Kala ends at 09:31 AM, Dwadashi ends at 2026-10-07 01:46:00 PM EDT, and Hari Vasara ends at 2026-10-06 08:44:30 PM EDT. Hari Vasara ends before Sooryodaya, so there is no Hari-Vasara delay; Parana starts at Sooryodaya (07:14 AM). Pratah Kala ends at 09:31 AM, before Dwadashi ends; therefore Pratah Kala end is the limiting end time. Hence Parana is 07:14 AM to 09:31 AM.",2026-10-05:Dashami | 2026-10-06:Ekadashi | 2026-10-07:Dwadashi,2026-10-05:Pushya | 2026-10-06:Ashlesha | 2026-10-07:Magha,2026-10-05 04:37:00 PM EDT,2026-10-06 03:04:00 PM EDT,2026-10-07 01:46:00 PM EDT,2026-10-06,07:13 AM,2026-10-06 05:37:00 AM EDT,2026-10-06,,2026-10-06:VALID (start 2026-10-05 04:37:00 PM EDT < Arunodaya 2026-10-06 05:37:00 AM EDT),2026-10-06,07:13 AM,2026-10-06 05:37:00 AM EDT,2026-10-07,Magha,2026-10-06 08:44:30 PM EDT,2026-10-05,2026-10-07,2026-10-05 | 2026-10-06 | 2026-10-07,3,COMPLETE,,,Normal Ekadashi,NORMAL,Ekadashi began before Arunodaya and has one valid Ekadashi sunrise. No two-day exception is triggered.,2026-10-06:VALID (start 2026-10-05 04:37:00 PM EDT < Arunodaya 2026-10-06 05:37:00 AM EDT),2026-10-06,,2026-10-07,DWADASHI,PRATAH,2026-10-07 07:14:00 AM EDT,2026-10-07 09:31:24 AM EDT,Hari Vasara ended before Parana-day sunrise; Parana is sunrise to Pratah end.
Greece,New York,United States,America/New_York,geoname:5119251,5119251,Indira Ekadashi,2026-10-06,"Indira Ekadashi - Greece. Dashami ends and Ekadashi begins on 2026-10-05 04:37:00 PM EDT. On 06-Oct-26, Sooryodaya is 07:14 AM and Arunodaya is 05:38 AM. Ekadashi is present at sunrise and had begun before Arunodaya, so this is a valid Ekadashi sunrise. Ekadashi ends on 2026-10-06 03:04:00 PM EDT and does not remain through another sunrise. Ekadashi ends and Dwadashi begins on 2026-10-06 03:04:00 PM EDT. Dwadashi is present at Sooryodaya on 07-Oct-26 (Sooryodaya 07:15 AM). Dwadashi ends and Trayodashi begins on 2026-10-07 01:46:00 PM EDT. Therefore the Upavaasa is observed on 06-Oct-26. For Parana on 07-Oct-26, Sooryodaya is 07:15 AM, Pratah Kala ends at 09:32 AM, Dwadashi ends at 2026-10-07 01:46:00 PM EDT, and Hari Vasara ends at 2026-10-06 08:44:30 PM EDT. Hari Vasara ends before Sooryodaya, so there is no Hari-Vasara delay; Parana starts at Sooryodaya (07:15 AM). Pratah Kala ends at 09:32 AM, before Dwadashi ends; therefore Pratah Kala end is the limiting end time. Hence Parana is 07:15 AM to 09:32 AM.",2026-10-05:Dashami | 2026-10-06:Ekadashi | 2026-10-07:Dwadashi,2026-10-05:Pushya | 2026-10-06:Ashlesha | 2026-10-07:Magha,2026-10-05 04:37:00 PM EDT,2026-10-06 03:04:00 PM EDT,2026-10-07 01:46:00 PM EDT,2026-10-06,07:14 AM,2026-10-06 05:38:00 AM EDT,2026-10-06,,2026-10-06:VALID (start 2026-10-05 04:37:00 PM EDT < Arunodaya 2026-10-06 05:38:00 AM EDT),2026-10-06,07:14 AM,2026-10-06 05:38:00 AM EDT,2026-10-07,Magha,2026-10-06 08:44:30 PM EDT,2026-10-05,2026-10-07,2026-10-05 | 2026-10-06 | 2026-10-07,3,COMPLETE,,,Normal Ekadashi,NORMAL,Ekadashi began before Arunodaya and has one valid Ekadashi sunrise. No two-day exception is triggered.,2026-10-06:VALID (start 2026-10-05 04:37:00 PM EDT < Arunodaya 2026-10-06 05:38:00 AM EDT),2026-10-06,,2026-10-07,DWADASHI,PRATAH,2026-10-07 07:15:00 AM EDT,2026-10-07 09:32:12 AM EDT,Hari Vasara ended before Parana-day sunrise; Parana is sunrise to Pratah end.
Syracuse,New York,United States,America/New_York,geoname:5140405,5140405,Indira Ekadashi,2026-10-06,"Indira Ekadashi - Syracuse. Dashami ends and Ekadashi begins on 2026-10-05 04:37:00 PM EDT. On 06-Oct-26, Sooryodaya is 07:08 AM and Arunodaya is 05:32 AM. Ekadashi is present at sunrise and had begun before Arunodaya, so this is a valid Ekadashi sunrise. Ekadashi ends on 2026-10-06 03:04:00 PM EDT and does not remain through another sunrise. Ekadashi ends and Dwadashi begins on 2026-10-06 03:04:00 PM EDT. Dwadashi is present at Sooryodaya on 07-Oct-26 (Sooryodaya 07:09 AM). Dwadashi ends and Trayodashi begins on 2026-10-07 01:46:00 PM EDT. Therefore the Upavaasa is observed on 06-Oct-26. For Parana on 07-Oct-26, Sooryodaya is 07:09 AM, Pratah Kala ends at 09:26 AM, Dwadashi ends at 2026-10-07 01:46:00 PM EDT, and Hari Vasara ends at 2026-10-06 08:44:30 PM EDT. Hari Vasara ends before Sooryodaya, so there is no Hari-Vasara delay; Parana starts at Sooryodaya (07:09 AM). Pratah Kala ends at 09:26 AM, before Dwadashi ends; therefore Pratah Kala end is the limiting end time. Hence Parana is 07:09 AM to 09:26 AM.",2026-10-05:Dashami | 2026-10-06:Ekadashi | 2026-10-07:Dwadashi,2026-10-05:Pushya | 2026-10-06:Ashlesha | 2026-10-07:Magha,2026-10-05 04:37:00 PM EDT,2026-10-06 03:04:00 PM EDT,2026-10-07 01:46:00 PM EDT,2026-10-06,07:08 AM,2026-10-06 05:32:00 AM EDT,2026-10-06,,2026-10-06:VALID (start 2026-10-05 04:37:00 PM EDT < Arunodaya 2026-10-06 05:32:00 AM EDT),2026-10-06,07:08 AM,2026-10-06 05:32:00 AM EDT,2026-10-07,Magha,2026-10-06 08:44:30 PM EDT,2026-10-05,2026-10-07,2026-10-05 | 2026-10-06 | 2026-10-07,3,COMPLETE,,,Normal Ekadashi,NORMAL,Ekadashi began before Arunodaya and has one valid Ekadashi sunrise. No two-day exception is triggered.,2026-10-06:VALID (start 2026-10-05 04:37:00 PM EDT < Arunodaya 2026-10-06 05:32:00 AM EDT),2026-10-06,,2026-10-07,DWADASHI,PRATAH,2026-10-07 07:09:00 AM EDT,2026-10-07 09:26:12 AM EDT,Hari Vasara ended before Parana-day sunrise; Parana is sunrise to Pratah end.
Columbus,Indiana,United States,America/Indiana/Indianapolis,geoname:4256038,4256038,Indira Ekadashi,2026-10-06,"Indira Ekadashi - Columbus. Dashami ends and Ekadashi begins on 2026-10-05 04:37:00 PM EDT. On 06-Oct-26, Sooryodaya is 07:45 AM and Arunodaya is 06:09 AM. Ekadashi is present at sunrise and had begun before Arunodaya, so this is a valid Ekadashi sunrise. Ekadashi ends on 2026-10-06 03:04:00 PM EDT and does not remain through another sunrise. Ekadashi ends and Dwadashi begins on 2026-10-06 03:04:00 PM EDT. Dwadashi is present at Sooryodaya on 07-Oct-26 (Sooryodaya 07:46 AM). Dwadashi ends and Trayodashi begins on 2026-10-07 01:46:00 PM EDT. Therefore the Upavaasa is observed on 06-Oct-26. For Parana on 07-Oct-26, Sooryodaya is 07:46 AM, Pratah Kala ends at 10:04 AM, Dwadashi ends at 2026-10-07 01:46:00 PM EDT, and Hari Vasara ends at 2026-10-06 08:44:30 PM EDT. Hari Vasara ends before Sooryodaya, so there is no Hari-Vasara delay; Parana starts at Sooryodaya (07:46 AM). Pratah Kala ends at 10:04 AM, before Dwadashi ends; therefore Pratah Kala end is the limiting end time. Hence Parana is 07:46 AM to 10:04 AM.",2026-10-05:Dashami | 2026-10-06:Ekadashi | 2026-10-07:Dwadashi,2026-10-05:Pushya | 2026-10-06:Ashlesha | 2026-10-07:Magha,2026-10-05 04:37:00 PM EDT,2026-10-06 03:04:00 PM EDT,2026-10-07 01:46:00 PM EDT,2026-10-06,07:45 AM,2026-10-06 06:09:00 AM EDT,2026-10-06,,2026-10-06:VALID (start 2026-10-05 04:37:00 PM EDT < Arunodaya 2026-10-06 06:09:00 AM EDT),2026-10-06,07:45 AM,2026-10-06 06:09:00 AM EDT,2026-10-07,Magha,2026-10-06 08:44:30 PM EDT,2026-10-05,2026-10-07,2026-10-05 | 2026-10-06 | 2026-10-07,3,COMPLETE,,,Normal Ekadashi,NORMAL,Ekadashi began before Arunodaya and has one valid Ekadashi sunrise. No two-day exception is triggered.,2026-10-06:VALID (start 2026-10-05 04:37:00 PM EDT < Arunodaya 2026-10-06 06:09:00 AM EDT),2026-10-06,,2026-10-07,DWADASHI,PRATAH,2026-10-07 07:46:00 AM EDT,2026-10-07 10:04:12 AM EDT,Hari Vasara ended before Parana-day sunrise; Parana is sunrise to Pratah end.
Raleigh,North Carolina,United States,America/New_York,geoname:4487042,4487042,Indira Ekadashi,2026-10-06,"Indira Ekadashi - Raleigh. Dashami ends and Ekadashi begins on 2026-10-05 04:37:00 PM EDT. On 06-Oct-26, Sooryodaya is 07:14 AM and Arunodaya is 05:38 AM. Ekadashi is present at sunrise and had begun before Arunodaya, so this is a valid Ekadashi sunrise. Ekadashi ends on 2026-10-06 03:04:00 PM EDT and does not remain through another sunrise. Ekadashi ends and Dwadashi begins on 2026-10-06 03:04:00 PM EDT. Dwadashi is present at Sooryodaya on 07-Oct-26 (Sooryodaya 07:15 AM). Dwadashi ends and Trayodashi begins on 2026-10-07 01:46:00 PM EDT. Therefore the Upavaasa is observed on 06-Oct-26. For Parana on 07-Oct-26, Sooryodaya is 07:15 AM, Pratah Kala ends at 09:34 AM, Dwadashi ends at 2026-10-07 01:46:00 PM EDT, and Hari Vasara ends at 2026-10-06 08:44:30 PM EDT. Hari Vasara ends before Sooryodaya, so there is no Hari-Vasara delay; Parana starts at Sooryodaya (07:15 AM). Pratah Kala ends at 09:34 AM, before Dwadashi ends; therefore Pratah Kala end is the limiting end time. Hence Parana is 07:15 AM to 09:34 AM.",2026-10-05:Dashami | 2026-10-06:Ekadashi | 2026-10-07:Dwadashi,2026-10-05:Pushya | 2026-10-06:Ashlesha | 2026-10-07:Magha,2026-10-05 04:37:00 PM EDT,2026-10-06 03:04:00 PM EDT,2026-10-07 01:46:00 PM EDT,2026-10-06,07:14 AM,2026-10-06 05:38:00 AM EDT,2026-10-06,,2026-10-06:VALID (start 2026-10-05 04:37:00 PM EDT < Arunodaya 2026-10-06 05:38:00 AM EDT),2026-10-06,07:14 AM,2026-10-06 05:38:00 AM EDT,2026-10-07,Magha,2026-10-06 08:44:30 PM EDT,2026-10-05,2026-10-07,2026-10-05 | 2026-10-06 | 2026-10-07,3,COMPLETE,,,Normal Ekadashi,NORMAL,Ekadashi began before Arunodaya and has one valid Ekadashi sunrise. No two-day exception is triggered.,2026-10-06:VALID (start 2026-10-05 04:37:00 PM EDT < Arunodaya 2026-10-06 05:38:00 AM EDT),2026-10-06,,2026-10-07,DWADASHI,PRATAH,2026-10-07 07:15:00 AM EDT,2026-10-07 09:34:00 AM EDT,Hari Vasara ended before Parana-day sunrise; Parana is sunrise to Pratah end.
Charlotte,North Carolina,United States,America/New_York,geoname:4460243,4460243,Indira Ekadashi,2026-10-06,"Indira Ekadashi - Charlotte. Dashami ends and Ekadashi begins on 2026-10-05 04:37:00 PM EDT. On 06-Oct-26, Sooryodaya is 07:22 AM and Arunodaya is 05:46 AM. Ekadashi is present at sunrise and had begun before Arunodaya, so this is a valid Ekadashi sunrise. Ekadashi ends on 2026-10-06 03:04:00 PM EDT and does not remain through another sunrise. Ekadashi ends and Dwadashi begins on 2026-10-06 03:04:00 PM EDT. Dwadashi is present at Sooryodaya on 07-Oct-26 (Sooryodaya 07:23 AM). Dwadashi ends and Trayodashi begins on 2026-10-07 01:46:00 PM EDT. Therefore the Upavaasa is observed on 06-Oct-26. For Parana on 07-Oct-26, Sooryodaya is 07:23 AM, Pratah Kala ends at 09:42 AM, Dwadashi ends at 2026-10-07 01:46:00 PM EDT, and Hari Vasara ends at 2026-10-06 08:44:30 PM EDT. Hari Vasara ends before Sooryodaya, so there is no Hari-Vasara delay; Parana starts at Sooryodaya (07:23 AM). Pratah Kala ends at 09:42 AM, before Dwadashi ends; therefore Pratah Kala end is the limiting end time. Hence Parana is 07:23 AM to 09:42 AM.",2026-10-05:Dashami | 2026-10-06:Ekadashi | 2026-10-07:Dwadashi,2026-10-05:Pushya | 2026-10-06:Ashlesha | 2026-10-07:Magha,2026-10-05 04:37:00 PM EDT,2026-10-06 03:04:00 PM EDT,2026-10-07 01:46:00 PM EDT,2026-10-06,07:22 AM,2026-10-06 05:46:00 AM EDT,2026-10-06,,2026-10-06:VALID (start 2026-10-05 04:37:00 PM EDT < Arunodaya 2026-10-06 05:46:00 AM EDT),2026-10-06,07:22 AM,2026-10-06 05:46:00 AM EDT,2026-10-07,Magha,2026-10-06 08:44:30 PM EDT,2026-10-05,2026-10-07,2026-10-05 | 2026-10-06 | 2026-10-07,3,COMPLETE,,,Normal Ekadashi,NORMAL,Ekadashi began before Arunodaya and has one valid Ekadashi sunrise. No two-day exception is triggered.,2026-10-06:VALID (start 2026-10-05 04:37:00 PM EDT < Arunodaya 2026-10-06 05:46:00 AM EDT),2026-10-06,,2026-10-07,DWADASHI,PRATAH,2026-10-07 07:23:00 AM EDT,2026-10-07 09:42:12 AM EDT,Hari Vasara ended before Parana-day sunrise; Parana is sunrise to Pratah end.
Bengaluru,Karnataka,India,Asia/Kolkata,geoname:1277333,1277333,Indira Ekadashi,2026-10-06,"Indira Ekadashi - Bengaluru. Dashami ends and Ekadashi begins on 2026-10-06 02:07:00 AM IST. On 06-Oct-26, Sooryodaya is 06:09 AM and Arunodaya is 04:33 AM. Ekadashi is present at sunrise and had begun before Arunodaya, so this is a valid Ekadashi sunrise. Ekadashi ends on 2026-10-07 12:34:00 AM IST and does not remain through another sunrise. Ekadashi ends and Dwadashi begins on 2026-10-07 12:34:00 AM IST. Dwadashi is present at Sooryodaya on 07-Oct-26 (Sooryodaya 06:09 AM). Dwadashi ends and Trayodashi begins on 2026-10-07 11:16:00 PM IST. Therefore the Upavaasa is observed on 06-Oct-26. For Parana on 07-Oct-26, Sooryodaya is 06:09 AM, Pratah Kala ends at 08:32 AM, Dwadashi ends at 2026-10-07 11:16:00 PM IST, and Hari Vasara ends at 2026-10-07 06:14:30 AM IST. Hari Vasara ends after Sooryodaya, at 06:15 AM, but still within Pratah Kala. Therefore Parana cannot start at sunrise and starts at Hari Vasara end (06:15 AM). Pratah Kala ends at 08:32 AM, before Dwadashi ends; therefore Pratah Kala end is the limiting end time. Hence Parana is 06:15 AM to 08:32 AM.",2026-10-05:Dashami | 2026-10-06:Ekadashi | 2026-10-07:Dwadashi,2026-10-05:Pushya | 2026-10-06:Ashlesha | 2026-10-07:Magha,2026-10-06 02:07:00 AM IST,2026-10-07 12:34:00 AM IST,2026-10-07 11:16:00 PM IST,2026-10-06,06:09 AM,2026-10-06 04:33:00 AM IST,2026-10-06,,2026-10-06:VALID (start 2026-10-06 02:07:00 AM IST < Arunodaya 2026-10-06 04:33:00 AM IST),2026-10-06,06:09 AM,2026-10-06 04:33:00 AM IST,2026-10-07,Magha,2026-10-07 06:14:30 AM IST,2026-10-05,2026-10-07,2026-10-05 | 2026-10-06 | 2026-10-07,3,COMPLETE,,,Normal Ekadashi,NORMAL,Ekadashi began before Arunodaya and has one valid Ekadashi sunrise. No two-day exception is triggered.,2026-10-06:VALID (start 2026-10-06 02:07:00 AM IST < Arunodaya 2026-10-06 04:33:00 AM IST),2026-10-06,,2026-10-07,DWADASHI,PRATAH,2026-10-07 06:14:30 AM IST,2026-10-07 08:32:24 AM IST,Hari Vasara ends during Pratah; Parana begins after Hari Vasara and ends at Pratah end.
Mysuru,Karnataka,India,Asia/Kolkata,geoname:1262321,1262321,Indira Ekadashi,2026-10-06,"Indira Ekadashi - Mysuru. Dashami ends and Ekadashi begins on 2026-10-06 02:07:00 AM IST. On 06-Oct-26, Sooryodaya is 06:13 AM and Arunodaya is 04:37 AM. Ekadashi is present at sunrise and had begun before Arunodaya, so this is a valid Ekadashi sunrise. Ekadashi ends on 2026-10-07 12:34:00 AM IST and does not remain through another sunrise. Ekadashi ends and Dwadashi begins on 2026-10-07 12:34:00 AM IST. Dwadashi is present at Sooryodaya on 07-Oct-26 (Sooryodaya 06:13 AM). Dwadashi ends and Trayodashi begins on 2026-10-07 11:16:00 PM IST. Therefore the Upavaasa is observed on 06-Oct-26. For Parana on 07-Oct-26, Sooryodaya is 06:13 AM, Pratah Kala ends at 08:36 AM, Dwadashi ends at 2026-10-07 11:16:00 PM IST, and Hari Vasara ends at 2026-10-07 06:14:30 AM IST. Hari Vasara ends after Sooryodaya, at 06:15 AM, but still within Pratah Kala. Therefore Parana cannot start at sunrise and starts at Hari Vasara end (06:15 AM). Pratah Kala ends at 08:36 AM, before Dwadashi ends; therefore Pratah Kala end is the limiting end time. Hence Parana is 06:15 AM to 08:36 AM.",2026-10-05:Dashami | 2026-10-06:Ekadashi | 2026-10-07:Dwadashi,2026-10-05:Pushya | 2026-10-06:Ashlesha | 2026-10-07:Magha,2026-10-06 02:07:00 AM IST,2026-10-07 12:34:00 AM IST,2026-10-07 11:16:00 PM IST,2026-10-06,06:13 AM,2026-10-06 04:37:00 AM IST,2026-10-06,,2026-10-06:VALID (start 2026-10-06 02:07:00 AM IST < Arunodaya 2026-10-06 04:37:00 AM IST),2026-10-06,06:13 AM,2026-10-06 04:37:00 AM IST,2026-10-07,Magha,2026-10-07 06:14:30 AM IST,2026-10-05,2026-10-07,2026-10-05 | 2026-10-06 | 2026-10-07,3,COMPLETE,,,Normal Ekadashi,NORMAL,Ekadashi began before Arunodaya and has one valid Ekadashi sunrise. No two-day exception is triggered.,2026-10-06:VALID (start 2026-10-06 02:07:00 AM IST < Arunodaya 2026-10-06 04:37:00 AM IST),2026-10-06,,2026-10-07,DWADASHI,PRATAH,2026-10-07 06:14:30 AM IST,2026-10-07 08:36:24 AM IST,Hari Vasara ends during Pratah; Parana begins after Hari Vasara and ends at Pratah end.
T Narasipura,Karnataka,India,Asia/Kolkata,geoname:1262321,1262321,Indira Ekadashi,2026-10-06,"Indira Ekadashi - T Narasipura. Dashami ends and Ekadashi begins on 2026-10-06 02:07:00 AM IST. On 06-Oct-26, Sooryodaya is 06:13 AM and Arunodaya is 04:37 AM. Ekadashi is present at sunrise and had begun before Arunodaya, so this is a valid Ekadashi sunrise. Ekadashi ends on 2026-10-07 12:34:00 AM IST and does not remain through another sunrise. Ekadashi ends and Dwadashi begins on 2026-10-07 12:34:00 AM IST. Dwadashi is present at Sooryodaya on 07-Oct-26 (Sooryodaya 06:13 AM). Dwadashi ends and Trayodashi begins on 2026-10-07 11:16:00 PM IST. Therefore the Upavaasa is observed on 06-Oct-26. For Parana on 07-Oct-26, Sooryodaya is 06:13 AM, Pratah Kala ends at 08:36 AM, Dwadashi ends at 2026-10-07 11:16:00 PM IST, and Hari Vasara ends at 2026-10-07 06:14:30 AM IST. Hari Vasara ends after Sooryodaya, at 06:15 AM, but still within Pratah Kala. Therefore Parana cannot start at sunrise and starts at Hari Vasara end (06:15 AM). Pratah Kala ends at 08:36 AM, before Dwadashi ends; therefore Pratah Kala end is the limiting end time. Hence Parana is 06:15 AM to 08:36 AM.",2026-10-05:Dashami | 2026-10-06:Ekadashi | 2026-10-07:Dwadashi,2026-10-05:Pushya | 2026-10-06:Ashlesha | 2026-10-07:Magha,2026-10-06 02:07:00 AM IST,2026-10-07 12:34:00 AM IST,2026-10-07 11:16:00 PM IST,2026-10-06,06:13 AM,2026-10-06 04:37:00 AM IST,2026-10-06,,2026-10-06:VALID (start 2026-10-06 02:07:00 AM IST < Arunodaya 2026-10-06 04:37:00 AM IST),2026-10-06,06:13 AM,2026-10-06 04:37:00 AM IST,2026-10-07,Magha,2026-10-07 06:14:30 AM IST,2026-10-05,2026-10-07,2026-10-05 | 2026-10-06 | 2026-10-07,3,COMPLETE,,,Normal Ekadashi,NORMAL,Ekadashi began before Arunodaya and has one valid Ekadashi sunrise. No two-day exception is triggered.,2026-10-06:VALID (start 2026-10-06 02:07:00 AM IST < Arunodaya 2026-10-06 04:37:00 AM IST),2026-10-06,,2026-10-07,DWADASHI,PRATAH,2026-10-07 06:14:30 AM IST,2026-10-07 08:36:24 AM IST,Hari Vasara ends during Pratah; Parana begins after Hari Vasara and ends at Pratah end.
Mangalore,Karnataka,India,Asia/Kolkata,geoname:1263780,1263780,Indira Ekadashi,2026-10-06,"Indira Ekadashi - Mangalore. Dashami ends and Ekadashi begins on 2026-10-06 02:07:00 AM IST. On 06-Oct-26, Sooryodaya is 06:20 AM and Arunodaya is 04:44 AM. Ekadashi is present at sunrise and had begun before Arunodaya, so this is a valid Ekadashi sunrise. Ekadashi ends on 2026-10-07 12:34:00 AM IST and does not remain through another sunrise. Ekadashi ends and Dwadashi begins on 2026-10-07 12:34:00 AM IST. Dwadashi is present at Sooryodaya on 07-Oct-26 (Sooryodaya 06:20 AM). Dwadashi ends and Trayodashi begins on 2026-10-07 11:16:00 PM IST. Therefore the Upavaasa is observed on 06-Oct-26. For Parana on 07-Oct-26, Sooryodaya is 06:20 AM, Pratah Kala ends at 08:43 AM, Dwadashi ends at 2026-10-07 11:16:00 PM IST, and Hari Vasara ends at 2026-10-07 06:14:30 AM IST. Hari Vasara ends before Sooryodaya, so there is no Hari-Vasara delay; Parana starts at Sooryodaya (06:20 AM). Pratah Kala ends at 08:43 AM, before Dwadashi ends; therefore Pratah Kala end is the limiting end time. Hence Parana is 06:20 AM to 08:43 AM.",2026-10-05:Dashami | 2026-10-06:Ekadashi | 2026-10-07:Dwadashi,2026-10-05:Pushya | 2026-10-06:Ashlesha | 2026-10-07:Magha,2026-10-06 02:07:00 AM IST,2026-10-07 12:34:00 AM IST,2026-10-07 11:16:00 PM IST,2026-10-06,06:20 AM,2026-10-06 04:44:00 AM IST,2026-10-06,,2026-10-06:VALID (start 2026-10-06 02:07:00 AM IST < Arunodaya 2026-10-06 04:44:00 AM IST),2026-10-06,06:20 AM,2026-10-06 04:44:00 AM IST,2026-10-07,Magha,2026-10-07 06:14:30 AM IST,2026-10-05,2026-10-07,2026-10-05 | 2026-10-06 | 2026-10-07,3,COMPLETE,,,Normal Ekadashi,NORMAL,Ekadashi began before Arunodaya and has one valid Ekadashi sunrise. No two-day exception is triggered.,2026-10-06:VALID (start 2026-10-06 02:07:00 AM IST < Arunodaya 2026-10-06 04:44:00 AM IST),2026-10-06,,2026-10-07,DWADASHI,PRATAH,2026-10-07 06:20:00 AM IST,2026-10-07 08:43:24 AM IST,Hari Vasara ended before Parana-day sunrise; Parana is sunrise to Pratah end.
Udupi,Karnataka,India,Asia/Kolkata,geoname:1253952,1253952,Indira Ekadashi,2026-10-06,"Indira Ekadashi - Udupi. Dashami ends and Ekadashi begins on 2026-10-06 02:07:00 AM IST. On 06-Oct-26, Sooryodaya is 06:21 AM and Arunodaya is 04:45 AM. Ekadashi is present at sunrise and had begun before Arunodaya, so this is a valid Ekadashi sunrise. Ekadashi ends on 2026-10-07 12:34:00 AM IST and does not remain through another sunrise. Ekadashi ends and Dwadashi begins on 2026-10-07 12:34:00 AM IST. Dwadashi is present at Sooryodaya on 07-Oct-26 (Sooryodaya 06:21 AM). Dwadashi ends and Trayodashi begins on 2026-10-07 11:16:00 PM IST. Therefore the Upavaasa is observed on 06-Oct-26. For Parana on 07-Oct-26, Sooryodaya is 06:21 AM, Pratah Kala ends at 08:44 AM, Dwadashi ends at 2026-10-07 11:16:00 PM IST, and Hari Vasara ends at 2026-10-07 06:14:30 AM IST. Hari Vasara ends before Sooryodaya, so there is no Hari-Vasara delay; Parana starts at Sooryodaya (06:21 AM). Pratah Kala ends at 08:44 AM, before Dwadashi ends; therefore Pratah Kala end is the limiting end time. Hence Parana is 06:21 AM to 08:44 AM.",2026-10-05:Dashami | 2026-10-06:Ekadashi | 2026-10-07:Dwadashi,2026-10-05:Pushya | 2026-10-06:Ashlesha | 2026-10-07:Magha,2026-10-06 02:07:00 AM IST,2026-10-07 12:34:00 AM IST,2026-10-07 11:16:00 PM IST,2026-10-06,06:21 AM,2026-10-06 04:45:00 AM IST,2026-10-06,,2026-10-06:VALID (start 2026-10-06 02:07:00 AM IST < Arunodaya 2026-10-06 04:45:00 AM IST),2026-10-06,06:21 AM,2026-10-06 04:45:00 AM IST,2026-10-07,Magha,2026-10-07 06:14:30 AM IST,2026-10-05,2026-10-07,2026-10-05 | 2026-10-06 | 2026-10-07,3,COMPLETE,,,Normal Ekadashi,NORMAL,Ekadashi began before Arunodaya and has one valid Ekadashi sunrise. No two-day exception is triggered.,2026-10-06:VALID (start 2026-10-06 02:07:00 AM IST < Arunodaya 2026-10-06 04:45:00 AM IST),2026-10-06,,2026-10-07,DWADASHI,PRATAH,2026-10-07 06:21:00 AM IST,2026-10-07 08:44:12 AM IST,Hari Vasara ended before Parana-day sunrise; Parana is sunrise to Pratah end.
Surat,Gujarat,India,Asia/Kolkata,geoname:1255364,1255364,Indira Ekadashi,2026-10-06,"Indira Ekadashi - Surat. Dashami ends and Ekadashi begins on 2026-10-06 02:07:00 AM IST. On 06-Oct-26, Sooryodaya is 06:31 AM and Arunodaya is 04:55 AM. Ekadashi is present at sunrise and had begun before Arunodaya, so this is a valid Ekadashi sunrise. Ekadashi ends on 2026-10-07 12:34:00 AM IST and does not remain through another sunrise. Ekadashi ends and Dwadashi begins on 2026-10-07 12:34:00 AM IST. Dwadashi is present at Sooryodaya on 07-Oct-26 (Sooryodaya 06:31 AM). Dwadashi ends and Trayodashi begins on 2026-10-07 11:16:00 PM IST. Therefore the Upavaasa is observed on 06-Oct-26. For Parana on 07-Oct-26, Sooryodaya is 06:31 AM, Pratah Kala ends at 08:53 AM, Dwadashi ends at 2026-10-07 11:16:00 PM IST, and Hari Vasara ends at 2026-10-07 06:14:30 AM IST. Hari Vasara ends before Sooryodaya, so there is no Hari-Vasara delay; Parana starts at Sooryodaya (06:31 AM). Pratah Kala ends at 08:53 AM, before Dwadashi ends; therefore Pratah Kala end is the limiting end time. Hence Parana is 06:31 AM to 08:53 AM.",2026-10-05:Dashami | 2026-10-06:Ekadashi | 2026-10-07:Dwadashi,2026-10-05:Pushya | 2026-10-06:Ashlesha | 2026-10-07:Magha,2026-10-06 02:07:00 AM IST,2026-10-07 12:34:00 AM IST,2026-10-07 11:16:00 PM IST,2026-10-06,06:31 AM,2026-10-06 04:55:00 AM IST,2026-10-06,,2026-10-06:VALID (start 2026-10-06 02:07:00 AM IST < Arunodaya 2026-10-06 04:55:00 AM IST),2026-10-06,06:31 AM,2026-10-06 04:55:00 AM IST,2026-10-07,Magha,2026-10-07 06:14:30 AM IST,2026-10-05,2026-10-07,2026-10-05 | 2026-10-06 | 2026-10-07,3,COMPLETE,,,Normal Ekadashi,NORMAL,Ekadashi began before Arunodaya and has one valid Ekadashi sunrise. No two-day exception is triggered.,2026-10-06:VALID (start 2026-10-06 02:07:00 AM IST < Arunodaya 2026-10-06 04:55:00 AM IST),2026-10-06,,2026-10-07,DWADASHI,PRATAH,2026-10-07 06:31:00 AM IST,2026-10-07 08:53:00 AM IST,Hari Vasara ended before Parana-day sunrise; Parana is sunrise to Pratah end.
Pune,Maharashtra,India,Asia/Kolkata,geoname:1259229,1259229,Indira Ekadashi,2026-10-06,"Indira Ekadashi - Pune. Dashami ends and Ekadashi begins on 2026-10-06 02:07:00 AM IST. On 06-Oct-26, Sooryodaya is 06:26 AM and Arunodaya is 04:50 AM. Ekadashi is present at sunrise and had begun before Arunodaya, so this is a valid Ekadashi sunrise. Ekadashi ends on 2026-10-07 12:34:00 AM IST and does not remain through another sunrise. Ekadashi ends and Dwadashi begins on 2026-10-07 12:34:00 AM IST. Dwadashi is present at Sooryodaya on 07-Oct-26 (Sooryodaya 06:26 AM). Dwadashi ends and Trayodashi begins on 2026-10-07 11:16:00 PM IST. Therefore the Upavaasa is observed on 06-Oct-26. For Parana on 07-Oct-26, Sooryodaya is 06:26 AM, Pratah Kala ends at 08:48 AM, Dwadashi ends at 2026-10-07 11:16:00 PM IST, and Hari Vasara ends at 2026-10-07 06:14:30 AM IST. Hari Vasara ends before Sooryodaya, so there is no Hari-Vasara delay; Parana starts at Sooryodaya (06:26 AM). Pratah Kala ends at 08:48 AM, before Dwadashi ends; therefore Pratah Kala end is the limiting end time. Hence Parana is 06:26 AM to 08:48 AM.",2026-10-05:Dashami | 2026-10-06:Ekadashi | 2026-10-07:Dwadashi,2026-10-05:Pushya | 2026-10-06:Ashlesha | 2026-10-07:Magha,2026-10-06 02:07:00 AM IST,2026-10-07 12:34:00 AM IST,2026-10-07 11:16:00 PM IST,2026-10-06,06:26 AM,2026-10-06 04:50:00 AM IST,2026-10-06,,2026-10-06:VALID (start 2026-10-06 02:07:00 AM IST < Arunodaya 2026-10-06 04:50:00 AM IST),2026-10-06,06:26 AM,2026-10-06 04:50:00 AM IST,2026-10-07,Magha,2026-10-07 06:14:30 AM IST,2026-10-05,2026-10-07,2026-10-05 | 2026-10-06 | 2026-10-07,3,COMPLETE,,,Normal Ekadashi,NORMAL,Ekadashi began before Arunodaya and has one valid Ekadashi sunrise. No two-day exception is triggered.,2026-10-06:VALID (start 2026-10-06 02:07:00 AM IST < Arunodaya 2026-10-06 04:50:00 AM IST),2026-10-06,,2026-10-07,DWADASHI,PRATAH,2026-10-07 06:26:00 AM IST,2026-10-07 08:48:24 AM IST,Hari Vasara ended before Parana-day sunrise; Parana is sunrise to Pratah end.
Vadodara,Gujarat,India,Asia/Kolkata,geoname:1253573,1253573,Indira Ekadashi,2026-10-06,"Indira Ekadashi - Vadodara. Dashami ends and Ekadashi begins on 2026-10-06 02:07:00 AM IST. On 06-Oct-26, Sooryodaya is 06:30 AM and Arunodaya is 04:54 AM. Ekadashi is present at sunrise and had begun before Arunodaya, so this is a valid Ekadashi sunrise. Ekadashi ends on 2026-10-07 12:34:00 AM IST and does not remain through another sunrise. Ekadashi ends and Dwadashi begins on 2026-10-07 12:34:00 AM IST. Dwadashi is present at Sooryodaya on 07-Oct-26 (Sooryodaya 06:30 AM). Dwadashi ends and Trayodashi begins on 2026-10-07 11:16:00 PM IST. Therefore the Upavaasa is observed on 06-Oct-26. For Parana on 07-Oct-26, Sooryodaya is 06:30 AM, Pratah Kala ends at 08:52 AM, Dwadashi ends at 2026-10-07 11:16:00 PM IST, and Hari Vasara ends at 2026-10-07 06:14:30 AM IST. Hari Vasara ends before Sooryodaya, so there is no Hari-Vasara delay; Parana starts at Sooryodaya (06:30 AM). Pratah Kala ends at 08:52 AM, before Dwadashi ends; therefore Pratah Kala end is the limiting end time. Hence Parana is 06:30 AM to 08:52 AM.",2026-10-05:Dashami | 2026-10-06:Ekadashi | 2026-10-07:Dwadashi,2026-10-05:Pushya | 2026-10-06:Ashlesha | 2026-10-07:Magha,2026-10-06 02:07:00 AM IST,2026-10-07 12:34:00 AM IST,2026-10-07 11:16:00 PM IST,2026-10-06,06:30 AM,2026-10-06 04:54:00 AM IST,2026-10-06,,2026-10-06:VALID (start 2026-10-06 02:07:00 AM IST < Arunodaya 2026-10-06 04:54:00 AM IST),2026-10-06,06:30 AM,2026-10-06 04:54:00 AM IST,2026-10-07,Magha,2026-10-07 06:14:30 AM IST,2026-10-05,2026-10-07,2026-10-05 | 2026-10-06 | 2026-10-07,3,COMPLETE,,,Normal Ekadashi,NORMAL,Ekadashi began before Arunodaya and has one valid Ekadashi sunrise. No two-day exception is triggered.,2026-10-06:VALID (start 2026-10-06 02:07:00 AM IST < Arunodaya 2026-10-06 04:54:00 AM IST),2026-10-06,,2026-10-07,DWADASHI,PRATAH,2026-10-07 06:30:00 AM IST,2026-10-07 08:51:48 AM IST,Hari Vasara ended before Parana-day sunrise; Parana is sunrise to Pratah end.
Hyderabad,Telangana,India,Asia/Kolkata,geoname:1269843,1269843,Indira Ekadashi,2026-10-06,"Indira Ekadashi - Hyderabad. Dashami ends and Ekadashi begins on 2026-10-06 02:07:00 AM IST. On 06-Oct-26, Sooryodaya is 06:07 AM and Arunodaya is 04:31 AM. Ekadashi is present at sunrise and had begun before Arunodaya, so this is a valid Ekadashi sunrise. Ekadashi ends on 2026-10-07 12:34:00 AM IST and does not remain through another sunrise. Ekadashi ends and Dwadashi begins on 2026-10-07 12:34:00 AM IST. Dwadashi is present at Sooryodaya on 07-Oct-26 (Sooryodaya 06:07 AM). Dwadashi ends and Trayodashi begins on 2026-10-07 11:16:00 PM IST. Therefore the Upavaasa is observed on 06-Oct-26. For Parana on 07-Oct-26, Sooryodaya is 06:07 AM, Pratah Kala ends at 08:30 AM, Dwadashi ends at 2026-10-07 11:16:00 PM IST, and Hari Vasara ends at 2026-10-07 06:14:30 AM IST. Hari Vasara ends after Sooryodaya, at 06:15 AM, but still within Pratah Kala. Therefore Parana cannot start at sunrise and starts at Hari Vasara end (06:15 AM). Pratah Kala ends at 08:30 AM, before Dwadashi ends; therefore Pratah Kala end is the limiting end time. Hence Parana is 06:15 AM to 08:30 AM.",2026-10-05:Dashami | 2026-10-06:Ekadashi | 2026-10-07:Dwadashi,2026-10-05:Pushya | 2026-10-06:Ashlesha | 2026-10-07:Magha,2026-10-06 02:07:00 AM IST,2026-10-07 12:34:00 AM IST,2026-10-07 11:16:00 PM IST,2026-10-06,06:07 AM,2026-10-06 04:31:00 AM IST,2026-10-06,,2026-10-06:VALID (start 2026-10-06 02:07:00 AM IST < Arunodaya 2026-10-06 04:31:00 AM IST),2026-10-06,06:07 AM,2026-10-06 04:31:00 AM IST,2026-10-07,Magha,2026-10-07 06:14:30 AM IST,2026-10-05,2026-10-07,2026-10-05 | 2026-10-06 | 2026-10-07,3,COMPLETE,,,Normal Ekadashi,NORMAL,Ekadashi began before Arunodaya and has one valid Ekadashi sunrise. No two-day exception is triggered.,2026-10-06:VALID (start 2026-10-06 02:07:00 AM IST < Arunodaya 2026-10-06 04:31:00 AM IST),2026-10-06,,2026-10-07,DWADASHI,PRATAH,2026-10-07 06:14:30 AM IST,2026-10-07 08:29:36 AM IST,Hari Vasara ends during Pratah; Parana begins after Hari Vasara and ends at Pratah end.
Rochester,New York,United States,America/New_York,geoname:5134086,5134086,Indira Ekadashi,2026-10-06,"Indira Ekadashi - Rochester. Dashami ends and Ekadashi begins on 2026-10-05 04:37:00 PM EDT. On 06-Oct-26, Sooryodaya is 07:14 AM and Arunodaya is 05:38 AM. Ekadashi is present at sunrise and had begun before Arunodaya, so this is a valid Ekadashi sunrise. Ekadashi ends on 2026-10-06 03:04:00 PM EDT and does not remain through another sunrise. Ekadashi ends and Dwadashi begins on 2026-10-06 03:04:00 PM EDT. Dwadashi is present at Sooryodaya on 07-Oct-26 (Sooryodaya 07:15 AM). Dwadashi ends and Trayodashi begins on 2026-10-07 01:46:00 PM EDT. Therefore the Upavaasa is observed on 06-Oct-26. For Parana on 07-Oct-26, Sooryodaya is 07:15 AM, Pratah Kala ends at 09:32 AM, Dwadashi ends at 2026-10-07 01:46:00 PM EDT, and Hari Vasara ends at 2026-10-06 08:44:30 PM EDT. Hari Vasara ends before Sooryodaya, so there is no Hari-Vasara delay; Parana starts at Sooryodaya (07:15 AM). Pratah Kala ends at 09:32 AM, before Dwadashi ends; therefore Pratah Kala end is the limiting end time. Hence Parana is 07:15 AM to 09:32 AM.",2026-10-05:Dashami | 2026-10-06:Ekadashi | 2026-10-07:Dwadashi,2026-10-05:Pushya | 2026-10-06:Ashlesha | 2026-10-07:Magha,2026-10-05 04:37:00 PM EDT,2026-10-06 03:04:00 PM EDT,2026-10-07 01:46:00 PM EDT,2026-10-06,07:14 AM,2026-10-06 05:38:00 AM EDT,2026-10-06,,2026-10-06:VALID (start 2026-10-05 04:37:00 PM EDT < Arunodaya 2026-10-06 05:38:00 AM EDT),2026-10-06,07:14 AM,2026-10-06 05:38:00 AM EDT,2026-10-07,Magha,2026-10-06 08:44:30 PM EDT,2026-10-05,2026-10-07,2026-10-05 | 2026-10-06 | 2026-10-07,3,COMPLETE,,,Normal Ekadashi,NORMAL,Ekadashi began before Arunodaya and has one valid Ekadashi sunrise. No two-day exception is triggered.,2026-10-06:VALID (start 2026-10-05 04:37:00 PM EDT < Arunodaya 2026-10-06 05:38:00 AM EDT),2026-10-06,,2026-10-07,DWADASHI,PRATAH,2026-10-07 07:15:00 AM EDT,2026-10-07 09:32:12 AM EDT,Hari Vasara ended before Parana-day sunrise; Parana is sunrise to Pratah end.
Stonybrook,New York,United States,America/New_York,geoname:5139865,5139865,Indira Ekadashi,2026-10-06,"Indira Ekadashi - Stonybrook. Dashami ends and Ekadashi begins on 2026-10-05 04:37:00 PM EDT. On 06-Oct-26, Sooryodaya is 06:54 AM and Arunodaya is 05:18 AM. Ekadashi is present at sunrise and had begun before Arunodaya, so this is a valid Ekadashi sunrise. Ekadashi ends on 2026-10-06 03:04:00 PM EDT and does not remain through another sunrise. Ekadashi ends and Dwadashi begins on 2026-10-06 03:04:00 PM EDT. Dwadashi is present at Sooryodaya on 07-Oct-26 (Sooryodaya 06:56 AM). Dwadashi ends and Trayodashi begins on 2026-10-07 01:46:00 PM EDT. Therefore the Upavaasa is observed on 06-Oct-26. For Parana on 07-Oct-26, Sooryodaya is 06:56 AM, Pratah Kala ends at 09:14 AM, Dwadashi ends at 2026-10-07 01:46:00 PM EDT, and Hari Vasara ends at 2026-10-06 08:44:30 PM EDT. Hari Vasara ends before Sooryodaya, so there is no Hari-Vasara delay; Parana starts at Sooryodaya (06:56 AM). Pratah Kala ends at 09:14 AM, before Dwadashi ends; therefore Pratah Kala end is the limiting end time. Hence Parana is 06:56 AM to 09:14 AM.",2026-10-05:Dashami | 2026-10-06:Ekadashi | 2026-10-07:Dwadashi,2026-10-05:Pushya | 2026-10-06:Ashlesha | 2026-10-07:Magha,2026-10-05 04:37:00 PM EDT,2026-10-06 03:04:00 PM EDT,2026-10-07 01:46:00 PM EDT,2026-10-06,06:54 AM,2026-10-06 05:18:00 AM EDT,2026-10-06,,2026-10-06:VALID (start 2026-10-05 04:37:00 PM EDT < Arunodaya 2026-10-06 05:18:00 AM EDT),2026-10-06,06:54 AM,2026-10-06 05:18:00 AM EDT,2026-10-07,Magha,2026-10-06 08:44:30 PM EDT,2026-10-05,2026-10-07,2026-10-05 | 2026-10-06 | 2026-10-07,3,COMPLETE,,,Normal Ekadashi,NORMAL,Ekadashi began before Arunodaya and has one valid Ekadashi sunrise. No two-day exception is triggered.,2026-10-06:VALID (start 2026-10-05 04:37:00 PM EDT < Arunodaya 2026-10-06 05:18:00 AM EDT),2026-10-06,,2026-10-07,DWADASHI,PRATAH,2026-10-07 06:56:00 AM EDT,2026-10-07 09:13:48 AM EDT,Hari Vasara ended before Parana-day sunrise; Parana is sunrise to Pratah end.
Lafayette,Indiana,United States,America/Indiana/Indianapolis,geoname:4922462,4922462,Indira Ekadashi,2026-10-06,"Indira Ekadashi - Lafayette. Dashami ends and Ekadashi begins on 2026-10-05 04:37:00 PM EDT. On 06-Oct-26, Sooryodaya is 07:49 AM and Arunodaya is 06:13 AM. Ekadashi is present at sunrise and had begun before Arunodaya, so this is a valid Ekadashi sunrise. Ekadashi ends on 2026-10-06 03:04:00 PM EDT and does not remain through another sunrise. Ekadashi ends and Dwadashi begins on 2026-10-06 03:04:00 PM EDT. Dwadashi is present at Sooryodaya on 07-Oct-26 (Sooryodaya 07:50 AM). Dwadashi ends and Trayodashi begins on 2026-10-07 01:46:00 PM EDT. Therefore the Upavaasa is observed on 06-Oct-26. For Parana on 07-Oct-26, Sooryodaya is 07:50 AM, Pratah Kala ends at 10:08 AM, Dwadashi ends at 2026-10-07 01:46:00 PM EDT, and Hari Vasara ends at 2026-10-06 08:44:30 PM EDT. Hari Vasara ends before Sooryodaya, so there is no Hari-Vasara delay; Parana starts at Sooryodaya (07:50 AM). Pratah Kala ends at 10:08 AM, before Dwadashi ends; therefore Pratah Kala end is the limiting end time. Hence Parana is 07:50 AM to 10:08 AM.",2026-10-05:Dashami | 2026-10-06:Ekadashi | 2026-10-07:Dwadashi,2026-10-05:Pushya | 2026-10-06:Ashlesha | 2026-10-07:Magha,2026-10-05 04:37:00 PM EDT,2026-10-06 03:04:00 PM EDT,2026-10-07 01:46:00 PM EDT,2026-10-06,07:49 AM,2026-10-06 06:13:00 AM EDT,2026-10-06,,2026-10-06:VALID (start 2026-10-05 04:37:00 PM EDT < Arunodaya 2026-10-06 06:13:00 AM EDT),2026-10-06,07:49 AM,2026-10-06 06:13:00 AM EDT,2026-10-07,Magha,2026-10-06 08:44:30 PM EDT,2026-10-05,2026-10-07,2026-10-05 | 2026-10-06 | 2026-10-07,3,COMPLETE,,,Normal Ekadashi,NORMAL,Ekadashi began before Arunodaya and has one valid Ekadashi sunrise. No two-day exception is triggered.,2026-10-06:VALID (start 2026-10-05 04:37:00 PM EDT < Arunodaya 2026-10-06 06:13:00 AM EDT),2026-10-06,,2026-10-07,DWADASHI,PRATAH,2026-10-07 07:50:00 AM EDT,2026-10-07 10:08:00 AM EDT,Hari Vasara ended before Parana-day sunrise; Parana is sunrise to Pratah end.
Chicago,Illinois,United States,America/Chicago,geoname:4887398,4887398,Indira Ekadashi,2026-10-06,"Indira Ekadashi - Chicago. Dashami ends and Ekadashi begins on 2026-10-05 03:37:00 PM CDT. On 06-Oct-26, Sooryodaya is 06:53 AM and Arunodaya is 05:17 AM. Ekadashi is present at sunrise and had begun before Arunodaya, so this is a valid Ekadashi sunrise. Ekadashi ends on 2026-10-06 02:04:00 PM CDT and does not remain through another sunrise. Ekadashi ends and Dwadashi begins on 2026-10-06 02:04:00 PM CDT. Dwadashi is present at Sooryodaya on 07-Oct-26 (Sooryodaya 06:54 AM). Dwadashi ends and Trayodashi begins on 2026-10-07 12:46:00 PM CDT. Therefore the Upavaasa is observed on 06-Oct-26. For Parana on 07-Oct-26, Sooryodaya is 06:54 AM, Pratah Kala ends at 09:12 AM, Dwadashi ends at 2026-10-07 12:46:00 PM CDT, and Hari Vasara ends at 2026-10-06 07:44:30 PM CDT. Hari Vasara ends before Sooryodaya, so there is no Hari-Vasara delay; Parana starts at Sooryodaya (06:54 AM). Pratah Kala ends at 09:12 AM, before Dwadashi ends; therefore Pratah Kala end is the limiting end time. Hence Parana is 06:54 AM to 09:12 AM.",2026-10-05:Dashami | 2026-10-06:Ekadashi | 2026-10-07:Dwadashi,2026-10-05:Pushya | 2026-10-06:Ashlesha | 2026-10-07:Magha,2026-10-05 03:37:00 PM CDT,2026-10-06 02:04:00 PM CDT,2026-10-07 12:46:00 PM CDT,2026-10-06,06:53 AM,2026-10-06 05:17:00 AM CDT,2026-10-06,,2026-10-06:VALID (start 2026-10-05 03:37:00 PM CDT < Arunodaya 2026-10-06 05:17:00 AM CDT),2026-10-06,06:53 AM,2026-10-06 05:17:00 AM CDT,2026-10-07,Magha,2026-10-06 07:44:30 PM CDT,2026-10-05,2026-10-07,2026-10-05 | 2026-10-06 | 2026-10-07,3,COMPLETE,,,Normal Ekadashi,NORMAL,Ekadashi began before Arunodaya and has one valid Ekadashi sunrise. No two-day exception is triggered.,2026-10-06:VALID (start 2026-10-05 03:37:00 PM CDT < Arunodaya 2026-10-06 05:17:00 AM CDT),2026-10-06,,2026-10-07,DWADASHI,PRATAH,2026-10-07 06:54:00 AM CDT,2026-10-07 09:11:36 AM CDT,Hari Vasara ended before Parana-day sunrise; Parana is sunrise to Pratah end.
Dallas,Texas,United States,America/Chicago,geoname:4684888,4684888,Indira Ekadashi,2026-10-06,"Indira Ekadashi - Dallas. Dashami ends and Ekadashi begins on 2026-10-05 03:37:00 PM CDT. On 06-Oct-26, Sooryodaya is 07:25 AM and Arunodaya is 05:49 AM. Ekadashi is present at sunrise and had begun before Arunodaya, so this is a valid Ekadashi sunrise. Ekadashi ends on 2026-10-06 02:04:00 PM CDT and does not remain through another sunrise. Ekadashi ends and Dwadashi begins on 2026-10-06 02:04:00 PM CDT. Dwadashi is present at Sooryodaya on 07-Oct-26 (Sooryodaya 07:26 AM). Dwadashi ends and Trayodashi begins on 2026-10-07 12:46:00 PM CDT. Therefore the Upavaasa is observed on 06-Oct-26. For Parana on 07-Oct-26, Sooryodaya is 07:26 AM, Pratah Kala ends at 09:46 AM, Dwadashi ends at 2026-10-07 12:46:00 PM CDT, and Hari Vasara ends at 2026-10-06 07:44:30 PM CDT. Hari Vasara ends before Sooryodaya, so there is no Hari-Vasara delay; Parana starts at Sooryodaya (07:26 AM). Pratah Kala ends at 09:46 AM, before Dwadashi ends; therefore Pratah Kala end is the limiting end time. Hence Parana is 07:26 AM to 09:46 AM.",2026-10-05:Dashami | 2026-10-06:Ekadashi | 2026-10-07:Dwadashi,2026-10-05:Pushya | 2026-10-06:Ashlesha | 2026-10-07:Magha,2026-10-05 03:37:00 PM CDT,2026-10-06 02:04:00 PM CDT,2026-10-07 12:46:00 PM CDT,2026-10-06,07:25 AM,2026-10-06 05:49:00 AM CDT,2026-10-06,,2026-10-06:VALID (start 2026-10-05 03:37:00 PM CDT < Arunodaya 2026-10-06 05:49:00 AM CDT),2026-10-06,07:25 AM,2026-10-06 05:49:00 AM CDT,2026-10-07,Magha,2026-10-06 07:44:30 PM CDT,2026-10-05,2026-10-07,2026-10-05 | 2026-10-06 | 2026-10-07,3,COMPLETE,,,Normal Ekadashi,NORMAL,Ekadashi began before Arunodaya and has one valid Ekadashi sunrise. No two-day exception is triggered.,2026-10-06:VALID (start 2026-10-05 03:37:00 PM CDT < Arunodaya 2026-10-06 05:49:00 AM CDT),2026-10-06,,2026-10-07,DWADASHI,PRATAH,2026-10-07 07:26:00 AM CDT,2026-10-07 09:45:36 AM CDT,Hari Vasara ended before Parana-day sunrise; Parana is sunrise to Pratah end.
Houston,Texas,United States,America/Chicago,geoname:4699066,4699066,Indira Ekadashi,2026-10-06,"Indira Ekadashi - Houston. Dashami ends and Ekadashi begins on 2026-10-05 03:37:00 PM CDT. On 06-Oct-26, Sooryodaya is 07:18 AM and Arunodaya is 05:42 AM. Ekadashi is present at sunrise and had begun before Arunodaya, so this is a valid Ekadashi sunrise. Ekadashi ends on 2026-10-06 02:04:00 PM CDT and does not remain through another sunrise. Ekadashi ends and Dwadashi begins on 2026-10-06 02:04:00 PM CDT. Dwadashi is present at Sooryodaya on 07-Oct-26 (Sooryodaya 07:18 AM). Dwadashi ends and Trayodashi begins on 2026-10-07 12:46:00 PM CDT. Therefore the Upavaasa is observed on 06-Oct-26. For Parana on 07-Oct-26, Sooryodaya is 07:18 AM, Pratah Kala ends at 09:38 AM, Dwadashi ends at 2026-10-07 12:46:00 PM CDT, and Hari Vasara ends at 2026-10-06 07:44:30 PM CDT. Hari Vasara ends before Sooryodaya, so there is no Hari-Vasara delay; Parana starts at Sooryodaya (07:18 AM). Pratah Kala ends at 09:38 AM, before Dwadashi ends; therefore Pratah Kala end is the limiting end time. Hence Parana is 07:18 AM to 09:38 AM.",2026-10-05:Dashami | 2026-10-06:Ekadashi | 2026-10-07:Dwadashi,2026-10-05:Pushya | 2026-10-06:Ashlesha | 2026-10-07:Magha,2026-10-05 03:37:00 PM CDT,2026-10-06 02:04:00 PM CDT,2026-10-07 12:46:00 PM CDT,2026-10-06,07:18 AM,2026-10-06 05:42:00 AM CDT,2026-10-06,,2026-10-06:VALID (start 2026-10-05 03:37:00 PM CDT < Arunodaya 2026-10-06 05:42:00 AM CDT),2026-10-06,07:18 AM,2026-10-06 05:42:00 AM CDT,2026-10-07,Magha,2026-10-06 07:44:30 PM CDT,2026-10-05,2026-10-07,2026-10-05 | 2026-10-06 | 2026-10-07,3,COMPLETE,,,Normal Ekadashi,NORMAL,Ekadashi began before Arunodaya and has one valid Ekadashi sunrise. No two-day exception is triggered.,2026-10-06:VALID (start 2026-10-05 03:37:00 PM CDT < Arunodaya 2026-10-06 05:42:00 AM CDT),2026-10-06,,2026-10-07,DWADASHI,PRATAH,2026-10-07 07:18:00 AM CDT,2026-10-07 09:38:24 AM CDT,Hari Vasara ended before Parana-day sunrise; Parana is sunrise to Pratah end.
Phoenix,Arizona,United States,America/Phoenix,geoname:5308655,5308655,Indira Ekadashi,2026-10-06,"Indira Ekadashi - Phoenix. Dashami ends and Ekadashi begins on 2026-10-05 01:37:00 PM MST. On 06-Oct-26, Sooryodaya is 06:26 AM and Arunodaya is 04:50 AM. Ekadashi is present at sunrise and had begun before Arunodaya, so this is a valid Ekadashi sunrise. Ekadashi ends on 2026-10-06 12:04:00 PM MST and does not remain through another sunrise. Ekadashi ends and Dwadashi begins on 2026-10-06 12:04:00 PM MST. Dwadashi is present at Sooryodaya on 07-Oct-26 (Sooryodaya 06:27 AM). Dwadashi ends and Trayodashi begins on 2026-10-07 10:46:00 AM MST. Therefore the Upavaasa is observed on 06-Oct-26. For Parana on 07-Oct-26, Sooryodaya is 06:27 AM, Pratah Kala ends at 08:47 AM, Dwadashi ends at 2026-10-07 10:46:00 AM MST, and Hari Vasara ends at 2026-10-06 05:44:30 PM MST. Hari Vasara ends before Sooryodaya, so there is no Hari-Vasara delay; Parana starts at Sooryodaya (06:27 AM). Pratah Kala ends at 08:47 AM, before Dwadashi ends; therefore Pratah Kala end is the limiting end time. Hence Parana is 06:27 AM to 08:47 AM.",2026-10-05:Dashami | 2026-10-06:Ekadashi | 2026-10-07:Dwadashi,2026-10-05:Pushya | 2026-10-06:Ashlesha | 2026-10-07:Magha,2026-10-05 01:37:00 PM MST,2026-10-06 12:04:00 PM MST,2026-10-07 10:46:00 AM MST,2026-10-06,06:26 AM,2026-10-06 04:50:00 AM MST,2026-10-06,,2026-10-06:VALID (start 2026-10-05 01:37:00 PM MST < Arunodaya 2026-10-06 04:50:00 AM MST),2026-10-06,06:26 AM,2026-10-06 04:50:00 AM MST,2026-10-07,Magha,2026-10-06 05:44:30 PM MST,2026-10-05,2026-10-07,2026-10-05 | 2026-10-06 | 2026-10-07,3,COMPLETE,,,Normal Ekadashi,NORMAL,Ekadashi began before Arunodaya and has one valid Ekadashi sunrise. No two-day exception is triggered.,2026-10-06:VALID (start 2026-10-05 01:37:00 PM MST < Arunodaya 2026-10-06 04:50:00 AM MST),2026-10-06,,2026-10-07,DWADASHI,PRATAH,2026-10-07 06:27:00 AM MST,2026-10-07 08:46:36 AM MST,Hari Vasara ended before Parana-day sunrise; Parana is sunrise to Pratah end.
San Francisco,California,United States,America/Los_Angeles,geoname:5391959,5391959,Indira Ekadashi,2026-10-06,"Indira Ekadashi - San Francisco. Dashami ends and Ekadashi begins on 2026-10-05 01:37:00 PM PDT. On 06-Oct-26, Sooryodaya is 07:10 AM and Arunodaya is 05:34 AM. Ekadashi is present at sunrise and had begun before Arunodaya, so this is a valid Ekadashi sunrise. Ekadashi ends on 2026-10-06 12:04:00 PM PDT and does not remain through another sunrise. Ekadashi ends and Dwadashi begins on 2026-10-06 12:04:00 PM PDT. Dwadashi is present at Sooryodaya on 07-Oct-26 (Sooryodaya 07:11 AM). Dwadashi ends and Trayodashi begins on 2026-10-07 10:46:00 AM PDT. Therefore the Upavaasa is observed on 06-Oct-26. For Parana on 07-Oct-26, Sooryodaya is 07:11 AM, Pratah Kala ends at 09:30 AM, Dwadashi ends at 2026-10-07 10:46:00 AM PDT, and Hari Vasara ends at 2026-10-06 05:44:30 PM PDT. Hari Vasara ends before Sooryodaya, so there is no Hari-Vasara delay; Parana starts at Sooryodaya (07:11 AM). Pratah Kala ends at 09:30 AM, before Dwadashi ends; therefore Pratah Kala end is the limiting end time. Hence Parana is 07:11 AM to 09:30 AM.",2026-10-05:Dashami | 2026-10-06:Ekadashi | 2026-10-07:Dwadashi,2026-10-05:Pushya | 2026-10-06:Ashlesha | 2026-10-07:Magha,2026-10-05 01:37:00 PM PDT,2026-10-06 12:04:00 PM PDT,2026-10-07 10:46:00 AM PDT,2026-10-06,07:10 AM,2026-10-06 05:34:00 AM PDT,2026-10-06,,2026-10-06:VALID (start 2026-10-05 01:37:00 PM PDT < Arunodaya 2026-10-06 05:34:00 AM PDT),2026-10-06,07:10 AM,2026-10-06 05:34:00 AM PDT,2026-10-07,Magha,2026-10-06 05:44:30 PM PDT,2026-10-05,2026-10-07,2026-10-05 | 2026-10-06 | 2026-10-07,3,COMPLETE,,,Normal Ekadashi,NORMAL,Ekadashi began before Arunodaya and has one valid Ekadashi sunrise. No two-day exception is triggered.,2026-10-06:VALID (start 2026-10-05 01:37:00 PM PDT < Arunodaya 2026-10-06 05:34:00 AM PDT),2026-10-06,,2026-10-07,DWADASHI,PRATAH,2026-10-07 07:11:00 AM PDT,2026-10-07 09:29:36 AM PDT,Hari Vasara ended before Parana-day sunrise; Parana is sunrise to Pratah end.
Los Angeles,California,United States,America/Los_Angeles,geoname:5368361,5368361,Indira Ekadashi,2026-10-06,"Indira Ekadashi - Los Angeles. Dashami ends and Ekadashi begins on 2026-10-05 01:37:00 PM PDT. On 06-Oct-26, Sooryodaya is 06:51 AM and Arunodaya is 05:15 AM. Ekadashi is present at sunrise and had begun before Arunodaya, so this is a valid Ekadashi sunrise. Ekadashi ends on 2026-10-06 12:04:00 PM PDT and does not remain through another sunrise. Ekadashi ends and Dwadashi begins on 2026-10-06 12:04:00 PM PDT. Dwadashi is present at Sooryodaya on 07-Oct-26 (Sooryodaya 06:52 AM). Dwadashi ends and Trayodashi begins on 2026-10-07 10:46:00 AM PDT. Therefore the Upavaasa is observed on 06-Oct-26. For Parana on 07-Oct-26, Sooryodaya is 06:52 AM, Pratah Kala ends at 09:11 AM, Dwadashi ends at 2026-10-07 10:46:00 AM PDT, and Hari Vasara ends at 2026-10-06 05:44:30 PM PDT. Hari Vasara ends before Sooryodaya, so there is no Hari-Vasara delay; Parana starts at Sooryodaya (06:52 AM). Pratah Kala ends at 09:11 AM, before Dwadashi ends; therefore Pratah Kala end is the limiting end time. Hence Parana is 06:52 AM to 09:11 AM.",2026-10-05:Dashami | 2026-10-06:Ekadashi | 2026-10-07:Dwadashi,2026-10-05:Pushya | 2026-10-06:Ashlesha | 2026-10-07:Magha,2026-10-05 01:37:00 PM PDT,2026-10-06 12:04:00 PM PDT,2026-10-07 10:46:00 AM PDT,2026-10-06,06:51 AM,2026-10-06 05:15:00 AM PDT,2026-10-06,,2026-10-06:VALID (start 2026-10-05 01:37:00 PM PDT < Arunodaya 2026-10-06 05:15:00 AM PDT),2026-10-06,06:51 AM,2026-10-06 05:15:00 AM PDT,2026-10-07,Magha,2026-10-06 05:44:30 PM PDT,2026-10-05,2026-10-07,2026-10-05 | 2026-10-06 | 2026-10-07,3,COMPLETE,,,Normal Ekadashi,NORMAL,Ekadashi began before Arunodaya and has one valid Ekadashi sunrise. No two-day exception is triggered.,2026-10-06:VALID (start 2026-10-05 01:37:00 PM PDT < Arunodaya 2026-10-06 05:15:00 AM PDT),2026-10-06,,2026-10-07,DWADASHI,PRATAH,2026-10-07 06:52:00 AM PDT,2026-10-07 09:11:24 AM PDT,Hari Vasara ended before Parana-day sunrise; Parana is sunrise to Pratah end.
Seattle,Washington,United States,America/Los_Angeles,geoname:5809844,5809844,Indira Ekadashi,2026-10-06,"Indira Ekadashi - Seattle. Dashami ends and Ekadashi begins on 2026-10-05 01:37:00 PM PDT. On 06-Oct-26, Sooryodaya is 07:16 AM and Arunodaya is 05:40 AM. Ekadashi is present at sunrise and had begun before Arunodaya, so this is a valid Ekadashi sunrise. Ekadashi ends on 2026-10-06 12:04:00 PM PDT and does not remain through another sunrise. Ekadashi ends and Dwadashi begins on 2026-10-06 12:04:00 PM PDT. Dwadashi is present at Sooryodaya on 07-Oct-26 (Sooryodaya 07:17 AM). Dwadashi ends and Trayodashi begins on 2026-10-07 10:46:00 AM PDT. Therefore the Upavaasa is observed on 06-Oct-26. For Parana on 07-Oct-26, Sooryodaya is 07:17 AM, Pratah Kala ends at 09:33 AM, Dwadashi ends at 2026-10-07 10:46:00 AM PDT, and Hari Vasara ends at 2026-10-06 05:44:30 PM PDT. Hari Vasara ends before Sooryodaya, so there is no Hari-Vasara delay; Parana starts at Sooryodaya (07:17 AM). Pratah Kala ends at 09:33 AM, before Dwadashi ends; therefore Pratah Kala end is the limiting end time. Hence Parana is 07:17 AM to 09:33 AM.",2026-10-05:Dashami | 2026-10-06:Ekadashi | 2026-10-07:Dwadashi,2026-10-05:Pushya | 2026-10-06:Ashlesha | 2026-10-07:Magha,2026-10-05 01:37:00 PM PDT,2026-10-06 12:04:00 PM PDT,2026-10-07 10:46:00 AM PDT,2026-10-06,07:16 AM,2026-10-06 05:40:00 AM PDT,2026-10-06,,2026-10-06:VALID (start 2026-10-05 01:37:00 PM PDT < Arunodaya 2026-10-06 05:40:00 AM PDT),2026-10-06,07:16 AM,2026-10-06 05:40:00 AM PDT,2026-10-07,Magha,2026-10-06 05:44:30 PM PDT,2026-10-05,2026-10-07,2026-10-05 | 2026-10-06 | 2026-10-07,3,COMPLETE,,,Normal Ekadashi,NORMAL,Ekadashi began before Arunodaya and has one valid Ekadashi sunrise. No two-day exception is triggered.,2026-10-06:VALID (start 2026-10-05 01:37:00 PM PDT < Arunodaya 2026-10-06 05:40:00 AM PDT),2026-10-06,,2026-10-07,DWADASHI,PRATAH,2026-10-07 07:17:00 AM PDT,2026-10-07 09:32:48 AM PDT,Hari Vasara ended before Parana-day sunrise; Parana is sunrise to Pratah end.
Tampa,Florida,United States,America/New_York,geoname:4174757,4174757,Indira Ekadashi,2026-10-06,"Indira Ekadashi - Tampa. Dashami ends and Ekadashi begins on 2026-10-05 04:37:00 PM EDT. On 06-Oct-26, Sooryodaya is 07:25 AM and Arunodaya is 05:49 AM. Ekadashi is present at sunrise and had begun before Arunodaya, so this is a valid Ekadashi sunrise. Ekadashi ends on 2026-10-06 03:04:00 PM EDT and does not remain through another sunrise. Ekadashi ends and Dwadashi begins on 2026-10-06 03:04:00 PM EDT. Dwadashi is present at Sooryodaya on 07-Oct-26 (Sooryodaya 07:26 AM). Dwadashi ends and Trayodashi begins on 2026-10-07 01:46:00 PM EDT. Therefore the Upavaasa is observed on 06-Oct-26. For Parana on 07-Oct-26, Sooryodaya is 07:26 AM, Pratah Kala ends at 09:47 AM, Dwadashi ends at 2026-10-07 01:46:00 PM EDT, and Hari Vasara ends at 2026-10-06 08:44:30 PM EDT. Hari Vasara ends before Sooryodaya, so there is no Hari-Vasara delay; Parana starts at Sooryodaya (07:26 AM). Pratah Kala ends at 09:47 AM, before Dwadashi ends; therefore Pratah Kala end is the limiting end time. Hence Parana is 07:26 AM to 09:47 AM.",2026-10-05:Dashami | 2026-10-06:Ekadashi | 2026-10-07:Dwadashi,2026-10-05:Pushya | 2026-10-06:Ashlesha | 2026-10-07:Magha,2026-10-05 04:37:00 PM EDT,2026-10-06 03:04:00 PM EDT,2026-10-07 01:46:00 PM EDT,2026-10-06,07:25 AM,2026-10-06 05:49:00 AM EDT,2026-10-06,,2026-10-06:VALID (start 2026-10-05 04:37:00 PM EDT < Arunodaya 2026-10-06 05:49:00 AM EDT),2026-10-06,07:25 AM,2026-10-06 05:49:00 AM EDT,2026-10-07,Magha,2026-10-06 08:44:30 PM EDT,2026-10-05,2026-10-07,2026-10-05 | 2026-10-06 | 2026-10-07,3,COMPLETE,,,Normal Ekadashi,NORMAL,Ekadashi began before Arunodaya and has one valid Ekadashi sunrise. No two-day exception is triggered.,2026-10-06:VALID (start 2026-10-05 04:37:00 PM EDT < Arunodaya 2026-10-06 05:49:00 AM EDT),2026-10-06,,2026-10-07,DWADASHI,PRATAH,2026-10-07 07:26:00 AM EDT,2026-10-07 09:46:36 AM EDT,Hari Vasara ended before Parana-day sunrise; Parana is sunrise to Pratah end.
Orlando,Florida,United States,America/New_York,geoname:4167147,4167147,Indira Ekadashi,2026-10-06,"Indira Ekadashi - Orlando. Dashami ends and Ekadashi begins on 2026-10-05 04:37:00 PM EDT. On 06-Oct-26, Sooryodaya is 07:21 AM and Arunodaya is 05:45 AM. Ekadashi is present at sunrise and had begun before Arunodaya, so this is a valid Ekadashi sunrise. Ekadashi ends on 2026-10-06 03:04:00 PM EDT and does not remain through another sunrise. Ekadashi ends and Dwadashi begins on 2026-10-06 03:04:00 PM EDT. Dwadashi is present at Sooryodaya on 07-Oct-26 (Sooryodaya 07:22 AM). Dwadashi ends and Trayodashi begins on 2026-10-07 01:46:00 PM EDT. Therefore the Upavaasa is observed on 06-Oct-26. For Parana on 07-Oct-26, Sooryodaya is 07:22 AM, Pratah Kala ends at 09:42 AM, Dwadashi ends at 2026-10-07 01:46:00 PM EDT, and Hari Vasara ends at 2026-10-06 08:44:30 PM EDT. Hari Vasara ends before Sooryodaya, so there is no Hari-Vasara delay; Parana starts at Sooryodaya (07:22 AM). Pratah Kala ends at 09:42 AM, before Dwadashi ends; therefore Pratah Kala end is the limiting end time. Hence Parana is 07:22 AM to 09:42 AM.",2026-10-05:Dashami | 2026-10-06:Ekadashi | 2026-10-07:Dwadashi,2026-10-05:Pushya | 2026-10-06:Ashlesha | 2026-10-07:Magha,2026-10-05 04:37:00 PM EDT,2026-10-06 03:04:00 PM EDT,2026-10-07 01:46:00 PM EDT,2026-10-06,07:21 AM,2026-10-06 05:45:00 AM EDT,2026-10-06,,2026-10-06:VALID (start 2026-10-05 04:37:00 PM EDT < Arunodaya 2026-10-06 05:45:00 AM EDT),2026-10-06,07:21 AM,2026-10-06 05:45:00 AM EDT,2026-10-07,Magha,2026-10-06 08:44:30 PM EDT,2026-10-05,2026-10-07,2026-10-05 | 2026-10-06 | 2026-10-07,3,COMPLETE,,,Normal Ekadashi,NORMAL,Ekadashi began before Arunodaya and has one valid Ekadashi sunrise. No two-day exception is triggered.,2026-10-06:VALID (start 2026-10-05 04:37:00 PM EDT < Arunodaya 2026-10-06 05:45:00 AM EDT),2026-10-06,,2026-10-07,DWADASHI,PRATAH,2026-10-07 07:22:00 AM EDT,2026-10-07 09:42:24 AM EDT,Hari Vasara ended before Parana-day sunrise; Parana is sunrise to Pratah end.
Richmond,Virginia,United States,America/New_York,geoname:4781708,4781708,Indira Ekadashi,2026-10-06,"Indira Ekadashi - Richmond. Dashami ends and Ekadashi begins on 2026-10-05 04:37:00 PM EDT. On 06-Oct-26, Sooryodaya is 07:10 AM and Arunodaya is 05:34 AM. Ekadashi is present at sunrise and had begun before Arunodaya, so this is a valid Ekadashi sunrise. Ekadashi ends on 2026-10-06 03:04:00 PM EDT and does not remain through another sunrise. Ekadashi ends and Dwadashi begins on 2026-10-06 03:04:00 PM EDT. Dwadashi is present at Sooryodaya on 07-Oct-26 (Sooryodaya 07:11 AM). Dwadashi ends and Trayodashi begins on 2026-10-07 01:46:00 PM EDT. Therefore the Upavaasa is observed on 06-Oct-26. For Parana on 07-Oct-26, Sooryodaya is 07:11 AM, Pratah Kala ends at 09:30 AM, Dwadashi ends at 2026-10-07 01:46:00 PM EDT, and Hari Vasara ends at 2026-10-06 08:44:30 PM EDT. Hari Vasara ends before Sooryodaya, so there is no Hari-Vasara delay; Parana starts at Sooryodaya (07:11 AM). Pratah Kala ends at 09:30 AM, before Dwadashi ends; therefore Pratah Kala end is the limiting end time. Hence Parana is 07:11 AM to 09:30 AM.",2026-10-05:Dashami | 2026-10-06:Ekadashi | 2026-10-07:Dwadashi,2026-10-05:Pushya | 2026-10-06:Ashlesha | 2026-10-07:Magha,2026-10-05 04:37:00 PM EDT,2026-10-06 03:04:00 PM EDT,2026-10-07 01:46:00 PM EDT,2026-10-06,07:10 AM,2026-10-06 05:34:00 AM EDT,2026-10-06,,2026-10-06:VALID (start 2026-10-05 04:37:00 PM EDT < Arunodaya 2026-10-06 05:34:00 AM EDT),2026-10-06,07:10 AM,2026-10-06 05:34:00 AM EDT,2026-10-07,Magha,2026-10-06 08:44:30 PM EDT,2026-10-05,2026-10-07,2026-10-05 | 2026-10-06 | 2026-10-07,3,COMPLETE,,,Normal Ekadashi,NORMAL,Ekadashi began before Arunodaya and has one valid Ekadashi sunrise. No two-day exception is triggered.,2026-10-06:VALID (start 2026-10-05 04:37:00 PM EDT < Arunodaya 2026-10-06 05:34:00 AM EDT),2026-10-06,,2026-10-07,DWADASHI,PRATAH,2026-10-07 07:11:00 AM EDT,2026-10-07 09:29:36 AM EDT,Hari Vasara ended before Parana-day sunrise; Parana is sunrise to Pratah end.
Baltimore,Maryland,United States,America/New_York,geoname:4347778,4347778,Indira Ekadashi,2026-10-06,"Indira Ekadashi - Baltimore. Dashami ends and Ekadashi begins on 2026-10-05 04:37:00 PM EDT. On 06-Oct-26, Sooryodaya is 07:07 AM and Arunodaya is 05:31 AM. Ekadashi is present at sunrise and had begun before Arunodaya, so this is a valid Ekadashi sunrise. Ekadashi ends on 2026-10-06 03:04:00 PM EDT and does not remain through another sunrise. Ekadashi ends and Dwadashi begins on 2026-10-06 03:04:00 PM EDT. Dwadashi is present at Sooryodaya on 07-Oct-26 (Sooryodaya 07:08 AM). Dwadashi ends and Trayodashi begins on 2026-10-07 01:46:00 PM EDT. Therefore the Upavaasa is observed on 06-Oct-26. For Parana on 07-Oct-26, Sooryodaya is 07:08 AM, Pratah Kala ends at 09:26 AM, Dwadashi ends at 2026-10-07 01:46:00 PM EDT, and Hari Vasara ends at 2026-10-06 08:44:30 PM EDT. Hari Vasara ends before Sooryodaya, so there is no Hari-Vasara delay; Parana starts at Sooryodaya (07:08 AM). Pratah Kala ends at 09:26 AM, before Dwadashi ends; therefore Pratah Kala end is the limiting end time. Hence Parana is 07:08 AM to 09:26 AM.",2026-10-05:Dashami | 2026-10-06:Ekadashi | 2026-10-07:Dwadashi,2026-10-05:Pushya | 2026-10-06:Ashlesha | 2026-10-07:Magha,2026-10-05 04:37:00 PM EDT,2026-10-06 03:04:00 PM EDT,2026-10-07 01:46:00 PM EDT,2026-10-06,07:07 AM,2026-10-06 05:31:00 AM EDT,2026-10-06,,2026-10-06:VALID (start 2026-10-05 04:37:00 PM EDT < Arunodaya 2026-10-06 05:31:00 AM EDT),2026-10-06,07:07 AM,2026-10-06 05:31:00 AM EDT,2026-10-07,Magha,2026-10-06 08:44:30 PM EDT,2026-10-05,2026-10-07,2026-10-05 | 2026-10-06 | 2026-10-07,3,COMPLETE,,,Normal Ekadashi,NORMAL,Ekadashi began before Arunodaya and has one valid Ekadashi sunrise. No two-day exception is triggered.,2026-10-06:VALID (start 2026-10-05 04:37:00 PM EDT < Arunodaya 2026-10-06 05:31:00 AM EDT),2026-10-06,,2026-10-07,DWADASHI,PRATAH,2026-10-07 07:08:00 AM EDT,2026-10-07 09:26:24 AM EDT,Hari Vasara ended before Parana-day sunrise; Parana is sunrise to Pratah end.
Philadelphia,Pennsylvania,United States,America/New_York,geoname:4560349,4560349,Indira Ekadashi,2026-10-06,"Indira Ekadashi - Philadelphia. Dashami ends and Ekadashi begins on 2026-10-05 04:37:00 PM EDT. On 06-Oct-26, Sooryodaya is 07:02 AM and Arunodaya is 05:26 AM. Ekadashi is present at sunrise and had begun before Arunodaya, so this is a valid Ekadashi sunrise. Ekadashi ends on 2026-10-06 03:04:00 PM EDT and does not remain through another sunrise. Ekadashi ends and Dwadashi begins on 2026-10-06 03:04:00 PM EDT. Dwadashi is present at Sooryodaya on 07-Oct-26 (Sooryodaya 07:03 AM). Dwadashi ends and Trayodashi begins on 2026-10-07 01:46:00 PM EDT. Therefore the Upavaasa is observed on 06-Oct-26. For Parana on 07-Oct-26, Sooryodaya is 07:03 AM, Pratah Kala ends at 09:21 AM, Dwadashi ends at 2026-10-07 01:46:00 PM EDT, and Hari Vasara ends at 2026-10-06 08:44:30 PM EDT. Hari Vasara ends before Sooryodaya, so there is no Hari-Vasara delay; Parana starts at Sooryodaya (07:03 AM). Pratah Kala ends at 09:21 AM, before Dwadashi ends; therefore Pratah Kala end is the limiting end time. Hence Parana is 07:03 AM to 09:21 AM.",2026-10-05:Dashami | 2026-10-06:Ekadashi | 2026-10-07:Dwadashi,2026-10-05:Pushya | 2026-10-06:Ashlesha | 2026-10-07:Magha,2026-10-05 04:37:00 PM EDT,2026-10-06 03:04:00 PM EDT,2026-10-07 01:46:00 PM EDT,2026-10-06,07:02 AM,2026-10-06 05:26:00 AM EDT,2026-10-06,,2026-10-06:VALID (start 2026-10-05 04:37:00 PM EDT < Arunodaya 2026-10-06 05:26:00 AM EDT),2026-10-06,07:02 AM,2026-10-06 05:26:00 AM EDT,2026-10-07,Magha,2026-10-06 08:44:30 PM EDT,2026-10-05,2026-10-07,2026-10-05 | 2026-10-06 | 2026-10-07,3,COMPLETE,,,Normal Ekadashi,NORMAL,Ekadashi began before Arunodaya and has one valid Ekadashi sunrise. No two-day exception is triggered.,2026-10-06:VALID (start 2026-10-05 04:37:00 PM EDT < Arunodaya 2026-10-06 05:26:00 AM EDT),2026-10-06,,2026-10-07,DWADASHI,PRATAH,2026-10-07 07:03:00 AM EDT,2026-10-07 09:21:00 AM EDT,Hari Vasara ended before Parana-day sunrise; Parana is sunrise to Pratah end.
New York,New York,United States,America/New_York,geoname:5128581,5128581,Indira Ekadashi,2026-10-06,"Indira Ekadashi - New York. Dashami ends and Ekadashi begins on 2026-10-05 04:37:00 PM EDT. On 06-Oct-26, Sooryodaya is 06:58 AM and Arunodaya is 05:22 AM. Ekadashi is present at sunrise and had begun before Arunodaya, so this is a valid Ekadashi sunrise. Ekadashi ends on 2026-10-06 03:04:00 PM EDT and does not remain through another sunrise. Ekadashi ends and Dwadashi begins on 2026-10-06 03:04:00 PM EDT. Dwadashi is present at Sooryodaya on 07-Oct-26 (Sooryodaya 06:59 AM). Dwadashi ends and Trayodashi begins on 2026-10-07 01:46:00 PM EDT. Therefore the Upavaasa is observed on 06-Oct-26. For Parana on 07-Oct-26, Sooryodaya is 06:59 AM, Pratah Kala ends at 09:17 AM, Dwadashi ends at 2026-10-07 01:46:00 PM EDT, and Hari Vasara ends at 2026-10-06 08:44:30 PM EDT. Hari Vasara ends before Sooryodaya, so there is no Hari-Vasara delay; Parana starts at Sooryodaya (06:59 AM). Pratah Kala ends at 09:17 AM, before Dwadashi ends; therefore Pratah Kala end is the limiting end time. Hence Parana is 06:59 AM to 09:17 AM.",2026-10-05:Dashami | 2026-10-06:Ekadashi | 2026-10-07:Dwadashi,2026-10-05:Pushya | 2026-10-06:Ashlesha | 2026-10-07:Magha,2026-10-05 04:37:00 PM EDT,2026-10-06 03:04:00 PM EDT,2026-10-07 01:46:00 PM EDT,2026-10-06,06:58 AM,2026-10-06 05:22:00 AM EDT,2026-10-06,,2026-10-06:VALID (start 2026-10-05 04:37:00 PM EDT < Arunodaya 2026-10-06 05:22:00 AM EDT),2026-10-06,06:58 AM,2026-10-06 05:22:00 AM EDT,2026-10-07,Magha,2026-10-06 08:44:30 PM EDT,2026-10-05,2026-10-07,2026-10-05 | 2026-10-06 | 2026-10-07,3,COMPLETE,,,Normal Ekadashi,NORMAL,Ekadashi began before Arunodaya and has one valid Ekadashi sunrise. No two-day exception is triggered.,2026-10-06:VALID (start 2026-10-05 04:37:00 PM EDT < Arunodaya 2026-10-06 05:22:00 AM EDT),2026-10-06,,2026-10-07,DWADASHI,PRATAH,2026-10-07 06:59:00 AM EDT,2026-10-07 09:16:48 AM EDT,Hari Vasara ended before Parana-day sunrise; Parana is sunrise to Pratah end.
New Jersey,New Jersey,United States,America/New_York,geoname:5099836,5099836,Indira Ekadashi,2026-10-06,"Indira Ekadashi - New Jersey. Dashami ends and Ekadashi begins on 2026-10-05 04:37:00 PM EDT. On 06-Oct-26, Sooryodaya is 06:58 AM and Arunodaya is 05:22 AM. Ekadashi is present at sunrise and had begun before Arunodaya, so this is a valid Ekadashi sunrise. Ekadashi ends on 2026-10-06 03:04:00 PM EDT and does not remain through another sunrise. Ekadashi ends and Dwadashi begins on 2026-10-06 03:04:00 PM EDT. Dwadashi is present at Sooryodaya on 07-Oct-26 (Sooryodaya 06:59 AM). Dwadashi ends and Trayodashi begins on 2026-10-07 01:46:00 PM EDT. Therefore the Upavaasa is observed on 06-Oct-26. For Parana on 07-Oct-26, Sooryodaya is 06:59 AM, Pratah Kala ends at 09:17 AM, Dwadashi ends at 2026-10-07 01:46:00 PM EDT, and Hari Vasara ends at 2026-10-06 08:44:30 PM EDT. Hari Vasara ends before Sooryodaya, so there is no Hari-Vasara delay; Parana starts at Sooryodaya (06:59 AM). Pratah Kala ends at 09:17 AM, before Dwadashi ends; therefore Pratah Kala end is the limiting end time. Hence Parana is 06:59 AM to 09:17 AM.",2026-10-05:Dashami | 2026-10-06:Ekadashi | 2026-10-07:Dwadashi,2026-10-05:Pushya | 2026-10-06:Ashlesha | 2026-10-07:Magha,2026-10-05 04:37:00 PM EDT,2026-10-06 03:04:00 PM EDT,2026-10-07 01:46:00 PM EDT,2026-10-06,06:58 AM,2026-10-06 05:22:00 AM EDT,2026-10-06,,2026-10-06:VALID (start 2026-10-05 04:37:00 PM EDT < Arunodaya 2026-10-06 05:22:00 AM EDT),2026-10-06,06:58 AM,2026-10-06 05:22:00 AM EDT,2026-10-07,Magha,2026-10-06 08:44:30 PM EDT,2026-10-05,2026-10-07,2026-10-05 | 2026-10-06 | 2026-10-07,3,COMPLETE,,,Normal Ekadashi,NORMAL,Ekadashi began before Arunodaya and has one valid Ekadashi sunrise. No two-day exception is triggered.,2026-10-06:VALID (start 2026-10-05 04:37:00 PM EDT < Arunodaya 2026-10-06 05:22:00 AM EDT),2026-10-06,,2026-10-07,DWADASHI,PRATAH,2026-10-07 06:59:00 AM EDT,2026-10-07 09:16:48 AM EDT,Hari Vasara ended before Parana-day sunrise; Parana is sunrise to Pratah end.
Buffalo,New York,United States,America/New_York,geoname:5110629,5110629,Indira Ekadashi,2026-10-06,"Indira Ekadashi - Buffalo. Dashami ends and Ekadashi begins on 2026-10-05 04:37:00 PM EDT. On 06-Oct-26, Sooryodaya is 07:19 AM and Arunodaya is 05:43 AM. Ekadashi is present at sunrise and had begun before Arunodaya, so this is a valid Ekadashi sunrise. Ekadashi ends on 2026-10-06 03:04:00 PM EDT and does not remain through another sunrise. Ekadashi ends and Dwadashi begins on 2026-10-06 03:04:00 PM EDT. Dwadashi is present at Sooryodaya on 07-Oct-26 (Sooryodaya 07:20 AM). Dwadashi ends and Trayodashi begins on 2026-10-07 01:46:00 PM EDT. Therefore the Upavaasa is observed on 06-Oct-26. For Parana on 07-Oct-26, Sooryodaya is 07:20 AM, Pratah Kala ends at 09:37 AM, Dwadashi ends at 2026-10-07 01:46:00 PM EDT, and Hari Vasara ends at 2026-10-06 08:44:30 PM EDT. Hari Vasara ends before Sooryodaya, so there is no Hari-Vasara delay; Parana starts at Sooryodaya (07:20 AM). Pratah Kala ends at 09:37 AM, before Dwadashi ends; therefore Pratah Kala end is the limiting end time. Hence Parana is 07:20 AM to 09:37 AM.",2026-10-05:Dashami | 2026-10-06:Ekadashi | 2026-10-07:Dwadashi,2026-10-05:Pushya | 2026-10-06:Ashlesha | 2026-10-07:Magha,2026-10-05 04:37:00 PM EDT,2026-10-06 03:04:00 PM EDT,2026-10-07 01:46:00 PM EDT,2026-10-06,07:19 AM,2026-10-06 05:43:00 AM EDT,2026-10-06,,2026-10-06:VALID (start 2026-10-05 04:37:00 PM EDT < Arunodaya 2026-10-06 05:43:00 AM EDT),2026-10-06,07:19 AM,2026-10-06 05:43:00 AM EDT,2026-10-07,Magha,2026-10-06 08:44:30 PM EDT,2026-10-05,2026-10-07,2026-10-05 | 2026-10-06 | 2026-10-07,3,COMPLETE,,,Normal Ekadashi,NORMAL,Ekadashi began before Arunodaya and has one valid Ekadashi sunrise. No two-day exception is triggered.,2026-10-06:VALID (start 2026-10-05 04:37:00 PM EDT < Arunodaya 2026-10-06 05:43:00 AM EDT),2026-10-06,,2026-10-07,DWADASHI,PRATAH,2026-10-07 07:20:00 AM EDT,2026-10-07 09:37:12 AM EDT,Hari Vasara ended before Parana-day sunrise; Parana is sunrise to Pratah end.
Cleveland,Ohio,United States,America/New_York,geoname:5150529,5150529,Indira Ekadashi,2026-10-06,"Indira Ekadashi - Cleveland. Dashami ends and Ekadashi begins on 2026-10-05 04:37:00 PM EDT. On 06-Oct-26, Sooryodaya is 07:29 AM and Arunodaya is 05:53 AM. Ekadashi is present at sunrise and had begun before Arunodaya, so this is a valid Ekadashi sunrise. Ekadashi ends on 2026-10-06 03:04:00 PM EDT and does not remain through another sunrise. Ekadashi ends and Dwadashi begins on 2026-10-06 03:04:00 PM EDT. Dwadashi is present at Sooryodaya on 07-Oct-26 (Sooryodaya 07:30 AM). Dwadashi ends and Trayodashi begins on 2026-10-07 01:46:00 PM EDT. Therefore the Upavaasa is observed on 06-Oct-26. For Parana on 07-Oct-26, Sooryodaya is 07:30 AM, Pratah Kala ends at 09:48 AM, Dwadashi ends at 2026-10-07 01:46:00 PM EDT, and Hari Vasara ends at 2026-10-06 08:44:30 PM EDT. Hari Vasara ends before Sooryodaya, so there is no Hari-Vasara delay; Parana starts at Sooryodaya (07:30 AM). Pratah Kala ends at 09:48 AM, before Dwadashi ends; therefore Pratah Kala end is the limiting end time. Hence Parana is 07:30 AM to 09:48 AM.",2026-10-05:Dashami | 2026-10-06:Ekadashi | 2026-10-07:Dwadashi,2026-10-05:Pushya | 2026-10-06:Ashlesha | 2026-10-07:Magha,2026-10-05 04:37:00 PM EDT,2026-10-06 03:04:00 PM EDT,2026-10-07 01:46:00 PM EDT,2026-10-06,07:29 AM,2026-10-06 05:53:00 AM EDT,2026-10-06,,2026-10-06:VALID (start 2026-10-05 04:37:00 PM EDT < Arunodaya 2026-10-06 05:53:00 AM EDT),2026-10-06,07:29 AM,2026-10-06 05:53:00 AM EDT,2026-10-07,Magha,2026-10-06 08:44:30 PM EDT,2026-10-05,2026-10-07,2026-10-05 | 2026-10-06 | 2026-10-07,3,COMPLETE,,,Normal Ekadashi,NORMAL,Ekadashi began before Arunodaya and has one valid Ekadashi sunrise. No two-day exception is triggered.,2026-10-06:VALID (start 2026-10-05 04:37:00 PM EDT < Arunodaya 2026-10-06 05:53:00 AM EDT),2026-10-06,,2026-10-07,DWADASHI,PRATAH,2026-10-07 07:30:00 AM EDT,2026-10-07 09:47:36 AM EDT,Hari Vasara ended before Parana-day sunrise; Parana is sunrise to Pratah end.
Columbus,Ohio,United States,America/New_York,geoname:4509177,4509177,Indira Ekadashi,2026-10-06,"Indira Ekadashi - Columbus. Dashami ends and Ekadashi begins on 2026-10-05 04:37:00 PM EDT. On 06-Oct-26, Sooryodaya is 07:33 AM and Arunodaya is 05:57 AM. Ekadashi is present at sunrise and had begun before Arunodaya, so this is a valid Ekadashi sunrise. Ekadashi ends on 2026-10-06 03:04:00 PM EDT and does not remain through another sunrise. Ekadashi ends and Dwadashi begins on 2026-10-06 03:04:00 PM EDT. Dwadashi is present at Sooryodaya on 07-Oct-26 (Sooryodaya 07:34 AM). Dwadashi ends and Trayodashi begins on 2026-10-07 01:46:00 PM EDT. Therefore the Upavaasa is observed on 06-Oct-26. For Parana on 07-Oct-26, Sooryodaya is 07:34 AM, Pratah Kala ends at 09:52 AM, Dwadashi ends at 2026-10-07 01:46:00 PM EDT, and Hari Vasara ends at 2026-10-06 08:44:30 PM EDT. Hari Vasara ends before Sooryodaya, so there is no Hari-Vasara delay; Parana starts at Sooryodaya (07:34 AM). Pratah Kala ends at 09:52 AM, before Dwadashi ends; therefore Pratah Kala end is the limiting end time. Hence Parana is 07:34 AM to 09:52 AM.",2026-10-05:Dashami | 2026-10-06:Ekadashi | 2026-10-07:Dwadashi,2026-10-05:Pushya | 2026-10-06:Ashlesha | 2026-10-07:Magha,2026-10-05 04:37:00 PM EDT,2026-10-06 03:04:00 PM EDT,2026-10-07 01:46:00 PM EDT,2026-10-06,07:33 AM,2026-10-06 05:57:00 AM EDT,2026-10-06,,2026-10-06:VALID (start 2026-10-05 04:37:00 PM EDT < Arunodaya 2026-10-06 05:57:00 AM EDT),2026-10-06,07:33 AM,2026-10-06 05:57:00 AM EDT,2026-10-07,Magha,2026-10-06 08:44:30 PM EDT,2026-10-05,2026-10-07,2026-10-05 | 2026-10-06 | 2026-10-07,3,COMPLETE,,,Normal Ekadashi,NORMAL,Ekadashi began before Arunodaya and has one valid Ekadashi sunrise. No two-day exception is triggered.,2026-10-06:VALID (start 2026-10-05 04:37:00 PM EDT < Arunodaya 2026-10-06 05:57:00 AM EDT),2026-10-06,,2026-10-07,DWADASHI,PRATAH,2026-10-07 07:34:00 AM EDT,2026-10-07 09:52:12 AM EDT,Hari Vasara ended before Parana-day sunrise; Parana is sunrise to Pratah end.
Cincinnati,Ohio,United States,America/New_York,geoname:4508722,4508722,Indira Ekadashi,2026-10-06,"Indira Ekadashi - Cincinnati. Dashami ends and Ekadashi begins on 2026-10-05 04:37:00 PM EDT. On 06-Oct-26, Sooryodaya is 07:39 AM and Arunodaya is 06:03 AM. Ekadashi is present at sunrise and had begun before Arunodaya, so this is a valid Ekadashi sunrise. Ekadashi ends on 2026-10-06 03:04:00 PM EDT and does not remain through another sunrise. Ekadashi ends and Dwadashi begins on 2026-10-06 03:04:00 PM EDT. Dwadashi is present at Sooryodaya on 07-Oct-26 (Sooryodaya 07:40 AM). Dwadashi ends and Trayodashi begins on 2026-10-07 01:46:00 PM EDT. Therefore the Upavaasa is observed on 06-Oct-26. For Parana on 07-Oct-26, Sooryodaya is 07:40 AM, Pratah Kala ends at 09:58 AM, Dwadashi ends at 2026-10-07 01:46:00 PM EDT, and Hari Vasara ends at 2026-10-06 08:44:30 PM EDT. Hari Vasara ends before Sooryodaya, so there is no Hari-Vasara delay; Parana starts at Sooryodaya (07:40 AM). Pratah Kala ends at 09:58 AM, before Dwadashi ends; therefore Pratah Kala end is the limiting end time. Hence Parana is 07:40 AM to 09:58 AM.",2026-10-05:Dashami | 2026-10-06:Ekadashi | 2026-10-07:Dwadashi,2026-10-05:Pushya | 2026-10-06:Ashlesha | 2026-10-07:Magha,2026-10-05 04:37:00 PM EDT,2026-10-06 03:04:00 PM EDT,2026-10-07 01:46:00 PM EDT,2026-10-06,07:39 AM,2026-10-06 06:03:00 AM EDT,2026-10-06,,2026-10-06:VALID (start 2026-10-05 04:37:00 PM EDT < Arunodaya 2026-10-06 06:03:00 AM EDT),2026-10-06,07:39 AM,2026-10-06 06:03:00 AM EDT,2026-10-07,Magha,2026-10-06 08:44:30 PM EDT,2026-10-05,2026-10-07,2026-10-05 | 2026-10-06 | 2026-10-07,3,COMPLETE,,,Normal Ekadashi,NORMAL,Ekadashi began before Arunodaya and has one valid Ekadashi sunrise. No two-day exception is triggered.,2026-10-06:VALID (start 2026-10-05 04:37:00 PM EDT < Arunodaya 2026-10-06 06:03:00 AM EDT),2026-10-06,,2026-10-07,DWADASHI,PRATAH,2026-10-07 07:40:00 AM EDT,2026-10-07 09:58:12 AM EDT,Hari Vasara ended before Parana-day sunrise; Parana is sunrise to Pratah end.
Knoxville,Tennessee,United States,America/New_York,geoname:4634946,4634946,Indira Ekadashi,2026-10-06,"Indira Ekadashi - Knoxville. Dashami ends and Ekadashi begins on 2026-10-05 04:37:00 PM EDT. On 06-Oct-26, Sooryodaya is 07:35 AM and Arunodaya is 05:59 AM. Ekadashi is present at sunrise and had begun before Arunodaya, so this is a valid Ekadashi sunrise. Ekadashi ends on 2026-10-06 03:04:00 PM EDT and does not remain through another sunrise. Ekadashi ends and Dwadashi begins on 2026-10-06 03:04:00 PM EDT. Dwadashi is present at Sooryodaya on 07-Oct-26 (Sooryodaya 07:36 AM). Dwadashi ends and Trayodashi begins on 2026-10-07 01:46:00 PM EDT. Therefore the Upavaasa is observed on 06-Oct-26. For Parana on 07-Oct-26, Sooryodaya is 07:36 AM, Pratah Kala ends at 09:55 AM, Dwadashi ends at 2026-10-07 01:46:00 PM EDT, and Hari Vasara ends at 2026-10-06 08:44:30 PM EDT. Hari Vasara ends before Sooryodaya, so there is no Hari-Vasara delay; Parana starts at Sooryodaya (07:36 AM). Pratah Kala ends at 09:55 AM, before Dwadashi ends; therefore Pratah Kala end is the limiting end time. Hence Parana is 07:36 AM to 09:55 AM.",2026-10-05:Dashami | 2026-10-06:Ekadashi | 2026-10-07:Dwadashi,2026-10-05:Pushya | 2026-10-06:Ashlesha | 2026-10-07:Magha,2026-10-05 04:37:00 PM EDT,2026-10-06 03:04:00 PM EDT,2026-10-07 01:46:00 PM EDT,2026-10-06,07:35 AM,2026-10-06 05:59:00 AM EDT,2026-10-06,,2026-10-06:VALID (start 2026-10-05 04:37:00 PM EDT < Arunodaya 2026-10-06 05:59:00 AM EDT),2026-10-06,07:35 AM,2026-10-06 05:59:00 AM EDT,2026-10-07,Magha,2026-10-06 08:44:30 PM EDT,2026-10-05,2026-10-07,2026-10-05 | 2026-10-06 | 2026-10-07,3,COMPLETE,,,Normal Ekadashi,NORMAL,Ekadashi began before Arunodaya and has one valid Ekadashi sunrise. No two-day exception is triggered.,2026-10-06:VALID (start 2026-10-05 04:37:00 PM EDT < Arunodaya 2026-10-06 05:59:00 AM EDT),2026-10-06,,2026-10-07,DWADASHI,PRATAH,2026-10-07 07:36:00 AM EDT,2026-10-07 09:55:00 AM EDT,Hari Vasara ended before Parana-day sunrise; Parana is sunrise to Pratah end.
Nashville,Tennessee,United States,America/Chicago,geoname:4644585,4644585,Indira Ekadashi,2026-10-06,"Indira Ekadashi - Nashville. Dashami ends and Ekadashi begins on 2026-10-05 03:37:00 PM CDT. On 06-Oct-26, Sooryodaya is 06:47 AM and Arunodaya is 05:11 AM. Ekadashi is present at sunrise and had begun before Arunodaya, so this is a valid Ekadashi sunrise. Ekadashi ends on 2026-10-06 02:04:00 PM CDT and does not remain through another sunrise. Ekadashi ends and Dwadashi begins on 2026-10-06 02:04:00 PM CDT. Dwadashi is present at Sooryodaya on 07-Oct-26 (Sooryodaya 06:47 AM). Dwadashi ends and Trayodashi begins on 2026-10-07 12:46:00 PM CDT. Therefore the Upavaasa is observed on 06-Oct-26. For Parana on 07-Oct-26, Sooryodaya is 06:47 AM, Pratah Kala ends at 09:06 AM, Dwadashi ends at 2026-10-07 12:46:00 PM CDT, and Hari Vasara ends at 2026-10-06 07:44:30 PM CDT. Hari Vasara ends before Sooryodaya, so there is no Hari-Vasara delay; Parana starts at Sooryodaya (06:47 AM). Pratah Kala ends at 09:06 AM, before Dwadashi ends; therefore Pratah Kala end is the limiting end time. Hence Parana is 06:47 AM to 09:06 AM.",2026-10-05:Dashami | 2026-10-06:Ekadashi | 2026-10-07:Dwadashi,2026-10-05:Pushya | 2026-10-06:Ashlesha | 2026-10-07:Magha,2026-10-05 03:37:00 PM CDT,2026-10-06 02:04:00 PM CDT,2026-10-07 12:46:00 PM CDT,2026-10-06,06:47 AM,2026-10-06 05:11:00 AM CDT,2026-10-06,,2026-10-06:VALID (start 2026-10-05 03:37:00 PM CDT < Arunodaya 2026-10-06 05:11:00 AM CDT),2026-10-06,06:47 AM,2026-10-06 05:11:00 AM CDT,2026-10-07,Magha,2026-10-06 07:44:30 PM CDT,2026-10-05,2026-10-07,2026-10-05 | 2026-10-06 | 2026-10-07,3,COMPLETE,,,Normal Ekadashi,NORMAL,Ekadashi began before Arunodaya and has one valid Ekadashi sunrise. No two-day exception is triggered.,2026-10-06:VALID (start 2026-10-05 03:37:00 PM CDT < Arunodaya 2026-10-06 05:11:00 AM CDT),2026-10-06,,2026-10-07,DWADASHI,PRATAH,2026-10-07 06:47:00 AM CDT,2026-10-07 09:06:00 AM CDT,Hari Vasara ended before Parana-day sunrise; Parana is sunrise to Pratah end.
Placentia,California,United States,America/Los_Angeles,geoname:5383527,5383527,Indira Ekadashi,2026-10-06,"Indira Ekadashi - Placentia. Dashami ends and Ekadashi begins on 2026-10-05 01:37:00 PM PDT. On 06-Oct-26, Sooryodaya is 06:50 AM and Arunodaya is 05:14 AM. Ekadashi is present at sunrise and had begun before Arunodaya, so this is a valid Ekadashi sunrise. Ekadashi ends on 2026-10-06 12:04:00 PM PDT and does not remain through another sunrise. Ekadashi ends and Dwadashi begins on 2026-10-06 12:04:00 PM PDT. Dwadashi is present at Sooryodaya on 07-Oct-26 (Sooryodaya 06:51 AM). Dwadashi ends and Trayodashi begins on 2026-10-07 10:46:00 AM PDT. Therefore the Upavaasa is observed on 06-Oct-26. For Parana on 07-Oct-26, Sooryodaya is 06:51 AM, Pratah Kala ends at 09:10 AM, Dwadashi ends at 2026-10-07 10:46:00 AM PDT, and Hari Vasara ends at 2026-10-06 05:44:30 PM PDT. Hari Vasara ends before Sooryodaya, so there is no Hari-Vasara delay; Parana starts at Sooryodaya (06:51 AM). Pratah Kala ends at 09:10 AM, before Dwadashi ends; therefore Pratah Kala end is the limiting end time. Hence Parana is 06:51 AM to 09:10 AM.",2026-10-05:Dashami | 2026-10-06:Ekadashi | 2026-10-07:Dwadashi,2026-10-05:Pushya | 2026-10-06:Ashlesha | 2026-10-07:Magha,2026-10-05 01:37:00 PM PDT,2026-10-06 12:04:00 PM PDT,2026-10-07 10:46:00 AM PDT,2026-10-06,06:50 AM,2026-10-06 05:14:00 AM PDT,2026-10-06,,2026-10-06:VALID (start 2026-10-05 01:37:00 PM PDT < Arunodaya 2026-10-06 05:14:00 AM PDT),2026-10-06,06:50 AM,2026-10-06 05:14:00 AM PDT,2026-10-07,Magha,2026-10-06 05:44:30 PM PDT,2026-10-05,2026-10-07,2026-10-05 | 2026-10-06 | 2026-10-07,3,COMPLETE,,,Normal Ekadashi,NORMAL,Ekadashi began before Arunodaya and has one valid Ekadashi sunrise. No two-day exception is triggered.,2026-10-06:VALID (start 2026-10-05 01:37:00 PM PDT < Arunodaya 2026-10-06 05:14:00 AM PDT),2026-10-06,,2026-10-07,DWADASHI,PRATAH,2026-10-07 06:51:00 AM PDT,2026-10-07 09:10:24 AM PDT,Hari Vasara ended before Parana-day sunrise; Parana is sunrise to Pratah end.
Atlanta,Georgia,United States,America/New_York,geoname:4180439,4180439,Indira Ekadashi,2026-10-06,"Indira Ekadashi - Atlanta. Dashami ends and Ekadashi begins on 2026-10-05 04:37:00 PM EDT. On 06-Oct-26, Sooryodaya is 07:36 AM and Arunodaya is 06:00 AM. Ekadashi is present at sunrise and had begun before Arunodaya, so this is a valid Ekadashi sunrise. Ekadashi ends on 2026-10-06 03:04:00 PM EDT and does not remain through another sunrise. Ekadashi ends and Dwadashi begins on 2026-10-06 03:04:00 PM EDT. Dwadashi is present at Sooryodaya on 07-Oct-26 (Sooryodaya 07:36 AM). Dwadashi ends and Trayodashi begins on 2026-10-07 01:46:00 PM EDT. Therefore the Upavaasa is observed on 06-Oct-26. For Parana on 07-Oct-26, Sooryodaya is 07:36 AM, Pratah Kala ends at 09:56 AM, Dwadashi ends at 2026-10-07 01:46:00 PM EDT, and Hari Vasara ends at 2026-10-06 08:44:30 PM EDT. Hari Vasara ends before Sooryodaya, so there is no Hari-Vasara delay; Parana starts at Sooryodaya (07:36 AM). Pratah Kala ends at 09:56 AM, before Dwadashi ends; therefore Pratah Kala end is the limiting end time. Hence Parana is 07:36 AM to 09:56 AM.",2026-10-05:Dashami | 2026-10-06:Ekadashi | 2026-10-07:Dwadashi,2026-10-05:Pushya | 2026-10-06:Ashlesha | 2026-10-07:Magha,2026-10-05 04:37:00 PM EDT,2026-10-06 03:04:00 PM EDT,2026-10-07 01:46:00 PM EDT,2026-10-06,07:36 AM,2026-10-06 06:00:00 AM EDT,2026-10-06,,2026-10-06:VALID (start 2026-10-05 04:37:00 PM EDT < Arunodaya 2026-10-06 06:00:00 AM EDT),2026-10-06,07:36 AM,2026-10-06 06:00:00 AM EDT,2026-10-07,Magha,2026-10-06 08:44:30 PM EDT,2026-10-05,2026-10-07,2026-10-05 | 2026-10-06 | 2026-10-07,3,COMPLETE,,,Normal Ekadashi,NORMAL,Ekadashi began before Arunodaya and has one valid Ekadashi sunrise. No two-day exception is triggered.,2026-10-06:VALID (start 2026-10-05 04:37:00 PM EDT < Arunodaya 2026-10-06 06:00:00 AM EDT),2026-10-06,,2026-10-07,DWADASHI,PRATAH,2026-10-07 07:36:00 AM EDT,2026-10-07 09:55:36 AM EDT,Hari Vasara ended before Parana-day sunrise; Parana is sunrise to Pratah end.
Chennai,Tamil Nadu,India,Asia/Kolkata,geoname:1264527,1264527,Indira Ekadashi,2026-10-06,"Indira Ekadashi - Chennai. Dashami ends and Ekadashi begins on 2026-10-06 02:07:00 AM IST. On 06-Oct-26, Sooryodaya is 05:58 AM and Arunodaya is 04:22 AM. Ekadashi is present at sunrise and had begun before Arunodaya, so this is a valid Ekadashi sunrise. Ekadashi ends on 2026-10-07 12:34:00 AM IST and does not remain through another sunrise. Ekadashi ends and Dwadashi begins on 2026-10-07 12:34:00 AM IST. Dwadashi is present at Sooryodaya on 07-Oct-26 (Sooryodaya 05:58 AM). Dwadashi ends and Trayodashi begins on 2026-10-07 11:16:00 PM IST. Therefore the Upavaasa is observed on 06-Oct-26. For Parana on 07-Oct-26, Sooryodaya is 05:58 AM, Pratah Kala ends at 08:21 AM, Dwadashi ends at 2026-10-07 11:16:00 PM IST, and Hari Vasara ends at 2026-10-07 06:14:30 AM IST. Hari Vasara ends after Sooryodaya, at 06:15 AM, but still within Pratah Kala. Therefore Parana cannot start at sunrise and starts at Hari Vasara end (06:15 AM). Pratah Kala ends at 08:21 AM, before Dwadashi ends; therefore Pratah Kala end is the limiting end time. Hence Parana is 06:15 AM to 08:21 AM.",2026-10-05:Dashami | 2026-10-06:Ekadashi | 2026-10-07:Dwadashi,2026-10-05:Pushya | 2026-10-06:Ashlesha | 2026-10-07:Magha,2026-10-06 02:07:00 AM IST,2026-10-07 12:34:00 AM IST,2026-10-07 11:16:00 PM IST,2026-10-06,05:58 AM,2026-10-06 04:22:00 AM IST,2026-10-06,,2026-10-06:VALID (start 2026-10-06 02:07:00 AM IST < Arunodaya 2026-10-06 04:22:00 AM IST),2026-10-06,05:58 AM,2026-10-06 04:22:00 AM IST,2026-10-07,Magha,2026-10-07 06:14:30 AM IST,2026-10-05,2026-10-07,2026-10-05 | 2026-10-06 | 2026-10-07,3,COMPLETE,,,Normal Ekadashi,NORMAL,Ekadashi began before Arunodaya and has one valid Ekadashi sunrise. No two-day exception is triggered.,2026-10-06:VALID (start 2026-10-06 02:07:00 AM IST < Arunodaya 2026-10-06 04:22:00 AM IST),2026-10-06,,2026-10-07,DWADASHI,PRATAH,2026-10-07 06:14:30 AM IST,2026-10-07 08:21:24 AM IST,Hari Vasara ends during Pratah; Parana begins after Hari Vasara and ends at Pratah end.
Thiruvananthapuram,Kerala,India,Asia/Kolkata,geoname:1254163,1254163,Indira Ekadashi,2026-10-06,"Indira Ekadashi - Thiruvananthapuram. Dashami ends and Ekadashi begins on 2026-10-06 02:07:00 AM IST. On 06-Oct-26, Sooryodaya is 06:10 AM and Arunodaya is 04:34 AM. Ekadashi is present at sunrise and had begun before Arunodaya, so this is a valid Ekadashi sunrise. Ekadashi ends on 2026-10-07 12:34:00 AM IST and does not remain through another sunrise. Ekadashi ends and Dwadashi begins on 2026-10-07 12:34:00 AM IST. Dwadashi is present at Sooryodaya on 07-Oct-26 (Sooryodaya 06:10 AM). Dwadashi ends and Trayodashi begins on 2026-10-07 11:16:00 PM IST. Therefore the Upavaasa is observed on 06-Oct-26. For Parana on 07-Oct-26, Sooryodaya is 06:10 AM, Pratah Kala ends at 08:34 AM, Dwadashi ends at 2026-10-07 11:16:00 PM IST, and Hari Vasara ends at 2026-10-07 06:14:30 AM IST. Hari Vasara ends after Sooryodaya, at 06:15 AM, but still within Pratah Kala. Therefore Parana cannot start at sunrise and starts at Hari Vasara end (06:15 AM). Pratah Kala ends at 08:34 AM, before Dwadashi ends; therefore Pratah Kala end is the limiting end time. Hence Parana is 06:15 AM to 08:34 AM.",2026-10-05:Dashami | 2026-10-06:Ekadashi | 2026-10-07:Dwadashi,2026-10-05:Pushya | 2026-10-06:Ashlesha | 2026-10-07:Magha,2026-10-06 02:07:00 AM IST,2026-10-07 12:34:00 AM IST,2026-10-07 11:16:00 PM IST,2026-10-06,06:10 AM,2026-10-06 04:34:00 AM IST,2026-10-06,,2026-10-06:VALID (start 2026-10-06 02:07:00 AM IST < Arunodaya 2026-10-06 04:34:00 AM IST),2026-10-06,06:10 AM,2026-10-06 04:34:00 AM IST,2026-10-07,Magha,2026-10-07 06:14:30 AM IST,2026-10-05,2026-10-07,2026-10-05 | 2026-10-06 | 2026-10-07,3,COMPLETE,,,Normal Ekadashi,NORMAL,Ekadashi began before Arunodaya and has one valid Ekadashi sunrise. No two-day exception is triggered.,2026-10-06:VALID (start 2026-10-06 02:07:00 AM IST < Arunodaya 2026-10-06 04:34:00 AM IST),2026-10-06,,2026-10-07,DWADASHI,PRATAH,2026-10-07 06:14:30 AM IST,2026-10-07 08:34:00 AM IST,Hari Vasara ends during Pratah; Parana begins after Hari Vasara and ends at Pratah end.
Mumbai,Maharashtra,India,Asia/Kolkata,geoname:1275339,1275339,Indira Ekadashi,2026-10-06,"Indira Ekadashi - Mumbai. Dashami ends and Ekadashi begins on 2026-10-06 02:07:00 AM IST. On 06-Oct-26, Sooryodaya is 06:30 AM and Arunodaya is 04:54 AM. Ekadashi is present at sunrise and had begun before Arunodaya, so this is a valid Ekadashi sunrise. Ekadashi ends on 2026-10-07 12:34:00 AM IST and does not remain through another sunrise. Ekadashi ends and Dwadashi begins on 2026-10-07 12:34:00 AM IST. Dwadashi is present at Sooryodaya on 07-Oct-26 (Sooryodaya 06:30 AM). Dwadashi ends and Trayodashi begins on 2026-10-07 11:16:00 PM IST. Therefore the Upavaasa is observed on 06-Oct-26. For Parana on 07-Oct-26, Sooryodaya is 06:30 AM, Pratah Kala ends at 08:52 AM, Dwadashi ends at 2026-10-07 11:16:00 PM IST, and Hari Vasara ends at 2026-10-07 06:14:30 AM IST. Hari Vasara ends before Sooryodaya, so there is no Hari-Vasara delay; Parana starts at Sooryodaya (06:30 AM). Pratah Kala ends at 08:52 AM, before Dwadashi ends; therefore Pratah Kala end is the limiting end time. Hence Parana is 06:30 AM to 08:52 AM.",2026-10-05:Dashami | 2026-10-06:Ekadashi | 2026-10-07:Dwadashi,2026-10-05:Pushya | 2026-10-06:Ashlesha | 2026-10-07:Magha,2026-10-06 02:07:00 AM IST,2026-10-07 12:34:00 AM IST,2026-10-07 11:16:00 PM IST,2026-10-06,06:30 AM,2026-10-06 04:54:00 AM IST,2026-10-06,,2026-10-06:VALID (start 2026-10-06 02:07:00 AM IST < Arunodaya 2026-10-06 04:54:00 AM IST),2026-10-06,06:30 AM,2026-10-06 04:54:00 AM IST,2026-10-07,Magha,2026-10-07 06:14:30 AM IST,2026-10-05,2026-10-07,2026-10-05 | 2026-10-06 | 2026-10-07,3,COMPLETE,,,Normal Ekadashi,NORMAL,Ekadashi began before Arunodaya and has one valid Ekadashi sunrise. No two-day exception is triggered.,2026-10-06:VALID (start 2026-10-06 02:07:00 AM IST < Arunodaya 2026-10-06 04:54:00 AM IST),2026-10-06,,2026-10-07,DWADASHI,PRATAH,2026-10-07 06:30:00 AM IST,2026-10-07 08:52:24 AM IST,Hari Vasara ended before Parana-day sunrise; Parana is sunrise to Pratah end.
Kolkata,West Bengal,India,Asia/Kolkata,geoname:1275004,1275004,Indira Ekadashi,2026-10-06,"Indira Ekadashi - Kolkata. Dashami ends and Ekadashi begins on 2026-10-06 02:07:00 AM IST. On 06-Oct-26, Sooryodaya is 05:30 AM and Arunodaya is 03:54 AM. Ekadashi is present at sunrise and had begun before Arunodaya, so this is a valid Ekadashi sunrise. Ekadashi ends on 2026-10-07 12:34:00 AM IST and does not remain through another sunrise. Ekadashi ends and Dwadashi begins on 2026-10-07 12:34:00 AM IST. Dwadashi is present at Sooryodaya on 07-Oct-26 (Sooryodaya 05:30 AM). Dwadashi ends and Trayodashi begins on 2026-10-07 11:16:00 PM IST. Therefore the Upavaasa is observed on 06-Oct-26. For Parana on 07-Oct-26, Sooryodaya is 05:30 AM, Pratah Kala ends at 07:52 AM, Dwadashi ends at 2026-10-07 11:16:00 PM IST, and Hari Vasara ends at 2026-10-07 06:14:30 AM IST. Hari Vasara ends after Sooryodaya, at 06:15 AM, but still within Pratah Kala. Therefore Parana cannot start at sunrise and starts at Hari Vasara end (06:15 AM). Pratah Kala ends at 07:52 AM, before Dwadashi ends; therefore Pratah Kala end is the limiting end time. Hence Parana is 06:15 AM to 07:52 AM.",2026-10-05:Dashami | 2026-10-06:Ekadashi | 2026-10-07:Dwadashi,2026-10-05:Pushya | 2026-10-06:Ashlesha | 2026-10-07:Magha,2026-10-06 02:07:00 AM IST,2026-10-07 12:34:00 AM IST,2026-10-07 11:16:00 PM IST,2026-10-06,05:30 AM,2026-10-06 03:54:00 AM IST,2026-10-06,,2026-10-06:VALID (start 2026-10-06 02:07:00 AM IST < Arunodaya 2026-10-06 03:54:00 AM IST),2026-10-06,05:30 AM,2026-10-06 03:54:00 AM IST,2026-10-07,Magha,2026-10-07 06:14:30 AM IST,2026-10-05,2026-10-07,2026-10-05 | 2026-10-06 | 2026-10-07,3,COMPLETE,,,Normal Ekadashi,NORMAL,Ekadashi began before Arunodaya and has one valid Ekadashi sunrise. No two-day exception is triggered.,2026-10-06:VALID (start 2026-10-06 02:07:00 AM IST < Arunodaya 2026-10-06 03:54:00 AM IST),2026-10-06,,2026-10-07,DWADASHI,PRATAH,2026-10-07 06:14:30 AM IST,2026-10-07 07:51:48 AM IST,Hari Vasara ends during Pratah; Parana begins after Hari Vasara and ends at Pratah end.
Bhubaneswar,Odisha,India,Asia/Kolkata,geoname:1275817,1275817,Indira Ekadashi,2026-10-06,"Indira Ekadashi - Bhubaneswar. Dashami ends and Ekadashi begins on 2026-10-06 02:07:00 AM IST. On 06-Oct-26, Sooryodaya is 05:39 AM and Arunodaya is 04:03 AM. Ekadashi is present at sunrise and had begun before Arunodaya, so this is a valid Ekadashi sunrise. Ekadashi ends on 2026-10-07 12:34:00 AM IST and does not remain through another sunrise. Ekadashi ends and Dwadashi begins on 2026-10-07 12:34:00 AM IST. Dwadashi is present at Sooryodaya on 07-Oct-26 (Sooryodaya 05:39 AM). Dwadashi ends and Trayodashi begins on 2026-10-07 11:16:00 PM IST. Therefore the Upavaasa is observed on 06-Oct-26. For Parana on 07-Oct-26, Sooryodaya is 05:39 AM, Pratah Kala ends at 08:01 AM, Dwadashi ends at 2026-10-07 11:16:00 PM IST, and Hari Vasara ends at 2026-10-07 06:14:30 AM IST. Hari Vasara ends after Sooryodaya, at 06:15 AM, but still within Pratah Kala. Therefore Parana cannot start at sunrise and starts at Hari Vasara end (06:15 AM). Pratah Kala ends at 08:01 AM, before Dwadashi ends; therefore Pratah Kala end is the limiting end time. Hence Parana is 06:15 AM to 08:01 AM.",2026-10-05:Dashami | 2026-10-06:Ekadashi | 2026-10-07:Dwadashi,2026-10-05:Pushya | 2026-10-06:Ashlesha | 2026-10-07:Magha,2026-10-06 02:07:00 AM IST,2026-10-07 12:34:00 AM IST,2026-10-07 11:16:00 PM IST,2026-10-06,05:39 AM,2026-10-06 04:03:00 AM IST,2026-10-06,,2026-10-06:VALID (start 2026-10-06 02:07:00 AM IST < Arunodaya 2026-10-06 04:03:00 AM IST),2026-10-06,05:39 AM,2026-10-06 04:03:00 AM IST,2026-10-07,Magha,2026-10-07 06:14:30 AM IST,2026-10-05,2026-10-07,2026-10-05 | 2026-10-06 | 2026-10-07,3,COMPLETE,,,Normal Ekadashi,NORMAL,Ekadashi began before Arunodaya and has one valid Ekadashi sunrise. No two-day exception is triggered.,2026-10-06:VALID (start 2026-10-06 02:07:00 AM IST < Arunodaya 2026-10-06 04:03:00 AM IST),2026-10-06,,2026-10-07,DWADASHI,PRATAH,2026-10-07 06:14:30 AM IST,2026-10-07 08:01:12 AM IST,Hari Vasara ends during Pratah; Parana begins after Hari Vasara and ends at Pratah end.
Tirupati,Andhra Pradesh,India,Asia/Kolkata,geoname:1254360,1254360,Indira Ekadashi,2026-10-06,"Indira Ekadashi - Tirupati. Dashami ends and Ekadashi begins on 2026-10-06 02:07:00 AM IST. On 06-Oct-26, Sooryodaya is 06:02 AM and Arunodaya is 04:26 AM. Ekadashi is present at sunrise and had begun before Arunodaya, so this is a valid Ekadashi sunrise. Ekadashi ends on 2026-10-07 12:34:00 AM IST and does not remain through another sunrise. Ekadashi ends and Dwadashi begins on 2026-10-07 12:34:00 AM IST. Dwadashi is present at Sooryodaya on 07-Oct-26 (Sooryodaya 06:02 AM). Dwadashi ends and Trayodashi begins on 2026-10-07 11:16:00 PM IST. Therefore the Upavaasa is observed on 06-Oct-26. For Parana on 07-Oct-26, Sooryodaya is 06:02 AM, Pratah Kala ends at 08:25 AM, Dwadashi ends at 2026-10-07 11:16:00 PM IST, and Hari Vasara ends at 2026-10-07 06:14:30 AM IST. Hari Vasara ends after Sooryodaya, at 06:15 AM, but still within Pratah Kala. Therefore Parana cannot start at sunrise and starts at Hari Vasara end (06:15 AM). Pratah Kala ends at 08:25 AM, before Dwadashi ends; therefore Pratah Kala end is the limiting end time. Hence Parana is 06:15 AM to 08:25 AM.",2026-10-05:Dashami | 2026-10-06:Ekadashi | 2026-10-07:Dwadashi,2026-10-05:Pushya | 2026-10-06:Ashlesha | 2026-10-07:Magha,2026-10-06 02:07:00 AM IST,2026-10-07 12:34:00 AM IST,2026-10-07 11:16:00 PM IST,2026-10-06,06:02 AM,2026-10-06 04:26:00 AM IST,2026-10-06,,2026-10-06:VALID (start 2026-10-06 02:07:00 AM IST < Arunodaya 2026-10-06 04:26:00 AM IST),2026-10-06,06:02 AM,2026-10-06 04:26:00 AM IST,2026-10-07,Magha,2026-10-07 06:14:30 AM IST,2026-10-05,2026-10-07,2026-10-05 | 2026-10-06 | 2026-10-07,3,COMPLETE,,,Normal Ekadashi,NORMAL,Ekadashi began before Arunodaya and has one valid Ekadashi sunrise. No two-day exception is triggered.,2026-10-06:VALID (start 2026-10-06 02:07:00 AM IST < Arunodaya 2026-10-06 04:26:00 AM IST),2026-10-06,,2026-10-07,DWADASHI,PRATAH,2026-10-07 06:14:30 AM IST,2026-10-07 08:25:12 AM IST,Hari Vasara ends during Pratah; Parana begins after Hari Vasara and ends at Pratah end.
Bhopal,Madhya Pradesh,India,Asia/Kolkata,geoname:1275841,1275841,Indira Ekadashi,2026-10-06,"Indira Ekadashi - Bhopal. Dashami ends and Ekadashi begins on 2026-10-06 02:07:00 AM IST. On 06-Oct-26, Sooryodaya is 06:14 AM and Arunodaya is 04:38 AM. Ekadashi is present at sunrise and had begun before Arunodaya, so this is a valid Ekadashi sunrise. Ekadashi ends on 2026-10-07 12:34:00 AM IST and does not remain through another sunrise. Ekadashi ends and Dwadashi begins on 2026-10-07 12:34:00 AM IST. Dwadashi is present at Sooryodaya on 07-Oct-26 (Sooryodaya 06:14 AM). Dwadashi ends and Trayodashi begins on 2026-10-07 11:16:00 PM IST. Therefore the Upavaasa is observed on 06-Oct-26. For Parana on 07-Oct-26, Sooryodaya is 06:14 AM, Pratah Kala ends at 08:36 AM, Dwadashi ends at 2026-10-07 11:16:00 PM IST, and Hari Vasara ends at 2026-10-07 06:14:30 AM IST. Hari Vasara ends after Sooryodaya, at 06:15 AM, but still within Pratah Kala. Therefore Parana cannot start at sunrise and starts at Hari Vasara end (06:15 AM). Pratah Kala ends at 08:36 AM, before Dwadashi ends; therefore Pratah Kala end is the limiting end time. Hence Parana is 06:15 AM to 08:36 AM.",2026-10-05:Dashami | 2026-10-06:Ekadashi | 2026-10-07:Dwadashi,2026-10-05:Pushya | 2026-10-06:Ashlesha | 2026-10-07:Magha,2026-10-06 02:07:00 AM IST,2026-10-07 12:34:00 AM IST,2026-10-07 11:16:00 PM IST,2026-10-06,06:14 AM,2026-10-06 04:38:00 AM IST,2026-10-06,,2026-10-06:VALID (start 2026-10-06 02:07:00 AM IST < Arunodaya 2026-10-06 04:38:00 AM IST),2026-10-06,06:14 AM,2026-10-06 04:38:00 AM IST,2026-10-07,Magha,2026-10-07 06:14:30 AM IST,2026-10-05,2026-10-07,2026-10-05 | 2026-10-06 | 2026-10-07,3,COMPLETE,,,Normal Ekadashi,NORMAL,Ekadashi began before Arunodaya and has one valid Ekadashi sunrise. No two-day exception is triggered.,2026-10-06:VALID (start 2026-10-06 02:07:00 AM IST < Arunodaya 2026-10-06 04:38:00 AM IST),2026-10-06,,2026-10-07,DWADASHI,PRATAH,2026-10-07 06:14:30 AM IST,2026-10-07 08:35:36 AM IST,Hari Vasara ends during Pratah; Parana begins after Hari Vasara and ends at Pratah end.
Varanasi,Uttar Pradesh,India,Asia/Kolkata,geoname:1253405,1253405,Indira Ekadashi,2026-10-06,"Indira Ekadashi - Varanasi. Dashami ends and Ekadashi begins on 2026-10-06 02:07:00 AM IST. On 06-Oct-26, Sooryodaya is 05:52 AM and Arunodaya is 04:16 AM. Ekadashi is present at sunrise and had begun before Arunodaya, so this is a valid Ekadashi sunrise. Ekadashi ends on 2026-10-07 12:34:00 AM IST and does not remain through another sunrise. Ekadashi ends and Dwadashi begins on 2026-10-07 12:34:00 AM IST. Dwadashi is present at Sooryodaya on 07-Oct-26 (Sooryodaya 05:52 AM). Dwadashi ends and Trayodashi begins on 2026-10-07 11:16:00 PM IST. Therefore the Upavaasa is observed on 06-Oct-26. For Parana on 07-Oct-26, Sooryodaya is 05:52 AM, Pratah Kala ends at 08:13 AM, Dwadashi ends at 2026-10-07 11:16:00 PM IST, and Hari Vasara ends at 2026-10-07 06:14:30 AM IST. Hari Vasara ends after Sooryodaya, at 06:15 AM, but still within Pratah Kala. Therefore Parana cannot start at sunrise and starts at Hari Vasara end (06:15 AM). Pratah Kala ends at 08:13 AM, before Dwadashi ends; therefore Pratah Kala end is the limiting end time. Hence Parana is 06:15 AM to 08:13 AM.",2026-10-05:Dashami | 2026-10-06:Ekadashi | 2026-10-07:Dwadashi,2026-10-05:Pushya | 2026-10-06:Ashlesha | 2026-10-07:Magha,2026-10-06 02:07:00 AM IST,2026-10-07 12:34:00 AM IST,2026-10-07 11:16:00 PM IST,2026-10-06,05:52 AM,2026-10-06 04:16:00 AM IST,2026-10-06,,2026-10-06:VALID (start 2026-10-06 02:07:00 AM IST < Arunodaya 2026-10-06 04:16:00 AM IST),2026-10-06,05:52 AM,2026-10-06 04:16:00 AM IST,2026-10-07,Magha,2026-10-07 06:14:30 AM IST,2026-10-05,2026-10-07,2026-10-05 | 2026-10-06 | 2026-10-07,3,COMPLETE,,,Normal Ekadashi,NORMAL,Ekadashi began before Arunodaya and has one valid Ekadashi sunrise. No two-day exception is triggered.,2026-10-06:VALID (start 2026-10-06 02:07:00 AM IST < Arunodaya 2026-10-06 04:16:00 AM IST),2026-10-06,,2026-10-07,DWADASHI,PRATAH,2026-10-07 06:14:30 AM IST,2026-10-07 08:13:24 AM IST,Hari Vasara ends during Pratah; Parana begins after Hari Vasara and ends at Pratah end.
Prayagraj,Uttar Pradesh,India,Asia/Kolkata,geoname:1278994,1278994,Indira Ekadashi,2026-10-06,"Indira Ekadashi - Prayagraj. Dashami ends and Ekadashi begins on 2026-10-06 02:07:00 AM IST. On 06-Oct-26, Sooryodaya is 05:57 AM and Arunodaya is 04:21 AM. Ekadashi is present at sunrise and had begun before Arunodaya, so this is a valid Ekadashi sunrise. Ekadashi ends on 2026-10-07 12:34:00 AM IST and does not remain through another sunrise. Ekadashi ends and Dwadashi begins on 2026-10-07 12:34:00 AM IST. Dwadashi is present at Sooryodaya on 07-Oct-26 (Sooryodaya 05:57 AM). Dwadashi ends and Trayodashi begins on 2026-10-07 11:16:00 PM IST. Therefore the Upavaasa is observed on 06-Oct-26. For Parana on 07-Oct-26, Sooryodaya is 05:57 AM, Pratah Kala ends at 08:18 AM, Dwadashi ends at 2026-10-07 11:16:00 PM IST, and Hari Vasara ends at 2026-10-07 06:14:30 AM IST. Hari Vasara ends after Sooryodaya, at 06:15 AM, but still within Pratah Kala. Therefore Parana cannot start at sunrise and starts at Hari Vasara end (06:15 AM). Pratah Kala ends at 08:18 AM, before Dwadashi ends; therefore Pratah Kala end is the limiting end time. Hence Parana is 06:15 AM to 08:18 AM.",2026-10-05:Dashami | 2026-10-06:Ekadashi | 2026-10-07:Dwadashi,2026-10-05:Pushya | 2026-10-06:Ashlesha | 2026-10-07:Magha,2026-10-06 02:07:00 AM IST,2026-10-07 12:34:00 AM IST,2026-10-07 11:16:00 PM IST,2026-10-06,05:57 AM,2026-10-06 04:21:00 AM IST,2026-10-06,,2026-10-06:VALID (start 2026-10-06 02:07:00 AM IST < Arunodaya 2026-10-06 04:21:00 AM IST),2026-10-06,05:57 AM,2026-10-06 04:21:00 AM IST,2026-10-07,Magha,2026-10-07 06:14:30 AM IST,2026-10-05,2026-10-07,2026-10-05 | 2026-10-06 | 2026-10-07,3,COMPLETE,,,Normal Ekadashi,NORMAL,Ekadashi began before Arunodaya and has one valid Ekadashi sunrise. No two-day exception is triggered.,2026-10-06:VALID (start 2026-10-06 02:07:00 AM IST < Arunodaya 2026-10-06 04:21:00 AM IST),2026-10-06,,2026-10-07,DWADASHI,PRATAH,2026-10-07 06:14:30 AM IST,2026-10-07 08:18:12 AM IST,Hari Vasara ends during Pratah; Parana begins after Hari Vasara and ends at Pratah end.
Lucknow,Uttar Pradesh,India,Asia/Kolkata,geoname:1264733,1264733,Indira Ekadashi,2026-10-06,"Indira Ekadashi - Lucknow. Dashami ends and Ekadashi begins on 2026-10-06 02:07:00 AM IST. On 06-Oct-26, Sooryodaya is 06:01 AM and Arunodaya is 04:25 AM. Ekadashi is present at sunrise and had begun before Arunodaya, so this is a valid Ekadashi sunrise. Ekadashi ends on 2026-10-07 12:34:00 AM IST and does not remain through another sunrise. Ekadashi ends and Dwadashi begins on 2026-10-07 12:34:00 AM IST. Dwadashi is present at Sooryodaya on 07-Oct-26 (Sooryodaya 06:01 AM). Dwadashi ends and Trayodashi begins on 2026-10-07 11:16:00 PM IST. Therefore the Upavaasa is observed on 06-Oct-26. For Parana on 07-Oct-26, Sooryodaya is 06:01 AM, Pratah Kala ends at 08:22 AM, Dwadashi ends at 2026-10-07 11:16:00 PM IST, and Hari Vasara ends at 2026-10-07 06:14:30 AM IST. Hari Vasara ends after Sooryodaya, at 06:15 AM, but still within Pratah Kala. Therefore Parana cannot start at sunrise and starts at Hari Vasara end (06:15 AM). Pratah Kala ends at 08:22 AM, before Dwadashi ends; therefore Pratah Kala end is the limiting end time. Hence Parana is 06:15 AM to 08:22 AM.",2026-10-05:Dashami | 2026-10-06:Ekadashi | 2026-10-07:Dwadashi,2026-10-05:Pushya | 2026-10-06:Ashlesha | 2026-10-07:Magha,2026-10-06 02:07:00 AM IST,2026-10-07 12:34:00 AM IST,2026-10-07 11:16:00 PM IST,2026-10-06,06:01 AM,2026-10-06 04:25:00 AM IST,2026-10-06,,2026-10-06:VALID (start 2026-10-06 02:07:00 AM IST < Arunodaya 2026-10-06 04:25:00 AM IST),2026-10-06,06:01 AM,2026-10-06 04:25:00 AM IST,2026-10-07,Magha,2026-10-07 06:14:30 AM IST,2026-10-05,2026-10-07,2026-10-05 | 2026-10-06 | 2026-10-07,3,COMPLETE,,,Normal Ekadashi,NORMAL,Ekadashi began before Arunodaya and has one valid Ekadashi sunrise. No two-day exception is triggered.,2026-10-06:VALID (start 2026-10-06 02:07:00 AM IST < Arunodaya 2026-10-06 04:25:00 AM IST),2026-10-06,,2026-10-07,DWADASHI,PRATAH,2026-10-07 06:14:30 AM IST,2026-10-07 08:22:00 AM IST,Hari Vasara ends during Pratah; Parana begins after Hari Vasara and ends at Pratah end.
Srinagar,Jammu and Kashmir,India,Asia/Kolkata,geoname:1255634,1255634,Indira Ekadashi,2026-10-06,"Indira Ekadashi - Srinagar. Dashami ends and Ekadashi begins on 2026-10-06 02:07:00 AM IST. On 06-Oct-26, Sooryodaya is 06:29 AM and Arunodaya is 04:53 AM. Ekadashi is present at sunrise and had begun before Arunodaya, so this is a valid Ekadashi sunrise. Ekadashi ends on 2026-10-07 12:34:00 AM IST and does not remain through another sunrise. Ekadashi ends and Dwadashi begins on 2026-10-07 12:34:00 AM IST. Dwadashi is present at Sooryodaya on 07-Oct-26 (Sooryodaya 06:29 AM). Dwadashi ends and Trayodashi begins on 2026-10-07 11:16:00 PM IST. Therefore the Upavaasa is observed on 06-Oct-26. For Parana on 07-Oct-26, Sooryodaya is 06:29 AM, Pratah Kala ends at 08:49 AM, Dwadashi ends at 2026-10-07 11:16:00 PM IST, and Hari Vasara ends at 2026-10-07 06:14:30 AM IST. Hari Vasara ends before Sooryodaya, so there is no Hari-Vasara delay; Parana starts at Sooryodaya (06:29 AM). Pratah Kala ends at 08:49 AM, before Dwadashi ends; therefore Pratah Kala end is the limiting end time. Hence Parana is 06:29 AM to 08:49 AM.",2026-10-05:Dashami | 2026-10-06:Ekadashi | 2026-10-07:Dwadashi,2026-10-05:Pushya | 2026-10-06:Ashlesha | 2026-10-07:Magha,2026-10-06 02:07:00 AM IST,2026-10-07 12:34:00 AM IST,2026-10-07 11:16:00 PM IST,2026-10-06,06:29 AM,2026-10-06 04:53:00 AM IST,2026-10-06,,2026-10-06:VALID (start 2026-10-06 02:07:00 AM IST < Arunodaya 2026-10-06 04:53:00 AM IST),2026-10-06,06:29 AM,2026-10-06 04:53:00 AM IST,2026-10-07,Magha,2026-10-07 06:14:30 AM IST,2026-10-05,2026-10-07,2026-10-05 | 2026-10-06 | 2026-10-07,3,COMPLETE,,,Normal Ekadashi,NORMAL,Ekadashi began before Arunodaya and has one valid Ekadashi sunrise. No two-day exception is triggered.,2026-10-06:VALID (start 2026-10-06 02:07:00 AM IST < Arunodaya 2026-10-06 04:53:00 AM IST),2026-10-06,,2026-10-07,DWADASHI,PRATAH,2026-10-07 06:29:00 AM IST,2026-10-07 08:48:36 AM IST,Hari Vasara ended before Parana-day sunrise; Parana is sunrise to Pratah end.
Brisbane,Queensland,Australia,Australia/Brisbane,geoname:2174003,2174003,Indira Ekadashi,2026-10-06,"Indira Ekadashi - Brisbane. Dashami ends and Ekadashi begins on 2026-10-06 06:37:00 AM AEST. Ekadashi ends and Dwadashi begins on 2026-10-07 05:04:00 AM AEST. Dwadashi is present at Sooryodaya on 07-Oct-26 (Sooryodaya 05:21 AM). Dwadashi ends and Trayodashi begins on 2026-10-08 03:46:00 AM AEST. Therefore the Upavaasa is observed on 07-Oct-26. For Parana on 08-Oct-26, Sooryodaya is 05:20 AM, Pratah Kala ends at 07:50 AM, Dwadashi ends at 2026-10-08 03:46:00 AM AEST, and Hari Vasara ends at 2026-10-07 10:44:30 AM AEST. Because the Upavaasa itself was observed on Dwadashi, Hari Vasara is not used to delay the Parana start on the following morning. Dwadashi has already ended before Sooryodaya, so Parana starts at Sooryodaya (05:20 AM). Since Dwadashi is already over, the available morning limit is the end of Pratah Kala (07:50 AM). Hence Parana is 05:20 AM to 07:50 AM.",2026-10-06:Dashami | 2026-10-07:Dwadashi | 2026-10-08:Trayodashi,2026-10-06:Ashlesha | 2026-10-07:Magha | 2026-10-08:Purva Phalguni,2026-10-06 06:37:00 AM AEST,2026-10-07 05:04:00 AM AEST,2026-10-08 03:46:00 AM AEST,,,,,,,,,,2026-10-07,Magha,2026-10-07 10:44:30 AM AEST,2026-10-06,2026-10-08,2026-10-06 | 2026-10-07 | 2026-10-08,3,COMPLETE,,,Missing Ekadashi,MISSING_EKADASHI,"Ekadashi Tithi begins after one sunrise and ends before the next, so no sunrise occurs during Ekadashi. Upavaasa is observed on Dwadashi.",,2026-10-07,,2026-10-08,POST_DWADASHI_UPAVASA,POST_DWADASHI_FAST_DWADASHI_OVER_BEFORE_SUNRISE,2026-10-08 05:20:00 AM AEST,2026-10-08 07:50:24 AM AEST,Dwadashi ended before Parana-day sunrise; Parana is sunrise to Pratah end.
Melbourne,Victoria,Australia,Australia/Melbourne,geoname:2158177,2158177,Indira Ekadashi,2026-10-06,"Indira Ekadashi - Melbourne. Dashami ends and Ekadashi begins on 2026-10-06 07:37:00 AM AEDT. Ekadashi ends and Dwadashi begins on 2026-10-07 06:04:00 AM AEDT. Dwadashi is present at Sooryodaya on 07-Oct-26 (Sooryodaya 06:47 AM). Dwadashi ends and Trayodashi begins on 2026-10-08 04:46:00 AM AEDT. Therefore the Upavaasa is observed on 07-Oct-26. For Parana on 08-Oct-26, Sooryodaya is 06:46 AM, Pratah Kala ends at 09:19 AM, Dwadashi ends at 2026-10-08 04:46:00 AM AEDT, and Hari Vasara ends at 2026-10-07 11:44:30 AM AEDT. Because the Upavaasa itself was observed on Dwadashi, Hari Vasara is not used to delay the Parana start on the following morning. Dwadashi has already ended before Sooryodaya, so Parana starts at Sooryodaya (06:46 AM). Since Dwadashi is already over, the available morning limit is the end of Pratah Kala (09:19 AM). Hence Parana is 06:46 AM to 09:19 AM.",2026-10-06:Dashami | 2026-10-07:Dwadashi | 2026-10-08:Trayodashi,2026-10-06:Ashlesha | 2026-10-07:Magha | 2026-10-08:Purva Phalguni,2026-10-06 07:37:00 AM AEDT,2026-10-07 06:04:00 AM AEDT,2026-10-08 04:46:00 AM AEDT,,,,,,,,,,2026-10-07,Magha,2026-10-07 11:44:30 AM AEDT,2026-10-06,2026-10-08,2026-10-06 | 2026-10-07 | 2026-10-08,3,COMPLETE,,,Missing Ekadashi,MISSING_EKADASHI,"Ekadashi Tithi begins after one sunrise and ends before the next, so no sunrise occurs during Ekadashi. Upavaasa is observed on Dwadashi.",,2026-10-07,,2026-10-08,POST_DWADASHI_UPAVASA,POST_DWADASHI_FAST_DWADASHI_OVER_BEFORE_SUNRISE,2026-10-08 06:46:00 AM AEDT,2026-10-08 09:18:48 AM AEDT,Dwadashi ended before Parana-day sunrise; Parana is sunrise to Pratah end.
Adelaide,South Australia,Australia,Australia/Adelaide,geoname:2078025,2078025,Indira Ekadashi,2026-10-06,"Indira Ekadashi - Adelaide. Dashami ends and Ekadashi begins on 2026-10-06 07:07:00 AM ACDT. Ekadashi ends and Dwadashi begins on 2026-10-07 05:34:00 AM ACDT. Dwadashi is present at Sooryodaya on 07-Oct-26 (Sooryodaya 06:44 AM). Dwadashi ends and Trayodashi begins on 2026-10-08 04:16:00 AM ACDT. Therefore the Upavaasa is observed on 07-Oct-26. For Parana on 08-Oct-26, Sooryodaya is 06:43 AM, Pratah Kala ends at 09:15 AM, Dwadashi ends at 2026-10-08 04:16:00 AM ACDT, and Hari Vasara ends at 2026-10-07 11:14:30 AM ACDT. Because the Upavaasa itself was observed on Dwadashi, Hari Vasara is not used to delay the Parana start on the following morning. Dwadashi has already ended before Sooryodaya, so Parana starts at Sooryodaya (06:43 AM). Since Dwadashi is already over, the available morning limit is the end of Pratah Kala (09:15 AM). Hence Parana is 06:43 AM to 09:15 AM.",2026-10-06:Dashami | 2026-10-07:Dwadashi | 2026-10-08:Trayodashi,2026-10-06:Ashlesha | 2026-10-07:Magha | 2026-10-08:Purva Phalguni,2026-10-06 07:07:00 AM ACDT,2026-10-07 05:34:00 AM ACDT,2026-10-08 04:16:00 AM ACDT,,,,,,,,,,2026-10-07,Magha,2026-10-07 11:14:30 AM ACDT,2026-10-06,2026-10-08,2026-10-06 | 2026-10-07 | 2026-10-08,3,COMPLETE,,,Missing Ekadashi,MISSING_EKADASHI,"Ekadashi Tithi begins after one sunrise and ends before the next, so no sunrise occurs during Ekadashi. Upavaasa is observed on Dwadashi.",,2026-10-07,,2026-10-08,POST_DWADASHI_UPAVASA,POST_DWADASHI_FAST_DWADASHI_OVER_BEFORE_SUNRISE,2026-10-08 06:43:00 AM ACDT,2026-10-08 09:15:12 AM ACDT,Dwadashi ended before Parana-day sunrise; Parana is sunrise to Pratah end.
Perth,Western Australia,Australia,Australia/Perth,geoname:2063523,2063523,Indira Ekadashi,2026-10-06,"Indira Ekadashi - Perth. Dashami ends and Ekadashi begins on 2026-10-06 04:37:00 AM AWST. On 06-Oct-26, Sooryodaya is 05:48 AM and Arunodaya is 04:12 AM. Ekadashi is present at sunrise, but it began during Arunodaya, so this sunrise is Dashami Viddha and no Upavaasa is observed on this day. Ekadashi ends on 2026-10-07 03:04:00 AM AWST and does not remain through another sunrise. Ekadashi ends and Dwadashi begins on 2026-10-07 03:04:00 AM AWST. Dwadashi is present at Sooryodaya on 07-Oct-26 (Sooryodaya 05:47 AM). Dwadashi ends and Trayodashi begins on 2026-10-08 01:46:00 AM AWST. Therefore the Upavaasa is observed on 07-Oct-26. For Parana on 08-Oct-26, Sooryodaya is 05:46 AM, Pratah Kala ends at 08:17 AM, Dwadashi ends at 2026-10-08 01:46:00 AM AWST, and Hari Vasara ends at 2026-10-07 08:44:30 AM AWST. Because the Upavaasa itself was observed on Dwadashi, Hari Vasara is not used to delay the Parana start on the following morning. Dwadashi has already ended before Sooryodaya, so Parana starts at Sooryodaya (05:46 AM). Since Dwadashi is already over, the available morning limit is the end of Pratah Kala (08:17 AM). Hence Parana is 05:46 AM to 08:17 AM.",2026-10-05:Navami | 2026-10-06:Ekadashi | 2026-10-07:Dwadashi | 2026-10-08:Trayodashi,2026-10-05:Pushya | 2026-10-06:Ashlesha | 2026-10-07:Magha | 2026-10-08:Purva Phalguni,2026-10-06 04:37:00 AM AWST,2026-10-07 03:04:00 AM AWST,2026-10-08 01:46:00 AM AWST,2026-10-06,05:48 AM,2026-10-06 04:12:00 AM AWST,,2026-10-06,2026-10-06:VIDDHA (Arunodaya 2026-10-06 04:12:00 AM AWST <= start 2026-10-06 04:37:00 AM AWST <= sunrise 2026-10-06 05:48:00 AM AWST),,,,2026-10-07,Magha,2026-10-07 08:44:30 AM AWST,2026-10-05,2026-10-08,2026-10-05 | 2026-10-06 | 2026-10-07 | 2026-10-08,4,COMPLETE,,,Dashami Viddha Ekadashi,DASHAMI_VIDDHA,"Ekadashi is present at sunrise, but every Ekadashi sunrise is Dashami Viddha; no later valid Ekadashi sunrise occurs. Therefore Upavaasa shifts to Dwadashi and Parana is on the following morning.",2026-10-06:VIDDHA (Arunodaya 2026-10-06 04:12:00 AM AWST <= start 2026-10-06 04:37:00 AM AWST <= sunrise 2026-10-06 05:48:00 AM AWST),2026-10-07,,2026-10-08,POST_DWADASHI_UPAVASA,POST_DWADASHI_FAST_DWADASHI_OVER_BEFORE_SUNRISE,2026-10-08 05:46:00 AM AWST,2026-10-08 08:17:24 AM AWST,Dwadashi ended before Parana-day sunrise; Parana is sunrise to Pratah end.
Canberra,Australian Capital Territory,Australia,Australia/Sydney,geoname:2172517,2172517,Indira Ekadashi,2026-10-06,"Indira Ekadashi - Canberra. Dashami ends and Ekadashi begins on 2026-10-06 07:37:00 AM AEDT. Ekadashi ends and Dwadashi begins on 2026-10-07 06:04:00 AM AEDT. Dwadashi is present at Sooryodaya on 07-Oct-26 (Sooryodaya 06:32 AM). Dwadashi ends and Trayodashi begins on 2026-10-08 04:46:00 AM AEDT. Therefore the Upavaasa is observed on 07-Oct-26. For Parana on 08-Oct-26, Sooryodaya is 06:31 AM, Pratah Kala ends at 09:03 AM, Dwadashi ends at 2026-10-08 04:46:00 AM AEDT, and Hari Vasara ends at 2026-10-07 11:44:30 AM AEDT. Because the Upavaasa itself was observed on Dwadashi, Hari Vasara is not used to delay the Parana start on the following morning. Dwadashi has already ended before Sooryodaya, so Parana starts at Sooryodaya (06:31 AM). Since Dwadashi is already over, the available morning limit is the end of Pratah Kala (09:03 AM). Hence Parana is 06:31 AM to 09:03 AM.",2026-10-06:Dashami | 2026-10-07:Dwadashi | 2026-10-08:Trayodashi,2026-10-06:Ashlesha | 2026-10-07:Magha | 2026-10-08:Purva Phalguni,2026-10-06 07:37:00 AM AEDT,2026-10-07 06:04:00 AM AEDT,2026-10-08 04:46:00 AM AEDT,,,,,,,,,,2026-10-07,Magha,2026-10-07 11:44:30 AM AEDT,2026-10-06,2026-10-08,2026-10-06 | 2026-10-07 | 2026-10-08,3,COMPLETE,,,Missing Ekadashi,MISSING_EKADASHI,"Ekadashi Tithi begins after one sunrise and ends before the next, so no sunrise occurs during Ekadashi. Upavaasa is observed on Dwadashi.",,2026-10-07,,2026-10-08,POST_DWADASHI_UPAVASA,POST_DWADASHI_FAST_DWADASHI_OVER_BEFORE_SUNRISE,2026-10-08 06:31:00 AM AEDT,2026-10-08 09:03:12 AM AEDT,Dwadashi ended before Parana-day sunrise; Parana is sunrise to Pratah end.
Sydney,New South Wales,Australia,Australia/Sydney,geoname:2147714,2147714,Indira Ekadashi,2026-10-06,"Indira Ekadashi - Sydney. Dashami ends and Ekadashi begins on 2026-10-06 07:37:00 AM AEDT. Ekadashi ends and Dwadashi begins on 2026-10-07 06:04:00 AM AEDT. Dwadashi is present at Sooryodaya on 07-Oct-26 (Sooryodaya 06:25 AM). Dwadashi ends and Trayodashi begins on 2026-10-08 04:46:00 AM AEDT. Therefore the Upavaasa is observed on 07-Oct-26. For Parana on 08-Oct-26, Sooryodaya is 06:23 AM, Pratah Kala ends at 08:55 AM, Dwadashi ends at 2026-10-08 04:46:00 AM AEDT, and Hari Vasara ends at 2026-10-07 11:44:30 AM AEDT. Because the Upavaasa itself was observed on Dwadashi, Hari Vasara is not used to delay the Parana start on the following morning. Dwadashi has already ended before Sooryodaya, so Parana starts at Sooryodaya (06:23 AM). Since Dwadashi is already over, the available morning limit is the end of Pratah Kala (08:55 AM). Hence Parana is 06:23 AM to 08:55 AM.",2026-10-06:Dashami | 2026-10-07:Dwadashi | 2026-10-08:Trayodashi,2026-10-06:Ashlesha | 2026-10-07:Magha | 2026-10-08:Purva Phalguni,2026-10-06 07:37:00 AM AEDT,2026-10-07 06:04:00 AM AEDT,2026-10-08 04:46:00 AM AEDT,,,,,,,,,,2026-10-07,Magha,2026-10-07 11:44:30 AM AEDT,2026-10-06,2026-10-08,2026-10-06 | 2026-10-07 | 2026-10-08,3,COMPLETE,,,Missing Ekadashi,MISSING_EKADASHI,"Ekadashi Tithi begins after one sunrise and ends before the next, so no sunrise occurs during Ekadashi. Upavaasa is observed on Dwadashi.",,2026-10-07,,2026-10-08,POST_DWADASHI_UPAVASA,POST_DWADASHI_FAST_DWADASHI_OVER_BEFORE_SUNRISE,2026-10-08 06:23:00 AM AEDT,2026-10-08 08:55:00 AM AEDT,Dwadashi ended before Parana-day sunrise; Parana is sunrise to Pratah end.
