Place Key,City,State/Region,Country,Timezone,Geoname ID,Ekadashi Name,Ekadashi Type,Condition Code,Upavaasa Date 1,Upavaasa Date 2,Parana Date,Parana Start,Parana End,Parana Branch,Parana Tithi Rule,Hari Vasara End,Cycle Anchor,Completeness Status,Date,Action Role,Special Events,Special Event Details,Note,Message
geoname:2078025,Adelaide,South Australia,Australia,Australia/Adelaide,2078025,Parsva Ekadashi,Shravanopavasa,SHRAVANOPAVASA,2026-09-22,2026-09-23,2026-09-24,06:03 AM,08:29 AM,POST_DWADASHI_FAST_DWADASHI_OVER_BEFORE_SUNRISE,POST_DWADASHI_UPAVASA,08:00 AM,2026-09-22,COMPLETE,2026-09-22,UPAVASA_DAY_1,Parsva Ekadashi,"Upavaasa: 22-Sep-26 and 23-Sep-26 | Parana: 24-Sep-26, 06:03 AM to 08:29 AM",A valid Ekadashi sunrise is followed by Dwadashi with Shravana Nakshatra at sunrise. **Observe Upavaasa today and continue tomorrow.**,"Parsva Ekadashi. A valid Ekadashi sunrise is followed by Dwadashi with Shravana Nakshatra at sunrise. Observe Upavaasa today and continue tomorrow. Upavaasa: 22-Sep-26 and 23-Sep-26 | Parana: 24-Sep-26, 06:03 AM to 08:29 AM"
geoname:1279290,Agartala,Tripura,India,Asia/Kolkata,1279290,Parsva Ekadashi,Shravanopavasa,SHRAVANOPAVASA,2026-09-22,2026-09-23,2026-09-24,05:14 AM,07:39 AM,POST_DWADASHI_FAST_DWADASHI_OVER_BEFORE_SUNRISE,POST_DWADASHI_UPAVASA,04:00 AM,2026-09-22,COMPLETE,2026-09-22,UPAVASA_DAY_1,Parsva Ekadashi,"Upavaasa: 22-Sep-26 and 23-Sep-26 | Parana: 24-Sep-26, 05:14 AM to 07:39 AM",A valid Ekadashi sunrise is followed by Dwadashi with Shravana Nakshatra at sunrise. **Observe Upavaasa today and continue tomorrow.**,"Parsva Ekadashi. A valid Ekadashi sunrise is followed by Dwadashi with Shravana Nakshatra at sunrise. Observe Upavaasa today and continue tomorrow. Upavaasa: 22-Sep-26 and 23-Sep-26 | Parana: 24-Sep-26, 05:14 AM to 07:39 AM"
geoname:1279186,Aizawl,Mizoram,India,Asia/Kolkata,1279186,Parsva Ekadashi,Shravanopavasa,SHRAVANOPAVASA,2026-09-22,2026-09-23,2026-09-24,05:08 AM,07:33 AM,POST_DWADASHI_FAST_DWADASHI_OVER_BEFORE_SUNRISE,POST_DWADASHI_UPAVASA,04:00 AM,2026-09-22,COMPLETE,2026-09-22,UPAVASA_DAY_1,Parsva Ekadashi,"Upavaasa: 22-Sep-26 and 23-Sep-26 | Parana: 24-Sep-26, 05:08 AM to 07:33 AM",A valid Ekadashi sunrise is followed by Dwadashi with Shravana Nakshatra at sunrise. **Observe Upavaasa today and continue tomorrow.**,"Parsva Ekadashi. A valid Ekadashi sunrise is followed by Dwadashi with Shravana Nakshatra at sunrise. Observe Upavaasa today and continue tomorrow. Upavaasa: 22-Sep-26 and 23-Sep-26 | Parana: 24-Sep-26, 05:08 AM to 07:33 AM"
geoname:4180439,Atlanta,Georgia,United States,America/New_York,4180439,Parsva Ekadashi,Normal Ekadashi,NORMAL,2026-09-22,,2026-09-23,07:27 AM,09:52 AM,PRATAH,DWADASHI,06:30 PM,2026-09-22,COMPLETE,2026-09-22,UPAVASA_DAY_1,Parsva Ekadashi,"Upavaasa: 22-Sep-26 | Parana: 23-Sep-26, 07:27 AM to 09:52 AM",Normal Ekadashi. **Observe Upavaasa today.** Ekadashi began before Arunodaya.,"Parsva Ekadashi. Normal Ekadashi. Observe Upavaasa today. Ekadashi began before Arunodaya. Upavaasa: 22-Sep-26 | Parana: 23-Sep-26, 07:27 AM to 09:52 AM"
geoname:2193733,Auckland,Auckland,New Zealand,Pacific/Auckland,2193733,Parsva Ekadashi,Shravanopavasa,SHRAVANOPAVASA,2026-09-22,2026-09-23,2026-09-24,06:08 AM,08:34 AM,POST_DWADASHI_FAST_DWADASHI_OVER_BEFORE_SUNRISE,POST_DWADASHI_UPAVASA,10:30 AM,2026-09-22,COMPLETE,2026-09-22,UPAVASA_DAY_1,Parsva Ekadashi,"Upavaasa: 22-Sep-26 and 23-Sep-26 | Parana: 24-Sep-26, 06:08 AM to 08:34 AM",A valid Ekadashi sunrise is followed by Dwadashi with Shravana Nakshatra at sunrise. **Observe Upavaasa today and continue tomorrow.**,"Parsva Ekadashi. A valid Ekadashi sunrise is followed by Dwadashi with Shravana Nakshatra at sunrise. Observe Upavaasa today and continue tomorrow. Upavaasa: 22-Sep-26 and 23-Sep-26 | Parana: 24-Sep-26, 06:08 AM to 08:34 AM"
geoname:1278094,Ayodhya,Uttar Pradesh,India,Asia/Kolkata,1278094,Parsva Ekadashi,Shravanopavasa,SHRAVANOPAVASA,2026-09-22,2026-09-23,2026-09-24,05:50 AM,08:15 AM,POST_DWADASHI_FAST_DWADASHI_OVER_BEFORE_SUNRISE,POST_DWADASHI_UPAVASA,04:00 AM,2026-09-22,COMPLETE,2026-09-22,UPAVASA_DAY_1,Parsva Ekadashi,"Upavaasa: 22-Sep-26 and 23-Sep-26 | Parana: 24-Sep-26, 05:50 AM to 08:15 AM",A valid Ekadashi sunrise is followed by Dwadashi with Shravana Nakshatra at sunrise. **Observe Upavaasa today and continue tomorrow.**,"Parsva Ekadashi. A valid Ekadashi sunrise is followed by Dwadashi with Shravana Nakshatra at sunrise. Observe Upavaasa today and continue tomorrow. Upavaasa: 22-Sep-26 and 23-Sep-26 | Parana: 24-Sep-26, 05:50 AM to 08:15 AM"
geoname:4347778,Baltimore,Maryland,United States,America/New_York,4347778,Parsva Ekadashi,Normal Ekadashi,NORMAL,2026-09-22,,2026-09-23,06:55 AM,09:20 AM,PRATAH,DWADASHI,06:30 PM,2026-09-22,COMPLETE,2026-09-22,UPAVASA_DAY_1,Parsva Ekadashi,"Upavaasa: 22-Sep-26 | Parana: 23-Sep-26, 06:55 AM to 09:20 AM",Normal Ekadashi. **Observe Upavaasa today.** Ekadashi began before Arunodaya.,"Parsva Ekadashi. Normal Ekadashi. Observe Upavaasa today. Ekadashi began before Arunodaya. Upavaasa: 22-Sep-26 | Parana: 23-Sep-26, 06:55 AM to 09:20 AM"
geoname:5108728,Belfast,New York,United States,America/New_York,5108728,Parsva Ekadashi,Normal Ekadashi,NORMAL,2026-09-22,,2026-09-23,07:01 AM,09:26 AM,PRATAH,DWADASHI,06:30 PM,2026-09-22,COMPLETE,2026-09-22,UPAVASA_DAY_1,Parsva Ekadashi,"Upavaasa: 22-Sep-26 | Parana: 23-Sep-26, 07:01 AM to 09:26 AM",Normal Ekadashi. **Observe Upavaasa today.** Ekadashi began before Arunodaya.,"Parsva Ekadashi. Normal Ekadashi. Observe Upavaasa today. Ekadashi began before Arunodaya. Upavaasa: 22-Sep-26 | Parana: 23-Sep-26, 07:01 AM to 09:26 AM"
geoname:1276533,Belgaum,Karnataka,India,Asia/Kolkata,1276533,Parsva Ekadashi,Shravanopavasa,SHRAVANOPAVASA,2026-09-22,2026-09-23,2026-09-24,06:21 AM,08:46 AM,POST_DWADASHI_FAST_DWADASHI_OVER_BEFORE_SUNRISE,POST_DWADASHI_UPAVASA,04:00 AM,2026-09-22,COMPLETE,2026-09-22,UPAVASA_DAY_1,Parsva Ekadashi,"Upavaasa: 22-Sep-26 and 23-Sep-26 | Parana: 24-Sep-26, 06:21 AM to 08:46 AM",A valid Ekadashi sunrise is followed by Dwadashi with Shravana Nakshatra at sunrise. **Observe Upavaasa today and continue tomorrow.**,"Parsva Ekadashi. A valid Ekadashi sunrise is followed by Dwadashi with Shravana Nakshatra at sunrise. Observe Upavaasa today and continue tomorrow. Upavaasa: 22-Sep-26 and 23-Sep-26 | Parana: 24-Sep-26, 06:21 AM to 08:46 AM"
geoname:1277333,Bengaluru,Karnataka,India,Asia/Kolkata,1277333,Parsva Ekadashi,Shravanopavasa,SHRAVANOPAVASA,2026-09-22,2026-09-23,2026-09-24,06:09 AM,08:34 AM,POST_DWADASHI_FAST_DWADASHI_OVER_BEFORE_SUNRISE,POST_DWADASHI_UPAVASA,04:00 AM,2026-09-22,COMPLETE,2026-09-22,UPAVASA_DAY_1,Parsva Ekadashi,"Upavaasa: 22-Sep-26 and 23-Sep-26 | Parana: 24-Sep-26, 06:09 AM to 08:34 AM",A valid Ekadashi sunrise is followed by Dwadashi with Shravana Nakshatra at sunrise. **Observe Upavaasa today and continue tomorrow.**,"Parsva Ekadashi. A valid Ekadashi sunrise is followed by Dwadashi with Shravana Nakshatra at sunrise. Observe Upavaasa today and continue tomorrow. Upavaasa: 22-Sep-26 and 23-Sep-26 | Parana: 24-Sep-26, 06:09 AM to 08:34 AM"
geoname:1275841,Bhopal,Madhya Pradesh,India,Asia/Kolkata,1275841,Parsva Ekadashi,Shravanopavasa,SHRAVANOPAVASA,2026-09-22,2026-09-23,2026-09-24,06:10 AM,08:35 AM,POST_DWADASHI_FAST_DWADASHI_OVER_BEFORE_SUNRISE,POST_DWADASHI_UPAVASA,04:00 AM,2026-09-22,COMPLETE,2026-09-22,UPAVASA_DAY_1,Parsva Ekadashi,"Upavaasa: 22-Sep-26 and 23-Sep-26 | Parana: 24-Sep-26, 06:10 AM to 08:35 AM",A valid Ekadashi sunrise is followed by Dwadashi with Shravana Nakshatra at sunrise. **Observe Upavaasa today and continue tomorrow.**,"Parsva Ekadashi. A valid Ekadashi sunrise is followed by Dwadashi with Shravana Nakshatra at sunrise. Observe Upavaasa today and continue tomorrow. Upavaasa: 22-Sep-26 and 23-Sep-26 | Parana: 24-Sep-26, 06:10 AM to 08:35 AM"
geoname:1275817,Bhubaneswar,Odisha,India,Asia/Kolkata,1275817,Parsva Ekadashi,Shravanopavasa,SHRAVANOPAVASA,2026-09-22,2026-09-23,2026-09-24,05:36 AM,08:01 AM,POST_DWADASHI_FAST_DWADASHI_OVER_BEFORE_SUNRISE,POST_DWADASHI_UPAVASA,04:00 AM,2026-09-22,COMPLETE,2026-09-22,UPAVASA_DAY_1,Parsva Ekadashi,"Upavaasa: 22-Sep-26 and 23-Sep-26 | Parana: 24-Sep-26, 05:36 AM to 08:01 AM",A valid Ekadashi sunrise is followed by Dwadashi with Shravana Nakshatra at sunrise. **Observe Upavaasa today and continue tomorrow.**,"Parsva Ekadashi. A valid Ekadashi sunrise is followed by Dwadashi with Shravana Nakshatra at sunrise. Observe Upavaasa today and continue tomorrow. Upavaasa: 22-Sep-26 and 23-Sep-26 | Parana: 24-Sep-26, 05:36 AM to 08:01 AM"
geoname:2174003,Brisbane,Queensland,Australia,Australia/Brisbane,2174003,Parsva Ekadashi,Shravanopavasa,SHRAVANOPAVASA,2026-09-22,2026-09-23,2026-09-24,05:36 AM,08:02 AM,POST_DWADASHI_FAST_DWADASHI_OVER_BEFORE_SUNRISE,POST_DWADASHI_UPAVASA,08:30 AM,2026-09-22,COMPLETE,2026-09-22,UPAVASA_DAY_1,Parsva Ekadashi,"Upavaasa: 22-Sep-26 and 23-Sep-26 | Parana: 24-Sep-26, 05:36 AM to 08:02 AM",A valid Ekadashi sunrise is followed by Dwadashi with Shravana Nakshatra at sunrise. **Observe Upavaasa today and continue tomorrow.**,"Parsva Ekadashi. A valid Ekadashi sunrise is followed by Dwadashi with Shravana Nakshatra at sunrise. Observe Upavaasa today and continue tomorrow. Upavaasa: 22-Sep-26 and 23-Sep-26 | Parana: 24-Sep-26, 05:36 AM to 08:02 AM"
geoname:5110629,Buffalo,New York,United States,America/New_York,5110629,Parsva Ekadashi,Normal Ekadashi,NORMAL,2026-09-22,,2026-09-23,07:04 AM,09:29 AM,PRATAH,DWADASHI,06:30 PM,2026-09-22,COMPLETE,2026-09-22,UPAVASA_DAY_1,Parsva Ekadashi,"Upavaasa: 22-Sep-26 | Parana: 23-Sep-26, 07:04 AM to 09:29 AM",Normal Ekadashi. **Observe Upavaasa today.** Ekadashi began before Arunodaya.,"Parsva Ekadashi. Normal Ekadashi. Observe Upavaasa today. Ekadashi began before Arunodaya. Upavaasa: 22-Sep-26 | Parana: 23-Sep-26, 07:04 AM to 09:29 AM"
geoname:2172517,Canberra,Australian Capital Territory,Australia,Australia/Sydney,2172517,Parsva Ekadashi,Shravanopavasa,SHRAVANOPAVASA,2026-09-22,2026-09-23,2026-09-24,05:51 AM,08:17 AM,POST_DWADASHI_FAST_DWADASHI_OVER_BEFORE_SUNRISE,POST_DWADASHI_UPAVASA,08:30 AM,2026-09-22,COMPLETE,2026-09-22,UPAVASA_DAY_1,Parsva Ekadashi,"Upavaasa: 22-Sep-26 and 23-Sep-26 | Parana: 24-Sep-26, 05:51 AM to 08:17 AM",A valid Ekadashi sunrise is followed by Dwadashi with Shravana Nakshatra at sunrise. **Observe Upavaasa today and continue tomorrow.**,"Parsva Ekadashi. A valid Ekadashi sunrise is followed by Dwadashi with Shravana Nakshatra at sunrise. Observe Upavaasa today and continue tomorrow. Upavaasa: 22-Sep-26 and 23-Sep-26 | Parana: 24-Sep-26, 05:51 AM to 08:17 AM"
geoname:4460243,Charlotte,North Carolina,United States,America/New_York,4460243,Parsva Ekadashi,Normal Ekadashi,NORMAL,2026-09-22,,2026-09-23,07:12 AM,09:37 AM,PRATAH,DWADASHI,06:30 PM,2026-09-22,COMPLETE,2026-09-22,UPAVASA_DAY_1,Parsva Ekadashi,"Upavaasa: 22-Sep-26 | Parana: 23-Sep-26, 07:12 AM to 09:37 AM",Normal Ekadashi. **Observe Upavaasa today.** Ekadashi began before Arunodaya.,"Parsva Ekadashi. Normal Ekadashi. Observe Upavaasa today. Ekadashi began before Arunodaya. Upavaasa: 22-Sep-26 | Parana: 23-Sep-26, 07:12 AM to 09:37 AM"
geoname:1264527,Chennai,Tamil Nadu,India,Asia/Kolkata,1264527,Parsva Ekadashi,Shravanopavasa,SHRAVANOPAVASA,2026-09-22,2026-09-23,2026-09-24,05:58 AM,08:23 AM,POST_DWADASHI_FAST_DWADASHI_OVER_BEFORE_SUNRISE,POST_DWADASHI_UPAVASA,04:00 AM,2026-09-22,COMPLETE,2026-09-22,UPAVASA_DAY_1,Parsva Ekadashi,"Upavaasa: 22-Sep-26 and 23-Sep-26 | Parana: 24-Sep-26, 05:58 AM to 08:23 AM",A valid Ekadashi sunrise is followed by Dwadashi with Shravana Nakshatra at sunrise. **Observe Upavaasa today and continue tomorrow.**,"Parsva Ekadashi. A valid Ekadashi sunrise is followed by Dwadashi with Shravana Nakshatra at sunrise. Observe Upavaasa today and continue tomorrow. Upavaasa: 22-Sep-26 and 23-Sep-26 | Parana: 24-Sep-26, 05:58 AM to 08:23 AM"
geoname:4887398,Chicago,Illinois,United States,America/Chicago,4887398,Parsva Ekadashi,Normal Ekadashi,NORMAL,2026-09-22,,2026-09-23,06:39 AM,09:04 AM,PRATAH,DWADASHI,05:30 PM,2026-09-22,COMPLETE,2026-09-22,UPAVASA_DAY_1,Parsva Ekadashi,"Upavaasa: 22-Sep-26 | Parana: 23-Sep-26, 06:39 AM to 09:04 AM",Normal Ekadashi. **Observe Upavaasa today.** Ekadashi began before Arunodaya.,"Parsva Ekadashi. Normal Ekadashi. Observe Upavaasa today. Ekadashi began before Arunodaya. Upavaasa: 22-Sep-26 | Parana: 23-Sep-26, 06:39 AM to 09:04 AM"
geoname:1274256,Chidambaram,Tamil Nadu,India,Asia/Kolkata,1274256,Parsva Ekadashi,Shravanopavasa,SHRAVANOPAVASA,2026-09-22,2026-09-23,2026-09-24,06:00 AM,08:25 AM,POST_DWADASHI_FAST_DWADASHI_OVER_BEFORE_SUNRISE,POST_DWADASHI_UPAVASA,04:00 AM,2026-09-22,COMPLETE,2026-09-22,UPAVASA_DAY_1,Parsva Ekadashi,"Upavaasa: 22-Sep-26 and 23-Sep-26 | Parana: 24-Sep-26, 06:00 AM to 08:25 AM",A valid Ekadashi sunrise is followed by Dwadashi with Shravana Nakshatra at sunrise. **Observe Upavaasa today and continue tomorrow.**,"Parsva Ekadashi. A valid Ekadashi sunrise is followed by Dwadashi with Shravana Nakshatra at sunrise. Observe Upavaasa today and continue tomorrow. Upavaasa: 22-Sep-26 and 23-Sep-26 | Parana: 24-Sep-26, 06:00 AM to 08:25 AM"
geoname:2192362,Christchurch,Canterbury,New Zealand,Pacific/Auckland,2192362,Parsva Ekadashi,Shravanopavasa,SHRAVANOPAVASA,2026-09-22,2026-09-23,2026-09-24,06:16 AM,08:42 AM,POST_DWADASHI_FAST_DWADASHI_OVER_BEFORE_SUNRISE,POST_DWADASHI_UPAVASA,10:30 AM,2026-09-22,COMPLETE,2026-09-22,UPAVASA_DAY_1,Parsva Ekadashi,"Upavaasa: 22-Sep-26 and 23-Sep-26 | Parana: 24-Sep-26, 06:16 AM to 08:42 AM",A valid Ekadashi sunrise is followed by Dwadashi with Shravana Nakshatra at sunrise. **Observe Upavaasa today and continue tomorrow.**,"Parsva Ekadashi. A valid Ekadashi sunrise is followed by Dwadashi with Shravana Nakshatra at sunrise. Observe Upavaasa today and continue tomorrow. Upavaasa: 22-Sep-26 and 23-Sep-26 | Parana: 24-Sep-26, 06:16 AM to 08:42 AM"
geoname:4508722,Cincinnati,Ohio,United States,America/New_York,4508722,Parsva Ekadashi,Normal Ekadashi,NORMAL,2026-09-22,,2026-09-23,07:27 AM,09:52 AM,PRATAH,DWADASHI,06:30 PM,2026-09-22,COMPLETE,2026-09-22,UPAVASA_DAY_1,Parsva Ekadashi,"Upavaasa: 22-Sep-26 | Parana: 23-Sep-26, 07:27 AM to 09:52 AM",Normal Ekadashi. **Observe Upavaasa today.** Ekadashi began before Arunodaya.,"Parsva Ekadashi. Normal Ekadashi. Observe Upavaasa today. Ekadashi began before Arunodaya. Upavaasa: 22-Sep-26 | Parana: 23-Sep-26, 07:27 AM to 09:52 AM"
geoname:5150529,Cleveland,Ohio,United States,America/New_York,5150529,Parsva Ekadashi,Normal Ekadashi,NORMAL,2026-09-22,,2026-09-23,07:15 AM,09:40 AM,PRATAH,DWADASHI,06:30 PM,2026-09-22,COMPLETE,2026-09-22,UPAVASA_DAY_1,Parsva Ekadashi,"Upavaasa: 22-Sep-26 | Parana: 23-Sep-26, 07:15 AM to 09:40 AM",Normal Ekadashi. **Observe Upavaasa today.** Ekadashi began before Arunodaya.,"Parsva Ekadashi. Normal Ekadashi. Observe Upavaasa today. Ekadashi began before Arunodaya. Upavaasa: 22-Sep-26 | Parana: 23-Sep-26, 07:15 AM to 09:40 AM"
geoname:1273865,Coimbatore,Tamil Nadu,India,Asia/Kolkata,1273865,Parsva Ekadashi,Shravanopavasa,SHRAVANOPAVASA,2026-09-22,2026-09-23,2026-09-24,06:11 AM,08:36 AM,POST_DWADASHI_FAST_DWADASHI_OVER_BEFORE_SUNRISE,POST_DWADASHI_UPAVASA,04:00 AM,2026-09-22,COMPLETE,2026-09-22,UPAVASA_DAY_1,Parsva Ekadashi,"Upavaasa: 22-Sep-26 and 23-Sep-26 | Parana: 24-Sep-26, 06:11 AM to 08:36 AM",A valid Ekadashi sunrise is followed by Dwadashi with Shravana Nakshatra at sunrise. **Observe Upavaasa today and continue tomorrow.**,"Parsva Ekadashi. A valid Ekadashi sunrise is followed by Dwadashi with Shravana Nakshatra at sunrise. Observe Upavaasa today and continue tomorrow. Upavaasa: 22-Sep-26 and 23-Sep-26 | Parana: 24-Sep-26, 06:11 AM to 08:36 AM"
geoname:4256038,Columbus,Indiana,United States,America/Indiana/Indianapolis,4256038,Parsva Ekadashi,Normal Ekadashi,NORMAL,2026-09-22,,2026-09-23,07:32 AM,09:57 AM,PRATAH,DWADASHI,06:30 PM,2026-09-22,COMPLETE,2026-09-22,UPAVASA_DAY_1,Parsva Ekadashi,"Upavaasa: 22-Sep-26 | Parana: 23-Sep-26, 07:32 AM to 09:57 AM",Normal Ekadashi. **Observe Upavaasa today.** Ekadashi began before Arunodaya.,"Parsva Ekadashi. Normal Ekadashi. Observe Upavaasa today. Ekadashi began before Arunodaya. Upavaasa: 22-Sep-26 | Parana: 23-Sep-26, 07:32 AM to 09:57 AM"
geoname:4509177,Columbus,Ohio,United States,America/New_York,4509177,Parsva Ekadashi,Normal Ekadashi,NORMAL,2026-09-22,,2026-09-23,07:21 AM,09:46 AM,PRATAH,DWADASHI,06:30 PM,2026-09-22,COMPLETE,2026-09-22,UPAVASA_DAY_1,Parsva Ekadashi,"Upavaasa: 22-Sep-26 | Parana: 23-Sep-26, 07:21 AM to 09:46 AM",Normal Ekadashi. **Observe Upavaasa today.** Ekadashi began before Arunodaya.,"Parsva Ekadashi. Normal Ekadashi. Observe Upavaasa today. Ekadashi began before Arunodaya. Upavaasa: 22-Sep-26 | Parana: 23-Sep-26, 07:21 AM to 09:46 AM"
geoname:4684888,Dallas,Texas,United States,America/Chicago,4684888,Parsva Ekadashi,Normal Ekadashi,NORMAL,2026-09-22,,2026-09-23,07:16 AM,09:41 AM,PRATAH,DWADASHI,05:30 PM,2026-09-22,COMPLETE,2026-09-22,UPAVASA_DAY_1,Parsva Ekadashi,"Upavaasa: 22-Sep-26 | Parana: 23-Sep-26, 07:16 AM to 09:41 AM",Normal Ekadashi. **Observe Upavaasa today.** Ekadashi began before Arunodaya.,"Parsva Ekadashi. Normal Ekadashi. Observe Upavaasa today. Ekadashi began before Arunodaya. Upavaasa: 22-Sep-26 | Parana: 23-Sep-26, 07:16 AM to 09:41 AM"
geoname:2938913,Darmstadt,Hesse,Germany,Europe/Berlin,2938913,Parsva Ekadashi,Normal Ekadashi,NORMAL,2026-09-22,,2026-09-23,07:13 AM,09:39 AM,PRATAH,DWADASHI,12:30 AM,2026-09-22,COMPLETE,2026-09-22,UPAVASA_DAY_1,Parsva Ekadashi,"Upavaasa: 22-Sep-26 | Parana: 23-Sep-26, 07:13 AM to 09:39 AM",Normal Ekadashi. **Observe Upavaasa today.** Ekadashi began before Arunodaya.,"Parsva Ekadashi. Normal Ekadashi. Observe Upavaasa today. Ekadashi began before Arunodaya. Upavaasa: 22-Sep-26 | Parana: 23-Sep-26, 07:13 AM to 09:39 AM"
geoname:1272648,Dibrugarh,Assam,India,Asia/Kolkata,1272648,Parsva Ekadashi,Shravanopavasa,SHRAVANOPAVASA,2026-09-22,2026-09-23,2026-09-24,05:00 AM,07:25 AM,POST_DWADASHI_FAST_DWADASHI_OVER_BEFORE_SUNRISE,POST_DWADASHI_UPAVASA,04:00 AM,2026-09-22,COMPLETE,2026-09-22,UPAVASA_DAY_1,Parsva Ekadashi,"Upavaasa: 22-Sep-26 and 23-Sep-26 | Parana: 24-Sep-26, 05:00 AM to 07:25 AM",A valid Ekadashi sunrise is followed by Dwadashi with Shravana Nakshatra at sunrise. **Observe Upavaasa today and continue tomorrow.**,"Parsva Ekadashi. A valid Ekadashi sunrise is followed by Dwadashi with Shravana Nakshatra at sunrise. Observe Upavaasa today and continue tomorrow. Upavaasa: 22-Sep-26 and 23-Sep-26 | Parana: 24-Sep-26, 05:00 AM to 07:25 AM"
geoname:1272552,Dimapur,Nagaland,India,Asia/Kolkata,1272552,Parsva Ekadashi,Shravanopavasa,SHRAVANOPAVASA,2026-09-22,2026-09-23,2026-09-24,05:04 AM,07:29 AM,POST_DWADASHI_FAST_DWADASHI_OVER_BEFORE_SUNRISE,POST_DWADASHI_UPAVASA,04:00 AM,2026-09-22,COMPLETE,2026-09-22,UPAVASA_DAY_1,Parsva Ekadashi,"Upavaasa: 22-Sep-26 and 23-Sep-26 | Parana: 24-Sep-26, 05:04 AM to 07:29 AM",A valid Ekadashi sunrise is followed by Dwadashi with Shravana Nakshatra at sunrise. **Observe Upavaasa today and continue tomorrow.**,"Parsva Ekadashi. A valid Ekadashi sunrise is followed by Dwadashi with Shravana Nakshatra at sunrise. Observe Upavaasa today and continue tomorrow. Upavaasa: 22-Sep-26 and 23-Sep-26 | Parana: 24-Sep-26, 05:04 AM to 07:29 AM"
geoname:290030,Doha,Baladīyat ad Dawḩah,Qatar,Asia/Qatar,290030,Parsva Ekadashi,Shravanopavasa,SHRAVANOPAVASA,2026-09-22,2026-09-23,2026-09-24,05:23 AM,07:48 AM,POST_DWADASHI_FAST_DWADASHI_OVER_BEFORE_SUNRISE,POST_DWADASHI_UPAVASA,01:30 AM,2026-09-22,COMPLETE,2026-09-22,UPAVASA_DAY_1,Parsva Ekadashi,"Upavaasa: 22-Sep-26 and 23-Sep-26 | Parana: 24-Sep-26, 05:23 AM to 07:48 AM",A valid Ekadashi sunrise is followed by Dwadashi with Shravana Nakshatra at sunrise. **Observe Upavaasa today and continue tomorrow.**,"Parsva Ekadashi. A valid Ekadashi sunrise is followed by Dwadashi with Shravana Nakshatra at sunrise. Observe Upavaasa today and continue tomorrow. Upavaasa: 22-Sep-26 and 23-Sep-26 | Parana: 24-Sep-26, 05:23 AM to 07:48 AM"
geoname:292223,Dubai,Dubai,United Arab Emirates,Asia/Dubai,292223,Parsva Ekadashi,Shravanopavasa,SHRAVANOPAVASA,2026-09-22,2026-09-23,2026-09-24,06:09 AM,08:34 AM,POST_DWADASHI_FAST_DWADASHI_OVER_BEFORE_SUNRISE,POST_DWADASHI_UPAVASA,02:30 AM,2026-09-22,COMPLETE,2026-09-22,UPAVASA_DAY_1,Parsva Ekadashi,"Upavaasa: 22-Sep-26 and 23-Sep-26 | Parana: 24-Sep-26, 06:09 AM to 08:34 AM",A valid Ekadashi sunrise is followed by Dwadashi with Shravana Nakshatra at sunrise. **Observe Upavaasa today and continue tomorrow.**,"Parsva Ekadashi. A valid Ekadashi sunrise is followed by Dwadashi with Shravana Nakshatra at sunrise. Observe Upavaasa today and continue tomorrow. Upavaasa: 22-Sep-26 and 23-Sep-26 | Parana: 24-Sep-26, 06:09 AM to 08:34 AM"
geoname:2928751,Esslingen,Esslingen,Germany,Europe/Berlin,2928751,Parsva Ekadashi,Normal Ekadashi,NORMAL,2026-09-22,,2026-09-23,07:11 AM,09:37 AM,PRATAH,DWADASHI,12:30 AM,2026-09-22,COMPLETE,2026-09-22,UPAVASA_DAY_1,Parsva Ekadashi,"Upavaasa: 22-Sep-26 | Parana: 23-Sep-26, 07:11 AM to 09:37 AM",Normal Ekadashi. **Observe Upavaasa today.** Ekadashi began before Arunodaya.,"Parsva Ekadashi. Normal Ekadashi. Observe Upavaasa today. Ekadashi began before Arunodaya. Upavaasa: 22-Sep-26 | Parana: 23-Sep-26, 07:11 AM to 09:37 AM"
geoname:1271631,Gangtok,Sikkim,India,Asia/Kolkata,1271631,Parsva Ekadashi,Shravanopavasa,SHRAVANOPAVASA,2026-09-22,2026-09-23,2026-09-24,05:25 AM,07:50 AM,POST_DWADASHI_FAST_DWADASHI_OVER_BEFORE_SUNRISE,POST_DWADASHI_UPAVASA,04:00 AM,2026-09-22,COMPLETE,2026-09-22,UPAVASA_DAY_1,Parsva Ekadashi,"Upavaasa: 22-Sep-26 and 23-Sep-26 | Parana: 24-Sep-26, 05:25 AM to 07:50 AM",A valid Ekadashi sunrise is followed by Dwadashi with Shravana Nakshatra at sunrise. **Observe Upavaasa today and continue tomorrow.**,"Parsva Ekadashi. A valid Ekadashi sunrise is followed by Dwadashi with Shravana Nakshatra at sunrise. Observe Upavaasa today and continue tomorrow. Upavaasa: 22-Sep-26 and 23-Sep-26 | Parana: 24-Sep-26, 05:25 AM to 07:50 AM"
geoname:5119251,Greece,New York,United States,America/New_York,5119251,Parsva Ekadashi,Normal Ekadashi,NORMAL,2026-09-22,,2026-09-23,06:59 AM,09:24 AM,PRATAH,DWADASHI,06:30 PM,2026-09-22,COMPLETE,2026-09-22,UPAVASA_DAY_1,Parsva Ekadashi,"Upavaasa: 22-Sep-26 | Parana: 23-Sep-26, 06:59 AM to 09:24 AM",Normal Ekadashi. **Observe Upavaasa today.** Ekadashi began before Arunodaya.,"Parsva Ekadashi. Normal Ekadashi. Observe Upavaasa today. Ekadashi began before Arunodaya. Upavaasa: 22-Sep-26 | Parana: 23-Sep-26, 06:59 AM to 09:24 AM"
geoname:1270603,Guruvayur,Kerala,India,Asia/Kolkata,1270603,Parsva Ekadashi,Shravanopavasa,SHRAVANOPAVASA,2026-09-22,2026-09-23,2026-09-24,06:15 AM,08:40 AM,POST_DWADASHI_FAST_DWADASHI_OVER_BEFORE_SUNRISE,POST_DWADASHI_UPAVASA,04:00 AM,2026-09-22,COMPLETE,2026-09-22,UPAVASA_DAY_1,Parsva Ekadashi,"Upavaasa: 22-Sep-26 and 23-Sep-26 | Parana: 24-Sep-26, 06:15 AM to 08:40 AM",A valid Ekadashi sunrise is followed by Dwadashi with Shravana Nakshatra at sunrise. **Observe Upavaasa today and continue tomorrow.**,"Parsva Ekadashi. A valid Ekadashi sunrise is followed by Dwadashi with Shravana Nakshatra at sunrise. Observe Upavaasa today and continue tomorrow. Upavaasa: 22-Sep-26 and 23-Sep-26 | Parana: 24-Sep-26, 06:15 AM to 08:40 AM"
geoname:1271476,Guwahati,Assam,India,Asia/Kolkata,1271476,Parsva Ekadashi,Shravanopavasa,SHRAVANOPAVASA,2026-09-22,2026-09-23,2026-09-24,05:12 AM,07:37 AM,POST_DWADASHI_FAST_DWADASHI_OVER_BEFORE_SUNRISE,POST_DWADASHI_UPAVASA,04:00 AM,2026-09-22,COMPLETE,2026-09-22,UPAVASA_DAY_1,Parsva Ekadashi,"Upavaasa: 22-Sep-26 and 23-Sep-26 | Parana: 24-Sep-26, 05:12 AM to 07:37 AM",A valid Ekadashi sunrise is followed by Dwadashi with Shravana Nakshatra at sunrise. **Observe Upavaasa today and continue tomorrow.**,"Parsva Ekadashi. A valid Ekadashi sunrise is followed by Dwadashi with Shravana Nakshatra at sunrise. Observe Upavaasa today and continue tomorrow. Upavaasa: 22-Sep-26 and 23-Sep-26 | Parana: 24-Sep-26, 05:12 AM to 07:37 AM"
geoname:4699066,Houston,Texas,United States,America/Chicago,4699066,Parsva Ekadashi,Normal Ekadashi,NORMAL,2026-09-22,,2026-09-23,07:11 AM,09:36 AM,PRATAH,DWADASHI,05:30 PM,2026-09-22,COMPLETE,2026-09-22,UPAVASA_DAY_1,Parsva Ekadashi,"Upavaasa: 22-Sep-26 | Parana: 23-Sep-26, 07:11 AM to 09:36 AM",Normal Ekadashi. **Observe Upavaasa today.** Ekadashi began before Arunodaya.,"Parsva Ekadashi. Normal Ekadashi. Observe Upavaasa today. Ekadashi began before Arunodaya. Upavaasa: 22-Sep-26 | Parana: 23-Sep-26, 07:11 AM to 09:36 AM"
geoname:1269920,Hubli,Karnataka,India,Asia/Kolkata,1269920,Parsva Ekadashi,Shravanopavasa,SHRAVANOPAVASA,2026-09-22,2026-09-23,2026-09-24,06:19 AM,08:44 AM,POST_DWADASHI_FAST_DWADASHI_OVER_BEFORE_SUNRISE,POST_DWADASHI_UPAVASA,04:00 AM,2026-09-22,COMPLETE,2026-09-22,UPAVASA_DAY_1,Parsva Ekadashi,"Upavaasa: 22-Sep-26 and 23-Sep-26 | Parana: 24-Sep-26, 06:19 AM to 08:44 AM",A valid Ekadashi sunrise is followed by Dwadashi with Shravana Nakshatra at sunrise. **Observe Upavaasa today and continue tomorrow.**,"Parsva Ekadashi. A valid Ekadashi sunrise is followed by Dwadashi with Shravana Nakshatra at sunrise. Observe Upavaasa today and continue tomorrow. Upavaasa: 22-Sep-26 and 23-Sep-26 | Parana: 24-Sep-26, 06:19 AM to 08:44 AM"
geoname:1269843,Hyderabad,Telangana,India,Asia/Kolkata,1269843,Parsva Ekadashi,Shravanopavasa,SHRAVANOPAVASA,2026-09-22,2026-09-23,2026-09-24,06:05 AM,08:30 AM,POST_DWADASHI_FAST_DWADASHI_OVER_BEFORE_SUNRISE,POST_DWADASHI_UPAVASA,04:00 AM,2026-09-22,COMPLETE,2026-09-22,UPAVASA_DAY_1,Parsva Ekadashi,"Upavaasa: 22-Sep-26 and 23-Sep-26 | Parana: 24-Sep-26, 06:05 AM to 08:30 AM",A valid Ekadashi sunrise is followed by Dwadashi with Shravana Nakshatra at sunrise. **Observe Upavaasa today and continue tomorrow.**,"Parsva Ekadashi. A valid Ekadashi sunrise is followed by Dwadashi with Shravana Nakshatra at sunrise. Observe Upavaasa today and continue tomorrow. Upavaasa: 22-Sep-26 and 23-Sep-26 | Parana: 24-Sep-26, 06:05 AM to 08:30 AM"
geoname:1269771,Imphal,Manipur,India,Asia/Kolkata,1269771,Parsva Ekadashi,Shravanopavasa,SHRAVANOPAVASA,2026-09-22,2026-09-23,2026-09-24,05:03 AM,07:28 AM,POST_DWADASHI_FAST_DWADASHI_OVER_BEFORE_SUNRISE,POST_DWADASHI_UPAVASA,04:00 AM,2026-09-22,COMPLETE,2026-09-22,UPAVASA_DAY_1,Parsva Ekadashi,"Upavaasa: 22-Sep-26 and 23-Sep-26 | Parana: 24-Sep-26, 05:03 AM to 07:28 AM",A valid Ekadashi sunrise is followed by Dwadashi with Shravana Nakshatra at sunrise. **Observe Upavaasa today and continue tomorrow.**,"Parsva Ekadashi. A valid Ekadashi sunrise is followed by Dwadashi with Shravana Nakshatra at sunrise. Observe Upavaasa today and continue tomorrow. Upavaasa: 22-Sep-26 and 23-Sep-26 | Parana: 24-Sep-26, 05:03 AM to 07:28 AM"
geoname:1269655,Itanagar,Arunachal Pradesh,India,Asia/Kolkata,1269655,Parsva Ekadashi,Shravanopavasa,SHRAVANOPAVASA,2026-09-22,2026-09-23,2026-09-24,05:05 AM,07:30 AM,POST_DWADASHI_FAST_DWADASHI_OVER_BEFORE_SUNRISE,POST_DWADASHI_UPAVASA,04:00 AM,2026-09-22,COMPLETE,2026-09-22,UPAVASA_DAY_1,Parsva Ekadashi,"Upavaasa: 22-Sep-26 and 23-Sep-26 | Parana: 24-Sep-26, 05:05 AM to 07:30 AM",A valid Ekadashi sunrise is followed by Dwadashi with Shravana Nakshatra at sunrise. **Observe Upavaasa today and continue tomorrow.**,"Parsva Ekadashi. A valid Ekadashi sunrise is followed by Dwadashi with Shravana Nakshatra at sunrise. Observe Upavaasa today and continue tomorrow. Upavaasa: 22-Sep-26 and 23-Sep-26 | Parana: 24-Sep-26, 05:05 AM to 07:30 AM"
geoname:1268159,Kanchipuram,Tamil Nadu,India,Asia/Kolkata,1268159,Parsva Ekadashi,Shravanopavasa,SHRAVANOPAVASA,2026-09-22,2026-09-23,2026-09-24,06:00 AM,08:25 AM,POST_DWADASHI_FAST_DWADASHI_OVER_BEFORE_SUNRISE,POST_DWADASHI_UPAVASA,04:00 AM,2026-09-22,COMPLETE,2026-09-22,UPAVASA_DAY_1,Parsva Ekadashi,"Upavaasa: 22-Sep-26 and 23-Sep-26 | Parana: 24-Sep-26, 06:00 AM to 08:25 AM",A valid Ekadashi sunrise is followed by Dwadashi with Shravana Nakshatra at sunrise. **Observe Upavaasa today and continue tomorrow.**,"Parsva Ekadashi. A valid Ekadashi sunrise is followed by Dwadashi with Shravana Nakshatra at sunrise. Observe Upavaasa today and continue tomorrow. Upavaasa: 22-Sep-26 and 23-Sep-26 | Parana: 24-Sep-26, 06:00 AM to 08:25 AM"
geoname:4634946,Knoxville,Tennessee,United States,America/New_York,4634946,Parsva Ekadashi,Normal Ekadashi,NORMAL,2026-09-22,,2026-09-23,07:25 AM,09:50 AM,PRATAH,DWADASHI,06:30 PM,2026-09-22,COMPLETE,2026-09-22,UPAVASA_DAY_1,Parsva Ekadashi,"Upavaasa: 22-Sep-26 | Parana: 23-Sep-26, 07:25 AM to 09:50 AM",Normal Ekadashi. **Observe Upavaasa today.** Ekadashi began before Arunodaya.,"Parsva Ekadashi. Normal Ekadashi. Observe Upavaasa today. Ekadashi began before Arunodaya. Upavaasa: 22-Sep-26 | Parana: 23-Sep-26, 07:25 AM to 09:50 AM"
geoname:1266285,Kolhapur,Maharashtra,India,Asia/Kolkata,1266285,Parsva Ekadashi,Shravanopavasa,SHRAVANOPAVASA,2026-09-22,2026-09-23,2026-09-24,06:22 AM,08:47 AM,POST_DWADASHI_FAST_DWADASHI_OVER_BEFORE_SUNRISE,POST_DWADASHI_UPAVASA,04:00 AM,2026-09-22,COMPLETE,2026-09-22,UPAVASA_DAY_1,Parsva Ekadashi,"Upavaasa: 22-Sep-26 and 23-Sep-26 | Parana: 24-Sep-26, 06:22 AM to 08:47 AM",A valid Ekadashi sunrise is followed by Dwadashi with Shravana Nakshatra at sunrise. **Observe Upavaasa today and continue tomorrow.**,"Parsva Ekadashi. A valid Ekadashi sunrise is followed by Dwadashi with Shravana Nakshatra at sunrise. Observe Upavaasa today and continue tomorrow. Upavaasa: 22-Sep-26 and 23-Sep-26 | Parana: 24-Sep-26, 06:22 AM to 08:47 AM"
geoname:1275004,Kolkata,West Bengal,India,Asia/Kolkata,1275004,Parsva Ekadashi,Shravanopavasa,SHRAVANOPAVASA,2026-09-22,2026-09-23,2026-09-24,05:26 AM,07:51 AM,POST_DWADASHI_FAST_DWADASHI_OVER_BEFORE_SUNRISE,POST_DWADASHI_UPAVASA,04:00 AM,2026-09-22,COMPLETE,2026-09-22,UPAVASA_DAY_1,Parsva Ekadashi,"Upavaasa: 22-Sep-26 and 23-Sep-26 | Parana: 24-Sep-26, 05:26 AM to 07:51 AM",A valid Ekadashi sunrise is followed by Dwadashi with Shravana Nakshatra at sunrise. **Observe Upavaasa today and continue tomorrow.**,"Parsva Ekadashi. A valid Ekadashi sunrise is followed by Dwadashi with Shravana Nakshatra at sunrise. Observe Upavaasa today and continue tomorrow. Upavaasa: 22-Sep-26 and 23-Sep-26 | Parana: 24-Sep-26, 05:26 AM to 07:51 AM"
geoname:1265683,Kumbakonam,Tamil Nadu,India,Asia/Kolkata,1265683,Parsva Ekadashi,Shravanopavasa,SHRAVANOPAVASA,2026-09-22,2026-09-23,2026-09-24,06:01 AM,08:26 AM,POST_DWADASHI_FAST_DWADASHI_OVER_BEFORE_SUNRISE,POST_DWADASHI_UPAVASA,04:00 AM,2026-09-22,COMPLETE,2026-09-22,UPAVASA_DAY_1,Parsva Ekadashi,"Upavaasa: 22-Sep-26 and 23-Sep-26 | Parana: 24-Sep-26, 06:01 AM to 08:26 AM",A valid Ekadashi sunrise is followed by Dwadashi with Shravana Nakshatra at sunrise. **Observe Upavaasa today and continue tomorrow.**,"Parsva Ekadashi. A valid Ekadashi sunrise is followed by Dwadashi with Shravana Nakshatra at sunrise. Observe Upavaasa today and continue tomorrow. Upavaasa: 22-Sep-26 and 23-Sep-26 | Parana: 24-Sep-26, 06:01 AM to 08:26 AM"
geoname:285787,Kuwait,Al Asimah,Kuwait,Asia/Kuwait,285787,Parsva Ekadashi,Shravanopavasa,SHRAVANOPAVASA,2026-09-22,2026-09-23,2026-09-24,05:37 AM,08:02 AM,POST_DWADASHI_FAST_DWADASHI_OVER_BEFORE_SUNRISE,POST_DWADASHI_UPAVASA,01:30 AM,2026-09-22,COMPLETE,2026-09-22,UPAVASA_DAY_1,Parsva Ekadashi,"Upavaasa: 22-Sep-26 and 23-Sep-26 | Parana: 24-Sep-26, 05:37 AM to 08:02 AM",A valid Ekadashi sunrise is followed by Dwadashi with Shravana Nakshatra at sunrise. **Observe Upavaasa today and continue tomorrow.**,"Parsva Ekadashi. A valid Ekadashi sunrise is followed by Dwadashi with Shravana Nakshatra at sunrise. Observe Upavaasa today and continue tomorrow. Upavaasa: 22-Sep-26 and 23-Sep-26 | Parana: 24-Sep-26, 05:37 AM to 08:02 AM"
geoname:4922462,Lafayette,Indiana,United States,America/Indiana/Indianapolis,4922462,Parsva Ekadashi,Normal Ekadashi,NORMAL,2026-09-22,,2026-09-23,07:36 AM,10:01 AM,PRATAH,DWADASHI,06:30 PM,2026-09-22,COMPLETE,2026-09-22,UPAVASA_DAY_1,Parsva Ekadashi,"Upavaasa: 22-Sep-26 | Parana: 23-Sep-26, 07:36 AM to 10:01 AM",Normal Ekadashi. **Observe Upavaasa today.** Ekadashi began before Arunodaya.,"Parsva Ekadashi. Normal Ekadashi. Observe Upavaasa today. Ekadashi began before Arunodaya. Upavaasa: 22-Sep-26 | Parana: 23-Sep-26, 07:36 AM to 10:01 AM"
geoname:2643743,London,London,United Kingdom,Europe/London,2643743,Parsva Ekadashi,Normal Ekadashi,NORMAL,2026-09-22,,2026-09-23,06:48 AM,09:14 AM,PRATAH,DWADASHI,11:30 PM,2026-09-22,COMPLETE,2026-09-22,UPAVASA_DAY_1,Parsva Ekadashi,"Upavaasa: 22-Sep-26 | Parana: 23-Sep-26, 06:48 AM to 09:14 AM",Normal Ekadashi. **Observe Upavaasa today.** Ekadashi began before Arunodaya.,"Parsva Ekadashi. Normal Ekadashi. Observe Upavaasa today. Ekadashi began before Arunodaya. Upavaasa: 22-Sep-26 | Parana: 23-Sep-26, 06:48 AM to 09:14 AM"
geoname:5368361,Los Angeles,California,United States,America/Los_Angeles,5368361,Parsva Ekadashi,Normal Ekadashi,NORMAL,2026-09-22,,2026-09-23,06:42 AM,09:07 AM,PRATAH,DWADASHI,03:30 PM,2026-09-22,COMPLETE,2026-09-22,UPAVASA_DAY_1,Parsva Ekadashi,"Upavaasa: 22-Sep-26 | Parana: 23-Sep-26, 06:42 AM to 09:07 AM",Normal Ekadashi. **Observe Upavaasa today.** Ekadashi began before Arunodaya.,"Parsva Ekadashi. Normal Ekadashi. Observe Upavaasa today. Ekadashi began before Arunodaya. Upavaasa: 22-Sep-26 | Parana: 23-Sep-26, 06:42 AM to 09:07 AM"
geoname:1264733,Lucknow,Uttar Pradesh,India,Asia/Kolkata,1264733,Parsva Ekadashi,Shravanopavasa,SHRAVANOPAVASA,2026-09-22,2026-09-23,2026-09-24,05:55 AM,08:20 AM,POST_DWADASHI_FAST_DWADASHI_OVER_BEFORE_SUNRISE,POST_DWADASHI_UPAVASA,04:00 AM,2026-09-22,COMPLETE,2026-09-22,UPAVASA_DAY_1,Parsva Ekadashi,"Upavaasa: 22-Sep-26 and 23-Sep-26 | Parana: 24-Sep-26, 05:55 AM to 08:20 AM",A valid Ekadashi sunrise is followed by Dwadashi with Shravana Nakshatra at sunrise. **Observe Upavaasa today and continue tomorrow.**,"Parsva Ekadashi. A valid Ekadashi sunrise is followed by Dwadashi with Shravana Nakshatra at sunrise. Observe Upavaasa today and continue tomorrow. Upavaasa: 22-Sep-26 and 23-Sep-26 | Parana: 24-Sep-26, 05:55 AM to 08:20 AM"
geoname:1264521,Madurai,Tamil Nadu,India,Asia/Kolkata,1264521,Parsva Ekadashi,Shravanopavasa,SHRAVANOPAVASA,2026-09-22,2026-09-23,2026-09-24,06:07 AM,08:32 AM,POST_DWADASHI_FAST_DWADASHI_OVER_BEFORE_SUNRISE,POST_DWADASHI_UPAVASA,04:00 AM,2026-09-22,COMPLETE,2026-09-22,UPAVASA_DAY_1,Parsva Ekadashi,"Upavaasa: 22-Sep-26 and 23-Sep-26 | Parana: 24-Sep-26, 06:07 AM to 08:32 AM",A valid Ekadashi sunrise is followed by Dwadashi with Shravana Nakshatra at sunrise. **Observe Upavaasa today and continue tomorrow.**,"Parsva Ekadashi. A valid Ekadashi sunrise is followed by Dwadashi with Shravana Nakshatra at sunrise. Observe Upavaasa today and continue tomorrow. Upavaasa: 22-Sep-26 and 23-Sep-26 | Parana: 24-Sep-26, 06:07 AM to 08:32 AM"
geoname:1263780,Mangalore,Karnataka,India,Asia/Kolkata,1263780,Parsva Ekadashi,Shravanopavasa,SHRAVANOPAVASA,2026-09-22,2026-09-23,2026-09-24,06:20 AM,08:45 AM,POST_DWADASHI_FAST_DWADASHI_OVER_BEFORE_SUNRISE,POST_DWADASHI_UPAVASA,04:00 AM,2026-09-22,COMPLETE,2026-09-22,UPAVASA_DAY_1,Parsva Ekadashi,"Upavaasa: 22-Sep-26 and 23-Sep-26 | Parana: 24-Sep-26, 06:20 AM to 08:45 AM",A valid Ekadashi sunrise is followed by Dwadashi with Shravana Nakshatra at sunrise. **Observe Upavaasa today and continue tomorrow.**,"Parsva Ekadashi. A valid Ekadashi sunrise is followed by Dwadashi with Shravana Nakshatra at sunrise. Observe Upavaasa today and continue tomorrow. Upavaasa: 22-Sep-26 and 23-Sep-26 | Parana: 24-Sep-26, 06:20 AM to 08:45 AM"
geoname:2158177,Melbourne,Victoria,Australia,Australia/Melbourne,2158177,Parsva Ekadashi,Shravanopavasa,SHRAVANOPAVASA,2026-09-22,2026-09-23,2026-09-24,06:07 AM,08:33 AM,POST_DWADASHI_FAST_DWADASHI_OVER_BEFORE_SUNRISE,POST_DWADASHI_UPAVASA,08:30 AM,2026-09-22,COMPLETE,2026-09-22,UPAVASA_DAY_1,Parsva Ekadashi,"Upavaasa: 22-Sep-26 and 23-Sep-26 | Parana: 24-Sep-26, 06:07 AM to 08:33 AM",A valid Ekadashi sunrise is followed by Dwadashi with Shravana Nakshatra at sunrise. **Observe Upavaasa today and continue tomorrow.**,"Parsva Ekadashi. A valid Ekadashi sunrise is followed by Dwadashi with Shravana Nakshatra at sunrise. Observe Upavaasa today and continue tomorrow. Upavaasa: 22-Sep-26 and 23-Sep-26 | Parana: 24-Sep-26, 06:07 AM to 08:33 AM"
geoname:1275339,Mumbai,Maharashtra,India,Asia/Kolkata,1275339,Parsva Ekadashi,Shravanopavasa,SHRAVANOPAVASA,2026-09-22,2026-09-23,2026-09-24,06:28 AM,08:53 AM,POST_DWADASHI_FAST_DWADASHI_OVER_BEFORE_SUNRISE,POST_DWADASHI_UPAVASA,04:00 AM,2026-09-22,COMPLETE,2026-09-22,UPAVASA_DAY_1,Parsva Ekadashi,"Upavaasa: 22-Sep-26 and 23-Sep-26 | Parana: 24-Sep-26, 06:28 AM to 08:53 AM",A valid Ekadashi sunrise is followed by Dwadashi with Shravana Nakshatra at sunrise. **Observe Upavaasa today and continue tomorrow.**,"Parsva Ekadashi. A valid Ekadashi sunrise is followed by Dwadashi with Shravana Nakshatra at sunrise. Observe Upavaasa today and continue tomorrow. Upavaasa: 22-Sep-26 and 23-Sep-26 | Parana: 24-Sep-26, 06:28 AM to 08:53 AM"
geoname:1262321,Mysuru,Karnataka,India,Asia/Kolkata,1262321,Parsva Ekadashi,Shravanopavasa,SHRAVANOPAVASA,2026-09-22,2026-09-23,2026-09-24,06:13 AM,08:38 AM,POST_DWADASHI_FAST_DWADASHI_OVER_BEFORE_SUNRISE,POST_DWADASHI_UPAVASA,04:00 AM,2026-09-22,COMPLETE,2026-09-22,UPAVASA_DAY_1,Parsva Ekadashi,"Upavaasa: 22-Sep-26 and 23-Sep-26 | Parana: 24-Sep-26, 06:13 AM to 08:38 AM",A valid Ekadashi sunrise is followed by Dwadashi with Shravana Nakshatra at sunrise. **Observe Upavaasa today and continue tomorrow.**,"Parsva Ekadashi. A valid Ekadashi sunrise is followed by Dwadashi with Shravana Nakshatra at sunrise. Observe Upavaasa today and continue tomorrow. Upavaasa: 22-Sep-26 and 23-Sep-26 | Parana: 24-Sep-26, 06:13 AM to 08:38 AM"
geoname:1262180,Nagpur,Maharashtra,India,Asia/Kolkata,1262180,Parsva Ekadashi,Shravanopavasa,SHRAVANOPAVASA,2026-09-22,2026-09-23,2026-09-24,06:03 AM,08:28 AM,POST_DWADASHI_FAST_DWADASHI_OVER_BEFORE_SUNRISE,POST_DWADASHI_UPAVASA,04:00 AM,2026-09-22,COMPLETE,2026-09-22,UPAVASA_DAY_1,Parsva Ekadashi,"Upavaasa: 22-Sep-26 and 23-Sep-26 | Parana: 24-Sep-26, 06:03 AM to 08:28 AM",A valid Ekadashi sunrise is followed by Dwadashi with Shravana Nakshatra at sunrise. **Observe Upavaasa today and continue tomorrow.**,"Parsva Ekadashi. A valid Ekadashi sunrise is followed by Dwadashi with Shravana Nakshatra at sunrise. Observe Upavaasa today and continue tomorrow. Upavaasa: 22-Sep-26 and 23-Sep-26 | Parana: 24-Sep-26, 06:03 AM to 08:28 AM"
geoname:4644585,Nashville,Tennessee,United States,America/Chicago,4644585,Parsva Ekadashi,Normal Ekadashi,NORMAL,2026-09-22,,2026-09-23,06:36 AM,09:01 AM,PRATAH,DWADASHI,05:30 PM,2026-09-22,COMPLETE,2026-09-22,UPAVASA_DAY_1,Parsva Ekadashi,"Upavaasa: 22-Sep-26 | Parana: 23-Sep-26, 06:36 AM to 09:01 AM",Normal Ekadashi. **Observe Upavaasa today.** Ekadashi began before Arunodaya.,"Parsva Ekadashi. Normal Ekadashi. Observe Upavaasa today. Ekadashi began before Arunodaya. Upavaasa: 22-Sep-26 | Parana: 23-Sep-26, 06:36 AM to 09:01 AM"
geoname:5099836,New Jersey,New Jersey,United States,America/New_York,5099836,Parsva Ekadashi,Normal Ekadashi,NORMAL,2026-09-22,,2026-09-23,06:45 AM,09:10 AM,PRATAH,DWADASHI,06:30 PM,2026-09-22,COMPLETE,2026-09-22,UPAVASA_DAY_1,Parsva Ekadashi,"Upavaasa: 22-Sep-26 | Parana: 23-Sep-26, 06:45 AM to 09:10 AM",Normal Ekadashi. **Observe Upavaasa today.** Ekadashi began before Arunodaya.,"Parsva Ekadashi. Normal Ekadashi. Observe Upavaasa today. Ekadashi began before Arunodaya. Upavaasa: 22-Sep-26 | Parana: 23-Sep-26, 06:45 AM to 09:10 AM"
geoname:5128581,New York,New York,United States,America/New_York,5128581,Parsva Ekadashi,Normal Ekadashi,NORMAL,2026-09-22,,2026-09-23,06:45 AM,09:10 AM,PRATAH,DWADASHI,06:30 PM,2026-09-22,COMPLETE,2026-09-22,UPAVASA_DAY_1,Parsva Ekadashi,"Upavaasa: 22-Sep-26 | Parana: 23-Sep-26, 06:45 AM to 09:10 AM",Normal Ekadashi. **Observe Upavaasa today.** Ekadashi began before Arunodaya.,"Parsva Ekadashi. Normal Ekadashi. Observe Upavaasa today. Ekadashi began before Arunodaya. Upavaasa: 22-Sep-26 | Parana: 23-Sep-26, 06:45 AM to 09:10 AM"
geoname:4167147,Orlando,Florida,United States,America/New_York,4167147,Parsva Ekadashi,Normal Ekadashi,NORMAL,2026-09-22,,2026-09-23,07:15 AM,09:40 AM,PRATAH,DWADASHI,06:30 PM,2026-09-22,COMPLETE,2026-09-22,UPAVASA_DAY_1,Parsva Ekadashi,"Upavaasa: 22-Sep-26 | Parana: 23-Sep-26, 07:15 AM to 09:40 AM",Normal Ekadashi. **Observe Upavaasa today.** Ekadashi began before Arunodaya.,"Parsva Ekadashi. Normal Ekadashi. Observe Upavaasa today. Ekadashi began before Arunodaya. Upavaasa: 22-Sep-26 | Parana: 23-Sep-26, 07:15 AM to 09:40 AM"
geoname:1260546,Pandharpur,Maharashtra,India,Asia/Kolkata,1260546,Parsva Ekadashi,Shravanopavasa,SHRAVANOPAVASA,2026-09-22,2026-09-23,2026-09-24,06:18 AM,08:43 AM,POST_DWADASHI_FAST_DWADASHI_OVER_BEFORE_SUNRISE,POST_DWADASHI_UPAVASA,04:00 AM,2026-09-22,COMPLETE,2026-09-22,UPAVASA_DAY_1,Parsva Ekadashi,"Upavaasa: 22-Sep-26 and 23-Sep-26 | Parana: 24-Sep-26, 06:18 AM to 08:43 AM",A valid Ekadashi sunrise is followed by Dwadashi with Shravana Nakshatra at sunrise. **Observe Upavaasa today and continue tomorrow.**,"Parsva Ekadashi. A valid Ekadashi sunrise is followed by Dwadashi with Shravana Nakshatra at sunrise. Observe Upavaasa today and continue tomorrow. Upavaasa: 22-Sep-26 and 23-Sep-26 | Parana: 24-Sep-26, 06:18 AM to 08:43 AM"
geoname:2063523,Perth,Western Australia,Australia,Australia/Perth,2063523,Parsva Ekadashi,Shravanopavasa,SHRAVANOPAVASA,2026-09-22,2026-09-23,2026-09-24,06:04 AM,08:30 AM,POST_DWADASHI_FAST_DWADASHI_OVER_BEFORE_SUNRISE,POST_DWADASHI_UPAVASA,06:30 AM,2026-09-22,COMPLETE,2026-09-22,UPAVASA_DAY_1,Parsva Ekadashi,"Upavaasa: 22-Sep-26 and 23-Sep-26 | Parana: 24-Sep-26, 06:04 AM to 08:30 AM",A valid Ekadashi sunrise is followed by Dwadashi with Shravana Nakshatra at sunrise. **Observe Upavaasa today and continue tomorrow.**,"Parsva Ekadashi. A valid Ekadashi sunrise is followed by Dwadashi with Shravana Nakshatra at sunrise. Observe Upavaasa today and continue tomorrow. Upavaasa: 22-Sep-26 and 23-Sep-26 | Parana: 24-Sep-26, 06:04 AM to 08:30 AM"
geoname:4560349,Philadelphia,Pennsylvania,United States,America/New_York,4560349,Parsva Ekadashi,Normal Ekadashi,NORMAL,2026-09-22,,2026-09-23,06:49 AM,09:14 AM,PRATAH,DWADASHI,06:30 PM,2026-09-22,COMPLETE,2026-09-22,UPAVASA_DAY_1,Parsva Ekadashi,"Upavaasa: 22-Sep-26 | Parana: 23-Sep-26, 06:49 AM to 09:14 AM",Normal Ekadashi. **Observe Upavaasa today.** Ekadashi began before Arunodaya.,"Parsva Ekadashi. Normal Ekadashi. Observe Upavaasa today. Ekadashi began before Arunodaya. Upavaasa: 22-Sep-26 | Parana: 23-Sep-26, 06:49 AM to 09:14 AM"
geoname:5308655,Phoenix,Arizona,United States,America/Phoenix,5308655,Parsva Ekadashi,Normal Ekadashi,NORMAL,2026-09-22,,2026-09-23,06:17 AM,08:42 AM,PRATAH,DWADASHI,03:30 PM,2026-09-22,COMPLETE,2026-09-22,UPAVASA_DAY_1,Parsva Ekadashi,"Upavaasa: 22-Sep-26 | Parana: 23-Sep-26, 06:17 AM to 08:42 AM",Normal Ekadashi. **Observe Upavaasa today.** Ekadashi began before Arunodaya.,"Parsva Ekadashi. Normal Ekadashi. Observe Upavaasa today. Ekadashi began before Arunodaya. Upavaasa: 22-Sep-26 | Parana: 23-Sep-26, 06:17 AM to 08:42 AM"
geoname:5131614,Pittsford,New York,United States,America/New_York,5131614,Parsva Ekadashi,Normal Ekadashi,NORMAL,2026-09-22,,2026-09-23,06:59 AM,09:24 AM,PRATAH,DWADASHI,06:30 PM,2026-09-22,COMPLETE,2026-09-22,UPAVASA_DAY_1,Parsva Ekadashi,"Upavaasa: 22-Sep-26 | Parana: 23-Sep-26, 06:59 AM to 09:24 AM",Normal Ekadashi. **Observe Upavaasa today.** Ekadashi began before Arunodaya.,"Parsva Ekadashi. Normal Ekadashi. Observe Upavaasa today. Ekadashi began before Arunodaya. Upavaasa: 22-Sep-26 | Parana: 23-Sep-26, 06:59 AM to 09:24 AM"
geoname:5383527,Placentia,California,United States,America/Los_Angeles,5383527,Parsva Ekadashi,Normal Ekadashi,NORMAL,2026-09-22,,2026-09-23,06:41 AM,09:06 AM,PRATAH,DWADASHI,03:30 PM,2026-09-22,COMPLETE,2026-09-22,UPAVASA_DAY_1,Parsva Ekadashi,"Upavaasa: 22-Sep-26 | Parana: 23-Sep-26, 06:41 AM to 09:06 AM",Normal Ekadashi. **Observe Upavaasa today.** Ekadashi began before Arunodaya.,"Parsva Ekadashi. Normal Ekadashi. Observe Upavaasa today. Ekadashi began before Arunodaya. Upavaasa: 22-Sep-26 | Parana: 23-Sep-26, 06:41 AM to 09:06 AM"
geoname:1278994,Prayagraj,Uttar Pradesh,India,Asia/Kolkata,1278994,Parsva Ekadashi,Shravanopavasa,SHRAVANOPAVASA,2026-09-22,2026-09-23,2026-09-24,05:52 AM,08:17 AM,POST_DWADASHI_FAST_DWADASHI_OVER_BEFORE_SUNRISE,POST_DWADASHI_UPAVASA,04:00 AM,2026-09-22,COMPLETE,2026-09-22,UPAVASA_DAY_1,Parsva Ekadashi,"Upavaasa: 22-Sep-26 and 23-Sep-26 | Parana: 24-Sep-26, 05:52 AM to 08:17 AM",A valid Ekadashi sunrise is followed by Dwadashi with Shravana Nakshatra at sunrise. **Observe Upavaasa today and continue tomorrow.**,"Parsva Ekadashi. A valid Ekadashi sunrise is followed by Dwadashi with Shravana Nakshatra at sunrise. Observe Upavaasa today and continue tomorrow. Upavaasa: 22-Sep-26 and 23-Sep-26 | Parana: 24-Sep-26, 05:52 AM to 08:17 AM"
geoname:1259229,Pune,Maharashtra,India,Asia/Kolkata,1259229,Parsva Ekadashi,Shravanopavasa,SHRAVANOPAVASA,2026-09-22,2026-09-23,2026-09-24,06:24 AM,08:49 AM,POST_DWADASHI_FAST_DWADASHI_OVER_BEFORE_SUNRISE,POST_DWADASHI_UPAVASA,04:00 AM,2026-09-22,COMPLETE,2026-09-22,UPAVASA_DAY_1,Parsva Ekadashi,"Upavaasa: 22-Sep-26 and 23-Sep-26 | Parana: 24-Sep-26, 06:24 AM to 08:49 AM",A valid Ekadashi sunrise is followed by Dwadashi with Shravana Nakshatra at sunrise. **Observe Upavaasa today and continue tomorrow.**,"Parsva Ekadashi. A valid Ekadashi sunrise is followed by Dwadashi with Shravana Nakshatra at sunrise. Observe Upavaasa today and continue tomorrow. Upavaasa: 22-Sep-26 and 23-Sep-26 | Parana: 24-Sep-26, 06:24 AM to 08:49 AM"
geoname:4487042,Raleigh,North Carolina,United States,America/New_York,4487042,Parsva Ekadashi,Normal Ekadashi,NORMAL,2026-09-22,,2026-09-23,07:03 AM,09:28 AM,PRATAH,DWADASHI,06:30 PM,2026-09-22,COMPLETE,2026-09-22,UPAVASA_DAY_1,Parsva Ekadashi,"Upavaasa: 22-Sep-26 | Parana: 23-Sep-26, 07:03 AM to 09:28 AM",Normal Ekadashi. **Observe Upavaasa today.** Ekadashi began before Arunodaya.,"Parsva Ekadashi. Normal Ekadashi. Observe Upavaasa today. Ekadashi began before Arunodaya. Upavaasa: 22-Sep-26 | Parana: 23-Sep-26, 07:03 AM to 09:28 AM"
geoname:4781708,Richmond,Virginia,United States,America/New_York,4781708,Parsva Ekadashi,Normal Ekadashi,NORMAL,2026-09-22,,2026-09-23,06:59 AM,09:24 AM,PRATAH,DWADASHI,06:30 PM,2026-09-22,COMPLETE,2026-09-22,UPAVASA_DAY_1,Parsva Ekadashi,"Upavaasa: 22-Sep-26 | Parana: 23-Sep-26, 06:59 AM to 09:24 AM",Normal Ekadashi. **Observe Upavaasa today.** Ekadashi began before Arunodaya.,"Parsva Ekadashi. Normal Ekadashi. Observe Upavaasa today. Ekadashi began before Arunodaya. Upavaasa: 22-Sep-26 | Parana: 23-Sep-26, 06:59 AM to 09:24 AM"
geoname:5134086,Rochester,New York,United States,America/New_York,5134086,Parsva Ekadashi,Normal Ekadashi,NORMAL,2026-09-22,,2026-09-23,06:59 AM,09:24 AM,PRATAH,DWADASHI,06:30 PM,2026-09-22,COMPLETE,2026-09-22,UPAVASA_DAY_1,Parsva Ekadashi,"Upavaasa: 22-Sep-26 | Parana: 23-Sep-26, 06:59 AM to 09:24 AM",Normal Ekadashi. **Observe Upavaasa today.** Ekadashi began before Arunodaya.,"Parsva Ekadashi. Normal Ekadashi. Observe Upavaasa today. Ekadashi began before Arunodaya. Upavaasa: 22-Sep-26 | Parana: 23-Sep-26, 06:59 AM to 09:24 AM"
geoname:5391959,San Francisco,California,United States,America/Los_Angeles,5391959,Parsva Ekadashi,Normal Ekadashi,NORMAL,2026-09-22,,2026-09-23,06:59 AM,09:24 AM,PRATAH,DWADASHI,03:30 PM,2026-09-22,COMPLETE,2026-09-22,UPAVASA_DAY_1,Parsva Ekadashi,"Upavaasa: 22-Sep-26 | Parana: 23-Sep-26, 06:59 AM to 09:24 AM",Normal Ekadashi. **Observe Upavaasa today.** Ekadashi began before Arunodaya.,"Parsva Ekadashi. Normal Ekadashi. Observe Upavaasa today. Ekadashi began before Arunodaya. Upavaasa: 22-Sep-26 | Parana: 23-Sep-26, 06:59 AM to 09:24 AM"
geoname:5809844,Seattle,Washington,United States,America/Los_Angeles,5809844,Parsva Ekadashi,Normal Ekadashi,NORMAL,2026-09-22,,2026-09-23,06:58 AM,09:23 AM,PRATAH,DWADASHI,03:30 PM,2026-09-22,COMPLETE,2026-09-22,UPAVASA_DAY_1,Parsva Ekadashi,"Upavaasa: 22-Sep-26 | Parana: 23-Sep-26, 06:58 AM to 09:23 AM",Normal Ekadashi. **Observe Upavaasa today.** Ekadashi began before Arunodaya.,"Parsva Ekadashi. Normal Ekadashi. Observe Upavaasa today. Ekadashi began before Arunodaya. Upavaasa: 22-Sep-26 | Parana: 23-Sep-26, 06:58 AM to 09:23 AM"
geoname:1835848,Seoul,Seoul,South Korea,Asia/Seoul,1835848,Parsva Ekadashi,Shravanopavasa,SHRAVANOPAVASA,2026-09-22,2026-09-23,2026-09-24,06:21 AM,08:46 AM,POST_DWADASHI_FAST_DWADASHI_OVER_BEFORE_SUNRISE,POST_DWADASHI_UPAVASA,07:30 AM,2026-09-22,COMPLETE,2026-09-22,UPAVASA_DAY_1,Parsva Ekadashi,"Upavaasa: 22-Sep-26 and 23-Sep-26 | Parana: 24-Sep-26, 06:21 AM to 08:46 AM",A valid Ekadashi sunrise is followed by Dwadashi with Shravana Nakshatra at sunrise. **Observe Upavaasa today and continue tomorrow.**,"Parsva Ekadashi. A valid Ekadashi sunrise is followed by Dwadashi with Shravana Nakshatra at sunrise. Observe Upavaasa today and continue tomorrow. Upavaasa: 22-Sep-26 and 23-Sep-26 | Parana: 24-Sep-26, 06:21 AM to 08:46 AM"
geoname:1256525,Shiliguri,West Bengal,India,Asia/Kolkata,1256525,Parsva Ekadashi,Shravanopavasa,SHRAVANOPAVASA,2026-09-22,2026-09-23,2026-09-24,05:25 AM,07:50 AM,POST_DWADASHI_FAST_DWADASHI_OVER_BEFORE_SUNRISE,POST_DWADASHI_UPAVASA,04:00 AM,2026-09-22,COMPLETE,2026-09-22,UPAVASA_DAY_1,Parsva Ekadashi,"Upavaasa: 22-Sep-26 and 23-Sep-26 | Parana: 24-Sep-26, 05:25 AM to 07:50 AM",A valid Ekadashi sunrise is followed by Dwadashi with Shravana Nakshatra at sunrise. **Observe Upavaasa today and continue tomorrow.**,"Parsva Ekadashi. A valid Ekadashi sunrise is followed by Dwadashi with Shravana Nakshatra at sunrise. Observe Upavaasa today and continue tomorrow. Upavaasa: 22-Sep-26 and 23-Sep-26 | Parana: 24-Sep-26, 05:25 AM to 07:50 AM"
geoname:1256287,Silchar,Assam,India,Asia/Kolkata,1256287,Parsva Ekadashi,Shravanopavasa,SHRAVANOPAVASA,2026-09-22,2026-09-23,2026-09-24,05:08 AM,07:33 AM,POST_DWADASHI_FAST_DWADASHI_OVER_BEFORE_SUNRISE,POST_DWADASHI_UPAVASA,04:00 AM,2026-09-22,COMPLETE,2026-09-22,UPAVASA_DAY_1,Parsva Ekadashi,"Upavaasa: 22-Sep-26 and 23-Sep-26 | Parana: 24-Sep-26, 05:08 AM to 07:33 AM",A valid Ekadashi sunrise is followed by Dwadashi with Shravana Nakshatra at sunrise. **Observe Upavaasa today and continue tomorrow.**,"Parsva Ekadashi. A valid Ekadashi sunrise is followed by Dwadashi with Shravana Nakshatra at sunrise. Observe Upavaasa today and continue tomorrow. Upavaasa: 22-Sep-26 and 23-Sep-26 | Parana: 24-Sep-26, 05:08 AM to 07:33 AM"
geoname:1255634,Srinagar,Jammu and Kashmir,India,Asia/Kolkata,1255634,Parsva Ekadashi,Shravanopavasa,SHRAVANOPAVASA,2026-09-22,2026-09-23,2026-09-24,06:20 AM,08:45 AM,POST_DWADASHI_FAST_DWADASHI_OVER_BEFORE_SUNRISE,POST_DWADASHI_UPAVASA,04:00 AM,2026-09-22,COMPLETE,2026-09-22,UPAVASA_DAY_1,Parsva Ekadashi,"Upavaasa: 22-Sep-26 and 23-Sep-26 | Parana: 24-Sep-26, 06:20 AM to 08:45 AM",A valid Ekadashi sunrise is followed by Dwadashi with Shravana Nakshatra at sunrise. **Observe Upavaasa today and continue tomorrow.**,"Parsva Ekadashi. A valid Ekadashi sunrise is followed by Dwadashi with Shravana Nakshatra at sunrise. Observe Upavaasa today and continue tomorrow. Upavaasa: 22-Sep-26 and 23-Sep-26 | Parana: 24-Sep-26, 06:20 AM to 08:45 AM"
geoname:1254388,Srirangam,Tamil Nadu,India,Asia/Kolkata,1254388,Parsva Ekadashi,Shravanopavasa,SHRAVANOPAVASA,2026-09-22,2026-09-23,2026-09-24,06:04 AM,08:29 AM,POST_DWADASHI_FAST_DWADASHI_OVER_BEFORE_SUNRISE,POST_DWADASHI_UPAVASA,04:00 AM,2026-09-22,COMPLETE,2026-09-22,UPAVASA_DAY_1,Parsva Ekadashi,"Upavaasa: 22-Sep-26 and 23-Sep-26 | Parana: 24-Sep-26, 06:04 AM to 08:29 AM",A valid Ekadashi sunrise is followed by Dwadashi with Shravana Nakshatra at sunrise. **Observe Upavaasa today and continue tomorrow.**,"Parsva Ekadashi. A valid Ekadashi sunrise is followed by Dwadashi with Shravana Nakshatra at sunrise. Observe Upavaasa today and continue tomorrow. Upavaasa: 22-Sep-26 and 23-Sep-26 | Parana: 24-Sep-26, 06:04 AM to 08:29 AM"
geoname:5139865,Stonybrook,New York,United States,America/New_York,5139865,Parsva Ekadashi,Normal Ekadashi,NORMAL,2026-09-22,,2026-09-23,06:41 AM,09:06 AM,PRATAH,DWADASHI,06:30 PM,2026-09-22,COMPLETE,2026-09-22,UPAVASA_DAY_1,Parsva Ekadashi,"Upavaasa: 22-Sep-26 | Parana: 23-Sep-26, 06:41 AM to 09:06 AM",Normal Ekadashi. **Observe Upavaasa today.** Ekadashi began before Arunodaya.,"Parsva Ekadashi. Normal Ekadashi. Observe Upavaasa today. Ekadashi began before Arunodaya. Upavaasa: 22-Sep-26 | Parana: 23-Sep-26, 06:41 AM to 09:06 AM"
geoname:1255364,Surat,Gujarat,India,Asia/Kolkata,1255364,Parsva Ekadashi,Shravanopavasa,SHRAVANOPAVASA,2026-09-22,2026-09-23,2026-09-24,06:28 AM,08:53 AM,POST_DWADASHI_FAST_DWADASHI_OVER_BEFORE_SUNRISE,POST_DWADASHI_UPAVASA,04:00 AM,2026-09-22,COMPLETE,2026-09-22,UPAVASA_DAY_1,Parsva Ekadashi,"Upavaasa: 22-Sep-26 and 23-Sep-26 | Parana: 24-Sep-26, 06:28 AM to 08:53 AM",A valid Ekadashi sunrise is followed by Dwadashi with Shravana Nakshatra at sunrise. **Observe Upavaasa today and continue tomorrow.**,"Parsva Ekadashi. A valid Ekadashi sunrise is followed by Dwadashi with Shravana Nakshatra at sunrise. Observe Upavaasa today and continue tomorrow. Upavaasa: 22-Sep-26 and 23-Sep-26 | Parana: 24-Sep-26, 06:28 AM to 08:53 AM"
geoname:2147714,Sydney,New South Wales,Australia,Australia/Sydney,2147714,Parsva Ekadashi,Shravanopavasa,SHRAVANOPAVASA,2026-09-22,2026-09-23,2026-09-24,05:42 AM,08:08 AM,POST_DWADASHI_FAST_DWADASHI_OVER_BEFORE_SUNRISE,POST_DWADASHI_UPAVASA,08:30 AM,2026-09-22,COMPLETE,2026-09-22,UPAVASA_DAY_1,Parsva Ekadashi,"Upavaasa: 22-Sep-26 and 23-Sep-26 | Parana: 24-Sep-26, 05:42 AM to 08:08 AM",A valid Ekadashi sunrise is followed by Dwadashi with Shravana Nakshatra at sunrise. **Observe Upavaasa today and continue tomorrow.**,"Parsva Ekadashi. A valid Ekadashi sunrise is followed by Dwadashi with Shravana Nakshatra at sunrise. Observe Upavaasa today and continue tomorrow. Upavaasa: 22-Sep-26 and 23-Sep-26 | Parana: 24-Sep-26, 05:42 AM to 08:08 AM"
geoname:5140405,Syracuse,New York,United States,America/New_York,5140405,Parsva Ekadashi,Normal Ekadashi,NORMAL,2026-09-22,,2026-09-23,06:53 AM,09:18 AM,PRATAH,DWADASHI,06:30 PM,2026-09-22,COMPLETE,2026-09-22,UPAVASA_DAY_1,Parsva Ekadashi,"Upavaasa: 22-Sep-26 | Parana: 23-Sep-26, 06:53 AM to 09:18 AM",Normal Ekadashi. **Observe Upavaasa today.** Ekadashi began before Arunodaya.,"Parsva Ekadashi. Normal Ekadashi. Observe Upavaasa today. Ekadashi began before Arunodaya. Upavaasa: 22-Sep-26 | Parana: 23-Sep-26, 06:53 AM to 09:18 AM"
geoname:1262321,T Narasipura,Karnataka,India,Asia/Kolkata,1262321,Parsva Ekadashi,Shravanopavasa,SHRAVANOPAVASA,2026-09-22,2026-09-23,2026-09-24,06:13 AM,08:38 AM,POST_DWADASHI_FAST_DWADASHI_OVER_BEFORE_SUNRISE,POST_DWADASHI_UPAVASA,04:00 AM,2026-09-22,COMPLETE,2026-09-22,UPAVASA_DAY_1,Parsva Ekadashi,"Upavaasa: 22-Sep-26 and 23-Sep-26 | Parana: 24-Sep-26, 06:13 AM to 08:38 AM",A valid Ekadashi sunrise is followed by Dwadashi with Shravana Nakshatra at sunrise. **Observe Upavaasa today and continue tomorrow.**,"Parsva Ekadashi. A valid Ekadashi sunrise is followed by Dwadashi with Shravana Nakshatra at sunrise. Observe Upavaasa today and continue tomorrow. Upavaasa: 22-Sep-26 and 23-Sep-26 | Parana: 24-Sep-26, 06:13 AM to 08:38 AM"
geoname:4174757,Tampa,Florida,United States,America/New_York,4174757,Parsva Ekadashi,Normal Ekadashi,NORMAL,2026-09-22,,2026-09-23,07:19 AM,09:44 AM,PRATAH,DWADASHI,06:30 PM,2026-09-22,COMPLETE,2026-09-22,UPAVASA_DAY_1,Parsva Ekadashi,"Upavaasa: 22-Sep-26 | Parana: 23-Sep-26, 07:19 AM to 09:44 AM",Normal Ekadashi. **Observe Upavaasa today.** Ekadashi began before Arunodaya.,"Parsva Ekadashi. Normal Ekadashi. Observe Upavaasa today. Ekadashi began before Arunodaya. Upavaasa: 22-Sep-26 | Parana: 23-Sep-26, 07:19 AM to 09:44 AM"
geoname:1254163,Thiruvananthapuram,Kerala,India,Asia/Kolkata,1254163,Parsva Ekadashi,Shravanopavasa,SHRAVANOPAVASA,2026-09-22,2026-09-23,2026-09-24,06:11 AM,08:36 AM,POST_DWADASHI_FAST_DWADASHI_OVER_BEFORE_SUNRISE,POST_DWADASHI_UPAVASA,04:00 AM,2026-09-22,COMPLETE,2026-09-22,UPAVASA_DAY_1,Parsva Ekadashi,"Upavaasa: 22-Sep-26 and 23-Sep-26 | Parana: 24-Sep-26, 06:11 AM to 08:36 AM",A valid Ekadashi sunrise is followed by Dwadashi with Shravana Nakshatra at sunrise. **Observe Upavaasa today and continue tomorrow.**,"Parsva Ekadashi. A valid Ekadashi sunrise is followed by Dwadashi with Shravana Nakshatra at sunrise. Observe Upavaasa today and continue tomorrow. Upavaasa: 22-Sep-26 and 23-Sep-26 | Parana: 24-Sep-26, 06:11 AM to 08:36 AM"
geoname:1254360,Tirupati,Andhra Pradesh,India,Asia/Kolkata,1254360,Parsva Ekadashi,Shravanopavasa,SHRAVANOPAVASA,2026-09-22,2026-09-23,2026-09-24,06:01 AM,08:26 AM,POST_DWADASHI_FAST_DWADASHI_OVER_BEFORE_SUNRISE,POST_DWADASHI_UPAVASA,04:00 AM,2026-09-22,COMPLETE,2026-09-22,UPAVASA_DAY_1,Parsva Ekadashi,"Upavaasa: 22-Sep-26 and 23-Sep-26 | Parana: 24-Sep-26, 06:01 AM to 08:26 AM",A valid Ekadashi sunrise is followed by Dwadashi with Shravana Nakshatra at sunrise. **Observe Upavaasa today and continue tomorrow.**,"Parsva Ekadashi. A valid Ekadashi sunrise is followed by Dwadashi with Shravana Nakshatra at sunrise. Observe Upavaasa today and continue tomorrow. Upavaasa: 22-Sep-26 and 23-Sep-26 | Parana: 24-Sep-26, 06:01 AM to 08:26 AM"
geoname:1253952,Udupi,Karnataka,India,Asia/Kolkata,1253952,Parsva Ekadashi,Shravanopavasa,SHRAVANOPAVASA,2026-09-22,2026-09-23,2026-09-24,06:20 AM,08:45 AM,POST_DWADASHI_FAST_DWADASHI_OVER_BEFORE_SUNRISE,POST_DWADASHI_UPAVASA,04:00 AM,2026-09-22,COMPLETE,2026-09-22,UPAVASA_DAY_1,Parsva Ekadashi,"Upavaasa: 22-Sep-26 and 23-Sep-26 | Parana: 24-Sep-26, 06:20 AM to 08:45 AM",A valid Ekadashi sunrise is followed by Dwadashi with Shravana Nakshatra at sunrise. **Observe Upavaasa today and continue tomorrow.**,"Parsva Ekadashi. A valid Ekadashi sunrise is followed by Dwadashi with Shravana Nakshatra at sunrise. Observe Upavaasa today and continue tomorrow. Upavaasa: 22-Sep-26 and 23-Sep-26 | Parana: 24-Sep-26, 06:20 AM to 08:45 AM"
geoname:1253573,Vadodara,Gujarat,India,Asia/Kolkata,1253573,Parsva Ekadashi,Shravanopavasa,SHRAVANOPAVASA,2026-09-22,2026-09-23,2026-09-24,06:26 AM,08:51 AM,POST_DWADASHI_FAST_DWADASHI_OVER_BEFORE_SUNRISE,POST_DWADASHI_UPAVASA,04:00 AM,2026-09-22,COMPLETE,2026-09-22,UPAVASA_DAY_1,Parsva Ekadashi,"Upavaasa: 22-Sep-26 and 23-Sep-26 | Parana: 24-Sep-26, 06:26 AM to 08:51 AM",A valid Ekadashi sunrise is followed by Dwadashi with Shravana Nakshatra at sunrise. **Observe Upavaasa today and continue tomorrow.**,"Parsva Ekadashi. A valid Ekadashi sunrise is followed by Dwadashi with Shravana Nakshatra at sunrise. Observe Upavaasa today and continue tomorrow. Upavaasa: 22-Sep-26 and 23-Sep-26 | Parana: 24-Sep-26, 06:26 AM to 08:51 AM"
geoname:6173331,Vancouver,British Columbia,Canada,America/Los_Angeles,6173331,Parsva Ekadashi,Normal Ekadashi,NORMAL,2026-09-22,,2026-09-23,07:01 AM,09:26 AM,PRATAH,DWADASHI,03:30 PM,2026-09-22,COMPLETE,2026-09-22,UPAVASA_DAY_1,Parsva Ekadashi,"Upavaasa: 22-Sep-26 | Parana: 23-Sep-26, 07:01 AM to 09:26 AM",Normal Ekadashi. **Observe Upavaasa today.** Ekadashi began before Arunodaya.,"Parsva Ekadashi. Normal Ekadashi. Observe Upavaasa today. Ekadashi began before Arunodaya. Upavaasa: 22-Sep-26 | Parana: 23-Sep-26, 07:01 AM to 09:26 AM"
geoname:1253405,Varanasi,Uttar Pradesh,India,Asia/Kolkata,1253405,Parsva Ekadashi,Shravanopavasa,SHRAVANOPAVASA,2026-09-22,2026-09-23,2026-09-24,05:47 AM,08:12 AM,POST_DWADASHI_FAST_DWADASHI_OVER_BEFORE_SUNRISE,POST_DWADASHI_UPAVASA,04:00 AM,2026-09-22,COMPLETE,2026-09-22,UPAVASA_DAY_1,Parsva Ekadashi,"Upavaasa: 22-Sep-26 and 23-Sep-26 | Parana: 24-Sep-26, 05:47 AM to 08:12 AM",A valid Ekadashi sunrise is followed by Dwadashi with Shravana Nakshatra at sunrise. **Observe Upavaasa today and continue tomorrow.**,"Parsva Ekadashi. A valid Ekadashi sunrise is followed by Dwadashi with Shravana Nakshatra at sunrise. Observe Upavaasa today and continue tomorrow. Upavaasa: 22-Sep-26 and 23-Sep-26 | Parana: 24-Sep-26, 05:47 AM to 08:12 AM"
geoname:1253102,Visakhapatnam,Andra Pradesh,India,Asia/Kolkata,1253102,Parsva Ekadashi,Shravanopavasa,SHRAVANOPAVASA,2026-09-22,2026-09-23,2026-09-24,05:46 AM,08:11 AM,POST_DWADASHI_FAST_DWADASHI_OVER_BEFORE_SUNRISE,POST_DWADASHI_UPAVASA,04:00 AM,2026-09-22,COMPLETE,2026-09-22,UPAVASA_DAY_1,Parsva Ekadashi,"Upavaasa: 22-Sep-26 and 23-Sep-26 | Parana: 24-Sep-26, 05:46 AM to 08:11 AM",A valid Ekadashi sunrise is followed by Dwadashi with Shravana Nakshatra at sunrise. **Observe Upavaasa today and continue tomorrow.**,"Parsva Ekadashi. A valid Ekadashi sunrise is followed by Dwadashi with Shravana Nakshatra at sunrise. Observe Upavaasa today and continue tomorrow. Upavaasa: 22-Sep-26 and 23-Sep-26 | Parana: 24-Sep-26, 05:46 AM to 08:11 AM"
geoname:2179537,Wellington,Wellington,New Zealand,Pacific/Auckland,2179537,Parsva Ekadashi,Shravanopavasa,SHRAVANOPAVASA,2026-09-22,2026-09-23,2026-09-24,06:08 AM,08:34 AM,POST_DWADASHI_FAST_DWADASHI_OVER_BEFORE_SUNRISE,POST_DWADASHI_UPAVASA,10:30 AM,2026-09-22,COMPLETE,2026-09-22,UPAVASA_DAY_1,Parsva Ekadashi,"Upavaasa: 22-Sep-26 and 23-Sep-26 | Parana: 24-Sep-26, 06:08 AM to 08:34 AM",A valid Ekadashi sunrise is followed by Dwadashi with Shravana Nakshatra at sunrise. **Observe Upavaasa today and continue tomorrow.**,"Parsva Ekadashi. A valid Ekadashi sunrise is followed by Dwadashi with Shravana Nakshatra at sunrise. Observe Upavaasa today and continue tomorrow. Upavaasa: 22-Sep-26 and 23-Sep-26 | Parana: 24-Sep-26, 06:08 AM to 08:34 AM"
geoname:6182962,Windsor,Ontario,Canada,America/New_York,6182962,Parsva Ekadashi,Normal Ekadashi,NORMAL,2026-09-22,,2026-09-23,07:21 AM,09:46 AM,PRATAH,DWADASHI,06:30 PM,2026-09-22,COMPLETE,2026-09-22,UPAVASA_DAY_1,Parsva Ekadashi,"Upavaasa: 22-Sep-26 | Parana: 23-Sep-26, 07:21 AM to 09:46 AM",Normal Ekadashi. **Observe Upavaasa today.** Ekadashi began before Arunodaya.,"Parsva Ekadashi. Normal Ekadashi. Observe Upavaasa today. Ekadashi began before Arunodaya. Upavaasa: 22-Sep-26 | Parana: 23-Sep-26, 07:21 AM to 09:46 AM"
geoname:2657896,Zurich,Zurich,Switzerland,Europe/Zurich,2657896,Parsva Ekadashi,Normal Ekadashi,NORMAL,2026-09-22,,2026-09-23,07:14 AM,09:40 AM,PRATAH,DWADASHI,12:30 AM,2026-09-22,COMPLETE,2026-09-22,UPAVASA_DAY_1,Parsva Ekadashi,"Upavaasa: 22-Sep-26 | Parana: 23-Sep-26, 07:14 AM to 09:40 AM",Normal Ekadashi. **Observe Upavaasa today.** Ekadashi began before Arunodaya.,"Parsva Ekadashi. Normal Ekadashi. Observe Upavaasa today. Ekadashi began before Arunodaya. Upavaasa: 22-Sep-26 | Parana: 23-Sep-26, 07:14 AM to 09:40 AM"
geoname:2078025,Adelaide,South Australia,Australia,Australia/Adelaide,2078025,Parsva Ekadashi,Shravanopavasa,SHRAVANOPAVASA,2026-09-22,2026-09-23,2026-09-24,06:03 AM,08:29 AM,POST_DWADASHI_FAST_DWADASHI_OVER_BEFORE_SUNRISE,POST_DWADASHI_UPAVASA,08:00 AM,2026-09-22,COMPLETE,2026-09-23,UPAVASA_DAY_2,Parsva Ekadashi,"Upavaasa: 22-Sep-26 and 23-Sep-26 | Parana: 24-Sep-26, 06:03 AM to 08:29 AM",Today is Dwadashi with Shravana Nakshatra at sunrise. **Continue the Upavaasa today.** This is the second day of the two-day Upavaasa.,"Parsva Ekadashi. Today is Dwadashi with Shravana Nakshatra at sunrise. Continue the Upavaasa today. This is the second day of the two-day Upavaasa. Upavaasa: 22-Sep-26 and 23-Sep-26 | Parana: 24-Sep-26, 06:03 AM to 08:29 AM"
geoname:1279290,Agartala,Tripura,India,Asia/Kolkata,1279290,Parsva Ekadashi,Shravanopavasa,SHRAVANOPAVASA,2026-09-22,2026-09-23,2026-09-24,05:14 AM,07:39 AM,POST_DWADASHI_FAST_DWADASHI_OVER_BEFORE_SUNRISE,POST_DWADASHI_UPAVASA,04:00 AM,2026-09-22,COMPLETE,2026-09-23,UPAVASA_DAY_2,Parsva Ekadashi,"Upavaasa: 22-Sep-26 and 23-Sep-26 | Parana: 24-Sep-26, 05:14 AM to 07:39 AM",Today is Dwadashi with Shravana Nakshatra at sunrise. **Continue the Upavaasa today.** This is the second day of the two-day Upavaasa.,"Parsva Ekadashi. Today is Dwadashi with Shravana Nakshatra at sunrise. Continue the Upavaasa today. This is the second day of the two-day Upavaasa. Upavaasa: 22-Sep-26 and 23-Sep-26 | Parana: 24-Sep-26, 05:14 AM to 07:39 AM"
geoname:1279186,Aizawl,Mizoram,India,Asia/Kolkata,1279186,Parsva Ekadashi,Shravanopavasa,SHRAVANOPAVASA,2026-09-22,2026-09-23,2026-09-24,05:08 AM,07:33 AM,POST_DWADASHI_FAST_DWADASHI_OVER_BEFORE_SUNRISE,POST_DWADASHI_UPAVASA,04:00 AM,2026-09-22,COMPLETE,2026-09-23,UPAVASA_DAY_2,Parsva Ekadashi,"Upavaasa: 22-Sep-26 and 23-Sep-26 | Parana: 24-Sep-26, 05:08 AM to 07:33 AM",Today is Dwadashi with Shravana Nakshatra at sunrise. **Continue the Upavaasa today.** This is the second day of the two-day Upavaasa.,"Parsva Ekadashi. Today is Dwadashi with Shravana Nakshatra at sunrise. Continue the Upavaasa today. This is the second day of the two-day Upavaasa. Upavaasa: 22-Sep-26 and 23-Sep-26 | Parana: 24-Sep-26, 05:08 AM to 07:33 AM"
geoname:4180439,Atlanta,Georgia,United States,America/New_York,4180439,Parsva Ekadashi,Normal Ekadashi,NORMAL,2026-09-22,,2026-09-23,07:27 AM,09:52 AM,PRATAH,DWADASHI,06:30 PM,2026-09-22,COMPLETE,2026-09-23,PARANA,Parsva Ekadashi,Upavaasa: 22-Sep-26 | Parana today: 07:27 AM to 09:52 AM,**Perform Parana today** between 07:27 AM and 09:52 AM. Upavaasa was observed on 22-Sep-26.,Parsva Ekadashi. Perform Parana today between 07:27 AM and 09:52 AM. Upavaasa was observed on 22-Sep-26. Upavaasa: 22-Sep-26 | Parana today: 07:27 AM to 09:52 AM
geoname:2193733,Auckland,Auckland,New Zealand,Pacific/Auckland,2193733,Parsva Ekadashi,Shravanopavasa,SHRAVANOPAVASA,2026-09-22,2026-09-23,2026-09-24,06:08 AM,08:34 AM,POST_DWADASHI_FAST_DWADASHI_OVER_BEFORE_SUNRISE,POST_DWADASHI_UPAVASA,10:30 AM,2026-09-22,COMPLETE,2026-09-23,UPAVASA_DAY_2,Parsva Ekadashi,"Upavaasa: 22-Sep-26 and 23-Sep-26 | Parana: 24-Sep-26, 06:08 AM to 08:34 AM",Today is Dwadashi with Shravana Nakshatra at sunrise. **Continue the Upavaasa today.** This is the second day of the two-day Upavaasa.,"Parsva Ekadashi. Today is Dwadashi with Shravana Nakshatra at sunrise. Continue the Upavaasa today. This is the second day of the two-day Upavaasa. Upavaasa: 22-Sep-26 and 23-Sep-26 | Parana: 24-Sep-26, 06:08 AM to 08:34 AM"
geoname:1278094,Ayodhya,Uttar Pradesh,India,Asia/Kolkata,1278094,Parsva Ekadashi,Shravanopavasa,SHRAVANOPAVASA,2026-09-22,2026-09-23,2026-09-24,05:50 AM,08:15 AM,POST_DWADASHI_FAST_DWADASHI_OVER_BEFORE_SUNRISE,POST_DWADASHI_UPAVASA,04:00 AM,2026-09-22,COMPLETE,2026-09-23,UPAVASA_DAY_2,Parsva Ekadashi,"Upavaasa: 22-Sep-26 and 23-Sep-26 | Parana: 24-Sep-26, 05:50 AM to 08:15 AM",Today is Dwadashi with Shravana Nakshatra at sunrise. **Continue the Upavaasa today.** This is the second day of the two-day Upavaasa.,"Parsva Ekadashi. Today is Dwadashi with Shravana Nakshatra at sunrise. Continue the Upavaasa today. This is the second day of the two-day Upavaasa. Upavaasa: 22-Sep-26 and 23-Sep-26 | Parana: 24-Sep-26, 05:50 AM to 08:15 AM"
geoname:4347778,Baltimore,Maryland,United States,America/New_York,4347778,Parsva Ekadashi,Normal Ekadashi,NORMAL,2026-09-22,,2026-09-23,06:55 AM,09:20 AM,PRATAH,DWADASHI,06:30 PM,2026-09-22,COMPLETE,2026-09-23,PARANA,Parsva Ekadashi,Upavaasa: 22-Sep-26 | Parana today: 06:55 AM to 09:20 AM,**Perform Parana today** between 06:55 AM and 09:20 AM. Upavaasa was observed on 22-Sep-26.,Parsva Ekadashi. Perform Parana today between 06:55 AM and 09:20 AM. Upavaasa was observed on 22-Sep-26. Upavaasa: 22-Sep-26 | Parana today: 06:55 AM to 09:20 AM
geoname:5108728,Belfast,New York,United States,America/New_York,5108728,Parsva Ekadashi,Normal Ekadashi,NORMAL,2026-09-22,,2026-09-23,07:01 AM,09:26 AM,PRATAH,DWADASHI,06:30 PM,2026-09-22,COMPLETE,2026-09-23,PARANA,Parsva Ekadashi,Upavaasa: 22-Sep-26 | Parana today: 07:01 AM to 09:26 AM,**Perform Parana today** between 07:01 AM and 09:26 AM. Upavaasa was observed on 22-Sep-26.,Parsva Ekadashi. Perform Parana today between 07:01 AM and 09:26 AM. Upavaasa was observed on 22-Sep-26. Upavaasa: 22-Sep-26 | Parana today: 07:01 AM to 09:26 AM
geoname:1276533,Belgaum,Karnataka,India,Asia/Kolkata,1276533,Parsva Ekadashi,Shravanopavasa,SHRAVANOPAVASA,2026-09-22,2026-09-23,2026-09-24,06:21 AM,08:46 AM,POST_DWADASHI_FAST_DWADASHI_OVER_BEFORE_SUNRISE,POST_DWADASHI_UPAVASA,04:00 AM,2026-09-22,COMPLETE,2026-09-23,UPAVASA_DAY_2,Parsva Ekadashi,"Upavaasa: 22-Sep-26 and 23-Sep-26 | Parana: 24-Sep-26, 06:21 AM to 08:46 AM",Today is Dwadashi with Shravana Nakshatra at sunrise. **Continue the Upavaasa today.** This is the second day of the two-day Upavaasa.,"Parsva Ekadashi. Today is Dwadashi with Shravana Nakshatra at sunrise. Continue the Upavaasa today. This is the second day of the two-day Upavaasa. Upavaasa: 22-Sep-26 and 23-Sep-26 | Parana: 24-Sep-26, 06:21 AM to 08:46 AM"
geoname:1277333,Bengaluru,Karnataka,India,Asia/Kolkata,1277333,Parsva Ekadashi,Shravanopavasa,SHRAVANOPAVASA,2026-09-22,2026-09-23,2026-09-24,06:09 AM,08:34 AM,POST_DWADASHI_FAST_DWADASHI_OVER_BEFORE_SUNRISE,POST_DWADASHI_UPAVASA,04:00 AM,2026-09-22,COMPLETE,2026-09-23,UPAVASA_DAY_2,Parsva Ekadashi,"Upavaasa: 22-Sep-26 and 23-Sep-26 | Parana: 24-Sep-26, 06:09 AM to 08:34 AM",Today is Dwadashi with Shravana Nakshatra at sunrise. **Continue the Upavaasa today.** This is the second day of the two-day Upavaasa.,"Parsva Ekadashi. Today is Dwadashi with Shravana Nakshatra at sunrise. Continue the Upavaasa today. This is the second day of the two-day Upavaasa. Upavaasa: 22-Sep-26 and 23-Sep-26 | Parana: 24-Sep-26, 06:09 AM to 08:34 AM"
geoname:1275841,Bhopal,Madhya Pradesh,India,Asia/Kolkata,1275841,Parsva Ekadashi,Shravanopavasa,SHRAVANOPAVASA,2026-09-22,2026-09-23,2026-09-24,06:10 AM,08:35 AM,POST_DWADASHI_FAST_DWADASHI_OVER_BEFORE_SUNRISE,POST_DWADASHI_UPAVASA,04:00 AM,2026-09-22,COMPLETE,2026-09-23,UPAVASA_DAY_2,Parsva Ekadashi,"Upavaasa: 22-Sep-26 and 23-Sep-26 | Parana: 24-Sep-26, 06:10 AM to 08:35 AM",Today is Dwadashi with Shravana Nakshatra at sunrise. **Continue the Upavaasa today.** This is the second day of the two-day Upavaasa.,"Parsva Ekadashi. Today is Dwadashi with Shravana Nakshatra at sunrise. Continue the Upavaasa today. This is the second day of the two-day Upavaasa. Upavaasa: 22-Sep-26 and 23-Sep-26 | Parana: 24-Sep-26, 06:10 AM to 08:35 AM"
geoname:1275817,Bhubaneswar,Odisha,India,Asia/Kolkata,1275817,Parsva Ekadashi,Shravanopavasa,SHRAVANOPAVASA,2026-09-22,2026-09-23,2026-09-24,05:36 AM,08:01 AM,POST_DWADASHI_FAST_DWADASHI_OVER_BEFORE_SUNRISE,POST_DWADASHI_UPAVASA,04:00 AM,2026-09-22,COMPLETE,2026-09-23,UPAVASA_DAY_2,Parsva Ekadashi,"Upavaasa: 22-Sep-26 and 23-Sep-26 | Parana: 24-Sep-26, 05:36 AM to 08:01 AM",Today is Dwadashi with Shravana Nakshatra at sunrise. **Continue the Upavaasa today.** This is the second day of the two-day Upavaasa.,"Parsva Ekadashi. Today is Dwadashi with Shravana Nakshatra at sunrise. Continue the Upavaasa today. This is the second day of the two-day Upavaasa. Upavaasa: 22-Sep-26 and 23-Sep-26 | Parana: 24-Sep-26, 05:36 AM to 08:01 AM"
geoname:2174003,Brisbane,Queensland,Australia,Australia/Brisbane,2174003,Parsva Ekadashi,Shravanopavasa,SHRAVANOPAVASA,2026-09-22,2026-09-23,2026-09-24,05:36 AM,08:02 AM,POST_DWADASHI_FAST_DWADASHI_OVER_BEFORE_SUNRISE,POST_DWADASHI_UPAVASA,08:30 AM,2026-09-22,COMPLETE,2026-09-23,UPAVASA_DAY_2,Parsva Ekadashi,"Upavaasa: 22-Sep-26 and 23-Sep-26 | Parana: 24-Sep-26, 05:36 AM to 08:02 AM",Today is Dwadashi with Shravana Nakshatra at sunrise. **Continue the Upavaasa today.** This is the second day of the two-day Upavaasa.,"Parsva Ekadashi. Today is Dwadashi with Shravana Nakshatra at sunrise. Continue the Upavaasa today. This is the second day of the two-day Upavaasa. Upavaasa: 22-Sep-26 and 23-Sep-26 | Parana: 24-Sep-26, 05:36 AM to 08:02 AM"
geoname:5110629,Buffalo,New York,United States,America/New_York,5110629,Parsva Ekadashi,Normal Ekadashi,NORMAL,2026-09-22,,2026-09-23,07:04 AM,09:29 AM,PRATAH,DWADASHI,06:30 PM,2026-09-22,COMPLETE,2026-09-23,PARANA,Parsva Ekadashi,Upavaasa: 22-Sep-26 | Parana today: 07:04 AM to 09:29 AM,**Perform Parana today** between 07:04 AM and 09:29 AM. Upavaasa was observed on 22-Sep-26.,Parsva Ekadashi. Perform Parana today between 07:04 AM and 09:29 AM. Upavaasa was observed on 22-Sep-26. Upavaasa: 22-Sep-26 | Parana today: 07:04 AM to 09:29 AM
geoname:2172517,Canberra,Australian Capital Territory,Australia,Australia/Sydney,2172517,Parsva Ekadashi,Shravanopavasa,SHRAVANOPAVASA,2026-09-22,2026-09-23,2026-09-24,05:51 AM,08:17 AM,POST_DWADASHI_FAST_DWADASHI_OVER_BEFORE_SUNRISE,POST_DWADASHI_UPAVASA,08:30 AM,2026-09-22,COMPLETE,2026-09-23,UPAVASA_DAY_2,Parsva Ekadashi,"Upavaasa: 22-Sep-26 and 23-Sep-26 | Parana: 24-Sep-26, 05:51 AM to 08:17 AM",Today is Dwadashi with Shravana Nakshatra at sunrise. **Continue the Upavaasa today.** This is the second day of the two-day Upavaasa.,"Parsva Ekadashi. Today is Dwadashi with Shravana Nakshatra at sunrise. Continue the Upavaasa today. This is the second day of the two-day Upavaasa. Upavaasa: 22-Sep-26 and 23-Sep-26 | Parana: 24-Sep-26, 05:51 AM to 08:17 AM"
geoname:4460243,Charlotte,North Carolina,United States,America/New_York,4460243,Parsva Ekadashi,Normal Ekadashi,NORMAL,2026-09-22,,2026-09-23,07:12 AM,09:37 AM,PRATAH,DWADASHI,06:30 PM,2026-09-22,COMPLETE,2026-09-23,PARANA,Parsva Ekadashi,Upavaasa: 22-Sep-26 | Parana today: 07:12 AM to 09:37 AM,**Perform Parana today** between 07:12 AM and 09:37 AM. Upavaasa was observed on 22-Sep-26.,Parsva Ekadashi. Perform Parana today between 07:12 AM and 09:37 AM. Upavaasa was observed on 22-Sep-26. Upavaasa: 22-Sep-26 | Parana today: 07:12 AM to 09:37 AM
geoname:1264527,Chennai,Tamil Nadu,India,Asia/Kolkata,1264527,Parsva Ekadashi,Shravanopavasa,SHRAVANOPAVASA,2026-09-22,2026-09-23,2026-09-24,05:58 AM,08:23 AM,POST_DWADASHI_FAST_DWADASHI_OVER_BEFORE_SUNRISE,POST_DWADASHI_UPAVASA,04:00 AM,2026-09-22,COMPLETE,2026-09-23,UPAVASA_DAY_2,Parsva Ekadashi,"Upavaasa: 22-Sep-26 and 23-Sep-26 | Parana: 24-Sep-26, 05:58 AM to 08:23 AM",Today is Dwadashi with Shravana Nakshatra at sunrise. **Continue the Upavaasa today.** This is the second day of the two-day Upavaasa.,"Parsva Ekadashi. Today is Dwadashi with Shravana Nakshatra at sunrise. Continue the Upavaasa today. This is the second day of the two-day Upavaasa. Upavaasa: 22-Sep-26 and 23-Sep-26 | Parana: 24-Sep-26, 05:58 AM to 08:23 AM"
geoname:4887398,Chicago,Illinois,United States,America/Chicago,4887398,Parsva Ekadashi,Normal Ekadashi,NORMAL,2026-09-22,,2026-09-23,06:39 AM,09:04 AM,PRATAH,DWADASHI,05:30 PM,2026-09-22,COMPLETE,2026-09-23,PARANA,Parsva Ekadashi,Upavaasa: 22-Sep-26 | Parana today: 06:39 AM to 09:04 AM,**Perform Parana today** between 06:39 AM and 09:04 AM. Upavaasa was observed on 22-Sep-26.,Parsva Ekadashi. Perform Parana today between 06:39 AM and 09:04 AM. Upavaasa was observed on 22-Sep-26. Upavaasa: 22-Sep-26 | Parana today: 06:39 AM to 09:04 AM
geoname:1274256,Chidambaram,Tamil Nadu,India,Asia/Kolkata,1274256,Parsva Ekadashi,Shravanopavasa,SHRAVANOPAVASA,2026-09-22,2026-09-23,2026-09-24,06:00 AM,08:25 AM,POST_DWADASHI_FAST_DWADASHI_OVER_BEFORE_SUNRISE,POST_DWADASHI_UPAVASA,04:00 AM,2026-09-22,COMPLETE,2026-09-23,UPAVASA_DAY_2,Parsva Ekadashi,"Upavaasa: 22-Sep-26 and 23-Sep-26 | Parana: 24-Sep-26, 06:00 AM to 08:25 AM",Today is Dwadashi with Shravana Nakshatra at sunrise. **Continue the Upavaasa today.** This is the second day of the two-day Upavaasa.,"Parsva Ekadashi. Today is Dwadashi with Shravana Nakshatra at sunrise. Continue the Upavaasa today. This is the second day of the two-day Upavaasa. Upavaasa: 22-Sep-26 and 23-Sep-26 | Parana: 24-Sep-26, 06:00 AM to 08:25 AM"
geoname:2192362,Christchurch,Canterbury,New Zealand,Pacific/Auckland,2192362,Parsva Ekadashi,Shravanopavasa,SHRAVANOPAVASA,2026-09-22,2026-09-23,2026-09-24,06:16 AM,08:42 AM,POST_DWADASHI_FAST_DWADASHI_OVER_BEFORE_SUNRISE,POST_DWADASHI_UPAVASA,10:30 AM,2026-09-22,COMPLETE,2026-09-23,UPAVASA_DAY_2,Parsva Ekadashi,"Upavaasa: 22-Sep-26 and 23-Sep-26 | Parana: 24-Sep-26, 06:16 AM to 08:42 AM",Today is Dwadashi with Shravana Nakshatra at sunrise. **Continue the Upavaasa today.** This is the second day of the two-day Upavaasa.,"Parsva Ekadashi. Today is Dwadashi with Shravana Nakshatra at sunrise. Continue the Upavaasa today. This is the second day of the two-day Upavaasa. Upavaasa: 22-Sep-26 and 23-Sep-26 | Parana: 24-Sep-26, 06:16 AM to 08:42 AM"
geoname:4508722,Cincinnati,Ohio,United States,America/New_York,4508722,Parsva Ekadashi,Normal Ekadashi,NORMAL,2026-09-22,,2026-09-23,07:27 AM,09:52 AM,PRATAH,DWADASHI,06:30 PM,2026-09-22,COMPLETE,2026-09-23,PARANA,Parsva Ekadashi,Upavaasa: 22-Sep-26 | Parana today: 07:27 AM to 09:52 AM,**Perform Parana today** between 07:27 AM and 09:52 AM. Upavaasa was observed on 22-Sep-26.,Parsva Ekadashi. Perform Parana today between 07:27 AM and 09:52 AM. Upavaasa was observed on 22-Sep-26. Upavaasa: 22-Sep-26 | Parana today: 07:27 AM to 09:52 AM
geoname:5150529,Cleveland,Ohio,United States,America/New_York,5150529,Parsva Ekadashi,Normal Ekadashi,NORMAL,2026-09-22,,2026-09-23,07:15 AM,09:40 AM,PRATAH,DWADASHI,06:30 PM,2026-09-22,COMPLETE,2026-09-23,PARANA,Parsva Ekadashi,Upavaasa: 22-Sep-26 | Parana today: 07:15 AM to 09:40 AM,**Perform Parana today** between 07:15 AM and 09:40 AM. Upavaasa was observed on 22-Sep-26.,Parsva Ekadashi. Perform Parana today between 07:15 AM and 09:40 AM. Upavaasa was observed on 22-Sep-26. Upavaasa: 22-Sep-26 | Parana today: 07:15 AM to 09:40 AM
geoname:1273865,Coimbatore,Tamil Nadu,India,Asia/Kolkata,1273865,Parsva Ekadashi,Shravanopavasa,SHRAVANOPAVASA,2026-09-22,2026-09-23,2026-09-24,06:11 AM,08:36 AM,POST_DWADASHI_FAST_DWADASHI_OVER_BEFORE_SUNRISE,POST_DWADASHI_UPAVASA,04:00 AM,2026-09-22,COMPLETE,2026-09-23,UPAVASA_DAY_2,Parsva Ekadashi,"Upavaasa: 22-Sep-26 and 23-Sep-26 | Parana: 24-Sep-26, 06:11 AM to 08:36 AM",Today is Dwadashi with Shravana Nakshatra at sunrise. **Continue the Upavaasa today.** This is the second day of the two-day Upavaasa.,"Parsva Ekadashi. Today is Dwadashi with Shravana Nakshatra at sunrise. Continue the Upavaasa today. This is the second day of the two-day Upavaasa. Upavaasa: 22-Sep-26 and 23-Sep-26 | Parana: 24-Sep-26, 06:11 AM to 08:36 AM"
geoname:4256038,Columbus,Indiana,United States,America/Indiana/Indianapolis,4256038,Parsva Ekadashi,Normal Ekadashi,NORMAL,2026-09-22,,2026-09-23,07:32 AM,09:57 AM,PRATAH,DWADASHI,06:30 PM,2026-09-22,COMPLETE,2026-09-23,PARANA,Parsva Ekadashi,Upavaasa: 22-Sep-26 | Parana today: 07:32 AM to 09:57 AM,**Perform Parana today** between 07:32 AM and 09:57 AM. Upavaasa was observed on 22-Sep-26.,Parsva Ekadashi. Perform Parana today between 07:32 AM and 09:57 AM. Upavaasa was observed on 22-Sep-26. Upavaasa: 22-Sep-26 | Parana today: 07:32 AM to 09:57 AM
geoname:4509177,Columbus,Ohio,United States,America/New_York,4509177,Parsva Ekadashi,Normal Ekadashi,NORMAL,2026-09-22,,2026-09-23,07:21 AM,09:46 AM,PRATAH,DWADASHI,06:30 PM,2026-09-22,COMPLETE,2026-09-23,PARANA,Parsva Ekadashi,Upavaasa: 22-Sep-26 | Parana today: 07:21 AM to 09:46 AM,**Perform Parana today** between 07:21 AM and 09:46 AM. Upavaasa was observed on 22-Sep-26.,Parsva Ekadashi. Perform Parana today between 07:21 AM and 09:46 AM. Upavaasa was observed on 22-Sep-26. Upavaasa: 22-Sep-26 | Parana today: 07:21 AM to 09:46 AM
geoname:4684888,Dallas,Texas,United States,America/Chicago,4684888,Parsva Ekadashi,Normal Ekadashi,NORMAL,2026-09-22,,2026-09-23,07:16 AM,09:41 AM,PRATAH,DWADASHI,05:30 PM,2026-09-22,COMPLETE,2026-09-23,PARANA,Parsva Ekadashi,Upavaasa: 22-Sep-26 | Parana today: 07:16 AM to 09:41 AM,**Perform Parana today** between 07:16 AM and 09:41 AM. Upavaasa was observed on 22-Sep-26.,Parsva Ekadashi. Perform Parana today between 07:16 AM and 09:41 AM. Upavaasa was observed on 22-Sep-26. Upavaasa: 22-Sep-26 | Parana today: 07:16 AM to 09:41 AM
geoname:2938913,Darmstadt,Hesse,Germany,Europe/Berlin,2938913,Parsva Ekadashi,Normal Ekadashi,NORMAL,2026-09-22,,2026-09-23,07:13 AM,09:39 AM,PRATAH,DWADASHI,12:30 AM,2026-09-22,COMPLETE,2026-09-23,PARANA,Parsva Ekadashi,Upavaasa: 22-Sep-26 | Parana today: 07:13 AM to 09:39 AM,**Perform Parana today** between 07:13 AM and 09:39 AM. Upavaasa was observed on 22-Sep-26.,Parsva Ekadashi. Perform Parana today between 07:13 AM and 09:39 AM. Upavaasa was observed on 22-Sep-26. Upavaasa: 22-Sep-26 | Parana today: 07:13 AM to 09:39 AM
geoname:1272648,Dibrugarh,Assam,India,Asia/Kolkata,1272648,Parsva Ekadashi,Shravanopavasa,SHRAVANOPAVASA,2026-09-22,2026-09-23,2026-09-24,05:00 AM,07:25 AM,POST_DWADASHI_FAST_DWADASHI_OVER_BEFORE_SUNRISE,POST_DWADASHI_UPAVASA,04:00 AM,2026-09-22,COMPLETE,2026-09-23,UPAVASA_DAY_2,Parsva Ekadashi,"Upavaasa: 22-Sep-26 and 23-Sep-26 | Parana: 24-Sep-26, 05:00 AM to 07:25 AM",Today is Dwadashi with Shravana Nakshatra at sunrise. **Continue the Upavaasa today.** This is the second day of the two-day Upavaasa.,"Parsva Ekadashi. Today is Dwadashi with Shravana Nakshatra at sunrise. Continue the Upavaasa today. This is the second day of the two-day Upavaasa. Upavaasa: 22-Sep-26 and 23-Sep-26 | Parana: 24-Sep-26, 05:00 AM to 07:25 AM"
geoname:1272552,Dimapur,Nagaland,India,Asia/Kolkata,1272552,Parsva Ekadashi,Shravanopavasa,SHRAVANOPAVASA,2026-09-22,2026-09-23,2026-09-24,05:04 AM,07:29 AM,POST_DWADASHI_FAST_DWADASHI_OVER_BEFORE_SUNRISE,POST_DWADASHI_UPAVASA,04:00 AM,2026-09-22,COMPLETE,2026-09-23,UPAVASA_DAY_2,Parsva Ekadashi,"Upavaasa: 22-Sep-26 and 23-Sep-26 | Parana: 24-Sep-26, 05:04 AM to 07:29 AM",Today is Dwadashi with Shravana Nakshatra at sunrise. **Continue the Upavaasa today.** This is the second day of the two-day Upavaasa.,"Parsva Ekadashi. Today is Dwadashi with Shravana Nakshatra at sunrise. Continue the Upavaasa today. This is the second day of the two-day Upavaasa. Upavaasa: 22-Sep-26 and 23-Sep-26 | Parana: 24-Sep-26, 05:04 AM to 07:29 AM"
geoname:290030,Doha,Baladīyat ad Dawḩah,Qatar,Asia/Qatar,290030,Parsva Ekadashi,Shravanopavasa,SHRAVANOPAVASA,2026-09-22,2026-09-23,2026-09-24,05:23 AM,07:48 AM,POST_DWADASHI_FAST_DWADASHI_OVER_BEFORE_SUNRISE,POST_DWADASHI_UPAVASA,01:30 AM,2026-09-22,COMPLETE,2026-09-23,UPAVASA_DAY_2,Parsva Ekadashi,"Upavaasa: 22-Sep-26 and 23-Sep-26 | Parana: 24-Sep-26, 05:23 AM to 07:48 AM",Today is Dwadashi with Shravana Nakshatra at sunrise. **Continue the Upavaasa today.** This is the second day of the two-day Upavaasa.,"Parsva Ekadashi. Today is Dwadashi with Shravana Nakshatra at sunrise. Continue the Upavaasa today. This is the second day of the two-day Upavaasa. Upavaasa: 22-Sep-26 and 23-Sep-26 | Parana: 24-Sep-26, 05:23 AM to 07:48 AM"
geoname:292223,Dubai,Dubai,United Arab Emirates,Asia/Dubai,292223,Parsva Ekadashi,Shravanopavasa,SHRAVANOPAVASA,2026-09-22,2026-09-23,2026-09-24,06:09 AM,08:34 AM,POST_DWADASHI_FAST_DWADASHI_OVER_BEFORE_SUNRISE,POST_DWADASHI_UPAVASA,02:30 AM,2026-09-22,COMPLETE,2026-09-23,UPAVASA_DAY_2,Parsva Ekadashi,"Upavaasa: 22-Sep-26 and 23-Sep-26 | Parana: 24-Sep-26, 06:09 AM to 08:34 AM",Today is Dwadashi with Shravana Nakshatra at sunrise. **Continue the Upavaasa today.** This is the second day of the two-day Upavaasa.,"Parsva Ekadashi. Today is Dwadashi with Shravana Nakshatra at sunrise. Continue the Upavaasa today. This is the second day of the two-day Upavaasa. Upavaasa: 22-Sep-26 and 23-Sep-26 | Parana: 24-Sep-26, 06:09 AM to 08:34 AM"
geoname:2928751,Esslingen,Esslingen,Germany,Europe/Berlin,2928751,Parsva Ekadashi,Normal Ekadashi,NORMAL,2026-09-22,,2026-09-23,07:11 AM,09:37 AM,PRATAH,DWADASHI,12:30 AM,2026-09-22,COMPLETE,2026-09-23,PARANA,Parsva Ekadashi,Upavaasa: 22-Sep-26 | Parana today: 07:11 AM to 09:37 AM,**Perform Parana today** between 07:11 AM and 09:37 AM. Upavaasa was observed on 22-Sep-26.,Parsva Ekadashi. Perform Parana today between 07:11 AM and 09:37 AM. Upavaasa was observed on 22-Sep-26. Upavaasa: 22-Sep-26 | Parana today: 07:11 AM to 09:37 AM
geoname:1271631,Gangtok,Sikkim,India,Asia/Kolkata,1271631,Parsva Ekadashi,Shravanopavasa,SHRAVANOPAVASA,2026-09-22,2026-09-23,2026-09-24,05:25 AM,07:50 AM,POST_DWADASHI_FAST_DWADASHI_OVER_BEFORE_SUNRISE,POST_DWADASHI_UPAVASA,04:00 AM,2026-09-22,COMPLETE,2026-09-23,UPAVASA_DAY_2,Parsva Ekadashi,"Upavaasa: 22-Sep-26 and 23-Sep-26 | Parana: 24-Sep-26, 05:25 AM to 07:50 AM",Today is Dwadashi with Shravana Nakshatra at sunrise. **Continue the Upavaasa today.** This is the second day of the two-day Upavaasa.,"Parsva Ekadashi. Today is Dwadashi with Shravana Nakshatra at sunrise. Continue the Upavaasa today. This is the second day of the two-day Upavaasa. Upavaasa: 22-Sep-26 and 23-Sep-26 | Parana: 24-Sep-26, 05:25 AM to 07:50 AM"
geoname:5119251,Greece,New York,United States,America/New_York,5119251,Parsva Ekadashi,Normal Ekadashi,NORMAL,2026-09-22,,2026-09-23,06:59 AM,09:24 AM,PRATAH,DWADASHI,06:30 PM,2026-09-22,COMPLETE,2026-09-23,PARANA,Parsva Ekadashi,Upavaasa: 22-Sep-26 | Parana today: 06:59 AM to 09:24 AM,**Perform Parana today** between 06:59 AM and 09:24 AM. Upavaasa was observed on 22-Sep-26.,Parsva Ekadashi. Perform Parana today between 06:59 AM and 09:24 AM. Upavaasa was observed on 22-Sep-26. Upavaasa: 22-Sep-26 | Parana today: 06:59 AM to 09:24 AM
geoname:1270603,Guruvayur,Kerala,India,Asia/Kolkata,1270603,Parsva Ekadashi,Shravanopavasa,SHRAVANOPAVASA,2026-09-22,2026-09-23,2026-09-24,06:15 AM,08:40 AM,POST_DWADASHI_FAST_DWADASHI_OVER_BEFORE_SUNRISE,POST_DWADASHI_UPAVASA,04:00 AM,2026-09-22,COMPLETE,2026-09-23,UPAVASA_DAY_2,Parsva Ekadashi,"Upavaasa: 22-Sep-26 and 23-Sep-26 | Parana: 24-Sep-26, 06:15 AM to 08:40 AM",Today is Dwadashi with Shravana Nakshatra at sunrise. **Continue the Upavaasa today.** This is the second day of the two-day Upavaasa.,"Parsva Ekadashi. Today is Dwadashi with Shravana Nakshatra at sunrise. Continue the Upavaasa today. This is the second day of the two-day Upavaasa. Upavaasa: 22-Sep-26 and 23-Sep-26 | Parana: 24-Sep-26, 06:15 AM to 08:40 AM"
geoname:1271476,Guwahati,Assam,India,Asia/Kolkata,1271476,Parsva Ekadashi,Shravanopavasa,SHRAVANOPAVASA,2026-09-22,2026-09-23,2026-09-24,05:12 AM,07:37 AM,POST_DWADASHI_FAST_DWADASHI_OVER_BEFORE_SUNRISE,POST_DWADASHI_UPAVASA,04:00 AM,2026-09-22,COMPLETE,2026-09-23,UPAVASA_DAY_2,Parsva Ekadashi,"Upavaasa: 22-Sep-26 and 23-Sep-26 | Parana: 24-Sep-26, 05:12 AM to 07:37 AM",Today is Dwadashi with Shravana Nakshatra at sunrise. **Continue the Upavaasa today.** This is the second day of the two-day Upavaasa.,"Parsva Ekadashi. Today is Dwadashi with Shravana Nakshatra at sunrise. Continue the Upavaasa today. This is the second day of the two-day Upavaasa. Upavaasa: 22-Sep-26 and 23-Sep-26 | Parana: 24-Sep-26, 05:12 AM to 07:37 AM"
geoname:4699066,Houston,Texas,United States,America/Chicago,4699066,Parsva Ekadashi,Normal Ekadashi,NORMAL,2026-09-22,,2026-09-23,07:11 AM,09:36 AM,PRATAH,DWADASHI,05:30 PM,2026-09-22,COMPLETE,2026-09-23,PARANA,Parsva Ekadashi,Upavaasa: 22-Sep-26 | Parana today: 07:11 AM to 09:36 AM,**Perform Parana today** between 07:11 AM and 09:36 AM. Upavaasa was observed on 22-Sep-26.,Parsva Ekadashi. Perform Parana today between 07:11 AM and 09:36 AM. Upavaasa was observed on 22-Sep-26. Upavaasa: 22-Sep-26 | Parana today: 07:11 AM to 09:36 AM
geoname:1269920,Hubli,Karnataka,India,Asia/Kolkata,1269920,Parsva Ekadashi,Shravanopavasa,SHRAVANOPAVASA,2026-09-22,2026-09-23,2026-09-24,06:19 AM,08:44 AM,POST_DWADASHI_FAST_DWADASHI_OVER_BEFORE_SUNRISE,POST_DWADASHI_UPAVASA,04:00 AM,2026-09-22,COMPLETE,2026-09-23,UPAVASA_DAY_2,Parsva Ekadashi,"Upavaasa: 22-Sep-26 and 23-Sep-26 | Parana: 24-Sep-26, 06:19 AM to 08:44 AM",Today is Dwadashi with Shravana Nakshatra at sunrise. **Continue the Upavaasa today.** This is the second day of the two-day Upavaasa.,"Parsva Ekadashi. Today is Dwadashi with Shravana Nakshatra at sunrise. Continue the Upavaasa today. This is the second day of the two-day Upavaasa. Upavaasa: 22-Sep-26 and 23-Sep-26 | Parana: 24-Sep-26, 06:19 AM to 08:44 AM"
geoname:1269843,Hyderabad,Telangana,India,Asia/Kolkata,1269843,Parsva Ekadashi,Shravanopavasa,SHRAVANOPAVASA,2026-09-22,2026-09-23,2026-09-24,06:05 AM,08:30 AM,POST_DWADASHI_FAST_DWADASHI_OVER_BEFORE_SUNRISE,POST_DWADASHI_UPAVASA,04:00 AM,2026-09-22,COMPLETE,2026-09-23,UPAVASA_DAY_2,Parsva Ekadashi,"Upavaasa: 22-Sep-26 and 23-Sep-26 | Parana: 24-Sep-26, 06:05 AM to 08:30 AM",Today is Dwadashi with Shravana Nakshatra at sunrise. **Continue the Upavaasa today.** This is the second day of the two-day Upavaasa.,"Parsva Ekadashi. Today is Dwadashi with Shravana Nakshatra at sunrise. Continue the Upavaasa today. This is the second day of the two-day Upavaasa. Upavaasa: 22-Sep-26 and 23-Sep-26 | Parana: 24-Sep-26, 06:05 AM to 08:30 AM"
geoname:1269771,Imphal,Manipur,India,Asia/Kolkata,1269771,Parsva Ekadashi,Shravanopavasa,SHRAVANOPAVASA,2026-09-22,2026-09-23,2026-09-24,05:03 AM,07:28 AM,POST_DWADASHI_FAST_DWADASHI_OVER_BEFORE_SUNRISE,POST_DWADASHI_UPAVASA,04:00 AM,2026-09-22,COMPLETE,2026-09-23,UPAVASA_DAY_2,Parsva Ekadashi,"Upavaasa: 22-Sep-26 and 23-Sep-26 | Parana: 24-Sep-26, 05:03 AM to 07:28 AM",Today is Dwadashi with Shravana Nakshatra at sunrise. **Continue the Upavaasa today.** This is the second day of the two-day Upavaasa.,"Parsva Ekadashi. Today is Dwadashi with Shravana Nakshatra at sunrise. Continue the Upavaasa today. This is the second day of the two-day Upavaasa. Upavaasa: 22-Sep-26 and 23-Sep-26 | Parana: 24-Sep-26, 05:03 AM to 07:28 AM"
geoname:1269655,Itanagar,Arunachal Pradesh,India,Asia/Kolkata,1269655,Parsva Ekadashi,Shravanopavasa,SHRAVANOPAVASA,2026-09-22,2026-09-23,2026-09-24,05:05 AM,07:30 AM,POST_DWADASHI_FAST_DWADASHI_OVER_BEFORE_SUNRISE,POST_DWADASHI_UPAVASA,04:00 AM,2026-09-22,COMPLETE,2026-09-23,UPAVASA_DAY_2,Parsva Ekadashi,"Upavaasa: 22-Sep-26 and 23-Sep-26 | Parana: 24-Sep-26, 05:05 AM to 07:30 AM",Today is Dwadashi with Shravana Nakshatra at sunrise. **Continue the Upavaasa today.** This is the second day of the two-day Upavaasa.,"Parsva Ekadashi. Today is Dwadashi with Shravana Nakshatra at sunrise. Continue the Upavaasa today. This is the second day of the two-day Upavaasa. Upavaasa: 22-Sep-26 and 23-Sep-26 | Parana: 24-Sep-26, 05:05 AM to 07:30 AM"
geoname:1268159,Kanchipuram,Tamil Nadu,India,Asia/Kolkata,1268159,Parsva Ekadashi,Shravanopavasa,SHRAVANOPAVASA,2026-09-22,2026-09-23,2026-09-24,06:00 AM,08:25 AM,POST_DWADASHI_FAST_DWADASHI_OVER_BEFORE_SUNRISE,POST_DWADASHI_UPAVASA,04:00 AM,2026-09-22,COMPLETE,2026-09-23,UPAVASA_DAY_2,Parsva Ekadashi,"Upavaasa: 22-Sep-26 and 23-Sep-26 | Parana: 24-Sep-26, 06:00 AM to 08:25 AM",Today is Dwadashi with Shravana Nakshatra at sunrise. **Continue the Upavaasa today.** This is the second day of the two-day Upavaasa.,"Parsva Ekadashi. Today is Dwadashi with Shravana Nakshatra at sunrise. Continue the Upavaasa today. This is the second day of the two-day Upavaasa. Upavaasa: 22-Sep-26 and 23-Sep-26 | Parana: 24-Sep-26, 06:00 AM to 08:25 AM"
geoname:4634946,Knoxville,Tennessee,United States,America/New_York,4634946,Parsva Ekadashi,Normal Ekadashi,NORMAL,2026-09-22,,2026-09-23,07:25 AM,09:50 AM,PRATAH,DWADASHI,06:30 PM,2026-09-22,COMPLETE,2026-09-23,PARANA,Parsva Ekadashi,Upavaasa: 22-Sep-26 | Parana today: 07:25 AM to 09:50 AM,**Perform Parana today** between 07:25 AM and 09:50 AM. Upavaasa was observed on 22-Sep-26.,Parsva Ekadashi. Perform Parana today between 07:25 AM and 09:50 AM. Upavaasa was observed on 22-Sep-26. Upavaasa: 22-Sep-26 | Parana today: 07:25 AM to 09:50 AM
geoname:1266285,Kolhapur,Maharashtra,India,Asia/Kolkata,1266285,Parsva Ekadashi,Shravanopavasa,SHRAVANOPAVASA,2026-09-22,2026-09-23,2026-09-24,06:22 AM,08:47 AM,POST_DWADASHI_FAST_DWADASHI_OVER_BEFORE_SUNRISE,POST_DWADASHI_UPAVASA,04:00 AM,2026-09-22,COMPLETE,2026-09-23,UPAVASA_DAY_2,Parsva Ekadashi,"Upavaasa: 22-Sep-26 and 23-Sep-26 | Parana: 24-Sep-26, 06:22 AM to 08:47 AM",Today is Dwadashi with Shravana Nakshatra at sunrise. **Continue the Upavaasa today.** This is the second day of the two-day Upavaasa.,"Parsva Ekadashi. Today is Dwadashi with Shravana Nakshatra at sunrise. Continue the Upavaasa today. This is the second day of the two-day Upavaasa. Upavaasa: 22-Sep-26 and 23-Sep-26 | Parana: 24-Sep-26, 06:22 AM to 08:47 AM"
geoname:1275004,Kolkata,West Bengal,India,Asia/Kolkata,1275004,Parsva Ekadashi,Shravanopavasa,SHRAVANOPAVASA,2026-09-22,2026-09-23,2026-09-24,05:26 AM,07:51 AM,POST_DWADASHI_FAST_DWADASHI_OVER_BEFORE_SUNRISE,POST_DWADASHI_UPAVASA,04:00 AM,2026-09-22,COMPLETE,2026-09-23,UPAVASA_DAY_2,Parsva Ekadashi,"Upavaasa: 22-Sep-26 and 23-Sep-26 | Parana: 24-Sep-26, 05:26 AM to 07:51 AM",Today is Dwadashi with Shravana Nakshatra at sunrise. **Continue the Upavaasa today.** This is the second day of the two-day Upavaasa.,"Parsva Ekadashi. Today is Dwadashi with Shravana Nakshatra at sunrise. Continue the Upavaasa today. This is the second day of the two-day Upavaasa. Upavaasa: 22-Sep-26 and 23-Sep-26 | Parana: 24-Sep-26, 05:26 AM to 07:51 AM"
geoname:1265683,Kumbakonam,Tamil Nadu,India,Asia/Kolkata,1265683,Parsva Ekadashi,Shravanopavasa,SHRAVANOPAVASA,2026-09-22,2026-09-23,2026-09-24,06:01 AM,08:26 AM,POST_DWADASHI_FAST_DWADASHI_OVER_BEFORE_SUNRISE,POST_DWADASHI_UPAVASA,04:00 AM,2026-09-22,COMPLETE,2026-09-23,UPAVASA_DAY_2,Parsva Ekadashi,"Upavaasa: 22-Sep-26 and 23-Sep-26 | Parana: 24-Sep-26, 06:01 AM to 08:26 AM",Today is Dwadashi with Shravana Nakshatra at sunrise. **Continue the Upavaasa today.** This is the second day of the two-day Upavaasa.,"Parsva Ekadashi. Today is Dwadashi with Shravana Nakshatra at sunrise. Continue the Upavaasa today. This is the second day of the two-day Upavaasa. Upavaasa: 22-Sep-26 and 23-Sep-26 | Parana: 24-Sep-26, 06:01 AM to 08:26 AM"
geoname:285787,Kuwait,Al Asimah,Kuwait,Asia/Kuwait,285787,Parsva Ekadashi,Shravanopavasa,SHRAVANOPAVASA,2026-09-22,2026-09-23,2026-09-24,05:37 AM,08:02 AM,POST_DWADASHI_FAST_DWADASHI_OVER_BEFORE_SUNRISE,POST_DWADASHI_UPAVASA,01:30 AM,2026-09-22,COMPLETE,2026-09-23,UPAVASA_DAY_2,Parsva Ekadashi,"Upavaasa: 22-Sep-26 and 23-Sep-26 | Parana: 24-Sep-26, 05:37 AM to 08:02 AM",Today is Dwadashi with Shravana Nakshatra at sunrise. **Continue the Upavaasa today.** This is the second day of the two-day Upavaasa.,"Parsva Ekadashi. Today is Dwadashi with Shravana Nakshatra at sunrise. Continue the Upavaasa today. This is the second day of the two-day Upavaasa. Upavaasa: 22-Sep-26 and 23-Sep-26 | Parana: 24-Sep-26, 05:37 AM to 08:02 AM"
geoname:4922462,Lafayette,Indiana,United States,America/Indiana/Indianapolis,4922462,Parsva Ekadashi,Normal Ekadashi,NORMAL,2026-09-22,,2026-09-23,07:36 AM,10:01 AM,PRATAH,DWADASHI,06:30 PM,2026-09-22,COMPLETE,2026-09-23,PARANA,Parsva Ekadashi,Upavaasa: 22-Sep-26 | Parana today: 07:36 AM to 10:01 AM,**Perform Parana today** between 07:36 AM and 10:01 AM. Upavaasa was observed on 22-Sep-26.,Parsva Ekadashi. Perform Parana today between 07:36 AM and 10:01 AM. Upavaasa was observed on 22-Sep-26. Upavaasa: 22-Sep-26 | Parana today: 07:36 AM to 10:01 AM
geoname:2643743,London,London,United Kingdom,Europe/London,2643743,Parsva Ekadashi,Normal Ekadashi,NORMAL,2026-09-22,,2026-09-23,06:48 AM,09:14 AM,PRATAH,DWADASHI,11:30 PM,2026-09-22,COMPLETE,2026-09-23,PARANA,Parsva Ekadashi,Upavaasa: 22-Sep-26 | Parana today: 06:48 AM to 09:14 AM,**Perform Parana today** between 06:48 AM and 09:14 AM. Upavaasa was observed on 22-Sep-26.,Parsva Ekadashi. Perform Parana today between 06:48 AM and 09:14 AM. Upavaasa was observed on 22-Sep-26. Upavaasa: 22-Sep-26 | Parana today: 06:48 AM to 09:14 AM
geoname:5368361,Los Angeles,California,United States,America/Los_Angeles,5368361,Parsva Ekadashi,Normal Ekadashi,NORMAL,2026-09-22,,2026-09-23,06:42 AM,09:07 AM,PRATAH,DWADASHI,03:30 PM,2026-09-22,COMPLETE,2026-09-23,PARANA,Parsva Ekadashi,Upavaasa: 22-Sep-26 | Parana today: 06:42 AM to 09:07 AM,**Perform Parana today** between 06:42 AM and 09:07 AM. Upavaasa was observed on 22-Sep-26.,Parsva Ekadashi. Perform Parana today between 06:42 AM and 09:07 AM. Upavaasa was observed on 22-Sep-26. Upavaasa: 22-Sep-26 | Parana today: 06:42 AM to 09:07 AM
geoname:1264733,Lucknow,Uttar Pradesh,India,Asia/Kolkata,1264733,Parsva Ekadashi,Shravanopavasa,SHRAVANOPAVASA,2026-09-22,2026-09-23,2026-09-24,05:55 AM,08:20 AM,POST_DWADASHI_FAST_DWADASHI_OVER_BEFORE_SUNRISE,POST_DWADASHI_UPAVASA,04:00 AM,2026-09-22,COMPLETE,2026-09-23,UPAVASA_DAY_2,Parsva Ekadashi,"Upavaasa: 22-Sep-26 and 23-Sep-26 | Parana: 24-Sep-26, 05:55 AM to 08:20 AM",Today is Dwadashi with Shravana Nakshatra at sunrise. **Continue the Upavaasa today.** This is the second day of the two-day Upavaasa.,"Parsva Ekadashi. Today is Dwadashi with Shravana Nakshatra at sunrise. Continue the Upavaasa today. This is the second day of the two-day Upavaasa. Upavaasa: 22-Sep-26 and 23-Sep-26 | Parana: 24-Sep-26, 05:55 AM to 08:20 AM"
geoname:1264521,Madurai,Tamil Nadu,India,Asia/Kolkata,1264521,Parsva Ekadashi,Shravanopavasa,SHRAVANOPAVASA,2026-09-22,2026-09-23,2026-09-24,06:07 AM,08:32 AM,POST_DWADASHI_FAST_DWADASHI_OVER_BEFORE_SUNRISE,POST_DWADASHI_UPAVASA,04:00 AM,2026-09-22,COMPLETE,2026-09-23,UPAVASA_DAY_2,Parsva Ekadashi,"Upavaasa: 22-Sep-26 and 23-Sep-26 | Parana: 24-Sep-26, 06:07 AM to 08:32 AM",Today is Dwadashi with Shravana Nakshatra at sunrise. **Continue the Upavaasa today.** This is the second day of the two-day Upavaasa.,"Parsva Ekadashi. Today is Dwadashi with Shravana Nakshatra at sunrise. Continue the Upavaasa today. This is the second day of the two-day Upavaasa. Upavaasa: 22-Sep-26 and 23-Sep-26 | Parana: 24-Sep-26, 06:07 AM to 08:32 AM"
geoname:1263780,Mangalore,Karnataka,India,Asia/Kolkata,1263780,Parsva Ekadashi,Shravanopavasa,SHRAVANOPAVASA,2026-09-22,2026-09-23,2026-09-24,06:20 AM,08:45 AM,POST_DWADASHI_FAST_DWADASHI_OVER_BEFORE_SUNRISE,POST_DWADASHI_UPAVASA,04:00 AM,2026-09-22,COMPLETE,2026-09-23,UPAVASA_DAY_2,Parsva Ekadashi,"Upavaasa: 22-Sep-26 and 23-Sep-26 | Parana: 24-Sep-26, 06:20 AM to 08:45 AM",Today is Dwadashi with Shravana Nakshatra at sunrise. **Continue the Upavaasa today.** This is the second day of the two-day Upavaasa.,"Parsva Ekadashi. Today is Dwadashi with Shravana Nakshatra at sunrise. Continue the Upavaasa today. This is the second day of the two-day Upavaasa. Upavaasa: 22-Sep-26 and 23-Sep-26 | Parana: 24-Sep-26, 06:20 AM to 08:45 AM"
geoname:2158177,Melbourne,Victoria,Australia,Australia/Melbourne,2158177,Parsva Ekadashi,Shravanopavasa,SHRAVANOPAVASA,2026-09-22,2026-09-23,2026-09-24,06:07 AM,08:33 AM,POST_DWADASHI_FAST_DWADASHI_OVER_BEFORE_SUNRISE,POST_DWADASHI_UPAVASA,08:30 AM,2026-09-22,COMPLETE,2026-09-23,UPAVASA_DAY_2,Parsva Ekadashi,"Upavaasa: 22-Sep-26 and 23-Sep-26 | Parana: 24-Sep-26, 06:07 AM to 08:33 AM",Today is Dwadashi with Shravana Nakshatra at sunrise. **Continue the Upavaasa today.** This is the second day of the two-day Upavaasa.,"Parsva Ekadashi. Today is Dwadashi with Shravana Nakshatra at sunrise. Continue the Upavaasa today. This is the second day of the two-day Upavaasa. Upavaasa: 22-Sep-26 and 23-Sep-26 | Parana: 24-Sep-26, 06:07 AM to 08:33 AM"
geoname:1275339,Mumbai,Maharashtra,India,Asia/Kolkata,1275339,Parsva Ekadashi,Shravanopavasa,SHRAVANOPAVASA,2026-09-22,2026-09-23,2026-09-24,06:28 AM,08:53 AM,POST_DWADASHI_FAST_DWADASHI_OVER_BEFORE_SUNRISE,POST_DWADASHI_UPAVASA,04:00 AM,2026-09-22,COMPLETE,2026-09-23,UPAVASA_DAY_2,Parsva Ekadashi,"Upavaasa: 22-Sep-26 and 23-Sep-26 | Parana: 24-Sep-26, 06:28 AM to 08:53 AM",Today is Dwadashi with Shravana Nakshatra at sunrise. **Continue the Upavaasa today.** This is the second day of the two-day Upavaasa.,"Parsva Ekadashi. Today is Dwadashi with Shravana Nakshatra at sunrise. Continue the Upavaasa today. This is the second day of the two-day Upavaasa. Upavaasa: 22-Sep-26 and 23-Sep-26 | Parana: 24-Sep-26, 06:28 AM to 08:53 AM"
geoname:1262321,Mysuru,Karnataka,India,Asia/Kolkata,1262321,Parsva Ekadashi,Shravanopavasa,SHRAVANOPAVASA,2026-09-22,2026-09-23,2026-09-24,06:13 AM,08:38 AM,POST_DWADASHI_FAST_DWADASHI_OVER_BEFORE_SUNRISE,POST_DWADASHI_UPAVASA,04:00 AM,2026-09-22,COMPLETE,2026-09-23,UPAVASA_DAY_2,Parsva Ekadashi,"Upavaasa: 22-Sep-26 and 23-Sep-26 | Parana: 24-Sep-26, 06:13 AM to 08:38 AM",Today is Dwadashi with Shravana Nakshatra at sunrise. **Continue the Upavaasa today.** This is the second day of the two-day Upavaasa.,"Parsva Ekadashi. Today is Dwadashi with Shravana Nakshatra at sunrise. Continue the Upavaasa today. This is the second day of the two-day Upavaasa. Upavaasa: 22-Sep-26 and 23-Sep-26 | Parana: 24-Sep-26, 06:13 AM to 08:38 AM"
geoname:1262180,Nagpur,Maharashtra,India,Asia/Kolkata,1262180,Parsva Ekadashi,Shravanopavasa,SHRAVANOPAVASA,2026-09-22,2026-09-23,2026-09-24,06:03 AM,08:28 AM,POST_DWADASHI_FAST_DWADASHI_OVER_BEFORE_SUNRISE,POST_DWADASHI_UPAVASA,04:00 AM,2026-09-22,COMPLETE,2026-09-23,UPAVASA_DAY_2,Parsva Ekadashi,"Upavaasa: 22-Sep-26 and 23-Sep-26 | Parana: 24-Sep-26, 06:03 AM to 08:28 AM",Today is Dwadashi with Shravana Nakshatra at sunrise. **Continue the Upavaasa today.** This is the second day of the two-day Upavaasa.,"Parsva Ekadashi. Today is Dwadashi with Shravana Nakshatra at sunrise. Continue the Upavaasa today. This is the second day of the two-day Upavaasa. Upavaasa: 22-Sep-26 and 23-Sep-26 | Parana: 24-Sep-26, 06:03 AM to 08:28 AM"
geoname:4644585,Nashville,Tennessee,United States,America/Chicago,4644585,Parsva Ekadashi,Normal Ekadashi,NORMAL,2026-09-22,,2026-09-23,06:36 AM,09:01 AM,PRATAH,DWADASHI,05:30 PM,2026-09-22,COMPLETE,2026-09-23,PARANA,Parsva Ekadashi,Upavaasa: 22-Sep-26 | Parana today: 06:36 AM to 09:01 AM,**Perform Parana today** between 06:36 AM and 09:01 AM. Upavaasa was observed on 22-Sep-26.,Parsva Ekadashi. Perform Parana today between 06:36 AM and 09:01 AM. Upavaasa was observed on 22-Sep-26. Upavaasa: 22-Sep-26 | Parana today: 06:36 AM to 09:01 AM
geoname:5099836,New Jersey,New Jersey,United States,America/New_York,5099836,Parsva Ekadashi,Normal Ekadashi,NORMAL,2026-09-22,,2026-09-23,06:45 AM,09:10 AM,PRATAH,DWADASHI,06:30 PM,2026-09-22,COMPLETE,2026-09-23,PARANA,Parsva Ekadashi,Upavaasa: 22-Sep-26 | Parana today: 06:45 AM to 09:10 AM,**Perform Parana today** between 06:45 AM and 09:10 AM. Upavaasa was observed on 22-Sep-26.,Parsva Ekadashi. Perform Parana today between 06:45 AM and 09:10 AM. Upavaasa was observed on 22-Sep-26. Upavaasa: 22-Sep-26 | Parana today: 06:45 AM to 09:10 AM
geoname:5128581,New York,New York,United States,America/New_York,5128581,Parsva Ekadashi,Normal Ekadashi,NORMAL,2026-09-22,,2026-09-23,06:45 AM,09:10 AM,PRATAH,DWADASHI,06:30 PM,2026-09-22,COMPLETE,2026-09-23,PARANA,Parsva Ekadashi,Upavaasa: 22-Sep-26 | Parana today: 06:45 AM to 09:10 AM,**Perform Parana today** between 06:45 AM and 09:10 AM. Upavaasa was observed on 22-Sep-26.,Parsva Ekadashi. Perform Parana today between 06:45 AM and 09:10 AM. Upavaasa was observed on 22-Sep-26. Upavaasa: 22-Sep-26 | Parana today: 06:45 AM to 09:10 AM
geoname:4167147,Orlando,Florida,United States,America/New_York,4167147,Parsva Ekadashi,Normal Ekadashi,NORMAL,2026-09-22,,2026-09-23,07:15 AM,09:40 AM,PRATAH,DWADASHI,06:30 PM,2026-09-22,COMPLETE,2026-09-23,PARANA,Parsva Ekadashi,Upavaasa: 22-Sep-26 | Parana today: 07:15 AM to 09:40 AM,**Perform Parana today** between 07:15 AM and 09:40 AM. Upavaasa was observed on 22-Sep-26.,Parsva Ekadashi. Perform Parana today between 07:15 AM and 09:40 AM. Upavaasa was observed on 22-Sep-26. Upavaasa: 22-Sep-26 | Parana today: 07:15 AM to 09:40 AM
geoname:1260546,Pandharpur,Maharashtra,India,Asia/Kolkata,1260546,Parsva Ekadashi,Shravanopavasa,SHRAVANOPAVASA,2026-09-22,2026-09-23,2026-09-24,06:18 AM,08:43 AM,POST_DWADASHI_FAST_DWADASHI_OVER_BEFORE_SUNRISE,POST_DWADASHI_UPAVASA,04:00 AM,2026-09-22,COMPLETE,2026-09-23,UPAVASA_DAY_2,Parsva Ekadashi,"Upavaasa: 22-Sep-26 and 23-Sep-26 | Parana: 24-Sep-26, 06:18 AM to 08:43 AM",Today is Dwadashi with Shravana Nakshatra at sunrise. **Continue the Upavaasa today.** This is the second day of the two-day Upavaasa.,"Parsva Ekadashi. Today is Dwadashi with Shravana Nakshatra at sunrise. Continue the Upavaasa today. This is the second day of the two-day Upavaasa. Upavaasa: 22-Sep-26 and 23-Sep-26 | Parana: 24-Sep-26, 06:18 AM to 08:43 AM"
geoname:2063523,Perth,Western Australia,Australia,Australia/Perth,2063523,Parsva Ekadashi,Shravanopavasa,SHRAVANOPAVASA,2026-09-22,2026-09-23,2026-09-24,06:04 AM,08:30 AM,POST_DWADASHI_FAST_DWADASHI_OVER_BEFORE_SUNRISE,POST_DWADASHI_UPAVASA,06:30 AM,2026-09-22,COMPLETE,2026-09-23,UPAVASA_DAY_2,Parsva Ekadashi,"Upavaasa: 22-Sep-26 and 23-Sep-26 | Parana: 24-Sep-26, 06:04 AM to 08:30 AM",Today is Dwadashi with Shravana Nakshatra at sunrise. **Continue the Upavaasa today.** This is the second day of the two-day Upavaasa.,"Parsva Ekadashi. Today is Dwadashi with Shravana Nakshatra at sunrise. Continue the Upavaasa today. This is the second day of the two-day Upavaasa. Upavaasa: 22-Sep-26 and 23-Sep-26 | Parana: 24-Sep-26, 06:04 AM to 08:30 AM"
geoname:4560349,Philadelphia,Pennsylvania,United States,America/New_York,4560349,Parsva Ekadashi,Normal Ekadashi,NORMAL,2026-09-22,,2026-09-23,06:49 AM,09:14 AM,PRATAH,DWADASHI,06:30 PM,2026-09-22,COMPLETE,2026-09-23,PARANA,Parsva Ekadashi,Upavaasa: 22-Sep-26 | Parana today: 06:49 AM to 09:14 AM,**Perform Parana today** between 06:49 AM and 09:14 AM. Upavaasa was observed on 22-Sep-26.,Parsva Ekadashi. Perform Parana today between 06:49 AM and 09:14 AM. Upavaasa was observed on 22-Sep-26. Upavaasa: 22-Sep-26 | Parana today: 06:49 AM to 09:14 AM
geoname:5308655,Phoenix,Arizona,United States,America/Phoenix,5308655,Parsva Ekadashi,Normal Ekadashi,NORMAL,2026-09-22,,2026-09-23,06:17 AM,08:42 AM,PRATAH,DWADASHI,03:30 PM,2026-09-22,COMPLETE,2026-09-23,PARANA,Parsva Ekadashi,Upavaasa: 22-Sep-26 | Parana today: 06:17 AM to 08:42 AM,**Perform Parana today** between 06:17 AM and 08:42 AM. Upavaasa was observed on 22-Sep-26.,Parsva Ekadashi. Perform Parana today between 06:17 AM and 08:42 AM. Upavaasa was observed on 22-Sep-26. Upavaasa: 22-Sep-26 | Parana today: 06:17 AM to 08:42 AM
geoname:5131614,Pittsford,New York,United States,America/New_York,5131614,Parsva Ekadashi,Normal Ekadashi,NORMAL,2026-09-22,,2026-09-23,06:59 AM,09:24 AM,PRATAH,DWADASHI,06:30 PM,2026-09-22,COMPLETE,2026-09-23,PARANA,Parsva Ekadashi,Upavaasa: 22-Sep-26 | Parana today: 06:59 AM to 09:24 AM,**Perform Parana today** between 06:59 AM and 09:24 AM. Upavaasa was observed on 22-Sep-26.,Parsva Ekadashi. Perform Parana today between 06:59 AM and 09:24 AM. Upavaasa was observed on 22-Sep-26. Upavaasa: 22-Sep-26 | Parana today: 06:59 AM to 09:24 AM
geoname:5383527,Placentia,California,United States,America/Los_Angeles,5383527,Parsva Ekadashi,Normal Ekadashi,NORMAL,2026-09-22,,2026-09-23,06:41 AM,09:06 AM,PRATAH,DWADASHI,03:30 PM,2026-09-22,COMPLETE,2026-09-23,PARANA,Parsva Ekadashi,Upavaasa: 22-Sep-26 | Parana today: 06:41 AM to 09:06 AM,**Perform Parana today** between 06:41 AM and 09:06 AM. Upavaasa was observed on 22-Sep-26.,Parsva Ekadashi. Perform Parana today between 06:41 AM and 09:06 AM. Upavaasa was observed on 22-Sep-26. Upavaasa: 22-Sep-26 | Parana today: 06:41 AM to 09:06 AM
geoname:1278994,Prayagraj,Uttar Pradesh,India,Asia/Kolkata,1278994,Parsva Ekadashi,Shravanopavasa,SHRAVANOPAVASA,2026-09-22,2026-09-23,2026-09-24,05:52 AM,08:17 AM,POST_DWADASHI_FAST_DWADASHI_OVER_BEFORE_SUNRISE,POST_DWADASHI_UPAVASA,04:00 AM,2026-09-22,COMPLETE,2026-09-23,UPAVASA_DAY_2,Parsva Ekadashi,"Upavaasa: 22-Sep-26 and 23-Sep-26 | Parana: 24-Sep-26, 05:52 AM to 08:17 AM",Today is Dwadashi with Shravana Nakshatra at sunrise. **Continue the Upavaasa today.** This is the second day of the two-day Upavaasa.,"Parsva Ekadashi. Today is Dwadashi with Shravana Nakshatra at sunrise. Continue the Upavaasa today. This is the second day of the two-day Upavaasa. Upavaasa: 22-Sep-26 and 23-Sep-26 | Parana: 24-Sep-26, 05:52 AM to 08:17 AM"
geoname:1259229,Pune,Maharashtra,India,Asia/Kolkata,1259229,Parsva Ekadashi,Shravanopavasa,SHRAVANOPAVASA,2026-09-22,2026-09-23,2026-09-24,06:24 AM,08:49 AM,POST_DWADASHI_FAST_DWADASHI_OVER_BEFORE_SUNRISE,POST_DWADASHI_UPAVASA,04:00 AM,2026-09-22,COMPLETE,2026-09-23,UPAVASA_DAY_2,Parsva Ekadashi,"Upavaasa: 22-Sep-26 and 23-Sep-26 | Parana: 24-Sep-26, 06:24 AM to 08:49 AM",Today is Dwadashi with Shravana Nakshatra at sunrise. **Continue the Upavaasa today.** This is the second day of the two-day Upavaasa.,"Parsva Ekadashi. Today is Dwadashi with Shravana Nakshatra at sunrise. Continue the Upavaasa today. This is the second day of the two-day Upavaasa. Upavaasa: 22-Sep-26 and 23-Sep-26 | Parana: 24-Sep-26, 06:24 AM to 08:49 AM"
geoname:4487042,Raleigh,North Carolina,United States,America/New_York,4487042,Parsva Ekadashi,Normal Ekadashi,NORMAL,2026-09-22,,2026-09-23,07:03 AM,09:28 AM,PRATAH,DWADASHI,06:30 PM,2026-09-22,COMPLETE,2026-09-23,PARANA,Parsva Ekadashi,Upavaasa: 22-Sep-26 | Parana today: 07:03 AM to 09:28 AM,**Perform Parana today** between 07:03 AM and 09:28 AM. Upavaasa was observed on 22-Sep-26.,Parsva Ekadashi. Perform Parana today between 07:03 AM and 09:28 AM. Upavaasa was observed on 22-Sep-26. Upavaasa: 22-Sep-26 | Parana today: 07:03 AM to 09:28 AM
geoname:4781708,Richmond,Virginia,United States,America/New_York,4781708,Parsva Ekadashi,Normal Ekadashi,NORMAL,2026-09-22,,2026-09-23,06:59 AM,09:24 AM,PRATAH,DWADASHI,06:30 PM,2026-09-22,COMPLETE,2026-09-23,PARANA,Parsva Ekadashi,Upavaasa: 22-Sep-26 | Parana today: 06:59 AM to 09:24 AM,**Perform Parana today** between 06:59 AM and 09:24 AM. Upavaasa was observed on 22-Sep-26.,Parsva Ekadashi. Perform Parana today between 06:59 AM and 09:24 AM. Upavaasa was observed on 22-Sep-26. Upavaasa: 22-Sep-26 | Parana today: 06:59 AM to 09:24 AM
geoname:5134086,Rochester,New York,United States,America/New_York,5134086,Parsva Ekadashi,Normal Ekadashi,NORMAL,2026-09-22,,2026-09-23,06:59 AM,09:24 AM,PRATAH,DWADASHI,06:30 PM,2026-09-22,COMPLETE,2026-09-23,PARANA,Parsva Ekadashi,Upavaasa: 22-Sep-26 | Parana today: 06:59 AM to 09:24 AM,**Perform Parana today** between 06:59 AM and 09:24 AM. Upavaasa was observed on 22-Sep-26.,Parsva Ekadashi. Perform Parana today between 06:59 AM and 09:24 AM. Upavaasa was observed on 22-Sep-26. Upavaasa: 22-Sep-26 | Parana today: 06:59 AM to 09:24 AM
geoname:5391959,San Francisco,California,United States,America/Los_Angeles,5391959,Parsva Ekadashi,Normal Ekadashi,NORMAL,2026-09-22,,2026-09-23,06:59 AM,09:24 AM,PRATAH,DWADASHI,03:30 PM,2026-09-22,COMPLETE,2026-09-23,PARANA,Parsva Ekadashi,Upavaasa: 22-Sep-26 | Parana today: 06:59 AM to 09:24 AM,**Perform Parana today** between 06:59 AM and 09:24 AM. Upavaasa was observed on 22-Sep-26.,Parsva Ekadashi. Perform Parana today between 06:59 AM and 09:24 AM. Upavaasa was observed on 22-Sep-26. Upavaasa: 22-Sep-26 | Parana today: 06:59 AM to 09:24 AM
geoname:5809844,Seattle,Washington,United States,America/Los_Angeles,5809844,Parsva Ekadashi,Normal Ekadashi,NORMAL,2026-09-22,,2026-09-23,06:58 AM,09:23 AM,PRATAH,DWADASHI,03:30 PM,2026-09-22,COMPLETE,2026-09-23,PARANA,Parsva Ekadashi,Upavaasa: 22-Sep-26 | Parana today: 06:58 AM to 09:23 AM,**Perform Parana today** between 06:58 AM and 09:23 AM. Upavaasa was observed on 22-Sep-26.,Parsva Ekadashi. Perform Parana today between 06:58 AM and 09:23 AM. Upavaasa was observed on 22-Sep-26. Upavaasa: 22-Sep-26 | Parana today: 06:58 AM to 09:23 AM
geoname:1835848,Seoul,Seoul,South Korea,Asia/Seoul,1835848,Parsva Ekadashi,Shravanopavasa,SHRAVANOPAVASA,2026-09-22,2026-09-23,2026-09-24,06:21 AM,08:46 AM,POST_DWADASHI_FAST_DWADASHI_OVER_BEFORE_SUNRISE,POST_DWADASHI_UPAVASA,07:30 AM,2026-09-22,COMPLETE,2026-09-23,UPAVASA_DAY_2,Parsva Ekadashi,"Upavaasa: 22-Sep-26 and 23-Sep-26 | Parana: 24-Sep-26, 06:21 AM to 08:46 AM",Today is Dwadashi with Shravana Nakshatra at sunrise. **Continue the Upavaasa today.** This is the second day of the two-day Upavaasa.,"Parsva Ekadashi. Today is Dwadashi with Shravana Nakshatra at sunrise. Continue the Upavaasa today. This is the second day of the two-day Upavaasa. Upavaasa: 22-Sep-26 and 23-Sep-26 | Parana: 24-Sep-26, 06:21 AM to 08:46 AM"
geoname:1256525,Shiliguri,West Bengal,India,Asia/Kolkata,1256525,Parsva Ekadashi,Shravanopavasa,SHRAVANOPAVASA,2026-09-22,2026-09-23,2026-09-24,05:25 AM,07:50 AM,POST_DWADASHI_FAST_DWADASHI_OVER_BEFORE_SUNRISE,POST_DWADASHI_UPAVASA,04:00 AM,2026-09-22,COMPLETE,2026-09-23,UPAVASA_DAY_2,Parsva Ekadashi,"Upavaasa: 22-Sep-26 and 23-Sep-26 | Parana: 24-Sep-26, 05:25 AM to 07:50 AM",Today is Dwadashi with Shravana Nakshatra at sunrise. **Continue the Upavaasa today.** This is the second day of the two-day Upavaasa.,"Parsva Ekadashi. Today is Dwadashi with Shravana Nakshatra at sunrise. Continue the Upavaasa today. This is the second day of the two-day Upavaasa. Upavaasa: 22-Sep-26 and 23-Sep-26 | Parana: 24-Sep-26, 05:25 AM to 07:50 AM"
geoname:1256287,Silchar,Assam,India,Asia/Kolkata,1256287,Parsva Ekadashi,Shravanopavasa,SHRAVANOPAVASA,2026-09-22,2026-09-23,2026-09-24,05:08 AM,07:33 AM,POST_DWADASHI_FAST_DWADASHI_OVER_BEFORE_SUNRISE,POST_DWADASHI_UPAVASA,04:00 AM,2026-09-22,COMPLETE,2026-09-23,UPAVASA_DAY_2,Parsva Ekadashi,"Upavaasa: 22-Sep-26 and 23-Sep-26 | Parana: 24-Sep-26, 05:08 AM to 07:33 AM",Today is Dwadashi with Shravana Nakshatra at sunrise. **Continue the Upavaasa today.** This is the second day of the two-day Upavaasa.,"Parsva Ekadashi. Today is Dwadashi with Shravana Nakshatra at sunrise. Continue the Upavaasa today. This is the second day of the two-day Upavaasa. Upavaasa: 22-Sep-26 and 23-Sep-26 | Parana: 24-Sep-26, 05:08 AM to 07:33 AM"
geoname:1255634,Srinagar,Jammu and Kashmir,India,Asia/Kolkata,1255634,Parsva Ekadashi,Shravanopavasa,SHRAVANOPAVASA,2026-09-22,2026-09-23,2026-09-24,06:20 AM,08:45 AM,POST_DWADASHI_FAST_DWADASHI_OVER_BEFORE_SUNRISE,POST_DWADASHI_UPAVASA,04:00 AM,2026-09-22,COMPLETE,2026-09-23,UPAVASA_DAY_2,Parsva Ekadashi,"Upavaasa: 22-Sep-26 and 23-Sep-26 | Parana: 24-Sep-26, 06:20 AM to 08:45 AM",Today is Dwadashi with Shravana Nakshatra at sunrise. **Continue the Upavaasa today.** This is the second day of the two-day Upavaasa.,"Parsva Ekadashi. Today is Dwadashi with Shravana Nakshatra at sunrise. Continue the Upavaasa today. This is the second day of the two-day Upavaasa. Upavaasa: 22-Sep-26 and 23-Sep-26 | Parana: 24-Sep-26, 06:20 AM to 08:45 AM"
geoname:1254388,Srirangam,Tamil Nadu,India,Asia/Kolkata,1254388,Parsva Ekadashi,Shravanopavasa,SHRAVANOPAVASA,2026-09-22,2026-09-23,2026-09-24,06:04 AM,08:29 AM,POST_DWADASHI_FAST_DWADASHI_OVER_BEFORE_SUNRISE,POST_DWADASHI_UPAVASA,04:00 AM,2026-09-22,COMPLETE,2026-09-23,UPAVASA_DAY_2,Parsva Ekadashi,"Upavaasa: 22-Sep-26 and 23-Sep-26 | Parana: 24-Sep-26, 06:04 AM to 08:29 AM",Today is Dwadashi with Shravana Nakshatra at sunrise. **Continue the Upavaasa today.** This is the second day of the two-day Upavaasa.,"Parsva Ekadashi. Today is Dwadashi with Shravana Nakshatra at sunrise. Continue the Upavaasa today. This is the second day of the two-day Upavaasa. Upavaasa: 22-Sep-26 and 23-Sep-26 | Parana: 24-Sep-26, 06:04 AM to 08:29 AM"
geoname:5139865,Stonybrook,New York,United States,America/New_York,5139865,Parsva Ekadashi,Normal Ekadashi,NORMAL,2026-09-22,,2026-09-23,06:41 AM,09:06 AM,PRATAH,DWADASHI,06:30 PM,2026-09-22,COMPLETE,2026-09-23,PARANA,Parsva Ekadashi,Upavaasa: 22-Sep-26 | Parana today: 06:41 AM to 09:06 AM,**Perform Parana today** between 06:41 AM and 09:06 AM. Upavaasa was observed on 22-Sep-26.,Parsva Ekadashi. Perform Parana today between 06:41 AM and 09:06 AM. Upavaasa was observed on 22-Sep-26. Upavaasa: 22-Sep-26 | Parana today: 06:41 AM to 09:06 AM
geoname:1255364,Surat,Gujarat,India,Asia/Kolkata,1255364,Parsva Ekadashi,Shravanopavasa,SHRAVANOPAVASA,2026-09-22,2026-09-23,2026-09-24,06:28 AM,08:53 AM,POST_DWADASHI_FAST_DWADASHI_OVER_BEFORE_SUNRISE,POST_DWADASHI_UPAVASA,04:00 AM,2026-09-22,COMPLETE,2026-09-23,UPAVASA_DAY_2,Parsva Ekadashi,"Upavaasa: 22-Sep-26 and 23-Sep-26 | Parana: 24-Sep-26, 06:28 AM to 08:53 AM",Today is Dwadashi with Shravana Nakshatra at sunrise. **Continue the Upavaasa today.** This is the second day of the two-day Upavaasa.,"Parsva Ekadashi. Today is Dwadashi with Shravana Nakshatra at sunrise. Continue the Upavaasa today. This is the second day of the two-day Upavaasa. Upavaasa: 22-Sep-26 and 23-Sep-26 | Parana: 24-Sep-26, 06:28 AM to 08:53 AM"
geoname:2147714,Sydney,New South Wales,Australia,Australia/Sydney,2147714,Parsva Ekadashi,Shravanopavasa,SHRAVANOPAVASA,2026-09-22,2026-09-23,2026-09-24,05:42 AM,08:08 AM,POST_DWADASHI_FAST_DWADASHI_OVER_BEFORE_SUNRISE,POST_DWADASHI_UPAVASA,08:30 AM,2026-09-22,COMPLETE,2026-09-23,UPAVASA_DAY_2,Parsva Ekadashi,"Upavaasa: 22-Sep-26 and 23-Sep-26 | Parana: 24-Sep-26, 05:42 AM to 08:08 AM",Today is Dwadashi with Shravana Nakshatra at sunrise. **Continue the Upavaasa today.** This is the second day of the two-day Upavaasa.,"Parsva Ekadashi. Today is Dwadashi with Shravana Nakshatra at sunrise. Continue the Upavaasa today. This is the second day of the two-day Upavaasa. Upavaasa: 22-Sep-26 and 23-Sep-26 | Parana: 24-Sep-26, 05:42 AM to 08:08 AM"
geoname:5140405,Syracuse,New York,United States,America/New_York,5140405,Parsva Ekadashi,Normal Ekadashi,NORMAL,2026-09-22,,2026-09-23,06:53 AM,09:18 AM,PRATAH,DWADASHI,06:30 PM,2026-09-22,COMPLETE,2026-09-23,PARANA,Parsva Ekadashi,Upavaasa: 22-Sep-26 | Parana today: 06:53 AM to 09:18 AM,**Perform Parana today** between 06:53 AM and 09:18 AM. Upavaasa was observed on 22-Sep-26.,Parsva Ekadashi. Perform Parana today between 06:53 AM and 09:18 AM. Upavaasa was observed on 22-Sep-26. Upavaasa: 22-Sep-26 | Parana today: 06:53 AM to 09:18 AM
geoname:1262321,T Narasipura,Karnataka,India,Asia/Kolkata,1262321,Parsva Ekadashi,Shravanopavasa,SHRAVANOPAVASA,2026-09-22,2026-09-23,2026-09-24,06:13 AM,08:38 AM,POST_DWADASHI_FAST_DWADASHI_OVER_BEFORE_SUNRISE,POST_DWADASHI_UPAVASA,04:00 AM,2026-09-22,COMPLETE,2026-09-23,UPAVASA_DAY_2,Parsva Ekadashi,"Upavaasa: 22-Sep-26 and 23-Sep-26 | Parana: 24-Sep-26, 06:13 AM to 08:38 AM",Today is Dwadashi with Shravana Nakshatra at sunrise. **Continue the Upavaasa today.** This is the second day of the two-day Upavaasa.,"Parsva Ekadashi. Today is Dwadashi with Shravana Nakshatra at sunrise. Continue the Upavaasa today. This is the second day of the two-day Upavaasa. Upavaasa: 22-Sep-26 and 23-Sep-26 | Parana: 24-Sep-26, 06:13 AM to 08:38 AM"
geoname:4174757,Tampa,Florida,United States,America/New_York,4174757,Parsva Ekadashi,Normal Ekadashi,NORMAL,2026-09-22,,2026-09-23,07:19 AM,09:44 AM,PRATAH,DWADASHI,06:30 PM,2026-09-22,COMPLETE,2026-09-23,PARANA,Parsva Ekadashi,Upavaasa: 22-Sep-26 | Parana today: 07:19 AM to 09:44 AM,**Perform Parana today** between 07:19 AM and 09:44 AM. Upavaasa was observed on 22-Sep-26.,Parsva Ekadashi. Perform Parana today between 07:19 AM and 09:44 AM. Upavaasa was observed on 22-Sep-26. Upavaasa: 22-Sep-26 | Parana today: 07:19 AM to 09:44 AM
geoname:1254163,Thiruvananthapuram,Kerala,India,Asia/Kolkata,1254163,Parsva Ekadashi,Shravanopavasa,SHRAVANOPAVASA,2026-09-22,2026-09-23,2026-09-24,06:11 AM,08:36 AM,POST_DWADASHI_FAST_DWADASHI_OVER_BEFORE_SUNRISE,POST_DWADASHI_UPAVASA,04:00 AM,2026-09-22,COMPLETE,2026-09-23,UPAVASA_DAY_2,Parsva Ekadashi,"Upavaasa: 22-Sep-26 and 23-Sep-26 | Parana: 24-Sep-26, 06:11 AM to 08:36 AM",Today is Dwadashi with Shravana Nakshatra at sunrise. **Continue the Upavaasa today.** This is the second day of the two-day Upavaasa.,"Parsva Ekadashi. Today is Dwadashi with Shravana Nakshatra at sunrise. Continue the Upavaasa today. This is the second day of the two-day Upavaasa. Upavaasa: 22-Sep-26 and 23-Sep-26 | Parana: 24-Sep-26, 06:11 AM to 08:36 AM"
geoname:1254360,Tirupati,Andhra Pradesh,India,Asia/Kolkata,1254360,Parsva Ekadashi,Shravanopavasa,SHRAVANOPAVASA,2026-09-22,2026-09-23,2026-09-24,06:01 AM,08:26 AM,POST_DWADASHI_FAST_DWADASHI_OVER_BEFORE_SUNRISE,POST_DWADASHI_UPAVASA,04:00 AM,2026-09-22,COMPLETE,2026-09-23,UPAVASA_DAY_2,Parsva Ekadashi,"Upavaasa: 22-Sep-26 and 23-Sep-26 | Parana: 24-Sep-26, 06:01 AM to 08:26 AM",Today is Dwadashi with Shravana Nakshatra at sunrise. **Continue the Upavaasa today.** This is the second day of the two-day Upavaasa.,"Parsva Ekadashi. Today is Dwadashi with Shravana Nakshatra at sunrise. Continue the Upavaasa today. This is the second day of the two-day Upavaasa. Upavaasa: 22-Sep-26 and 23-Sep-26 | Parana: 24-Sep-26, 06:01 AM to 08:26 AM"
geoname:1253952,Udupi,Karnataka,India,Asia/Kolkata,1253952,Parsva Ekadashi,Shravanopavasa,SHRAVANOPAVASA,2026-09-22,2026-09-23,2026-09-24,06:20 AM,08:45 AM,POST_DWADASHI_FAST_DWADASHI_OVER_BEFORE_SUNRISE,POST_DWADASHI_UPAVASA,04:00 AM,2026-09-22,COMPLETE,2026-09-23,UPAVASA_DAY_2,Parsva Ekadashi,"Upavaasa: 22-Sep-26 and 23-Sep-26 | Parana: 24-Sep-26, 06:20 AM to 08:45 AM",Today is Dwadashi with Shravana Nakshatra at sunrise. **Continue the Upavaasa today.** This is the second day of the two-day Upavaasa.,"Parsva Ekadashi. Today is Dwadashi with Shravana Nakshatra at sunrise. Continue the Upavaasa today. This is the second day of the two-day Upavaasa. Upavaasa: 22-Sep-26 and 23-Sep-26 | Parana: 24-Sep-26, 06:20 AM to 08:45 AM"
geoname:1253573,Vadodara,Gujarat,India,Asia/Kolkata,1253573,Parsva Ekadashi,Shravanopavasa,SHRAVANOPAVASA,2026-09-22,2026-09-23,2026-09-24,06:26 AM,08:51 AM,POST_DWADASHI_FAST_DWADASHI_OVER_BEFORE_SUNRISE,POST_DWADASHI_UPAVASA,04:00 AM,2026-09-22,COMPLETE,2026-09-23,UPAVASA_DAY_2,Parsva Ekadashi,"Upavaasa: 22-Sep-26 and 23-Sep-26 | Parana: 24-Sep-26, 06:26 AM to 08:51 AM",Today is Dwadashi with Shravana Nakshatra at sunrise. **Continue the Upavaasa today.** This is the second day of the two-day Upavaasa.,"Parsva Ekadashi. Today is Dwadashi with Shravana Nakshatra at sunrise. Continue the Upavaasa today. This is the second day of the two-day Upavaasa. Upavaasa: 22-Sep-26 and 23-Sep-26 | Parana: 24-Sep-26, 06:26 AM to 08:51 AM"
geoname:6173331,Vancouver,British Columbia,Canada,America/Los_Angeles,6173331,Parsva Ekadashi,Normal Ekadashi,NORMAL,2026-09-22,,2026-09-23,07:01 AM,09:26 AM,PRATAH,DWADASHI,03:30 PM,2026-09-22,COMPLETE,2026-09-23,PARANA,Parsva Ekadashi,Upavaasa: 22-Sep-26 | Parana today: 07:01 AM to 09:26 AM,**Perform Parana today** between 07:01 AM and 09:26 AM. Upavaasa was observed on 22-Sep-26.,Parsva Ekadashi. Perform Parana today between 07:01 AM and 09:26 AM. Upavaasa was observed on 22-Sep-26. Upavaasa: 22-Sep-26 | Parana today: 07:01 AM to 09:26 AM
geoname:1253405,Varanasi,Uttar Pradesh,India,Asia/Kolkata,1253405,Parsva Ekadashi,Shravanopavasa,SHRAVANOPAVASA,2026-09-22,2026-09-23,2026-09-24,05:47 AM,08:12 AM,POST_DWADASHI_FAST_DWADASHI_OVER_BEFORE_SUNRISE,POST_DWADASHI_UPAVASA,04:00 AM,2026-09-22,COMPLETE,2026-09-23,UPAVASA_DAY_2,Parsva Ekadashi,"Upavaasa: 22-Sep-26 and 23-Sep-26 | Parana: 24-Sep-26, 05:47 AM to 08:12 AM",Today is Dwadashi with Shravana Nakshatra at sunrise. **Continue the Upavaasa today.** This is the second day of the two-day Upavaasa.,"Parsva Ekadashi. Today is Dwadashi with Shravana Nakshatra at sunrise. Continue the Upavaasa today. This is the second day of the two-day Upavaasa. Upavaasa: 22-Sep-26 and 23-Sep-26 | Parana: 24-Sep-26, 05:47 AM to 08:12 AM"
geoname:1253102,Visakhapatnam,Andra Pradesh,India,Asia/Kolkata,1253102,Parsva Ekadashi,Shravanopavasa,SHRAVANOPAVASA,2026-09-22,2026-09-23,2026-09-24,05:46 AM,08:11 AM,POST_DWADASHI_FAST_DWADASHI_OVER_BEFORE_SUNRISE,POST_DWADASHI_UPAVASA,04:00 AM,2026-09-22,COMPLETE,2026-09-23,UPAVASA_DAY_2,Parsva Ekadashi,"Upavaasa: 22-Sep-26 and 23-Sep-26 | Parana: 24-Sep-26, 05:46 AM to 08:11 AM",Today is Dwadashi with Shravana Nakshatra at sunrise. **Continue the Upavaasa today.** This is the second day of the two-day Upavaasa.,"Parsva Ekadashi. Today is Dwadashi with Shravana Nakshatra at sunrise. Continue the Upavaasa today. This is the second day of the two-day Upavaasa. Upavaasa: 22-Sep-26 and 23-Sep-26 | Parana: 24-Sep-26, 05:46 AM to 08:11 AM"
geoname:2179537,Wellington,Wellington,New Zealand,Pacific/Auckland,2179537,Parsva Ekadashi,Shravanopavasa,SHRAVANOPAVASA,2026-09-22,2026-09-23,2026-09-24,06:08 AM,08:34 AM,POST_DWADASHI_FAST_DWADASHI_OVER_BEFORE_SUNRISE,POST_DWADASHI_UPAVASA,10:30 AM,2026-09-22,COMPLETE,2026-09-23,UPAVASA_DAY_2,Parsva Ekadashi,"Upavaasa: 22-Sep-26 and 23-Sep-26 | Parana: 24-Sep-26, 06:08 AM to 08:34 AM",Today is Dwadashi with Shravana Nakshatra at sunrise. **Continue the Upavaasa today.** This is the second day of the two-day Upavaasa.,"Parsva Ekadashi. Today is Dwadashi with Shravana Nakshatra at sunrise. Continue the Upavaasa today. This is the second day of the two-day Upavaasa. Upavaasa: 22-Sep-26 and 23-Sep-26 | Parana: 24-Sep-26, 06:08 AM to 08:34 AM"
geoname:6182962,Windsor,Ontario,Canada,America/New_York,6182962,Parsva Ekadashi,Normal Ekadashi,NORMAL,2026-09-22,,2026-09-23,07:21 AM,09:46 AM,PRATAH,DWADASHI,06:30 PM,2026-09-22,COMPLETE,2026-09-23,PARANA,Parsva Ekadashi,Upavaasa: 22-Sep-26 | Parana today: 07:21 AM to 09:46 AM,**Perform Parana today** between 07:21 AM and 09:46 AM. Upavaasa was observed on 22-Sep-26.,Parsva Ekadashi. Perform Parana today between 07:21 AM and 09:46 AM. Upavaasa was observed on 22-Sep-26. Upavaasa: 22-Sep-26 | Parana today: 07:21 AM to 09:46 AM
geoname:2657896,Zurich,Zurich,Switzerland,Europe/Zurich,2657896,Parsva Ekadashi,Normal Ekadashi,NORMAL,2026-09-22,,2026-09-23,07:14 AM,09:40 AM,PRATAH,DWADASHI,12:30 AM,2026-09-22,COMPLETE,2026-09-23,PARANA,Parsva Ekadashi,Upavaasa: 22-Sep-26 | Parana today: 07:14 AM to 09:40 AM,**Perform Parana today** between 07:14 AM and 09:40 AM. Upavaasa was observed on 22-Sep-26.,Parsva Ekadashi. Perform Parana today between 07:14 AM and 09:40 AM. Upavaasa was observed on 22-Sep-26. Upavaasa: 22-Sep-26 | Parana today: 07:14 AM to 09:40 AM
geoname:2078025,Adelaide,South Australia,Australia,Australia/Adelaide,2078025,Parsva Ekadashi,Shravanopavasa,SHRAVANOPAVASA,2026-09-22,2026-09-23,2026-09-24,06:03 AM,08:29 AM,POST_DWADASHI_FAST_DWADASHI_OVER_BEFORE_SUNRISE,POST_DWADASHI_UPAVASA,08:00 AM,2026-09-22,COMPLETE,2026-09-24,PARANA,Parsva Ekadashi,Upavaasa: 22-Sep-26 and 23-Sep-26 | Parana today: 06:03 AM to 08:29 AM,**Perform Parana today** between 06:03 AM and 08:29 AM. Upavaasa was observed on 22-Sep-26 and 23-Sep-26.,Parsva Ekadashi. Perform Parana today between 06:03 AM and 08:29 AM. Upavaasa was observed on 22-Sep-26 and 23-Sep-26. Upavaasa: 22-Sep-26 and 23-Sep-26 | Parana today: 06:03 AM to 08:29 AM
geoname:1279290,Agartala,Tripura,India,Asia/Kolkata,1279290,Parsva Ekadashi,Shravanopavasa,SHRAVANOPAVASA,2026-09-22,2026-09-23,2026-09-24,05:14 AM,07:39 AM,POST_DWADASHI_FAST_DWADASHI_OVER_BEFORE_SUNRISE,POST_DWADASHI_UPAVASA,04:00 AM,2026-09-22,COMPLETE,2026-09-24,PARANA,Parsva Ekadashi,Upavaasa: 22-Sep-26 and 23-Sep-26 | Parana today: 05:14 AM to 07:39 AM,**Perform Parana today** between 05:14 AM and 07:39 AM. Upavaasa was observed on 22-Sep-26 and 23-Sep-26.,Parsva Ekadashi. Perform Parana today between 05:14 AM and 07:39 AM. Upavaasa was observed on 22-Sep-26 and 23-Sep-26. Upavaasa: 22-Sep-26 and 23-Sep-26 | Parana today: 05:14 AM to 07:39 AM
geoname:1279186,Aizawl,Mizoram,India,Asia/Kolkata,1279186,Parsva Ekadashi,Shravanopavasa,SHRAVANOPAVASA,2026-09-22,2026-09-23,2026-09-24,05:08 AM,07:33 AM,POST_DWADASHI_FAST_DWADASHI_OVER_BEFORE_SUNRISE,POST_DWADASHI_UPAVASA,04:00 AM,2026-09-22,COMPLETE,2026-09-24,PARANA,Parsva Ekadashi,Upavaasa: 22-Sep-26 and 23-Sep-26 | Parana today: 05:08 AM to 07:33 AM,**Perform Parana today** between 05:08 AM and 07:33 AM. Upavaasa was observed on 22-Sep-26 and 23-Sep-26.,Parsva Ekadashi. Perform Parana today between 05:08 AM and 07:33 AM. Upavaasa was observed on 22-Sep-26 and 23-Sep-26. Upavaasa: 22-Sep-26 and 23-Sep-26 | Parana today: 05:08 AM to 07:33 AM
geoname:2193733,Auckland,Auckland,New Zealand,Pacific/Auckland,2193733,Parsva Ekadashi,Shravanopavasa,SHRAVANOPAVASA,2026-09-22,2026-09-23,2026-09-24,06:08 AM,08:34 AM,POST_DWADASHI_FAST_DWADASHI_OVER_BEFORE_SUNRISE,POST_DWADASHI_UPAVASA,10:30 AM,2026-09-22,COMPLETE,2026-09-24,PARANA,Parsva Ekadashi,Upavaasa: 22-Sep-26 and 23-Sep-26 | Parana today: 06:08 AM to 08:34 AM,**Perform Parana today** between 06:08 AM and 08:34 AM. Upavaasa was observed on 22-Sep-26 and 23-Sep-26.,Parsva Ekadashi. Perform Parana today between 06:08 AM and 08:34 AM. Upavaasa was observed on 22-Sep-26 and 23-Sep-26. Upavaasa: 22-Sep-26 and 23-Sep-26 | Parana today: 06:08 AM to 08:34 AM
geoname:1278094,Ayodhya,Uttar Pradesh,India,Asia/Kolkata,1278094,Parsva Ekadashi,Shravanopavasa,SHRAVANOPAVASA,2026-09-22,2026-09-23,2026-09-24,05:50 AM,08:15 AM,POST_DWADASHI_FAST_DWADASHI_OVER_BEFORE_SUNRISE,POST_DWADASHI_UPAVASA,04:00 AM,2026-09-22,COMPLETE,2026-09-24,PARANA,Parsva Ekadashi,Upavaasa: 22-Sep-26 and 23-Sep-26 | Parana today: 05:50 AM to 08:15 AM,**Perform Parana today** between 05:50 AM and 08:15 AM. Upavaasa was observed on 22-Sep-26 and 23-Sep-26.,Parsva Ekadashi. Perform Parana today between 05:50 AM and 08:15 AM. Upavaasa was observed on 22-Sep-26 and 23-Sep-26. Upavaasa: 22-Sep-26 and 23-Sep-26 | Parana today: 05:50 AM to 08:15 AM
geoname:1276533,Belgaum,Karnataka,India,Asia/Kolkata,1276533,Parsva Ekadashi,Shravanopavasa,SHRAVANOPAVASA,2026-09-22,2026-09-23,2026-09-24,06:21 AM,08:46 AM,POST_DWADASHI_FAST_DWADASHI_OVER_BEFORE_SUNRISE,POST_DWADASHI_UPAVASA,04:00 AM,2026-09-22,COMPLETE,2026-09-24,PARANA,Parsva Ekadashi,Upavaasa: 22-Sep-26 and 23-Sep-26 | Parana today: 06:21 AM to 08:46 AM,**Perform Parana today** between 06:21 AM and 08:46 AM. Upavaasa was observed on 22-Sep-26 and 23-Sep-26.,Parsva Ekadashi. Perform Parana today between 06:21 AM and 08:46 AM. Upavaasa was observed on 22-Sep-26 and 23-Sep-26. Upavaasa: 22-Sep-26 and 23-Sep-26 | Parana today: 06:21 AM to 08:46 AM
geoname:1277333,Bengaluru,Karnataka,India,Asia/Kolkata,1277333,Parsva Ekadashi,Shravanopavasa,SHRAVANOPAVASA,2026-09-22,2026-09-23,2026-09-24,06:09 AM,08:34 AM,POST_DWADASHI_FAST_DWADASHI_OVER_BEFORE_SUNRISE,POST_DWADASHI_UPAVASA,04:00 AM,2026-09-22,COMPLETE,2026-09-24,PARANA,Parsva Ekadashi,Upavaasa: 22-Sep-26 and 23-Sep-26 | Parana today: 06:09 AM to 08:34 AM,**Perform Parana today** between 06:09 AM and 08:34 AM. Upavaasa was observed on 22-Sep-26 and 23-Sep-26.,Parsva Ekadashi. Perform Parana today between 06:09 AM and 08:34 AM. Upavaasa was observed on 22-Sep-26 and 23-Sep-26. Upavaasa: 22-Sep-26 and 23-Sep-26 | Parana today: 06:09 AM to 08:34 AM
geoname:1275841,Bhopal,Madhya Pradesh,India,Asia/Kolkata,1275841,Parsva Ekadashi,Shravanopavasa,SHRAVANOPAVASA,2026-09-22,2026-09-23,2026-09-24,06:10 AM,08:35 AM,POST_DWADASHI_FAST_DWADASHI_OVER_BEFORE_SUNRISE,POST_DWADASHI_UPAVASA,04:00 AM,2026-09-22,COMPLETE,2026-09-24,PARANA,Parsva Ekadashi,Upavaasa: 22-Sep-26 and 23-Sep-26 | Parana today: 06:10 AM to 08:35 AM,**Perform Parana today** between 06:10 AM and 08:35 AM. Upavaasa was observed on 22-Sep-26 and 23-Sep-26.,Parsva Ekadashi. Perform Parana today between 06:10 AM and 08:35 AM. Upavaasa was observed on 22-Sep-26 and 23-Sep-26. Upavaasa: 22-Sep-26 and 23-Sep-26 | Parana today: 06:10 AM to 08:35 AM
geoname:1275817,Bhubaneswar,Odisha,India,Asia/Kolkata,1275817,Parsva Ekadashi,Shravanopavasa,SHRAVANOPAVASA,2026-09-22,2026-09-23,2026-09-24,05:36 AM,08:01 AM,POST_DWADASHI_FAST_DWADASHI_OVER_BEFORE_SUNRISE,POST_DWADASHI_UPAVASA,04:00 AM,2026-09-22,COMPLETE,2026-09-24,PARANA,Parsva Ekadashi,Upavaasa: 22-Sep-26 and 23-Sep-26 | Parana today: 05:36 AM to 08:01 AM,**Perform Parana today** between 05:36 AM and 08:01 AM. Upavaasa was observed on 22-Sep-26 and 23-Sep-26.,Parsva Ekadashi. Perform Parana today between 05:36 AM and 08:01 AM. Upavaasa was observed on 22-Sep-26 and 23-Sep-26. Upavaasa: 22-Sep-26 and 23-Sep-26 | Parana today: 05:36 AM to 08:01 AM
geoname:2174003,Brisbane,Queensland,Australia,Australia/Brisbane,2174003,Parsva Ekadashi,Shravanopavasa,SHRAVANOPAVASA,2026-09-22,2026-09-23,2026-09-24,05:36 AM,08:02 AM,POST_DWADASHI_FAST_DWADASHI_OVER_BEFORE_SUNRISE,POST_DWADASHI_UPAVASA,08:30 AM,2026-09-22,COMPLETE,2026-09-24,PARANA,Parsva Ekadashi,Upavaasa: 22-Sep-26 and 23-Sep-26 | Parana today: 05:36 AM to 08:02 AM,**Perform Parana today** between 05:36 AM and 08:02 AM. Upavaasa was observed on 22-Sep-26 and 23-Sep-26.,Parsva Ekadashi. Perform Parana today between 05:36 AM and 08:02 AM. Upavaasa was observed on 22-Sep-26 and 23-Sep-26. Upavaasa: 22-Sep-26 and 23-Sep-26 | Parana today: 05:36 AM to 08:02 AM
geoname:2172517,Canberra,Australian Capital Territory,Australia,Australia/Sydney,2172517,Parsva Ekadashi,Shravanopavasa,SHRAVANOPAVASA,2026-09-22,2026-09-23,2026-09-24,05:51 AM,08:17 AM,POST_DWADASHI_FAST_DWADASHI_OVER_BEFORE_SUNRISE,POST_DWADASHI_UPAVASA,08:30 AM,2026-09-22,COMPLETE,2026-09-24,PARANA,Parsva Ekadashi,Upavaasa: 22-Sep-26 and 23-Sep-26 | Parana today: 05:51 AM to 08:17 AM,**Perform Parana today** between 05:51 AM and 08:17 AM. Upavaasa was observed on 22-Sep-26 and 23-Sep-26.,Parsva Ekadashi. Perform Parana today between 05:51 AM and 08:17 AM. Upavaasa was observed on 22-Sep-26 and 23-Sep-26. Upavaasa: 22-Sep-26 and 23-Sep-26 | Parana today: 05:51 AM to 08:17 AM
geoname:1264527,Chennai,Tamil Nadu,India,Asia/Kolkata,1264527,Parsva Ekadashi,Shravanopavasa,SHRAVANOPAVASA,2026-09-22,2026-09-23,2026-09-24,05:58 AM,08:23 AM,POST_DWADASHI_FAST_DWADASHI_OVER_BEFORE_SUNRISE,POST_DWADASHI_UPAVASA,04:00 AM,2026-09-22,COMPLETE,2026-09-24,PARANA,Parsva Ekadashi,Upavaasa: 22-Sep-26 and 23-Sep-26 | Parana today: 05:58 AM to 08:23 AM,**Perform Parana today** between 05:58 AM and 08:23 AM. Upavaasa was observed on 22-Sep-26 and 23-Sep-26.,Parsva Ekadashi. Perform Parana today between 05:58 AM and 08:23 AM. Upavaasa was observed on 22-Sep-26 and 23-Sep-26. Upavaasa: 22-Sep-26 and 23-Sep-26 | Parana today: 05:58 AM to 08:23 AM
geoname:1274256,Chidambaram,Tamil Nadu,India,Asia/Kolkata,1274256,Parsva Ekadashi,Shravanopavasa,SHRAVANOPAVASA,2026-09-22,2026-09-23,2026-09-24,06:00 AM,08:25 AM,POST_DWADASHI_FAST_DWADASHI_OVER_BEFORE_SUNRISE,POST_DWADASHI_UPAVASA,04:00 AM,2026-09-22,COMPLETE,2026-09-24,PARANA,Parsva Ekadashi,Upavaasa: 22-Sep-26 and 23-Sep-26 | Parana today: 06:00 AM to 08:25 AM,**Perform Parana today** between 06:00 AM and 08:25 AM. Upavaasa was observed on 22-Sep-26 and 23-Sep-26.,Parsva Ekadashi. Perform Parana today between 06:00 AM and 08:25 AM. Upavaasa was observed on 22-Sep-26 and 23-Sep-26. Upavaasa: 22-Sep-26 and 23-Sep-26 | Parana today: 06:00 AM to 08:25 AM
geoname:2192362,Christchurch,Canterbury,New Zealand,Pacific/Auckland,2192362,Parsva Ekadashi,Shravanopavasa,SHRAVANOPAVASA,2026-09-22,2026-09-23,2026-09-24,06:16 AM,08:42 AM,POST_DWADASHI_FAST_DWADASHI_OVER_BEFORE_SUNRISE,POST_DWADASHI_UPAVASA,10:30 AM,2026-09-22,COMPLETE,2026-09-24,PARANA,Parsva Ekadashi,Upavaasa: 22-Sep-26 and 23-Sep-26 | Parana today: 06:16 AM to 08:42 AM,**Perform Parana today** between 06:16 AM and 08:42 AM. Upavaasa was observed on 22-Sep-26 and 23-Sep-26.,Parsva Ekadashi. Perform Parana today between 06:16 AM and 08:42 AM. Upavaasa was observed on 22-Sep-26 and 23-Sep-26. Upavaasa: 22-Sep-26 and 23-Sep-26 | Parana today: 06:16 AM to 08:42 AM
geoname:1273865,Coimbatore,Tamil Nadu,India,Asia/Kolkata,1273865,Parsva Ekadashi,Shravanopavasa,SHRAVANOPAVASA,2026-09-22,2026-09-23,2026-09-24,06:11 AM,08:36 AM,POST_DWADASHI_FAST_DWADASHI_OVER_BEFORE_SUNRISE,POST_DWADASHI_UPAVASA,04:00 AM,2026-09-22,COMPLETE,2026-09-24,PARANA,Parsva Ekadashi,Upavaasa: 22-Sep-26 and 23-Sep-26 | Parana today: 06:11 AM to 08:36 AM,**Perform Parana today** between 06:11 AM and 08:36 AM. Upavaasa was observed on 22-Sep-26 and 23-Sep-26.,Parsva Ekadashi. Perform Parana today between 06:11 AM and 08:36 AM. Upavaasa was observed on 22-Sep-26 and 23-Sep-26. Upavaasa: 22-Sep-26 and 23-Sep-26 | Parana today: 06:11 AM to 08:36 AM
geoname:1272648,Dibrugarh,Assam,India,Asia/Kolkata,1272648,Parsva Ekadashi,Shravanopavasa,SHRAVANOPAVASA,2026-09-22,2026-09-23,2026-09-24,05:00 AM,07:25 AM,POST_DWADASHI_FAST_DWADASHI_OVER_BEFORE_SUNRISE,POST_DWADASHI_UPAVASA,04:00 AM,2026-09-22,COMPLETE,2026-09-24,PARANA,Parsva Ekadashi,Upavaasa: 22-Sep-26 and 23-Sep-26 | Parana today: 05:00 AM to 07:25 AM,**Perform Parana today** between 05:00 AM and 07:25 AM. Upavaasa was observed on 22-Sep-26 and 23-Sep-26.,Parsva Ekadashi. Perform Parana today between 05:00 AM and 07:25 AM. Upavaasa was observed on 22-Sep-26 and 23-Sep-26. Upavaasa: 22-Sep-26 and 23-Sep-26 | Parana today: 05:00 AM to 07:25 AM
geoname:1272552,Dimapur,Nagaland,India,Asia/Kolkata,1272552,Parsva Ekadashi,Shravanopavasa,SHRAVANOPAVASA,2026-09-22,2026-09-23,2026-09-24,05:04 AM,07:29 AM,POST_DWADASHI_FAST_DWADASHI_OVER_BEFORE_SUNRISE,POST_DWADASHI_UPAVASA,04:00 AM,2026-09-22,COMPLETE,2026-09-24,PARANA,Parsva Ekadashi,Upavaasa: 22-Sep-26 and 23-Sep-26 | Parana today: 05:04 AM to 07:29 AM,**Perform Parana today** between 05:04 AM and 07:29 AM. Upavaasa was observed on 22-Sep-26 and 23-Sep-26.,Parsva Ekadashi. Perform Parana today between 05:04 AM and 07:29 AM. Upavaasa was observed on 22-Sep-26 and 23-Sep-26. Upavaasa: 22-Sep-26 and 23-Sep-26 | Parana today: 05:04 AM to 07:29 AM
geoname:290030,Doha,Baladīyat ad Dawḩah,Qatar,Asia/Qatar,290030,Parsva Ekadashi,Shravanopavasa,SHRAVANOPAVASA,2026-09-22,2026-09-23,2026-09-24,05:23 AM,07:48 AM,POST_DWADASHI_FAST_DWADASHI_OVER_BEFORE_SUNRISE,POST_DWADASHI_UPAVASA,01:30 AM,2026-09-22,COMPLETE,2026-09-24,PARANA,Parsva Ekadashi,Upavaasa: 22-Sep-26 and 23-Sep-26 | Parana today: 05:23 AM to 07:48 AM,**Perform Parana today** between 05:23 AM and 07:48 AM. Upavaasa was observed on 22-Sep-26 and 23-Sep-26.,Parsva Ekadashi. Perform Parana today between 05:23 AM and 07:48 AM. Upavaasa was observed on 22-Sep-26 and 23-Sep-26. Upavaasa: 22-Sep-26 and 23-Sep-26 | Parana today: 05:23 AM to 07:48 AM
geoname:292223,Dubai,Dubai,United Arab Emirates,Asia/Dubai,292223,Parsva Ekadashi,Shravanopavasa,SHRAVANOPAVASA,2026-09-22,2026-09-23,2026-09-24,06:09 AM,08:34 AM,POST_DWADASHI_FAST_DWADASHI_OVER_BEFORE_SUNRISE,POST_DWADASHI_UPAVASA,02:30 AM,2026-09-22,COMPLETE,2026-09-24,PARANA,Parsva Ekadashi,Upavaasa: 22-Sep-26 and 23-Sep-26 | Parana today: 06:09 AM to 08:34 AM,**Perform Parana today** between 06:09 AM and 08:34 AM. Upavaasa was observed on 22-Sep-26 and 23-Sep-26.,Parsva Ekadashi. Perform Parana today between 06:09 AM and 08:34 AM. Upavaasa was observed on 22-Sep-26 and 23-Sep-26. Upavaasa: 22-Sep-26 and 23-Sep-26 | Parana today: 06:09 AM to 08:34 AM
geoname:1271631,Gangtok,Sikkim,India,Asia/Kolkata,1271631,Parsva Ekadashi,Shravanopavasa,SHRAVANOPAVASA,2026-09-22,2026-09-23,2026-09-24,05:25 AM,07:50 AM,POST_DWADASHI_FAST_DWADASHI_OVER_BEFORE_SUNRISE,POST_DWADASHI_UPAVASA,04:00 AM,2026-09-22,COMPLETE,2026-09-24,PARANA,Parsva Ekadashi,Upavaasa: 22-Sep-26 and 23-Sep-26 | Parana today: 05:25 AM to 07:50 AM,**Perform Parana today** between 05:25 AM and 07:50 AM. Upavaasa was observed on 22-Sep-26 and 23-Sep-26.,Parsva Ekadashi. Perform Parana today between 05:25 AM and 07:50 AM. Upavaasa was observed on 22-Sep-26 and 23-Sep-26. Upavaasa: 22-Sep-26 and 23-Sep-26 | Parana today: 05:25 AM to 07:50 AM
geoname:1270603,Guruvayur,Kerala,India,Asia/Kolkata,1270603,Parsva Ekadashi,Shravanopavasa,SHRAVANOPAVASA,2026-09-22,2026-09-23,2026-09-24,06:15 AM,08:40 AM,POST_DWADASHI_FAST_DWADASHI_OVER_BEFORE_SUNRISE,POST_DWADASHI_UPAVASA,04:00 AM,2026-09-22,COMPLETE,2026-09-24,PARANA,Parsva Ekadashi,Upavaasa: 22-Sep-26 and 23-Sep-26 | Parana today: 06:15 AM to 08:40 AM,**Perform Parana today** between 06:15 AM and 08:40 AM. Upavaasa was observed on 22-Sep-26 and 23-Sep-26.,Parsva Ekadashi. Perform Parana today between 06:15 AM and 08:40 AM. Upavaasa was observed on 22-Sep-26 and 23-Sep-26. Upavaasa: 22-Sep-26 and 23-Sep-26 | Parana today: 06:15 AM to 08:40 AM
geoname:1271476,Guwahati,Assam,India,Asia/Kolkata,1271476,Parsva Ekadashi,Shravanopavasa,SHRAVANOPAVASA,2026-09-22,2026-09-23,2026-09-24,05:12 AM,07:37 AM,POST_DWADASHI_FAST_DWADASHI_OVER_BEFORE_SUNRISE,POST_DWADASHI_UPAVASA,04:00 AM,2026-09-22,COMPLETE,2026-09-24,PARANA,Parsva Ekadashi,Upavaasa: 22-Sep-26 and 23-Sep-26 | Parana today: 05:12 AM to 07:37 AM,**Perform Parana today** between 05:12 AM and 07:37 AM. Upavaasa was observed on 22-Sep-26 and 23-Sep-26.,Parsva Ekadashi. Perform Parana today between 05:12 AM and 07:37 AM. Upavaasa was observed on 22-Sep-26 and 23-Sep-26. Upavaasa: 22-Sep-26 and 23-Sep-26 | Parana today: 05:12 AM to 07:37 AM
geoname:1269920,Hubli,Karnataka,India,Asia/Kolkata,1269920,Parsva Ekadashi,Shravanopavasa,SHRAVANOPAVASA,2026-09-22,2026-09-23,2026-09-24,06:19 AM,08:44 AM,POST_DWADASHI_FAST_DWADASHI_OVER_BEFORE_SUNRISE,POST_DWADASHI_UPAVASA,04:00 AM,2026-09-22,COMPLETE,2026-09-24,PARANA,Parsva Ekadashi,Upavaasa: 22-Sep-26 and 23-Sep-26 | Parana today: 06:19 AM to 08:44 AM,**Perform Parana today** between 06:19 AM and 08:44 AM. Upavaasa was observed on 22-Sep-26 and 23-Sep-26.,Parsva Ekadashi. Perform Parana today between 06:19 AM and 08:44 AM. Upavaasa was observed on 22-Sep-26 and 23-Sep-26. Upavaasa: 22-Sep-26 and 23-Sep-26 | Parana today: 06:19 AM to 08:44 AM
geoname:1269843,Hyderabad,Telangana,India,Asia/Kolkata,1269843,Parsva Ekadashi,Shravanopavasa,SHRAVANOPAVASA,2026-09-22,2026-09-23,2026-09-24,06:05 AM,08:30 AM,POST_DWADASHI_FAST_DWADASHI_OVER_BEFORE_SUNRISE,POST_DWADASHI_UPAVASA,04:00 AM,2026-09-22,COMPLETE,2026-09-24,PARANA,Parsva Ekadashi,Upavaasa: 22-Sep-26 and 23-Sep-26 | Parana today: 06:05 AM to 08:30 AM,**Perform Parana today** between 06:05 AM and 08:30 AM. Upavaasa was observed on 22-Sep-26 and 23-Sep-26.,Parsva Ekadashi. Perform Parana today between 06:05 AM and 08:30 AM. Upavaasa was observed on 22-Sep-26 and 23-Sep-26. Upavaasa: 22-Sep-26 and 23-Sep-26 | Parana today: 06:05 AM to 08:30 AM
geoname:1269771,Imphal,Manipur,India,Asia/Kolkata,1269771,Parsva Ekadashi,Shravanopavasa,SHRAVANOPAVASA,2026-09-22,2026-09-23,2026-09-24,05:03 AM,07:28 AM,POST_DWADASHI_FAST_DWADASHI_OVER_BEFORE_SUNRISE,POST_DWADASHI_UPAVASA,04:00 AM,2026-09-22,COMPLETE,2026-09-24,PARANA,Parsva Ekadashi,Upavaasa: 22-Sep-26 and 23-Sep-26 | Parana today: 05:03 AM to 07:28 AM,**Perform Parana today** between 05:03 AM and 07:28 AM. Upavaasa was observed on 22-Sep-26 and 23-Sep-26.,Parsva Ekadashi. Perform Parana today between 05:03 AM and 07:28 AM. Upavaasa was observed on 22-Sep-26 and 23-Sep-26. Upavaasa: 22-Sep-26 and 23-Sep-26 | Parana today: 05:03 AM to 07:28 AM
geoname:1269655,Itanagar,Arunachal Pradesh,India,Asia/Kolkata,1269655,Parsva Ekadashi,Shravanopavasa,SHRAVANOPAVASA,2026-09-22,2026-09-23,2026-09-24,05:05 AM,07:30 AM,POST_DWADASHI_FAST_DWADASHI_OVER_BEFORE_SUNRISE,POST_DWADASHI_UPAVASA,04:00 AM,2026-09-22,COMPLETE,2026-09-24,PARANA,Parsva Ekadashi,Upavaasa: 22-Sep-26 and 23-Sep-26 | Parana today: 05:05 AM to 07:30 AM,**Perform Parana today** between 05:05 AM and 07:30 AM. Upavaasa was observed on 22-Sep-26 and 23-Sep-26.,Parsva Ekadashi. Perform Parana today between 05:05 AM and 07:30 AM. Upavaasa was observed on 22-Sep-26 and 23-Sep-26. Upavaasa: 22-Sep-26 and 23-Sep-26 | Parana today: 05:05 AM to 07:30 AM
geoname:1268159,Kanchipuram,Tamil Nadu,India,Asia/Kolkata,1268159,Parsva Ekadashi,Shravanopavasa,SHRAVANOPAVASA,2026-09-22,2026-09-23,2026-09-24,06:00 AM,08:25 AM,POST_DWADASHI_FAST_DWADASHI_OVER_BEFORE_SUNRISE,POST_DWADASHI_UPAVASA,04:00 AM,2026-09-22,COMPLETE,2026-09-24,PARANA,Parsva Ekadashi,Upavaasa: 22-Sep-26 and 23-Sep-26 | Parana today: 06:00 AM to 08:25 AM,**Perform Parana today** between 06:00 AM and 08:25 AM. Upavaasa was observed on 22-Sep-26 and 23-Sep-26.,Parsva Ekadashi. Perform Parana today between 06:00 AM and 08:25 AM. Upavaasa was observed on 22-Sep-26 and 23-Sep-26. Upavaasa: 22-Sep-26 and 23-Sep-26 | Parana today: 06:00 AM to 08:25 AM
geoname:1266285,Kolhapur,Maharashtra,India,Asia/Kolkata,1266285,Parsva Ekadashi,Shravanopavasa,SHRAVANOPAVASA,2026-09-22,2026-09-23,2026-09-24,06:22 AM,08:47 AM,POST_DWADASHI_FAST_DWADASHI_OVER_BEFORE_SUNRISE,POST_DWADASHI_UPAVASA,04:00 AM,2026-09-22,COMPLETE,2026-09-24,PARANA,Parsva Ekadashi,Upavaasa: 22-Sep-26 and 23-Sep-26 | Parana today: 06:22 AM to 08:47 AM,**Perform Parana today** between 06:22 AM and 08:47 AM. Upavaasa was observed on 22-Sep-26 and 23-Sep-26.,Parsva Ekadashi. Perform Parana today between 06:22 AM and 08:47 AM. Upavaasa was observed on 22-Sep-26 and 23-Sep-26. Upavaasa: 22-Sep-26 and 23-Sep-26 | Parana today: 06:22 AM to 08:47 AM
geoname:1275004,Kolkata,West Bengal,India,Asia/Kolkata,1275004,Parsva Ekadashi,Shravanopavasa,SHRAVANOPAVASA,2026-09-22,2026-09-23,2026-09-24,05:26 AM,07:51 AM,POST_DWADASHI_FAST_DWADASHI_OVER_BEFORE_SUNRISE,POST_DWADASHI_UPAVASA,04:00 AM,2026-09-22,COMPLETE,2026-09-24,PARANA,Parsva Ekadashi,Upavaasa: 22-Sep-26 and 23-Sep-26 | Parana today: 05:26 AM to 07:51 AM,**Perform Parana today** between 05:26 AM and 07:51 AM. Upavaasa was observed on 22-Sep-26 and 23-Sep-26.,Parsva Ekadashi. Perform Parana today between 05:26 AM and 07:51 AM. Upavaasa was observed on 22-Sep-26 and 23-Sep-26. Upavaasa: 22-Sep-26 and 23-Sep-26 | Parana today: 05:26 AM to 07:51 AM
geoname:1265683,Kumbakonam,Tamil Nadu,India,Asia/Kolkata,1265683,Parsva Ekadashi,Shravanopavasa,SHRAVANOPAVASA,2026-09-22,2026-09-23,2026-09-24,06:01 AM,08:26 AM,POST_DWADASHI_FAST_DWADASHI_OVER_BEFORE_SUNRISE,POST_DWADASHI_UPAVASA,04:00 AM,2026-09-22,COMPLETE,2026-09-24,PARANA,Parsva Ekadashi,Upavaasa: 22-Sep-26 and 23-Sep-26 | Parana today: 06:01 AM to 08:26 AM,**Perform Parana today** between 06:01 AM and 08:26 AM. Upavaasa was observed on 22-Sep-26 and 23-Sep-26.,Parsva Ekadashi. Perform Parana today between 06:01 AM and 08:26 AM. Upavaasa was observed on 22-Sep-26 and 23-Sep-26. Upavaasa: 22-Sep-26 and 23-Sep-26 | Parana today: 06:01 AM to 08:26 AM
geoname:285787,Kuwait,Al Asimah,Kuwait,Asia/Kuwait,285787,Parsva Ekadashi,Shravanopavasa,SHRAVANOPAVASA,2026-09-22,2026-09-23,2026-09-24,05:37 AM,08:02 AM,POST_DWADASHI_FAST_DWADASHI_OVER_BEFORE_SUNRISE,POST_DWADASHI_UPAVASA,01:30 AM,2026-09-22,COMPLETE,2026-09-24,PARANA,Parsva Ekadashi,Upavaasa: 22-Sep-26 and 23-Sep-26 | Parana today: 05:37 AM to 08:02 AM,**Perform Parana today** between 05:37 AM and 08:02 AM. Upavaasa was observed on 22-Sep-26 and 23-Sep-26.,Parsva Ekadashi. Perform Parana today between 05:37 AM and 08:02 AM. Upavaasa was observed on 22-Sep-26 and 23-Sep-26. Upavaasa: 22-Sep-26 and 23-Sep-26 | Parana today: 05:37 AM to 08:02 AM
geoname:1264733,Lucknow,Uttar Pradesh,India,Asia/Kolkata,1264733,Parsva Ekadashi,Shravanopavasa,SHRAVANOPAVASA,2026-09-22,2026-09-23,2026-09-24,05:55 AM,08:20 AM,POST_DWADASHI_FAST_DWADASHI_OVER_BEFORE_SUNRISE,POST_DWADASHI_UPAVASA,04:00 AM,2026-09-22,COMPLETE,2026-09-24,PARANA,Parsva Ekadashi,Upavaasa: 22-Sep-26 and 23-Sep-26 | Parana today: 05:55 AM to 08:20 AM,**Perform Parana today** between 05:55 AM and 08:20 AM. Upavaasa was observed on 22-Sep-26 and 23-Sep-26.,Parsva Ekadashi. Perform Parana today between 05:55 AM and 08:20 AM. Upavaasa was observed on 22-Sep-26 and 23-Sep-26. Upavaasa: 22-Sep-26 and 23-Sep-26 | Parana today: 05:55 AM to 08:20 AM
geoname:1264521,Madurai,Tamil Nadu,India,Asia/Kolkata,1264521,Parsva Ekadashi,Shravanopavasa,SHRAVANOPAVASA,2026-09-22,2026-09-23,2026-09-24,06:07 AM,08:32 AM,POST_DWADASHI_FAST_DWADASHI_OVER_BEFORE_SUNRISE,POST_DWADASHI_UPAVASA,04:00 AM,2026-09-22,COMPLETE,2026-09-24,PARANA,Parsva Ekadashi,Upavaasa: 22-Sep-26 and 23-Sep-26 | Parana today: 06:07 AM to 08:32 AM,**Perform Parana today** between 06:07 AM and 08:32 AM. Upavaasa was observed on 22-Sep-26 and 23-Sep-26.,Parsva Ekadashi. Perform Parana today between 06:07 AM and 08:32 AM. Upavaasa was observed on 22-Sep-26 and 23-Sep-26. Upavaasa: 22-Sep-26 and 23-Sep-26 | Parana today: 06:07 AM to 08:32 AM
geoname:1263780,Mangalore,Karnataka,India,Asia/Kolkata,1263780,Parsva Ekadashi,Shravanopavasa,SHRAVANOPAVASA,2026-09-22,2026-09-23,2026-09-24,06:20 AM,08:45 AM,POST_DWADASHI_FAST_DWADASHI_OVER_BEFORE_SUNRISE,POST_DWADASHI_UPAVASA,04:00 AM,2026-09-22,COMPLETE,2026-09-24,PARANA,Parsva Ekadashi,Upavaasa: 22-Sep-26 and 23-Sep-26 | Parana today: 06:20 AM to 08:45 AM,**Perform Parana today** between 06:20 AM and 08:45 AM. Upavaasa was observed on 22-Sep-26 and 23-Sep-26.,Parsva Ekadashi. Perform Parana today between 06:20 AM and 08:45 AM. Upavaasa was observed on 22-Sep-26 and 23-Sep-26. Upavaasa: 22-Sep-26 and 23-Sep-26 | Parana today: 06:20 AM to 08:45 AM
geoname:2158177,Melbourne,Victoria,Australia,Australia/Melbourne,2158177,Parsva Ekadashi,Shravanopavasa,SHRAVANOPAVASA,2026-09-22,2026-09-23,2026-09-24,06:07 AM,08:33 AM,POST_DWADASHI_FAST_DWADASHI_OVER_BEFORE_SUNRISE,POST_DWADASHI_UPAVASA,08:30 AM,2026-09-22,COMPLETE,2026-09-24,PARANA,Parsva Ekadashi,Upavaasa: 22-Sep-26 and 23-Sep-26 | Parana today: 06:07 AM to 08:33 AM,**Perform Parana today** between 06:07 AM and 08:33 AM. Upavaasa was observed on 22-Sep-26 and 23-Sep-26.,Parsva Ekadashi. Perform Parana today between 06:07 AM and 08:33 AM. Upavaasa was observed on 22-Sep-26 and 23-Sep-26. Upavaasa: 22-Sep-26 and 23-Sep-26 | Parana today: 06:07 AM to 08:33 AM
geoname:1275339,Mumbai,Maharashtra,India,Asia/Kolkata,1275339,Parsva Ekadashi,Shravanopavasa,SHRAVANOPAVASA,2026-09-22,2026-09-23,2026-09-24,06:28 AM,08:53 AM,POST_DWADASHI_FAST_DWADASHI_OVER_BEFORE_SUNRISE,POST_DWADASHI_UPAVASA,04:00 AM,2026-09-22,COMPLETE,2026-09-24,PARANA,Parsva Ekadashi,Upavaasa: 22-Sep-26 and 23-Sep-26 | Parana today: 06:28 AM to 08:53 AM,**Perform Parana today** between 06:28 AM and 08:53 AM. Upavaasa was observed on 22-Sep-26 and 23-Sep-26.,Parsva Ekadashi. Perform Parana today between 06:28 AM and 08:53 AM. Upavaasa was observed on 22-Sep-26 and 23-Sep-26. Upavaasa: 22-Sep-26 and 23-Sep-26 | Parana today: 06:28 AM to 08:53 AM
geoname:1262321,Mysuru,Karnataka,India,Asia/Kolkata,1262321,Parsva Ekadashi,Shravanopavasa,SHRAVANOPAVASA,2026-09-22,2026-09-23,2026-09-24,06:13 AM,08:38 AM,POST_DWADASHI_FAST_DWADASHI_OVER_BEFORE_SUNRISE,POST_DWADASHI_UPAVASA,04:00 AM,2026-09-22,COMPLETE,2026-09-24,PARANA,Parsva Ekadashi,Upavaasa: 22-Sep-26 and 23-Sep-26 | Parana today: 06:13 AM to 08:38 AM,**Perform Parana today** between 06:13 AM and 08:38 AM. Upavaasa was observed on 22-Sep-26 and 23-Sep-26.,Parsva Ekadashi. Perform Parana today between 06:13 AM and 08:38 AM. Upavaasa was observed on 22-Sep-26 and 23-Sep-26. Upavaasa: 22-Sep-26 and 23-Sep-26 | Parana today: 06:13 AM to 08:38 AM
geoname:1262180,Nagpur,Maharashtra,India,Asia/Kolkata,1262180,Parsva Ekadashi,Shravanopavasa,SHRAVANOPAVASA,2026-09-22,2026-09-23,2026-09-24,06:03 AM,08:28 AM,POST_DWADASHI_FAST_DWADASHI_OVER_BEFORE_SUNRISE,POST_DWADASHI_UPAVASA,04:00 AM,2026-09-22,COMPLETE,2026-09-24,PARANA,Parsva Ekadashi,Upavaasa: 22-Sep-26 and 23-Sep-26 | Parana today: 06:03 AM to 08:28 AM,**Perform Parana today** between 06:03 AM and 08:28 AM. Upavaasa was observed on 22-Sep-26 and 23-Sep-26.,Parsva Ekadashi. Perform Parana today between 06:03 AM and 08:28 AM. Upavaasa was observed on 22-Sep-26 and 23-Sep-26. Upavaasa: 22-Sep-26 and 23-Sep-26 | Parana today: 06:03 AM to 08:28 AM
geoname:1260546,Pandharpur,Maharashtra,India,Asia/Kolkata,1260546,Parsva Ekadashi,Shravanopavasa,SHRAVANOPAVASA,2026-09-22,2026-09-23,2026-09-24,06:18 AM,08:43 AM,POST_DWADASHI_FAST_DWADASHI_OVER_BEFORE_SUNRISE,POST_DWADASHI_UPAVASA,04:00 AM,2026-09-22,COMPLETE,2026-09-24,PARANA,Parsva Ekadashi,Upavaasa: 22-Sep-26 and 23-Sep-26 | Parana today: 06:18 AM to 08:43 AM,**Perform Parana today** between 06:18 AM and 08:43 AM. Upavaasa was observed on 22-Sep-26 and 23-Sep-26.,Parsva Ekadashi. Perform Parana today between 06:18 AM and 08:43 AM. Upavaasa was observed on 22-Sep-26 and 23-Sep-26. Upavaasa: 22-Sep-26 and 23-Sep-26 | Parana today: 06:18 AM to 08:43 AM
geoname:2063523,Perth,Western Australia,Australia,Australia/Perth,2063523,Parsva Ekadashi,Shravanopavasa,SHRAVANOPAVASA,2026-09-22,2026-09-23,2026-09-24,06:04 AM,08:30 AM,POST_DWADASHI_FAST_DWADASHI_OVER_BEFORE_SUNRISE,POST_DWADASHI_UPAVASA,06:30 AM,2026-09-22,COMPLETE,2026-09-24,PARANA,Parsva Ekadashi,Upavaasa: 22-Sep-26 and 23-Sep-26 | Parana today: 06:04 AM to 08:30 AM,**Perform Parana today** between 06:04 AM and 08:30 AM. Upavaasa was observed on 22-Sep-26 and 23-Sep-26.,Parsva Ekadashi. Perform Parana today between 06:04 AM and 08:30 AM. Upavaasa was observed on 22-Sep-26 and 23-Sep-26. Upavaasa: 22-Sep-26 and 23-Sep-26 | Parana today: 06:04 AM to 08:30 AM
geoname:1278994,Prayagraj,Uttar Pradesh,India,Asia/Kolkata,1278994,Parsva Ekadashi,Shravanopavasa,SHRAVANOPAVASA,2026-09-22,2026-09-23,2026-09-24,05:52 AM,08:17 AM,POST_DWADASHI_FAST_DWADASHI_OVER_BEFORE_SUNRISE,POST_DWADASHI_UPAVASA,04:00 AM,2026-09-22,COMPLETE,2026-09-24,PARANA,Parsva Ekadashi,Upavaasa: 22-Sep-26 and 23-Sep-26 | Parana today: 05:52 AM to 08:17 AM,**Perform Parana today** between 05:52 AM and 08:17 AM. Upavaasa was observed on 22-Sep-26 and 23-Sep-26.,Parsva Ekadashi. Perform Parana today between 05:52 AM and 08:17 AM. Upavaasa was observed on 22-Sep-26 and 23-Sep-26. Upavaasa: 22-Sep-26 and 23-Sep-26 | Parana today: 05:52 AM to 08:17 AM
geoname:1259229,Pune,Maharashtra,India,Asia/Kolkata,1259229,Parsva Ekadashi,Shravanopavasa,SHRAVANOPAVASA,2026-09-22,2026-09-23,2026-09-24,06:24 AM,08:49 AM,POST_DWADASHI_FAST_DWADASHI_OVER_BEFORE_SUNRISE,POST_DWADASHI_UPAVASA,04:00 AM,2026-09-22,COMPLETE,2026-09-24,PARANA,Parsva Ekadashi,Upavaasa: 22-Sep-26 and 23-Sep-26 | Parana today: 06:24 AM to 08:49 AM,**Perform Parana today** between 06:24 AM and 08:49 AM. Upavaasa was observed on 22-Sep-26 and 23-Sep-26.,Parsva Ekadashi. Perform Parana today between 06:24 AM and 08:49 AM. Upavaasa was observed on 22-Sep-26 and 23-Sep-26. Upavaasa: 22-Sep-26 and 23-Sep-26 | Parana today: 06:24 AM to 08:49 AM
geoname:1835848,Seoul,Seoul,South Korea,Asia/Seoul,1835848,Parsva Ekadashi,Shravanopavasa,SHRAVANOPAVASA,2026-09-22,2026-09-23,2026-09-24,06:21 AM,08:46 AM,POST_DWADASHI_FAST_DWADASHI_OVER_BEFORE_SUNRISE,POST_DWADASHI_UPAVASA,07:30 AM,2026-09-22,COMPLETE,2026-09-24,PARANA,Parsva Ekadashi,Upavaasa: 22-Sep-26 and 23-Sep-26 | Parana today: 06:21 AM to 08:46 AM,**Perform Parana today** between 06:21 AM and 08:46 AM. Upavaasa was observed on 22-Sep-26 and 23-Sep-26.,Parsva Ekadashi. Perform Parana today between 06:21 AM and 08:46 AM. Upavaasa was observed on 22-Sep-26 and 23-Sep-26. Upavaasa: 22-Sep-26 and 23-Sep-26 | Parana today: 06:21 AM to 08:46 AM
geoname:1256525,Shiliguri,West Bengal,India,Asia/Kolkata,1256525,Parsva Ekadashi,Shravanopavasa,SHRAVANOPAVASA,2026-09-22,2026-09-23,2026-09-24,05:25 AM,07:50 AM,POST_DWADASHI_FAST_DWADASHI_OVER_BEFORE_SUNRISE,POST_DWADASHI_UPAVASA,04:00 AM,2026-09-22,COMPLETE,2026-09-24,PARANA,Parsva Ekadashi,Upavaasa: 22-Sep-26 and 23-Sep-26 | Parana today: 05:25 AM to 07:50 AM,**Perform Parana today** between 05:25 AM and 07:50 AM. Upavaasa was observed on 22-Sep-26 and 23-Sep-26.,Parsva Ekadashi. Perform Parana today between 05:25 AM and 07:50 AM. Upavaasa was observed on 22-Sep-26 and 23-Sep-26. Upavaasa: 22-Sep-26 and 23-Sep-26 | Parana today: 05:25 AM to 07:50 AM
geoname:1256287,Silchar,Assam,India,Asia/Kolkata,1256287,Parsva Ekadashi,Shravanopavasa,SHRAVANOPAVASA,2026-09-22,2026-09-23,2026-09-24,05:08 AM,07:33 AM,POST_DWADASHI_FAST_DWADASHI_OVER_BEFORE_SUNRISE,POST_DWADASHI_UPAVASA,04:00 AM,2026-09-22,COMPLETE,2026-09-24,PARANA,Parsva Ekadashi,Upavaasa: 22-Sep-26 and 23-Sep-26 | Parana today: 05:08 AM to 07:33 AM,**Perform Parana today** between 05:08 AM and 07:33 AM. Upavaasa was observed on 22-Sep-26 and 23-Sep-26.,Parsva Ekadashi. Perform Parana today between 05:08 AM and 07:33 AM. Upavaasa was observed on 22-Sep-26 and 23-Sep-26. Upavaasa: 22-Sep-26 and 23-Sep-26 | Parana today: 05:08 AM to 07:33 AM
geoname:1255634,Srinagar,Jammu and Kashmir,India,Asia/Kolkata,1255634,Parsva Ekadashi,Shravanopavasa,SHRAVANOPAVASA,2026-09-22,2026-09-23,2026-09-24,06:20 AM,08:45 AM,POST_DWADASHI_FAST_DWADASHI_OVER_BEFORE_SUNRISE,POST_DWADASHI_UPAVASA,04:00 AM,2026-09-22,COMPLETE,2026-09-24,PARANA,Parsva Ekadashi,Upavaasa: 22-Sep-26 and 23-Sep-26 | Parana today: 06:20 AM to 08:45 AM,**Perform Parana today** between 06:20 AM and 08:45 AM. Upavaasa was observed on 22-Sep-26 and 23-Sep-26.,Parsva Ekadashi. Perform Parana today between 06:20 AM and 08:45 AM. Upavaasa was observed on 22-Sep-26 and 23-Sep-26. Upavaasa: 22-Sep-26 and 23-Sep-26 | Parana today: 06:20 AM to 08:45 AM
geoname:1254388,Srirangam,Tamil Nadu,India,Asia/Kolkata,1254388,Parsva Ekadashi,Shravanopavasa,SHRAVANOPAVASA,2026-09-22,2026-09-23,2026-09-24,06:04 AM,08:29 AM,POST_DWADASHI_FAST_DWADASHI_OVER_BEFORE_SUNRISE,POST_DWADASHI_UPAVASA,04:00 AM,2026-09-22,COMPLETE,2026-09-24,PARANA,Parsva Ekadashi,Upavaasa: 22-Sep-26 and 23-Sep-26 | Parana today: 06:04 AM to 08:29 AM,**Perform Parana today** between 06:04 AM and 08:29 AM. Upavaasa was observed on 22-Sep-26 and 23-Sep-26.,Parsva Ekadashi. Perform Parana today between 06:04 AM and 08:29 AM. Upavaasa was observed on 22-Sep-26 and 23-Sep-26. Upavaasa: 22-Sep-26 and 23-Sep-26 | Parana today: 06:04 AM to 08:29 AM
geoname:1255364,Surat,Gujarat,India,Asia/Kolkata,1255364,Parsva Ekadashi,Shravanopavasa,SHRAVANOPAVASA,2026-09-22,2026-09-23,2026-09-24,06:28 AM,08:53 AM,POST_DWADASHI_FAST_DWADASHI_OVER_BEFORE_SUNRISE,POST_DWADASHI_UPAVASA,04:00 AM,2026-09-22,COMPLETE,2026-09-24,PARANA,Parsva Ekadashi,Upavaasa: 22-Sep-26 and 23-Sep-26 | Parana today: 06:28 AM to 08:53 AM,**Perform Parana today** between 06:28 AM and 08:53 AM. Upavaasa was observed on 22-Sep-26 and 23-Sep-26.,Parsva Ekadashi. Perform Parana today between 06:28 AM and 08:53 AM. Upavaasa was observed on 22-Sep-26 and 23-Sep-26. Upavaasa: 22-Sep-26 and 23-Sep-26 | Parana today: 06:28 AM to 08:53 AM
geoname:2147714,Sydney,New South Wales,Australia,Australia/Sydney,2147714,Parsva Ekadashi,Shravanopavasa,SHRAVANOPAVASA,2026-09-22,2026-09-23,2026-09-24,05:42 AM,08:08 AM,POST_DWADASHI_FAST_DWADASHI_OVER_BEFORE_SUNRISE,POST_DWADASHI_UPAVASA,08:30 AM,2026-09-22,COMPLETE,2026-09-24,PARANA,Parsva Ekadashi,Upavaasa: 22-Sep-26 and 23-Sep-26 | Parana today: 05:42 AM to 08:08 AM,**Perform Parana today** between 05:42 AM and 08:08 AM. Upavaasa was observed on 22-Sep-26 and 23-Sep-26.,Parsva Ekadashi. Perform Parana today between 05:42 AM and 08:08 AM. Upavaasa was observed on 22-Sep-26 and 23-Sep-26. Upavaasa: 22-Sep-26 and 23-Sep-26 | Parana today: 05:42 AM to 08:08 AM
geoname:1262321,T Narasipura,Karnataka,India,Asia/Kolkata,1262321,Parsva Ekadashi,Shravanopavasa,SHRAVANOPAVASA,2026-09-22,2026-09-23,2026-09-24,06:13 AM,08:38 AM,POST_DWADASHI_FAST_DWADASHI_OVER_BEFORE_SUNRISE,POST_DWADASHI_UPAVASA,04:00 AM,2026-09-22,COMPLETE,2026-09-24,PARANA,Parsva Ekadashi,Upavaasa: 22-Sep-26 and 23-Sep-26 | Parana today: 06:13 AM to 08:38 AM,**Perform Parana today** between 06:13 AM and 08:38 AM. Upavaasa was observed on 22-Sep-26 and 23-Sep-26.,Parsva Ekadashi. Perform Parana today between 06:13 AM and 08:38 AM. Upavaasa was observed on 22-Sep-26 and 23-Sep-26. Upavaasa: 22-Sep-26 and 23-Sep-26 | Parana today: 06:13 AM to 08:38 AM
geoname:1254163,Thiruvananthapuram,Kerala,India,Asia/Kolkata,1254163,Parsva Ekadashi,Shravanopavasa,SHRAVANOPAVASA,2026-09-22,2026-09-23,2026-09-24,06:11 AM,08:36 AM,POST_DWADASHI_FAST_DWADASHI_OVER_BEFORE_SUNRISE,POST_DWADASHI_UPAVASA,04:00 AM,2026-09-22,COMPLETE,2026-09-24,PARANA,Parsva Ekadashi,Upavaasa: 22-Sep-26 and 23-Sep-26 | Parana today: 06:11 AM to 08:36 AM,**Perform Parana today** between 06:11 AM and 08:36 AM. Upavaasa was observed on 22-Sep-26 and 23-Sep-26.,Parsva Ekadashi. Perform Parana today between 06:11 AM and 08:36 AM. Upavaasa was observed on 22-Sep-26 and 23-Sep-26. Upavaasa: 22-Sep-26 and 23-Sep-26 | Parana today: 06:11 AM to 08:36 AM
geoname:1254360,Tirupati,Andhra Pradesh,India,Asia/Kolkata,1254360,Parsva Ekadashi,Shravanopavasa,SHRAVANOPAVASA,2026-09-22,2026-09-23,2026-09-24,06:01 AM,08:26 AM,POST_DWADASHI_FAST_DWADASHI_OVER_BEFORE_SUNRISE,POST_DWADASHI_UPAVASA,04:00 AM,2026-09-22,COMPLETE,2026-09-24,PARANA,Parsva Ekadashi,Upavaasa: 22-Sep-26 and 23-Sep-26 | Parana today: 06:01 AM to 08:26 AM,**Perform Parana today** between 06:01 AM and 08:26 AM. Upavaasa was observed on 22-Sep-26 and 23-Sep-26.,Parsva Ekadashi. Perform Parana today between 06:01 AM and 08:26 AM. Upavaasa was observed on 22-Sep-26 and 23-Sep-26. Upavaasa: 22-Sep-26 and 23-Sep-26 | Parana today: 06:01 AM to 08:26 AM
geoname:1253952,Udupi,Karnataka,India,Asia/Kolkata,1253952,Parsva Ekadashi,Shravanopavasa,SHRAVANOPAVASA,2026-09-22,2026-09-23,2026-09-24,06:20 AM,08:45 AM,POST_DWADASHI_FAST_DWADASHI_OVER_BEFORE_SUNRISE,POST_DWADASHI_UPAVASA,04:00 AM,2026-09-22,COMPLETE,2026-09-24,PARANA,Parsva Ekadashi,Upavaasa: 22-Sep-26 and 23-Sep-26 | Parana today: 06:20 AM to 08:45 AM,**Perform Parana today** between 06:20 AM and 08:45 AM. Upavaasa was observed on 22-Sep-26 and 23-Sep-26.,Parsva Ekadashi. Perform Parana today between 06:20 AM and 08:45 AM. Upavaasa was observed on 22-Sep-26 and 23-Sep-26. Upavaasa: 22-Sep-26 and 23-Sep-26 | Parana today: 06:20 AM to 08:45 AM
geoname:1253573,Vadodara,Gujarat,India,Asia/Kolkata,1253573,Parsva Ekadashi,Shravanopavasa,SHRAVANOPAVASA,2026-09-22,2026-09-23,2026-09-24,06:26 AM,08:51 AM,POST_DWADASHI_FAST_DWADASHI_OVER_BEFORE_SUNRISE,POST_DWADASHI_UPAVASA,04:00 AM,2026-09-22,COMPLETE,2026-09-24,PARANA,Parsva Ekadashi,Upavaasa: 22-Sep-26 and 23-Sep-26 | Parana today: 06:26 AM to 08:51 AM,**Perform Parana today** between 06:26 AM and 08:51 AM. Upavaasa was observed on 22-Sep-26 and 23-Sep-26.,Parsva Ekadashi. Perform Parana today between 06:26 AM and 08:51 AM. Upavaasa was observed on 22-Sep-26 and 23-Sep-26. Upavaasa: 22-Sep-26 and 23-Sep-26 | Parana today: 06:26 AM to 08:51 AM
geoname:1253405,Varanasi,Uttar Pradesh,India,Asia/Kolkata,1253405,Parsva Ekadashi,Shravanopavasa,SHRAVANOPAVASA,2026-09-22,2026-09-23,2026-09-24,05:47 AM,08:12 AM,POST_DWADASHI_FAST_DWADASHI_OVER_BEFORE_SUNRISE,POST_DWADASHI_UPAVASA,04:00 AM,2026-09-22,COMPLETE,2026-09-24,PARANA,Parsva Ekadashi,Upavaasa: 22-Sep-26 and 23-Sep-26 | Parana today: 05:47 AM to 08:12 AM,**Perform Parana today** between 05:47 AM and 08:12 AM. Upavaasa was observed on 22-Sep-26 and 23-Sep-26.,Parsva Ekadashi. Perform Parana today between 05:47 AM and 08:12 AM. Upavaasa was observed on 22-Sep-26 and 23-Sep-26. Upavaasa: 22-Sep-26 and 23-Sep-26 | Parana today: 05:47 AM to 08:12 AM
geoname:1253102,Visakhapatnam,Andra Pradesh,India,Asia/Kolkata,1253102,Parsva Ekadashi,Shravanopavasa,SHRAVANOPAVASA,2026-09-22,2026-09-23,2026-09-24,05:46 AM,08:11 AM,POST_DWADASHI_FAST_DWADASHI_OVER_BEFORE_SUNRISE,POST_DWADASHI_UPAVASA,04:00 AM,2026-09-22,COMPLETE,2026-09-24,PARANA,Parsva Ekadashi,Upavaasa: 22-Sep-26 and 23-Sep-26 | Parana today: 05:46 AM to 08:11 AM,**Perform Parana today** between 05:46 AM and 08:11 AM. Upavaasa was observed on 22-Sep-26 and 23-Sep-26.,Parsva Ekadashi. Perform Parana today between 05:46 AM and 08:11 AM. Upavaasa was observed on 22-Sep-26 and 23-Sep-26. Upavaasa: 22-Sep-26 and 23-Sep-26 | Parana today: 05:46 AM to 08:11 AM
geoname:2179537,Wellington,Wellington,New Zealand,Pacific/Auckland,2179537,Parsva Ekadashi,Shravanopavasa,SHRAVANOPAVASA,2026-09-22,2026-09-23,2026-09-24,06:08 AM,08:34 AM,POST_DWADASHI_FAST_DWADASHI_OVER_BEFORE_SUNRISE,POST_DWADASHI_UPAVASA,10:30 AM,2026-09-22,COMPLETE,2026-09-24,PARANA,Parsva Ekadashi,Upavaasa: 22-Sep-26 and 23-Sep-26 | Parana today: 06:08 AM to 08:34 AM,**Perform Parana today** between 06:08 AM and 08:34 AM. Upavaasa was observed on 22-Sep-26 and 23-Sep-26.,Parsva Ekadashi. Perform Parana today between 06:08 AM and 08:34 AM. Upavaasa was observed on 22-Sep-26 and 23-Sep-26. Upavaasa: 22-Sep-26 and 23-Sep-26 | Parana today: 06:08 AM to 08:34 AM
