City,State/Region,Country,Timezone,Place Key,Geoname ID,Ekadashi Name,Anchor Date,Audit Flow Message,Sunrise Tithi Sequence,Sunrise Nakshatra Sequence,Dashami End / Ekadashi Start,Ekadashi End / Dwadashi Start,Dwadashi End / Trayodashi Start,First Ekadashi Sunrise Date,First Ekadashi Sunrise,First Ekadashi Arunodaya,Valid Ekadashi Sunrise Dates,Dashami Viddha Sunrise Dates,Ekadashi Sunrise Evaluation,First Valid Ekadashi Sunrise Date,First Valid Ekadashi Sunrise,First Valid Ekadashi Arunodaya,First Dwadashi Sunrise Date,Dwadashi Sunrise Nakshatra,Dwadashi Q1 End / Hari Vasara End,Scan Start,Scan End,Dates Used,Fresh Scans This City,Completeness Status,Missing Parameters,Error,Ekadashi Type,Condition Code,Classification Explanation,Classification Flags,Upavaasa Date 1,Upavaasa Date 2,Parana Date,Parana Tithi Rule,Parana Branch,Parana Start,Parana End,Parana Note
Darmstadt,Hesse,Germany,Europe/Berlin,geoname:2938913,2938913,Parsva Ekadashi,2026-09-22,"Parsva Ekadashi - Darmstadt. Dashami ends and Ekadashi begins on 2026-09-21 04:30:00 PM CEST. On 22-Sep-26, Sooryodaya is 07:12 AM and Arunodaya is 05:36 AM. Ekadashi is present at sunrise and had begun before Arunodaya, so this is a valid Ekadashi sunrise. Ekadashi ends on 2026-09-22 06:13:00 PM CEST and does not remain through another sunrise. Ekadashi ends and Dwadashi begins on 2026-09-22 06:13:00 PM CEST. Dwadashi is present at Sooryodaya on 23-Sep-26 (Sooryodaya 07:13 AM). Dwadashi ends and Trayodashi begins on 2026-09-23 07:20:00 PM CEST. Therefore the Upavaasa is observed on 22-Sep-26. For Parana on 23-Sep-26, Sooryodaya is 07:13 AM, Pratah Kala ends at 09:39 AM, Dwadashi ends at 2026-09-23 07:20:00 PM CEST, and Hari Vasara ends at 2026-09-23 12:29:45 AM CEST. Hari Vasara ends before Sooryodaya, so there is no Hari-Vasara delay; Parana starts at Sooryodaya (07:13 AM). Pratah Kala ends at 09:39 AM, before Dwadashi ends; therefore Pratah Kala end is the limiting end time. Hence Parana is 07:13 AM to 09:39 AM.",2026-09-21:Dashami | 2026-09-22:Ekadashi | 2026-09-23:Dwadashi,2026-09-21:Uttara Ashadha | 2026-09-22:Shravana | 2026-09-23:Dhanishtha,2026-09-21 04:30:00 PM CEST,2026-09-22 06:13:00 PM CEST,2026-09-23 07:20:00 PM CEST,2026-09-22,07:12 AM,2026-09-22 05:36:00 AM CEST,2026-09-22,,2026-09-22:VALID (start 2026-09-21 04:30:00 PM CEST < Arunodaya 2026-09-22 05:36:00 AM CEST),2026-09-22,07:12 AM,2026-09-22 05:36:00 AM CEST,2026-09-23,Dhanishtha,2026-09-23 12:29:45 AM CEST,2026-09-21,2026-09-23,2026-09-21 | 2026-09-22 | 2026-09-23,0,COMPLETE,,,Normal Ekadashi,NORMAL,Ekadashi began before Arunodaya and has one valid Ekadashi sunrise. No two-day exception is triggered.,2026-09-22:VALID (start 2026-09-21 04:30:00 PM CEST < Arunodaya 2026-09-22 05:36:00 AM CEST),2026-09-22,,2026-09-23,DWADASHI,PRATAH,2026-09-23 07:13:00 AM CEST,2026-09-23 09:38:48 AM CEST,Hari Vasara ended before Parana-day sunrise; Parana is sunrise to Pratah end.
Kuwait,Al Asimah,Kuwait,Asia/Kuwait,geoname:285787,285787,Parsva Ekadashi,2026-09-22,"Parsva Ekadashi - Kuwait. Dashami ends and Ekadashi begins on 2026-09-21 05:30:00 PM +03. On 22-Sep-26, Sooryodaya is 05:36 AM and Arunodaya is 04:00 AM. Ekadashi is present at sunrise and had begun before Arunodaya, so this is a valid Ekadashi sunrise. Ekadashi ends on 2026-09-22 07:13:00 PM +03 and does not remain through another sunrise. Ekadashi ends and Dwadashi begins on 2026-09-22 07:13:00 PM +03. Dwadashi is present at Sooryodaya on 23-Sep-26 (Sooryodaya 05:37 AM). Dwadashi ends and Trayodashi begins on 2026-09-23 08:20:00 PM +03. Therefore the Upavaasa is observed on 22-Sep-26 and 23-Sep-26. For Parana on 24-Sep-26, Sooryodaya is 05:37 AM, Pratah Kala ends at 08:02 AM, Dwadashi ends at 2026-09-23 08:20:00 PM +03, and Hari Vasara ends at 2026-09-23 01:29:45 AM +03. Because the Upavaasa itself was observed on Dwadashi, Hari Vasara is not used to delay the Parana start on the following morning. Dwadashi has already ended before Sooryodaya, so Parana starts at Sooryodaya (05:37 AM). Since Dwadashi is already over, the available morning limit is the end of Pratah Kala (08:02 AM). Hence Parana is 05:37 AM to 08:02 AM.",2026-09-21:Dashami | 2026-09-22:Ekadashi | 2026-09-23:Dwadashi | 2026-09-24:Trayodashi,2026-09-21:Uttara Ashadha | 2026-09-22:Shravana | 2026-09-23:Shravana | 2026-09-24:Dhanishtha,2026-09-21 05:30:00 PM +03,2026-09-22 07:13:00 PM +03,2026-09-23 08:20:00 PM +03,2026-09-22,05:36 AM,2026-09-22 04:00:00 AM +03,2026-09-22,,2026-09-22:VALID (start 2026-09-21 05:30:00 PM +03 < Arunodaya 2026-09-22 04:00:00 AM +03),2026-09-22,05:36 AM,2026-09-22 04:00:00 AM +03,2026-09-23,Shravana,2026-09-23 01:29:45 AM +03,2026-09-21,2026-09-24,2026-09-21 | 2026-09-22 | 2026-09-23 | 2026-09-24,0,COMPLETE,,,Shravanopavasa,SHRAVANOPAVASA,A valid Ekadashi sunrise is followed by Dwadashi sunrise with Shravana Nakshatra. Observe Upavaasa on both days.,2026-09-22:VALID (start 2026-09-21 05:30:00 PM +03 < Arunodaya 2026-09-22 04:00:00 AM +03),2026-09-22,2026-09-23,2026-09-24,POST_DWADASHI_UPAVASA,POST_DWADASHI_FAST_DWADASHI_OVER_BEFORE_SUNRISE,2026-09-24 05:37:00 AM +03,2026-09-24 08:02:00 AM +03,Dwadashi ended before Parana-day sunrise; Parana is sunrise to Pratah end.
Coimbatore,Tamil Nadu,India,Asia/Kolkata,geoname:1273865,1273865,Parsva Ekadashi,2026-09-22,"Parsva Ekadashi - Coimbatore. Dashami ends and Ekadashi begins on 2026-09-21 08:00:00 PM IST. On 22-Sep-26, Sooryodaya is 06:11 AM and Arunodaya is 04:35 AM. Ekadashi is present at sunrise and had begun before Arunodaya, so this is a valid Ekadashi sunrise. Ekadashi ends on 2026-09-22 09:43:00 PM IST and does not remain through another sunrise. Ekadashi ends and Dwadashi begins on 2026-09-22 09:43:00 PM IST. Dwadashi is present at Sooryodaya on 23-Sep-26 (Sooryodaya 06:11 AM). Dwadashi ends and Trayodashi begins on 2026-09-23 10:50:00 PM IST. Therefore the Upavaasa is observed on 22-Sep-26 and 23-Sep-26. For Parana on 24-Sep-26, Sooryodaya is 06:11 AM, Pratah Kala ends at 08:36 AM, Dwadashi ends at 2026-09-23 10:50:00 PM IST, and Hari Vasara ends at 2026-09-23 03:59:45 AM IST. Because the Upavaasa itself was observed on Dwadashi, Hari Vasara is not used to delay the Parana start on the following morning. Dwadashi has already ended before Sooryodaya, so Parana starts at Sooryodaya (06:11 AM). Since Dwadashi is already over, the available morning limit is the end of Pratah Kala (08:36 AM). Hence Parana is 06:11 AM to 08:36 AM.",2026-09-21:Dashami | 2026-09-22:Ekadashi | 2026-09-23:Dwadashi | 2026-09-24:Trayodashi,2026-09-21:Uttara Ashadha | 2026-09-22:Uttara Ashadha | 2026-09-23:Shravana | 2026-09-24:Dhanishtha,2026-09-21 08:00:00 PM IST,2026-09-22 09:43:00 PM IST,2026-09-23 10:50:00 PM IST,2026-09-22,06:11 AM,2026-09-22 04:35:00 AM IST,2026-09-22,,2026-09-22:VALID (start 2026-09-21 08:00:00 PM IST < Arunodaya 2026-09-22 04:35:00 AM IST),2026-09-22,06:11 AM,2026-09-22 04:35:00 AM IST,2026-09-23,Shravana,2026-09-23 03:59:45 AM IST,2026-09-21,2026-09-24,2026-09-21 | 2026-09-22 | 2026-09-23 | 2026-09-24,0,COMPLETE,,,Shravanopavasa,SHRAVANOPAVASA,A valid Ekadashi sunrise is followed by Dwadashi sunrise with Shravana Nakshatra. Observe Upavaasa on both days.,2026-09-22:VALID (start 2026-09-21 08:00:00 PM IST < Arunodaya 2026-09-22 04:35:00 AM IST),2026-09-22,2026-09-23,2026-09-24,POST_DWADASHI_UPAVASA,POST_DWADASHI_FAST_DWADASHI_OVER_BEFORE_SUNRISE,2026-09-24 06:11:00 AM IST,2026-09-24 08:36:12 AM IST,Dwadashi ended before Parana-day sunrise; Parana is sunrise to Pratah end.
Windsor,Ontario,Canada,America/New_York,geoname:6182962,6182962,Parsva Ekadashi,2026-09-22,"Parsva Ekadashi - Windsor. Dashami ends and Ekadashi begins on 2026-09-21 10:30:00 AM EDT. On 22-Sep-26, Sooryodaya is 07:20 AM and Arunodaya is 05:44 AM. Ekadashi is present at sunrise and had begun before Arunodaya, so this is a valid Ekadashi sunrise. Ekadashi ends on 2026-09-22 12:13:00 PM EDT and does not remain through another sunrise. Ekadashi ends and Dwadashi begins on 2026-09-22 12:13:00 PM EDT. Dwadashi is present at Sooryodaya on 23-Sep-26 (Sooryodaya 07:21 AM). Dwadashi ends and Trayodashi begins on 2026-09-23 01:20:00 PM EDT. Therefore the Upavaasa is observed on 22-Sep-26. For Parana on 23-Sep-26, Sooryodaya is 07:21 AM, Pratah Kala ends at 09:46 AM, Dwadashi ends at 2026-09-23 01:20:00 PM EDT, and Hari Vasara ends at 2026-09-22 06:29:45 PM EDT. Hari Vasara ends before Sooryodaya, so there is no Hari-Vasara delay; Parana starts at Sooryodaya (07:21 AM). Pratah Kala ends at 09:46 AM, before Dwadashi ends; therefore Pratah Kala end is the limiting end time. Hence Parana is 07:21 AM to 09:46 AM.",2026-09-21:Dashami | 2026-09-22:Ekadashi | 2026-09-23:Dwadashi,2026-09-21:Uttara Ashadha | 2026-09-22:Shravana | 2026-09-23:Dhanishtha,2026-09-21 10:30:00 AM EDT,2026-09-22 12:13:00 PM EDT,2026-09-23 01:20:00 PM EDT,2026-09-22,07:20 AM,2026-09-22 05:44:00 AM EDT,2026-09-22,,2026-09-22:VALID (start 2026-09-21 10:30:00 AM EDT < Arunodaya 2026-09-22 05:44:00 AM EDT),2026-09-22,07:20 AM,2026-09-22 05:44:00 AM EDT,2026-09-23,Dhanishtha,2026-09-22 06:29:45 PM EDT,2026-09-21,2026-09-23,2026-09-21 | 2026-09-22 | 2026-09-23,0,COMPLETE,,,Normal Ekadashi,NORMAL,Ekadashi began before Arunodaya and has one valid Ekadashi sunrise. No two-day exception is triggered.,2026-09-22:VALID (start 2026-09-21 10:30:00 AM EDT < Arunodaya 2026-09-22 05:44:00 AM EDT),2026-09-22,,2026-09-23,DWADASHI,PRATAH,2026-09-23 07:21:00 AM EDT,2026-09-23 09:46:12 AM EDT,Hari Vasara ended before Parana-day sunrise; Parana is sunrise to Pratah end.
London,London,United Kingdom,Europe/London,geoname:2643743,2643743,Parsva Ekadashi,2026-09-22,"Parsva Ekadashi - London. Dashami ends and Ekadashi begins on 2026-09-21 03:30:00 PM BST. On 22-Sep-26, Sooryodaya is 06:46 AM and Arunodaya is 05:10 AM. Ekadashi is present at sunrise and had begun before Arunodaya, so this is a valid Ekadashi sunrise. Ekadashi ends on 2026-09-22 05:13:00 PM BST and does not remain through another sunrise. Ekadashi ends and Dwadashi begins on 2026-09-22 05:13:00 PM BST. Dwadashi is present at Sooryodaya on 23-Sep-26 (Sooryodaya 06:48 AM). Dwadashi ends and Trayodashi begins on 2026-09-23 06:20:00 PM BST. Therefore the Upavaasa is observed on 22-Sep-26. For Parana on 23-Sep-26, Sooryodaya is 06:48 AM, Pratah Kala ends at 09:14 AM, Dwadashi ends at 2026-09-23 06:20:00 PM BST, and Hari Vasara ends at 2026-09-22 11:29:45 PM BST. Hari Vasara ends before Sooryodaya, so there is no Hari-Vasara delay; Parana starts at Sooryodaya (06:48 AM). Pratah Kala ends at 09:14 AM, before Dwadashi ends; therefore Pratah Kala end is the limiting end time. Hence Parana is 06:48 AM to 09:14 AM.",2026-09-21:Dashami | 2026-09-22:Ekadashi | 2026-09-23:Dwadashi,2026-09-21:Uttara Ashadha | 2026-09-22:Shravana | 2026-09-23:Dhanishtha,2026-09-21 03:30:00 PM BST,2026-09-22 05:13:00 PM BST,2026-09-23 06:20:00 PM BST,2026-09-22,06:46 AM,2026-09-22 05:10:00 AM BST,2026-09-22,,2026-09-22:VALID (start 2026-09-21 03:30:00 PM BST < Arunodaya 2026-09-22 05:10:00 AM BST),2026-09-22,06:46 AM,2026-09-22 05:10:00 AM BST,2026-09-23,Dhanishtha,2026-09-22 11:29:45 PM BST,2026-09-21,2026-09-23,2026-09-21 | 2026-09-22 | 2026-09-23,0,COMPLETE,,,Normal Ekadashi,NORMAL,Ekadashi began before Arunodaya and has one valid Ekadashi sunrise. No two-day exception is triggered.,2026-09-22:VALID (start 2026-09-21 03:30:00 PM BST < Arunodaya 2026-09-22 05:10:00 AM BST),2026-09-22,,2026-09-23,DWADASHI,PRATAH,2026-09-23 06:48:00 AM BST,2026-09-23 09:13:48 AM BST,Hari Vasara ended before Parana-day sunrise; Parana is sunrise to Pratah end.
Belgaum,Karnataka,India,Asia/Kolkata,geoname:1276533,1276533,Parsva Ekadashi,2026-09-22,"Parsva Ekadashi - Belgaum. Dashami ends and Ekadashi begins on 2026-09-21 08:00:00 PM IST. On 22-Sep-26, Sooryodaya is 06:21 AM and Arunodaya is 04:45 AM. Ekadashi is present at sunrise and had begun before Arunodaya, so this is a valid Ekadashi sunrise. Ekadashi ends on 2026-09-22 09:43:00 PM IST and does not remain through another sunrise. Ekadashi ends and Dwadashi begins on 2026-09-22 09:43:00 PM IST. Dwadashi is present at Sooryodaya on 23-Sep-26 (Sooryodaya 06:21 AM). Dwadashi ends and Trayodashi begins on 2026-09-23 10:50:00 PM IST. Therefore the Upavaasa is observed on 22-Sep-26 and 23-Sep-26. For Parana on 24-Sep-26, Sooryodaya is 06:21 AM, Pratah Kala ends at 08:46 AM, Dwadashi ends at 2026-09-23 10:50:00 PM IST, and Hari Vasara ends at 2026-09-23 03:59:45 AM IST. Because the Upavaasa itself was observed on Dwadashi, Hari Vasara is not used to delay the Parana start on the following morning. Dwadashi has already ended before Sooryodaya, so Parana starts at Sooryodaya (06:21 AM). Since Dwadashi is already over, the available morning limit is the end of Pratah Kala (08:46 AM). Hence Parana is 06:21 AM to 08:46 AM.",2026-09-21:Dashami | 2026-09-22:Ekadashi | 2026-09-23:Dwadashi | 2026-09-24:Trayodashi,2026-09-21:Uttara Ashadha | 2026-09-22:Uttara Ashadha | 2026-09-23:Shravana | 2026-09-24:Dhanishtha,2026-09-21 08:00:00 PM IST,2026-09-22 09:43:00 PM IST,2026-09-23 10:50:00 PM IST,2026-09-22,06:21 AM,2026-09-22 04:45:00 AM IST,2026-09-22,,2026-09-22:VALID (start 2026-09-21 08:00:00 PM IST < Arunodaya 2026-09-22 04:45:00 AM IST),2026-09-22,06:21 AM,2026-09-22 04:45:00 AM IST,2026-09-23,Shravana,2026-09-23 03:59:45 AM IST,2026-09-21,2026-09-24,2026-09-21 | 2026-09-22 | 2026-09-23 | 2026-09-24,0,COMPLETE,,,Shravanopavasa,SHRAVANOPAVASA,A valid Ekadashi sunrise is followed by Dwadashi sunrise with Shravana Nakshatra. Observe Upavaasa on both days.,2026-09-22:VALID (start 2026-09-21 08:00:00 PM IST < Arunodaya 2026-09-22 04:45:00 AM IST),2026-09-22,2026-09-23,2026-09-24,POST_DWADASHI_UPAVASA,POST_DWADASHI_FAST_DWADASHI_OVER_BEFORE_SUNRISE,2026-09-24 06:21:00 AM IST,2026-09-24 08:46:12 AM IST,Dwadashi ended before Parana-day sunrise; Parana is sunrise to Pratah end.
Hubli,Karnataka,India,Asia/Kolkata,geoname:1269920,1269920,Parsva Ekadashi,2026-09-22,"Parsva Ekadashi - Hubli. Dashami ends and Ekadashi begins on 2026-09-21 08:00:00 PM IST. On 22-Sep-26, Sooryodaya is 06:18 AM and Arunodaya is 04:42 AM. Ekadashi is present at sunrise and had begun before Arunodaya, so this is a valid Ekadashi sunrise. Ekadashi ends on 2026-09-22 09:43:00 PM IST and does not remain through another sunrise. Ekadashi ends and Dwadashi begins on 2026-09-22 09:43:00 PM IST. Dwadashi is present at Sooryodaya on 23-Sep-26 (Sooryodaya 06:18 AM). Dwadashi ends and Trayodashi begins on 2026-09-23 10:50:00 PM IST. Therefore the Upavaasa is observed on 22-Sep-26 and 23-Sep-26. For Parana on 24-Sep-26, Sooryodaya is 06:19 AM, Pratah Kala ends at 08:44 AM, Dwadashi ends at 2026-09-23 10:50:00 PM IST, and Hari Vasara ends at 2026-09-23 03:59:45 AM IST. Because the Upavaasa itself was observed on Dwadashi, Hari Vasara is not used to delay the Parana start on the following morning. Dwadashi has already ended before Sooryodaya, so Parana starts at Sooryodaya (06:19 AM). Since Dwadashi is already over, the available morning limit is the end of Pratah Kala (08:44 AM). Hence Parana is 06:19 AM to 08:44 AM.",2026-09-21:Dashami | 2026-09-22:Ekadashi | 2026-09-23:Dwadashi | 2026-09-24:Trayodashi,2026-09-21:Uttara Ashadha | 2026-09-22:Uttara Ashadha | 2026-09-23:Shravana | 2026-09-24:Dhanishtha,2026-09-21 08:00:00 PM IST,2026-09-22 09:43:00 PM IST,2026-09-23 10:50:00 PM IST,2026-09-22,06:18 AM,2026-09-22 04:42:00 AM IST,2026-09-22,,2026-09-22:VALID (start 2026-09-21 08:00:00 PM IST < Arunodaya 2026-09-22 04:42:00 AM IST),2026-09-22,06:18 AM,2026-09-22 04:42:00 AM IST,2026-09-23,Shravana,2026-09-23 03:59:45 AM IST,2026-09-21,2026-09-24,2026-09-21 | 2026-09-22 | 2026-09-23 | 2026-09-24,0,COMPLETE,,,Shravanopavasa,SHRAVANOPAVASA,A valid Ekadashi sunrise is followed by Dwadashi sunrise with Shravana Nakshatra. Observe Upavaasa on both days.,2026-09-22:VALID (start 2026-09-21 08:00:00 PM IST < Arunodaya 2026-09-22 04:42:00 AM IST),2026-09-22,2026-09-23,2026-09-24,POST_DWADASHI_UPAVASA,POST_DWADASHI_FAST_DWADASHI_OVER_BEFORE_SUNRISE,2026-09-24 06:19:00 AM IST,2026-09-24 08:44:00 AM IST,Dwadashi ended before Parana-day sunrise; Parana is sunrise to Pratah end.
Vancouver,British Columbia,Canada,America/Los_Angeles,geoname:6173331,6173331,Parsva Ekadashi,2026-09-22,"Parsva Ekadashi - Vancouver. Dashami ends and Ekadashi begins on 2026-09-21 07:30:00 AM PDT. On 22-Sep-26, Sooryodaya is 06:59 AM and Arunodaya is 05:23 AM. Ekadashi is present at sunrise and had begun before Arunodaya, so this is a valid Ekadashi sunrise. Ekadashi ends on 2026-09-22 09:13:00 AM PDT and does not remain through another sunrise. Ekadashi ends and Dwadashi begins on 2026-09-22 09:13:00 AM PDT. Dwadashi is present at Sooryodaya on 23-Sep-26 (Sooryodaya 07:01 AM). Dwadashi ends and Trayodashi begins on 2026-09-23 10:20:00 AM PDT. Therefore the Upavaasa is observed on 22-Sep-26. For Parana on 23-Sep-26, Sooryodaya is 07:01 AM, Pratah Kala ends at 09:26 AM, Dwadashi ends at 2026-09-23 10:20:00 AM PDT, and Hari Vasara ends at 2026-09-22 03:29:45 PM PDT. Hari Vasara ends before Sooryodaya, so there is no Hari-Vasara delay; Parana starts at Sooryodaya (07:01 AM). Pratah Kala ends at 09:26 AM, before Dwadashi ends; therefore Pratah Kala end is the limiting end time. Hence Parana is 07:01 AM to 09:26 AM.",2026-09-21:Dashami | 2026-09-22:Ekadashi | 2026-09-23:Dwadashi,2026-09-21:Uttara Ashadha | 2026-09-22:Shravana | 2026-09-23:Dhanishtha,2026-09-21 07:30:00 AM PDT,2026-09-22 09:13:00 AM PDT,2026-09-23 10:20:00 AM PDT,2026-09-22,06:59 AM,2026-09-22 05:23:00 AM PDT,2026-09-22,,2026-09-22:VALID (start 2026-09-21 07:30:00 AM PDT < Arunodaya 2026-09-22 05:23:00 AM PDT),2026-09-22,06:59 AM,2026-09-22 05:23:00 AM PDT,2026-09-23,Dhanishtha,2026-09-22 03:29:45 PM PDT,2026-09-21,2026-09-23,2026-09-21 | 2026-09-22 | 2026-09-23,0,COMPLETE,,,Normal Ekadashi,NORMAL,Ekadashi began before Arunodaya and has one valid Ekadashi sunrise. No two-day exception is triggered.,2026-09-22:VALID (start 2026-09-21 07:30:00 AM PDT < Arunodaya 2026-09-22 05:23:00 AM PDT),2026-09-22,,2026-09-23,DWADASHI,PRATAH,2026-09-23 07:01:00 AM PDT,2026-09-23 09:26:24 AM PDT,Hari Vasara ended before Parana-day sunrise; Parana is sunrise to Pratah end.
Belfast,New York,United States,America/New_York,geoname:5108728,5108728,Parsva Ekadashi,2026-09-22,"Parsva Ekadashi - Belfast. Dashami ends and Ekadashi begins on 2026-09-21 10:30:00 AM EDT. On 22-Sep-26, Sooryodaya is 07:00 AM and Arunodaya is 05:24 AM. Ekadashi is present at sunrise and had begun before Arunodaya, so this is a valid Ekadashi sunrise. Ekadashi ends on 2026-09-22 12:13:00 PM EDT and does not remain through another sunrise. Ekadashi ends and Dwadashi begins on 2026-09-22 12:13:00 PM EDT. Dwadashi is present at Sooryodaya on 23-Sep-26 (Sooryodaya 07:01 AM). Dwadashi ends and Trayodashi begins on 2026-09-23 01:20:00 PM EDT. Therefore the Upavaasa is observed on 22-Sep-26. For Parana on 23-Sep-26, Sooryodaya is 07:01 AM, Pratah Kala ends at 09:26 AM, Dwadashi ends at 2026-09-23 01:20:00 PM EDT, and Hari Vasara ends at 2026-09-22 06:29:45 PM EDT. Hari Vasara ends before Sooryodaya, so there is no Hari-Vasara delay; Parana starts at Sooryodaya (07:01 AM). Pratah Kala ends at 09:26 AM, before Dwadashi ends; therefore Pratah Kala end is the limiting end time. Hence Parana is 07:01 AM to 09:26 AM.",2026-09-21:Dashami | 2026-09-22:Ekadashi | 2026-09-23:Dwadashi,2026-09-21:Uttara Ashadha | 2026-09-22:Shravana | 2026-09-23:Dhanishtha,2026-09-21 10:30:00 AM EDT,2026-09-22 12:13:00 PM EDT,2026-09-23 01:20:00 PM EDT,2026-09-22,07:00 AM,2026-09-22 05:24:00 AM EDT,2026-09-22,,2026-09-22:VALID (start 2026-09-21 10:30:00 AM EDT < Arunodaya 2026-09-22 05:24:00 AM EDT),2026-09-22,07:00 AM,2026-09-22 05:24:00 AM EDT,2026-09-23,Dhanishtha,2026-09-22 06:29:45 PM EDT,2026-09-21,2026-09-23,2026-09-21 | 2026-09-22 | 2026-09-23,0,COMPLETE,,,Normal Ekadashi,NORMAL,Ekadashi began before Arunodaya and has one valid Ekadashi sunrise. No two-day exception is triggered.,2026-09-22:VALID (start 2026-09-21 10:30:00 AM EDT < Arunodaya 2026-09-22 05:24:00 AM EDT),2026-09-22,,2026-09-23,DWADASHI,PRATAH,2026-09-23 07:01:00 AM EDT,2026-09-23 09:26:24 AM EDT,Hari Vasara ended before Parana-day sunrise; Parana is sunrise to Pratah end.
Seoul,Seoul,South Korea,Asia/Seoul,geoname:1835848,1835848,Parsva Ekadashi,2026-09-22,"Parsva Ekadashi - Seoul. Dashami ends and Ekadashi begins on 2026-09-21 11:30:00 PM KST. On 22-Sep-26, Sooryodaya is 06:19 AM and Arunodaya is 04:43 AM. Ekadashi is present at sunrise and had begun before Arunodaya, so this is a valid Ekadashi sunrise. Ekadashi ends on 2026-09-23 01:13:00 AM KST and does not remain through another sunrise. Ekadashi ends and Dwadashi begins on 2026-09-23 01:13:00 AM KST. Dwadashi is present at Sooryodaya on 23-Sep-26 (Sooryodaya 06:20 AM). Dwadashi ends and Trayodashi begins on 2026-09-24 02:20:00 AM KST. Therefore the Upavaasa is observed on 22-Sep-26 and 23-Sep-26. For Parana on 24-Sep-26, Sooryodaya is 06:21 AM, Pratah Kala ends at 08:46 AM, Dwadashi ends at 2026-09-24 02:20:00 AM KST, and Hari Vasara ends at 2026-09-23 07:29:45 AM KST. Because the Upavaasa itself was observed on Dwadashi, Hari Vasara is not used to delay the Parana start on the following morning. Dwadashi has already ended before Sooryodaya, so Parana starts at Sooryodaya (06:21 AM). Since Dwadashi is already over, the available morning limit is the end of Pratah Kala (08:46 AM). Hence Parana is 06:21 AM to 08:46 AM.",2026-09-21:Dashami | 2026-09-22:Ekadashi | 2026-09-23:Dwadashi | 2026-09-24:Trayodashi,2026-09-21:Purva Ashadha | 2026-09-22:Uttara Ashadha | 2026-09-23:Shravana | 2026-09-24:Dhanishtha,2026-09-21 11:30:00 PM KST,2026-09-23 01:13:00 AM KST,2026-09-24 02:20:00 AM KST,2026-09-22,06:19 AM,2026-09-22 04:43:00 AM KST,2026-09-22,,2026-09-22:VALID (start 2026-09-21 11:30:00 PM KST < Arunodaya 2026-09-22 04:43:00 AM KST),2026-09-22,06:19 AM,2026-09-22 04:43:00 AM KST,2026-09-23,Shravana,2026-09-23 07:29:45 AM KST,2026-09-21,2026-09-24,2026-09-21 | 2026-09-22 | 2026-09-23 | 2026-09-24,0,COMPLETE,,,Shravanopavasa,SHRAVANOPAVASA,A valid Ekadashi sunrise is followed by Dwadashi sunrise with Shravana Nakshatra. Observe Upavaasa on both days.,2026-09-22:VALID (start 2026-09-21 11:30:00 PM KST < Arunodaya 2026-09-22 04:43:00 AM KST),2026-09-22,2026-09-23,2026-09-24,POST_DWADASHI_UPAVASA,POST_DWADASHI_FAST_DWADASHI_OVER_BEFORE_SUNRISE,2026-09-24 06:21:00 AM KST,2026-09-24 08:46:12 AM KST,Dwadashi ended before Parana-day sunrise; Parana is sunrise to Pratah end.
Auckland,Auckland,New Zealand,Pacific/Auckland,geoname:2193733,2193733,Parsva Ekadashi,2026-09-22,"Parsva Ekadashi - Auckland. Dashami ends and Ekadashi begins on 2026-09-22 02:30:00 AM NZST. On 22-Sep-26, Sooryodaya is 06:11 AM and Arunodaya is 04:35 AM. Ekadashi is present at sunrise and had begun before Arunodaya, so this is a valid Ekadashi sunrise. Ekadashi ends on 2026-09-23 04:13:00 AM NZST and does not remain through another sunrise. Ekadashi ends and Dwadashi begins on 2026-09-23 04:13:00 AM NZST. Dwadashi is present at Sooryodaya on 23-Sep-26 (Sooryodaya 06:10 AM). Dwadashi ends and Trayodashi begins on 2026-09-24 05:20:00 AM NZST. Therefore the Upavaasa is observed on 22-Sep-26 and 23-Sep-26. For Parana on 24-Sep-26, Sooryodaya is 06:08 AM, Pratah Kala ends at 08:34 AM, Dwadashi ends at 2026-09-24 05:20:00 AM NZST, and Hari Vasara ends at 2026-09-23 10:29:45 AM NZST. Because the Upavaasa itself was observed on Dwadashi, Hari Vasara is not used to delay the Parana start on the following morning. Dwadashi has already ended before Sooryodaya, so Parana starts at Sooryodaya (06:08 AM). Since Dwadashi is already over, the available morning limit is the end of Pratah Kala (08:34 AM). Hence Parana is 06:08 AM to 08:34 AM.",2026-09-21:Dashami | 2026-09-22:Ekadashi | 2026-09-23:Dwadashi | 2026-09-24:Trayodashi,2026-09-21:Purva Ashadha | 2026-09-22:Uttara Ashadha | 2026-09-23:Shravana | 2026-09-24:Dhanishtha,2026-09-22 02:30:00 AM NZST,2026-09-23 04:13:00 AM NZST,2026-09-24 05:20:00 AM NZST,2026-09-22,06:11 AM,2026-09-22 04:35:00 AM NZST,2026-09-22,,2026-09-22:VALID (start 2026-09-22 02:30:00 AM NZST < Arunodaya 2026-09-22 04:35:00 AM NZST),2026-09-22,06:11 AM,2026-09-22 04:35:00 AM NZST,2026-09-23,Shravana,2026-09-23 10:29:45 AM NZST,2026-09-21,2026-09-24,2026-09-21 | 2026-09-22 | 2026-09-23 | 2026-09-24,0,COMPLETE,,,Shravanopavasa,SHRAVANOPAVASA,A valid Ekadashi sunrise is followed by Dwadashi sunrise with Shravana Nakshatra. Observe Upavaasa on both days.,2026-09-22:VALID (start 2026-09-22 02:30:00 AM NZST < Arunodaya 2026-09-22 04:35:00 AM NZST),2026-09-22,2026-09-23,2026-09-24,POST_DWADASHI_UPAVASA,POST_DWADASHI_FAST_DWADASHI_OVER_BEFORE_SUNRISE,2026-09-24 06:08:00 AM NZST,2026-09-24 08:34:12 AM NZST,Dwadashi ended before Parana-day sunrise; Parana is sunrise to Pratah end.
Wellington,Wellington,New Zealand,Pacific/Auckland,geoname:2179537,2179537,Parsva Ekadashi,2026-09-22,"Parsva Ekadashi - Wellington. Dashami ends and Ekadashi begins on 2026-09-22 02:30:00 AM NZST. On 22-Sep-26, Sooryodaya is 06:11 AM and Arunodaya is 04:35 AM. Ekadashi is present at sunrise and had begun before Arunodaya, so this is a valid Ekadashi sunrise. Ekadashi ends on 2026-09-23 04:13:00 AM NZST and does not remain through another sunrise. Ekadashi ends and Dwadashi begins on 2026-09-23 04:13:00 AM NZST. Dwadashi is present at Sooryodaya on 23-Sep-26 (Sooryodaya 06:09 AM). Dwadashi ends and Trayodashi begins on 2026-09-24 05:20:00 AM NZST. Therefore the Upavaasa is observed on 22-Sep-26 and 23-Sep-26. For Parana on 24-Sep-26, Sooryodaya is 06:08 AM, Pratah Kala ends at 08:34 AM, Dwadashi ends at 2026-09-24 05:20:00 AM NZST, and Hari Vasara ends at 2026-09-23 10:29:45 AM NZST. Because the Upavaasa itself was observed on Dwadashi, Hari Vasara is not used to delay the Parana start on the following morning. Dwadashi has already ended before Sooryodaya, so Parana starts at Sooryodaya (06:08 AM). Since Dwadashi is already over, the available morning limit is the end of Pratah Kala (08:34 AM). Hence Parana is 06:08 AM to 08:34 AM.",2026-09-21:Dashami | 2026-09-22:Ekadashi | 2026-09-23:Dwadashi | 2026-09-24:Trayodashi,2026-09-21:Purva Ashadha | 2026-09-22:Uttara Ashadha | 2026-09-23:Shravana | 2026-09-24:Dhanishtha,2026-09-22 02:30:00 AM NZST,2026-09-23 04:13:00 AM NZST,2026-09-24 05:20:00 AM NZST,2026-09-22,06:11 AM,2026-09-22 04:35:00 AM NZST,2026-09-22,,2026-09-22:VALID (start 2026-09-22 02:30:00 AM NZST < Arunodaya 2026-09-22 04:35:00 AM NZST),2026-09-22,06:11 AM,2026-09-22 04:35:00 AM NZST,2026-09-23,Shravana,2026-09-23 10:29:45 AM NZST,2026-09-21,2026-09-24,2026-09-21 | 2026-09-22 | 2026-09-23 | 2026-09-24,0,COMPLETE,,,Shravanopavasa,SHRAVANOPAVASA,A valid Ekadashi sunrise is followed by Dwadashi sunrise with Shravana Nakshatra. Observe Upavaasa on both days.,2026-09-22:VALID (start 2026-09-22 02:30:00 AM NZST < Arunodaya 2026-09-22 04:35:00 AM NZST),2026-09-22,2026-09-23,2026-09-24,POST_DWADASHI_UPAVASA,POST_DWADASHI_FAST_DWADASHI_OVER_BEFORE_SUNRISE,2026-09-24 06:08:00 AM NZST,2026-09-24 08:34:12 AM NZST,Dwadashi ended before Parana-day sunrise; Parana is sunrise to Pratah end.
Christchurch,Canterbury,New Zealand,Pacific/Auckland,geoname:2192362,2192362,Parsva Ekadashi,2026-09-22,"Parsva Ekadashi - Christchurch. Dashami ends and Ekadashi begins on 2026-09-22 02:30:00 AM NZST. On 22-Sep-26, Sooryodaya is 06:20 AM and Arunodaya is 04:44 AM. Ekadashi is present at sunrise and had begun before Arunodaya, so this is a valid Ekadashi sunrise. Ekadashi ends on 2026-09-23 04:13:00 AM NZST and does not remain through another sunrise. Ekadashi ends and Dwadashi begins on 2026-09-23 04:13:00 AM NZST. Dwadashi is present at Sooryodaya on 23-Sep-26 (Sooryodaya 06:18 AM). Dwadashi ends and Trayodashi begins on 2026-09-24 05:20:00 AM NZST. Therefore the Upavaasa is observed on 22-Sep-26 and 23-Sep-26. For Parana on 24-Sep-26, Sooryodaya is 06:16 AM, Pratah Kala ends at 08:42 AM, Dwadashi ends at 2026-09-24 05:20:00 AM NZST, and Hari Vasara ends at 2026-09-23 10:29:45 AM NZST. Because the Upavaasa itself was observed on Dwadashi, Hari Vasara is not used to delay the Parana start on the following morning. Dwadashi has already ended before Sooryodaya, so Parana starts at Sooryodaya (06:16 AM). Since Dwadashi is already over, the available morning limit is the end of Pratah Kala (08:42 AM). Hence Parana is 06:16 AM to 08:42 AM.",2026-09-21:Dashami | 2026-09-22:Ekadashi | 2026-09-23:Dwadashi | 2026-09-24:Trayodashi,2026-09-21:Purva Ashadha | 2026-09-22:Uttara Ashadha | 2026-09-23:Shravana | 2026-09-24:Dhanishtha,2026-09-22 02:30:00 AM NZST,2026-09-23 04:13:00 AM NZST,2026-09-24 05:20:00 AM NZST,2026-09-22,06:20 AM,2026-09-22 04:44:00 AM NZST,2026-09-22,,2026-09-22:VALID (start 2026-09-22 02:30:00 AM NZST < Arunodaya 2026-09-22 04:44:00 AM NZST),2026-09-22,06:20 AM,2026-09-22 04:44:00 AM NZST,2026-09-23,Shravana,2026-09-23 10:29:45 AM NZST,2026-09-21,2026-09-24,2026-09-21 | 2026-09-22 | 2026-09-23 | 2026-09-24,0,COMPLETE,,,Shravanopavasa,SHRAVANOPAVASA,A valid Ekadashi sunrise is followed by Dwadashi sunrise with Shravana Nakshatra. Observe Upavaasa on both days.,2026-09-22:VALID (start 2026-09-22 02:30:00 AM NZST < Arunodaya 2026-09-22 04:44:00 AM NZST),2026-09-22,2026-09-23,2026-09-24,POST_DWADASHI_UPAVASA,POST_DWADASHI_FAST_DWADASHI_OVER_BEFORE_SUNRISE,2026-09-24 06:16:00 AM NZST,2026-09-24 08:42:24 AM NZST,Dwadashi ended before Parana-day sunrise; Parana is sunrise to Pratah end.
Agartala,Tripura,India,Asia/Kolkata,geoname:1279290,1279290,Parsva Ekadashi,2026-09-22,"Parsva Ekadashi - Agartala. Dashami ends and Ekadashi begins on 2026-09-21 08:00:00 PM IST. On 22-Sep-26, Sooryodaya is 05:13 AM and Arunodaya is 03:37 AM. Ekadashi is present at sunrise and had begun before Arunodaya, so this is a valid Ekadashi sunrise. Ekadashi ends on 2026-09-22 09:43:00 PM IST and does not remain through another sunrise. Ekadashi ends and Dwadashi begins on 2026-09-22 09:43:00 PM IST. Dwadashi is present at Sooryodaya on 23-Sep-26 (Sooryodaya 05:14 AM). Dwadashi ends and Trayodashi begins on 2026-09-23 10:50:00 PM IST. Therefore the Upavaasa is observed on 22-Sep-26 and 23-Sep-26. For Parana on 24-Sep-26, Sooryodaya is 05:14 AM, Pratah Kala ends at 07:39 AM, Dwadashi ends at 2026-09-23 10:50:00 PM IST, and Hari Vasara ends at 2026-09-23 03:59:45 AM IST. Because the Upavaasa itself was observed on Dwadashi, Hari Vasara is not used to delay the Parana start on the following morning. Dwadashi has already ended before Sooryodaya, so Parana starts at Sooryodaya (05:14 AM). Since Dwadashi is already over, the available morning limit is the end of Pratah Kala (07:39 AM). Hence Parana is 05:14 AM to 07:39 AM.",2026-09-21:Dashami | 2026-09-22:Ekadashi | 2026-09-23:Dwadashi | 2026-09-24:Trayodashi,2026-09-21:Uttara Ashadha | 2026-09-22:Uttara Ashadha | 2026-09-23:Shravana | 2026-09-24:Dhanishtha,2026-09-21 08:00:00 PM IST,2026-09-22 09:43:00 PM IST,2026-09-23 10:50:00 PM IST,2026-09-22,05:13 AM,2026-09-22 03:37:00 AM IST,2026-09-22,,2026-09-22:VALID (start 2026-09-21 08:00:00 PM IST < Arunodaya 2026-09-22 03:37:00 AM IST),2026-09-22,05:13 AM,2026-09-22 03:37:00 AM IST,2026-09-23,Shravana,2026-09-23 03:59:45 AM IST,2026-09-21,2026-09-24,2026-09-21 | 2026-09-22 | 2026-09-23 | 2026-09-24,0,COMPLETE,,,Shravanopavasa,SHRAVANOPAVASA,A valid Ekadashi sunrise is followed by Dwadashi sunrise with Shravana Nakshatra. Observe Upavaasa on both days.,2026-09-22:VALID (start 2026-09-21 08:00:00 PM IST < Arunodaya 2026-09-22 03:37:00 AM IST),2026-09-22,2026-09-23,2026-09-24,POST_DWADASHI_UPAVASA,POST_DWADASHI_FAST_DWADASHI_OVER_BEFORE_SUNRISE,2026-09-24 05:14:00 AM IST,2026-09-24 07:39:00 AM IST,Dwadashi ended before Parana-day sunrise; Parana is sunrise to Pratah end.
Guwahati,Assam,India,Asia/Kolkata,geoname:1271476,1271476,Parsva Ekadashi,2026-09-22,"Parsva Ekadashi - Guwahati. Dashami ends and Ekadashi begins on 2026-09-21 08:00:00 PM IST. On 22-Sep-26, Sooryodaya is 05:11 AM and Arunodaya is 03:35 AM. Ekadashi is present at sunrise and had begun before Arunodaya, so this is a valid Ekadashi sunrise. Ekadashi ends on 2026-09-22 09:43:00 PM IST and does not remain through another sunrise. Ekadashi ends and Dwadashi begins on 2026-09-22 09:43:00 PM IST. Dwadashi is present at Sooryodaya on 23-Sep-26 (Sooryodaya 05:12 AM). Dwadashi ends and Trayodashi begins on 2026-09-23 10:50:00 PM IST. Therefore the Upavaasa is observed on 22-Sep-26 and 23-Sep-26. For Parana on 24-Sep-26, Sooryodaya is 05:12 AM, Pratah Kala ends at 07:37 AM, Dwadashi ends at 2026-09-23 10:50:00 PM IST, and Hari Vasara ends at 2026-09-23 03:59:45 AM IST. Because the Upavaasa itself was observed on Dwadashi, Hari Vasara is not used to delay the Parana start on the following morning. Dwadashi has already ended before Sooryodaya, so Parana starts at Sooryodaya (05:12 AM). Since Dwadashi is already over, the available morning limit is the end of Pratah Kala (07:37 AM). Hence Parana is 05:12 AM to 07:37 AM.",2026-09-21:Dashami | 2026-09-22:Ekadashi | 2026-09-23:Dwadashi | 2026-09-24:Trayodashi,2026-09-21:Uttara Ashadha | 2026-09-22:Uttara Ashadha | 2026-09-23:Shravana | 2026-09-24:Dhanishtha,2026-09-21 08:00:00 PM IST,2026-09-22 09:43:00 PM IST,2026-09-23 10:50:00 PM IST,2026-09-22,05:11 AM,2026-09-22 03:35:00 AM IST,2026-09-22,,2026-09-22:VALID (start 2026-09-21 08:00:00 PM IST < Arunodaya 2026-09-22 03:35:00 AM IST),2026-09-22,05:11 AM,2026-09-22 03:35:00 AM IST,2026-09-23,Shravana,2026-09-23 03:59:45 AM IST,2026-09-21,2026-09-24,2026-09-21 | 2026-09-22 | 2026-09-23 | 2026-09-24,0,COMPLETE,,,Shravanopavasa,SHRAVANOPAVASA,A valid Ekadashi sunrise is followed by Dwadashi sunrise with Shravana Nakshatra. Observe Upavaasa on both days.,2026-09-22:VALID (start 2026-09-21 08:00:00 PM IST < Arunodaya 2026-09-22 03:35:00 AM IST),2026-09-22,2026-09-23,2026-09-24,POST_DWADASHI_UPAVASA,POST_DWADASHI_FAST_DWADASHI_OVER_BEFORE_SUNRISE,2026-09-24 05:12:00 AM IST,2026-09-24 07:37:12 AM IST,Dwadashi ended before Parana-day sunrise; Parana is sunrise to Pratah end.
Shiliguri,West Bengal,India,Asia/Kolkata,geoname:1256525,1256525,Parsva Ekadashi,2026-09-22,"Parsva Ekadashi - Shiliguri. Dashami ends and Ekadashi begins on 2026-09-21 08:00:00 PM IST. On 22-Sep-26, Sooryodaya is 05:25 AM and Arunodaya is 03:49 AM. Ekadashi is present at sunrise and had begun before Arunodaya, so this is a valid Ekadashi sunrise. Ekadashi ends on 2026-09-22 09:43:00 PM IST and does not remain through another sunrise. Ekadashi ends and Dwadashi begins on 2026-09-22 09:43:00 PM IST. Dwadashi is present at Sooryodaya on 23-Sep-26 (Sooryodaya 05:25 AM). Dwadashi ends and Trayodashi begins on 2026-09-23 10:50:00 PM IST. Therefore the Upavaasa is observed on 22-Sep-26 and 23-Sep-26. For Parana on 24-Sep-26, Sooryodaya is 05:25 AM, Pratah Kala ends at 07:50 AM, Dwadashi ends at 2026-09-23 10:50:00 PM IST, and Hari Vasara ends at 2026-09-23 03:59:45 AM IST. Because the Upavaasa itself was observed on Dwadashi, Hari Vasara is not used to delay the Parana start on the following morning. Dwadashi has already ended before Sooryodaya, so Parana starts at Sooryodaya (05:25 AM). Since Dwadashi is already over, the available morning limit is the end of Pratah Kala (07:50 AM). Hence Parana is 05:25 AM to 07:50 AM.",2026-09-21:Dashami | 2026-09-22:Ekadashi | 2026-09-23:Dwadashi | 2026-09-24:Trayodashi,2026-09-21:Uttara Ashadha | 2026-09-22:Uttara Ashadha | 2026-09-23:Shravana | 2026-09-24:Dhanishtha,2026-09-21 08:00:00 PM IST,2026-09-22 09:43:00 PM IST,2026-09-23 10:50:00 PM IST,2026-09-22,05:25 AM,2026-09-22 03:49:00 AM IST,2026-09-22,,2026-09-22:VALID (start 2026-09-21 08:00:00 PM IST < Arunodaya 2026-09-22 03:49:00 AM IST),2026-09-22,05:25 AM,2026-09-22 03:49:00 AM IST,2026-09-23,Shravana,2026-09-23 03:59:45 AM IST,2026-09-21,2026-09-24,2026-09-21 | 2026-09-22 | 2026-09-23 | 2026-09-24,0,COMPLETE,,,Shravanopavasa,SHRAVANOPAVASA,A valid Ekadashi sunrise is followed by Dwadashi sunrise with Shravana Nakshatra. Observe Upavaasa on both days.,2026-09-22:VALID (start 2026-09-21 08:00:00 PM IST < Arunodaya 2026-09-22 03:49:00 AM IST),2026-09-22,2026-09-23,2026-09-24,POST_DWADASHI_UPAVASA,POST_DWADASHI_FAST_DWADASHI_OVER_BEFORE_SUNRISE,2026-09-24 05:25:00 AM IST,2026-09-24 07:50:12 AM IST,Dwadashi ended before Parana-day sunrise; Parana is sunrise to Pratah end.
Aizawl,Mizoram,India,Asia/Kolkata,geoname:1279186,1279186,Parsva Ekadashi,2026-09-22,"Parsva Ekadashi - Aizawl. Dashami ends and Ekadashi begins on 2026-09-21 08:00:00 PM IST. On 22-Sep-26, Sooryodaya is 05:08 AM and Arunodaya is 03:32 AM. Ekadashi is present at sunrise and had begun before Arunodaya, so this is a valid Ekadashi sunrise. Ekadashi ends on 2026-09-22 09:43:00 PM IST and does not remain through another sunrise. Ekadashi ends and Dwadashi begins on 2026-09-22 09:43:00 PM IST. Dwadashi is present at Sooryodaya on 23-Sep-26 (Sooryodaya 05:08 AM). Dwadashi ends and Trayodashi begins on 2026-09-23 10:50:00 PM IST. Therefore the Upavaasa is observed on 22-Sep-26 and 23-Sep-26. For Parana on 24-Sep-26, Sooryodaya is 05:08 AM, Pratah Kala ends at 07:33 AM, Dwadashi ends at 2026-09-23 10:50:00 PM IST, and Hari Vasara ends at 2026-09-23 03:59:45 AM IST. Because the Upavaasa itself was observed on Dwadashi, Hari Vasara is not used to delay the Parana start on the following morning. Dwadashi has already ended before Sooryodaya, so Parana starts at Sooryodaya (05:08 AM). Since Dwadashi is already over, the available morning limit is the end of Pratah Kala (07:33 AM). Hence Parana is 05:08 AM to 07:33 AM.",2026-09-21:Dashami | 2026-09-22:Ekadashi | 2026-09-23:Dwadashi | 2026-09-24:Trayodashi,2026-09-21:Uttara Ashadha | 2026-09-22:Uttara Ashadha | 2026-09-23:Shravana | 2026-09-24:Dhanishtha,2026-09-21 08:00:00 PM IST,2026-09-22 09:43:00 PM IST,2026-09-23 10:50:00 PM IST,2026-09-22,05:08 AM,2026-09-22 03:32:00 AM IST,2026-09-22,,2026-09-22:VALID (start 2026-09-21 08:00:00 PM IST < Arunodaya 2026-09-22 03:32:00 AM IST),2026-09-22,05:08 AM,2026-09-22 03:32:00 AM IST,2026-09-23,Shravana,2026-09-23 03:59:45 AM IST,2026-09-21,2026-09-24,2026-09-21 | 2026-09-22 | 2026-09-23 | 2026-09-24,0,COMPLETE,,,Shravanopavasa,SHRAVANOPAVASA,A valid Ekadashi sunrise is followed by Dwadashi sunrise with Shravana Nakshatra. Observe Upavaasa on both days.,2026-09-22:VALID (start 2026-09-21 08:00:00 PM IST < Arunodaya 2026-09-22 03:32:00 AM IST),2026-09-22,2026-09-23,2026-09-24,POST_DWADASHI_UPAVASA,POST_DWADASHI_FAST_DWADASHI_OVER_BEFORE_SUNRISE,2026-09-24 05:08:00 AM IST,2026-09-24 07:33:12 AM IST,Dwadashi ended before Parana-day sunrise; Parana is sunrise to Pratah end.
Gangtok,Sikkim,India,Asia/Kolkata,geoname:1271631,1271631,Parsva Ekadashi,2026-09-22,"Parsva Ekadashi - Gangtok. Dashami ends and Ekadashi begins on 2026-09-21 08:00:00 PM IST. On 22-Sep-26, Sooryodaya is 05:24 AM and Arunodaya is 03:48 AM. Ekadashi is present at sunrise and had begun before Arunodaya, so this is a valid Ekadashi sunrise. Ekadashi ends on 2026-09-22 09:43:00 PM IST and does not remain through another sunrise. Ekadashi ends and Dwadashi begins on 2026-09-22 09:43:00 PM IST. Dwadashi is present at Sooryodaya on 23-Sep-26 (Sooryodaya 05:24 AM). Dwadashi ends and Trayodashi begins on 2026-09-23 10:50:00 PM IST. Therefore the Upavaasa is observed on 22-Sep-26 and 23-Sep-26. For Parana on 24-Sep-26, Sooryodaya is 05:25 AM, Pratah Kala ends at 07:50 AM, Dwadashi ends at 2026-09-23 10:50:00 PM IST, and Hari Vasara ends at 2026-09-23 03:59:45 AM IST. Because the Upavaasa itself was observed on Dwadashi, Hari Vasara is not used to delay the Parana start on the following morning. Dwadashi has already ended before Sooryodaya, so Parana starts at Sooryodaya (05:25 AM). Since Dwadashi is already over, the available morning limit is the end of Pratah Kala (07:50 AM). Hence Parana is 05:25 AM to 07:50 AM.",2026-09-21:Dashami | 2026-09-22:Ekadashi | 2026-09-23:Dwadashi | 2026-09-24:Trayodashi,2026-09-21:Uttara Ashadha | 2026-09-22:Uttara Ashadha | 2026-09-23:Shravana | 2026-09-24:Dhanishtha,2026-09-21 08:00:00 PM IST,2026-09-22 09:43:00 PM IST,2026-09-23 10:50:00 PM IST,2026-09-22,05:24 AM,2026-09-22 03:48:00 AM IST,2026-09-22,,2026-09-22:VALID (start 2026-09-21 08:00:00 PM IST < Arunodaya 2026-09-22 03:48:00 AM IST),2026-09-22,05:24 AM,2026-09-22 03:48:00 AM IST,2026-09-23,Shravana,2026-09-23 03:59:45 AM IST,2026-09-21,2026-09-24,2026-09-21 | 2026-09-22 | 2026-09-23 | 2026-09-24,0,COMPLETE,,,Shravanopavasa,SHRAVANOPAVASA,A valid Ekadashi sunrise is followed by Dwadashi sunrise with Shravana Nakshatra. Observe Upavaasa on both days.,2026-09-22:VALID (start 2026-09-21 08:00:00 PM IST < Arunodaya 2026-09-22 03:48:00 AM IST),2026-09-22,2026-09-23,2026-09-24,POST_DWADASHI_UPAVASA,POST_DWADASHI_FAST_DWADASHI_OVER_BEFORE_SUNRISE,2026-09-24 05:25:00 AM IST,2026-09-24 07:50:00 AM IST,Dwadashi ended before Parana-day sunrise; Parana is sunrise to Pratah end.
Silchar,Assam,India,Asia/Kolkata,geoname:1256287,1256287,Parsva Ekadashi,2026-09-22,"Parsva Ekadashi - Silchar. Dashami ends and Ekadashi begins on 2026-09-21 08:00:00 PM IST. On 22-Sep-26, Sooryodaya is 05:07 AM and Arunodaya is 03:31 AM. Ekadashi is present at sunrise and had begun before Arunodaya, so this is a valid Ekadashi sunrise. Ekadashi ends on 2026-09-22 09:43:00 PM IST and does not remain through another sunrise. Ekadashi ends and Dwadashi begins on 2026-09-22 09:43:00 PM IST. Dwadashi is present at Sooryodaya on 23-Sep-26 (Sooryodaya 05:08 AM). Dwadashi ends and Trayodashi begins on 2026-09-23 10:50:00 PM IST. Therefore the Upavaasa is observed on 22-Sep-26 and 23-Sep-26. For Parana on 24-Sep-26, Sooryodaya is 05:08 AM, Pratah Kala ends at 07:33 AM, Dwadashi ends at 2026-09-23 10:50:00 PM IST, and Hari Vasara ends at 2026-09-23 03:59:45 AM IST. Because the Upavaasa itself was observed on Dwadashi, Hari Vasara is not used to delay the Parana start on the following morning. Dwadashi has already ended before Sooryodaya, so Parana starts at Sooryodaya (05:08 AM). Since Dwadashi is already over, the available morning limit is the end of Pratah Kala (07:33 AM). Hence Parana is 05:08 AM to 07:33 AM.",2026-09-21:Dashami | 2026-09-22:Ekadashi | 2026-09-23:Dwadashi | 2026-09-24:Trayodashi,2026-09-21:Uttara Ashadha | 2026-09-22:Uttara Ashadha | 2026-09-23:Shravana | 2026-09-24:Dhanishtha,2026-09-21 08:00:00 PM IST,2026-09-22 09:43:00 PM IST,2026-09-23 10:50:00 PM IST,2026-09-22,05:07 AM,2026-09-22 03:31:00 AM IST,2026-09-22,,2026-09-22:VALID (start 2026-09-21 08:00:00 PM IST < Arunodaya 2026-09-22 03:31:00 AM IST),2026-09-22,05:07 AM,2026-09-22 03:31:00 AM IST,2026-09-23,Shravana,2026-09-23 03:59:45 AM IST,2026-09-21,2026-09-24,2026-09-21 | 2026-09-22 | 2026-09-23 | 2026-09-24,0,COMPLETE,,,Shravanopavasa,SHRAVANOPAVASA,A valid Ekadashi sunrise is followed by Dwadashi sunrise with Shravana Nakshatra. Observe Upavaasa on both days.,2026-09-22:VALID (start 2026-09-21 08:00:00 PM IST < Arunodaya 2026-09-22 03:31:00 AM IST),2026-09-22,2026-09-23,2026-09-24,POST_DWADASHI_UPAVASA,POST_DWADASHI_FAST_DWADASHI_OVER_BEFORE_SUNRISE,2026-09-24 05:08:00 AM IST,2026-09-24 07:33:00 AM IST,Dwadashi ended before Parana-day sunrise; Parana is sunrise to Pratah end.
Dibrugarh,Assam,India,Asia/Kolkata,geoname:1272648,1272648,Parsva Ekadashi,2026-09-22,"Parsva Ekadashi - Dibrugarh. Dashami ends and Ekadashi begins on 2026-09-21 08:00:00 PM IST. On 22-Sep-26, Sooryodaya is 04:59 AM and Arunodaya is 03:23 AM. Ekadashi is present at sunrise and had begun before Arunodaya, so this is a valid Ekadashi sunrise. Ekadashi ends on 2026-09-22 09:43:00 PM IST and does not remain through another sunrise. Ekadashi ends and Dwadashi begins on 2026-09-22 09:43:00 PM IST. Dwadashi is present at Sooryodaya on 23-Sep-26 (Sooryodaya 04:59 AM). Dwadashi ends and Trayodashi begins on 2026-09-23 10:50:00 PM IST. Therefore the Upavaasa is observed on 22-Sep-26 and 23-Sep-26. For Parana on 24-Sep-26, Sooryodaya is 05:00 AM, Pratah Kala ends at 07:25 AM, Dwadashi ends at 2026-09-23 10:50:00 PM IST, and Hari Vasara ends at 2026-09-23 03:59:45 AM IST. Because the Upavaasa itself was observed on Dwadashi, Hari Vasara is not used to delay the Parana start on the following morning. Dwadashi has already ended before Sooryodaya, so Parana starts at Sooryodaya (05:00 AM). Since Dwadashi is already over, the available morning limit is the end of Pratah Kala (07:25 AM). Hence Parana is 05:00 AM to 07:25 AM.",2026-09-21:Dashami | 2026-09-22:Ekadashi | 2026-09-23:Dwadashi | 2026-09-24:Trayodashi,2026-09-21:Uttara Ashadha | 2026-09-22:Uttara Ashadha | 2026-09-23:Shravana | 2026-09-24:Dhanishtha,2026-09-21 08:00:00 PM IST,2026-09-22 09:43:00 PM IST,2026-09-23 10:50:00 PM IST,2026-09-22,04:59 AM,2026-09-22 03:23:00 AM IST,2026-09-22,,2026-09-22:VALID (start 2026-09-21 08:00:00 PM IST < Arunodaya 2026-09-22 03:23:00 AM IST),2026-09-22,04:59 AM,2026-09-22 03:23:00 AM IST,2026-09-23,Shravana,2026-09-23 03:59:45 AM IST,2026-09-21,2026-09-24,2026-09-21 | 2026-09-22 | 2026-09-23 | 2026-09-24,0,COMPLETE,,,Shravanopavasa,SHRAVANOPAVASA,A valid Ekadashi sunrise is followed by Dwadashi sunrise with Shravana Nakshatra. Observe Upavaasa on both days.,2026-09-22:VALID (start 2026-09-21 08:00:00 PM IST < Arunodaya 2026-09-22 03:23:00 AM IST),2026-09-22,2026-09-23,2026-09-24,POST_DWADASHI_UPAVASA,POST_DWADASHI_FAST_DWADASHI_OVER_BEFORE_SUNRISE,2026-09-24 05:00:00 AM IST,2026-09-24 07:25:00 AM IST,Dwadashi ended before Parana-day sunrise; Parana is sunrise to Pratah end.
Imphal,Manipur,India,Asia/Kolkata,geoname:1269771,1269771,Parsva Ekadashi,2026-09-22,"Parsva Ekadashi - Imphal. Dashami ends and Ekadashi begins on 2026-09-21 08:00:00 PM IST. On 22-Sep-26, Sooryodaya is 05:03 AM and Arunodaya is 03:27 AM. Ekadashi is present at sunrise and had begun before Arunodaya, so this is a valid Ekadashi sunrise. Ekadashi ends on 2026-09-22 09:43:00 PM IST and does not remain through another sunrise. Ekadashi ends and Dwadashi begins on 2026-09-22 09:43:00 PM IST. Dwadashi is present at Sooryodaya on 23-Sep-26 (Sooryodaya 05:03 AM). Dwadashi ends and Trayodashi begins on 2026-09-23 10:50:00 PM IST. Therefore the Upavaasa is observed on 22-Sep-26 and 23-Sep-26. For Parana on 24-Sep-26, Sooryodaya is 05:03 AM, Pratah Kala ends at 07:28 AM, Dwadashi ends at 2026-09-23 10:50:00 PM IST, and Hari Vasara ends at 2026-09-23 03:59:45 AM IST. Because the Upavaasa itself was observed on Dwadashi, Hari Vasara is not used to delay the Parana start on the following morning. Dwadashi has already ended before Sooryodaya, so Parana starts at Sooryodaya (05:03 AM). Since Dwadashi is already over, the available morning limit is the end of Pratah Kala (07:28 AM). Hence Parana is 05:03 AM to 07:28 AM.",2026-09-21:Dashami | 2026-09-22:Ekadashi | 2026-09-23:Dwadashi | 2026-09-24:Trayodashi,2026-09-21:Uttara Ashadha | 2026-09-22:Uttara Ashadha | 2026-09-23:Shravana | 2026-09-24:Dhanishtha,2026-09-21 08:00:00 PM IST,2026-09-22 09:43:00 PM IST,2026-09-23 10:50:00 PM IST,2026-09-22,05:03 AM,2026-09-22 03:27:00 AM IST,2026-09-22,,2026-09-22:VALID (start 2026-09-21 08:00:00 PM IST < Arunodaya 2026-09-22 03:27:00 AM IST),2026-09-22,05:03 AM,2026-09-22 03:27:00 AM IST,2026-09-23,Shravana,2026-09-23 03:59:45 AM IST,2026-09-21,2026-09-24,2026-09-21 | 2026-09-22 | 2026-09-23 | 2026-09-24,0,COMPLETE,,,Shravanopavasa,SHRAVANOPAVASA,A valid Ekadashi sunrise is followed by Dwadashi sunrise with Shravana Nakshatra. Observe Upavaasa on both days.,2026-09-22:VALID (start 2026-09-21 08:00:00 PM IST < Arunodaya 2026-09-22 03:27:00 AM IST),2026-09-22,2026-09-23,2026-09-24,POST_DWADASHI_UPAVASA,POST_DWADASHI_FAST_DWADASHI_OVER_BEFORE_SUNRISE,2026-09-24 05:03:00 AM IST,2026-09-24 07:28:12 AM IST,Dwadashi ended before Parana-day sunrise; Parana is sunrise to Pratah end.
Dimapur,Nagaland,India,Asia/Kolkata,geoname:1272552,1272552,Parsva Ekadashi,2026-09-22,"Parsva Ekadashi - Dimapur. Dashami ends and Ekadashi begins on 2026-09-21 08:00:00 PM IST. On 22-Sep-26, Sooryodaya is 05:03 AM and Arunodaya is 03:27 AM. Ekadashi is present at sunrise and had begun before Arunodaya, so this is a valid Ekadashi sunrise. Ekadashi ends on 2026-09-22 09:43:00 PM IST and does not remain through another sunrise. Ekadashi ends and Dwadashi begins on 2026-09-22 09:43:00 PM IST. Dwadashi is present at Sooryodaya on 23-Sep-26 (Sooryodaya 05:04 AM). Dwadashi ends and Trayodashi begins on 2026-09-23 10:50:00 PM IST. Therefore the Upavaasa is observed on 22-Sep-26 and 23-Sep-26. For Parana on 24-Sep-26, Sooryodaya is 05:04 AM, Pratah Kala ends at 07:29 AM, Dwadashi ends at 2026-09-23 10:50:00 PM IST, and Hari Vasara ends at 2026-09-23 03:59:45 AM IST. Because the Upavaasa itself was observed on Dwadashi, Hari Vasara is not used to delay the Parana start on the following morning. Dwadashi has already ended before Sooryodaya, so Parana starts at Sooryodaya (05:04 AM). Since Dwadashi is already over, the available morning limit is the end of Pratah Kala (07:29 AM). Hence Parana is 05:04 AM to 07:29 AM.",2026-09-21:Dashami | 2026-09-22:Ekadashi | 2026-09-23:Dwadashi | 2026-09-24:Trayodashi,2026-09-21:Uttara Ashadha | 2026-09-22:Uttara Ashadha | 2026-09-23:Shravana | 2026-09-24:Dhanishtha,2026-09-21 08:00:00 PM IST,2026-09-22 09:43:00 PM IST,2026-09-23 10:50:00 PM IST,2026-09-22,05:03 AM,2026-09-22 03:27:00 AM IST,2026-09-22,,2026-09-22:VALID (start 2026-09-21 08:00:00 PM IST < Arunodaya 2026-09-22 03:27:00 AM IST),2026-09-22,05:03 AM,2026-09-22 03:27:00 AM IST,2026-09-23,Shravana,2026-09-23 03:59:45 AM IST,2026-09-21,2026-09-24,2026-09-21 | 2026-09-22 | 2026-09-23 | 2026-09-24,0,COMPLETE,,,Shravanopavasa,SHRAVANOPAVASA,A valid Ekadashi sunrise is followed by Dwadashi sunrise with Shravana Nakshatra. Observe Upavaasa on both days.,2026-09-22:VALID (start 2026-09-21 08:00:00 PM IST < Arunodaya 2026-09-22 03:27:00 AM IST),2026-09-22,2026-09-23,2026-09-24,POST_DWADASHI_UPAVASA,POST_DWADASHI_FAST_DWADASHI_OVER_BEFORE_SUNRISE,2026-09-24 05:04:00 AM IST,2026-09-24 07:29:12 AM IST,Dwadashi ended before Parana-day sunrise; Parana is sunrise to Pratah end.
Itanagar,Arunachal Pradesh,India,Asia/Kolkata,geoname:1269655,1269655,Parsva Ekadashi,2026-09-22,"Parsva Ekadashi - Itanagar. Dashami ends and Ekadashi begins on 2026-09-21 08:00:00 PM IST. On 22-Sep-26, Sooryodaya is 05:04 AM and Arunodaya is 03:28 AM. Ekadashi is present at sunrise and had begun before Arunodaya, so this is a valid Ekadashi sunrise. Ekadashi ends on 2026-09-22 09:43:00 PM IST and does not remain through another sunrise. Ekadashi ends and Dwadashi begins on 2026-09-22 09:43:00 PM IST. Dwadashi is present at Sooryodaya on 23-Sep-26 (Sooryodaya 05:04 AM). Dwadashi ends and Trayodashi begins on 2026-09-23 10:50:00 PM IST. Therefore the Upavaasa is observed on 22-Sep-26 and 23-Sep-26. For Parana on 24-Sep-26, Sooryodaya is 05:05 AM, Pratah Kala ends at 07:30 AM, Dwadashi ends at 2026-09-23 10:50:00 PM IST, and Hari Vasara ends at 2026-09-23 03:59:45 AM IST. Because the Upavaasa itself was observed on Dwadashi, Hari Vasara is not used to delay the Parana start on the following morning. Dwadashi has already ended before Sooryodaya, so Parana starts at Sooryodaya (05:05 AM). Since Dwadashi is already over, the available morning limit is the end of Pratah Kala (07:30 AM). Hence Parana is 05:05 AM to 07:30 AM.",2026-09-21:Dashami | 2026-09-22:Ekadashi | 2026-09-23:Dwadashi | 2026-09-24:Trayodashi,2026-09-21:Uttara Ashadha | 2026-09-22:Uttara Ashadha | 2026-09-23:Shravana | 2026-09-24:Dhanishtha,2026-09-21 08:00:00 PM IST,2026-09-22 09:43:00 PM IST,2026-09-23 10:50:00 PM IST,2026-09-22,05:04 AM,2026-09-22 03:28:00 AM IST,2026-09-22,,2026-09-22:VALID (start 2026-09-21 08:00:00 PM IST < Arunodaya 2026-09-22 03:28:00 AM IST),2026-09-22,05:04 AM,2026-09-22 03:28:00 AM IST,2026-09-23,Shravana,2026-09-23 03:59:45 AM IST,2026-09-21,2026-09-24,2026-09-21 | 2026-09-22 | 2026-09-23 | 2026-09-24,0,COMPLETE,,,Shravanopavasa,SHRAVANOPAVASA,A valid Ekadashi sunrise is followed by Dwadashi sunrise with Shravana Nakshatra. Observe Upavaasa on both days.,2026-09-22:VALID (start 2026-09-21 08:00:00 PM IST < Arunodaya 2026-09-22 03:28:00 AM IST),2026-09-22,2026-09-23,2026-09-24,POST_DWADASHI_UPAVASA,POST_DWADASHI_FAST_DWADASHI_OVER_BEFORE_SUNRISE,2026-09-24 05:05:00 AM IST,2026-09-24 07:30:00 AM IST,Dwadashi ended before Parana-day sunrise; Parana is sunrise to Pratah end.
Madurai,Tamil Nadu,India,Asia/Kolkata,geoname:1264521,1264521,Parsva Ekadashi,2026-09-22,"Parsva Ekadashi - Madurai. Dashami ends and Ekadashi begins on 2026-09-21 08:00:00 PM IST. On 22-Sep-26, Sooryodaya is 06:07 AM and Arunodaya is 04:31 AM. Ekadashi is present at sunrise and had begun before Arunodaya, so this is a valid Ekadashi sunrise. Ekadashi ends on 2026-09-22 09:43:00 PM IST and does not remain through another sunrise. Ekadashi ends and Dwadashi begins on 2026-09-22 09:43:00 PM IST. Dwadashi is present at Sooryodaya on 23-Sep-26 (Sooryodaya 06:07 AM). Dwadashi ends and Trayodashi begins on 2026-09-23 10:50:00 PM IST. Therefore the Upavaasa is observed on 22-Sep-26 and 23-Sep-26. For Parana on 24-Sep-26, Sooryodaya is 06:07 AM, Pratah Kala ends at 08:32 AM, Dwadashi ends at 2026-09-23 10:50:00 PM IST, and Hari Vasara ends at 2026-09-23 03:59:45 AM IST. Because the Upavaasa itself was observed on Dwadashi, Hari Vasara is not used to delay the Parana start on the following morning. Dwadashi has already ended before Sooryodaya, so Parana starts at Sooryodaya (06:07 AM). Since Dwadashi is already over, the available morning limit is the end of Pratah Kala (08:32 AM). Hence Parana is 06:07 AM to 08:32 AM.",2026-09-21:Dashami | 2026-09-22:Ekadashi | 2026-09-23:Dwadashi | 2026-09-24:Trayodashi,2026-09-21:Uttara Ashadha | 2026-09-22:Uttara Ashadha | 2026-09-23:Shravana | 2026-09-24:Dhanishtha,2026-09-21 08:00:00 PM IST,2026-09-22 09:43:00 PM IST,2026-09-23 10:50:00 PM IST,2026-09-22,06:07 AM,2026-09-22 04:31:00 AM IST,2026-09-22,,2026-09-22:VALID (start 2026-09-21 08:00:00 PM IST < Arunodaya 2026-09-22 04:31:00 AM IST),2026-09-22,06:07 AM,2026-09-22 04:31:00 AM IST,2026-09-23,Shravana,2026-09-23 03:59:45 AM IST,2026-09-21,2026-09-24,2026-09-21 | 2026-09-22 | 2026-09-23 | 2026-09-24,0,COMPLETE,,,Shravanopavasa,SHRAVANOPAVASA,A valid Ekadashi sunrise is followed by Dwadashi sunrise with Shravana Nakshatra. Observe Upavaasa on both days.,2026-09-22:VALID (start 2026-09-21 08:00:00 PM IST < Arunodaya 2026-09-22 04:31:00 AM IST),2026-09-22,2026-09-23,2026-09-24,POST_DWADASHI_UPAVASA,POST_DWADASHI_FAST_DWADASHI_OVER_BEFORE_SUNRISE,2026-09-24 06:07:00 AM IST,2026-09-24 08:32:00 AM IST,Dwadashi ended before Parana-day sunrise; Parana is sunrise to Pratah end.
Kumbakonam,Tamil Nadu,India,Asia/Kolkata,geoname:1265683,1265683,Parsva Ekadashi,2026-09-22,"Parsva Ekadashi - Kumbakonam. Dashami ends and Ekadashi begins on 2026-09-21 08:00:00 PM IST. On 22-Sep-26, Sooryodaya is 06:02 AM and Arunodaya is 04:26 AM. Ekadashi is present at sunrise and had begun before Arunodaya, so this is a valid Ekadashi sunrise. Ekadashi ends on 2026-09-22 09:43:00 PM IST and does not remain through another sunrise. Ekadashi ends and Dwadashi begins on 2026-09-22 09:43:00 PM IST. Dwadashi is present at Sooryodaya on 23-Sep-26 (Sooryodaya 06:02 AM). Dwadashi ends and Trayodashi begins on 2026-09-23 10:50:00 PM IST. Therefore the Upavaasa is observed on 22-Sep-26 and 23-Sep-26. For Parana on 24-Sep-26, Sooryodaya is 06:01 AM, Pratah Kala ends at 08:26 AM, Dwadashi ends at 2026-09-23 10:50:00 PM IST, and Hari Vasara ends at 2026-09-23 03:59:45 AM IST. Because the Upavaasa itself was observed on Dwadashi, Hari Vasara is not used to delay the Parana start on the following morning. Dwadashi has already ended before Sooryodaya, so Parana starts at Sooryodaya (06:01 AM). Since Dwadashi is already over, the available morning limit is the end of Pratah Kala (08:26 AM). Hence Parana is 06:01 AM to 08:26 AM.",2026-09-21:Dashami | 2026-09-22:Ekadashi | 2026-09-23:Dwadashi | 2026-09-24:Trayodashi,2026-09-21:Uttara Ashadha | 2026-09-22:Uttara Ashadha | 2026-09-23:Shravana | 2026-09-24:Dhanishtha,2026-09-21 08:00:00 PM IST,2026-09-22 09:43:00 PM IST,2026-09-23 10:50:00 PM IST,2026-09-22,06:02 AM,2026-09-22 04:26:00 AM IST,2026-09-22,,2026-09-22:VALID (start 2026-09-21 08:00:00 PM IST < Arunodaya 2026-09-22 04:26:00 AM IST),2026-09-22,06:02 AM,2026-09-22 04:26:00 AM IST,2026-09-23,Shravana,2026-09-23 03:59:45 AM IST,2026-09-21,2026-09-24,2026-09-21 | 2026-09-22 | 2026-09-23 | 2026-09-24,0,COMPLETE,,,Shravanopavasa,SHRAVANOPAVASA,A valid Ekadashi sunrise is followed by Dwadashi sunrise with Shravana Nakshatra. Observe Upavaasa on both days.,2026-09-22:VALID (start 2026-09-21 08:00:00 PM IST < Arunodaya 2026-09-22 04:26:00 AM IST),2026-09-22,2026-09-23,2026-09-24,POST_DWADASHI_UPAVASA,POST_DWADASHI_FAST_DWADASHI_OVER_BEFORE_SUNRISE,2026-09-24 06:01:00 AM IST,2026-09-24 08:26:12 AM IST,Dwadashi ended before Parana-day sunrise; Parana is sunrise to Pratah end.
Chidambaram,Tamil Nadu,India,Asia/Kolkata,geoname:1274256,1274256,Parsva Ekadashi,2026-09-22,"Parsva Ekadashi - Chidambaram. Dashami ends and Ekadashi begins on 2026-09-21 08:00:00 PM IST. On 22-Sep-26, Sooryodaya is 06:00 AM and Arunodaya is 04:24 AM. Ekadashi is present at sunrise and had begun before Arunodaya, so this is a valid Ekadashi sunrise. Ekadashi ends on 2026-09-22 09:43:00 PM IST and does not remain through another sunrise. Ekadashi ends and Dwadashi begins on 2026-09-22 09:43:00 PM IST. Dwadashi is present at Sooryodaya on 23-Sep-26 (Sooryodaya 06:00 AM). Dwadashi ends and Trayodashi begins on 2026-09-23 10:50:00 PM IST. Therefore the Upavaasa is observed on 22-Sep-26 and 23-Sep-26. For Parana on 24-Sep-26, Sooryodaya is 06:00 AM, Pratah Kala ends at 08:25 AM, Dwadashi ends at 2026-09-23 10:50:00 PM IST, and Hari Vasara ends at 2026-09-23 03:59:45 AM IST. Because the Upavaasa itself was observed on Dwadashi, Hari Vasara is not used to delay the Parana start on the following morning. Dwadashi has already ended before Sooryodaya, so Parana starts at Sooryodaya (06:00 AM). Since Dwadashi is already over, the available morning limit is the end of Pratah Kala (08:25 AM). Hence Parana is 06:00 AM to 08:25 AM.",2026-09-21:Dashami | 2026-09-22:Ekadashi | 2026-09-23:Dwadashi | 2026-09-24:Trayodashi,2026-09-21:Uttara Ashadha | 2026-09-22:Uttara Ashadha | 2026-09-23:Shravana | 2026-09-24:Dhanishtha,2026-09-21 08:00:00 PM IST,2026-09-22 09:43:00 PM IST,2026-09-23 10:50:00 PM IST,2026-09-22,06:00 AM,2026-09-22 04:24:00 AM IST,2026-09-22,,2026-09-22:VALID (start 2026-09-21 08:00:00 PM IST < Arunodaya 2026-09-22 04:24:00 AM IST),2026-09-22,06:00 AM,2026-09-22 04:24:00 AM IST,2026-09-23,Shravana,2026-09-23 03:59:45 AM IST,2026-09-21,2026-09-24,2026-09-21 | 2026-09-22 | 2026-09-23 | 2026-09-24,0,COMPLETE,,,Shravanopavasa,SHRAVANOPAVASA,A valid Ekadashi sunrise is followed by Dwadashi sunrise with Shravana Nakshatra. Observe Upavaasa on both days.,2026-09-22:VALID (start 2026-09-21 08:00:00 PM IST < Arunodaya 2026-09-22 04:24:00 AM IST),2026-09-22,2026-09-23,2026-09-24,POST_DWADASHI_UPAVASA,POST_DWADASHI_FAST_DWADASHI_OVER_BEFORE_SUNRISE,2026-09-24 06:00:00 AM IST,2026-09-24 08:25:12 AM IST,Dwadashi ended before Parana-day sunrise; Parana is sunrise to Pratah end.
Kanchipuram,Tamil Nadu,India,Asia/Kolkata,geoname:1268159,1268159,Parsva Ekadashi,2026-09-22,"Parsva Ekadashi - Kanchipuram. Dashami ends and Ekadashi begins on 2026-09-21 08:00:00 PM IST. On 22-Sep-26, Sooryodaya is 06:00 AM and Arunodaya is 04:24 AM. Ekadashi is present at sunrise and had begun before Arunodaya, so this is a valid Ekadashi sunrise. Ekadashi ends on 2026-09-22 09:43:00 PM IST and does not remain through another sunrise. Ekadashi ends and Dwadashi begins on 2026-09-22 09:43:00 PM IST. Dwadashi is present at Sooryodaya on 23-Sep-26 (Sooryodaya 06:00 AM). Dwadashi ends and Trayodashi begins on 2026-09-23 10:50:00 PM IST. Therefore the Upavaasa is observed on 22-Sep-26 and 23-Sep-26. For Parana on 24-Sep-26, Sooryodaya is 06:00 AM, Pratah Kala ends at 08:25 AM, Dwadashi ends at 2026-09-23 10:50:00 PM IST, and Hari Vasara ends at 2026-09-23 03:59:45 AM IST. Because the Upavaasa itself was observed on Dwadashi, Hari Vasara is not used to delay the Parana start on the following morning. Dwadashi has already ended before Sooryodaya, so Parana starts at Sooryodaya (06:00 AM). Since Dwadashi is already over, the available morning limit is the end of Pratah Kala (08:25 AM). Hence Parana is 06:00 AM to 08:25 AM.",2026-09-21:Dashami | 2026-09-22:Ekadashi | 2026-09-23:Dwadashi | 2026-09-24:Trayodashi,2026-09-21:Uttara Ashadha | 2026-09-22:Uttara Ashadha | 2026-09-23:Shravana | 2026-09-24:Dhanishtha,2026-09-21 08:00:00 PM IST,2026-09-22 09:43:00 PM IST,2026-09-23 10:50:00 PM IST,2026-09-22,06:00 AM,2026-09-22 04:24:00 AM IST,2026-09-22,,2026-09-22:VALID (start 2026-09-21 08:00:00 PM IST < Arunodaya 2026-09-22 04:24:00 AM IST),2026-09-22,06:00 AM,2026-09-22 04:24:00 AM IST,2026-09-23,Shravana,2026-09-23 03:59:45 AM IST,2026-09-21,2026-09-24,2026-09-21 | 2026-09-22 | 2026-09-23 | 2026-09-24,0,COMPLETE,,,Shravanopavasa,SHRAVANOPAVASA,A valid Ekadashi sunrise is followed by Dwadashi sunrise with Shravana Nakshatra. Observe Upavaasa on both days.,2026-09-22:VALID (start 2026-09-21 08:00:00 PM IST < Arunodaya 2026-09-22 04:24:00 AM IST),2026-09-22,2026-09-23,2026-09-24,POST_DWADASHI_UPAVASA,POST_DWADASHI_FAST_DWADASHI_OVER_BEFORE_SUNRISE,2026-09-24 06:00:00 AM IST,2026-09-24 08:25:12 AM IST,Dwadashi ended before Parana-day sunrise; Parana is sunrise to Pratah end.
Srirangam,Tamil Nadu,India,Asia/Kolkata,geoname:1254388,1254388,Parsva Ekadashi,2026-09-22,"Parsva Ekadashi - Srirangam. Dashami ends and Ekadashi begins on 2026-09-21 08:00:00 PM IST. On 22-Sep-26, Sooryodaya is 06:04 AM and Arunodaya is 04:28 AM. Ekadashi is present at sunrise and had begun before Arunodaya, so this is a valid Ekadashi sunrise. Ekadashi ends on 2026-09-22 09:43:00 PM IST and does not remain through another sunrise. Ekadashi ends and Dwadashi begins on 2026-09-22 09:43:00 PM IST. Dwadashi is present at Sooryodaya on 23-Sep-26 (Sooryodaya 06:04 AM). Dwadashi ends and Trayodashi begins on 2026-09-23 10:50:00 PM IST. Therefore the Upavaasa is observed on 22-Sep-26 and 23-Sep-26. For Parana on 24-Sep-26, Sooryodaya is 06:04 AM, Pratah Kala ends at 08:29 AM, Dwadashi ends at 2026-09-23 10:50:00 PM IST, and Hari Vasara ends at 2026-09-23 03:59:45 AM IST. Because the Upavaasa itself was observed on Dwadashi, Hari Vasara is not used to delay the Parana start on the following morning. Dwadashi has already ended before Sooryodaya, so Parana starts at Sooryodaya (06:04 AM). Since Dwadashi is already over, the available morning limit is the end of Pratah Kala (08:29 AM). Hence Parana is 06:04 AM to 08:29 AM.",2026-09-21:Dashami | 2026-09-22:Ekadashi | 2026-09-23:Dwadashi | 2026-09-24:Trayodashi,2026-09-21:Uttara Ashadha | 2026-09-22:Uttara Ashadha | 2026-09-23:Shravana | 2026-09-24:Dhanishtha,2026-09-21 08:00:00 PM IST,2026-09-22 09:43:00 PM IST,2026-09-23 10:50:00 PM IST,2026-09-22,06:04 AM,2026-09-22 04:28:00 AM IST,2026-09-22,,2026-09-22:VALID (start 2026-09-21 08:00:00 PM IST < Arunodaya 2026-09-22 04:28:00 AM IST),2026-09-22,06:04 AM,2026-09-22 04:28:00 AM IST,2026-09-23,Shravana,2026-09-23 03:59:45 AM IST,2026-09-21,2026-09-24,2026-09-21 | 2026-09-22 | 2026-09-23 | 2026-09-24,0,COMPLETE,,,Shravanopavasa,SHRAVANOPAVASA,A valid Ekadashi sunrise is followed by Dwadashi sunrise with Shravana Nakshatra. Observe Upavaasa on both days.,2026-09-22:VALID (start 2026-09-21 08:00:00 PM IST < Arunodaya 2026-09-22 04:28:00 AM IST),2026-09-22,2026-09-23,2026-09-24,POST_DWADASHI_UPAVASA,POST_DWADASHI_FAST_DWADASHI_OVER_BEFORE_SUNRISE,2026-09-24 06:04:00 AM IST,2026-09-24 08:29:12 AM IST,Dwadashi ended before Parana-day sunrise; Parana is sunrise to Pratah end.
Guruvayur,Kerala,India,Asia/Kolkata,geoname:1270603,1270603,Parsva Ekadashi,2026-09-22,"Parsva Ekadashi - Guruvayur. Dashami ends and Ekadashi begins on 2026-09-21 08:00:00 PM IST. On 22-Sep-26, Sooryodaya is 06:15 AM and Arunodaya is 04:39 AM. Ekadashi is present at sunrise and had begun before Arunodaya, so this is a valid Ekadashi sunrise. Ekadashi ends on 2026-09-22 09:43:00 PM IST and does not remain through another sunrise. Ekadashi ends and Dwadashi begins on 2026-09-22 09:43:00 PM IST. Dwadashi is present at Sooryodaya on 23-Sep-26 (Sooryodaya 06:15 AM). Dwadashi ends and Trayodashi begins on 2026-09-23 10:50:00 PM IST. Therefore the Upavaasa is observed on 22-Sep-26 and 23-Sep-26. For Parana on 24-Sep-26, Sooryodaya is 06:15 AM, Pratah Kala ends at 08:40 AM, Dwadashi ends at 2026-09-23 10:50:00 PM IST, and Hari Vasara ends at 2026-09-23 03:59:45 AM IST. Because the Upavaasa itself was observed on Dwadashi, Hari Vasara is not used to delay the Parana start on the following morning. Dwadashi has already ended before Sooryodaya, so Parana starts at Sooryodaya (06:15 AM). Since Dwadashi is already over, the available morning limit is the end of Pratah Kala (08:40 AM). Hence Parana is 06:15 AM to 08:40 AM.",2026-09-21:Dashami | 2026-09-22:Ekadashi | 2026-09-23:Dwadashi | 2026-09-24:Trayodashi,2026-09-21:Uttara Ashadha | 2026-09-22:Uttara Ashadha | 2026-09-23:Shravana | 2026-09-24:Dhanishtha,2026-09-21 08:00:00 PM IST,2026-09-22 09:43:00 PM IST,2026-09-23 10:50:00 PM IST,2026-09-22,06:15 AM,2026-09-22 04:39:00 AM IST,2026-09-22,,2026-09-22:VALID (start 2026-09-21 08:00:00 PM IST < Arunodaya 2026-09-22 04:39:00 AM IST),2026-09-22,06:15 AM,2026-09-22 04:39:00 AM IST,2026-09-23,Shravana,2026-09-23 03:59:45 AM IST,2026-09-21,2026-09-24,2026-09-21 | 2026-09-22 | 2026-09-23 | 2026-09-24,0,COMPLETE,,,Shravanopavasa,SHRAVANOPAVASA,A valid Ekadashi sunrise is followed by Dwadashi sunrise with Shravana Nakshatra. Observe Upavaasa on both days.,2026-09-22:VALID (start 2026-09-21 08:00:00 PM IST < Arunodaya 2026-09-22 04:39:00 AM IST),2026-09-22,2026-09-23,2026-09-24,POST_DWADASHI_UPAVASA,POST_DWADASHI_FAST_DWADASHI_OVER_BEFORE_SUNRISE,2026-09-24 06:15:00 AM IST,2026-09-24 08:40:12 AM IST,Dwadashi ended before Parana-day sunrise; Parana is sunrise to Pratah end.
Pandharpur,Maharashtra,India,Asia/Kolkata,geoname:1260546,1260546,Parsva Ekadashi,2026-09-22,"Parsva Ekadashi - Pandharpur. Dashami ends and Ekadashi begins on 2026-09-21 08:00:00 PM IST. On 22-Sep-26, Sooryodaya is 06:18 AM and Arunodaya is 04:42 AM. Ekadashi is present at sunrise and had begun before Arunodaya, so this is a valid Ekadashi sunrise. Ekadashi ends on 2026-09-22 09:43:00 PM IST and does not remain through another sunrise. Ekadashi ends and Dwadashi begins on 2026-09-22 09:43:00 PM IST. Dwadashi is present at Sooryodaya on 23-Sep-26 (Sooryodaya 06:18 AM). Dwadashi ends and Trayodashi begins on 2026-09-23 10:50:00 PM IST. Therefore the Upavaasa is observed on 22-Sep-26 and 23-Sep-26. For Parana on 24-Sep-26, Sooryodaya is 06:18 AM, Pratah Kala ends at 08:43 AM, Dwadashi ends at 2026-09-23 10:50:00 PM IST, and Hari Vasara ends at 2026-09-23 03:59:45 AM IST. Because the Upavaasa itself was observed on Dwadashi, Hari Vasara is not used to delay the Parana start on the following morning. Dwadashi has already ended before Sooryodaya, so Parana starts at Sooryodaya (06:18 AM). Since Dwadashi is already over, the available morning limit is the end of Pratah Kala (08:43 AM). Hence Parana is 06:18 AM to 08:43 AM.",2026-09-21:Dashami | 2026-09-22:Ekadashi | 2026-09-23:Dwadashi | 2026-09-24:Trayodashi,2026-09-21:Uttara Ashadha | 2026-09-22:Uttara Ashadha | 2026-09-23:Shravana | 2026-09-24:Dhanishtha,2026-09-21 08:00:00 PM IST,2026-09-22 09:43:00 PM IST,2026-09-23 10:50:00 PM IST,2026-09-22,06:18 AM,2026-09-22 04:42:00 AM IST,2026-09-22,,2026-09-22:VALID (start 2026-09-21 08:00:00 PM IST < Arunodaya 2026-09-22 04:42:00 AM IST),2026-09-22,06:18 AM,2026-09-22 04:42:00 AM IST,2026-09-23,Shravana,2026-09-23 03:59:45 AM IST,2026-09-21,2026-09-24,2026-09-21 | 2026-09-22 | 2026-09-23 | 2026-09-24,0,COMPLETE,,,Shravanopavasa,SHRAVANOPAVASA,A valid Ekadashi sunrise is followed by Dwadashi sunrise with Shravana Nakshatra. Observe Upavaasa on both days.,2026-09-22:VALID (start 2026-09-21 08:00:00 PM IST < Arunodaya 2026-09-22 04:42:00 AM IST),2026-09-22,2026-09-23,2026-09-24,POST_DWADASHI_UPAVASA,POST_DWADASHI_FAST_DWADASHI_OVER_BEFORE_SUNRISE,2026-09-24 06:18:00 AM IST,2026-09-24 08:43:00 AM IST,Dwadashi ended before Parana-day sunrise; Parana is sunrise to Pratah end.
Kolhapur,Maharashtra,India,Asia/Kolkata,geoname:1266285,1266285,Parsva Ekadashi,2026-09-22,"Parsva Ekadashi - Kolhapur. Dashami ends and Ekadashi begins on 2026-09-21 08:00:00 PM IST. On 22-Sep-26, Sooryodaya is 06:22 AM and Arunodaya is 04:46 AM. Ekadashi is present at sunrise and had begun before Arunodaya, so this is a valid Ekadashi sunrise. Ekadashi ends on 2026-09-22 09:43:00 PM IST and does not remain through another sunrise. Ekadashi ends and Dwadashi begins on 2026-09-22 09:43:00 PM IST. Dwadashi is present at Sooryodaya on 23-Sep-26 (Sooryodaya 06:22 AM). Dwadashi ends and Trayodashi begins on 2026-09-23 10:50:00 PM IST. Therefore the Upavaasa is observed on 22-Sep-26 and 23-Sep-26. For Parana on 24-Sep-26, Sooryodaya is 06:22 AM, Pratah Kala ends at 08:47 AM, Dwadashi ends at 2026-09-23 10:50:00 PM IST, and Hari Vasara ends at 2026-09-23 03:59:45 AM IST. Because the Upavaasa itself was observed on Dwadashi, Hari Vasara is not used to delay the Parana start on the following morning. Dwadashi has already ended before Sooryodaya, so Parana starts at Sooryodaya (06:22 AM). Since Dwadashi is already over, the available morning limit is the end of Pratah Kala (08:47 AM). Hence Parana is 06:22 AM to 08:47 AM.",2026-09-21:Dashami | 2026-09-22:Ekadashi | 2026-09-23:Dwadashi | 2026-09-24:Trayodashi,2026-09-21:Uttara Ashadha | 2026-09-22:Uttara Ashadha | 2026-09-23:Shravana | 2026-09-24:Dhanishtha,2026-09-21 08:00:00 PM IST,2026-09-22 09:43:00 PM IST,2026-09-23 10:50:00 PM IST,2026-09-22,06:22 AM,2026-09-22 04:46:00 AM IST,2026-09-22,,2026-09-22:VALID (start 2026-09-21 08:00:00 PM IST < Arunodaya 2026-09-22 04:46:00 AM IST),2026-09-22,06:22 AM,2026-09-22 04:46:00 AM IST,2026-09-23,Shravana,2026-09-23 03:59:45 AM IST,2026-09-21,2026-09-24,2026-09-21 | 2026-09-22 | 2026-09-23 | 2026-09-24,0,COMPLETE,,,Shravanopavasa,SHRAVANOPAVASA,A valid Ekadashi sunrise is followed by Dwadashi sunrise with Shravana Nakshatra. Observe Upavaasa on both days.,2026-09-22:VALID (start 2026-09-21 08:00:00 PM IST < Arunodaya 2026-09-22 04:46:00 AM IST),2026-09-22,2026-09-23,2026-09-24,POST_DWADASHI_UPAVASA,POST_DWADASHI_FAST_DWADASHI_OVER_BEFORE_SUNRISE,2026-09-24 06:22:00 AM IST,2026-09-24 08:47:12 AM IST,Dwadashi ended before Parana-day sunrise; Parana is sunrise to Pratah end.
Nagpur,Maharashtra,India,Asia/Kolkata,geoname:1262180,1262180,Parsva Ekadashi,2026-09-22,"Parsva Ekadashi - Nagpur. Dashami ends and Ekadashi begins on 2026-09-21 08:00:00 PM IST. On 22-Sep-26, Sooryodaya is 06:02 AM and Arunodaya is 04:26 AM. Ekadashi is present at sunrise and had begun before Arunodaya, so this is a valid Ekadashi sunrise. Ekadashi ends on 2026-09-22 09:43:00 PM IST and does not remain through another sunrise. Ekadashi ends and Dwadashi begins on 2026-09-22 09:43:00 PM IST. Dwadashi is present at Sooryodaya on 23-Sep-26 (Sooryodaya 06:03 AM). Dwadashi ends and Trayodashi begins on 2026-09-23 10:50:00 PM IST. Therefore the Upavaasa is observed on 22-Sep-26 and 23-Sep-26. For Parana on 24-Sep-26, Sooryodaya is 06:03 AM, Pratah Kala ends at 08:28 AM, Dwadashi ends at 2026-09-23 10:50:00 PM IST, and Hari Vasara ends at 2026-09-23 03:59:45 AM IST. Because the Upavaasa itself was observed on Dwadashi, Hari Vasara is not used to delay the Parana start on the following morning. Dwadashi has already ended before Sooryodaya, so Parana starts at Sooryodaya (06:03 AM). Since Dwadashi is already over, the available morning limit is the end of Pratah Kala (08:28 AM). Hence Parana is 06:03 AM to 08:28 AM.",2026-09-21:Dashami | 2026-09-22:Ekadashi | 2026-09-23:Dwadashi | 2026-09-24:Trayodashi,2026-09-21:Uttara Ashadha | 2026-09-22:Uttara Ashadha | 2026-09-23:Shravana | 2026-09-24:Dhanishtha,2026-09-21 08:00:00 PM IST,2026-09-22 09:43:00 PM IST,2026-09-23 10:50:00 PM IST,2026-09-22,06:02 AM,2026-09-22 04:26:00 AM IST,2026-09-22,,2026-09-22:VALID (start 2026-09-21 08:00:00 PM IST < Arunodaya 2026-09-22 04:26:00 AM IST),2026-09-22,06:02 AM,2026-09-22 04:26:00 AM IST,2026-09-23,Shravana,2026-09-23 03:59:45 AM IST,2026-09-21,2026-09-24,2026-09-21 | 2026-09-22 | 2026-09-23 | 2026-09-24,0,COMPLETE,,,Shravanopavasa,SHRAVANOPAVASA,A valid Ekadashi sunrise is followed by Dwadashi sunrise with Shravana Nakshatra. Observe Upavaasa on both days.,2026-09-22:VALID (start 2026-09-21 08:00:00 PM IST < Arunodaya 2026-09-22 04:26:00 AM IST),2026-09-22,2026-09-23,2026-09-24,POST_DWADASHI_UPAVASA,POST_DWADASHI_FAST_DWADASHI_OVER_BEFORE_SUNRISE,2026-09-24 06:03:00 AM IST,2026-09-24 08:28:00 AM IST,Dwadashi ended before Parana-day sunrise; Parana is sunrise to Pratah end.
Visakhapatnam,Andra Pradesh,India,Asia/Kolkata,geoname:1253102,1253102,Parsva Ekadashi,2026-09-22,"Parsva Ekadashi - Visakhapatnam. Dashami ends and Ekadashi begins on 2026-09-21 08:00:00 PM IST. On 22-Sep-26, Sooryodaya is 05:46 AM and Arunodaya is 04:10 AM. Ekadashi is present at sunrise and had begun before Arunodaya, so this is a valid Ekadashi sunrise. Ekadashi ends on 2026-09-22 09:43:00 PM IST and does not remain through another sunrise. Ekadashi ends and Dwadashi begins on 2026-09-22 09:43:00 PM IST. Dwadashi is present at Sooryodaya on 23-Sep-26 (Sooryodaya 05:46 AM). Dwadashi ends and Trayodashi begins on 2026-09-23 10:50:00 PM IST. Therefore the Upavaasa is observed on 22-Sep-26 and 23-Sep-26. For Parana on 24-Sep-26, Sooryodaya is 05:46 AM, Pratah Kala ends at 08:11 AM, Dwadashi ends at 2026-09-23 10:50:00 PM IST, and Hari Vasara ends at 2026-09-23 03:59:45 AM IST. Because the Upavaasa itself was observed on Dwadashi, Hari Vasara is not used to delay the Parana start on the following morning. Dwadashi has already ended before Sooryodaya, so Parana starts at Sooryodaya (05:46 AM). Since Dwadashi is already over, the available morning limit is the end of Pratah Kala (08:11 AM). Hence Parana is 05:46 AM to 08:11 AM.",2026-09-21:Dashami | 2026-09-22:Ekadashi | 2026-09-23:Dwadashi | 2026-09-24:Trayodashi,2026-09-21:Uttara Ashadha | 2026-09-22:Uttara Ashadha | 2026-09-23:Shravana | 2026-09-24:Dhanishtha,2026-09-21 08:00:00 PM IST,2026-09-22 09:43:00 PM IST,2026-09-23 10:50:00 PM IST,2026-09-22,05:46 AM,2026-09-22 04:10:00 AM IST,2026-09-22,,2026-09-22:VALID (start 2026-09-21 08:00:00 PM IST < Arunodaya 2026-09-22 04:10:00 AM IST),2026-09-22,05:46 AM,2026-09-22 04:10:00 AM IST,2026-09-23,Shravana,2026-09-23 03:59:45 AM IST,2026-09-21,2026-09-24,2026-09-21 | 2026-09-22 | 2026-09-23 | 2026-09-24,0,COMPLETE,,,Shravanopavasa,SHRAVANOPAVASA,A valid Ekadashi sunrise is followed by Dwadashi sunrise with Shravana Nakshatra. Observe Upavaasa on both days.,2026-09-22:VALID (start 2026-09-21 08:00:00 PM IST < Arunodaya 2026-09-22 04:10:00 AM IST),2026-09-22,2026-09-23,2026-09-24,POST_DWADASHI_UPAVASA,POST_DWADASHI_FAST_DWADASHI_OVER_BEFORE_SUNRISE,2026-09-24 05:46:00 AM IST,2026-09-24 08:11:12 AM IST,Dwadashi ended before Parana-day sunrise; Parana is sunrise to Pratah end.
Dubai,Dubai,United Arab Emirates,Asia/Dubai,geoname:292223,292223,Parsva Ekadashi,2026-09-22,"Parsva Ekadashi - Dubai. Dashami ends and Ekadashi begins on 2026-09-21 06:30:00 PM +04. On 22-Sep-26, Sooryodaya is 06:08 AM and Arunodaya is 04:32 AM. Ekadashi is present at sunrise and had begun before Arunodaya, so this is a valid Ekadashi sunrise. Ekadashi ends on 2026-09-22 08:13:00 PM +04 and does not remain through another sunrise. Ekadashi ends and Dwadashi begins on 2026-09-22 08:13:00 PM +04. Dwadashi is present at Sooryodaya on 23-Sep-26 (Sooryodaya 06:08 AM). Dwadashi ends and Trayodashi begins on 2026-09-23 09:20:00 PM +04. Therefore the Upavaasa is observed on 22-Sep-26 and 23-Sep-26. For Parana on 24-Sep-26, Sooryodaya is 06:09 AM, Pratah Kala ends at 08:34 AM, Dwadashi ends at 2026-09-23 09:20:00 PM +04, and Hari Vasara ends at 2026-09-23 02:29:45 AM +04. Because the Upavaasa itself was observed on Dwadashi, Hari Vasara is not used to delay the Parana start on the following morning. Dwadashi has already ended before Sooryodaya, so Parana starts at Sooryodaya (06:09 AM). Since Dwadashi is already over, the available morning limit is the end of Pratah Kala (08:34 AM). Hence Parana is 06:09 AM to 08:34 AM.",2026-09-21:Dashami | 2026-09-22:Ekadashi | 2026-09-23:Dwadashi | 2026-09-24:Trayodashi,2026-09-21:Uttara Ashadha | 2026-09-22:Shravana | 2026-09-23:Shravana | 2026-09-24:Dhanishtha,2026-09-21 06:30:00 PM +04,2026-09-22 08:13:00 PM +04,2026-09-23 09:20:00 PM +04,2026-09-22,06:08 AM,2026-09-22 04:32:00 AM +04,2026-09-22,,2026-09-22:VALID (start 2026-09-21 06:30:00 PM +04 < Arunodaya 2026-09-22 04:32:00 AM +04),2026-09-22,06:08 AM,2026-09-22 04:32:00 AM +04,2026-09-23,Shravana,2026-09-23 02:29:45 AM +04,2026-09-21,2026-09-24,2026-09-21 | 2026-09-22 | 2026-09-23 | 2026-09-24,0,COMPLETE,,,Shravanopavasa,SHRAVANOPAVASA,A valid Ekadashi sunrise is followed by Dwadashi sunrise with Shravana Nakshatra. Observe Upavaasa on both days.,2026-09-22:VALID (start 2026-09-21 06:30:00 PM +04 < Arunodaya 2026-09-22 04:32:00 AM +04),2026-09-22,2026-09-23,2026-09-24,POST_DWADASHI_UPAVASA,POST_DWADASHI_FAST_DWADASHI_OVER_BEFORE_SUNRISE,2026-09-24 06:09:00 AM +04,2026-09-24 08:34:00 AM +04,Dwadashi ended before Parana-day sunrise; Parana is sunrise to Pratah end.
Doha,Baladīyat ad Dawḩah,Qatar,Asia/Qatar,geoname:290030,290030,Parsva Ekadashi,2026-09-22,"Parsva Ekadashi - Doha. Dashami ends and Ekadashi begins on 2026-09-21 05:30:00 PM +03. On 22-Sep-26, Sooryodaya is 05:22 AM and Arunodaya is 03:46 AM. Ekadashi is present at sunrise and had begun before Arunodaya, so this is a valid Ekadashi sunrise. Ekadashi ends on 2026-09-22 07:13:00 PM +03 and does not remain through another sunrise. Ekadashi ends and Dwadashi begins on 2026-09-22 07:13:00 PM +03. Dwadashi is present at Sooryodaya on 23-Sep-26 (Sooryodaya 05:23 AM). Dwadashi ends and Trayodashi begins on 2026-09-23 08:20:00 PM +03. Therefore the Upavaasa is observed on 22-Sep-26 and 23-Sep-26. For Parana on 24-Sep-26, Sooryodaya is 05:23 AM, Pratah Kala ends at 07:48 AM, Dwadashi ends at 2026-09-23 08:20:00 PM +03, and Hari Vasara ends at 2026-09-23 01:29:45 AM +03. Because the Upavaasa itself was observed on Dwadashi, Hari Vasara is not used to delay the Parana start on the following morning. Dwadashi has already ended before Sooryodaya, so Parana starts at Sooryodaya (05:23 AM). Since Dwadashi is already over, the available morning limit is the end of Pratah Kala (07:48 AM). Hence Parana is 05:23 AM to 07:48 AM.",2026-09-21:Dashami | 2026-09-22:Ekadashi | 2026-09-23:Dwadashi | 2026-09-24:Trayodashi,2026-09-21:Uttara Ashadha | 2026-09-22:Shravana | 2026-09-23:Shravana | 2026-09-24:Dhanishtha,2026-09-21 05:30:00 PM +03,2026-09-22 07:13:00 PM +03,2026-09-23 08:20:00 PM +03,2026-09-22,05:22 AM,2026-09-22 03:46:00 AM +03,2026-09-22,,2026-09-22:VALID (start 2026-09-21 05:30:00 PM +03 < Arunodaya 2026-09-22 03:46:00 AM +03),2026-09-22,05:22 AM,2026-09-22 03:46:00 AM +03,2026-09-23,Shravana,2026-09-23 01:29:45 AM +03,2026-09-21,2026-09-24,2026-09-21 | 2026-09-22 | 2026-09-23 | 2026-09-24,0,COMPLETE,,,Shravanopavasa,SHRAVANOPAVASA,A valid Ekadashi sunrise is followed by Dwadashi sunrise with Shravana Nakshatra. Observe Upavaasa on both days.,2026-09-22:VALID (start 2026-09-21 05:30:00 PM +03 < Arunodaya 2026-09-22 03:46:00 AM +03),2026-09-22,2026-09-23,2026-09-24,POST_DWADASHI_UPAVASA,POST_DWADASHI_FAST_DWADASHI_OVER_BEFORE_SUNRISE,2026-09-24 05:23:00 AM +03,2026-09-24 07:48:00 AM +03,Dwadashi ended before Parana-day sunrise; Parana is sunrise to Pratah end.
Zurich,Zurich,Switzerland,Europe/Zurich,geoname:2657896,2657896,Parsva Ekadashi,2026-09-22,"Parsva Ekadashi - Zurich. Dashami ends and Ekadashi begins on 2026-09-21 04:30:00 PM CEST. On 22-Sep-26, Sooryodaya is 07:12 AM and Arunodaya is 05:36 AM. Ekadashi is present at sunrise and had begun before Arunodaya, so this is a valid Ekadashi sunrise. Ekadashi ends on 2026-09-22 06:13:00 PM CEST and does not remain through another sunrise. Ekadashi ends and Dwadashi begins on 2026-09-22 06:13:00 PM CEST. Dwadashi is present at Sooryodaya on 23-Sep-26 (Sooryodaya 07:14 AM). Dwadashi ends and Trayodashi begins on 2026-09-23 07:20:00 PM CEST. Therefore the Upavaasa is observed on 22-Sep-26. For Parana on 23-Sep-26, Sooryodaya is 07:14 AM, Pratah Kala ends at 09:40 AM, Dwadashi ends at 2026-09-23 07:20:00 PM CEST, and Hari Vasara ends at 2026-09-23 12:29:45 AM CEST. Hari Vasara ends before Sooryodaya, so there is no Hari-Vasara delay; Parana starts at Sooryodaya (07:14 AM). Pratah Kala ends at 09:40 AM, before Dwadashi ends; therefore Pratah Kala end is the limiting end time. Hence Parana is 07:14 AM to 09:40 AM.",2026-09-21:Dashami | 2026-09-22:Ekadashi | 2026-09-23:Dwadashi,2026-09-21:Uttara Ashadha | 2026-09-22:Shravana | 2026-09-23:Dhanishtha,2026-09-21 04:30:00 PM CEST,2026-09-22 06:13:00 PM CEST,2026-09-23 07:20:00 PM CEST,2026-09-22,07:12 AM,2026-09-22 05:36:00 AM CEST,2026-09-22,,2026-09-22:VALID (start 2026-09-21 04:30:00 PM CEST < Arunodaya 2026-09-22 05:36:00 AM CEST),2026-09-22,07:12 AM,2026-09-22 05:36:00 AM CEST,2026-09-23,Dhanishtha,2026-09-23 12:29:45 AM CEST,2026-09-21,2026-09-23,2026-09-21 | 2026-09-22 | 2026-09-23,0,COMPLETE,,,Normal Ekadashi,NORMAL,Ekadashi began before Arunodaya and has one valid Ekadashi sunrise. No two-day exception is triggered.,2026-09-22:VALID (start 2026-09-21 04:30:00 PM CEST < Arunodaya 2026-09-22 05:36:00 AM CEST),2026-09-22,,2026-09-23,DWADASHI,PRATAH,2026-09-23 07:14:00 AM CEST,2026-09-23 09:39:36 AM CEST,Hari Vasara ended before Parana-day sunrise; Parana is sunrise to Pratah end.
Esslingen,Esslingen,Germany,Europe/Berlin,geoname:2928751,2928751,Parsva Ekadashi,2026-09-22,"Parsva Ekadashi - Esslingen. Dashami ends and Ekadashi begins on 2026-09-21 04:30:00 PM CEST. On 22-Sep-26, Sooryodaya is 07:09 AM and Arunodaya is 05:33 AM. Ekadashi is present at sunrise and had begun before Arunodaya, so this is a valid Ekadashi sunrise. Ekadashi ends on 2026-09-22 06:13:00 PM CEST and does not remain through another sunrise. Ekadashi ends and Dwadashi begins on 2026-09-22 06:13:00 PM CEST. Dwadashi is present at Sooryodaya on 23-Sep-26 (Sooryodaya 07:11 AM). Dwadashi ends and Trayodashi begins on 2026-09-23 07:20:00 PM CEST. Therefore the Upavaasa is observed on 22-Sep-26. For Parana on 23-Sep-26, Sooryodaya is 07:11 AM, Pratah Kala ends at 09:37 AM, Dwadashi ends at 2026-09-23 07:20:00 PM CEST, and Hari Vasara ends at 2026-09-23 12:29:45 AM CEST. Hari Vasara ends before Sooryodaya, so there is no Hari-Vasara delay; Parana starts at Sooryodaya (07:11 AM). Pratah Kala ends at 09:37 AM, before Dwadashi ends; therefore Pratah Kala end is the limiting end time. Hence Parana is 07:11 AM to 09:37 AM.",2026-09-21:Dashami | 2026-09-22:Ekadashi | 2026-09-23:Dwadashi,2026-09-21:Uttara Ashadha | 2026-09-22:Shravana | 2026-09-23:Dhanishtha,2026-09-21 04:30:00 PM CEST,2026-09-22 06:13:00 PM CEST,2026-09-23 07:20:00 PM CEST,2026-09-22,07:09 AM,2026-09-22 05:33:00 AM CEST,2026-09-22,,2026-09-22:VALID (start 2026-09-21 04:30:00 PM CEST < Arunodaya 2026-09-22 05:33:00 AM CEST),2026-09-22,07:09 AM,2026-09-22 05:33:00 AM CEST,2026-09-23,Dhanishtha,2026-09-23 12:29:45 AM CEST,2026-09-21,2026-09-23,2026-09-21 | 2026-09-22 | 2026-09-23,0,COMPLETE,,,Normal Ekadashi,NORMAL,Ekadashi began before Arunodaya and has one valid Ekadashi sunrise. No two-day exception is triggered.,2026-09-22:VALID (start 2026-09-21 04:30:00 PM CEST < Arunodaya 2026-09-22 05:33:00 AM CEST),2026-09-22,,2026-09-23,DWADASHI,PRATAH,2026-09-23 07:11:00 AM CEST,2026-09-23 09:36:36 AM CEST,Hari Vasara ended before Parana-day sunrise; Parana is sunrise to Pratah end.
Ayodhya,Uttar Pradesh,India,Asia/Kolkata,geoname:1278094,1278094,Parsva Ekadashi,2026-09-22,"Parsva Ekadashi - Ayodhya. Dashami ends and Ekadashi begins on 2026-09-21 08:00:00 PM IST. On 22-Sep-26, Sooryodaya is 05:49 AM and Arunodaya is 04:13 AM. Ekadashi is present at sunrise and had begun before Arunodaya, so this is a valid Ekadashi sunrise. Ekadashi ends on 2026-09-22 09:43:00 PM IST and does not remain through another sunrise. Ekadashi ends and Dwadashi begins on 2026-09-22 09:43:00 PM IST. Dwadashi is present at Sooryodaya on 23-Sep-26 (Sooryodaya 05:50 AM). Dwadashi ends and Trayodashi begins on 2026-09-23 10:50:00 PM IST. Therefore the Upavaasa is observed on 22-Sep-26 and 23-Sep-26. For Parana on 24-Sep-26, Sooryodaya is 05:50 AM, Pratah Kala ends at 08:15 AM, Dwadashi ends at 2026-09-23 10:50:00 PM IST, and Hari Vasara ends at 2026-09-23 03:59:45 AM IST. Because the Upavaasa itself was observed on Dwadashi, Hari Vasara is not used to delay the Parana start on the following morning. Dwadashi has already ended before Sooryodaya, so Parana starts at Sooryodaya (05:50 AM). Since Dwadashi is already over, the available morning limit is the end of Pratah Kala (08:15 AM). Hence Parana is 05:50 AM to 08:15 AM.",2026-09-21:Dashami | 2026-09-22:Ekadashi | 2026-09-23:Dwadashi | 2026-09-24:Trayodashi,2026-09-21:Uttara Ashadha | 2026-09-22:Uttara Ashadha | 2026-09-23:Shravana | 2026-09-24:Dhanishtha,2026-09-21 08:00:00 PM IST,2026-09-22 09:43:00 PM IST,2026-09-23 10:50:00 PM IST,2026-09-22,05:49 AM,2026-09-22 04:13:00 AM IST,2026-09-22,,2026-09-22:VALID (start 2026-09-21 08:00:00 PM IST < Arunodaya 2026-09-22 04:13:00 AM IST),2026-09-22,05:49 AM,2026-09-22 04:13:00 AM IST,2026-09-23,Shravana,2026-09-23 03:59:45 AM IST,2026-09-21,2026-09-24,2026-09-21 | 2026-09-22 | 2026-09-23 | 2026-09-24,0,COMPLETE,,,Shravanopavasa,SHRAVANOPAVASA,A valid Ekadashi sunrise is followed by Dwadashi sunrise with Shravana Nakshatra. Observe Upavaasa on both days.,2026-09-22:VALID (start 2026-09-21 08:00:00 PM IST < Arunodaya 2026-09-22 04:13:00 AM IST),2026-09-22,2026-09-23,2026-09-24,POST_DWADASHI_UPAVASA,POST_DWADASHI_FAST_DWADASHI_OVER_BEFORE_SUNRISE,2026-09-24 05:50:00 AM IST,2026-09-24 08:15:12 AM IST,Dwadashi ended before Parana-day sunrise; Parana is sunrise to Pratah end.
Pittsford,New York,United States,America/New_York,geoname:5131614,5131614,Parsva Ekadashi,2026-09-22,"Parsva Ekadashi - Pittsford. Dashami ends and Ekadashi begins on 2026-09-21 10:30:00 AM EDT. On 22-Sep-26, Sooryodaya is 06:58 AM and Arunodaya is 05:22 AM. Ekadashi is present at sunrise and had begun before Arunodaya, so this is a valid Ekadashi sunrise. Ekadashi ends on 2026-09-22 12:13:00 PM EDT and does not remain through another sunrise. Ekadashi ends and Dwadashi begins on 2026-09-22 12:13:00 PM EDT. Dwadashi is present at Sooryodaya on 23-Sep-26 (Sooryodaya 06:59 AM). Dwadashi ends and Trayodashi begins on 2026-09-23 01:20:00 PM EDT. Therefore the Upavaasa is observed on 22-Sep-26. For Parana on 23-Sep-26, Sooryodaya is 06:59 AM, Pratah Kala ends at 09:24 AM, Dwadashi ends at 2026-09-23 01:20:00 PM EDT, and Hari Vasara ends at 2026-09-22 06:29:45 PM EDT. Hari Vasara ends before Sooryodaya, so there is no Hari-Vasara delay; Parana starts at Sooryodaya (06:59 AM). Pratah Kala ends at 09:24 AM, before Dwadashi ends; therefore Pratah Kala end is the limiting end time. Hence Parana is 06:59 AM to 09:24 AM.",2026-09-21:Dashami | 2026-09-22:Ekadashi | 2026-09-23:Dwadashi,2026-09-21:Uttara Ashadha | 2026-09-22:Shravana | 2026-09-23:Dhanishtha,2026-09-21 10:30:00 AM EDT,2026-09-22 12:13:00 PM EDT,2026-09-23 01:20:00 PM EDT,2026-09-22,06:58 AM,2026-09-22 05:22:00 AM EDT,2026-09-22,,2026-09-22:VALID (start 2026-09-21 10:30:00 AM EDT < Arunodaya 2026-09-22 05:22:00 AM EDT),2026-09-22,06:58 AM,2026-09-22 05:22:00 AM EDT,2026-09-23,Dhanishtha,2026-09-22 06:29:45 PM EDT,2026-09-21,2026-09-23,2026-09-21 | 2026-09-22 | 2026-09-23,0,COMPLETE,,,Normal Ekadashi,NORMAL,Ekadashi began before Arunodaya and has one valid Ekadashi sunrise. No two-day exception is triggered.,2026-09-22:VALID (start 2026-09-21 10:30:00 AM EDT < Arunodaya 2026-09-22 05:22:00 AM EDT),2026-09-22,,2026-09-23,DWADASHI,PRATAH,2026-09-23 06:59:00 AM EDT,2026-09-23 09:24:24 AM EDT,Hari Vasara ended before Parana-day sunrise; Parana is sunrise to Pratah end.
Greece,New York,United States,America/New_York,geoname:5119251,5119251,Parsva Ekadashi,2026-09-22,"Parsva Ekadashi - Greece. Dashami ends and Ekadashi begins on 2026-09-21 10:30:00 AM EDT. On 22-Sep-26, Sooryodaya is 06:58 AM and Arunodaya is 05:22 AM. Ekadashi is present at sunrise and had begun before Arunodaya, so this is a valid Ekadashi sunrise. Ekadashi ends on 2026-09-22 12:13:00 PM EDT and does not remain through another sunrise. Ekadashi ends and Dwadashi begins on 2026-09-22 12:13:00 PM EDT. Dwadashi is present at Sooryodaya on 23-Sep-26 (Sooryodaya 06:59 AM). Dwadashi ends and Trayodashi begins on 2026-09-23 01:20:00 PM EDT. Therefore the Upavaasa is observed on 22-Sep-26. For Parana on 23-Sep-26, Sooryodaya is 06:59 AM, Pratah Kala ends at 09:24 AM, Dwadashi ends at 2026-09-23 01:20:00 PM EDT, and Hari Vasara ends at 2026-09-22 06:29:45 PM EDT. Hari Vasara ends before Sooryodaya, so there is no Hari-Vasara delay; Parana starts at Sooryodaya (06:59 AM). Pratah Kala ends at 09:24 AM, before Dwadashi ends; therefore Pratah Kala end is the limiting end time. Hence Parana is 06:59 AM to 09:24 AM.",2026-09-21:Dashami | 2026-09-22:Ekadashi | 2026-09-23:Dwadashi,2026-09-21:Uttara Ashadha | 2026-09-22:Shravana | 2026-09-23:Dhanishtha,2026-09-21 10:30:00 AM EDT,2026-09-22 12:13:00 PM EDT,2026-09-23 01:20:00 PM EDT,2026-09-22,06:58 AM,2026-09-22 05:22:00 AM EDT,2026-09-22,,2026-09-22:VALID (start 2026-09-21 10:30:00 AM EDT < Arunodaya 2026-09-22 05:22:00 AM EDT),2026-09-22,06:58 AM,2026-09-22 05:22:00 AM EDT,2026-09-23,Dhanishtha,2026-09-22 06:29:45 PM EDT,2026-09-21,2026-09-23,2026-09-21 | 2026-09-22 | 2026-09-23,0,COMPLETE,,,Normal Ekadashi,NORMAL,Ekadashi began before Arunodaya and has one valid Ekadashi sunrise. No two-day exception is triggered.,2026-09-22:VALID (start 2026-09-21 10:30:00 AM EDT < Arunodaya 2026-09-22 05:22:00 AM EDT),2026-09-22,,2026-09-23,DWADASHI,PRATAH,2026-09-23 06:59:00 AM EDT,2026-09-23 09:24:24 AM EDT,Hari Vasara ended before Parana-day sunrise; Parana is sunrise to Pratah end.
Syracuse,New York,United States,America/New_York,geoname:5140405,5140405,Parsva Ekadashi,2026-09-22,"Parsva Ekadashi - Syracuse. Dashami ends and Ekadashi begins on 2026-09-21 10:30:00 AM EDT. On 22-Sep-26, Sooryodaya is 06:52 AM and Arunodaya is 05:16 AM. Ekadashi is present at sunrise and had begun before Arunodaya, so this is a valid Ekadashi sunrise. Ekadashi ends on 2026-09-22 12:13:00 PM EDT and does not remain through another sunrise. Ekadashi ends and Dwadashi begins on 2026-09-22 12:13:00 PM EDT. Dwadashi is present at Sooryodaya on 23-Sep-26 (Sooryodaya 06:53 AM). Dwadashi ends and Trayodashi begins on 2026-09-23 01:20:00 PM EDT. Therefore the Upavaasa is observed on 22-Sep-26. For Parana on 23-Sep-26, Sooryodaya is 06:53 AM, Pratah Kala ends at 09:18 AM, Dwadashi ends at 2026-09-23 01:20:00 PM EDT, and Hari Vasara ends at 2026-09-22 06:29:45 PM EDT. Hari Vasara ends before Sooryodaya, so there is no Hari-Vasara delay; Parana starts at Sooryodaya (06:53 AM). Pratah Kala ends at 09:18 AM, before Dwadashi ends; therefore Pratah Kala end is the limiting end time. Hence Parana is 06:53 AM to 09:18 AM.",2026-09-21:Dashami | 2026-09-22:Ekadashi | 2026-09-23:Dwadashi,2026-09-21:Uttara Ashadha | 2026-09-22:Shravana | 2026-09-23:Dhanishtha,2026-09-21 10:30:00 AM EDT,2026-09-22 12:13:00 PM EDT,2026-09-23 01:20:00 PM EDT,2026-09-22,06:52 AM,2026-09-22 05:16:00 AM EDT,2026-09-22,,2026-09-22:VALID (start 2026-09-21 10:30:00 AM EDT < Arunodaya 2026-09-22 05:16:00 AM EDT),2026-09-22,06:52 AM,2026-09-22 05:16:00 AM EDT,2026-09-23,Dhanishtha,2026-09-22 06:29:45 PM EDT,2026-09-21,2026-09-23,2026-09-21 | 2026-09-22 | 2026-09-23,0,COMPLETE,,,Normal Ekadashi,NORMAL,Ekadashi began before Arunodaya and has one valid Ekadashi sunrise. No two-day exception is triggered.,2026-09-22:VALID (start 2026-09-21 10:30:00 AM EDT < Arunodaya 2026-09-22 05:16:00 AM EDT),2026-09-22,,2026-09-23,DWADASHI,PRATAH,2026-09-23 06:53:00 AM EDT,2026-09-23 09:18:24 AM EDT,Hari Vasara ended before Parana-day sunrise; Parana is sunrise to Pratah end.
Columbus,Indiana,United States,America/Indiana/Indianapolis,geoname:4256038,4256038,Parsva Ekadashi,2026-09-22,"Parsva Ekadashi - Columbus. Dashami ends and Ekadashi begins on 2026-09-21 10:30:00 AM EDT. On 22-Sep-26, Sooryodaya is 07:32 AM and Arunodaya is 05:56 AM. Ekadashi is present at sunrise and had begun before Arunodaya, so this is a valid Ekadashi sunrise. Ekadashi ends on 2026-09-22 12:13:00 PM EDT and does not remain through another sunrise. Ekadashi ends and Dwadashi begins on 2026-09-22 12:13:00 PM EDT. Dwadashi is present at Sooryodaya on 23-Sep-26 (Sooryodaya 07:32 AM). Dwadashi ends and Trayodashi begins on 2026-09-23 01:20:00 PM EDT. Therefore the Upavaasa is observed on 22-Sep-26. For Parana on 23-Sep-26, Sooryodaya is 07:32 AM, Pratah Kala ends at 09:57 AM, Dwadashi ends at 2026-09-23 01:20:00 PM EDT, and Hari Vasara ends at 2026-09-22 06:29:45 PM EDT. Hari Vasara ends before Sooryodaya, so there is no Hari-Vasara delay; Parana starts at Sooryodaya (07:32 AM). Pratah Kala ends at 09:57 AM, before Dwadashi ends; therefore Pratah Kala end is the limiting end time. Hence Parana is 07:32 AM to 09:57 AM.",2026-09-21:Dashami | 2026-09-22:Ekadashi | 2026-09-23:Dwadashi,2026-09-21:Uttara Ashadha | 2026-09-22:Shravana | 2026-09-23:Dhanishtha,2026-09-21 10:30:00 AM EDT,2026-09-22 12:13:00 PM EDT,2026-09-23 01:20:00 PM EDT,2026-09-22,07:32 AM,2026-09-22 05:56:00 AM EDT,2026-09-22,,2026-09-22:VALID (start 2026-09-21 10:30:00 AM EDT < Arunodaya 2026-09-22 05:56:00 AM EDT),2026-09-22,07:32 AM,2026-09-22 05:56:00 AM EDT,2026-09-23,Dhanishtha,2026-09-22 06:29:45 PM EDT,2026-09-21,2026-09-23,2026-09-21 | 2026-09-22 | 2026-09-23,0,COMPLETE,,,Normal Ekadashi,NORMAL,Ekadashi began before Arunodaya and has one valid Ekadashi sunrise. No two-day exception is triggered.,2026-09-22:VALID (start 2026-09-21 10:30:00 AM EDT < Arunodaya 2026-09-22 05:56:00 AM EDT),2026-09-22,,2026-09-23,DWADASHI,PRATAH,2026-09-23 07:32:00 AM EDT,2026-09-23 09:57:24 AM EDT,Hari Vasara ended before Parana-day sunrise; Parana is sunrise to Pratah end.
Raleigh,North Carolina,United States,America/New_York,geoname:4487042,4487042,Parsva Ekadashi,2026-09-22,"Parsva Ekadashi - Raleigh. Dashami ends and Ekadashi begins on 2026-09-21 10:30:00 AM EDT. On 22-Sep-26, Sooryodaya is 07:03 AM and Arunodaya is 05:27 AM. Ekadashi is present at sunrise and had begun before Arunodaya, so this is a valid Ekadashi sunrise. Ekadashi ends on 2026-09-22 12:13:00 PM EDT and does not remain through another sunrise. Ekadashi ends and Dwadashi begins on 2026-09-22 12:13:00 PM EDT. Dwadashi is present at Sooryodaya on 23-Sep-26 (Sooryodaya 07:03 AM). Dwadashi ends and Trayodashi begins on 2026-09-23 01:20:00 PM EDT. Therefore the Upavaasa is observed on 22-Sep-26. For Parana on 23-Sep-26, Sooryodaya is 07:03 AM, Pratah Kala ends at 09:28 AM, Dwadashi ends at 2026-09-23 01:20:00 PM EDT, and Hari Vasara ends at 2026-09-22 06:29:45 PM EDT. Hari Vasara ends before Sooryodaya, so there is no Hari-Vasara delay; Parana starts at Sooryodaya (07:03 AM). Pratah Kala ends at 09:28 AM, before Dwadashi ends; therefore Pratah Kala end is the limiting end time. Hence Parana is 07:03 AM to 09:28 AM.",2026-09-21:Dashami | 2026-09-22:Ekadashi | 2026-09-23:Dwadashi,2026-09-21:Uttara Ashadha | 2026-09-22:Shravana | 2026-09-23:Dhanishtha,2026-09-21 10:30:00 AM EDT,2026-09-22 12:13:00 PM EDT,2026-09-23 01:20:00 PM EDT,2026-09-22,07:03 AM,2026-09-22 05:27:00 AM EDT,2026-09-22,,2026-09-22:VALID (start 2026-09-21 10:30:00 AM EDT < Arunodaya 2026-09-22 05:27:00 AM EDT),2026-09-22,07:03 AM,2026-09-22 05:27:00 AM EDT,2026-09-23,Dhanishtha,2026-09-22 06:29:45 PM EDT,2026-09-21,2026-09-23,2026-09-21 | 2026-09-22 | 2026-09-23,0,COMPLETE,,,Normal Ekadashi,NORMAL,Ekadashi began before Arunodaya and has one valid Ekadashi sunrise. No two-day exception is triggered.,2026-09-22:VALID (start 2026-09-21 10:30:00 AM EDT < Arunodaya 2026-09-22 05:27:00 AM EDT),2026-09-22,,2026-09-23,DWADASHI,PRATAH,2026-09-23 07:03:00 AM EDT,2026-09-23 09:28:24 AM EDT,Hari Vasara ended before Parana-day sunrise; Parana is sunrise to Pratah end.
Charlotte,North Carolina,United States,America/New_York,geoname:4460243,4460243,Parsva Ekadashi,2026-09-22,"Parsva Ekadashi - Charlotte. Dashami ends and Ekadashi begins on 2026-09-21 10:30:00 AM EDT. On 22-Sep-26, Sooryodaya is 07:12 AM and Arunodaya is 05:36 AM. Ekadashi is present at sunrise and had begun before Arunodaya, so this is a valid Ekadashi sunrise. Ekadashi ends on 2026-09-22 12:13:00 PM EDT and does not remain through another sunrise. Ekadashi ends and Dwadashi begins on 2026-09-22 12:13:00 PM EDT. Dwadashi is present at Sooryodaya on 23-Sep-26 (Sooryodaya 07:12 AM). Dwadashi ends and Trayodashi begins on 2026-09-23 01:20:00 PM EDT. Therefore the Upavaasa is observed on 22-Sep-26. For Parana on 23-Sep-26, Sooryodaya is 07:12 AM, Pratah Kala ends at 09:37 AM, Dwadashi ends at 2026-09-23 01:20:00 PM EDT, and Hari Vasara ends at 2026-09-22 06:29:45 PM EDT. Hari Vasara ends before Sooryodaya, so there is no Hari-Vasara delay; Parana starts at Sooryodaya (07:12 AM). Pratah Kala ends at 09:37 AM, before Dwadashi ends; therefore Pratah Kala end is the limiting end time. Hence Parana is 07:12 AM to 09:37 AM.",2026-09-21:Dashami | 2026-09-22:Ekadashi | 2026-09-23:Dwadashi,2026-09-21:Uttara Ashadha | 2026-09-22:Shravana | 2026-09-23:Dhanishtha,2026-09-21 10:30:00 AM EDT,2026-09-22 12:13:00 PM EDT,2026-09-23 01:20:00 PM EDT,2026-09-22,07:12 AM,2026-09-22 05:36:00 AM EDT,2026-09-22,,2026-09-22:VALID (start 2026-09-21 10:30:00 AM EDT < Arunodaya 2026-09-22 05:36:00 AM EDT),2026-09-22,07:12 AM,2026-09-22 05:36:00 AM EDT,2026-09-23,Dhanishtha,2026-09-22 06:29:45 PM EDT,2026-09-21,2026-09-23,2026-09-21 | 2026-09-22 | 2026-09-23,0,COMPLETE,,,Normal Ekadashi,NORMAL,Ekadashi began before Arunodaya and has one valid Ekadashi sunrise. No two-day exception is triggered.,2026-09-22:VALID (start 2026-09-21 10:30:00 AM EDT < Arunodaya 2026-09-22 05:36:00 AM EDT),2026-09-22,,2026-09-23,DWADASHI,PRATAH,2026-09-23 07:12:00 AM EDT,2026-09-23 09:37:24 AM EDT,Hari Vasara ended before Parana-day sunrise; Parana is sunrise to Pratah end.
Bengaluru,Karnataka,India,Asia/Kolkata,geoname:1277333,1277333,Parsva Ekadashi,2026-09-22,"Parsva Ekadashi - Bengaluru. Dashami ends and Ekadashi begins on 2026-09-21 08:00:00 PM IST. On 22-Sep-26, Sooryodaya is 06:09 AM and Arunodaya is 04:33 AM. Ekadashi is present at sunrise and had begun before Arunodaya, so this is a valid Ekadashi sunrise. Ekadashi ends on 2026-09-22 09:43:00 PM IST and does not remain through another sunrise. Ekadashi ends and Dwadashi begins on 2026-09-22 09:43:00 PM IST. Dwadashi is present at Sooryodaya on 23-Sep-26 (Sooryodaya 06:09 AM). Dwadashi ends and Trayodashi begins on 2026-09-23 10:50:00 PM IST. Therefore the Upavaasa is observed on 22-Sep-26 and 23-Sep-26. For Parana on 24-Sep-26, Sooryodaya is 06:09 AM, Pratah Kala ends at 08:34 AM, Dwadashi ends at 2026-09-23 10:50:00 PM IST, and Hari Vasara ends at 2026-09-23 03:59:45 AM IST. Because the Upavaasa itself was observed on Dwadashi, Hari Vasara is not used to delay the Parana start on the following morning. Dwadashi has already ended before Sooryodaya, so Parana starts at Sooryodaya (06:09 AM). Since Dwadashi is already over, the available morning limit is the end of Pratah Kala (08:34 AM). Hence Parana is 06:09 AM to 08:34 AM.",2026-09-21:Dashami | 2026-09-22:Ekadashi | 2026-09-23:Dwadashi | 2026-09-24:Trayodashi,2026-09-21:Uttara Ashadha | 2026-09-22:Uttara Ashadha | 2026-09-23:Shravana | 2026-09-24:Dhanishtha,2026-09-21 08:00:00 PM IST,2026-09-22 09:43:00 PM IST,2026-09-23 10:50:00 PM IST,2026-09-22,06:09 AM,2026-09-22 04:33:00 AM IST,2026-09-22,,2026-09-22:VALID (start 2026-09-21 08:00:00 PM IST < Arunodaya 2026-09-22 04:33:00 AM IST),2026-09-22,06:09 AM,2026-09-22 04:33:00 AM IST,2026-09-23,Shravana,2026-09-23 03:59:45 AM IST,2026-09-21,2026-09-24,2026-09-21 | 2026-09-22 | 2026-09-23 | 2026-09-24,0,COMPLETE,,,Shravanopavasa,SHRAVANOPAVASA,A valid Ekadashi sunrise is followed by Dwadashi sunrise with Shravana Nakshatra. Observe Upavaasa on both days.,2026-09-22:VALID (start 2026-09-21 08:00:00 PM IST < Arunodaya 2026-09-22 04:33:00 AM IST),2026-09-22,2026-09-23,2026-09-24,POST_DWADASHI_UPAVASA,POST_DWADASHI_FAST_DWADASHI_OVER_BEFORE_SUNRISE,2026-09-24 06:09:00 AM IST,2026-09-24 08:34:00 AM IST,Dwadashi ended before Parana-day sunrise; Parana is sunrise to Pratah end.
Mysuru,Karnataka,India,Asia/Kolkata,geoname:1262321,1262321,Parsva Ekadashi,2026-09-22,"Parsva Ekadashi - Mysuru. Dashami ends and Ekadashi begins on 2026-09-21 08:00:00 PM IST. On 22-Sep-26, Sooryodaya is 06:13 AM and Arunodaya is 04:37 AM. Ekadashi is present at sunrise and had begun before Arunodaya, so this is a valid Ekadashi sunrise. Ekadashi ends on 2026-09-22 09:43:00 PM IST and does not remain through another sunrise. Ekadashi ends and Dwadashi begins on 2026-09-22 09:43:00 PM IST. Dwadashi is present at Sooryodaya on 23-Sep-26 (Sooryodaya 06:13 AM). Dwadashi ends and Trayodashi begins on 2026-09-23 10:50:00 PM IST. Therefore the Upavaasa is observed on 22-Sep-26 and 23-Sep-26. For Parana on 24-Sep-26, Sooryodaya is 06:13 AM, Pratah Kala ends at 08:38 AM, Dwadashi ends at 2026-09-23 10:50:00 PM IST, and Hari Vasara ends at 2026-09-23 03:59:45 AM IST. Because the Upavaasa itself was observed on Dwadashi, Hari Vasara is not used to delay the Parana start on the following morning. Dwadashi has already ended before Sooryodaya, so Parana starts at Sooryodaya (06:13 AM). Since Dwadashi is already over, the available morning limit is the end of Pratah Kala (08:38 AM). Hence Parana is 06:13 AM to 08:38 AM.",2026-09-21:Dashami | 2026-09-22:Ekadashi | 2026-09-23:Dwadashi | 2026-09-24:Trayodashi,2026-09-21:Uttara Ashadha | 2026-09-22:Uttara Ashadha | 2026-09-23:Shravana | 2026-09-24:Dhanishtha,2026-09-21 08:00:00 PM IST,2026-09-22 09:43:00 PM IST,2026-09-23 10:50:00 PM IST,2026-09-22,06:13 AM,2026-09-22 04:37:00 AM IST,2026-09-22,,2026-09-22:VALID (start 2026-09-21 08:00:00 PM IST < Arunodaya 2026-09-22 04:37:00 AM IST),2026-09-22,06:13 AM,2026-09-22 04:37:00 AM IST,2026-09-23,Shravana,2026-09-23 03:59:45 AM IST,2026-09-21,2026-09-24,2026-09-21 | 2026-09-22 | 2026-09-23 | 2026-09-24,0,COMPLETE,,,Shravanopavasa,SHRAVANOPAVASA,A valid Ekadashi sunrise is followed by Dwadashi sunrise with Shravana Nakshatra. Observe Upavaasa on both days.,2026-09-22:VALID (start 2026-09-21 08:00:00 PM IST < Arunodaya 2026-09-22 04:37:00 AM IST),2026-09-22,2026-09-23,2026-09-24,POST_DWADASHI_UPAVASA,POST_DWADASHI_FAST_DWADASHI_OVER_BEFORE_SUNRISE,2026-09-24 06:13:00 AM IST,2026-09-24 08:38:00 AM IST,Dwadashi ended before Parana-day sunrise; Parana is sunrise to Pratah end.
T Narasipura,Karnataka,India,Asia/Kolkata,geoname:1262321,1262321,Parsva Ekadashi,2026-09-22,"Parsva Ekadashi - T Narasipura. Dashami ends and Ekadashi begins on 2026-09-21 08:00:00 PM IST. On 22-Sep-26, Sooryodaya is 06:13 AM and Arunodaya is 04:37 AM. Ekadashi is present at sunrise and had begun before Arunodaya, so this is a valid Ekadashi sunrise. Ekadashi ends on 2026-09-22 09:43:00 PM IST and does not remain through another sunrise. Ekadashi ends and Dwadashi begins on 2026-09-22 09:43:00 PM IST. Dwadashi is present at Sooryodaya on 23-Sep-26 (Sooryodaya 06:13 AM). Dwadashi ends and Trayodashi begins on 2026-09-23 10:50:00 PM IST. Therefore the Upavaasa is observed on 22-Sep-26 and 23-Sep-26. For Parana on 24-Sep-26, Sooryodaya is 06:13 AM, Pratah Kala ends at 08:38 AM, Dwadashi ends at 2026-09-23 10:50:00 PM IST, and Hari Vasara ends at 2026-09-23 03:59:45 AM IST. Because the Upavaasa itself was observed on Dwadashi, Hari Vasara is not used to delay the Parana start on the following morning. Dwadashi has already ended before Sooryodaya, so Parana starts at Sooryodaya (06:13 AM). Since Dwadashi is already over, the available morning limit is the end of Pratah Kala (08:38 AM). Hence Parana is 06:13 AM to 08:38 AM.",2026-09-21:Dashami | 2026-09-22:Ekadashi | 2026-09-23:Dwadashi | 2026-09-24:Trayodashi,2026-09-21:Uttara Ashadha | 2026-09-22:Uttara Ashadha | 2026-09-23:Shravana | 2026-09-24:Dhanishtha,2026-09-21 08:00:00 PM IST,2026-09-22 09:43:00 PM IST,2026-09-23 10:50:00 PM IST,2026-09-22,06:13 AM,2026-09-22 04:37:00 AM IST,2026-09-22,,2026-09-22:VALID (start 2026-09-21 08:00:00 PM IST < Arunodaya 2026-09-22 04:37:00 AM IST),2026-09-22,06:13 AM,2026-09-22 04:37:00 AM IST,2026-09-23,Shravana,2026-09-23 03:59:45 AM IST,2026-09-21,2026-09-24,2026-09-21 | 2026-09-22 | 2026-09-23 | 2026-09-24,0,COMPLETE,,,Shravanopavasa,SHRAVANOPAVASA,A valid Ekadashi sunrise is followed by Dwadashi sunrise with Shravana Nakshatra. Observe Upavaasa on both days.,2026-09-22:VALID (start 2026-09-21 08:00:00 PM IST < Arunodaya 2026-09-22 04:37:00 AM IST),2026-09-22,2026-09-23,2026-09-24,POST_DWADASHI_UPAVASA,POST_DWADASHI_FAST_DWADASHI_OVER_BEFORE_SUNRISE,2026-09-24 06:13:00 AM IST,2026-09-24 08:38:00 AM IST,Dwadashi ended before Parana-day sunrise; Parana is sunrise to Pratah end.
Mangalore,Karnataka,India,Asia/Kolkata,geoname:1263780,1263780,Parsva Ekadashi,2026-09-22,"Parsva Ekadashi - Mangalore. Dashami ends and Ekadashi begins on 2026-09-21 08:00:00 PM IST. On 22-Sep-26, Sooryodaya is 06:20 AM and Arunodaya is 04:44 AM. Ekadashi is present at sunrise and had begun before Arunodaya, so this is a valid Ekadashi sunrise. Ekadashi ends on 2026-09-22 09:43:00 PM IST and does not remain through another sunrise. Ekadashi ends and Dwadashi begins on 2026-09-22 09:43:00 PM IST. Dwadashi is present at Sooryodaya on 23-Sep-26 (Sooryodaya 06:20 AM). Dwadashi ends and Trayodashi begins on 2026-09-23 10:50:00 PM IST. Therefore the Upavaasa is observed on 22-Sep-26 and 23-Sep-26. For Parana on 24-Sep-26, Sooryodaya is 06:20 AM, Pratah Kala ends at 08:45 AM, Dwadashi ends at 2026-09-23 10:50:00 PM IST, and Hari Vasara ends at 2026-09-23 03:59:45 AM IST. Because the Upavaasa itself was observed on Dwadashi, Hari Vasara is not used to delay the Parana start on the following morning. Dwadashi has already ended before Sooryodaya, so Parana starts at Sooryodaya (06:20 AM). Since Dwadashi is already over, the available morning limit is the end of Pratah Kala (08:45 AM). Hence Parana is 06:20 AM to 08:45 AM.",2026-09-21:Dashami | 2026-09-22:Ekadashi | 2026-09-23:Dwadashi | 2026-09-24:Trayodashi,2026-09-21:Uttara Ashadha | 2026-09-22:Uttara Ashadha | 2026-09-23:Shravana | 2026-09-24:Dhanishtha,2026-09-21 08:00:00 PM IST,2026-09-22 09:43:00 PM IST,2026-09-23 10:50:00 PM IST,2026-09-22,06:20 AM,2026-09-22 04:44:00 AM IST,2026-09-22,,2026-09-22:VALID (start 2026-09-21 08:00:00 PM IST < Arunodaya 2026-09-22 04:44:00 AM IST),2026-09-22,06:20 AM,2026-09-22 04:44:00 AM IST,2026-09-23,Shravana,2026-09-23 03:59:45 AM IST,2026-09-21,2026-09-24,2026-09-21 | 2026-09-22 | 2026-09-23 | 2026-09-24,0,COMPLETE,,,Shravanopavasa,SHRAVANOPAVASA,A valid Ekadashi sunrise is followed by Dwadashi sunrise with Shravana Nakshatra. Observe Upavaasa on both days.,2026-09-22:VALID (start 2026-09-21 08:00:00 PM IST < Arunodaya 2026-09-22 04:44:00 AM IST),2026-09-22,2026-09-23,2026-09-24,POST_DWADASHI_UPAVASA,POST_DWADASHI_FAST_DWADASHI_OVER_BEFORE_SUNRISE,2026-09-24 06:20:00 AM IST,2026-09-24 08:45:00 AM IST,Dwadashi ended before Parana-day sunrise; Parana is sunrise to Pratah end.
Udupi,Karnataka,India,Asia/Kolkata,geoname:1253952,1253952,Parsva Ekadashi,2026-09-22,"Parsva Ekadashi - Udupi. Dashami ends and Ekadashi begins on 2026-09-21 08:00:00 PM IST. On 22-Sep-26, Sooryodaya is 06:20 AM and Arunodaya is 04:44 AM. Ekadashi is present at sunrise and had begun before Arunodaya, so this is a valid Ekadashi sunrise. Ekadashi ends on 2026-09-22 09:43:00 PM IST and does not remain through another sunrise. Ekadashi ends and Dwadashi begins on 2026-09-22 09:43:00 PM IST. Dwadashi is present at Sooryodaya on 23-Sep-26 (Sooryodaya 06:20 AM). Dwadashi ends and Trayodashi begins on 2026-09-23 10:50:00 PM IST. Therefore the Upavaasa is observed on 22-Sep-26 and 23-Sep-26. For Parana on 24-Sep-26, Sooryodaya is 06:20 AM, Pratah Kala ends at 08:45 AM, Dwadashi ends at 2026-09-23 10:50:00 PM IST, and Hari Vasara ends at 2026-09-23 03:59:45 AM IST. Because the Upavaasa itself was observed on Dwadashi, Hari Vasara is not used to delay the Parana start on the following morning. Dwadashi has already ended before Sooryodaya, so Parana starts at Sooryodaya (06:20 AM). Since Dwadashi is already over, the available morning limit is the end of Pratah Kala (08:45 AM). Hence Parana is 06:20 AM to 08:45 AM.",2026-09-21:Dashami | 2026-09-22:Ekadashi | 2026-09-23:Dwadashi | 2026-09-24:Trayodashi,2026-09-21:Uttara Ashadha | 2026-09-22:Uttara Ashadha | 2026-09-23:Shravana | 2026-09-24:Dhanishtha,2026-09-21 08:00:00 PM IST,2026-09-22 09:43:00 PM IST,2026-09-23 10:50:00 PM IST,2026-09-22,06:20 AM,2026-09-22 04:44:00 AM IST,2026-09-22,,2026-09-22:VALID (start 2026-09-21 08:00:00 PM IST < Arunodaya 2026-09-22 04:44:00 AM IST),2026-09-22,06:20 AM,2026-09-22 04:44:00 AM IST,2026-09-23,Shravana,2026-09-23 03:59:45 AM IST,2026-09-21,2026-09-24,2026-09-21 | 2026-09-22 | 2026-09-23 | 2026-09-24,0,COMPLETE,,,Shravanopavasa,SHRAVANOPAVASA,A valid Ekadashi sunrise is followed by Dwadashi sunrise with Shravana Nakshatra. Observe Upavaasa on both days.,2026-09-22:VALID (start 2026-09-21 08:00:00 PM IST < Arunodaya 2026-09-22 04:44:00 AM IST),2026-09-22,2026-09-23,2026-09-24,POST_DWADASHI_UPAVASA,POST_DWADASHI_FAST_DWADASHI_OVER_BEFORE_SUNRISE,2026-09-24 06:20:00 AM IST,2026-09-24 08:45:12 AM IST,Dwadashi ended before Parana-day sunrise; Parana is sunrise to Pratah end.
Surat,Gujarat,India,Asia/Kolkata,geoname:1255364,1255364,Parsva Ekadashi,2026-09-22,"Parsva Ekadashi - Surat. Dashami ends and Ekadashi begins on 2026-09-21 08:00:00 PM IST. On 22-Sep-26, Sooryodaya is 06:27 AM and Arunodaya is 04:51 AM. Ekadashi is present at sunrise and had begun before Arunodaya, so this is a valid Ekadashi sunrise. Ekadashi ends on 2026-09-22 09:43:00 PM IST and does not remain through another sunrise. Ekadashi ends and Dwadashi begins on 2026-09-22 09:43:00 PM IST. Dwadashi is present at Sooryodaya on 23-Sep-26 (Sooryodaya 06:28 AM). Dwadashi ends and Trayodashi begins on 2026-09-23 10:50:00 PM IST. Therefore the Upavaasa is observed on 22-Sep-26 and 23-Sep-26. For Parana on 24-Sep-26, Sooryodaya is 06:28 AM, Pratah Kala ends at 08:53 AM, Dwadashi ends at 2026-09-23 10:50:00 PM IST, and Hari Vasara ends at 2026-09-23 03:59:45 AM IST. Because the Upavaasa itself was observed on Dwadashi, Hari Vasara is not used to delay the Parana start on the following morning. Dwadashi has already ended before Sooryodaya, so Parana starts at Sooryodaya (06:28 AM). Since Dwadashi is already over, the available morning limit is the end of Pratah Kala (08:53 AM). Hence Parana is 06:28 AM to 08:53 AM.",2026-09-21:Dashami | 2026-09-22:Ekadashi | 2026-09-23:Dwadashi | 2026-09-24:Trayodashi,2026-09-21:Uttara Ashadha | 2026-09-22:Uttara Ashadha | 2026-09-23:Shravana | 2026-09-24:Dhanishtha,2026-09-21 08:00:00 PM IST,2026-09-22 09:43:00 PM IST,2026-09-23 10:50:00 PM IST,2026-09-22,06:27 AM,2026-09-22 04:51:00 AM IST,2026-09-22,,2026-09-22:VALID (start 2026-09-21 08:00:00 PM IST < Arunodaya 2026-09-22 04:51:00 AM IST),2026-09-22,06:27 AM,2026-09-22 04:51:00 AM IST,2026-09-23,Shravana,2026-09-23 03:59:45 AM IST,2026-09-21,2026-09-24,2026-09-21 | 2026-09-22 | 2026-09-23 | 2026-09-24,0,COMPLETE,,,Shravanopavasa,SHRAVANOPAVASA,A valid Ekadashi sunrise is followed by Dwadashi sunrise with Shravana Nakshatra. Observe Upavaasa on both days.,2026-09-22:VALID (start 2026-09-21 08:00:00 PM IST < Arunodaya 2026-09-22 04:51:00 AM IST),2026-09-22,2026-09-23,2026-09-24,POST_DWADASHI_UPAVASA,POST_DWADASHI_FAST_DWADASHI_OVER_BEFORE_SUNRISE,2026-09-24 06:28:00 AM IST,2026-09-24 08:53:00 AM IST,Dwadashi ended before Parana-day sunrise; Parana is sunrise to Pratah end.
Pune,Maharashtra,India,Asia/Kolkata,geoname:1259229,1259229,Parsva Ekadashi,2026-09-22,"Parsva Ekadashi - Pune. Dashami ends and Ekadashi begins on 2026-09-21 08:00:00 PM IST. On 22-Sep-26, Sooryodaya is 06:23 AM and Arunodaya is 04:47 AM. Ekadashi is present at sunrise and had begun before Arunodaya, so this is a valid Ekadashi sunrise. Ekadashi ends on 2026-09-22 09:43:00 PM IST and does not remain through another sunrise. Ekadashi ends and Dwadashi begins on 2026-09-22 09:43:00 PM IST. Dwadashi is present at Sooryodaya on 23-Sep-26 (Sooryodaya 06:24 AM). Dwadashi ends and Trayodashi begins on 2026-09-23 10:50:00 PM IST. Therefore the Upavaasa is observed on 22-Sep-26 and 23-Sep-26. For Parana on 24-Sep-26, Sooryodaya is 06:24 AM, Pratah Kala ends at 08:49 AM, Dwadashi ends at 2026-09-23 10:50:00 PM IST, and Hari Vasara ends at 2026-09-23 03:59:45 AM IST. Because the Upavaasa itself was observed on Dwadashi, Hari Vasara is not used to delay the Parana start on the following morning. Dwadashi has already ended before Sooryodaya, so Parana starts at Sooryodaya (06:24 AM). Since Dwadashi is already over, the available morning limit is the end of Pratah Kala (08:49 AM). Hence Parana is 06:24 AM to 08:49 AM.",2026-09-21:Dashami | 2026-09-22:Ekadashi | 2026-09-23:Dwadashi | 2026-09-24:Trayodashi,2026-09-21:Uttara Ashadha | 2026-09-22:Uttara Ashadha | 2026-09-23:Shravana | 2026-09-24:Dhanishtha,2026-09-21 08:00:00 PM IST,2026-09-22 09:43:00 PM IST,2026-09-23 10:50:00 PM IST,2026-09-22,06:23 AM,2026-09-22 04:47:00 AM IST,2026-09-22,,2026-09-22:VALID (start 2026-09-21 08:00:00 PM IST < Arunodaya 2026-09-22 04:47:00 AM IST),2026-09-22,06:23 AM,2026-09-22 04:47:00 AM IST,2026-09-23,Shravana,2026-09-23 03:59:45 AM IST,2026-09-21,2026-09-24,2026-09-21 | 2026-09-22 | 2026-09-23 | 2026-09-24,0,COMPLETE,,,Shravanopavasa,SHRAVANOPAVASA,A valid Ekadashi sunrise is followed by Dwadashi sunrise with Shravana Nakshatra. Observe Upavaasa on both days.,2026-09-22:VALID (start 2026-09-21 08:00:00 PM IST < Arunodaya 2026-09-22 04:47:00 AM IST),2026-09-22,2026-09-23,2026-09-24,POST_DWADASHI_UPAVASA,POST_DWADASHI_FAST_DWADASHI_OVER_BEFORE_SUNRISE,2026-09-24 06:24:00 AM IST,2026-09-24 08:49:00 AM IST,Dwadashi ended before Parana-day sunrise; Parana is sunrise to Pratah end.
Vadodara,Gujarat,India,Asia/Kolkata,geoname:1253573,1253573,Parsva Ekadashi,2026-09-22,"Parsva Ekadashi - Vadodara. Dashami ends and Ekadashi begins on 2026-09-21 08:00:00 PM IST. On 22-Sep-26, Sooryodaya is 06:26 AM and Arunodaya is 04:50 AM. Ekadashi is present at sunrise and had begun before Arunodaya, so this is a valid Ekadashi sunrise. Ekadashi ends on 2026-09-22 09:43:00 PM IST and does not remain through another sunrise. Ekadashi ends and Dwadashi begins on 2026-09-22 09:43:00 PM IST. Dwadashi is present at Sooryodaya on 23-Sep-26 (Sooryodaya 06:26 AM). Dwadashi ends and Trayodashi begins on 2026-09-23 10:50:00 PM IST. Therefore the Upavaasa is observed on 22-Sep-26 and 23-Sep-26. For Parana on 24-Sep-26, Sooryodaya is 06:26 AM, Pratah Kala ends at 08:51 AM, Dwadashi ends at 2026-09-23 10:50:00 PM IST, and Hari Vasara ends at 2026-09-23 03:59:45 AM IST. Because the Upavaasa itself was observed on Dwadashi, Hari Vasara is not used to delay the Parana start on the following morning. Dwadashi has already ended before Sooryodaya, so Parana starts at Sooryodaya (06:26 AM). Since Dwadashi is already over, the available morning limit is the end of Pratah Kala (08:51 AM). Hence Parana is 06:26 AM to 08:51 AM.",2026-09-21:Dashami | 2026-09-22:Ekadashi | 2026-09-23:Dwadashi | 2026-09-24:Trayodashi,2026-09-21:Uttara Ashadha | 2026-09-22:Uttara Ashadha | 2026-09-23:Shravana | 2026-09-24:Dhanishtha,2026-09-21 08:00:00 PM IST,2026-09-22 09:43:00 PM IST,2026-09-23 10:50:00 PM IST,2026-09-22,06:26 AM,2026-09-22 04:50:00 AM IST,2026-09-22,,2026-09-22:VALID (start 2026-09-21 08:00:00 PM IST < Arunodaya 2026-09-22 04:50:00 AM IST),2026-09-22,06:26 AM,2026-09-22 04:50:00 AM IST,2026-09-23,Shravana,2026-09-23 03:59:45 AM IST,2026-09-21,2026-09-24,2026-09-21 | 2026-09-22 | 2026-09-23 | 2026-09-24,0,COMPLETE,,,Shravanopavasa,SHRAVANOPAVASA,A valid Ekadashi sunrise is followed by Dwadashi sunrise with Shravana Nakshatra. Observe Upavaasa on both days.,2026-09-22:VALID (start 2026-09-21 08:00:00 PM IST < Arunodaya 2026-09-22 04:50:00 AM IST),2026-09-22,2026-09-23,2026-09-24,POST_DWADASHI_UPAVASA,POST_DWADASHI_FAST_DWADASHI_OVER_BEFORE_SUNRISE,2026-09-24 06:26:00 AM IST,2026-09-24 08:51:12 AM IST,Dwadashi ended before Parana-day sunrise; Parana is sunrise to Pratah end.
Hyderabad,Telangana,India,Asia/Kolkata,geoname:1269843,1269843,Parsva Ekadashi,2026-09-22,"Parsva Ekadashi - Hyderabad. Dashami ends and Ekadashi begins on 2026-09-21 08:00:00 PM IST. On 22-Sep-26, Sooryodaya is 06:05 AM and Arunodaya is 04:29 AM. Ekadashi is present at sunrise and had begun before Arunodaya, so this is a valid Ekadashi sunrise. Ekadashi ends on 2026-09-22 09:43:00 PM IST and does not remain through another sunrise. Ekadashi ends and Dwadashi begins on 2026-09-22 09:43:00 PM IST. Dwadashi is present at Sooryodaya on 23-Sep-26 (Sooryodaya 06:05 AM). Dwadashi ends and Trayodashi begins on 2026-09-23 10:50:00 PM IST. Therefore the Upavaasa is observed on 22-Sep-26 and 23-Sep-26. For Parana on 24-Sep-26, Sooryodaya is 06:05 AM, Pratah Kala ends at 08:30 AM, Dwadashi ends at 2026-09-23 10:50:00 PM IST, and Hari Vasara ends at 2026-09-23 03:59:45 AM IST. Because the Upavaasa itself was observed on Dwadashi, Hari Vasara is not used to delay the Parana start on the following morning. Dwadashi has already ended before Sooryodaya, so Parana starts at Sooryodaya (06:05 AM). Since Dwadashi is already over, the available morning limit is the end of Pratah Kala (08:30 AM). Hence Parana is 06:05 AM to 08:30 AM.",2026-09-21:Dashami | 2026-09-22:Ekadashi | 2026-09-23:Dwadashi | 2026-09-24:Trayodashi,2026-09-21:Uttara Ashadha | 2026-09-22:Uttara Ashadha | 2026-09-23:Shravana | 2026-09-24:Dhanishtha,2026-09-21 08:00:00 PM IST,2026-09-22 09:43:00 PM IST,2026-09-23 10:50:00 PM IST,2026-09-22,06:05 AM,2026-09-22 04:29:00 AM IST,2026-09-22,,2026-09-22:VALID (start 2026-09-21 08:00:00 PM IST < Arunodaya 2026-09-22 04:29:00 AM IST),2026-09-22,06:05 AM,2026-09-22 04:29:00 AM IST,2026-09-23,Shravana,2026-09-23 03:59:45 AM IST,2026-09-21,2026-09-24,2026-09-21 | 2026-09-22 | 2026-09-23 | 2026-09-24,0,COMPLETE,,,Shravanopavasa,SHRAVANOPAVASA,A valid Ekadashi sunrise is followed by Dwadashi sunrise with Shravana Nakshatra. Observe Upavaasa on both days.,2026-09-22:VALID (start 2026-09-21 08:00:00 PM IST < Arunodaya 2026-09-22 04:29:00 AM IST),2026-09-22,2026-09-23,2026-09-24,POST_DWADASHI_UPAVASA,POST_DWADASHI_FAST_DWADASHI_OVER_BEFORE_SUNRISE,2026-09-24 06:05:00 AM IST,2026-09-24 08:30:12 AM IST,Dwadashi ended before Parana-day sunrise; Parana is sunrise to Pratah end.
Rochester,New York,United States,America/New_York,geoname:5134086,5134086,Parsva Ekadashi,2026-09-22,"Parsva Ekadashi - Rochester. Dashami ends and Ekadashi begins on 2026-09-21 10:30:00 AM EDT. On 22-Sep-26, Sooryodaya is 06:58 AM and Arunodaya is 05:22 AM. Ekadashi is present at sunrise and had begun before Arunodaya, so this is a valid Ekadashi sunrise. Ekadashi ends on 2026-09-22 12:13:00 PM EDT and does not remain through another sunrise. Ekadashi ends and Dwadashi begins on 2026-09-22 12:13:00 PM EDT. Dwadashi is present at Sooryodaya on 23-Sep-26 (Sooryodaya 06:59 AM). Dwadashi ends and Trayodashi begins on 2026-09-23 01:20:00 PM EDT. Therefore the Upavaasa is observed on 22-Sep-26. For Parana on 23-Sep-26, Sooryodaya is 06:59 AM, Pratah Kala ends at 09:24 AM, Dwadashi ends at 2026-09-23 01:20:00 PM EDT, and Hari Vasara ends at 2026-09-22 06:29:45 PM EDT. Hari Vasara ends before Sooryodaya, so there is no Hari-Vasara delay; Parana starts at Sooryodaya (06:59 AM). Pratah Kala ends at 09:24 AM, before Dwadashi ends; therefore Pratah Kala end is the limiting end time. Hence Parana is 06:59 AM to 09:24 AM.",2026-09-21:Dashami | 2026-09-22:Ekadashi | 2026-09-23:Dwadashi,2026-09-21:Uttara Ashadha | 2026-09-22:Shravana | 2026-09-23:Dhanishtha,2026-09-21 10:30:00 AM EDT,2026-09-22 12:13:00 PM EDT,2026-09-23 01:20:00 PM EDT,2026-09-22,06:58 AM,2026-09-22 05:22:00 AM EDT,2026-09-22,,2026-09-22:VALID (start 2026-09-21 10:30:00 AM EDT < Arunodaya 2026-09-22 05:22:00 AM EDT),2026-09-22,06:58 AM,2026-09-22 05:22:00 AM EDT,2026-09-23,Dhanishtha,2026-09-22 06:29:45 PM EDT,2026-09-21,2026-09-23,2026-09-21 | 2026-09-22 | 2026-09-23,0,COMPLETE,,,Normal Ekadashi,NORMAL,Ekadashi began before Arunodaya and has one valid Ekadashi sunrise. No two-day exception is triggered.,2026-09-22:VALID (start 2026-09-21 10:30:00 AM EDT < Arunodaya 2026-09-22 05:22:00 AM EDT),2026-09-22,,2026-09-23,DWADASHI,PRATAH,2026-09-23 06:59:00 AM EDT,2026-09-23 09:24:24 AM EDT,Hari Vasara ended before Parana-day sunrise; Parana is sunrise to Pratah end.
Stonybrook,New York,United States,America/New_York,geoname:5139865,5139865,Parsva Ekadashi,2026-09-22,"Parsva Ekadashi - Stonybrook. Dashami ends and Ekadashi begins on 2026-09-21 10:30:00 AM EDT. On 22-Sep-26, Sooryodaya is 06:40 AM and Arunodaya is 05:04 AM. Ekadashi is present at sunrise and had begun before Arunodaya, so this is a valid Ekadashi sunrise. Ekadashi ends on 2026-09-22 12:13:00 PM EDT and does not remain through another sunrise. Ekadashi ends and Dwadashi begins on 2026-09-22 12:13:00 PM EDT. Dwadashi is present at Sooryodaya on 23-Sep-26 (Sooryodaya 06:41 AM). Dwadashi ends and Trayodashi begins on 2026-09-23 01:20:00 PM EDT. Therefore the Upavaasa is observed on 22-Sep-26. For Parana on 23-Sep-26, Sooryodaya is 06:41 AM, Pratah Kala ends at 09:06 AM, Dwadashi ends at 2026-09-23 01:20:00 PM EDT, and Hari Vasara ends at 2026-09-22 06:29:45 PM EDT. Hari Vasara ends before Sooryodaya, so there is no Hari-Vasara delay; Parana starts at Sooryodaya (06:41 AM). Pratah Kala ends at 09:06 AM, before Dwadashi ends; therefore Pratah Kala end is the limiting end time. Hence Parana is 06:41 AM to 09:06 AM.",2026-09-21:Dashami | 2026-09-22:Ekadashi | 2026-09-23:Dwadashi,2026-09-21:Uttara Ashadha | 2026-09-22:Shravana | 2026-09-23:Dhanishtha,2026-09-21 10:30:00 AM EDT,2026-09-22 12:13:00 PM EDT,2026-09-23 01:20:00 PM EDT,2026-09-22,06:40 AM,2026-09-22 05:04:00 AM EDT,2026-09-22,,2026-09-22:VALID (start 2026-09-21 10:30:00 AM EDT < Arunodaya 2026-09-22 05:04:00 AM EDT),2026-09-22,06:40 AM,2026-09-22 05:04:00 AM EDT,2026-09-23,Dhanishtha,2026-09-22 06:29:45 PM EDT,2026-09-21,2026-09-23,2026-09-21 | 2026-09-22 | 2026-09-23,0,COMPLETE,,,Normal Ekadashi,NORMAL,Ekadashi began before Arunodaya and has one valid Ekadashi sunrise. No two-day exception is triggered.,2026-09-22:VALID (start 2026-09-21 10:30:00 AM EDT < Arunodaya 2026-09-22 05:04:00 AM EDT),2026-09-22,,2026-09-23,DWADASHI,PRATAH,2026-09-23 06:41:00 AM EDT,2026-09-23 09:06:24 AM EDT,Hari Vasara ended before Parana-day sunrise; Parana is sunrise to Pratah end.
Lafayette,Indiana,United States,America/Indiana/Indianapolis,geoname:4922462,4922462,Parsva Ekadashi,2026-09-22,"Parsva Ekadashi - Lafayette. Dashami ends and Ekadashi begins on 2026-09-21 10:30:00 AM EDT. On 22-Sep-26, Sooryodaya is 07:35 AM and Arunodaya is 05:59 AM. Ekadashi is present at sunrise and had begun before Arunodaya, so this is a valid Ekadashi sunrise. Ekadashi ends on 2026-09-22 12:13:00 PM EDT and does not remain through another sunrise. Ekadashi ends and Dwadashi begins on 2026-09-22 12:13:00 PM EDT. Dwadashi is present at Sooryodaya on 23-Sep-26 (Sooryodaya 07:36 AM). Dwadashi ends and Trayodashi begins on 2026-09-23 01:20:00 PM EDT. Therefore the Upavaasa is observed on 22-Sep-26. For Parana on 23-Sep-26, Sooryodaya is 07:36 AM, Pratah Kala ends at 10:01 AM, Dwadashi ends at 2026-09-23 01:20:00 PM EDT, and Hari Vasara ends at 2026-09-22 06:29:45 PM EDT. Hari Vasara ends before Sooryodaya, so there is no Hari-Vasara delay; Parana starts at Sooryodaya (07:36 AM). Pratah Kala ends at 10:01 AM, before Dwadashi ends; therefore Pratah Kala end is the limiting end time. Hence Parana is 07:36 AM to 10:01 AM.",2026-09-21:Dashami | 2026-09-22:Ekadashi | 2026-09-23:Dwadashi,2026-09-21:Uttara Ashadha | 2026-09-22:Shravana | 2026-09-23:Dhanishtha,2026-09-21 10:30:00 AM EDT,2026-09-22 12:13:00 PM EDT,2026-09-23 01:20:00 PM EDT,2026-09-22,07:35 AM,2026-09-22 05:59:00 AM EDT,2026-09-22,,2026-09-22:VALID (start 2026-09-21 10:30:00 AM EDT < Arunodaya 2026-09-22 05:59:00 AM EDT),2026-09-22,07:35 AM,2026-09-22 05:59:00 AM EDT,2026-09-23,Dhanishtha,2026-09-22 06:29:45 PM EDT,2026-09-21,2026-09-23,2026-09-21 | 2026-09-22 | 2026-09-23,0,COMPLETE,,,Normal Ekadashi,NORMAL,Ekadashi began before Arunodaya and has one valid Ekadashi sunrise. No two-day exception is triggered.,2026-09-22:VALID (start 2026-09-21 10:30:00 AM EDT < Arunodaya 2026-09-22 05:59:00 AM EDT),2026-09-22,,2026-09-23,DWADASHI,PRATAH,2026-09-23 07:36:00 AM EDT,2026-09-23 10:01:24 AM EDT,Hari Vasara ended before Parana-day sunrise; Parana is sunrise to Pratah end.
Chicago,Illinois,United States,America/Chicago,geoname:4887398,4887398,Parsva Ekadashi,2026-09-22,"Parsva Ekadashi - Chicago. Dashami ends and Ekadashi begins on 2026-09-21 09:30:00 AM CDT. On 22-Sep-26, Sooryodaya is 06:38 AM and Arunodaya is 05:02 AM. Ekadashi is present at sunrise and had begun before Arunodaya, so this is a valid Ekadashi sunrise. Ekadashi ends on 2026-09-22 11:13:00 AM CDT and does not remain through another sunrise. Ekadashi ends and Dwadashi begins on 2026-09-22 11:13:00 AM CDT. Dwadashi is present at Sooryodaya on 23-Sep-26 (Sooryodaya 06:39 AM). Dwadashi ends and Trayodashi begins on 2026-09-23 12:20:00 PM CDT. Therefore the Upavaasa is observed on 22-Sep-26. For Parana on 23-Sep-26, Sooryodaya is 06:39 AM, Pratah Kala ends at 09:04 AM, Dwadashi ends at 2026-09-23 12:20:00 PM CDT, and Hari Vasara ends at 2026-09-22 05:29:45 PM CDT. Hari Vasara ends before Sooryodaya, so there is no Hari-Vasara delay; Parana starts at Sooryodaya (06:39 AM). Pratah Kala ends at 09:04 AM, before Dwadashi ends; therefore Pratah Kala end is the limiting end time. Hence Parana is 06:39 AM to 09:04 AM.",2026-09-21:Dashami | 2026-09-22:Ekadashi | 2026-09-23:Dwadashi,2026-09-21:Uttara Ashadha | 2026-09-22:Shravana | 2026-09-23:Dhanishtha,2026-09-21 09:30:00 AM CDT,2026-09-22 11:13:00 AM CDT,2026-09-23 12:20:00 PM CDT,2026-09-22,06:38 AM,2026-09-22 05:02:00 AM CDT,2026-09-22,,2026-09-22:VALID (start 2026-09-21 09:30:00 AM CDT < Arunodaya 2026-09-22 05:02:00 AM CDT),2026-09-22,06:38 AM,2026-09-22 05:02:00 AM CDT,2026-09-23,Dhanishtha,2026-09-22 05:29:45 PM CDT,2026-09-21,2026-09-23,2026-09-21 | 2026-09-22 | 2026-09-23,0,COMPLETE,,,Normal Ekadashi,NORMAL,Ekadashi began before Arunodaya and has one valid Ekadashi sunrise. No two-day exception is triggered.,2026-09-22:VALID (start 2026-09-21 09:30:00 AM CDT < Arunodaya 2026-09-22 05:02:00 AM CDT),2026-09-22,,2026-09-23,DWADASHI,PRATAH,2026-09-23 06:39:00 AM CDT,2026-09-23 09:04:24 AM CDT,Hari Vasara ended before Parana-day sunrise; Parana is sunrise to Pratah end.
Dallas,Texas,United States,America/Chicago,geoname:4684888,4684888,Parsva Ekadashi,2026-09-22,"Parsva Ekadashi - Dallas. Dashami ends and Ekadashi begins on 2026-09-21 09:30:00 AM CDT. On 22-Sep-26, Sooryodaya is 07:16 AM and Arunodaya is 05:40 AM. Ekadashi is present at sunrise and had begun before Arunodaya, so this is a valid Ekadashi sunrise. Ekadashi ends on 2026-09-22 11:13:00 AM CDT and does not remain through another sunrise. Ekadashi ends and Dwadashi begins on 2026-09-22 11:13:00 AM CDT. Dwadashi is present at Sooryodaya on 23-Sep-26 (Sooryodaya 07:16 AM). Dwadashi ends and Trayodashi begins on 2026-09-23 12:20:00 PM CDT. Therefore the Upavaasa is observed on 22-Sep-26. For Parana on 23-Sep-26, Sooryodaya is 07:16 AM, Pratah Kala ends at 09:41 AM, Dwadashi ends at 2026-09-23 12:20:00 PM CDT, and Hari Vasara ends at 2026-09-22 05:29:45 PM CDT. Hari Vasara ends before Sooryodaya, so there is no Hari-Vasara delay; Parana starts at Sooryodaya (07:16 AM). Pratah Kala ends at 09:41 AM, before Dwadashi ends; therefore Pratah Kala end is the limiting end time. Hence Parana is 07:16 AM to 09:41 AM.",2026-09-21:Dashami | 2026-09-22:Ekadashi | 2026-09-23:Dwadashi,2026-09-21:Uttara Ashadha | 2026-09-22:Shravana | 2026-09-23:Dhanishtha,2026-09-21 09:30:00 AM CDT,2026-09-22 11:13:00 AM CDT,2026-09-23 12:20:00 PM CDT,2026-09-22,07:16 AM,2026-09-22 05:40:00 AM CDT,2026-09-22,,2026-09-22:VALID (start 2026-09-21 09:30:00 AM CDT < Arunodaya 2026-09-22 05:40:00 AM CDT),2026-09-22,07:16 AM,2026-09-22 05:40:00 AM CDT,2026-09-23,Dhanishtha,2026-09-22 05:29:45 PM CDT,2026-09-21,2026-09-23,2026-09-21 | 2026-09-22 | 2026-09-23,0,COMPLETE,,,Normal Ekadashi,NORMAL,Ekadashi began before Arunodaya and has one valid Ekadashi sunrise. No two-day exception is triggered.,2026-09-22:VALID (start 2026-09-21 09:30:00 AM CDT < Arunodaya 2026-09-22 05:40:00 AM CDT),2026-09-22,,2026-09-23,DWADASHI,PRATAH,2026-09-23 07:16:00 AM CDT,2026-09-23 09:41:12 AM CDT,Hari Vasara ended before Parana-day sunrise; Parana is sunrise to Pratah end.
Houston,Texas,United States,America/Chicago,geoname:4699066,4699066,Parsva Ekadashi,2026-09-22,"Parsva Ekadashi - Houston. Dashami ends and Ekadashi begins on 2026-09-21 09:30:00 AM CDT. On 22-Sep-26, Sooryodaya is 07:10 AM and Arunodaya is 05:34 AM. Ekadashi is present at sunrise and had begun before Arunodaya, so this is a valid Ekadashi sunrise. Ekadashi ends on 2026-09-22 11:13:00 AM CDT and does not remain through another sunrise. Ekadashi ends and Dwadashi begins on 2026-09-22 11:13:00 AM CDT. Dwadashi is present at Sooryodaya on 23-Sep-26 (Sooryodaya 07:11 AM). Dwadashi ends and Trayodashi begins on 2026-09-23 12:20:00 PM CDT. Therefore the Upavaasa is observed on 22-Sep-26. For Parana on 23-Sep-26, Sooryodaya is 07:11 AM, Pratah Kala ends at 09:36 AM, Dwadashi ends at 2026-09-23 12:20:00 PM CDT, and Hari Vasara ends at 2026-09-22 05:29:45 PM CDT. Hari Vasara ends before Sooryodaya, so there is no Hari-Vasara delay; Parana starts at Sooryodaya (07:11 AM). Pratah Kala ends at 09:36 AM, before Dwadashi ends; therefore Pratah Kala end is the limiting end time. Hence Parana is 07:11 AM to 09:36 AM.",2026-09-21:Dashami | 2026-09-22:Ekadashi | 2026-09-23:Dwadashi,2026-09-21:Uttara Ashadha | 2026-09-22:Shravana | 2026-09-23:Dhanishtha,2026-09-21 09:30:00 AM CDT,2026-09-22 11:13:00 AM CDT,2026-09-23 12:20:00 PM CDT,2026-09-22,07:10 AM,2026-09-22 05:34:00 AM CDT,2026-09-22,,2026-09-22:VALID (start 2026-09-21 09:30:00 AM CDT < Arunodaya 2026-09-22 05:34:00 AM CDT),2026-09-22,07:10 AM,2026-09-22 05:34:00 AM CDT,2026-09-23,Dhanishtha,2026-09-22 05:29:45 PM CDT,2026-09-21,2026-09-23,2026-09-21 | 2026-09-22 | 2026-09-23,0,COMPLETE,,,Normal Ekadashi,NORMAL,Ekadashi began before Arunodaya and has one valid Ekadashi sunrise. No two-day exception is triggered.,2026-09-22:VALID (start 2026-09-21 09:30:00 AM CDT < Arunodaya 2026-09-22 05:34:00 AM CDT),2026-09-22,,2026-09-23,DWADASHI,PRATAH,2026-09-23 07:11:00 AM CDT,2026-09-23 09:36:12 AM CDT,Hari Vasara ended before Parana-day sunrise; Parana is sunrise to Pratah end.
Phoenix,Arizona,United States,America/Phoenix,geoname:5308655,5308655,Parsva Ekadashi,2026-09-22,"Parsva Ekadashi - Phoenix. Dashami ends and Ekadashi begins on 2026-09-21 07:30:00 AM MST. On 22-Sep-26, Sooryodaya is 06:17 AM and Arunodaya is 04:41 AM. Ekadashi is present at sunrise and had begun before Arunodaya, so this is a valid Ekadashi sunrise. Ekadashi ends on 2026-09-22 09:13:00 AM MST and does not remain through another sunrise. Ekadashi ends and Dwadashi begins on 2026-09-22 09:13:00 AM MST. Dwadashi is present at Sooryodaya on 23-Sep-26 (Sooryodaya 06:17 AM). Dwadashi ends and Trayodashi begins on 2026-09-23 10:20:00 AM MST. Therefore the Upavaasa is observed on 22-Sep-26. For Parana on 23-Sep-26, Sooryodaya is 06:17 AM, Pratah Kala ends at 08:42 AM, Dwadashi ends at 2026-09-23 10:20:00 AM MST, and Hari Vasara ends at 2026-09-22 03:29:45 PM MST. Hari Vasara ends before Sooryodaya, so there is no Hari-Vasara delay; Parana starts at Sooryodaya (06:17 AM). Pratah Kala ends at 08:42 AM, before Dwadashi ends; therefore Pratah Kala end is the limiting end time. Hence Parana is 06:17 AM to 08:42 AM.",2026-09-21:Dashami | 2026-09-22:Ekadashi | 2026-09-23:Dwadashi,2026-09-21:Uttara Ashadha | 2026-09-22:Shravana | 2026-09-23:Dhanishtha,2026-09-21 07:30:00 AM MST,2026-09-22 09:13:00 AM MST,2026-09-23 10:20:00 AM MST,2026-09-22,06:17 AM,2026-09-22 04:41:00 AM MST,2026-09-22,,2026-09-22:VALID (start 2026-09-21 07:30:00 AM MST < Arunodaya 2026-09-22 04:41:00 AM MST),2026-09-22,06:17 AM,2026-09-22 04:41:00 AM MST,2026-09-23,Dhanishtha,2026-09-22 03:29:45 PM MST,2026-09-21,2026-09-23,2026-09-21 | 2026-09-22 | 2026-09-23,0,COMPLETE,,,Normal Ekadashi,NORMAL,Ekadashi began before Arunodaya and has one valid Ekadashi sunrise. No two-day exception is triggered.,2026-09-22:VALID (start 2026-09-21 07:30:00 AM MST < Arunodaya 2026-09-22 04:41:00 AM MST),2026-09-22,,2026-09-23,DWADASHI,PRATAH,2026-09-23 06:17:00 AM MST,2026-09-23 08:42:24 AM MST,Hari Vasara ended before Parana-day sunrise; Parana is sunrise to Pratah end.
San Francisco,California,United States,America/Los_Angeles,geoname:5391959,5391959,Parsva Ekadashi,2026-09-22,"Parsva Ekadashi - San Francisco. Dashami ends and Ekadashi begins on 2026-09-21 07:30:00 AM PDT. On 22-Sep-26, Sooryodaya is 06:58 AM and Arunodaya is 05:22 AM. Ekadashi is present at sunrise and had begun before Arunodaya, so this is a valid Ekadashi sunrise. Ekadashi ends on 2026-09-22 09:13:00 AM PDT and does not remain through another sunrise. Ekadashi ends and Dwadashi begins on 2026-09-22 09:13:00 AM PDT. Dwadashi is present at Sooryodaya on 23-Sep-26 (Sooryodaya 06:59 AM). Dwadashi ends and Trayodashi begins on 2026-09-23 10:20:00 AM PDT. Therefore the Upavaasa is observed on 22-Sep-26. For Parana on 23-Sep-26, Sooryodaya is 06:59 AM, Pratah Kala ends at 09:24 AM, Dwadashi ends at 2026-09-23 10:20:00 AM PDT, and Hari Vasara ends at 2026-09-22 03:29:45 PM PDT. Hari Vasara ends before Sooryodaya, so there is no Hari-Vasara delay; Parana starts at Sooryodaya (06:59 AM). Pratah Kala ends at 09:24 AM, before Dwadashi ends; therefore Pratah Kala end is the limiting end time. Hence Parana is 06:59 AM to 09:24 AM.",2026-09-21:Dashami | 2026-09-22:Ekadashi | 2026-09-23:Dwadashi,2026-09-21:Uttara Ashadha | 2026-09-22:Shravana | 2026-09-23:Dhanishtha,2026-09-21 07:30:00 AM PDT,2026-09-22 09:13:00 AM PDT,2026-09-23 10:20:00 AM PDT,2026-09-22,06:58 AM,2026-09-22 05:22:00 AM PDT,2026-09-22,,2026-09-22:VALID (start 2026-09-21 07:30:00 AM PDT < Arunodaya 2026-09-22 05:22:00 AM PDT),2026-09-22,06:58 AM,2026-09-22 05:22:00 AM PDT,2026-09-23,Dhanishtha,2026-09-22 03:29:45 PM PDT,2026-09-21,2026-09-23,2026-09-21 | 2026-09-22 | 2026-09-23,0,COMPLETE,,,Normal Ekadashi,NORMAL,Ekadashi began before Arunodaya and has one valid Ekadashi sunrise. No two-day exception is triggered.,2026-09-22:VALID (start 2026-09-21 07:30:00 AM PDT < Arunodaya 2026-09-22 05:22:00 AM PDT),2026-09-22,,2026-09-23,DWADASHI,PRATAH,2026-09-23 06:59:00 AM PDT,2026-09-23 09:24:12 AM PDT,Hari Vasara ended before Parana-day sunrise; Parana is sunrise to Pratah end.
Los Angeles,California,United States,America/Los_Angeles,geoname:5368361,5368361,Parsva Ekadashi,2026-09-22,"Parsva Ekadashi - Los Angeles. Dashami ends and Ekadashi begins on 2026-09-21 07:30:00 AM PDT. On 22-Sep-26, Sooryodaya is 06:41 AM and Arunodaya is 05:05 AM. Ekadashi is present at sunrise and had begun before Arunodaya, so this is a valid Ekadashi sunrise. Ekadashi ends on 2026-09-22 09:13:00 AM PDT and does not remain through another sunrise. Ekadashi ends and Dwadashi begins on 2026-09-22 09:13:00 AM PDT. Dwadashi is present at Sooryodaya on 23-Sep-26 (Sooryodaya 06:42 AM). Dwadashi ends and Trayodashi begins on 2026-09-23 10:20:00 AM PDT. Therefore the Upavaasa is observed on 22-Sep-26. For Parana on 23-Sep-26, Sooryodaya is 06:42 AM, Pratah Kala ends at 09:07 AM, Dwadashi ends at 2026-09-23 10:20:00 AM PDT, and Hari Vasara ends at 2026-09-22 03:29:45 PM PDT. Hari Vasara ends before Sooryodaya, so there is no Hari-Vasara delay; Parana starts at Sooryodaya (06:42 AM). Pratah Kala ends at 09:07 AM, before Dwadashi ends; therefore Pratah Kala end is the limiting end time. Hence Parana is 06:42 AM to 09:07 AM.",2026-09-21:Dashami | 2026-09-22:Ekadashi | 2026-09-23:Dwadashi,2026-09-21:Uttara Ashadha | 2026-09-22:Shravana | 2026-09-23:Dhanishtha,2026-09-21 07:30:00 AM PDT,2026-09-22 09:13:00 AM PDT,2026-09-23 10:20:00 AM PDT,2026-09-22,06:41 AM,2026-09-22 05:05:00 AM PDT,2026-09-22,,2026-09-22:VALID (start 2026-09-21 07:30:00 AM PDT < Arunodaya 2026-09-22 05:05:00 AM PDT),2026-09-22,06:41 AM,2026-09-22 05:05:00 AM PDT,2026-09-23,Dhanishtha,2026-09-22 03:29:45 PM PDT,2026-09-21,2026-09-23,2026-09-21 | 2026-09-22 | 2026-09-23,0,COMPLETE,,,Normal Ekadashi,NORMAL,Ekadashi began before Arunodaya and has one valid Ekadashi sunrise. No two-day exception is triggered.,2026-09-22:VALID (start 2026-09-21 07:30:00 AM PDT < Arunodaya 2026-09-22 05:05:00 AM PDT),2026-09-22,,2026-09-23,DWADASHI,PRATAH,2026-09-23 06:42:00 AM PDT,2026-09-23 09:07:12 AM PDT,Hari Vasara ended before Parana-day sunrise; Parana is sunrise to Pratah end.
Seattle,Washington,United States,America/Los_Angeles,geoname:5809844,5809844,Parsva Ekadashi,2026-09-22,"Parsva Ekadashi - Seattle. Dashami ends and Ekadashi begins on 2026-09-21 07:30:00 AM PDT. On 22-Sep-26, Sooryodaya is 06:56 AM and Arunodaya is 05:20 AM. Ekadashi is present at sunrise and had begun before Arunodaya, so this is a valid Ekadashi sunrise. Ekadashi ends on 2026-09-22 09:13:00 AM PDT and does not remain through another sunrise. Ekadashi ends and Dwadashi begins on 2026-09-22 09:13:00 AM PDT. Dwadashi is present at Sooryodaya on 23-Sep-26 (Sooryodaya 06:58 AM). Dwadashi ends and Trayodashi begins on 2026-09-23 10:20:00 AM PDT. Therefore the Upavaasa is observed on 22-Sep-26. For Parana on 23-Sep-26, Sooryodaya is 06:58 AM, Pratah Kala ends at 09:23 AM, Dwadashi ends at 2026-09-23 10:20:00 AM PDT, and Hari Vasara ends at 2026-09-22 03:29:45 PM PDT. Hari Vasara ends before Sooryodaya, so there is no Hari-Vasara delay; Parana starts at Sooryodaya (06:58 AM). Pratah Kala ends at 09:23 AM, before Dwadashi ends; therefore Pratah Kala end is the limiting end time. Hence Parana is 06:58 AM to 09:23 AM.",2026-09-21:Dashami | 2026-09-22:Ekadashi | 2026-09-23:Dwadashi,2026-09-21:Uttara Ashadha | 2026-09-22:Shravana | 2026-09-23:Dhanishtha,2026-09-21 07:30:00 AM PDT,2026-09-22 09:13:00 AM PDT,2026-09-23 10:20:00 AM PDT,2026-09-22,06:56 AM,2026-09-22 05:20:00 AM PDT,2026-09-22,,2026-09-22:VALID (start 2026-09-21 07:30:00 AM PDT < Arunodaya 2026-09-22 05:20:00 AM PDT),2026-09-22,06:56 AM,2026-09-22 05:20:00 AM PDT,2026-09-23,Dhanishtha,2026-09-22 03:29:45 PM PDT,2026-09-21,2026-09-23,2026-09-21 | 2026-09-22 | 2026-09-23,0,COMPLETE,,,Normal Ekadashi,NORMAL,Ekadashi began before Arunodaya and has one valid Ekadashi sunrise. No two-day exception is triggered.,2026-09-22:VALID (start 2026-09-21 07:30:00 AM PDT < Arunodaya 2026-09-22 05:20:00 AM PDT),2026-09-22,,2026-09-23,DWADASHI,PRATAH,2026-09-23 06:58:00 AM PDT,2026-09-23 09:23:24 AM PDT,Hari Vasara ended before Parana-day sunrise; Parana is sunrise to Pratah end.
Tampa,Florida,United States,America/New_York,geoname:4174757,4174757,Parsva Ekadashi,2026-09-22,"Parsva Ekadashi - Tampa. Dashami ends and Ekadashi begins on 2026-09-21 10:30:00 AM EDT. On 22-Sep-26, Sooryodaya is 07:18 AM and Arunodaya is 05:42 AM. Ekadashi is present at sunrise and had begun before Arunodaya, so this is a valid Ekadashi sunrise. Ekadashi ends on 2026-09-22 12:13:00 PM EDT and does not remain through another sunrise. Ekadashi ends and Dwadashi begins on 2026-09-22 12:13:00 PM EDT. Dwadashi is present at Sooryodaya on 23-Sep-26 (Sooryodaya 07:19 AM). Dwadashi ends and Trayodashi begins on 2026-09-23 01:20:00 PM EDT. Therefore the Upavaasa is observed on 22-Sep-26. For Parana on 23-Sep-26, Sooryodaya is 07:19 AM, Pratah Kala ends at 09:44 AM, Dwadashi ends at 2026-09-23 01:20:00 PM EDT, and Hari Vasara ends at 2026-09-22 06:29:45 PM EDT. Hari Vasara ends before Sooryodaya, so there is no Hari-Vasara delay; Parana starts at Sooryodaya (07:19 AM). Pratah Kala ends at 09:44 AM, before Dwadashi ends; therefore Pratah Kala end is the limiting end time. Hence Parana is 07:19 AM to 09:44 AM.",2026-09-21:Dashami | 2026-09-22:Ekadashi | 2026-09-23:Dwadashi,2026-09-21:Uttara Ashadha | 2026-09-22:Shravana | 2026-09-23:Dhanishtha,2026-09-21 10:30:00 AM EDT,2026-09-22 12:13:00 PM EDT,2026-09-23 01:20:00 PM EDT,2026-09-22,07:18 AM,2026-09-22 05:42:00 AM EDT,2026-09-22,,2026-09-22:VALID (start 2026-09-21 10:30:00 AM EDT < Arunodaya 2026-09-22 05:42:00 AM EDT),2026-09-22,07:18 AM,2026-09-22 05:42:00 AM EDT,2026-09-23,Dhanishtha,2026-09-22 06:29:45 PM EDT,2026-09-21,2026-09-23,2026-09-21 | 2026-09-22 | 2026-09-23,0,COMPLETE,,,Normal Ekadashi,NORMAL,Ekadashi began before Arunodaya and has one valid Ekadashi sunrise. No two-day exception is triggered.,2026-09-22:VALID (start 2026-09-21 10:30:00 AM EDT < Arunodaya 2026-09-22 05:42:00 AM EDT),2026-09-22,,2026-09-23,DWADASHI,PRATAH,2026-09-23 07:19:00 AM EDT,2026-09-23 09:44:12 AM EDT,Hari Vasara ended before Parana-day sunrise; Parana is sunrise to Pratah end.
Orlando,Florida,United States,America/New_York,geoname:4167147,4167147,Parsva Ekadashi,2026-09-22,"Parsva Ekadashi - Orlando. Dashami ends and Ekadashi begins on 2026-09-21 10:30:00 AM EDT. On 22-Sep-26, Sooryodaya is 07:14 AM and Arunodaya is 05:38 AM. Ekadashi is present at sunrise and had begun before Arunodaya, so this is a valid Ekadashi sunrise. Ekadashi ends on 2026-09-22 12:13:00 PM EDT and does not remain through another sunrise. Ekadashi ends and Dwadashi begins on 2026-09-22 12:13:00 PM EDT. Dwadashi is present at Sooryodaya on 23-Sep-26 (Sooryodaya 07:15 AM). Dwadashi ends and Trayodashi begins on 2026-09-23 01:20:00 PM EDT. Therefore the Upavaasa is observed on 22-Sep-26. For Parana on 23-Sep-26, Sooryodaya is 07:15 AM, Pratah Kala ends at 09:40 AM, Dwadashi ends at 2026-09-23 01:20:00 PM EDT, and Hari Vasara ends at 2026-09-22 06:29:45 PM EDT. Hari Vasara ends before Sooryodaya, so there is no Hari-Vasara delay; Parana starts at Sooryodaya (07:15 AM). Pratah Kala ends at 09:40 AM, before Dwadashi ends; therefore Pratah Kala end is the limiting end time. Hence Parana is 07:15 AM to 09:40 AM.",2026-09-21:Dashami | 2026-09-22:Ekadashi | 2026-09-23:Dwadashi,2026-09-21:Uttara Ashadha | 2026-09-22:Shravana | 2026-09-23:Dhanishtha,2026-09-21 10:30:00 AM EDT,2026-09-22 12:13:00 PM EDT,2026-09-23 01:20:00 PM EDT,2026-09-22,07:14 AM,2026-09-22 05:38:00 AM EDT,2026-09-22,,2026-09-22:VALID (start 2026-09-21 10:30:00 AM EDT < Arunodaya 2026-09-22 05:38:00 AM EDT),2026-09-22,07:14 AM,2026-09-22 05:38:00 AM EDT,2026-09-23,Dhanishtha,2026-09-22 06:29:45 PM EDT,2026-09-21,2026-09-23,2026-09-21 | 2026-09-22 | 2026-09-23,0,COMPLETE,,,Normal Ekadashi,NORMAL,Ekadashi began before Arunodaya and has one valid Ekadashi sunrise. No two-day exception is triggered.,2026-09-22:VALID (start 2026-09-21 10:30:00 AM EDT < Arunodaya 2026-09-22 05:38:00 AM EDT),2026-09-22,,2026-09-23,DWADASHI,PRATAH,2026-09-23 07:15:00 AM EDT,2026-09-23 09:40:12 AM EDT,Hari Vasara ended before Parana-day sunrise; Parana is sunrise to Pratah end.
Richmond,Virginia,United States,America/New_York,geoname:4781708,4781708,Parsva Ekadashi,2026-09-22,"Parsva Ekadashi - Richmond. Dashami ends and Ekadashi begins on 2026-09-21 10:30:00 AM EDT. On 22-Sep-26, Sooryodaya is 06:58 AM and Arunodaya is 05:22 AM. Ekadashi is present at sunrise and had begun before Arunodaya, so this is a valid Ekadashi sunrise. Ekadashi ends on 2026-09-22 12:13:00 PM EDT and does not remain through another sunrise. Ekadashi ends and Dwadashi begins on 2026-09-22 12:13:00 PM EDT. Dwadashi is present at Sooryodaya on 23-Sep-26 (Sooryodaya 06:59 AM). Dwadashi ends and Trayodashi begins on 2026-09-23 01:20:00 PM EDT. Therefore the Upavaasa is observed on 22-Sep-26. For Parana on 23-Sep-26, Sooryodaya is 06:59 AM, Pratah Kala ends at 09:24 AM, Dwadashi ends at 2026-09-23 01:20:00 PM EDT, and Hari Vasara ends at 2026-09-22 06:29:45 PM EDT. Hari Vasara ends before Sooryodaya, so there is no Hari-Vasara delay; Parana starts at Sooryodaya (06:59 AM). Pratah Kala ends at 09:24 AM, before Dwadashi ends; therefore Pratah Kala end is the limiting end time. Hence Parana is 06:59 AM to 09:24 AM.",2026-09-21:Dashami | 2026-09-22:Ekadashi | 2026-09-23:Dwadashi,2026-09-21:Uttara Ashadha | 2026-09-22:Shravana | 2026-09-23:Dhanishtha,2026-09-21 10:30:00 AM EDT,2026-09-22 12:13:00 PM EDT,2026-09-23 01:20:00 PM EDT,2026-09-22,06:58 AM,2026-09-22 05:22:00 AM EDT,2026-09-22,,2026-09-22:VALID (start 2026-09-21 10:30:00 AM EDT < Arunodaya 2026-09-22 05:22:00 AM EDT),2026-09-22,06:58 AM,2026-09-22 05:22:00 AM EDT,2026-09-23,Dhanishtha,2026-09-22 06:29:45 PM EDT,2026-09-21,2026-09-23,2026-09-21 | 2026-09-22 | 2026-09-23,0,COMPLETE,,,Normal Ekadashi,NORMAL,Ekadashi began before Arunodaya and has one valid Ekadashi sunrise. No two-day exception is triggered.,2026-09-22:VALID (start 2026-09-21 10:30:00 AM EDT < Arunodaya 2026-09-22 05:22:00 AM EDT),2026-09-22,,2026-09-23,DWADASHI,PRATAH,2026-09-23 06:59:00 AM EDT,2026-09-23 09:24:12 AM EDT,Hari Vasara ended before Parana-day sunrise; Parana is sunrise to Pratah end.
Baltimore,Maryland,United States,America/New_York,geoname:4347778,4347778,Parsva Ekadashi,2026-09-22,"Parsva Ekadashi - Baltimore. Dashami ends and Ekadashi begins on 2026-09-21 10:30:00 AM EDT. On 22-Sep-26, Sooryodaya is 06:54 AM and Arunodaya is 05:18 AM. Ekadashi is present at sunrise and had begun before Arunodaya, so this is a valid Ekadashi sunrise. Ekadashi ends on 2026-09-22 12:13:00 PM EDT and does not remain through another sunrise. Ekadashi ends and Dwadashi begins on 2026-09-22 12:13:00 PM EDT. Dwadashi is present at Sooryodaya on 23-Sep-26 (Sooryodaya 06:55 AM). Dwadashi ends and Trayodashi begins on 2026-09-23 01:20:00 PM EDT. Therefore the Upavaasa is observed on 22-Sep-26. For Parana on 23-Sep-26, Sooryodaya is 06:55 AM, Pratah Kala ends at 09:20 AM, Dwadashi ends at 2026-09-23 01:20:00 PM EDT, and Hari Vasara ends at 2026-09-22 06:29:45 PM EDT. Hari Vasara ends before Sooryodaya, so there is no Hari-Vasara delay; Parana starts at Sooryodaya (06:55 AM). Pratah Kala ends at 09:20 AM, before Dwadashi ends; therefore Pratah Kala end is the limiting end time. Hence Parana is 06:55 AM to 09:20 AM.",2026-09-21:Dashami | 2026-09-22:Ekadashi | 2026-09-23:Dwadashi,2026-09-21:Uttara Ashadha | 2026-09-22:Shravana | 2026-09-23:Dhanishtha,2026-09-21 10:30:00 AM EDT,2026-09-22 12:13:00 PM EDT,2026-09-23 01:20:00 PM EDT,2026-09-22,06:54 AM,2026-09-22 05:18:00 AM EDT,2026-09-22,,2026-09-22:VALID (start 2026-09-21 10:30:00 AM EDT < Arunodaya 2026-09-22 05:18:00 AM EDT),2026-09-22,06:54 AM,2026-09-22 05:18:00 AM EDT,2026-09-23,Dhanishtha,2026-09-22 06:29:45 PM EDT,2026-09-21,2026-09-23,2026-09-21 | 2026-09-22 | 2026-09-23,0,COMPLETE,,,Normal Ekadashi,NORMAL,Ekadashi began before Arunodaya and has one valid Ekadashi sunrise. No two-day exception is triggered.,2026-09-22:VALID (start 2026-09-21 10:30:00 AM EDT < Arunodaya 2026-09-22 05:18:00 AM EDT),2026-09-22,,2026-09-23,DWADASHI,PRATAH,2026-09-23 06:55:00 AM EDT,2026-09-23 09:20:24 AM EDT,Hari Vasara ended before Parana-day sunrise; Parana is sunrise to Pratah end.
Philadelphia,Pennsylvania,United States,America/New_York,geoname:4560349,4560349,Parsva Ekadashi,2026-09-22,"Parsva Ekadashi - Philadelphia. Dashami ends and Ekadashi begins on 2026-09-21 10:30:00 AM EDT. On 22-Sep-26, Sooryodaya is 06:48 AM and Arunodaya is 05:12 AM. Ekadashi is present at sunrise and had begun before Arunodaya, so this is a valid Ekadashi sunrise. Ekadashi ends on 2026-09-22 12:13:00 PM EDT and does not remain through another sunrise. Ekadashi ends and Dwadashi begins on 2026-09-22 12:13:00 PM EDT. Dwadashi is present at Sooryodaya on 23-Sep-26 (Sooryodaya 06:49 AM). Dwadashi ends and Trayodashi begins on 2026-09-23 01:20:00 PM EDT. Therefore the Upavaasa is observed on 22-Sep-26. For Parana on 23-Sep-26, Sooryodaya is 06:49 AM, Pratah Kala ends at 09:14 AM, Dwadashi ends at 2026-09-23 01:20:00 PM EDT, and Hari Vasara ends at 2026-09-22 06:29:45 PM EDT. Hari Vasara ends before Sooryodaya, so there is no Hari-Vasara delay; Parana starts at Sooryodaya (06:49 AM). Pratah Kala ends at 09:14 AM, before Dwadashi ends; therefore Pratah Kala end is the limiting end time. Hence Parana is 06:49 AM to 09:14 AM.",2026-09-21:Dashami | 2026-09-22:Ekadashi | 2026-09-23:Dwadashi,2026-09-21:Uttara Ashadha | 2026-09-22:Shravana | 2026-09-23:Dhanishtha,2026-09-21 10:30:00 AM EDT,2026-09-22 12:13:00 PM EDT,2026-09-23 01:20:00 PM EDT,2026-09-22,06:48 AM,2026-09-22 05:12:00 AM EDT,2026-09-22,,2026-09-22:VALID (start 2026-09-21 10:30:00 AM EDT < Arunodaya 2026-09-22 05:12:00 AM EDT),2026-09-22,06:48 AM,2026-09-22 05:12:00 AM EDT,2026-09-23,Dhanishtha,2026-09-22 06:29:45 PM EDT,2026-09-21,2026-09-23,2026-09-21 | 2026-09-22 | 2026-09-23,0,COMPLETE,,,Normal Ekadashi,NORMAL,Ekadashi began before Arunodaya and has one valid Ekadashi sunrise. No two-day exception is triggered.,2026-09-22:VALID (start 2026-09-21 10:30:00 AM EDT < Arunodaya 2026-09-22 05:12:00 AM EDT),2026-09-22,,2026-09-23,DWADASHI,PRATAH,2026-09-23 06:49:00 AM EDT,2026-09-23 09:14:24 AM EDT,Hari Vasara ended before Parana-day sunrise; Parana is sunrise to Pratah end.
New York,New York,United States,America/New_York,geoname:5128581,5128581,Parsva Ekadashi,2026-09-22,"Parsva Ekadashi - New York. Dashami ends and Ekadashi begins on 2026-09-21 10:30:00 AM EDT. On 22-Sep-26, Sooryodaya is 06:44 AM and Arunodaya is 05:08 AM. Ekadashi is present at sunrise and had begun before Arunodaya, so this is a valid Ekadashi sunrise. Ekadashi ends on 2026-09-22 12:13:00 PM EDT and does not remain through another sunrise. Ekadashi ends and Dwadashi begins on 2026-09-22 12:13:00 PM EDT. Dwadashi is present at Sooryodaya on 23-Sep-26 (Sooryodaya 06:45 AM). Dwadashi ends and Trayodashi begins on 2026-09-23 01:20:00 PM EDT. Therefore the Upavaasa is observed on 22-Sep-26. For Parana on 23-Sep-26, Sooryodaya is 06:45 AM, Pratah Kala ends at 09:10 AM, Dwadashi ends at 2026-09-23 01:20:00 PM EDT, and Hari Vasara ends at 2026-09-22 06:29:45 PM EDT. Hari Vasara ends before Sooryodaya, so there is no Hari-Vasara delay; Parana starts at Sooryodaya (06:45 AM). Pratah Kala ends at 09:10 AM, before Dwadashi ends; therefore Pratah Kala end is the limiting end time. Hence Parana is 06:45 AM to 09:10 AM.",2026-09-21:Dashami | 2026-09-22:Ekadashi | 2026-09-23:Dwadashi,2026-09-21:Uttara Ashadha | 2026-09-22:Shravana | 2026-09-23:Dhanishtha,2026-09-21 10:30:00 AM EDT,2026-09-22 12:13:00 PM EDT,2026-09-23 01:20:00 PM EDT,2026-09-22,06:44 AM,2026-09-22 05:08:00 AM EDT,2026-09-22,,2026-09-22:VALID (start 2026-09-21 10:30:00 AM EDT < Arunodaya 2026-09-22 05:08:00 AM EDT),2026-09-22,06:44 AM,2026-09-22 05:08:00 AM EDT,2026-09-23,Dhanishtha,2026-09-22 06:29:45 PM EDT,2026-09-21,2026-09-23,2026-09-21 | 2026-09-22 | 2026-09-23,0,COMPLETE,,,Normal Ekadashi,NORMAL,Ekadashi began before Arunodaya and has one valid Ekadashi sunrise. No two-day exception is triggered.,2026-09-22:VALID (start 2026-09-21 10:30:00 AM EDT < Arunodaya 2026-09-22 05:08:00 AM EDT),2026-09-22,,2026-09-23,DWADASHI,PRATAH,2026-09-23 06:45:00 AM EDT,2026-09-23 09:10:12 AM EDT,Hari Vasara ended before Parana-day sunrise; Parana is sunrise to Pratah end.
New Jersey,New Jersey,United States,America/New_York,geoname:5099836,5099836,Parsva Ekadashi,2026-09-22,"Parsva Ekadashi - New Jersey. Dashami ends and Ekadashi begins on 2026-09-21 10:30:00 AM EDT. On 22-Sep-26, Sooryodaya is 06:44 AM and Arunodaya is 05:08 AM. Ekadashi is present at sunrise and had begun before Arunodaya, so this is a valid Ekadashi sunrise. Ekadashi ends on 2026-09-22 12:13:00 PM EDT and does not remain through another sunrise. Ekadashi ends and Dwadashi begins on 2026-09-22 12:13:00 PM EDT. Dwadashi is present at Sooryodaya on 23-Sep-26 (Sooryodaya 06:45 AM). Dwadashi ends and Trayodashi begins on 2026-09-23 01:20:00 PM EDT. Therefore the Upavaasa is observed on 22-Sep-26. For Parana on 23-Sep-26, Sooryodaya is 06:45 AM, Pratah Kala ends at 09:10 AM, Dwadashi ends at 2026-09-23 01:20:00 PM EDT, and Hari Vasara ends at 2026-09-22 06:29:45 PM EDT. Hari Vasara ends before Sooryodaya, so there is no Hari-Vasara delay; Parana starts at Sooryodaya (06:45 AM). Pratah Kala ends at 09:10 AM, before Dwadashi ends; therefore Pratah Kala end is the limiting end time. Hence Parana is 06:45 AM to 09:10 AM.",2026-09-21:Dashami | 2026-09-22:Ekadashi | 2026-09-23:Dwadashi,2026-09-21:Uttara Ashadha | 2026-09-22:Shravana | 2026-09-23:Dhanishtha,2026-09-21 10:30:00 AM EDT,2026-09-22 12:13:00 PM EDT,2026-09-23 01:20:00 PM EDT,2026-09-22,06:44 AM,2026-09-22 05:08:00 AM EDT,2026-09-22,,2026-09-22:VALID (start 2026-09-21 10:30:00 AM EDT < Arunodaya 2026-09-22 05:08:00 AM EDT),2026-09-22,06:44 AM,2026-09-22 05:08:00 AM EDT,2026-09-23,Dhanishtha,2026-09-22 06:29:45 PM EDT,2026-09-21,2026-09-23,2026-09-21 | 2026-09-22 | 2026-09-23,0,COMPLETE,,,Normal Ekadashi,NORMAL,Ekadashi began before Arunodaya and has one valid Ekadashi sunrise. No two-day exception is triggered.,2026-09-22:VALID (start 2026-09-21 10:30:00 AM EDT < Arunodaya 2026-09-22 05:08:00 AM EDT),2026-09-22,,2026-09-23,DWADASHI,PRATAH,2026-09-23 06:45:00 AM EDT,2026-09-23 09:10:24 AM EDT,Hari Vasara ended before Parana-day sunrise; Parana is sunrise to Pratah end.
Buffalo,New York,United States,America/New_York,geoname:5110629,5110629,Parsva Ekadashi,2026-09-22,"Parsva Ekadashi - Buffalo. Dashami ends and Ekadashi begins on 2026-09-21 10:30:00 AM EDT. On 22-Sep-26, Sooryodaya is 07:03 AM and Arunodaya is 05:27 AM. Ekadashi is present at sunrise and had begun before Arunodaya, so this is a valid Ekadashi sunrise. Ekadashi ends on 2026-09-22 12:13:00 PM EDT and does not remain through another sunrise. Ekadashi ends and Dwadashi begins on 2026-09-22 12:13:00 PM EDT. Dwadashi is present at Sooryodaya on 23-Sep-26 (Sooryodaya 07:04 AM). Dwadashi ends and Trayodashi begins on 2026-09-23 01:20:00 PM EDT. Therefore the Upavaasa is observed on 22-Sep-26. For Parana on 23-Sep-26, Sooryodaya is 07:04 AM, Pratah Kala ends at 09:29 AM, Dwadashi ends at 2026-09-23 01:20:00 PM EDT, and Hari Vasara ends at 2026-09-22 06:29:45 PM EDT. Hari Vasara ends before Sooryodaya, so there is no Hari-Vasara delay; Parana starts at Sooryodaya (07:04 AM). Pratah Kala ends at 09:29 AM, before Dwadashi ends; therefore Pratah Kala end is the limiting end time. Hence Parana is 07:04 AM to 09:29 AM.",2026-09-21:Dashami | 2026-09-22:Ekadashi | 2026-09-23:Dwadashi,2026-09-21:Uttara Ashadha | 2026-09-22:Shravana | 2026-09-23:Dhanishtha,2026-09-21 10:30:00 AM EDT,2026-09-22 12:13:00 PM EDT,2026-09-23 01:20:00 PM EDT,2026-09-22,07:03 AM,2026-09-22 05:27:00 AM EDT,2026-09-22,,2026-09-22:VALID (start 2026-09-21 10:30:00 AM EDT < Arunodaya 2026-09-22 05:27:00 AM EDT),2026-09-22,07:03 AM,2026-09-22 05:27:00 AM EDT,2026-09-23,Dhanishtha,2026-09-22 06:29:45 PM EDT,2026-09-21,2026-09-23,2026-09-21 | 2026-09-22 | 2026-09-23,0,COMPLETE,,,Normal Ekadashi,NORMAL,Ekadashi began before Arunodaya and has one valid Ekadashi sunrise. No two-day exception is triggered.,2026-09-22:VALID (start 2026-09-21 10:30:00 AM EDT < Arunodaya 2026-09-22 05:27:00 AM EDT),2026-09-22,,2026-09-23,DWADASHI,PRATAH,2026-09-23 07:04:00 AM EDT,2026-09-23 09:29:24 AM EDT,Hari Vasara ended before Parana-day sunrise; Parana is sunrise to Pratah end.
Cleveland,Ohio,United States,America/New_York,geoname:5150529,5150529,Parsva Ekadashi,2026-09-22,"Parsva Ekadashi - Cleveland. Dashami ends and Ekadashi begins on 2026-09-21 10:30:00 AM EDT. On 22-Sep-26, Sooryodaya is 07:14 AM and Arunodaya is 05:38 AM. Ekadashi is present at sunrise and had begun before Arunodaya, so this is a valid Ekadashi sunrise. Ekadashi ends on 2026-09-22 12:13:00 PM EDT and does not remain through another sunrise. Ekadashi ends and Dwadashi begins on 2026-09-22 12:13:00 PM EDT. Dwadashi is present at Sooryodaya on 23-Sep-26 (Sooryodaya 07:15 AM). Dwadashi ends and Trayodashi begins on 2026-09-23 01:20:00 PM EDT. Therefore the Upavaasa is observed on 22-Sep-26. For Parana on 23-Sep-26, Sooryodaya is 07:15 AM, Pratah Kala ends at 09:40 AM, Dwadashi ends at 2026-09-23 01:20:00 PM EDT, and Hari Vasara ends at 2026-09-22 06:29:45 PM EDT. Hari Vasara ends before Sooryodaya, so there is no Hari-Vasara delay; Parana starts at Sooryodaya (07:15 AM). Pratah Kala ends at 09:40 AM, before Dwadashi ends; therefore Pratah Kala end is the limiting end time. Hence Parana is 07:15 AM to 09:40 AM.",2026-09-21:Dashami | 2026-09-22:Ekadashi | 2026-09-23:Dwadashi,2026-09-21:Uttara Ashadha | 2026-09-22:Shravana | 2026-09-23:Dhanishtha,2026-09-21 10:30:00 AM EDT,2026-09-22 12:13:00 PM EDT,2026-09-23 01:20:00 PM EDT,2026-09-22,07:14 AM,2026-09-22 05:38:00 AM EDT,2026-09-22,,2026-09-22:VALID (start 2026-09-21 10:30:00 AM EDT < Arunodaya 2026-09-22 05:38:00 AM EDT),2026-09-22,07:14 AM,2026-09-22 05:38:00 AM EDT,2026-09-23,Dhanishtha,2026-09-22 06:29:45 PM EDT,2026-09-21,2026-09-23,2026-09-21 | 2026-09-22 | 2026-09-23,0,COMPLETE,,,Normal Ekadashi,NORMAL,Ekadashi began before Arunodaya and has one valid Ekadashi sunrise. No two-day exception is triggered.,2026-09-22:VALID (start 2026-09-21 10:30:00 AM EDT < Arunodaya 2026-09-22 05:38:00 AM EDT),2026-09-22,,2026-09-23,DWADASHI,PRATAH,2026-09-23 07:15:00 AM EDT,2026-09-23 09:40:24 AM EDT,Hari Vasara ended before Parana-day sunrise; Parana is sunrise to Pratah end.
Columbus,Ohio,United States,America/New_York,geoname:4509177,4509177,Parsva Ekadashi,2026-09-22,"Parsva Ekadashi - Columbus. Dashami ends and Ekadashi begins on 2026-09-21 10:30:00 AM EDT. On 22-Sep-26, Sooryodaya is 07:20 AM and Arunodaya is 05:44 AM. Ekadashi is present at sunrise and had begun before Arunodaya, so this is a valid Ekadashi sunrise. Ekadashi ends on 2026-09-22 12:13:00 PM EDT and does not remain through another sunrise. Ekadashi ends and Dwadashi begins on 2026-09-22 12:13:00 PM EDT. Dwadashi is present at Sooryodaya on 23-Sep-26 (Sooryodaya 07:21 AM). Dwadashi ends and Trayodashi begins on 2026-09-23 01:20:00 PM EDT. Therefore the Upavaasa is observed on 22-Sep-26. For Parana on 23-Sep-26, Sooryodaya is 07:21 AM, Pratah Kala ends at 09:46 AM, Dwadashi ends at 2026-09-23 01:20:00 PM EDT, and Hari Vasara ends at 2026-09-22 06:29:45 PM EDT. Hari Vasara ends before Sooryodaya, so there is no Hari-Vasara delay; Parana starts at Sooryodaya (07:21 AM). Pratah Kala ends at 09:46 AM, before Dwadashi ends; therefore Pratah Kala end is the limiting end time. Hence Parana is 07:21 AM to 09:46 AM.",2026-09-21:Dashami | 2026-09-22:Ekadashi | 2026-09-23:Dwadashi,2026-09-21:Uttara Ashadha | 2026-09-22:Shravana | 2026-09-23:Dhanishtha,2026-09-21 10:30:00 AM EDT,2026-09-22 12:13:00 PM EDT,2026-09-23 01:20:00 PM EDT,2026-09-22,07:20 AM,2026-09-22 05:44:00 AM EDT,2026-09-22,,2026-09-22:VALID (start 2026-09-21 10:30:00 AM EDT < Arunodaya 2026-09-22 05:44:00 AM EDT),2026-09-22,07:20 AM,2026-09-22 05:44:00 AM EDT,2026-09-23,Dhanishtha,2026-09-22 06:29:45 PM EDT,2026-09-21,2026-09-23,2026-09-21 | 2026-09-22 | 2026-09-23,0,COMPLETE,,,Normal Ekadashi,NORMAL,Ekadashi began before Arunodaya and has one valid Ekadashi sunrise. No two-day exception is triggered.,2026-09-22:VALID (start 2026-09-21 10:30:00 AM EDT < Arunodaya 2026-09-22 05:44:00 AM EDT),2026-09-22,,2026-09-23,DWADASHI,PRATAH,2026-09-23 07:21:00 AM EDT,2026-09-23 09:46:12 AM EDT,Hari Vasara ended before Parana-day sunrise; Parana is sunrise to Pratah end.
Cincinnati,Ohio,United States,America/New_York,geoname:4508722,4508722,Parsva Ekadashi,2026-09-22,"Parsva Ekadashi - Cincinnati. Dashami ends and Ekadashi begins on 2026-09-21 10:30:00 AM EDT. On 22-Sep-26, Sooryodaya is 07:26 AM and Arunodaya is 05:50 AM. Ekadashi is present at sunrise and had begun before Arunodaya, so this is a valid Ekadashi sunrise. Ekadashi ends on 2026-09-22 12:13:00 PM EDT and does not remain through another sunrise. Ekadashi ends and Dwadashi begins on 2026-09-22 12:13:00 PM EDT. Dwadashi is present at Sooryodaya on 23-Sep-26 (Sooryodaya 07:27 AM). Dwadashi ends and Trayodashi begins on 2026-09-23 01:20:00 PM EDT. Therefore the Upavaasa is observed on 22-Sep-26. For Parana on 23-Sep-26, Sooryodaya is 07:27 AM, Pratah Kala ends at 09:52 AM, Dwadashi ends at 2026-09-23 01:20:00 PM EDT, and Hari Vasara ends at 2026-09-22 06:29:45 PM EDT. Hari Vasara ends before Sooryodaya, so there is no Hari-Vasara delay; Parana starts at Sooryodaya (07:27 AM). Pratah Kala ends at 09:52 AM, before Dwadashi ends; therefore Pratah Kala end is the limiting end time. Hence Parana is 07:27 AM to 09:52 AM.",2026-09-21:Dashami | 2026-09-22:Ekadashi | 2026-09-23:Dwadashi,2026-09-21:Uttara Ashadha | 2026-09-22:Shravana | 2026-09-23:Dhanishtha,2026-09-21 10:30:00 AM EDT,2026-09-22 12:13:00 PM EDT,2026-09-23 01:20:00 PM EDT,2026-09-22,07:26 AM,2026-09-22 05:50:00 AM EDT,2026-09-22,,2026-09-22:VALID (start 2026-09-21 10:30:00 AM EDT < Arunodaya 2026-09-22 05:50:00 AM EDT),2026-09-22,07:26 AM,2026-09-22 05:50:00 AM EDT,2026-09-23,Dhanishtha,2026-09-22 06:29:45 PM EDT,2026-09-21,2026-09-23,2026-09-21 | 2026-09-22 | 2026-09-23,0,COMPLETE,,,Normal Ekadashi,NORMAL,Ekadashi began before Arunodaya and has one valid Ekadashi sunrise. No two-day exception is triggered.,2026-09-22:VALID (start 2026-09-21 10:30:00 AM EDT < Arunodaya 2026-09-22 05:50:00 AM EDT),2026-09-22,,2026-09-23,DWADASHI,PRATAH,2026-09-23 07:27:00 AM EDT,2026-09-23 09:52:12 AM EDT,Hari Vasara ended before Parana-day sunrise; Parana is sunrise to Pratah end.
Knoxville,Tennessee,United States,America/New_York,geoname:4634946,4634946,Parsva Ekadashi,2026-09-22,"Parsva Ekadashi - Knoxville. Dashami ends and Ekadashi begins on 2026-09-21 10:30:00 AM EDT. On 22-Sep-26, Sooryodaya is 07:24 AM and Arunodaya is 05:48 AM. Ekadashi is present at sunrise and had begun before Arunodaya, so this is a valid Ekadashi sunrise. Ekadashi ends on 2026-09-22 12:13:00 PM EDT and does not remain through another sunrise. Ekadashi ends and Dwadashi begins on 2026-09-22 12:13:00 PM EDT. Dwadashi is present at Sooryodaya on 23-Sep-26 (Sooryodaya 07:25 AM). Dwadashi ends and Trayodashi begins on 2026-09-23 01:20:00 PM EDT. Therefore the Upavaasa is observed on 22-Sep-26. For Parana on 23-Sep-26, Sooryodaya is 07:25 AM, Pratah Kala ends at 09:50 AM, Dwadashi ends at 2026-09-23 01:20:00 PM EDT, and Hari Vasara ends at 2026-09-22 06:29:45 PM EDT. Hari Vasara ends before Sooryodaya, so there is no Hari-Vasara delay; Parana starts at Sooryodaya (07:25 AM). Pratah Kala ends at 09:50 AM, before Dwadashi ends; therefore Pratah Kala end is the limiting end time. Hence Parana is 07:25 AM to 09:50 AM.",2026-09-21:Dashami | 2026-09-22:Ekadashi | 2026-09-23:Dwadashi,2026-09-21:Uttara Ashadha | 2026-09-22:Shravana | 2026-09-23:Dhanishtha,2026-09-21 10:30:00 AM EDT,2026-09-22 12:13:00 PM EDT,2026-09-23 01:20:00 PM EDT,2026-09-22,07:24 AM,2026-09-22 05:48:00 AM EDT,2026-09-22,,2026-09-22:VALID (start 2026-09-21 10:30:00 AM EDT < Arunodaya 2026-09-22 05:48:00 AM EDT),2026-09-22,07:24 AM,2026-09-22 05:48:00 AM EDT,2026-09-23,Dhanishtha,2026-09-22 06:29:45 PM EDT,2026-09-21,2026-09-23,2026-09-21 | 2026-09-22 | 2026-09-23,0,COMPLETE,,,Normal Ekadashi,NORMAL,Ekadashi began before Arunodaya and has one valid Ekadashi sunrise. No two-day exception is triggered.,2026-09-22:VALID (start 2026-09-21 10:30:00 AM EDT < Arunodaya 2026-09-22 05:48:00 AM EDT),2026-09-22,,2026-09-23,DWADASHI,PRATAH,2026-09-23 07:25:00 AM EDT,2026-09-23 09:50:12 AM EDT,Hari Vasara ended before Parana-day sunrise; Parana is sunrise to Pratah end.
Nashville,Tennessee,United States,America/Chicago,geoname:4644585,4644585,Parsva Ekadashi,2026-09-22,"Parsva Ekadashi - Nashville. Dashami ends and Ekadashi begins on 2026-09-21 09:30:00 AM CDT. On 22-Sep-26, Sooryodaya is 06:35 AM and Arunodaya is 04:59 AM. Ekadashi is present at sunrise and had begun before Arunodaya, so this is a valid Ekadashi sunrise. Ekadashi ends on 2026-09-22 11:13:00 AM CDT and does not remain through another sunrise. Ekadashi ends and Dwadashi begins on 2026-09-22 11:13:00 AM CDT. Dwadashi is present at Sooryodaya on 23-Sep-26 (Sooryodaya 06:36 AM). Dwadashi ends and Trayodashi begins on 2026-09-23 12:20:00 PM CDT. Therefore the Upavaasa is observed on 22-Sep-26. For Parana on 23-Sep-26, Sooryodaya is 06:36 AM, Pratah Kala ends at 09:01 AM, Dwadashi ends at 2026-09-23 12:20:00 PM CDT, and Hari Vasara ends at 2026-09-22 05:29:45 PM CDT. Hari Vasara ends before Sooryodaya, so there is no Hari-Vasara delay; Parana starts at Sooryodaya (06:36 AM). Pratah Kala ends at 09:01 AM, before Dwadashi ends; therefore Pratah Kala end is the limiting end time. Hence Parana is 06:36 AM to 09:01 AM.",2026-09-21:Dashami | 2026-09-22:Ekadashi | 2026-09-23:Dwadashi,2026-09-21:Uttara Ashadha | 2026-09-22:Shravana | 2026-09-23:Dhanishtha,2026-09-21 09:30:00 AM CDT,2026-09-22 11:13:00 AM CDT,2026-09-23 12:20:00 PM CDT,2026-09-22,06:35 AM,2026-09-22 04:59:00 AM CDT,2026-09-22,,2026-09-22:VALID (start 2026-09-21 09:30:00 AM CDT < Arunodaya 2026-09-22 04:59:00 AM CDT),2026-09-22,06:35 AM,2026-09-22 04:59:00 AM CDT,2026-09-23,Dhanishtha,2026-09-22 05:29:45 PM CDT,2026-09-21,2026-09-23,2026-09-21 | 2026-09-22 | 2026-09-23,0,COMPLETE,,,Normal Ekadashi,NORMAL,Ekadashi began before Arunodaya and has one valid Ekadashi sunrise. No two-day exception is triggered.,2026-09-22:VALID (start 2026-09-21 09:30:00 AM CDT < Arunodaya 2026-09-22 04:59:00 AM CDT),2026-09-22,,2026-09-23,DWADASHI,PRATAH,2026-09-23 06:36:00 AM CDT,2026-09-23 09:01:12 AM CDT,Hari Vasara ended before Parana-day sunrise; Parana is sunrise to Pratah end.
Placentia,California,United States,America/Los_Angeles,geoname:5383527,5383527,Parsva Ekadashi,2026-09-22,"Parsva Ekadashi - Placentia. Dashami ends and Ekadashi begins on 2026-09-21 07:30:00 AM PDT. On 22-Sep-26, Sooryodaya is 06:40 AM and Arunodaya is 05:04 AM. Ekadashi is present at sunrise and had begun before Arunodaya, so this is a valid Ekadashi sunrise. Ekadashi ends on 2026-09-22 09:13:00 AM PDT and does not remain through another sunrise. Ekadashi ends and Dwadashi begins on 2026-09-22 09:13:00 AM PDT. Dwadashi is present at Sooryodaya on 23-Sep-26 (Sooryodaya 06:41 AM). Dwadashi ends and Trayodashi begins on 2026-09-23 10:20:00 AM PDT. Therefore the Upavaasa is observed on 22-Sep-26. For Parana on 23-Sep-26, Sooryodaya is 06:41 AM, Pratah Kala ends at 09:06 AM, Dwadashi ends at 2026-09-23 10:20:00 AM PDT, and Hari Vasara ends at 2026-09-22 03:29:45 PM PDT. Hari Vasara ends before Sooryodaya, so there is no Hari-Vasara delay; Parana starts at Sooryodaya (06:41 AM). Pratah Kala ends at 09:06 AM, before Dwadashi ends; therefore Pratah Kala end is the limiting end time. Hence Parana is 06:41 AM to 09:06 AM.",2026-09-21:Dashami | 2026-09-22:Ekadashi | 2026-09-23:Dwadashi,2026-09-21:Uttara Ashadha | 2026-09-22:Shravana | 2026-09-23:Dhanishtha,2026-09-21 07:30:00 AM PDT,2026-09-22 09:13:00 AM PDT,2026-09-23 10:20:00 AM PDT,2026-09-22,06:40 AM,2026-09-22 05:04:00 AM PDT,2026-09-22,,2026-09-22:VALID (start 2026-09-21 07:30:00 AM PDT < Arunodaya 2026-09-22 05:04:00 AM PDT),2026-09-22,06:40 AM,2026-09-22 05:04:00 AM PDT,2026-09-23,Dhanishtha,2026-09-22 03:29:45 PM PDT,2026-09-21,2026-09-23,2026-09-21 | 2026-09-22 | 2026-09-23,0,COMPLETE,,,Normal Ekadashi,NORMAL,Ekadashi began before Arunodaya and has one valid Ekadashi sunrise. No two-day exception is triggered.,2026-09-22:VALID (start 2026-09-21 07:30:00 AM PDT < Arunodaya 2026-09-22 05:04:00 AM PDT),2026-09-22,,2026-09-23,DWADASHI,PRATAH,2026-09-23 06:41:00 AM PDT,2026-09-23 09:06:12 AM PDT,Hari Vasara ended before Parana-day sunrise; Parana is sunrise to Pratah end.
Atlanta,Georgia,United States,America/New_York,geoname:4180439,4180439,Parsva Ekadashi,2026-09-22,"Parsva Ekadashi - Atlanta. Dashami ends and Ekadashi begins on 2026-09-21 10:30:00 AM EDT. On 22-Sep-26, Sooryodaya is 07:26 AM and Arunodaya is 05:50 AM. Ekadashi is present at sunrise and had begun before Arunodaya, so this is a valid Ekadashi sunrise. Ekadashi ends on 2026-09-22 12:13:00 PM EDT and does not remain through another sunrise. Ekadashi ends and Dwadashi begins on 2026-09-22 12:13:00 PM EDT. Dwadashi is present at Sooryodaya on 23-Sep-26 (Sooryodaya 07:27 AM). Dwadashi ends and Trayodashi begins on 2026-09-23 01:20:00 PM EDT. Therefore the Upavaasa is observed on 22-Sep-26. For Parana on 23-Sep-26, Sooryodaya is 07:27 AM, Pratah Kala ends at 09:52 AM, Dwadashi ends at 2026-09-23 01:20:00 PM EDT, and Hari Vasara ends at 2026-09-22 06:29:45 PM EDT. Hari Vasara ends before Sooryodaya, so there is no Hari-Vasara delay; Parana starts at Sooryodaya (07:27 AM). Pratah Kala ends at 09:52 AM, before Dwadashi ends; therefore Pratah Kala end is the limiting end time. Hence Parana is 07:27 AM to 09:52 AM.",2026-09-21:Dashami | 2026-09-22:Ekadashi | 2026-09-23:Dwadashi,2026-09-21:Uttara Ashadha | 2026-09-22:Shravana | 2026-09-23:Dhanishtha,2026-09-21 10:30:00 AM EDT,2026-09-22 12:13:00 PM EDT,2026-09-23 01:20:00 PM EDT,2026-09-22,07:26 AM,2026-09-22 05:50:00 AM EDT,2026-09-22,,2026-09-22:VALID (start 2026-09-21 10:30:00 AM EDT < Arunodaya 2026-09-22 05:50:00 AM EDT),2026-09-22,07:26 AM,2026-09-22 05:50:00 AM EDT,2026-09-23,Dhanishtha,2026-09-22 06:29:45 PM EDT,2026-09-21,2026-09-23,2026-09-21 | 2026-09-22 | 2026-09-23,0,COMPLETE,,,Normal Ekadashi,NORMAL,Ekadashi began before Arunodaya and has one valid Ekadashi sunrise. No two-day exception is triggered.,2026-09-22:VALID (start 2026-09-21 10:30:00 AM EDT < Arunodaya 2026-09-22 05:50:00 AM EDT),2026-09-22,,2026-09-23,DWADASHI,PRATAH,2026-09-23 07:27:00 AM EDT,2026-09-23 09:52:12 AM EDT,Hari Vasara ended before Parana-day sunrise; Parana is sunrise to Pratah end.
Chennai,Tamil Nadu,India,Asia/Kolkata,geoname:1264527,1264527,Parsva Ekadashi,2026-09-22,"Parsva Ekadashi - Chennai. Dashami ends and Ekadashi begins on 2026-09-21 08:00:00 PM IST. On 22-Sep-26, Sooryodaya is 05:58 AM and Arunodaya is 04:22 AM. Ekadashi is present at sunrise and had begun before Arunodaya, so this is a valid Ekadashi sunrise. Ekadashi ends on 2026-09-22 09:43:00 PM IST and does not remain through another sunrise. Ekadashi ends and Dwadashi begins on 2026-09-22 09:43:00 PM IST. Dwadashi is present at Sooryodaya on 23-Sep-26 (Sooryodaya 05:58 AM). Dwadashi ends and Trayodashi begins on 2026-09-23 10:50:00 PM IST. Therefore the Upavaasa is observed on 22-Sep-26 and 23-Sep-26. For Parana on 24-Sep-26, Sooryodaya is 05:58 AM, Pratah Kala ends at 08:23 AM, Dwadashi ends at 2026-09-23 10:50:00 PM IST, and Hari Vasara ends at 2026-09-23 03:59:45 AM IST. Because the Upavaasa itself was observed on Dwadashi, Hari Vasara is not used to delay the Parana start on the following morning. Dwadashi has already ended before Sooryodaya, so Parana starts at Sooryodaya (05:58 AM). Since Dwadashi is already over, the available morning limit is the end of Pratah Kala (08:23 AM). Hence Parana is 05:58 AM to 08:23 AM.",2026-09-21:Dashami | 2026-09-22:Ekadashi | 2026-09-23:Dwadashi | 2026-09-24:Trayodashi,2026-09-21:Uttara Ashadha | 2026-09-22:Uttara Ashadha | 2026-09-23:Shravana | 2026-09-24:Dhanishtha,2026-09-21 08:00:00 PM IST,2026-09-22 09:43:00 PM IST,2026-09-23 10:50:00 PM IST,2026-09-22,05:58 AM,2026-09-22 04:22:00 AM IST,2026-09-22,,2026-09-22:VALID (start 2026-09-21 08:00:00 PM IST < Arunodaya 2026-09-22 04:22:00 AM IST),2026-09-22,05:58 AM,2026-09-22 04:22:00 AM IST,2026-09-23,Shravana,2026-09-23 03:59:45 AM IST,2026-09-21,2026-09-24,2026-09-21 | 2026-09-22 | 2026-09-23 | 2026-09-24,0,COMPLETE,,,Shravanopavasa,SHRAVANOPAVASA,A valid Ekadashi sunrise is followed by Dwadashi sunrise with Shravana Nakshatra. Observe Upavaasa on both days.,2026-09-22:VALID (start 2026-09-21 08:00:00 PM IST < Arunodaya 2026-09-22 04:22:00 AM IST),2026-09-22,2026-09-23,2026-09-24,POST_DWADASHI_UPAVASA,POST_DWADASHI_FAST_DWADASHI_OVER_BEFORE_SUNRISE,2026-09-24 05:58:00 AM IST,2026-09-24 08:23:12 AM IST,Dwadashi ended before Parana-day sunrise; Parana is sunrise to Pratah end.
Thiruvananthapuram,Kerala,India,Asia/Kolkata,geoname:1254163,1254163,Parsva Ekadashi,2026-09-22,"Parsva Ekadashi - Thiruvananthapuram. Dashami ends and Ekadashi begins on 2026-09-21 08:00:00 PM IST. On 22-Sep-26, Sooryodaya is 06:11 AM and Arunodaya is 04:35 AM. Ekadashi is present at sunrise and had begun before Arunodaya, so this is a valid Ekadashi sunrise. Ekadashi ends on 2026-09-22 09:43:00 PM IST and does not remain through another sunrise. Ekadashi ends and Dwadashi begins on 2026-09-22 09:43:00 PM IST. Dwadashi is present at Sooryodaya on 23-Sep-26 (Sooryodaya 06:11 AM). Dwadashi ends and Trayodashi begins on 2026-09-23 10:50:00 PM IST. Therefore the Upavaasa is observed on 22-Sep-26 and 23-Sep-26. For Parana on 24-Sep-26, Sooryodaya is 06:11 AM, Pratah Kala ends at 08:36 AM, Dwadashi ends at 2026-09-23 10:50:00 PM IST, and Hari Vasara ends at 2026-09-23 03:59:45 AM IST. Because the Upavaasa itself was observed on Dwadashi, Hari Vasara is not used to delay the Parana start on the following morning. Dwadashi has already ended before Sooryodaya, so Parana starts at Sooryodaya (06:11 AM). Since Dwadashi is already over, the available morning limit is the end of Pratah Kala (08:36 AM). Hence Parana is 06:11 AM to 08:36 AM.",2026-09-21:Dashami | 2026-09-22:Ekadashi | 2026-09-23:Dwadashi | 2026-09-24:Trayodashi,2026-09-21:Uttara Ashadha | 2026-09-22:Uttara Ashadha | 2026-09-23:Shravana | 2026-09-24:Dhanishtha,2026-09-21 08:00:00 PM IST,2026-09-22 09:43:00 PM IST,2026-09-23 10:50:00 PM IST,2026-09-22,06:11 AM,2026-09-22 04:35:00 AM IST,2026-09-22,,2026-09-22:VALID (start 2026-09-21 08:00:00 PM IST < Arunodaya 2026-09-22 04:35:00 AM IST),2026-09-22,06:11 AM,2026-09-22 04:35:00 AM IST,2026-09-23,Shravana,2026-09-23 03:59:45 AM IST,2026-09-21,2026-09-24,2026-09-21 | 2026-09-22 | 2026-09-23 | 2026-09-24,0,COMPLETE,,,Shravanopavasa,SHRAVANOPAVASA,A valid Ekadashi sunrise is followed by Dwadashi sunrise with Shravana Nakshatra. Observe Upavaasa on both days.,2026-09-22:VALID (start 2026-09-21 08:00:00 PM IST < Arunodaya 2026-09-22 04:35:00 AM IST),2026-09-22,2026-09-23,2026-09-24,POST_DWADASHI_UPAVASA,POST_DWADASHI_FAST_DWADASHI_OVER_BEFORE_SUNRISE,2026-09-24 06:11:00 AM IST,2026-09-24 08:36:12 AM IST,Dwadashi ended before Parana-day sunrise; Parana is sunrise to Pratah end.
Mumbai,Maharashtra,India,Asia/Kolkata,geoname:1275339,1275339,Parsva Ekadashi,2026-09-22,"Parsva Ekadashi - Mumbai. Dashami ends and Ekadashi begins on 2026-09-21 08:00:00 PM IST. On 22-Sep-26, Sooryodaya is 06:27 AM and Arunodaya is 04:51 AM. Ekadashi is present at sunrise and had begun before Arunodaya, so this is a valid Ekadashi sunrise. Ekadashi ends on 2026-09-22 09:43:00 PM IST and does not remain through another sunrise. Ekadashi ends and Dwadashi begins on 2026-09-22 09:43:00 PM IST. Dwadashi is present at Sooryodaya on 23-Sep-26 (Sooryodaya 06:27 AM). Dwadashi ends and Trayodashi begins on 2026-09-23 10:50:00 PM IST. Therefore the Upavaasa is observed on 22-Sep-26 and 23-Sep-26. For Parana on 24-Sep-26, Sooryodaya is 06:28 AM, Pratah Kala ends at 08:53 AM, Dwadashi ends at 2026-09-23 10:50:00 PM IST, and Hari Vasara ends at 2026-09-23 03:59:45 AM IST. Because the Upavaasa itself was observed on Dwadashi, Hari Vasara is not used to delay the Parana start on the following morning. Dwadashi has already ended before Sooryodaya, so Parana starts at Sooryodaya (06:28 AM). Since Dwadashi is already over, the available morning limit is the end of Pratah Kala (08:53 AM). Hence Parana is 06:28 AM to 08:53 AM.",2026-09-21:Dashami | 2026-09-22:Ekadashi | 2026-09-23:Dwadashi | 2026-09-24:Trayodashi,2026-09-21:Uttara Ashadha | 2026-09-22:Uttara Ashadha | 2026-09-23:Shravana | 2026-09-24:Dhanishtha,2026-09-21 08:00:00 PM IST,2026-09-22 09:43:00 PM IST,2026-09-23 10:50:00 PM IST,2026-09-22,06:27 AM,2026-09-22 04:51:00 AM IST,2026-09-22,,2026-09-22:VALID (start 2026-09-21 08:00:00 PM IST < Arunodaya 2026-09-22 04:51:00 AM IST),2026-09-22,06:27 AM,2026-09-22 04:51:00 AM IST,2026-09-23,Shravana,2026-09-23 03:59:45 AM IST,2026-09-21,2026-09-24,2026-09-21 | 2026-09-22 | 2026-09-23 | 2026-09-24,0,COMPLETE,,,Shravanopavasa,SHRAVANOPAVASA,A valid Ekadashi sunrise is followed by Dwadashi sunrise with Shravana Nakshatra. Observe Upavaasa on both days.,2026-09-22:VALID (start 2026-09-21 08:00:00 PM IST < Arunodaya 2026-09-22 04:51:00 AM IST),2026-09-22,2026-09-23,2026-09-24,POST_DWADASHI_UPAVASA,POST_DWADASHI_FAST_DWADASHI_OVER_BEFORE_SUNRISE,2026-09-24 06:28:00 AM IST,2026-09-24 08:53:00 AM IST,Dwadashi ended before Parana-day sunrise; Parana is sunrise to Pratah end.
Kolkata,West Bengal,India,Asia/Kolkata,geoname:1275004,1275004,Parsva Ekadashi,2026-09-22,"Parsva Ekadashi - Kolkata. Dashami ends and Ekadashi begins on 2026-09-21 08:00:00 PM IST. On 22-Sep-26, Sooryodaya is 05:25 AM and Arunodaya is 03:49 AM. Ekadashi is present at sunrise and had begun before Arunodaya, so this is a valid Ekadashi sunrise. Ekadashi ends on 2026-09-22 09:43:00 PM IST and does not remain through another sunrise. Ekadashi ends and Dwadashi begins on 2026-09-22 09:43:00 PM IST. Dwadashi is present at Sooryodaya on 23-Sep-26 (Sooryodaya 05:25 AM). Dwadashi ends and Trayodashi begins on 2026-09-23 10:50:00 PM IST. Therefore the Upavaasa is observed on 22-Sep-26 and 23-Sep-26. For Parana on 24-Sep-26, Sooryodaya is 05:26 AM, Pratah Kala ends at 07:51 AM, Dwadashi ends at 2026-09-23 10:50:00 PM IST, and Hari Vasara ends at 2026-09-23 03:59:45 AM IST. Because the Upavaasa itself was observed on Dwadashi, Hari Vasara is not used to delay the Parana start on the following morning. Dwadashi has already ended before Sooryodaya, so Parana starts at Sooryodaya (05:26 AM). Since Dwadashi is already over, the available morning limit is the end of Pratah Kala (07:51 AM). Hence Parana is 05:26 AM to 07:51 AM.",2026-09-21:Dashami | 2026-09-22:Ekadashi | 2026-09-23:Dwadashi | 2026-09-24:Trayodashi,2026-09-21:Uttara Ashadha | 2026-09-22:Uttara Ashadha | 2026-09-23:Shravana | 2026-09-24:Dhanishtha,2026-09-21 08:00:00 PM IST,2026-09-22 09:43:00 PM IST,2026-09-23 10:50:00 PM IST,2026-09-22,05:25 AM,2026-09-22 03:49:00 AM IST,2026-09-22,,2026-09-22:VALID (start 2026-09-21 08:00:00 PM IST < Arunodaya 2026-09-22 03:49:00 AM IST),2026-09-22,05:25 AM,2026-09-22 03:49:00 AM IST,2026-09-23,Shravana,2026-09-23 03:59:45 AM IST,2026-09-21,2026-09-24,2026-09-21 | 2026-09-22 | 2026-09-23 | 2026-09-24,0,COMPLETE,,,Shravanopavasa,SHRAVANOPAVASA,A valid Ekadashi sunrise is followed by Dwadashi sunrise with Shravana Nakshatra. Observe Upavaasa on both days.,2026-09-22:VALID (start 2026-09-21 08:00:00 PM IST < Arunodaya 2026-09-22 03:49:00 AM IST),2026-09-22,2026-09-23,2026-09-24,POST_DWADASHI_UPAVASA,POST_DWADASHI_FAST_DWADASHI_OVER_BEFORE_SUNRISE,2026-09-24 05:26:00 AM IST,2026-09-24 07:51:00 AM IST,Dwadashi ended before Parana-day sunrise; Parana is sunrise to Pratah end.
Bhubaneswar,Odisha,India,Asia/Kolkata,geoname:1275817,1275817,Parsva Ekadashi,2026-09-22,"Parsva Ekadashi - Bhubaneswar. Dashami ends and Ekadashi begins on 2026-09-21 08:00:00 PM IST. On 22-Sep-26, Sooryodaya is 05:35 AM and Arunodaya is 03:59 AM. Ekadashi is present at sunrise and had begun before Arunodaya, so this is a valid Ekadashi sunrise. Ekadashi ends on 2026-09-22 09:43:00 PM IST and does not remain through another sunrise. Ekadashi ends and Dwadashi begins on 2026-09-22 09:43:00 PM IST. Dwadashi is present at Sooryodaya on 23-Sep-26 (Sooryodaya 05:36 AM). Dwadashi ends and Trayodashi begins on 2026-09-23 10:50:00 PM IST. Therefore the Upavaasa is observed on 22-Sep-26 and 23-Sep-26. For Parana on 24-Sep-26, Sooryodaya is 05:36 AM, Pratah Kala ends at 08:01 AM, Dwadashi ends at 2026-09-23 10:50:00 PM IST, and Hari Vasara ends at 2026-09-23 03:59:45 AM IST. Because the Upavaasa itself was observed on Dwadashi, Hari Vasara is not used to delay the Parana start on the following morning. Dwadashi has already ended before Sooryodaya, so Parana starts at Sooryodaya (05:36 AM). Since Dwadashi is already over, the available morning limit is the end of Pratah Kala (08:01 AM). Hence Parana is 05:36 AM to 08:01 AM.",2026-09-21:Dashami | 2026-09-22:Ekadashi | 2026-09-23:Dwadashi | 2026-09-24:Trayodashi,2026-09-21:Uttara Ashadha | 2026-09-22:Uttara Ashadha | 2026-09-23:Shravana | 2026-09-24:Dhanishtha,2026-09-21 08:00:00 PM IST,2026-09-22 09:43:00 PM IST,2026-09-23 10:50:00 PM IST,2026-09-22,05:35 AM,2026-09-22 03:59:00 AM IST,2026-09-22,,2026-09-22:VALID (start 2026-09-21 08:00:00 PM IST < Arunodaya 2026-09-22 03:59:00 AM IST),2026-09-22,05:35 AM,2026-09-22 03:59:00 AM IST,2026-09-23,Shravana,2026-09-23 03:59:45 AM IST,2026-09-21,2026-09-24,2026-09-21 | 2026-09-22 | 2026-09-23 | 2026-09-24,0,COMPLETE,,,Shravanopavasa,SHRAVANOPAVASA,A valid Ekadashi sunrise is followed by Dwadashi sunrise with Shravana Nakshatra. Observe Upavaasa on both days.,2026-09-22:VALID (start 2026-09-21 08:00:00 PM IST < Arunodaya 2026-09-22 03:59:00 AM IST),2026-09-22,2026-09-23,2026-09-24,POST_DWADASHI_UPAVASA,POST_DWADASHI_FAST_DWADASHI_OVER_BEFORE_SUNRISE,2026-09-24 05:36:00 AM IST,2026-09-24 08:01:00 AM IST,Dwadashi ended before Parana-day sunrise; Parana is sunrise to Pratah end.
Tirupati,Andhra Pradesh,India,Asia/Kolkata,geoname:1254360,1254360,Parsva Ekadashi,2026-09-22,"Parsva Ekadashi - Tirupati. Dashami ends and Ekadashi begins on 2026-09-21 08:00:00 PM IST. On 22-Sep-26, Sooryodaya is 06:01 AM and Arunodaya is 04:25 AM. Ekadashi is present at sunrise and had begun before Arunodaya, so this is a valid Ekadashi sunrise. Ekadashi ends on 2026-09-22 09:43:00 PM IST and does not remain through another sunrise. Ekadashi ends and Dwadashi begins on 2026-09-22 09:43:00 PM IST. Dwadashi is present at Sooryodaya on 23-Sep-26 (Sooryodaya 06:01 AM). Dwadashi ends and Trayodashi begins on 2026-09-23 10:50:00 PM IST. Therefore the Upavaasa is observed on 22-Sep-26 and 23-Sep-26. For Parana on 24-Sep-26, Sooryodaya is 06:01 AM, Pratah Kala ends at 08:26 AM, Dwadashi ends at 2026-09-23 10:50:00 PM IST, and Hari Vasara ends at 2026-09-23 03:59:45 AM IST. Because the Upavaasa itself was observed on Dwadashi, Hari Vasara is not used to delay the Parana start on the following morning. Dwadashi has already ended before Sooryodaya, so Parana starts at Sooryodaya (06:01 AM). Since Dwadashi is already over, the available morning limit is the end of Pratah Kala (08:26 AM). Hence Parana is 06:01 AM to 08:26 AM.",2026-09-21:Dashami | 2026-09-22:Ekadashi | 2026-09-23:Dwadashi | 2026-09-24:Trayodashi,2026-09-21:Uttara Ashadha | 2026-09-22:Uttara Ashadha | 2026-09-23:Shravana | 2026-09-24:Dhanishtha,2026-09-21 08:00:00 PM IST,2026-09-22 09:43:00 PM IST,2026-09-23 10:50:00 PM IST,2026-09-22,06:01 AM,2026-09-22 04:25:00 AM IST,2026-09-22,,2026-09-22:VALID (start 2026-09-21 08:00:00 PM IST < Arunodaya 2026-09-22 04:25:00 AM IST),2026-09-22,06:01 AM,2026-09-22 04:25:00 AM IST,2026-09-23,Shravana,2026-09-23 03:59:45 AM IST,2026-09-21,2026-09-24,2026-09-21 | 2026-09-22 | 2026-09-23 | 2026-09-24,0,COMPLETE,,,Shravanopavasa,SHRAVANOPAVASA,A valid Ekadashi sunrise is followed by Dwadashi sunrise with Shravana Nakshatra. Observe Upavaasa on both days.,2026-09-22:VALID (start 2026-09-21 08:00:00 PM IST < Arunodaya 2026-09-22 04:25:00 AM IST),2026-09-22,2026-09-23,2026-09-24,POST_DWADASHI_UPAVASA,POST_DWADASHI_FAST_DWADASHI_OVER_BEFORE_SUNRISE,2026-09-24 06:01:00 AM IST,2026-09-24 08:26:12 AM IST,Dwadashi ended before Parana-day sunrise; Parana is sunrise to Pratah end.
Bhopal,Madhya Pradesh,India,Asia/Kolkata,geoname:1275841,1275841,Parsva Ekadashi,2026-09-22,"Parsva Ekadashi - Bhopal. Dashami ends and Ekadashi begins on 2026-09-21 08:00:00 PM IST. On 22-Sep-26, Sooryodaya is 06:09 AM and Arunodaya is 04:33 AM. Ekadashi is present at sunrise and had begun before Arunodaya, so this is a valid Ekadashi sunrise. Ekadashi ends on 2026-09-22 09:43:00 PM IST and does not remain through another sunrise. Ekadashi ends and Dwadashi begins on 2026-09-22 09:43:00 PM IST. Dwadashi is present at Sooryodaya on 23-Sep-26 (Sooryodaya 06:09 AM). Dwadashi ends and Trayodashi begins on 2026-09-23 10:50:00 PM IST. Therefore the Upavaasa is observed on 22-Sep-26 and 23-Sep-26. For Parana on 24-Sep-26, Sooryodaya is 06:10 AM, Pratah Kala ends at 08:35 AM, Dwadashi ends at 2026-09-23 10:50:00 PM IST, and Hari Vasara ends at 2026-09-23 03:59:45 AM IST. Because the Upavaasa itself was observed on Dwadashi, Hari Vasara is not used to delay the Parana start on the following morning. Dwadashi has already ended before Sooryodaya, so Parana starts at Sooryodaya (06:10 AM). Since Dwadashi is already over, the available morning limit is the end of Pratah Kala (08:35 AM). Hence Parana is 06:10 AM to 08:35 AM.",2026-09-21:Dashami | 2026-09-22:Ekadashi | 2026-09-23:Dwadashi | 2026-09-24:Trayodashi,2026-09-21:Uttara Ashadha | 2026-09-22:Uttara Ashadha | 2026-09-23:Shravana | 2026-09-24:Dhanishtha,2026-09-21 08:00:00 PM IST,2026-09-22 09:43:00 PM IST,2026-09-23 10:50:00 PM IST,2026-09-22,06:09 AM,2026-09-22 04:33:00 AM IST,2026-09-22,,2026-09-22:VALID (start 2026-09-21 08:00:00 PM IST < Arunodaya 2026-09-22 04:33:00 AM IST),2026-09-22,06:09 AM,2026-09-22 04:33:00 AM IST,2026-09-23,Shravana,2026-09-23 03:59:45 AM IST,2026-09-21,2026-09-24,2026-09-21 | 2026-09-22 | 2026-09-23 | 2026-09-24,0,COMPLETE,,,Shravanopavasa,SHRAVANOPAVASA,A valid Ekadashi sunrise is followed by Dwadashi sunrise with Shravana Nakshatra. Observe Upavaasa on both days.,2026-09-22:VALID (start 2026-09-21 08:00:00 PM IST < Arunodaya 2026-09-22 04:33:00 AM IST),2026-09-22,2026-09-23,2026-09-24,POST_DWADASHI_UPAVASA,POST_DWADASHI_FAST_DWADASHI_OVER_BEFORE_SUNRISE,2026-09-24 06:10:00 AM IST,2026-09-24 08:35:00 AM IST,Dwadashi ended before Parana-day sunrise; Parana is sunrise to Pratah end.
Varanasi,Uttar Pradesh,India,Asia/Kolkata,geoname:1253405,1253405,Parsva Ekadashi,2026-09-22,"Parsva Ekadashi - Varanasi. Dashami ends and Ekadashi begins on 2026-09-21 08:00:00 PM IST. On 22-Sep-26, Sooryodaya is 05:46 AM and Arunodaya is 04:10 AM. Ekadashi is present at sunrise and had begun before Arunodaya, so this is a valid Ekadashi sunrise. Ekadashi ends on 2026-09-22 09:43:00 PM IST and does not remain through another sunrise. Ekadashi ends and Dwadashi begins on 2026-09-22 09:43:00 PM IST. Dwadashi is present at Sooryodaya on 23-Sep-26 (Sooryodaya 05:47 AM). Dwadashi ends and Trayodashi begins on 2026-09-23 10:50:00 PM IST. Therefore the Upavaasa is observed on 22-Sep-26 and 23-Sep-26. For Parana on 24-Sep-26, Sooryodaya is 05:47 AM, Pratah Kala ends at 08:12 AM, Dwadashi ends at 2026-09-23 10:50:00 PM IST, and Hari Vasara ends at 2026-09-23 03:59:45 AM IST. Because the Upavaasa itself was observed on Dwadashi, Hari Vasara is not used to delay the Parana start on the following morning. Dwadashi has already ended before Sooryodaya, so Parana starts at Sooryodaya (05:47 AM). Since Dwadashi is already over, the available morning limit is the end of Pratah Kala (08:12 AM). Hence Parana is 05:47 AM to 08:12 AM.",2026-09-21:Dashami | 2026-09-22:Ekadashi | 2026-09-23:Dwadashi | 2026-09-24:Trayodashi,2026-09-21:Uttara Ashadha | 2026-09-22:Uttara Ashadha | 2026-09-23:Shravana | 2026-09-24:Dhanishtha,2026-09-21 08:00:00 PM IST,2026-09-22 09:43:00 PM IST,2026-09-23 10:50:00 PM IST,2026-09-22,05:46 AM,2026-09-22 04:10:00 AM IST,2026-09-22,,2026-09-22:VALID (start 2026-09-21 08:00:00 PM IST < Arunodaya 2026-09-22 04:10:00 AM IST),2026-09-22,05:46 AM,2026-09-22 04:10:00 AM IST,2026-09-23,Shravana,2026-09-23 03:59:45 AM IST,2026-09-21,2026-09-24,2026-09-21 | 2026-09-22 | 2026-09-23 | 2026-09-24,0,COMPLETE,,,Shravanopavasa,SHRAVANOPAVASA,A valid Ekadashi sunrise is followed by Dwadashi sunrise with Shravana Nakshatra. Observe Upavaasa on both days.,2026-09-22:VALID (start 2026-09-21 08:00:00 PM IST < Arunodaya 2026-09-22 04:10:00 AM IST),2026-09-22,2026-09-23,2026-09-24,POST_DWADASHI_UPAVASA,POST_DWADASHI_FAST_DWADASHI_OVER_BEFORE_SUNRISE,2026-09-24 05:47:00 AM IST,2026-09-24 08:12:00 AM IST,Dwadashi ended before Parana-day sunrise; Parana is sunrise to Pratah end.
Prayagraj,Uttar Pradesh,India,Asia/Kolkata,geoname:1278994,1278994,Parsva Ekadashi,2026-09-22,"Parsva Ekadashi - Prayagraj. Dashami ends and Ekadashi begins on 2026-09-21 08:00:00 PM IST. On 22-Sep-26, Sooryodaya is 05:51 AM and Arunodaya is 04:15 AM. Ekadashi is present at sunrise and had begun before Arunodaya, so this is a valid Ekadashi sunrise. Ekadashi ends on 2026-09-22 09:43:00 PM IST and does not remain through another sunrise. Ekadashi ends and Dwadashi begins on 2026-09-22 09:43:00 PM IST. Dwadashi is present at Sooryodaya on 23-Sep-26 (Sooryodaya 05:51 AM). Dwadashi ends and Trayodashi begins on 2026-09-23 10:50:00 PM IST. Therefore the Upavaasa is observed on 22-Sep-26 and 23-Sep-26. For Parana on 24-Sep-26, Sooryodaya is 05:52 AM, Pratah Kala ends at 08:17 AM, Dwadashi ends at 2026-09-23 10:50:00 PM IST, and Hari Vasara ends at 2026-09-23 03:59:45 AM IST. Because the Upavaasa itself was observed on Dwadashi, Hari Vasara is not used to delay the Parana start on the following morning. Dwadashi has already ended before Sooryodaya, so Parana starts at Sooryodaya (05:52 AM). Since Dwadashi is already over, the available morning limit is the end of Pratah Kala (08:17 AM). Hence Parana is 05:52 AM to 08:17 AM.",2026-09-21:Dashami | 2026-09-22:Ekadashi | 2026-09-23:Dwadashi | 2026-09-24:Trayodashi,2026-09-21:Uttara Ashadha | 2026-09-22:Uttara Ashadha | 2026-09-23:Shravana | 2026-09-24:Dhanishtha,2026-09-21 08:00:00 PM IST,2026-09-22 09:43:00 PM IST,2026-09-23 10:50:00 PM IST,2026-09-22,05:51 AM,2026-09-22 04:15:00 AM IST,2026-09-22,,2026-09-22:VALID (start 2026-09-21 08:00:00 PM IST < Arunodaya 2026-09-22 04:15:00 AM IST),2026-09-22,05:51 AM,2026-09-22 04:15:00 AM IST,2026-09-23,Shravana,2026-09-23 03:59:45 AM IST,2026-09-21,2026-09-24,2026-09-21 | 2026-09-22 | 2026-09-23 | 2026-09-24,0,COMPLETE,,,Shravanopavasa,SHRAVANOPAVASA,A valid Ekadashi sunrise is followed by Dwadashi sunrise with Shravana Nakshatra. Observe Upavaasa on both days.,2026-09-22:VALID (start 2026-09-21 08:00:00 PM IST < Arunodaya 2026-09-22 04:15:00 AM IST),2026-09-22,2026-09-23,2026-09-24,POST_DWADASHI_UPAVASA,POST_DWADASHI_FAST_DWADASHI_OVER_BEFORE_SUNRISE,2026-09-24 05:52:00 AM IST,2026-09-24 08:17:00 AM IST,Dwadashi ended before Parana-day sunrise; Parana is sunrise to Pratah end.
Lucknow,Uttar Pradesh,India,Asia/Kolkata,geoname:1264733,1264733,Parsva Ekadashi,2026-09-22,"Parsva Ekadashi - Lucknow. Dashami ends and Ekadashi begins on 2026-09-21 08:00:00 PM IST. On 22-Sep-26, Sooryodaya is 05:55 AM and Arunodaya is 04:19 AM. Ekadashi is present at sunrise and had begun before Arunodaya, so this is a valid Ekadashi sunrise. Ekadashi ends on 2026-09-22 09:43:00 PM IST and does not remain through another sunrise. Ekadashi ends and Dwadashi begins on 2026-09-22 09:43:00 PM IST. Dwadashi is present at Sooryodaya on 23-Sep-26 (Sooryodaya 05:55 AM). Dwadashi ends and Trayodashi begins on 2026-09-23 10:50:00 PM IST. Therefore the Upavaasa is observed on 22-Sep-26 and 23-Sep-26. For Parana on 24-Sep-26, Sooryodaya is 05:55 AM, Pratah Kala ends at 08:20 AM, Dwadashi ends at 2026-09-23 10:50:00 PM IST, and Hari Vasara ends at 2026-09-23 03:59:45 AM IST. Because the Upavaasa itself was observed on Dwadashi, Hari Vasara is not used to delay the Parana start on the following morning. Dwadashi has already ended before Sooryodaya, so Parana starts at Sooryodaya (05:55 AM). Since Dwadashi is already over, the available morning limit is the end of Pratah Kala (08:20 AM). Hence Parana is 05:55 AM to 08:20 AM.",2026-09-21:Dashami | 2026-09-22:Ekadashi | 2026-09-23:Dwadashi | 2026-09-24:Trayodashi,2026-09-21:Uttara Ashadha | 2026-09-22:Uttara Ashadha | 2026-09-23:Shravana | 2026-09-24:Dhanishtha,2026-09-21 08:00:00 PM IST,2026-09-22 09:43:00 PM IST,2026-09-23 10:50:00 PM IST,2026-09-22,05:55 AM,2026-09-22 04:19:00 AM IST,2026-09-22,,2026-09-22:VALID (start 2026-09-21 08:00:00 PM IST < Arunodaya 2026-09-22 04:19:00 AM IST),2026-09-22,05:55 AM,2026-09-22 04:19:00 AM IST,2026-09-23,Shravana,2026-09-23 03:59:45 AM IST,2026-09-21,2026-09-24,2026-09-21 | 2026-09-22 | 2026-09-23 | 2026-09-24,0,COMPLETE,,,Shravanopavasa,SHRAVANOPAVASA,A valid Ekadashi sunrise is followed by Dwadashi sunrise with Shravana Nakshatra. Observe Upavaasa on both days.,2026-09-22:VALID (start 2026-09-21 08:00:00 PM IST < Arunodaya 2026-09-22 04:19:00 AM IST),2026-09-22,2026-09-23,2026-09-24,POST_DWADASHI_UPAVASA,POST_DWADASHI_FAST_DWADASHI_OVER_BEFORE_SUNRISE,2026-09-24 05:55:00 AM IST,2026-09-24 08:20:12 AM IST,Dwadashi ended before Parana-day sunrise; Parana is sunrise to Pratah end.
Srinagar,Jammu and Kashmir,India,Asia/Kolkata,geoname:1255634,1255634,Parsva Ekadashi,2026-09-22,"Parsva Ekadashi - Srinagar. Dashami ends and Ekadashi begins on 2026-09-21 08:00:00 PM IST. On 22-Sep-26, Sooryodaya is 06:19 AM and Arunodaya is 04:43 AM. Ekadashi is present at sunrise and had begun before Arunodaya, so this is a valid Ekadashi sunrise. Ekadashi ends on 2026-09-22 09:43:00 PM IST and does not remain through another sunrise. Ekadashi ends and Dwadashi begins on 2026-09-22 09:43:00 PM IST. Dwadashi is present at Sooryodaya on 23-Sep-26 (Sooryodaya 06:19 AM). Dwadashi ends and Trayodashi begins on 2026-09-23 10:50:00 PM IST. Therefore the Upavaasa is observed on 22-Sep-26 and 23-Sep-26. For Parana on 24-Sep-26, Sooryodaya is 06:20 AM, Pratah Kala ends at 08:45 AM, Dwadashi ends at 2026-09-23 10:50:00 PM IST, and Hari Vasara ends at 2026-09-23 03:59:45 AM IST. Because the Upavaasa itself was observed on Dwadashi, Hari Vasara is not used to delay the Parana start on the following morning. Dwadashi has already ended before Sooryodaya, so Parana starts at Sooryodaya (06:20 AM). Since Dwadashi is already over, the available morning limit is the end of Pratah Kala (08:45 AM). Hence Parana is 06:20 AM to 08:45 AM.",2026-09-21:Dashami | 2026-09-22:Ekadashi | 2026-09-23:Dwadashi | 2026-09-24:Trayodashi,2026-09-21:Uttara Ashadha | 2026-09-22:Uttara Ashadha | 2026-09-23:Shravana | 2026-09-24:Dhanishtha,2026-09-21 08:00:00 PM IST,2026-09-22 09:43:00 PM IST,2026-09-23 10:50:00 PM IST,2026-09-22,06:19 AM,2026-09-22 04:43:00 AM IST,2026-09-22,,2026-09-22:VALID (start 2026-09-21 08:00:00 PM IST < Arunodaya 2026-09-22 04:43:00 AM IST),2026-09-22,06:19 AM,2026-09-22 04:43:00 AM IST,2026-09-23,Shravana,2026-09-23 03:59:45 AM IST,2026-09-21,2026-09-24,2026-09-21 | 2026-09-22 | 2026-09-23 | 2026-09-24,0,COMPLETE,,,Shravanopavasa,SHRAVANOPAVASA,A valid Ekadashi sunrise is followed by Dwadashi sunrise with Shravana Nakshatra. Observe Upavaasa on both days.,2026-09-22:VALID (start 2026-09-21 08:00:00 PM IST < Arunodaya 2026-09-22 04:43:00 AM IST),2026-09-22,2026-09-23,2026-09-24,POST_DWADASHI_UPAVASA,POST_DWADASHI_FAST_DWADASHI_OVER_BEFORE_SUNRISE,2026-09-24 06:20:00 AM IST,2026-09-24 08:45:00 AM IST,Dwadashi ended before Parana-day sunrise; Parana is sunrise to Pratah end.
Brisbane,Queensland,Australia,Australia/Brisbane,geoname:2174003,2174003,Parsva Ekadashi,2026-09-22,"Parsva Ekadashi - Brisbane. Dashami ends and Ekadashi begins on 2026-09-22 12:30:00 AM AEST. On 22-Sep-26, Sooryodaya is 05:38 AM and Arunodaya is 04:02 AM. Ekadashi is present at sunrise and had begun before Arunodaya, so this is a valid Ekadashi sunrise. Ekadashi ends on 2026-09-23 02:13:00 AM AEST and does not remain through another sunrise. Ekadashi ends and Dwadashi begins on 2026-09-23 02:13:00 AM AEST. Dwadashi is present at Sooryodaya on 23-Sep-26 (Sooryodaya 05:37 AM). Dwadashi ends and Trayodashi begins on 2026-09-24 03:20:00 AM AEST. Therefore the Upavaasa is observed on 22-Sep-26 and 23-Sep-26. For Parana on 24-Sep-26, Sooryodaya is 05:36 AM, Pratah Kala ends at 08:02 AM, Dwadashi ends at 2026-09-24 03:20:00 AM AEST, and Hari Vasara ends at 2026-09-23 08:29:45 AM AEST. Because the Upavaasa itself was observed on Dwadashi, Hari Vasara is not used to delay the Parana start on the following morning. Dwadashi has already ended before Sooryodaya, so Parana starts at Sooryodaya (05:36 AM). Since Dwadashi is already over, the available morning limit is the end of Pratah Kala (08:02 AM). Hence Parana is 05:36 AM to 08:02 AM.",2026-09-21:Dashami | 2026-09-22:Ekadashi | 2026-09-23:Dwadashi | 2026-09-24:Trayodashi,2026-09-21:Purva Ashadha | 2026-09-22:Uttara Ashadha | 2026-09-23:Shravana | 2026-09-24:Dhanishtha,2026-09-22 12:30:00 AM AEST,2026-09-23 02:13:00 AM AEST,2026-09-24 03:20:00 AM AEST,2026-09-22,05:38 AM,2026-09-22 04:02:00 AM AEST,2026-09-22,,2026-09-22:VALID (start 2026-09-22 12:30:00 AM AEST < Arunodaya 2026-09-22 04:02:00 AM AEST),2026-09-22,05:38 AM,2026-09-22 04:02:00 AM AEST,2026-09-23,Shravana,2026-09-23 08:29:45 AM AEST,2026-09-21,2026-09-24,2026-09-21 | 2026-09-22 | 2026-09-23 | 2026-09-24,0,COMPLETE,,,Shravanopavasa,SHRAVANOPAVASA,A valid Ekadashi sunrise is followed by Dwadashi sunrise with Shravana Nakshatra. Observe Upavaasa on both days.,2026-09-22:VALID (start 2026-09-22 12:30:00 AM AEST < Arunodaya 2026-09-22 04:02:00 AM AEST),2026-09-22,2026-09-23,2026-09-24,POST_DWADASHI_UPAVASA,POST_DWADASHI_FAST_DWADASHI_OVER_BEFORE_SUNRISE,2026-09-24 05:36:00 AM AEST,2026-09-24 08:01:48 AM AEST,Dwadashi ended before Parana-day sunrise; Parana is sunrise to Pratah end.
Melbourne,Victoria,Australia,Australia/Melbourne,geoname:2158177,2158177,Parsva Ekadashi,2026-09-22,"Parsva Ekadashi - Melbourne. Dashami ends and Ekadashi begins on 2026-09-22 12:30:00 AM AEST. On 22-Sep-26, Sooryodaya is 06:10 AM and Arunodaya is 04:34 AM. Ekadashi is present at sunrise and had begun before Arunodaya, so this is a valid Ekadashi sunrise. Ekadashi ends on 2026-09-23 02:13:00 AM AEST and does not remain through another sunrise. Ekadashi ends and Dwadashi begins on 2026-09-23 02:13:00 AM AEST. Dwadashi is present at Sooryodaya on 23-Sep-26 (Sooryodaya 06:09 AM). Dwadashi ends and Trayodashi begins on 2026-09-24 03:20:00 AM AEST. Therefore the Upavaasa is observed on 22-Sep-26 and 23-Sep-26. For Parana on 24-Sep-26, Sooryodaya is 06:07 AM, Pratah Kala ends at 08:33 AM, Dwadashi ends at 2026-09-24 03:20:00 AM AEST, and Hari Vasara ends at 2026-09-23 08:29:45 AM AEST. Because the Upavaasa itself was observed on Dwadashi, Hari Vasara is not used to delay the Parana start on the following morning. Dwadashi has already ended before Sooryodaya, so Parana starts at Sooryodaya (06:07 AM). Since Dwadashi is already over, the available morning limit is the end of Pratah Kala (08:33 AM). Hence Parana is 06:07 AM to 08:33 AM.",2026-09-21:Dashami | 2026-09-22:Ekadashi | 2026-09-23:Dwadashi | 2026-09-24:Trayodashi,2026-09-21:Purva Ashadha | 2026-09-22:Uttara Ashadha | 2026-09-23:Shravana | 2026-09-24:Dhanishtha,2026-09-22 12:30:00 AM AEST,2026-09-23 02:13:00 AM AEST,2026-09-24 03:20:00 AM AEST,2026-09-22,06:10 AM,2026-09-22 04:34:00 AM AEST,2026-09-22,,2026-09-22:VALID (start 2026-09-22 12:30:00 AM AEST < Arunodaya 2026-09-22 04:34:00 AM AEST),2026-09-22,06:10 AM,2026-09-22 04:34:00 AM AEST,2026-09-23,Shravana,2026-09-23 08:29:45 AM AEST,2026-09-21,2026-09-24,2026-09-21 | 2026-09-22 | 2026-09-23 | 2026-09-24,0,COMPLETE,,,Shravanopavasa,SHRAVANOPAVASA,A valid Ekadashi sunrise is followed by Dwadashi sunrise with Shravana Nakshatra. Observe Upavaasa on both days.,2026-09-22:VALID (start 2026-09-22 12:30:00 AM AEST < Arunodaya 2026-09-22 04:34:00 AM AEST),2026-09-22,2026-09-23,2026-09-24,POST_DWADASHI_UPAVASA,POST_DWADASHI_FAST_DWADASHI_OVER_BEFORE_SUNRISE,2026-09-24 06:07:00 AM AEST,2026-09-24 08:33:12 AM AEST,Dwadashi ended before Parana-day sunrise; Parana is sunrise to Pratah end.
Adelaide,South Australia,Australia,Australia/Adelaide,geoname:2078025,2078025,Parsva Ekadashi,2026-09-22,"Parsva Ekadashi - Adelaide. Dashami ends and Ekadashi begins on 2026-09-22 12:00:00 AM ACST. On 22-Sep-26, Sooryodaya is 06:06 AM and Arunodaya is 04:30 AM. Ekadashi is present at sunrise and had begun before Arunodaya, so this is a valid Ekadashi sunrise. Ekadashi ends on 2026-09-23 01:43:00 AM ACST and does not remain through another sunrise. Ekadashi ends and Dwadashi begins on 2026-09-23 01:43:00 AM ACST. Dwadashi is present at Sooryodaya on 23-Sep-26 (Sooryodaya 06:04 AM). Dwadashi ends and Trayodashi begins on 2026-09-24 02:50:00 AM ACST. Therefore the Upavaasa is observed on 22-Sep-26 and 23-Sep-26. For Parana on 24-Sep-26, Sooryodaya is 06:03 AM, Pratah Kala ends at 08:29 AM, Dwadashi ends at 2026-09-24 02:50:00 AM ACST, and Hari Vasara ends at 2026-09-23 07:59:45 AM ACST. Because the Upavaasa itself was observed on Dwadashi, Hari Vasara is not used to delay the Parana start on the following morning. Dwadashi has already ended before Sooryodaya, so Parana starts at Sooryodaya (06:03 AM). Since Dwadashi is already over, the available morning limit is the end of Pratah Kala (08:29 AM). Hence Parana is 06:03 AM to 08:29 AM.",2026-09-21:Dashami | 2026-09-22:Ekadashi | 2026-09-23:Dwadashi | 2026-09-24:Trayodashi,2026-09-21:Purva Ashadha | 2026-09-22:Uttara Ashadha | 2026-09-23:Shravana | 2026-09-24:Dhanishtha,2026-09-22 12:00:00 AM ACST,2026-09-23 01:43:00 AM ACST,2026-09-24 02:50:00 AM ACST,2026-09-22,06:06 AM,2026-09-22 04:30:00 AM ACST,2026-09-22,,2026-09-22:VALID (start 2026-09-22 12:00:00 AM ACST < Arunodaya 2026-09-22 04:30:00 AM ACST),2026-09-22,06:06 AM,2026-09-22 04:30:00 AM ACST,2026-09-23,Shravana,2026-09-23 07:59:45 AM ACST,2026-09-21,2026-09-24,2026-09-21 | 2026-09-22 | 2026-09-23 | 2026-09-24,0,COMPLETE,,,Shravanopavasa,SHRAVANOPAVASA,A valid Ekadashi sunrise is followed by Dwadashi sunrise with Shravana Nakshatra. Observe Upavaasa on both days.,2026-09-22:VALID (start 2026-09-22 12:00:00 AM ACST < Arunodaya 2026-09-22 04:30:00 AM ACST),2026-09-22,2026-09-23,2026-09-24,POST_DWADASHI_UPAVASA,POST_DWADASHI_FAST_DWADASHI_OVER_BEFORE_SUNRISE,2026-09-24 06:03:00 AM ACST,2026-09-24 08:29:00 AM ACST,Dwadashi ended before Parana-day sunrise; Parana is sunrise to Pratah end.
Perth,Western Australia,Australia,Australia/Perth,geoname:2063523,2063523,Parsva Ekadashi,2026-09-22,"Parsva Ekadashi - Perth. Dashami ends and Ekadashi begins on 2026-09-21 10:30:00 PM AWST. On 22-Sep-26, Sooryodaya is 06:07 AM and Arunodaya is 04:31 AM. Ekadashi is present at sunrise and had begun before Arunodaya, so this is a valid Ekadashi sunrise. Ekadashi ends on 2026-09-23 12:13:00 AM AWST and does not remain through another sunrise. Ekadashi ends and Dwadashi begins on 2026-09-23 12:13:00 AM AWST. Dwadashi is present at Sooryodaya on 23-Sep-26 (Sooryodaya 06:05 AM). Dwadashi ends and Trayodashi begins on 2026-09-24 01:20:00 AM AWST. Therefore the Upavaasa is observed on 22-Sep-26 and 23-Sep-26. For Parana on 24-Sep-26, Sooryodaya is 06:04 AM, Pratah Kala ends at 08:30 AM, Dwadashi ends at 2026-09-24 01:20:00 AM AWST, and Hari Vasara ends at 2026-09-23 06:29:45 AM AWST. Because the Upavaasa itself was observed on Dwadashi, Hari Vasara is not used to delay the Parana start on the following morning. Dwadashi has already ended before Sooryodaya, so Parana starts at Sooryodaya (06:04 AM). Since Dwadashi is already over, the available morning limit is the end of Pratah Kala (08:30 AM). Hence Parana is 06:04 AM to 08:30 AM.",2026-09-21:Dashami | 2026-09-22:Ekadashi | 2026-09-23:Dwadashi | 2026-09-24:Trayodashi,2026-09-21:Purva Ashadha | 2026-09-22:Uttara Ashadha | 2026-09-23:Shravana | 2026-09-24:Dhanishtha,2026-09-21 10:30:00 PM AWST,2026-09-23 12:13:00 AM AWST,2026-09-24 01:20:00 AM AWST,2026-09-22,06:07 AM,2026-09-22 04:31:00 AM AWST,2026-09-22,,2026-09-22:VALID (start 2026-09-21 10:30:00 PM AWST < Arunodaya 2026-09-22 04:31:00 AM AWST),2026-09-22,06:07 AM,2026-09-22 04:31:00 AM AWST,2026-09-23,Shravana,2026-09-23 06:29:45 AM AWST,2026-09-21,2026-09-24,2026-09-21 | 2026-09-22 | 2026-09-23 | 2026-09-24,0,COMPLETE,,,Shravanopavasa,SHRAVANOPAVASA,A valid Ekadashi sunrise is followed by Dwadashi sunrise with Shravana Nakshatra. Observe Upavaasa on both days.,2026-09-22:VALID (start 2026-09-21 10:30:00 PM AWST < Arunodaya 2026-09-22 04:31:00 AM AWST),2026-09-22,2026-09-23,2026-09-24,POST_DWADASHI_UPAVASA,POST_DWADASHI_FAST_DWADASHI_OVER_BEFORE_SUNRISE,2026-09-24 06:04:00 AM AWST,2026-09-24 08:30:00 AM AWST,Dwadashi ended before Parana-day sunrise; Parana is sunrise to Pratah end.
Canberra,Australian Capital Territory,Australia,Australia/Sydney,geoname:2172517,2172517,Parsva Ekadashi,2026-09-22,"Parsva Ekadashi - Canberra. Dashami ends and Ekadashi begins on 2026-09-22 12:30:00 AM AEST. On 22-Sep-26, Sooryodaya is 05:54 AM and Arunodaya is 04:18 AM. Ekadashi is present at sunrise and had begun before Arunodaya, so this is a valid Ekadashi sunrise. Ekadashi ends on 2026-09-23 02:13:00 AM AEST and does not remain through another sunrise. Ekadashi ends and Dwadashi begins on 2026-09-23 02:13:00 AM AEST. Dwadashi is present at Sooryodaya on 23-Sep-26 (Sooryodaya 05:52 AM). Dwadashi ends and Trayodashi begins on 2026-09-24 03:20:00 AM AEST. Therefore the Upavaasa is observed on 22-Sep-26 and 23-Sep-26. For Parana on 24-Sep-26, Sooryodaya is 05:51 AM, Pratah Kala ends at 08:17 AM, Dwadashi ends at 2026-09-24 03:20:00 AM AEST, and Hari Vasara ends at 2026-09-23 08:29:45 AM AEST. Because the Upavaasa itself was observed on Dwadashi, Hari Vasara is not used to delay the Parana start on the following morning. Dwadashi has already ended before Sooryodaya, so Parana starts at Sooryodaya (05:51 AM). Since Dwadashi is already over, the available morning limit is the end of Pratah Kala (08:17 AM). Hence Parana is 05:51 AM to 08:17 AM.",2026-09-21:Dashami | 2026-09-22:Ekadashi | 2026-09-23:Dwadashi | 2026-09-24:Trayodashi,2026-09-21:Purva Ashadha | 2026-09-22:Uttara Ashadha | 2026-09-23:Shravana | 2026-09-24:Dhanishtha,2026-09-22 12:30:00 AM AEST,2026-09-23 02:13:00 AM AEST,2026-09-24 03:20:00 AM AEST,2026-09-22,05:54 AM,2026-09-22 04:18:00 AM AEST,2026-09-22,,2026-09-22:VALID (start 2026-09-22 12:30:00 AM AEST < Arunodaya 2026-09-22 04:18:00 AM AEST),2026-09-22,05:54 AM,2026-09-22 04:18:00 AM AEST,2026-09-23,Shravana,2026-09-23 08:29:45 AM AEST,2026-09-21,2026-09-24,2026-09-21 | 2026-09-22 | 2026-09-23 | 2026-09-24,0,COMPLETE,,,Shravanopavasa,SHRAVANOPAVASA,A valid Ekadashi sunrise is followed by Dwadashi sunrise with Shravana Nakshatra. Observe Upavaasa on both days.,2026-09-22:VALID (start 2026-09-22 12:30:00 AM AEST < Arunodaya 2026-09-22 04:18:00 AM AEST),2026-09-22,2026-09-23,2026-09-24,POST_DWADASHI_UPAVASA,POST_DWADASHI_FAST_DWADASHI_OVER_BEFORE_SUNRISE,2026-09-24 05:51:00 AM AEST,2026-09-24 08:17:00 AM AEST,Dwadashi ended before Parana-day sunrise; Parana is sunrise to Pratah end.
Sydney,New South Wales,Australia,Australia/Sydney,geoname:2147714,2147714,Parsva Ekadashi,2026-09-22,"Parsva Ekadashi - Sydney. Dashami ends and Ekadashi begins on 2026-09-22 12:30:00 AM AEST. On 22-Sep-26, Sooryodaya is 05:45 AM and Arunodaya is 04:09 AM. Ekadashi is present at sunrise and had begun before Arunodaya, so this is a valid Ekadashi sunrise. Ekadashi ends on 2026-09-23 02:13:00 AM AEST and does not remain through another sunrise. Ekadashi ends and Dwadashi begins on 2026-09-23 02:13:00 AM AEST. Dwadashi is present at Sooryodaya on 23-Sep-26 (Sooryodaya 05:44 AM). Dwadashi ends and Trayodashi begins on 2026-09-24 03:20:00 AM AEST. Therefore the Upavaasa is observed on 22-Sep-26 and 23-Sep-26. For Parana on 24-Sep-26, Sooryodaya is 05:42 AM, Pratah Kala ends at 08:08 AM, Dwadashi ends at 2026-09-24 03:20:00 AM AEST, and Hari Vasara ends at 2026-09-23 08:29:45 AM AEST. Because the Upavaasa itself was observed on Dwadashi, Hari Vasara is not used to delay the Parana start on the following morning. Dwadashi has already ended before Sooryodaya, so Parana starts at Sooryodaya (05:42 AM). Since Dwadashi is already over, the available morning limit is the end of Pratah Kala (08:08 AM). Hence Parana is 05:42 AM to 08:08 AM.",2026-09-21:Dashami | 2026-09-22:Ekadashi | 2026-09-23:Dwadashi | 2026-09-24:Trayodashi,2026-09-21:Purva Ashadha | 2026-09-22:Uttara Ashadha | 2026-09-23:Shravana | 2026-09-24:Dhanishtha,2026-09-22 12:30:00 AM AEST,2026-09-23 02:13:00 AM AEST,2026-09-24 03:20:00 AM AEST,2026-09-22,05:45 AM,2026-09-22 04:09:00 AM AEST,2026-09-22,,2026-09-22:VALID (start 2026-09-22 12:30:00 AM AEST < Arunodaya 2026-09-22 04:09:00 AM AEST),2026-09-22,05:45 AM,2026-09-22 04:09:00 AM AEST,2026-09-23,Shravana,2026-09-23 08:29:45 AM AEST,2026-09-21,2026-09-24,2026-09-21 | 2026-09-22 | 2026-09-23 | 2026-09-24,0,COMPLETE,,,Shravanopavasa,SHRAVANOPAVASA,A valid Ekadashi sunrise is followed by Dwadashi sunrise with Shravana Nakshatra. Observe Upavaasa on both days.,2026-09-22:VALID (start 2026-09-22 12:30:00 AM AEST < Arunodaya 2026-09-22 04:09:00 AM AEST),2026-09-22,2026-09-23,2026-09-24,POST_DWADASHI_UPAVASA,POST_DWADASHI_FAST_DWADASHI_OVER_BEFORE_SUNRISE,2026-09-24 05:42:00 AM AEST,2026-09-24 08:08:12 AM AEST,Dwadashi ended before Parana-day sunrise; Parana is sunrise to Pratah end.
