Place Key,City,State/Region,Country,Timezone,Geoname ID,Ekadashi Name,Ekadashi Type,Condition Code,Upavaasa Date 1,Upavaasa Date 2,Parana Date,Parana Start,Parana End,Parana Branch,Parana Tithi Rule,Hari Vasara End,Cycle Anchor,Completeness Status,Date,Action Role,Special Events,Special Event Details,Note,Message
geoname:4180439,Atlanta,Georgia,United States,America/New_York,4180439,Papankusha Ekadashi,Normal Ekadashi,NORMAL,2026-10-21,,2026-10-22,02:28 PM,04:42 PM,APARAHNA,DWADASHI,11:14 AM,2026-10-22,COMPLETE,2026-10-21,UPAVASA_DAY_1,Papankusha Ekadashi,"Upavaasa: 21-Oct-26 | Parana: 22-Oct-26, 02:28 PM to 04:42 PM",Normal Ekadashi. **Observe Upavaasa today.** Ekadashi began before Arunodaya and no two-day exception applies.,"Papankusha Ekadashi. Normal Ekadashi. Observe Upavaasa today. Ekadashi began before Arunodaya and no two-day exception applies. Upavaasa: 21-Oct-26 | Parana: 22-Oct-26, 02:28 PM to 04:42 PM"
geoname:4347778,Baltimore,Maryland,United States,America/New_York,4347778,Papankusha Ekadashi,Normal Ekadashi,NORMAL,2026-10-21,,2026-10-22,01:56 PM,04:07 PM,APARAHNA,DWADASHI,11:14 AM,2026-10-22,COMPLETE,2026-10-21,UPAVASA_DAY_1,Papankusha Ekadashi,"Upavaasa: 21-Oct-26 | Parana: 22-Oct-26, 01:56 PM to 04:07 PM",Normal Ekadashi. **Observe Upavaasa today.** Ekadashi began before Arunodaya and no two-day exception applies.,"Papankusha Ekadashi. Normal Ekadashi. Observe Upavaasa today. Ekadashi began before Arunodaya and no two-day exception applies. Upavaasa: 21-Oct-26 | Parana: 22-Oct-26, 01:56 PM to 04:07 PM"
geoname:5108728,Belfast,New York,United States,America/New_York,5108728,Papankusha Ekadashi,Normal Ekadashi,NORMAL,2026-10-21,,2026-10-22,02:01 PM,04:10 PM,APARAHNA,DWADASHI,11:14 AM,2026-10-22,COMPLETE,2026-10-21,UPAVASA_DAY_1,Papankusha Ekadashi,"Upavaasa: 21-Oct-26 | Parana: 22-Oct-26, 02:01 PM to 04:10 PM",Normal Ekadashi. **Observe Upavaasa today.** Ekadashi began before Arunodaya and no two-day exception applies.,"Papankusha Ekadashi. Normal Ekadashi. Observe Upavaasa today. Ekadashi began before Arunodaya and no two-day exception applies. Upavaasa: 21-Oct-26 | Parana: 22-Oct-26, 02:01 PM to 04:10 PM"
geoname:5110629,Buffalo,New York,United States,America/New_York,5110629,Papankusha Ekadashi,Normal Ekadashi,NORMAL,2026-10-21,,2026-10-22,02:04 PM,04:13 PM,APARAHNA,DWADASHI,11:14 AM,2026-10-22,COMPLETE,2026-10-21,UPAVASA_DAY_1,Papankusha Ekadashi,"Upavaasa: 21-Oct-26 | Parana: 22-Oct-26, 02:04 PM to 04:13 PM",Normal Ekadashi. **Observe Upavaasa today.** Ekadashi began before Arunodaya and no two-day exception applies.,"Papankusha Ekadashi. Normal Ekadashi. Observe Upavaasa today. Ekadashi began before Arunodaya and no two-day exception applies. Upavaasa: 21-Oct-26 | Parana: 22-Oct-26, 02:04 PM to 04:13 PM"
geoname:4460243,Charlotte,North Carolina,United States,America/New_York,4460243,Papankusha Ekadashi,Normal Ekadashi,NORMAL,2026-10-21,,2026-10-22,02:14 PM,04:26 PM,APARAHNA,DWADASHI,11:14 AM,2026-10-22,COMPLETE,2026-10-21,UPAVASA_DAY_1,Papankusha Ekadashi,"Upavaasa: 21-Oct-26 | Parana: 22-Oct-26, 02:14 PM to 04:26 PM",Normal Ekadashi. **Observe Upavaasa today.** Ekadashi began before Arunodaya and no two-day exception applies.,"Papankusha Ekadashi. Normal Ekadashi. Observe Upavaasa today. Ekadashi began before Arunodaya and no two-day exception applies. Upavaasa: 21-Oct-26 | Parana: 22-Oct-26, 02:14 PM to 04:26 PM"
geoname:4887398,Chicago,Illinois,United States,America/Chicago,4887398,Papankusha Ekadashi,Normal Ekadashi,NORMAL,2026-10-21,,2026-10-22,01:39 PM,03:49 PM,APARAHNA,DWADASHI,10:14 AM,2026-10-22,COMPLETE,2026-10-21,UPAVASA_DAY_1,Papankusha Ekadashi,"Upavaasa: 21-Oct-26 | Parana: 22-Oct-26, 01:39 PM to 03:49 PM",Normal Ekadashi. **Observe Upavaasa today.** Ekadashi began before Arunodaya and no two-day exception applies.,"Papankusha Ekadashi. Normal Ekadashi. Observe Upavaasa today. Ekadashi began before Arunodaya and no two-day exception applies. Upavaasa: 21-Oct-26 | Parana: 22-Oct-26, 01:39 PM to 03:49 PM"
geoname:4508722,Cincinnati,Ohio,United States,America/New_York,4508722,Papankusha Ekadashi,Normal Ekadashi,NORMAL,2026-10-21,,2026-10-22,02:27 PM,04:38 PM,APARAHNA,DWADASHI,11:14 AM,2026-10-22,COMPLETE,2026-10-21,UPAVASA_DAY_1,Papankusha Ekadashi,"Upavaasa: 21-Oct-26 | Parana: 22-Oct-26, 02:27 PM to 04:38 PM",Normal Ekadashi. **Observe Upavaasa today.** Ekadashi began before Arunodaya and no two-day exception applies.,"Papankusha Ekadashi. Normal Ekadashi. Observe Upavaasa today. Ekadashi began before Arunodaya and no two-day exception applies. Upavaasa: 21-Oct-26 | Parana: 22-Oct-26, 02:27 PM to 04:38 PM"
geoname:5150529,Cleveland,Ohio,United States,America/New_York,5150529,Papankusha Ekadashi,Normal Ekadashi,NORMAL,2026-10-21,,2026-10-22,02:16 PM,04:25 PM,APARAHNA,DWADASHI,11:14 AM,2026-10-22,COMPLETE,2026-10-21,UPAVASA_DAY_1,Papankusha Ekadashi,"Upavaasa: 21-Oct-26 | Parana: 22-Oct-26, 02:16 PM to 04:25 PM",Normal Ekadashi. **Observe Upavaasa today.** Ekadashi began before Arunodaya and no two-day exception applies.,"Papankusha Ekadashi. Normal Ekadashi. Observe Upavaasa today. Ekadashi began before Arunodaya and no two-day exception applies. Upavaasa: 21-Oct-26 | Parana: 22-Oct-26, 02:16 PM to 04:25 PM"
geoname:4256038,Columbus,Indiana,United States,America/Indiana/Indianapolis,4256038,Papankusha Ekadashi,Normal Ekadashi,NORMAL,2026-10-21,,2026-10-22,02:33 PM,04:44 PM,APARAHNA,DWADASHI,11:14 AM,2026-10-22,COMPLETE,2026-10-21,UPAVASA_DAY_1,Papankusha Ekadashi,"Upavaasa: 21-Oct-26 | Parana: 22-Oct-26, 02:33 PM to 04:44 PM",Normal Ekadashi. **Observe Upavaasa today.** Ekadashi began before Arunodaya and no two-day exception applies.,"Papankusha Ekadashi. Normal Ekadashi. Observe Upavaasa today. Ekadashi began before Arunodaya and no two-day exception applies. Upavaasa: 21-Oct-26 | Parana: 22-Oct-26, 02:33 PM to 04:44 PM"
geoname:4509177,Columbus,Ohio,United States,America/New_York,4509177,Papankusha Ekadashi,Normal Ekadashi,NORMAL,2026-10-21,,2026-10-22,02:21 PM,04:32 PM,APARAHNA,DWADASHI,11:14 AM,2026-10-22,COMPLETE,2026-10-21,UPAVASA_DAY_1,Papankusha Ekadashi,"Upavaasa: 21-Oct-26 | Parana: 22-Oct-26, 02:21 PM to 04:32 PM",Normal Ekadashi. **Observe Upavaasa today.** Ekadashi began before Arunodaya and no two-day exception applies.,"Papankusha Ekadashi. Normal Ekadashi. Observe Upavaasa today. Ekadashi began before Arunodaya and no two-day exception applies. Upavaasa: 21-Oct-26 | Parana: 22-Oct-26, 02:21 PM to 04:32 PM"
geoname:4684888,Dallas,Texas,United States,America/Chicago,4684888,Papankusha Ekadashi,Normal Ekadashi,NORMAL,2026-10-21,,2026-10-22,02:18 PM,04:32 PM,APARAHNA,DWADASHI,10:14 AM,2026-10-22,COMPLETE,2026-10-21,UPAVASA_DAY_1,Papankusha Ekadashi,"Upavaasa: 21-Oct-26 | Parana: 22-Oct-26, 02:18 PM to 04:32 PM",Normal Ekadashi. **Observe Upavaasa today.** Ekadashi began before Arunodaya and no two-day exception applies.,"Papankusha Ekadashi. Normal Ekadashi. Observe Upavaasa today. Ekadashi began before Arunodaya and no two-day exception applies. Upavaasa: 21-Oct-26 | Parana: 22-Oct-26, 02:18 PM to 04:32 PM"
geoname:5119251,Greece,New York,United States,America/New_York,5119251,Papankusha Ekadashi,Normal Ekadashi,NORMAL,2026-10-21,,2026-10-22,01:59 PM,04:08 PM,APARAHNA,DWADASHI,11:14 AM,2026-10-22,COMPLETE,2026-10-21,UPAVASA_DAY_1,Papankusha Ekadashi,"Upavaasa: 21-Oct-26 | Parana: 22-Oct-26, 01:59 PM to 04:08 PM",Normal Ekadashi. **Observe Upavaasa today.** Ekadashi began before Arunodaya and no two-day exception applies.,"Papankusha Ekadashi. Normal Ekadashi. Observe Upavaasa today. Ekadashi began before Arunodaya and no two-day exception applies. Upavaasa: 21-Oct-26 | Parana: 22-Oct-26, 01:59 PM to 04:08 PM"
geoname:4699066,Houston,Texas,United States,America/Chicago,4699066,Papankusha Ekadashi,Normal Ekadashi,NORMAL,2026-10-21,,2026-10-22,02:13 PM,04:28 PM,APARAHNA,DWADASHI,10:14 AM,2026-10-22,COMPLETE,2026-10-21,UPAVASA_DAY_1,Papankusha Ekadashi,"Upavaasa: 21-Oct-26 | Parana: 22-Oct-26, 02:13 PM to 04:28 PM",Normal Ekadashi. **Observe Upavaasa today.** Ekadashi began before Arunodaya and no two-day exception applies.,"Papankusha Ekadashi. Normal Ekadashi. Observe Upavaasa today. Ekadashi began before Arunodaya and no two-day exception applies. Upavaasa: 21-Oct-26 | Parana: 22-Oct-26, 02:13 PM to 04:28 PM"
geoname:4634946,Knoxville,Tennessee,United States,America/New_York,4634946,Papankusha Ekadashi,Normal Ekadashi,NORMAL,2026-10-21,,2026-10-22,02:26 PM,04:39 PM,APARAHNA,DWADASHI,11:14 AM,2026-10-22,COMPLETE,2026-10-21,UPAVASA_DAY_1,Papankusha Ekadashi,"Upavaasa: 21-Oct-26 | Parana: 22-Oct-26, 02:26 PM to 04:39 PM",Normal Ekadashi. **Observe Upavaasa today.** Ekadashi began before Arunodaya and no two-day exception applies.,"Papankusha Ekadashi. Normal Ekadashi. Observe Upavaasa today. Ekadashi began before Arunodaya and no two-day exception applies. Upavaasa: 21-Oct-26 | Parana: 22-Oct-26, 02:26 PM to 04:39 PM"
geoname:4922462,Lafayette,Indiana,United States,America/Indiana/Indianapolis,4922462,Papankusha Ekadashi,Normal Ekadashi,NORMAL,2026-10-21,,2026-10-22,02:37 PM,04:47 PM,APARAHNA,DWADASHI,11:14 AM,2026-10-22,COMPLETE,2026-10-21,UPAVASA_DAY_1,Papankusha Ekadashi,"Upavaasa: 21-Oct-26 | Parana: 22-Oct-26, 02:37 PM to 04:47 PM",Normal Ekadashi. **Observe Upavaasa today.** Ekadashi began before Arunodaya and no two-day exception applies.,"Papankusha Ekadashi. Normal Ekadashi. Observe Upavaasa today. Ekadashi began before Arunodaya and no two-day exception applies. Upavaasa: 21-Oct-26 | Parana: 22-Oct-26, 02:37 PM to 04:47 PM"
geoname:5368361,Los Angeles,California,United States,America/Los_Angeles,5368361,Papankusha Ekadashi,Normal Ekadashi,NORMAL,2026-10-21,,2026-10-22,08:14 AM,09:17 AM,PRATAH,DWADASHI,08:14 AM,2026-10-22,COMPLETE,2026-10-21,UPAVASA_DAY_1,Papankusha Ekadashi,"Upavaasa: 21-Oct-26 | Parana: 22-Oct-26, 08:14 AM to 09:17 AM",Normal Ekadashi. **Observe Upavaasa today.** Ekadashi began before Arunodaya and no two-day exception applies.,"Papankusha Ekadashi. Normal Ekadashi. Observe Upavaasa today. Ekadashi began before Arunodaya and no two-day exception applies. Upavaasa: 21-Oct-26 | Parana: 22-Oct-26, 08:14 AM to 09:17 AM"
geoname:4644585,Nashville,Tennessee,United States,America/Chicago,4644585,Papankusha Ekadashi,Normal Ekadashi,NORMAL,2026-10-21,,2026-10-22,01:38 PM,03:50 PM,APARAHNA,DWADASHI,10:14 AM,2026-10-22,COMPLETE,2026-10-21,UPAVASA_DAY_1,Papankusha Ekadashi,"Upavaasa: 21-Oct-26 | Parana: 22-Oct-26, 01:38 PM to 03:50 PM",Normal Ekadashi. **Observe Upavaasa today.** Ekadashi began before Arunodaya and no two-day exception applies.,"Papankusha Ekadashi. Normal Ekadashi. Observe Upavaasa today. Ekadashi began before Arunodaya and no two-day exception applies. Upavaasa: 21-Oct-26 | Parana: 22-Oct-26, 01:38 PM to 03:50 PM"
geoname:5099836,New Jersey,New Jersey,United States,America/New_York,5099836,Papankusha Ekadashi,Normal Ekadashi,NORMAL,2026-10-21,,2026-10-22,01:46 PM,03:56 PM,APARAHNA,DWADASHI,11:14 AM,2026-10-22,COMPLETE,2026-10-21,UPAVASA_DAY_1,Papankusha Ekadashi,"Upavaasa: 21-Oct-26 | Parana: 22-Oct-26, 01:46 PM to 03:56 PM",Normal Ekadashi. **Observe Upavaasa today.** Ekadashi began before Arunodaya and no two-day exception applies.,"Papankusha Ekadashi. Normal Ekadashi. Observe Upavaasa today. Ekadashi began before Arunodaya and no two-day exception applies. Upavaasa: 21-Oct-26 | Parana: 22-Oct-26, 01:46 PM to 03:56 PM"
geoname:5128581,New York,New York,United States,America/New_York,5128581,Papankusha Ekadashi,Normal Ekadashi,NORMAL,2026-10-21,,2026-10-22,01:45 PM,03:55 PM,APARAHNA,DWADASHI,11:14 AM,2026-10-22,COMPLETE,2026-10-21,UPAVASA_DAY_1,Papankusha Ekadashi,"Upavaasa: 21-Oct-26 | Parana: 22-Oct-26, 01:45 PM to 03:55 PM",Normal Ekadashi. **Observe Upavaasa today.** Ekadashi began before Arunodaya and no two-day exception applies.,"Papankusha Ekadashi. Normal Ekadashi. Observe Upavaasa today. Ekadashi began before Arunodaya and no two-day exception applies. Upavaasa: 21-Oct-26 | Parana: 22-Oct-26, 01:45 PM to 03:55 PM"
geoname:4167147,Orlando,Florida,United States,America/New_York,4167147,Papankusha Ekadashi,Normal Ekadashi,NORMAL,2026-10-21,,2026-10-22,02:18 PM,04:33 PM,APARAHNA,DWADASHI,11:14 AM,2026-10-22,COMPLETE,2026-10-21,UPAVASA_DAY_1,Papankusha Ekadashi,"Upavaasa: 21-Oct-26 | Parana: 22-Oct-26, 02:18 PM to 04:33 PM",Normal Ekadashi. **Observe Upavaasa today.** Ekadashi began before Arunodaya and no two-day exception applies.,"Papankusha Ekadashi. Normal Ekadashi. Observe Upavaasa today. Ekadashi began before Arunodaya and no two-day exception applies. Upavaasa: 21-Oct-26 | Parana: 22-Oct-26, 02:18 PM to 04:33 PM"
geoname:4560349,Philadelphia,Pennsylvania,United States,America/New_York,4560349,Papankusha Ekadashi,Normal Ekadashi,NORMAL,2026-10-21,,2026-10-22,01:50 PM,04:01 PM,APARAHNA,DWADASHI,11:14 AM,2026-10-22,COMPLETE,2026-10-21,UPAVASA_DAY_1,Papankusha Ekadashi,"Upavaasa: 21-Oct-26 | Parana: 22-Oct-26, 01:50 PM to 04:01 PM",Normal Ekadashi. **Observe Upavaasa today.** Ekadashi began before Arunodaya and no two-day exception applies.,"Papankusha Ekadashi. Normal Ekadashi. Observe Upavaasa today. Ekadashi began before Arunodaya and no two-day exception applies. Upavaasa: 21-Oct-26 | Parana: 22-Oct-26, 01:50 PM to 04:01 PM"
geoname:5308655,Phoenix,Arizona,United States,America/Phoenix,5308655,Papankusha Ekadashi,Normal Ekadashi,NORMAL,2026-10-21,,2026-10-22,08:14 AM,08:52 AM,PRATAH,DWADASHI,08:14 AM,2026-10-22,COMPLETE,2026-10-21,UPAVASA_DAY_1,Papankusha Ekadashi,"Upavaasa: 21-Oct-26 | Parana: 22-Oct-26, 08:14 AM to 08:52 AM",Normal Ekadashi. **Observe Upavaasa today.** Ekadashi began before Arunodaya and no two-day exception applies.,"Papankusha Ekadashi. Normal Ekadashi. Observe Upavaasa today. Ekadashi began before Arunodaya and no two-day exception applies. Upavaasa: 21-Oct-26 | Parana: 22-Oct-26, 08:14 AM to 08:52 AM"
geoname:5131614,Pittsford,New York,United States,America/New_York,5131614,Papankusha Ekadashi,Normal Ekadashi,NORMAL,2026-10-21,,2026-10-22,01:58 PM,04:07 PM,APARAHNA,DWADASHI,11:14 AM,2026-10-22,COMPLETE,2026-10-21,UPAVASA_DAY_1,Papankusha Ekadashi,"Upavaasa: 21-Oct-26 | Parana: 22-Oct-26, 01:58 PM to 04:07 PM",Normal Ekadashi. **Observe Upavaasa today.** Ekadashi began before Arunodaya and no two-day exception applies.,"Papankusha Ekadashi. Normal Ekadashi. Observe Upavaasa today. Ekadashi began before Arunodaya and no two-day exception applies. Upavaasa: 21-Oct-26 | Parana: 22-Oct-26, 01:58 PM to 04:07 PM"
geoname:5383527,Placentia,California,United States,America/Los_Angeles,5383527,Papankusha Ekadashi,Normal Ekadashi,NORMAL,2026-10-21,,2026-10-22,08:14 AM,09:15 AM,PRATAH,DWADASHI,08:14 AM,2026-10-22,COMPLETE,2026-10-21,UPAVASA_DAY_1,Papankusha Ekadashi,"Upavaasa: 21-Oct-26 | Parana: 22-Oct-26, 08:14 AM to 09:15 AM",Normal Ekadashi. **Observe Upavaasa today.** Ekadashi began before Arunodaya and no two-day exception applies.,"Papankusha Ekadashi. Normal Ekadashi. Observe Upavaasa today. Ekadashi began before Arunodaya and no two-day exception applies. Upavaasa: 21-Oct-26 | Parana: 22-Oct-26, 08:14 AM to 09:15 AM"
geoname:4487042,Raleigh,North Carolina,United States,America/New_York,4487042,Papankusha Ekadashi,Normal Ekadashi,NORMAL,2026-10-21,,2026-10-22,02:05 PM,04:17 PM,APARAHNA,DWADASHI,11:14 AM,2026-10-22,COMPLETE,2026-10-21,UPAVASA_DAY_1,Papankusha Ekadashi,"Upavaasa: 21-Oct-26 | Parana: 22-Oct-26, 02:05 PM to 04:17 PM",Normal Ekadashi. **Observe Upavaasa today.** Ekadashi began before Arunodaya and no two-day exception applies.,"Papankusha Ekadashi. Normal Ekadashi. Observe Upavaasa today. Ekadashi began before Arunodaya and no two-day exception applies. Upavaasa: 21-Oct-26 | Parana: 22-Oct-26, 02:05 PM to 04:17 PM"
geoname:4781708,Richmond,Virginia,United States,America/New_York,4781708,Papankusha Ekadashi,Normal Ekadashi,NORMAL,2026-10-21,,2026-10-22,02:00 PM,04:11 PM,APARAHNA,DWADASHI,11:14 AM,2026-10-22,COMPLETE,2026-10-21,UPAVASA_DAY_1,Papankusha Ekadashi,"Upavaasa: 21-Oct-26 | Parana: 22-Oct-26, 02:00 PM to 04:11 PM",Normal Ekadashi. **Observe Upavaasa today.** Ekadashi began before Arunodaya and no two-day exception applies.,"Papankusha Ekadashi. Normal Ekadashi. Observe Upavaasa today. Ekadashi began before Arunodaya and no two-day exception applies. Upavaasa: 21-Oct-26 | Parana: 22-Oct-26, 02:00 PM to 04:11 PM"
geoname:5134086,Rochester,New York,United States,America/New_York,5134086,Papankusha Ekadashi,Normal Ekadashi,NORMAL,2026-10-21,,2026-10-22,01:59 PM,04:07 PM,APARAHNA,DWADASHI,11:14 AM,2026-10-22,COMPLETE,2026-10-21,UPAVASA_DAY_1,Papankusha Ekadashi,"Upavaasa: 21-Oct-26 | Parana: 22-Oct-26, 01:59 PM to 04:07 PM",Normal Ekadashi. **Observe Upavaasa today.** Ekadashi began before Arunodaya and no two-day exception applies.,"Papankusha Ekadashi. Normal Ekadashi. Observe Upavaasa today. Ekadashi began before Arunodaya and no two-day exception applies. Upavaasa: 21-Oct-26 | Parana: 22-Oct-26, 01:59 PM to 04:07 PM"
geoname:5391959,San Francisco,California,United States,America/Los_Angeles,5391959,Papankusha Ekadashi,Normal Ekadashi,NORMAL,2026-10-21,,2026-10-22,08:14 AM,09:37 AM,PRATAH,DWADASHI,08:14 AM,2026-10-22,COMPLETE,2026-10-21,UPAVASA_DAY_1,Papankusha Ekadashi,"Upavaasa: 21-Oct-26 | Parana: 22-Oct-26, 08:14 AM to 09:37 AM",Normal Ekadashi. **Observe Upavaasa today.** Ekadashi began before Arunodaya and no two-day exception applies.,"Papankusha Ekadashi. Normal Ekadashi. Observe Upavaasa today. Ekadashi began before Arunodaya and no two-day exception applies. Upavaasa: 21-Oct-26 | Parana: 22-Oct-26, 08:14 AM to 09:37 AM"
geoname:5809844,Seattle,Washington,United States,America/Los_Angeles,5809844,Papankusha Ekadashi,Normal Ekadashi,NORMAL,2026-10-21,,2026-10-22,08:14 AM,09:45 AM,PRATAH,DWADASHI,08:14 AM,2026-10-22,COMPLETE,2026-10-21,UPAVASA_DAY_1,Papankusha Ekadashi,"Upavaasa: 21-Oct-26 | Parana: 22-Oct-26, 08:14 AM to 09:45 AM",Normal Ekadashi. **Observe Upavaasa today.** Ekadashi began before Arunodaya and no two-day exception applies.,"Papankusha Ekadashi. Normal Ekadashi. Observe Upavaasa today. Ekadashi began before Arunodaya and no two-day exception applies. Upavaasa: 21-Oct-26 | Parana: 22-Oct-26, 08:14 AM to 09:45 AM"
geoname:5139865,Stonybrook,New York,United States,America/New_York,5139865,Papankusha Ekadashi,Normal Ekadashi,NORMAL,2026-10-21,,2026-10-22,01:42 PM,03:52 PM,APARAHNA,DWADASHI,11:14 AM,2026-10-22,COMPLETE,2026-10-21,UPAVASA_DAY_1,Papankusha Ekadashi,"Upavaasa: 21-Oct-26 | Parana: 22-Oct-26, 01:42 PM to 03:52 PM",Normal Ekadashi. **Observe Upavaasa today.** Ekadashi began before Arunodaya and no two-day exception applies.,"Papankusha Ekadashi. Normal Ekadashi. Observe Upavaasa today. Ekadashi began before Arunodaya and no two-day exception applies. Upavaasa: 21-Oct-26 | Parana: 22-Oct-26, 01:42 PM to 03:52 PM"
geoname:5140405,Syracuse,New York,United States,America/New_York,5140405,Papankusha Ekadashi,Normal Ekadashi,NORMAL,2026-10-21,,2026-10-22,01:53 PM,04:02 PM,APARAHNA,DWADASHI,11:14 AM,2026-10-22,COMPLETE,2026-10-21,UPAVASA_DAY_1,Papankusha Ekadashi,"Upavaasa: 21-Oct-26 | Parana: 22-Oct-26, 01:53 PM to 04:02 PM",Normal Ekadashi. **Observe Upavaasa today.** Ekadashi began before Arunodaya and no two-day exception applies.,"Papankusha Ekadashi. Normal Ekadashi. Observe Upavaasa today. Ekadashi began before Arunodaya and no two-day exception applies. Upavaasa: 21-Oct-26 | Parana: 22-Oct-26, 01:53 PM to 04:02 PM"
geoname:4174757,Tampa,Florida,United States,America/New_York,4174757,Papankusha Ekadashi,Normal Ekadashi,NORMAL,2026-10-21,,2026-10-22,02:22 PM,04:38 PM,APARAHNA,DWADASHI,11:14 AM,2026-10-22,COMPLETE,2026-10-21,UPAVASA_DAY_1,Papankusha Ekadashi,"Upavaasa: 21-Oct-26 | Parana: 22-Oct-26, 02:22 PM to 04:38 PM",Normal Ekadashi. **Observe Upavaasa today.** Ekadashi began before Arunodaya and no two-day exception applies.,"Papankusha Ekadashi. Normal Ekadashi. Observe Upavaasa today. Ekadashi began before Arunodaya and no two-day exception applies. Upavaasa: 21-Oct-26 | Parana: 22-Oct-26, 02:22 PM to 04:38 PM"
geoname:6173331,Vancouver,British Columbia,Canada,America/Los_Angeles,6173331,Papankusha Ekadashi,Normal Ekadashi,NORMAL,2026-10-21,,2026-10-22,08:14 AM,09:50 AM,PRATAH,DWADASHI,08:14 AM,2026-10-22,COMPLETE,2026-10-21,UPAVASA_DAY_1,Papankusha Ekadashi,"Upavaasa: 21-Oct-26 | Parana: 22-Oct-26, 08:14 AM to 09:50 AM",Normal Ekadashi. **Observe Upavaasa today.** Ekadashi began before Arunodaya and no two-day exception applies.,"Papankusha Ekadashi. Normal Ekadashi. Observe Upavaasa today. Ekadashi began before Arunodaya and no two-day exception applies. Upavaasa: 21-Oct-26 | Parana: 22-Oct-26, 08:14 AM to 09:50 AM"
geoname:6182962,Windsor,Ontario,Canada,America/New_York,6182962,Papankusha Ekadashi,Normal Ekadashi,NORMAL,2026-10-21,,2026-10-22,02:21 PM,04:30 PM,APARAHNA,DWADASHI,11:14 AM,2026-10-22,COMPLETE,2026-10-21,UPAVASA_DAY_1,Papankusha Ekadashi,"Upavaasa: 21-Oct-26 | Parana: 22-Oct-26, 02:21 PM to 04:30 PM",Normal Ekadashi. **Observe Upavaasa today.** Ekadashi began before Arunodaya and no two-day exception applies.,"Papankusha Ekadashi. Normal Ekadashi. Observe Upavaasa today. Ekadashi began before Arunodaya and no two-day exception applies. Upavaasa: 21-Oct-26 | Parana: 22-Oct-26, 02:21 PM to 04:30 PM"
geoname:2078025,Adelaide,South Australia,Australia,Australia/Adelaide,2078025,Papankusha Ekadashi,Normal Ekadashi,NORMAL,2026-10-22,,2026-10-23,06:24 AM,09:03 AM,PRATAH,DWADASHI,01:44 AM,2026-10-22,COMPLETE,2026-10-22,UPAVASA_DAY_1,Papankusha Ekadashi,"Upavaasa: 22-Oct-26 | Parana: 23-Oct-26, 06:24 AM to 09:03 AM",Normal Ekadashi. **Observe Upavaasa today.** Ekadashi began before Arunodaya and no two-day exception applies.,"Papankusha Ekadashi. Normal Ekadashi. Observe Upavaasa today. Ekadashi began before Arunodaya and no two-day exception applies. Upavaasa: 22-Oct-26 | Parana: 23-Oct-26, 06:24 AM to 09:03 AM"
geoname:1279290,Agartala,Tripura,India,Asia/Kolkata,1279290,Papankusha Ekadashi,Normal Ekadashi,NORMAL,2026-10-22,,2026-10-23,05:26 AM,07:43 AM,PRATAH,DWADASHI,08:44 PM,2026-10-22,COMPLETE,2026-10-22,UPAVASA_DAY_1,Papankusha Ekadashi,"Upavaasa: 22-Oct-26 | Parana: 23-Oct-26, 05:26 AM to 07:43 AM",Normal Ekadashi. **Observe Upavaasa today.** Ekadashi began before Arunodaya and no two-day exception applies.,"Papankusha Ekadashi. Normal Ekadashi. Observe Upavaasa today. Ekadashi began before Arunodaya and no two-day exception applies. Upavaasa: 22-Oct-26 | Parana: 23-Oct-26, 05:26 AM to 07:43 AM"
geoname:1279186,Aizawl,Mizoram,India,Asia/Kolkata,1279186,Papankusha Ekadashi,Normal Ekadashi,NORMAL,2026-10-22,,2026-10-23,05:20 AM,07:37 AM,PRATAH,DWADASHI,08:44 PM,2026-10-22,COMPLETE,2026-10-22,UPAVASA_DAY_1,Papankusha Ekadashi,"Upavaasa: 22-Oct-26 | Parana: 23-Oct-26, 05:20 AM to 07:37 AM",Normal Ekadashi. **Observe Upavaasa today.** Ekadashi began before Arunodaya and no two-day exception applies.,"Papankusha Ekadashi. Normal Ekadashi. Observe Upavaasa today. Ekadashi began before Arunodaya and no two-day exception applies. Upavaasa: 22-Oct-26 | Parana: 23-Oct-26, 05:20 AM to 07:37 AM"
geoname:4180439,Atlanta,Georgia,United States,America/New_York,4180439,Papankusha Ekadashi,Normal Ekadashi,NORMAL,2026-10-21,,2026-10-22,02:28 PM,04:42 PM,APARAHNA,DWADASHI,11:14 AM,2026-10-22,COMPLETE,2026-10-22,PARANA,Papankusha Ekadashi,Upavaasa: 21-Oct-26 | Parana today: 02:28 PM to 04:42 PM,**Perform Parana today** between 02:28 PM and 04:42 PM. Upavaasa was observed on 21-Oct-26.,Papankusha Ekadashi. Perform Parana today between 02:28 PM and 04:42 PM. Upavaasa was observed on 21-Oct-26. Upavaasa: 21-Oct-26 | Parana today: 02:28 PM to 04:42 PM
geoname:2193733,Auckland,Auckland,New Zealand,Pacific/Auckland,2193733,Papankusha Ekadashi,Normal Ekadashi,NORMAL,2026-10-22,,2026-10-23,06:27 AM,09:06 AM,PRATAH,DWADASHI,04:14 AM,2026-10-22,COMPLETE,2026-10-22,UPAVASA_DAY_1,Papankusha Ekadashi,"Upavaasa: 22-Oct-26 | Parana: 23-Oct-26, 06:27 AM to 09:06 AM",Normal Ekadashi. **Observe Upavaasa today.** Ekadashi began before Arunodaya and no two-day exception applies.,"Papankusha Ekadashi. Normal Ekadashi. Observe Upavaasa today. Ekadashi began before Arunodaya and no two-day exception applies. Upavaasa: 22-Oct-26 | Parana: 23-Oct-26, 06:27 AM to 09:06 AM"
geoname:1278094,Ayodhya,Uttar Pradesh,India,Asia/Kolkata,1278094,Papankusha Ekadashi,Normal Ekadashi,NORMAL,2026-10-22,,2026-10-23,06:05 AM,08:21 AM,PRATAH,DWADASHI,08:44 PM,2026-10-22,COMPLETE,2026-10-22,UPAVASA_DAY_1,Papankusha Ekadashi,"Upavaasa: 22-Oct-26 | Parana: 23-Oct-26, 06:05 AM to 08:21 AM",Normal Ekadashi. **Observe Upavaasa today.** Ekadashi began before Arunodaya and no two-day exception applies.,"Papankusha Ekadashi. Normal Ekadashi. Observe Upavaasa today. Ekadashi began before Arunodaya and no two-day exception applies. Upavaasa: 22-Oct-26 | Parana: 23-Oct-26, 06:05 AM to 08:21 AM"
geoname:4347778,Baltimore,Maryland,United States,America/New_York,4347778,Papankusha Ekadashi,Normal Ekadashi,NORMAL,2026-10-21,,2026-10-22,01:56 PM,04:07 PM,APARAHNA,DWADASHI,11:14 AM,2026-10-22,COMPLETE,2026-10-22,PARANA,Papankusha Ekadashi,Upavaasa: 21-Oct-26 | Parana today: 01:56 PM to 04:07 PM,**Perform Parana today** between 01:56 PM and 04:07 PM. Upavaasa was observed on 21-Oct-26.,Papankusha Ekadashi. Perform Parana today between 01:56 PM and 04:07 PM. Upavaasa was observed on 21-Oct-26. Upavaasa: 21-Oct-26 | Parana today: 01:56 PM to 04:07 PM
geoname:5108728,Belfast,New York,United States,America/New_York,5108728,Papankusha Ekadashi,Normal Ekadashi,NORMAL,2026-10-21,,2026-10-22,02:01 PM,04:10 PM,APARAHNA,DWADASHI,11:14 AM,2026-10-22,COMPLETE,2026-10-22,PARANA,Papankusha Ekadashi,Upavaasa: 21-Oct-26 | Parana today: 02:01 PM to 04:10 PM,**Perform Parana today** between 02:01 PM and 04:10 PM. Upavaasa was observed on 21-Oct-26.,Papankusha Ekadashi. Perform Parana today between 02:01 PM and 04:10 PM. Upavaasa was observed on 21-Oct-26. Upavaasa: 21-Oct-26 | Parana today: 02:01 PM to 04:10 PM
geoname:1276533,Belgaum,Karnataka,India,Asia/Kolkata,1276533,Papankusha Ekadashi,Normal Ekadashi,NORMAL,2026-10-22,,2026-10-23,06:26 AM,08:46 AM,PRATAH,DWADASHI,08:44 PM,2026-10-22,COMPLETE,2026-10-22,UPAVASA_DAY_1,Papankusha Ekadashi,"Upavaasa: 22-Oct-26 | Parana: 23-Oct-26, 06:26 AM to 08:46 AM",Normal Ekadashi. **Observe Upavaasa today.** Ekadashi began before Arunodaya and no two-day exception applies.,"Papankusha Ekadashi. Normal Ekadashi. Observe Upavaasa today. Ekadashi began before Arunodaya and no two-day exception applies. Upavaasa: 22-Oct-26 | Parana: 23-Oct-26, 06:26 AM to 08:46 AM"
geoname:1277333,Bengaluru,Karnataka,India,Asia/Kolkata,1277333,Papankusha Ekadashi,Normal Ekadashi,NORMAL,2026-10-22,,2026-10-23,06:11 AM,08:32 AM,PRATAH,DWADASHI,08:44 PM,2026-10-22,COMPLETE,2026-10-22,UPAVASA_DAY_1,Papankusha Ekadashi,"Upavaasa: 22-Oct-26 | Parana: 23-Oct-26, 06:11 AM to 08:32 AM",Normal Ekadashi. **Observe Upavaasa today.** Ekadashi began before Arunodaya and no two-day exception applies.,"Papankusha Ekadashi. Normal Ekadashi. Observe Upavaasa today. Ekadashi began before Arunodaya and no two-day exception applies. Upavaasa: 22-Oct-26 | Parana: 23-Oct-26, 06:11 AM to 08:32 AM"
geoname:1275841,Bhopal,Madhya Pradesh,India,Asia/Kolkata,1275841,Papankusha Ekadashi,Normal Ekadashi,NORMAL,2026-10-22,,2026-10-23,06:21 AM,08:38 AM,PRATAH,DWADASHI,08:44 PM,2026-10-22,COMPLETE,2026-10-22,UPAVASA_DAY_1,Papankusha Ekadashi,"Upavaasa: 22-Oct-26 | Parana: 23-Oct-26, 06:21 AM to 08:38 AM",Normal Ekadashi. **Observe Upavaasa today.** Ekadashi began before Arunodaya and no two-day exception applies.,"Papankusha Ekadashi. Normal Ekadashi. Observe Upavaasa today. Ekadashi began before Arunodaya and no two-day exception applies. Upavaasa: 22-Oct-26 | Parana: 23-Oct-26, 06:21 AM to 08:38 AM"
geoname:1275817,Bhubaneswar,Odisha,India,Asia/Kolkata,1275817,Papankusha Ekadashi,Normal Ekadashi,NORMAL,2026-10-22,,2026-10-23,05:44 AM,08:03 AM,PRATAH,DWADASHI,08:44 PM,2026-10-22,COMPLETE,2026-10-22,UPAVASA_DAY_1,Papankusha Ekadashi,"Upavaasa: 22-Oct-26 | Parana: 23-Oct-26, 05:44 AM to 08:03 AM",Normal Ekadashi. **Observe Upavaasa today.** Ekadashi began before Arunodaya and no two-day exception applies.,"Papankusha Ekadashi. Normal Ekadashi. Observe Upavaasa today. Ekadashi began before Arunodaya and no two-day exception applies. Upavaasa: 22-Oct-26 | Parana: 23-Oct-26, 05:44 AM to 08:03 AM"
geoname:2174003,Brisbane,Queensland,Australia,Australia/Brisbane,2174003,Papankusha Ekadashi,Normal Ekadashi,NORMAL,2026-10-22,,2026-10-23,05:05 AM,07:40 AM,PRATAH,DWADASHI,01:14 AM,2026-10-22,COMPLETE,2026-10-22,UPAVASA_DAY_1,Papankusha Ekadashi,"Upavaasa: 22-Oct-26 | Parana: 23-Oct-26, 05:05 AM to 07:40 AM",Normal Ekadashi. **Observe Upavaasa today.** Ekadashi began before Arunodaya and no two-day exception applies.,"Papankusha Ekadashi. Normal Ekadashi. Observe Upavaasa today. Ekadashi began before Arunodaya and no two-day exception applies. Upavaasa: 22-Oct-26 | Parana: 23-Oct-26, 05:05 AM to 07:40 AM"
geoname:5110629,Buffalo,New York,United States,America/New_York,5110629,Papankusha Ekadashi,Normal Ekadashi,NORMAL,2026-10-21,,2026-10-22,02:04 PM,04:13 PM,APARAHNA,DWADASHI,11:14 AM,2026-10-22,COMPLETE,2026-10-22,PARANA,Papankusha Ekadashi,Upavaasa: 21-Oct-26 | Parana today: 02:04 PM to 04:13 PM,**Perform Parana today** between 02:04 PM and 04:13 PM. Upavaasa was observed on 21-Oct-26.,Papankusha Ekadashi. Perform Parana today between 02:04 PM and 04:13 PM. Upavaasa was observed on 21-Oct-26. Upavaasa: 21-Oct-26 | Parana today: 02:04 PM to 04:13 PM
geoname:2172517,Canberra,Australian Capital Territory,Australia,Australia/Sydney,2172517,Papankusha Ekadashi,Normal Ekadashi,NORMAL,2026-10-22,,2026-10-23,06:11 AM,08:50 AM,PRATAH,DWADASHI,02:14 AM,2026-10-22,COMPLETE,2026-10-22,UPAVASA_DAY_1,Papankusha Ekadashi,"Upavaasa: 22-Oct-26 | Parana: 23-Oct-26, 06:11 AM to 08:50 AM",Normal Ekadashi. **Observe Upavaasa today.** Ekadashi began before Arunodaya and no two-day exception applies.,"Papankusha Ekadashi. Normal Ekadashi. Observe Upavaasa today. Ekadashi began before Arunodaya and no two-day exception applies. Upavaasa: 22-Oct-26 | Parana: 23-Oct-26, 06:11 AM to 08:50 AM"
geoname:4460243,Charlotte,North Carolina,United States,America/New_York,4460243,Papankusha Ekadashi,Normal Ekadashi,NORMAL,2026-10-21,,2026-10-22,02:14 PM,04:26 PM,APARAHNA,DWADASHI,11:14 AM,2026-10-22,COMPLETE,2026-10-22,PARANA,Papankusha Ekadashi,Upavaasa: 21-Oct-26 | Parana today: 02:14 PM to 04:26 PM,**Perform Parana today** between 02:14 PM and 04:26 PM. Upavaasa was observed on 21-Oct-26.,Papankusha Ekadashi. Perform Parana today between 02:14 PM and 04:26 PM. Upavaasa was observed on 21-Oct-26. Upavaasa: 21-Oct-26 | Parana today: 02:14 PM to 04:26 PM
geoname:1264527,Chennai,Tamil Nadu,India,Asia/Kolkata,1264527,Papankusha Ekadashi,Normal Ekadashi,NORMAL,2026-10-22,,2026-10-23,06:00 AM,08:21 AM,PRATAH,DWADASHI,08:44 PM,2026-10-22,COMPLETE,2026-10-22,UPAVASA_DAY_1,Papankusha Ekadashi,"Upavaasa: 22-Oct-26 | Parana: 23-Oct-26, 06:00 AM to 08:21 AM",Normal Ekadashi. **Observe Upavaasa today.** Ekadashi began before Arunodaya and no two-day exception applies.,"Papankusha Ekadashi. Normal Ekadashi. Observe Upavaasa today. Ekadashi began before Arunodaya and no two-day exception applies. Upavaasa: 22-Oct-26 | Parana: 23-Oct-26, 06:00 AM to 08:21 AM"
geoname:4887398,Chicago,Illinois,United States,America/Chicago,4887398,Papankusha Ekadashi,Normal Ekadashi,NORMAL,2026-10-21,,2026-10-22,01:39 PM,03:49 PM,APARAHNA,DWADASHI,10:14 AM,2026-10-22,COMPLETE,2026-10-22,PARANA,Papankusha Ekadashi,Upavaasa: 21-Oct-26 | Parana today: 01:39 PM to 03:49 PM,**Perform Parana today** between 01:39 PM and 03:49 PM. Upavaasa was observed on 21-Oct-26.,Papankusha Ekadashi. Perform Parana today between 01:39 PM and 03:49 PM. Upavaasa was observed on 21-Oct-26. Upavaasa: 21-Oct-26 | Parana today: 01:39 PM to 03:49 PM
geoname:1274256,Chidambaram,Tamil Nadu,India,Asia/Kolkata,1274256,Papankusha Ekadashi,Normal Ekadashi,NORMAL,2026-10-22,,2026-10-23,06:01 AM,08:23 AM,PRATAH,DWADASHI,08:44 PM,2026-10-22,COMPLETE,2026-10-22,UPAVASA_DAY_1,Papankusha Ekadashi,"Upavaasa: 22-Oct-26 | Parana: 23-Oct-26, 06:01 AM to 08:23 AM",Normal Ekadashi. **Observe Upavaasa today.** Ekadashi began before Arunodaya and no two-day exception applies.,"Papankusha Ekadashi. Normal Ekadashi. Observe Upavaasa today. Ekadashi began before Arunodaya and no two-day exception applies. Upavaasa: 22-Oct-26 | Parana: 23-Oct-26, 06:01 AM to 08:23 AM"
geoname:2192362,Christchurch,Canterbury,New Zealand,Pacific/Auckland,2192362,Papankusha Ekadashi,Normal Ekadashi,NORMAL,2026-10-22,,2026-10-23,06:26 AM,09:09 AM,PRATAH,DWADASHI,04:14 AM,2026-10-22,COMPLETE,2026-10-22,UPAVASA_DAY_1,Papankusha Ekadashi,"Upavaasa: 22-Oct-26 | Parana: 23-Oct-26, 06:26 AM to 09:09 AM",Normal Ekadashi. **Observe Upavaasa today.** Ekadashi began before Arunodaya and no two-day exception applies.,"Papankusha Ekadashi. Normal Ekadashi. Observe Upavaasa today. Ekadashi began before Arunodaya and no two-day exception applies. Upavaasa: 22-Oct-26 | Parana: 23-Oct-26, 06:26 AM to 09:09 AM"
geoname:4508722,Cincinnati,Ohio,United States,America/New_York,4508722,Papankusha Ekadashi,Normal Ekadashi,NORMAL,2026-10-21,,2026-10-22,02:27 PM,04:38 PM,APARAHNA,DWADASHI,11:14 AM,2026-10-22,COMPLETE,2026-10-22,PARANA,Papankusha Ekadashi,Upavaasa: 21-Oct-26 | Parana today: 02:27 PM to 04:38 PM,**Perform Parana today** between 02:27 PM and 04:38 PM. Upavaasa was observed on 21-Oct-26.,Papankusha Ekadashi. Perform Parana today between 02:27 PM and 04:38 PM. Upavaasa was observed on 21-Oct-26. Upavaasa: 21-Oct-26 | Parana today: 02:27 PM to 04:38 PM
geoname:5150529,Cleveland,Ohio,United States,America/New_York,5150529,Papankusha Ekadashi,Normal Ekadashi,NORMAL,2026-10-21,,2026-10-22,02:16 PM,04:25 PM,APARAHNA,DWADASHI,11:14 AM,2026-10-22,COMPLETE,2026-10-22,PARANA,Papankusha Ekadashi,Upavaasa: 21-Oct-26 | Parana today: 02:16 PM to 04:25 PM,**Perform Parana today** between 02:16 PM and 04:25 PM. Upavaasa was observed on 21-Oct-26.,Papankusha Ekadashi. Perform Parana today between 02:16 PM and 04:25 PM. Upavaasa was observed on 21-Oct-26. Upavaasa: 21-Oct-26 | Parana today: 02:16 PM to 04:25 PM
geoname:1273865,Coimbatore,Tamil Nadu,India,Asia/Kolkata,1273865,Papankusha Ekadashi,Normal Ekadashi,NORMAL,2026-10-22,,2026-10-23,06:12 AM,08:34 AM,PRATAH,DWADASHI,08:44 PM,2026-10-22,COMPLETE,2026-10-22,UPAVASA_DAY_1,Papankusha Ekadashi,"Upavaasa: 22-Oct-26 | Parana: 23-Oct-26, 06:12 AM to 08:34 AM",Normal Ekadashi. **Observe Upavaasa today.** Ekadashi began before Arunodaya and no two-day exception applies.,"Papankusha Ekadashi. Normal Ekadashi. Observe Upavaasa today. Ekadashi began before Arunodaya and no two-day exception applies. Upavaasa: 22-Oct-26 | Parana: 23-Oct-26, 06:12 AM to 08:34 AM"
geoname:4256038,Columbus,Indiana,United States,America/Indiana/Indianapolis,4256038,Papankusha Ekadashi,Normal Ekadashi,NORMAL,2026-10-21,,2026-10-22,02:33 PM,04:44 PM,APARAHNA,DWADASHI,11:14 AM,2026-10-22,COMPLETE,2026-10-22,PARANA,Papankusha Ekadashi,Upavaasa: 21-Oct-26 | Parana today: 02:33 PM to 04:44 PM,**Perform Parana today** between 02:33 PM and 04:44 PM. Upavaasa was observed on 21-Oct-26.,Papankusha Ekadashi. Perform Parana today between 02:33 PM and 04:44 PM. Upavaasa was observed on 21-Oct-26. Upavaasa: 21-Oct-26 | Parana today: 02:33 PM to 04:44 PM
geoname:4509177,Columbus,Ohio,United States,America/New_York,4509177,Papankusha Ekadashi,Normal Ekadashi,NORMAL,2026-10-21,,2026-10-22,02:21 PM,04:32 PM,APARAHNA,DWADASHI,11:14 AM,2026-10-22,COMPLETE,2026-10-22,PARANA,Papankusha Ekadashi,Upavaasa: 21-Oct-26 | Parana today: 02:21 PM to 04:32 PM,**Perform Parana today** between 02:21 PM and 04:32 PM. Upavaasa was observed on 21-Oct-26.,Papankusha Ekadashi. Perform Parana today between 02:21 PM and 04:32 PM. Upavaasa was observed on 21-Oct-26. Upavaasa: 21-Oct-26 | Parana today: 02:21 PM to 04:32 PM
geoname:4684888,Dallas,Texas,United States,America/Chicago,4684888,Papankusha Ekadashi,Normal Ekadashi,NORMAL,2026-10-21,,2026-10-22,02:18 PM,04:32 PM,APARAHNA,DWADASHI,10:14 AM,2026-10-22,COMPLETE,2026-10-22,PARANA,Papankusha Ekadashi,Upavaasa: 21-Oct-26 | Parana today: 02:18 PM to 04:32 PM,**Perform Parana today** between 02:18 PM and 04:32 PM. Upavaasa was observed on 21-Oct-26.,Papankusha Ekadashi. Perform Parana today between 02:18 PM and 04:32 PM. Upavaasa was observed on 21-Oct-26. Upavaasa: 21-Oct-26 | Parana today: 02:18 PM to 04:32 PM
geoname:2938913,Darmstadt,Hesse,Germany,Europe/Berlin,2938913,Papankusha Ekadashi,Normal Ekadashi,NORMAL,2026-10-22,,2026-10-23,08:00 AM,10:04 AM,PRATAH,DWADASHI,05:14 PM,2026-10-22,COMPLETE,2026-10-22,UPAVASA_DAY_1,Papankusha Ekadashi,"Upavaasa: 22-Oct-26 | Parana: 23-Oct-26, 08:00 AM to 10:04 AM",Normal Ekadashi. **Observe Upavaasa today.** Ekadashi began before Arunodaya and no two-day exception applies.,"Papankusha Ekadashi. Normal Ekadashi. Observe Upavaasa today. Ekadashi began before Arunodaya and no two-day exception applies. Upavaasa: 22-Oct-26 | Parana: 23-Oct-26, 08:00 AM to 10:04 AM"
geoname:1272648,Dibrugarh,Assam,India,Asia/Kolkata,1272648,Papankusha Ekadashi,Normal Ekadashi,NORMAL,2026-10-22,,2026-10-23,05:15 AM,07:31 AM,PRATAH,DWADASHI,08:44 PM,2026-10-22,COMPLETE,2026-10-22,UPAVASA_DAY_1,Papankusha Ekadashi,"Upavaasa: 22-Oct-26 | Parana: 23-Oct-26, 05:15 AM to 07:31 AM",Normal Ekadashi. **Observe Upavaasa today.** Ekadashi began before Arunodaya and no two-day exception applies.,"Papankusha Ekadashi. Normal Ekadashi. Observe Upavaasa today. Ekadashi began before Arunodaya and no two-day exception applies. Upavaasa: 22-Oct-26 | Parana: 23-Oct-26, 05:15 AM to 07:31 AM"
geoname:1272552,Dimapur,Nagaland,India,Asia/Kolkata,1272552,Papankusha Ekadashi,Normal Ekadashi,NORMAL,2026-10-22,,2026-10-23,05:18 AM,07:34 AM,PRATAH,DWADASHI,08:44 PM,2026-10-22,COMPLETE,2026-10-22,UPAVASA_DAY_1,Papankusha Ekadashi,"Upavaasa: 22-Oct-26 | Parana: 23-Oct-26, 05:18 AM to 07:34 AM",Normal Ekadashi. **Observe Upavaasa today.** Ekadashi began before Arunodaya and no two-day exception applies.,"Papankusha Ekadashi. Normal Ekadashi. Observe Upavaasa today. Ekadashi began before Arunodaya and no two-day exception applies. Upavaasa: 22-Oct-26 | Parana: 23-Oct-26, 05:18 AM to 07:34 AM"
geoname:290030,Doha,Baladīyat ad Dawḩah,Qatar,Asia/Qatar,290030,Papankusha Ekadashi,Normal Ekadashi,NORMAL,2026-10-22,,2026-10-23,05:36 AM,07:53 AM,PRATAH,DWADASHI,06:14 PM,2026-10-22,COMPLETE,2026-10-22,UPAVASA_DAY_1,Papankusha Ekadashi,"Upavaasa: 22-Oct-26 | Parana: 23-Oct-26, 05:36 AM to 07:53 AM",Normal Ekadashi. **Observe Upavaasa today.** Ekadashi began before Arunodaya and no two-day exception applies.,"Papankusha Ekadashi. Normal Ekadashi. Observe Upavaasa today. Ekadashi began before Arunodaya and no two-day exception applies. Upavaasa: 22-Oct-26 | Parana: 23-Oct-26, 05:36 AM to 07:53 AM"
geoname:292223,Dubai,Dubai,United Arab Emirates,Asia/Dubai,292223,Papankusha Ekadashi,Normal Ekadashi,NORMAL,2026-10-22,,2026-10-23,06:21 AM,08:38 AM,PRATAH,DWADASHI,07:14 PM,2026-10-22,COMPLETE,2026-10-22,UPAVASA_DAY_1,Papankusha Ekadashi,"Upavaasa: 22-Oct-26 | Parana: 23-Oct-26, 06:21 AM to 08:38 AM",Normal Ekadashi. **Observe Upavaasa today.** Ekadashi began before Arunodaya and no two-day exception applies.,"Papankusha Ekadashi. Normal Ekadashi. Observe Upavaasa today. Ekadashi began before Arunodaya and no two-day exception applies. Upavaasa: 22-Oct-26 | Parana: 23-Oct-26, 06:21 AM to 08:38 AM"
geoname:2928751,Esslingen,Esslingen,Germany,Europe/Berlin,2928751,Papankusha Ekadashi,Normal Ekadashi,NORMAL,2026-10-22,,2026-10-23,07:55 AM,10:00 AM,PRATAH,DWADASHI,05:14 PM,2026-10-22,COMPLETE,2026-10-22,UPAVASA_DAY_1,Papankusha Ekadashi,"Upavaasa: 22-Oct-26 | Parana: 23-Oct-26, 07:55 AM to 10:00 AM",Normal Ekadashi. **Observe Upavaasa today.** Ekadashi began before Arunodaya and no two-day exception applies.,"Papankusha Ekadashi. Normal Ekadashi. Observe Upavaasa today. Ekadashi began before Arunodaya and no two-day exception applies. Upavaasa: 22-Oct-26 | Parana: 23-Oct-26, 07:55 AM to 10:00 AM"
geoname:1271631,Gangtok,Sikkim,India,Asia/Kolkata,1271631,Papankusha Ekadashi,Normal Ekadashi,NORMAL,2026-10-22,,2026-10-23,05:40 AM,07:56 AM,PRATAH,DWADASHI,08:44 PM,2026-10-22,COMPLETE,2026-10-22,UPAVASA_DAY_1,Papankusha Ekadashi,"Upavaasa: 22-Oct-26 | Parana: 23-Oct-26, 05:40 AM to 07:56 AM",Normal Ekadashi. **Observe Upavaasa today.** Ekadashi began before Arunodaya and no two-day exception applies.,"Papankusha Ekadashi. Normal Ekadashi. Observe Upavaasa today. Ekadashi began before Arunodaya and no two-day exception applies. Upavaasa: 22-Oct-26 | Parana: 23-Oct-26, 05:40 AM to 07:56 AM"
geoname:5119251,Greece,New York,United States,America/New_York,5119251,Papankusha Ekadashi,Normal Ekadashi,NORMAL,2026-10-21,,2026-10-22,01:59 PM,04:08 PM,APARAHNA,DWADASHI,11:14 AM,2026-10-22,COMPLETE,2026-10-22,PARANA,Papankusha Ekadashi,Upavaasa: 21-Oct-26 | Parana today: 01:59 PM to 04:08 PM,**Perform Parana today** between 01:59 PM and 04:08 PM. Upavaasa was observed on 21-Oct-26.,Papankusha Ekadashi. Perform Parana today between 01:59 PM and 04:08 PM. Upavaasa was observed on 21-Oct-26. Upavaasa: 21-Oct-26 | Parana today: 01:59 PM to 04:08 PM
geoname:1270603,Guruvayur,Kerala,India,Asia/Kolkata,1270603,Papankusha Ekadashi,Normal Ekadashi,NORMAL,2026-10-22,,2026-10-23,06:15 AM,08:37 AM,PRATAH,DWADASHI,08:44 PM,2026-10-22,COMPLETE,2026-10-22,UPAVASA_DAY_1,Papankusha Ekadashi,"Upavaasa: 22-Oct-26 | Parana: 23-Oct-26, 06:15 AM to 08:37 AM",Normal Ekadashi. **Observe Upavaasa today.** Ekadashi began before Arunodaya and no two-day exception applies.,"Papankusha Ekadashi. Normal Ekadashi. Observe Upavaasa today. Ekadashi began before Arunodaya and no two-day exception applies. Upavaasa: 22-Oct-26 | Parana: 23-Oct-26, 06:15 AM to 08:37 AM"
geoname:1271476,Guwahati,Assam,India,Asia/Kolkata,1271476,Papankusha Ekadashi,Normal Ekadashi,NORMAL,2026-10-22,,2026-10-23,05:26 AM,07:42 AM,PRATAH,DWADASHI,08:44 PM,2026-10-22,COMPLETE,2026-10-22,UPAVASA_DAY_1,Papankusha Ekadashi,"Upavaasa: 22-Oct-26 | Parana: 23-Oct-26, 05:26 AM to 07:42 AM",Normal Ekadashi. **Observe Upavaasa today.** Ekadashi began before Arunodaya and no two-day exception applies.,"Papankusha Ekadashi. Normal Ekadashi. Observe Upavaasa today. Ekadashi began before Arunodaya and no two-day exception applies. Upavaasa: 22-Oct-26 | Parana: 23-Oct-26, 05:26 AM to 07:42 AM"
geoname:4699066,Houston,Texas,United States,America/Chicago,4699066,Papankusha Ekadashi,Normal Ekadashi,NORMAL,2026-10-21,,2026-10-22,02:13 PM,04:28 PM,APARAHNA,DWADASHI,10:14 AM,2026-10-22,COMPLETE,2026-10-22,PARANA,Papankusha Ekadashi,Upavaasa: 21-Oct-26 | Parana today: 02:13 PM to 04:28 PM,**Perform Parana today** between 02:13 PM and 04:28 PM. Upavaasa was observed on 21-Oct-26.,Papankusha Ekadashi. Perform Parana today between 02:13 PM and 04:28 PM. Upavaasa was observed on 21-Oct-26. Upavaasa: 21-Oct-26 | Parana today: 02:13 PM to 04:28 PM
geoname:1269920,Hubli,Karnataka,India,Asia/Kolkata,1269920,Papankusha Ekadashi,Normal Ekadashi,NORMAL,2026-10-22,,2026-10-23,06:23 AM,08:43 AM,PRATAH,DWADASHI,08:44 PM,2026-10-22,COMPLETE,2026-10-22,UPAVASA_DAY_1,Papankusha Ekadashi,"Upavaasa: 22-Oct-26 | Parana: 23-Oct-26, 06:23 AM to 08:43 AM",Normal Ekadashi. **Observe Upavaasa today.** Ekadashi began before Arunodaya and no two-day exception applies.,"Papankusha Ekadashi. Normal Ekadashi. Observe Upavaasa today. Ekadashi began before Arunodaya and no two-day exception applies. Upavaasa: 22-Oct-26 | Parana: 23-Oct-26, 06:23 AM to 08:43 AM"
geoname:1269843,Hyderabad,Telangana,India,Asia/Kolkata,1269843,Papankusha Ekadashi,Normal Ekadashi,NORMAL,2026-10-22,,2026-10-23,06:11 AM,08:31 AM,PRATAH,DWADASHI,08:44 PM,2026-10-22,COMPLETE,2026-10-22,UPAVASA_DAY_1,Papankusha Ekadashi,"Upavaasa: 22-Oct-26 | Parana: 23-Oct-26, 06:11 AM to 08:31 AM",Normal Ekadashi. **Observe Upavaasa today.** Ekadashi began before Arunodaya and no two-day exception applies.,"Papankusha Ekadashi. Normal Ekadashi. Observe Upavaasa today. Ekadashi began before Arunodaya and no two-day exception applies. Upavaasa: 22-Oct-26 | Parana: 23-Oct-26, 06:11 AM to 08:31 AM"
geoname:1269771,Imphal,Manipur,India,Asia/Kolkata,1269771,Papankusha Ekadashi,Normal Ekadashi,NORMAL,2026-10-22,,2026-10-23,05:16 AM,07:33 AM,PRATAH,DWADASHI,08:44 PM,2026-10-22,COMPLETE,2026-10-22,UPAVASA_DAY_1,Papankusha Ekadashi,"Upavaasa: 22-Oct-26 | Parana: 23-Oct-26, 05:16 AM to 07:33 AM",Normal Ekadashi. **Observe Upavaasa today.** Ekadashi began before Arunodaya and no two-day exception applies.,"Papankusha Ekadashi. Normal Ekadashi. Observe Upavaasa today. Ekadashi began before Arunodaya and no two-day exception applies. Upavaasa: 22-Oct-26 | Parana: 23-Oct-26, 05:16 AM to 07:33 AM"
geoname:1269655,Itanagar,Arunachal Pradesh,India,Asia/Kolkata,1269655,Papankusha Ekadashi,Normal Ekadashi,NORMAL,2026-10-22,,2026-10-23,05:20 AM,07:36 AM,PRATAH,DWADASHI,08:44 PM,2026-10-22,COMPLETE,2026-10-22,UPAVASA_DAY_1,Papankusha Ekadashi,"Upavaasa: 22-Oct-26 | Parana: 23-Oct-26, 05:20 AM to 07:36 AM",Normal Ekadashi. **Observe Upavaasa today.** Ekadashi began before Arunodaya and no two-day exception applies.,"Papankusha Ekadashi. Normal Ekadashi. Observe Upavaasa today. Ekadashi began before Arunodaya and no two-day exception applies. Upavaasa: 22-Oct-26 | Parana: 23-Oct-26, 05:20 AM to 07:36 AM"
geoname:1268159,Kanchipuram,Tamil Nadu,India,Asia/Kolkata,1268159,Papankusha Ekadashi,Normal Ekadashi,NORMAL,2026-10-22,,2026-10-23,06:03 AM,08:24 AM,PRATAH,DWADASHI,08:44 PM,2026-10-22,COMPLETE,2026-10-22,UPAVASA_DAY_1,Papankusha Ekadashi,"Upavaasa: 22-Oct-26 | Parana: 23-Oct-26, 06:03 AM to 08:24 AM",Normal Ekadashi. **Observe Upavaasa today.** Ekadashi began before Arunodaya and no two-day exception applies.,"Papankusha Ekadashi. Normal Ekadashi. Observe Upavaasa today. Ekadashi began before Arunodaya and no two-day exception applies. Upavaasa: 22-Oct-26 | Parana: 23-Oct-26, 06:03 AM to 08:24 AM"
geoname:4634946,Knoxville,Tennessee,United States,America/New_York,4634946,Papankusha Ekadashi,Normal Ekadashi,NORMAL,2026-10-21,,2026-10-22,02:26 PM,04:39 PM,APARAHNA,DWADASHI,11:14 AM,2026-10-22,COMPLETE,2026-10-22,PARANA,Papankusha Ekadashi,Upavaasa: 21-Oct-26 | Parana today: 02:26 PM to 04:39 PM,**Perform Parana today** between 02:26 PM and 04:39 PM. Upavaasa was observed on 21-Oct-26.,Papankusha Ekadashi. Perform Parana today between 02:26 PM and 04:39 PM. Upavaasa was observed on 21-Oct-26. Upavaasa: 21-Oct-26 | Parana today: 02:26 PM to 04:39 PM
geoname:1266285,Kolhapur,Maharashtra,India,Asia/Kolkata,1266285,Papankusha Ekadashi,Normal Ekadashi,NORMAL,2026-10-22,,2026-10-23,06:28 AM,08:48 AM,PRATAH,DWADASHI,08:44 PM,2026-10-22,COMPLETE,2026-10-22,UPAVASA_DAY_1,Papankusha Ekadashi,"Upavaasa: 22-Oct-26 | Parana: 23-Oct-26, 06:28 AM to 08:48 AM",Normal Ekadashi. **Observe Upavaasa today.** Ekadashi began before Arunodaya and no two-day exception applies.,"Papankusha Ekadashi. Normal Ekadashi. Observe Upavaasa today. Ekadashi began before Arunodaya and no two-day exception applies. Upavaasa: 22-Oct-26 | Parana: 23-Oct-26, 06:28 AM to 08:48 AM"
geoname:1275004,Kolkata,West Bengal,India,Asia/Kolkata,1275004,Papankusha Ekadashi,Normal Ekadashi,NORMAL,2026-10-22,,2026-10-23,05:36 AM,07:54 AM,PRATAH,DWADASHI,08:44 PM,2026-10-22,COMPLETE,2026-10-22,UPAVASA_DAY_1,Papankusha Ekadashi,"Upavaasa: 22-Oct-26 | Parana: 23-Oct-26, 05:36 AM to 07:54 AM",Normal Ekadashi. **Observe Upavaasa today.** Ekadashi began before Arunodaya and no two-day exception applies.,"Papankusha Ekadashi. Normal Ekadashi. Observe Upavaasa today. Ekadashi began before Arunodaya and no two-day exception applies. Upavaasa: 22-Oct-26 | Parana: 23-Oct-26, 05:36 AM to 07:54 AM"
geoname:1265683,Kumbakonam,Tamil Nadu,India,Asia/Kolkata,1265683,Papankusha Ekadashi,Normal Ekadashi,NORMAL,2026-10-22,,2026-10-23,06:02 AM,08:24 AM,PRATAH,DWADASHI,08:44 PM,2026-10-22,COMPLETE,2026-10-22,UPAVASA_DAY_1,Papankusha Ekadashi,"Upavaasa: 22-Oct-26 | Parana: 23-Oct-26, 06:02 AM to 08:24 AM",Normal Ekadashi. **Observe Upavaasa today.** Ekadashi began before Arunodaya and no two-day exception applies.,"Papankusha Ekadashi. Normal Ekadashi. Observe Upavaasa today. Ekadashi began before Arunodaya and no two-day exception applies. Upavaasa: 22-Oct-26 | Parana: 23-Oct-26, 06:02 AM to 08:24 AM"
geoname:285787,Kuwait,Al Asimah,Kuwait,Asia/Kuwait,285787,Papankusha Ekadashi,Normal Ekadashi,NORMAL,2026-10-22,,2026-10-23,05:54 AM,08:09 AM,PRATAH,DWADASHI,06:14 PM,2026-10-22,COMPLETE,2026-10-22,UPAVASA_DAY_1,Papankusha Ekadashi,"Upavaasa: 22-Oct-26 | Parana: 23-Oct-26, 05:54 AM to 08:09 AM",Normal Ekadashi. **Observe Upavaasa today.** Ekadashi began before Arunodaya and no two-day exception applies.,"Papankusha Ekadashi. Normal Ekadashi. Observe Upavaasa today. Ekadashi began before Arunodaya and no two-day exception applies. Upavaasa: 22-Oct-26 | Parana: 23-Oct-26, 05:54 AM to 08:09 AM"
geoname:4922462,Lafayette,Indiana,United States,America/Indiana/Indianapolis,4922462,Papankusha Ekadashi,Normal Ekadashi,NORMAL,2026-10-21,,2026-10-22,02:37 PM,04:47 PM,APARAHNA,DWADASHI,11:14 AM,2026-10-22,COMPLETE,2026-10-22,PARANA,Papankusha Ekadashi,Upavaasa: 21-Oct-26 | Parana today: 02:37 PM to 04:47 PM,**Perform Parana today** between 02:37 PM and 04:47 PM. Upavaasa was observed on 21-Oct-26.,Papankusha Ekadashi. Perform Parana today between 02:37 PM and 04:47 PM. Upavaasa was observed on 21-Oct-26. Upavaasa: 21-Oct-26 | Parana today: 02:37 PM to 04:47 PM
geoname:2643743,London,London,United Kingdom,Europe/London,2643743,Papankusha Ekadashi,Normal Ekadashi,NORMAL,2026-10-22,,2026-10-23,07:38 AM,09:41 AM,PRATAH,DWADASHI,04:14 PM,2026-10-22,COMPLETE,2026-10-22,UPAVASA_DAY_1,Papankusha Ekadashi,"Upavaasa: 22-Oct-26 | Parana: 23-Oct-26, 07:38 AM to 09:41 AM",Normal Ekadashi. **Observe Upavaasa today.** Ekadashi began before Arunodaya and no two-day exception applies.,"Papankusha Ekadashi. Normal Ekadashi. Observe Upavaasa today. Ekadashi began before Arunodaya and no two-day exception applies. Upavaasa: 22-Oct-26 | Parana: 23-Oct-26, 07:38 AM to 09:41 AM"
geoname:5368361,Los Angeles,California,United States,America/Los_Angeles,5368361,Papankusha Ekadashi,Normal Ekadashi,NORMAL,2026-10-21,,2026-10-22,08:14 AM,09:17 AM,PRATAH,DWADASHI,08:14 AM,2026-10-22,COMPLETE,2026-10-22,PARANA,Papankusha Ekadashi,Upavaasa: 21-Oct-26 | Parana today: 08:14 AM to 09:17 AM,**Perform Parana today** between 08:14 AM and 09:17 AM. Upavaasa was observed on 21-Oct-26.,Papankusha Ekadashi. Perform Parana today between 08:14 AM and 09:17 AM. Upavaasa was observed on 21-Oct-26. Upavaasa: 21-Oct-26 | Parana today: 08:14 AM to 09:17 AM
geoname:1264733,Lucknow,Uttar Pradesh,India,Asia/Kolkata,1264733,Papankusha Ekadashi,Normal Ekadashi,NORMAL,2026-10-22,,2026-10-23,06:10 AM,08:26 AM,PRATAH,DWADASHI,08:44 PM,2026-10-22,COMPLETE,2026-10-22,UPAVASA_DAY_1,Papankusha Ekadashi,"Upavaasa: 22-Oct-26 | Parana: 23-Oct-26, 06:10 AM to 08:26 AM",Normal Ekadashi. **Observe Upavaasa today.** Ekadashi began before Arunodaya and no two-day exception applies.,"Papankusha Ekadashi. Normal Ekadashi. Observe Upavaasa today. Ekadashi began before Arunodaya and no two-day exception applies. Upavaasa: 22-Oct-26 | Parana: 23-Oct-26, 06:10 AM to 08:26 AM"
geoname:1264521,Madurai,Tamil Nadu,India,Asia/Kolkata,1264521,Papankusha Ekadashi,Normal Ekadashi,NORMAL,2026-10-22,,2026-10-23,06:06 AM,08:28 AM,PRATAH,DWADASHI,08:44 PM,2026-10-22,COMPLETE,2026-10-22,UPAVASA_DAY_1,Papankusha Ekadashi,"Upavaasa: 22-Oct-26 | Parana: 23-Oct-26, 06:06 AM to 08:28 AM",Normal Ekadashi. **Observe Upavaasa today.** Ekadashi began before Arunodaya and no two-day exception applies.,"Papankusha Ekadashi. Normal Ekadashi. Observe Upavaasa today. Ekadashi began before Arunodaya and no two-day exception applies. Upavaasa: 22-Oct-26 | Parana: 23-Oct-26, 06:06 AM to 08:28 AM"
geoname:1263780,Mangalore,Karnataka,India,Asia/Kolkata,1263780,Papankusha Ekadashi,Normal Ekadashi,NORMAL,2026-10-22,,2026-10-23,06:22 AM,08:43 AM,PRATAH,DWADASHI,08:44 PM,2026-10-22,COMPLETE,2026-10-22,UPAVASA_DAY_1,Papankusha Ekadashi,"Upavaasa: 22-Oct-26 | Parana: 23-Oct-26, 06:22 AM to 08:43 AM",Normal Ekadashi. **Observe Upavaasa today.** Ekadashi began before Arunodaya and no two-day exception applies.,"Papankusha Ekadashi. Normal Ekadashi. Observe Upavaasa today. Ekadashi began before Arunodaya and no two-day exception applies. Upavaasa: 22-Oct-26 | Parana: 23-Oct-26, 06:22 AM to 08:43 AM"
geoname:2158177,Melbourne,Victoria,Australia,Australia/Melbourne,2158177,Papankusha Ekadashi,Normal Ekadashi,NORMAL,2026-10-22,,2026-10-23,06:25 AM,09:05 AM,PRATAH,DWADASHI,02:14 AM,2026-10-22,COMPLETE,2026-10-22,UPAVASA_DAY_1,Papankusha Ekadashi,"Upavaasa: 22-Oct-26 | Parana: 23-Oct-26, 06:25 AM to 09:05 AM",Normal Ekadashi. **Observe Upavaasa today.** Ekadashi began before Arunodaya and no two-day exception applies.,"Papankusha Ekadashi. Normal Ekadashi. Observe Upavaasa today. Ekadashi began before Arunodaya and no two-day exception applies. Upavaasa: 22-Oct-26 | Parana: 23-Oct-26, 06:25 AM to 09:05 AM"
geoname:1275339,Mumbai,Maharashtra,India,Asia/Kolkata,1275339,Papankusha Ekadashi,Normal Ekadashi,NORMAL,2026-10-22,,2026-10-23,06:35 AM,08:54 AM,PRATAH,DWADASHI,08:44 PM,2026-10-22,COMPLETE,2026-10-22,UPAVASA_DAY_1,Papankusha Ekadashi,"Upavaasa: 22-Oct-26 | Parana: 23-Oct-26, 06:35 AM to 08:54 AM",Normal Ekadashi. **Observe Upavaasa today.** Ekadashi began before Arunodaya and no two-day exception applies.,"Papankusha Ekadashi. Normal Ekadashi. Observe Upavaasa today. Ekadashi began before Arunodaya and no two-day exception applies. Upavaasa: 22-Oct-26 | Parana: 23-Oct-26, 06:35 AM to 08:54 AM"
geoname:1262321,Mysuru,Karnataka,India,Asia/Kolkata,1262321,Papankusha Ekadashi,Normal Ekadashi,NORMAL,2026-10-22,,2026-10-23,06:14 AM,08:35 AM,PRATAH,DWADASHI,08:44 PM,2026-10-22,COMPLETE,2026-10-22,UPAVASA_DAY_1,Papankusha Ekadashi,"Upavaasa: 22-Oct-26 | Parana: 23-Oct-26, 06:14 AM to 08:35 AM",Normal Ekadashi. **Observe Upavaasa today.** Ekadashi began before Arunodaya and no two-day exception applies.,"Papankusha Ekadashi. Normal Ekadashi. Observe Upavaasa today. Ekadashi began before Arunodaya and no two-day exception applies. Upavaasa: 22-Oct-26 | Parana: 23-Oct-26, 06:14 AM to 08:35 AM"
geoname:1262180,Nagpur,Maharashtra,India,Asia/Kolkata,1262180,Papankusha Ekadashi,Normal Ekadashi,NORMAL,2026-10-22,,2026-10-23,06:12 AM,08:30 AM,PRATAH,DWADASHI,08:44 PM,2026-10-22,COMPLETE,2026-10-22,UPAVASA_DAY_1,Papankusha Ekadashi,"Upavaasa: 22-Oct-26 | Parana: 23-Oct-26, 06:12 AM to 08:30 AM",Normal Ekadashi. **Observe Upavaasa today.** Ekadashi began before Arunodaya and no two-day exception applies.,"Papankusha Ekadashi. Normal Ekadashi. Observe Upavaasa today. Ekadashi began before Arunodaya and no two-day exception applies. Upavaasa: 22-Oct-26 | Parana: 23-Oct-26, 06:12 AM to 08:30 AM"
geoname:4644585,Nashville,Tennessee,United States,America/Chicago,4644585,Papankusha Ekadashi,Normal Ekadashi,NORMAL,2026-10-21,,2026-10-22,01:38 PM,03:50 PM,APARAHNA,DWADASHI,10:14 AM,2026-10-22,COMPLETE,2026-10-22,PARANA,Papankusha Ekadashi,Upavaasa: 21-Oct-26 | Parana today: 01:38 PM to 03:50 PM,**Perform Parana today** between 01:38 PM and 03:50 PM. Upavaasa was observed on 21-Oct-26.,Papankusha Ekadashi. Perform Parana today between 01:38 PM and 03:50 PM. Upavaasa was observed on 21-Oct-26. Upavaasa: 21-Oct-26 | Parana today: 01:38 PM to 03:50 PM
geoname:5099836,New Jersey,New Jersey,United States,America/New_York,5099836,Papankusha Ekadashi,Normal Ekadashi,NORMAL,2026-10-21,,2026-10-22,01:46 PM,03:56 PM,APARAHNA,DWADASHI,11:14 AM,2026-10-22,COMPLETE,2026-10-22,PARANA,Papankusha Ekadashi,Upavaasa: 21-Oct-26 | Parana today: 01:46 PM to 03:56 PM,**Perform Parana today** between 01:46 PM and 03:56 PM. Upavaasa was observed on 21-Oct-26.,Papankusha Ekadashi. Perform Parana today between 01:46 PM and 03:56 PM. Upavaasa was observed on 21-Oct-26. Upavaasa: 21-Oct-26 | Parana today: 01:46 PM to 03:56 PM
geoname:5128581,New York,New York,United States,America/New_York,5128581,Papankusha Ekadashi,Normal Ekadashi,NORMAL,2026-10-21,,2026-10-22,01:45 PM,03:55 PM,APARAHNA,DWADASHI,11:14 AM,2026-10-22,COMPLETE,2026-10-22,PARANA,Papankusha Ekadashi,Upavaasa: 21-Oct-26 | Parana today: 01:45 PM to 03:55 PM,**Perform Parana today** between 01:45 PM and 03:55 PM. Upavaasa was observed on 21-Oct-26.,Papankusha Ekadashi. Perform Parana today between 01:45 PM and 03:55 PM. Upavaasa was observed on 21-Oct-26. Upavaasa: 21-Oct-26 | Parana today: 01:45 PM to 03:55 PM
geoname:4167147,Orlando,Florida,United States,America/New_York,4167147,Papankusha Ekadashi,Normal Ekadashi,NORMAL,2026-10-21,,2026-10-22,02:18 PM,04:33 PM,APARAHNA,DWADASHI,11:14 AM,2026-10-22,COMPLETE,2026-10-22,PARANA,Papankusha Ekadashi,Upavaasa: 21-Oct-26 | Parana today: 02:18 PM to 04:33 PM,**Perform Parana today** between 02:18 PM and 04:33 PM. Upavaasa was observed on 21-Oct-26.,Papankusha Ekadashi. Perform Parana today between 02:18 PM and 04:33 PM. Upavaasa was observed on 21-Oct-26. Upavaasa: 21-Oct-26 | Parana today: 02:18 PM to 04:33 PM
geoname:1260546,Pandharpur,Maharashtra,India,Asia/Kolkata,1260546,Papankusha Ekadashi,Normal Ekadashi,NORMAL,2026-10-22,,2026-10-23,06:24 AM,08:44 AM,PRATAH,DWADASHI,08:44 PM,2026-10-22,COMPLETE,2026-10-22,UPAVASA_DAY_1,Papankusha Ekadashi,"Upavaasa: 22-Oct-26 | Parana: 23-Oct-26, 06:24 AM to 08:44 AM",Normal Ekadashi. **Observe Upavaasa today.** Ekadashi began before Arunodaya and no two-day exception applies.,"Papankusha Ekadashi. Normal Ekadashi. Observe Upavaasa today. Ekadashi began before Arunodaya and no two-day exception applies. Upavaasa: 22-Oct-26 | Parana: 23-Oct-26, 06:24 AM to 08:44 AM"
geoname:2063523,Perth,Western Australia,Australia,Australia/Perth,2063523,Papankusha Ekadashi,Normal Ekadashi,NORMAL,2026-10-22,,2026-10-23,05:28 AM,08:05 AM,PRATAH,DWADASHI,11:14 PM,2026-10-22,COMPLETE,2026-10-22,UPAVASA_DAY_1,Papankusha Ekadashi,"Upavaasa: 22-Oct-26 | Parana: 23-Oct-26, 05:28 AM to 08:05 AM",Normal Ekadashi. **Observe Upavaasa today.** Ekadashi began before Arunodaya and no two-day exception applies.,"Papankusha Ekadashi. Normal Ekadashi. Observe Upavaasa today. Ekadashi began before Arunodaya and no two-day exception applies. Upavaasa: 22-Oct-26 | Parana: 23-Oct-26, 05:28 AM to 08:05 AM"
geoname:4560349,Philadelphia,Pennsylvania,United States,America/New_York,4560349,Papankusha Ekadashi,Normal Ekadashi,NORMAL,2026-10-21,,2026-10-22,01:50 PM,04:01 PM,APARAHNA,DWADASHI,11:14 AM,2026-10-22,COMPLETE,2026-10-22,PARANA,Papankusha Ekadashi,Upavaasa: 21-Oct-26 | Parana today: 01:50 PM to 04:01 PM,**Perform Parana today** between 01:50 PM and 04:01 PM. Upavaasa was observed on 21-Oct-26.,Papankusha Ekadashi. Perform Parana today between 01:50 PM and 04:01 PM. Upavaasa was observed on 21-Oct-26. Upavaasa: 21-Oct-26 | Parana today: 01:50 PM to 04:01 PM
geoname:5308655,Phoenix,Arizona,United States,America/Phoenix,5308655,Papankusha Ekadashi,Normal Ekadashi,NORMAL,2026-10-21,,2026-10-22,08:14 AM,08:52 AM,PRATAH,DWADASHI,08:14 AM,2026-10-22,COMPLETE,2026-10-22,PARANA,Papankusha Ekadashi,Upavaasa: 21-Oct-26 | Parana today: 08:14 AM to 08:52 AM,**Perform Parana today** between 08:14 AM and 08:52 AM. Upavaasa was observed on 21-Oct-26.,Papankusha Ekadashi. Perform Parana today between 08:14 AM and 08:52 AM. Upavaasa was observed on 21-Oct-26. Upavaasa: 21-Oct-26 | Parana today: 08:14 AM to 08:52 AM
geoname:5131614,Pittsford,New York,United States,America/New_York,5131614,Papankusha Ekadashi,Normal Ekadashi,NORMAL,2026-10-21,,2026-10-22,01:58 PM,04:07 PM,APARAHNA,DWADASHI,11:14 AM,2026-10-22,COMPLETE,2026-10-22,PARANA,Papankusha Ekadashi,Upavaasa: 21-Oct-26 | Parana today: 01:58 PM to 04:07 PM,**Perform Parana today** between 01:58 PM and 04:07 PM. Upavaasa was observed on 21-Oct-26.,Papankusha Ekadashi. Perform Parana today between 01:58 PM and 04:07 PM. Upavaasa was observed on 21-Oct-26. Upavaasa: 21-Oct-26 | Parana today: 01:58 PM to 04:07 PM
geoname:5383527,Placentia,California,United States,America/Los_Angeles,5383527,Papankusha Ekadashi,Normal Ekadashi,NORMAL,2026-10-21,,2026-10-22,08:14 AM,09:15 AM,PRATAH,DWADASHI,08:14 AM,2026-10-22,COMPLETE,2026-10-22,PARANA,Papankusha Ekadashi,Upavaasa: 21-Oct-26 | Parana today: 08:14 AM to 09:15 AM,**Perform Parana today** between 08:14 AM and 09:15 AM. Upavaasa was observed on 21-Oct-26.,Papankusha Ekadashi. Perform Parana today between 08:14 AM and 09:15 AM. Upavaasa was observed on 21-Oct-26. Upavaasa: 21-Oct-26 | Parana today: 08:14 AM to 09:15 AM
geoname:1278994,Prayagraj,Uttar Pradesh,India,Asia/Kolkata,1278994,Papankusha Ekadashi,Normal Ekadashi,NORMAL,2026-10-22,,2026-10-23,06:05 AM,08:22 AM,PRATAH,DWADASHI,08:44 PM,2026-10-22,COMPLETE,2026-10-22,UPAVASA_DAY_1,Papankusha Ekadashi,"Upavaasa: 22-Oct-26 | Parana: 23-Oct-26, 06:05 AM to 08:22 AM",Normal Ekadashi. **Observe Upavaasa today.** Ekadashi began before Arunodaya and no two-day exception applies.,"Papankusha Ekadashi. Normal Ekadashi. Observe Upavaasa today. Ekadashi began before Arunodaya and no two-day exception applies. Upavaasa: 22-Oct-26 | Parana: 23-Oct-26, 06:05 AM to 08:22 AM"
geoname:1259229,Pune,Maharashtra,India,Asia/Kolkata,1259229,Papankusha Ekadashi,Normal Ekadashi,NORMAL,2026-10-22,,2026-10-23,06:31 AM,08:50 AM,PRATAH,DWADASHI,08:44 PM,2026-10-22,COMPLETE,2026-10-22,UPAVASA_DAY_1,Papankusha Ekadashi,"Upavaasa: 22-Oct-26 | Parana: 23-Oct-26, 06:31 AM to 08:50 AM",Normal Ekadashi. **Observe Upavaasa today.** Ekadashi began before Arunodaya and no two-day exception applies.,"Papankusha Ekadashi. Normal Ekadashi. Observe Upavaasa today. Ekadashi began before Arunodaya and no two-day exception applies. Upavaasa: 22-Oct-26 | Parana: 23-Oct-26, 06:31 AM to 08:50 AM"
geoname:4487042,Raleigh,North Carolina,United States,America/New_York,4487042,Papankusha Ekadashi,Normal Ekadashi,NORMAL,2026-10-21,,2026-10-22,02:05 PM,04:17 PM,APARAHNA,DWADASHI,11:14 AM,2026-10-22,COMPLETE,2026-10-22,PARANA,Papankusha Ekadashi,Upavaasa: 21-Oct-26 | Parana today: 02:05 PM to 04:17 PM,**Perform Parana today** between 02:05 PM and 04:17 PM. Upavaasa was observed on 21-Oct-26.,Papankusha Ekadashi. Perform Parana today between 02:05 PM and 04:17 PM. Upavaasa was observed on 21-Oct-26. Upavaasa: 21-Oct-26 | Parana today: 02:05 PM to 04:17 PM
geoname:4781708,Richmond,Virginia,United States,America/New_York,4781708,Papankusha Ekadashi,Normal Ekadashi,NORMAL,2026-10-21,,2026-10-22,02:00 PM,04:11 PM,APARAHNA,DWADASHI,11:14 AM,2026-10-22,COMPLETE,2026-10-22,PARANA,Papankusha Ekadashi,Upavaasa: 21-Oct-26 | Parana today: 02:00 PM to 04:11 PM,**Perform Parana today** between 02:00 PM and 04:11 PM. Upavaasa was observed on 21-Oct-26.,Papankusha Ekadashi. Perform Parana today between 02:00 PM and 04:11 PM. Upavaasa was observed on 21-Oct-26. Upavaasa: 21-Oct-26 | Parana today: 02:00 PM to 04:11 PM
geoname:5134086,Rochester,New York,United States,America/New_York,5134086,Papankusha Ekadashi,Normal Ekadashi,NORMAL,2026-10-21,,2026-10-22,01:59 PM,04:07 PM,APARAHNA,DWADASHI,11:14 AM,2026-10-22,COMPLETE,2026-10-22,PARANA,Papankusha Ekadashi,Upavaasa: 21-Oct-26 | Parana today: 01:59 PM to 04:07 PM,**Perform Parana today** between 01:59 PM and 04:07 PM. Upavaasa was observed on 21-Oct-26.,Papankusha Ekadashi. Perform Parana today between 01:59 PM and 04:07 PM. Upavaasa was observed on 21-Oct-26. Upavaasa: 21-Oct-26 | Parana today: 01:59 PM to 04:07 PM
geoname:5391959,San Francisco,California,United States,America/Los_Angeles,5391959,Papankusha Ekadashi,Normal Ekadashi,NORMAL,2026-10-21,,2026-10-22,08:14 AM,09:37 AM,PRATAH,DWADASHI,08:14 AM,2026-10-22,COMPLETE,2026-10-22,PARANA,Papankusha Ekadashi,Upavaasa: 21-Oct-26 | Parana today: 08:14 AM to 09:37 AM,**Perform Parana today** between 08:14 AM and 09:37 AM. Upavaasa was observed on 21-Oct-26.,Papankusha Ekadashi. Perform Parana today between 08:14 AM and 09:37 AM. Upavaasa was observed on 21-Oct-26. Upavaasa: 21-Oct-26 | Parana today: 08:14 AM to 09:37 AM
geoname:5809844,Seattle,Washington,United States,America/Los_Angeles,5809844,Papankusha Ekadashi,Normal Ekadashi,NORMAL,2026-10-21,,2026-10-22,08:14 AM,09:45 AM,PRATAH,DWADASHI,08:14 AM,2026-10-22,COMPLETE,2026-10-22,PARANA,Papankusha Ekadashi,Upavaasa: 21-Oct-26 | Parana today: 08:14 AM to 09:45 AM,**Perform Parana today** between 08:14 AM and 09:45 AM. Upavaasa was observed on 21-Oct-26.,Papankusha Ekadashi. Perform Parana today between 08:14 AM and 09:45 AM. Upavaasa was observed on 21-Oct-26. Upavaasa: 21-Oct-26 | Parana today: 08:14 AM to 09:45 AM
geoname:1835848,Seoul,Seoul,South Korea,Asia/Seoul,1835848,Papankusha Ekadashi,Normal Ekadashi,NORMAL,2026-10-22,,2026-10-23,06:47 AM,08:59 AM,PRATAH,DWADASHI,12:14 AM,2026-10-22,COMPLETE,2026-10-22,UPAVASA_DAY_1,Papankusha Ekadashi,"Upavaasa: 22-Oct-26 | Parana: 23-Oct-26, 06:47 AM to 08:59 AM",Normal Ekadashi. **Observe Upavaasa today.** Ekadashi began before Arunodaya and no two-day exception applies.,"Papankusha Ekadashi. Normal Ekadashi. Observe Upavaasa today. Ekadashi began before Arunodaya and no two-day exception applies. Upavaasa: 22-Oct-26 | Parana: 23-Oct-26, 06:47 AM to 08:59 AM"
geoname:1256525,Shiliguri,West Bengal,India,Asia/Kolkata,1256525,Papankusha Ekadashi,Normal Ekadashi,NORMAL,2026-10-22,,2026-10-23,05:40 AM,07:56 AM,PRATAH,DWADASHI,08:44 PM,2026-10-22,COMPLETE,2026-10-22,UPAVASA_DAY_1,Papankusha Ekadashi,"Upavaasa: 22-Oct-26 | Parana: 23-Oct-26, 05:40 AM to 07:56 AM",Normal Ekadashi. **Observe Upavaasa today.** Ekadashi began before Arunodaya and no two-day exception applies.,"Papankusha Ekadashi. Normal Ekadashi. Observe Upavaasa today. Ekadashi began before Arunodaya and no two-day exception applies. Upavaasa: 22-Oct-26 | Parana: 23-Oct-26, 05:40 AM to 07:56 AM"
geoname:1256287,Silchar,Assam,India,Asia/Kolkata,1256287,Papankusha Ekadashi,Normal Ekadashi,NORMAL,2026-10-22,,2026-10-23,05:21 AM,07:38 AM,PRATAH,DWADASHI,08:44 PM,2026-10-22,COMPLETE,2026-10-22,UPAVASA_DAY_1,Papankusha Ekadashi,"Upavaasa: 22-Oct-26 | Parana: 23-Oct-26, 05:21 AM to 07:38 AM",Normal Ekadashi. **Observe Upavaasa today.** Ekadashi began before Arunodaya and no two-day exception applies.,"Papankusha Ekadashi. Normal Ekadashi. Observe Upavaasa today. Ekadashi began before Arunodaya and no two-day exception applies. Upavaasa: 22-Oct-26 | Parana: 23-Oct-26, 05:21 AM to 07:38 AM"
geoname:1255634,Srinagar,Jammu and Kashmir,India,Asia/Kolkata,1255634,Papankusha Ekadashi,Normal Ekadashi,NORMAL,2026-10-22,,2026-10-23,06:42 AM,08:55 AM,PRATAH,DWADASHI,08:44 PM,2026-10-22,COMPLETE,2026-10-22,UPAVASA_DAY_1,Papankusha Ekadashi,"Upavaasa: 22-Oct-26 | Parana: 23-Oct-26, 06:42 AM to 08:55 AM",Normal Ekadashi. **Observe Upavaasa today.** Ekadashi began before Arunodaya and no two-day exception applies.,"Papankusha Ekadashi. Normal Ekadashi. Observe Upavaasa today. Ekadashi began before Arunodaya and no two-day exception applies. Upavaasa: 22-Oct-26 | Parana: 23-Oct-26, 06:42 AM to 08:55 AM"
geoname:1254388,Srirangam,Tamil Nadu,India,Asia/Kolkata,1254388,Papankusha Ekadashi,Normal Ekadashi,NORMAL,2026-10-22,,2026-10-23,06:05 AM,08:27 AM,PRATAH,DWADASHI,08:44 PM,2026-10-22,COMPLETE,2026-10-22,UPAVASA_DAY_1,Papankusha Ekadashi,"Upavaasa: 22-Oct-26 | Parana: 23-Oct-26, 06:05 AM to 08:27 AM",Normal Ekadashi. **Observe Upavaasa today.** Ekadashi began before Arunodaya and no two-day exception applies.,"Papankusha Ekadashi. Normal Ekadashi. Observe Upavaasa today. Ekadashi began before Arunodaya and no two-day exception applies. Upavaasa: 22-Oct-26 | Parana: 23-Oct-26, 06:05 AM to 08:27 AM"
geoname:5139865,Stonybrook,New York,United States,America/New_York,5139865,Papankusha Ekadashi,Normal Ekadashi,NORMAL,2026-10-21,,2026-10-22,01:42 PM,03:52 PM,APARAHNA,DWADASHI,11:14 AM,2026-10-22,COMPLETE,2026-10-22,PARANA,Papankusha Ekadashi,Upavaasa: 21-Oct-26 | Parana today: 01:42 PM to 03:52 PM,**Perform Parana today** between 01:42 PM and 03:52 PM. Upavaasa was observed on 21-Oct-26.,Papankusha Ekadashi. Perform Parana today between 01:42 PM and 03:52 PM. Upavaasa was observed on 21-Oct-26. Upavaasa: 21-Oct-26 | Parana today: 01:42 PM to 03:52 PM
geoname:1255364,Surat,Gujarat,India,Asia/Kolkata,1255364,Papankusha Ekadashi,Normal Ekadashi,NORMAL,2026-10-22,,2026-10-23,06:37 AM,08:55 AM,PRATAH,DWADASHI,08:44 PM,2026-10-22,COMPLETE,2026-10-22,UPAVASA_DAY_1,Papankusha Ekadashi,"Upavaasa: 22-Oct-26 | Parana: 23-Oct-26, 06:37 AM to 08:55 AM",Normal Ekadashi. **Observe Upavaasa today.** Ekadashi began before Arunodaya and no two-day exception applies.,"Papankusha Ekadashi. Normal Ekadashi. Observe Upavaasa today. Ekadashi began before Arunodaya and no two-day exception applies. Upavaasa: 22-Oct-26 | Parana: 23-Oct-26, 06:37 AM to 08:55 AM"
geoname:2147714,Sydney,New South Wales,Australia,Australia/Sydney,2147714,Papankusha Ekadashi,Normal Ekadashi,NORMAL,2026-10-22,,2026-10-23,06:05 AM,08:43 AM,PRATAH,DWADASHI,02:14 AM,2026-10-22,COMPLETE,2026-10-22,UPAVASA_DAY_1,Papankusha Ekadashi,"Upavaasa: 22-Oct-26 | Parana: 23-Oct-26, 06:05 AM to 08:43 AM",Normal Ekadashi. **Observe Upavaasa today.** Ekadashi began before Arunodaya and no two-day exception applies.,"Papankusha Ekadashi. Normal Ekadashi. Observe Upavaasa today. Ekadashi began before Arunodaya and no two-day exception applies. Upavaasa: 22-Oct-26 | Parana: 23-Oct-26, 06:05 AM to 08:43 AM"
geoname:5140405,Syracuse,New York,United States,America/New_York,5140405,Papankusha Ekadashi,Normal Ekadashi,NORMAL,2026-10-21,,2026-10-22,01:53 PM,04:02 PM,APARAHNA,DWADASHI,11:14 AM,2026-10-22,COMPLETE,2026-10-22,PARANA,Papankusha Ekadashi,Upavaasa: 21-Oct-26 | Parana today: 01:53 PM to 04:02 PM,**Perform Parana today** between 01:53 PM and 04:02 PM. Upavaasa was observed on 21-Oct-26.,Papankusha Ekadashi. Perform Parana today between 01:53 PM and 04:02 PM. Upavaasa was observed on 21-Oct-26. Upavaasa: 21-Oct-26 | Parana today: 01:53 PM to 04:02 PM
geoname:1262321,T Narasipura,Karnataka,India,Asia/Kolkata,1262321,Papankusha Ekadashi,Normal Ekadashi,NORMAL,2026-10-22,,2026-10-23,06:14 AM,08:35 AM,PRATAH,DWADASHI,08:44 PM,2026-10-22,COMPLETE,2026-10-22,UPAVASA_DAY_1,Papankusha Ekadashi,"Upavaasa: 22-Oct-26 | Parana: 23-Oct-26, 06:14 AM to 08:35 AM",Normal Ekadashi. **Observe Upavaasa today.** Ekadashi began before Arunodaya and no two-day exception applies.,"Papankusha Ekadashi. Normal Ekadashi. Observe Upavaasa today. Ekadashi began before Arunodaya and no two-day exception applies. Upavaasa: 22-Oct-26 | Parana: 23-Oct-26, 06:14 AM to 08:35 AM"
geoname:4174757,Tampa,Florida,United States,America/New_York,4174757,Papankusha Ekadashi,Normal Ekadashi,NORMAL,2026-10-21,,2026-10-22,02:22 PM,04:38 PM,APARAHNA,DWADASHI,11:14 AM,2026-10-22,COMPLETE,2026-10-22,PARANA,Papankusha Ekadashi,Upavaasa: 21-Oct-26 | Parana today: 02:22 PM to 04:38 PM,**Perform Parana today** between 02:22 PM and 04:38 PM. Upavaasa was observed on 21-Oct-26.,Papankusha Ekadashi. Perform Parana today between 02:22 PM and 04:38 PM. Upavaasa was observed on 21-Oct-26. Upavaasa: 21-Oct-26 | Parana today: 02:22 PM to 04:38 PM
geoname:1254163,Thiruvananthapuram,Kerala,India,Asia/Kolkata,1254163,Papankusha Ekadashi,Normal Ekadashi,NORMAL,2026-10-22,,2026-10-23,06:10 AM,08:33 AM,PRATAH,DWADASHI,08:44 PM,2026-10-22,COMPLETE,2026-10-22,UPAVASA_DAY_1,Papankusha Ekadashi,"Upavaasa: 22-Oct-26 | Parana: 23-Oct-26, 06:10 AM to 08:33 AM",Normal Ekadashi. **Observe Upavaasa today.** Ekadashi began before Arunodaya and no two-day exception applies.,"Papankusha Ekadashi. Normal Ekadashi. Observe Upavaasa today. Ekadashi began before Arunodaya and no two-day exception applies. Upavaasa: 22-Oct-26 | Parana: 23-Oct-26, 06:10 AM to 08:33 AM"
geoname:1254360,Tirupati,Andhra Pradesh,India,Asia/Kolkata,1254360,Papankusha Ekadashi,Normal Ekadashi,NORMAL,2026-10-22,,2026-10-23,06:04 AM,08:25 AM,PRATAH,DWADASHI,08:44 PM,2026-10-22,COMPLETE,2026-10-22,UPAVASA_DAY_1,Papankusha Ekadashi,"Upavaasa: 22-Oct-26 | Parana: 23-Oct-26, 06:04 AM to 08:25 AM",Normal Ekadashi. **Observe Upavaasa today.** Ekadashi began before Arunodaya and no two-day exception applies.,"Papankusha Ekadashi. Normal Ekadashi. Observe Upavaasa today. Ekadashi began before Arunodaya and no two-day exception applies. Upavaasa: 22-Oct-26 | Parana: 23-Oct-26, 06:04 AM to 08:25 AM"
geoname:1253952,Udupi,Karnataka,India,Asia/Kolkata,1253952,Papankusha Ekadashi,Normal Ekadashi,NORMAL,2026-10-22,,2026-10-23,06:23 AM,08:44 AM,PRATAH,DWADASHI,08:44 PM,2026-10-22,COMPLETE,2026-10-22,UPAVASA_DAY_1,Papankusha Ekadashi,"Upavaasa: 22-Oct-26 | Parana: 23-Oct-26, 06:23 AM to 08:44 AM",Normal Ekadashi. **Observe Upavaasa today.** Ekadashi began before Arunodaya and no two-day exception applies.,"Papankusha Ekadashi. Normal Ekadashi. Observe Upavaasa today. Ekadashi began before Arunodaya and no two-day exception applies. Upavaasa: 22-Oct-26 | Parana: 23-Oct-26, 06:23 AM to 08:44 AM"
geoname:1253573,Vadodara,Gujarat,India,Asia/Kolkata,1253573,Papankusha Ekadashi,Normal Ekadashi,NORMAL,2026-10-22,,2026-10-23,06:37 AM,08:55 AM,PRATAH,DWADASHI,08:44 PM,2026-10-22,COMPLETE,2026-10-22,UPAVASA_DAY_1,Papankusha Ekadashi,"Upavaasa: 22-Oct-26 | Parana: 23-Oct-26, 06:37 AM to 08:55 AM",Normal Ekadashi. **Observe Upavaasa today.** Ekadashi began before Arunodaya and no two-day exception applies.,"Papankusha Ekadashi. Normal Ekadashi. Observe Upavaasa today. Ekadashi began before Arunodaya and no two-day exception applies. Upavaasa: 22-Oct-26 | Parana: 23-Oct-26, 06:37 AM to 08:55 AM"
geoname:6173331,Vancouver,British Columbia,Canada,America/Los_Angeles,6173331,Papankusha Ekadashi,Normal Ekadashi,NORMAL,2026-10-21,,2026-10-22,08:14 AM,09:50 AM,PRATAH,DWADASHI,08:14 AM,2026-10-22,COMPLETE,2026-10-22,PARANA,Papankusha Ekadashi,Upavaasa: 21-Oct-26 | Parana today: 08:14 AM to 09:50 AM,**Perform Parana today** between 08:14 AM and 09:50 AM. Upavaasa was observed on 21-Oct-26.,Papankusha Ekadashi. Perform Parana today between 08:14 AM and 09:50 AM. Upavaasa was observed on 21-Oct-26. Upavaasa: 21-Oct-26 | Parana today: 08:14 AM to 09:50 AM
geoname:1253405,Varanasi,Uttar Pradesh,India,Asia/Kolkata,1253405,Papankusha Ekadashi,Normal Ekadashi,NORMAL,2026-10-22,,2026-10-23,06:00 AM,08:17 AM,PRATAH,DWADASHI,08:44 PM,2026-10-22,COMPLETE,2026-10-22,UPAVASA_DAY_1,Papankusha Ekadashi,"Upavaasa: 22-Oct-26 | Parana: 23-Oct-26, 06:00 AM to 08:17 AM",Normal Ekadashi. **Observe Upavaasa today.** Ekadashi began before Arunodaya and no two-day exception applies.,"Papankusha Ekadashi. Normal Ekadashi. Observe Upavaasa today. Ekadashi began before Arunodaya and no two-day exception applies. Upavaasa: 22-Oct-26 | Parana: 23-Oct-26, 06:00 AM to 08:17 AM"
geoname:1253102,Visakhapatnam,Andra Pradesh,India,Asia/Kolkata,1253102,Papankusha Ekadashi,Normal Ekadashi,NORMAL,2026-10-22,,2026-10-23,05:53 AM,08:12 AM,PRATAH,DWADASHI,08:44 PM,2026-10-22,COMPLETE,2026-10-22,UPAVASA_DAY_1,Papankusha Ekadashi,"Upavaasa: 22-Oct-26 | Parana: 23-Oct-26, 05:53 AM to 08:12 AM",Normal Ekadashi. **Observe Upavaasa today.** Ekadashi began before Arunodaya and no two-day exception applies.,"Papankusha Ekadashi. Normal Ekadashi. Observe Upavaasa today. Ekadashi began before Arunodaya and no two-day exception applies. Upavaasa: 22-Oct-26 | Parana: 23-Oct-26, 05:53 AM to 08:12 AM"
geoname:2179537,Wellington,Wellington,New Zealand,Pacific/Auckland,2179537,Papankusha Ekadashi,Normal Ekadashi,NORMAL,2026-10-22,,2026-10-23,06:20 AM,09:02 AM,PRATAH,DWADASHI,04:14 AM,2026-10-22,COMPLETE,2026-10-22,UPAVASA_DAY_1,Papankusha Ekadashi,"Upavaasa: 22-Oct-26 | Parana: 23-Oct-26, 06:20 AM to 09:02 AM",Normal Ekadashi. **Observe Upavaasa today.** Ekadashi began before Arunodaya and no two-day exception applies.,"Papankusha Ekadashi. Normal Ekadashi. Observe Upavaasa today. Ekadashi began before Arunodaya and no two-day exception applies. Upavaasa: 22-Oct-26 | Parana: 23-Oct-26, 06:20 AM to 09:02 AM"
geoname:6182962,Windsor,Ontario,Canada,America/New_York,6182962,Papankusha Ekadashi,Normal Ekadashi,NORMAL,2026-10-21,,2026-10-22,02:21 PM,04:30 PM,APARAHNA,DWADASHI,11:14 AM,2026-10-22,COMPLETE,2026-10-22,PARANA,Papankusha Ekadashi,Upavaasa: 21-Oct-26 | Parana today: 02:21 PM to 04:30 PM,**Perform Parana today** between 02:21 PM and 04:30 PM. Upavaasa was observed on 21-Oct-26.,Papankusha Ekadashi. Perform Parana today between 02:21 PM and 04:30 PM. Upavaasa was observed on 21-Oct-26. Upavaasa: 21-Oct-26 | Parana today: 02:21 PM to 04:30 PM
geoname:2657896,Zurich,Zurich,Switzerland,Europe/Zurich,2657896,Papankusha Ekadashi,Normal Ekadashi,NORMAL,2026-10-22,,2026-10-23,07:56 AM,10:02 AM,PRATAH,DWADASHI,05:14 PM,2026-10-22,COMPLETE,2026-10-22,UPAVASA_DAY_1,Papankusha Ekadashi,"Upavaasa: 22-Oct-26 | Parana: 23-Oct-26, 07:56 AM to 10:02 AM",Normal Ekadashi. **Observe Upavaasa today.** Ekadashi began before Arunodaya and no two-day exception applies.,"Papankusha Ekadashi. Normal Ekadashi. Observe Upavaasa today. Ekadashi began before Arunodaya and no two-day exception applies. Upavaasa: 22-Oct-26 | Parana: 23-Oct-26, 07:56 AM to 10:02 AM"
geoname:2078025,Adelaide,South Australia,Australia,Australia/Adelaide,2078025,Papankusha Ekadashi,Normal Ekadashi,NORMAL,2026-10-22,,2026-10-23,06:24 AM,09:03 AM,PRATAH,DWADASHI,01:44 AM,2026-10-22,COMPLETE,2026-10-23,PARANA,Papankusha Ekadashi,Upavaasa: 22-Oct-26 | Parana today: 06:24 AM to 09:03 AM,**Perform Parana today** between 06:24 AM and 09:03 AM. Upavaasa was observed on 22-Oct-26.,Papankusha Ekadashi. Perform Parana today between 06:24 AM and 09:03 AM. Upavaasa was observed on 22-Oct-26. Upavaasa: 22-Oct-26 | Parana today: 06:24 AM to 09:03 AM
geoname:1279290,Agartala,Tripura,India,Asia/Kolkata,1279290,Papankusha Ekadashi,Normal Ekadashi,NORMAL,2026-10-22,,2026-10-23,05:26 AM,07:43 AM,PRATAH,DWADASHI,08:44 PM,2026-10-22,COMPLETE,2026-10-23,PARANA,Papankusha Ekadashi,Upavaasa: 22-Oct-26 | Parana today: 05:26 AM to 07:43 AM,**Perform Parana today** between 05:26 AM and 07:43 AM. Upavaasa was observed on 22-Oct-26.,Papankusha Ekadashi. Perform Parana today between 05:26 AM and 07:43 AM. Upavaasa was observed on 22-Oct-26. Upavaasa: 22-Oct-26 | Parana today: 05:26 AM to 07:43 AM
geoname:1279186,Aizawl,Mizoram,India,Asia/Kolkata,1279186,Papankusha Ekadashi,Normal Ekadashi,NORMAL,2026-10-22,,2026-10-23,05:20 AM,07:37 AM,PRATAH,DWADASHI,08:44 PM,2026-10-22,COMPLETE,2026-10-23,PARANA,Papankusha Ekadashi,Upavaasa: 22-Oct-26 | Parana today: 05:20 AM to 07:37 AM,**Perform Parana today** between 05:20 AM and 07:37 AM. Upavaasa was observed on 22-Oct-26.,Papankusha Ekadashi. Perform Parana today between 05:20 AM and 07:37 AM. Upavaasa was observed on 22-Oct-26. Upavaasa: 22-Oct-26 | Parana today: 05:20 AM to 07:37 AM
geoname:2193733,Auckland,Auckland,New Zealand,Pacific/Auckland,2193733,Papankusha Ekadashi,Normal Ekadashi,NORMAL,2026-10-22,,2026-10-23,06:27 AM,09:06 AM,PRATAH,DWADASHI,04:14 AM,2026-10-22,COMPLETE,2026-10-23,PARANA,Papankusha Ekadashi,Upavaasa: 22-Oct-26 | Parana today: 06:27 AM to 09:06 AM,**Perform Parana today** between 06:27 AM and 09:06 AM. Upavaasa was observed on 22-Oct-26.,Papankusha Ekadashi. Perform Parana today between 06:27 AM and 09:06 AM. Upavaasa was observed on 22-Oct-26. Upavaasa: 22-Oct-26 | Parana today: 06:27 AM to 09:06 AM
geoname:1278094,Ayodhya,Uttar Pradesh,India,Asia/Kolkata,1278094,Papankusha Ekadashi,Normal Ekadashi,NORMAL,2026-10-22,,2026-10-23,06:05 AM,08:21 AM,PRATAH,DWADASHI,08:44 PM,2026-10-22,COMPLETE,2026-10-23,PARANA,Papankusha Ekadashi,Upavaasa: 22-Oct-26 | Parana today: 06:05 AM to 08:21 AM,**Perform Parana today** between 06:05 AM and 08:21 AM. Upavaasa was observed on 22-Oct-26.,Papankusha Ekadashi. Perform Parana today between 06:05 AM and 08:21 AM. Upavaasa was observed on 22-Oct-26. Upavaasa: 22-Oct-26 | Parana today: 06:05 AM to 08:21 AM
geoname:1276533,Belgaum,Karnataka,India,Asia/Kolkata,1276533,Papankusha Ekadashi,Normal Ekadashi,NORMAL,2026-10-22,,2026-10-23,06:26 AM,08:46 AM,PRATAH,DWADASHI,08:44 PM,2026-10-22,COMPLETE,2026-10-23,PARANA,Papankusha Ekadashi,Upavaasa: 22-Oct-26 | Parana today: 06:26 AM to 08:46 AM,**Perform Parana today** between 06:26 AM and 08:46 AM. Upavaasa was observed on 22-Oct-26.,Papankusha Ekadashi. Perform Parana today between 06:26 AM and 08:46 AM. Upavaasa was observed on 22-Oct-26. Upavaasa: 22-Oct-26 | Parana today: 06:26 AM to 08:46 AM
geoname:1277333,Bengaluru,Karnataka,India,Asia/Kolkata,1277333,Papankusha Ekadashi,Normal Ekadashi,NORMAL,2026-10-22,,2026-10-23,06:11 AM,08:32 AM,PRATAH,DWADASHI,08:44 PM,2026-10-22,COMPLETE,2026-10-23,PARANA,Papankusha Ekadashi,Upavaasa: 22-Oct-26 | Parana today: 06:11 AM to 08:32 AM,**Perform Parana today** between 06:11 AM and 08:32 AM. Upavaasa was observed on 22-Oct-26.,Papankusha Ekadashi. Perform Parana today between 06:11 AM and 08:32 AM. Upavaasa was observed on 22-Oct-26. Upavaasa: 22-Oct-26 | Parana today: 06:11 AM to 08:32 AM
geoname:1275841,Bhopal,Madhya Pradesh,India,Asia/Kolkata,1275841,Papankusha Ekadashi,Normal Ekadashi,NORMAL,2026-10-22,,2026-10-23,06:21 AM,08:38 AM,PRATAH,DWADASHI,08:44 PM,2026-10-22,COMPLETE,2026-10-23,PARANA,Papankusha Ekadashi,Upavaasa: 22-Oct-26 | Parana today: 06:21 AM to 08:38 AM,**Perform Parana today** between 06:21 AM and 08:38 AM. Upavaasa was observed on 22-Oct-26.,Papankusha Ekadashi. Perform Parana today between 06:21 AM and 08:38 AM. Upavaasa was observed on 22-Oct-26. Upavaasa: 22-Oct-26 | Parana today: 06:21 AM to 08:38 AM
geoname:1275817,Bhubaneswar,Odisha,India,Asia/Kolkata,1275817,Papankusha Ekadashi,Normal Ekadashi,NORMAL,2026-10-22,,2026-10-23,05:44 AM,08:03 AM,PRATAH,DWADASHI,08:44 PM,2026-10-22,COMPLETE,2026-10-23,PARANA,Papankusha Ekadashi,Upavaasa: 22-Oct-26 | Parana today: 05:44 AM to 08:03 AM,**Perform Parana today** between 05:44 AM and 08:03 AM. Upavaasa was observed on 22-Oct-26.,Papankusha Ekadashi. Perform Parana today between 05:44 AM and 08:03 AM. Upavaasa was observed on 22-Oct-26. Upavaasa: 22-Oct-26 | Parana today: 05:44 AM to 08:03 AM
geoname:2174003,Brisbane,Queensland,Australia,Australia/Brisbane,2174003,Papankusha Ekadashi,Normal Ekadashi,NORMAL,2026-10-22,,2026-10-23,05:05 AM,07:40 AM,PRATAH,DWADASHI,01:14 AM,2026-10-22,COMPLETE,2026-10-23,PARANA,Papankusha Ekadashi,Upavaasa: 22-Oct-26 | Parana today: 05:05 AM to 07:40 AM,**Perform Parana today** between 05:05 AM and 07:40 AM. Upavaasa was observed on 22-Oct-26.,Papankusha Ekadashi. Perform Parana today between 05:05 AM and 07:40 AM. Upavaasa was observed on 22-Oct-26. Upavaasa: 22-Oct-26 | Parana today: 05:05 AM to 07:40 AM
geoname:2172517,Canberra,Australian Capital Territory,Australia,Australia/Sydney,2172517,Papankusha Ekadashi,Normal Ekadashi,NORMAL,2026-10-22,,2026-10-23,06:11 AM,08:50 AM,PRATAH,DWADASHI,02:14 AM,2026-10-22,COMPLETE,2026-10-23,PARANA,Papankusha Ekadashi,Upavaasa: 22-Oct-26 | Parana today: 06:11 AM to 08:50 AM,**Perform Parana today** between 06:11 AM and 08:50 AM. Upavaasa was observed on 22-Oct-26.,Papankusha Ekadashi. Perform Parana today between 06:11 AM and 08:50 AM. Upavaasa was observed on 22-Oct-26. Upavaasa: 22-Oct-26 | Parana today: 06:11 AM to 08:50 AM
geoname:1264527,Chennai,Tamil Nadu,India,Asia/Kolkata,1264527,Papankusha Ekadashi,Normal Ekadashi,NORMAL,2026-10-22,,2026-10-23,06:00 AM,08:21 AM,PRATAH,DWADASHI,08:44 PM,2026-10-22,COMPLETE,2026-10-23,PARANA,Papankusha Ekadashi,Upavaasa: 22-Oct-26 | Parana today: 06:00 AM to 08:21 AM,**Perform Parana today** between 06:00 AM and 08:21 AM. Upavaasa was observed on 22-Oct-26.,Papankusha Ekadashi. Perform Parana today between 06:00 AM and 08:21 AM. Upavaasa was observed on 22-Oct-26. Upavaasa: 22-Oct-26 | Parana today: 06:00 AM to 08:21 AM
geoname:1274256,Chidambaram,Tamil Nadu,India,Asia/Kolkata,1274256,Papankusha Ekadashi,Normal Ekadashi,NORMAL,2026-10-22,,2026-10-23,06:01 AM,08:23 AM,PRATAH,DWADASHI,08:44 PM,2026-10-22,COMPLETE,2026-10-23,PARANA,Papankusha Ekadashi,Upavaasa: 22-Oct-26 | Parana today: 06:01 AM to 08:23 AM,**Perform Parana today** between 06:01 AM and 08:23 AM. Upavaasa was observed on 22-Oct-26.,Papankusha Ekadashi. Perform Parana today between 06:01 AM and 08:23 AM. Upavaasa was observed on 22-Oct-26. Upavaasa: 22-Oct-26 | Parana today: 06:01 AM to 08:23 AM
geoname:2192362,Christchurch,Canterbury,New Zealand,Pacific/Auckland,2192362,Papankusha Ekadashi,Normal Ekadashi,NORMAL,2026-10-22,,2026-10-23,06:26 AM,09:09 AM,PRATAH,DWADASHI,04:14 AM,2026-10-22,COMPLETE,2026-10-23,PARANA,Papankusha Ekadashi,Upavaasa: 22-Oct-26 | Parana today: 06:26 AM to 09:09 AM,**Perform Parana today** between 06:26 AM and 09:09 AM. Upavaasa was observed on 22-Oct-26.,Papankusha Ekadashi. Perform Parana today between 06:26 AM and 09:09 AM. Upavaasa was observed on 22-Oct-26. Upavaasa: 22-Oct-26 | Parana today: 06:26 AM to 09:09 AM
geoname:1273865,Coimbatore,Tamil Nadu,India,Asia/Kolkata,1273865,Papankusha Ekadashi,Normal Ekadashi,NORMAL,2026-10-22,,2026-10-23,06:12 AM,08:34 AM,PRATAH,DWADASHI,08:44 PM,2026-10-22,COMPLETE,2026-10-23,PARANA,Papankusha Ekadashi,Upavaasa: 22-Oct-26 | Parana today: 06:12 AM to 08:34 AM,**Perform Parana today** between 06:12 AM and 08:34 AM. Upavaasa was observed on 22-Oct-26.,Papankusha Ekadashi. Perform Parana today between 06:12 AM and 08:34 AM. Upavaasa was observed on 22-Oct-26. Upavaasa: 22-Oct-26 | Parana today: 06:12 AM to 08:34 AM
geoname:2938913,Darmstadt,Hesse,Germany,Europe/Berlin,2938913,Papankusha Ekadashi,Normal Ekadashi,NORMAL,2026-10-22,,2026-10-23,08:00 AM,10:04 AM,PRATAH,DWADASHI,05:14 PM,2026-10-22,COMPLETE,2026-10-23,PARANA,Papankusha Ekadashi,Upavaasa: 22-Oct-26 | Parana today: 08:00 AM to 10:04 AM,**Perform Parana today** between 08:00 AM and 10:04 AM. Upavaasa was observed on 22-Oct-26.,Papankusha Ekadashi. Perform Parana today between 08:00 AM and 10:04 AM. Upavaasa was observed on 22-Oct-26. Upavaasa: 22-Oct-26 | Parana today: 08:00 AM to 10:04 AM
geoname:1272648,Dibrugarh,Assam,India,Asia/Kolkata,1272648,Papankusha Ekadashi,Normal Ekadashi,NORMAL,2026-10-22,,2026-10-23,05:15 AM,07:31 AM,PRATAH,DWADASHI,08:44 PM,2026-10-22,COMPLETE,2026-10-23,PARANA,Papankusha Ekadashi,Upavaasa: 22-Oct-26 | Parana today: 05:15 AM to 07:31 AM,**Perform Parana today** between 05:15 AM and 07:31 AM. Upavaasa was observed on 22-Oct-26.,Papankusha Ekadashi. Perform Parana today between 05:15 AM and 07:31 AM. Upavaasa was observed on 22-Oct-26. Upavaasa: 22-Oct-26 | Parana today: 05:15 AM to 07:31 AM
geoname:1272552,Dimapur,Nagaland,India,Asia/Kolkata,1272552,Papankusha Ekadashi,Normal Ekadashi,NORMAL,2026-10-22,,2026-10-23,05:18 AM,07:34 AM,PRATAH,DWADASHI,08:44 PM,2026-10-22,COMPLETE,2026-10-23,PARANA,Papankusha Ekadashi,Upavaasa: 22-Oct-26 | Parana today: 05:18 AM to 07:34 AM,**Perform Parana today** between 05:18 AM and 07:34 AM. Upavaasa was observed on 22-Oct-26.,Papankusha Ekadashi. Perform Parana today between 05:18 AM and 07:34 AM. Upavaasa was observed on 22-Oct-26. Upavaasa: 22-Oct-26 | Parana today: 05:18 AM to 07:34 AM
geoname:290030,Doha,Baladīyat ad Dawḩah,Qatar,Asia/Qatar,290030,Papankusha Ekadashi,Normal Ekadashi,NORMAL,2026-10-22,,2026-10-23,05:36 AM,07:53 AM,PRATAH,DWADASHI,06:14 PM,2026-10-22,COMPLETE,2026-10-23,PARANA,Papankusha Ekadashi,Upavaasa: 22-Oct-26 | Parana today: 05:36 AM to 07:53 AM,**Perform Parana today** between 05:36 AM and 07:53 AM. Upavaasa was observed on 22-Oct-26.,Papankusha Ekadashi. Perform Parana today between 05:36 AM and 07:53 AM. Upavaasa was observed on 22-Oct-26. Upavaasa: 22-Oct-26 | Parana today: 05:36 AM to 07:53 AM
geoname:292223,Dubai,Dubai,United Arab Emirates,Asia/Dubai,292223,Papankusha Ekadashi,Normal Ekadashi,NORMAL,2026-10-22,,2026-10-23,06:21 AM,08:38 AM,PRATAH,DWADASHI,07:14 PM,2026-10-22,COMPLETE,2026-10-23,PARANA,Papankusha Ekadashi,Upavaasa: 22-Oct-26 | Parana today: 06:21 AM to 08:38 AM,**Perform Parana today** between 06:21 AM and 08:38 AM. Upavaasa was observed on 22-Oct-26.,Papankusha Ekadashi. Perform Parana today between 06:21 AM and 08:38 AM. Upavaasa was observed on 22-Oct-26. Upavaasa: 22-Oct-26 | Parana today: 06:21 AM to 08:38 AM
geoname:2928751,Esslingen,Esslingen,Germany,Europe/Berlin,2928751,Papankusha Ekadashi,Normal Ekadashi,NORMAL,2026-10-22,,2026-10-23,07:55 AM,10:00 AM,PRATAH,DWADASHI,05:14 PM,2026-10-22,COMPLETE,2026-10-23,PARANA,Papankusha Ekadashi,Upavaasa: 22-Oct-26 | Parana today: 07:55 AM to 10:00 AM,**Perform Parana today** between 07:55 AM and 10:00 AM. Upavaasa was observed on 22-Oct-26.,Papankusha Ekadashi. Perform Parana today between 07:55 AM and 10:00 AM. Upavaasa was observed on 22-Oct-26. Upavaasa: 22-Oct-26 | Parana today: 07:55 AM to 10:00 AM
geoname:1271631,Gangtok,Sikkim,India,Asia/Kolkata,1271631,Papankusha Ekadashi,Normal Ekadashi,NORMAL,2026-10-22,,2026-10-23,05:40 AM,07:56 AM,PRATAH,DWADASHI,08:44 PM,2026-10-22,COMPLETE,2026-10-23,PARANA,Papankusha Ekadashi,Upavaasa: 22-Oct-26 | Parana today: 05:40 AM to 07:56 AM,**Perform Parana today** between 05:40 AM and 07:56 AM. Upavaasa was observed on 22-Oct-26.,Papankusha Ekadashi. Perform Parana today between 05:40 AM and 07:56 AM. Upavaasa was observed on 22-Oct-26. Upavaasa: 22-Oct-26 | Parana today: 05:40 AM to 07:56 AM
geoname:1270603,Guruvayur,Kerala,India,Asia/Kolkata,1270603,Papankusha Ekadashi,Normal Ekadashi,NORMAL,2026-10-22,,2026-10-23,06:15 AM,08:37 AM,PRATAH,DWADASHI,08:44 PM,2026-10-22,COMPLETE,2026-10-23,PARANA,Papankusha Ekadashi,Upavaasa: 22-Oct-26 | Parana today: 06:15 AM to 08:37 AM,**Perform Parana today** between 06:15 AM and 08:37 AM. Upavaasa was observed on 22-Oct-26.,Papankusha Ekadashi. Perform Parana today between 06:15 AM and 08:37 AM. Upavaasa was observed on 22-Oct-26. Upavaasa: 22-Oct-26 | Parana today: 06:15 AM to 08:37 AM
geoname:1271476,Guwahati,Assam,India,Asia/Kolkata,1271476,Papankusha Ekadashi,Normal Ekadashi,NORMAL,2026-10-22,,2026-10-23,05:26 AM,07:42 AM,PRATAH,DWADASHI,08:44 PM,2026-10-22,COMPLETE,2026-10-23,PARANA,Papankusha Ekadashi,Upavaasa: 22-Oct-26 | Parana today: 05:26 AM to 07:42 AM,**Perform Parana today** between 05:26 AM and 07:42 AM. Upavaasa was observed on 22-Oct-26.,Papankusha Ekadashi. Perform Parana today between 05:26 AM and 07:42 AM. Upavaasa was observed on 22-Oct-26. Upavaasa: 22-Oct-26 | Parana today: 05:26 AM to 07:42 AM
geoname:1269920,Hubli,Karnataka,India,Asia/Kolkata,1269920,Papankusha Ekadashi,Normal Ekadashi,NORMAL,2026-10-22,,2026-10-23,06:23 AM,08:43 AM,PRATAH,DWADASHI,08:44 PM,2026-10-22,COMPLETE,2026-10-23,PARANA,Papankusha Ekadashi,Upavaasa: 22-Oct-26 | Parana today: 06:23 AM to 08:43 AM,**Perform Parana today** between 06:23 AM and 08:43 AM. Upavaasa was observed on 22-Oct-26.,Papankusha Ekadashi. Perform Parana today between 06:23 AM and 08:43 AM. Upavaasa was observed on 22-Oct-26. Upavaasa: 22-Oct-26 | Parana today: 06:23 AM to 08:43 AM
geoname:1269843,Hyderabad,Telangana,India,Asia/Kolkata,1269843,Papankusha Ekadashi,Normal Ekadashi,NORMAL,2026-10-22,,2026-10-23,06:11 AM,08:31 AM,PRATAH,DWADASHI,08:44 PM,2026-10-22,COMPLETE,2026-10-23,PARANA,Papankusha Ekadashi,Upavaasa: 22-Oct-26 | Parana today: 06:11 AM to 08:31 AM,**Perform Parana today** between 06:11 AM and 08:31 AM. Upavaasa was observed on 22-Oct-26.,Papankusha Ekadashi. Perform Parana today between 06:11 AM and 08:31 AM. Upavaasa was observed on 22-Oct-26. Upavaasa: 22-Oct-26 | Parana today: 06:11 AM to 08:31 AM
geoname:1269771,Imphal,Manipur,India,Asia/Kolkata,1269771,Papankusha Ekadashi,Normal Ekadashi,NORMAL,2026-10-22,,2026-10-23,05:16 AM,07:33 AM,PRATAH,DWADASHI,08:44 PM,2026-10-22,COMPLETE,2026-10-23,PARANA,Papankusha Ekadashi,Upavaasa: 22-Oct-26 | Parana today: 05:16 AM to 07:33 AM,**Perform Parana today** between 05:16 AM and 07:33 AM. Upavaasa was observed on 22-Oct-26.,Papankusha Ekadashi. Perform Parana today between 05:16 AM and 07:33 AM. Upavaasa was observed on 22-Oct-26. Upavaasa: 22-Oct-26 | Parana today: 05:16 AM to 07:33 AM
geoname:1269655,Itanagar,Arunachal Pradesh,India,Asia/Kolkata,1269655,Papankusha Ekadashi,Normal Ekadashi,NORMAL,2026-10-22,,2026-10-23,05:20 AM,07:36 AM,PRATAH,DWADASHI,08:44 PM,2026-10-22,COMPLETE,2026-10-23,PARANA,Papankusha Ekadashi,Upavaasa: 22-Oct-26 | Parana today: 05:20 AM to 07:36 AM,**Perform Parana today** between 05:20 AM and 07:36 AM. Upavaasa was observed on 22-Oct-26.,Papankusha Ekadashi. Perform Parana today between 05:20 AM and 07:36 AM. Upavaasa was observed on 22-Oct-26. Upavaasa: 22-Oct-26 | Parana today: 05:20 AM to 07:36 AM
geoname:1268159,Kanchipuram,Tamil Nadu,India,Asia/Kolkata,1268159,Papankusha Ekadashi,Normal Ekadashi,NORMAL,2026-10-22,,2026-10-23,06:03 AM,08:24 AM,PRATAH,DWADASHI,08:44 PM,2026-10-22,COMPLETE,2026-10-23,PARANA,Papankusha Ekadashi,Upavaasa: 22-Oct-26 | Parana today: 06:03 AM to 08:24 AM,**Perform Parana today** between 06:03 AM and 08:24 AM. Upavaasa was observed on 22-Oct-26.,Papankusha Ekadashi. Perform Parana today between 06:03 AM and 08:24 AM. Upavaasa was observed on 22-Oct-26. Upavaasa: 22-Oct-26 | Parana today: 06:03 AM to 08:24 AM
geoname:1266285,Kolhapur,Maharashtra,India,Asia/Kolkata,1266285,Papankusha Ekadashi,Normal Ekadashi,NORMAL,2026-10-22,,2026-10-23,06:28 AM,08:48 AM,PRATAH,DWADASHI,08:44 PM,2026-10-22,COMPLETE,2026-10-23,PARANA,Papankusha Ekadashi,Upavaasa: 22-Oct-26 | Parana today: 06:28 AM to 08:48 AM,**Perform Parana today** between 06:28 AM and 08:48 AM. Upavaasa was observed on 22-Oct-26.,Papankusha Ekadashi. Perform Parana today between 06:28 AM and 08:48 AM. Upavaasa was observed on 22-Oct-26. Upavaasa: 22-Oct-26 | Parana today: 06:28 AM to 08:48 AM
geoname:1275004,Kolkata,West Bengal,India,Asia/Kolkata,1275004,Papankusha Ekadashi,Normal Ekadashi,NORMAL,2026-10-22,,2026-10-23,05:36 AM,07:54 AM,PRATAH,DWADASHI,08:44 PM,2026-10-22,COMPLETE,2026-10-23,PARANA,Papankusha Ekadashi,Upavaasa: 22-Oct-26 | Parana today: 05:36 AM to 07:54 AM,**Perform Parana today** between 05:36 AM and 07:54 AM. Upavaasa was observed on 22-Oct-26.,Papankusha Ekadashi. Perform Parana today between 05:36 AM and 07:54 AM. Upavaasa was observed on 22-Oct-26. Upavaasa: 22-Oct-26 | Parana today: 05:36 AM to 07:54 AM
geoname:1265683,Kumbakonam,Tamil Nadu,India,Asia/Kolkata,1265683,Papankusha Ekadashi,Normal Ekadashi,NORMAL,2026-10-22,,2026-10-23,06:02 AM,08:24 AM,PRATAH,DWADASHI,08:44 PM,2026-10-22,COMPLETE,2026-10-23,PARANA,Papankusha Ekadashi,Upavaasa: 22-Oct-26 | Parana today: 06:02 AM to 08:24 AM,**Perform Parana today** between 06:02 AM and 08:24 AM. Upavaasa was observed on 22-Oct-26.,Papankusha Ekadashi. Perform Parana today between 06:02 AM and 08:24 AM. Upavaasa was observed on 22-Oct-26. Upavaasa: 22-Oct-26 | Parana today: 06:02 AM to 08:24 AM
geoname:285787,Kuwait,Al Asimah,Kuwait,Asia/Kuwait,285787,Papankusha Ekadashi,Normal Ekadashi,NORMAL,2026-10-22,,2026-10-23,05:54 AM,08:09 AM,PRATAH,DWADASHI,06:14 PM,2026-10-22,COMPLETE,2026-10-23,PARANA,Papankusha Ekadashi,Upavaasa: 22-Oct-26 | Parana today: 05:54 AM to 08:09 AM,**Perform Parana today** between 05:54 AM and 08:09 AM. Upavaasa was observed on 22-Oct-26.,Papankusha Ekadashi. Perform Parana today between 05:54 AM and 08:09 AM. Upavaasa was observed on 22-Oct-26. Upavaasa: 22-Oct-26 | Parana today: 05:54 AM to 08:09 AM
geoname:2643743,London,London,United Kingdom,Europe/London,2643743,Papankusha Ekadashi,Normal Ekadashi,NORMAL,2026-10-22,,2026-10-23,07:38 AM,09:41 AM,PRATAH,DWADASHI,04:14 PM,2026-10-22,COMPLETE,2026-10-23,PARANA,Papankusha Ekadashi,Upavaasa: 22-Oct-26 | Parana today: 07:38 AM to 09:41 AM,**Perform Parana today** between 07:38 AM and 09:41 AM. Upavaasa was observed on 22-Oct-26.,Papankusha Ekadashi. Perform Parana today between 07:38 AM and 09:41 AM. Upavaasa was observed on 22-Oct-26. Upavaasa: 22-Oct-26 | Parana today: 07:38 AM to 09:41 AM
geoname:1264733,Lucknow,Uttar Pradesh,India,Asia/Kolkata,1264733,Papankusha Ekadashi,Normal Ekadashi,NORMAL,2026-10-22,,2026-10-23,06:10 AM,08:26 AM,PRATAH,DWADASHI,08:44 PM,2026-10-22,COMPLETE,2026-10-23,PARANA,Papankusha Ekadashi,Upavaasa: 22-Oct-26 | Parana today: 06:10 AM to 08:26 AM,**Perform Parana today** between 06:10 AM and 08:26 AM. Upavaasa was observed on 22-Oct-26.,Papankusha Ekadashi. Perform Parana today between 06:10 AM and 08:26 AM. Upavaasa was observed on 22-Oct-26. Upavaasa: 22-Oct-26 | Parana today: 06:10 AM to 08:26 AM
geoname:1264521,Madurai,Tamil Nadu,India,Asia/Kolkata,1264521,Papankusha Ekadashi,Normal Ekadashi,NORMAL,2026-10-22,,2026-10-23,06:06 AM,08:28 AM,PRATAH,DWADASHI,08:44 PM,2026-10-22,COMPLETE,2026-10-23,PARANA,Papankusha Ekadashi,Upavaasa: 22-Oct-26 | Parana today: 06:06 AM to 08:28 AM,**Perform Parana today** between 06:06 AM and 08:28 AM. Upavaasa was observed on 22-Oct-26.,Papankusha Ekadashi. Perform Parana today between 06:06 AM and 08:28 AM. Upavaasa was observed on 22-Oct-26. Upavaasa: 22-Oct-26 | Parana today: 06:06 AM to 08:28 AM
geoname:1263780,Mangalore,Karnataka,India,Asia/Kolkata,1263780,Papankusha Ekadashi,Normal Ekadashi,NORMAL,2026-10-22,,2026-10-23,06:22 AM,08:43 AM,PRATAH,DWADASHI,08:44 PM,2026-10-22,COMPLETE,2026-10-23,PARANA,Papankusha Ekadashi,Upavaasa: 22-Oct-26 | Parana today: 06:22 AM to 08:43 AM,**Perform Parana today** between 06:22 AM and 08:43 AM. Upavaasa was observed on 22-Oct-26.,Papankusha Ekadashi. Perform Parana today between 06:22 AM and 08:43 AM. Upavaasa was observed on 22-Oct-26. Upavaasa: 22-Oct-26 | Parana today: 06:22 AM to 08:43 AM
geoname:2158177,Melbourne,Victoria,Australia,Australia/Melbourne,2158177,Papankusha Ekadashi,Normal Ekadashi,NORMAL,2026-10-22,,2026-10-23,06:25 AM,09:05 AM,PRATAH,DWADASHI,02:14 AM,2026-10-22,COMPLETE,2026-10-23,PARANA,Papankusha Ekadashi,Upavaasa: 22-Oct-26 | Parana today: 06:25 AM to 09:05 AM,**Perform Parana today** between 06:25 AM and 09:05 AM. Upavaasa was observed on 22-Oct-26.,Papankusha Ekadashi. Perform Parana today between 06:25 AM and 09:05 AM. Upavaasa was observed on 22-Oct-26. Upavaasa: 22-Oct-26 | Parana today: 06:25 AM to 09:05 AM
geoname:1275339,Mumbai,Maharashtra,India,Asia/Kolkata,1275339,Papankusha Ekadashi,Normal Ekadashi,NORMAL,2026-10-22,,2026-10-23,06:35 AM,08:54 AM,PRATAH,DWADASHI,08:44 PM,2026-10-22,COMPLETE,2026-10-23,PARANA,Papankusha Ekadashi,Upavaasa: 22-Oct-26 | Parana today: 06:35 AM to 08:54 AM,**Perform Parana today** between 06:35 AM and 08:54 AM. Upavaasa was observed on 22-Oct-26.,Papankusha Ekadashi. Perform Parana today between 06:35 AM and 08:54 AM. Upavaasa was observed on 22-Oct-26. Upavaasa: 22-Oct-26 | Parana today: 06:35 AM to 08:54 AM
geoname:1262321,Mysuru,Karnataka,India,Asia/Kolkata,1262321,Papankusha Ekadashi,Normal Ekadashi,NORMAL,2026-10-22,,2026-10-23,06:14 AM,08:35 AM,PRATAH,DWADASHI,08:44 PM,2026-10-22,COMPLETE,2026-10-23,PARANA,Papankusha Ekadashi,Upavaasa: 22-Oct-26 | Parana today: 06:14 AM to 08:35 AM,**Perform Parana today** between 06:14 AM and 08:35 AM. Upavaasa was observed on 22-Oct-26.,Papankusha Ekadashi. Perform Parana today between 06:14 AM and 08:35 AM. Upavaasa was observed on 22-Oct-26. Upavaasa: 22-Oct-26 | Parana today: 06:14 AM to 08:35 AM
geoname:1262180,Nagpur,Maharashtra,India,Asia/Kolkata,1262180,Papankusha Ekadashi,Normal Ekadashi,NORMAL,2026-10-22,,2026-10-23,06:12 AM,08:30 AM,PRATAH,DWADASHI,08:44 PM,2026-10-22,COMPLETE,2026-10-23,PARANA,Papankusha Ekadashi,Upavaasa: 22-Oct-26 | Parana today: 06:12 AM to 08:30 AM,**Perform Parana today** between 06:12 AM and 08:30 AM. Upavaasa was observed on 22-Oct-26.,Papankusha Ekadashi. Perform Parana today between 06:12 AM and 08:30 AM. Upavaasa was observed on 22-Oct-26. Upavaasa: 22-Oct-26 | Parana today: 06:12 AM to 08:30 AM
geoname:1260546,Pandharpur,Maharashtra,India,Asia/Kolkata,1260546,Papankusha Ekadashi,Normal Ekadashi,NORMAL,2026-10-22,,2026-10-23,06:24 AM,08:44 AM,PRATAH,DWADASHI,08:44 PM,2026-10-22,COMPLETE,2026-10-23,PARANA,Papankusha Ekadashi,Upavaasa: 22-Oct-26 | Parana today: 06:24 AM to 08:44 AM,**Perform Parana today** between 06:24 AM and 08:44 AM. Upavaasa was observed on 22-Oct-26.,Papankusha Ekadashi. Perform Parana today between 06:24 AM and 08:44 AM. Upavaasa was observed on 22-Oct-26. Upavaasa: 22-Oct-26 | Parana today: 06:24 AM to 08:44 AM
geoname:2063523,Perth,Western Australia,Australia,Australia/Perth,2063523,Papankusha Ekadashi,Normal Ekadashi,NORMAL,2026-10-22,,2026-10-23,05:28 AM,08:05 AM,PRATAH,DWADASHI,11:14 PM,2026-10-22,COMPLETE,2026-10-23,PARANA,Papankusha Ekadashi,Upavaasa: 22-Oct-26 | Parana today: 05:28 AM to 08:05 AM,**Perform Parana today** between 05:28 AM and 08:05 AM. Upavaasa was observed on 22-Oct-26.,Papankusha Ekadashi. Perform Parana today between 05:28 AM and 08:05 AM. Upavaasa was observed on 22-Oct-26. Upavaasa: 22-Oct-26 | Parana today: 05:28 AM to 08:05 AM
geoname:1278994,Prayagraj,Uttar Pradesh,India,Asia/Kolkata,1278994,Papankusha Ekadashi,Normal Ekadashi,NORMAL,2026-10-22,,2026-10-23,06:05 AM,08:22 AM,PRATAH,DWADASHI,08:44 PM,2026-10-22,COMPLETE,2026-10-23,PARANA,Papankusha Ekadashi,Upavaasa: 22-Oct-26 | Parana today: 06:05 AM to 08:22 AM,**Perform Parana today** between 06:05 AM and 08:22 AM. Upavaasa was observed on 22-Oct-26.,Papankusha Ekadashi. Perform Parana today between 06:05 AM and 08:22 AM. Upavaasa was observed on 22-Oct-26. Upavaasa: 22-Oct-26 | Parana today: 06:05 AM to 08:22 AM
geoname:1259229,Pune,Maharashtra,India,Asia/Kolkata,1259229,Papankusha Ekadashi,Normal Ekadashi,NORMAL,2026-10-22,,2026-10-23,06:31 AM,08:50 AM,PRATAH,DWADASHI,08:44 PM,2026-10-22,COMPLETE,2026-10-23,PARANA,Papankusha Ekadashi,Upavaasa: 22-Oct-26 | Parana today: 06:31 AM to 08:50 AM,**Perform Parana today** between 06:31 AM and 08:50 AM. Upavaasa was observed on 22-Oct-26.,Papankusha Ekadashi. Perform Parana today between 06:31 AM and 08:50 AM. Upavaasa was observed on 22-Oct-26. Upavaasa: 22-Oct-26 | Parana today: 06:31 AM to 08:50 AM
geoname:1835848,Seoul,Seoul,South Korea,Asia/Seoul,1835848,Papankusha Ekadashi,Normal Ekadashi,NORMAL,2026-10-22,,2026-10-23,06:47 AM,08:59 AM,PRATAH,DWADASHI,12:14 AM,2026-10-22,COMPLETE,2026-10-23,PARANA,Papankusha Ekadashi,Upavaasa: 22-Oct-26 | Parana today: 06:47 AM to 08:59 AM,**Perform Parana today** between 06:47 AM and 08:59 AM. Upavaasa was observed on 22-Oct-26.,Papankusha Ekadashi. Perform Parana today between 06:47 AM and 08:59 AM. Upavaasa was observed on 22-Oct-26. Upavaasa: 22-Oct-26 | Parana today: 06:47 AM to 08:59 AM
geoname:1256525,Shiliguri,West Bengal,India,Asia/Kolkata,1256525,Papankusha Ekadashi,Normal Ekadashi,NORMAL,2026-10-22,,2026-10-23,05:40 AM,07:56 AM,PRATAH,DWADASHI,08:44 PM,2026-10-22,COMPLETE,2026-10-23,PARANA,Papankusha Ekadashi,Upavaasa: 22-Oct-26 | Parana today: 05:40 AM to 07:56 AM,**Perform Parana today** between 05:40 AM and 07:56 AM. Upavaasa was observed on 22-Oct-26.,Papankusha Ekadashi. Perform Parana today between 05:40 AM and 07:56 AM. Upavaasa was observed on 22-Oct-26. Upavaasa: 22-Oct-26 | Parana today: 05:40 AM to 07:56 AM
geoname:1256287,Silchar,Assam,India,Asia/Kolkata,1256287,Papankusha Ekadashi,Normal Ekadashi,NORMAL,2026-10-22,,2026-10-23,05:21 AM,07:38 AM,PRATAH,DWADASHI,08:44 PM,2026-10-22,COMPLETE,2026-10-23,PARANA,Papankusha Ekadashi,Upavaasa: 22-Oct-26 | Parana today: 05:21 AM to 07:38 AM,**Perform Parana today** between 05:21 AM and 07:38 AM. Upavaasa was observed on 22-Oct-26.,Papankusha Ekadashi. Perform Parana today between 05:21 AM and 07:38 AM. Upavaasa was observed on 22-Oct-26. Upavaasa: 22-Oct-26 | Parana today: 05:21 AM to 07:38 AM
geoname:1255634,Srinagar,Jammu and Kashmir,India,Asia/Kolkata,1255634,Papankusha Ekadashi,Normal Ekadashi,NORMAL,2026-10-22,,2026-10-23,06:42 AM,08:55 AM,PRATAH,DWADASHI,08:44 PM,2026-10-22,COMPLETE,2026-10-23,PARANA,Papankusha Ekadashi,Upavaasa: 22-Oct-26 | Parana today: 06:42 AM to 08:55 AM,**Perform Parana today** between 06:42 AM and 08:55 AM. Upavaasa was observed on 22-Oct-26.,Papankusha Ekadashi. Perform Parana today between 06:42 AM and 08:55 AM. Upavaasa was observed on 22-Oct-26. Upavaasa: 22-Oct-26 | Parana today: 06:42 AM to 08:55 AM
geoname:1254388,Srirangam,Tamil Nadu,India,Asia/Kolkata,1254388,Papankusha Ekadashi,Normal Ekadashi,NORMAL,2026-10-22,,2026-10-23,06:05 AM,08:27 AM,PRATAH,DWADASHI,08:44 PM,2026-10-22,COMPLETE,2026-10-23,PARANA,Papankusha Ekadashi,Upavaasa: 22-Oct-26 | Parana today: 06:05 AM to 08:27 AM,**Perform Parana today** between 06:05 AM and 08:27 AM. Upavaasa was observed on 22-Oct-26.,Papankusha Ekadashi. Perform Parana today between 06:05 AM and 08:27 AM. Upavaasa was observed on 22-Oct-26. Upavaasa: 22-Oct-26 | Parana today: 06:05 AM to 08:27 AM
geoname:1255364,Surat,Gujarat,India,Asia/Kolkata,1255364,Papankusha Ekadashi,Normal Ekadashi,NORMAL,2026-10-22,,2026-10-23,06:37 AM,08:55 AM,PRATAH,DWADASHI,08:44 PM,2026-10-22,COMPLETE,2026-10-23,PARANA,Papankusha Ekadashi,Upavaasa: 22-Oct-26 | Parana today: 06:37 AM to 08:55 AM,**Perform Parana today** between 06:37 AM and 08:55 AM. Upavaasa was observed on 22-Oct-26.,Papankusha Ekadashi. Perform Parana today between 06:37 AM and 08:55 AM. Upavaasa was observed on 22-Oct-26. Upavaasa: 22-Oct-26 | Parana today: 06:37 AM to 08:55 AM
geoname:2147714,Sydney,New South Wales,Australia,Australia/Sydney,2147714,Papankusha Ekadashi,Normal Ekadashi,NORMAL,2026-10-22,,2026-10-23,06:05 AM,08:43 AM,PRATAH,DWADASHI,02:14 AM,2026-10-22,COMPLETE,2026-10-23,PARANA,Papankusha Ekadashi,Upavaasa: 22-Oct-26 | Parana today: 06:05 AM to 08:43 AM,**Perform Parana today** between 06:05 AM and 08:43 AM. Upavaasa was observed on 22-Oct-26.,Papankusha Ekadashi. Perform Parana today between 06:05 AM and 08:43 AM. Upavaasa was observed on 22-Oct-26. Upavaasa: 22-Oct-26 | Parana today: 06:05 AM to 08:43 AM
geoname:1262321,T Narasipura,Karnataka,India,Asia/Kolkata,1262321,Papankusha Ekadashi,Normal Ekadashi,NORMAL,2026-10-22,,2026-10-23,06:14 AM,08:35 AM,PRATAH,DWADASHI,08:44 PM,2026-10-22,COMPLETE,2026-10-23,PARANA,Papankusha Ekadashi,Upavaasa: 22-Oct-26 | Parana today: 06:14 AM to 08:35 AM,**Perform Parana today** between 06:14 AM and 08:35 AM. Upavaasa was observed on 22-Oct-26.,Papankusha Ekadashi. Perform Parana today between 06:14 AM and 08:35 AM. Upavaasa was observed on 22-Oct-26. Upavaasa: 22-Oct-26 | Parana today: 06:14 AM to 08:35 AM
geoname:1254163,Thiruvananthapuram,Kerala,India,Asia/Kolkata,1254163,Papankusha Ekadashi,Normal Ekadashi,NORMAL,2026-10-22,,2026-10-23,06:10 AM,08:33 AM,PRATAH,DWADASHI,08:44 PM,2026-10-22,COMPLETE,2026-10-23,PARANA,Papankusha Ekadashi,Upavaasa: 22-Oct-26 | Parana today: 06:10 AM to 08:33 AM,**Perform Parana today** between 06:10 AM and 08:33 AM. Upavaasa was observed on 22-Oct-26.,Papankusha Ekadashi. Perform Parana today between 06:10 AM and 08:33 AM. Upavaasa was observed on 22-Oct-26. Upavaasa: 22-Oct-26 | Parana today: 06:10 AM to 08:33 AM
geoname:1254360,Tirupati,Andhra Pradesh,India,Asia/Kolkata,1254360,Papankusha Ekadashi,Normal Ekadashi,NORMAL,2026-10-22,,2026-10-23,06:04 AM,08:25 AM,PRATAH,DWADASHI,08:44 PM,2026-10-22,COMPLETE,2026-10-23,PARANA,Papankusha Ekadashi,Upavaasa: 22-Oct-26 | Parana today: 06:04 AM to 08:25 AM,**Perform Parana today** between 06:04 AM and 08:25 AM. Upavaasa was observed on 22-Oct-26.,Papankusha Ekadashi. Perform Parana today between 06:04 AM and 08:25 AM. Upavaasa was observed on 22-Oct-26. Upavaasa: 22-Oct-26 | Parana today: 06:04 AM to 08:25 AM
geoname:1253952,Udupi,Karnataka,India,Asia/Kolkata,1253952,Papankusha Ekadashi,Normal Ekadashi,NORMAL,2026-10-22,,2026-10-23,06:23 AM,08:44 AM,PRATAH,DWADASHI,08:44 PM,2026-10-22,COMPLETE,2026-10-23,PARANA,Papankusha Ekadashi,Upavaasa: 22-Oct-26 | Parana today: 06:23 AM to 08:44 AM,**Perform Parana today** between 06:23 AM and 08:44 AM. Upavaasa was observed on 22-Oct-26.,Papankusha Ekadashi. Perform Parana today between 06:23 AM and 08:44 AM. Upavaasa was observed on 22-Oct-26. Upavaasa: 22-Oct-26 | Parana today: 06:23 AM to 08:44 AM
geoname:1253573,Vadodara,Gujarat,India,Asia/Kolkata,1253573,Papankusha Ekadashi,Normal Ekadashi,NORMAL,2026-10-22,,2026-10-23,06:37 AM,08:55 AM,PRATAH,DWADASHI,08:44 PM,2026-10-22,COMPLETE,2026-10-23,PARANA,Papankusha Ekadashi,Upavaasa: 22-Oct-26 | Parana today: 06:37 AM to 08:55 AM,**Perform Parana today** between 06:37 AM and 08:55 AM. Upavaasa was observed on 22-Oct-26.,Papankusha Ekadashi. Perform Parana today between 06:37 AM and 08:55 AM. Upavaasa was observed on 22-Oct-26. Upavaasa: 22-Oct-26 | Parana today: 06:37 AM to 08:55 AM
geoname:1253405,Varanasi,Uttar Pradesh,India,Asia/Kolkata,1253405,Papankusha Ekadashi,Normal Ekadashi,NORMAL,2026-10-22,,2026-10-23,06:00 AM,08:17 AM,PRATAH,DWADASHI,08:44 PM,2026-10-22,COMPLETE,2026-10-23,PARANA,Papankusha Ekadashi,Upavaasa: 22-Oct-26 | Parana today: 06:00 AM to 08:17 AM,**Perform Parana today** between 06:00 AM and 08:17 AM. Upavaasa was observed on 22-Oct-26.,Papankusha Ekadashi. Perform Parana today between 06:00 AM and 08:17 AM. Upavaasa was observed on 22-Oct-26. Upavaasa: 22-Oct-26 | Parana today: 06:00 AM to 08:17 AM
geoname:1253102,Visakhapatnam,Andra Pradesh,India,Asia/Kolkata,1253102,Papankusha Ekadashi,Normal Ekadashi,NORMAL,2026-10-22,,2026-10-23,05:53 AM,08:12 AM,PRATAH,DWADASHI,08:44 PM,2026-10-22,COMPLETE,2026-10-23,PARANA,Papankusha Ekadashi,Upavaasa: 22-Oct-26 | Parana today: 05:53 AM to 08:12 AM,**Perform Parana today** between 05:53 AM and 08:12 AM. Upavaasa was observed on 22-Oct-26.,Papankusha Ekadashi. Perform Parana today between 05:53 AM and 08:12 AM. Upavaasa was observed on 22-Oct-26. Upavaasa: 22-Oct-26 | Parana today: 05:53 AM to 08:12 AM
geoname:2179537,Wellington,Wellington,New Zealand,Pacific/Auckland,2179537,Papankusha Ekadashi,Normal Ekadashi,NORMAL,2026-10-22,,2026-10-23,06:20 AM,09:02 AM,PRATAH,DWADASHI,04:14 AM,2026-10-22,COMPLETE,2026-10-23,PARANA,Papankusha Ekadashi,Upavaasa: 22-Oct-26 | Parana today: 06:20 AM to 09:02 AM,**Perform Parana today** between 06:20 AM and 09:02 AM. Upavaasa was observed on 22-Oct-26.,Papankusha Ekadashi. Perform Parana today between 06:20 AM and 09:02 AM. Upavaasa was observed on 22-Oct-26. Upavaasa: 22-Oct-26 | Parana today: 06:20 AM to 09:02 AM
geoname:2657896,Zurich,Zurich,Switzerland,Europe/Zurich,2657896,Papankusha Ekadashi,Normal Ekadashi,NORMAL,2026-10-22,,2026-10-23,07:56 AM,10:02 AM,PRATAH,DWADASHI,05:14 PM,2026-10-22,COMPLETE,2026-10-23,PARANA,Papankusha Ekadashi,Upavaasa: 22-Oct-26 | Parana today: 07:56 AM to 10:02 AM,**Perform Parana today** between 07:56 AM and 10:02 AM. Upavaasa was observed on 22-Oct-26.,Papankusha Ekadashi. Perform Parana today between 07:56 AM and 10:02 AM. Upavaasa was observed on 22-Oct-26. Upavaasa: 22-Oct-26 | Parana today: 07:56 AM to 10:02 AM
