City,State/Region,Country,Timezone,Place Key,Geoname ID,Ekadashi Name,Anchor Date,Audit Flow Message,Sunrise Tithi Sequence,Sunrise Nakshatra Sequence,Dashami End / Ekadashi Start,Ekadashi End / Dwadashi Start,Dwadashi End / Trayodashi Start,First Ekadashi Sunrise Date,First Ekadashi Sunrise,First Ekadashi Arunodaya,Valid Ekadashi Sunrise Dates,Dashami Viddha Sunrise Dates,Ekadashi Sunrise Evaluation,First Valid Ekadashi Sunrise Date,First Valid Ekadashi Sunrise,First Valid Ekadashi Arunodaya,First Dwadashi Sunrise Date,Dwadashi Sunrise Nakshatra,Dwadashi Q1 End / Hari Vasara End,Scan Start,Scan End,Dates Used,Fresh Scans This City,Completeness Status,Missing Parameters,Error,Ekadashi Type,Condition Code,Classification Explanation,Classification Flags,Upavaasa Date 1,Upavaasa Date 2,Parana Date,Parana Tithi Rule,Parana Branch,Parana Start,Parana End,Parana Note
Darmstadt,Hesse,Germany,Europe/Berlin,geoname:2938913,2938913,Papankusha Ekadashi,2026-10-22,"Papankusha Ekadashi - Darmstadt. Dashami ends and Ekadashi begins on 2026-10-21 10:41:00 AM CEST. On 22-Oct-26, Sooryodaya is 07:58 AM and Arunodaya is 06:22 AM. Ekadashi is present at sunrise and had begun before Arunodaya, so this is a valid Ekadashi sunrise. Ekadashi ends on 2026-10-22 11:17:00 AM CEST and does not remain through another sunrise. Ekadashi ends and Dwadashi begins on 2026-10-22 11:17:00 AM CEST. Dwadashi is present at Sooryodaya on 23-Oct-26 (Sooryodaya 08:00 AM). Dwadashi ends and Trayodashi begins on 2026-10-23 11:05:00 AM CEST. Therefore the Upavaasa is observed on 22-Oct-26. For Parana on 23-Oct-26, Sooryodaya is 08:00 AM, Pratah Kala ends at 10:04 AM, Dwadashi ends at 2026-10-23 11:05:00 AM CEST, and Hari Vasara ends at 2026-10-22 05:14:00 PM CEST. Hari Vasara ends before Sooryodaya, so there is no Hari-Vasara delay; Parana starts at Sooryodaya (08:00 AM). Pratah Kala ends at 10:04 AM, before Dwadashi ends; therefore Pratah Kala end is the limiting end time. Hence Parana is 08:00 AM to 10:04 AM.",2026-10-21:Dashami | 2026-10-22:Ekadashi | 2026-10-23:Dwadashi,2026-10-21:Dhanishtha | 2026-10-22:Shatabhisha | 2026-10-23:Purva Bhadrapada,2026-10-21 10:41:00 AM CEST,2026-10-22 11:17:00 AM CEST,2026-10-23 11:05:00 AM CEST,2026-10-22,07:58 AM,2026-10-22 06:22:00 AM CEST,2026-10-22,,2026-10-22:VALID (start 2026-10-21 10:41:00 AM CEST < Arunodaya 2026-10-22 06:22:00 AM CEST),2026-10-22,07:58 AM,2026-10-22 06:22:00 AM CEST,2026-10-23,Purva Bhadrapada,2026-10-22 05:14:00 PM CEST,2026-10-21,2026-10-23,2026-10-21 | 2026-10-22 | 2026-10-23,3,COMPLETE,,,Normal Ekadashi,NORMAL,Ekadashi began before Arunodaya and has one valid Ekadashi sunrise. No two-day exception is triggered.,2026-10-22:VALID (start 2026-10-21 10:41:00 AM CEST < Arunodaya 2026-10-22 06:22:00 AM CEST),2026-10-22,,2026-10-23,DWADASHI,PRATAH,2026-10-23 08:00:00 AM CEST,2026-10-23 10:03:48 AM CEST,Hari Vasara ended before Parana-day sunrise; Parana is sunrise to Pratah end.
Kuwait,Al Asimah,Kuwait,Asia/Kuwait,geoname:285787,285787,Papankusha Ekadashi,2026-10-22,"Papankusha Ekadashi - Kuwait. Dashami ends and Ekadashi begins on 2026-10-21 11:41:00 AM +03. On 22-Oct-26, Sooryodaya is 05:54 AM and Arunodaya is 04:18 AM. Ekadashi is present at sunrise and had begun before Arunodaya, so this is a valid Ekadashi sunrise. Ekadashi ends on 2026-10-22 12:17:00 PM +03 and does not remain through another sunrise. Ekadashi ends and Dwadashi begins on 2026-10-22 12:17:00 PM +03. Dwadashi is present at Sooryodaya on 23-Oct-26 (Sooryodaya 05:54 AM). Dwadashi ends and Trayodashi begins on 2026-10-23 12:05:00 PM +03. Therefore the Upavaasa is observed on 22-Oct-26. For Parana on 23-Oct-26, Sooryodaya is 05:54 AM, Pratah Kala ends at 08:09 AM, Dwadashi ends at 2026-10-23 12:05:00 PM +03, and Hari Vasara ends at 2026-10-22 06:14:00 PM +03. Hari Vasara ends before Sooryodaya, so there is no Hari-Vasara delay; Parana starts at Sooryodaya (05:54 AM). Pratah Kala ends at 08:09 AM, before Dwadashi ends; therefore Pratah Kala end is the limiting end time. Hence Parana is 05:54 AM to 08:09 AM.",2026-10-21:Dashami | 2026-10-22:Ekadashi | 2026-10-23:Dwadashi,2026-10-21:Dhanishtha | 2026-10-22:Shatabhisha | 2026-10-23:Purva Bhadrapada,2026-10-21 11:41:00 AM +03,2026-10-22 12:17:00 PM +03,2026-10-23 12:05:00 PM +03,2026-10-22,05:54 AM,2026-10-22 04:18:00 AM +03,2026-10-22,,2026-10-22:VALID (start 2026-10-21 11:41:00 AM +03 < Arunodaya 2026-10-22 04:18:00 AM +03),2026-10-22,05:54 AM,2026-10-22 04:18:00 AM +03,2026-10-23,Purva Bhadrapada,2026-10-22 06:14:00 PM +03,2026-10-21,2026-10-23,2026-10-21 | 2026-10-22 | 2026-10-23,3,COMPLETE,,,Normal Ekadashi,NORMAL,Ekadashi began before Arunodaya and has one valid Ekadashi sunrise. No two-day exception is triggered.,2026-10-22:VALID (start 2026-10-21 11:41:00 AM +03 < Arunodaya 2026-10-22 04:18:00 AM +03),2026-10-22,,2026-10-23,DWADASHI,PRATAH,2026-10-23 05:54:00 AM +03,2026-10-23 08:09:12 AM +03,Hari Vasara ended before Parana-day sunrise; Parana is sunrise to Pratah end.
Coimbatore,Tamil Nadu,India,Asia/Kolkata,geoname:1273865,1273865,Papankusha Ekadashi,2026-10-22,"Papankusha Ekadashi - Coimbatore. Dashami ends and Ekadashi begins on 2026-10-21 02:11:00 PM IST. On 22-Oct-26, Sooryodaya is 06:12 AM and Arunodaya is 04:36 AM. Ekadashi is present at sunrise and had begun before Arunodaya, so this is a valid Ekadashi sunrise. Ekadashi ends on 2026-10-22 02:47:00 PM IST and does not remain through another sunrise. Ekadashi ends and Dwadashi begins on 2026-10-22 02:47:00 PM IST. Dwadashi is present at Sooryodaya on 23-Oct-26 (Sooryodaya 06:12 AM). Dwadashi ends and Trayodashi begins on 2026-10-23 02:35:00 PM IST. Therefore the Upavaasa is observed on 22-Oct-26. For Parana on 23-Oct-26, Sooryodaya is 06:12 AM, Pratah Kala ends at 08:34 AM, Dwadashi ends at 2026-10-23 02:35:00 PM IST, and Hari Vasara ends at 2026-10-22 08:44:00 PM IST. Hari Vasara ends before Sooryodaya, so there is no Hari-Vasara delay; Parana starts at Sooryodaya (06:12 AM). Pratah Kala ends at 08:34 AM, before Dwadashi ends; therefore Pratah Kala end is the limiting end time. Hence Parana is 06:12 AM to 08:34 AM.",2026-10-21:Dashami | 2026-10-22:Ekadashi | 2026-10-23:Dwadashi,2026-10-21:Dhanishtha | 2026-10-22:Shatabhisha | 2026-10-23:Purva Bhadrapada,2026-10-21 02:11:00 PM IST,2026-10-22 02:47:00 PM IST,2026-10-23 02:35:00 PM IST,2026-10-22,06:12 AM,2026-10-22 04:36:00 AM IST,2026-10-22,,2026-10-22:VALID (start 2026-10-21 02:11:00 PM IST < Arunodaya 2026-10-22 04:36:00 AM IST),2026-10-22,06:12 AM,2026-10-22 04:36:00 AM IST,2026-10-23,Purva Bhadrapada,2026-10-22 08:44:00 PM IST,2026-10-21,2026-10-23,2026-10-21 | 2026-10-22 | 2026-10-23,3,COMPLETE,,,Normal Ekadashi,NORMAL,Ekadashi began before Arunodaya and has one valid Ekadashi sunrise. No two-day exception is triggered.,2026-10-22:VALID (start 2026-10-21 02:11:00 PM IST < Arunodaya 2026-10-22 04:36:00 AM IST),2026-10-22,,2026-10-23,DWADASHI,PRATAH,2026-10-23 06:12:00 AM IST,2026-10-23 08:33:48 AM IST,Hari Vasara ended before Parana-day sunrise; Parana is sunrise to Pratah end.
Windsor,Ontario,Canada,America/New_York,geoname:6182962,6182962,Papankusha Ekadashi,2026-10-22,"Papankusha Ekadashi - Windsor. Dashami ends and Ekadashi begins on 2026-10-21 04:41:00 AM EDT. On 21-Oct-26, Sooryodaya is 07:52 AM and Arunodaya is 06:16 AM. Ekadashi is present at sunrise and had begun before Arunodaya, so this is a valid Ekadashi sunrise. Ekadashi ends on 2026-10-22 05:17:00 AM EDT and does not remain through another sunrise. Ekadashi ends and Dwadashi begins on 2026-10-22 05:17:00 AM EDT. Dwadashi is present at Sooryodaya on 22-Oct-26 (Sooryodaya 07:53 AM). Dwadashi ends and Trayodashi begins on 2026-10-23 05:05:00 AM EDT. Therefore the Upavaasa is observed on 21-Oct-26. For Parana on 22-Oct-26, Sooryodaya is 07:53 AM, Pratah Kala ends at 10:02 AM, Dwadashi ends at 2026-10-23 05:05:00 AM EDT, and Hari Vasara ends at 2026-10-22 11:14:00 AM EDT. Hari Vasara does not clear within the usable Pratah window, so Pratah is missed. Madhyahna is skipped. Aparahna runs from 02:21 PM to 04:30 PM. Hari Vasara has already ended before Aparahna begins, so Parana starts at Aparahna start (02:21 PM). Aparahna ends at 04:30 PM, before Dwadashi ends; therefore Aparahna end is the limiting end time. Hence Parana is 02:21 PM to 04:30 PM.",2026-10-20:Dashami | 2026-10-21:Ekadashi | 2026-10-22:Dwadashi | 2026-10-23:Trayodashi,2026-10-20:Shravana | 2026-10-21:Dhanishtha | 2026-10-22:Shatabhisha | 2026-10-23:Purva Bhadrapada,2026-10-21 04:41:00 AM EDT,2026-10-22 05:17:00 AM EDT,2026-10-23 05:05:00 AM EDT,2026-10-21,07:52 AM,2026-10-21 06:16:00 AM EDT,2026-10-21,,2026-10-21:VALID (start 2026-10-21 04:41:00 AM EDT < Arunodaya 2026-10-21 06:16:00 AM EDT),2026-10-21,07:52 AM,2026-10-21 06:16:00 AM EDT,2026-10-22,Shatabhisha,2026-10-22 11:14:00 AM EDT,2026-10-20,2026-10-23,2026-10-20 | 2026-10-21 | 2026-10-22 | 2026-10-23,4,COMPLETE,,,Normal Ekadashi,NORMAL,Ekadashi began before Arunodaya and has one valid Ekadashi sunrise. No two-day exception is triggered.,2026-10-21:VALID (start 2026-10-21 04:41:00 AM EDT < Arunodaya 2026-10-21 06:16:00 AM EDT),2026-10-21,,2026-10-22,DWADASHI,APARAHNA,2026-10-22 02:20:36 PM EDT,2026-10-22 04:29:48 PM EDT,Pratah is unavailable; Madhyahna is skipped and Aparahna is used.
London,London,United Kingdom,Europe/London,geoname:2643743,2643743,Papankusha Ekadashi,2026-10-22,"Papankusha Ekadashi - London. Dashami ends and Ekadashi begins on 2026-10-21 09:41:00 AM BST. On 22-Oct-26, Sooryodaya is 07:36 AM and Arunodaya is 06:00 AM. Ekadashi is present at sunrise and had begun before Arunodaya, so this is a valid Ekadashi sunrise. Ekadashi ends on 2026-10-22 10:17:00 AM BST and does not remain through another sunrise. Ekadashi ends and Dwadashi begins on 2026-10-22 10:17:00 AM BST. Dwadashi is present at Sooryodaya on 23-Oct-26 (Sooryodaya 07:38 AM). Dwadashi ends and Trayodashi begins on 2026-10-23 10:05:00 AM BST. Therefore the Upavaasa is observed on 22-Oct-26. For Parana on 23-Oct-26, Sooryodaya is 07:38 AM, Pratah Kala ends at 09:41 AM, Dwadashi ends at 2026-10-23 10:05:00 AM BST, and Hari Vasara ends at 2026-10-22 04:14:00 PM BST. Hari Vasara ends before Sooryodaya, so there is no Hari-Vasara delay; Parana starts at Sooryodaya (07:38 AM). Pratah Kala ends at 09:41 AM, before Dwadashi ends; therefore Pratah Kala end is the limiting end time. Hence Parana is 07:38 AM to 09:41 AM.",2026-10-21:Dashami | 2026-10-22:Ekadashi | 2026-10-23:Dwadashi,2026-10-21:Dhanishtha | 2026-10-22:Shatabhisha | 2026-10-23:Purva Bhadrapada,2026-10-21 09:41:00 AM BST,2026-10-22 10:17:00 AM BST,2026-10-23 10:05:00 AM BST,2026-10-22,07:36 AM,2026-10-22 06:00:00 AM BST,2026-10-22,,2026-10-22:VALID (start 2026-10-21 09:41:00 AM BST < Arunodaya 2026-10-22 06:00:00 AM BST),2026-10-22,07:36 AM,2026-10-22 06:00:00 AM BST,2026-10-23,Purva Bhadrapada,2026-10-22 04:14:00 PM BST,2026-10-21,2026-10-23,2026-10-21 | 2026-10-22 | 2026-10-23,3,COMPLETE,,,Normal Ekadashi,NORMAL,Ekadashi began before Arunodaya and has one valid Ekadashi sunrise. No two-day exception is triggered.,2026-10-22:VALID (start 2026-10-21 09:41:00 AM BST < Arunodaya 2026-10-22 06:00:00 AM BST),2026-10-22,,2026-10-23,DWADASHI,PRATAH,2026-10-23 07:38:00 AM BST,2026-10-23 09:40:36 AM BST,Hari Vasara ended before Parana-day sunrise; Parana is sunrise to Pratah end.
Belgaum,Karnataka,India,Asia/Kolkata,geoname:1276533,1276533,Papankusha Ekadashi,2026-10-22,"Papankusha Ekadashi - Belgaum. Dashami ends and Ekadashi begins on 2026-10-21 02:11:00 PM IST. On 22-Oct-26, Sooryodaya is 06:26 AM and Arunodaya is 04:50 AM. Ekadashi is present at sunrise and had begun before Arunodaya, so this is a valid Ekadashi sunrise. Ekadashi ends on 2026-10-22 02:47:00 PM IST and does not remain through another sunrise. Ekadashi ends and Dwadashi begins on 2026-10-22 02:47:00 PM IST. Dwadashi is present at Sooryodaya on 23-Oct-26 (Sooryodaya 06:26 AM). Dwadashi ends and Trayodashi begins on 2026-10-23 02:35:00 PM IST. Therefore the Upavaasa is observed on 22-Oct-26. For Parana on 23-Oct-26, Sooryodaya is 06:26 AM, Pratah Kala ends at 08:46 AM, Dwadashi ends at 2026-10-23 02:35:00 PM IST, and Hari Vasara ends at 2026-10-22 08:44:00 PM IST. Hari Vasara ends before Sooryodaya, so there is no Hari-Vasara delay; Parana starts at Sooryodaya (06:26 AM). Pratah Kala ends at 08:46 AM, before Dwadashi ends; therefore Pratah Kala end is the limiting end time. Hence Parana is 06:26 AM to 08:46 AM.",2026-10-21:Dashami | 2026-10-22:Ekadashi | 2026-10-23:Dwadashi,2026-10-21:Dhanishtha | 2026-10-22:Shatabhisha | 2026-10-23:Purva Bhadrapada,2026-10-21 02:11:00 PM IST,2026-10-22 02:47:00 PM IST,2026-10-23 02:35:00 PM IST,2026-10-22,06:26 AM,2026-10-22 04:50:00 AM IST,2026-10-22,,2026-10-22:VALID (start 2026-10-21 02:11:00 PM IST < Arunodaya 2026-10-22 04:50:00 AM IST),2026-10-22,06:26 AM,2026-10-22 04:50:00 AM IST,2026-10-23,Purva Bhadrapada,2026-10-22 08:44:00 PM IST,2026-10-21,2026-10-23,2026-10-21 | 2026-10-22 | 2026-10-23,3,COMPLETE,,,Normal Ekadashi,NORMAL,Ekadashi began before Arunodaya and has one valid Ekadashi sunrise. No two-day exception is triggered.,2026-10-22:VALID (start 2026-10-21 02:11:00 PM IST < Arunodaya 2026-10-22 04:50:00 AM IST),2026-10-22,,2026-10-23,DWADASHI,PRATAH,2026-10-23 06:26:00 AM IST,2026-10-23 08:46:12 AM IST,Hari Vasara ended before Parana-day sunrise; Parana is sunrise to Pratah end.
Hubli,Karnataka,India,Asia/Kolkata,geoname:1269920,1269920,Papankusha Ekadashi,2026-10-22,"Papankusha Ekadashi - Hubli. Dashami ends and Ekadashi begins on 2026-10-21 02:11:00 PM IST. On 22-Oct-26, Sooryodaya is 06:23 AM and Arunodaya is 04:47 AM. Ekadashi is present at sunrise and had begun before Arunodaya, so this is a valid Ekadashi sunrise. Ekadashi ends on 2026-10-22 02:47:00 PM IST and does not remain through another sunrise. Ekadashi ends and Dwadashi begins on 2026-10-22 02:47:00 PM IST. Dwadashi is present at Sooryodaya on 23-Oct-26 (Sooryodaya 06:23 AM). Dwadashi ends and Trayodashi begins on 2026-10-23 02:35:00 PM IST. Therefore the Upavaasa is observed on 22-Oct-26. For Parana on 23-Oct-26, Sooryodaya is 06:23 AM, Pratah Kala ends at 08:43 AM, Dwadashi ends at 2026-10-23 02:35:00 PM IST, and Hari Vasara ends at 2026-10-22 08:44:00 PM IST. Hari Vasara ends before Sooryodaya, so there is no Hari-Vasara delay; Parana starts at Sooryodaya (06:23 AM). Pratah Kala ends at 08:43 AM, before Dwadashi ends; therefore Pratah Kala end is the limiting end time. Hence Parana is 06:23 AM to 08:43 AM.",2026-10-21:Dashami | 2026-10-22:Ekadashi | 2026-10-23:Dwadashi,2026-10-21:Dhanishtha | 2026-10-22:Shatabhisha | 2026-10-23:Purva Bhadrapada,2026-10-21 02:11:00 PM IST,2026-10-22 02:47:00 PM IST,2026-10-23 02:35:00 PM IST,2026-10-22,06:23 AM,2026-10-22 04:47:00 AM IST,2026-10-22,,2026-10-22:VALID (start 2026-10-21 02:11:00 PM IST < Arunodaya 2026-10-22 04:47:00 AM IST),2026-10-22,06:23 AM,2026-10-22 04:47:00 AM IST,2026-10-23,Purva Bhadrapada,2026-10-22 08:44:00 PM IST,2026-10-21,2026-10-23,2026-10-21 | 2026-10-22 | 2026-10-23,3,COMPLETE,,,Normal Ekadashi,NORMAL,Ekadashi began before Arunodaya and has one valid Ekadashi sunrise. No two-day exception is triggered.,2026-10-22:VALID (start 2026-10-21 02:11:00 PM IST < Arunodaya 2026-10-22 04:47:00 AM IST),2026-10-22,,2026-10-23,DWADASHI,PRATAH,2026-10-23 06:23:00 AM IST,2026-10-23 08:43:12 AM IST,Hari Vasara ended before Parana-day sunrise; Parana is sunrise to Pratah end.
Vancouver,British Columbia,Canada,America/Los_Angeles,geoname:6173331,6173331,Papankusha Ekadashi,2026-10-22,"Papankusha Ekadashi - Vancouver. Dashami ends and Ekadashi begins on 2026-10-21 01:41:00 AM PDT. On 21-Oct-26, Sooryodaya is 07:43 AM and Arunodaya is 06:07 AM. Ekadashi is present at sunrise and had begun before Arunodaya, so this is a valid Ekadashi sunrise. Ekadashi ends on 2026-10-22 02:17:00 AM PDT and does not remain through another sunrise. Ekadashi ends and Dwadashi begins on 2026-10-22 02:17:00 AM PDT. Dwadashi is present at Sooryodaya on 22-Oct-26 (Sooryodaya 07:45 AM). Dwadashi ends and Trayodashi begins on 2026-10-23 02:05:00 AM PDT. Therefore the Upavaasa is observed on 21-Oct-26. For Parana on 22-Oct-26, Sooryodaya is 07:45 AM, Pratah Kala ends at 09:50 AM, Dwadashi ends at 2026-10-23 02:05:00 AM PDT, and Hari Vasara ends at 2026-10-22 08:14:00 AM PDT. Hari Vasara ends after Sooryodaya, at 08:14 AM, but still within Pratah Kala. Therefore Parana cannot start at sunrise and starts at Hari Vasara end (08:14 AM). Pratah Kala ends at 09:50 AM, before Dwadashi ends; therefore Pratah Kala end is the limiting end time. Hence Parana is 08:14 AM to 09:50 AM.",2026-10-20:Dashami | 2026-10-21:Ekadashi | 2026-10-22:Dwadashi | 2026-10-23:Trayodashi,2026-10-20:Dhanishtha | 2026-10-21:Shatabhisha | 2026-10-22:Shatabhisha | 2026-10-23:Purva Bhadrapada,2026-10-21 01:41:00 AM PDT,2026-10-22 02:17:00 AM PDT,2026-10-23 02:05:00 AM PDT,2026-10-21,07:43 AM,2026-10-21 06:07:00 AM PDT,2026-10-21,,2026-10-21:VALID (start 2026-10-21 01:41:00 AM PDT < Arunodaya 2026-10-21 06:07:00 AM PDT),2026-10-21,07:43 AM,2026-10-21 06:07:00 AM PDT,2026-10-22,Shatabhisha,2026-10-22 08:14:00 AM PDT,2026-10-20,2026-10-23,2026-10-20 | 2026-10-21 | 2026-10-22 | 2026-10-23,4,COMPLETE,,,Normal Ekadashi,NORMAL,Ekadashi began before Arunodaya and has one valid Ekadashi sunrise. No two-day exception is triggered.,2026-10-21:VALID (start 2026-10-21 01:41:00 AM PDT < Arunodaya 2026-10-21 06:07:00 AM PDT),2026-10-21,,2026-10-22,DWADASHI,PRATAH,2026-10-22 08:14:00 AM PDT,2026-10-22 09:49:36 AM PDT,Hari Vasara ends during Pratah; Parana begins after Hari Vasara and ends at Pratah end.
Belfast,New York,United States,America/New_York,geoname:5108728,5108728,Papankusha Ekadashi,2026-10-22,"Papankusha Ekadashi - Belfast. Dashami ends and Ekadashi begins on 2026-10-21 04:41:00 AM EDT. On 21-Oct-26, Sooryodaya is 07:32 AM and Arunodaya is 05:56 AM. Ekadashi is present at sunrise and had begun before Arunodaya, so this is a valid Ekadashi sunrise. Ekadashi ends on 2026-10-22 05:17:00 AM EDT and does not remain through another sunrise. Ekadashi ends and Dwadashi begins on 2026-10-22 05:17:00 AM EDT. Dwadashi is present at Sooryodaya on 22-Oct-26 (Sooryodaya 07:33 AM). Dwadashi ends and Trayodashi begins on 2026-10-23 05:05:00 AM EDT. Therefore the Upavaasa is observed on 21-Oct-26. For Parana on 22-Oct-26, Sooryodaya is 07:33 AM, Pratah Kala ends at 09:42 AM, Dwadashi ends at 2026-10-23 05:05:00 AM EDT, and Hari Vasara ends at 2026-10-22 11:14:00 AM EDT. Hari Vasara does not clear within the usable Pratah window, so Pratah is missed. Madhyahna is skipped. Aparahna runs from 02:01 PM to 04:10 PM. Hari Vasara has already ended before Aparahna begins, so Parana starts at Aparahna start (02:01 PM). Aparahna ends at 04:10 PM, before Dwadashi ends; therefore Aparahna end is the limiting end time. Hence Parana is 02:01 PM to 04:10 PM.",2026-10-20:Dashami | 2026-10-21:Ekadashi | 2026-10-22:Dwadashi | 2026-10-23:Trayodashi,2026-10-20:Shravana | 2026-10-21:Dhanishtha | 2026-10-22:Shatabhisha | 2026-10-23:Purva Bhadrapada,2026-10-21 04:41:00 AM EDT,2026-10-22 05:17:00 AM EDT,2026-10-23 05:05:00 AM EDT,2026-10-21,07:32 AM,2026-10-21 05:56:00 AM EDT,2026-10-21,,2026-10-21:VALID (start 2026-10-21 04:41:00 AM EDT < Arunodaya 2026-10-21 05:56:00 AM EDT),2026-10-21,07:32 AM,2026-10-21 05:56:00 AM EDT,2026-10-22,Shatabhisha,2026-10-22 11:14:00 AM EDT,2026-10-20,2026-10-23,2026-10-20 | 2026-10-21 | 2026-10-22 | 2026-10-23,4,COMPLETE,,,Normal Ekadashi,NORMAL,Ekadashi began before Arunodaya and has one valid Ekadashi sunrise. No two-day exception is triggered.,2026-10-21:VALID (start 2026-10-21 04:41:00 AM EDT < Arunodaya 2026-10-21 05:56:00 AM EDT),2026-10-21,,2026-10-22,DWADASHI,APARAHNA,2026-10-22 02:00:36 PM EDT,2026-10-22 04:09:48 PM EDT,Pratah is unavailable; Madhyahna is skipped and Aparahna is used.
Seoul,Seoul,South Korea,Asia/Seoul,geoname:1835848,1835848,Papankusha Ekadashi,2026-10-22,"Papankusha Ekadashi - Seoul. Dashami ends and Ekadashi begins on 2026-10-21 05:41:00 PM KST. On 22-Oct-26, Sooryodaya is 06:46 AM and Arunodaya is 05:10 AM. Ekadashi is present at sunrise and had begun before Arunodaya, so this is a valid Ekadashi sunrise. Ekadashi ends on 2026-10-22 06:17:00 PM KST and does not remain through another sunrise. Ekadashi ends and Dwadashi begins on 2026-10-22 06:17:00 PM KST. Dwadashi is present at Sooryodaya on 23-Oct-26 (Sooryodaya 06:47 AM). Dwadashi ends and Trayodashi begins on 2026-10-23 06:05:00 PM KST. Therefore the Upavaasa is observed on 22-Oct-26. For Parana on 23-Oct-26, Sooryodaya is 06:47 AM, Pratah Kala ends at 08:59 AM, Dwadashi ends at 2026-10-23 06:05:00 PM KST, and Hari Vasara ends at 2026-10-23 12:14:00 AM KST. Hari Vasara ends before Sooryodaya, so there is no Hari-Vasara delay; Parana starts at Sooryodaya (06:47 AM). Pratah Kala ends at 08:59 AM, before Dwadashi ends; therefore Pratah Kala end is the limiting end time. Hence Parana is 06:47 AM to 08:59 AM.",2026-10-21:Dashami | 2026-10-22:Ekadashi | 2026-10-23:Dwadashi,2026-10-21:Dhanishtha | 2026-10-22:Shatabhisha | 2026-10-23:Purva Bhadrapada,2026-10-21 05:41:00 PM KST,2026-10-22 06:17:00 PM KST,2026-10-23 06:05:00 PM KST,2026-10-22,06:46 AM,2026-10-22 05:10:00 AM KST,2026-10-22,,2026-10-22:VALID (start 2026-10-21 05:41:00 PM KST < Arunodaya 2026-10-22 05:10:00 AM KST),2026-10-22,06:46 AM,2026-10-22 05:10:00 AM KST,2026-10-23,Purva Bhadrapada,2026-10-23 12:14:00 AM KST,2026-10-21,2026-10-23,2026-10-21 | 2026-10-22 | 2026-10-23,3,COMPLETE,,,Normal Ekadashi,NORMAL,Ekadashi began before Arunodaya and has one valid Ekadashi sunrise. No two-day exception is triggered.,2026-10-22:VALID (start 2026-10-21 05:41:00 PM KST < Arunodaya 2026-10-22 05:10:00 AM KST),2026-10-22,,2026-10-23,DWADASHI,PRATAH,2026-10-23 06:47:00 AM KST,2026-10-23 08:58:36 AM KST,Hari Vasara ended before Parana-day sunrise; Parana is sunrise to Pratah end.
Auckland,Auckland,New Zealand,Pacific/Auckland,geoname:2193733,2193733,Papankusha Ekadashi,2026-10-22,"Papankusha Ekadashi - Auckland. Dashami ends and Ekadashi begins on 2026-10-21 09:41:00 PM NZDT. On 22-Oct-26, Sooryodaya is 06:28 AM and Arunodaya is 04:52 AM. Ekadashi is present at sunrise and had begun before Arunodaya, so this is a valid Ekadashi sunrise. Ekadashi ends on 2026-10-22 10:17:00 PM NZDT and does not remain through another sunrise. Ekadashi ends and Dwadashi begins on 2026-10-22 10:17:00 PM NZDT. Dwadashi is present at Sooryodaya on 23-Oct-26 (Sooryodaya 06:27 AM). Dwadashi ends and Trayodashi begins on 2026-10-23 10:05:00 PM NZDT. Therefore the Upavaasa is observed on 22-Oct-26. For Parana on 23-Oct-26, Sooryodaya is 06:27 AM, Pratah Kala ends at 09:06 AM, Dwadashi ends at 2026-10-23 10:05:00 PM NZDT, and Hari Vasara ends at 2026-10-23 04:14:00 AM NZDT. Hari Vasara ends before Sooryodaya, so there is no Hari-Vasara delay; Parana starts at Sooryodaya (06:27 AM). Pratah Kala ends at 09:06 AM, before Dwadashi ends; therefore Pratah Kala end is the limiting end time. Hence Parana is 06:27 AM to 09:06 AM.",2026-10-21:Dashami | 2026-10-22:Ekadashi | 2026-10-23:Dwadashi,2026-10-21:Dhanishtha | 2026-10-22:Shatabhisha | 2026-10-23:Purva Bhadrapada,2026-10-21 09:41:00 PM NZDT,2026-10-22 10:17:00 PM NZDT,2026-10-23 10:05:00 PM NZDT,2026-10-22,06:28 AM,2026-10-22 04:52:00 AM NZDT,2026-10-22,,2026-10-22:VALID (start 2026-10-21 09:41:00 PM NZDT < Arunodaya 2026-10-22 04:52:00 AM NZDT),2026-10-22,06:28 AM,2026-10-22 04:52:00 AM NZDT,2026-10-23,Purva Bhadrapada,2026-10-23 04:14:00 AM NZDT,2026-10-21,2026-10-23,2026-10-21 | 2026-10-22 | 2026-10-23,3,COMPLETE,,,Normal Ekadashi,NORMAL,Ekadashi began before Arunodaya and has one valid Ekadashi sunrise. No two-day exception is triggered.,2026-10-22:VALID (start 2026-10-21 09:41:00 PM NZDT < Arunodaya 2026-10-22 04:52:00 AM NZDT),2026-10-22,,2026-10-23,DWADASHI,PRATAH,2026-10-23 06:27:00 AM NZDT,2026-10-23 09:06:24 AM NZDT,Hari Vasara ended before Parana-day sunrise; Parana is sunrise to Pratah end.
Wellington,Wellington,New Zealand,Pacific/Auckland,geoname:2179537,2179537,Papankusha Ekadashi,2026-10-22,"Papankusha Ekadashi - Wellington. Dashami ends and Ekadashi begins on 2026-10-21 09:41:00 PM NZDT. On 22-Oct-26, Sooryodaya is 06:22 AM and Arunodaya is 04:46 AM. Ekadashi is present at sunrise and had begun before Arunodaya, so this is a valid Ekadashi sunrise. Ekadashi ends on 2026-10-22 10:17:00 PM NZDT and does not remain through another sunrise. Ekadashi ends and Dwadashi begins on 2026-10-22 10:17:00 PM NZDT. Dwadashi is present at Sooryodaya on 23-Oct-26 (Sooryodaya 06:20 AM). Dwadashi ends and Trayodashi begins on 2026-10-23 10:05:00 PM NZDT. Therefore the Upavaasa is observed on 22-Oct-26. For Parana on 23-Oct-26, Sooryodaya is 06:20 AM, Pratah Kala ends at 09:02 AM, Dwadashi ends at 2026-10-23 10:05:00 PM NZDT, and Hari Vasara ends at 2026-10-23 04:14:00 AM NZDT. Hari Vasara ends before Sooryodaya, so there is no Hari-Vasara delay; Parana starts at Sooryodaya (06:20 AM). Pratah Kala ends at 09:02 AM, before Dwadashi ends; therefore Pratah Kala end is the limiting end time. Hence Parana is 06:20 AM to 09:02 AM.",2026-10-21:Dashami | 2026-10-22:Ekadashi | 2026-10-23:Dwadashi,2026-10-21:Dhanishtha | 2026-10-22:Shatabhisha | 2026-10-23:Purva Bhadrapada,2026-10-21 09:41:00 PM NZDT,2026-10-22 10:17:00 PM NZDT,2026-10-23 10:05:00 PM NZDT,2026-10-22,06:22 AM,2026-10-22 04:46:00 AM NZDT,2026-10-22,,2026-10-22:VALID (start 2026-10-21 09:41:00 PM NZDT < Arunodaya 2026-10-22 04:46:00 AM NZDT),2026-10-22,06:22 AM,2026-10-22 04:46:00 AM NZDT,2026-10-23,Purva Bhadrapada,2026-10-23 04:14:00 AM NZDT,2026-10-21,2026-10-23,2026-10-21 | 2026-10-22 | 2026-10-23,3,COMPLETE,,,Normal Ekadashi,NORMAL,Ekadashi began before Arunodaya and has one valid Ekadashi sunrise. No two-day exception is triggered.,2026-10-22:VALID (start 2026-10-21 09:41:00 PM NZDT < Arunodaya 2026-10-22 04:46:00 AM NZDT),2026-10-22,,2026-10-23,DWADASHI,PRATAH,2026-10-23 06:20:00 AM NZDT,2026-10-23 09:02:12 AM NZDT,Hari Vasara ended before Parana-day sunrise; Parana is sunrise to Pratah end.
Christchurch,Canterbury,New Zealand,Pacific/Auckland,geoname:2192362,2192362,Papankusha Ekadashi,2026-10-22,"Papankusha Ekadashi - Christchurch. Dashami ends and Ekadashi begins on 2026-10-21 09:41:00 PM NZDT. On 22-Oct-26, Sooryodaya is 06:27 AM and Arunodaya is 04:51 AM. Ekadashi is present at sunrise and had begun before Arunodaya, so this is a valid Ekadashi sunrise. Ekadashi ends on 2026-10-22 10:17:00 PM NZDT and does not remain through another sunrise. Ekadashi ends and Dwadashi begins on 2026-10-22 10:17:00 PM NZDT. Dwadashi is present at Sooryodaya on 23-Oct-26 (Sooryodaya 06:26 AM). Dwadashi ends and Trayodashi begins on 2026-10-23 10:05:00 PM NZDT. Therefore the Upavaasa is observed on 22-Oct-26. For Parana on 23-Oct-26, Sooryodaya is 06:26 AM, Pratah Kala ends at 09:09 AM, Dwadashi ends at 2026-10-23 10:05:00 PM NZDT, and Hari Vasara ends at 2026-10-23 04:14:00 AM NZDT. Hari Vasara ends before Sooryodaya, so there is no Hari-Vasara delay; Parana starts at Sooryodaya (06:26 AM). Pratah Kala ends at 09:09 AM, before Dwadashi ends; therefore Pratah Kala end is the limiting end time. Hence Parana is 06:26 AM to 09:09 AM.",2026-10-21:Dashami | 2026-10-22:Ekadashi | 2026-10-23:Dwadashi,2026-10-21:Dhanishtha | 2026-10-22:Shatabhisha | 2026-10-23:Purva Bhadrapada,2026-10-21 09:41:00 PM NZDT,2026-10-22 10:17:00 PM NZDT,2026-10-23 10:05:00 PM NZDT,2026-10-22,06:27 AM,2026-10-22 04:51:00 AM NZDT,2026-10-22,,2026-10-22:VALID (start 2026-10-21 09:41:00 PM NZDT < Arunodaya 2026-10-22 04:51:00 AM NZDT),2026-10-22,06:27 AM,2026-10-22 04:51:00 AM NZDT,2026-10-23,Purva Bhadrapada,2026-10-23 04:14:00 AM NZDT,2026-10-21,2026-10-23,2026-10-21 | 2026-10-22 | 2026-10-23,3,COMPLETE,,,Normal Ekadashi,NORMAL,Ekadashi began before Arunodaya and has one valid Ekadashi sunrise. No two-day exception is triggered.,2026-10-22:VALID (start 2026-10-21 09:41:00 PM NZDT < Arunodaya 2026-10-22 04:51:00 AM NZDT),2026-10-22,,2026-10-23,DWADASHI,PRATAH,2026-10-23 06:26:00 AM NZDT,2026-10-23 09:09:24 AM NZDT,Hari Vasara ended before Parana-day sunrise; Parana is sunrise to Pratah end.
Agartala,Tripura,India,Asia/Kolkata,geoname:1279290,1279290,Papankusha Ekadashi,2026-10-22,"Papankusha Ekadashi - Agartala. Dashami ends and Ekadashi begins on 2026-10-21 02:11:00 PM IST. On 22-Oct-26, Sooryodaya is 05:25 AM and Arunodaya is 03:49 AM. Ekadashi is present at sunrise and had begun before Arunodaya, so this is a valid Ekadashi sunrise. Ekadashi ends on 2026-10-22 02:47:00 PM IST and does not remain through another sunrise. Ekadashi ends and Dwadashi begins on 2026-10-22 02:47:00 PM IST. Dwadashi is present at Sooryodaya on 23-Oct-26 (Sooryodaya 05:26 AM). Dwadashi ends and Trayodashi begins on 2026-10-23 02:35:00 PM IST. Therefore the Upavaasa is observed on 22-Oct-26. For Parana on 23-Oct-26, Sooryodaya is 05:26 AM, Pratah Kala ends at 07:43 AM, Dwadashi ends at 2026-10-23 02:35:00 PM IST, and Hari Vasara ends at 2026-10-22 08:44:00 PM IST. Hari Vasara ends before Sooryodaya, so there is no Hari-Vasara delay; Parana starts at Sooryodaya (05:26 AM). Pratah Kala ends at 07:43 AM, before Dwadashi ends; therefore Pratah Kala end is the limiting end time. Hence Parana is 05:26 AM to 07:43 AM.",2026-10-21:Dashami | 2026-10-22:Ekadashi | 2026-10-23:Dwadashi,2026-10-21:Dhanishtha | 2026-10-22:Shatabhisha | 2026-10-23:Purva Bhadrapada,2026-10-21 02:11:00 PM IST,2026-10-22 02:47:00 PM IST,2026-10-23 02:35:00 PM IST,2026-10-22,05:25 AM,2026-10-22 03:49:00 AM IST,2026-10-22,,2026-10-22:VALID (start 2026-10-21 02:11:00 PM IST < Arunodaya 2026-10-22 03:49:00 AM IST),2026-10-22,05:25 AM,2026-10-22 03:49:00 AM IST,2026-10-23,Purva Bhadrapada,2026-10-22 08:44:00 PM IST,2026-10-21,2026-10-23,2026-10-21 | 2026-10-22 | 2026-10-23,3,COMPLETE,,,Normal Ekadashi,NORMAL,Ekadashi began before Arunodaya and has one valid Ekadashi sunrise. No two-day exception is triggered.,2026-10-22:VALID (start 2026-10-21 02:11:00 PM IST < Arunodaya 2026-10-22 03:49:00 AM IST),2026-10-22,,2026-10-23,DWADASHI,PRATAH,2026-10-23 05:26:00 AM IST,2026-10-23 07:43:12 AM IST,Hari Vasara ended before Parana-day sunrise; Parana is sunrise to Pratah end.
Guwahati,Assam,India,Asia/Kolkata,geoname:1271476,1271476,Papankusha Ekadashi,2026-10-22,"Papankusha Ekadashi - Guwahati. Dashami ends and Ekadashi begins on 2026-10-21 02:11:00 PM IST. On 22-Oct-26, Sooryodaya is 05:26 AM and Arunodaya is 03:50 AM. Ekadashi is present at sunrise and had begun before Arunodaya, so this is a valid Ekadashi sunrise. Ekadashi ends on 2026-10-22 02:47:00 PM IST and does not remain through another sunrise. Ekadashi ends and Dwadashi begins on 2026-10-22 02:47:00 PM IST. Dwadashi is present at Sooryodaya on 23-Oct-26 (Sooryodaya 05:26 AM). Dwadashi ends and Trayodashi begins on 2026-10-23 02:35:00 PM IST. Therefore the Upavaasa is observed on 22-Oct-26. For Parana on 23-Oct-26, Sooryodaya is 05:26 AM, Pratah Kala ends at 07:42 AM, Dwadashi ends at 2026-10-23 02:35:00 PM IST, and Hari Vasara ends at 2026-10-22 08:44:00 PM IST. Hari Vasara ends before Sooryodaya, so there is no Hari-Vasara delay; Parana starts at Sooryodaya (05:26 AM). Pratah Kala ends at 07:42 AM, before Dwadashi ends; therefore Pratah Kala end is the limiting end time. Hence Parana is 05:26 AM to 07:42 AM.",2026-10-21:Dashami | 2026-10-22:Ekadashi | 2026-10-23:Dwadashi,2026-10-21:Dhanishtha | 2026-10-22:Shatabhisha | 2026-10-23:Purva Bhadrapada,2026-10-21 02:11:00 PM IST,2026-10-22 02:47:00 PM IST,2026-10-23 02:35:00 PM IST,2026-10-22,05:26 AM,2026-10-22 03:50:00 AM IST,2026-10-22,,2026-10-22:VALID (start 2026-10-21 02:11:00 PM IST < Arunodaya 2026-10-22 03:50:00 AM IST),2026-10-22,05:26 AM,2026-10-22 03:50:00 AM IST,2026-10-23,Purva Bhadrapada,2026-10-22 08:44:00 PM IST,2026-10-21,2026-10-23,2026-10-21 | 2026-10-22 | 2026-10-23,3,COMPLETE,,,Normal Ekadashi,NORMAL,Ekadashi began before Arunodaya and has one valid Ekadashi sunrise. No two-day exception is triggered.,2026-10-22:VALID (start 2026-10-21 02:11:00 PM IST < Arunodaya 2026-10-22 03:50:00 AM IST),2026-10-22,,2026-10-23,DWADASHI,PRATAH,2026-10-23 05:26:00 AM IST,2026-10-23 07:42:24 AM IST,Hari Vasara ended before Parana-day sunrise; Parana is sunrise to Pratah end.
Shiliguri,West Bengal,India,Asia/Kolkata,geoname:1256525,1256525,Papankusha Ekadashi,2026-10-22,"Papankusha Ekadashi - Shiliguri. Dashami ends and Ekadashi begins on 2026-10-21 02:11:00 PM IST. On 22-Oct-26, Sooryodaya is 05:39 AM and Arunodaya is 04:03 AM. Ekadashi is present at sunrise and had begun before Arunodaya, so this is a valid Ekadashi sunrise. Ekadashi ends on 2026-10-22 02:47:00 PM IST and does not remain through another sunrise. Ekadashi ends and Dwadashi begins on 2026-10-22 02:47:00 PM IST. Dwadashi is present at Sooryodaya on 23-Oct-26 (Sooryodaya 05:40 AM). Dwadashi ends and Trayodashi begins on 2026-10-23 02:35:00 PM IST. Therefore the Upavaasa is observed on 22-Oct-26. For Parana on 23-Oct-26, Sooryodaya is 05:40 AM, Pratah Kala ends at 07:56 AM, Dwadashi ends at 2026-10-23 02:35:00 PM IST, and Hari Vasara ends at 2026-10-22 08:44:00 PM IST. Hari Vasara ends before Sooryodaya, so there is no Hari-Vasara delay; Parana starts at Sooryodaya (05:40 AM). Pratah Kala ends at 07:56 AM, before Dwadashi ends; therefore Pratah Kala end is the limiting end time. Hence Parana is 05:40 AM to 07:56 AM.",2026-10-21:Dashami | 2026-10-22:Ekadashi | 2026-10-23:Dwadashi,2026-10-21:Dhanishtha | 2026-10-22:Shatabhisha | 2026-10-23:Purva Bhadrapada,2026-10-21 02:11:00 PM IST,2026-10-22 02:47:00 PM IST,2026-10-23 02:35:00 PM IST,2026-10-22,05:39 AM,2026-10-22 04:03:00 AM IST,2026-10-22,,2026-10-22:VALID (start 2026-10-21 02:11:00 PM IST < Arunodaya 2026-10-22 04:03:00 AM IST),2026-10-22,05:39 AM,2026-10-22 04:03:00 AM IST,2026-10-23,Purva Bhadrapada,2026-10-22 08:44:00 PM IST,2026-10-21,2026-10-23,2026-10-21 | 2026-10-22 | 2026-10-23,3,COMPLETE,,,Normal Ekadashi,NORMAL,Ekadashi began before Arunodaya and has one valid Ekadashi sunrise. No two-day exception is triggered.,2026-10-22:VALID (start 2026-10-21 02:11:00 PM IST < Arunodaya 2026-10-22 04:03:00 AM IST),2026-10-22,,2026-10-23,DWADASHI,PRATAH,2026-10-23 05:40:00 AM IST,2026-10-23 07:56:12 AM IST,Hari Vasara ended before Parana-day sunrise; Parana is sunrise to Pratah end.
Aizawl,Mizoram,India,Asia/Kolkata,geoname:1279186,1279186,Papankusha Ekadashi,2026-10-22,"Papankusha Ekadashi - Aizawl. Dashami ends and Ekadashi begins on 2026-10-21 02:11:00 PM IST. On 22-Oct-26, Sooryodaya is 05:19 AM and Arunodaya is 03:43 AM. Ekadashi is present at sunrise and had begun before Arunodaya, so this is a valid Ekadashi sunrise. Ekadashi ends on 2026-10-22 02:47:00 PM IST and does not remain through another sunrise. Ekadashi ends and Dwadashi begins on 2026-10-22 02:47:00 PM IST. Dwadashi is present at Sooryodaya on 23-Oct-26 (Sooryodaya 05:20 AM). Dwadashi ends and Trayodashi begins on 2026-10-23 02:35:00 PM IST. Therefore the Upavaasa is observed on 22-Oct-26. For Parana on 23-Oct-26, Sooryodaya is 05:20 AM, Pratah Kala ends at 07:37 AM, Dwadashi ends at 2026-10-23 02:35:00 PM IST, and Hari Vasara ends at 2026-10-22 08:44:00 PM IST. Hari Vasara ends before Sooryodaya, so there is no Hari-Vasara delay; Parana starts at Sooryodaya (05:20 AM). Pratah Kala ends at 07:37 AM, before Dwadashi ends; therefore Pratah Kala end is the limiting end time. Hence Parana is 05:20 AM to 07:37 AM.",2026-10-21:Dashami | 2026-10-22:Ekadashi | 2026-10-23:Dwadashi,2026-10-21:Dhanishtha | 2026-10-22:Shatabhisha | 2026-10-23:Purva Bhadrapada,2026-10-21 02:11:00 PM IST,2026-10-22 02:47:00 PM IST,2026-10-23 02:35:00 PM IST,2026-10-22,05:19 AM,2026-10-22 03:43:00 AM IST,2026-10-22,,2026-10-22:VALID (start 2026-10-21 02:11:00 PM IST < Arunodaya 2026-10-22 03:43:00 AM IST),2026-10-22,05:19 AM,2026-10-22 03:43:00 AM IST,2026-10-23,Purva Bhadrapada,2026-10-22 08:44:00 PM IST,2026-10-21,2026-10-23,2026-10-21 | 2026-10-22 | 2026-10-23,3,COMPLETE,,,Normal Ekadashi,NORMAL,Ekadashi began before Arunodaya and has one valid Ekadashi sunrise. No two-day exception is triggered.,2026-10-22:VALID (start 2026-10-21 02:11:00 PM IST < Arunodaya 2026-10-22 03:43:00 AM IST),2026-10-22,,2026-10-23,DWADASHI,PRATAH,2026-10-23 05:20:00 AM IST,2026-10-23 07:37:24 AM IST,Hari Vasara ended before Parana-day sunrise; Parana is sunrise to Pratah end.
Gangtok,Sikkim,India,Asia/Kolkata,geoname:1271631,1271631,Papankusha Ekadashi,2026-10-22,"Papankusha Ekadashi - Gangtok. Dashami ends and Ekadashi begins on 2026-10-21 02:11:00 PM IST. On 22-Oct-26, Sooryodaya is 05:39 AM and Arunodaya is 04:03 AM. Ekadashi is present at sunrise and had begun before Arunodaya, so this is a valid Ekadashi sunrise. Ekadashi ends on 2026-10-22 02:47:00 PM IST and does not remain through another sunrise. Ekadashi ends and Dwadashi begins on 2026-10-22 02:47:00 PM IST. Dwadashi is present at Sooryodaya on 23-Oct-26 (Sooryodaya 05:40 AM). Dwadashi ends and Trayodashi begins on 2026-10-23 02:35:00 PM IST. Therefore the Upavaasa is observed on 22-Oct-26. For Parana on 23-Oct-26, Sooryodaya is 05:40 AM, Pratah Kala ends at 07:56 AM, Dwadashi ends at 2026-10-23 02:35:00 PM IST, and Hari Vasara ends at 2026-10-22 08:44:00 PM IST. Hari Vasara ends before Sooryodaya, so there is no Hari-Vasara delay; Parana starts at Sooryodaya (05:40 AM). Pratah Kala ends at 07:56 AM, before Dwadashi ends; therefore Pratah Kala end is the limiting end time. Hence Parana is 05:40 AM to 07:56 AM.",2026-10-21:Dashami | 2026-10-22:Ekadashi | 2026-10-23:Dwadashi,2026-10-21:Dhanishtha | 2026-10-22:Shatabhisha | 2026-10-23:Purva Bhadrapada,2026-10-21 02:11:00 PM IST,2026-10-22 02:47:00 PM IST,2026-10-23 02:35:00 PM IST,2026-10-22,05:39 AM,2026-10-22 04:03:00 AM IST,2026-10-22,,2026-10-22:VALID (start 2026-10-21 02:11:00 PM IST < Arunodaya 2026-10-22 04:03:00 AM IST),2026-10-22,05:39 AM,2026-10-22 04:03:00 AM IST,2026-10-23,Purva Bhadrapada,2026-10-22 08:44:00 PM IST,2026-10-21,2026-10-23,2026-10-21 | 2026-10-22 | 2026-10-23,3,COMPLETE,,,Normal Ekadashi,NORMAL,Ekadashi began before Arunodaya and has one valid Ekadashi sunrise. No two-day exception is triggered.,2026-10-22:VALID (start 2026-10-21 02:11:00 PM IST < Arunodaya 2026-10-22 04:03:00 AM IST),2026-10-22,,2026-10-23,DWADASHI,PRATAH,2026-10-23 05:40:00 AM IST,2026-10-23 07:56:00 AM IST,Hari Vasara ended before Parana-day sunrise; Parana is sunrise to Pratah end.
Silchar,Assam,India,Asia/Kolkata,geoname:1256287,1256287,Papankusha Ekadashi,2026-10-22,"Papankusha Ekadashi - Silchar. Dashami ends and Ekadashi begins on 2026-10-21 02:11:00 PM IST. On 22-Oct-26, Sooryodaya is 05:20 AM and Arunodaya is 03:44 AM. Ekadashi is present at sunrise and had begun before Arunodaya, so this is a valid Ekadashi sunrise. Ekadashi ends on 2026-10-22 02:47:00 PM IST and does not remain through another sunrise. Ekadashi ends and Dwadashi begins on 2026-10-22 02:47:00 PM IST. Dwadashi is present at Sooryodaya on 23-Oct-26 (Sooryodaya 05:21 AM). Dwadashi ends and Trayodashi begins on 2026-10-23 02:35:00 PM IST. Therefore the Upavaasa is observed on 22-Oct-26. For Parana on 23-Oct-26, Sooryodaya is 05:21 AM, Pratah Kala ends at 07:38 AM, Dwadashi ends at 2026-10-23 02:35:00 PM IST, and Hari Vasara ends at 2026-10-22 08:44:00 PM IST. Hari Vasara ends before Sooryodaya, so there is no Hari-Vasara delay; Parana starts at Sooryodaya (05:21 AM). Pratah Kala ends at 07:38 AM, before Dwadashi ends; therefore Pratah Kala end is the limiting end time. Hence Parana is 05:21 AM to 07:38 AM.",2026-10-21:Dashami | 2026-10-22:Ekadashi | 2026-10-23:Dwadashi,2026-10-21:Dhanishtha | 2026-10-22:Shatabhisha | 2026-10-23:Purva Bhadrapada,2026-10-21 02:11:00 PM IST,2026-10-22 02:47:00 PM IST,2026-10-23 02:35:00 PM IST,2026-10-22,05:20 AM,2026-10-22 03:44:00 AM IST,2026-10-22,,2026-10-22:VALID (start 2026-10-21 02:11:00 PM IST < Arunodaya 2026-10-22 03:44:00 AM IST),2026-10-22,05:20 AM,2026-10-22 03:44:00 AM IST,2026-10-23,Purva Bhadrapada,2026-10-22 08:44:00 PM IST,2026-10-21,2026-10-23,2026-10-21 | 2026-10-22 | 2026-10-23,3,COMPLETE,,,Normal Ekadashi,NORMAL,Ekadashi began before Arunodaya and has one valid Ekadashi sunrise. No two-day exception is triggered.,2026-10-22:VALID (start 2026-10-21 02:11:00 PM IST < Arunodaya 2026-10-22 03:44:00 AM IST),2026-10-22,,2026-10-23,DWADASHI,PRATAH,2026-10-23 05:21:00 AM IST,2026-10-23 07:37:48 AM IST,Hari Vasara ended before Parana-day sunrise; Parana is sunrise to Pratah end.
Dibrugarh,Assam,India,Asia/Kolkata,geoname:1272648,1272648,Papankusha Ekadashi,2026-10-22,"Papankusha Ekadashi - Dibrugarh. Dashami ends and Ekadashi begins on 2026-10-21 02:11:00 PM IST. On 22-Oct-26, Sooryodaya is 05:14 AM and Arunodaya is 03:38 AM. Ekadashi is present at sunrise and had begun before Arunodaya, so this is a valid Ekadashi sunrise. Ekadashi ends on 2026-10-22 02:47:00 PM IST and does not remain through another sunrise. Ekadashi ends and Dwadashi begins on 2026-10-22 02:47:00 PM IST. Dwadashi is present at Sooryodaya on 23-Oct-26 (Sooryodaya 05:15 AM). Dwadashi ends and Trayodashi begins on 2026-10-23 02:35:00 PM IST. Therefore the Upavaasa is observed on 22-Oct-26. For Parana on 23-Oct-26, Sooryodaya is 05:15 AM, Pratah Kala ends at 07:31 AM, Dwadashi ends at 2026-10-23 02:35:00 PM IST, and Hari Vasara ends at 2026-10-22 08:44:00 PM IST. Hari Vasara ends before Sooryodaya, so there is no Hari-Vasara delay; Parana starts at Sooryodaya (05:15 AM). Pratah Kala ends at 07:31 AM, before Dwadashi ends; therefore Pratah Kala end is the limiting end time. Hence Parana is 05:15 AM to 07:31 AM.",2026-10-21:Dashami | 2026-10-22:Ekadashi | 2026-10-23:Dwadashi,2026-10-21:Dhanishtha | 2026-10-22:Shatabhisha | 2026-10-23:Purva Bhadrapada,2026-10-21 02:11:00 PM IST,2026-10-22 02:47:00 PM IST,2026-10-23 02:35:00 PM IST,2026-10-22,05:14 AM,2026-10-22 03:38:00 AM IST,2026-10-22,,2026-10-22:VALID (start 2026-10-21 02:11:00 PM IST < Arunodaya 2026-10-22 03:38:00 AM IST),2026-10-22,05:14 AM,2026-10-22 03:38:00 AM IST,2026-10-23,Purva Bhadrapada,2026-10-22 08:44:00 PM IST,2026-10-21,2026-10-23,2026-10-21 | 2026-10-22 | 2026-10-23,3,COMPLETE,,,Normal Ekadashi,NORMAL,Ekadashi began before Arunodaya and has one valid Ekadashi sunrise. No two-day exception is triggered.,2026-10-22:VALID (start 2026-10-21 02:11:00 PM IST < Arunodaya 2026-10-22 03:38:00 AM IST),2026-10-22,,2026-10-23,DWADASHI,PRATAH,2026-10-23 05:15:00 AM IST,2026-10-23 07:30:48 AM IST,Hari Vasara ended before Parana-day sunrise; Parana is sunrise to Pratah end.
Imphal,Manipur,India,Asia/Kolkata,geoname:1269771,1269771,Papankusha Ekadashi,2026-10-22,"Papankusha Ekadashi - Imphal. Dashami ends and Ekadashi begins on 2026-10-21 02:11:00 PM IST. On 22-Oct-26, Sooryodaya is 05:16 AM and Arunodaya is 03:40 AM. Ekadashi is present at sunrise and had begun before Arunodaya, so this is a valid Ekadashi sunrise. Ekadashi ends on 2026-10-22 02:47:00 PM IST and does not remain through another sunrise. Ekadashi ends and Dwadashi begins on 2026-10-22 02:47:00 PM IST. Dwadashi is present at Sooryodaya on 23-Oct-26 (Sooryodaya 05:16 AM). Dwadashi ends and Trayodashi begins on 2026-10-23 02:35:00 PM IST. Therefore the Upavaasa is observed on 22-Oct-26. For Parana on 23-Oct-26, Sooryodaya is 05:16 AM, Pratah Kala ends at 07:33 AM, Dwadashi ends at 2026-10-23 02:35:00 PM IST, and Hari Vasara ends at 2026-10-22 08:44:00 PM IST. Hari Vasara ends before Sooryodaya, so there is no Hari-Vasara delay; Parana starts at Sooryodaya (05:16 AM). Pratah Kala ends at 07:33 AM, before Dwadashi ends; therefore Pratah Kala end is the limiting end time. Hence Parana is 05:16 AM to 07:33 AM.",2026-10-21:Dashami | 2026-10-22:Ekadashi | 2026-10-23:Dwadashi,2026-10-21:Dhanishtha | 2026-10-22:Shatabhisha | 2026-10-23:Purva Bhadrapada,2026-10-21 02:11:00 PM IST,2026-10-22 02:47:00 PM IST,2026-10-23 02:35:00 PM IST,2026-10-22,05:16 AM,2026-10-22 03:40:00 AM IST,2026-10-22,,2026-10-22:VALID (start 2026-10-21 02:11:00 PM IST < Arunodaya 2026-10-22 03:40:00 AM IST),2026-10-22,05:16 AM,2026-10-22 03:40:00 AM IST,2026-10-23,Purva Bhadrapada,2026-10-22 08:44:00 PM IST,2026-10-21,2026-10-23,2026-10-21 | 2026-10-22 | 2026-10-23,3,COMPLETE,,,Normal Ekadashi,NORMAL,Ekadashi began before Arunodaya and has one valid Ekadashi sunrise. No two-day exception is triggered.,2026-10-22:VALID (start 2026-10-21 02:11:00 PM IST < Arunodaya 2026-10-22 03:40:00 AM IST),2026-10-22,,2026-10-23,DWADASHI,PRATAH,2026-10-23 05:16:00 AM IST,2026-10-23 07:33:00 AM IST,Hari Vasara ended before Parana-day sunrise; Parana is sunrise to Pratah end.
Dimapur,Nagaland,India,Asia/Kolkata,geoname:1272552,1272552,Papankusha Ekadashi,2026-10-22,"Papankusha Ekadashi - Dimapur. Dashami ends and Ekadashi begins on 2026-10-21 02:11:00 PM IST. On 22-Oct-26, Sooryodaya is 05:17 AM and Arunodaya is 03:41 AM. Ekadashi is present at sunrise and had begun before Arunodaya, so this is a valid Ekadashi sunrise. Ekadashi ends on 2026-10-22 02:47:00 PM IST and does not remain through another sunrise. Ekadashi ends and Dwadashi begins on 2026-10-22 02:47:00 PM IST. Dwadashi is present at Sooryodaya on 23-Oct-26 (Sooryodaya 05:18 AM). Dwadashi ends and Trayodashi begins on 2026-10-23 02:35:00 PM IST. Therefore the Upavaasa is observed on 22-Oct-26. For Parana on 23-Oct-26, Sooryodaya is 05:18 AM, Pratah Kala ends at 07:34 AM, Dwadashi ends at 2026-10-23 02:35:00 PM IST, and Hari Vasara ends at 2026-10-22 08:44:00 PM IST. Hari Vasara ends before Sooryodaya, so there is no Hari-Vasara delay; Parana starts at Sooryodaya (05:18 AM). Pratah Kala ends at 07:34 AM, before Dwadashi ends; therefore Pratah Kala end is the limiting end time. Hence Parana is 05:18 AM to 07:34 AM.",2026-10-21:Dashami | 2026-10-22:Ekadashi | 2026-10-23:Dwadashi,2026-10-21:Dhanishtha | 2026-10-22:Shatabhisha | 2026-10-23:Purva Bhadrapada,2026-10-21 02:11:00 PM IST,2026-10-22 02:47:00 PM IST,2026-10-23 02:35:00 PM IST,2026-10-22,05:17 AM,2026-10-22 03:41:00 AM IST,2026-10-22,,2026-10-22:VALID (start 2026-10-21 02:11:00 PM IST < Arunodaya 2026-10-22 03:41:00 AM IST),2026-10-22,05:17 AM,2026-10-22 03:41:00 AM IST,2026-10-23,Purva Bhadrapada,2026-10-22 08:44:00 PM IST,2026-10-21,2026-10-23,2026-10-21 | 2026-10-22 | 2026-10-23,3,COMPLETE,,,Normal Ekadashi,NORMAL,Ekadashi began before Arunodaya and has one valid Ekadashi sunrise. No two-day exception is triggered.,2026-10-22:VALID (start 2026-10-21 02:11:00 PM IST < Arunodaya 2026-10-22 03:41:00 AM IST),2026-10-22,,2026-10-23,DWADASHI,PRATAH,2026-10-23 05:18:00 AM IST,2026-10-23 07:34:24 AM IST,Hari Vasara ended before Parana-day sunrise; Parana is sunrise to Pratah end.
Itanagar,Arunachal Pradesh,India,Asia/Kolkata,geoname:1269655,1269655,Papankusha Ekadashi,2026-10-22,"Papankusha Ekadashi - Itanagar. Dashami ends and Ekadashi begins on 2026-10-21 02:11:00 PM IST. On 22-Oct-26, Sooryodaya is 05:19 AM and Arunodaya is 03:43 AM. Ekadashi is present at sunrise and had begun before Arunodaya, so this is a valid Ekadashi sunrise. Ekadashi ends on 2026-10-22 02:47:00 PM IST and does not remain through another sunrise. Ekadashi ends and Dwadashi begins on 2026-10-22 02:47:00 PM IST. Dwadashi is present at Sooryodaya on 23-Oct-26 (Sooryodaya 05:20 AM). Dwadashi ends and Trayodashi begins on 2026-10-23 02:35:00 PM IST. Therefore the Upavaasa is observed on 22-Oct-26. For Parana on 23-Oct-26, Sooryodaya is 05:20 AM, Pratah Kala ends at 07:36 AM, Dwadashi ends at 2026-10-23 02:35:00 PM IST, and Hari Vasara ends at 2026-10-22 08:44:00 PM IST. Hari Vasara ends before Sooryodaya, so there is no Hari-Vasara delay; Parana starts at Sooryodaya (05:20 AM). Pratah Kala ends at 07:36 AM, before Dwadashi ends; therefore Pratah Kala end is the limiting end time. Hence Parana is 05:20 AM to 07:36 AM.",2026-10-21:Dashami | 2026-10-22:Ekadashi | 2026-10-23:Dwadashi,2026-10-21:Dhanishtha | 2026-10-22:Shatabhisha | 2026-10-23:Purva Bhadrapada,2026-10-21 02:11:00 PM IST,2026-10-22 02:47:00 PM IST,2026-10-23 02:35:00 PM IST,2026-10-22,05:19 AM,2026-10-22 03:43:00 AM IST,2026-10-22,,2026-10-22:VALID (start 2026-10-21 02:11:00 PM IST < Arunodaya 2026-10-22 03:43:00 AM IST),2026-10-22,05:19 AM,2026-10-22 03:43:00 AM IST,2026-10-23,Purva Bhadrapada,2026-10-22 08:44:00 PM IST,2026-10-21,2026-10-23,2026-10-21 | 2026-10-22 | 2026-10-23,3,COMPLETE,,,Normal Ekadashi,NORMAL,Ekadashi began before Arunodaya and has one valid Ekadashi sunrise. No two-day exception is triggered.,2026-10-22:VALID (start 2026-10-21 02:11:00 PM IST < Arunodaya 2026-10-22 03:43:00 AM IST),2026-10-22,,2026-10-23,DWADASHI,PRATAH,2026-10-23 05:20:00 AM IST,2026-10-23 07:36:00 AM IST,Hari Vasara ended before Parana-day sunrise; Parana is sunrise to Pratah end.
Madurai,Tamil Nadu,India,Asia/Kolkata,geoname:1264521,1264521,Papankusha Ekadashi,2026-10-22,"Papankusha Ekadashi - Madurai. Dashami ends and Ekadashi begins on 2026-10-21 02:11:00 PM IST. On 22-Oct-26, Sooryodaya is 06:06 AM and Arunodaya is 04:30 AM. Ekadashi is present at sunrise and had begun before Arunodaya, so this is a valid Ekadashi sunrise. Ekadashi ends on 2026-10-22 02:47:00 PM IST and does not remain through another sunrise. Ekadashi ends and Dwadashi begins on 2026-10-22 02:47:00 PM IST. Dwadashi is present at Sooryodaya on 23-Oct-26 (Sooryodaya 06:06 AM). Dwadashi ends and Trayodashi begins on 2026-10-23 02:35:00 PM IST. Therefore the Upavaasa is observed on 22-Oct-26. For Parana on 23-Oct-26, Sooryodaya is 06:06 AM, Pratah Kala ends at 08:28 AM, Dwadashi ends at 2026-10-23 02:35:00 PM IST, and Hari Vasara ends at 2026-10-22 08:44:00 PM IST. Hari Vasara ends before Sooryodaya, so there is no Hari-Vasara delay; Parana starts at Sooryodaya (06:06 AM). Pratah Kala ends at 08:28 AM, before Dwadashi ends; therefore Pratah Kala end is the limiting end time. Hence Parana is 06:06 AM to 08:28 AM.",2026-10-21:Dashami | 2026-10-22:Ekadashi | 2026-10-23:Dwadashi,2026-10-21:Dhanishtha | 2026-10-22:Shatabhisha | 2026-10-23:Purva Bhadrapada,2026-10-21 02:11:00 PM IST,2026-10-22 02:47:00 PM IST,2026-10-23 02:35:00 PM IST,2026-10-22,06:06 AM,2026-10-22 04:30:00 AM IST,2026-10-22,,2026-10-22:VALID (start 2026-10-21 02:11:00 PM IST < Arunodaya 2026-10-22 04:30:00 AM IST),2026-10-22,06:06 AM,2026-10-22 04:30:00 AM IST,2026-10-23,Purva Bhadrapada,2026-10-22 08:44:00 PM IST,2026-10-21,2026-10-23,2026-10-21 | 2026-10-22 | 2026-10-23,3,COMPLETE,,,Normal Ekadashi,NORMAL,Ekadashi began before Arunodaya and has one valid Ekadashi sunrise. No two-day exception is triggered.,2026-10-22:VALID (start 2026-10-21 02:11:00 PM IST < Arunodaya 2026-10-22 04:30:00 AM IST),2026-10-22,,2026-10-23,DWADASHI,PRATAH,2026-10-23 06:06:00 AM IST,2026-10-23 08:28:12 AM IST,Hari Vasara ended before Parana-day sunrise; Parana is sunrise to Pratah end.
Kumbakonam,Tamil Nadu,India,Asia/Kolkata,geoname:1265683,1265683,Papankusha Ekadashi,2026-10-22,"Papankusha Ekadashi - Kumbakonam. Dashami ends and Ekadashi begins on 2026-10-21 02:11:00 PM IST. On 22-Oct-26, Sooryodaya is 06:02 AM and Arunodaya is 04:26 AM. Ekadashi is present at sunrise and had begun before Arunodaya, so this is a valid Ekadashi sunrise. Ekadashi ends on 2026-10-22 02:47:00 PM IST and does not remain through another sunrise. Ekadashi ends and Dwadashi begins on 2026-10-22 02:47:00 PM IST. Dwadashi is present at Sooryodaya on 23-Oct-26 (Sooryodaya 06:02 AM). Dwadashi ends and Trayodashi begins on 2026-10-23 02:35:00 PM IST. Therefore the Upavaasa is observed on 22-Oct-26. For Parana on 23-Oct-26, Sooryodaya is 06:02 AM, Pratah Kala ends at 08:24 AM, Dwadashi ends at 2026-10-23 02:35:00 PM IST, and Hari Vasara ends at 2026-10-22 08:44:00 PM IST. Hari Vasara ends before Sooryodaya, so there is no Hari-Vasara delay; Parana starts at Sooryodaya (06:02 AM). Pratah Kala ends at 08:24 AM, before Dwadashi ends; therefore Pratah Kala end is the limiting end time. Hence Parana is 06:02 AM to 08:24 AM.",2026-10-21:Dashami | 2026-10-22:Ekadashi | 2026-10-23:Dwadashi,2026-10-21:Dhanishtha | 2026-10-22:Shatabhisha | 2026-10-23:Purva Bhadrapada,2026-10-21 02:11:00 PM IST,2026-10-22 02:47:00 PM IST,2026-10-23 02:35:00 PM IST,2026-10-22,06:02 AM,2026-10-22 04:26:00 AM IST,2026-10-22,,2026-10-22:VALID (start 2026-10-21 02:11:00 PM IST < Arunodaya 2026-10-22 04:26:00 AM IST),2026-10-22,06:02 AM,2026-10-22 04:26:00 AM IST,2026-10-23,Purva Bhadrapada,2026-10-22 08:44:00 PM IST,2026-10-21,2026-10-23,2026-10-21 | 2026-10-22 | 2026-10-23,3,COMPLETE,,,Normal Ekadashi,NORMAL,Ekadashi began before Arunodaya and has one valid Ekadashi sunrise. No two-day exception is triggered.,2026-10-22:VALID (start 2026-10-21 02:11:00 PM IST < Arunodaya 2026-10-22 04:26:00 AM IST),2026-10-22,,2026-10-23,DWADASHI,PRATAH,2026-10-23 06:02:00 AM IST,2026-10-23 08:23:48 AM IST,Hari Vasara ended before Parana-day sunrise; Parana is sunrise to Pratah end.
Chidambaram,Tamil Nadu,India,Asia/Kolkata,geoname:1274256,1274256,Papankusha Ekadashi,2026-10-22,"Papankusha Ekadashi - Chidambaram. Dashami ends and Ekadashi begins on 2026-10-21 02:11:00 PM IST. On 22-Oct-26, Sooryodaya is 06:01 AM and Arunodaya is 04:25 AM. Ekadashi is present at sunrise and had begun before Arunodaya, so this is a valid Ekadashi sunrise. Ekadashi ends on 2026-10-22 02:47:00 PM IST and does not remain through another sunrise. Ekadashi ends and Dwadashi begins on 2026-10-22 02:47:00 PM IST. Dwadashi is present at Sooryodaya on 23-Oct-26 (Sooryodaya 06:01 AM). Dwadashi ends and Trayodashi begins on 2026-10-23 02:35:00 PM IST. Therefore the Upavaasa is observed on 22-Oct-26. For Parana on 23-Oct-26, Sooryodaya is 06:01 AM, Pratah Kala ends at 08:23 AM, Dwadashi ends at 2026-10-23 02:35:00 PM IST, and Hari Vasara ends at 2026-10-22 08:44:00 PM IST. Hari Vasara ends before Sooryodaya, so there is no Hari-Vasara delay; Parana starts at Sooryodaya (06:01 AM). Pratah Kala ends at 08:23 AM, before Dwadashi ends; therefore Pratah Kala end is the limiting end time. Hence Parana is 06:01 AM to 08:23 AM.",2026-10-21:Dashami | 2026-10-22:Ekadashi | 2026-10-23:Dwadashi,2026-10-21:Dhanishtha | 2026-10-22:Shatabhisha | 2026-10-23:Purva Bhadrapada,2026-10-21 02:11:00 PM IST,2026-10-22 02:47:00 PM IST,2026-10-23 02:35:00 PM IST,2026-10-22,06:01 AM,2026-10-22 04:25:00 AM IST,2026-10-22,,2026-10-22:VALID (start 2026-10-21 02:11:00 PM IST < Arunodaya 2026-10-22 04:25:00 AM IST),2026-10-22,06:01 AM,2026-10-22 04:25:00 AM IST,2026-10-23,Purva Bhadrapada,2026-10-22 08:44:00 PM IST,2026-10-21,2026-10-23,2026-10-21 | 2026-10-22 | 2026-10-23,3,COMPLETE,,,Normal Ekadashi,NORMAL,Ekadashi began before Arunodaya and has one valid Ekadashi sunrise. No two-day exception is triggered.,2026-10-22:VALID (start 2026-10-21 02:11:00 PM IST < Arunodaya 2026-10-22 04:25:00 AM IST),2026-10-22,,2026-10-23,DWADASHI,PRATAH,2026-10-23 06:01:00 AM IST,2026-10-23 08:22:48 AM IST,Hari Vasara ended before Parana-day sunrise; Parana is sunrise to Pratah end.
Kanchipuram,Tamil Nadu,India,Asia/Kolkata,geoname:1268159,1268159,Papankusha Ekadashi,2026-10-22,"Papankusha Ekadashi - Kanchipuram. Dashami ends and Ekadashi begins on 2026-10-21 02:11:00 PM IST. On 22-Oct-26, Sooryodaya is 06:02 AM and Arunodaya is 04:26 AM. Ekadashi is present at sunrise and had begun before Arunodaya, so this is a valid Ekadashi sunrise. Ekadashi ends on 2026-10-22 02:47:00 PM IST and does not remain through another sunrise. Ekadashi ends and Dwadashi begins on 2026-10-22 02:47:00 PM IST. Dwadashi is present at Sooryodaya on 23-Oct-26 (Sooryodaya 06:03 AM). Dwadashi ends and Trayodashi begins on 2026-10-23 02:35:00 PM IST. Therefore the Upavaasa is observed on 22-Oct-26. For Parana on 23-Oct-26, Sooryodaya is 06:03 AM, Pratah Kala ends at 08:24 AM, Dwadashi ends at 2026-10-23 02:35:00 PM IST, and Hari Vasara ends at 2026-10-22 08:44:00 PM IST. Hari Vasara ends before Sooryodaya, so there is no Hari-Vasara delay; Parana starts at Sooryodaya (06:03 AM). Pratah Kala ends at 08:24 AM, before Dwadashi ends; therefore Pratah Kala end is the limiting end time. Hence Parana is 06:03 AM to 08:24 AM.",2026-10-21:Dashami | 2026-10-22:Ekadashi | 2026-10-23:Dwadashi,2026-10-21:Dhanishtha | 2026-10-22:Shatabhisha | 2026-10-23:Purva Bhadrapada,2026-10-21 02:11:00 PM IST,2026-10-22 02:47:00 PM IST,2026-10-23 02:35:00 PM IST,2026-10-22,06:02 AM,2026-10-22 04:26:00 AM IST,2026-10-22,,2026-10-22:VALID (start 2026-10-21 02:11:00 PM IST < Arunodaya 2026-10-22 04:26:00 AM IST),2026-10-22,06:02 AM,2026-10-22 04:26:00 AM IST,2026-10-23,Purva Bhadrapada,2026-10-22 08:44:00 PM IST,2026-10-21,2026-10-23,2026-10-21 | 2026-10-22 | 2026-10-23,3,COMPLETE,,,Normal Ekadashi,NORMAL,Ekadashi began before Arunodaya and has one valid Ekadashi sunrise. No two-day exception is triggered.,2026-10-22:VALID (start 2026-10-21 02:11:00 PM IST < Arunodaya 2026-10-22 04:26:00 AM IST),2026-10-22,,2026-10-23,DWADASHI,PRATAH,2026-10-23 06:03:00 AM IST,2026-10-23 08:24:00 AM IST,Hari Vasara ended before Parana-day sunrise; Parana is sunrise to Pratah end.
Srirangam,Tamil Nadu,India,Asia/Kolkata,geoname:1254388,1254388,Papankusha Ekadashi,2026-10-22,"Papankusha Ekadashi - Srirangam. Dashami ends and Ekadashi begins on 2026-10-21 02:11:00 PM IST. On 22-Oct-26, Sooryodaya is 06:05 AM and Arunodaya is 04:29 AM. Ekadashi is present at sunrise and had begun before Arunodaya, so this is a valid Ekadashi sunrise. Ekadashi ends on 2026-10-22 02:47:00 PM IST and does not remain through another sunrise. Ekadashi ends and Dwadashi begins on 2026-10-22 02:47:00 PM IST. Dwadashi is present at Sooryodaya on 23-Oct-26 (Sooryodaya 06:05 AM). Dwadashi ends and Trayodashi begins on 2026-10-23 02:35:00 PM IST. Therefore the Upavaasa is observed on 22-Oct-26. For Parana on 23-Oct-26, Sooryodaya is 06:05 AM, Pratah Kala ends at 08:27 AM, Dwadashi ends at 2026-10-23 02:35:00 PM IST, and Hari Vasara ends at 2026-10-22 08:44:00 PM IST. Hari Vasara ends before Sooryodaya, so there is no Hari-Vasara delay; Parana starts at Sooryodaya (06:05 AM). Pratah Kala ends at 08:27 AM, before Dwadashi ends; therefore Pratah Kala end is the limiting end time. Hence Parana is 06:05 AM to 08:27 AM.",2026-10-21:Dashami | 2026-10-22:Ekadashi | 2026-10-23:Dwadashi,2026-10-21:Dhanishtha | 2026-10-22:Shatabhisha | 2026-10-23:Purva Bhadrapada,2026-10-21 02:11:00 PM IST,2026-10-22 02:47:00 PM IST,2026-10-23 02:35:00 PM IST,2026-10-22,06:05 AM,2026-10-22 04:29:00 AM IST,2026-10-22,,2026-10-22:VALID (start 2026-10-21 02:11:00 PM IST < Arunodaya 2026-10-22 04:29:00 AM IST),2026-10-22,06:05 AM,2026-10-22 04:29:00 AM IST,2026-10-23,Purva Bhadrapada,2026-10-22 08:44:00 PM IST,2026-10-21,2026-10-23,2026-10-21 | 2026-10-22 | 2026-10-23,3,COMPLETE,,,Normal Ekadashi,NORMAL,Ekadashi began before Arunodaya and has one valid Ekadashi sunrise. No two-day exception is triggered.,2026-10-22:VALID (start 2026-10-21 02:11:00 PM IST < Arunodaya 2026-10-22 04:29:00 AM IST),2026-10-22,,2026-10-23,DWADASHI,PRATAH,2026-10-23 06:05:00 AM IST,2026-10-23 08:26:48 AM IST,Hari Vasara ended before Parana-day sunrise; Parana is sunrise to Pratah end.
Guruvayur,Kerala,India,Asia/Kolkata,geoname:1270603,1270603,Papankusha Ekadashi,2026-10-22,"Papankusha Ekadashi - Guruvayur. Dashami ends and Ekadashi begins on 2026-10-21 02:11:00 PM IST. On 22-Oct-26, Sooryodaya is 06:15 AM and Arunodaya is 04:39 AM. Ekadashi is present at sunrise and had begun before Arunodaya, so this is a valid Ekadashi sunrise. Ekadashi ends on 2026-10-22 02:47:00 PM IST and does not remain through another sunrise. Ekadashi ends and Dwadashi begins on 2026-10-22 02:47:00 PM IST. Dwadashi is present at Sooryodaya on 23-Oct-26 (Sooryodaya 06:15 AM). Dwadashi ends and Trayodashi begins on 2026-10-23 02:35:00 PM IST. Therefore the Upavaasa is observed on 22-Oct-26. For Parana on 23-Oct-26, Sooryodaya is 06:15 AM, Pratah Kala ends at 08:37 AM, Dwadashi ends at 2026-10-23 02:35:00 PM IST, and Hari Vasara ends at 2026-10-22 08:44:00 PM IST. Hari Vasara ends before Sooryodaya, so there is no Hari-Vasara delay; Parana starts at Sooryodaya (06:15 AM). Pratah Kala ends at 08:37 AM, before Dwadashi ends; therefore Pratah Kala end is the limiting end time. Hence Parana is 06:15 AM to 08:37 AM.",2026-10-21:Dashami | 2026-10-22:Ekadashi | 2026-10-23:Dwadashi,2026-10-21:Dhanishtha | 2026-10-22:Shatabhisha | 2026-10-23:Purva Bhadrapada,2026-10-21 02:11:00 PM IST,2026-10-22 02:47:00 PM IST,2026-10-23 02:35:00 PM IST,2026-10-22,06:15 AM,2026-10-22 04:39:00 AM IST,2026-10-22,,2026-10-22:VALID (start 2026-10-21 02:11:00 PM IST < Arunodaya 2026-10-22 04:39:00 AM IST),2026-10-22,06:15 AM,2026-10-22 04:39:00 AM IST,2026-10-23,Purva Bhadrapada,2026-10-22 08:44:00 PM IST,2026-10-21,2026-10-23,2026-10-21 | 2026-10-22 | 2026-10-23,3,COMPLETE,,,Normal Ekadashi,NORMAL,Ekadashi began before Arunodaya and has one valid Ekadashi sunrise. No two-day exception is triggered.,2026-10-22:VALID (start 2026-10-21 02:11:00 PM IST < Arunodaya 2026-10-22 04:39:00 AM IST),2026-10-22,,2026-10-23,DWADASHI,PRATAH,2026-10-23 06:15:00 AM IST,2026-10-23 08:37:00 AM IST,Hari Vasara ended before Parana-day sunrise; Parana is sunrise to Pratah end.
Pandharpur,Maharashtra,India,Asia/Kolkata,geoname:1260546,1260546,Papankusha Ekadashi,2026-10-22,"Papankusha Ekadashi - Pandharpur. Dashami ends and Ekadashi begins on 2026-10-21 02:11:00 PM IST. On 22-Oct-26, Sooryodaya is 06:24 AM and Arunodaya is 04:48 AM. Ekadashi is present at sunrise and had begun before Arunodaya, so this is a valid Ekadashi sunrise. Ekadashi ends on 2026-10-22 02:47:00 PM IST and does not remain through another sunrise. Ekadashi ends and Dwadashi begins on 2026-10-22 02:47:00 PM IST. Dwadashi is present at Sooryodaya on 23-Oct-26 (Sooryodaya 06:24 AM). Dwadashi ends and Trayodashi begins on 2026-10-23 02:35:00 PM IST. Therefore the Upavaasa is observed on 22-Oct-26. For Parana on 23-Oct-26, Sooryodaya is 06:24 AM, Pratah Kala ends at 08:44 AM, Dwadashi ends at 2026-10-23 02:35:00 PM IST, and Hari Vasara ends at 2026-10-22 08:44:00 PM IST. Hari Vasara ends before Sooryodaya, so there is no Hari-Vasara delay; Parana starts at Sooryodaya (06:24 AM). Pratah Kala ends at 08:44 AM, before Dwadashi ends; therefore Pratah Kala end is the limiting end time. Hence Parana is 06:24 AM to 08:44 AM.",2026-10-21:Dashami | 2026-10-22:Ekadashi | 2026-10-23:Dwadashi,2026-10-21:Dhanishtha | 2026-10-22:Shatabhisha | 2026-10-23:Purva Bhadrapada,2026-10-21 02:11:00 PM IST,2026-10-22 02:47:00 PM IST,2026-10-23 02:35:00 PM IST,2026-10-22,06:24 AM,2026-10-22 04:48:00 AM IST,2026-10-22,,2026-10-22:VALID (start 2026-10-21 02:11:00 PM IST < Arunodaya 2026-10-22 04:48:00 AM IST),2026-10-22,06:24 AM,2026-10-22 04:48:00 AM IST,2026-10-23,Purva Bhadrapada,2026-10-22 08:44:00 PM IST,2026-10-21,2026-10-23,2026-10-21 | 2026-10-22 | 2026-10-23,3,COMPLETE,,,Normal Ekadashi,NORMAL,Ekadashi began before Arunodaya and has one valid Ekadashi sunrise. No two-day exception is triggered.,2026-10-22:VALID (start 2026-10-21 02:11:00 PM IST < Arunodaya 2026-10-22 04:48:00 AM IST),2026-10-22,,2026-10-23,DWADASHI,PRATAH,2026-10-23 06:24:00 AM IST,2026-10-23 08:43:36 AM IST,Hari Vasara ended before Parana-day sunrise; Parana is sunrise to Pratah end.
Kolhapur,Maharashtra,India,Asia/Kolkata,geoname:1266285,1266285,Papankusha Ekadashi,2026-10-22,"Papankusha Ekadashi - Kolhapur. Dashami ends and Ekadashi begins on 2026-10-21 02:11:00 PM IST. On 22-Oct-26, Sooryodaya is 06:27 AM and Arunodaya is 04:51 AM. Ekadashi is present at sunrise and had begun before Arunodaya, so this is a valid Ekadashi sunrise. Ekadashi ends on 2026-10-22 02:47:00 PM IST and does not remain through another sunrise. Ekadashi ends and Dwadashi begins on 2026-10-22 02:47:00 PM IST. Dwadashi is present at Sooryodaya on 23-Oct-26 (Sooryodaya 06:28 AM). Dwadashi ends and Trayodashi begins on 2026-10-23 02:35:00 PM IST. Therefore the Upavaasa is observed on 22-Oct-26. For Parana on 23-Oct-26, Sooryodaya is 06:28 AM, Pratah Kala ends at 08:48 AM, Dwadashi ends at 2026-10-23 02:35:00 PM IST, and Hari Vasara ends at 2026-10-22 08:44:00 PM IST. Hari Vasara ends before Sooryodaya, so there is no Hari-Vasara delay; Parana starts at Sooryodaya (06:28 AM). Pratah Kala ends at 08:48 AM, before Dwadashi ends; therefore Pratah Kala end is the limiting end time. Hence Parana is 06:28 AM to 08:48 AM.",2026-10-21:Dashami | 2026-10-22:Ekadashi | 2026-10-23:Dwadashi,2026-10-21:Dhanishtha | 2026-10-22:Shatabhisha | 2026-10-23:Purva Bhadrapada,2026-10-21 02:11:00 PM IST,2026-10-22 02:47:00 PM IST,2026-10-23 02:35:00 PM IST,2026-10-22,06:27 AM,2026-10-22 04:51:00 AM IST,2026-10-22,,2026-10-22:VALID (start 2026-10-21 02:11:00 PM IST < Arunodaya 2026-10-22 04:51:00 AM IST),2026-10-22,06:27 AM,2026-10-22 04:51:00 AM IST,2026-10-23,Purva Bhadrapada,2026-10-22 08:44:00 PM IST,2026-10-21,2026-10-23,2026-10-21 | 2026-10-22 | 2026-10-23,3,COMPLETE,,,Normal Ekadashi,NORMAL,Ekadashi began before Arunodaya and has one valid Ekadashi sunrise. No two-day exception is triggered.,2026-10-22:VALID (start 2026-10-21 02:11:00 PM IST < Arunodaya 2026-10-22 04:51:00 AM IST),2026-10-22,,2026-10-23,DWADASHI,PRATAH,2026-10-23 06:28:00 AM IST,2026-10-23 08:47:48 AM IST,Hari Vasara ended before Parana-day sunrise; Parana is sunrise to Pratah end.
Nagpur,Maharashtra,India,Asia/Kolkata,geoname:1262180,1262180,Papankusha Ekadashi,2026-10-22,"Papankusha Ekadashi - Nagpur. Dashami ends and Ekadashi begins on 2026-10-21 02:11:00 PM IST. On 22-Oct-26, Sooryodaya is 06:12 AM and Arunodaya is 04:36 AM. Ekadashi is present at sunrise and had begun before Arunodaya, so this is a valid Ekadashi sunrise. Ekadashi ends on 2026-10-22 02:47:00 PM IST and does not remain through another sunrise. Ekadashi ends and Dwadashi begins on 2026-10-22 02:47:00 PM IST. Dwadashi is present at Sooryodaya on 23-Oct-26 (Sooryodaya 06:12 AM). Dwadashi ends and Trayodashi begins on 2026-10-23 02:35:00 PM IST. Therefore the Upavaasa is observed on 22-Oct-26. For Parana on 23-Oct-26, Sooryodaya is 06:12 AM, Pratah Kala ends at 08:30 AM, Dwadashi ends at 2026-10-23 02:35:00 PM IST, and Hari Vasara ends at 2026-10-22 08:44:00 PM IST. Hari Vasara ends before Sooryodaya, so there is no Hari-Vasara delay; Parana starts at Sooryodaya (06:12 AM). Pratah Kala ends at 08:30 AM, before Dwadashi ends; therefore Pratah Kala end is the limiting end time. Hence Parana is 06:12 AM to 08:30 AM.",2026-10-21:Dashami | 2026-10-22:Ekadashi | 2026-10-23:Dwadashi,2026-10-21:Dhanishtha | 2026-10-22:Shatabhisha | 2026-10-23:Purva Bhadrapada,2026-10-21 02:11:00 PM IST,2026-10-22 02:47:00 PM IST,2026-10-23 02:35:00 PM IST,2026-10-22,06:12 AM,2026-10-22 04:36:00 AM IST,2026-10-22,,2026-10-22:VALID (start 2026-10-21 02:11:00 PM IST < Arunodaya 2026-10-22 04:36:00 AM IST),2026-10-22,06:12 AM,2026-10-22 04:36:00 AM IST,2026-10-23,Purva Bhadrapada,2026-10-22 08:44:00 PM IST,2026-10-21,2026-10-23,2026-10-21 | 2026-10-22 | 2026-10-23,3,COMPLETE,,,Normal Ekadashi,NORMAL,Ekadashi began before Arunodaya and has one valid Ekadashi sunrise. No two-day exception is triggered.,2026-10-22:VALID (start 2026-10-21 02:11:00 PM IST < Arunodaya 2026-10-22 04:36:00 AM IST),2026-10-22,,2026-10-23,DWADASHI,PRATAH,2026-10-23 06:12:00 AM IST,2026-10-23 08:30:24 AM IST,Hari Vasara ended before Parana-day sunrise; Parana is sunrise to Pratah end.
Visakhapatnam,Andra Pradesh,India,Asia/Kolkata,geoname:1253102,1253102,Papankusha Ekadashi,2026-10-22,"Papankusha Ekadashi - Visakhapatnam. Dashami ends and Ekadashi begins on 2026-10-21 02:11:00 PM IST. On 22-Oct-26, Sooryodaya is 05:52 AM and Arunodaya is 04:16 AM. Ekadashi is present at sunrise and had begun before Arunodaya, so this is a valid Ekadashi sunrise. Ekadashi ends on 2026-10-22 02:47:00 PM IST and does not remain through another sunrise. Ekadashi ends and Dwadashi begins on 2026-10-22 02:47:00 PM IST. Dwadashi is present at Sooryodaya on 23-Oct-26 (Sooryodaya 05:53 AM). Dwadashi ends and Trayodashi begins on 2026-10-23 02:35:00 PM IST. Therefore the Upavaasa is observed on 22-Oct-26. For Parana on 23-Oct-26, Sooryodaya is 05:53 AM, Pratah Kala ends at 08:12 AM, Dwadashi ends at 2026-10-23 02:35:00 PM IST, and Hari Vasara ends at 2026-10-22 08:44:00 PM IST. Hari Vasara ends before Sooryodaya, so there is no Hari-Vasara delay; Parana starts at Sooryodaya (05:53 AM). Pratah Kala ends at 08:12 AM, before Dwadashi ends; therefore Pratah Kala end is the limiting end time. Hence Parana is 05:53 AM to 08:12 AM.",2026-10-21:Dashami | 2026-10-22:Ekadashi | 2026-10-23:Dwadashi,2026-10-21:Dhanishtha | 2026-10-22:Shatabhisha | 2026-10-23:Purva Bhadrapada,2026-10-21 02:11:00 PM IST,2026-10-22 02:47:00 PM IST,2026-10-23 02:35:00 PM IST,2026-10-22,05:52 AM,2026-10-22 04:16:00 AM IST,2026-10-22,,2026-10-22:VALID (start 2026-10-21 02:11:00 PM IST < Arunodaya 2026-10-22 04:16:00 AM IST),2026-10-22,05:52 AM,2026-10-22 04:16:00 AM IST,2026-10-23,Purva Bhadrapada,2026-10-22 08:44:00 PM IST,2026-10-21,2026-10-23,2026-10-21 | 2026-10-22 | 2026-10-23,3,COMPLETE,,,Normal Ekadashi,NORMAL,Ekadashi began before Arunodaya and has one valid Ekadashi sunrise. No two-day exception is triggered.,2026-10-22:VALID (start 2026-10-21 02:11:00 PM IST < Arunodaya 2026-10-22 04:16:00 AM IST),2026-10-22,,2026-10-23,DWADASHI,PRATAH,2026-10-23 05:53:00 AM IST,2026-10-23 08:12:24 AM IST,Hari Vasara ended before Parana-day sunrise; Parana is sunrise to Pratah end.
Dubai,Dubai,United Arab Emirates,Asia/Dubai,geoname:292223,292223,Papankusha Ekadashi,2026-10-22,"Papankusha Ekadashi - Dubai. Dashami ends and Ekadashi begins on 2026-10-21 12:41:00 PM +04. On 22-Oct-26, Sooryodaya is 06:21 AM and Arunodaya is 04:45 AM. Ekadashi is present at sunrise and had begun before Arunodaya, so this is a valid Ekadashi sunrise. Ekadashi ends on 2026-10-22 01:17:00 PM +04 and does not remain through another sunrise. Ekadashi ends and Dwadashi begins on 2026-10-22 01:17:00 PM +04. Dwadashi is present at Sooryodaya on 23-Oct-26 (Sooryodaya 06:21 AM). Dwadashi ends and Trayodashi begins on 2026-10-23 01:05:00 PM +04. Therefore the Upavaasa is observed on 22-Oct-26. For Parana on 23-Oct-26, Sooryodaya is 06:21 AM, Pratah Kala ends at 08:38 AM, Dwadashi ends at 2026-10-23 01:05:00 PM +04, and Hari Vasara ends at 2026-10-22 07:14:00 PM +04. Hari Vasara ends before Sooryodaya, so there is no Hari-Vasara delay; Parana starts at Sooryodaya (06:21 AM). Pratah Kala ends at 08:38 AM, before Dwadashi ends; therefore Pratah Kala end is the limiting end time. Hence Parana is 06:21 AM to 08:38 AM.",2026-10-21:Dashami | 2026-10-22:Ekadashi | 2026-10-23:Dwadashi,2026-10-21:Dhanishtha | 2026-10-22:Shatabhisha | 2026-10-23:Purva Bhadrapada,2026-10-21 12:41:00 PM +04,2026-10-22 01:17:00 PM +04,2026-10-23 01:05:00 PM +04,2026-10-22,06:21 AM,2026-10-22 04:45:00 AM +04,2026-10-22,,2026-10-22:VALID (start 2026-10-21 12:41:00 PM +04 < Arunodaya 2026-10-22 04:45:00 AM +04),2026-10-22,06:21 AM,2026-10-22 04:45:00 AM +04,2026-10-23,Purva Bhadrapada,2026-10-22 07:14:00 PM +04,2026-10-21,2026-10-23,2026-10-21 | 2026-10-22 | 2026-10-23,3,COMPLETE,,,Normal Ekadashi,NORMAL,Ekadashi began before Arunodaya and has one valid Ekadashi sunrise. No two-day exception is triggered.,2026-10-22:VALID (start 2026-10-21 12:41:00 PM +04 < Arunodaya 2026-10-22 04:45:00 AM +04),2026-10-22,,2026-10-23,DWADASHI,PRATAH,2026-10-23 06:21:00 AM +04,2026-10-23 08:37:48 AM +04,Hari Vasara ended before Parana-day sunrise; Parana is sunrise to Pratah end.
Doha,Baladīyat ad Dawḩah,Qatar,Asia/Qatar,geoname:290030,290030,Papankusha Ekadashi,2026-10-22,"Papankusha Ekadashi - Doha. Dashami ends and Ekadashi begins on 2026-10-21 11:41:00 AM +03. On 22-Oct-26, Sooryodaya is 05:36 AM and Arunodaya is 04:00 AM. Ekadashi is present at sunrise and had begun before Arunodaya, so this is a valid Ekadashi sunrise. Ekadashi ends on 2026-10-22 12:17:00 PM +03 and does not remain through another sunrise. Ekadashi ends and Dwadashi begins on 2026-10-22 12:17:00 PM +03. Dwadashi is present at Sooryodaya on 23-Oct-26 (Sooryodaya 05:36 AM). Dwadashi ends and Trayodashi begins on 2026-10-23 12:05:00 PM +03. Therefore the Upavaasa is observed on 22-Oct-26. For Parana on 23-Oct-26, Sooryodaya is 05:36 AM, Pratah Kala ends at 07:53 AM, Dwadashi ends at 2026-10-23 12:05:00 PM +03, and Hari Vasara ends at 2026-10-22 06:14:00 PM +03. Hari Vasara ends before Sooryodaya, so there is no Hari-Vasara delay; Parana starts at Sooryodaya (05:36 AM). Pratah Kala ends at 07:53 AM, before Dwadashi ends; therefore Pratah Kala end is the limiting end time. Hence Parana is 05:36 AM to 07:53 AM.",2026-10-21:Dashami | 2026-10-22:Ekadashi | 2026-10-23:Dwadashi,2026-10-21:Dhanishtha | 2026-10-22:Shatabhisha | 2026-10-23:Purva Bhadrapada,2026-10-21 11:41:00 AM +03,2026-10-22 12:17:00 PM +03,2026-10-23 12:05:00 PM +03,2026-10-22,05:36 AM,2026-10-22 04:00:00 AM +03,2026-10-22,,2026-10-22:VALID (start 2026-10-21 11:41:00 AM +03 < Arunodaya 2026-10-22 04:00:00 AM +03),2026-10-22,05:36 AM,2026-10-22 04:00:00 AM +03,2026-10-23,Purva Bhadrapada,2026-10-22 06:14:00 PM +03,2026-10-21,2026-10-23,2026-10-21 | 2026-10-22 | 2026-10-23,3,COMPLETE,,,Normal Ekadashi,NORMAL,Ekadashi began before Arunodaya and has one valid Ekadashi sunrise. No two-day exception is triggered.,2026-10-22:VALID (start 2026-10-21 11:41:00 AM +03 < Arunodaya 2026-10-22 04:00:00 AM +03),2026-10-22,,2026-10-23,DWADASHI,PRATAH,2026-10-23 05:36:00 AM +03,2026-10-23 07:52:48 AM +03,Hari Vasara ended before Parana-day sunrise; Parana is sunrise to Pratah end.
Zurich,Zurich,Switzerland,Europe/Zurich,geoname:2657896,2657896,Papankusha Ekadashi,2026-10-22,"Papankusha Ekadashi - Zurich. Dashami ends and Ekadashi begins on 2026-10-21 10:41:00 AM CEST. On 22-Oct-26, Sooryodaya is 07:54 AM and Arunodaya is 06:18 AM. Ekadashi is present at sunrise and had begun before Arunodaya, so this is a valid Ekadashi sunrise. Ekadashi ends on 2026-10-22 11:17:00 AM CEST and does not remain through another sunrise. Ekadashi ends and Dwadashi begins on 2026-10-22 11:17:00 AM CEST. Dwadashi is present at Sooryodaya on 23-Oct-26 (Sooryodaya 07:56 AM). Dwadashi ends and Trayodashi begins on 2026-10-23 11:05:00 AM CEST. Therefore the Upavaasa is observed on 22-Oct-26. For Parana on 23-Oct-26, Sooryodaya is 07:56 AM, Pratah Kala ends at 10:02 AM, Dwadashi ends at 2026-10-23 11:05:00 AM CEST, and Hari Vasara ends at 2026-10-22 05:14:00 PM CEST. Hari Vasara ends before Sooryodaya, so there is no Hari-Vasara delay; Parana starts at Sooryodaya (07:56 AM). Pratah Kala ends at 10:02 AM, before Dwadashi ends; therefore Pratah Kala end is the limiting end time. Hence Parana is 07:56 AM to 10:02 AM.",2026-10-21:Dashami | 2026-10-22:Ekadashi | 2026-10-23:Dwadashi,2026-10-21:Dhanishtha | 2026-10-22:Shatabhisha | 2026-10-23:Purva Bhadrapada,2026-10-21 10:41:00 AM CEST,2026-10-22 11:17:00 AM CEST,2026-10-23 11:05:00 AM CEST,2026-10-22,07:54 AM,2026-10-22 06:18:00 AM CEST,2026-10-22,,2026-10-22:VALID (start 2026-10-21 10:41:00 AM CEST < Arunodaya 2026-10-22 06:18:00 AM CEST),2026-10-22,07:54 AM,2026-10-22 06:18:00 AM CEST,2026-10-23,Purva Bhadrapada,2026-10-22 05:14:00 PM CEST,2026-10-21,2026-10-23,2026-10-21 | 2026-10-22 | 2026-10-23,3,COMPLETE,,,Normal Ekadashi,NORMAL,Ekadashi began before Arunodaya and has one valid Ekadashi sunrise. No two-day exception is triggered.,2026-10-22:VALID (start 2026-10-21 10:41:00 AM CEST < Arunodaya 2026-10-22 06:18:00 AM CEST),2026-10-22,,2026-10-23,DWADASHI,PRATAH,2026-10-23 07:56:00 AM CEST,2026-10-23 10:01:36 AM CEST,Hari Vasara ended before Parana-day sunrise; Parana is sunrise to Pratah end.
Esslingen,Esslingen,Germany,Europe/Berlin,geoname:2928751,2928751,Papankusha Ekadashi,2026-10-22,"Papankusha Ekadashi - Esslingen. Dashami ends and Ekadashi begins on 2026-10-21 10:41:00 AM CEST. On 22-Oct-26, Sooryodaya is 07:53 AM and Arunodaya is 06:17 AM. Ekadashi is present at sunrise and had begun before Arunodaya, so this is a valid Ekadashi sunrise. Ekadashi ends on 2026-10-22 11:17:00 AM CEST and does not remain through another sunrise. Ekadashi ends and Dwadashi begins on 2026-10-22 11:17:00 AM CEST. Dwadashi is present at Sooryodaya on 23-Oct-26 (Sooryodaya 07:55 AM). Dwadashi ends and Trayodashi begins on 2026-10-23 11:05:00 AM CEST. Therefore the Upavaasa is observed on 22-Oct-26. For Parana on 23-Oct-26, Sooryodaya is 07:55 AM, Pratah Kala ends at 10:00 AM, Dwadashi ends at 2026-10-23 11:05:00 AM CEST, and Hari Vasara ends at 2026-10-22 05:14:00 PM CEST. Hari Vasara ends before Sooryodaya, so there is no Hari-Vasara delay; Parana starts at Sooryodaya (07:55 AM). Pratah Kala ends at 10:00 AM, before Dwadashi ends; therefore Pratah Kala end is the limiting end time. Hence Parana is 07:55 AM to 10:00 AM.",2026-10-21:Dashami | 2026-10-22:Ekadashi | 2026-10-23:Dwadashi,2026-10-21:Dhanishtha | 2026-10-22:Shatabhisha | 2026-10-23:Purva Bhadrapada,2026-10-21 10:41:00 AM CEST,2026-10-22 11:17:00 AM CEST,2026-10-23 11:05:00 AM CEST,2026-10-22,07:53 AM,2026-10-22 06:17:00 AM CEST,2026-10-22,,2026-10-22:VALID (start 2026-10-21 10:41:00 AM CEST < Arunodaya 2026-10-22 06:17:00 AM CEST),2026-10-22,07:53 AM,2026-10-22 06:17:00 AM CEST,2026-10-23,Purva Bhadrapada,2026-10-22 05:14:00 PM CEST,2026-10-21,2026-10-23,2026-10-21 | 2026-10-22 | 2026-10-23,3,COMPLETE,,,Normal Ekadashi,NORMAL,Ekadashi began before Arunodaya and has one valid Ekadashi sunrise. No two-day exception is triggered.,2026-10-22:VALID (start 2026-10-21 10:41:00 AM CEST < Arunodaya 2026-10-22 06:17:00 AM CEST),2026-10-22,,2026-10-23,DWADASHI,PRATAH,2026-10-23 07:55:00 AM CEST,2026-10-23 09:59:36 AM CEST,Hari Vasara ended before Parana-day sunrise; Parana is sunrise to Pratah end.
Ayodhya,Uttar Pradesh,India,Asia/Kolkata,geoname:1278094,1278094,Papankusha Ekadashi,2026-10-22,"Papankusha Ekadashi - Ayodhya. Dashami ends and Ekadashi begins on 2026-10-21 02:11:00 PM IST. On 22-Oct-26, Sooryodaya is 06:04 AM and Arunodaya is 04:28 AM. Ekadashi is present at sunrise and had begun before Arunodaya, so this is a valid Ekadashi sunrise. Ekadashi ends on 2026-10-22 02:47:00 PM IST and does not remain through another sunrise. Ekadashi ends and Dwadashi begins on 2026-10-22 02:47:00 PM IST. Dwadashi is present at Sooryodaya on 23-Oct-26 (Sooryodaya 06:05 AM). Dwadashi ends and Trayodashi begins on 2026-10-23 02:35:00 PM IST. Therefore the Upavaasa is observed on 22-Oct-26. For Parana on 23-Oct-26, Sooryodaya is 06:05 AM, Pratah Kala ends at 08:21 AM, Dwadashi ends at 2026-10-23 02:35:00 PM IST, and Hari Vasara ends at 2026-10-22 08:44:00 PM IST. Hari Vasara ends before Sooryodaya, so there is no Hari-Vasara delay; Parana starts at Sooryodaya (06:05 AM). Pratah Kala ends at 08:21 AM, before Dwadashi ends; therefore Pratah Kala end is the limiting end time. Hence Parana is 06:05 AM to 08:21 AM.",2026-10-21:Dashami | 2026-10-22:Ekadashi | 2026-10-23:Dwadashi,2026-10-21:Dhanishtha | 2026-10-22:Shatabhisha | 2026-10-23:Purva Bhadrapada,2026-10-21 02:11:00 PM IST,2026-10-22 02:47:00 PM IST,2026-10-23 02:35:00 PM IST,2026-10-22,06:04 AM,2026-10-22 04:28:00 AM IST,2026-10-22,,2026-10-22:VALID (start 2026-10-21 02:11:00 PM IST < Arunodaya 2026-10-22 04:28:00 AM IST),2026-10-22,06:04 AM,2026-10-22 04:28:00 AM IST,2026-10-23,Purva Bhadrapada,2026-10-22 08:44:00 PM IST,2026-10-21,2026-10-23,2026-10-21 | 2026-10-22 | 2026-10-23,3,COMPLETE,,,Normal Ekadashi,NORMAL,Ekadashi began before Arunodaya and has one valid Ekadashi sunrise. No two-day exception is triggered.,2026-10-22:VALID (start 2026-10-21 02:11:00 PM IST < Arunodaya 2026-10-22 04:28:00 AM IST),2026-10-22,,2026-10-23,DWADASHI,PRATAH,2026-10-23 06:05:00 AM IST,2026-10-23 08:21:12 AM IST,Hari Vasara ended before Parana-day sunrise; Parana is sunrise to Pratah end.
Pittsford,New York,United States,America/New_York,geoname:5131614,5131614,Papankusha Ekadashi,2026-10-22,"Papankusha Ekadashi - Pittsford. Dashami ends and Ekadashi begins on 2026-10-21 04:41:00 AM EDT. On 21-Oct-26, Sooryodaya is 07:31 AM and Arunodaya is 05:55 AM. Ekadashi is present at sunrise and had begun before Arunodaya, so this is a valid Ekadashi sunrise. Ekadashi ends on 2026-10-22 05:17:00 AM EDT and does not remain through another sunrise. Ekadashi ends and Dwadashi begins on 2026-10-22 05:17:00 AM EDT. Dwadashi is present at Sooryodaya on 22-Oct-26 (Sooryodaya 07:32 AM). Dwadashi ends and Trayodashi begins on 2026-10-23 05:05:00 AM EDT. Therefore the Upavaasa is observed on 21-Oct-26. For Parana on 22-Oct-26, Sooryodaya is 07:32 AM, Pratah Kala ends at 09:41 AM, Dwadashi ends at 2026-10-23 05:05:00 AM EDT, and Hari Vasara ends at 2026-10-22 11:14:00 AM EDT. Hari Vasara does not clear within the usable Pratah window, so Pratah is missed. Madhyahna is skipped. Aparahna runs from 01:58 PM to 04:07 PM. Hari Vasara has already ended before Aparahna begins, so Parana starts at Aparahna start (01:58 PM). Aparahna ends at 04:07 PM, before Dwadashi ends; therefore Aparahna end is the limiting end time. Hence Parana is 01:58 PM to 04:07 PM.",2026-10-20:Dashami | 2026-10-21:Ekadashi | 2026-10-22:Dwadashi | 2026-10-23:Trayodashi,2026-10-20:Shravana | 2026-10-21:Dhanishtha | 2026-10-22:Shatabhisha | 2026-10-23:Purva Bhadrapada,2026-10-21 04:41:00 AM EDT,2026-10-22 05:17:00 AM EDT,2026-10-23 05:05:00 AM EDT,2026-10-21,07:31 AM,2026-10-21 05:55:00 AM EDT,2026-10-21,,2026-10-21:VALID (start 2026-10-21 04:41:00 AM EDT < Arunodaya 2026-10-21 05:55:00 AM EDT),2026-10-21,07:31 AM,2026-10-21 05:55:00 AM EDT,2026-10-22,Shatabhisha,2026-10-22 11:14:00 AM EDT,2026-10-20,2026-10-23,2026-10-20 | 2026-10-21 | 2026-10-22 | 2026-10-23,4,COMPLETE,,,Normal Ekadashi,NORMAL,Ekadashi began before Arunodaya and has one valid Ekadashi sunrise. No two-day exception is triggered.,2026-10-21:VALID (start 2026-10-21 04:41:00 AM EDT < Arunodaya 2026-10-21 05:55:00 AM EDT),2026-10-21,,2026-10-22,DWADASHI,APARAHNA,2026-10-22 01:58:24 PM EDT,2026-10-22 04:07:12 PM EDT,Pratah is unavailable; Madhyahna is skipped and Aparahna is used.
Greece,New York,United States,America/New_York,geoname:5119251,5119251,Papankusha Ekadashi,2026-10-22,"Papankusha Ekadashi - Greece. Dashami ends and Ekadashi begins on 2026-10-21 04:41:00 AM EDT. On 21-Oct-26, Sooryodaya is 07:32 AM and Arunodaya is 05:56 AM. Ekadashi is present at sunrise and had begun before Arunodaya, so this is a valid Ekadashi sunrise. Ekadashi ends on 2026-10-22 05:17:00 AM EDT and does not remain through another sunrise. Ekadashi ends and Dwadashi begins on 2026-10-22 05:17:00 AM EDT. Dwadashi is present at Sooryodaya on 22-Oct-26 (Sooryodaya 07:33 AM). Dwadashi ends and Trayodashi begins on 2026-10-23 05:05:00 AM EDT. Therefore the Upavaasa is observed on 21-Oct-26. For Parana on 22-Oct-26, Sooryodaya is 07:33 AM, Pratah Kala ends at 09:42 AM, Dwadashi ends at 2026-10-23 05:05:00 AM EDT, and Hari Vasara ends at 2026-10-22 11:14:00 AM EDT. Hari Vasara does not clear within the usable Pratah window, so Pratah is missed. Madhyahna is skipped. Aparahna runs from 01:59 PM to 04:08 PM. Hari Vasara has already ended before Aparahna begins, so Parana starts at Aparahna start (01:59 PM). Aparahna ends at 04:08 PM, before Dwadashi ends; therefore Aparahna end is the limiting end time. Hence Parana is 01:59 PM to 04:08 PM.",2026-10-20:Dashami | 2026-10-21:Ekadashi | 2026-10-22:Dwadashi | 2026-10-23:Trayodashi,2026-10-20:Shravana | 2026-10-21:Dhanishtha | 2026-10-22:Shatabhisha | 2026-10-23:Purva Bhadrapada,2026-10-21 04:41:00 AM EDT,2026-10-22 05:17:00 AM EDT,2026-10-23 05:05:00 AM EDT,2026-10-21,07:32 AM,2026-10-21 05:56:00 AM EDT,2026-10-21,,2026-10-21:VALID (start 2026-10-21 04:41:00 AM EDT < Arunodaya 2026-10-21 05:56:00 AM EDT),2026-10-21,07:32 AM,2026-10-21 05:56:00 AM EDT,2026-10-22,Shatabhisha,2026-10-22 11:14:00 AM EDT,2026-10-20,2026-10-23,2026-10-20 | 2026-10-21 | 2026-10-22 | 2026-10-23,4,COMPLETE,,,Normal Ekadashi,NORMAL,Ekadashi began before Arunodaya and has one valid Ekadashi sunrise. No two-day exception is triggered.,2026-10-21:VALID (start 2026-10-21 04:41:00 AM EDT < Arunodaya 2026-10-21 05:56:00 AM EDT),2026-10-21,,2026-10-22,DWADASHI,APARAHNA,2026-10-22 01:59:24 PM EDT,2026-10-22 04:08:12 PM EDT,Pratah is unavailable; Madhyahna is skipped and Aparahna is used.
Syracuse,New York,United States,America/New_York,geoname:5140405,5140405,Papankusha Ekadashi,2026-10-22,"Papankusha Ekadashi - Syracuse. Dashami ends and Ekadashi begins on 2026-10-21 04:41:00 AM EDT. On 21-Oct-26, Sooryodaya is 07:26 AM and Arunodaya is 05:50 AM. Ekadashi is present at sunrise and had begun before Arunodaya, so this is a valid Ekadashi sunrise. Ekadashi ends on 2026-10-22 05:17:00 AM EDT and does not remain through another sunrise. Ekadashi ends and Dwadashi begins on 2026-10-22 05:17:00 AM EDT. Dwadashi is present at Sooryodaya on 22-Oct-26 (Sooryodaya 07:27 AM). Dwadashi ends and Trayodashi begins on 2026-10-23 05:05:00 AM EDT. Therefore the Upavaasa is observed on 21-Oct-26. For Parana on 22-Oct-26, Sooryodaya is 07:27 AM, Pratah Kala ends at 09:36 AM, Dwadashi ends at 2026-10-23 05:05:00 AM EDT, and Hari Vasara ends at 2026-10-22 11:14:00 AM EDT. Hari Vasara does not clear within the usable Pratah window, so Pratah is missed. Madhyahna is skipped. Aparahna runs from 01:53 PM to 04:02 PM. Hari Vasara has already ended before Aparahna begins, so Parana starts at Aparahna start (01:53 PM). Aparahna ends at 04:02 PM, before Dwadashi ends; therefore Aparahna end is the limiting end time. Hence Parana is 01:53 PM to 04:02 PM.",2026-10-20:Dashami | 2026-10-21:Ekadashi | 2026-10-22:Dwadashi | 2026-10-23:Trayodashi,2026-10-20:Shravana | 2026-10-21:Dhanishtha | 2026-10-22:Shatabhisha | 2026-10-23:Purva Bhadrapada,2026-10-21 04:41:00 AM EDT,2026-10-22 05:17:00 AM EDT,2026-10-23 05:05:00 AM EDT,2026-10-21,07:26 AM,2026-10-21 05:50:00 AM EDT,2026-10-21,,2026-10-21:VALID (start 2026-10-21 04:41:00 AM EDT < Arunodaya 2026-10-21 05:50:00 AM EDT),2026-10-21,07:26 AM,2026-10-21 05:50:00 AM EDT,2026-10-22,Shatabhisha,2026-10-22 11:14:00 AM EDT,2026-10-20,2026-10-23,2026-10-20 | 2026-10-21 | 2026-10-22 | 2026-10-23,4,COMPLETE,,,Normal Ekadashi,NORMAL,Ekadashi began before Arunodaya and has one valid Ekadashi sunrise. No two-day exception is triggered.,2026-10-21:VALID (start 2026-10-21 04:41:00 AM EDT < Arunodaya 2026-10-21 05:50:00 AM EDT),2026-10-21,,2026-10-22,DWADASHI,APARAHNA,2026-10-22 01:53:24 PM EDT,2026-10-22 04:02:12 PM EDT,Pratah is unavailable; Madhyahna is skipped and Aparahna is used.
Columbus,Indiana,United States,America/Indiana/Indianapolis,geoname:4256038,4256038,Papankusha Ekadashi,2026-10-22,"Papankusha Ekadashi - Columbus. Dashami ends and Ekadashi begins on 2026-10-21 04:41:00 AM EDT. On 21-Oct-26, Sooryodaya is 08:00 AM and Arunodaya is 06:24 AM. Ekadashi is present at sunrise and had begun before Arunodaya, so this is a valid Ekadashi sunrise. Ekadashi ends on 2026-10-22 05:17:00 AM EDT and does not remain through another sunrise. Ekadashi ends and Dwadashi begins on 2026-10-22 05:17:00 AM EDT. Dwadashi is present at Sooryodaya on 22-Oct-26 (Sooryodaya 08:01 AM). Dwadashi ends and Trayodashi begins on 2026-10-23 05:05:00 AM EDT. Therefore the Upavaasa is observed on 21-Oct-26. For Parana on 22-Oct-26, Sooryodaya is 08:01 AM, Pratah Kala ends at 10:12 AM, Dwadashi ends at 2026-10-23 05:05:00 AM EDT, and Hari Vasara ends at 2026-10-22 11:14:00 AM EDT. Hari Vasara does not clear within the usable Pratah window, so Pratah is missed. Madhyahna is skipped. Aparahna runs from 02:33 PM to 04:44 PM. Hari Vasara has already ended before Aparahna begins, so Parana starts at Aparahna start (02:33 PM). Aparahna ends at 04:44 PM, before Dwadashi ends; therefore Aparahna end is the limiting end time. Hence Parana is 02:33 PM to 04:44 PM.",2026-10-20:Dashami | 2026-10-21:Ekadashi | 2026-10-22:Dwadashi | 2026-10-23:Trayodashi,2026-10-20:Shravana | 2026-10-21:Dhanishtha | 2026-10-22:Shatabhisha | 2026-10-23:Purva Bhadrapada,2026-10-21 04:41:00 AM EDT,2026-10-22 05:17:00 AM EDT,2026-10-23 05:05:00 AM EDT,2026-10-21,08:00 AM,2026-10-21 06:24:00 AM EDT,2026-10-21,,2026-10-21:VALID (start 2026-10-21 04:41:00 AM EDT < Arunodaya 2026-10-21 06:24:00 AM EDT),2026-10-21,08:00 AM,2026-10-21 06:24:00 AM EDT,2026-10-22,Shatabhisha,2026-10-22 11:14:00 AM EDT,2026-10-20,2026-10-23,2026-10-20 | 2026-10-21 | 2026-10-22 | 2026-10-23,4,COMPLETE,,,Normal Ekadashi,NORMAL,Ekadashi began before Arunodaya and has one valid Ekadashi sunrise. No two-day exception is triggered.,2026-10-21:VALID (start 2026-10-21 04:41:00 AM EDT < Arunodaya 2026-10-21 06:24:00 AM EDT),2026-10-21,,2026-10-22,DWADASHI,APARAHNA,2026-10-22 02:33:24 PM EDT,2026-10-22 04:44:12 PM EDT,Pratah is unavailable; Madhyahna is skipped and Aparahna is used.
Raleigh,North Carolina,United States,America/New_York,geoname:4487042,4487042,Papankusha Ekadashi,2026-10-22,"Papankusha Ekadashi - Raleigh. Dashami ends and Ekadashi begins on 2026-10-21 04:41:00 AM EDT. On 21-Oct-26, Sooryodaya is 07:27 AM and Arunodaya is 05:51 AM. Ekadashi is present at sunrise and had begun before Arunodaya, so this is a valid Ekadashi sunrise. Ekadashi ends on 2026-10-22 05:17:00 AM EDT and does not remain through another sunrise. Ekadashi ends and Dwadashi begins on 2026-10-22 05:17:00 AM EDT. Dwadashi is present at Sooryodaya on 22-Oct-26 (Sooryodaya 07:27 AM). Dwadashi ends and Trayodashi begins on 2026-10-23 05:05:00 AM EDT. Therefore the Upavaasa is observed on 21-Oct-26. For Parana on 22-Oct-26, Sooryodaya is 07:27 AM, Pratah Kala ends at 09:40 AM, Dwadashi ends at 2026-10-23 05:05:00 AM EDT, and Hari Vasara ends at 2026-10-22 11:14:00 AM EDT. Hari Vasara does not clear within the usable Pratah window, so Pratah is missed. Madhyahna is skipped. Aparahna runs from 02:05 PM to 04:17 PM. Hari Vasara has already ended before Aparahna begins, so Parana starts at Aparahna start (02:05 PM). Aparahna ends at 04:17 PM, before Dwadashi ends; therefore Aparahna end is the limiting end time. Hence Parana is 02:05 PM to 04:17 PM.",2026-10-20:Dashami | 2026-10-21:Ekadashi | 2026-10-22:Dwadashi | 2026-10-23:Trayodashi,2026-10-20:Shravana | 2026-10-21:Dhanishtha | 2026-10-22:Shatabhisha | 2026-10-23:Purva Bhadrapada,2026-10-21 04:41:00 AM EDT,2026-10-22 05:17:00 AM EDT,2026-10-23 05:05:00 AM EDT,2026-10-21,07:27 AM,2026-10-21 05:51:00 AM EDT,2026-10-21,,2026-10-21:VALID (start 2026-10-21 04:41:00 AM EDT < Arunodaya 2026-10-21 05:51:00 AM EDT),2026-10-21,07:27 AM,2026-10-21 05:51:00 AM EDT,2026-10-22,Shatabhisha,2026-10-22 11:14:00 AM EDT,2026-10-20,2026-10-23,2026-10-20 | 2026-10-21 | 2026-10-22 | 2026-10-23,4,COMPLETE,,,Normal Ekadashi,NORMAL,Ekadashi began before Arunodaya and has one valid Ekadashi sunrise. No two-day exception is triggered.,2026-10-21:VALID (start 2026-10-21 04:41:00 AM EDT < Arunodaya 2026-10-21 05:51:00 AM EDT),2026-10-21,,2026-10-22,DWADASHI,APARAHNA,2026-10-22 02:04:48 PM EDT,2026-10-22 04:17:24 PM EDT,Pratah is unavailable; Madhyahna is skipped and Aparahna is used.
Charlotte,North Carolina,United States,America/New_York,geoname:4460243,4460243,Papankusha Ekadashi,2026-10-22,"Papankusha Ekadashi - Charlotte. Dashami ends and Ekadashi begins on 2026-10-21 04:41:00 AM EDT. On 21-Oct-26, Sooryodaya is 07:35 AM and Arunodaya is 05:59 AM. Ekadashi is present at sunrise and had begun before Arunodaya, so this is a valid Ekadashi sunrise. Ekadashi ends on 2026-10-22 05:17:00 AM EDT and does not remain through another sunrise. Ekadashi ends and Dwadashi begins on 2026-10-22 05:17:00 AM EDT. Dwadashi is present at Sooryodaya on 22-Oct-26 (Sooryodaya 07:36 AM). Dwadashi ends and Trayodashi begins on 2026-10-23 05:05:00 AM EDT. Therefore the Upavaasa is observed on 21-Oct-26. For Parana on 22-Oct-26, Sooryodaya is 07:36 AM, Pratah Kala ends at 09:49 AM, Dwadashi ends at 2026-10-23 05:05:00 AM EDT, and Hari Vasara ends at 2026-10-22 11:14:00 AM EDT. Hari Vasara does not clear within the usable Pratah window, so Pratah is missed. Madhyahna is skipped. Aparahna runs from 02:14 PM to 04:26 PM. Hari Vasara has already ended before Aparahna begins, so Parana starts at Aparahna start (02:14 PM). Aparahna ends at 04:26 PM, before Dwadashi ends; therefore Aparahna end is the limiting end time. Hence Parana is 02:14 PM to 04:26 PM.",2026-10-20:Dashami | 2026-10-21:Ekadashi | 2026-10-22:Dwadashi | 2026-10-23:Trayodashi,2026-10-20:Shravana | 2026-10-21:Dhanishtha | 2026-10-22:Shatabhisha | 2026-10-23:Purva Bhadrapada,2026-10-21 04:41:00 AM EDT,2026-10-22 05:17:00 AM EDT,2026-10-23 05:05:00 AM EDT,2026-10-21,07:35 AM,2026-10-21 05:59:00 AM EDT,2026-10-21,,2026-10-21:VALID (start 2026-10-21 04:41:00 AM EDT < Arunodaya 2026-10-21 05:59:00 AM EDT),2026-10-21,07:35 AM,2026-10-21 05:59:00 AM EDT,2026-10-22,Shatabhisha,2026-10-22 11:14:00 AM EDT,2026-10-20,2026-10-23,2026-10-20 | 2026-10-21 | 2026-10-22 | 2026-10-23,4,COMPLETE,,,Normal Ekadashi,NORMAL,Ekadashi began before Arunodaya and has one valid Ekadashi sunrise. No two-day exception is triggered.,2026-10-21:VALID (start 2026-10-21 04:41:00 AM EDT < Arunodaya 2026-10-21 05:59:00 AM EDT),2026-10-21,,2026-10-22,DWADASHI,APARAHNA,2026-10-22 02:13:48 PM EDT,2026-10-22 04:26:24 PM EDT,Pratah is unavailable; Madhyahna is skipped and Aparahna is used.
Bengaluru,Karnataka,India,Asia/Kolkata,geoname:1277333,1277333,Papankusha Ekadashi,2026-10-22,"Papankusha Ekadashi - Bengaluru. Dashami ends and Ekadashi begins on 2026-10-21 02:11:00 PM IST. On 22-Oct-26, Sooryodaya is 06:11 AM and Arunodaya is 04:35 AM. Ekadashi is present at sunrise and had begun before Arunodaya, so this is a valid Ekadashi sunrise. Ekadashi ends on 2026-10-22 02:47:00 PM IST and does not remain through another sunrise. Ekadashi ends and Dwadashi begins on 2026-10-22 02:47:00 PM IST. Dwadashi is present at Sooryodaya on 23-Oct-26 (Sooryodaya 06:11 AM). Dwadashi ends and Trayodashi begins on 2026-10-23 02:35:00 PM IST. Therefore the Upavaasa is observed on 22-Oct-26. For Parana on 23-Oct-26, Sooryodaya is 06:11 AM, Pratah Kala ends at 08:32 AM, Dwadashi ends at 2026-10-23 02:35:00 PM IST, and Hari Vasara ends at 2026-10-22 08:44:00 PM IST. Hari Vasara ends before Sooryodaya, so there is no Hari-Vasara delay; Parana starts at Sooryodaya (06:11 AM). Pratah Kala ends at 08:32 AM, before Dwadashi ends; therefore Pratah Kala end is the limiting end time. Hence Parana is 06:11 AM to 08:32 AM.",2026-10-21:Dashami | 2026-10-22:Ekadashi | 2026-10-23:Dwadashi,2026-10-21:Dhanishtha | 2026-10-22:Shatabhisha | 2026-10-23:Purva Bhadrapada,2026-10-21 02:11:00 PM IST,2026-10-22 02:47:00 PM IST,2026-10-23 02:35:00 PM IST,2026-10-22,06:11 AM,2026-10-22 04:35:00 AM IST,2026-10-22,,2026-10-22:VALID (start 2026-10-21 02:11:00 PM IST < Arunodaya 2026-10-22 04:35:00 AM IST),2026-10-22,06:11 AM,2026-10-22 04:35:00 AM IST,2026-10-23,Purva Bhadrapada,2026-10-22 08:44:00 PM IST,2026-10-21,2026-10-23,2026-10-21 | 2026-10-22 | 2026-10-23,3,COMPLETE,,,Normal Ekadashi,NORMAL,Ekadashi began before Arunodaya and has one valid Ekadashi sunrise. No two-day exception is triggered.,2026-10-22:VALID (start 2026-10-21 02:11:00 PM IST < Arunodaya 2026-10-22 04:35:00 AM IST),2026-10-22,,2026-10-23,DWADASHI,PRATAH,2026-10-23 06:11:00 AM IST,2026-10-23 08:32:12 AM IST,Hari Vasara ended before Parana-day sunrise; Parana is sunrise to Pratah end.
Mysuru,Karnataka,India,Asia/Kolkata,geoname:1262321,1262321,Papankusha Ekadashi,2026-10-22,"Papankusha Ekadashi - Mysuru. Dashami ends and Ekadashi begins on 2026-10-21 02:11:00 PM IST. On 22-Oct-26, Sooryodaya is 06:14 AM and Arunodaya is 04:38 AM. Ekadashi is present at sunrise and had begun before Arunodaya, so this is a valid Ekadashi sunrise. Ekadashi ends on 2026-10-22 02:47:00 PM IST and does not remain through another sunrise. Ekadashi ends and Dwadashi begins on 2026-10-22 02:47:00 PM IST. Dwadashi is present at Sooryodaya on 23-Oct-26 (Sooryodaya 06:14 AM). Dwadashi ends and Trayodashi begins on 2026-10-23 02:35:00 PM IST. Therefore the Upavaasa is observed on 22-Oct-26. For Parana on 23-Oct-26, Sooryodaya is 06:14 AM, Pratah Kala ends at 08:35 AM, Dwadashi ends at 2026-10-23 02:35:00 PM IST, and Hari Vasara ends at 2026-10-22 08:44:00 PM IST. Hari Vasara ends before Sooryodaya, so there is no Hari-Vasara delay; Parana starts at Sooryodaya (06:14 AM). Pratah Kala ends at 08:35 AM, before Dwadashi ends; therefore Pratah Kala end is the limiting end time. Hence Parana is 06:14 AM to 08:35 AM.",2026-10-21:Dashami | 2026-10-22:Ekadashi | 2026-10-23:Dwadashi,2026-10-21:Dhanishtha | 2026-10-22:Shatabhisha | 2026-10-23:Purva Bhadrapada,2026-10-21 02:11:00 PM IST,2026-10-22 02:47:00 PM IST,2026-10-23 02:35:00 PM IST,2026-10-22,06:14 AM,2026-10-22 04:38:00 AM IST,2026-10-22,,2026-10-22:VALID (start 2026-10-21 02:11:00 PM IST < Arunodaya 2026-10-22 04:38:00 AM IST),2026-10-22,06:14 AM,2026-10-22 04:38:00 AM IST,2026-10-23,Purva Bhadrapada,2026-10-22 08:44:00 PM IST,2026-10-21,2026-10-23,2026-10-21 | 2026-10-22 | 2026-10-23,3,COMPLETE,,,Normal Ekadashi,NORMAL,Ekadashi began before Arunodaya and has one valid Ekadashi sunrise. No two-day exception is triggered.,2026-10-22:VALID (start 2026-10-21 02:11:00 PM IST < Arunodaya 2026-10-22 04:38:00 AM IST),2026-10-22,,2026-10-23,DWADASHI,PRATAH,2026-10-23 06:14:00 AM IST,2026-10-23 08:35:24 AM IST,Hari Vasara ended before Parana-day sunrise; Parana is sunrise to Pratah end.
T Narasipura,Karnataka,India,Asia/Kolkata,geoname:1262321,1262321,Papankusha Ekadashi,2026-10-22,"Papankusha Ekadashi - T Narasipura. Dashami ends and Ekadashi begins on 2026-10-21 02:11:00 PM IST. On 22-Oct-26, Sooryodaya is 06:14 AM and Arunodaya is 04:38 AM. Ekadashi is present at sunrise and had begun before Arunodaya, so this is a valid Ekadashi sunrise. Ekadashi ends on 2026-10-22 02:47:00 PM IST and does not remain through another sunrise. Ekadashi ends and Dwadashi begins on 2026-10-22 02:47:00 PM IST. Dwadashi is present at Sooryodaya on 23-Oct-26 (Sooryodaya 06:14 AM). Dwadashi ends and Trayodashi begins on 2026-10-23 02:35:00 PM IST. Therefore the Upavaasa is observed on 22-Oct-26. For Parana on 23-Oct-26, Sooryodaya is 06:14 AM, Pratah Kala ends at 08:35 AM, Dwadashi ends at 2026-10-23 02:35:00 PM IST, and Hari Vasara ends at 2026-10-22 08:44:00 PM IST. Hari Vasara ends before Sooryodaya, so there is no Hari-Vasara delay; Parana starts at Sooryodaya (06:14 AM). Pratah Kala ends at 08:35 AM, before Dwadashi ends; therefore Pratah Kala end is the limiting end time. Hence Parana is 06:14 AM to 08:35 AM.",2026-10-21:Dashami | 2026-10-22:Ekadashi | 2026-10-23:Dwadashi,2026-10-21:Dhanishtha | 2026-10-22:Shatabhisha | 2026-10-23:Purva Bhadrapada,2026-10-21 02:11:00 PM IST,2026-10-22 02:47:00 PM IST,2026-10-23 02:35:00 PM IST,2026-10-22,06:14 AM,2026-10-22 04:38:00 AM IST,2026-10-22,,2026-10-22:VALID (start 2026-10-21 02:11:00 PM IST < Arunodaya 2026-10-22 04:38:00 AM IST),2026-10-22,06:14 AM,2026-10-22 04:38:00 AM IST,2026-10-23,Purva Bhadrapada,2026-10-22 08:44:00 PM IST,2026-10-21,2026-10-23,2026-10-21 | 2026-10-22 | 2026-10-23,0,COMPLETE,,,Normal Ekadashi,NORMAL,Ekadashi began before Arunodaya and has one valid Ekadashi sunrise. No two-day exception is triggered.,2026-10-22:VALID (start 2026-10-21 02:11:00 PM IST < Arunodaya 2026-10-22 04:38:00 AM IST),2026-10-22,,2026-10-23,DWADASHI,PRATAH,2026-10-23 06:14:00 AM IST,2026-10-23 08:35:24 AM IST,Hari Vasara ended before Parana-day sunrise; Parana is sunrise to Pratah end.
Mangalore,Karnataka,India,Asia/Kolkata,geoname:1263780,1263780,Papankusha Ekadashi,2026-10-22,"Papankusha Ekadashi - Mangalore. Dashami ends and Ekadashi begins on 2026-10-21 02:11:00 PM IST. On 22-Oct-26, Sooryodaya is 06:22 AM and Arunodaya is 04:46 AM. Ekadashi is present at sunrise and had begun before Arunodaya, so this is a valid Ekadashi sunrise. Ekadashi ends on 2026-10-22 02:47:00 PM IST and does not remain through another sunrise. Ekadashi ends and Dwadashi begins on 2026-10-22 02:47:00 PM IST. Dwadashi is present at Sooryodaya on 23-Oct-26 (Sooryodaya 06:22 AM). Dwadashi ends and Trayodashi begins on 2026-10-23 02:35:00 PM IST. Therefore the Upavaasa is observed on 22-Oct-26. For Parana on 23-Oct-26, Sooryodaya is 06:22 AM, Pratah Kala ends at 08:43 AM, Dwadashi ends at 2026-10-23 02:35:00 PM IST, and Hari Vasara ends at 2026-10-22 08:44:00 PM IST. Hari Vasara ends before Sooryodaya, so there is no Hari-Vasara delay; Parana starts at Sooryodaya (06:22 AM). Pratah Kala ends at 08:43 AM, before Dwadashi ends; therefore Pratah Kala end is the limiting end time. Hence Parana is 06:22 AM to 08:43 AM.",2026-10-21:Dashami | 2026-10-22:Ekadashi | 2026-10-23:Dwadashi,2026-10-21:Dhanishtha | 2026-10-22:Shatabhisha | 2026-10-23:Purva Bhadrapada,2026-10-21 02:11:00 PM IST,2026-10-22 02:47:00 PM IST,2026-10-23 02:35:00 PM IST,2026-10-22,06:22 AM,2026-10-22 04:46:00 AM IST,2026-10-22,,2026-10-22:VALID (start 2026-10-21 02:11:00 PM IST < Arunodaya 2026-10-22 04:46:00 AM IST),2026-10-22,06:22 AM,2026-10-22 04:46:00 AM IST,2026-10-23,Purva Bhadrapada,2026-10-22 08:44:00 PM IST,2026-10-21,2026-10-23,2026-10-21 | 2026-10-22 | 2026-10-23,3,COMPLETE,,,Normal Ekadashi,NORMAL,Ekadashi began before Arunodaya and has one valid Ekadashi sunrise. No two-day exception is triggered.,2026-10-22:VALID (start 2026-10-21 02:11:00 PM IST < Arunodaya 2026-10-22 04:46:00 AM IST),2026-10-22,,2026-10-23,DWADASHI,PRATAH,2026-10-23 06:22:00 AM IST,2026-10-23 08:43:12 AM IST,Hari Vasara ended before Parana-day sunrise; Parana is sunrise to Pratah end.
Udupi,Karnataka,India,Asia/Kolkata,geoname:1253952,1253952,Papankusha Ekadashi,2026-10-22,"Papankusha Ekadashi - Udupi. Dashami ends and Ekadashi begins on 2026-10-21 02:11:00 PM IST. On 22-Oct-26, Sooryodaya is 06:23 AM and Arunodaya is 04:47 AM. Ekadashi is present at sunrise and had begun before Arunodaya, so this is a valid Ekadashi sunrise. Ekadashi ends on 2026-10-22 02:47:00 PM IST and does not remain through another sunrise. Ekadashi ends and Dwadashi begins on 2026-10-22 02:47:00 PM IST. Dwadashi is present at Sooryodaya on 23-Oct-26 (Sooryodaya 06:23 AM). Dwadashi ends and Trayodashi begins on 2026-10-23 02:35:00 PM IST. Therefore the Upavaasa is observed on 22-Oct-26. For Parana on 23-Oct-26, Sooryodaya is 06:23 AM, Pratah Kala ends at 08:44 AM, Dwadashi ends at 2026-10-23 02:35:00 PM IST, and Hari Vasara ends at 2026-10-22 08:44:00 PM IST. Hari Vasara ends before Sooryodaya, so there is no Hari-Vasara delay; Parana starts at Sooryodaya (06:23 AM). Pratah Kala ends at 08:44 AM, before Dwadashi ends; therefore Pratah Kala end is the limiting end time. Hence Parana is 06:23 AM to 08:44 AM.",2026-10-21:Dashami | 2026-10-22:Ekadashi | 2026-10-23:Dwadashi,2026-10-21:Dhanishtha | 2026-10-22:Shatabhisha | 2026-10-23:Purva Bhadrapada,2026-10-21 02:11:00 PM IST,2026-10-22 02:47:00 PM IST,2026-10-23 02:35:00 PM IST,2026-10-22,06:23 AM,2026-10-22 04:47:00 AM IST,2026-10-22,,2026-10-22:VALID (start 2026-10-21 02:11:00 PM IST < Arunodaya 2026-10-22 04:47:00 AM IST),2026-10-22,06:23 AM,2026-10-22 04:47:00 AM IST,2026-10-23,Purva Bhadrapada,2026-10-22 08:44:00 PM IST,2026-10-21,2026-10-23,2026-10-21 | 2026-10-22 | 2026-10-23,3,COMPLETE,,,Normal Ekadashi,NORMAL,Ekadashi began before Arunodaya and has one valid Ekadashi sunrise. No two-day exception is triggered.,2026-10-22:VALID (start 2026-10-21 02:11:00 PM IST < Arunodaya 2026-10-22 04:47:00 AM IST),2026-10-22,,2026-10-23,DWADASHI,PRATAH,2026-10-23 06:23:00 AM IST,2026-10-23 08:44:00 AM IST,Hari Vasara ended before Parana-day sunrise; Parana is sunrise to Pratah end.
Surat,Gujarat,India,Asia/Kolkata,geoname:1255364,1255364,Papankusha Ekadashi,2026-10-22,"Papankusha Ekadashi - Surat. Dashami ends and Ekadashi begins on 2026-10-21 02:11:00 PM IST. On 22-Oct-26, Sooryodaya is 06:37 AM and Arunodaya is 05:01 AM. Ekadashi is present at sunrise and had begun before Arunodaya, so this is a valid Ekadashi sunrise. Ekadashi ends on 2026-10-22 02:47:00 PM IST and does not remain through another sunrise. Ekadashi ends and Dwadashi begins on 2026-10-22 02:47:00 PM IST. Dwadashi is present at Sooryodaya on 23-Oct-26 (Sooryodaya 06:37 AM). Dwadashi ends and Trayodashi begins on 2026-10-23 02:35:00 PM IST. Therefore the Upavaasa is observed on 22-Oct-26. For Parana on 23-Oct-26, Sooryodaya is 06:37 AM, Pratah Kala ends at 08:55 AM, Dwadashi ends at 2026-10-23 02:35:00 PM IST, and Hari Vasara ends at 2026-10-22 08:44:00 PM IST. Hari Vasara ends before Sooryodaya, so there is no Hari-Vasara delay; Parana starts at Sooryodaya (06:37 AM). Pratah Kala ends at 08:55 AM, before Dwadashi ends; therefore Pratah Kala end is the limiting end time. Hence Parana is 06:37 AM to 08:55 AM.",2026-10-21:Dashami | 2026-10-22:Ekadashi | 2026-10-23:Dwadashi,2026-10-21:Dhanishtha | 2026-10-22:Shatabhisha | 2026-10-23:Purva Bhadrapada,2026-10-21 02:11:00 PM IST,2026-10-22 02:47:00 PM IST,2026-10-23 02:35:00 PM IST,2026-10-22,06:37 AM,2026-10-22 05:01:00 AM IST,2026-10-22,,2026-10-22:VALID (start 2026-10-21 02:11:00 PM IST < Arunodaya 2026-10-22 05:01:00 AM IST),2026-10-22,06:37 AM,2026-10-22 05:01:00 AM IST,2026-10-23,Purva Bhadrapada,2026-10-22 08:44:00 PM IST,2026-10-21,2026-10-23,2026-10-21 | 2026-10-22 | 2026-10-23,3,COMPLETE,,,Normal Ekadashi,NORMAL,Ekadashi began before Arunodaya and has one valid Ekadashi sunrise. No two-day exception is triggered.,2026-10-22:VALID (start 2026-10-21 02:11:00 PM IST < Arunodaya 2026-10-22 05:01:00 AM IST),2026-10-22,,2026-10-23,DWADASHI,PRATAH,2026-10-23 06:37:00 AM IST,2026-10-23 08:55:12 AM IST,Hari Vasara ended before Parana-day sunrise; Parana is sunrise to Pratah end.
Pune,Maharashtra,India,Asia/Kolkata,geoname:1259229,1259229,Papankusha Ekadashi,2026-10-22,"Papankusha Ekadashi - Pune. Dashami ends and Ekadashi begins on 2026-10-21 02:11:00 PM IST. On 22-Oct-26, Sooryodaya is 06:30 AM and Arunodaya is 04:54 AM. Ekadashi is present at sunrise and had begun before Arunodaya, so this is a valid Ekadashi sunrise. Ekadashi ends on 2026-10-22 02:47:00 PM IST and does not remain through another sunrise. Ekadashi ends and Dwadashi begins on 2026-10-22 02:47:00 PM IST. Dwadashi is present at Sooryodaya on 23-Oct-26 (Sooryodaya 06:31 AM). Dwadashi ends and Trayodashi begins on 2026-10-23 02:35:00 PM IST. Therefore the Upavaasa is observed on 22-Oct-26. For Parana on 23-Oct-26, Sooryodaya is 06:31 AM, Pratah Kala ends at 08:50 AM, Dwadashi ends at 2026-10-23 02:35:00 PM IST, and Hari Vasara ends at 2026-10-22 08:44:00 PM IST. Hari Vasara ends before Sooryodaya, so there is no Hari-Vasara delay; Parana starts at Sooryodaya (06:31 AM). Pratah Kala ends at 08:50 AM, before Dwadashi ends; therefore Pratah Kala end is the limiting end time. Hence Parana is 06:31 AM to 08:50 AM.",2026-10-21:Dashami | 2026-10-22:Ekadashi | 2026-10-23:Dwadashi,2026-10-21:Dhanishtha | 2026-10-22:Shatabhisha | 2026-10-23:Purva Bhadrapada,2026-10-21 02:11:00 PM IST,2026-10-22 02:47:00 PM IST,2026-10-23 02:35:00 PM IST,2026-10-22,06:30 AM,2026-10-22 04:54:00 AM IST,2026-10-22,,2026-10-22:VALID (start 2026-10-21 02:11:00 PM IST < Arunodaya 2026-10-22 04:54:00 AM IST),2026-10-22,06:30 AM,2026-10-22 04:54:00 AM IST,2026-10-23,Purva Bhadrapada,2026-10-22 08:44:00 PM IST,2026-10-21,2026-10-23,2026-10-21 | 2026-10-22 | 2026-10-23,3,COMPLETE,,,Normal Ekadashi,NORMAL,Ekadashi began before Arunodaya and has one valid Ekadashi sunrise. No two-day exception is triggered.,2026-10-22:VALID (start 2026-10-21 02:11:00 PM IST < Arunodaya 2026-10-22 04:54:00 AM IST),2026-10-22,,2026-10-23,DWADASHI,PRATAH,2026-10-23 06:31:00 AM IST,2026-10-23 08:50:12 AM IST,Hari Vasara ended before Parana-day sunrise; Parana is sunrise to Pratah end.
Vadodara,Gujarat,India,Asia/Kolkata,geoname:1253573,1253573,Papankusha Ekadashi,2026-10-22,"Papankusha Ekadashi - Vadodara. Dashami ends and Ekadashi begins on 2026-10-21 02:11:00 PM IST. On 22-Oct-26, Sooryodaya is 06:36 AM and Arunodaya is 05:00 AM. Ekadashi is present at sunrise and had begun before Arunodaya, so this is a valid Ekadashi sunrise. Ekadashi ends on 2026-10-22 02:47:00 PM IST and does not remain through another sunrise. Ekadashi ends and Dwadashi begins on 2026-10-22 02:47:00 PM IST. Dwadashi is present at Sooryodaya on 23-Oct-26 (Sooryodaya 06:37 AM). Dwadashi ends and Trayodashi begins on 2026-10-23 02:35:00 PM IST. Therefore the Upavaasa is observed on 22-Oct-26. For Parana on 23-Oct-26, Sooryodaya is 06:37 AM, Pratah Kala ends at 08:55 AM, Dwadashi ends at 2026-10-23 02:35:00 PM IST, and Hari Vasara ends at 2026-10-22 08:44:00 PM IST. Hari Vasara ends before Sooryodaya, so there is no Hari-Vasara delay; Parana starts at Sooryodaya (06:37 AM). Pratah Kala ends at 08:55 AM, before Dwadashi ends; therefore Pratah Kala end is the limiting end time. Hence Parana is 06:37 AM to 08:55 AM.",2026-10-21:Dashami | 2026-10-22:Ekadashi | 2026-10-23:Dwadashi,2026-10-21:Dhanishtha | 2026-10-22:Shatabhisha | 2026-10-23:Purva Bhadrapada,2026-10-21 02:11:00 PM IST,2026-10-22 02:47:00 PM IST,2026-10-23 02:35:00 PM IST,2026-10-22,06:36 AM,2026-10-22 05:00:00 AM IST,2026-10-22,,2026-10-22:VALID (start 2026-10-21 02:11:00 PM IST < Arunodaya 2026-10-22 05:00:00 AM IST),2026-10-22,06:36 AM,2026-10-22 05:00:00 AM IST,2026-10-23,Purva Bhadrapada,2026-10-22 08:44:00 PM IST,2026-10-21,2026-10-23,2026-10-21 | 2026-10-22 | 2026-10-23,3,COMPLETE,,,Normal Ekadashi,NORMAL,Ekadashi began before Arunodaya and has one valid Ekadashi sunrise. No two-day exception is triggered.,2026-10-22:VALID (start 2026-10-21 02:11:00 PM IST < Arunodaya 2026-10-22 05:00:00 AM IST),2026-10-22,,2026-10-23,DWADASHI,PRATAH,2026-10-23 06:37:00 AM IST,2026-10-23 08:54:48 AM IST,Hari Vasara ended before Parana-day sunrise; Parana is sunrise to Pratah end.
Hyderabad,Telangana,India,Asia/Kolkata,geoname:1269843,1269843,Papankusha Ekadashi,2026-10-22,"Papankusha Ekadashi - Hyderabad. Dashami ends and Ekadashi begins on 2026-10-21 02:11:00 PM IST. On 22-Oct-26, Sooryodaya is 06:11 AM and Arunodaya is 04:35 AM. Ekadashi is present at sunrise and had begun before Arunodaya, so this is a valid Ekadashi sunrise. Ekadashi ends on 2026-10-22 02:47:00 PM IST and does not remain through another sunrise. Ekadashi ends and Dwadashi begins on 2026-10-22 02:47:00 PM IST. Dwadashi is present at Sooryodaya on 23-Oct-26 (Sooryodaya 06:11 AM). Dwadashi ends and Trayodashi begins on 2026-10-23 02:35:00 PM IST. Therefore the Upavaasa is observed on 22-Oct-26. For Parana on 23-Oct-26, Sooryodaya is 06:11 AM, Pratah Kala ends at 08:31 AM, Dwadashi ends at 2026-10-23 02:35:00 PM IST, and Hari Vasara ends at 2026-10-22 08:44:00 PM IST. Hari Vasara ends before Sooryodaya, so there is no Hari-Vasara delay; Parana starts at Sooryodaya (06:11 AM). Pratah Kala ends at 08:31 AM, before Dwadashi ends; therefore Pratah Kala end is the limiting end time. Hence Parana is 06:11 AM to 08:31 AM.",2026-10-21:Dashami | 2026-10-22:Ekadashi | 2026-10-23:Dwadashi,2026-10-21:Dhanishtha | 2026-10-22:Shatabhisha | 2026-10-23:Purva Bhadrapada,2026-10-21 02:11:00 PM IST,2026-10-22 02:47:00 PM IST,2026-10-23 02:35:00 PM IST,2026-10-22,06:11 AM,2026-10-22 04:35:00 AM IST,2026-10-22,,2026-10-22:VALID (start 2026-10-21 02:11:00 PM IST < Arunodaya 2026-10-22 04:35:00 AM IST),2026-10-22,06:11 AM,2026-10-22 04:35:00 AM IST,2026-10-23,Purva Bhadrapada,2026-10-22 08:44:00 PM IST,2026-10-21,2026-10-23,2026-10-21 | 2026-10-22 | 2026-10-23,3,COMPLETE,,,Normal Ekadashi,NORMAL,Ekadashi began before Arunodaya and has one valid Ekadashi sunrise. No two-day exception is triggered.,2026-10-22:VALID (start 2026-10-21 02:11:00 PM IST < Arunodaya 2026-10-22 04:35:00 AM IST),2026-10-22,,2026-10-23,DWADASHI,PRATAH,2026-10-23 06:11:00 AM IST,2026-10-23 08:30:36 AM IST,Hari Vasara ended before Parana-day sunrise; Parana is sunrise to Pratah end.
Rochester,New York,United States,America/New_York,geoname:5134086,5134086,Papankusha Ekadashi,2026-10-22,"Papankusha Ekadashi - Rochester. Dashami ends and Ekadashi begins on 2026-10-21 04:41:00 AM EDT. On 21-Oct-26, Sooryodaya is 07:32 AM and Arunodaya is 05:56 AM. Ekadashi is present at sunrise and had begun before Arunodaya, so this is a valid Ekadashi sunrise. Ekadashi ends on 2026-10-22 05:17:00 AM EDT and does not remain through another sunrise. Ekadashi ends and Dwadashi begins on 2026-10-22 05:17:00 AM EDT. Dwadashi is present at Sooryodaya on 22-Oct-26 (Sooryodaya 07:33 AM). Dwadashi ends and Trayodashi begins on 2026-10-23 05:05:00 AM EDT. Therefore the Upavaasa is observed on 21-Oct-26. For Parana on 22-Oct-26, Sooryodaya is 07:33 AM, Pratah Kala ends at 09:42 AM, Dwadashi ends at 2026-10-23 05:05:00 AM EDT, and Hari Vasara ends at 2026-10-22 11:14:00 AM EDT. Hari Vasara does not clear within the usable Pratah window, so Pratah is missed. Madhyahna is skipped. Aparahna runs from 01:59 PM to 04:07 PM. Hari Vasara has already ended before Aparahna begins, so Parana starts at Aparahna start (01:59 PM). Aparahna ends at 04:07 PM, before Dwadashi ends; therefore Aparahna end is the limiting end time. Hence Parana is 01:59 PM to 04:07 PM.",2026-10-20:Dashami | 2026-10-21:Ekadashi | 2026-10-22:Dwadashi | 2026-10-23:Trayodashi,2026-10-20:Shravana | 2026-10-21:Dhanishtha | 2026-10-22:Shatabhisha | 2026-10-23:Purva Bhadrapada,2026-10-21 04:41:00 AM EDT,2026-10-22 05:17:00 AM EDT,2026-10-23 05:05:00 AM EDT,2026-10-21,07:32 AM,2026-10-21 05:56:00 AM EDT,2026-10-21,,2026-10-21:VALID (start 2026-10-21 04:41:00 AM EDT < Arunodaya 2026-10-21 05:56:00 AM EDT),2026-10-21,07:32 AM,2026-10-21 05:56:00 AM EDT,2026-10-22,Shatabhisha,2026-10-22 11:14:00 AM EDT,2026-10-20,2026-10-23,2026-10-20 | 2026-10-21 | 2026-10-22 | 2026-10-23,4,COMPLETE,,,Normal Ekadashi,NORMAL,Ekadashi began before Arunodaya and has one valid Ekadashi sunrise. No two-day exception is triggered.,2026-10-21:VALID (start 2026-10-21 04:41:00 AM EDT < Arunodaya 2026-10-21 05:56:00 AM EDT),2026-10-21,,2026-10-22,DWADASHI,APARAHNA,2026-10-22 01:58:48 PM EDT,2026-10-22 04:07:24 PM EDT,Pratah is unavailable; Madhyahna is skipped and Aparahna is used.
Stonybrook,New York,United States,America/New_York,geoname:5139865,5139865,Papankusha Ekadashi,2026-10-22,"Papankusha Ekadashi - Stonybrook. Dashami ends and Ekadashi begins on 2026-10-21 04:41:00 AM EDT. On 21-Oct-26, Sooryodaya is 07:11 AM and Arunodaya is 05:35 AM. Ekadashi is present at sunrise and had begun before Arunodaya, so this is a valid Ekadashi sunrise. Ekadashi ends on 2026-10-22 05:17:00 AM EDT and does not remain through another sunrise. Ekadashi ends and Dwadashi begins on 2026-10-22 05:17:00 AM EDT. Dwadashi is present at Sooryodaya on 22-Oct-26 (Sooryodaya 07:12 AM). Dwadashi ends and Trayodashi begins on 2026-10-23 05:05:00 AM EDT. Therefore the Upavaasa is observed on 21-Oct-26. For Parana on 22-Oct-26, Sooryodaya is 07:12 AM, Pratah Kala ends at 09:22 AM, Dwadashi ends at 2026-10-23 05:05:00 AM EDT, and Hari Vasara ends at 2026-10-22 11:14:00 AM EDT. Hari Vasara does not clear within the usable Pratah window, so Pratah is missed. Madhyahna is skipped. Aparahna runs from 01:42 PM to 03:52 PM. Hari Vasara has already ended before Aparahna begins, so Parana starts at Aparahna start (01:42 PM). Aparahna ends at 03:52 PM, before Dwadashi ends; therefore Aparahna end is the limiting end time. Hence Parana is 01:42 PM to 03:52 PM.",2026-10-20:Dashami | 2026-10-21:Ekadashi | 2026-10-22:Dwadashi | 2026-10-23:Trayodashi,2026-10-20:Shravana | 2026-10-21:Dhanishtha | 2026-10-22:Shatabhisha | 2026-10-23:Purva Bhadrapada,2026-10-21 04:41:00 AM EDT,2026-10-22 05:17:00 AM EDT,2026-10-23 05:05:00 AM EDT,2026-10-21,07:11 AM,2026-10-21 05:35:00 AM EDT,2026-10-21,,2026-10-21:VALID (start 2026-10-21 04:41:00 AM EDT < Arunodaya 2026-10-21 05:35:00 AM EDT),2026-10-21,07:11 AM,2026-10-21 05:35:00 AM EDT,2026-10-22,Shatabhisha,2026-10-22 11:14:00 AM EDT,2026-10-20,2026-10-23,2026-10-20 | 2026-10-21 | 2026-10-22 | 2026-10-23,4,COMPLETE,,,Normal Ekadashi,NORMAL,Ekadashi began before Arunodaya and has one valid Ekadashi sunrise. No two-day exception is triggered.,2026-10-21:VALID (start 2026-10-21 04:41:00 AM EDT < Arunodaya 2026-10-21 05:35:00 AM EDT),2026-10-21,,2026-10-22,DWADASHI,APARAHNA,2026-10-22 01:42:00 PM EDT,2026-10-22 03:52:00 PM EDT,Pratah is unavailable; Madhyahna is skipped and Aparahna is used.
Lafayette,Indiana,United States,America/Indiana/Indianapolis,geoname:4922462,4922462,Papankusha Ekadashi,2026-10-22,"Papankusha Ekadashi - Lafayette. Dashami ends and Ekadashi begins on 2026-10-21 04:41:00 AM EDT. On 21-Oct-26, Sooryodaya is 08:05 AM and Arunodaya is 06:29 AM. Ekadashi is present at sunrise and had begun before Arunodaya, so this is a valid Ekadashi sunrise. Ekadashi ends on 2026-10-22 05:17:00 AM EDT and does not remain through another sunrise. Ekadashi ends and Dwadashi begins on 2026-10-22 05:17:00 AM EDT. Dwadashi is present at Sooryodaya on 22-Oct-26 (Sooryodaya 08:06 AM). Dwadashi ends and Trayodashi begins on 2026-10-23 05:05:00 AM EDT. Therefore the Upavaasa is observed on 21-Oct-26. For Parana on 22-Oct-26, Sooryodaya is 08:06 AM, Pratah Kala ends at 10:16 AM, Dwadashi ends at 2026-10-23 05:05:00 AM EDT, and Hari Vasara ends at 2026-10-22 11:14:00 AM EDT. Hari Vasara does not clear within the usable Pratah window, so Pratah is missed. Madhyahna is skipped. Aparahna runs from 02:37 PM to 04:47 PM. Hari Vasara has already ended before Aparahna begins, so Parana starts at Aparahna start (02:37 PM). Aparahna ends at 04:47 PM, before Dwadashi ends; therefore Aparahna end is the limiting end time. Hence Parana is 02:37 PM to 04:47 PM.",2026-10-20:Dashami | 2026-10-21:Ekadashi | 2026-10-22:Dwadashi | 2026-10-23:Trayodashi,2026-10-20:Shravana | 2026-10-21:Dhanishtha | 2026-10-22:Shatabhisha | 2026-10-23:Purva Bhadrapada,2026-10-21 04:41:00 AM EDT,2026-10-22 05:17:00 AM EDT,2026-10-23 05:05:00 AM EDT,2026-10-21,08:05 AM,2026-10-21 06:29:00 AM EDT,2026-10-21,,2026-10-21:VALID (start 2026-10-21 04:41:00 AM EDT < Arunodaya 2026-10-21 06:29:00 AM EDT),2026-10-21,08:05 AM,2026-10-21 06:29:00 AM EDT,2026-10-22,Shatabhisha,2026-10-22 11:14:00 AM EDT,2026-10-20,2026-10-23,2026-10-20 | 2026-10-21 | 2026-10-22 | 2026-10-23,4,COMPLETE,,,Normal Ekadashi,NORMAL,Ekadashi began before Arunodaya and has one valid Ekadashi sunrise. No two-day exception is triggered.,2026-10-21:VALID (start 2026-10-21 04:41:00 AM EDT < Arunodaya 2026-10-21 06:29:00 AM EDT),2026-10-21,,2026-10-22,DWADASHI,APARAHNA,2026-10-22 02:36:36 PM EDT,2026-10-22 04:46:48 PM EDT,Pratah is unavailable; Madhyahna is skipped and Aparahna is used.
Chicago,Illinois,United States,America/Chicago,geoname:4887398,4887398,Papankusha Ekadashi,2026-10-22,"Papankusha Ekadashi - Chicago. Dashami ends and Ekadashi begins on 2026-10-21 03:41:00 AM CDT. On 21-Oct-26, Sooryodaya is 07:10 AM and Arunodaya is 05:34 AM. Ekadashi is present at sunrise and had begun before Arunodaya, so this is a valid Ekadashi sunrise. Ekadashi ends on 2026-10-22 04:17:00 AM CDT and does not remain through another sunrise. Ekadashi ends and Dwadashi begins on 2026-10-22 04:17:00 AM CDT. Dwadashi is present at Sooryodaya on 22-Oct-26 (Sooryodaya 07:11 AM). Dwadashi ends and Trayodashi begins on 2026-10-23 04:05:00 AM CDT. Therefore the Upavaasa is observed on 21-Oct-26. For Parana on 22-Oct-26, Sooryodaya is 07:11 AM, Pratah Kala ends at 09:20 AM, Dwadashi ends at 2026-10-23 04:05:00 AM CDT, and Hari Vasara ends at 2026-10-22 10:14:00 AM CDT. Hari Vasara does not clear within the usable Pratah window, so Pratah is missed. Madhyahna is skipped. Aparahna runs from 01:39 PM to 03:49 PM. Hari Vasara has already ended before Aparahna begins, so Parana starts at Aparahna start (01:39 PM). Aparahna ends at 03:49 PM, before Dwadashi ends; therefore Aparahna end is the limiting end time. Hence Parana is 01:39 PM to 03:49 PM.",2026-10-20:Dashami | 2026-10-21:Ekadashi | 2026-10-22:Dwadashi | 2026-10-23:Trayodashi,2026-10-20:Shravana | 2026-10-21:Dhanishtha | 2026-10-22:Shatabhisha | 2026-10-23:Purva Bhadrapada,2026-10-21 03:41:00 AM CDT,2026-10-22 04:17:00 AM CDT,2026-10-23 04:05:00 AM CDT,2026-10-21,07:10 AM,2026-10-21 05:34:00 AM CDT,2026-10-21,,2026-10-21:VALID (start 2026-10-21 03:41:00 AM CDT < Arunodaya 2026-10-21 05:34:00 AM CDT),2026-10-21,07:10 AM,2026-10-21 05:34:00 AM CDT,2026-10-22,Shatabhisha,2026-10-22 10:14:00 AM CDT,2026-10-20,2026-10-23,2026-10-20 | 2026-10-21 | 2026-10-22 | 2026-10-23,4,COMPLETE,,,Normal Ekadashi,NORMAL,Ekadashi began before Arunodaya and has one valid Ekadashi sunrise. No two-day exception is triggered.,2026-10-21:VALID (start 2026-10-21 03:41:00 AM CDT < Arunodaya 2026-10-21 05:34:00 AM CDT),2026-10-21,,2026-10-22,DWADASHI,APARAHNA,2026-10-22 01:39:12 PM CDT,2026-10-22 03:48:36 PM CDT,Pratah is unavailable; Madhyahna is skipped and Aparahna is used.
Dallas,Texas,United States,America/Chicago,geoname:4684888,4684888,Papankusha Ekadashi,2026-10-22,"Papankusha Ekadashi - Dallas. Dashami ends and Ekadashi begins on 2026-10-21 03:41:00 AM CDT. On 21-Oct-26, Sooryodaya is 07:36 AM and Arunodaya is 06:00 AM. Ekadashi is present at sunrise and had begun before Arunodaya, so this is a valid Ekadashi sunrise. Ekadashi ends on 2026-10-22 04:17:00 AM CDT and does not remain through another sunrise. Ekadashi ends and Dwadashi begins on 2026-10-22 04:17:00 AM CDT. Dwadashi is present at Sooryodaya on 22-Oct-26 (Sooryodaya 07:37 AM). Dwadashi ends and Trayodashi begins on 2026-10-23 04:05:00 AM CDT. Therefore the Upavaasa is observed on 21-Oct-26. For Parana on 22-Oct-26, Sooryodaya is 07:37 AM, Pratah Kala ends at 09:51 AM, Dwadashi ends at 2026-10-23 04:05:00 AM CDT, and Hari Vasara ends at 2026-10-22 10:14:00 AM CDT. Hari Vasara does not clear within the usable Pratah window, so Pratah is missed. Madhyahna is skipped. Aparahna runs from 02:18 PM to 04:32 PM. Hari Vasara has already ended before Aparahna begins, so Parana starts at Aparahna start (02:18 PM). Aparahna ends at 04:32 PM, before Dwadashi ends; therefore Aparahna end is the limiting end time. Hence Parana is 02:18 PM to 04:32 PM.",2026-10-20:Dashami | 2026-10-21:Ekadashi | 2026-10-22:Dwadashi | 2026-10-23:Trayodashi,2026-10-20:Dhanishtha | 2026-10-21:Dhanishtha | 2026-10-22:Shatabhisha | 2026-10-23:Purva Bhadrapada,2026-10-21 03:41:00 AM CDT,2026-10-22 04:17:00 AM CDT,2026-10-23 04:05:00 AM CDT,2026-10-21,07:36 AM,2026-10-21 06:00:00 AM CDT,2026-10-21,,2026-10-21:VALID (start 2026-10-21 03:41:00 AM CDT < Arunodaya 2026-10-21 06:00:00 AM CDT),2026-10-21,07:36 AM,2026-10-21 06:00:00 AM CDT,2026-10-22,Shatabhisha,2026-10-22 10:14:00 AM CDT,2026-10-20,2026-10-23,2026-10-20 | 2026-10-21 | 2026-10-22 | 2026-10-23,4,COMPLETE,,,Normal Ekadashi,NORMAL,Ekadashi began before Arunodaya and has one valid Ekadashi sunrise. No two-day exception is triggered.,2026-10-21:VALID (start 2026-10-21 03:41:00 AM CDT < Arunodaya 2026-10-21 06:00:00 AM CDT),2026-10-21,,2026-10-22,DWADASHI,APARAHNA,2026-10-22 02:18:24 PM CDT,2026-10-22 04:32:12 PM CDT,Pratah is unavailable; Madhyahna is skipped and Aparahna is used.
Houston,Texas,United States,America/Chicago,geoname:4699066,4699066,Papankusha Ekadashi,2026-10-22,"Papankusha Ekadashi - Houston. Dashami ends and Ekadashi begins on 2026-10-21 03:41:00 AM CDT. On 21-Oct-26, Sooryodaya is 07:27 AM and Arunodaya is 05:51 AM. Ekadashi is present at sunrise and had begun before Arunodaya, so this is a valid Ekadashi sunrise. Ekadashi ends on 2026-10-22 04:17:00 AM CDT and does not remain through another sunrise. Ekadashi ends and Dwadashi begins on 2026-10-22 04:17:00 AM CDT. Dwadashi is present at Sooryodaya on 22-Oct-26 (Sooryodaya 07:28 AM). Dwadashi ends and Trayodashi begins on 2026-10-23 04:05:00 AM CDT. Therefore the Upavaasa is observed on 21-Oct-26. For Parana on 22-Oct-26, Sooryodaya is 07:28 AM, Pratah Kala ends at 09:43 AM, Dwadashi ends at 2026-10-23 04:05:00 AM CDT, and Hari Vasara ends at 2026-10-22 10:14:00 AM CDT. Hari Vasara does not clear within the usable Pratah window, so Pratah is missed. Madhyahna is skipped. Aparahna runs from 02:13 PM to 04:28 PM. Hari Vasara has already ended before Aparahna begins, so Parana starts at Aparahna start (02:13 PM). Aparahna ends at 04:28 PM, before Dwadashi ends; therefore Aparahna end is the limiting end time. Hence Parana is 02:13 PM to 04:28 PM.",2026-10-20:Dashami | 2026-10-21:Ekadashi | 2026-10-22:Dwadashi | 2026-10-23:Trayodashi,2026-10-20:Shravana | 2026-10-21:Dhanishtha | 2026-10-22:Shatabhisha | 2026-10-23:Purva Bhadrapada,2026-10-21 03:41:00 AM CDT,2026-10-22 04:17:00 AM CDT,2026-10-23 04:05:00 AM CDT,2026-10-21,07:27 AM,2026-10-21 05:51:00 AM CDT,2026-10-21,,2026-10-21:VALID (start 2026-10-21 03:41:00 AM CDT < Arunodaya 2026-10-21 05:51:00 AM CDT),2026-10-21,07:27 AM,2026-10-21 05:51:00 AM CDT,2026-10-22,Shatabhisha,2026-10-22 10:14:00 AM CDT,2026-10-20,2026-10-23,2026-10-20 | 2026-10-21 | 2026-10-22 | 2026-10-23,4,COMPLETE,,,Normal Ekadashi,NORMAL,Ekadashi began before Arunodaya and has one valid Ekadashi sunrise. No two-day exception is triggered.,2026-10-21:VALID (start 2026-10-21 03:41:00 AM CDT < Arunodaya 2026-10-21 05:51:00 AM CDT),2026-10-21,,2026-10-22,DWADASHI,APARAHNA,2026-10-22 02:13:00 PM CDT,2026-10-22 04:28:00 PM CDT,Pratah is unavailable; Madhyahna is skipped and Aparahna is used.
Phoenix,Arizona,United States,America/Phoenix,geoname:5308655,5308655,Papankusha Ekadashi,2026-10-22,"Papankusha Ekadashi - Phoenix. Dashami ends and Ekadashi begins on 2026-10-21 01:41:00 AM MST. On 21-Oct-26, Sooryodaya is 06:38 AM and Arunodaya is 05:02 AM. Ekadashi is present at sunrise and had begun before Arunodaya, so this is a valid Ekadashi sunrise. Ekadashi ends on 2026-10-22 02:17:00 AM MST and does not remain through another sunrise. Ekadashi ends and Dwadashi begins on 2026-10-22 02:17:00 AM MST. Dwadashi is present at Sooryodaya on 22-Oct-26 (Sooryodaya 06:39 AM). Dwadashi ends and Trayodashi begins on 2026-10-23 02:05:00 AM MST. Therefore the Upavaasa is observed on 21-Oct-26. For Parana on 22-Oct-26, Sooryodaya is 06:39 AM, Pratah Kala ends at 08:52 AM, Dwadashi ends at 2026-10-23 02:05:00 AM MST, and Hari Vasara ends at 2026-10-22 08:14:00 AM MST. Hari Vasara ends after Sooryodaya, at 08:14 AM, but still within Pratah Kala. Therefore Parana cannot start at sunrise and starts at Hari Vasara end (08:14 AM). Pratah Kala ends at 08:52 AM, before Dwadashi ends; therefore Pratah Kala end is the limiting end time. Hence Parana is 08:14 AM to 08:52 AM.",2026-10-20:Dashami | 2026-10-21:Ekadashi | 2026-10-22:Dwadashi | 2026-10-23:Trayodashi,2026-10-20:Dhanishtha | 2026-10-21:Dhanishtha | 2026-10-22:Shatabhisha | 2026-10-23:Purva Bhadrapada,2026-10-21 01:41:00 AM MST,2026-10-22 02:17:00 AM MST,2026-10-23 02:05:00 AM MST,2026-10-21,06:38 AM,2026-10-21 05:02:00 AM MST,2026-10-21,,2026-10-21:VALID (start 2026-10-21 01:41:00 AM MST < Arunodaya 2026-10-21 05:02:00 AM MST),2026-10-21,06:38 AM,2026-10-21 05:02:00 AM MST,2026-10-22,Shatabhisha,2026-10-22 08:14:00 AM MST,2026-10-20,2026-10-23,2026-10-20 | 2026-10-21 | 2026-10-22 | 2026-10-23,4,COMPLETE,,,Normal Ekadashi,NORMAL,Ekadashi began before Arunodaya and has one valid Ekadashi sunrise. No two-day exception is triggered.,2026-10-21:VALID (start 2026-10-21 01:41:00 AM MST < Arunodaya 2026-10-21 05:02:00 AM MST),2026-10-21,,2026-10-22,DWADASHI,PRATAH,2026-10-22 08:14:00 AM MST,2026-10-22 08:52:24 AM MST,Hari Vasara ends during Pratah; Parana begins after Hari Vasara and ends at Pratah end.
San Francisco,California,United States,America/Los_Angeles,geoname:5391959,5391959,Papankusha Ekadashi,2026-10-22,"Papankusha Ekadashi - San Francisco. Dashami ends and Ekadashi begins on 2026-10-21 01:41:00 AM PDT. On 21-Oct-26, Sooryodaya is 07:24 AM and Arunodaya is 05:48 AM. Ekadashi is present at sunrise and had begun before Arunodaya, so this is a valid Ekadashi sunrise. Ekadashi ends on 2026-10-22 02:17:00 AM PDT and does not remain through another sunrise. Ekadashi ends and Dwadashi begins on 2026-10-22 02:17:00 AM PDT. Dwadashi is present at Sooryodaya on 22-Oct-26 (Sooryodaya 07:25 AM). Dwadashi ends and Trayodashi begins on 2026-10-23 02:05:00 AM PDT. Therefore the Upavaasa is observed on 21-Oct-26. For Parana on 22-Oct-26, Sooryodaya is 07:25 AM, Pratah Kala ends at 09:37 AM, Dwadashi ends at 2026-10-23 02:05:00 AM PDT, and Hari Vasara ends at 2026-10-22 08:14:00 AM PDT. Hari Vasara ends after Sooryodaya, at 08:14 AM, but still within Pratah Kala. Therefore Parana cannot start at sunrise and starts at Hari Vasara end (08:14 AM). Pratah Kala ends at 09:37 AM, before Dwadashi ends; therefore Pratah Kala end is the limiting end time. Hence Parana is 08:14 AM to 09:37 AM.",2026-10-20:Dashami | 2026-10-21:Ekadashi | 2026-10-22:Dwadashi | 2026-10-23:Trayodashi,2026-10-20:Dhanishtha | 2026-10-21:Shatabhisha | 2026-10-22:Shatabhisha | 2026-10-23:Purva Bhadrapada,2026-10-21 01:41:00 AM PDT,2026-10-22 02:17:00 AM PDT,2026-10-23 02:05:00 AM PDT,2026-10-21,07:24 AM,2026-10-21 05:48:00 AM PDT,2026-10-21,,2026-10-21:VALID (start 2026-10-21 01:41:00 AM PDT < Arunodaya 2026-10-21 05:48:00 AM PDT),2026-10-21,07:24 AM,2026-10-21 05:48:00 AM PDT,2026-10-22,Shatabhisha,2026-10-22 08:14:00 AM PDT,2026-10-20,2026-10-23,2026-10-20 | 2026-10-21 | 2026-10-22 | 2026-10-23,4,COMPLETE,,,Normal Ekadashi,NORMAL,Ekadashi began before Arunodaya and has one valid Ekadashi sunrise. No two-day exception is triggered.,2026-10-21:VALID (start 2026-10-21 01:41:00 AM PDT < Arunodaya 2026-10-21 05:48:00 AM PDT),2026-10-21,,2026-10-22,DWADASHI,PRATAH,2026-10-22 08:14:00 AM PDT,2026-10-22 09:36:36 AM PDT,Hari Vasara ends during Pratah; Parana begins after Hari Vasara and ends at Pratah end.
Los Angeles,California,United States,America/Los_Angeles,geoname:5368361,5368361,Papankusha Ekadashi,2026-10-22,"Papankusha Ekadashi - Los Angeles. Dashami ends and Ekadashi begins on 2026-10-21 01:41:00 AM PDT. On 21-Oct-26, Sooryodaya is 07:03 AM and Arunodaya is 05:27 AM. Ekadashi is present at sunrise and had begun before Arunodaya, so this is a valid Ekadashi sunrise. Ekadashi ends on 2026-10-22 02:17:00 AM PDT and does not remain through another sunrise. Ekadashi ends and Dwadashi begins on 2026-10-22 02:17:00 AM PDT. Dwadashi is present at Sooryodaya on 22-Oct-26 (Sooryodaya 07:04 AM). Dwadashi ends and Trayodashi begins on 2026-10-23 02:05:00 AM PDT. Therefore the Upavaasa is observed on 21-Oct-26. For Parana on 22-Oct-26, Sooryodaya is 07:04 AM, Pratah Kala ends at 09:17 AM, Dwadashi ends at 2026-10-23 02:05:00 AM PDT, and Hari Vasara ends at 2026-10-22 08:14:00 AM PDT. Hari Vasara ends after Sooryodaya, at 08:14 AM, but still within Pratah Kala. Therefore Parana cannot start at sunrise and starts at Hari Vasara end (08:14 AM). Pratah Kala ends at 09:17 AM, before Dwadashi ends; therefore Pratah Kala end is the limiting end time. Hence Parana is 08:14 AM to 09:17 AM.",2026-10-20:Dashami | 2026-10-21:Ekadashi | 2026-10-22:Dwadashi | 2026-10-23:Trayodashi,2026-10-20:Dhanishtha | 2026-10-21:Dhanishtha | 2026-10-22:Shatabhisha | 2026-10-23:Purva Bhadrapada,2026-10-21 01:41:00 AM PDT,2026-10-22 02:17:00 AM PDT,2026-10-23 02:05:00 AM PDT,2026-10-21,07:03 AM,2026-10-21 05:27:00 AM PDT,2026-10-21,,2026-10-21:VALID (start 2026-10-21 01:41:00 AM PDT < Arunodaya 2026-10-21 05:27:00 AM PDT),2026-10-21,07:03 AM,2026-10-21 05:27:00 AM PDT,2026-10-22,Shatabhisha,2026-10-22 08:14:00 AM PDT,2026-10-20,2026-10-23,2026-10-20 | 2026-10-21 | 2026-10-22 | 2026-10-23,4,COMPLETE,,,Normal Ekadashi,NORMAL,Ekadashi began before Arunodaya and has one valid Ekadashi sunrise. No two-day exception is triggered.,2026-10-21:VALID (start 2026-10-21 01:41:00 AM PDT < Arunodaya 2026-10-21 05:27:00 AM PDT),2026-10-21,,2026-10-22,DWADASHI,PRATAH,2026-10-22 08:14:00 AM PDT,2026-10-22 09:17:12 AM PDT,Hari Vasara ends during Pratah; Parana begins after Hari Vasara and ends at Pratah end.
Seattle,Washington,United States,America/Los_Angeles,geoname:5809844,5809844,Papankusha Ekadashi,2026-10-22,"Papankusha Ekadashi - Seattle. Dashami ends and Ekadashi begins on 2026-10-21 01:41:00 AM PDT. On 21-Oct-26, Sooryodaya is 07:37 AM and Arunodaya is 06:01 AM. Ekadashi is present at sunrise and had begun before Arunodaya, so this is a valid Ekadashi sunrise. Ekadashi ends on 2026-10-22 02:17:00 AM PDT and does not remain through another sunrise. Ekadashi ends and Dwadashi begins on 2026-10-22 02:17:00 AM PDT. Dwadashi is present at Sooryodaya on 22-Oct-26 (Sooryodaya 07:39 AM). Dwadashi ends and Trayodashi begins on 2026-10-23 02:05:00 AM PDT. Therefore the Upavaasa is observed on 21-Oct-26. For Parana on 22-Oct-26, Sooryodaya is 07:39 AM, Pratah Kala ends at 09:45 AM, Dwadashi ends at 2026-10-23 02:05:00 AM PDT, and Hari Vasara ends at 2026-10-22 08:14:00 AM PDT. Hari Vasara ends after Sooryodaya, at 08:14 AM, but still within Pratah Kala. Therefore Parana cannot start at sunrise and starts at Hari Vasara end (08:14 AM). Pratah Kala ends at 09:45 AM, before Dwadashi ends; therefore Pratah Kala end is the limiting end time. Hence Parana is 08:14 AM to 09:45 AM.",2026-10-20:Dashami | 2026-10-21:Ekadashi | 2026-10-22:Dwadashi | 2026-10-23:Trayodashi,2026-10-20:Dhanishtha | 2026-10-21:Shatabhisha | 2026-10-22:Shatabhisha | 2026-10-23:Purva Bhadrapada,2026-10-21 01:41:00 AM PDT,2026-10-22 02:17:00 AM PDT,2026-10-23 02:05:00 AM PDT,2026-10-21,07:37 AM,2026-10-21 06:01:00 AM PDT,2026-10-21,,2026-10-21:VALID (start 2026-10-21 01:41:00 AM PDT < Arunodaya 2026-10-21 06:01:00 AM PDT),2026-10-21,07:37 AM,2026-10-21 06:01:00 AM PDT,2026-10-22,Shatabhisha,2026-10-22 08:14:00 AM PDT,2026-10-20,2026-10-23,2026-10-20 | 2026-10-21 | 2026-10-22 | 2026-10-23,4,COMPLETE,,,Normal Ekadashi,NORMAL,Ekadashi began before Arunodaya and has one valid Ekadashi sunrise. No two-day exception is triggered.,2026-10-21:VALID (start 2026-10-21 01:41:00 AM PDT < Arunodaya 2026-10-21 06:01:00 AM PDT),2026-10-21,,2026-10-22,DWADASHI,PRATAH,2026-10-22 08:14:00 AM PDT,2026-10-22 09:44:48 AM PDT,Hari Vasara ends during Pratah; Parana begins after Hari Vasara and ends at Pratah end.
Tampa,Florida,United States,America/New_York,geoname:4174757,4174757,Papankusha Ekadashi,2026-10-22,"Papankusha Ekadashi - Tampa. Dashami ends and Ekadashi begins on 2026-10-21 04:41:00 AM EDT. On 21-Oct-26, Sooryodaya is 07:34 AM and Arunodaya is 05:58 AM. Ekadashi is present at sunrise and had begun before Arunodaya, so this is a valid Ekadashi sunrise. Ekadashi ends on 2026-10-22 05:17:00 AM EDT and does not remain through another sunrise. Ekadashi ends and Dwadashi begins on 2026-10-22 05:17:00 AM EDT. Dwadashi is present at Sooryodaya on 22-Oct-26 (Sooryodaya 07:34 AM). Dwadashi ends and Trayodashi begins on 2026-10-23 05:05:00 AM EDT. Therefore the Upavaasa is observed on 21-Oct-26. For Parana on 22-Oct-26, Sooryodaya is 07:34 AM, Pratah Kala ends at 09:50 AM, Dwadashi ends at 2026-10-23 05:05:00 AM EDT, and Hari Vasara ends at 2026-10-22 11:14:00 AM EDT. Hari Vasara does not clear within the usable Pratah window, so Pratah is missed. Madhyahna is skipped. Aparahna runs from 02:22 PM to 04:38 PM. Hari Vasara has already ended before Aparahna begins, so Parana starts at Aparahna start (02:22 PM). Aparahna ends at 04:38 PM, before Dwadashi ends; therefore Aparahna end is the limiting end time. Hence Parana is 02:22 PM to 04:38 PM.",2026-10-20:Dashami | 2026-10-21:Ekadashi | 2026-10-22:Dwadashi | 2026-10-23:Trayodashi,2026-10-20:Shravana | 2026-10-21:Dhanishtha | 2026-10-22:Shatabhisha | 2026-10-23:Purva Bhadrapada,2026-10-21 04:41:00 AM EDT,2026-10-22 05:17:00 AM EDT,2026-10-23 05:05:00 AM EDT,2026-10-21,07:34 AM,2026-10-21 05:58:00 AM EDT,2026-10-21,,2026-10-21:VALID (start 2026-10-21 04:41:00 AM EDT < Arunodaya 2026-10-21 05:58:00 AM EDT),2026-10-21,07:34 AM,2026-10-21 05:58:00 AM EDT,2026-10-22,Shatabhisha,2026-10-22 11:14:00 AM EDT,2026-10-20,2026-10-23,2026-10-20 | 2026-10-21 | 2026-10-22 | 2026-10-23,4,COMPLETE,,,Normal Ekadashi,NORMAL,Ekadashi began before Arunodaya and has one valid Ekadashi sunrise. No two-day exception is triggered.,2026-10-21:VALID (start 2026-10-21 04:41:00 AM EDT < Arunodaya 2026-10-21 05:58:00 AM EDT),2026-10-21,,2026-10-22,DWADASHI,APARAHNA,2026-10-22 02:22:00 PM EDT,2026-10-22 04:38:00 PM EDT,Pratah is unavailable; Madhyahna is skipped and Aparahna is used.
Orlando,Florida,United States,America/New_York,geoname:4167147,4167147,Papankusha Ekadashi,2026-10-22,"Papankusha Ekadashi - Orlando. Dashami ends and Ekadashi begins on 2026-10-21 04:41:00 AM EDT. On 21-Oct-26, Sooryodaya is 07:30 AM and Arunodaya is 05:54 AM. Ekadashi is present at sunrise and had begun before Arunodaya, so this is a valid Ekadashi sunrise. Ekadashi ends on 2026-10-22 05:17:00 AM EDT and does not remain through another sunrise. Ekadashi ends and Dwadashi begins on 2026-10-22 05:17:00 AM EDT. Dwadashi is present at Sooryodaya on 22-Oct-26 (Sooryodaya 07:31 AM). Dwadashi ends and Trayodashi begins on 2026-10-23 05:05:00 AM EDT. Therefore the Upavaasa is observed on 21-Oct-26. For Parana on 22-Oct-26, Sooryodaya is 07:31 AM, Pratah Kala ends at 09:47 AM, Dwadashi ends at 2026-10-23 05:05:00 AM EDT, and Hari Vasara ends at 2026-10-22 11:14:00 AM EDT. Hari Vasara does not clear within the usable Pratah window, so Pratah is missed. Madhyahna is skipped. Aparahna runs from 02:18 PM to 04:33 PM. Hari Vasara has already ended before Aparahna begins, so Parana starts at Aparahna start (02:18 PM). Aparahna ends at 04:33 PM, before Dwadashi ends; therefore Aparahna end is the limiting end time. Hence Parana is 02:18 PM to 04:33 PM.",2026-10-20:Dashami | 2026-10-21:Ekadashi | 2026-10-22:Dwadashi | 2026-10-23:Trayodashi,2026-10-20:Shravana | 2026-10-21:Dhanishtha | 2026-10-22:Shatabhisha | 2026-10-23:Purva Bhadrapada,2026-10-21 04:41:00 AM EDT,2026-10-22 05:17:00 AM EDT,2026-10-23 05:05:00 AM EDT,2026-10-21,07:30 AM,2026-10-21 05:54:00 AM EDT,2026-10-21,,2026-10-21:VALID (start 2026-10-21 04:41:00 AM EDT < Arunodaya 2026-10-21 05:54:00 AM EDT),2026-10-21,07:30 AM,2026-10-21 05:54:00 AM EDT,2026-10-22,Shatabhisha,2026-10-22 11:14:00 AM EDT,2026-10-20,2026-10-23,2026-10-20 | 2026-10-21 | 2026-10-22 | 2026-10-23,4,COMPLETE,,,Normal Ekadashi,NORMAL,Ekadashi began before Arunodaya and has one valid Ekadashi sunrise. No two-day exception is triggered.,2026-10-21:VALID (start 2026-10-21 04:41:00 AM EDT < Arunodaya 2026-10-21 05:54:00 AM EDT),2026-10-21,,2026-10-22,DWADASHI,APARAHNA,2026-10-22 02:17:48 PM EDT,2026-10-22 04:33:24 PM EDT,Pratah is unavailable; Madhyahna is skipped and Aparahna is used.
Richmond,Virginia,United States,America/New_York,geoname:4781708,4781708,Papankusha Ekadashi,2026-10-22,"Papankusha Ekadashi - Richmond. Dashami ends and Ekadashi begins on 2026-10-21 04:41:00 AM EDT. On 21-Oct-26, Sooryodaya is 07:24 AM and Arunodaya is 05:48 AM. Ekadashi is present at sunrise and had begun before Arunodaya, so this is a valid Ekadashi sunrise. Ekadashi ends on 2026-10-22 05:17:00 AM EDT and does not remain through another sunrise. Ekadashi ends and Dwadashi begins on 2026-10-22 05:17:00 AM EDT. Dwadashi is present at Sooryodaya on 22-Oct-26 (Sooryodaya 07:25 AM). Dwadashi ends and Trayodashi begins on 2026-10-23 05:05:00 AM EDT. Therefore the Upavaasa is observed on 21-Oct-26. For Parana on 22-Oct-26, Sooryodaya is 07:25 AM, Pratah Kala ends at 09:37 AM, Dwadashi ends at 2026-10-23 05:05:00 AM EDT, and Hari Vasara ends at 2026-10-22 11:14:00 AM EDT. Hari Vasara does not clear within the usable Pratah window, so Pratah is missed. Madhyahna is skipped. Aparahna runs from 02:00 PM to 04:11 PM. Hari Vasara has already ended before Aparahna begins, so Parana starts at Aparahna start (02:00 PM). Aparahna ends at 04:11 PM, before Dwadashi ends; therefore Aparahna end is the limiting end time. Hence Parana is 02:00 PM to 04:11 PM.",2026-10-20:Dashami | 2026-10-21:Ekadashi | 2026-10-22:Dwadashi | 2026-10-23:Trayodashi,2026-10-20:Shravana | 2026-10-21:Dhanishtha | 2026-10-22:Shatabhisha | 2026-10-23:Purva Bhadrapada,2026-10-21 04:41:00 AM EDT,2026-10-22 05:17:00 AM EDT,2026-10-23 05:05:00 AM EDT,2026-10-21,07:24 AM,2026-10-21 05:48:00 AM EDT,2026-10-21,,2026-10-21:VALID (start 2026-10-21 04:41:00 AM EDT < Arunodaya 2026-10-21 05:48:00 AM EDT),2026-10-21,07:24 AM,2026-10-21 05:48:00 AM EDT,2026-10-22,Shatabhisha,2026-10-22 11:14:00 AM EDT,2026-10-20,2026-10-23,2026-10-20 | 2026-10-21 | 2026-10-22 | 2026-10-23,4,COMPLETE,,,Normal Ekadashi,NORMAL,Ekadashi began before Arunodaya and has one valid Ekadashi sunrise. No two-day exception is triggered.,2026-10-21:VALID (start 2026-10-21 04:41:00 AM EDT < Arunodaya 2026-10-21 05:48:00 AM EDT),2026-10-21,,2026-10-22,DWADASHI,APARAHNA,2026-10-22 01:59:48 PM EDT,2026-10-22 04:11:24 PM EDT,Pratah is unavailable; Madhyahna is skipped and Aparahna is used.
Baltimore,Maryland,United States,America/New_York,geoname:4347778,4347778,Papankusha Ekadashi,2026-10-22,"Papankusha Ekadashi - Baltimore. Dashami ends and Ekadashi begins on 2026-10-21 04:41:00 AM EDT. On 21-Oct-26, Sooryodaya is 07:23 AM and Arunodaya is 05:47 AM. Ekadashi is present at sunrise and had begun before Arunodaya, so this is a valid Ekadashi sunrise. Ekadashi ends on 2026-10-22 05:17:00 AM EDT and does not remain through another sunrise. Ekadashi ends and Dwadashi begins on 2026-10-22 05:17:00 AM EDT. Dwadashi is present at Sooryodaya on 22-Oct-26 (Sooryodaya 07:24 AM). Dwadashi ends and Trayodashi begins on 2026-10-23 05:05:00 AM EDT. Therefore the Upavaasa is observed on 21-Oct-26. For Parana on 22-Oct-26, Sooryodaya is 07:24 AM, Pratah Kala ends at 09:35 AM, Dwadashi ends at 2026-10-23 05:05:00 AM EDT, and Hari Vasara ends at 2026-10-22 11:14:00 AM EDT. Hari Vasara does not clear within the usable Pratah window, so Pratah is missed. Madhyahna is skipped. Aparahna runs from 01:56 PM to 04:07 PM. Hari Vasara has already ended before Aparahna begins, so Parana starts at Aparahna start (01:56 PM). Aparahna ends at 04:07 PM, before Dwadashi ends; therefore Aparahna end is the limiting end time. Hence Parana is 01:56 PM to 04:07 PM.",2026-10-20:Dashami | 2026-10-21:Ekadashi | 2026-10-22:Dwadashi | 2026-10-23:Trayodashi,2026-10-20:Shravana | 2026-10-21:Dhanishtha | 2026-10-22:Shatabhisha | 2026-10-23:Purva Bhadrapada,2026-10-21 04:41:00 AM EDT,2026-10-22 05:17:00 AM EDT,2026-10-23 05:05:00 AM EDT,2026-10-21,07:23 AM,2026-10-21 05:47:00 AM EDT,2026-10-21,,2026-10-21:VALID (start 2026-10-21 04:41:00 AM EDT < Arunodaya 2026-10-21 05:47:00 AM EDT),2026-10-21,07:23 AM,2026-10-21 05:47:00 AM EDT,2026-10-22,Shatabhisha,2026-10-22 11:14:00 AM EDT,2026-10-20,2026-10-23,2026-10-20 | 2026-10-21 | 2026-10-22 | 2026-10-23,4,COMPLETE,,,Normal Ekadashi,NORMAL,Ekadashi began before Arunodaya and has one valid Ekadashi sunrise. No two-day exception is triggered.,2026-10-21:VALID (start 2026-10-21 04:41:00 AM EDT < Arunodaya 2026-10-21 05:47:00 AM EDT),2026-10-21,,2026-10-22,DWADASHI,APARAHNA,2026-10-22 01:56:24 PM EDT,2026-10-22 04:07:12 PM EDT,Pratah is unavailable; Madhyahna is skipped and Aparahna is used.
Philadelphia,Pennsylvania,United States,America/New_York,geoname:4560349,4560349,Papankusha Ekadashi,2026-10-22,"Papankusha Ekadashi - Philadelphia. Dashami ends and Ekadashi begins on 2026-10-21 04:41:00 AM EDT. On 21-Oct-26, Sooryodaya is 07:18 AM and Arunodaya is 05:42 AM. Ekadashi is present at sunrise and had begun before Arunodaya, so this is a valid Ekadashi sunrise. Ekadashi ends on 2026-10-22 05:17:00 AM EDT and does not remain through another sunrise. Ekadashi ends and Dwadashi begins on 2026-10-22 05:17:00 AM EDT. Dwadashi is present at Sooryodaya on 22-Oct-26 (Sooryodaya 07:19 AM). Dwadashi ends and Trayodashi begins on 2026-10-23 05:05:00 AM EDT. Therefore the Upavaasa is observed on 21-Oct-26. For Parana on 22-Oct-26, Sooryodaya is 07:19 AM, Pratah Kala ends at 09:29 AM, Dwadashi ends at 2026-10-23 05:05:00 AM EDT, and Hari Vasara ends at 2026-10-22 11:14:00 AM EDT. Hari Vasara does not clear within the usable Pratah window, so Pratah is missed. Madhyahna is skipped. Aparahna runs from 01:50 PM to 04:01 PM. Hari Vasara has already ended before Aparahna begins, so Parana starts at Aparahna start (01:50 PM). Aparahna ends at 04:01 PM, before Dwadashi ends; therefore Aparahna end is the limiting end time. Hence Parana is 01:50 PM to 04:01 PM.",2026-10-20:Dashami | 2026-10-21:Ekadashi | 2026-10-22:Dwadashi | 2026-10-23:Trayodashi,2026-10-20:Shravana | 2026-10-21:Dhanishtha | 2026-10-22:Shatabhisha | 2026-10-23:Purva Bhadrapada,2026-10-21 04:41:00 AM EDT,2026-10-22 05:17:00 AM EDT,2026-10-23 05:05:00 AM EDT,2026-10-21,07:18 AM,2026-10-21 05:42:00 AM EDT,2026-10-21,,2026-10-21:VALID (start 2026-10-21 04:41:00 AM EDT < Arunodaya 2026-10-21 05:42:00 AM EDT),2026-10-21,07:18 AM,2026-10-21 05:42:00 AM EDT,2026-10-22,Shatabhisha,2026-10-22 11:14:00 AM EDT,2026-10-20,2026-10-23,2026-10-20 | 2026-10-21 | 2026-10-22 | 2026-10-23,4,COMPLETE,,,Normal Ekadashi,NORMAL,Ekadashi began before Arunodaya and has one valid Ekadashi sunrise. No two-day exception is triggered.,2026-10-21:VALID (start 2026-10-21 04:41:00 AM EDT < Arunodaya 2026-10-21 05:42:00 AM EDT),2026-10-21,,2026-10-22,DWADASHI,APARAHNA,2026-10-22 01:50:12 PM EDT,2026-10-22 04:00:36 PM EDT,Pratah is unavailable; Madhyahna is skipped and Aparahna is used.
New York,New York,United States,America/New_York,geoname:5128581,5128581,Papankusha Ekadashi,2026-10-22,"Papankusha Ekadashi - New York. Dashami ends and Ekadashi begins on 2026-10-21 04:41:00 AM EDT. On 21-Oct-26, Sooryodaya is 07:14 AM and Arunodaya is 05:38 AM. Ekadashi is present at sunrise and had begun before Arunodaya, so this is a valid Ekadashi sunrise. Ekadashi ends on 2026-10-22 05:17:00 AM EDT and does not remain through another sunrise. Ekadashi ends and Dwadashi begins on 2026-10-22 05:17:00 AM EDT. Dwadashi is present at Sooryodaya on 22-Oct-26 (Sooryodaya 07:15 AM). Dwadashi ends and Trayodashi begins on 2026-10-23 05:05:00 AM EDT. Therefore the Upavaasa is observed on 21-Oct-26. For Parana on 22-Oct-26, Sooryodaya is 07:15 AM, Pratah Kala ends at 09:25 AM, Dwadashi ends at 2026-10-23 05:05:00 AM EDT, and Hari Vasara ends at 2026-10-22 11:14:00 AM EDT. Hari Vasara does not clear within the usable Pratah window, so Pratah is missed. Madhyahna is skipped. Aparahna runs from 01:45 PM to 03:55 PM. Hari Vasara has already ended before Aparahna begins, so Parana starts at Aparahna start (01:45 PM). Aparahna ends at 03:55 PM, before Dwadashi ends; therefore Aparahna end is the limiting end time. Hence Parana is 01:45 PM to 03:55 PM.",2026-10-20:Dashami | 2026-10-21:Ekadashi | 2026-10-22:Dwadashi | 2026-10-23:Trayodashi,2026-10-20:Shravana | 2026-10-21:Dhanishtha | 2026-10-22:Shatabhisha | 2026-10-23:Purva Bhadrapada,2026-10-21 04:41:00 AM EDT,2026-10-22 05:17:00 AM EDT,2026-10-23 05:05:00 AM EDT,2026-10-21,07:14 AM,2026-10-21 05:38:00 AM EDT,2026-10-21,,2026-10-21:VALID (start 2026-10-21 04:41:00 AM EDT < Arunodaya 2026-10-21 05:38:00 AM EDT),2026-10-21,07:14 AM,2026-10-21 05:38:00 AM EDT,2026-10-22,Shatabhisha,2026-10-22 11:14:00 AM EDT,2026-10-20,2026-10-23,2026-10-20 | 2026-10-21 | 2026-10-22 | 2026-10-23,4,COMPLETE,,,Normal Ekadashi,NORMAL,Ekadashi began before Arunodaya and has one valid Ekadashi sunrise. No two-day exception is triggered.,2026-10-21:VALID (start 2026-10-21 04:41:00 AM EDT < Arunodaya 2026-10-21 05:38:00 AM EDT),2026-10-21,,2026-10-22,DWADASHI,APARAHNA,2026-10-22 01:45:00 PM EDT,2026-10-22 03:55:00 PM EDT,Pratah is unavailable; Madhyahna is skipped and Aparahna is used.
New Jersey,New Jersey,United States,America/New_York,geoname:5099836,5099836,Papankusha Ekadashi,2026-10-22,"Papankusha Ekadashi - New Jersey. Dashami ends and Ekadashi begins on 2026-10-21 04:41:00 AM EDT. On 21-Oct-26, Sooryodaya is 07:14 AM and Arunodaya is 05:38 AM. Ekadashi is present at sunrise and had begun before Arunodaya, so this is a valid Ekadashi sunrise. Ekadashi ends on 2026-10-22 05:17:00 AM EDT and does not remain through another sunrise. Ekadashi ends and Dwadashi begins on 2026-10-22 05:17:00 AM EDT. Dwadashi is present at Sooryodaya on 22-Oct-26 (Sooryodaya 07:15 AM). Dwadashi ends and Trayodashi begins on 2026-10-23 05:05:00 AM EDT. Therefore the Upavaasa is observed on 21-Oct-26. For Parana on 22-Oct-26, Sooryodaya is 07:15 AM, Pratah Kala ends at 09:25 AM, Dwadashi ends at 2026-10-23 05:05:00 AM EDT, and Hari Vasara ends at 2026-10-22 11:14:00 AM EDT. Hari Vasara does not clear within the usable Pratah window, so Pratah is missed. Madhyahna is skipped. Aparahna runs from 01:46 PM to 03:56 PM. Hari Vasara has already ended before Aparahna begins, so Parana starts at Aparahna start (01:46 PM). Aparahna ends at 03:56 PM, before Dwadashi ends; therefore Aparahna end is the limiting end time. Hence Parana is 01:46 PM to 03:56 PM.",2026-10-20:Dashami | 2026-10-21:Ekadashi | 2026-10-22:Dwadashi | 2026-10-23:Trayodashi,2026-10-20:Shravana | 2026-10-21:Dhanishtha | 2026-10-22:Shatabhisha | 2026-10-23:Purva Bhadrapada,2026-10-21 04:41:00 AM EDT,2026-10-22 05:17:00 AM EDT,2026-10-23 05:05:00 AM EDT,2026-10-21,07:14 AM,2026-10-21 05:38:00 AM EDT,2026-10-21,,2026-10-21:VALID (start 2026-10-21 04:41:00 AM EDT < Arunodaya 2026-10-21 05:38:00 AM EDT),2026-10-21,07:14 AM,2026-10-21 05:38:00 AM EDT,2026-10-22,Shatabhisha,2026-10-22 11:14:00 AM EDT,2026-10-20,2026-10-23,2026-10-20 | 2026-10-21 | 2026-10-22 | 2026-10-23,4,COMPLETE,,,Normal Ekadashi,NORMAL,Ekadashi began before Arunodaya and has one valid Ekadashi sunrise. No two-day exception is triggered.,2026-10-21:VALID (start 2026-10-21 04:41:00 AM EDT < Arunodaya 2026-10-21 05:38:00 AM EDT),2026-10-21,,2026-10-22,DWADASHI,APARAHNA,2026-10-22 01:45:36 PM EDT,2026-10-22 03:55:48 PM EDT,Pratah is unavailable; Madhyahna is skipped and Aparahna is used.
Buffalo,New York,United States,America/New_York,geoname:5110629,5110629,Papankusha Ekadashi,2026-10-22,"Papankusha Ekadashi - Buffalo. Dashami ends and Ekadashi begins on 2026-10-21 04:41:00 AM EDT. On 21-Oct-26, Sooryodaya is 07:36 AM and Arunodaya is 06:00 AM. Ekadashi is present at sunrise and had begun before Arunodaya, so this is a valid Ekadashi sunrise. Ekadashi ends on 2026-10-22 05:17:00 AM EDT and does not remain through another sunrise. Ekadashi ends and Dwadashi begins on 2026-10-22 05:17:00 AM EDT. Dwadashi is present at Sooryodaya on 22-Oct-26 (Sooryodaya 07:37 AM). Dwadashi ends and Trayodashi begins on 2026-10-23 05:05:00 AM EDT. Therefore the Upavaasa is observed on 21-Oct-26. For Parana on 22-Oct-26, Sooryodaya is 07:37 AM, Pratah Kala ends at 09:46 AM, Dwadashi ends at 2026-10-23 05:05:00 AM EDT, and Hari Vasara ends at 2026-10-22 11:14:00 AM EDT. Hari Vasara does not clear within the usable Pratah window, so Pratah is missed. Madhyahna is skipped. Aparahna runs from 02:04 PM to 04:13 PM. Hari Vasara has already ended before Aparahna begins, so Parana starts at Aparahna start (02:04 PM). Aparahna ends at 04:13 PM, before Dwadashi ends; therefore Aparahna end is the limiting end time. Hence Parana is 02:04 PM to 04:13 PM.",2026-10-20:Dashami | 2026-10-21:Ekadashi | 2026-10-22:Dwadashi | 2026-10-23:Trayodashi,2026-10-20:Shravana | 2026-10-21:Dhanishtha | 2026-10-22:Shatabhisha | 2026-10-23:Purva Bhadrapada,2026-10-21 04:41:00 AM EDT,2026-10-22 05:17:00 AM EDT,2026-10-23 05:05:00 AM EDT,2026-10-21,07:36 AM,2026-10-21 06:00:00 AM EDT,2026-10-21,,2026-10-21:VALID (start 2026-10-21 04:41:00 AM EDT < Arunodaya 2026-10-21 06:00:00 AM EDT),2026-10-21,07:36 AM,2026-10-21 06:00:00 AM EDT,2026-10-22,Shatabhisha,2026-10-22 11:14:00 AM EDT,2026-10-20,2026-10-23,2026-10-20 | 2026-10-21 | 2026-10-22 | 2026-10-23,4,COMPLETE,,,Normal Ekadashi,NORMAL,Ekadashi began before Arunodaya and has one valid Ekadashi sunrise. No two-day exception is triggered.,2026-10-21:VALID (start 2026-10-21 04:41:00 AM EDT < Arunodaya 2026-10-21 06:00:00 AM EDT),2026-10-21,,2026-10-22,DWADASHI,APARAHNA,2026-10-22 02:04:00 PM EDT,2026-10-22 04:13:00 PM EDT,Pratah is unavailable; Madhyahna is skipped and Aparahna is used.
Cleveland,Ohio,United States,America/New_York,geoname:5150529,5150529,Papankusha Ekadashi,2026-10-22,"Papankusha Ekadashi - Cleveland. Dashami ends and Ekadashi begins on 2026-10-21 04:41:00 AM EDT. On 21-Oct-26, Sooryodaya is 07:46 AM and Arunodaya is 06:10 AM. Ekadashi is present at sunrise and had begun before Arunodaya, so this is a valid Ekadashi sunrise. Ekadashi ends on 2026-10-22 05:17:00 AM EDT and does not remain through another sunrise. Ekadashi ends and Dwadashi begins on 2026-10-22 05:17:00 AM EDT. Dwadashi is present at Sooryodaya on 22-Oct-26 (Sooryodaya 07:47 AM). Dwadashi ends and Trayodashi begins on 2026-10-23 05:05:00 AM EDT. Therefore the Upavaasa is observed on 21-Oct-26. For Parana on 22-Oct-26, Sooryodaya is 07:47 AM, Pratah Kala ends at 09:57 AM, Dwadashi ends at 2026-10-23 05:05:00 AM EDT, and Hari Vasara ends at 2026-10-22 11:14:00 AM EDT. Hari Vasara does not clear within the usable Pratah window, so Pratah is missed. Madhyahna is skipped. Aparahna runs from 02:16 PM to 04:25 PM. Hari Vasara has already ended before Aparahna begins, so Parana starts at Aparahna start (02:16 PM). Aparahna ends at 04:25 PM, before Dwadashi ends; therefore Aparahna end is the limiting end time. Hence Parana is 02:16 PM to 04:25 PM.",2026-10-20:Dashami | 2026-10-21:Ekadashi | 2026-10-22:Dwadashi | 2026-10-23:Trayodashi,2026-10-20:Shravana | 2026-10-21:Dhanishtha | 2026-10-22:Shatabhisha | 2026-10-23:Purva Bhadrapada,2026-10-21 04:41:00 AM EDT,2026-10-22 05:17:00 AM EDT,2026-10-23 05:05:00 AM EDT,2026-10-21,07:46 AM,2026-10-21 06:10:00 AM EDT,2026-10-21,,2026-10-21:VALID (start 2026-10-21 04:41:00 AM EDT < Arunodaya 2026-10-21 06:10:00 AM EDT),2026-10-21,07:46 AM,2026-10-21 06:10:00 AM EDT,2026-10-22,Shatabhisha,2026-10-22 11:14:00 AM EDT,2026-10-20,2026-10-23,2026-10-20 | 2026-10-21 | 2026-10-22 | 2026-10-23,4,COMPLETE,,,Normal Ekadashi,NORMAL,Ekadashi began before Arunodaya and has one valid Ekadashi sunrise. No two-day exception is triggered.,2026-10-21:VALID (start 2026-10-21 04:41:00 AM EDT < Arunodaya 2026-10-21 06:10:00 AM EDT),2026-10-21,,2026-10-22,DWADASHI,APARAHNA,2026-10-22 02:15:48 PM EDT,2026-10-22 04:25:24 PM EDT,Pratah is unavailable; Madhyahna is skipped and Aparahna is used.
Columbus,Ohio,United States,America/New_York,geoname:4509177,4509177,Papankusha Ekadashi,2026-10-22,"Papankusha Ekadashi - Columbus. Dashami ends and Ekadashi begins on 2026-10-21 04:41:00 AM EDT. On 21-Oct-26, Sooryodaya is 07:49 AM and Arunodaya is 06:13 AM. Ekadashi is present at sunrise and had begun before Arunodaya, so this is a valid Ekadashi sunrise. Ekadashi ends on 2026-10-22 05:17:00 AM EDT and does not remain through another sunrise. Ekadashi ends and Dwadashi begins on 2026-10-22 05:17:00 AM EDT. Dwadashi is present at Sooryodaya on 22-Oct-26 (Sooryodaya 07:50 AM). Dwadashi ends and Trayodashi begins on 2026-10-23 05:05:00 AM EDT. Therefore the Upavaasa is observed on 21-Oct-26. For Parana on 22-Oct-26, Sooryodaya is 07:50 AM, Pratah Kala ends at 10:00 AM, Dwadashi ends at 2026-10-23 05:05:00 AM EDT, and Hari Vasara ends at 2026-10-22 11:14:00 AM EDT. Hari Vasara does not clear within the usable Pratah window, so Pratah is missed. Madhyahna is skipped. Aparahna runs from 02:21 PM to 04:32 PM. Hari Vasara has already ended before Aparahna begins, so Parana starts at Aparahna start (02:21 PM). Aparahna ends at 04:32 PM, before Dwadashi ends; therefore Aparahna end is the limiting end time. Hence Parana is 02:21 PM to 04:32 PM.",2026-10-20:Dashami | 2026-10-21:Ekadashi | 2026-10-22:Dwadashi | 2026-10-23:Trayodashi,2026-10-20:Shravana | 2026-10-21:Dhanishtha | 2026-10-22:Shatabhisha | 2026-10-23:Purva Bhadrapada,2026-10-21 04:41:00 AM EDT,2026-10-22 05:17:00 AM EDT,2026-10-23 05:05:00 AM EDT,2026-10-21,07:49 AM,2026-10-21 06:13:00 AM EDT,2026-10-21,,2026-10-21:VALID (start 2026-10-21 04:41:00 AM EDT < Arunodaya 2026-10-21 06:13:00 AM EDT),2026-10-21,07:49 AM,2026-10-21 06:13:00 AM EDT,2026-10-22,Shatabhisha,2026-10-22 11:14:00 AM EDT,2026-10-20,2026-10-23,2026-10-20 | 2026-10-21 | 2026-10-22 | 2026-10-23,4,COMPLETE,,,Normal Ekadashi,NORMAL,Ekadashi began before Arunodaya and has one valid Ekadashi sunrise. No two-day exception is triggered.,2026-10-21:VALID (start 2026-10-21 04:41:00 AM EDT < Arunodaya 2026-10-21 06:13:00 AM EDT),2026-10-21,,2026-10-22,DWADASHI,APARAHNA,2026-10-22 02:21:12 PM EDT,2026-10-22 04:31:36 PM EDT,Pratah is unavailable; Madhyahna is skipped and Aparahna is used.
Cincinnati,Ohio,United States,America/New_York,geoname:4508722,4508722,Papankusha Ekadashi,2026-10-22,"Papankusha Ekadashi - Cincinnati. Dashami ends and Ekadashi begins on 2026-10-21 04:41:00 AM EDT. On 21-Oct-26, Sooryodaya is 07:54 AM and Arunodaya is 06:18 AM. Ekadashi is present at sunrise and had begun before Arunodaya, so this is a valid Ekadashi sunrise. Ekadashi ends on 2026-10-22 05:17:00 AM EDT and does not remain through another sunrise. Ekadashi ends and Dwadashi begins on 2026-10-22 05:17:00 AM EDT. Dwadashi is present at Sooryodaya on 22-Oct-26 (Sooryodaya 07:55 AM). Dwadashi ends and Trayodashi begins on 2026-10-23 05:05:00 AM EDT. Therefore the Upavaasa is observed on 21-Oct-26. For Parana on 22-Oct-26, Sooryodaya is 07:55 AM, Pratah Kala ends at 10:06 AM, Dwadashi ends at 2026-10-23 05:05:00 AM EDT, and Hari Vasara ends at 2026-10-22 11:14:00 AM EDT. Hari Vasara does not clear within the usable Pratah window, so Pratah is missed. Madhyahna is skipped. Aparahna runs from 02:27 PM to 04:38 PM. Hari Vasara has already ended before Aparahna begins, so Parana starts at Aparahna start (02:27 PM). Aparahna ends at 04:38 PM, before Dwadashi ends; therefore Aparahna end is the limiting end time. Hence Parana is 02:27 PM to 04:38 PM.",2026-10-20:Dashami | 2026-10-21:Ekadashi | 2026-10-22:Dwadashi | 2026-10-23:Trayodashi,2026-10-20:Shravana | 2026-10-21:Dhanishtha | 2026-10-22:Shatabhisha | 2026-10-23:Purva Bhadrapada,2026-10-21 04:41:00 AM EDT,2026-10-22 05:17:00 AM EDT,2026-10-23 05:05:00 AM EDT,2026-10-21,07:54 AM,2026-10-21 06:18:00 AM EDT,2026-10-21,,2026-10-21:VALID (start 2026-10-21 04:41:00 AM EDT < Arunodaya 2026-10-21 06:18:00 AM EDT),2026-10-21,07:54 AM,2026-10-21 06:18:00 AM EDT,2026-10-22,Shatabhisha,2026-10-22 11:14:00 AM EDT,2026-10-20,2026-10-23,2026-10-20 | 2026-10-21 | 2026-10-22 | 2026-10-23,4,COMPLETE,,,Normal Ekadashi,NORMAL,Ekadashi began before Arunodaya and has one valid Ekadashi sunrise. No two-day exception is triggered.,2026-10-21:VALID (start 2026-10-21 04:41:00 AM EDT < Arunodaya 2026-10-21 06:18:00 AM EDT),2026-10-21,,2026-10-22,DWADASHI,APARAHNA,2026-10-22 02:27:24 PM EDT,2026-10-22 04:38:12 PM EDT,Pratah is unavailable; Madhyahna is skipped and Aparahna is used.
Knoxville,Tennessee,United States,America/New_York,geoname:4634946,4634946,Papankusha Ekadashi,2026-10-22,"Papankusha Ekadashi - Knoxville. Dashami ends and Ekadashi begins on 2026-10-21 04:41:00 AM EDT. On 21-Oct-26, Sooryodaya is 07:48 AM and Arunodaya is 06:12 AM. Ekadashi is present at sunrise and had begun before Arunodaya, so this is a valid Ekadashi sunrise. Ekadashi ends on 2026-10-22 05:17:00 AM EDT and does not remain through another sunrise. Ekadashi ends and Dwadashi begins on 2026-10-22 05:17:00 AM EDT. Dwadashi is present at Sooryodaya on 22-Oct-26 (Sooryodaya 07:49 AM). Dwadashi ends and Trayodashi begins on 2026-10-23 05:05:00 AM EDT. Therefore the Upavaasa is observed on 21-Oct-26. For Parana on 22-Oct-26, Sooryodaya is 07:49 AM, Pratah Kala ends at 10:01 AM, Dwadashi ends at 2026-10-23 05:05:00 AM EDT, and Hari Vasara ends at 2026-10-22 11:14:00 AM EDT. Hari Vasara does not clear within the usable Pratah window, so Pratah is missed. Madhyahna is skipped. Aparahna runs from 02:26 PM to 04:39 PM. Hari Vasara has already ended before Aparahna begins, so Parana starts at Aparahna start (02:26 PM). Aparahna ends at 04:39 PM, before Dwadashi ends; therefore Aparahna end is the limiting end time. Hence Parana is 02:26 PM to 04:39 PM.",2026-10-20:Dashami | 2026-10-21:Ekadashi | 2026-10-22:Dwadashi | 2026-10-23:Trayodashi,2026-10-20:Shravana | 2026-10-21:Dhanishtha | 2026-10-22:Shatabhisha | 2026-10-23:Purva Bhadrapada,2026-10-21 04:41:00 AM EDT,2026-10-22 05:17:00 AM EDT,2026-10-23 05:05:00 AM EDT,2026-10-21,07:48 AM,2026-10-21 06:12:00 AM EDT,2026-10-21,,2026-10-21:VALID (start 2026-10-21 04:41:00 AM EDT < Arunodaya 2026-10-21 06:12:00 AM EDT),2026-10-21,07:48 AM,2026-10-21 06:12:00 AM EDT,2026-10-22,Shatabhisha,2026-10-22 11:14:00 AM EDT,2026-10-20,2026-10-23,2026-10-20 | 2026-10-21 | 2026-10-22 | 2026-10-23,4,COMPLETE,,,Normal Ekadashi,NORMAL,Ekadashi began before Arunodaya and has one valid Ekadashi sunrise. No two-day exception is triggered.,2026-10-21:VALID (start 2026-10-21 04:41:00 AM EDT < Arunodaya 2026-10-21 06:12:00 AM EDT),2026-10-21,,2026-10-22,DWADASHI,APARAHNA,2026-10-22 02:26:12 PM EDT,2026-10-22 04:38:36 PM EDT,Pratah is unavailable; Madhyahna is skipped and Aparahna is used.
Nashville,Tennessee,United States,America/Chicago,geoname:4644585,4644585,Papankusha Ekadashi,2026-10-22,"Papankusha Ekadashi - Nashville. Dashami ends and Ekadashi begins on 2026-10-21 03:41:00 AM CDT. On 21-Oct-26, Sooryodaya is 07:00 AM and Arunodaya is 05:24 AM. Ekadashi is present at sunrise and had begun before Arunodaya, so this is a valid Ekadashi sunrise. Ekadashi ends on 2026-10-22 04:17:00 AM CDT and does not remain through another sunrise. Ekadashi ends and Dwadashi begins on 2026-10-22 04:17:00 AM CDT. Dwadashi is present at Sooryodaya on 22-Oct-26 (Sooryodaya 07:01 AM). Dwadashi ends and Trayodashi begins on 2026-10-23 04:05:00 AM CDT. Therefore the Upavaasa is observed on 21-Oct-26. For Parana on 22-Oct-26, Sooryodaya is 07:01 AM, Pratah Kala ends at 09:13 AM, Dwadashi ends at 2026-10-23 04:05:00 AM CDT, and Hari Vasara ends at 2026-10-22 10:14:00 AM CDT. Hari Vasara does not clear within the usable Pratah window, so Pratah is missed. Madhyahna is skipped. Aparahna runs from 01:38 PM to 03:50 PM. Hari Vasara has already ended before Aparahna begins, so Parana starts at Aparahna start (01:38 PM). Aparahna ends at 03:50 PM, before Dwadashi ends; therefore Aparahna end is the limiting end time. Hence Parana is 01:38 PM to 03:50 PM.",2026-10-20:Dashami | 2026-10-21:Ekadashi | 2026-10-22:Dwadashi | 2026-10-23:Trayodashi,2026-10-20:Shravana | 2026-10-21:Dhanishtha | 2026-10-22:Shatabhisha | 2026-10-23:Purva Bhadrapada,2026-10-21 03:41:00 AM CDT,2026-10-22 04:17:00 AM CDT,2026-10-23 04:05:00 AM CDT,2026-10-21,07:00 AM,2026-10-21 05:24:00 AM CDT,2026-10-21,,2026-10-21:VALID (start 2026-10-21 03:41:00 AM CDT < Arunodaya 2026-10-21 05:24:00 AM CDT),2026-10-21,07:00 AM,2026-10-21 05:24:00 AM CDT,2026-10-22,Shatabhisha,2026-10-22 10:14:00 AM CDT,2026-10-20,2026-10-23,2026-10-20 | 2026-10-21 | 2026-10-22 | 2026-10-23,4,COMPLETE,,,Normal Ekadashi,NORMAL,Ekadashi began before Arunodaya and has one valid Ekadashi sunrise. No two-day exception is triggered.,2026-10-21:VALID (start 2026-10-21 03:41:00 AM CDT < Arunodaya 2026-10-21 05:24:00 AM CDT),2026-10-21,,2026-10-22,DWADASHI,APARAHNA,2026-10-22 01:37:36 PM CDT,2026-10-22 03:49:48 PM CDT,Pratah is unavailable; Madhyahna is skipped and Aparahna is used.
Placentia,California,United States,America/Los_Angeles,geoname:5383527,5383527,Papankusha Ekadashi,2026-10-22,"Papankusha Ekadashi - Placentia. Dashami ends and Ekadashi begins on 2026-10-21 01:41:00 AM PDT. On 21-Oct-26, Sooryodaya is 07:02 AM and Arunodaya is 05:26 AM. Ekadashi is present at sunrise and had begun before Arunodaya, so this is a valid Ekadashi sunrise. Ekadashi ends on 2026-10-22 02:17:00 AM PDT and does not remain through another sunrise. Ekadashi ends and Dwadashi begins on 2026-10-22 02:17:00 AM PDT. Dwadashi is present at Sooryodaya on 22-Oct-26 (Sooryodaya 07:02 AM). Dwadashi ends and Trayodashi begins on 2026-10-23 02:05:00 AM PDT. Therefore the Upavaasa is observed on 21-Oct-26. For Parana on 22-Oct-26, Sooryodaya is 07:02 AM, Pratah Kala ends at 09:15 AM, Dwadashi ends at 2026-10-23 02:05:00 AM PDT, and Hari Vasara ends at 2026-10-22 08:14:00 AM PDT. Hari Vasara ends after Sooryodaya, at 08:14 AM, but still within Pratah Kala. Therefore Parana cannot start at sunrise and starts at Hari Vasara end (08:14 AM). Pratah Kala ends at 09:15 AM, before Dwadashi ends; therefore Pratah Kala end is the limiting end time. Hence Parana is 08:14 AM to 09:15 AM.",2026-10-20:Dashami | 2026-10-21:Ekadashi | 2026-10-22:Dwadashi | 2026-10-23:Trayodashi,2026-10-20:Dhanishtha | 2026-10-21:Dhanishtha | 2026-10-22:Shatabhisha | 2026-10-23:Purva Bhadrapada,2026-10-21 01:41:00 AM PDT,2026-10-22 02:17:00 AM PDT,2026-10-23 02:05:00 AM PDT,2026-10-21,07:02 AM,2026-10-21 05:26:00 AM PDT,2026-10-21,,2026-10-21:VALID (start 2026-10-21 01:41:00 AM PDT < Arunodaya 2026-10-21 05:26:00 AM PDT),2026-10-21,07:02 AM,2026-10-21 05:26:00 AM PDT,2026-10-22,Shatabhisha,2026-10-22 08:14:00 AM PDT,2026-10-20,2026-10-23,2026-10-20 | 2026-10-21 | 2026-10-22 | 2026-10-23,4,COMPLETE,,,Normal Ekadashi,NORMAL,Ekadashi began before Arunodaya and has one valid Ekadashi sunrise. No two-day exception is triggered.,2026-10-21:VALID (start 2026-10-21 01:41:00 AM PDT < Arunodaya 2026-10-21 05:26:00 AM PDT),2026-10-21,,2026-10-22,DWADASHI,PRATAH,2026-10-22 08:14:00 AM PDT,2026-10-22 09:15:24 AM PDT,Hari Vasara ends during Pratah; Parana begins after Hari Vasara and ends at Pratah end.
Atlanta,Georgia,United States,America/New_York,geoname:4180439,4180439,Papankusha Ekadashi,2026-10-22,"Papankusha Ekadashi - Atlanta. Dashami ends and Ekadashi begins on 2026-10-21 04:41:00 AM EDT. On 21-Oct-26, Sooryodaya is 07:47 AM and Arunodaya is 06:11 AM. Ekadashi is present at sunrise and had begun before Arunodaya, so this is a valid Ekadashi sunrise. Ekadashi ends on 2026-10-22 05:17:00 AM EDT and does not remain through another sunrise. Ekadashi ends and Dwadashi begins on 2026-10-22 05:17:00 AM EDT. Dwadashi is present at Sooryodaya on 22-Oct-26 (Sooryodaya 07:48 AM). Dwadashi ends and Trayodashi begins on 2026-10-23 05:05:00 AM EDT. Therefore the Upavaasa is observed on 21-Oct-26. For Parana on 22-Oct-26, Sooryodaya is 07:48 AM, Pratah Kala ends at 10:01 AM, Dwadashi ends at 2026-10-23 05:05:00 AM EDT, and Hari Vasara ends at 2026-10-22 11:14:00 AM EDT. Hari Vasara does not clear within the usable Pratah window, so Pratah is missed. Madhyahna is skipped. Aparahna runs from 02:28 PM to 04:42 PM. Hari Vasara has already ended before Aparahna begins, so Parana starts at Aparahna start (02:28 PM). Aparahna ends at 04:42 PM, before Dwadashi ends; therefore Aparahna end is the limiting end time. Hence Parana is 02:28 PM to 04:42 PM.",2026-10-20:Dashami | 2026-10-21:Ekadashi | 2026-10-22:Dwadashi | 2026-10-23:Trayodashi,2026-10-20:Shravana | 2026-10-21:Dhanishtha | 2026-10-22:Shatabhisha | 2026-10-23:Purva Bhadrapada,2026-10-21 04:41:00 AM EDT,2026-10-22 05:17:00 AM EDT,2026-10-23 05:05:00 AM EDT,2026-10-21,07:47 AM,2026-10-21 06:11:00 AM EDT,2026-10-21,,2026-10-21:VALID (start 2026-10-21 04:41:00 AM EDT < Arunodaya 2026-10-21 06:11:00 AM EDT),2026-10-21,07:47 AM,2026-10-21 06:11:00 AM EDT,2026-10-22,Shatabhisha,2026-10-22 11:14:00 AM EDT,2026-10-20,2026-10-23,2026-10-20 | 2026-10-21 | 2026-10-22 | 2026-10-23,4,COMPLETE,,,Normal Ekadashi,NORMAL,Ekadashi began before Arunodaya and has one valid Ekadashi sunrise. No two-day exception is triggered.,2026-10-21:VALID (start 2026-10-21 04:41:00 AM EDT < Arunodaya 2026-10-21 06:11:00 AM EDT),2026-10-21,,2026-10-22,DWADASHI,APARAHNA,2026-10-22 02:28:12 PM EDT,2026-10-22 04:41:36 PM EDT,Pratah is unavailable; Madhyahna is skipped and Aparahna is used.
Chennai,Tamil Nadu,India,Asia/Kolkata,geoname:1264527,1264527,Papankusha Ekadashi,2026-10-22,"Papankusha Ekadashi - Chennai. Dashami ends and Ekadashi begins on 2026-10-21 02:11:00 PM IST. On 22-Oct-26, Sooryodaya is 06:00 AM and Arunodaya is 04:24 AM. Ekadashi is present at sunrise and had begun before Arunodaya, so this is a valid Ekadashi sunrise. Ekadashi ends on 2026-10-22 02:47:00 PM IST and does not remain through another sunrise. Ekadashi ends and Dwadashi begins on 2026-10-22 02:47:00 PM IST. Dwadashi is present at Sooryodaya on 23-Oct-26 (Sooryodaya 06:00 AM). Dwadashi ends and Trayodashi begins on 2026-10-23 02:35:00 PM IST. Therefore the Upavaasa is observed on 22-Oct-26. For Parana on 23-Oct-26, Sooryodaya is 06:00 AM, Pratah Kala ends at 08:21 AM, Dwadashi ends at 2026-10-23 02:35:00 PM IST, and Hari Vasara ends at 2026-10-22 08:44:00 PM IST. Hari Vasara ends before Sooryodaya, so there is no Hari-Vasara delay; Parana starts at Sooryodaya (06:00 AM). Pratah Kala ends at 08:21 AM, before Dwadashi ends; therefore Pratah Kala end is the limiting end time. Hence Parana is 06:00 AM to 08:21 AM.",2026-10-21:Dashami | 2026-10-22:Ekadashi | 2026-10-23:Dwadashi,2026-10-21:Dhanishtha | 2026-10-22:Shatabhisha | 2026-10-23:Purva Bhadrapada,2026-10-21 02:11:00 PM IST,2026-10-22 02:47:00 PM IST,2026-10-23 02:35:00 PM IST,2026-10-22,06:00 AM,2026-10-22 04:24:00 AM IST,2026-10-22,,2026-10-22:VALID (start 2026-10-21 02:11:00 PM IST < Arunodaya 2026-10-22 04:24:00 AM IST),2026-10-22,06:00 AM,2026-10-22 04:24:00 AM IST,2026-10-23,Purva Bhadrapada,2026-10-22 08:44:00 PM IST,2026-10-21,2026-10-23,2026-10-21 | 2026-10-22 | 2026-10-23,3,COMPLETE,,,Normal Ekadashi,NORMAL,Ekadashi began before Arunodaya and has one valid Ekadashi sunrise. No two-day exception is triggered.,2026-10-22:VALID (start 2026-10-21 02:11:00 PM IST < Arunodaya 2026-10-22 04:24:00 AM IST),2026-10-22,,2026-10-23,DWADASHI,PRATAH,2026-10-23 06:00:00 AM IST,2026-10-23 08:21:12 AM IST,Hari Vasara ended before Parana-day sunrise; Parana is sunrise to Pratah end.
Thiruvananthapuram,Kerala,India,Asia/Kolkata,geoname:1254163,1254163,Papankusha Ekadashi,2026-10-22,"Papankusha Ekadashi - Thiruvananthapuram. Dashami ends and Ekadashi begins on 2026-10-21 02:11:00 PM IST. On 22-Oct-26, Sooryodaya is 06:10 AM and Arunodaya is 04:34 AM. Ekadashi is present at sunrise and had begun before Arunodaya, so this is a valid Ekadashi sunrise. Ekadashi ends on 2026-10-22 02:47:00 PM IST and does not remain through another sunrise. Ekadashi ends and Dwadashi begins on 2026-10-22 02:47:00 PM IST. Dwadashi is present at Sooryodaya on 23-Oct-26 (Sooryodaya 06:10 AM). Dwadashi ends and Trayodashi begins on 2026-10-23 02:35:00 PM IST. Therefore the Upavaasa is observed on 22-Oct-26. For Parana on 23-Oct-26, Sooryodaya is 06:10 AM, Pratah Kala ends at 08:33 AM, Dwadashi ends at 2026-10-23 02:35:00 PM IST, and Hari Vasara ends at 2026-10-22 08:44:00 PM IST. Hari Vasara ends before Sooryodaya, so there is no Hari-Vasara delay; Parana starts at Sooryodaya (06:10 AM). Pratah Kala ends at 08:33 AM, before Dwadashi ends; therefore Pratah Kala end is the limiting end time. Hence Parana is 06:10 AM to 08:33 AM.",2026-10-21:Dashami | 2026-10-22:Ekadashi | 2026-10-23:Dwadashi,2026-10-21:Dhanishtha | 2026-10-22:Shatabhisha | 2026-10-23:Purva Bhadrapada,2026-10-21 02:11:00 PM IST,2026-10-22 02:47:00 PM IST,2026-10-23 02:35:00 PM IST,2026-10-22,06:10 AM,2026-10-22 04:34:00 AM IST,2026-10-22,,2026-10-22:VALID (start 2026-10-21 02:11:00 PM IST < Arunodaya 2026-10-22 04:34:00 AM IST),2026-10-22,06:10 AM,2026-10-22 04:34:00 AM IST,2026-10-23,Purva Bhadrapada,2026-10-22 08:44:00 PM IST,2026-10-21,2026-10-23,2026-10-21 | 2026-10-22 | 2026-10-23,3,COMPLETE,,,Normal Ekadashi,NORMAL,Ekadashi began before Arunodaya and has one valid Ekadashi sunrise. No two-day exception is triggered.,2026-10-22:VALID (start 2026-10-21 02:11:00 PM IST < Arunodaya 2026-10-22 04:34:00 AM IST),2026-10-22,,2026-10-23,DWADASHI,PRATAH,2026-10-23 06:10:00 AM IST,2026-10-23 08:32:36 AM IST,Hari Vasara ended before Parana-day sunrise; Parana is sunrise to Pratah end.
Mumbai,Maharashtra,India,Asia/Kolkata,geoname:1275339,1275339,Papankusha Ekadashi,2026-10-22,"Papankusha Ekadashi - Mumbai. Dashami ends and Ekadashi begins on 2026-10-21 02:11:00 PM IST. On 22-Oct-26, Sooryodaya is 06:35 AM and Arunodaya is 04:59 AM. Ekadashi is present at sunrise and had begun before Arunodaya, so this is a valid Ekadashi sunrise. Ekadashi ends on 2026-10-22 02:47:00 PM IST and does not remain through another sunrise. Ekadashi ends and Dwadashi begins on 2026-10-22 02:47:00 PM IST. Dwadashi is present at Sooryodaya on 23-Oct-26 (Sooryodaya 06:35 AM). Dwadashi ends and Trayodashi begins on 2026-10-23 02:35:00 PM IST. Therefore the Upavaasa is observed on 22-Oct-26. For Parana on 23-Oct-26, Sooryodaya is 06:35 AM, Pratah Kala ends at 08:54 AM, Dwadashi ends at 2026-10-23 02:35:00 PM IST, and Hari Vasara ends at 2026-10-22 08:44:00 PM IST. Hari Vasara ends before Sooryodaya, so there is no Hari-Vasara delay; Parana starts at Sooryodaya (06:35 AM). Pratah Kala ends at 08:54 AM, before Dwadashi ends; therefore Pratah Kala end is the limiting end time. Hence Parana is 06:35 AM to 08:54 AM.",2026-10-21:Dashami | 2026-10-22:Ekadashi | 2026-10-23:Dwadashi,2026-10-21:Dhanishtha | 2026-10-22:Shatabhisha | 2026-10-23:Purva Bhadrapada,2026-10-21 02:11:00 PM IST,2026-10-22 02:47:00 PM IST,2026-10-23 02:35:00 PM IST,2026-10-22,06:35 AM,2026-10-22 04:59:00 AM IST,2026-10-22,,2026-10-22:VALID (start 2026-10-21 02:11:00 PM IST < Arunodaya 2026-10-22 04:59:00 AM IST),2026-10-22,06:35 AM,2026-10-22 04:59:00 AM IST,2026-10-23,Purva Bhadrapada,2026-10-22 08:44:00 PM IST,2026-10-21,2026-10-23,2026-10-21 | 2026-10-22 | 2026-10-23,3,COMPLETE,,,Normal Ekadashi,NORMAL,Ekadashi began before Arunodaya and has one valid Ekadashi sunrise. No two-day exception is triggered.,2026-10-22:VALID (start 2026-10-21 02:11:00 PM IST < Arunodaya 2026-10-22 04:59:00 AM IST),2026-10-22,,2026-10-23,DWADASHI,PRATAH,2026-10-23 06:35:00 AM IST,2026-10-23 08:54:00 AM IST,Hari Vasara ended before Parana-day sunrise; Parana is sunrise to Pratah end.
Kolkata,West Bengal,India,Asia/Kolkata,geoname:1275004,1275004,Papankusha Ekadashi,2026-10-22,"Papankusha Ekadashi - Kolkata. Dashami ends and Ekadashi begins on 2026-10-21 02:11:00 PM IST. On 22-Oct-26, Sooryodaya is 05:36 AM and Arunodaya is 04:00 AM. Ekadashi is present at sunrise and had begun before Arunodaya, so this is a valid Ekadashi sunrise. Ekadashi ends on 2026-10-22 02:47:00 PM IST and does not remain through another sunrise. Ekadashi ends and Dwadashi begins on 2026-10-22 02:47:00 PM IST. Dwadashi is present at Sooryodaya on 23-Oct-26 (Sooryodaya 05:36 AM). Dwadashi ends and Trayodashi begins on 2026-10-23 02:35:00 PM IST. Therefore the Upavaasa is observed on 22-Oct-26. For Parana on 23-Oct-26, Sooryodaya is 05:36 AM, Pratah Kala ends at 07:54 AM, Dwadashi ends at 2026-10-23 02:35:00 PM IST, and Hari Vasara ends at 2026-10-22 08:44:00 PM IST. Hari Vasara ends before Sooryodaya, so there is no Hari-Vasara delay; Parana starts at Sooryodaya (05:36 AM). Pratah Kala ends at 07:54 AM, before Dwadashi ends; therefore Pratah Kala end is the limiting end time. Hence Parana is 05:36 AM to 07:54 AM.",2026-10-21:Dashami | 2026-10-22:Ekadashi | 2026-10-23:Dwadashi,2026-10-21:Dhanishtha | 2026-10-22:Shatabhisha | 2026-10-23:Purva Bhadrapada,2026-10-21 02:11:00 PM IST,2026-10-22 02:47:00 PM IST,2026-10-23 02:35:00 PM IST,2026-10-22,05:36 AM,2026-10-22 04:00:00 AM IST,2026-10-22,,2026-10-22:VALID (start 2026-10-21 02:11:00 PM IST < Arunodaya 2026-10-22 04:00:00 AM IST),2026-10-22,05:36 AM,2026-10-22 04:00:00 AM IST,2026-10-23,Purva Bhadrapada,2026-10-22 08:44:00 PM IST,2026-10-21,2026-10-23,2026-10-21 | 2026-10-22 | 2026-10-23,3,COMPLETE,,,Normal Ekadashi,NORMAL,Ekadashi began before Arunodaya and has one valid Ekadashi sunrise. No two-day exception is triggered.,2026-10-22:VALID (start 2026-10-21 02:11:00 PM IST < Arunodaya 2026-10-22 04:00:00 AM IST),2026-10-22,,2026-10-23,DWADASHI,PRATAH,2026-10-23 05:36:00 AM IST,2026-10-23 07:53:48 AM IST,Hari Vasara ended before Parana-day sunrise; Parana is sunrise to Pratah end.
Bhubaneswar,Odisha,India,Asia/Kolkata,geoname:1275817,1275817,Papankusha Ekadashi,2026-10-22,"Papankusha Ekadashi - Bhubaneswar. Dashami ends and Ekadashi begins on 2026-10-21 02:11:00 PM IST. On 22-Oct-26, Sooryodaya is 05:44 AM and Arunodaya is 04:08 AM. Ekadashi is present at sunrise and had begun before Arunodaya, so this is a valid Ekadashi sunrise. Ekadashi ends on 2026-10-22 02:47:00 PM IST and does not remain through another sunrise. Ekadashi ends and Dwadashi begins on 2026-10-22 02:47:00 PM IST. Dwadashi is present at Sooryodaya on 23-Oct-26 (Sooryodaya 05:44 AM). Dwadashi ends and Trayodashi begins on 2026-10-23 02:35:00 PM IST. Therefore the Upavaasa is observed on 22-Oct-26. For Parana on 23-Oct-26, Sooryodaya is 05:44 AM, Pratah Kala ends at 08:03 AM, Dwadashi ends at 2026-10-23 02:35:00 PM IST, and Hari Vasara ends at 2026-10-22 08:44:00 PM IST. Hari Vasara ends before Sooryodaya, so there is no Hari-Vasara delay; Parana starts at Sooryodaya (05:44 AM). Pratah Kala ends at 08:03 AM, before Dwadashi ends; therefore Pratah Kala end is the limiting end time. Hence Parana is 05:44 AM to 08:03 AM.",2026-10-21:Dashami | 2026-10-22:Ekadashi | 2026-10-23:Dwadashi,2026-10-21:Dhanishtha | 2026-10-22:Shatabhisha | 2026-10-23:Purva Bhadrapada,2026-10-21 02:11:00 PM IST,2026-10-22 02:47:00 PM IST,2026-10-23 02:35:00 PM IST,2026-10-22,05:44 AM,2026-10-22 04:08:00 AM IST,2026-10-22,,2026-10-22:VALID (start 2026-10-21 02:11:00 PM IST < Arunodaya 2026-10-22 04:08:00 AM IST),2026-10-22,05:44 AM,2026-10-22 04:08:00 AM IST,2026-10-23,Purva Bhadrapada,2026-10-22 08:44:00 PM IST,2026-10-21,2026-10-23,2026-10-21 | 2026-10-22 | 2026-10-23,3,COMPLETE,,,Normal Ekadashi,NORMAL,Ekadashi began before Arunodaya and has one valid Ekadashi sunrise. No two-day exception is triggered.,2026-10-22:VALID (start 2026-10-21 02:11:00 PM IST < Arunodaya 2026-10-22 04:08:00 AM IST),2026-10-22,,2026-10-23,DWADASHI,PRATAH,2026-10-23 05:44:00 AM IST,2026-10-23 08:02:36 AM IST,Hari Vasara ended before Parana-day sunrise; Parana is sunrise to Pratah end.
Tirupati,Andhra Pradesh,India,Asia/Kolkata,geoname:1254360,1254360,Papankusha Ekadashi,2026-10-22,"Papankusha Ekadashi - Tirupati. Dashami ends and Ekadashi begins on 2026-10-21 02:11:00 PM IST. On 22-Oct-26, Sooryodaya is 06:04 AM and Arunodaya is 04:28 AM. Ekadashi is present at sunrise and had begun before Arunodaya, so this is a valid Ekadashi sunrise. Ekadashi ends on 2026-10-22 02:47:00 PM IST and does not remain through another sunrise. Ekadashi ends and Dwadashi begins on 2026-10-22 02:47:00 PM IST. Dwadashi is present at Sooryodaya on 23-Oct-26 (Sooryodaya 06:04 AM). Dwadashi ends and Trayodashi begins on 2026-10-23 02:35:00 PM IST. Therefore the Upavaasa is observed on 22-Oct-26. For Parana on 23-Oct-26, Sooryodaya is 06:04 AM, Pratah Kala ends at 08:25 AM, Dwadashi ends at 2026-10-23 02:35:00 PM IST, and Hari Vasara ends at 2026-10-22 08:44:00 PM IST. Hari Vasara ends before Sooryodaya, so there is no Hari-Vasara delay; Parana starts at Sooryodaya (06:04 AM). Pratah Kala ends at 08:25 AM, before Dwadashi ends; therefore Pratah Kala end is the limiting end time. Hence Parana is 06:04 AM to 08:25 AM.",2026-10-21:Dashami | 2026-10-22:Ekadashi | 2026-10-23:Dwadashi,2026-10-21:Dhanishtha | 2026-10-22:Shatabhisha | 2026-10-23:Purva Bhadrapada,2026-10-21 02:11:00 PM IST,2026-10-22 02:47:00 PM IST,2026-10-23 02:35:00 PM IST,2026-10-22,06:04 AM,2026-10-22 04:28:00 AM IST,2026-10-22,,2026-10-22:VALID (start 2026-10-21 02:11:00 PM IST < Arunodaya 2026-10-22 04:28:00 AM IST),2026-10-22,06:04 AM,2026-10-22 04:28:00 AM IST,2026-10-23,Purva Bhadrapada,2026-10-22 08:44:00 PM IST,2026-10-21,2026-10-23,2026-10-21 | 2026-10-22 | 2026-10-23,3,COMPLETE,,,Normal Ekadashi,NORMAL,Ekadashi began before Arunodaya and has one valid Ekadashi sunrise. No two-day exception is triggered.,2026-10-22:VALID (start 2026-10-21 02:11:00 PM IST < Arunodaya 2026-10-22 04:28:00 AM IST),2026-10-22,,2026-10-23,DWADASHI,PRATAH,2026-10-23 06:04:00 AM IST,2026-10-23 08:25:00 AM IST,Hari Vasara ended before Parana-day sunrise; Parana is sunrise to Pratah end.
Bhopal,Madhya Pradesh,India,Asia/Kolkata,geoname:1275841,1275841,Papankusha Ekadashi,2026-10-22,"Papankusha Ekadashi - Bhopal. Dashami ends and Ekadashi begins on 2026-10-21 02:11:00 PM IST. On 22-Oct-26, Sooryodaya is 06:20 AM and Arunodaya is 04:44 AM. Ekadashi is present at sunrise and had begun before Arunodaya, so this is a valid Ekadashi sunrise. Ekadashi ends on 2026-10-22 02:47:00 PM IST and does not remain through another sunrise. Ekadashi ends and Dwadashi begins on 2026-10-22 02:47:00 PM IST. Dwadashi is present at Sooryodaya on 23-Oct-26 (Sooryodaya 06:21 AM). Dwadashi ends and Trayodashi begins on 2026-10-23 02:35:00 PM IST. Therefore the Upavaasa is observed on 22-Oct-26. For Parana on 23-Oct-26, Sooryodaya is 06:21 AM, Pratah Kala ends at 08:38 AM, Dwadashi ends at 2026-10-23 02:35:00 PM IST, and Hari Vasara ends at 2026-10-22 08:44:00 PM IST. Hari Vasara ends before Sooryodaya, so there is no Hari-Vasara delay; Parana starts at Sooryodaya (06:21 AM). Pratah Kala ends at 08:38 AM, before Dwadashi ends; therefore Pratah Kala end is the limiting end time. Hence Parana is 06:21 AM to 08:38 AM.",2026-10-21:Dashami | 2026-10-22:Ekadashi | 2026-10-23:Dwadashi,2026-10-21:Dhanishtha | 2026-10-22:Shatabhisha | 2026-10-23:Purva Bhadrapada,2026-10-21 02:11:00 PM IST,2026-10-22 02:47:00 PM IST,2026-10-23 02:35:00 PM IST,2026-10-22,06:20 AM,2026-10-22 04:44:00 AM IST,2026-10-22,,2026-10-22:VALID (start 2026-10-21 02:11:00 PM IST < Arunodaya 2026-10-22 04:44:00 AM IST),2026-10-22,06:20 AM,2026-10-22 04:44:00 AM IST,2026-10-23,Purva Bhadrapada,2026-10-22 08:44:00 PM IST,2026-10-21,2026-10-23,2026-10-21 | 2026-10-22 | 2026-10-23,3,COMPLETE,,,Normal Ekadashi,NORMAL,Ekadashi began before Arunodaya and has one valid Ekadashi sunrise. No two-day exception is triggered.,2026-10-22:VALID (start 2026-10-21 02:11:00 PM IST < Arunodaya 2026-10-22 04:44:00 AM IST),2026-10-22,,2026-10-23,DWADASHI,PRATAH,2026-10-23 06:21:00 AM IST,2026-10-23 08:38:24 AM IST,Hari Vasara ended before Parana-day sunrise; Parana is sunrise to Pratah end.
Varanasi,Uttar Pradesh,India,Asia/Kolkata,geoname:1253405,1253405,Papankusha Ekadashi,2026-10-22,"Papankusha Ekadashi - Varanasi. Dashami ends and Ekadashi begins on 2026-10-21 02:11:00 PM IST. On 22-Oct-26, Sooryodaya is 06:00 AM and Arunodaya is 04:24 AM. Ekadashi is present at sunrise and had begun before Arunodaya, so this is a valid Ekadashi sunrise. Ekadashi ends on 2026-10-22 02:47:00 PM IST and does not remain through another sunrise. Ekadashi ends and Dwadashi begins on 2026-10-22 02:47:00 PM IST. Dwadashi is present at Sooryodaya on 23-Oct-26 (Sooryodaya 06:00 AM). Dwadashi ends and Trayodashi begins on 2026-10-23 02:35:00 PM IST. Therefore the Upavaasa is observed on 22-Oct-26. For Parana on 23-Oct-26, Sooryodaya is 06:00 AM, Pratah Kala ends at 08:17 AM, Dwadashi ends at 2026-10-23 02:35:00 PM IST, and Hari Vasara ends at 2026-10-22 08:44:00 PM IST. Hari Vasara ends before Sooryodaya, so there is no Hari-Vasara delay; Parana starts at Sooryodaya (06:00 AM). Pratah Kala ends at 08:17 AM, before Dwadashi ends; therefore Pratah Kala end is the limiting end time. Hence Parana is 06:00 AM to 08:17 AM.",2026-10-21:Dashami | 2026-10-22:Ekadashi | 2026-10-23:Dwadashi,2026-10-21:Dhanishtha | 2026-10-22:Shatabhisha | 2026-10-23:Purva Bhadrapada,2026-10-21 02:11:00 PM IST,2026-10-22 02:47:00 PM IST,2026-10-23 02:35:00 PM IST,2026-10-22,06:00 AM,2026-10-22 04:24:00 AM IST,2026-10-22,,2026-10-22:VALID (start 2026-10-21 02:11:00 PM IST < Arunodaya 2026-10-22 04:24:00 AM IST),2026-10-22,06:00 AM,2026-10-22 04:24:00 AM IST,2026-10-23,Purva Bhadrapada,2026-10-22 08:44:00 PM IST,2026-10-21,2026-10-23,2026-10-21 | 2026-10-22 | 2026-10-23,3,COMPLETE,,,Normal Ekadashi,NORMAL,Ekadashi began before Arunodaya and has one valid Ekadashi sunrise. No two-day exception is triggered.,2026-10-22:VALID (start 2026-10-21 02:11:00 PM IST < Arunodaya 2026-10-22 04:24:00 AM IST),2026-10-22,,2026-10-23,DWADASHI,PRATAH,2026-10-23 06:00:00 AM IST,2026-10-23 08:16:48 AM IST,Hari Vasara ended before Parana-day sunrise; Parana is sunrise to Pratah end.
Prayagraj,Uttar Pradesh,India,Asia/Kolkata,geoname:1278994,1278994,Papankusha Ekadashi,2026-10-22,"Papankusha Ekadashi - Prayagraj. Dashami ends and Ekadashi begins on 2026-10-21 02:11:00 PM IST. On 22-Oct-26, Sooryodaya is 06:05 AM and Arunodaya is 04:29 AM. Ekadashi is present at sunrise and had begun before Arunodaya, so this is a valid Ekadashi sunrise. Ekadashi ends on 2026-10-22 02:47:00 PM IST and does not remain through another sunrise. Ekadashi ends and Dwadashi begins on 2026-10-22 02:47:00 PM IST. Dwadashi is present at Sooryodaya on 23-Oct-26 (Sooryodaya 06:05 AM). Dwadashi ends and Trayodashi begins on 2026-10-23 02:35:00 PM IST. Therefore the Upavaasa is observed on 22-Oct-26. For Parana on 23-Oct-26, Sooryodaya is 06:05 AM, Pratah Kala ends at 08:22 AM, Dwadashi ends at 2026-10-23 02:35:00 PM IST, and Hari Vasara ends at 2026-10-22 08:44:00 PM IST. Hari Vasara ends before Sooryodaya, so there is no Hari-Vasara delay; Parana starts at Sooryodaya (06:05 AM). Pratah Kala ends at 08:22 AM, before Dwadashi ends; therefore Pratah Kala end is the limiting end time. Hence Parana is 06:05 AM to 08:22 AM.",2026-10-21:Dashami | 2026-10-22:Ekadashi | 2026-10-23:Dwadashi,2026-10-21:Dhanishtha | 2026-10-22:Shatabhisha | 2026-10-23:Purva Bhadrapada,2026-10-21 02:11:00 PM IST,2026-10-22 02:47:00 PM IST,2026-10-23 02:35:00 PM IST,2026-10-22,06:05 AM,2026-10-22 04:29:00 AM IST,2026-10-22,,2026-10-22:VALID (start 2026-10-21 02:11:00 PM IST < Arunodaya 2026-10-22 04:29:00 AM IST),2026-10-22,06:05 AM,2026-10-22 04:29:00 AM IST,2026-10-23,Purva Bhadrapada,2026-10-22 08:44:00 PM IST,2026-10-21,2026-10-23,2026-10-21 | 2026-10-22 | 2026-10-23,3,COMPLETE,,,Normal Ekadashi,NORMAL,Ekadashi began before Arunodaya and has one valid Ekadashi sunrise. No two-day exception is triggered.,2026-10-22:VALID (start 2026-10-21 02:11:00 PM IST < Arunodaya 2026-10-22 04:29:00 AM IST),2026-10-22,,2026-10-23,DWADASHI,PRATAH,2026-10-23 06:05:00 AM IST,2026-10-23 08:21:36 AM IST,Hari Vasara ended before Parana-day sunrise; Parana is sunrise to Pratah end.
Lucknow,Uttar Pradesh,India,Asia/Kolkata,geoname:1264733,1264733,Papankusha Ekadashi,2026-10-22,"Papankusha Ekadashi - Lucknow. Dashami ends and Ekadashi begins on 2026-10-21 02:11:00 PM IST. On 22-Oct-26, Sooryodaya is 06:10 AM and Arunodaya is 04:34 AM. Ekadashi is present at sunrise and had begun before Arunodaya, so this is a valid Ekadashi sunrise. Ekadashi ends on 2026-10-22 02:47:00 PM IST and does not remain through another sunrise. Ekadashi ends and Dwadashi begins on 2026-10-22 02:47:00 PM IST. Dwadashi is present at Sooryodaya on 23-Oct-26 (Sooryodaya 06:10 AM). Dwadashi ends and Trayodashi begins on 2026-10-23 02:35:00 PM IST. Therefore the Upavaasa is observed on 22-Oct-26. For Parana on 23-Oct-26, Sooryodaya is 06:10 AM, Pratah Kala ends at 08:26 AM, Dwadashi ends at 2026-10-23 02:35:00 PM IST, and Hari Vasara ends at 2026-10-22 08:44:00 PM IST. Hari Vasara ends before Sooryodaya, so there is no Hari-Vasara delay; Parana starts at Sooryodaya (06:10 AM). Pratah Kala ends at 08:26 AM, before Dwadashi ends; therefore Pratah Kala end is the limiting end time. Hence Parana is 06:10 AM to 08:26 AM.",2026-10-21:Dashami | 2026-10-22:Ekadashi | 2026-10-23:Dwadashi,2026-10-21:Dhanishtha | 2026-10-22:Shatabhisha | 2026-10-23:Purva Bhadrapada,2026-10-21 02:11:00 PM IST,2026-10-22 02:47:00 PM IST,2026-10-23 02:35:00 PM IST,2026-10-22,06:10 AM,2026-10-22 04:34:00 AM IST,2026-10-22,,2026-10-22:VALID (start 2026-10-21 02:11:00 PM IST < Arunodaya 2026-10-22 04:34:00 AM IST),2026-10-22,06:10 AM,2026-10-22 04:34:00 AM IST,2026-10-23,Purva Bhadrapada,2026-10-22 08:44:00 PM IST,2026-10-21,2026-10-23,2026-10-21 | 2026-10-22 | 2026-10-23,3,COMPLETE,,,Normal Ekadashi,NORMAL,Ekadashi began before Arunodaya and has one valid Ekadashi sunrise. No two-day exception is triggered.,2026-10-22:VALID (start 2026-10-21 02:11:00 PM IST < Arunodaya 2026-10-22 04:34:00 AM IST),2026-10-22,,2026-10-23,DWADASHI,PRATAH,2026-10-23 06:10:00 AM IST,2026-10-23 08:26:12 AM IST,Hari Vasara ended before Parana-day sunrise; Parana is sunrise to Pratah end.
Srinagar,Jammu and Kashmir,India,Asia/Kolkata,geoname:1255634,1255634,Papankusha Ekadashi,2026-10-22,"Papankusha Ekadashi - Srinagar. Dashami ends and Ekadashi begins on 2026-10-21 02:11:00 PM IST. On 22-Oct-26, Sooryodaya is 06:41 AM and Arunodaya is 05:05 AM. Ekadashi is present at sunrise and had begun before Arunodaya, so this is a valid Ekadashi sunrise. Ekadashi ends on 2026-10-22 02:47:00 PM IST and does not remain through another sunrise. Ekadashi ends and Dwadashi begins on 2026-10-22 02:47:00 PM IST. Dwadashi is present at Sooryodaya on 23-Oct-26 (Sooryodaya 06:42 AM). Dwadashi ends and Trayodashi begins on 2026-10-23 02:35:00 PM IST. Therefore the Upavaasa is observed on 22-Oct-26. For Parana on 23-Oct-26, Sooryodaya is 06:42 AM, Pratah Kala ends at 08:55 AM, Dwadashi ends at 2026-10-23 02:35:00 PM IST, and Hari Vasara ends at 2026-10-22 08:44:00 PM IST. Hari Vasara ends before Sooryodaya, so there is no Hari-Vasara delay; Parana starts at Sooryodaya (06:42 AM). Pratah Kala ends at 08:55 AM, before Dwadashi ends; therefore Pratah Kala end is the limiting end time. Hence Parana is 06:42 AM to 08:55 AM.",2026-10-21:Dashami | 2026-10-22:Ekadashi | 2026-10-23:Dwadashi,2026-10-21:Dhanishtha | 2026-10-22:Shatabhisha | 2026-10-23:Purva Bhadrapada,2026-10-21 02:11:00 PM IST,2026-10-22 02:47:00 PM IST,2026-10-23 02:35:00 PM IST,2026-10-22,06:41 AM,2026-10-22 05:05:00 AM IST,2026-10-22,,2026-10-22:VALID (start 2026-10-21 02:11:00 PM IST < Arunodaya 2026-10-22 05:05:00 AM IST),2026-10-22,06:41 AM,2026-10-22 05:05:00 AM IST,2026-10-23,Purva Bhadrapada,2026-10-22 08:44:00 PM IST,2026-10-21,2026-10-23,2026-10-21 | 2026-10-22 | 2026-10-23,3,COMPLETE,,,Normal Ekadashi,NORMAL,Ekadashi began before Arunodaya and has one valid Ekadashi sunrise. No two-day exception is triggered.,2026-10-22:VALID (start 2026-10-21 02:11:00 PM IST < Arunodaya 2026-10-22 05:05:00 AM IST),2026-10-22,,2026-10-23,DWADASHI,PRATAH,2026-10-23 06:42:00 AM IST,2026-10-23 08:55:00 AM IST,Hari Vasara ended before Parana-day sunrise; Parana is sunrise to Pratah end.
Brisbane,Queensland,Australia,Australia/Brisbane,geoname:2174003,2174003,Papankusha Ekadashi,2026-10-22,"Papankusha Ekadashi - Brisbane. Dashami ends and Ekadashi begins on 2026-10-21 06:41:00 PM AEST. On 22-Oct-26, Sooryodaya is 05:06 AM and Arunodaya is 03:30 AM. Ekadashi is present at sunrise and had begun before Arunodaya, so this is a valid Ekadashi sunrise. Ekadashi ends on 2026-10-22 07:17:00 PM AEST and does not remain through another sunrise. Ekadashi ends and Dwadashi begins on 2026-10-22 07:17:00 PM AEST. Dwadashi is present at Sooryodaya on 23-Oct-26 (Sooryodaya 05:05 AM). Dwadashi ends and Trayodashi begins on 2026-10-23 07:05:00 PM AEST. Therefore the Upavaasa is observed on 22-Oct-26. For Parana on 23-Oct-26, Sooryodaya is 05:05 AM, Pratah Kala ends at 07:40 AM, Dwadashi ends at 2026-10-23 07:05:00 PM AEST, and Hari Vasara ends at 2026-10-23 01:14:00 AM AEST. Hari Vasara ends before Sooryodaya, so there is no Hari-Vasara delay; Parana starts at Sooryodaya (05:05 AM). Pratah Kala ends at 07:40 AM, before Dwadashi ends; therefore Pratah Kala end is the limiting end time. Hence Parana is 05:05 AM to 07:40 AM.",2026-10-21:Dashami | 2026-10-22:Ekadashi | 2026-10-23:Dwadashi,2026-10-21:Dhanishtha | 2026-10-22:Shatabhisha | 2026-10-23:Purva Bhadrapada,2026-10-21 06:41:00 PM AEST,2026-10-22 07:17:00 PM AEST,2026-10-23 07:05:00 PM AEST,2026-10-22,05:06 AM,2026-10-22 03:30:00 AM AEST,2026-10-22,,2026-10-22:VALID (start 2026-10-21 06:41:00 PM AEST < Arunodaya 2026-10-22 03:30:00 AM AEST),2026-10-22,05:06 AM,2026-10-22 03:30:00 AM AEST,2026-10-23,Purva Bhadrapada,2026-10-23 01:14:00 AM AEST,2026-10-21,2026-10-23,2026-10-21 | 2026-10-22 | 2026-10-23,3,COMPLETE,,,Normal Ekadashi,NORMAL,Ekadashi began before Arunodaya and has one valid Ekadashi sunrise. No two-day exception is triggered.,2026-10-22:VALID (start 2026-10-21 06:41:00 PM AEST < Arunodaya 2026-10-22 03:30:00 AM AEST),2026-10-22,,2026-10-23,DWADASHI,PRATAH,2026-10-23 05:05:00 AM AEST,2026-10-23 07:40:00 AM AEST,Hari Vasara ended before Parana-day sunrise; Parana is sunrise to Pratah end.
Melbourne,Victoria,Australia,Australia/Melbourne,geoname:2158177,2158177,Papankusha Ekadashi,2026-10-22,"Papankusha Ekadashi - Melbourne. Dashami ends and Ekadashi begins on 2026-10-21 07:41:00 PM AEDT. On 22-Oct-26, Sooryodaya is 06:26 AM and Arunodaya is 04:50 AM. Ekadashi is present at sunrise and had begun before Arunodaya, so this is a valid Ekadashi sunrise. Ekadashi ends on 2026-10-22 08:17:00 PM AEDT and does not remain through another sunrise. Ekadashi ends and Dwadashi begins on 2026-10-22 08:17:00 PM AEDT. Dwadashi is present at Sooryodaya on 23-Oct-26 (Sooryodaya 06:25 AM). Dwadashi ends and Trayodashi begins on 2026-10-23 08:05:00 PM AEDT. Therefore the Upavaasa is observed on 22-Oct-26. For Parana on 23-Oct-26, Sooryodaya is 06:25 AM, Pratah Kala ends at 09:05 AM, Dwadashi ends at 2026-10-23 08:05:00 PM AEDT, and Hari Vasara ends at 2026-10-23 02:14:00 AM AEDT. Hari Vasara ends before Sooryodaya, so there is no Hari-Vasara delay; Parana starts at Sooryodaya (06:25 AM). Pratah Kala ends at 09:05 AM, before Dwadashi ends; therefore Pratah Kala end is the limiting end time. Hence Parana is 06:25 AM to 09:05 AM.",2026-10-21:Dashami | 2026-10-22:Ekadashi | 2026-10-23:Dwadashi,2026-10-21:Dhanishtha | 2026-10-22:Shatabhisha | 2026-10-23:Purva Bhadrapada,2026-10-21 07:41:00 PM AEDT,2026-10-22 08:17:00 PM AEDT,2026-10-23 08:05:00 PM AEDT,2026-10-22,06:26 AM,2026-10-22 04:50:00 AM AEDT,2026-10-22,,2026-10-22:VALID (start 2026-10-21 07:41:00 PM AEDT < Arunodaya 2026-10-22 04:50:00 AM AEDT),2026-10-22,06:26 AM,2026-10-22 04:50:00 AM AEDT,2026-10-23,Purva Bhadrapada,2026-10-23 02:14:00 AM AEDT,2026-10-21,2026-10-23,2026-10-21 | 2026-10-22 | 2026-10-23,3,COMPLETE,,,Normal Ekadashi,NORMAL,Ekadashi began before Arunodaya and has one valid Ekadashi sunrise. No two-day exception is triggered.,2026-10-22:VALID (start 2026-10-21 07:41:00 PM AEDT < Arunodaya 2026-10-22 04:50:00 AM AEDT),2026-10-22,,2026-10-23,DWADASHI,PRATAH,2026-10-23 06:25:00 AM AEDT,2026-10-23 09:05:00 AM AEDT,Hari Vasara ended before Parana-day sunrise; Parana is sunrise to Pratah end.
Adelaide,South Australia,Australia,Australia/Adelaide,geoname:2078025,2078025,Papankusha Ekadashi,2026-10-22,"Papankusha Ekadashi - Adelaide. Dashami ends and Ekadashi begins on 2026-10-21 07:11:00 PM ACDT. On 22-Oct-26, Sooryodaya is 06:25 AM and Arunodaya is 04:49 AM. Ekadashi is present at sunrise and had begun before Arunodaya, so this is a valid Ekadashi sunrise. Ekadashi ends on 2026-10-22 07:47:00 PM ACDT and does not remain through another sunrise. Ekadashi ends and Dwadashi begins on 2026-10-22 07:47:00 PM ACDT. Dwadashi is present at Sooryodaya on 23-Oct-26 (Sooryodaya 06:24 AM). Dwadashi ends and Trayodashi begins on 2026-10-23 07:35:00 PM ACDT. Therefore the Upavaasa is observed on 22-Oct-26. For Parana on 23-Oct-26, Sooryodaya is 06:24 AM, Pratah Kala ends at 09:03 AM, Dwadashi ends at 2026-10-23 07:35:00 PM ACDT, and Hari Vasara ends at 2026-10-23 01:44:00 AM ACDT. Hari Vasara ends before Sooryodaya, so there is no Hari-Vasara delay; Parana starts at Sooryodaya (06:24 AM). Pratah Kala ends at 09:03 AM, before Dwadashi ends; therefore Pratah Kala end is the limiting end time. Hence Parana is 06:24 AM to 09:03 AM.",2026-10-21:Dashami | 2026-10-22:Ekadashi | 2026-10-23:Dwadashi,2026-10-21:Dhanishtha | 2026-10-22:Shatabhisha | 2026-10-23:Purva Bhadrapada,2026-10-21 07:11:00 PM ACDT,2026-10-22 07:47:00 PM ACDT,2026-10-23 07:35:00 PM ACDT,2026-10-22,06:25 AM,2026-10-22 04:49:00 AM ACDT,2026-10-22,,2026-10-22:VALID (start 2026-10-21 07:11:00 PM ACDT < Arunodaya 2026-10-22 04:49:00 AM ACDT),2026-10-22,06:25 AM,2026-10-22 04:49:00 AM ACDT,2026-10-23,Purva Bhadrapada,2026-10-23 01:44:00 AM ACDT,2026-10-21,2026-10-23,2026-10-21 | 2026-10-22 | 2026-10-23,3,COMPLETE,,,Normal Ekadashi,NORMAL,Ekadashi began before Arunodaya and has one valid Ekadashi sunrise. No two-day exception is triggered.,2026-10-22:VALID (start 2026-10-21 07:11:00 PM ACDT < Arunodaya 2026-10-22 04:49:00 AM ACDT),2026-10-22,,2026-10-23,DWADASHI,PRATAH,2026-10-23 06:24:00 AM ACDT,2026-10-23 09:02:36 AM ACDT,Hari Vasara ended before Parana-day sunrise; Parana is sunrise to Pratah end.
Perth,Western Australia,Australia,Australia/Perth,geoname:2063523,2063523,Papankusha Ekadashi,2026-10-22,"Papankusha Ekadashi - Perth. Dashami ends and Ekadashi begins on 2026-10-21 04:41:00 PM AWST. On 22-Oct-26, Sooryodaya is 05:29 AM and Arunodaya is 03:53 AM. Ekadashi is present at sunrise and had begun before Arunodaya, so this is a valid Ekadashi sunrise. Ekadashi ends on 2026-10-22 05:17:00 PM AWST and does not remain through another sunrise. Ekadashi ends and Dwadashi begins on 2026-10-22 05:17:00 PM AWST. Dwadashi is present at Sooryodaya on 23-Oct-26 (Sooryodaya 05:28 AM). Dwadashi ends and Trayodashi begins on 2026-10-23 05:05:00 PM AWST. Therefore the Upavaasa is observed on 22-Oct-26. For Parana on 23-Oct-26, Sooryodaya is 05:28 AM, Pratah Kala ends at 08:05 AM, Dwadashi ends at 2026-10-23 05:05:00 PM AWST, and Hari Vasara ends at 2026-10-22 11:14:00 PM AWST. Hari Vasara ends before Sooryodaya, so there is no Hari-Vasara delay; Parana starts at Sooryodaya (05:28 AM). Pratah Kala ends at 08:05 AM, before Dwadashi ends; therefore Pratah Kala end is the limiting end time. Hence Parana is 05:28 AM to 08:05 AM.",2026-10-21:Dashami | 2026-10-22:Ekadashi | 2026-10-23:Dwadashi,2026-10-21:Dhanishtha | 2026-10-22:Shatabhisha | 2026-10-23:Purva Bhadrapada,2026-10-21 04:41:00 PM AWST,2026-10-22 05:17:00 PM AWST,2026-10-23 05:05:00 PM AWST,2026-10-22,05:29 AM,2026-10-22 03:53:00 AM AWST,2026-10-22,,2026-10-22:VALID (start 2026-10-21 04:41:00 PM AWST < Arunodaya 2026-10-22 03:53:00 AM AWST),2026-10-22,05:29 AM,2026-10-22 03:53:00 AM AWST,2026-10-23,Purva Bhadrapada,2026-10-22 11:14:00 PM AWST,2026-10-21,2026-10-23,2026-10-21 | 2026-10-22 | 2026-10-23,3,COMPLETE,,,Normal Ekadashi,NORMAL,Ekadashi began before Arunodaya and has one valid Ekadashi sunrise. No two-day exception is triggered.,2026-10-22:VALID (start 2026-10-21 04:41:00 PM AWST < Arunodaya 2026-10-22 03:53:00 AM AWST),2026-10-22,,2026-10-23,DWADASHI,PRATAH,2026-10-23 05:28:00 AM AWST,2026-10-23 08:05:12 AM AWST,Hari Vasara ended before Parana-day sunrise; Parana is sunrise to Pratah end.
Canberra,Australian Capital Territory,Australia,Australia/Sydney,geoname:2172517,2172517,Papankusha Ekadashi,2026-10-22,"Papankusha Ekadashi - Canberra. Dashami ends and Ekadashi begins on 2026-10-21 07:41:00 PM AEDT. On 22-Oct-26, Sooryodaya is 06:12 AM and Arunodaya is 04:36 AM. Ekadashi is present at sunrise and had begun before Arunodaya, so this is a valid Ekadashi sunrise. Ekadashi ends on 2026-10-22 08:17:00 PM AEDT and does not remain through another sunrise. Ekadashi ends and Dwadashi begins on 2026-10-22 08:17:00 PM AEDT. Dwadashi is present at Sooryodaya on 23-Oct-26 (Sooryodaya 06:11 AM). Dwadashi ends and Trayodashi begins on 2026-10-23 08:05:00 PM AEDT. Therefore the Upavaasa is observed on 22-Oct-26. For Parana on 23-Oct-26, Sooryodaya is 06:11 AM, Pratah Kala ends at 08:50 AM, Dwadashi ends at 2026-10-23 08:05:00 PM AEDT, and Hari Vasara ends at 2026-10-23 02:14:00 AM AEDT. Hari Vasara ends before Sooryodaya, so there is no Hari-Vasara delay; Parana starts at Sooryodaya (06:11 AM). Pratah Kala ends at 08:50 AM, before Dwadashi ends; therefore Pratah Kala end is the limiting end time. Hence Parana is 06:11 AM to 08:50 AM.",2026-10-21:Dashami | 2026-10-22:Ekadashi | 2026-10-23:Dwadashi,2026-10-21:Dhanishtha | 2026-10-22:Shatabhisha | 2026-10-23:Purva Bhadrapada,2026-10-21 07:41:00 PM AEDT,2026-10-22 08:17:00 PM AEDT,2026-10-23 08:05:00 PM AEDT,2026-10-22,06:12 AM,2026-10-22 04:36:00 AM AEDT,2026-10-22,,2026-10-22:VALID (start 2026-10-21 07:41:00 PM AEDT < Arunodaya 2026-10-22 04:36:00 AM AEDT),2026-10-22,06:12 AM,2026-10-22 04:36:00 AM AEDT,2026-10-23,Purva Bhadrapada,2026-10-23 02:14:00 AM AEDT,2026-10-21,2026-10-23,2026-10-21 | 2026-10-22 | 2026-10-23,3,COMPLETE,,,Normal Ekadashi,NORMAL,Ekadashi began before Arunodaya and has one valid Ekadashi sunrise. No two-day exception is triggered.,2026-10-22:VALID (start 2026-10-21 07:41:00 PM AEDT < Arunodaya 2026-10-22 04:36:00 AM AEDT),2026-10-22,,2026-10-23,DWADASHI,PRATAH,2026-10-23 06:11:00 AM AEDT,2026-10-23 08:49:48 AM AEDT,Hari Vasara ended before Parana-day sunrise; Parana is sunrise to Pratah end.
Sydney,New South Wales,Australia,Australia/Sydney,geoname:2147714,2147714,Papankusha Ekadashi,2026-10-22,"Papankusha Ekadashi - Sydney. Dashami ends and Ekadashi begins on 2026-10-21 07:41:00 PM AEDT. On 22-Oct-26, Sooryodaya is 06:06 AM and Arunodaya is 04:30 AM. Ekadashi is present at sunrise and had begun before Arunodaya, so this is a valid Ekadashi sunrise. Ekadashi ends on 2026-10-22 08:17:00 PM AEDT and does not remain through another sunrise. Ekadashi ends and Dwadashi begins on 2026-10-22 08:17:00 PM AEDT. Dwadashi is present at Sooryodaya on 23-Oct-26 (Sooryodaya 06:05 AM). Dwadashi ends and Trayodashi begins on 2026-10-23 08:05:00 PM AEDT. Therefore the Upavaasa is observed on 22-Oct-26. For Parana on 23-Oct-26, Sooryodaya is 06:05 AM, Pratah Kala ends at 08:43 AM, Dwadashi ends at 2026-10-23 08:05:00 PM AEDT, and Hari Vasara ends at 2026-10-23 02:14:00 AM AEDT. Hari Vasara ends before Sooryodaya, so there is no Hari-Vasara delay; Parana starts at Sooryodaya (06:05 AM). Pratah Kala ends at 08:43 AM, before Dwadashi ends; therefore Pratah Kala end is the limiting end time. Hence Parana is 06:05 AM to 08:43 AM.",2026-10-21:Dashami | 2026-10-22:Ekadashi | 2026-10-23:Dwadashi,2026-10-21:Dhanishtha | 2026-10-22:Shatabhisha | 2026-10-23:Purva Bhadrapada,2026-10-21 07:41:00 PM AEDT,2026-10-22 08:17:00 PM AEDT,2026-10-23 08:05:00 PM AEDT,2026-10-22,06:06 AM,2026-10-22 04:30:00 AM AEDT,2026-10-22,,2026-10-22:VALID (start 2026-10-21 07:41:00 PM AEDT < Arunodaya 2026-10-22 04:30:00 AM AEDT),2026-10-22,06:06 AM,2026-10-22 04:30:00 AM AEDT,2026-10-23,Purva Bhadrapada,2026-10-23 02:14:00 AM AEDT,2026-10-21,2026-10-23,2026-10-21 | 2026-10-22 | 2026-10-23,3,COMPLETE,,,Normal Ekadashi,NORMAL,Ekadashi began before Arunodaya and has one valid Ekadashi sunrise. No two-day exception is triggered.,2026-10-22:VALID (start 2026-10-21 07:41:00 PM AEDT < Arunodaya 2026-10-22 04:30:00 AM AEDT),2026-10-22,,2026-10-23,DWADASHI,PRATAH,2026-10-23 06:05:00 AM AEDT,2026-10-23 08:43:00 AM AEDT,Hari Vasara ended before Parana-day sunrise; Parana is sunrise to Pratah end.
