City,State/Region,Country,Timezone,Place Key,Geoname ID,Ekadashi Name,Anchor Date,Audit Flow Message,Sunrise Tithi Sequence,Sunrise Nakshatra Sequence,Dashami End / Ekadashi Start,Ekadashi End / Dwadashi Start,Dwadashi End / Trayodashi Start,First Ekadashi Sunrise Date,First Ekadashi Sunrise,First Ekadashi Arunodaya,Valid Ekadashi Sunrise Dates,Dashami Viddha Sunrise Dates,Ekadashi Sunrise Evaluation,First Valid Ekadashi Sunrise Date,First Valid Ekadashi Sunrise,First Valid Ekadashi Arunodaya,First Dwadashi Sunrise Date,Dwadashi Sunrise Nakshatra,Dwadashi Q1 End / Hari Vasara End,Scan Start,Scan End,Dates Used,Fresh Scans This City,Completeness Status,Missing Parameters,Error,Ekadashi Type,Condition Code,Classification Explanation,Classification Flags,Upavaasa Date 1,Upavaasa Date 2,Parana Date,Parana Tithi Rule,Parana Branch,Parana Start,Parana End,Parana Note
Darmstadt,Hesse,Germany,Europe/Berlin,geoname:2938913,2938913,Aja Ekadashi,2026-09-07,"Aja Ekadashi - Darmstadt. Dashami ends and Ekadashi begins on 2026-09-06 03:59:00 PM CEST. On 07-Sep-26, Sooryodaya is 06:49 AM and Arunodaya is 05:13 AM. Ekadashi is present at sunrise and had begun before Arunodaya, so this is a valid Ekadashi sunrise. Ekadashi ends on 2026-09-07 01:33:00 PM CEST and does not remain through another sunrise. Ekadashi ends and Dwadashi begins on 2026-09-07 01:33:00 PM CEST. Dwadashi is present at Sooryodaya on 08-Sep-26 (Sooryodaya 06:51 AM). Dwadashi ends and Trayodashi begins on 2026-09-08 11:12:00 AM CEST. Therefore the Upavaasa is observed on 07-Sep-26. For Parana on 08-Sep-26, Sooryodaya is 06:51 AM, Pratah Kala ends at 09:28 AM, Dwadashi ends at 2026-09-08 11:12:00 AM CEST, and Hari Vasara ends at 2026-09-07 06:57:45 PM CEST. Hari Vasara ends before Sooryodaya, so there is no Hari-Vasara delay; Parana starts at Sooryodaya (06:51 AM). Pratah Kala ends at 09:28 AM, before Dwadashi ends; therefore Pratah Kala end is the limiting end time. Hence Parana is 06:51 AM to 09:28 AM.",2026-09-06:Dashami | 2026-09-07:Ekadashi | 2026-09-08:Dwadashi,2026-09-06:Ardra | 2026-09-07:Punarvasu | 2026-09-08:Pushya,2026-09-06 03:59:00 PM CEST,2026-09-07 01:33:00 PM CEST,2026-09-08 11:12:00 AM CEST,2026-09-07,06:49 AM,2026-09-07 05:13:00 AM CEST,2026-09-07,,2026-09-07:VALID (start 2026-09-06 03:59:00 PM CEST < Arunodaya 2026-09-07 05:13:00 AM CEST),2026-09-07,06:49 AM,2026-09-07 05:13:00 AM CEST,2026-09-08,Pushya,2026-09-07 06:57:45 PM CEST,2026-09-06,2026-09-08,2026-09-06 | 2026-09-07 | 2026-09-08,0,COMPLETE,,,Normal Ekadashi,NORMAL,Ekadashi began before Arunodaya and has one valid Ekadashi sunrise. No two-day exception is triggered.,2026-09-07:VALID (start 2026-09-06 03:59:00 PM CEST < Arunodaya 2026-09-07 05:13:00 AM CEST),2026-09-07,,2026-09-08,DWADASHI,PRATAH,2026-09-08 06:51:00 AM CEST,2026-09-08 09:27:36 AM CEST,Hari Vasara ended before Parana-day sunrise; Parana is sunrise to Pratah end.
Kuwait,Al Asimah,Kuwait,Asia/Kuwait,geoname:285787,285787,Aja Ekadashi,2026-09-07,"Aja Ekadashi - Kuwait. Dashami ends and Ekadashi begins on 2026-09-06 04:59:00 PM +03. On 07-Sep-26, Sooryodaya is 05:29 AM and Arunodaya is 03:53 AM. Ekadashi is present at sunrise and had begun before Arunodaya, so this is a valid Ekadashi sunrise. Ekadashi ends on 2026-09-07 02:33:00 PM +03 and does not remain through another sunrise. Ekadashi ends and Dwadashi begins on 2026-09-07 02:33:00 PM +03. Dwadashi is present at Sooryodaya on 08-Sep-26 (Sooryodaya 05:29 AM). Dwadashi ends and Trayodashi begins on 2026-09-08 12:12:00 PM +03. Therefore the Upavaasa is observed on 07-Sep-26. For Parana on 08-Sep-26, Sooryodaya is 05:29 AM, Pratah Kala ends at 08:00 AM, Dwadashi ends at 2026-09-08 12:12:00 PM +03, and Hari Vasara ends at 2026-09-07 07:57:45 PM +03. Hari Vasara ends before Sooryodaya, so there is no Hari-Vasara delay; Parana starts at Sooryodaya (05:29 AM). Pratah Kala ends at 08:00 AM, before Dwadashi ends; therefore Pratah Kala end is the limiting end time. Hence Parana is 05:29 AM to 08:00 AM.",2026-09-06:Dashami | 2026-09-07:Ekadashi | 2026-09-08:Dwadashi,2026-09-06:Ardra | 2026-09-07:Punarvasu | 2026-09-08:Pushya,2026-09-06 04:59:00 PM +03,2026-09-07 02:33:00 PM +03,2026-09-08 12:12:00 PM +03,2026-09-07,05:29 AM,2026-09-07 03:53:00 AM +03,2026-09-07,,2026-09-07:VALID (start 2026-09-06 04:59:00 PM +03 < Arunodaya 2026-09-07 03:53:00 AM +03),2026-09-07,05:29 AM,2026-09-07 03:53:00 AM +03,2026-09-08,Pushya,2026-09-07 07:57:45 PM +03,2026-09-06,2026-09-08,2026-09-06 | 2026-09-07 | 2026-09-08,0,COMPLETE,,,Normal Ekadashi,NORMAL,Ekadashi began before Arunodaya and has one valid Ekadashi sunrise. No two-day exception is triggered.,2026-09-07:VALID (start 2026-09-06 04:59:00 PM +03 < Arunodaya 2026-09-07 03:53:00 AM +03),2026-09-07,,2026-09-08,DWADASHI,PRATAH,2026-09-08 05:29:00 AM +03,2026-09-08 07:59:36 AM +03,Hari Vasara ended before Parana-day sunrise; Parana is sunrise to Pratah end.
Coimbatore,Tamil Nadu,India,Asia/Kolkata,geoname:1273865,1273865,Aja Ekadashi,2026-09-07,"Aja Ekadashi - Coimbatore. Dashami ends and Ekadashi begins on 2026-09-06 07:29:00 PM IST. On 07-Sep-26, Sooryodaya is 06:12 AM and Arunodaya is 04:36 AM. Ekadashi is present at sunrise and had begun before Arunodaya, so this is a valid Ekadashi sunrise. Ekadashi ends on 2026-09-07 05:03:00 PM IST and does not remain through another sunrise. Ekadashi ends and Dwadashi begins on 2026-09-07 05:03:00 PM IST. Dwadashi is present at Sooryodaya on 08-Sep-26 (Sooryodaya 06:12 AM). Dwadashi ends and Trayodashi begins on 2026-09-08 02:42:00 PM IST. Therefore the Upavaasa is observed on 07-Sep-26. For Parana on 08-Sep-26, Sooryodaya is 06:12 AM, Pratah Kala ends at 08:39 AM, Dwadashi ends at 2026-09-08 02:42:00 PM IST, and Hari Vasara ends at 2026-09-07 10:27:45 PM IST. Hari Vasara ends before Sooryodaya, so there is no Hari-Vasara delay; Parana starts at Sooryodaya (06:12 AM). Pratah Kala ends at 08:39 AM, before Dwadashi ends; therefore Pratah Kala end is the limiting end time. Hence Parana is 06:12 AM to 08:39 AM.",2026-09-06:Dashami | 2026-09-07:Ekadashi | 2026-09-08:Dwadashi,2026-09-06:Ardra | 2026-09-07:Punarvasu | 2026-09-08:Pushya,2026-09-06 07:29:00 PM IST,2026-09-07 05:03:00 PM IST,2026-09-08 02:42:00 PM IST,2026-09-07,06:12 AM,2026-09-07 04:36:00 AM IST,2026-09-07,,2026-09-07:VALID (start 2026-09-06 07:29:00 PM IST < Arunodaya 2026-09-07 04:36:00 AM IST),2026-09-07,06:12 AM,2026-09-07 04:36:00 AM IST,2026-09-08,Pushya,2026-09-07 10:27:45 PM IST,2026-09-06,2026-09-08,2026-09-06 | 2026-09-07 | 2026-09-08,0,COMPLETE,,,Normal Ekadashi,NORMAL,Ekadashi began before Arunodaya and has one valid Ekadashi sunrise. No two-day exception is triggered.,2026-09-07:VALID (start 2026-09-06 07:29:00 PM IST < Arunodaya 2026-09-07 04:36:00 AM IST),2026-09-07,,2026-09-08,DWADASHI,PRATAH,2026-09-08 06:12:00 AM IST,2026-09-08 08:39:00 AM IST,Hari Vasara ended before Parana-day sunrise; Parana is sunrise to Pratah end.
Windsor,Ontario,Canada,America/New_York,geoname:6182962,6182962,Aja Ekadashi,2026-09-07,"Aja Ekadashi - Windsor. Dashami ends and Ekadashi begins on 2026-09-06 09:59:00 AM EDT. On 07-Sep-26, Sooryodaya is 07:04 AM and Arunodaya is 05:28 AM. Ekadashi is present at sunrise and had begun before Arunodaya, so this is a valid Ekadashi sunrise. Ekadashi ends on 2026-09-07 07:33:00 AM EDT and does not remain through another sunrise. Ekadashi ends and Dwadashi begins on 2026-09-07 07:33:00 AM EDT. Dwadashi ends and Trayodashi begins on 2026-09-08 05:12:00 AM EDT. Therefore the Upavaasa is observed on 07-Sep-26. For Parana on 08-Sep-26, Sooryodaya is 07:05 AM, Pratah Kala ends at 09:39 AM, Dwadashi ends at 2026-09-08 05:12:00 AM EDT, and Hari Vasara ends at 2026-09-07 12:57:45 PM EDT. Dwadashi has already ended before Sooryodaya. Therefore Parana starts at Sooryodaya (07:05 AM) and continues to the end of Pratah Kala (09:39 AM). Hence Parana is 07:05 AM to 09:39 AM.",2026-09-06:Dashami | 2026-09-07:Ekadashi | 2026-09-08:Trayodashi,2026-09-06:Ardra | 2026-09-07:Punarvasu | 2026-09-08:Pushya,2026-09-06 09:59:00 AM EDT,2026-09-07 07:33:00 AM EDT,2026-09-08 05:12:00 AM EDT,2026-09-07,07:04 AM,2026-09-07 05:28:00 AM EDT,2026-09-07,,2026-09-07:VALID (start 2026-09-06 09:59:00 AM EDT < Arunodaya 2026-09-07 05:28:00 AM EDT),2026-09-07,07:04 AM,2026-09-07 05:28:00 AM EDT,,,2026-09-07 12:57:45 PM EDT,2026-09-06,2026-09-08,2026-09-06 | 2026-09-07 | 2026-09-08,0,COMPLETE,,,Normal Ekadashi,NORMAL,Ekadashi began before Arunodaya and has one valid Ekadashi sunrise. No two-day exception is triggered.,2026-09-07:VALID (start 2026-09-06 09:59:00 AM EDT < Arunodaya 2026-09-07 05:28:00 AM EDT),2026-09-07,,2026-09-08,DWADASHI,DWADASHI_OVER_BEFORE_SUNRISE,2026-09-08 07:05:00 AM EDT,2026-09-08 09:38:48 AM EDT,Dwadashi ended before sunrise; Parana is sunrise to Pratah end.
London,London,United Kingdom,Europe/London,geoname:2643743,2643743,Aja Ekadashi,2026-09-07,"Aja Ekadashi - London. Dashami ends and Ekadashi begins on 2026-09-06 02:59:00 PM BST. On 07-Sep-26, Sooryodaya is 06:23 AM and Arunodaya is 04:47 AM. Ekadashi is present at sunrise and had begun before Arunodaya, so this is a valid Ekadashi sunrise. Ekadashi ends on 2026-09-07 12:33:00 PM BST and does not remain through another sunrise. Ekadashi ends and Dwadashi begins on 2026-09-07 12:33:00 PM BST. Dwadashi is present at Sooryodaya on 08-Sep-26 (Sooryodaya 06:24 AM). Dwadashi ends and Trayodashi begins on 2026-09-08 10:12:00 AM BST. Therefore the Upavaasa is observed on 07-Sep-26. For Parana on 08-Sep-26, Sooryodaya is 06:24 AM, Pratah Kala ends at 09:01 AM, Dwadashi ends at 2026-09-08 10:12:00 AM BST, and Hari Vasara ends at 2026-09-07 05:57:45 PM BST. Hari Vasara ends before Sooryodaya, so there is no Hari-Vasara delay; Parana starts at Sooryodaya (06:24 AM). Pratah Kala ends at 09:01 AM, before Dwadashi ends; therefore Pratah Kala end is the limiting end time. Hence Parana is 06:24 AM to 09:01 AM.",2026-09-06:Dashami | 2026-09-07:Ekadashi | 2026-09-08:Dwadashi,2026-09-06:Ardra | 2026-09-07:Punarvasu | 2026-09-08:Pushya,2026-09-06 02:59:00 PM BST,2026-09-07 12:33:00 PM BST,2026-09-08 10:12:00 AM BST,2026-09-07,06:23 AM,2026-09-07 04:47:00 AM BST,2026-09-07,,2026-09-07:VALID (start 2026-09-06 02:59:00 PM BST < Arunodaya 2026-09-07 04:47:00 AM BST),2026-09-07,06:23 AM,2026-09-07 04:47:00 AM BST,2026-09-08,Pushya,2026-09-07 05:57:45 PM BST,2026-09-06,2026-09-08,2026-09-06 | 2026-09-07 | 2026-09-08,0,COMPLETE,,,Normal Ekadashi,NORMAL,Ekadashi began before Arunodaya and has one valid Ekadashi sunrise. No two-day exception is triggered.,2026-09-07:VALID (start 2026-09-06 02:59:00 PM BST < Arunodaya 2026-09-07 04:47:00 AM BST),2026-09-07,,2026-09-08,DWADASHI,PRATAH,2026-09-08 06:24:00 AM BST,2026-09-08 09:01:24 AM BST,Hari Vasara ended before Parana-day sunrise; Parana is sunrise to Pratah end.
Belgaum,Karnataka,India,Asia/Kolkata,geoname:1276533,1276533,Aja Ekadashi,2026-09-07,"Aja Ekadashi - Belgaum. Dashami ends and Ekadashi begins on 2026-09-06 07:29:00 PM IST. On 07-Sep-26, Sooryodaya is 06:20 AM and Arunodaya is 04:44 AM. Ekadashi is present at sunrise and had begun before Arunodaya, so this is a valid Ekadashi sunrise. Ekadashi ends on 2026-09-07 05:03:00 PM IST and does not remain through another sunrise. Ekadashi ends and Dwadashi begins on 2026-09-07 05:03:00 PM IST. Dwadashi is present at Sooryodaya on 08-Sep-26 (Sooryodaya 06:20 AM). Dwadashi ends and Trayodashi begins on 2026-09-08 02:42:00 PM IST. Therefore the Upavaasa is observed on 07-Sep-26. For Parana on 08-Sep-26, Sooryodaya is 06:20 AM, Pratah Kala ends at 08:48 AM, Dwadashi ends at 2026-09-08 02:42:00 PM IST, and Hari Vasara ends at 2026-09-07 10:27:45 PM IST. Hari Vasara ends before Sooryodaya, so there is no Hari-Vasara delay; Parana starts at Sooryodaya (06:20 AM). Pratah Kala ends at 08:48 AM, before Dwadashi ends; therefore Pratah Kala end is the limiting end time. Hence Parana is 06:20 AM to 08:48 AM.",2026-09-06:Dashami | 2026-09-07:Ekadashi | 2026-09-08:Dwadashi,2026-09-06:Ardra | 2026-09-07:Punarvasu | 2026-09-08:Pushya,2026-09-06 07:29:00 PM IST,2026-09-07 05:03:00 PM IST,2026-09-08 02:42:00 PM IST,2026-09-07,06:20 AM,2026-09-07 04:44:00 AM IST,2026-09-07,,2026-09-07:VALID (start 2026-09-06 07:29:00 PM IST < Arunodaya 2026-09-07 04:44:00 AM IST),2026-09-07,06:20 AM,2026-09-07 04:44:00 AM IST,2026-09-08,Pushya,2026-09-07 10:27:45 PM IST,2026-09-06,2026-09-08,2026-09-06 | 2026-09-07 | 2026-09-08,0,COMPLETE,,,Normal Ekadashi,NORMAL,Ekadashi began before Arunodaya and has one valid Ekadashi sunrise. No two-day exception is triggered.,2026-09-07:VALID (start 2026-09-06 07:29:00 PM IST < Arunodaya 2026-09-07 04:44:00 AM IST),2026-09-07,,2026-09-08,DWADASHI,PRATAH,2026-09-08 06:20:00 AM IST,2026-09-08 08:47:48 AM IST,Hari Vasara ended before Parana-day sunrise; Parana is sunrise to Pratah end.
Hubli,Karnataka,India,Asia/Kolkata,geoname:1269920,1269920,Aja Ekadashi,2026-09-07,"Aja Ekadashi - Hubli. Dashami ends and Ekadashi begins on 2026-09-06 07:29:00 PM IST. On 07-Sep-26, Sooryodaya is 06:17 AM and Arunodaya is 04:41 AM. Ekadashi is present at sunrise and had begun before Arunodaya, so this is a valid Ekadashi sunrise. Ekadashi ends on 2026-09-07 05:03:00 PM IST and does not remain through another sunrise. Ekadashi ends and Dwadashi begins on 2026-09-07 05:03:00 PM IST. Dwadashi is present at Sooryodaya on 08-Sep-26 (Sooryodaya 06:17 AM). Dwadashi ends and Trayodashi begins on 2026-09-08 02:42:00 PM IST. Therefore the Upavaasa is observed on 07-Sep-26. For Parana on 08-Sep-26, Sooryodaya is 06:17 AM, Pratah Kala ends at 08:45 AM, Dwadashi ends at 2026-09-08 02:42:00 PM IST, and Hari Vasara ends at 2026-09-07 10:27:45 PM IST. Hari Vasara ends before Sooryodaya, so there is no Hari-Vasara delay; Parana starts at Sooryodaya (06:17 AM). Pratah Kala ends at 08:45 AM, before Dwadashi ends; therefore Pratah Kala end is the limiting end time. Hence Parana is 06:17 AM to 08:45 AM.",2026-09-06:Dashami | 2026-09-07:Ekadashi | 2026-09-08:Dwadashi,2026-09-06:Ardra | 2026-09-07:Punarvasu | 2026-09-08:Pushya,2026-09-06 07:29:00 PM IST,2026-09-07 05:03:00 PM IST,2026-09-08 02:42:00 PM IST,2026-09-07,06:17 AM,2026-09-07 04:41:00 AM IST,2026-09-07,,2026-09-07:VALID (start 2026-09-06 07:29:00 PM IST < Arunodaya 2026-09-07 04:41:00 AM IST),2026-09-07,06:17 AM,2026-09-07 04:41:00 AM IST,2026-09-08,Pushya,2026-09-07 10:27:45 PM IST,2026-09-06,2026-09-08,2026-09-06 | 2026-09-07 | 2026-09-08,0,COMPLETE,,,Normal Ekadashi,NORMAL,Ekadashi began before Arunodaya and has one valid Ekadashi sunrise. No two-day exception is triggered.,2026-09-07:VALID (start 2026-09-06 07:29:00 PM IST < Arunodaya 2026-09-07 04:41:00 AM IST),2026-09-07,,2026-09-08,DWADASHI,PRATAH,2026-09-08 06:17:00 AM IST,2026-09-08 08:45:00 AM IST,Hari Vasara ended before Parana-day sunrise; Parana is sunrise to Pratah end.
Vancouver,British Columbia,Canada,America/Los_Angeles,geoname:6173331,6173331,Aja Ekadashi,2026-09-07,"Aja Ekadashi - Vancouver. Dashami ends and Ekadashi begins on 2026-09-06 06:59:00 AM PDT. Ekadashi ends and Dwadashi begins on 2026-09-07 04:33:00 AM PDT. Dwadashi is present at Sooryodaya on 07-Sep-26 (Sooryodaya 06:38 AM). Dwadashi ends and Trayodashi begins on 2026-09-08 02:12:00 AM PDT. Therefore the Upavaasa is observed on 07-Sep-26. For Parana on 08-Sep-26, Sooryodaya is 06:39 AM, Pratah Kala ends at 09:15 AM, Dwadashi ends at 2026-09-08 02:12:00 AM PDT, and Hari Vasara ends at 2026-09-07 09:57:45 AM PDT. Because the Upavaasa itself was observed on Dwadashi, Hari Vasara is not used to delay the Parana start on the following morning. Dwadashi has already ended before Sooryodaya, so Parana starts at Sooryodaya (06:39 AM). Since Dwadashi is already over, the available morning limit is the end of Pratah Kala (09:15 AM). Hence Parana is 06:39 AM to 09:15 AM.",2026-09-06:Dashami | 2026-09-07:Dwadashi | 2026-09-08:Trayodashi,2026-09-06:Ardra | 2026-09-07:Pushya | 2026-09-08:Ashlesha,2026-09-06 06:59:00 AM PDT,2026-09-07 04:33:00 AM PDT,2026-09-08 02:12:00 AM PDT,,,,,,,,,,2026-09-07,Pushya,2026-09-07 09:57:45 AM PDT,2026-09-06,2026-09-08,2026-09-06 | 2026-09-07 | 2026-09-08,0,COMPLETE,,,Missing Ekadashi,MISSING_EKADASHI,"Ekadashi Tithi begins after one sunrise and ends before the next, so no sunrise occurs during Ekadashi. Upavaasa is observed on Dwadashi.",,2026-09-07,,2026-09-08,POST_DWADASHI_UPAVASA,POST_DWADASHI_FAST_DWADASHI_OVER_BEFORE_SUNRISE,2026-09-08 06:39:00 AM PDT,2026-09-08 09:15:12 AM PDT,Dwadashi ended before Parana-day sunrise; Parana is sunrise to Pratah end.
Belfast,New York,United States,America/New_York,geoname:5108728,5108728,Aja Ekadashi,2026-09-07,"Aja Ekadashi - Belfast. Dashami ends and Ekadashi begins on 2026-09-06 09:59:00 AM EDT. On 07-Sep-26, Sooryodaya is 06:44 AM and Arunodaya is 05:08 AM. Ekadashi is present at sunrise and had begun before Arunodaya, so this is a valid Ekadashi sunrise. Ekadashi ends on 2026-09-07 07:33:00 AM EDT and does not remain through another sunrise. Ekadashi ends and Dwadashi begins on 2026-09-07 07:33:00 AM EDT. Dwadashi ends and Trayodashi begins on 2026-09-08 05:12:00 AM EDT. Therefore the Upavaasa is observed on 07-Sep-26. For Parana on 08-Sep-26, Sooryodaya is 06:45 AM, Pratah Kala ends at 09:19 AM, Dwadashi ends at 2026-09-08 05:12:00 AM EDT, and Hari Vasara ends at 2026-09-07 12:57:45 PM EDT. Dwadashi has already ended before Sooryodaya. Therefore Parana starts at Sooryodaya (06:45 AM) and continues to the end of Pratah Kala (09:19 AM). Hence Parana is 06:45 AM to 09:19 AM.",2026-09-06:Dashami | 2026-09-07:Ekadashi | 2026-09-08:Trayodashi,2026-09-06:Ardra | 2026-09-07:Punarvasu | 2026-09-08:Pushya,2026-09-06 09:59:00 AM EDT,2026-09-07 07:33:00 AM EDT,2026-09-08 05:12:00 AM EDT,2026-09-07,06:44 AM,2026-09-07 05:08:00 AM EDT,2026-09-07,,2026-09-07:VALID (start 2026-09-06 09:59:00 AM EDT < Arunodaya 2026-09-07 05:08:00 AM EDT),2026-09-07,06:44 AM,2026-09-07 05:08:00 AM EDT,,,2026-09-07 12:57:45 PM EDT,2026-09-06,2026-09-08,2026-09-06 | 2026-09-07 | 2026-09-08,0,COMPLETE,,,Normal Ekadashi,NORMAL,Ekadashi began before Arunodaya and has one valid Ekadashi sunrise. No two-day exception is triggered.,2026-09-07:VALID (start 2026-09-06 09:59:00 AM EDT < Arunodaya 2026-09-07 05:08:00 AM EDT),2026-09-07,,2026-09-08,DWADASHI,DWADASHI_OVER_BEFORE_SUNRISE,2026-09-08 06:45:00 AM EDT,2026-09-08 09:18:48 AM EDT,Dwadashi ended before sunrise; Parana is sunrise to Pratah end.
Seoul,Seoul,South Korea,Asia/Seoul,geoname:1835848,1835848,Aja Ekadashi,2026-09-07,"Aja Ekadashi - Seoul. Dashami ends and Ekadashi begins on 2026-09-06 10:59:00 PM KST. On 07-Sep-26, Sooryodaya is 06:07 AM and Arunodaya is 04:31 AM. Ekadashi is present at sunrise and had begun before Arunodaya, so this is a valid Ekadashi sunrise. Ekadashi ends on 2026-09-07 08:33:00 PM KST and does not remain through another sunrise. Ekadashi ends and Dwadashi begins on 2026-09-07 08:33:00 PM KST. Dwadashi is present at Sooryodaya on 08-Sep-26 (Sooryodaya 06:08 AM). Dwadashi ends and Trayodashi begins on 2026-09-08 06:12:00 PM KST. Therefore the Upavaasa is observed on 07-Sep-26. For Parana on 08-Sep-26, Sooryodaya is 06:08 AM, Pratah Kala ends at 08:41 AM, Dwadashi ends at 2026-09-08 06:12:00 PM KST, and Hari Vasara ends at 2026-09-08 01:57:45 AM KST. Hari Vasara ends before Sooryodaya, so there is no Hari-Vasara delay; Parana starts at Sooryodaya (06:08 AM). Pratah Kala ends at 08:41 AM, before Dwadashi ends; therefore Pratah Kala end is the limiting end time. Hence Parana is 06:08 AM to 08:41 AM.",2026-09-06:Dashami | 2026-09-07:Ekadashi | 2026-09-08:Dwadashi,2026-09-06:Ardra | 2026-09-07:Punarvasu | 2026-09-08:Pushya,2026-09-06 10:59:00 PM KST,2026-09-07 08:33:00 PM KST,2026-09-08 06:12:00 PM KST,2026-09-07,06:07 AM,2026-09-07 04:31:00 AM KST,2026-09-07,,2026-09-07:VALID (start 2026-09-06 10:59:00 PM KST < Arunodaya 2026-09-07 04:31:00 AM KST),2026-09-07,06:07 AM,2026-09-07 04:31:00 AM KST,2026-09-08,Pushya,2026-09-08 01:57:45 AM KST,2026-09-06,2026-09-08,2026-09-06 | 2026-09-07 | 2026-09-08,0,COMPLETE,,,Normal Ekadashi,NORMAL,Ekadashi began before Arunodaya and has one valid Ekadashi sunrise. No two-day exception is triggered.,2026-09-07:VALID (start 2026-09-06 10:59:00 PM KST < Arunodaya 2026-09-07 04:31:00 AM KST),2026-09-07,,2026-09-08,DWADASHI,PRATAH,2026-09-08 06:08:00 AM KST,2026-09-08 08:40:36 AM KST,Hari Vasara ended before Parana-day sunrise; Parana is sunrise to Pratah end.
Auckland,Auckland,New Zealand,Pacific/Auckland,geoname:2193733,2193733,Aja Ekadashi,2026-09-07,"Aja Ekadashi - Auckland. Dashami ends and Ekadashi begins on 2026-09-07 01:59:00 AM NZST. On 07-Sep-26, Sooryodaya is 06:34 AM and Arunodaya is 04:58 AM. Ekadashi is present at sunrise and had begun before Arunodaya, so this is a valid Ekadashi sunrise. Ekadashi ends on 2026-09-07 11:33:00 PM NZST and does not remain through another sunrise. Ekadashi ends and Dwadashi begins on 2026-09-07 11:33:00 PM NZST. Dwadashi is present at Sooryodaya on 08-Sep-26 (Sooryodaya 06:32 AM). Dwadashi ends and Trayodashi begins on 2026-09-08 09:12:00 PM NZST. Therefore the Upavaasa is observed on 07-Sep-26. For Parana on 08-Sep-26, Sooryodaya is 06:32 AM, Pratah Kala ends at 08:51 AM, Dwadashi ends at 2026-09-08 09:12:00 PM NZST, and Hari Vasara ends at 2026-09-08 04:57:45 AM NZST. Hari Vasara ends before Sooryodaya, so there is no Hari-Vasara delay; Parana starts at Sooryodaya (06:32 AM). Pratah Kala ends at 08:51 AM, before Dwadashi ends; therefore Pratah Kala end is the limiting end time. Hence Parana is 06:32 AM to 08:51 AM.",2026-09-06:Dashami | 2026-09-07:Ekadashi | 2026-09-08:Dwadashi,2026-09-06:Ardra | 2026-09-07:Punarvasu | 2026-09-08:Pushya,2026-09-07 01:59:00 AM NZST,2026-09-07 11:33:00 PM NZST,2026-09-08 09:12:00 PM NZST,2026-09-07,06:34 AM,2026-09-07 04:58:00 AM NZST,2026-09-07,,2026-09-07:VALID (start 2026-09-07 01:59:00 AM NZST < Arunodaya 2026-09-07 04:58:00 AM NZST),2026-09-07,06:34 AM,2026-09-07 04:58:00 AM NZST,2026-09-08,Pushya,2026-09-08 04:57:45 AM NZST,2026-09-06,2026-09-08,2026-09-06 | 2026-09-07 | 2026-09-08,0,COMPLETE,,,Normal Ekadashi,NORMAL,Ekadashi began before Arunodaya and has one valid Ekadashi sunrise. No two-day exception is triggered.,2026-09-07:VALID (start 2026-09-07 01:59:00 AM NZST < Arunodaya 2026-09-07 04:58:00 AM NZST),2026-09-07,,2026-09-08,DWADASHI,PRATAH,2026-09-08 06:32:00 AM NZST,2026-09-08 08:50:48 AM NZST,Hari Vasara ended before Parana-day sunrise; Parana is sunrise to Pratah end.
Wellington,Wellington,New Zealand,Pacific/Auckland,geoname:2179537,2179537,Aja Ekadashi,2026-09-07,"Aja Ekadashi - Wellington. Dashami ends and Ekadashi begins on 2026-09-07 01:59:00 AM NZST. On 07-Sep-26, Sooryodaya is 06:37 AM and Arunodaya is 05:01 AM. Ekadashi is present at sunrise and had begun before Arunodaya, so this is a valid Ekadashi sunrise. Ekadashi ends on 2026-09-07 11:33:00 PM NZST and does not remain through another sunrise. Ekadashi ends and Dwadashi begins on 2026-09-07 11:33:00 PM NZST. Dwadashi is present at Sooryodaya on 08-Sep-26 (Sooryodaya 06:35 AM). Dwadashi ends and Trayodashi begins on 2026-09-08 09:12:00 PM NZST. Therefore the Upavaasa is observed on 07-Sep-26. For Parana on 08-Sep-26, Sooryodaya is 06:35 AM, Pratah Kala ends at 08:53 AM, Dwadashi ends at 2026-09-08 09:12:00 PM NZST, and Hari Vasara ends at 2026-09-08 04:57:45 AM NZST. Hari Vasara ends before Sooryodaya, so there is no Hari-Vasara delay; Parana starts at Sooryodaya (06:35 AM). Pratah Kala ends at 08:53 AM, before Dwadashi ends; therefore Pratah Kala end is the limiting end time. Hence Parana is 06:35 AM to 08:53 AM.",2026-09-06:Dashami | 2026-09-07:Ekadashi | 2026-09-08:Dwadashi,2026-09-06:Ardra | 2026-09-07:Punarvasu | 2026-09-08:Pushya,2026-09-07 01:59:00 AM NZST,2026-09-07 11:33:00 PM NZST,2026-09-08 09:12:00 PM NZST,2026-09-07,06:37 AM,2026-09-07 05:01:00 AM NZST,2026-09-07,,2026-09-07:VALID (start 2026-09-07 01:59:00 AM NZST < Arunodaya 2026-09-07 05:01:00 AM NZST),2026-09-07,06:37 AM,2026-09-07 05:01:00 AM NZST,2026-09-08,Pushya,2026-09-08 04:57:45 AM NZST,2026-09-06,2026-09-08,2026-09-06 | 2026-09-07 | 2026-09-08,0,COMPLETE,,,Normal Ekadashi,NORMAL,Ekadashi began before Arunodaya and has one valid Ekadashi sunrise. No two-day exception is triggered.,2026-09-07:VALID (start 2026-09-07 01:59:00 AM NZST < Arunodaya 2026-09-07 05:01:00 AM NZST),2026-09-07,,2026-09-08,DWADASHI,PRATAH,2026-09-08 06:35:00 AM NZST,2026-09-08 08:52:36 AM NZST,Hari Vasara ended before Parana-day sunrise; Parana is sunrise to Pratah end.
Christchurch,Canterbury,New Zealand,Pacific/Auckland,geoname:2192362,2192362,Aja Ekadashi,2026-09-07,"Aja Ekadashi - Christchurch. Dashami ends and Ekadashi begins on 2026-09-07 01:59:00 AM NZST. On 07-Sep-26, Sooryodaya is 06:47 AM and Arunodaya is 05:11 AM. Ekadashi is present at sunrise and had begun before Arunodaya, so this is a valid Ekadashi sunrise. Ekadashi ends on 2026-09-07 11:33:00 PM NZST and does not remain through another sunrise. Ekadashi ends and Dwadashi begins on 2026-09-07 11:33:00 PM NZST. Dwadashi is present at Sooryodaya on 08-Sep-26 (Sooryodaya 06:45 AM). Dwadashi ends and Trayodashi begins on 2026-09-08 09:12:00 PM NZST. Therefore the Upavaasa is observed on 07-Sep-26. For Parana on 08-Sep-26, Sooryodaya is 06:45 AM, Pratah Kala ends at 09:02 AM, Dwadashi ends at 2026-09-08 09:12:00 PM NZST, and Hari Vasara ends at 2026-09-08 04:57:45 AM NZST. Hari Vasara ends before Sooryodaya, so there is no Hari-Vasara delay; Parana starts at Sooryodaya (06:45 AM). Pratah Kala ends at 09:02 AM, before Dwadashi ends; therefore Pratah Kala end is the limiting end time. Hence Parana is 06:45 AM to 09:02 AM.",2026-09-06:Dashami | 2026-09-07:Ekadashi | 2026-09-08:Dwadashi,2026-09-06:Ardra | 2026-09-07:Punarvasu | 2026-09-08:Pushya,2026-09-07 01:59:00 AM NZST,2026-09-07 11:33:00 PM NZST,2026-09-08 09:12:00 PM NZST,2026-09-07,06:47 AM,2026-09-07 05:11:00 AM NZST,2026-09-07,,2026-09-07:VALID (start 2026-09-07 01:59:00 AM NZST < Arunodaya 2026-09-07 05:11:00 AM NZST),2026-09-07,06:47 AM,2026-09-07 05:11:00 AM NZST,2026-09-08,Pushya,2026-09-08 04:57:45 AM NZST,2026-09-06,2026-09-08,2026-09-06 | 2026-09-07 | 2026-09-08,0,COMPLETE,,,Normal Ekadashi,NORMAL,Ekadashi began before Arunodaya and has one valid Ekadashi sunrise. No two-day exception is triggered.,2026-09-07:VALID (start 2026-09-07 01:59:00 AM NZST < Arunodaya 2026-09-07 05:11:00 AM NZST),2026-09-07,,2026-09-08,DWADASHI,PRATAH,2026-09-08 06:45:00 AM NZST,2026-09-08 09:02:00 AM NZST,Hari Vasara ended before Parana-day sunrise; Parana is sunrise to Pratah end.
Agartala,Tripura,India,Asia/Kolkata,geoname:1279290,1279290,Aja Ekadashi,2026-09-07,"Aja Ekadashi - Agartala. Dashami ends and Ekadashi begins on 2026-09-06 07:29:00 PM IST. On 07-Sep-26, Sooryodaya is 05:08 AM and Arunodaya is 03:32 AM. Ekadashi is present at sunrise and had begun before Arunodaya, so this is a valid Ekadashi sunrise. Ekadashi ends on 2026-09-07 05:03:00 PM IST and does not remain through another sunrise. Ekadashi ends and Dwadashi begins on 2026-09-07 05:03:00 PM IST. Dwadashi is present at Sooryodaya on 08-Sep-26 (Sooryodaya 05:09 AM). Dwadashi ends and Trayodashi begins on 2026-09-08 02:42:00 PM IST. Therefore the Upavaasa is observed on 07-Sep-26. For Parana on 08-Sep-26, Sooryodaya is 05:09 AM, Pratah Kala ends at 07:38 AM, Dwadashi ends at 2026-09-08 02:42:00 PM IST, and Hari Vasara ends at 2026-09-07 10:27:45 PM IST. Hari Vasara ends before Sooryodaya, so there is no Hari-Vasara delay; Parana starts at Sooryodaya (05:09 AM). Pratah Kala ends at 07:38 AM, before Dwadashi ends; therefore Pratah Kala end is the limiting end time. Hence Parana is 05:09 AM to 07:38 AM.",2026-09-06:Dashami | 2026-09-07:Ekadashi | 2026-09-08:Dwadashi,2026-09-06:Ardra | 2026-09-07:Punarvasu | 2026-09-08:Pushya,2026-09-06 07:29:00 PM IST,2026-09-07 05:03:00 PM IST,2026-09-08 02:42:00 PM IST,2026-09-07,05:08 AM,2026-09-07 03:32:00 AM IST,2026-09-07,,2026-09-07:VALID (start 2026-09-06 07:29:00 PM IST < Arunodaya 2026-09-07 03:32:00 AM IST),2026-09-07,05:08 AM,2026-09-07 03:32:00 AM IST,2026-09-08,Pushya,2026-09-07 10:27:45 PM IST,2026-09-06,2026-09-08,2026-09-06 | 2026-09-07 | 2026-09-08,0,COMPLETE,,,Normal Ekadashi,NORMAL,Ekadashi began before Arunodaya and has one valid Ekadashi sunrise. No two-day exception is triggered.,2026-09-07:VALID (start 2026-09-06 07:29:00 PM IST < Arunodaya 2026-09-07 03:32:00 AM IST),2026-09-07,,2026-09-08,DWADASHI,PRATAH,2026-09-08 05:09:00 AM IST,2026-09-08 07:38:24 AM IST,Hari Vasara ended before Parana-day sunrise; Parana is sunrise to Pratah end.
Guwahati,Assam,India,Asia/Kolkata,geoname:1271476,1271476,Aja Ekadashi,2026-09-07,"Aja Ekadashi - Guwahati. Dashami ends and Ekadashi begins on 2026-09-06 07:29:00 PM IST. On 07-Sep-26, Sooryodaya is 05:05 AM and Arunodaya is 03:29 AM. Ekadashi is present at sunrise and had begun before Arunodaya, so this is a valid Ekadashi sunrise. Ekadashi ends on 2026-09-07 05:03:00 PM IST and does not remain through another sunrise. Ekadashi ends and Dwadashi begins on 2026-09-07 05:03:00 PM IST. Dwadashi is present at Sooryodaya on 08-Sep-26 (Sooryodaya 05:06 AM). Dwadashi ends and Trayodashi begins on 2026-09-08 02:42:00 PM IST. Therefore the Upavaasa is observed on 07-Sep-26. For Parana on 08-Sep-26, Sooryodaya is 05:06 AM, Pratah Kala ends at 07:36 AM, Dwadashi ends at 2026-09-08 02:42:00 PM IST, and Hari Vasara ends at 2026-09-07 10:27:45 PM IST. Hari Vasara ends before Sooryodaya, so there is no Hari-Vasara delay; Parana starts at Sooryodaya (05:06 AM). Pratah Kala ends at 07:36 AM, before Dwadashi ends; therefore Pratah Kala end is the limiting end time. Hence Parana is 05:06 AM to 07:36 AM.",2026-09-06:Dashami | 2026-09-07:Ekadashi | 2026-09-08:Dwadashi,2026-09-06:Ardra | 2026-09-07:Punarvasu | 2026-09-08:Pushya,2026-09-06 07:29:00 PM IST,2026-09-07 05:03:00 PM IST,2026-09-08 02:42:00 PM IST,2026-09-07,05:05 AM,2026-09-07 03:29:00 AM IST,2026-09-07,,2026-09-07:VALID (start 2026-09-06 07:29:00 PM IST < Arunodaya 2026-09-07 03:29:00 AM IST),2026-09-07,05:05 AM,2026-09-07 03:29:00 AM IST,2026-09-08,Pushya,2026-09-07 10:27:45 PM IST,2026-09-06,2026-09-08,2026-09-06 | 2026-09-07 | 2026-09-08,0,COMPLETE,,,Normal Ekadashi,NORMAL,Ekadashi began before Arunodaya and has one valid Ekadashi sunrise. No two-day exception is triggered.,2026-09-07:VALID (start 2026-09-06 07:29:00 PM IST < Arunodaya 2026-09-07 03:29:00 AM IST),2026-09-07,,2026-09-08,DWADASHI,PRATAH,2026-09-08 05:06:00 AM IST,2026-09-08 07:35:48 AM IST,Hari Vasara ended before Parana-day sunrise; Parana is sunrise to Pratah end.
Shiliguri,West Bengal,India,Asia/Kolkata,geoname:1256525,1256525,Aja Ekadashi,2026-09-07,"Aja Ekadashi - Shiliguri. Dashami ends and Ekadashi begins on 2026-09-06 07:29:00 PM IST. On 07-Sep-26, Sooryodaya is 05:18 AM and Arunodaya is 03:42 AM. Ekadashi is present at sunrise and had begun before Arunodaya, so this is a valid Ekadashi sunrise. Ekadashi ends on 2026-09-07 05:03:00 PM IST and does not remain through another sunrise. Ekadashi ends and Dwadashi begins on 2026-09-07 05:03:00 PM IST. Dwadashi is present at Sooryodaya on 08-Sep-26 (Sooryodaya 05:19 AM). Dwadashi ends and Trayodashi begins on 2026-09-08 02:42:00 PM IST. Therefore the Upavaasa is observed on 07-Sep-26. For Parana on 08-Sep-26, Sooryodaya is 05:19 AM, Pratah Kala ends at 07:49 AM, Dwadashi ends at 2026-09-08 02:42:00 PM IST, and Hari Vasara ends at 2026-09-07 10:27:45 PM IST. Hari Vasara ends before Sooryodaya, so there is no Hari-Vasara delay; Parana starts at Sooryodaya (05:19 AM). Pratah Kala ends at 07:49 AM, before Dwadashi ends; therefore Pratah Kala end is the limiting end time. Hence Parana is 05:19 AM to 07:49 AM.",2026-09-06:Dashami | 2026-09-07:Ekadashi | 2026-09-08:Dwadashi,2026-09-06:Ardra | 2026-09-07:Punarvasu | 2026-09-08:Pushya,2026-09-06 07:29:00 PM IST,2026-09-07 05:03:00 PM IST,2026-09-08 02:42:00 PM IST,2026-09-07,05:18 AM,2026-09-07 03:42:00 AM IST,2026-09-07,,2026-09-07:VALID (start 2026-09-06 07:29:00 PM IST < Arunodaya 2026-09-07 03:42:00 AM IST),2026-09-07,05:18 AM,2026-09-07 03:42:00 AM IST,2026-09-08,Pushya,2026-09-07 10:27:45 PM IST,2026-09-06,2026-09-08,2026-09-06 | 2026-09-07 | 2026-09-08,0,COMPLETE,,,Normal Ekadashi,NORMAL,Ekadashi began before Arunodaya and has one valid Ekadashi sunrise. No two-day exception is triggered.,2026-09-07:VALID (start 2026-09-06 07:29:00 PM IST < Arunodaya 2026-09-07 03:42:00 AM IST),2026-09-07,,2026-09-08,DWADASHI,PRATAH,2026-09-08 05:19:00 AM IST,2026-09-08 07:49:00 AM IST,Hari Vasara ended before Parana-day sunrise; Parana is sunrise to Pratah end.
Aizawl,Mizoram,India,Asia/Kolkata,geoname:1279186,1279186,Aja Ekadashi,2026-09-07,"Aja Ekadashi - Aizawl. Dashami ends and Ekadashi begins on 2026-09-06 07:29:00 PM IST. On 07-Sep-26, Sooryodaya is 05:03 AM and Arunodaya is 03:27 AM. Ekadashi is present at sunrise and had begun before Arunodaya, so this is a valid Ekadashi sunrise. Ekadashi ends on 2026-09-07 05:03:00 PM IST and does not remain through another sunrise. Ekadashi ends and Dwadashi begins on 2026-09-07 05:03:00 PM IST. Dwadashi is present at Sooryodaya on 08-Sep-26 (Sooryodaya 05:03 AM). Dwadashi ends and Trayodashi begins on 2026-09-08 02:42:00 PM IST. Therefore the Upavaasa is observed on 07-Sep-26. For Parana on 08-Sep-26, Sooryodaya is 05:03 AM, Pratah Kala ends at 07:32 AM, Dwadashi ends at 2026-09-08 02:42:00 PM IST, and Hari Vasara ends at 2026-09-07 10:27:45 PM IST. Hari Vasara ends before Sooryodaya, so there is no Hari-Vasara delay; Parana starts at Sooryodaya (05:03 AM). Pratah Kala ends at 07:32 AM, before Dwadashi ends; therefore Pratah Kala end is the limiting end time. Hence Parana is 05:03 AM to 07:32 AM.",2026-09-06:Dashami | 2026-09-07:Ekadashi | 2026-09-08:Dwadashi,2026-09-06:Ardra | 2026-09-07:Punarvasu | 2026-09-08:Pushya,2026-09-06 07:29:00 PM IST,2026-09-07 05:03:00 PM IST,2026-09-08 02:42:00 PM IST,2026-09-07,05:03 AM,2026-09-07 03:27:00 AM IST,2026-09-07,,2026-09-07:VALID (start 2026-09-06 07:29:00 PM IST < Arunodaya 2026-09-07 03:27:00 AM IST),2026-09-07,05:03 AM,2026-09-07 03:27:00 AM IST,2026-09-08,Pushya,2026-09-07 10:27:45 PM IST,2026-09-06,2026-09-08,2026-09-06 | 2026-09-07 | 2026-09-08,0,COMPLETE,,,Normal Ekadashi,NORMAL,Ekadashi began before Arunodaya and has one valid Ekadashi sunrise. No two-day exception is triggered.,2026-09-07:VALID (start 2026-09-06 07:29:00 PM IST < Arunodaya 2026-09-07 03:27:00 AM IST),2026-09-07,,2026-09-08,DWADASHI,PRATAH,2026-09-08 05:03:00 AM IST,2026-09-08 07:32:24 AM IST,Hari Vasara ended before Parana-day sunrise; Parana is sunrise to Pratah end.
Gangtok,Sikkim,India,Asia/Kolkata,geoname:1271631,1271631,Aja Ekadashi,2026-09-07,"Aja Ekadashi - Gangtok. Dashami ends and Ekadashi begins on 2026-09-06 07:29:00 PM IST. On 07-Sep-26, Sooryodaya is 05:17 AM and Arunodaya is 03:41 AM. Ekadashi is present at sunrise and had begun before Arunodaya, so this is a valid Ekadashi sunrise. Ekadashi ends on 2026-09-07 05:03:00 PM IST and does not remain through another sunrise. Ekadashi ends and Dwadashi begins on 2026-09-07 05:03:00 PM IST. Dwadashi is present at Sooryodaya on 08-Sep-26 (Sooryodaya 05:18 AM). Dwadashi ends and Trayodashi begins on 2026-09-08 02:42:00 PM IST. Therefore the Upavaasa is observed on 07-Sep-26. For Parana on 08-Sep-26, Sooryodaya is 05:18 AM, Pratah Kala ends at 07:48 AM, Dwadashi ends at 2026-09-08 02:42:00 PM IST, and Hari Vasara ends at 2026-09-07 10:27:45 PM IST. Hari Vasara ends before Sooryodaya, so there is no Hari-Vasara delay; Parana starts at Sooryodaya (05:18 AM). Pratah Kala ends at 07:48 AM, before Dwadashi ends; therefore Pratah Kala end is the limiting end time. Hence Parana is 05:18 AM to 07:48 AM.",2026-09-06:Dashami | 2026-09-07:Ekadashi | 2026-09-08:Dwadashi,2026-09-06:Ardra | 2026-09-07:Punarvasu | 2026-09-08:Pushya,2026-09-06 07:29:00 PM IST,2026-09-07 05:03:00 PM IST,2026-09-08 02:42:00 PM IST,2026-09-07,05:17 AM,2026-09-07 03:41:00 AM IST,2026-09-07,,2026-09-07:VALID (start 2026-09-06 07:29:00 PM IST < Arunodaya 2026-09-07 03:41:00 AM IST),2026-09-07,05:17 AM,2026-09-07 03:41:00 AM IST,2026-09-08,Pushya,2026-09-07 10:27:45 PM IST,2026-09-06,2026-09-08,2026-09-06 | 2026-09-07 | 2026-09-08,0,COMPLETE,,,Normal Ekadashi,NORMAL,Ekadashi began before Arunodaya and has one valid Ekadashi sunrise. No two-day exception is triggered.,2026-09-07:VALID (start 2026-09-06 07:29:00 PM IST < Arunodaya 2026-09-07 03:41:00 AM IST),2026-09-07,,2026-09-08,DWADASHI,PRATAH,2026-09-08 05:18:00 AM IST,2026-09-08 07:48:00 AM IST,Hari Vasara ended before Parana-day sunrise; Parana is sunrise to Pratah end.
Silchar,Assam,India,Asia/Kolkata,geoname:1256287,1256287,Aja Ekadashi,2026-09-07,"Aja Ekadashi - Silchar. Dashami ends and Ekadashi begins on 2026-09-06 07:29:00 PM IST. On 07-Sep-26, Sooryodaya is 05:02 AM and Arunodaya is 03:26 AM. Ekadashi is present at sunrise and had begun before Arunodaya, so this is a valid Ekadashi sunrise. Ekadashi ends on 2026-09-07 05:03:00 PM IST and does not remain through another sunrise. Ekadashi ends and Dwadashi begins on 2026-09-07 05:03:00 PM IST. Dwadashi is present at Sooryodaya on 08-Sep-26 (Sooryodaya 05:02 AM). Dwadashi ends and Trayodashi begins on 2026-09-08 02:42:00 PM IST. Therefore the Upavaasa is observed on 07-Sep-26. For Parana on 08-Sep-26, Sooryodaya is 05:02 AM, Pratah Kala ends at 07:32 AM, Dwadashi ends at 2026-09-08 02:42:00 PM IST, and Hari Vasara ends at 2026-09-07 10:27:45 PM IST. Hari Vasara ends before Sooryodaya, so there is no Hari-Vasara delay; Parana starts at Sooryodaya (05:02 AM). Pratah Kala ends at 07:32 AM, before Dwadashi ends; therefore Pratah Kala end is the limiting end time. Hence Parana is 05:02 AM to 07:32 AM.",2026-09-06:Dashami | 2026-09-07:Ekadashi | 2026-09-08:Dwadashi,2026-09-06:Ardra | 2026-09-07:Punarvasu | 2026-09-08:Pushya,2026-09-06 07:29:00 PM IST,2026-09-07 05:03:00 PM IST,2026-09-08 02:42:00 PM IST,2026-09-07,05:02 AM,2026-09-07 03:26:00 AM IST,2026-09-07,,2026-09-07:VALID (start 2026-09-06 07:29:00 PM IST < Arunodaya 2026-09-07 03:26:00 AM IST),2026-09-07,05:02 AM,2026-09-07 03:26:00 AM IST,2026-09-08,Pushya,2026-09-07 10:27:45 PM IST,2026-09-06,2026-09-08,2026-09-06 | 2026-09-07 | 2026-09-08,0,COMPLETE,,,Normal Ekadashi,NORMAL,Ekadashi began before Arunodaya and has one valid Ekadashi sunrise. No two-day exception is triggered.,2026-09-07:VALID (start 2026-09-06 07:29:00 PM IST < Arunodaya 2026-09-07 03:26:00 AM IST),2026-09-07,,2026-09-08,DWADASHI,PRATAH,2026-09-08 05:02:00 AM IST,2026-09-08 07:31:36 AM IST,Hari Vasara ended before Parana-day sunrise; Parana is sunrise to Pratah end.
Dibrugarh,Assam,India,Asia/Kolkata,geoname:1272648,1272648,Aja Ekadashi,2026-09-07,"Aja Ekadashi - Dibrugarh. Dashami ends and Ekadashi begins on 2026-09-06 07:29:00 PM IST. On 07-Sep-26, Sooryodaya is 04:52 AM and Arunodaya is 03:16 AM. Ekadashi is present at sunrise and had begun before Arunodaya, so this is a valid Ekadashi sunrise. Ekadashi ends on 2026-09-07 05:03:00 PM IST and does not remain through another sunrise. Ekadashi ends and Dwadashi begins on 2026-09-07 05:03:00 PM IST. Dwadashi is present at Sooryodaya on 08-Sep-26 (Sooryodaya 04:52 AM). Dwadashi ends and Trayodashi begins on 2026-09-08 02:42:00 PM IST. Therefore the Upavaasa is observed on 07-Sep-26. For Parana on 08-Sep-26, Sooryodaya is 04:52 AM, Pratah Kala ends at 07:22 AM, Dwadashi ends at 2026-09-08 02:42:00 PM IST, and Hari Vasara ends at 2026-09-07 10:27:45 PM IST. Hari Vasara ends before Sooryodaya, so there is no Hari-Vasara delay; Parana starts at Sooryodaya (04:52 AM). Pratah Kala ends at 07:22 AM, before Dwadashi ends; therefore Pratah Kala end is the limiting end time. Hence Parana is 04:52 AM to 07:22 AM.",2026-09-06:Dashami | 2026-09-07:Ekadashi | 2026-09-08:Dwadashi,2026-09-06:Ardra | 2026-09-07:Punarvasu | 2026-09-08:Pushya,2026-09-06 07:29:00 PM IST,2026-09-07 05:03:00 PM IST,2026-09-08 02:42:00 PM IST,2026-09-07,04:52 AM,2026-09-07 03:16:00 AM IST,2026-09-07,,2026-09-07:VALID (start 2026-09-06 07:29:00 PM IST < Arunodaya 2026-09-07 03:16:00 AM IST),2026-09-07,04:52 AM,2026-09-07 03:16:00 AM IST,2026-09-08,Pushya,2026-09-07 10:27:45 PM IST,2026-09-06,2026-09-08,2026-09-06 | 2026-09-07 | 2026-09-08,0,COMPLETE,,,Normal Ekadashi,NORMAL,Ekadashi began before Arunodaya and has one valid Ekadashi sunrise. No two-day exception is triggered.,2026-09-07:VALID (start 2026-09-06 07:29:00 PM IST < Arunodaya 2026-09-07 03:16:00 AM IST),2026-09-07,,2026-09-08,DWADASHI,PRATAH,2026-09-08 04:52:00 AM IST,2026-09-08 07:22:12 AM IST,Hari Vasara ended before Parana-day sunrise; Parana is sunrise to Pratah end.
Imphal,Manipur,India,Asia/Kolkata,geoname:1269771,1269771,Aja Ekadashi,2026-09-07,"Aja Ekadashi - Imphal. Dashami ends and Ekadashi begins on 2026-09-06 07:29:00 PM IST. On 07-Sep-26, Sooryodaya is 04:57 AM and Arunodaya is 03:21 AM. Ekadashi is present at sunrise and had begun before Arunodaya, so this is a valid Ekadashi sunrise. Ekadashi ends on 2026-09-07 05:03:00 PM IST and does not remain through another sunrise. Ekadashi ends and Dwadashi begins on 2026-09-07 05:03:00 PM IST. Dwadashi is present at Sooryodaya on 08-Sep-26 (Sooryodaya 04:58 AM). Dwadashi ends and Trayodashi begins on 2026-09-08 02:42:00 PM IST. Therefore the Upavaasa is observed on 07-Sep-26. For Parana on 08-Sep-26, Sooryodaya is 04:58 AM, Pratah Kala ends at 07:28 AM, Dwadashi ends at 2026-09-08 02:42:00 PM IST, and Hari Vasara ends at 2026-09-07 10:27:45 PM IST. Hari Vasara ends before Sooryodaya, so there is no Hari-Vasara delay; Parana starts at Sooryodaya (04:58 AM). Pratah Kala ends at 07:28 AM, before Dwadashi ends; therefore Pratah Kala end is the limiting end time. Hence Parana is 04:58 AM to 07:28 AM.",2026-09-06:Dashami | 2026-09-07:Ekadashi | 2026-09-08:Dwadashi,2026-09-06:Ardra | 2026-09-07:Punarvasu | 2026-09-08:Pushya,2026-09-06 07:29:00 PM IST,2026-09-07 05:03:00 PM IST,2026-09-08 02:42:00 PM IST,2026-09-07,04:57 AM,2026-09-07 03:21:00 AM IST,2026-09-07,,2026-09-07:VALID (start 2026-09-06 07:29:00 PM IST < Arunodaya 2026-09-07 03:21:00 AM IST),2026-09-07,04:57 AM,2026-09-07 03:21:00 AM IST,2026-09-08,Pushya,2026-09-07 10:27:45 PM IST,2026-09-06,2026-09-08,2026-09-06 | 2026-09-07 | 2026-09-08,0,COMPLETE,,,Normal Ekadashi,NORMAL,Ekadashi began before Arunodaya and has one valid Ekadashi sunrise. No two-day exception is triggered.,2026-09-07:VALID (start 2026-09-06 07:29:00 PM IST < Arunodaya 2026-09-07 03:21:00 AM IST),2026-09-07,,2026-09-08,DWADASHI,PRATAH,2026-09-08 04:58:00 AM IST,2026-09-08 07:27:36 AM IST,Hari Vasara ended before Parana-day sunrise; Parana is sunrise to Pratah end.
Dimapur,Nagaland,India,Asia/Kolkata,geoname:1272552,1272552,Aja Ekadashi,2026-09-07,"Aja Ekadashi - Dimapur. Dashami ends and Ekadashi begins on 2026-09-06 07:29:00 PM IST. On 07-Sep-26, Sooryodaya is 04:58 AM and Arunodaya is 03:22 AM. Ekadashi is present at sunrise and had begun before Arunodaya, so this is a valid Ekadashi sunrise. Ekadashi ends on 2026-09-07 05:03:00 PM IST and does not remain through another sunrise. Ekadashi ends and Dwadashi begins on 2026-09-07 05:03:00 PM IST. Dwadashi is present at Sooryodaya on 08-Sep-26 (Sooryodaya 04:58 AM). Dwadashi ends and Trayodashi begins on 2026-09-08 02:42:00 PM IST. Therefore the Upavaasa is observed on 07-Sep-26. For Parana on 08-Sep-26, Sooryodaya is 04:58 AM, Pratah Kala ends at 07:28 AM, Dwadashi ends at 2026-09-08 02:42:00 PM IST, and Hari Vasara ends at 2026-09-07 10:27:45 PM IST. Hari Vasara ends before Sooryodaya, so there is no Hari-Vasara delay; Parana starts at Sooryodaya (04:58 AM). Pratah Kala ends at 07:28 AM, before Dwadashi ends; therefore Pratah Kala end is the limiting end time. Hence Parana is 04:58 AM to 07:28 AM.",2026-09-06:Dashami | 2026-09-07:Ekadashi | 2026-09-08:Dwadashi,2026-09-06:Ardra | 2026-09-07:Punarvasu | 2026-09-08:Pushya,2026-09-06 07:29:00 PM IST,2026-09-07 05:03:00 PM IST,2026-09-08 02:42:00 PM IST,2026-09-07,04:58 AM,2026-09-07 03:22:00 AM IST,2026-09-07,,2026-09-07:VALID (start 2026-09-06 07:29:00 PM IST < Arunodaya 2026-09-07 03:22:00 AM IST),2026-09-07,04:58 AM,2026-09-07 03:22:00 AM IST,2026-09-08,Pushya,2026-09-07 10:27:45 PM IST,2026-09-06,2026-09-08,2026-09-06 | 2026-09-07 | 2026-09-08,0,COMPLETE,,,Normal Ekadashi,NORMAL,Ekadashi began before Arunodaya and has one valid Ekadashi sunrise. No two-day exception is triggered.,2026-09-07:VALID (start 2026-09-06 07:29:00 PM IST < Arunodaya 2026-09-07 03:22:00 AM IST),2026-09-07,,2026-09-08,DWADASHI,PRATAH,2026-09-08 04:58:00 AM IST,2026-09-08 07:27:48 AM IST,Hari Vasara ended before Parana-day sunrise; Parana is sunrise to Pratah end.
Itanagar,Arunachal Pradesh,India,Asia/Kolkata,geoname:1269655,1269655,Aja Ekadashi,2026-09-07,"Aja Ekadashi - Itanagar. Dashami ends and Ekadashi begins on 2026-09-06 07:29:00 PM IST. On 07-Sep-26, Sooryodaya is 04:57 AM and Arunodaya is 03:21 AM. Ekadashi is present at sunrise and had begun before Arunodaya, so this is a valid Ekadashi sunrise. Ekadashi ends on 2026-09-07 05:03:00 PM IST and does not remain through another sunrise. Ekadashi ends and Dwadashi begins on 2026-09-07 05:03:00 PM IST. Dwadashi is present at Sooryodaya on 08-Sep-26 (Sooryodaya 04:58 AM). Dwadashi ends and Trayodashi begins on 2026-09-08 02:42:00 PM IST. Therefore the Upavaasa is observed on 07-Sep-26. For Parana on 08-Sep-26, Sooryodaya is 04:58 AM, Pratah Kala ends at 07:28 AM, Dwadashi ends at 2026-09-08 02:42:00 PM IST, and Hari Vasara ends at 2026-09-07 10:27:45 PM IST. Hari Vasara ends before Sooryodaya, so there is no Hari-Vasara delay; Parana starts at Sooryodaya (04:58 AM). Pratah Kala ends at 07:28 AM, before Dwadashi ends; therefore Pratah Kala end is the limiting end time. Hence Parana is 04:58 AM to 07:28 AM.",2026-09-06:Dashami | 2026-09-07:Ekadashi | 2026-09-08:Dwadashi,2026-09-06:Ardra | 2026-09-07:Punarvasu | 2026-09-08:Pushya,2026-09-06 07:29:00 PM IST,2026-09-07 05:03:00 PM IST,2026-09-08 02:42:00 PM IST,2026-09-07,04:57 AM,2026-09-07 03:21:00 AM IST,2026-09-07,,2026-09-07:VALID (start 2026-09-06 07:29:00 PM IST < Arunodaya 2026-09-07 03:21:00 AM IST),2026-09-07,04:57 AM,2026-09-07 03:21:00 AM IST,2026-09-08,Pushya,2026-09-07 10:27:45 PM IST,2026-09-06,2026-09-08,2026-09-06 | 2026-09-07 | 2026-09-08,0,COMPLETE,,,Normal Ekadashi,NORMAL,Ekadashi began before Arunodaya and has one valid Ekadashi sunrise. No two-day exception is triggered.,2026-09-07:VALID (start 2026-09-06 07:29:00 PM IST < Arunodaya 2026-09-07 03:21:00 AM IST),2026-09-07,,2026-09-08,DWADASHI,PRATAH,2026-09-08 04:58:00 AM IST,2026-09-08 07:28:00 AM IST,Hari Vasara ended before Parana-day sunrise; Parana is sunrise to Pratah end.
Madurai,Tamil Nadu,India,Asia/Kolkata,geoname:1264521,1264521,Aja Ekadashi,2026-09-07,"Aja Ekadashi - Madurai. Dashami ends and Ekadashi begins on 2026-09-06 07:29:00 PM IST. On 07-Sep-26, Sooryodaya is 06:08 AM and Arunodaya is 04:32 AM. Ekadashi is present at sunrise and had begun before Arunodaya, so this is a valid Ekadashi sunrise. Ekadashi ends on 2026-09-07 05:03:00 PM IST and does not remain through another sunrise. Ekadashi ends and Dwadashi begins on 2026-09-07 05:03:00 PM IST. Dwadashi is present at Sooryodaya on 08-Sep-26 (Sooryodaya 06:08 AM). Dwadashi ends and Trayodashi begins on 2026-09-08 02:42:00 PM IST. Therefore the Upavaasa is observed on 07-Sep-26. For Parana on 08-Sep-26, Sooryodaya is 06:08 AM, Pratah Kala ends at 08:35 AM, Dwadashi ends at 2026-09-08 02:42:00 PM IST, and Hari Vasara ends at 2026-09-07 10:27:45 PM IST. Hari Vasara ends before Sooryodaya, so there is no Hari-Vasara delay; Parana starts at Sooryodaya (06:08 AM). Pratah Kala ends at 08:35 AM, before Dwadashi ends; therefore Pratah Kala end is the limiting end time. Hence Parana is 06:08 AM to 08:35 AM.",2026-09-06:Dashami | 2026-09-07:Ekadashi | 2026-09-08:Dwadashi,2026-09-06:Ardra | 2026-09-07:Punarvasu | 2026-09-08:Pushya,2026-09-06 07:29:00 PM IST,2026-09-07 05:03:00 PM IST,2026-09-08 02:42:00 PM IST,2026-09-07,06:08 AM,2026-09-07 04:32:00 AM IST,2026-09-07,,2026-09-07:VALID (start 2026-09-06 07:29:00 PM IST < Arunodaya 2026-09-07 04:32:00 AM IST),2026-09-07,06:08 AM,2026-09-07 04:32:00 AM IST,2026-09-08,Pushya,2026-09-07 10:27:45 PM IST,2026-09-06,2026-09-08,2026-09-06 | 2026-09-07 | 2026-09-08,0,COMPLETE,,,Normal Ekadashi,NORMAL,Ekadashi began before Arunodaya and has one valid Ekadashi sunrise. No two-day exception is triggered.,2026-09-07:VALID (start 2026-09-06 07:29:00 PM IST < Arunodaya 2026-09-07 04:32:00 AM IST),2026-09-07,,2026-09-08,DWADASHI,PRATAH,2026-09-08 06:08:00 AM IST,2026-09-08 08:34:48 AM IST,Hari Vasara ended before Parana-day sunrise; Parana is sunrise to Pratah end.
Kumbakonam,Tamil Nadu,India,Asia/Kolkata,geoname:1265683,1265683,Aja Ekadashi,2026-09-07,"Aja Ekadashi - Kumbakonam. Dashami ends and Ekadashi begins on 2026-09-06 07:29:00 PM IST. On 07-Sep-26, Sooryodaya is 06:02 AM and Arunodaya is 04:26 AM. Ekadashi is present at sunrise and had begun before Arunodaya, so this is a valid Ekadashi sunrise. Ekadashi ends on 2026-09-07 05:03:00 PM IST and does not remain through another sunrise. Ekadashi ends and Dwadashi begins on 2026-09-07 05:03:00 PM IST. Dwadashi is present at Sooryodaya on 08-Sep-26 (Sooryodaya 06:02 AM). Dwadashi ends and Trayodashi begins on 2026-09-08 02:42:00 PM IST. Therefore the Upavaasa is observed on 07-Sep-26. For Parana on 08-Sep-26, Sooryodaya is 06:02 AM, Pratah Kala ends at 08:29 AM, Dwadashi ends at 2026-09-08 02:42:00 PM IST, and Hari Vasara ends at 2026-09-07 10:27:45 PM IST. Hari Vasara ends before Sooryodaya, so there is no Hari-Vasara delay; Parana starts at Sooryodaya (06:02 AM). Pratah Kala ends at 08:29 AM, before Dwadashi ends; therefore Pratah Kala end is the limiting end time. Hence Parana is 06:02 AM to 08:29 AM.",2026-09-06:Dashami | 2026-09-07:Ekadashi | 2026-09-08:Dwadashi,2026-09-06:Ardra | 2026-09-07:Punarvasu | 2026-09-08:Pushya,2026-09-06 07:29:00 PM IST,2026-09-07 05:03:00 PM IST,2026-09-08 02:42:00 PM IST,2026-09-07,06:02 AM,2026-09-07 04:26:00 AM IST,2026-09-07,,2026-09-07:VALID (start 2026-09-06 07:29:00 PM IST < Arunodaya 2026-09-07 04:26:00 AM IST),2026-09-07,06:02 AM,2026-09-07 04:26:00 AM IST,2026-09-08,Pushya,2026-09-07 10:27:45 PM IST,2026-09-06,2026-09-08,2026-09-06 | 2026-09-07 | 2026-09-08,0,COMPLETE,,,Normal Ekadashi,NORMAL,Ekadashi began before Arunodaya and has one valid Ekadashi sunrise. No two-day exception is triggered.,2026-09-07:VALID (start 2026-09-06 07:29:00 PM IST < Arunodaya 2026-09-07 04:26:00 AM IST),2026-09-07,,2026-09-08,DWADASHI,PRATAH,2026-09-08 06:02:00 AM IST,2026-09-08 08:29:12 AM IST,Hari Vasara ended before Parana-day sunrise; Parana is sunrise to Pratah end.
Chidambaram,Tamil Nadu,India,Asia/Kolkata,geoname:1274256,1274256,Aja Ekadashi,2026-09-07,"Aja Ekadashi - Chidambaram. Dashami ends and Ekadashi begins on 2026-09-06 07:29:00 PM IST. On 07-Sep-26, Sooryodaya is 06:01 AM and Arunodaya is 04:25 AM. Ekadashi is present at sunrise and had begun before Arunodaya, so this is a valid Ekadashi sunrise. Ekadashi ends on 2026-09-07 05:03:00 PM IST and does not remain through another sunrise. Ekadashi ends and Dwadashi begins on 2026-09-07 05:03:00 PM IST. Dwadashi is present at Sooryodaya on 08-Sep-26 (Sooryodaya 06:01 AM). Dwadashi ends and Trayodashi begins on 2026-09-08 02:42:00 PM IST. Therefore the Upavaasa is observed on 07-Sep-26. For Parana on 08-Sep-26, Sooryodaya is 06:01 AM, Pratah Kala ends at 08:28 AM, Dwadashi ends at 2026-09-08 02:42:00 PM IST, and Hari Vasara ends at 2026-09-07 10:27:45 PM IST. Hari Vasara ends before Sooryodaya, so there is no Hari-Vasara delay; Parana starts at Sooryodaya (06:01 AM). Pratah Kala ends at 08:28 AM, before Dwadashi ends; therefore Pratah Kala end is the limiting end time. Hence Parana is 06:01 AM to 08:28 AM.",2026-09-06:Dashami | 2026-09-07:Ekadashi | 2026-09-08:Dwadashi,2026-09-06:Ardra | 2026-09-07:Punarvasu | 2026-09-08:Pushya,2026-09-06 07:29:00 PM IST,2026-09-07 05:03:00 PM IST,2026-09-08 02:42:00 PM IST,2026-09-07,06:01 AM,2026-09-07 04:25:00 AM IST,2026-09-07,,2026-09-07:VALID (start 2026-09-06 07:29:00 PM IST < Arunodaya 2026-09-07 04:25:00 AM IST),2026-09-07,06:01 AM,2026-09-07 04:25:00 AM IST,2026-09-08,Pushya,2026-09-07 10:27:45 PM IST,2026-09-06,2026-09-08,2026-09-06 | 2026-09-07 | 2026-09-08,0,COMPLETE,,,Normal Ekadashi,NORMAL,Ekadashi began before Arunodaya and has one valid Ekadashi sunrise. No two-day exception is triggered.,2026-09-07:VALID (start 2026-09-06 07:29:00 PM IST < Arunodaya 2026-09-07 04:25:00 AM IST),2026-09-07,,2026-09-08,DWADASHI,PRATAH,2026-09-08 06:01:00 AM IST,2026-09-08 08:28:12 AM IST,Hari Vasara ended before Parana-day sunrise; Parana is sunrise to Pratah end.
Kanchipuram,Tamil Nadu,India,Asia/Kolkata,geoname:1268159,1268159,Aja Ekadashi,2026-09-07,"Aja Ekadashi - Kanchipuram. Dashami ends and Ekadashi begins on 2026-09-06 07:29:00 PM IST. On 07-Sep-26, Sooryodaya is 06:00 AM and Arunodaya is 04:24 AM. Ekadashi is present at sunrise and had begun before Arunodaya, so this is a valid Ekadashi sunrise. Ekadashi ends on 2026-09-07 05:03:00 PM IST and does not remain through another sunrise. Ekadashi ends and Dwadashi begins on 2026-09-07 05:03:00 PM IST. Dwadashi is present at Sooryodaya on 08-Sep-26 (Sooryodaya 06:00 AM). Dwadashi ends and Trayodashi begins on 2026-09-08 02:42:00 PM IST. Therefore the Upavaasa is observed on 07-Sep-26. For Parana on 08-Sep-26, Sooryodaya is 06:00 AM, Pratah Kala ends at 08:27 AM, Dwadashi ends at 2026-09-08 02:42:00 PM IST, and Hari Vasara ends at 2026-09-07 10:27:45 PM IST. Hari Vasara ends before Sooryodaya, so there is no Hari-Vasara delay; Parana starts at Sooryodaya (06:00 AM). Pratah Kala ends at 08:27 AM, before Dwadashi ends; therefore Pratah Kala end is the limiting end time. Hence Parana is 06:00 AM to 08:27 AM.",2026-09-06:Dashami | 2026-09-07:Ekadashi | 2026-09-08:Dwadashi,2026-09-06:Ardra | 2026-09-07:Punarvasu | 2026-09-08:Pushya,2026-09-06 07:29:00 PM IST,2026-09-07 05:03:00 PM IST,2026-09-08 02:42:00 PM IST,2026-09-07,06:00 AM,2026-09-07 04:24:00 AM IST,2026-09-07,,2026-09-07:VALID (start 2026-09-06 07:29:00 PM IST < Arunodaya 2026-09-07 04:24:00 AM IST),2026-09-07,06:00 AM,2026-09-07 04:24:00 AM IST,2026-09-08,Pushya,2026-09-07 10:27:45 PM IST,2026-09-06,2026-09-08,2026-09-06 | 2026-09-07 | 2026-09-08,0,COMPLETE,,,Normal Ekadashi,NORMAL,Ekadashi began before Arunodaya and has one valid Ekadashi sunrise. No two-day exception is triggered.,2026-09-07:VALID (start 2026-09-06 07:29:00 PM IST < Arunodaya 2026-09-07 04:24:00 AM IST),2026-09-07,,2026-09-08,DWADASHI,PRATAH,2026-09-08 06:00:00 AM IST,2026-09-08 08:27:24 AM IST,Hari Vasara ended before Parana-day sunrise; Parana is sunrise to Pratah end.
Srirangam,Tamil Nadu,India,Asia/Kolkata,geoname:1254388,1254388,Aja Ekadashi,2026-09-07,"Aja Ekadashi - Srirangam. Dashami ends and Ekadashi begins on 2026-09-06 07:29:00 PM IST. On 07-Sep-26, Sooryodaya is 06:05 AM and Arunodaya is 04:29 AM. Ekadashi is present at sunrise and had begun before Arunodaya, so this is a valid Ekadashi sunrise. Ekadashi ends on 2026-09-07 05:03:00 PM IST and does not remain through another sunrise. Ekadashi ends and Dwadashi begins on 2026-09-07 05:03:00 PM IST. Dwadashi is present at Sooryodaya on 08-Sep-26 (Sooryodaya 06:05 AM). Dwadashi ends and Trayodashi begins on 2026-09-08 02:42:00 PM IST. Therefore the Upavaasa is observed on 07-Sep-26. For Parana on 08-Sep-26, Sooryodaya is 06:05 AM, Pratah Kala ends at 08:32 AM, Dwadashi ends at 2026-09-08 02:42:00 PM IST, and Hari Vasara ends at 2026-09-07 10:27:45 PM IST. Hari Vasara ends before Sooryodaya, so there is no Hari-Vasara delay; Parana starts at Sooryodaya (06:05 AM). Pratah Kala ends at 08:32 AM, before Dwadashi ends; therefore Pratah Kala end is the limiting end time. Hence Parana is 06:05 AM to 08:32 AM.",2026-09-06:Dashami | 2026-09-07:Ekadashi | 2026-09-08:Dwadashi,2026-09-06:Ardra | 2026-09-07:Punarvasu | 2026-09-08:Pushya,2026-09-06 07:29:00 PM IST,2026-09-07 05:03:00 PM IST,2026-09-08 02:42:00 PM IST,2026-09-07,06:05 AM,2026-09-07 04:29:00 AM IST,2026-09-07,,2026-09-07:VALID (start 2026-09-06 07:29:00 PM IST < Arunodaya 2026-09-07 04:29:00 AM IST),2026-09-07,06:05 AM,2026-09-07 04:29:00 AM IST,2026-09-08,Pushya,2026-09-07 10:27:45 PM IST,2026-09-06,2026-09-08,2026-09-06 | 2026-09-07 | 2026-09-08,0,COMPLETE,,,Normal Ekadashi,NORMAL,Ekadashi began before Arunodaya and has one valid Ekadashi sunrise. No two-day exception is triggered.,2026-09-07:VALID (start 2026-09-06 07:29:00 PM IST < Arunodaya 2026-09-07 04:29:00 AM IST),2026-09-07,,2026-09-08,DWADASHI,PRATAH,2026-09-08 06:05:00 AM IST,2026-09-08 08:32:00 AM IST,Hari Vasara ended before Parana-day sunrise; Parana is sunrise to Pratah end.
Guruvayur,Kerala,India,Asia/Kolkata,geoname:1270603,1270603,Aja Ekadashi,2026-09-07,"Aja Ekadashi - Guruvayur. Dashami ends and Ekadashi begins on 2026-09-06 07:29:00 PM IST. On 07-Sep-26, Sooryodaya is 06:16 AM and Arunodaya is 04:40 AM. Ekadashi is present at sunrise and had begun before Arunodaya, so this is a valid Ekadashi sunrise. Ekadashi ends on 2026-09-07 05:03:00 PM IST and does not remain through another sunrise. Ekadashi ends and Dwadashi begins on 2026-09-07 05:03:00 PM IST. Dwadashi is present at Sooryodaya on 08-Sep-26 (Sooryodaya 06:16 AM). Dwadashi ends and Trayodashi begins on 2026-09-08 02:42:00 PM IST. Therefore the Upavaasa is observed on 07-Sep-26. For Parana on 08-Sep-26, Sooryodaya is 06:16 AM, Pratah Kala ends at 08:43 AM, Dwadashi ends at 2026-09-08 02:42:00 PM IST, and Hari Vasara ends at 2026-09-07 10:27:45 PM IST. Hari Vasara ends before Sooryodaya, so there is no Hari-Vasara delay; Parana starts at Sooryodaya (06:16 AM). Pratah Kala ends at 08:43 AM, before Dwadashi ends; therefore Pratah Kala end is the limiting end time. Hence Parana is 06:16 AM to 08:43 AM.",2026-09-06:Dashami | 2026-09-07:Ekadashi | 2026-09-08:Dwadashi,2026-09-06:Ardra | 2026-09-07:Punarvasu | 2026-09-08:Pushya,2026-09-06 07:29:00 PM IST,2026-09-07 05:03:00 PM IST,2026-09-08 02:42:00 PM IST,2026-09-07,06:16 AM,2026-09-07 04:40:00 AM IST,2026-09-07,,2026-09-07:VALID (start 2026-09-06 07:29:00 PM IST < Arunodaya 2026-09-07 04:40:00 AM IST),2026-09-07,06:16 AM,2026-09-07 04:40:00 AM IST,2026-09-08,Pushya,2026-09-07 10:27:45 PM IST,2026-09-06,2026-09-08,2026-09-06 | 2026-09-07 | 2026-09-08,0,COMPLETE,,,Normal Ekadashi,NORMAL,Ekadashi began before Arunodaya and has one valid Ekadashi sunrise. No two-day exception is triggered.,2026-09-07:VALID (start 2026-09-06 07:29:00 PM IST < Arunodaya 2026-09-07 04:40:00 AM IST),2026-09-07,,2026-09-08,DWADASHI,PRATAH,2026-09-08 06:16:00 AM IST,2026-09-08 08:43:00 AM IST,Hari Vasara ended before Parana-day sunrise; Parana is sunrise to Pratah end.
Pandharpur,Maharashtra,India,Asia/Kolkata,geoname:1260546,1260546,Aja Ekadashi,2026-09-07,"Aja Ekadashi - Pandharpur. Dashami ends and Ekadashi begins on 2026-09-06 07:29:00 PM IST. On 07-Sep-26, Sooryodaya is 06:15 AM and Arunodaya is 04:39 AM. Ekadashi is present at sunrise and had begun before Arunodaya, so this is a valid Ekadashi sunrise. Ekadashi ends on 2026-09-07 05:03:00 PM IST and does not remain through another sunrise. Ekadashi ends and Dwadashi begins on 2026-09-07 05:03:00 PM IST. Dwadashi is present at Sooryodaya on 08-Sep-26 (Sooryodaya 06:16 AM). Dwadashi ends and Trayodashi begins on 2026-09-08 02:42:00 PM IST. Therefore the Upavaasa is observed on 07-Sep-26. For Parana on 08-Sep-26, Sooryodaya is 06:16 AM, Pratah Kala ends at 08:44 AM, Dwadashi ends at 2026-09-08 02:42:00 PM IST, and Hari Vasara ends at 2026-09-07 10:27:45 PM IST. Hari Vasara ends before Sooryodaya, so there is no Hari-Vasara delay; Parana starts at Sooryodaya (06:16 AM). Pratah Kala ends at 08:44 AM, before Dwadashi ends; therefore Pratah Kala end is the limiting end time. Hence Parana is 06:16 AM to 08:44 AM.",2026-09-06:Dashami | 2026-09-07:Ekadashi | 2026-09-08:Dwadashi,2026-09-06:Ardra | 2026-09-07:Punarvasu | 2026-09-08:Pushya,2026-09-06 07:29:00 PM IST,2026-09-07 05:03:00 PM IST,2026-09-08 02:42:00 PM IST,2026-09-07,06:15 AM,2026-09-07 04:39:00 AM IST,2026-09-07,,2026-09-07:VALID (start 2026-09-06 07:29:00 PM IST < Arunodaya 2026-09-07 04:39:00 AM IST),2026-09-07,06:15 AM,2026-09-07 04:39:00 AM IST,2026-09-08,Pushya,2026-09-07 10:27:45 PM IST,2026-09-06,2026-09-08,2026-09-06 | 2026-09-07 | 2026-09-08,0,COMPLETE,,,Normal Ekadashi,NORMAL,Ekadashi began before Arunodaya and has one valid Ekadashi sunrise. No two-day exception is triggered.,2026-09-07:VALID (start 2026-09-06 07:29:00 PM IST < Arunodaya 2026-09-07 04:39:00 AM IST),2026-09-07,,2026-09-08,DWADASHI,PRATAH,2026-09-08 06:16:00 AM IST,2026-09-08 08:44:12 AM IST,Hari Vasara ended before Parana-day sunrise; Parana is sunrise to Pratah end.
Kolhapur,Maharashtra,India,Asia/Kolkata,geoname:1266285,1266285,Aja Ekadashi,2026-09-07,"Aja Ekadashi - Kolhapur. Dashami ends and Ekadashi begins on 2026-09-06 07:29:00 PM IST. On 07-Sep-26, Sooryodaya is 06:20 AM and Arunodaya is 04:44 AM. Ekadashi is present at sunrise and had begun before Arunodaya, so this is a valid Ekadashi sunrise. Ekadashi ends on 2026-09-07 05:03:00 PM IST and does not remain through another sunrise. Ekadashi ends and Dwadashi begins on 2026-09-07 05:03:00 PM IST. Dwadashi is present at Sooryodaya on 08-Sep-26 (Sooryodaya 06:20 AM). Dwadashi ends and Trayodashi begins on 2026-09-08 02:42:00 PM IST. Therefore the Upavaasa is observed on 07-Sep-26. For Parana on 08-Sep-26, Sooryodaya is 06:20 AM, Pratah Kala ends at 08:48 AM, Dwadashi ends at 2026-09-08 02:42:00 PM IST, and Hari Vasara ends at 2026-09-07 10:27:45 PM IST. Hari Vasara ends before Sooryodaya, so there is no Hari-Vasara delay; Parana starts at Sooryodaya (06:20 AM). Pratah Kala ends at 08:48 AM, before Dwadashi ends; therefore Pratah Kala end is the limiting end time. Hence Parana is 06:20 AM to 08:48 AM.",2026-09-06:Dashami | 2026-09-07:Ekadashi | 2026-09-08:Dwadashi,2026-09-06:Ardra | 2026-09-07:Punarvasu | 2026-09-08:Pushya,2026-09-06 07:29:00 PM IST,2026-09-07 05:03:00 PM IST,2026-09-08 02:42:00 PM IST,2026-09-07,06:20 AM,2026-09-07 04:44:00 AM IST,2026-09-07,,2026-09-07:VALID (start 2026-09-06 07:29:00 PM IST < Arunodaya 2026-09-07 04:44:00 AM IST),2026-09-07,06:20 AM,2026-09-07 04:44:00 AM IST,2026-09-08,Pushya,2026-09-07 10:27:45 PM IST,2026-09-06,2026-09-08,2026-09-06 | 2026-09-07 | 2026-09-08,0,COMPLETE,,,Normal Ekadashi,NORMAL,Ekadashi began before Arunodaya and has one valid Ekadashi sunrise. No two-day exception is triggered.,2026-09-07:VALID (start 2026-09-06 07:29:00 PM IST < Arunodaya 2026-09-07 04:44:00 AM IST),2026-09-07,,2026-09-08,DWADASHI,PRATAH,2026-09-08 06:20:00 AM IST,2026-09-08 08:48:12 AM IST,Hari Vasara ended before Parana-day sunrise; Parana is sunrise to Pratah end.
Nagpur,Maharashtra,India,Asia/Kolkata,geoname:1262180,1262180,Aja Ekadashi,2026-09-07,"Aja Ekadashi - Nagpur. Dashami ends and Ekadashi begins on 2026-09-06 07:29:00 PM IST. On 07-Sep-26, Sooryodaya is 05:59 AM and Arunodaya is 04:23 AM. Ekadashi is present at sunrise and had begun before Arunodaya, so this is a valid Ekadashi sunrise. Ekadashi ends on 2026-09-07 05:03:00 PM IST and does not remain through another sunrise. Ekadashi ends and Dwadashi begins on 2026-09-07 05:03:00 PM IST. Dwadashi is present at Sooryodaya on 08-Sep-26 (Sooryodaya 05:59 AM). Dwadashi ends and Trayodashi begins on 2026-09-08 02:42:00 PM IST. Therefore the Upavaasa is observed on 07-Sep-26. For Parana on 08-Sep-26, Sooryodaya is 05:59 AM, Pratah Kala ends at 08:28 AM, Dwadashi ends at 2026-09-08 02:42:00 PM IST, and Hari Vasara ends at 2026-09-07 10:27:45 PM IST. Hari Vasara ends before Sooryodaya, so there is no Hari-Vasara delay; Parana starts at Sooryodaya (05:59 AM). Pratah Kala ends at 08:28 AM, before Dwadashi ends; therefore Pratah Kala end is the limiting end time. Hence Parana is 05:59 AM to 08:28 AM.",2026-09-06:Dashami | 2026-09-07:Ekadashi | 2026-09-08:Dwadashi,2026-09-06:Ardra | 2026-09-07:Punarvasu | 2026-09-08:Pushya,2026-09-06 07:29:00 PM IST,2026-09-07 05:03:00 PM IST,2026-09-08 02:42:00 PM IST,2026-09-07,05:59 AM,2026-09-07 04:23:00 AM IST,2026-09-07,,2026-09-07:VALID (start 2026-09-06 07:29:00 PM IST < Arunodaya 2026-09-07 04:23:00 AM IST),2026-09-07,05:59 AM,2026-09-07 04:23:00 AM IST,2026-09-08,Pushya,2026-09-07 10:27:45 PM IST,2026-09-06,2026-09-08,2026-09-06 | 2026-09-07 | 2026-09-08,0,COMPLETE,,,Normal Ekadashi,NORMAL,Ekadashi began before Arunodaya and has one valid Ekadashi sunrise. No two-day exception is triggered.,2026-09-07:VALID (start 2026-09-06 07:29:00 PM IST < Arunodaya 2026-09-07 04:23:00 AM IST),2026-09-07,,2026-09-08,DWADASHI,PRATAH,2026-09-08 05:59:00 AM IST,2026-09-08 08:27:48 AM IST,Hari Vasara ended before Parana-day sunrise; Parana is sunrise to Pratah end.
Visakhapatnam,Andra Pradesh,India,Asia/Kolkata,geoname:1253102,1253102,Aja Ekadashi,2026-09-07,"Aja Ekadashi - Visakhapatnam. Dashami ends and Ekadashi begins on 2026-09-06 07:29:00 PM IST. On 07-Sep-26, Sooryodaya is 05:44 AM and Arunodaya is 04:08 AM. Ekadashi is present at sunrise and had begun before Arunodaya, so this is a valid Ekadashi sunrise. Ekadashi ends on 2026-09-07 05:03:00 PM IST and does not remain through another sunrise. Ekadashi ends and Dwadashi begins on 2026-09-07 05:03:00 PM IST. Dwadashi is present at Sooryodaya on 08-Sep-26 (Sooryodaya 05:44 AM). Dwadashi ends and Trayodashi begins on 2026-09-08 02:42:00 PM IST. Therefore the Upavaasa is observed on 07-Sep-26. For Parana on 08-Sep-26, Sooryodaya is 05:44 AM, Pratah Kala ends at 08:12 AM, Dwadashi ends at 2026-09-08 02:42:00 PM IST, and Hari Vasara ends at 2026-09-07 10:27:45 PM IST. Hari Vasara ends before Sooryodaya, so there is no Hari-Vasara delay; Parana starts at Sooryodaya (05:44 AM). Pratah Kala ends at 08:12 AM, before Dwadashi ends; therefore Pratah Kala end is the limiting end time. Hence Parana is 05:44 AM to 08:12 AM.",2026-09-06:Dashami | 2026-09-07:Ekadashi | 2026-09-08:Dwadashi,2026-09-06:Ardra | 2026-09-07:Punarvasu | 2026-09-08:Pushya,2026-09-06 07:29:00 PM IST,2026-09-07 05:03:00 PM IST,2026-09-08 02:42:00 PM IST,2026-09-07,05:44 AM,2026-09-07 04:08:00 AM IST,2026-09-07,,2026-09-07:VALID (start 2026-09-06 07:29:00 PM IST < Arunodaya 2026-09-07 04:08:00 AM IST),2026-09-07,05:44 AM,2026-09-07 04:08:00 AM IST,2026-09-08,Pushya,2026-09-07 10:27:45 PM IST,2026-09-06,2026-09-08,2026-09-06 | 2026-09-07 | 2026-09-08,0,COMPLETE,,,Normal Ekadashi,NORMAL,Ekadashi began before Arunodaya and has one valid Ekadashi sunrise. No two-day exception is triggered.,2026-09-07:VALID (start 2026-09-06 07:29:00 PM IST < Arunodaya 2026-09-07 04:08:00 AM IST),2026-09-07,,2026-09-08,DWADASHI,PRATAH,2026-09-08 05:44:00 AM IST,2026-09-08 08:12:12 AM IST,Hari Vasara ended before Parana-day sunrise; Parana is sunrise to Pratah end.
Dubai,Dubai,United Arab Emirates,Asia/Dubai,geoname:292223,292223,Aja Ekadashi,2026-09-07,"Aja Ekadashi - Dubai. Dashami ends and Ekadashi begins on 2026-09-06 05:59:00 PM +04. On 07-Sep-26, Sooryodaya is 06:02 AM and Arunodaya is 04:26 AM. Ekadashi is present at sunrise and had begun before Arunodaya, so this is a valid Ekadashi sunrise. Ekadashi ends on 2026-09-07 03:33:00 PM +04 and does not remain through another sunrise. Ekadashi ends and Dwadashi begins on 2026-09-07 03:33:00 PM +04. Dwadashi is present at Sooryodaya on 08-Sep-26 (Sooryodaya 06:03 AM). Dwadashi ends and Trayodashi begins on 2026-09-08 01:12:00 PM +04. Therefore the Upavaasa is observed on 07-Sep-26. For Parana on 08-Sep-26, Sooryodaya is 06:03 AM, Pratah Kala ends at 08:33 AM, Dwadashi ends at 2026-09-08 01:12:00 PM +04, and Hari Vasara ends at 2026-09-07 08:57:45 PM +04. Hari Vasara ends before Sooryodaya, so there is no Hari-Vasara delay; Parana starts at Sooryodaya (06:03 AM). Pratah Kala ends at 08:33 AM, before Dwadashi ends; therefore Pratah Kala end is the limiting end time. Hence Parana is 06:03 AM to 08:33 AM.",2026-09-06:Dashami | 2026-09-07:Ekadashi | 2026-09-08:Dwadashi,2026-09-06:Ardra | 2026-09-07:Punarvasu | 2026-09-08:Pushya,2026-09-06 05:59:00 PM +04,2026-09-07 03:33:00 PM +04,2026-09-08 01:12:00 PM +04,2026-09-07,06:02 AM,2026-09-07 04:26:00 AM +04,2026-09-07,,2026-09-07:VALID (start 2026-09-06 05:59:00 PM +04 < Arunodaya 2026-09-07 04:26:00 AM +04),2026-09-07,06:02 AM,2026-09-07 04:26:00 AM +04,2026-09-08,Pushya,2026-09-07 08:57:45 PM +04,2026-09-06,2026-09-08,2026-09-06 | 2026-09-07 | 2026-09-08,0,COMPLETE,,,Normal Ekadashi,NORMAL,Ekadashi began before Arunodaya and has one valid Ekadashi sunrise. No two-day exception is triggered.,2026-09-07:VALID (start 2026-09-06 05:59:00 PM +04 < Arunodaya 2026-09-07 04:26:00 AM +04),2026-09-07,,2026-09-08,DWADASHI,PRATAH,2026-09-08 06:03:00 AM +04,2026-09-08 08:32:36 AM +04,Hari Vasara ended before Parana-day sunrise; Parana is sunrise to Pratah end.
Doha,Baladīyat ad Dawḩah,Qatar,Asia/Qatar,geoname:290030,290030,Aja Ekadashi,2026-09-07,"Aja Ekadashi - Doha. Dashami ends and Ekadashi begins on 2026-09-06 04:59:00 PM +03. On 07-Sep-26, Sooryodaya is 05:17 AM and Arunodaya is 03:41 AM. Ekadashi is present at sunrise and had begun before Arunodaya, so this is a valid Ekadashi sunrise. Ekadashi ends on 2026-09-07 02:33:00 PM +03 and does not remain through another sunrise. Ekadashi ends and Dwadashi begins on 2026-09-07 02:33:00 PM +03. Dwadashi is present at Sooryodaya on 08-Sep-26 (Sooryodaya 05:17 AM). Dwadashi ends and Trayodashi begins on 2026-09-08 12:12:00 PM +03. Therefore the Upavaasa is observed on 07-Sep-26. For Parana on 08-Sep-26, Sooryodaya is 05:17 AM, Pratah Kala ends at 07:47 AM, Dwadashi ends at 2026-09-08 12:12:00 PM +03, and Hari Vasara ends at 2026-09-07 07:57:45 PM +03. Hari Vasara ends before Sooryodaya, so there is no Hari-Vasara delay; Parana starts at Sooryodaya (05:17 AM). Pratah Kala ends at 07:47 AM, before Dwadashi ends; therefore Pratah Kala end is the limiting end time. Hence Parana is 05:17 AM to 07:47 AM.",2026-09-06:Dashami | 2026-09-07:Ekadashi | 2026-09-08:Dwadashi,2026-09-06:Ardra | 2026-09-07:Punarvasu | 2026-09-08:Pushya,2026-09-06 04:59:00 PM +03,2026-09-07 02:33:00 PM +03,2026-09-08 12:12:00 PM +03,2026-09-07,05:17 AM,2026-09-07 03:41:00 AM +03,2026-09-07,,2026-09-07:VALID (start 2026-09-06 04:59:00 PM +03 < Arunodaya 2026-09-07 03:41:00 AM +03),2026-09-07,05:17 AM,2026-09-07 03:41:00 AM +03,2026-09-08,Pushya,2026-09-07 07:57:45 PM +03,2026-09-06,2026-09-08,2026-09-06 | 2026-09-07 | 2026-09-08,0,COMPLETE,,,Normal Ekadashi,NORMAL,Ekadashi began before Arunodaya and has one valid Ekadashi sunrise. No two-day exception is triggered.,2026-09-07:VALID (start 2026-09-06 04:59:00 PM +03 < Arunodaya 2026-09-07 03:41:00 AM +03),2026-09-07,,2026-09-08,DWADASHI,PRATAH,2026-09-08 05:17:00 AM +03,2026-09-08 07:46:48 AM +03,Hari Vasara ended before Parana-day sunrise; Parana is sunrise to Pratah end.
Zurich,Zurich,Switzerland,Europe/Zurich,geoname:2657896,2657896,Aja Ekadashi,2026-09-07,"Aja Ekadashi - Zurich. Dashami ends and Ekadashi begins on 2026-09-06 03:59:00 PM CEST. On 07-Sep-26, Sooryodaya is 06:52 AM and Arunodaya is 05:16 AM. Ekadashi is present at sunrise and had begun before Arunodaya, so this is a valid Ekadashi sunrise. Ekadashi ends on 2026-09-07 01:33:00 PM CEST and does not remain through another sunrise. Ekadashi ends and Dwadashi begins on 2026-09-07 01:33:00 PM CEST. Dwadashi is present at Sooryodaya on 08-Sep-26 (Sooryodaya 06:54 AM). Dwadashi ends and Trayodashi begins on 2026-09-08 11:12:00 AM CEST. Therefore the Upavaasa is observed on 07-Sep-26. For Parana on 08-Sep-26, Sooryodaya is 06:54 AM, Pratah Kala ends at 09:30 AM, Dwadashi ends at 2026-09-08 11:12:00 AM CEST, and Hari Vasara ends at 2026-09-07 06:57:45 PM CEST. Hari Vasara ends before Sooryodaya, so there is no Hari-Vasara delay; Parana starts at Sooryodaya (06:54 AM). Pratah Kala ends at 09:30 AM, before Dwadashi ends; therefore Pratah Kala end is the limiting end time. Hence Parana is 06:54 AM to 09:30 AM.",2026-09-06:Dashami | 2026-09-07:Ekadashi | 2026-09-08:Dwadashi,2026-09-06:Ardra | 2026-09-07:Punarvasu | 2026-09-08:Pushya,2026-09-06 03:59:00 PM CEST,2026-09-07 01:33:00 PM CEST,2026-09-08 11:12:00 AM CEST,2026-09-07,06:52 AM,2026-09-07 05:16:00 AM CEST,2026-09-07,,2026-09-07:VALID (start 2026-09-06 03:59:00 PM CEST < Arunodaya 2026-09-07 05:16:00 AM CEST),2026-09-07,06:52 AM,2026-09-07 05:16:00 AM CEST,2026-09-08,Pushya,2026-09-07 06:57:45 PM CEST,2026-09-06,2026-09-08,2026-09-06 | 2026-09-07 | 2026-09-08,0,COMPLETE,,,Normal Ekadashi,NORMAL,Ekadashi began before Arunodaya and has one valid Ekadashi sunrise. No two-day exception is triggered.,2026-09-07:VALID (start 2026-09-06 03:59:00 PM CEST < Arunodaya 2026-09-07 05:16:00 AM CEST),2026-09-07,,2026-09-08,DWADASHI,PRATAH,2026-09-08 06:54:00 AM CEST,2026-09-08 09:29:36 AM CEST,Hari Vasara ended before Parana-day sunrise; Parana is sunrise to Pratah end.
Esslingen,Esslingen,Germany,Europe/Berlin,geoname:2928751,2928751,Aja Ekadashi,2026-09-07,"Aja Ekadashi - Esslingen. Dashami ends and Ekadashi begins on 2026-09-06 03:59:00 PM CEST. On 07-Sep-26, Sooryodaya is 06:48 AM and Arunodaya is 05:12 AM. Ekadashi is present at sunrise and had begun before Arunodaya, so this is a valid Ekadashi sunrise. Ekadashi ends on 2026-09-07 01:33:00 PM CEST and does not remain through another sunrise. Ekadashi ends and Dwadashi begins on 2026-09-07 01:33:00 PM CEST. Dwadashi is present at Sooryodaya on 08-Sep-26 (Sooryodaya 06:49 AM). Dwadashi ends and Trayodashi begins on 2026-09-08 11:12:00 AM CEST. Therefore the Upavaasa is observed on 07-Sep-26. For Parana on 08-Sep-26, Sooryodaya is 06:49 AM, Pratah Kala ends at 09:25 AM, Dwadashi ends at 2026-09-08 11:12:00 AM CEST, and Hari Vasara ends at 2026-09-07 06:57:45 PM CEST. Hari Vasara ends before Sooryodaya, so there is no Hari-Vasara delay; Parana starts at Sooryodaya (06:49 AM). Pratah Kala ends at 09:25 AM, before Dwadashi ends; therefore Pratah Kala end is the limiting end time. Hence Parana is 06:49 AM to 09:25 AM.",2026-09-06:Dashami | 2026-09-07:Ekadashi | 2026-09-08:Dwadashi,2026-09-06:Ardra | 2026-09-07:Punarvasu | 2026-09-08:Pushya,2026-09-06 03:59:00 PM CEST,2026-09-07 01:33:00 PM CEST,2026-09-08 11:12:00 AM CEST,2026-09-07,06:48 AM,2026-09-07 05:12:00 AM CEST,2026-09-07,,2026-09-07:VALID (start 2026-09-06 03:59:00 PM CEST < Arunodaya 2026-09-07 05:12:00 AM CEST),2026-09-07,06:48 AM,2026-09-07 05:12:00 AM CEST,2026-09-08,Pushya,2026-09-07 06:57:45 PM CEST,2026-09-06,2026-09-08,2026-09-06 | 2026-09-07 | 2026-09-08,0,COMPLETE,,,Normal Ekadashi,NORMAL,Ekadashi began before Arunodaya and has one valid Ekadashi sunrise. No two-day exception is triggered.,2026-09-07:VALID (start 2026-09-06 03:59:00 PM CEST < Arunodaya 2026-09-07 05:12:00 AM CEST),2026-09-07,,2026-09-08,DWADASHI,PRATAH,2026-09-08 06:49:00 AM CEST,2026-09-08 09:25:24 AM CEST,Hari Vasara ended before Parana-day sunrise; Parana is sunrise to Pratah end.
Ayodhya,Uttar Pradesh,India,Asia/Kolkata,geoname:1278094,1278094,Aja Ekadashi,2026-09-07,"Aja Ekadashi - Ayodhya. Dashami ends and Ekadashi begins on 2026-09-06 07:29:00 PM IST. On 07-Sep-26, Sooryodaya is 05:43 AM and Arunodaya is 04:07 AM. Ekadashi is present at sunrise and had begun before Arunodaya, so this is a valid Ekadashi sunrise. Ekadashi ends on 2026-09-07 05:03:00 PM IST and does not remain through another sunrise. Ekadashi ends and Dwadashi begins on 2026-09-07 05:03:00 PM IST. Dwadashi is present at Sooryodaya on 08-Sep-26 (Sooryodaya 05:44 AM). Dwadashi ends and Trayodashi begins on 2026-09-08 02:42:00 PM IST. Therefore the Upavaasa is observed on 07-Sep-26. For Parana on 08-Sep-26, Sooryodaya is 05:44 AM, Pratah Kala ends at 08:14 AM, Dwadashi ends at 2026-09-08 02:42:00 PM IST, and Hari Vasara ends at 2026-09-07 10:27:45 PM IST. Hari Vasara ends before Sooryodaya, so there is no Hari-Vasara delay; Parana starts at Sooryodaya (05:44 AM). Pratah Kala ends at 08:14 AM, before Dwadashi ends; therefore Pratah Kala end is the limiting end time. Hence Parana is 05:44 AM to 08:14 AM.",2026-09-06:Dashami | 2026-09-07:Ekadashi | 2026-09-08:Dwadashi,2026-09-06:Ardra | 2026-09-07:Punarvasu | 2026-09-08:Pushya,2026-09-06 07:29:00 PM IST,2026-09-07 05:03:00 PM IST,2026-09-08 02:42:00 PM IST,2026-09-07,05:43 AM,2026-09-07 04:07:00 AM IST,2026-09-07,,2026-09-07:VALID (start 2026-09-06 07:29:00 PM IST < Arunodaya 2026-09-07 04:07:00 AM IST),2026-09-07,05:43 AM,2026-09-07 04:07:00 AM IST,2026-09-08,Pushya,2026-09-07 10:27:45 PM IST,2026-09-06,2026-09-08,2026-09-06 | 2026-09-07 | 2026-09-08,0,COMPLETE,,,Normal Ekadashi,NORMAL,Ekadashi began before Arunodaya and has one valid Ekadashi sunrise. No two-day exception is triggered.,2026-09-07:VALID (start 2026-09-06 07:29:00 PM IST < Arunodaya 2026-09-07 04:07:00 AM IST),2026-09-07,,2026-09-08,DWADASHI,PRATAH,2026-09-08 05:44:00 AM IST,2026-09-08 08:14:00 AM IST,Hari Vasara ended before Parana-day sunrise; Parana is sunrise to Pratah end.
Pittsford,New York,United States,America/New_York,geoname:5131614,5131614,Aja Ekadashi,2026-09-07,"Aja Ekadashi - Pittsford. Dashami ends and Ekadashi begins on 2026-09-06 09:59:00 AM EDT. On 07-Sep-26, Sooryodaya is 06:41 AM and Arunodaya is 05:05 AM. Ekadashi is present at sunrise and had begun before Arunodaya, so this is a valid Ekadashi sunrise. Ekadashi ends on 2026-09-07 07:33:00 AM EDT and does not remain through another sunrise. Ekadashi ends and Dwadashi begins on 2026-09-07 07:33:00 AM EDT. Dwadashi ends and Trayodashi begins on 2026-09-08 05:12:00 AM EDT. Therefore the Upavaasa is observed on 07-Sep-26. For Parana on 08-Sep-26, Sooryodaya is 06:42 AM, Pratah Kala ends at 09:16 AM, Dwadashi ends at 2026-09-08 05:12:00 AM EDT, and Hari Vasara ends at 2026-09-07 12:57:45 PM EDT. Dwadashi has already ended before Sooryodaya. Therefore Parana starts at Sooryodaya (06:42 AM) and continues to the end of Pratah Kala (09:16 AM). Hence Parana is 06:42 AM to 09:16 AM.",2026-09-06:Dashami | 2026-09-07:Ekadashi | 2026-09-08:Trayodashi,2026-09-06:Ardra | 2026-09-07:Punarvasu | 2026-09-08:Pushya,2026-09-06 09:59:00 AM EDT,2026-09-07 07:33:00 AM EDT,2026-09-08 05:12:00 AM EDT,2026-09-07,06:41 AM,2026-09-07 05:05:00 AM EDT,2026-09-07,,2026-09-07:VALID (start 2026-09-06 09:59:00 AM EDT < Arunodaya 2026-09-07 05:05:00 AM EDT),2026-09-07,06:41 AM,2026-09-07 05:05:00 AM EDT,,,2026-09-07 12:57:45 PM EDT,2026-09-06,2026-09-08,2026-09-06 | 2026-09-07 | 2026-09-08,0,COMPLETE,,,Normal Ekadashi,NORMAL,Ekadashi began before Arunodaya and has one valid Ekadashi sunrise. No two-day exception is triggered.,2026-09-07:VALID (start 2026-09-06 09:59:00 AM EDT < Arunodaya 2026-09-07 05:05:00 AM EDT),2026-09-07,,2026-09-08,DWADASHI,DWADASHI_OVER_BEFORE_SUNRISE,2026-09-08 06:42:00 AM EDT,2026-09-08 09:16:12 AM EDT,Dwadashi ended before sunrise; Parana is sunrise to Pratah end.
Greece,New York,United States,America/New_York,geoname:5119251,5119251,Aja Ekadashi,2026-09-07,"Aja Ekadashi - Greece. Dashami ends and Ekadashi begins on 2026-09-06 09:59:00 AM EDT. On 07-Sep-26, Sooryodaya is 06:42 AM and Arunodaya is 05:06 AM. Ekadashi is present at sunrise and had begun before Arunodaya, so this is a valid Ekadashi sunrise. Ekadashi ends on 2026-09-07 07:33:00 AM EDT and does not remain through another sunrise. Ekadashi ends and Dwadashi begins on 2026-09-07 07:33:00 AM EDT. Dwadashi ends and Trayodashi begins on 2026-09-08 05:12:00 AM EDT. Therefore the Upavaasa is observed on 07-Sep-26. For Parana on 08-Sep-26, Sooryodaya is 06:43 AM, Pratah Kala ends at 09:17 AM, Dwadashi ends at 2026-09-08 05:12:00 AM EDT, and Hari Vasara ends at 2026-09-07 12:57:45 PM EDT. Dwadashi has already ended before Sooryodaya. Therefore Parana starts at Sooryodaya (06:43 AM) and continues to the end of Pratah Kala (09:17 AM). Hence Parana is 06:43 AM to 09:17 AM.",2026-09-06:Dashami | 2026-09-07:Ekadashi | 2026-09-08:Trayodashi,2026-09-06:Ardra | 2026-09-07:Punarvasu | 2026-09-08:Pushya,2026-09-06 09:59:00 AM EDT,2026-09-07 07:33:00 AM EDT,2026-09-08 05:12:00 AM EDT,2026-09-07,06:42 AM,2026-09-07 05:06:00 AM EDT,2026-09-07,,2026-09-07:VALID (start 2026-09-06 09:59:00 AM EDT < Arunodaya 2026-09-07 05:06:00 AM EDT),2026-09-07,06:42 AM,2026-09-07 05:06:00 AM EDT,,,2026-09-07 12:57:45 PM EDT,2026-09-06,2026-09-08,2026-09-06 | 2026-09-07 | 2026-09-08,0,COMPLETE,,,Normal Ekadashi,NORMAL,Ekadashi began before Arunodaya and has one valid Ekadashi sunrise. No two-day exception is triggered.,2026-09-07:VALID (start 2026-09-06 09:59:00 AM EDT < Arunodaya 2026-09-07 05:06:00 AM EDT),2026-09-07,,2026-09-08,DWADASHI,DWADASHI_OVER_BEFORE_SUNRISE,2026-09-08 06:43:00 AM EDT,2026-09-08 09:17:00 AM EDT,Dwadashi ended before sunrise; Parana is sunrise to Pratah end.
Syracuse,New York,United States,America/New_York,geoname:5140405,5140405,Aja Ekadashi,2026-09-07,"Aja Ekadashi - Syracuse. Dashami ends and Ekadashi begins on 2026-09-06 09:59:00 AM EDT. On 07-Sep-26, Sooryodaya is 06:36 AM and Arunodaya is 05:00 AM. Ekadashi is present at sunrise and had begun before Arunodaya, so this is a valid Ekadashi sunrise. Ekadashi ends on 2026-09-07 07:33:00 AM EDT and does not remain through another sunrise. Ekadashi ends and Dwadashi begins on 2026-09-07 07:33:00 AM EDT. Dwadashi ends and Trayodashi begins on 2026-09-08 05:12:00 AM EDT. Therefore the Upavaasa is observed on 07-Sep-26. For Parana on 08-Sep-26, Sooryodaya is 06:37 AM, Pratah Kala ends at 09:11 AM, Dwadashi ends at 2026-09-08 05:12:00 AM EDT, and Hari Vasara ends at 2026-09-07 12:57:45 PM EDT. Dwadashi has already ended before Sooryodaya. Therefore Parana starts at Sooryodaya (06:37 AM) and continues to the end of Pratah Kala (09:11 AM). Hence Parana is 06:37 AM to 09:11 AM.",2026-09-06:Dashami | 2026-09-07:Ekadashi | 2026-09-08:Trayodashi,2026-09-06:Ardra | 2026-09-07:Punarvasu | 2026-09-08:Pushya,2026-09-06 09:59:00 AM EDT,2026-09-07 07:33:00 AM EDT,2026-09-08 05:12:00 AM EDT,2026-09-07,06:36 AM,2026-09-07 05:00:00 AM EDT,2026-09-07,,2026-09-07:VALID (start 2026-09-06 09:59:00 AM EDT < Arunodaya 2026-09-07 05:00:00 AM EDT),2026-09-07,06:36 AM,2026-09-07 05:00:00 AM EDT,,,2026-09-07 12:57:45 PM EDT,2026-09-06,2026-09-08,2026-09-06 | 2026-09-07 | 2026-09-08,0,COMPLETE,,,Normal Ekadashi,NORMAL,Ekadashi began before Arunodaya and has one valid Ekadashi sunrise. No two-day exception is triggered.,2026-09-07:VALID (start 2026-09-06 09:59:00 AM EDT < Arunodaya 2026-09-07 05:00:00 AM EDT),2026-09-07,,2026-09-08,DWADASHI,DWADASHI_OVER_BEFORE_SUNRISE,2026-09-08 06:37:00 AM EDT,2026-09-08 09:11:00 AM EDT,Dwadashi ended before sunrise; Parana is sunrise to Pratah end.
Columbus,Indiana,United States,America/Indiana/Indianapolis,geoname:4256038,4256038,Aja Ekadashi,2026-09-07,"Aja Ekadashi - Columbus. Dashami ends and Ekadashi begins on 2026-09-06 09:59:00 AM EDT. On 07-Sep-26, Sooryodaya is 07:18 AM and Arunodaya is 05:42 AM. Ekadashi is present at sunrise and had begun before Arunodaya, so this is a valid Ekadashi sunrise. Ekadashi ends on 2026-09-07 07:33:00 AM EDT and does not remain through another sunrise. Ekadashi ends and Dwadashi begins on 2026-09-07 07:33:00 AM EDT. Dwadashi ends and Trayodashi begins on 2026-09-08 05:12:00 AM EDT. Therefore the Upavaasa is observed on 07-Sep-26. For Parana on 08-Sep-26, Sooryodaya is 07:19 AM, Pratah Kala ends at 09:52 AM, Dwadashi ends at 2026-09-08 05:12:00 AM EDT, and Hari Vasara ends at 2026-09-07 12:57:45 PM EDT. Dwadashi has already ended before Sooryodaya. Therefore Parana starts at Sooryodaya (07:19 AM) and continues to the end of Pratah Kala (09:52 AM). Hence Parana is 07:19 AM to 09:52 AM.",2026-09-06:Dashami | 2026-09-07:Ekadashi | 2026-09-08:Trayodashi,2026-09-06:Ardra | 2026-09-07:Punarvasu | 2026-09-08:Ashlesha,2026-09-06 09:59:00 AM EDT,2026-09-07 07:33:00 AM EDT,2026-09-08 05:12:00 AM EDT,2026-09-07,07:18 AM,2026-09-07 05:42:00 AM EDT,2026-09-07,,2026-09-07:VALID (start 2026-09-06 09:59:00 AM EDT < Arunodaya 2026-09-07 05:42:00 AM EDT),2026-09-07,07:18 AM,2026-09-07 05:42:00 AM EDT,,,2026-09-07 12:57:45 PM EDT,2026-09-06,2026-09-08,2026-09-06 | 2026-09-07 | 2026-09-08,0,COMPLETE,,,Normal Ekadashi,NORMAL,Ekadashi began before Arunodaya and has one valid Ekadashi sunrise. No two-day exception is triggered.,2026-09-07:VALID (start 2026-09-06 09:59:00 AM EDT < Arunodaya 2026-09-07 05:42:00 AM EDT),2026-09-07,,2026-09-08,DWADASHI,DWADASHI_OVER_BEFORE_SUNRISE,2026-09-08 07:19:00 AM EDT,2026-09-08 09:51:48 AM EDT,Dwadashi ended before sunrise; Parana is sunrise to Pratah end.
Raleigh,North Carolina,United States,America/New_York,geoname:4487042,4487042,Aja Ekadashi,2026-09-07,"Aja Ekadashi - Raleigh. Dashami ends and Ekadashi begins on 2026-09-06 09:59:00 AM EDT. On 07-Sep-26, Sooryodaya is 06:51 AM and Arunodaya is 05:15 AM. Ekadashi is present at sunrise and had begun before Arunodaya, so this is a valid Ekadashi sunrise. Ekadashi ends on 2026-09-07 07:33:00 AM EDT and does not remain through another sunrise. Ekadashi ends and Dwadashi begins on 2026-09-07 07:33:00 AM EDT. Dwadashi ends and Trayodashi begins on 2026-09-08 05:12:00 AM EDT. Therefore the Upavaasa is observed on 07-Sep-26. For Parana on 08-Sep-26, Sooryodaya is 06:52 AM, Pratah Kala ends at 09:24 AM, Dwadashi ends at 2026-09-08 05:12:00 AM EDT, and Hari Vasara ends at 2026-09-07 12:57:45 PM EDT. Dwadashi has already ended before Sooryodaya. Therefore Parana starts at Sooryodaya (06:52 AM) and continues to the end of Pratah Kala (09:24 AM). Hence Parana is 06:52 AM to 09:24 AM.",2026-09-06:Dashami | 2026-09-07:Ekadashi | 2026-09-08:Trayodashi,2026-09-06:Ardra | 2026-09-07:Punarvasu | 2026-09-08:Pushya,2026-09-06 09:59:00 AM EDT,2026-09-07 07:33:00 AM EDT,2026-09-08 05:12:00 AM EDT,2026-09-07,06:51 AM,2026-09-07 05:15:00 AM EDT,2026-09-07,,2026-09-07:VALID (start 2026-09-06 09:59:00 AM EDT < Arunodaya 2026-09-07 05:15:00 AM EDT),2026-09-07,06:51 AM,2026-09-07 05:15:00 AM EDT,,,2026-09-07 12:57:45 PM EDT,2026-09-06,2026-09-08,2026-09-06 | 2026-09-07 | 2026-09-08,0,COMPLETE,,,Normal Ekadashi,NORMAL,Ekadashi began before Arunodaya and has one valid Ekadashi sunrise. No two-day exception is triggered.,2026-09-07:VALID (start 2026-09-06 09:59:00 AM EDT < Arunodaya 2026-09-07 05:15:00 AM EDT),2026-09-07,,2026-09-08,DWADASHI,DWADASHI_OVER_BEFORE_SUNRISE,2026-09-08 06:52:00 AM EDT,2026-09-08 09:24:00 AM EDT,Dwadashi ended before sunrise; Parana is sunrise to Pratah end.
Charlotte,North Carolina,United States,America/New_York,geoname:4460243,4460243,Aja Ekadashi,2026-09-07,"Aja Ekadashi - Charlotte. Dashami ends and Ekadashi begins on 2026-09-06 09:59:00 AM EDT. On 07-Sep-26, Sooryodaya is 07:00 AM and Arunodaya is 05:24 AM. Ekadashi is present at sunrise and had begun before Arunodaya, so this is a valid Ekadashi sunrise. Ekadashi ends on 2026-09-07 07:33:00 AM EDT and does not remain through another sunrise. Ekadashi ends and Dwadashi begins on 2026-09-07 07:33:00 AM EDT. Dwadashi ends and Trayodashi begins on 2026-09-08 05:12:00 AM EDT. Therefore the Upavaasa is observed on 07-Sep-26. For Parana on 08-Sep-26, Sooryodaya is 07:01 AM, Pratah Kala ends at 09:33 AM, Dwadashi ends at 2026-09-08 05:12:00 AM EDT, and Hari Vasara ends at 2026-09-07 12:57:45 PM EDT. Dwadashi has already ended before Sooryodaya. Therefore Parana starts at Sooryodaya (07:01 AM) and continues to the end of Pratah Kala (09:33 AM). Hence Parana is 07:01 AM to 09:33 AM.",2026-09-06:Dashami | 2026-09-07:Ekadashi | 2026-09-08:Trayodashi,2026-09-06:Ardra | 2026-09-07:Punarvasu | 2026-09-08:Pushya,2026-09-06 09:59:00 AM EDT,2026-09-07 07:33:00 AM EDT,2026-09-08 05:12:00 AM EDT,2026-09-07,07:00 AM,2026-09-07 05:24:00 AM EDT,2026-09-07,,2026-09-07:VALID (start 2026-09-06 09:59:00 AM EDT < Arunodaya 2026-09-07 05:24:00 AM EDT),2026-09-07,07:00 AM,2026-09-07 05:24:00 AM EDT,,,2026-09-07 12:57:45 PM EDT,2026-09-06,2026-09-08,2026-09-06 | 2026-09-07 | 2026-09-08,0,COMPLETE,,,Normal Ekadashi,NORMAL,Ekadashi began before Arunodaya and has one valid Ekadashi sunrise. No two-day exception is triggered.,2026-09-07:VALID (start 2026-09-06 09:59:00 AM EDT < Arunodaya 2026-09-07 05:24:00 AM EDT),2026-09-07,,2026-09-08,DWADASHI,DWADASHI_OVER_BEFORE_SUNRISE,2026-09-08 07:01:00 AM EDT,2026-09-08 09:32:48 AM EDT,Dwadashi ended before sunrise; Parana is sunrise to Pratah end.
Bengaluru,Karnataka,India,Asia/Kolkata,geoname:1277333,1277333,Aja Ekadashi,2026-09-07,"Aja Ekadashi - Bengaluru. Dashami ends and Ekadashi begins on 2026-09-06 07:29:00 PM IST. On 07-Sep-26, Sooryodaya is 06:09 AM and Arunodaya is 04:33 AM. Ekadashi is present at sunrise and had begun before Arunodaya, so this is a valid Ekadashi sunrise. Ekadashi ends on 2026-09-07 05:03:00 PM IST and does not remain through another sunrise. Ekadashi ends and Dwadashi begins on 2026-09-07 05:03:00 PM IST. Dwadashi is present at Sooryodaya on 08-Sep-26 (Sooryodaya 06:09 AM). Dwadashi ends and Trayodashi begins on 2026-09-08 02:42:00 PM IST. Therefore the Upavaasa is observed on 07-Sep-26. For Parana on 08-Sep-26, Sooryodaya is 06:09 AM, Pratah Kala ends at 08:36 AM, Dwadashi ends at 2026-09-08 02:42:00 PM IST, and Hari Vasara ends at 2026-09-07 10:27:45 PM IST. Hari Vasara ends before Sooryodaya, so there is no Hari-Vasara delay; Parana starts at Sooryodaya (06:09 AM). Pratah Kala ends at 08:36 AM, before Dwadashi ends; therefore Pratah Kala end is the limiting end time. Hence Parana is 06:09 AM to 08:36 AM.",2026-09-06:Dashami | 2026-09-07:Ekadashi | 2026-09-08:Dwadashi,2026-09-06:Ardra | 2026-09-07:Punarvasu | 2026-09-08:Pushya,2026-09-06 07:29:00 PM IST,2026-09-07 05:03:00 PM IST,2026-09-08 02:42:00 PM IST,2026-09-07,06:09 AM,2026-09-07 04:33:00 AM IST,2026-09-07,,2026-09-07:VALID (start 2026-09-06 07:29:00 PM IST < Arunodaya 2026-09-07 04:33:00 AM IST),2026-09-07,06:09 AM,2026-09-07 04:33:00 AM IST,2026-09-08,Pushya,2026-09-07 10:27:45 PM IST,2026-09-06,2026-09-08,2026-09-06 | 2026-09-07 | 2026-09-08,0,COMPLETE,,,Normal Ekadashi,NORMAL,Ekadashi began before Arunodaya and has one valid Ekadashi sunrise. No two-day exception is triggered.,2026-09-07:VALID (start 2026-09-06 07:29:00 PM IST < Arunodaya 2026-09-07 04:33:00 AM IST),2026-09-07,,2026-09-08,DWADASHI,PRATAH,2026-09-08 06:09:00 AM IST,2026-09-08 08:36:24 AM IST,Hari Vasara ended before Parana-day sunrise; Parana is sunrise to Pratah end.
Mysuru,Karnataka,India,Asia/Kolkata,geoname:1262321,1262321,Aja Ekadashi,2026-09-07,"Aja Ekadashi - Mysuru. Dashami ends and Ekadashi begins on 2026-09-06 07:29:00 PM IST. On 07-Sep-26, Sooryodaya is 06:13 AM and Arunodaya is 04:37 AM. Ekadashi is present at sunrise and had begun before Arunodaya, so this is a valid Ekadashi sunrise. Ekadashi ends on 2026-09-07 05:03:00 PM IST and does not remain through another sunrise. Ekadashi ends and Dwadashi begins on 2026-09-07 05:03:00 PM IST. Dwadashi is present at Sooryodaya on 08-Sep-26 (Sooryodaya 06:13 AM). Dwadashi ends and Trayodashi begins on 2026-09-08 02:42:00 PM IST. Therefore the Upavaasa is observed on 07-Sep-26. For Parana on 08-Sep-26, Sooryodaya is 06:13 AM, Pratah Kala ends at 08:40 AM, Dwadashi ends at 2026-09-08 02:42:00 PM IST, and Hari Vasara ends at 2026-09-07 10:27:45 PM IST. Hari Vasara ends before Sooryodaya, so there is no Hari-Vasara delay; Parana starts at Sooryodaya (06:13 AM). Pratah Kala ends at 08:40 AM, before Dwadashi ends; therefore Pratah Kala end is the limiting end time. Hence Parana is 06:13 AM to 08:40 AM.",2026-09-06:Dashami | 2026-09-07:Ekadashi | 2026-09-08:Dwadashi,2026-09-06:Ardra | 2026-09-07:Punarvasu | 2026-09-08:Pushya,2026-09-06 07:29:00 PM IST,2026-09-07 05:03:00 PM IST,2026-09-08 02:42:00 PM IST,2026-09-07,06:13 AM,2026-09-07 04:37:00 AM IST,2026-09-07,,2026-09-07:VALID (start 2026-09-06 07:29:00 PM IST < Arunodaya 2026-09-07 04:37:00 AM IST),2026-09-07,06:13 AM,2026-09-07 04:37:00 AM IST,2026-09-08,Pushya,2026-09-07 10:27:45 PM IST,2026-09-06,2026-09-08,2026-09-06 | 2026-09-07 | 2026-09-08,0,COMPLETE,,,Normal Ekadashi,NORMAL,Ekadashi began before Arunodaya and has one valid Ekadashi sunrise. No two-day exception is triggered.,2026-09-07:VALID (start 2026-09-06 07:29:00 PM IST < Arunodaya 2026-09-07 04:37:00 AM IST),2026-09-07,,2026-09-08,DWADASHI,PRATAH,2026-09-08 06:13:00 AM IST,2026-09-08 08:40:12 AM IST,Hari Vasara ended before Parana-day sunrise; Parana is sunrise to Pratah end.
T Narasipura,Karnataka,India,Asia/Kolkata,geoname:1262321,1262321,Aja Ekadashi,2026-09-07,"Aja Ekadashi - T Narasipura. Dashami ends and Ekadashi begins on 2026-09-06 07:29:00 PM IST. On 07-Sep-26, Sooryodaya is 06:13 AM and Arunodaya is 04:37 AM. Ekadashi is present at sunrise and had begun before Arunodaya, so this is a valid Ekadashi sunrise. Ekadashi ends on 2026-09-07 05:03:00 PM IST and does not remain through another sunrise. Ekadashi ends and Dwadashi begins on 2026-09-07 05:03:00 PM IST. Dwadashi is present at Sooryodaya on 08-Sep-26 (Sooryodaya 06:13 AM). Dwadashi ends and Trayodashi begins on 2026-09-08 02:42:00 PM IST. Therefore the Upavaasa is observed on 07-Sep-26. For Parana on 08-Sep-26, Sooryodaya is 06:13 AM, Pratah Kala ends at 08:40 AM, Dwadashi ends at 2026-09-08 02:42:00 PM IST, and Hari Vasara ends at 2026-09-07 10:27:45 PM IST. Hari Vasara ends before Sooryodaya, so there is no Hari-Vasara delay; Parana starts at Sooryodaya (06:13 AM). Pratah Kala ends at 08:40 AM, before Dwadashi ends; therefore Pratah Kala end is the limiting end time. Hence Parana is 06:13 AM to 08:40 AM.",2026-09-06:Dashami | 2026-09-07:Ekadashi | 2026-09-08:Dwadashi,2026-09-06:Ardra | 2026-09-07:Punarvasu | 2026-09-08:Pushya,2026-09-06 07:29:00 PM IST,2026-09-07 05:03:00 PM IST,2026-09-08 02:42:00 PM IST,2026-09-07,06:13 AM,2026-09-07 04:37:00 AM IST,2026-09-07,,2026-09-07:VALID (start 2026-09-06 07:29:00 PM IST < Arunodaya 2026-09-07 04:37:00 AM IST),2026-09-07,06:13 AM,2026-09-07 04:37:00 AM IST,2026-09-08,Pushya,2026-09-07 10:27:45 PM IST,2026-09-06,2026-09-08,2026-09-06 | 2026-09-07 | 2026-09-08,0,COMPLETE,,,Normal Ekadashi,NORMAL,Ekadashi began before Arunodaya and has one valid Ekadashi sunrise. No two-day exception is triggered.,2026-09-07:VALID (start 2026-09-06 07:29:00 PM IST < Arunodaya 2026-09-07 04:37:00 AM IST),2026-09-07,,2026-09-08,DWADASHI,PRATAH,2026-09-08 06:13:00 AM IST,2026-09-08 08:40:12 AM IST,Hari Vasara ended before Parana-day sunrise; Parana is sunrise to Pratah end.
Mangalore,Karnataka,India,Asia/Kolkata,geoname:1263780,1263780,Aja Ekadashi,2026-09-07,"Aja Ekadashi - Mangalore. Dashami ends and Ekadashi begins on 2026-09-06 07:29:00 PM IST. On 07-Sep-26, Sooryodaya is 06:20 AM and Arunodaya is 04:44 AM. Ekadashi is present at sunrise and had begun before Arunodaya, so this is a valid Ekadashi sunrise. Ekadashi ends on 2026-09-07 05:03:00 PM IST and does not remain through another sunrise. Ekadashi ends and Dwadashi begins on 2026-09-07 05:03:00 PM IST. Dwadashi is present at Sooryodaya on 08-Sep-26 (Sooryodaya 06:20 AM). Dwadashi ends and Trayodashi begins on 2026-09-08 02:42:00 PM IST. Therefore the Upavaasa is observed on 07-Sep-26. For Parana on 08-Sep-26, Sooryodaya is 06:20 AM, Pratah Kala ends at 08:47 AM, Dwadashi ends at 2026-09-08 02:42:00 PM IST, and Hari Vasara ends at 2026-09-07 10:27:45 PM IST. Hari Vasara ends before Sooryodaya, so there is no Hari-Vasara delay; Parana starts at Sooryodaya (06:20 AM). Pratah Kala ends at 08:47 AM, before Dwadashi ends; therefore Pratah Kala end is the limiting end time. Hence Parana is 06:20 AM to 08:47 AM.",2026-09-06:Dashami | 2026-09-07:Ekadashi | 2026-09-08:Dwadashi,2026-09-06:Ardra | 2026-09-07:Punarvasu | 2026-09-08:Pushya,2026-09-06 07:29:00 PM IST,2026-09-07 05:03:00 PM IST,2026-09-08 02:42:00 PM IST,2026-09-07,06:20 AM,2026-09-07 04:44:00 AM IST,2026-09-07,,2026-09-07:VALID (start 2026-09-06 07:29:00 PM IST < Arunodaya 2026-09-07 04:44:00 AM IST),2026-09-07,06:20 AM,2026-09-07 04:44:00 AM IST,2026-09-08,Pushya,2026-09-07 10:27:45 PM IST,2026-09-06,2026-09-08,2026-09-06 | 2026-09-07 | 2026-09-08,0,COMPLETE,,,Normal Ekadashi,NORMAL,Ekadashi began before Arunodaya and has one valid Ekadashi sunrise. No two-day exception is triggered.,2026-09-07:VALID (start 2026-09-06 07:29:00 PM IST < Arunodaya 2026-09-07 04:44:00 AM IST),2026-09-07,,2026-09-08,DWADASHI,PRATAH,2026-09-08 06:20:00 AM IST,2026-09-08 08:47:24 AM IST,Hari Vasara ended before Parana-day sunrise; Parana is sunrise to Pratah end.
Udupi,Karnataka,India,Asia/Kolkata,geoname:1253952,1253952,Aja Ekadashi,2026-09-07,"Aja Ekadashi - Udupi. Dashami ends and Ekadashi begins on 2026-09-06 07:29:00 PM IST. On 07-Sep-26, Sooryodaya is 06:20 AM and Arunodaya is 04:44 AM. Ekadashi is present at sunrise and had begun before Arunodaya, so this is a valid Ekadashi sunrise. Ekadashi ends on 2026-09-07 05:03:00 PM IST and does not remain through another sunrise. Ekadashi ends and Dwadashi begins on 2026-09-07 05:03:00 PM IST. Dwadashi is present at Sooryodaya on 08-Sep-26 (Sooryodaya 06:20 AM). Dwadashi ends and Trayodashi begins on 2026-09-08 02:42:00 PM IST. Therefore the Upavaasa is observed on 07-Sep-26. For Parana on 08-Sep-26, Sooryodaya is 06:20 AM, Pratah Kala ends at 08:47 AM, Dwadashi ends at 2026-09-08 02:42:00 PM IST, and Hari Vasara ends at 2026-09-07 10:27:45 PM IST. Hari Vasara ends before Sooryodaya, so there is no Hari-Vasara delay; Parana starts at Sooryodaya (06:20 AM). Pratah Kala ends at 08:47 AM, before Dwadashi ends; therefore Pratah Kala end is the limiting end time. Hence Parana is 06:20 AM to 08:47 AM.",2026-09-06:Dashami | 2026-09-07:Ekadashi | 2026-09-08:Dwadashi,2026-09-06:Ardra | 2026-09-07:Punarvasu | 2026-09-08:Pushya,2026-09-06 07:29:00 PM IST,2026-09-07 05:03:00 PM IST,2026-09-08 02:42:00 PM IST,2026-09-07,06:20 AM,2026-09-07 04:44:00 AM IST,2026-09-07,,2026-09-07:VALID (start 2026-09-06 07:29:00 PM IST < Arunodaya 2026-09-07 04:44:00 AM IST),2026-09-07,06:20 AM,2026-09-07 04:44:00 AM IST,2026-09-08,Pushya,2026-09-07 10:27:45 PM IST,2026-09-06,2026-09-08,2026-09-06 | 2026-09-07 | 2026-09-08,0,COMPLETE,,,Normal Ekadashi,NORMAL,Ekadashi began before Arunodaya and has one valid Ekadashi sunrise. No two-day exception is triggered.,2026-09-07:VALID (start 2026-09-06 07:29:00 PM IST < Arunodaya 2026-09-07 04:44:00 AM IST),2026-09-07,,2026-09-08,DWADASHI,PRATAH,2026-09-08 06:20:00 AM IST,2026-09-08 08:47:24 AM IST,Hari Vasara ended before Parana-day sunrise; Parana is sunrise to Pratah end.
Surat,Gujarat,India,Asia/Kolkata,geoname:1255364,1255364,Aja Ekadashi,2026-09-07,"Aja Ekadashi - Surat. Dashami ends and Ekadashi begins on 2026-09-06 07:29:00 PM IST. On 07-Sep-26, Sooryodaya is 06:24 AM and Arunodaya is 04:48 AM. Ekadashi is present at sunrise and had begun before Arunodaya, so this is a valid Ekadashi sunrise. Ekadashi ends on 2026-09-07 05:03:00 PM IST and does not remain through another sunrise. Ekadashi ends and Dwadashi begins on 2026-09-07 05:03:00 PM IST. Dwadashi is present at Sooryodaya on 08-Sep-26 (Sooryodaya 06:24 AM). Dwadashi ends and Trayodashi begins on 2026-09-08 02:42:00 PM IST. Therefore the Upavaasa is observed on 07-Sep-26. For Parana on 08-Sep-26, Sooryodaya is 06:24 AM, Pratah Kala ends at 08:53 AM, Dwadashi ends at 2026-09-08 02:42:00 PM IST, and Hari Vasara ends at 2026-09-07 10:27:45 PM IST. Hari Vasara ends before Sooryodaya, so there is no Hari-Vasara delay; Parana starts at Sooryodaya (06:24 AM). Pratah Kala ends at 08:53 AM, before Dwadashi ends; therefore Pratah Kala end is the limiting end time. Hence Parana is 06:24 AM to 08:53 AM.",2026-09-06:Dashami | 2026-09-07:Ekadashi | 2026-09-08:Dwadashi,2026-09-06:Ardra | 2026-09-07:Punarvasu | 2026-09-08:Pushya,2026-09-06 07:29:00 PM IST,2026-09-07 05:03:00 PM IST,2026-09-08 02:42:00 PM IST,2026-09-07,06:24 AM,2026-09-07 04:48:00 AM IST,2026-09-07,,2026-09-07:VALID (start 2026-09-06 07:29:00 PM IST < Arunodaya 2026-09-07 04:48:00 AM IST),2026-09-07,06:24 AM,2026-09-07 04:48:00 AM IST,2026-09-08,Pushya,2026-09-07 10:27:45 PM IST,2026-09-06,2026-09-08,2026-09-06 | 2026-09-07 | 2026-09-08,0,COMPLETE,,,Normal Ekadashi,NORMAL,Ekadashi began before Arunodaya and has one valid Ekadashi sunrise. No two-day exception is triggered.,2026-09-07:VALID (start 2026-09-06 07:29:00 PM IST < Arunodaya 2026-09-07 04:48:00 AM IST),2026-09-07,,2026-09-08,DWADASHI,PRATAH,2026-09-08 06:24:00 AM IST,2026-09-08 08:53:00 AM IST,Hari Vasara ended before Parana-day sunrise; Parana is sunrise to Pratah end.
Pune,Maharashtra,India,Asia/Kolkata,geoname:1259229,1259229,Aja Ekadashi,2026-09-07,"Aja Ekadashi - Pune. Dashami ends and Ekadashi begins on 2026-09-06 07:29:00 PM IST. On 07-Sep-26, Sooryodaya is 06:21 AM and Arunodaya is 04:45 AM. Ekadashi is present at sunrise and had begun before Arunodaya, so this is a valid Ekadashi sunrise. Ekadashi ends on 2026-09-07 05:03:00 PM IST and does not remain through another sunrise. Ekadashi ends and Dwadashi begins on 2026-09-07 05:03:00 PM IST. Dwadashi is present at Sooryodaya on 08-Sep-26 (Sooryodaya 06:21 AM). Dwadashi ends and Trayodashi begins on 2026-09-08 02:42:00 PM IST. Therefore the Upavaasa is observed on 07-Sep-26. For Parana on 08-Sep-26, Sooryodaya is 06:21 AM, Pratah Kala ends at 08:49 AM, Dwadashi ends at 2026-09-08 02:42:00 PM IST, and Hari Vasara ends at 2026-09-07 10:27:45 PM IST. Hari Vasara ends before Sooryodaya, so there is no Hari-Vasara delay; Parana starts at Sooryodaya (06:21 AM). Pratah Kala ends at 08:49 AM, before Dwadashi ends; therefore Pratah Kala end is the limiting end time. Hence Parana is 06:21 AM to 08:49 AM.",2026-09-06:Dashami | 2026-09-07:Ekadashi | 2026-09-08:Dwadashi,2026-09-06:Ardra | 2026-09-07:Punarvasu | 2026-09-08:Pushya,2026-09-06 07:29:00 PM IST,2026-09-07 05:03:00 PM IST,2026-09-08 02:42:00 PM IST,2026-09-07,06:21 AM,2026-09-07 04:45:00 AM IST,2026-09-07,,2026-09-07:VALID (start 2026-09-06 07:29:00 PM IST < Arunodaya 2026-09-07 04:45:00 AM IST),2026-09-07,06:21 AM,2026-09-07 04:45:00 AM IST,2026-09-08,Pushya,2026-09-07 10:27:45 PM IST,2026-09-06,2026-09-08,2026-09-06 | 2026-09-07 | 2026-09-08,0,COMPLETE,,,Normal Ekadashi,NORMAL,Ekadashi began before Arunodaya and has one valid Ekadashi sunrise. No two-day exception is triggered.,2026-09-07:VALID (start 2026-09-06 07:29:00 PM IST < Arunodaya 2026-09-07 04:45:00 AM IST),2026-09-07,,2026-09-08,DWADASHI,PRATAH,2026-09-08 06:21:00 AM IST,2026-09-08 08:49:24 AM IST,Hari Vasara ended before Parana-day sunrise; Parana is sunrise to Pratah end.
Vadodara,Gujarat,India,Asia/Kolkata,geoname:1253573,1253573,Aja Ekadashi,2026-09-07,"Aja Ekadashi - Vadodara. Dashami ends and Ekadashi begins on 2026-09-06 07:29:00 PM IST. On 07-Sep-26, Sooryodaya is 06:22 AM and Arunodaya is 04:46 AM. Ekadashi is present at sunrise and had begun before Arunodaya, so this is a valid Ekadashi sunrise. Ekadashi ends on 2026-09-07 05:03:00 PM IST and does not remain through another sunrise. Ekadashi ends and Dwadashi begins on 2026-09-07 05:03:00 PM IST. Dwadashi is present at Sooryodaya on 08-Sep-26 (Sooryodaya 06:22 AM). Dwadashi ends and Trayodashi begins on 2026-09-08 02:42:00 PM IST. Therefore the Upavaasa is observed on 07-Sep-26. For Parana on 08-Sep-26, Sooryodaya is 06:22 AM, Pratah Kala ends at 08:51 AM, Dwadashi ends at 2026-09-08 02:42:00 PM IST, and Hari Vasara ends at 2026-09-07 10:27:45 PM IST. Hari Vasara ends before Sooryodaya, so there is no Hari-Vasara delay; Parana starts at Sooryodaya (06:22 AM). Pratah Kala ends at 08:51 AM, before Dwadashi ends; therefore Pratah Kala end is the limiting end time. Hence Parana is 06:22 AM to 08:51 AM.",2026-09-06:Dashami | 2026-09-07:Ekadashi | 2026-09-08:Dwadashi,2026-09-06:Ardra | 2026-09-07:Punarvasu | 2026-09-08:Pushya,2026-09-06 07:29:00 PM IST,2026-09-07 05:03:00 PM IST,2026-09-08 02:42:00 PM IST,2026-09-07,06:22 AM,2026-09-07 04:46:00 AM IST,2026-09-07,,2026-09-07:VALID (start 2026-09-06 07:29:00 PM IST < Arunodaya 2026-09-07 04:46:00 AM IST),2026-09-07,06:22 AM,2026-09-07 04:46:00 AM IST,2026-09-08,Pushya,2026-09-07 10:27:45 PM IST,2026-09-06,2026-09-08,2026-09-06 | 2026-09-07 | 2026-09-08,0,COMPLETE,,,Normal Ekadashi,NORMAL,Ekadashi began before Arunodaya and has one valid Ekadashi sunrise. No two-day exception is triggered.,2026-09-07:VALID (start 2026-09-06 07:29:00 PM IST < Arunodaya 2026-09-07 04:46:00 AM IST),2026-09-07,,2026-09-08,DWADASHI,PRATAH,2026-09-08 06:22:00 AM IST,2026-09-08 08:51:12 AM IST,Hari Vasara ended before Parana-day sunrise; Parana is sunrise to Pratah end.
Hyderabad,Telangana,India,Asia/Kolkata,geoname:1269843,1269843,Aja Ekadashi,2026-09-07,"Aja Ekadashi - Hyderabad. Dashami ends and Ekadashi begins on 2026-09-06 07:29:00 PM IST. On 07-Sep-26, Sooryodaya is 06:03 AM and Arunodaya is 04:27 AM. Ekadashi is present at sunrise and had begun before Arunodaya, so this is a valid Ekadashi sunrise. Ekadashi ends on 2026-09-07 05:03:00 PM IST and does not remain through another sunrise. Ekadashi ends and Dwadashi begins on 2026-09-07 05:03:00 PM IST. Dwadashi is present at Sooryodaya on 08-Sep-26 (Sooryodaya 06:03 AM). Dwadashi ends and Trayodashi begins on 2026-09-08 02:42:00 PM IST. Therefore the Upavaasa is observed on 07-Sep-26. For Parana on 08-Sep-26, Sooryodaya is 06:03 AM, Pratah Kala ends at 08:31 AM, Dwadashi ends at 2026-09-08 02:42:00 PM IST, and Hari Vasara ends at 2026-09-07 10:27:45 PM IST. Hari Vasara ends before Sooryodaya, so there is no Hari-Vasara delay; Parana starts at Sooryodaya (06:03 AM). Pratah Kala ends at 08:31 AM, before Dwadashi ends; therefore Pratah Kala end is the limiting end time. Hence Parana is 06:03 AM to 08:31 AM.",2026-09-06:Dashami | 2026-09-07:Ekadashi | 2026-09-08:Dwadashi,2026-09-06:Ardra | 2026-09-07:Punarvasu | 2026-09-08:Pushya,2026-09-06 07:29:00 PM IST,2026-09-07 05:03:00 PM IST,2026-09-08 02:42:00 PM IST,2026-09-07,06:03 AM,2026-09-07 04:27:00 AM IST,2026-09-07,,2026-09-07:VALID (start 2026-09-06 07:29:00 PM IST < Arunodaya 2026-09-07 04:27:00 AM IST),2026-09-07,06:03 AM,2026-09-07 04:27:00 AM IST,2026-09-08,Pushya,2026-09-07 10:27:45 PM IST,2026-09-06,2026-09-08,2026-09-06 | 2026-09-07 | 2026-09-08,0,COMPLETE,,,Normal Ekadashi,NORMAL,Ekadashi began before Arunodaya and has one valid Ekadashi sunrise. No two-day exception is triggered.,2026-09-07:VALID (start 2026-09-06 07:29:00 PM IST < Arunodaya 2026-09-07 04:27:00 AM IST),2026-09-07,,2026-09-08,DWADASHI,PRATAH,2026-09-08 06:03:00 AM IST,2026-09-08 08:31:12 AM IST,Hari Vasara ended before Parana-day sunrise; Parana is sunrise to Pratah end.
Rochester,New York,United States,America/New_York,geoname:5134086,5134086,Aja Ekadashi,2026-09-07,"Aja Ekadashi - Rochester. Dashami ends and Ekadashi begins on 2026-09-06 09:59:00 AM EDT. On 07-Sep-26, Sooryodaya is 06:41 AM and Arunodaya is 05:05 AM. Ekadashi is present at sunrise and had begun before Arunodaya, so this is a valid Ekadashi sunrise. Ekadashi ends on 2026-09-07 07:33:00 AM EDT and does not remain through another sunrise. Ekadashi ends and Dwadashi begins on 2026-09-07 07:33:00 AM EDT. Dwadashi ends and Trayodashi begins on 2026-09-08 05:12:00 AM EDT. Therefore the Upavaasa is observed on 07-Sep-26. For Parana on 08-Sep-26, Sooryodaya is 06:43 AM, Pratah Kala ends at 09:17 AM, Dwadashi ends at 2026-09-08 05:12:00 AM EDT, and Hari Vasara ends at 2026-09-07 12:57:45 PM EDT. Dwadashi has already ended before Sooryodaya. Therefore Parana starts at Sooryodaya (06:43 AM) and continues to the end of Pratah Kala (09:17 AM). Hence Parana is 06:43 AM to 09:17 AM.",2026-09-06:Dashami | 2026-09-07:Ekadashi | 2026-09-08:Trayodashi,2026-09-06:Ardra | 2026-09-07:Punarvasu | 2026-09-08:Pushya,2026-09-06 09:59:00 AM EDT,2026-09-07 07:33:00 AM EDT,2026-09-08 05:12:00 AM EDT,2026-09-07,06:41 AM,2026-09-07 05:05:00 AM EDT,2026-09-07,,2026-09-07:VALID (start 2026-09-06 09:59:00 AM EDT < Arunodaya 2026-09-07 05:05:00 AM EDT),2026-09-07,06:41 AM,2026-09-07 05:05:00 AM EDT,,,2026-09-07 12:57:45 PM EDT,2026-09-06,2026-09-08,2026-09-06 | 2026-09-07 | 2026-09-08,0,COMPLETE,,,Normal Ekadashi,NORMAL,Ekadashi began before Arunodaya and has one valid Ekadashi sunrise. No two-day exception is triggered.,2026-09-07:VALID (start 2026-09-06 09:59:00 AM EDT < Arunodaya 2026-09-07 05:05:00 AM EDT),2026-09-07,,2026-09-08,DWADASHI,DWADASHI_OVER_BEFORE_SUNRISE,2026-09-08 06:43:00 AM EDT,2026-09-08 09:17:00 AM EDT,Dwadashi ended before sunrise; Parana is sunrise to Pratah end.
Stonybrook,New York,United States,America/New_York,geoname:5139865,5139865,Aja Ekadashi,2026-09-07,"Aja Ekadashi - Stonybrook. Dashami ends and Ekadashi begins on 2026-09-06 09:59:00 AM EDT. On 07-Sep-26, Sooryodaya is 06:25 AM and Arunodaya is 04:49 AM. Ekadashi is present at sunrise and had begun before Arunodaya, so this is a valid Ekadashi sunrise. Ekadashi ends on 2026-09-07 07:33:00 AM EDT and does not remain through another sunrise. Ekadashi ends and Dwadashi begins on 2026-09-07 07:33:00 AM EDT. Dwadashi ends and Trayodashi begins on 2026-09-08 05:12:00 AM EDT. Therefore the Upavaasa is observed on 07-Sep-26. For Parana on 08-Sep-26, Sooryodaya is 06:26 AM, Pratah Kala ends at 08:59 AM, Dwadashi ends at 2026-09-08 05:12:00 AM EDT, and Hari Vasara ends at 2026-09-07 12:57:45 PM EDT. Dwadashi has already ended before Sooryodaya. Therefore Parana starts at Sooryodaya (06:26 AM) and continues to the end of Pratah Kala (08:59 AM). Hence Parana is 06:26 AM to 08:59 AM.",2026-09-06:Dashami | 2026-09-07:Ekadashi | 2026-09-08:Trayodashi,2026-09-06:Ardra | 2026-09-07:Punarvasu | 2026-09-08:Pushya,2026-09-06 09:59:00 AM EDT,2026-09-07 07:33:00 AM EDT,2026-09-08 05:12:00 AM EDT,2026-09-07,06:25 AM,2026-09-07 04:49:00 AM EDT,2026-09-07,,2026-09-07:VALID (start 2026-09-06 09:59:00 AM EDT < Arunodaya 2026-09-07 04:49:00 AM EDT),2026-09-07,06:25 AM,2026-09-07 04:49:00 AM EDT,,,2026-09-07 12:57:45 PM EDT,2026-09-06,2026-09-08,2026-09-06 | 2026-09-07 | 2026-09-08,0,COMPLETE,,,Normal Ekadashi,NORMAL,Ekadashi began before Arunodaya and has one valid Ekadashi sunrise. No two-day exception is triggered.,2026-09-07:VALID (start 2026-09-06 09:59:00 AM EDT < Arunodaya 2026-09-07 04:49:00 AM EDT),2026-09-07,,2026-09-08,DWADASHI,DWADASHI_OVER_BEFORE_SUNRISE,2026-09-08 06:26:00 AM EDT,2026-09-08 08:59:24 AM EDT,Dwadashi ended before sunrise; Parana is sunrise to Pratah end.
Lafayette,Indiana,United States,America/Indiana/Indianapolis,geoname:4922462,4922462,Aja Ekadashi,2026-09-07,"Aja Ekadashi - Lafayette. Dashami ends and Ekadashi begins on 2026-09-06 09:59:00 AM EDT. On 07-Sep-26, Sooryodaya is 07:21 AM and Arunodaya is 05:45 AM. Ekadashi is present at sunrise and had begun before Arunodaya, so this is a valid Ekadashi sunrise. Ekadashi ends on 2026-09-07 07:33:00 AM EDT and does not remain through another sunrise. Ekadashi ends and Dwadashi begins on 2026-09-07 07:33:00 AM EDT. Dwadashi ends and Trayodashi begins on 2026-09-08 05:12:00 AM EDT. Therefore the Upavaasa is observed on 07-Sep-26. For Parana on 08-Sep-26, Sooryodaya is 07:22 AM, Pratah Kala ends at 09:55 AM, Dwadashi ends at 2026-09-08 05:12:00 AM EDT, and Hari Vasara ends at 2026-09-07 12:57:45 PM EDT. Dwadashi has already ended before Sooryodaya. Therefore Parana starts at Sooryodaya (07:22 AM) and continues to the end of Pratah Kala (09:55 AM). Hence Parana is 07:22 AM to 09:55 AM.",2026-09-06:Dashami | 2026-09-07:Ekadashi | 2026-09-08:Trayodashi,2026-09-06:Ardra | 2026-09-07:Punarvasu | 2026-09-08:Ashlesha,2026-09-06 09:59:00 AM EDT,2026-09-07 07:33:00 AM EDT,2026-09-08 05:12:00 AM EDT,2026-09-07,07:21 AM,2026-09-07 05:45:00 AM EDT,2026-09-07,,2026-09-07:VALID (start 2026-09-06 09:59:00 AM EDT < Arunodaya 2026-09-07 05:45:00 AM EDT),2026-09-07,07:21 AM,2026-09-07 05:45:00 AM EDT,,,2026-09-07 12:57:45 PM EDT,2026-09-06,2026-09-08,2026-09-06 | 2026-09-07 | 2026-09-08,0,COMPLETE,,,Normal Ekadashi,NORMAL,Ekadashi began before Arunodaya and has one valid Ekadashi sunrise. No two-day exception is triggered.,2026-09-07:VALID (start 2026-09-06 09:59:00 AM EDT < Arunodaya 2026-09-07 05:45:00 AM EDT),2026-09-07,,2026-09-08,DWADASHI,DWADASHI_OVER_BEFORE_SUNRISE,2026-09-08 07:22:00 AM EDT,2026-09-08 09:55:12 AM EDT,Dwadashi ended before sunrise; Parana is sunrise to Pratah end.
Chicago,Illinois,United States,America/Chicago,geoname:4887398,4887398,Aja Ekadashi,2026-09-07,"Aja Ekadashi - Chicago. Dashami ends and Ekadashi begins on 2026-09-06 08:59:00 AM CDT. On 07-Sep-26, Sooryodaya is 06:23 AM and Arunodaya is 04:47 AM. Ekadashi is present at sunrise and had begun before Arunodaya, so this is a valid Ekadashi sunrise. Ekadashi ends on 2026-09-07 06:33:00 AM CDT and does not remain through another sunrise. Ekadashi ends and Dwadashi begins on 2026-09-07 06:33:00 AM CDT. Dwadashi ends and Trayodashi begins on 2026-09-08 04:12:00 AM CDT. Therefore the Upavaasa is observed on 07-Sep-26. For Parana on 08-Sep-26, Sooryodaya is 06:24 AM, Pratah Kala ends at 08:58 AM, Dwadashi ends at 2026-09-08 04:12:00 AM CDT, and Hari Vasara ends at 2026-09-07 11:57:45 AM CDT. Dwadashi has already ended before Sooryodaya. Therefore Parana starts at Sooryodaya (06:24 AM) and continues to the end of Pratah Kala (08:58 AM). Hence Parana is 06:24 AM to 08:58 AM.",2026-09-06:Dashami | 2026-09-07:Ekadashi | 2026-09-08:Trayodashi,2026-09-06:Ardra | 2026-09-07:Punarvasu | 2026-09-08:Ashlesha,2026-09-06 08:59:00 AM CDT,2026-09-07 06:33:00 AM CDT,2026-09-08 04:12:00 AM CDT,2026-09-07,06:23 AM,2026-09-07 04:47:00 AM CDT,2026-09-07,,2026-09-07:VALID (start 2026-09-06 08:59:00 AM CDT < Arunodaya 2026-09-07 04:47:00 AM CDT),2026-09-07,06:23 AM,2026-09-07 04:47:00 AM CDT,,,2026-09-07 11:57:45 AM CDT,2026-09-06,2026-09-08,2026-09-06 | 2026-09-07 | 2026-09-08,0,COMPLETE,,,Normal Ekadashi,NORMAL,Ekadashi began before Arunodaya and has one valid Ekadashi sunrise. No two-day exception is triggered.,2026-09-07:VALID (start 2026-09-06 08:59:00 AM CDT < Arunodaya 2026-09-07 04:47:00 AM CDT),2026-09-07,,2026-09-08,DWADASHI,DWADASHI_OVER_BEFORE_SUNRISE,2026-09-08 06:24:00 AM CDT,2026-09-08 08:57:36 AM CDT,Dwadashi ended before sunrise; Parana is sunrise to Pratah end.
Dallas,Texas,United States,America/Chicago,geoname:4684888,4684888,Aja Ekadashi,2026-09-07,"Aja Ekadashi - Dallas. Dashami ends and Ekadashi begins on 2026-09-06 08:59:00 AM CDT. Ekadashi ends and Dwadashi begins on 2026-09-07 06:33:00 AM CDT. Dwadashi is present at Sooryodaya on 07-Sep-26 (Sooryodaya 07:06 AM). Dwadashi ends and Trayodashi begins on 2026-09-08 04:12:00 AM CDT. Therefore the Upavaasa is observed on 07-Sep-26. For Parana on 08-Sep-26, Sooryodaya is 07:07 AM, Pratah Kala ends at 09:38 AM, Dwadashi ends at 2026-09-08 04:12:00 AM CDT, and Hari Vasara ends at 2026-09-07 11:57:45 AM CDT. Because the Upavaasa itself was observed on Dwadashi, Hari Vasara is not used to delay the Parana start on the following morning. Dwadashi has already ended before Sooryodaya, so Parana starts at Sooryodaya (07:07 AM). Since Dwadashi is already over, the available morning limit is the end of Pratah Kala (09:38 AM). Hence Parana is 07:07 AM to 09:38 AM.",2026-09-06:Dashami | 2026-09-07:Dwadashi | 2026-09-08:Trayodashi,2026-09-06:Ardra | 2026-09-07:Punarvasu | 2026-09-08:Ashlesha,2026-09-06 08:59:00 AM CDT,2026-09-07 06:33:00 AM CDT,2026-09-08 04:12:00 AM CDT,,,,,,,,,,2026-09-07,Punarvasu,2026-09-07 11:57:45 AM CDT,2026-09-06,2026-09-08,2026-09-06 | 2026-09-07 | 2026-09-08,0,COMPLETE,,,Missing Ekadashi,MISSING_EKADASHI,"Ekadashi Tithi begins after one sunrise and ends before the next, so no sunrise occurs during Ekadashi. Upavaasa is observed on Dwadashi.",,2026-09-07,,2026-09-08,POST_DWADASHI_UPAVASA,POST_DWADASHI_FAST_DWADASHI_OVER_BEFORE_SUNRISE,2026-09-08 07:07:00 AM CDT,2026-09-08 09:38:12 AM CDT,Dwadashi ended before Parana-day sunrise; Parana is sunrise to Pratah end.
Houston,Texas,United States,America/Chicago,geoname:4699066,4699066,Aja Ekadashi,2026-09-07,"Aja Ekadashi - Houston. Dashami ends and Ekadashi begins on 2026-09-06 08:59:00 AM CDT. Ekadashi ends and Dwadashi begins on 2026-09-07 06:33:00 AM CDT. Dwadashi is present at Sooryodaya on 07-Sep-26 (Sooryodaya 07:02 AM). Dwadashi ends and Trayodashi begins on 2026-09-08 04:12:00 AM CDT. Therefore the Upavaasa is observed on 07-Sep-26. For Parana on 08-Sep-26, Sooryodaya is 07:03 AM, Pratah Kala ends at 09:33 AM, Dwadashi ends at 2026-09-08 04:12:00 AM CDT, and Hari Vasara ends at 2026-09-07 11:57:45 AM CDT. Because the Upavaasa itself was observed on Dwadashi, Hari Vasara is not used to delay the Parana start on the following morning. Dwadashi has already ended before Sooryodaya, so Parana starts at Sooryodaya (07:03 AM). Since Dwadashi is already over, the available morning limit is the end of Pratah Kala (09:33 AM). Hence Parana is 07:03 AM to 09:33 AM.",2026-09-06:Dashami | 2026-09-07:Dwadashi | 2026-09-08:Trayodashi,2026-09-06:Ardra | 2026-09-07:Punarvasu | 2026-09-08:Ashlesha,2026-09-06 08:59:00 AM CDT,2026-09-07 06:33:00 AM CDT,2026-09-08 04:12:00 AM CDT,,,,,,,,,,2026-09-07,Punarvasu,2026-09-07 11:57:45 AM CDT,2026-09-06,2026-09-08,2026-09-06 | 2026-09-07 | 2026-09-08,0,COMPLETE,,,Missing Ekadashi,MISSING_EKADASHI,"Ekadashi Tithi begins after one sunrise and ends before the next, so no sunrise occurs during Ekadashi. Upavaasa is observed on Dwadashi.",,2026-09-07,,2026-09-08,POST_DWADASHI_UPAVASA,POST_DWADASHI_FAST_DWADASHI_OVER_BEFORE_SUNRISE,2026-09-08 07:03:00 AM CDT,2026-09-08 09:33:24 AM CDT,Dwadashi ended before Parana-day sunrise; Parana is sunrise to Pratah end.
Phoenix,Arizona,United States,America/Phoenix,geoname:5308655,5308655,Aja Ekadashi,2026-09-07,"Aja Ekadashi - Phoenix. Dashami ends and Ekadashi begins on 2026-09-06 06:59:00 AM MST. Ekadashi ends and Dwadashi begins on 2026-09-07 04:33:00 AM MST. Dwadashi is present at Sooryodaya on 07-Sep-26 (Sooryodaya 06:07 AM). Dwadashi ends and Trayodashi begins on 2026-09-08 02:12:00 AM MST. Therefore the Upavaasa is observed on 07-Sep-26. For Parana on 08-Sep-26, Sooryodaya is 06:07 AM, Pratah Kala ends at 08:38 AM, Dwadashi ends at 2026-09-08 02:12:00 AM MST, and Hari Vasara ends at 2026-09-07 09:57:45 AM MST. Because the Upavaasa itself was observed on Dwadashi, Hari Vasara is not used to delay the Parana start on the following morning. Dwadashi has already ended before Sooryodaya, so Parana starts at Sooryodaya (06:07 AM). Since Dwadashi is already over, the available morning limit is the end of Pratah Kala (08:38 AM). Hence Parana is 06:07 AM to 08:38 AM.",2026-09-06:Dashami | 2026-09-07:Dwadashi | 2026-09-08:Trayodashi,2026-09-06:Ardra | 2026-09-07:Pushya | 2026-09-08:Ashlesha,2026-09-06 06:59:00 AM MST,2026-09-07 04:33:00 AM MST,2026-09-08 02:12:00 AM MST,,,,,,,,,,2026-09-07,Pushya,2026-09-07 09:57:45 AM MST,2026-09-06,2026-09-08,2026-09-06 | 2026-09-07 | 2026-09-08,0,COMPLETE,,,Missing Ekadashi,MISSING_EKADASHI,"Ekadashi Tithi begins after one sunrise and ends before the next, so no sunrise occurs during Ekadashi. Upavaasa is observed on Dwadashi.",,2026-09-07,,2026-09-08,POST_DWADASHI_UPAVASA,POST_DWADASHI_FAST_DWADASHI_OVER_BEFORE_SUNRISE,2026-09-08 06:07:00 AM MST,2026-09-08 08:38:24 AM MST,Dwadashi ended before Parana-day sunrise; Parana is sunrise to Pratah end.
San Francisco,California,United States,America/Los_Angeles,geoname:5391959,5391959,Aja Ekadashi,2026-09-07,"Aja Ekadashi - San Francisco. Dashami ends and Ekadashi begins on 2026-09-06 06:59:00 AM PDT. Ekadashi ends and Dwadashi begins on 2026-09-07 04:33:00 AM PDT. Dwadashi is present at Sooryodaya on 07-Sep-26 (Sooryodaya 06:45 AM). Dwadashi ends and Trayodashi begins on 2026-09-08 02:12:00 AM PDT. Therefore the Upavaasa is observed on 07-Sep-26. For Parana on 08-Sep-26, Sooryodaya is 06:46 AM, Pratah Kala ends at 09:18 AM, Dwadashi ends at 2026-09-08 02:12:00 AM PDT, and Hari Vasara ends at 2026-09-07 09:57:45 AM PDT. Because the Upavaasa itself was observed on Dwadashi, Hari Vasara is not used to delay the Parana start on the following morning. Dwadashi has already ended before Sooryodaya, so Parana starts at Sooryodaya (06:46 AM). Since Dwadashi is already over, the available morning limit is the end of Pratah Kala (09:18 AM). Hence Parana is 06:46 AM to 09:18 AM.",2026-09-06:Dashami | 2026-09-07:Dwadashi | 2026-09-08:Trayodashi,2026-09-06:Ardra | 2026-09-07:Pushya | 2026-09-08:Ashlesha,2026-09-06 06:59:00 AM PDT,2026-09-07 04:33:00 AM PDT,2026-09-08 02:12:00 AM PDT,,,,,,,,,,2026-09-07,Pushya,2026-09-07 09:57:45 AM PDT,2026-09-06,2026-09-08,2026-09-06 | 2026-09-07 | 2026-09-08,0,COMPLETE,,,Missing Ekadashi,MISSING_EKADASHI,"Ekadashi Tithi begins after one sunrise and ends before the next, so no sunrise occurs during Ekadashi. Upavaasa is observed on Dwadashi.",,2026-09-07,,2026-09-08,POST_DWADASHI_UPAVASA,POST_DWADASHI_FAST_DWADASHI_OVER_BEFORE_SUNRISE,2026-09-08 06:46:00 AM PDT,2026-09-08 09:18:24 AM PDT,Dwadashi ended before Parana-day sunrise; Parana is sunrise to Pratah end.
Los Angeles,California,United States,America/Los_Angeles,geoname:5368361,5368361,Aja Ekadashi,2026-09-07,"Aja Ekadashi - Los Angeles. Dashami ends and Ekadashi begins on 2026-09-06 06:59:00 AM PDT. Ekadashi ends and Dwadashi begins on 2026-09-07 04:33:00 AM PDT. Dwadashi is present at Sooryodaya on 07-Sep-26 (Sooryodaya 06:31 AM). Dwadashi ends and Trayodashi begins on 2026-09-08 02:12:00 AM PDT. Therefore the Upavaasa is observed on 07-Sep-26. For Parana on 08-Sep-26, Sooryodaya is 06:32 AM, Pratah Kala ends at 09:03 AM, Dwadashi ends at 2026-09-08 02:12:00 AM PDT, and Hari Vasara ends at 2026-09-07 09:57:45 AM PDT. Because the Upavaasa itself was observed on Dwadashi, Hari Vasara is not used to delay the Parana start on the following morning. Dwadashi has already ended before Sooryodaya, so Parana starts at Sooryodaya (06:32 AM). Since Dwadashi is already over, the available morning limit is the end of Pratah Kala (09:03 AM). Hence Parana is 06:32 AM to 09:03 AM.",2026-09-06:Dashami | 2026-09-07:Dwadashi | 2026-09-08:Trayodashi,2026-09-06:Ardra | 2026-09-07:Pushya | 2026-09-08:Ashlesha,2026-09-06 06:59:00 AM PDT,2026-09-07 04:33:00 AM PDT,2026-09-08 02:12:00 AM PDT,,,,,,,,,,2026-09-07,Pushya,2026-09-07 09:57:45 AM PDT,2026-09-06,2026-09-08,2026-09-06 | 2026-09-07 | 2026-09-08,0,COMPLETE,,,Missing Ekadashi,MISSING_EKADASHI,"Ekadashi Tithi begins after one sunrise and ends before the next, so no sunrise occurs during Ekadashi. Upavaasa is observed on Dwadashi.",,2026-09-07,,2026-09-08,POST_DWADASHI_UPAVASA,POST_DWADASHI_FAST_DWADASHI_OVER_BEFORE_SUNRISE,2026-09-08 06:32:00 AM PDT,2026-09-08 09:03:24 AM PDT,Dwadashi ended before Parana-day sunrise; Parana is sunrise to Pratah end.
Seattle,Washington,United States,America/Los_Angeles,geoname:5809844,5809844,Aja Ekadashi,2026-09-07,"Aja Ekadashi - Seattle. Dashami ends and Ekadashi begins on 2026-09-06 06:59:00 AM PDT. Ekadashi ends and Dwadashi begins on 2026-09-07 04:33:00 AM PDT. Dwadashi is present at Sooryodaya on 07-Sep-26 (Sooryodaya 06:36 AM). Dwadashi ends and Trayodashi begins on 2026-09-08 02:12:00 AM PDT. Therefore the Upavaasa is observed on 07-Sep-26. For Parana on 08-Sep-26, Sooryodaya is 06:38 AM, Pratah Kala ends at 09:13 AM, Dwadashi ends at 2026-09-08 02:12:00 AM PDT, and Hari Vasara ends at 2026-09-07 09:57:45 AM PDT. Because the Upavaasa itself was observed on Dwadashi, Hari Vasara is not used to delay the Parana start on the following morning. Dwadashi has already ended before Sooryodaya, so Parana starts at Sooryodaya (06:38 AM). Since Dwadashi is already over, the available morning limit is the end of Pratah Kala (09:13 AM). Hence Parana is 06:38 AM to 09:13 AM.",2026-09-06:Dashami | 2026-09-07:Dwadashi | 2026-09-08:Trayodashi,2026-09-06:Ardra | 2026-09-07:Pushya | 2026-09-08:Ashlesha,2026-09-06 06:59:00 AM PDT,2026-09-07 04:33:00 AM PDT,2026-09-08 02:12:00 AM PDT,,,,,,,,,,2026-09-07,Pushya,2026-09-07 09:57:45 AM PDT,2026-09-06,2026-09-08,2026-09-06 | 2026-09-07 | 2026-09-08,0,COMPLETE,,,Missing Ekadashi,MISSING_EKADASHI,"Ekadashi Tithi begins after one sunrise and ends before the next, so no sunrise occurs during Ekadashi. Upavaasa is observed on Dwadashi.",,2026-09-07,,2026-09-08,POST_DWADASHI_UPAVASA,POST_DWADASHI_FAST_DWADASHI_OVER_BEFORE_SUNRISE,2026-09-08 06:38:00 AM PDT,2026-09-08 09:13:24 AM PDT,Dwadashi ended before Parana-day sunrise; Parana is sunrise to Pratah end.
Tampa,Florida,United States,America/New_York,geoname:4174757,4174757,Aja Ekadashi,2026-09-07,"Aja Ekadashi - Tampa. Dashami ends and Ekadashi begins on 2026-09-06 09:59:00 AM EDT. On 07-Sep-26, Sooryodaya is 07:11 AM and Arunodaya is 05:35 AM. Ekadashi is present at sunrise and had begun before Arunodaya, so this is a valid Ekadashi sunrise. Ekadashi ends on 2026-09-07 07:33:00 AM EDT and does not remain through another sunrise. Ekadashi ends and Dwadashi begins on 2026-09-07 07:33:00 AM EDT. Dwadashi ends and Trayodashi begins on 2026-09-08 05:12:00 AM EDT. Therefore the Upavaasa is observed on 07-Sep-26. For Parana on 08-Sep-26, Sooryodaya is 07:12 AM, Pratah Kala ends at 09:42 AM, Dwadashi ends at 2026-09-08 05:12:00 AM EDT, and Hari Vasara ends at 2026-09-07 12:57:45 PM EDT. Dwadashi has already ended before Sooryodaya. Therefore Parana starts at Sooryodaya (07:12 AM) and continues to the end of Pratah Kala (09:42 AM). Hence Parana is 07:12 AM to 09:42 AM.",2026-09-06:Dashami | 2026-09-07:Ekadashi | 2026-09-08:Trayodashi,2026-09-06:Ardra | 2026-09-07:Punarvasu | 2026-09-08:Ashlesha,2026-09-06 09:59:00 AM EDT,2026-09-07 07:33:00 AM EDT,2026-09-08 05:12:00 AM EDT,2026-09-07,07:11 AM,2026-09-07 05:35:00 AM EDT,2026-09-07,,2026-09-07:VALID (start 2026-09-06 09:59:00 AM EDT < Arunodaya 2026-09-07 05:35:00 AM EDT),2026-09-07,07:11 AM,2026-09-07 05:35:00 AM EDT,,,2026-09-07 12:57:45 PM EDT,2026-09-06,2026-09-08,2026-09-06 | 2026-09-07 | 2026-09-08,0,COMPLETE,,,Normal Ekadashi,NORMAL,Ekadashi began before Arunodaya and has one valid Ekadashi sunrise. No two-day exception is triggered.,2026-09-07:VALID (start 2026-09-06 09:59:00 AM EDT < Arunodaya 2026-09-07 05:35:00 AM EDT),2026-09-07,,2026-09-08,DWADASHI,DWADASHI_OVER_BEFORE_SUNRISE,2026-09-08 07:12:00 AM EDT,2026-09-08 09:42:12 AM EDT,Dwadashi ended before sunrise; Parana is sunrise to Pratah end.
Orlando,Florida,United States,America/New_York,geoname:4167147,4167147,Aja Ekadashi,2026-09-07,"Aja Ekadashi - Orlando. Dashami ends and Ekadashi begins on 2026-09-06 09:59:00 AM EDT. On 07-Sep-26, Sooryodaya is 07:07 AM and Arunodaya is 05:31 AM. Ekadashi is present at sunrise and had begun before Arunodaya, so this is a valid Ekadashi sunrise. Ekadashi ends on 2026-09-07 07:33:00 AM EDT and does not remain through another sunrise. Ekadashi ends and Dwadashi begins on 2026-09-07 07:33:00 AM EDT. Dwadashi ends and Trayodashi begins on 2026-09-08 05:12:00 AM EDT. Therefore the Upavaasa is observed on 07-Sep-26. For Parana on 08-Sep-26, Sooryodaya is 07:07 AM, Pratah Kala ends at 09:37 AM, Dwadashi ends at 2026-09-08 05:12:00 AM EDT, and Hari Vasara ends at 2026-09-07 12:57:45 PM EDT. Dwadashi has already ended before Sooryodaya. Therefore Parana starts at Sooryodaya (07:07 AM) and continues to the end of Pratah Kala (09:37 AM). Hence Parana is 07:07 AM to 09:37 AM.",2026-09-06:Dashami | 2026-09-07:Ekadashi | 2026-09-08:Trayodashi,2026-09-06:Ardra | 2026-09-07:Punarvasu | 2026-09-08:Pushya,2026-09-06 09:59:00 AM EDT,2026-09-07 07:33:00 AM EDT,2026-09-08 05:12:00 AM EDT,2026-09-07,07:07 AM,2026-09-07 05:31:00 AM EDT,2026-09-07,,2026-09-07:VALID (start 2026-09-06 09:59:00 AM EDT < Arunodaya 2026-09-07 05:31:00 AM EDT),2026-09-07,07:07 AM,2026-09-07 05:31:00 AM EDT,,,2026-09-07 12:57:45 PM EDT,2026-09-06,2026-09-08,2026-09-06 | 2026-09-07 | 2026-09-08,0,COMPLETE,,,Normal Ekadashi,NORMAL,Ekadashi began before Arunodaya and has one valid Ekadashi sunrise. No two-day exception is triggered.,2026-09-07:VALID (start 2026-09-06 09:59:00 AM EDT < Arunodaya 2026-09-07 05:31:00 AM EDT),2026-09-07,,2026-09-08,DWADASHI,DWADASHI_OVER_BEFORE_SUNRISE,2026-09-08 07:07:00 AM EDT,2026-09-08 09:37:24 AM EDT,Dwadashi ended before sunrise; Parana is sunrise to Pratah end.
Richmond,Virginia,United States,America/New_York,geoname:4781708,4781708,Aja Ekadashi,2026-09-07,"Aja Ekadashi - Richmond. Dashami ends and Ekadashi begins on 2026-09-06 09:59:00 AM EDT. On 07-Sep-26, Sooryodaya is 06:45 AM and Arunodaya is 05:09 AM. Ekadashi is present at sunrise and had begun before Arunodaya, so this is a valid Ekadashi sunrise. Ekadashi ends on 2026-09-07 07:33:00 AM EDT and does not remain through another sunrise. Ekadashi ends and Dwadashi begins on 2026-09-07 07:33:00 AM EDT. Dwadashi ends and Trayodashi begins on 2026-09-08 05:12:00 AM EDT. Therefore the Upavaasa is observed on 07-Sep-26. For Parana on 08-Sep-26, Sooryodaya is 06:46 AM, Pratah Kala ends at 09:18 AM, Dwadashi ends at 2026-09-08 05:12:00 AM EDT, and Hari Vasara ends at 2026-09-07 12:57:45 PM EDT. Dwadashi has already ended before Sooryodaya. Therefore Parana starts at Sooryodaya (06:46 AM) and continues to the end of Pratah Kala (09:18 AM). Hence Parana is 06:46 AM to 09:18 AM.",2026-09-06:Dashami | 2026-09-07:Ekadashi | 2026-09-08:Trayodashi,2026-09-06:Ardra | 2026-09-07:Punarvasu | 2026-09-08:Pushya,2026-09-06 09:59:00 AM EDT,2026-09-07 07:33:00 AM EDT,2026-09-08 05:12:00 AM EDT,2026-09-07,06:45 AM,2026-09-07 05:09:00 AM EDT,2026-09-07,,2026-09-07:VALID (start 2026-09-06 09:59:00 AM EDT < Arunodaya 2026-09-07 05:09:00 AM EDT),2026-09-07,06:45 AM,2026-09-07 05:09:00 AM EDT,,,2026-09-07 12:57:45 PM EDT,2026-09-06,2026-09-08,2026-09-06 | 2026-09-07 | 2026-09-08,0,COMPLETE,,,Normal Ekadashi,NORMAL,Ekadashi began before Arunodaya and has one valid Ekadashi sunrise. No two-day exception is triggered.,2026-09-07:VALID (start 2026-09-06 09:59:00 AM EDT < Arunodaya 2026-09-07 05:09:00 AM EDT),2026-09-07,,2026-09-08,DWADASHI,DWADASHI_OVER_BEFORE_SUNRISE,2026-09-08 06:46:00 AM EDT,2026-09-08 09:18:24 AM EDT,Dwadashi ended before sunrise; Parana is sunrise to Pratah end.
Baltimore,Maryland,United States,America/New_York,geoname:4347778,4347778,Aja Ekadashi,2026-09-07,"Aja Ekadashi - Baltimore. Dashami ends and Ekadashi begins on 2026-09-06 09:59:00 AM EDT. On 07-Sep-26, Sooryodaya is 06:41 AM and Arunodaya is 05:05 AM. Ekadashi is present at sunrise and had begun before Arunodaya, so this is a valid Ekadashi sunrise. Ekadashi ends on 2026-09-07 07:33:00 AM EDT and does not remain through another sunrise. Ekadashi ends and Dwadashi begins on 2026-09-07 07:33:00 AM EDT. Dwadashi ends and Trayodashi begins on 2026-09-08 05:12:00 AM EDT. Therefore the Upavaasa is observed on 07-Sep-26. For Parana on 08-Sep-26, Sooryodaya is 06:41 AM, Pratah Kala ends at 09:14 AM, Dwadashi ends at 2026-09-08 05:12:00 AM EDT, and Hari Vasara ends at 2026-09-07 12:57:45 PM EDT. Dwadashi has already ended before Sooryodaya. Therefore Parana starts at Sooryodaya (06:41 AM) and continues to the end of Pratah Kala (09:14 AM). Hence Parana is 06:41 AM to 09:14 AM.",2026-09-06:Dashami | 2026-09-07:Ekadashi | 2026-09-08:Trayodashi,2026-09-06:Ardra | 2026-09-07:Punarvasu | 2026-09-08:Pushya,2026-09-06 09:59:00 AM EDT,2026-09-07 07:33:00 AM EDT,2026-09-08 05:12:00 AM EDT,2026-09-07,06:41 AM,2026-09-07 05:05:00 AM EDT,2026-09-07,,2026-09-07:VALID (start 2026-09-06 09:59:00 AM EDT < Arunodaya 2026-09-07 05:05:00 AM EDT),2026-09-07,06:41 AM,2026-09-07 05:05:00 AM EDT,,,2026-09-07 12:57:45 PM EDT,2026-09-06,2026-09-08,2026-09-06 | 2026-09-07 | 2026-09-08,0,COMPLETE,,,Normal Ekadashi,NORMAL,Ekadashi began before Arunodaya and has one valid Ekadashi sunrise. No two-day exception is triggered.,2026-09-07:VALID (start 2026-09-06 09:59:00 AM EDT < Arunodaya 2026-09-07 05:05:00 AM EDT),2026-09-07,,2026-09-08,DWADASHI,DWADASHI_OVER_BEFORE_SUNRISE,2026-09-08 06:41:00 AM EDT,2026-09-08 09:14:00 AM EDT,Dwadashi ended before sunrise; Parana is sunrise to Pratah end.
Philadelphia,Pennsylvania,United States,America/New_York,geoname:4560349,4560349,Aja Ekadashi,2026-09-07,"Aja Ekadashi - Philadelphia. Dashami ends and Ekadashi begins on 2026-09-06 09:59:00 AM EDT. On 07-Sep-26, Sooryodaya is 06:34 AM and Arunodaya is 04:58 AM. Ekadashi is present at sunrise and had begun before Arunodaya, so this is a valid Ekadashi sunrise. Ekadashi ends on 2026-09-07 07:33:00 AM EDT and does not remain through another sunrise. Ekadashi ends and Dwadashi begins on 2026-09-07 07:33:00 AM EDT. Dwadashi ends and Trayodashi begins on 2026-09-08 05:12:00 AM EDT. Therefore the Upavaasa is observed on 07-Sep-26. For Parana on 08-Sep-26, Sooryodaya is 06:35 AM, Pratah Kala ends at 09:08 AM, Dwadashi ends at 2026-09-08 05:12:00 AM EDT, and Hari Vasara ends at 2026-09-07 12:57:45 PM EDT. Dwadashi has already ended before Sooryodaya. Therefore Parana starts at Sooryodaya (06:35 AM) and continues to the end of Pratah Kala (09:08 AM). Hence Parana is 06:35 AM to 09:08 AM.",2026-09-06:Dashami | 2026-09-07:Ekadashi | 2026-09-08:Trayodashi,2026-09-06:Ardra | 2026-09-07:Punarvasu | 2026-09-08:Pushya,2026-09-06 09:59:00 AM EDT,2026-09-07 07:33:00 AM EDT,2026-09-08 05:12:00 AM EDT,2026-09-07,06:34 AM,2026-09-07 04:58:00 AM EDT,2026-09-07,,2026-09-07:VALID (start 2026-09-06 09:59:00 AM EDT < Arunodaya 2026-09-07 04:58:00 AM EDT),2026-09-07,06:34 AM,2026-09-07 04:58:00 AM EDT,,,2026-09-07 12:57:45 PM EDT,2026-09-06,2026-09-08,2026-09-06 | 2026-09-07 | 2026-09-08,0,COMPLETE,,,Normal Ekadashi,NORMAL,Ekadashi began before Arunodaya and has one valid Ekadashi sunrise. No two-day exception is triggered.,2026-09-07:VALID (start 2026-09-06 09:59:00 AM EDT < Arunodaya 2026-09-07 04:58:00 AM EDT),2026-09-07,,2026-09-08,DWADASHI,DWADASHI_OVER_BEFORE_SUNRISE,2026-09-08 06:35:00 AM EDT,2026-09-08 09:08:12 AM EDT,Dwadashi ended before sunrise; Parana is sunrise to Pratah end.
New York,New York,United States,America/New_York,geoname:5128581,5128581,Aja Ekadashi,2026-09-07,"Aja Ekadashi - New York. Dashami ends and Ekadashi begins on 2026-09-06 09:59:00 AM EDT. On 07-Sep-26, Sooryodaya is 06:29 AM and Arunodaya is 04:53 AM. Ekadashi is present at sunrise and had begun before Arunodaya, so this is a valid Ekadashi sunrise. Ekadashi ends on 2026-09-07 07:33:00 AM EDT and does not remain through another sunrise. Ekadashi ends and Dwadashi begins on 2026-09-07 07:33:00 AM EDT. Dwadashi ends and Trayodashi begins on 2026-09-08 05:12:00 AM EDT. Therefore the Upavaasa is observed on 07-Sep-26. For Parana on 08-Sep-26, Sooryodaya is 06:30 AM, Pratah Kala ends at 09:03 AM, Dwadashi ends at 2026-09-08 05:12:00 AM EDT, and Hari Vasara ends at 2026-09-07 12:57:45 PM EDT. Dwadashi has already ended before Sooryodaya. Therefore Parana starts at Sooryodaya (06:30 AM) and continues to the end of Pratah Kala (09:03 AM). Hence Parana is 06:30 AM to 09:03 AM.",2026-09-06:Dashami | 2026-09-07:Ekadashi | 2026-09-08:Trayodashi,2026-09-06:Ardra | 2026-09-07:Punarvasu | 2026-09-08:Pushya,2026-09-06 09:59:00 AM EDT,2026-09-07 07:33:00 AM EDT,2026-09-08 05:12:00 AM EDT,2026-09-07,06:29 AM,2026-09-07 04:53:00 AM EDT,2026-09-07,,2026-09-07:VALID (start 2026-09-06 09:59:00 AM EDT < Arunodaya 2026-09-07 04:53:00 AM EDT),2026-09-07,06:29 AM,2026-09-07 04:53:00 AM EDT,,,2026-09-07 12:57:45 PM EDT,2026-09-06,2026-09-08,2026-09-06 | 2026-09-07 | 2026-09-08,0,COMPLETE,,,Normal Ekadashi,NORMAL,Ekadashi began before Arunodaya and has one valid Ekadashi sunrise. No two-day exception is triggered.,2026-09-07:VALID (start 2026-09-06 09:59:00 AM EDT < Arunodaya 2026-09-07 04:53:00 AM EDT),2026-09-07,,2026-09-08,DWADASHI,DWADASHI_OVER_BEFORE_SUNRISE,2026-09-08 06:30:00 AM EDT,2026-09-08 09:03:24 AM EDT,Dwadashi ended before sunrise; Parana is sunrise to Pratah end.
New Jersey,New Jersey,United States,America/New_York,geoname:5099836,5099836,Aja Ekadashi,2026-09-07,"Aja Ekadashi - New Jersey. Dashami ends and Ekadashi begins on 2026-09-06 09:59:00 AM EDT. On 07-Sep-26, Sooryodaya is 06:29 AM and Arunodaya is 04:53 AM. Ekadashi is present at sunrise and had begun before Arunodaya, so this is a valid Ekadashi sunrise. Ekadashi ends on 2026-09-07 07:33:00 AM EDT and does not remain through another sunrise. Ekadashi ends and Dwadashi begins on 2026-09-07 07:33:00 AM EDT. Dwadashi ends and Trayodashi begins on 2026-09-08 05:12:00 AM EDT. Therefore the Upavaasa is observed on 07-Sep-26. For Parana on 08-Sep-26, Sooryodaya is 06:30 AM, Pratah Kala ends at 09:03 AM, Dwadashi ends at 2026-09-08 05:12:00 AM EDT, and Hari Vasara ends at 2026-09-07 12:57:45 PM EDT. Dwadashi has already ended before Sooryodaya. Therefore Parana starts at Sooryodaya (06:30 AM) and continues to the end of Pratah Kala (09:03 AM). Hence Parana is 06:30 AM to 09:03 AM.",2026-09-06:Dashami | 2026-09-07:Ekadashi | 2026-09-08:Trayodashi,2026-09-06:Ardra | 2026-09-07:Punarvasu | 2026-09-08:Pushya,2026-09-06 09:59:00 AM EDT,2026-09-07 07:33:00 AM EDT,2026-09-08 05:12:00 AM EDT,2026-09-07,06:29 AM,2026-09-07 04:53:00 AM EDT,2026-09-07,,2026-09-07:VALID (start 2026-09-06 09:59:00 AM EDT < Arunodaya 2026-09-07 04:53:00 AM EDT),2026-09-07,06:29 AM,2026-09-07 04:53:00 AM EDT,,,2026-09-07 12:57:45 PM EDT,2026-09-06,2026-09-08,2026-09-06 | 2026-09-07 | 2026-09-08,0,COMPLETE,,,Normal Ekadashi,NORMAL,Ekadashi began before Arunodaya and has one valid Ekadashi sunrise. No two-day exception is triggered.,2026-09-07:VALID (start 2026-09-06 09:59:00 AM EDT < Arunodaya 2026-09-07 04:53:00 AM EDT),2026-09-07,,2026-09-08,DWADASHI,DWADASHI_OVER_BEFORE_SUNRISE,2026-09-08 06:30:00 AM EDT,2026-09-08 09:03:24 AM EDT,Dwadashi ended before sunrise; Parana is sunrise to Pratah end.
Buffalo,New York,United States,America/New_York,geoname:5110629,5110629,Aja Ekadashi,2026-09-07,"Aja Ekadashi - Buffalo. Dashami ends and Ekadashi begins on 2026-09-06 09:59:00 AM EDT. On 07-Sep-26, Sooryodaya is 06:47 AM and Arunodaya is 05:11 AM. Ekadashi is present at sunrise and had begun before Arunodaya, so this is a valid Ekadashi sunrise. Ekadashi ends on 2026-09-07 07:33:00 AM EDT and does not remain through another sunrise. Ekadashi ends and Dwadashi begins on 2026-09-07 07:33:00 AM EDT. Dwadashi ends and Trayodashi begins on 2026-09-08 05:12:00 AM EDT. Therefore the Upavaasa is observed on 07-Sep-26. For Parana on 08-Sep-26, Sooryodaya is 06:48 AM, Pratah Kala ends at 09:22 AM, Dwadashi ends at 2026-09-08 05:12:00 AM EDT, and Hari Vasara ends at 2026-09-07 12:57:45 PM EDT. Dwadashi has already ended before Sooryodaya. Therefore Parana starts at Sooryodaya (06:48 AM) and continues to the end of Pratah Kala (09:22 AM). Hence Parana is 06:48 AM to 09:22 AM.",2026-09-06:Dashami | 2026-09-07:Ekadashi | 2026-09-08:Trayodashi,2026-09-06:Ardra | 2026-09-07:Punarvasu | 2026-09-08:Pushya,2026-09-06 09:59:00 AM EDT,2026-09-07 07:33:00 AM EDT,2026-09-08 05:12:00 AM EDT,2026-09-07,06:47 AM,2026-09-07 05:11:00 AM EDT,2026-09-07,,2026-09-07:VALID (start 2026-09-06 09:59:00 AM EDT < Arunodaya 2026-09-07 05:11:00 AM EDT),2026-09-07,06:47 AM,2026-09-07 05:11:00 AM EDT,,,2026-09-07 12:57:45 PM EDT,2026-09-06,2026-09-08,2026-09-06 | 2026-09-07 | 2026-09-08,0,COMPLETE,,,Normal Ekadashi,NORMAL,Ekadashi began before Arunodaya and has one valid Ekadashi sunrise. No two-day exception is triggered.,2026-09-07:VALID (start 2026-09-06 09:59:00 AM EDT < Arunodaya 2026-09-07 05:11:00 AM EDT),2026-09-07,,2026-09-08,DWADASHI,DWADASHI_OVER_BEFORE_SUNRISE,2026-09-08 06:48:00 AM EDT,2026-09-08 09:22:00 AM EDT,Dwadashi ended before sunrise; Parana is sunrise to Pratah end.
Cleveland,Ohio,United States,America/New_York,geoname:5150529,5150529,Aja Ekadashi,2026-09-07,"Aja Ekadashi - Cleveland. Dashami ends and Ekadashi begins on 2026-09-06 09:59:00 AM EDT. On 07-Sep-26, Sooryodaya is 06:59 AM and Arunodaya is 05:23 AM. Ekadashi is present at sunrise and had begun before Arunodaya, so this is a valid Ekadashi sunrise. Ekadashi ends on 2026-09-07 07:33:00 AM EDT and does not remain through another sunrise. Ekadashi ends and Dwadashi begins on 2026-09-07 07:33:00 AM EDT. Dwadashi ends and Trayodashi begins on 2026-09-08 05:12:00 AM EDT. Therefore the Upavaasa is observed on 07-Sep-26. For Parana on 08-Sep-26, Sooryodaya is 07:00 AM, Pratah Kala ends at 09:34 AM, Dwadashi ends at 2026-09-08 05:12:00 AM EDT, and Hari Vasara ends at 2026-09-07 12:57:45 PM EDT. Dwadashi has already ended before Sooryodaya. Therefore Parana starts at Sooryodaya (07:00 AM) and continues to the end of Pratah Kala (09:34 AM). Hence Parana is 07:00 AM to 09:34 AM.",2026-09-06:Dashami | 2026-09-07:Ekadashi | 2026-09-08:Trayodashi,2026-09-06:Ardra | 2026-09-07:Punarvasu | 2026-09-08:Pushya,2026-09-06 09:59:00 AM EDT,2026-09-07 07:33:00 AM EDT,2026-09-08 05:12:00 AM EDT,2026-09-07,06:59 AM,2026-09-07 05:23:00 AM EDT,2026-09-07,,2026-09-07:VALID (start 2026-09-06 09:59:00 AM EDT < Arunodaya 2026-09-07 05:23:00 AM EDT),2026-09-07,06:59 AM,2026-09-07 05:23:00 AM EDT,,,2026-09-07 12:57:45 PM EDT,2026-09-06,2026-09-08,2026-09-06 | 2026-09-07 | 2026-09-08,0,COMPLETE,,,Normal Ekadashi,NORMAL,Ekadashi began before Arunodaya and has one valid Ekadashi sunrise. No two-day exception is triggered.,2026-09-07:VALID (start 2026-09-06 09:59:00 AM EDT < Arunodaya 2026-09-07 05:23:00 AM EDT),2026-09-07,,2026-09-08,DWADASHI,DWADASHI_OVER_BEFORE_SUNRISE,2026-09-08 07:00:00 AM EDT,2026-09-08 09:33:36 AM EDT,Dwadashi ended before sunrise; Parana is sunrise to Pratah end.
Columbus,Ohio,United States,America/New_York,geoname:4509177,4509177,Aja Ekadashi,2026-09-07,"Aja Ekadashi - Columbus. Dashami ends and Ekadashi begins on 2026-09-06 09:59:00 AM EDT. On 07-Sep-26, Sooryodaya is 07:06 AM and Arunodaya is 05:30 AM. Ekadashi is present at sunrise and had begun before Arunodaya, so this is a valid Ekadashi sunrise. Ekadashi ends on 2026-09-07 07:33:00 AM EDT and does not remain through another sunrise. Ekadashi ends and Dwadashi begins on 2026-09-07 07:33:00 AM EDT. Dwadashi ends and Trayodashi begins on 2026-09-08 05:12:00 AM EDT. Therefore the Upavaasa is observed on 07-Sep-26. For Parana on 08-Sep-26, Sooryodaya is 07:07 AM, Pratah Kala ends at 09:40 AM, Dwadashi ends at 2026-09-08 05:12:00 AM EDT, and Hari Vasara ends at 2026-09-07 12:57:45 PM EDT. Dwadashi has already ended before Sooryodaya. Therefore Parana starts at Sooryodaya (07:07 AM) and continues to the end of Pratah Kala (09:40 AM). Hence Parana is 07:07 AM to 09:40 AM.",2026-09-06:Dashami | 2026-09-07:Ekadashi | 2026-09-08:Trayodashi,2026-09-06:Ardra | 2026-09-07:Punarvasu | 2026-09-08:Pushya,2026-09-06 09:59:00 AM EDT,2026-09-07 07:33:00 AM EDT,2026-09-08 05:12:00 AM EDT,2026-09-07,07:06 AM,2026-09-07 05:30:00 AM EDT,2026-09-07,,2026-09-07:VALID (start 2026-09-06 09:59:00 AM EDT < Arunodaya 2026-09-07 05:30:00 AM EDT),2026-09-07,07:06 AM,2026-09-07 05:30:00 AM EDT,,,2026-09-07 12:57:45 PM EDT,2026-09-06,2026-09-08,2026-09-06 | 2026-09-07 | 2026-09-08,0,COMPLETE,,,Normal Ekadashi,NORMAL,Ekadashi began before Arunodaya and has one valid Ekadashi sunrise. No two-day exception is triggered.,2026-09-07:VALID (start 2026-09-06 09:59:00 AM EDT < Arunodaya 2026-09-07 05:30:00 AM EDT),2026-09-07,,2026-09-08,DWADASHI,DWADASHI_OVER_BEFORE_SUNRISE,2026-09-08 07:07:00 AM EDT,2026-09-08 09:40:00 AM EDT,Dwadashi ended before sunrise; Parana is sunrise to Pratah end.
Cincinnati,Ohio,United States,America/New_York,geoname:4508722,4508722,Aja Ekadashi,2026-09-07,"Aja Ekadashi - Cincinnati. Dashami ends and Ekadashi begins on 2026-09-06 09:59:00 AM EDT. On 07-Sep-26, Sooryodaya is 07:12 AM and Arunodaya is 05:36 AM. Ekadashi is present at sunrise and had begun before Arunodaya, so this is a valid Ekadashi sunrise. Ekadashi ends on 2026-09-07 07:33:00 AM EDT and does not remain through another sunrise. Ekadashi ends and Dwadashi begins on 2026-09-07 07:33:00 AM EDT. Dwadashi ends and Trayodashi begins on 2026-09-08 05:12:00 AM EDT. Therefore the Upavaasa is observed on 07-Sep-26. For Parana on 08-Sep-26, Sooryodaya is 07:13 AM, Pratah Kala ends at 09:46 AM, Dwadashi ends at 2026-09-08 05:12:00 AM EDT, and Hari Vasara ends at 2026-09-07 12:57:45 PM EDT. Dwadashi has already ended before Sooryodaya. Therefore Parana starts at Sooryodaya (07:13 AM) and continues to the end of Pratah Kala (09:46 AM). Hence Parana is 07:13 AM to 09:46 AM.",2026-09-06:Dashami | 2026-09-07:Ekadashi | 2026-09-08:Trayodashi,2026-09-06:Ardra | 2026-09-07:Punarvasu | 2026-09-08:Ashlesha,2026-09-06 09:59:00 AM EDT,2026-09-07 07:33:00 AM EDT,2026-09-08 05:12:00 AM EDT,2026-09-07,07:12 AM,2026-09-07 05:36:00 AM EDT,2026-09-07,,2026-09-07:VALID (start 2026-09-06 09:59:00 AM EDT < Arunodaya 2026-09-07 05:36:00 AM EDT),2026-09-07,07:12 AM,2026-09-07 05:36:00 AM EDT,,,2026-09-07 12:57:45 PM EDT,2026-09-06,2026-09-08,2026-09-06 | 2026-09-07 | 2026-09-08,0,COMPLETE,,,Normal Ekadashi,NORMAL,Ekadashi began before Arunodaya and has one valid Ekadashi sunrise. No two-day exception is triggered.,2026-09-07:VALID (start 2026-09-06 09:59:00 AM EDT < Arunodaya 2026-09-07 05:36:00 AM EDT),2026-09-07,,2026-09-08,DWADASHI,DWADASHI_OVER_BEFORE_SUNRISE,2026-09-08 07:13:00 AM EDT,2026-09-08 09:46:00 AM EDT,Dwadashi ended before sunrise; Parana is sunrise to Pratah end.
Knoxville,Tennessee,United States,America/New_York,geoname:4634946,4634946,Aja Ekadashi,2026-09-07,"Aja Ekadashi - Knoxville. Dashami ends and Ekadashi begins on 2026-09-06 09:59:00 AM EDT. On 07-Sep-26, Sooryodaya is 07:12 AM and Arunodaya is 05:36 AM. Ekadashi is present at sunrise and had begun before Arunodaya, so this is a valid Ekadashi sunrise. Ekadashi ends on 2026-09-07 07:33:00 AM EDT and does not remain through another sunrise. Ekadashi ends and Dwadashi begins on 2026-09-07 07:33:00 AM EDT. Dwadashi ends and Trayodashi begins on 2026-09-08 05:12:00 AM EDT. Therefore the Upavaasa is observed on 07-Sep-26. For Parana on 08-Sep-26, Sooryodaya is 07:13 AM, Pratah Kala ends at 09:45 AM, Dwadashi ends at 2026-09-08 05:12:00 AM EDT, and Hari Vasara ends at 2026-09-07 12:57:45 PM EDT. Dwadashi has already ended before Sooryodaya. Therefore Parana starts at Sooryodaya (07:13 AM) and continues to the end of Pratah Kala (09:45 AM). Hence Parana is 07:13 AM to 09:45 AM.",2026-09-06:Dashami | 2026-09-07:Ekadashi | 2026-09-08:Trayodashi,2026-09-06:Ardra | 2026-09-07:Punarvasu | 2026-09-08:Ashlesha,2026-09-06 09:59:00 AM EDT,2026-09-07 07:33:00 AM EDT,2026-09-08 05:12:00 AM EDT,2026-09-07,07:12 AM,2026-09-07 05:36:00 AM EDT,2026-09-07,,2026-09-07:VALID (start 2026-09-06 09:59:00 AM EDT < Arunodaya 2026-09-07 05:36:00 AM EDT),2026-09-07,07:12 AM,2026-09-07 05:36:00 AM EDT,,,2026-09-07 12:57:45 PM EDT,2026-09-06,2026-09-08,2026-09-06 | 2026-09-07 | 2026-09-08,0,COMPLETE,,,Normal Ekadashi,NORMAL,Ekadashi began before Arunodaya and has one valid Ekadashi sunrise. No two-day exception is triggered.,2026-09-07:VALID (start 2026-09-06 09:59:00 AM EDT < Arunodaya 2026-09-07 05:36:00 AM EDT),2026-09-07,,2026-09-08,DWADASHI,DWADASHI_OVER_BEFORE_SUNRISE,2026-09-08 07:13:00 AM EDT,2026-09-08 09:45:00 AM EDT,Dwadashi ended before sunrise; Parana is sunrise to Pratah end.
Nashville,Tennessee,United States,America/Chicago,geoname:4644585,4644585,Aja Ekadashi,2026-09-07,"Aja Ekadashi - Nashville. Dashami ends and Ekadashi begins on 2026-09-06 08:59:00 AM CDT. On 07-Sep-26, Sooryodaya is 06:24 AM and Arunodaya is 04:48 AM. Ekadashi is present at sunrise and had begun before Arunodaya, so this is a valid Ekadashi sunrise. Ekadashi ends on 2026-09-07 06:33:00 AM CDT and does not remain through another sunrise. Ekadashi ends and Dwadashi begins on 2026-09-07 06:33:00 AM CDT. Dwadashi ends and Trayodashi begins on 2026-09-08 04:12:00 AM CDT. Therefore the Upavaasa is observed on 07-Sep-26. For Parana on 08-Sep-26, Sooryodaya is 06:24 AM, Pratah Kala ends at 08:56 AM, Dwadashi ends at 2026-09-08 04:12:00 AM CDT, and Hari Vasara ends at 2026-09-07 11:57:45 AM CDT. Dwadashi has already ended before Sooryodaya. Therefore Parana starts at Sooryodaya (06:24 AM) and continues to the end of Pratah Kala (08:56 AM). Hence Parana is 06:24 AM to 08:56 AM.",2026-09-06:Dashami | 2026-09-07:Ekadashi | 2026-09-08:Trayodashi,2026-09-06:Ardra | 2026-09-07:Punarvasu | 2026-09-08:Ashlesha,2026-09-06 08:59:00 AM CDT,2026-09-07 06:33:00 AM CDT,2026-09-08 04:12:00 AM CDT,2026-09-07,06:24 AM,2026-09-07 04:48:00 AM CDT,2026-09-07,,2026-09-07:VALID (start 2026-09-06 08:59:00 AM CDT < Arunodaya 2026-09-07 04:48:00 AM CDT),2026-09-07,06:24 AM,2026-09-07 04:48:00 AM CDT,,,2026-09-07 11:57:45 AM CDT,2026-09-06,2026-09-08,2026-09-06 | 2026-09-07 | 2026-09-08,0,COMPLETE,,,Normal Ekadashi,NORMAL,Ekadashi began before Arunodaya and has one valid Ekadashi sunrise. No two-day exception is triggered.,2026-09-07:VALID (start 2026-09-06 08:59:00 AM CDT < Arunodaya 2026-09-07 04:48:00 AM CDT),2026-09-07,,2026-09-08,DWADASHI,DWADASHI_OVER_BEFORE_SUNRISE,2026-09-08 06:24:00 AM CDT,2026-09-08 08:56:12 AM CDT,Dwadashi ended before sunrise; Parana is sunrise to Pratah end.
Placentia,California,United States,America/Los_Angeles,geoname:5383527,5383527,Aja Ekadashi,2026-09-07,"Aja Ekadashi - Placentia. Dashami ends and Ekadashi begins on 2026-09-06 06:59:00 AM PDT. Ekadashi ends and Dwadashi begins on 2026-09-07 04:33:00 AM PDT. Dwadashi is present at Sooryodaya on 07-Sep-26 (Sooryodaya 06:30 AM). Dwadashi ends and Trayodashi begins on 2026-09-08 02:12:00 AM PDT. Therefore the Upavaasa is observed on 07-Sep-26. For Parana on 08-Sep-26, Sooryodaya is 06:30 AM, Pratah Kala ends at 09:02 AM, Dwadashi ends at 2026-09-08 02:12:00 AM PDT, and Hari Vasara ends at 2026-09-07 09:57:45 AM PDT. Because the Upavaasa itself was observed on Dwadashi, Hari Vasara is not used to delay the Parana start on the following morning. Dwadashi has already ended before Sooryodaya, so Parana starts at Sooryodaya (06:30 AM). Since Dwadashi is already over, the available morning limit is the end of Pratah Kala (09:02 AM). Hence Parana is 06:30 AM to 09:02 AM.",2026-09-06:Dashami | 2026-09-07:Dwadashi | 2026-09-08:Trayodashi,2026-09-06:Ardra | 2026-09-07:Pushya | 2026-09-08:Ashlesha,2026-09-06 06:59:00 AM PDT,2026-09-07 04:33:00 AM PDT,2026-09-08 02:12:00 AM PDT,,,,,,,,,,2026-09-07,Pushya,2026-09-07 09:57:45 AM PDT,2026-09-06,2026-09-08,2026-09-06 | 2026-09-07 | 2026-09-08,0,COMPLETE,,,Missing Ekadashi,MISSING_EKADASHI,"Ekadashi Tithi begins after one sunrise and ends before the next, so no sunrise occurs during Ekadashi. Upavaasa is observed on Dwadashi.",,2026-09-07,,2026-09-08,POST_DWADASHI_UPAVASA,POST_DWADASHI_FAST_DWADASHI_OVER_BEFORE_SUNRISE,2026-09-08 06:30:00 AM PDT,2026-09-08 09:01:36 AM PDT,Dwadashi ended before Parana-day sunrise; Parana is sunrise to Pratah end.
Atlanta,Georgia,United States,America/New_York,geoname:4180439,4180439,Aja Ekadashi,2026-09-07,"Aja Ekadashi - Atlanta. Dashami ends and Ekadashi begins on 2026-09-06 09:59:00 AM EDT. On 07-Sep-26, Sooryodaya is 07:16 AM and Arunodaya is 05:40 AM. Ekadashi is present at sunrise and had begun before Arunodaya, so this is a valid Ekadashi sunrise. Ekadashi ends on 2026-09-07 07:33:00 AM EDT and does not remain through another sunrise. Ekadashi ends and Dwadashi begins on 2026-09-07 07:33:00 AM EDT. Dwadashi ends and Trayodashi begins on 2026-09-08 05:12:00 AM EDT. Therefore the Upavaasa is observed on 07-Sep-26. For Parana on 08-Sep-26, Sooryodaya is 07:16 AM, Pratah Kala ends at 09:48 AM, Dwadashi ends at 2026-09-08 05:12:00 AM EDT, and Hari Vasara ends at 2026-09-07 12:57:45 PM EDT. Dwadashi has already ended before Sooryodaya. Therefore Parana starts at Sooryodaya (07:16 AM) and continues to the end of Pratah Kala (09:48 AM). Hence Parana is 07:16 AM to 09:48 AM.",2026-09-06:Dashami | 2026-09-07:Ekadashi | 2026-09-08:Trayodashi,2026-09-06:Ardra | 2026-09-07:Punarvasu | 2026-09-08:Ashlesha,2026-09-06 09:59:00 AM EDT,2026-09-07 07:33:00 AM EDT,2026-09-08 05:12:00 AM EDT,2026-09-07,07:16 AM,2026-09-07 05:40:00 AM EDT,2026-09-07,,2026-09-07:VALID (start 2026-09-06 09:59:00 AM EDT < Arunodaya 2026-09-07 05:40:00 AM EDT),2026-09-07,07:16 AM,2026-09-07 05:40:00 AM EDT,,,2026-09-07 12:57:45 PM EDT,2026-09-06,2026-09-08,2026-09-06 | 2026-09-07 | 2026-09-08,0,COMPLETE,,,Normal Ekadashi,NORMAL,Ekadashi began before Arunodaya and has one valid Ekadashi sunrise. No two-day exception is triggered.,2026-09-07:VALID (start 2026-09-06 09:59:00 AM EDT < Arunodaya 2026-09-07 05:40:00 AM EDT),2026-09-07,,2026-09-08,DWADASHI,DWADASHI_OVER_BEFORE_SUNRISE,2026-09-08 07:16:00 AM EDT,2026-09-08 09:47:36 AM EDT,Dwadashi ended before sunrise; Parana is sunrise to Pratah end.
Chennai,Tamil Nadu,India,Asia/Kolkata,geoname:1264527,1264527,Aja Ekadashi,2026-09-07,"Aja Ekadashi - Chennai. Dashami ends and Ekadashi begins on 2026-09-06 07:29:00 PM IST. On 07-Sep-26, Sooryodaya is 05:58 AM and Arunodaya is 04:22 AM. Ekadashi is present at sunrise and had begun before Arunodaya, so this is a valid Ekadashi sunrise. Ekadashi ends on 2026-09-07 05:03:00 PM IST and does not remain through another sunrise. Ekadashi ends and Dwadashi begins on 2026-09-07 05:03:00 PM IST. Dwadashi is present at Sooryodaya on 08-Sep-26 (Sooryodaya 05:58 AM). Dwadashi ends and Trayodashi begins on 2026-09-08 02:42:00 PM IST. Therefore the Upavaasa is observed on 07-Sep-26. For Parana on 08-Sep-26, Sooryodaya is 05:58 AM, Pratah Kala ends at 08:25 AM, Dwadashi ends at 2026-09-08 02:42:00 PM IST, and Hari Vasara ends at 2026-09-07 10:27:45 PM IST. Hari Vasara ends before Sooryodaya, so there is no Hari-Vasara delay; Parana starts at Sooryodaya (05:58 AM). Pratah Kala ends at 08:25 AM, before Dwadashi ends; therefore Pratah Kala end is the limiting end time. Hence Parana is 05:58 AM to 08:25 AM.",2026-09-06:Dashami | 2026-09-07:Ekadashi | 2026-09-08:Dwadashi,2026-09-06:Ardra | 2026-09-07:Punarvasu | 2026-09-08:Pushya,2026-09-06 07:29:00 PM IST,2026-09-07 05:03:00 PM IST,2026-09-08 02:42:00 PM IST,2026-09-07,05:58 AM,2026-09-07 04:22:00 AM IST,2026-09-07,,2026-09-07:VALID (start 2026-09-06 07:29:00 PM IST < Arunodaya 2026-09-07 04:22:00 AM IST),2026-09-07,05:58 AM,2026-09-07 04:22:00 AM IST,2026-09-08,Pushya,2026-09-07 10:27:45 PM IST,2026-09-06,2026-09-08,2026-09-06 | 2026-09-07 | 2026-09-08,0,COMPLETE,,,Normal Ekadashi,NORMAL,Ekadashi began before Arunodaya and has one valid Ekadashi sunrise. No two-day exception is triggered.,2026-09-07:VALID (start 2026-09-06 07:29:00 PM IST < Arunodaya 2026-09-07 04:22:00 AM IST),2026-09-07,,2026-09-08,DWADASHI,PRATAH,2026-09-08 05:58:00 AM IST,2026-09-08 08:25:24 AM IST,Hari Vasara ended before Parana-day sunrise; Parana is sunrise to Pratah end.
Thiruvananthapuram,Kerala,India,Asia/Kolkata,geoname:1254163,1254163,Aja Ekadashi,2026-09-07,"Aja Ekadashi - Thiruvananthapuram. Dashami ends and Ekadashi begins on 2026-09-06 07:29:00 PM IST. On 07-Sep-26, Sooryodaya is 06:13 AM and Arunodaya is 04:37 AM. Ekadashi is present at sunrise and had begun before Arunodaya, so this is a valid Ekadashi sunrise. Ekadashi ends on 2026-09-07 05:03:00 PM IST and does not remain through another sunrise. Ekadashi ends and Dwadashi begins on 2026-09-07 05:03:00 PM IST. Dwadashi is present at Sooryodaya on 08-Sep-26 (Sooryodaya 06:13 AM). Dwadashi ends and Trayodashi begins on 2026-09-08 02:42:00 PM IST. Therefore the Upavaasa is observed on 07-Sep-26. For Parana on 08-Sep-26, Sooryodaya is 06:13 AM, Pratah Kala ends at 08:40 AM, Dwadashi ends at 2026-09-08 02:42:00 PM IST, and Hari Vasara ends at 2026-09-07 10:27:45 PM IST. Hari Vasara ends before Sooryodaya, so there is no Hari-Vasara delay; Parana starts at Sooryodaya (06:13 AM). Pratah Kala ends at 08:40 AM, before Dwadashi ends; therefore Pratah Kala end is the limiting end time. Hence Parana is 06:13 AM to 08:40 AM.",2026-09-06:Dashami | 2026-09-07:Ekadashi | 2026-09-08:Dwadashi,2026-09-06:Ardra | 2026-09-07:Punarvasu | 2026-09-08:Pushya,2026-09-06 07:29:00 PM IST,2026-09-07 05:03:00 PM IST,2026-09-08 02:42:00 PM IST,2026-09-07,06:13 AM,2026-09-07 04:37:00 AM IST,2026-09-07,,2026-09-07:VALID (start 2026-09-06 07:29:00 PM IST < Arunodaya 2026-09-07 04:37:00 AM IST),2026-09-07,06:13 AM,2026-09-07 04:37:00 AM IST,2026-09-08,Pushya,2026-09-07 10:27:45 PM IST,2026-09-06,2026-09-08,2026-09-06 | 2026-09-07 | 2026-09-08,0,COMPLETE,,,Normal Ekadashi,NORMAL,Ekadashi began before Arunodaya and has one valid Ekadashi sunrise. No two-day exception is triggered.,2026-09-07:VALID (start 2026-09-06 07:29:00 PM IST < Arunodaya 2026-09-07 04:37:00 AM IST),2026-09-07,,2026-09-08,DWADASHI,PRATAH,2026-09-08 06:13:00 AM IST,2026-09-08 08:39:48 AM IST,Hari Vasara ended before Parana-day sunrise; Parana is sunrise to Pratah end.
Mumbai,Maharashtra,India,Asia/Kolkata,geoname:1275339,1275339,Aja Ekadashi,2026-09-07,"Aja Ekadashi - Mumbai. Dashami ends and Ekadashi begins on 2026-09-06 07:29:00 PM IST. On 07-Sep-26, Sooryodaya is 06:25 AM and Arunodaya is 04:49 AM. Ekadashi is present at sunrise and had begun before Arunodaya, so this is a valid Ekadashi sunrise. Ekadashi ends on 2026-09-07 05:03:00 PM IST and does not remain through another sunrise. Ekadashi ends and Dwadashi begins on 2026-09-07 05:03:00 PM IST. Dwadashi is present at Sooryodaya on 08-Sep-26 (Sooryodaya 06:25 AM). Dwadashi ends and Trayodashi begins on 2026-09-08 02:42:00 PM IST. Therefore the Upavaasa is observed on 07-Sep-26. For Parana on 08-Sep-26, Sooryodaya is 06:25 AM, Pratah Kala ends at 08:53 AM, Dwadashi ends at 2026-09-08 02:42:00 PM IST, and Hari Vasara ends at 2026-09-07 10:27:45 PM IST. Hari Vasara ends before Sooryodaya, so there is no Hari-Vasara delay; Parana starts at Sooryodaya (06:25 AM). Pratah Kala ends at 08:53 AM, before Dwadashi ends; therefore Pratah Kala end is the limiting end time. Hence Parana is 06:25 AM to 08:53 AM.",2026-09-06:Dashami | 2026-09-07:Ekadashi | 2026-09-08:Dwadashi,2026-09-06:Ardra | 2026-09-07:Punarvasu | 2026-09-08:Pushya,2026-09-06 07:29:00 PM IST,2026-09-07 05:03:00 PM IST,2026-09-08 02:42:00 PM IST,2026-09-07,06:25 AM,2026-09-07 04:49:00 AM IST,2026-09-07,,2026-09-07:VALID (start 2026-09-06 07:29:00 PM IST < Arunodaya 2026-09-07 04:49:00 AM IST),2026-09-07,06:25 AM,2026-09-07 04:49:00 AM IST,2026-09-08,Pushya,2026-09-07 10:27:45 PM IST,2026-09-06,2026-09-08,2026-09-06 | 2026-09-07 | 2026-09-08,0,COMPLETE,,,Normal Ekadashi,NORMAL,Ekadashi began before Arunodaya and has one valid Ekadashi sunrise. No two-day exception is triggered.,2026-09-07:VALID (start 2026-09-06 07:29:00 PM IST < Arunodaya 2026-09-07 04:49:00 AM IST),2026-09-07,,2026-09-08,DWADASHI,PRATAH,2026-09-08 06:25:00 AM IST,2026-09-08 08:53:24 AM IST,Hari Vasara ended before Parana-day sunrise; Parana is sunrise to Pratah end.
Kolkata,West Bengal,India,Asia/Kolkata,geoname:1275004,1275004,Aja Ekadashi,2026-09-07,"Aja Ekadashi - Kolkata. Dashami ends and Ekadashi begins on 2026-09-06 07:29:00 PM IST. On 07-Sep-26, Sooryodaya is 05:21 AM and Arunodaya is 03:45 AM. Ekadashi is present at sunrise and had begun before Arunodaya, so this is a valid Ekadashi sunrise. Ekadashi ends on 2026-09-07 05:03:00 PM IST and does not remain through another sunrise. Ekadashi ends and Dwadashi begins on 2026-09-07 05:03:00 PM IST. Dwadashi is present at Sooryodaya on 08-Sep-26 (Sooryodaya 05:21 AM). Dwadashi ends and Trayodashi begins on 2026-09-08 02:42:00 PM IST. Therefore the Upavaasa is observed on 07-Sep-26. For Parana on 08-Sep-26, Sooryodaya is 05:21 AM, Pratah Kala ends at 07:50 AM, Dwadashi ends at 2026-09-08 02:42:00 PM IST, and Hari Vasara ends at 2026-09-07 10:27:45 PM IST. Hari Vasara ends before Sooryodaya, so there is no Hari-Vasara delay; Parana starts at Sooryodaya (05:21 AM). Pratah Kala ends at 07:50 AM, before Dwadashi ends; therefore Pratah Kala end is the limiting end time. Hence Parana is 05:21 AM to 07:50 AM.",2026-09-06:Dashami | 2026-09-07:Ekadashi | 2026-09-08:Dwadashi,2026-09-06:Ardra | 2026-09-07:Punarvasu | 2026-09-08:Pushya,2026-09-06 07:29:00 PM IST,2026-09-07 05:03:00 PM IST,2026-09-08 02:42:00 PM IST,2026-09-07,05:21 AM,2026-09-07 03:45:00 AM IST,2026-09-07,,2026-09-07:VALID (start 2026-09-06 07:29:00 PM IST < Arunodaya 2026-09-07 03:45:00 AM IST),2026-09-07,05:21 AM,2026-09-07 03:45:00 AM IST,2026-09-08,Pushya,2026-09-07 10:27:45 PM IST,2026-09-06,2026-09-08,2026-09-06 | 2026-09-07 | 2026-09-08,0,COMPLETE,,,Normal Ekadashi,NORMAL,Ekadashi began before Arunodaya and has one valid Ekadashi sunrise. No two-day exception is triggered.,2026-09-07:VALID (start 2026-09-06 07:29:00 PM IST < Arunodaya 2026-09-07 03:45:00 AM IST),2026-09-07,,2026-09-08,DWADASHI,PRATAH,2026-09-08 05:21:00 AM IST,2026-09-08 07:50:12 AM IST,Hari Vasara ended before Parana-day sunrise; Parana is sunrise to Pratah end.
Bhubaneswar,Odisha,India,Asia/Kolkata,geoname:1275817,1275817,Aja Ekadashi,2026-09-07,"Aja Ekadashi - Bhubaneswar. Dashami ends and Ekadashi begins on 2026-09-06 07:29:00 PM IST. On 07-Sep-26, Sooryodaya is 05:32 AM and Arunodaya is 03:56 AM. Ekadashi is present at sunrise and had begun before Arunodaya, so this is a valid Ekadashi sunrise. Ekadashi ends on 2026-09-07 05:03:00 PM IST and does not remain through another sunrise. Ekadashi ends and Dwadashi begins on 2026-09-07 05:03:00 PM IST. Dwadashi is present at Sooryodaya on 08-Sep-26 (Sooryodaya 05:32 AM). Dwadashi ends and Trayodashi begins on 2026-09-08 02:42:00 PM IST. Therefore the Upavaasa is observed on 07-Sep-26. For Parana on 08-Sep-26, Sooryodaya is 05:32 AM, Pratah Kala ends at 08:01 AM, Dwadashi ends at 2026-09-08 02:42:00 PM IST, and Hari Vasara ends at 2026-09-07 10:27:45 PM IST. Hari Vasara ends before Sooryodaya, so there is no Hari-Vasara delay; Parana starts at Sooryodaya (05:32 AM). Pratah Kala ends at 08:01 AM, before Dwadashi ends; therefore Pratah Kala end is the limiting end time. Hence Parana is 05:32 AM to 08:01 AM.",2026-09-06:Dashami | 2026-09-07:Ekadashi | 2026-09-08:Dwadashi,2026-09-06:Ardra | 2026-09-07:Punarvasu | 2026-09-08:Pushya,2026-09-06 07:29:00 PM IST,2026-09-07 05:03:00 PM IST,2026-09-08 02:42:00 PM IST,2026-09-07,05:32 AM,2026-09-07 03:56:00 AM IST,2026-09-07,,2026-09-07:VALID (start 2026-09-06 07:29:00 PM IST < Arunodaya 2026-09-07 03:56:00 AM IST),2026-09-07,05:32 AM,2026-09-07 03:56:00 AM IST,2026-09-08,Pushya,2026-09-07 10:27:45 PM IST,2026-09-06,2026-09-08,2026-09-06 | 2026-09-07 | 2026-09-08,0,COMPLETE,,,Normal Ekadashi,NORMAL,Ekadashi began before Arunodaya and has one valid Ekadashi sunrise. No two-day exception is triggered.,2026-09-07:VALID (start 2026-09-06 07:29:00 PM IST < Arunodaya 2026-09-07 03:56:00 AM IST),2026-09-07,,2026-09-08,DWADASHI,PRATAH,2026-09-08 05:32:00 AM IST,2026-09-08 08:00:48 AM IST,Hari Vasara ended before Parana-day sunrise; Parana is sunrise to Pratah end.
Tirupati,Andhra Pradesh,India,Asia/Kolkata,geoname:1254360,1254360,Aja Ekadashi,2026-09-07,"Aja Ekadashi - Tirupati. Dashami ends and Ekadashi begins on 2026-09-06 07:29:00 PM IST. On 07-Sep-26, Sooryodaya is 06:01 AM and Arunodaya is 04:25 AM. Ekadashi is present at sunrise and had begun before Arunodaya, so this is a valid Ekadashi sunrise. Ekadashi ends on 2026-09-07 05:03:00 PM IST and does not remain through another sunrise. Ekadashi ends and Dwadashi begins on 2026-09-07 05:03:00 PM IST. Dwadashi is present at Sooryodaya on 08-Sep-26 (Sooryodaya 06:01 AM). Dwadashi ends and Trayodashi begins on 2026-09-08 02:42:00 PM IST. Therefore the Upavaasa is observed on 07-Sep-26. For Parana on 08-Sep-26, Sooryodaya is 06:01 AM, Pratah Kala ends at 08:29 AM, Dwadashi ends at 2026-09-08 02:42:00 PM IST, and Hari Vasara ends at 2026-09-07 10:27:45 PM IST. Hari Vasara ends before Sooryodaya, so there is no Hari-Vasara delay; Parana starts at Sooryodaya (06:01 AM). Pratah Kala ends at 08:29 AM, before Dwadashi ends; therefore Pratah Kala end is the limiting end time. Hence Parana is 06:01 AM to 08:29 AM.",2026-09-06:Dashami | 2026-09-07:Ekadashi | 2026-09-08:Dwadashi,2026-09-06:Ardra | 2026-09-07:Punarvasu | 2026-09-08:Pushya,2026-09-06 07:29:00 PM IST,2026-09-07 05:03:00 PM IST,2026-09-08 02:42:00 PM IST,2026-09-07,06:01 AM,2026-09-07 04:25:00 AM IST,2026-09-07,,2026-09-07:VALID (start 2026-09-06 07:29:00 PM IST < Arunodaya 2026-09-07 04:25:00 AM IST),2026-09-07,06:01 AM,2026-09-07 04:25:00 AM IST,2026-09-08,Pushya,2026-09-07 10:27:45 PM IST,2026-09-06,2026-09-08,2026-09-06 | 2026-09-07 | 2026-09-08,0,COMPLETE,,,Normal Ekadashi,NORMAL,Ekadashi began before Arunodaya and has one valid Ekadashi sunrise. No two-day exception is triggered.,2026-09-07:VALID (start 2026-09-06 07:29:00 PM IST < Arunodaya 2026-09-07 04:25:00 AM IST),2026-09-07,,2026-09-08,DWADASHI,PRATAH,2026-09-08 06:01:00 AM IST,2026-09-08 08:28:36 AM IST,Hari Vasara ended before Parana-day sunrise; Parana is sunrise to Pratah end.
Bhopal,Madhya Pradesh,India,Asia/Kolkata,geoname:1275841,1275841,Aja Ekadashi,2026-09-07,"Aja Ekadashi - Bhopal. Dashami ends and Ekadashi begins on 2026-09-06 07:29:00 PM IST. On 07-Sep-26, Sooryodaya is 06:04 AM and Arunodaya is 04:28 AM. Ekadashi is present at sunrise and had begun before Arunodaya, so this is a valid Ekadashi sunrise. Ekadashi ends on 2026-09-07 05:03:00 PM IST and does not remain through another sunrise. Ekadashi ends and Dwadashi begins on 2026-09-07 05:03:00 PM IST. Dwadashi is present at Sooryodaya on 08-Sep-26 (Sooryodaya 06:05 AM). Dwadashi ends and Trayodashi begins on 2026-09-08 02:42:00 PM IST. Therefore the Upavaasa is observed on 07-Sep-26. For Parana on 08-Sep-26, Sooryodaya is 06:05 AM, Pratah Kala ends at 08:34 AM, Dwadashi ends at 2026-09-08 02:42:00 PM IST, and Hari Vasara ends at 2026-09-07 10:27:45 PM IST. Hari Vasara ends before Sooryodaya, so there is no Hari-Vasara delay; Parana starts at Sooryodaya (06:05 AM). Pratah Kala ends at 08:34 AM, before Dwadashi ends; therefore Pratah Kala end is the limiting end time. Hence Parana is 06:05 AM to 08:34 AM.",2026-09-06:Dashami | 2026-09-07:Ekadashi | 2026-09-08:Dwadashi,2026-09-06:Ardra | 2026-09-07:Punarvasu | 2026-09-08:Pushya,2026-09-06 07:29:00 PM IST,2026-09-07 05:03:00 PM IST,2026-09-08 02:42:00 PM IST,2026-09-07,06:04 AM,2026-09-07 04:28:00 AM IST,2026-09-07,,2026-09-07:VALID (start 2026-09-06 07:29:00 PM IST < Arunodaya 2026-09-07 04:28:00 AM IST),2026-09-07,06:04 AM,2026-09-07 04:28:00 AM IST,2026-09-08,Pushya,2026-09-07 10:27:45 PM IST,2026-09-06,2026-09-08,2026-09-06 | 2026-09-07 | 2026-09-08,0,COMPLETE,,,Normal Ekadashi,NORMAL,Ekadashi began before Arunodaya and has one valid Ekadashi sunrise. No two-day exception is triggered.,2026-09-07:VALID (start 2026-09-06 07:29:00 PM IST < Arunodaya 2026-09-07 04:28:00 AM IST),2026-09-07,,2026-09-08,DWADASHI,PRATAH,2026-09-08 06:05:00 AM IST,2026-09-08 08:34:12 AM IST,Hari Vasara ended before Parana-day sunrise; Parana is sunrise to Pratah end.
Varanasi,Uttar Pradesh,India,Asia/Kolkata,geoname:1253405,1253405,Aja Ekadashi,2026-09-07,"Aja Ekadashi - Varanasi. Dashami ends and Ekadashi begins on 2026-09-06 07:29:00 PM IST. On 07-Sep-26, Sooryodaya is 05:41 AM and Arunodaya is 04:05 AM. Ekadashi is present at sunrise and had begun before Arunodaya, so this is a valid Ekadashi sunrise. Ekadashi ends on 2026-09-07 05:03:00 PM IST and does not remain through another sunrise. Ekadashi ends and Dwadashi begins on 2026-09-07 05:03:00 PM IST. Dwadashi is present at Sooryodaya on 08-Sep-26 (Sooryodaya 05:41 AM). Dwadashi ends and Trayodashi begins on 2026-09-08 02:42:00 PM IST. Therefore the Upavaasa is observed on 07-Sep-26. For Parana on 08-Sep-26, Sooryodaya is 05:41 AM, Pratah Kala ends at 08:11 AM, Dwadashi ends at 2026-09-08 02:42:00 PM IST, and Hari Vasara ends at 2026-09-07 10:27:45 PM IST. Hari Vasara ends before Sooryodaya, so there is no Hari-Vasara delay; Parana starts at Sooryodaya (05:41 AM). Pratah Kala ends at 08:11 AM, before Dwadashi ends; therefore Pratah Kala end is the limiting end time. Hence Parana is 05:41 AM to 08:11 AM.",2026-09-06:Dashami | 2026-09-07:Ekadashi | 2026-09-08:Dwadashi,2026-09-06:Ardra | 2026-09-07:Punarvasu | 2026-09-08:Pushya,2026-09-06 07:29:00 PM IST,2026-09-07 05:03:00 PM IST,2026-09-08 02:42:00 PM IST,2026-09-07,05:41 AM,2026-09-07 04:05:00 AM IST,2026-09-07,,2026-09-07:VALID (start 2026-09-06 07:29:00 PM IST < Arunodaya 2026-09-07 04:05:00 AM IST),2026-09-07,05:41 AM,2026-09-07 04:05:00 AM IST,2026-09-08,Pushya,2026-09-07 10:27:45 PM IST,2026-09-06,2026-09-08,2026-09-06 | 2026-09-07 | 2026-09-08,0,COMPLETE,,,Normal Ekadashi,NORMAL,Ekadashi began before Arunodaya and has one valid Ekadashi sunrise. No two-day exception is triggered.,2026-09-07:VALID (start 2026-09-06 07:29:00 PM IST < Arunodaya 2026-09-07 04:05:00 AM IST),2026-09-07,,2026-09-08,DWADASHI,PRATAH,2026-09-08 05:41:00 AM IST,2026-09-08 08:10:48 AM IST,Hari Vasara ended before Parana-day sunrise; Parana is sunrise to Pratah end.
Prayagraj,Uttar Pradesh,India,Asia/Kolkata,geoname:1278994,1278994,Aja Ekadashi,2026-09-07,"Aja Ekadashi - Prayagraj. Dashami ends and Ekadashi begins on 2026-09-06 07:29:00 PM IST. On 07-Sep-26, Sooryodaya is 05:45 AM and Arunodaya is 04:09 AM. Ekadashi is present at sunrise and had begun before Arunodaya, so this is a valid Ekadashi sunrise. Ekadashi ends on 2026-09-07 05:03:00 PM IST and does not remain through another sunrise. Ekadashi ends and Dwadashi begins on 2026-09-07 05:03:00 PM IST. Dwadashi is present at Sooryodaya on 08-Sep-26 (Sooryodaya 05:46 AM). Dwadashi ends and Trayodashi begins on 2026-09-08 02:42:00 PM IST. Therefore the Upavaasa is observed on 07-Sep-26. For Parana on 08-Sep-26, Sooryodaya is 05:46 AM, Pratah Kala ends at 08:16 AM, Dwadashi ends at 2026-09-08 02:42:00 PM IST, and Hari Vasara ends at 2026-09-07 10:27:45 PM IST. Hari Vasara ends before Sooryodaya, so there is no Hari-Vasara delay; Parana starts at Sooryodaya (05:46 AM). Pratah Kala ends at 08:16 AM, before Dwadashi ends; therefore Pratah Kala end is the limiting end time. Hence Parana is 05:46 AM to 08:16 AM.",2026-09-06:Dashami | 2026-09-07:Ekadashi | 2026-09-08:Dwadashi,2026-09-06:Ardra | 2026-09-07:Punarvasu | 2026-09-08:Pushya,2026-09-06 07:29:00 PM IST,2026-09-07 05:03:00 PM IST,2026-09-08 02:42:00 PM IST,2026-09-07,05:45 AM,2026-09-07 04:09:00 AM IST,2026-09-07,,2026-09-07:VALID (start 2026-09-06 07:29:00 PM IST < Arunodaya 2026-09-07 04:09:00 AM IST),2026-09-07,05:45 AM,2026-09-07 04:09:00 AM IST,2026-09-08,Pushya,2026-09-07 10:27:45 PM IST,2026-09-06,2026-09-08,2026-09-06 | 2026-09-07 | 2026-09-08,0,COMPLETE,,,Normal Ekadashi,NORMAL,Ekadashi began before Arunodaya and has one valid Ekadashi sunrise. No two-day exception is triggered.,2026-09-07:VALID (start 2026-09-06 07:29:00 PM IST < Arunodaya 2026-09-07 04:09:00 AM IST),2026-09-07,,2026-09-08,DWADASHI,PRATAH,2026-09-08 05:46:00 AM IST,2026-09-08 08:15:48 AM IST,Hari Vasara ended before Parana-day sunrise; Parana is sunrise to Pratah end.
Lucknow,Uttar Pradesh,India,Asia/Kolkata,geoname:1264733,1264733,Aja Ekadashi,2026-09-07,"Aja Ekadashi - Lucknow. Dashami ends and Ekadashi begins on 2026-09-06 07:29:00 PM IST. On 07-Sep-26, Sooryodaya is 05:48 AM and Arunodaya is 04:12 AM. Ekadashi is present at sunrise and had begun before Arunodaya, so this is a valid Ekadashi sunrise. Ekadashi ends on 2026-09-07 05:03:00 PM IST and does not remain through another sunrise. Ekadashi ends and Dwadashi begins on 2026-09-07 05:03:00 PM IST. Dwadashi is present at Sooryodaya on 08-Sep-26 (Sooryodaya 05:49 AM). Dwadashi ends and Trayodashi begins on 2026-09-08 02:42:00 PM IST. Therefore the Upavaasa is observed on 07-Sep-26. For Parana on 08-Sep-26, Sooryodaya is 05:49 AM, Pratah Kala ends at 08:19 AM, Dwadashi ends at 2026-09-08 02:42:00 PM IST, and Hari Vasara ends at 2026-09-07 10:27:45 PM IST. Hari Vasara ends before Sooryodaya, so there is no Hari-Vasara delay; Parana starts at Sooryodaya (05:49 AM). Pratah Kala ends at 08:19 AM, before Dwadashi ends; therefore Pratah Kala end is the limiting end time. Hence Parana is 05:49 AM to 08:19 AM.",2026-09-06:Dashami | 2026-09-07:Ekadashi | 2026-09-08:Dwadashi,2026-09-06:Ardra | 2026-09-07:Punarvasu | 2026-09-08:Pushya,2026-09-06 07:29:00 PM IST,2026-09-07 05:03:00 PM IST,2026-09-08 02:42:00 PM IST,2026-09-07,05:48 AM,2026-09-07 04:12:00 AM IST,2026-09-07,,2026-09-07:VALID (start 2026-09-06 07:29:00 PM IST < Arunodaya 2026-09-07 04:12:00 AM IST),2026-09-07,05:48 AM,2026-09-07 04:12:00 AM IST,2026-09-08,Pushya,2026-09-07 10:27:45 PM IST,2026-09-06,2026-09-08,2026-09-06 | 2026-09-07 | 2026-09-08,0,COMPLETE,,,Normal Ekadashi,NORMAL,Ekadashi began before Arunodaya and has one valid Ekadashi sunrise. No two-day exception is triggered.,2026-09-07:VALID (start 2026-09-06 07:29:00 PM IST < Arunodaya 2026-09-07 04:12:00 AM IST),2026-09-07,,2026-09-08,DWADASHI,PRATAH,2026-09-08 05:49:00 AM IST,2026-09-08 08:19:00 AM IST,Hari Vasara ended before Parana-day sunrise; Parana is sunrise to Pratah end.
Srinagar,Jammu and Kashmir,India,Asia/Kolkata,geoname:1255634,1255634,Aja Ekadashi,2026-09-07,"Aja Ekadashi - Srinagar. Dashami ends and Ekadashi begins on 2026-09-06 07:29:00 PM IST. On 07-Sep-26, Sooryodaya is 06:08 AM and Arunodaya is 04:32 AM. Ekadashi is present at sunrise and had begun before Arunodaya, so this is a valid Ekadashi sunrise. Ekadashi ends on 2026-09-07 05:03:00 PM IST and does not remain through another sunrise. Ekadashi ends and Dwadashi begins on 2026-09-07 05:03:00 PM IST. Dwadashi is present at Sooryodaya on 08-Sep-26 (Sooryodaya 06:09 AM). Dwadashi ends and Trayodashi begins on 2026-09-08 02:42:00 PM IST. Therefore the Upavaasa is observed on 07-Sep-26. For Parana on 08-Sep-26, Sooryodaya is 06:09 AM, Pratah Kala ends at 08:41 AM, Dwadashi ends at 2026-09-08 02:42:00 PM IST, and Hari Vasara ends at 2026-09-07 10:27:45 PM IST. Hari Vasara ends before Sooryodaya, so there is no Hari-Vasara delay; Parana starts at Sooryodaya (06:09 AM). Pratah Kala ends at 08:41 AM, before Dwadashi ends; therefore Pratah Kala end is the limiting end time. Hence Parana is 06:09 AM to 08:41 AM.",2026-09-06:Dashami | 2026-09-07:Ekadashi | 2026-09-08:Dwadashi,2026-09-06:Ardra | 2026-09-07:Punarvasu | 2026-09-08:Pushya,2026-09-06 07:29:00 PM IST,2026-09-07 05:03:00 PM IST,2026-09-08 02:42:00 PM IST,2026-09-07,06:08 AM,2026-09-07 04:32:00 AM IST,2026-09-07,,2026-09-07:VALID (start 2026-09-06 07:29:00 PM IST < Arunodaya 2026-09-07 04:32:00 AM IST),2026-09-07,06:08 AM,2026-09-07 04:32:00 AM IST,2026-09-08,Pushya,2026-09-07 10:27:45 PM IST,2026-09-06,2026-09-08,2026-09-06 | 2026-09-07 | 2026-09-08,0,COMPLETE,,,Normal Ekadashi,NORMAL,Ekadashi began before Arunodaya and has one valid Ekadashi sunrise. No two-day exception is triggered.,2026-09-07:VALID (start 2026-09-06 07:29:00 PM IST < Arunodaya 2026-09-07 04:32:00 AM IST),2026-09-07,,2026-09-08,DWADASHI,PRATAH,2026-09-08 06:09:00 AM IST,2026-09-08 08:40:48 AM IST,Hari Vasara ended before Parana-day sunrise; Parana is sunrise to Pratah end.
Brisbane,Queensland,Australia,Australia/Brisbane,geoname:2174003,2174003,Aja Ekadashi,2026-09-07,"Aja Ekadashi - Brisbane. Dashami ends and Ekadashi begins on 2026-09-06 11:59:00 PM AEST. On 07-Sep-26, Sooryodaya is 05:55 AM and Arunodaya is 04:19 AM. Ekadashi is present at sunrise and had begun before Arunodaya, so this is a valid Ekadashi sunrise. Ekadashi ends on 2026-09-07 09:33:00 PM AEST and does not remain through another sunrise. Ekadashi ends and Dwadashi begins on 2026-09-07 09:33:00 PM AEST. Dwadashi is present at Sooryodaya on 08-Sep-26 (Sooryodaya 05:54 AM). Dwadashi ends and Trayodashi begins on 2026-09-08 07:12:00 PM AEST. Therefore the Upavaasa is observed on 07-Sep-26. For Parana on 08-Sep-26, Sooryodaya is 05:54 AM, Pratah Kala ends at 08:15 AM, Dwadashi ends at 2026-09-08 07:12:00 PM AEST, and Hari Vasara ends at 2026-09-08 02:57:45 AM AEST. Hari Vasara ends before Sooryodaya, so there is no Hari-Vasara delay; Parana starts at Sooryodaya (05:54 AM). Pratah Kala ends at 08:15 AM, before Dwadashi ends; therefore Pratah Kala end is the limiting end time. Hence Parana is 05:54 AM to 08:15 AM.",2026-09-06:Dashami | 2026-09-07:Ekadashi | 2026-09-08:Dwadashi,2026-09-06:Ardra | 2026-09-07:Punarvasu | 2026-09-08:Pushya,2026-09-06 11:59:00 PM AEST,2026-09-07 09:33:00 PM AEST,2026-09-08 07:12:00 PM AEST,2026-09-07,05:55 AM,2026-09-07 04:19:00 AM AEST,2026-09-07,,2026-09-07:VALID (start 2026-09-06 11:59:00 PM AEST < Arunodaya 2026-09-07 04:19:00 AM AEST),2026-09-07,05:55 AM,2026-09-07 04:19:00 AM AEST,2026-09-08,Pushya,2026-09-08 02:57:45 AM AEST,2026-09-06,2026-09-08,2026-09-06 | 2026-09-07 | 2026-09-08,0,COMPLETE,,,Normal Ekadashi,NORMAL,Ekadashi began before Arunodaya and has one valid Ekadashi sunrise. No two-day exception is triggered.,2026-09-07:VALID (start 2026-09-06 11:59:00 PM AEST < Arunodaya 2026-09-07 04:19:00 AM AEST),2026-09-07,,2026-09-08,DWADASHI,PRATAH,2026-09-08 05:54:00 AM AEST,2026-09-08 08:14:36 AM AEST,Hari Vasara ended before Parana-day sunrise; Parana is sunrise to Pratah end.
Melbourne,Victoria,Australia,Australia/Melbourne,geoname:2158177,2158177,Aja Ekadashi,2026-09-07,"Aja Ekadashi - Melbourne. Dashami ends and Ekadashi begins on 2026-09-06 11:59:00 PM AEST. On 07-Sep-26, Sooryodaya is 06:33 AM and Arunodaya is 04:57 AM. Ekadashi is present at sunrise and had begun before Arunodaya, so this is a valid Ekadashi sunrise. Ekadashi ends on 2026-09-07 09:33:00 PM AEST and does not remain through another sunrise. Ekadashi ends and Dwadashi begins on 2026-09-07 09:33:00 PM AEST. Dwadashi is present at Sooryodaya on 08-Sep-26 (Sooryodaya 06:32 AM). Dwadashi ends and Trayodashi begins on 2026-09-08 07:12:00 PM AEST. Therefore the Upavaasa is observed on 07-Sep-26. For Parana on 08-Sep-26, Sooryodaya is 06:32 AM, Pratah Kala ends at 08:50 AM, Dwadashi ends at 2026-09-08 07:12:00 PM AEST, and Hari Vasara ends at 2026-09-08 02:57:45 AM AEST. Hari Vasara ends before Sooryodaya, so there is no Hari-Vasara delay; Parana starts at Sooryodaya (06:32 AM). Pratah Kala ends at 08:50 AM, before Dwadashi ends; therefore Pratah Kala end is the limiting end time. Hence Parana is 06:32 AM to 08:50 AM.",2026-09-06:Dashami | 2026-09-07:Ekadashi | 2026-09-08:Dwadashi,2026-09-06:Ardra | 2026-09-07:Punarvasu | 2026-09-08:Pushya,2026-09-06 11:59:00 PM AEST,2026-09-07 09:33:00 PM AEST,2026-09-08 07:12:00 PM AEST,2026-09-07,06:33 AM,2026-09-07 04:57:00 AM AEST,2026-09-07,,2026-09-07:VALID (start 2026-09-06 11:59:00 PM AEST < Arunodaya 2026-09-07 04:57:00 AM AEST),2026-09-07,06:33 AM,2026-09-07 04:57:00 AM AEST,2026-09-08,Pushya,2026-09-08 02:57:45 AM AEST,2026-09-06,2026-09-08,2026-09-06 | 2026-09-07 | 2026-09-08,0,COMPLETE,,,Normal Ekadashi,NORMAL,Ekadashi began before Arunodaya and has one valid Ekadashi sunrise. No two-day exception is triggered.,2026-09-07:VALID (start 2026-09-06 11:59:00 PM AEST < Arunodaya 2026-09-07 04:57:00 AM AEST),2026-09-07,,2026-09-08,DWADASHI,PRATAH,2026-09-08 06:32:00 AM AEST,2026-09-08 08:50:24 AM AEST,Hari Vasara ended before Parana-day sunrise; Parana is sunrise to Pratah end.
Adelaide,South Australia,Australia,Australia/Adelaide,geoname:2078025,2078025,Aja Ekadashi,2026-09-07,"Aja Ekadashi - Adelaide. Dashami ends and Ekadashi begins on 2026-09-06 11:29:00 PM ACST. On 07-Sep-26, Sooryodaya is 06:27 AM and Arunodaya is 04:51 AM. Ekadashi is present at sunrise and had begun before Arunodaya, so this is a valid Ekadashi sunrise. Ekadashi ends on 2026-09-07 09:03:00 PM ACST and does not remain through another sunrise. Ekadashi ends and Dwadashi begins on 2026-09-07 09:03:00 PM ACST. Dwadashi is present at Sooryodaya on 08-Sep-26 (Sooryodaya 06:26 AM). Dwadashi ends and Trayodashi begins on 2026-09-08 06:42:00 PM ACST. Therefore the Upavaasa is observed on 07-Sep-26. For Parana on 08-Sep-26, Sooryodaya is 06:26 AM, Pratah Kala ends at 08:45 AM, Dwadashi ends at 2026-09-08 06:42:00 PM ACST, and Hari Vasara ends at 2026-09-08 02:27:45 AM ACST. Hari Vasara ends before Sooryodaya, so there is no Hari-Vasara delay; Parana starts at Sooryodaya (06:26 AM). Pratah Kala ends at 08:45 AM, before Dwadashi ends; therefore Pratah Kala end is the limiting end time. Hence Parana is 06:26 AM to 08:45 AM.",2026-09-06:Dashami | 2026-09-07:Ekadashi | 2026-09-08:Dwadashi,2026-09-06:Ardra | 2026-09-07:Punarvasu | 2026-09-08:Pushya,2026-09-06 11:29:00 PM ACST,2026-09-07 09:03:00 PM ACST,2026-09-08 06:42:00 PM ACST,2026-09-07,06:27 AM,2026-09-07 04:51:00 AM ACST,2026-09-07,,2026-09-07:VALID (start 2026-09-06 11:29:00 PM ACST < Arunodaya 2026-09-07 04:51:00 AM ACST),2026-09-07,06:27 AM,2026-09-07 04:51:00 AM ACST,2026-09-08,Pushya,2026-09-08 02:27:45 AM ACST,2026-09-06,2026-09-08,2026-09-06 | 2026-09-07 | 2026-09-08,0,COMPLETE,,,Normal Ekadashi,NORMAL,Ekadashi began before Arunodaya and has one valid Ekadashi sunrise. No two-day exception is triggered.,2026-09-07:VALID (start 2026-09-06 11:29:00 PM ACST < Arunodaya 2026-09-07 04:51:00 AM ACST),2026-09-07,,2026-09-08,DWADASHI,PRATAH,2026-09-08 06:26:00 AM ACST,2026-09-08 08:45:12 AM ACST,Hari Vasara ended before Parana-day sunrise; Parana is sunrise to Pratah end.
Perth,Western Australia,Australia,Australia/Perth,geoname:2063523,2063523,Aja Ekadashi,2026-09-07,"Aja Ekadashi - Perth. Dashami ends and Ekadashi begins on 2026-09-06 09:59:00 PM AWST. On 07-Sep-26, Sooryodaya is 06:26 AM and Arunodaya is 04:50 AM. Ekadashi is present at sunrise and had begun before Arunodaya, so this is a valid Ekadashi sunrise. Ekadashi ends on 2026-09-07 07:33:00 PM AWST and does not remain through another sunrise. Ekadashi ends and Dwadashi begins on 2026-09-07 07:33:00 PM AWST. Dwadashi is present at Sooryodaya on 08-Sep-26 (Sooryodaya 06:25 AM). Dwadashi ends and Trayodashi begins on 2026-09-08 05:12:00 PM AWST. Therefore the Upavaasa is observed on 07-Sep-26. For Parana on 08-Sep-26, Sooryodaya is 06:25 AM, Pratah Kala ends at 08:45 AM, Dwadashi ends at 2026-09-08 05:12:00 PM AWST, and Hari Vasara ends at 2026-09-08 12:57:45 AM AWST. Hari Vasara ends before Sooryodaya, so there is no Hari-Vasara delay; Parana starts at Sooryodaya (06:25 AM). Pratah Kala ends at 08:45 AM, before Dwadashi ends; therefore Pratah Kala end is the limiting end time. Hence Parana is 06:25 AM to 08:45 AM.",2026-09-06:Dashami | 2026-09-07:Ekadashi | 2026-09-08:Dwadashi,2026-09-06:Ardra | 2026-09-07:Punarvasu | 2026-09-08:Pushya,2026-09-06 09:59:00 PM AWST,2026-09-07 07:33:00 PM AWST,2026-09-08 05:12:00 PM AWST,2026-09-07,06:26 AM,2026-09-07 04:50:00 AM AWST,2026-09-07,,2026-09-07:VALID (start 2026-09-06 09:59:00 PM AWST < Arunodaya 2026-09-07 04:50:00 AM AWST),2026-09-07,06:26 AM,2026-09-07 04:50:00 AM AWST,2026-09-08,Pushya,2026-09-08 12:57:45 AM AWST,2026-09-06,2026-09-08,2026-09-06 | 2026-09-07 | 2026-09-08,0,COMPLETE,,,Normal Ekadashi,NORMAL,Ekadashi began before Arunodaya and has one valid Ekadashi sunrise. No two-day exception is triggered.,2026-09-07:VALID (start 2026-09-06 09:59:00 PM AWST < Arunodaya 2026-09-07 04:50:00 AM AWST),2026-09-07,,2026-09-08,DWADASHI,PRATAH,2026-09-08 06:25:00 AM AWST,2026-09-08 08:44:48 AM AWST,Hari Vasara ended before Parana-day sunrise; Parana is sunrise to Pratah end.
Canberra,Australian Capital Territory,Australia,Australia/Sydney,geoname:2172517,2172517,Aja Ekadashi,2026-09-07,"Aja Ekadashi - Canberra. Dashami ends and Ekadashi begins on 2026-09-06 11:59:00 PM AEST. On 07-Sep-26, Sooryodaya is 06:15 AM and Arunodaya is 04:39 AM. Ekadashi is present at sunrise and had begun before Arunodaya, so this is a valid Ekadashi sunrise. Ekadashi ends on 2026-09-07 09:33:00 PM AEST and does not remain through another sunrise. Ekadashi ends and Dwadashi begins on 2026-09-07 09:33:00 PM AEST. Dwadashi is present at Sooryodaya on 08-Sep-26 (Sooryodaya 06:14 AM). Dwadashi ends and Trayodashi begins on 2026-09-08 07:12:00 PM AEST. Therefore the Upavaasa is observed on 07-Sep-26. For Parana on 08-Sep-26, Sooryodaya is 06:14 AM, Pratah Kala ends at 08:33 AM, Dwadashi ends at 2026-09-08 07:12:00 PM AEST, and Hari Vasara ends at 2026-09-08 02:57:45 AM AEST. Hari Vasara ends before Sooryodaya, so there is no Hari-Vasara delay; Parana starts at Sooryodaya (06:14 AM). Pratah Kala ends at 08:33 AM, before Dwadashi ends; therefore Pratah Kala end is the limiting end time. Hence Parana is 06:14 AM to 08:33 AM.",2026-09-06:Dashami | 2026-09-07:Ekadashi | 2026-09-08:Dwadashi,2026-09-06:Ardra | 2026-09-07:Punarvasu | 2026-09-08:Pushya,2026-09-06 11:59:00 PM AEST,2026-09-07 09:33:00 PM AEST,2026-09-08 07:12:00 PM AEST,2026-09-07,06:15 AM,2026-09-07 04:39:00 AM AEST,2026-09-07,,2026-09-07:VALID (start 2026-09-06 11:59:00 PM AEST < Arunodaya 2026-09-07 04:39:00 AM AEST),2026-09-07,06:15 AM,2026-09-07 04:39:00 AM AEST,2026-09-08,Pushya,2026-09-08 02:57:45 AM AEST,2026-09-06,2026-09-08,2026-09-06 | 2026-09-07 | 2026-09-08,0,COMPLETE,,,Normal Ekadashi,NORMAL,Ekadashi began before Arunodaya and has one valid Ekadashi sunrise. No two-day exception is triggered.,2026-09-07:VALID (start 2026-09-06 11:59:00 PM AEST < Arunodaya 2026-09-07 04:39:00 AM AEST),2026-09-07,,2026-09-08,DWADASHI,PRATAH,2026-09-08 06:14:00 AM AEST,2026-09-08 08:33:00 AM AEST,Hari Vasara ended before Parana-day sunrise; Parana is sunrise to Pratah end.
Sydney,New South Wales,Australia,Australia/Sydney,geoname:2147714,2147714,Aja Ekadashi,2026-09-07,"Aja Ekadashi - Sydney. Dashami ends and Ekadashi begins on 2026-09-06 11:59:00 PM AEST. On 07-Sep-26, Sooryodaya is 06:06 AM and Arunodaya is 04:30 AM. Ekadashi is present at sunrise and had begun before Arunodaya, so this is a valid Ekadashi sunrise. Ekadashi ends on 2026-09-07 09:33:00 PM AEST and does not remain through another sunrise. Ekadashi ends and Dwadashi begins on 2026-09-07 09:33:00 PM AEST. Dwadashi is present at Sooryodaya on 08-Sep-26 (Sooryodaya 06:05 AM). Dwadashi ends and Trayodashi begins on 2026-09-08 07:12:00 PM AEST. Therefore the Upavaasa is observed on 07-Sep-26. For Parana on 08-Sep-26, Sooryodaya is 06:05 AM, Pratah Kala ends at 08:24 AM, Dwadashi ends at 2026-09-08 07:12:00 PM AEST, and Hari Vasara ends at 2026-09-08 02:57:45 AM AEST. Hari Vasara ends before Sooryodaya, so there is no Hari-Vasara delay; Parana starts at Sooryodaya (06:05 AM). Pratah Kala ends at 08:24 AM, before Dwadashi ends; therefore Pratah Kala end is the limiting end time. Hence Parana is 06:05 AM to 08:24 AM.",2026-09-06:Dashami | 2026-09-07:Ekadashi | 2026-09-08:Dwadashi,2026-09-06:Ardra | 2026-09-07:Punarvasu | 2026-09-08:Pushya,2026-09-06 11:59:00 PM AEST,2026-09-07 09:33:00 PM AEST,2026-09-08 07:12:00 PM AEST,2026-09-07,06:06 AM,2026-09-07 04:30:00 AM AEST,2026-09-07,,2026-09-07:VALID (start 2026-09-06 11:59:00 PM AEST < Arunodaya 2026-09-07 04:30:00 AM AEST),2026-09-07,06:06 AM,2026-09-07 04:30:00 AM AEST,2026-09-08,Pushya,2026-09-08 02:57:45 AM AEST,2026-09-06,2026-09-08,2026-09-06 | 2026-09-07 | 2026-09-08,0,COMPLETE,,,Normal Ekadashi,NORMAL,Ekadashi began before Arunodaya and has one valid Ekadashi sunrise. No two-day exception is triggered.,2026-09-07:VALID (start 2026-09-06 11:59:00 PM AEST < Arunodaya 2026-09-07 04:30:00 AM AEST),2026-09-07,,2026-09-08,DWADASHI,PRATAH,2026-09-08 06:05:00 AM AEST,2026-09-08 08:24:24 AM AEST,Hari Vasara ended before Parana-day sunrise; Parana is sunrise to Pratah end.
