Place Key,City,State/Region,Country,Timezone,Geoname ID,Ekadashi Name,Ekadashi Type,Condition Code,Upavaasa Date 1,Upavaasa Date 2,Parana Date,Parana Start,Parana End,Parana Branch,Parana Tithi Rule,Hari Vasara End,Cycle Anchor,Completeness Status,Date,Action Role,Special Events,Special Event Details,Note,Message
geoname:2078025,Adelaide,South Australia,Australia,Australia/Adelaide,2078025,Aja Ekadashi,Normal Ekadashi,NORMAL,2026-09-07,,2026-09-08,06:26 AM,08:45 AM,PRATAH,DWADASHI,02:28 AM,2026-09-07,COMPLETE,2026-09-07,UPAVASA_DAY_1,Aja Ekadashi,"Upavaasa: 07-Sep-26 | Parana: 08-Sep-26, 06:26 AM to 08:45 AM",Normal Ekadashi. **Observe Upavaasa today.** Ekadashi began before Arunodaya.,"Aja Ekadashi. Normal Ekadashi. Observe Upavaasa today. Ekadashi began before Arunodaya. Upavaasa: 07-Sep-26 | Parana: 08-Sep-26, 06:26 AM to 08:45 AM"
geoname:1279290,Agartala,Tripura,India,Asia/Kolkata,1279290,Aja Ekadashi,Normal Ekadashi,NORMAL,2026-09-07,,2026-09-08,05:09 AM,07:38 AM,PRATAH,DWADASHI,10:28 PM,2026-09-07,COMPLETE,2026-09-07,UPAVASA_DAY_1,Aja Ekadashi,"Upavaasa: 07-Sep-26 | Parana: 08-Sep-26, 05:09 AM to 07:38 AM",Normal Ekadashi. **Observe Upavaasa today.** Ekadashi began before Arunodaya.,"Aja Ekadashi. Normal Ekadashi. Observe Upavaasa today. Ekadashi began before Arunodaya. Upavaasa: 07-Sep-26 | Parana: 08-Sep-26, 05:09 AM to 07:38 AM"
geoname:1279186,Aizawl,Mizoram,India,Asia/Kolkata,1279186,Aja Ekadashi,Normal Ekadashi,NORMAL,2026-09-07,,2026-09-08,05:03 AM,07:32 AM,PRATAH,DWADASHI,10:28 PM,2026-09-07,COMPLETE,2026-09-07,UPAVASA_DAY_1,Aja Ekadashi,"Upavaasa: 07-Sep-26 | Parana: 08-Sep-26, 05:03 AM to 07:32 AM",Normal Ekadashi. **Observe Upavaasa today.** Ekadashi began before Arunodaya.,"Aja Ekadashi. Normal Ekadashi. Observe Upavaasa today. Ekadashi began before Arunodaya. Upavaasa: 07-Sep-26 | Parana: 08-Sep-26, 05:03 AM to 07:32 AM"
geoname:4180439,Atlanta,Georgia,United States,America/New_York,4180439,Aja Ekadashi,Normal Ekadashi,NORMAL,2026-09-07,,2026-09-08,07:16 AM,09:48 AM,DWADASHI_OVER_BEFORE_SUNRISE,DWADASHI,12:58 PM,2026-09-07,COMPLETE,2026-09-07,UPAVASA_DAY_1,Aja Ekadashi,"Upavaasa: 07-Sep-26 | Parana: 08-Sep-26, 07:16 AM to 09:48 AM",Normal Ekadashi. **Observe Upavaasa today.** Ekadashi began before Arunodaya.,"Aja Ekadashi. Normal Ekadashi. Observe Upavaasa today. Ekadashi began before Arunodaya. Upavaasa: 07-Sep-26 | Parana: 08-Sep-26, 07:16 AM to 09:48 AM"
geoname:2193733,Auckland,Auckland,New Zealand,Pacific/Auckland,2193733,Aja Ekadashi,Normal Ekadashi,NORMAL,2026-09-07,,2026-09-08,06:32 AM,08:51 AM,PRATAH,DWADASHI,04:58 AM,2026-09-07,COMPLETE,2026-09-07,UPAVASA_DAY_1,Aja Ekadashi,"Upavaasa: 07-Sep-26 | Parana: 08-Sep-26, 06:32 AM to 08:51 AM",Normal Ekadashi. **Observe Upavaasa today.** Ekadashi began before Arunodaya.,"Aja Ekadashi. Normal Ekadashi. Observe Upavaasa today. Ekadashi began before Arunodaya. Upavaasa: 07-Sep-26 | Parana: 08-Sep-26, 06:32 AM to 08:51 AM"
geoname:1278094,Ayodhya,Uttar Pradesh,India,Asia/Kolkata,1278094,Aja Ekadashi,Normal Ekadashi,NORMAL,2026-09-07,,2026-09-08,05:44 AM,08:14 AM,PRATAH,DWADASHI,10:28 PM,2026-09-07,COMPLETE,2026-09-07,UPAVASA_DAY_1,Aja Ekadashi,"Upavaasa: 07-Sep-26 | Parana: 08-Sep-26, 05:44 AM to 08:14 AM",Normal Ekadashi. **Observe Upavaasa today.** Ekadashi began before Arunodaya.,"Aja Ekadashi. Normal Ekadashi. Observe Upavaasa today. Ekadashi began before Arunodaya. Upavaasa: 07-Sep-26 | Parana: 08-Sep-26, 05:44 AM to 08:14 AM"
geoname:4347778,Baltimore,Maryland,United States,America/New_York,4347778,Aja Ekadashi,Normal Ekadashi,NORMAL,2026-09-07,,2026-09-08,06:41 AM,09:14 AM,DWADASHI_OVER_BEFORE_SUNRISE,DWADASHI,12:58 PM,2026-09-07,COMPLETE,2026-09-07,UPAVASA_DAY_1,Aja Ekadashi,"Upavaasa: 07-Sep-26 | Parana: 08-Sep-26, 06:41 AM to 09:14 AM",Normal Ekadashi. **Observe Upavaasa today.** Ekadashi began before Arunodaya.,"Aja Ekadashi. Normal Ekadashi. Observe Upavaasa today. Ekadashi began before Arunodaya. Upavaasa: 07-Sep-26 | Parana: 08-Sep-26, 06:41 AM to 09:14 AM"
geoname:5108728,Belfast,New York,United States,America/New_York,5108728,Aja Ekadashi,Normal Ekadashi,NORMAL,2026-09-07,,2026-09-08,06:45 AM,09:19 AM,DWADASHI_OVER_BEFORE_SUNRISE,DWADASHI,12:58 PM,2026-09-07,COMPLETE,2026-09-07,UPAVASA_DAY_1,Aja Ekadashi,"Upavaasa: 07-Sep-26 | Parana: 08-Sep-26, 06:45 AM to 09:19 AM",Normal Ekadashi. **Observe Upavaasa today.** Ekadashi began before Arunodaya.,"Aja Ekadashi. Normal Ekadashi. Observe Upavaasa today. Ekadashi began before Arunodaya. Upavaasa: 07-Sep-26 | Parana: 08-Sep-26, 06:45 AM to 09:19 AM"
geoname:1276533,Belgaum,Karnataka,India,Asia/Kolkata,1276533,Aja Ekadashi,Normal Ekadashi,NORMAL,2026-09-07,,2026-09-08,06:20 AM,08:48 AM,PRATAH,DWADASHI,10:28 PM,2026-09-07,COMPLETE,2026-09-07,UPAVASA_DAY_1,Aja Ekadashi,"Upavaasa: 07-Sep-26 | Parana: 08-Sep-26, 06:20 AM to 08:48 AM",Normal Ekadashi. **Observe Upavaasa today.** Ekadashi began before Arunodaya.,"Aja Ekadashi. Normal Ekadashi. Observe Upavaasa today. Ekadashi began before Arunodaya. Upavaasa: 07-Sep-26 | Parana: 08-Sep-26, 06:20 AM to 08:48 AM"
geoname:1277333,Bengaluru,Karnataka,India,Asia/Kolkata,1277333,Aja Ekadashi,Normal Ekadashi,NORMAL,2026-09-07,,2026-09-08,06:09 AM,08:36 AM,PRATAH,DWADASHI,10:28 PM,2026-09-07,COMPLETE,2026-09-07,UPAVASA_DAY_1,Aja Ekadashi,"Upavaasa: 07-Sep-26 | Parana: 08-Sep-26, 06:09 AM to 08:36 AM",Normal Ekadashi. **Observe Upavaasa today.** Ekadashi began before Arunodaya.,"Aja Ekadashi. Normal Ekadashi. Observe Upavaasa today. Ekadashi began before Arunodaya. Upavaasa: 07-Sep-26 | Parana: 08-Sep-26, 06:09 AM to 08:36 AM"
geoname:1275841,Bhopal,Madhya Pradesh,India,Asia/Kolkata,1275841,Aja Ekadashi,Normal Ekadashi,NORMAL,2026-09-07,,2026-09-08,06:05 AM,08:34 AM,PRATAH,DWADASHI,10:28 PM,2026-09-07,COMPLETE,2026-09-07,UPAVASA_DAY_1,Aja Ekadashi,"Upavaasa: 07-Sep-26 | Parana: 08-Sep-26, 06:05 AM to 08:34 AM",Normal Ekadashi. **Observe Upavaasa today.** Ekadashi began before Arunodaya.,"Aja Ekadashi. Normal Ekadashi. Observe Upavaasa today. Ekadashi began before Arunodaya. Upavaasa: 07-Sep-26 | Parana: 08-Sep-26, 06:05 AM to 08:34 AM"
geoname:1275817,Bhubaneswar,Odisha,India,Asia/Kolkata,1275817,Aja Ekadashi,Normal Ekadashi,NORMAL,2026-09-07,,2026-09-08,05:32 AM,08:01 AM,PRATAH,DWADASHI,10:28 PM,2026-09-07,COMPLETE,2026-09-07,UPAVASA_DAY_1,Aja Ekadashi,"Upavaasa: 07-Sep-26 | Parana: 08-Sep-26, 05:32 AM to 08:01 AM",Normal Ekadashi. **Observe Upavaasa today.** Ekadashi began before Arunodaya.,"Aja Ekadashi. Normal Ekadashi. Observe Upavaasa today. Ekadashi began before Arunodaya. Upavaasa: 07-Sep-26 | Parana: 08-Sep-26, 05:32 AM to 08:01 AM"
geoname:2174003,Brisbane,Queensland,Australia,Australia/Brisbane,2174003,Aja Ekadashi,Normal Ekadashi,NORMAL,2026-09-07,,2026-09-08,05:54 AM,08:15 AM,PRATAH,DWADASHI,02:58 AM,2026-09-07,COMPLETE,2026-09-07,UPAVASA_DAY_1,Aja Ekadashi,"Upavaasa: 07-Sep-26 | Parana: 08-Sep-26, 05:54 AM to 08:15 AM",Normal Ekadashi. **Observe Upavaasa today.** Ekadashi began before Arunodaya.,"Aja Ekadashi. Normal Ekadashi. Observe Upavaasa today. Ekadashi began before Arunodaya. Upavaasa: 07-Sep-26 | Parana: 08-Sep-26, 05:54 AM to 08:15 AM"
geoname:5110629,Buffalo,New York,United States,America/New_York,5110629,Aja Ekadashi,Normal Ekadashi,NORMAL,2026-09-07,,2026-09-08,06:48 AM,09:22 AM,DWADASHI_OVER_BEFORE_SUNRISE,DWADASHI,12:58 PM,2026-09-07,COMPLETE,2026-09-07,UPAVASA_DAY_1,Aja Ekadashi,"Upavaasa: 07-Sep-26 | Parana: 08-Sep-26, 06:48 AM to 09:22 AM",Normal Ekadashi. **Observe Upavaasa today.** Ekadashi began before Arunodaya.,"Aja Ekadashi. Normal Ekadashi. Observe Upavaasa today. Ekadashi began before Arunodaya. Upavaasa: 07-Sep-26 | Parana: 08-Sep-26, 06:48 AM to 09:22 AM"
geoname:2172517,Canberra,Australian Capital Territory,Australia,Australia/Sydney,2172517,Aja Ekadashi,Normal Ekadashi,NORMAL,2026-09-07,,2026-09-08,06:14 AM,08:33 AM,PRATAH,DWADASHI,02:58 AM,2026-09-07,COMPLETE,2026-09-07,UPAVASA_DAY_1,Aja Ekadashi,"Upavaasa: 07-Sep-26 | Parana: 08-Sep-26, 06:14 AM to 08:33 AM",Normal Ekadashi. **Observe Upavaasa today.** Ekadashi began before Arunodaya.,"Aja Ekadashi. Normal Ekadashi. Observe Upavaasa today. Ekadashi began before Arunodaya. Upavaasa: 07-Sep-26 | Parana: 08-Sep-26, 06:14 AM to 08:33 AM"
geoname:4460243,Charlotte,North Carolina,United States,America/New_York,4460243,Aja Ekadashi,Normal Ekadashi,NORMAL,2026-09-07,,2026-09-08,07:01 AM,09:33 AM,DWADASHI_OVER_BEFORE_SUNRISE,DWADASHI,12:58 PM,2026-09-07,COMPLETE,2026-09-07,UPAVASA_DAY_1,Aja Ekadashi,"Upavaasa: 07-Sep-26 | Parana: 08-Sep-26, 07:01 AM to 09:33 AM",Normal Ekadashi. **Observe Upavaasa today.** Ekadashi began before Arunodaya.,"Aja Ekadashi. Normal Ekadashi. Observe Upavaasa today. Ekadashi began before Arunodaya. Upavaasa: 07-Sep-26 | Parana: 08-Sep-26, 07:01 AM to 09:33 AM"
geoname:1264527,Chennai,Tamil Nadu,India,Asia/Kolkata,1264527,Aja Ekadashi,Normal Ekadashi,NORMAL,2026-09-07,,2026-09-08,05:58 AM,08:25 AM,PRATAH,DWADASHI,10:28 PM,2026-09-07,COMPLETE,2026-09-07,UPAVASA_DAY_1,Aja Ekadashi,"Upavaasa: 07-Sep-26 | Parana: 08-Sep-26, 05:58 AM to 08:25 AM",Normal Ekadashi. **Observe Upavaasa today.** Ekadashi began before Arunodaya.,"Aja Ekadashi. Normal Ekadashi. Observe Upavaasa today. Ekadashi began before Arunodaya. Upavaasa: 07-Sep-26 | Parana: 08-Sep-26, 05:58 AM to 08:25 AM"
geoname:4887398,Chicago,Illinois,United States,America/Chicago,4887398,Aja Ekadashi,Normal Ekadashi,NORMAL,2026-09-07,,2026-09-08,06:24 AM,08:58 AM,DWADASHI_OVER_BEFORE_SUNRISE,DWADASHI,11:58 AM,2026-09-07,COMPLETE,2026-09-07,UPAVASA_DAY_1,Aja Ekadashi,"Upavaasa: 07-Sep-26 | Parana: 08-Sep-26, 06:24 AM to 08:58 AM",Normal Ekadashi. **Observe Upavaasa today.** Ekadashi began before Arunodaya.,"Aja Ekadashi. Normal Ekadashi. Observe Upavaasa today. Ekadashi began before Arunodaya. Upavaasa: 07-Sep-26 | Parana: 08-Sep-26, 06:24 AM to 08:58 AM"
geoname:1274256,Chidambaram,Tamil Nadu,India,Asia/Kolkata,1274256,Aja Ekadashi,Normal Ekadashi,NORMAL,2026-09-07,,2026-09-08,06:01 AM,08:28 AM,PRATAH,DWADASHI,10:28 PM,2026-09-07,COMPLETE,2026-09-07,UPAVASA_DAY_1,Aja Ekadashi,"Upavaasa: 07-Sep-26 | Parana: 08-Sep-26, 06:01 AM to 08:28 AM",Normal Ekadashi. **Observe Upavaasa today.** Ekadashi began before Arunodaya.,"Aja Ekadashi. Normal Ekadashi. Observe Upavaasa today. Ekadashi began before Arunodaya. Upavaasa: 07-Sep-26 | Parana: 08-Sep-26, 06:01 AM to 08:28 AM"
geoname:2192362,Christchurch,Canterbury,New Zealand,Pacific/Auckland,2192362,Aja Ekadashi,Normal Ekadashi,NORMAL,2026-09-07,,2026-09-08,06:45 AM,09:02 AM,PRATAH,DWADASHI,04:58 AM,2026-09-07,COMPLETE,2026-09-07,UPAVASA_DAY_1,Aja Ekadashi,"Upavaasa: 07-Sep-26 | Parana: 08-Sep-26, 06:45 AM to 09:02 AM",Normal Ekadashi. **Observe Upavaasa today.** Ekadashi began before Arunodaya.,"Aja Ekadashi. Normal Ekadashi. Observe Upavaasa today. Ekadashi began before Arunodaya. Upavaasa: 07-Sep-26 | Parana: 08-Sep-26, 06:45 AM to 09:02 AM"
geoname:4508722,Cincinnati,Ohio,United States,America/New_York,4508722,Aja Ekadashi,Normal Ekadashi,NORMAL,2026-09-07,,2026-09-08,07:13 AM,09:46 AM,DWADASHI_OVER_BEFORE_SUNRISE,DWADASHI,12:58 PM,2026-09-07,COMPLETE,2026-09-07,UPAVASA_DAY_1,Aja Ekadashi,"Upavaasa: 07-Sep-26 | Parana: 08-Sep-26, 07:13 AM to 09:46 AM",Normal Ekadashi. **Observe Upavaasa today.** Ekadashi began before Arunodaya.,"Aja Ekadashi. Normal Ekadashi. Observe Upavaasa today. Ekadashi began before Arunodaya. Upavaasa: 07-Sep-26 | Parana: 08-Sep-26, 07:13 AM to 09:46 AM"
geoname:5150529,Cleveland,Ohio,United States,America/New_York,5150529,Aja Ekadashi,Normal Ekadashi,NORMAL,2026-09-07,,2026-09-08,07:00 AM,09:34 AM,DWADASHI_OVER_BEFORE_SUNRISE,DWADASHI,12:58 PM,2026-09-07,COMPLETE,2026-09-07,UPAVASA_DAY_1,Aja Ekadashi,"Upavaasa: 07-Sep-26 | Parana: 08-Sep-26, 07:00 AM to 09:34 AM",Normal Ekadashi. **Observe Upavaasa today.** Ekadashi began before Arunodaya.,"Aja Ekadashi. Normal Ekadashi. Observe Upavaasa today. Ekadashi began before Arunodaya. Upavaasa: 07-Sep-26 | Parana: 08-Sep-26, 07:00 AM to 09:34 AM"
geoname:1273865,Coimbatore,Tamil Nadu,India,Asia/Kolkata,1273865,Aja Ekadashi,Normal Ekadashi,NORMAL,2026-09-07,,2026-09-08,06:12 AM,08:39 AM,PRATAH,DWADASHI,10:28 PM,2026-09-07,COMPLETE,2026-09-07,UPAVASA_DAY_1,Aja Ekadashi,"Upavaasa: 07-Sep-26 | Parana: 08-Sep-26, 06:12 AM to 08:39 AM",Normal Ekadashi. **Observe Upavaasa today.** Ekadashi began before Arunodaya.,"Aja Ekadashi. Normal Ekadashi. Observe Upavaasa today. Ekadashi began before Arunodaya. Upavaasa: 07-Sep-26 | Parana: 08-Sep-26, 06:12 AM to 08:39 AM"
geoname:4256038,Columbus,Indiana,United States,America/Indiana/Indianapolis,4256038,Aja Ekadashi,Normal Ekadashi,NORMAL,2026-09-07,,2026-09-08,07:19 AM,09:52 AM,DWADASHI_OVER_BEFORE_SUNRISE,DWADASHI,12:58 PM,2026-09-07,COMPLETE,2026-09-07,UPAVASA_DAY_1,Aja Ekadashi,"Upavaasa: 07-Sep-26 | Parana: 08-Sep-26, 07:19 AM to 09:52 AM",Normal Ekadashi. **Observe Upavaasa today.** Ekadashi began before Arunodaya.,"Aja Ekadashi. Normal Ekadashi. Observe Upavaasa today. Ekadashi began before Arunodaya. Upavaasa: 07-Sep-26 | Parana: 08-Sep-26, 07:19 AM to 09:52 AM"
geoname:4509177,Columbus,Ohio,United States,America/New_York,4509177,Aja Ekadashi,Normal Ekadashi,NORMAL,2026-09-07,,2026-09-08,07:07 AM,09:40 AM,DWADASHI_OVER_BEFORE_SUNRISE,DWADASHI,12:58 PM,2026-09-07,COMPLETE,2026-09-07,UPAVASA_DAY_1,Aja Ekadashi,"Upavaasa: 07-Sep-26 | Parana: 08-Sep-26, 07:07 AM to 09:40 AM",Normal Ekadashi. **Observe Upavaasa today.** Ekadashi began before Arunodaya.,"Aja Ekadashi. Normal Ekadashi. Observe Upavaasa today. Ekadashi began before Arunodaya. Upavaasa: 07-Sep-26 | Parana: 08-Sep-26, 07:07 AM to 09:40 AM"
geoname:4684888,Dallas,Texas,United States,America/Chicago,4684888,Aja Ekadashi,Missing Ekadashi,MISSING_EKADASHI,2026-09-07,,2026-09-08,07:07 AM,09:38 AM,POST_DWADASHI_FAST_DWADASHI_OVER_BEFORE_SUNRISE,POST_DWADASHI_UPAVASA,11:58 AM,2026-09-07,COMPLETE,2026-09-07,UPAVASA_DAY_1,Aja Ekadashi,"Upavaasa: 07-Sep-26 | Parana: 08-Sep-26, 07:07 AM to 09:38 AM","Ekadashi occurred completely between two consecutive sunrises, so there was no Ekadashi sunrise. **Observe Upavaasa today on Dwadashi.**","Aja Ekadashi. Ekadashi occurred completely between two consecutive sunrises, so there was no Ekadashi sunrise. Observe Upavaasa today on Dwadashi. Upavaasa: 07-Sep-26 | Parana: 08-Sep-26, 07:07 AM to 09:38 AM"
geoname:2938913,Darmstadt,Hesse,Germany,Europe/Berlin,2938913,Aja Ekadashi,Normal Ekadashi,NORMAL,2026-09-07,,2026-09-08,06:51 AM,09:28 AM,PRATAH,DWADASHI,06:58 PM,2026-09-07,COMPLETE,2026-09-07,UPAVASA_DAY_1,Aja Ekadashi,"Upavaasa: 07-Sep-26 | Parana: 08-Sep-26, 06:51 AM to 09:28 AM",Normal Ekadashi. **Observe Upavaasa today.** Ekadashi began before Arunodaya.,"Aja Ekadashi. Normal Ekadashi. Observe Upavaasa today. Ekadashi began before Arunodaya. Upavaasa: 07-Sep-26 | Parana: 08-Sep-26, 06:51 AM to 09:28 AM"
geoname:1272648,Dibrugarh,Assam,India,Asia/Kolkata,1272648,Aja Ekadashi,Normal Ekadashi,NORMAL,2026-09-07,,2026-09-08,04:52 AM,07:22 AM,PRATAH,DWADASHI,10:28 PM,2026-09-07,COMPLETE,2026-09-07,UPAVASA_DAY_1,Aja Ekadashi,"Upavaasa: 07-Sep-26 | Parana: 08-Sep-26, 04:52 AM to 07:22 AM",Normal Ekadashi. **Observe Upavaasa today.** Ekadashi began before Arunodaya.,"Aja Ekadashi. Normal Ekadashi. Observe Upavaasa today. Ekadashi began before Arunodaya. Upavaasa: 07-Sep-26 | Parana: 08-Sep-26, 04:52 AM to 07:22 AM"
geoname:1272552,Dimapur,Nagaland,India,Asia/Kolkata,1272552,Aja Ekadashi,Normal Ekadashi,NORMAL,2026-09-07,,2026-09-08,04:58 AM,07:28 AM,PRATAH,DWADASHI,10:28 PM,2026-09-07,COMPLETE,2026-09-07,UPAVASA_DAY_1,Aja Ekadashi,"Upavaasa: 07-Sep-26 | Parana: 08-Sep-26, 04:58 AM to 07:28 AM",Normal Ekadashi. **Observe Upavaasa today.** Ekadashi began before Arunodaya.,"Aja Ekadashi. Normal Ekadashi. Observe Upavaasa today. Ekadashi began before Arunodaya. Upavaasa: 07-Sep-26 | Parana: 08-Sep-26, 04:58 AM to 07:28 AM"
geoname:290030,Doha,Baladīyat ad Dawḩah,Qatar,Asia/Qatar,290030,Aja Ekadashi,Normal Ekadashi,NORMAL,2026-09-07,,2026-09-08,05:17 AM,07:47 AM,PRATAH,DWADASHI,07:58 PM,2026-09-07,COMPLETE,2026-09-07,UPAVASA_DAY_1,Aja Ekadashi,"Upavaasa: 07-Sep-26 | Parana: 08-Sep-26, 05:17 AM to 07:47 AM",Normal Ekadashi. **Observe Upavaasa today.** Ekadashi began before Arunodaya.,"Aja Ekadashi. Normal Ekadashi. Observe Upavaasa today. Ekadashi began before Arunodaya. Upavaasa: 07-Sep-26 | Parana: 08-Sep-26, 05:17 AM to 07:47 AM"
geoname:292223,Dubai,Dubai,United Arab Emirates,Asia/Dubai,292223,Aja Ekadashi,Normal Ekadashi,NORMAL,2026-09-07,,2026-09-08,06:03 AM,08:33 AM,PRATAH,DWADASHI,08:58 PM,2026-09-07,COMPLETE,2026-09-07,UPAVASA_DAY_1,Aja Ekadashi,"Upavaasa: 07-Sep-26 | Parana: 08-Sep-26, 06:03 AM to 08:33 AM",Normal Ekadashi. **Observe Upavaasa today.** Ekadashi began before Arunodaya.,"Aja Ekadashi. Normal Ekadashi. Observe Upavaasa today. Ekadashi began before Arunodaya. Upavaasa: 07-Sep-26 | Parana: 08-Sep-26, 06:03 AM to 08:33 AM"
geoname:2928751,Esslingen,Esslingen,Germany,Europe/Berlin,2928751,Aja Ekadashi,Normal Ekadashi,NORMAL,2026-09-07,,2026-09-08,06:49 AM,09:25 AM,PRATAH,DWADASHI,06:58 PM,2026-09-07,COMPLETE,2026-09-07,UPAVASA_DAY_1,Aja Ekadashi,"Upavaasa: 07-Sep-26 | Parana: 08-Sep-26, 06:49 AM to 09:25 AM",Normal Ekadashi. **Observe Upavaasa today.** Ekadashi began before Arunodaya.,"Aja Ekadashi. Normal Ekadashi. Observe Upavaasa today. Ekadashi began before Arunodaya. Upavaasa: 07-Sep-26 | Parana: 08-Sep-26, 06:49 AM to 09:25 AM"
geoname:1271631,Gangtok,Sikkim,India,Asia/Kolkata,1271631,Aja Ekadashi,Normal Ekadashi,NORMAL,2026-09-07,,2026-09-08,05:18 AM,07:48 AM,PRATAH,DWADASHI,10:28 PM,2026-09-07,COMPLETE,2026-09-07,UPAVASA_DAY_1,Aja Ekadashi,"Upavaasa: 07-Sep-26 | Parana: 08-Sep-26, 05:18 AM to 07:48 AM",Normal Ekadashi. **Observe Upavaasa today.** Ekadashi began before Arunodaya.,"Aja Ekadashi. Normal Ekadashi. Observe Upavaasa today. Ekadashi began before Arunodaya. Upavaasa: 07-Sep-26 | Parana: 08-Sep-26, 05:18 AM to 07:48 AM"
geoname:5119251,Greece,New York,United States,America/New_York,5119251,Aja Ekadashi,Normal Ekadashi,NORMAL,2026-09-07,,2026-09-08,06:43 AM,09:17 AM,DWADASHI_OVER_BEFORE_SUNRISE,DWADASHI,12:58 PM,2026-09-07,COMPLETE,2026-09-07,UPAVASA_DAY_1,Aja Ekadashi,"Upavaasa: 07-Sep-26 | Parana: 08-Sep-26, 06:43 AM to 09:17 AM",Normal Ekadashi. **Observe Upavaasa today.** Ekadashi began before Arunodaya.,"Aja Ekadashi. Normal Ekadashi. Observe Upavaasa today. Ekadashi began before Arunodaya. Upavaasa: 07-Sep-26 | Parana: 08-Sep-26, 06:43 AM to 09:17 AM"
geoname:1270603,Guruvayur,Kerala,India,Asia/Kolkata,1270603,Aja Ekadashi,Normal Ekadashi,NORMAL,2026-09-07,,2026-09-08,06:16 AM,08:43 AM,PRATAH,DWADASHI,10:28 PM,2026-09-07,COMPLETE,2026-09-07,UPAVASA_DAY_1,Aja Ekadashi,"Upavaasa: 07-Sep-26 | Parana: 08-Sep-26, 06:16 AM to 08:43 AM",Normal Ekadashi. **Observe Upavaasa today.** Ekadashi began before Arunodaya.,"Aja Ekadashi. Normal Ekadashi. Observe Upavaasa today. Ekadashi began before Arunodaya. Upavaasa: 07-Sep-26 | Parana: 08-Sep-26, 06:16 AM to 08:43 AM"
geoname:1271476,Guwahati,Assam,India,Asia/Kolkata,1271476,Aja Ekadashi,Normal Ekadashi,NORMAL,2026-09-07,,2026-09-08,05:06 AM,07:36 AM,PRATAH,DWADASHI,10:28 PM,2026-09-07,COMPLETE,2026-09-07,UPAVASA_DAY_1,Aja Ekadashi,"Upavaasa: 07-Sep-26 | Parana: 08-Sep-26, 05:06 AM to 07:36 AM",Normal Ekadashi. **Observe Upavaasa today.** Ekadashi began before Arunodaya.,"Aja Ekadashi. Normal Ekadashi. Observe Upavaasa today. Ekadashi began before Arunodaya. Upavaasa: 07-Sep-26 | Parana: 08-Sep-26, 05:06 AM to 07:36 AM"
geoname:4699066,Houston,Texas,United States,America/Chicago,4699066,Aja Ekadashi,Missing Ekadashi,MISSING_EKADASHI,2026-09-07,,2026-09-08,07:03 AM,09:33 AM,POST_DWADASHI_FAST_DWADASHI_OVER_BEFORE_SUNRISE,POST_DWADASHI_UPAVASA,11:58 AM,2026-09-07,COMPLETE,2026-09-07,UPAVASA_DAY_1,Aja Ekadashi,"Upavaasa: 07-Sep-26 | Parana: 08-Sep-26, 07:03 AM to 09:33 AM","Ekadashi occurred completely between two consecutive sunrises, so there was no Ekadashi sunrise. **Observe Upavaasa today on Dwadashi.**","Aja Ekadashi. Ekadashi occurred completely between two consecutive sunrises, so there was no Ekadashi sunrise. Observe Upavaasa today on Dwadashi. Upavaasa: 07-Sep-26 | Parana: 08-Sep-26, 07:03 AM to 09:33 AM"
geoname:1269920,Hubli,Karnataka,India,Asia/Kolkata,1269920,Aja Ekadashi,Normal Ekadashi,NORMAL,2026-09-07,,2026-09-08,06:17 AM,08:45 AM,PRATAH,DWADASHI,10:28 PM,2026-09-07,COMPLETE,2026-09-07,UPAVASA_DAY_1,Aja Ekadashi,"Upavaasa: 07-Sep-26 | Parana: 08-Sep-26, 06:17 AM to 08:45 AM",Normal Ekadashi. **Observe Upavaasa today.** Ekadashi began before Arunodaya.,"Aja Ekadashi. Normal Ekadashi. Observe Upavaasa today. Ekadashi began before Arunodaya. Upavaasa: 07-Sep-26 | Parana: 08-Sep-26, 06:17 AM to 08:45 AM"
geoname:1269843,Hyderabad,Telangana,India,Asia/Kolkata,1269843,Aja Ekadashi,Normal Ekadashi,NORMAL,2026-09-07,,2026-09-08,06:03 AM,08:31 AM,PRATAH,DWADASHI,10:28 PM,2026-09-07,COMPLETE,2026-09-07,UPAVASA_DAY_1,Aja Ekadashi,"Upavaasa: 07-Sep-26 | Parana: 08-Sep-26, 06:03 AM to 08:31 AM",Normal Ekadashi. **Observe Upavaasa today.** Ekadashi began before Arunodaya.,"Aja Ekadashi. Normal Ekadashi. Observe Upavaasa today. Ekadashi began before Arunodaya. Upavaasa: 07-Sep-26 | Parana: 08-Sep-26, 06:03 AM to 08:31 AM"
geoname:1269771,Imphal,Manipur,India,Asia/Kolkata,1269771,Aja Ekadashi,Normal Ekadashi,NORMAL,2026-09-07,,2026-09-08,04:58 AM,07:28 AM,PRATAH,DWADASHI,10:28 PM,2026-09-07,COMPLETE,2026-09-07,UPAVASA_DAY_1,Aja Ekadashi,"Upavaasa: 07-Sep-26 | Parana: 08-Sep-26, 04:58 AM to 07:28 AM",Normal Ekadashi. **Observe Upavaasa today.** Ekadashi began before Arunodaya.,"Aja Ekadashi. Normal Ekadashi. Observe Upavaasa today. Ekadashi began before Arunodaya. Upavaasa: 07-Sep-26 | Parana: 08-Sep-26, 04:58 AM to 07:28 AM"
geoname:1269655,Itanagar,Arunachal Pradesh,India,Asia/Kolkata,1269655,Aja Ekadashi,Normal Ekadashi,NORMAL,2026-09-07,,2026-09-08,04:58 AM,07:28 AM,PRATAH,DWADASHI,10:28 PM,2026-09-07,COMPLETE,2026-09-07,UPAVASA_DAY_1,Aja Ekadashi,"Upavaasa: 07-Sep-26 | Parana: 08-Sep-26, 04:58 AM to 07:28 AM",Normal Ekadashi. **Observe Upavaasa today.** Ekadashi began before Arunodaya.,"Aja Ekadashi. Normal Ekadashi. Observe Upavaasa today. Ekadashi began before Arunodaya. Upavaasa: 07-Sep-26 | Parana: 08-Sep-26, 04:58 AM to 07:28 AM"
geoname:1268159,Kanchipuram,Tamil Nadu,India,Asia/Kolkata,1268159,Aja Ekadashi,Normal Ekadashi,NORMAL,2026-09-07,,2026-09-08,06:00 AM,08:27 AM,PRATAH,DWADASHI,10:28 PM,2026-09-07,COMPLETE,2026-09-07,UPAVASA_DAY_1,Aja Ekadashi,"Upavaasa: 07-Sep-26 | Parana: 08-Sep-26, 06:00 AM to 08:27 AM",Normal Ekadashi. **Observe Upavaasa today.** Ekadashi began before Arunodaya.,"Aja Ekadashi. Normal Ekadashi. Observe Upavaasa today. Ekadashi began before Arunodaya. Upavaasa: 07-Sep-26 | Parana: 08-Sep-26, 06:00 AM to 08:27 AM"
geoname:4634946,Knoxville,Tennessee,United States,America/New_York,4634946,Aja Ekadashi,Normal Ekadashi,NORMAL,2026-09-07,,2026-09-08,07:13 AM,09:45 AM,DWADASHI_OVER_BEFORE_SUNRISE,DWADASHI,12:58 PM,2026-09-07,COMPLETE,2026-09-07,UPAVASA_DAY_1,Aja Ekadashi,"Upavaasa: 07-Sep-26 | Parana: 08-Sep-26, 07:13 AM to 09:45 AM",Normal Ekadashi. **Observe Upavaasa today.** Ekadashi began before Arunodaya.,"Aja Ekadashi. Normal Ekadashi. Observe Upavaasa today. Ekadashi began before Arunodaya. Upavaasa: 07-Sep-26 | Parana: 08-Sep-26, 07:13 AM to 09:45 AM"
geoname:1266285,Kolhapur,Maharashtra,India,Asia/Kolkata,1266285,Aja Ekadashi,Normal Ekadashi,NORMAL,2026-09-07,,2026-09-08,06:20 AM,08:48 AM,PRATAH,DWADASHI,10:28 PM,2026-09-07,COMPLETE,2026-09-07,UPAVASA_DAY_1,Aja Ekadashi,"Upavaasa: 07-Sep-26 | Parana: 08-Sep-26, 06:20 AM to 08:48 AM",Normal Ekadashi. **Observe Upavaasa today.** Ekadashi began before Arunodaya.,"Aja Ekadashi. Normal Ekadashi. Observe Upavaasa today. Ekadashi began before Arunodaya. Upavaasa: 07-Sep-26 | Parana: 08-Sep-26, 06:20 AM to 08:48 AM"
geoname:1275004,Kolkata,West Bengal,India,Asia/Kolkata,1275004,Aja Ekadashi,Normal Ekadashi,NORMAL,2026-09-07,,2026-09-08,05:21 AM,07:50 AM,PRATAH,DWADASHI,10:28 PM,2026-09-07,COMPLETE,2026-09-07,UPAVASA_DAY_1,Aja Ekadashi,"Upavaasa: 07-Sep-26 | Parana: 08-Sep-26, 05:21 AM to 07:50 AM",Normal Ekadashi. **Observe Upavaasa today.** Ekadashi began before Arunodaya.,"Aja Ekadashi. Normal Ekadashi. Observe Upavaasa today. Ekadashi began before Arunodaya. Upavaasa: 07-Sep-26 | Parana: 08-Sep-26, 05:21 AM to 07:50 AM"
geoname:1265683,Kumbakonam,Tamil Nadu,India,Asia/Kolkata,1265683,Aja Ekadashi,Normal Ekadashi,NORMAL,2026-09-07,,2026-09-08,06:02 AM,08:29 AM,PRATAH,DWADASHI,10:28 PM,2026-09-07,COMPLETE,2026-09-07,UPAVASA_DAY_1,Aja Ekadashi,"Upavaasa: 07-Sep-26 | Parana: 08-Sep-26, 06:02 AM to 08:29 AM",Normal Ekadashi. **Observe Upavaasa today.** Ekadashi began before Arunodaya.,"Aja Ekadashi. Normal Ekadashi. Observe Upavaasa today. Ekadashi began before Arunodaya. Upavaasa: 07-Sep-26 | Parana: 08-Sep-26, 06:02 AM to 08:29 AM"
geoname:285787,Kuwait,Al Asimah,Kuwait,Asia/Kuwait,285787,Aja Ekadashi,Normal Ekadashi,NORMAL,2026-09-07,,2026-09-08,05:29 AM,08:00 AM,PRATAH,DWADASHI,07:58 PM,2026-09-07,COMPLETE,2026-09-07,UPAVASA_DAY_1,Aja Ekadashi,"Upavaasa: 07-Sep-26 | Parana: 08-Sep-26, 05:29 AM to 08:00 AM",Normal Ekadashi. **Observe Upavaasa today.** Ekadashi began before Arunodaya.,"Aja Ekadashi. Normal Ekadashi. Observe Upavaasa today. Ekadashi began before Arunodaya. Upavaasa: 07-Sep-26 | Parana: 08-Sep-26, 05:29 AM to 08:00 AM"
geoname:4922462,Lafayette,Indiana,United States,America/Indiana/Indianapolis,4922462,Aja Ekadashi,Normal Ekadashi,NORMAL,2026-09-07,,2026-09-08,07:22 AM,09:55 AM,DWADASHI_OVER_BEFORE_SUNRISE,DWADASHI,12:58 PM,2026-09-07,COMPLETE,2026-09-07,UPAVASA_DAY_1,Aja Ekadashi,"Upavaasa: 07-Sep-26 | Parana: 08-Sep-26, 07:22 AM to 09:55 AM",Normal Ekadashi. **Observe Upavaasa today.** Ekadashi began before Arunodaya.,"Aja Ekadashi. Normal Ekadashi. Observe Upavaasa today. Ekadashi began before Arunodaya. Upavaasa: 07-Sep-26 | Parana: 08-Sep-26, 07:22 AM to 09:55 AM"
geoname:2643743,London,London,United Kingdom,Europe/London,2643743,Aja Ekadashi,Normal Ekadashi,NORMAL,2026-09-07,,2026-09-08,06:24 AM,09:01 AM,PRATAH,DWADASHI,05:58 PM,2026-09-07,COMPLETE,2026-09-07,UPAVASA_DAY_1,Aja Ekadashi,"Upavaasa: 07-Sep-26 | Parana: 08-Sep-26, 06:24 AM to 09:01 AM",Normal Ekadashi. **Observe Upavaasa today.** Ekadashi began before Arunodaya.,"Aja Ekadashi. Normal Ekadashi. Observe Upavaasa today. Ekadashi began before Arunodaya. Upavaasa: 07-Sep-26 | Parana: 08-Sep-26, 06:24 AM to 09:01 AM"
geoname:5368361,Los Angeles,California,United States,America/Los_Angeles,5368361,Aja Ekadashi,Missing Ekadashi,MISSING_EKADASHI,2026-09-07,,2026-09-08,06:32 AM,09:03 AM,POST_DWADASHI_FAST_DWADASHI_OVER_BEFORE_SUNRISE,POST_DWADASHI_UPAVASA,09:58 AM,2026-09-07,COMPLETE,2026-09-07,UPAVASA_DAY_1,Aja Ekadashi,"Upavaasa: 07-Sep-26 | Parana: 08-Sep-26, 06:32 AM to 09:03 AM","Ekadashi occurred completely between two consecutive sunrises, so there was no Ekadashi sunrise. **Observe Upavaasa today on Dwadashi.**","Aja Ekadashi. Ekadashi occurred completely between two consecutive sunrises, so there was no Ekadashi sunrise. Observe Upavaasa today on Dwadashi. Upavaasa: 07-Sep-26 | Parana: 08-Sep-26, 06:32 AM to 09:03 AM"
geoname:1264733,Lucknow,Uttar Pradesh,India,Asia/Kolkata,1264733,Aja Ekadashi,Normal Ekadashi,NORMAL,2026-09-07,,2026-09-08,05:49 AM,08:19 AM,PRATAH,DWADASHI,10:28 PM,2026-09-07,COMPLETE,2026-09-07,UPAVASA_DAY_1,Aja Ekadashi,"Upavaasa: 07-Sep-26 | Parana: 08-Sep-26, 05:49 AM to 08:19 AM",Normal Ekadashi. **Observe Upavaasa today.** Ekadashi began before Arunodaya.,"Aja Ekadashi. Normal Ekadashi. Observe Upavaasa today. Ekadashi began before Arunodaya. Upavaasa: 07-Sep-26 | Parana: 08-Sep-26, 05:49 AM to 08:19 AM"
geoname:1264521,Madurai,Tamil Nadu,India,Asia/Kolkata,1264521,Aja Ekadashi,Normal Ekadashi,NORMAL,2026-09-07,,2026-09-08,06:08 AM,08:35 AM,PRATAH,DWADASHI,10:28 PM,2026-09-07,COMPLETE,2026-09-07,UPAVASA_DAY_1,Aja Ekadashi,"Upavaasa: 07-Sep-26 | Parana: 08-Sep-26, 06:08 AM to 08:35 AM",Normal Ekadashi. **Observe Upavaasa today.** Ekadashi began before Arunodaya.,"Aja Ekadashi. Normal Ekadashi. Observe Upavaasa today. Ekadashi began before Arunodaya. Upavaasa: 07-Sep-26 | Parana: 08-Sep-26, 06:08 AM to 08:35 AM"
geoname:1263780,Mangalore,Karnataka,India,Asia/Kolkata,1263780,Aja Ekadashi,Normal Ekadashi,NORMAL,2026-09-07,,2026-09-08,06:20 AM,08:47 AM,PRATAH,DWADASHI,10:28 PM,2026-09-07,COMPLETE,2026-09-07,UPAVASA_DAY_1,Aja Ekadashi,"Upavaasa: 07-Sep-26 | Parana: 08-Sep-26, 06:20 AM to 08:47 AM",Normal Ekadashi. **Observe Upavaasa today.** Ekadashi began before Arunodaya.,"Aja Ekadashi. Normal Ekadashi. Observe Upavaasa today. Ekadashi began before Arunodaya. Upavaasa: 07-Sep-26 | Parana: 08-Sep-26, 06:20 AM to 08:47 AM"
geoname:2158177,Melbourne,Victoria,Australia,Australia/Melbourne,2158177,Aja Ekadashi,Normal Ekadashi,NORMAL,2026-09-07,,2026-09-08,06:32 AM,08:50 AM,PRATAH,DWADASHI,02:58 AM,2026-09-07,COMPLETE,2026-09-07,UPAVASA_DAY_1,Aja Ekadashi,"Upavaasa: 07-Sep-26 | Parana: 08-Sep-26, 06:32 AM to 08:50 AM",Normal Ekadashi. **Observe Upavaasa today.** Ekadashi began before Arunodaya.,"Aja Ekadashi. Normal Ekadashi. Observe Upavaasa today. Ekadashi began before Arunodaya. Upavaasa: 07-Sep-26 | Parana: 08-Sep-26, 06:32 AM to 08:50 AM"
geoname:1275339,Mumbai,Maharashtra,India,Asia/Kolkata,1275339,Aja Ekadashi,Normal Ekadashi,NORMAL,2026-09-07,,2026-09-08,06:25 AM,08:53 AM,PRATAH,DWADASHI,10:28 PM,2026-09-07,COMPLETE,2026-09-07,UPAVASA_DAY_1,Aja Ekadashi,"Upavaasa: 07-Sep-26 | Parana: 08-Sep-26, 06:25 AM to 08:53 AM",Normal Ekadashi. **Observe Upavaasa today.** Ekadashi began before Arunodaya.,"Aja Ekadashi. Normal Ekadashi. Observe Upavaasa today. Ekadashi began before Arunodaya. Upavaasa: 07-Sep-26 | Parana: 08-Sep-26, 06:25 AM to 08:53 AM"
geoname:1262321,Mysuru,Karnataka,India,Asia/Kolkata,1262321,Aja Ekadashi,Normal Ekadashi,NORMAL,2026-09-07,,2026-09-08,06:13 AM,08:40 AM,PRATAH,DWADASHI,10:28 PM,2026-09-07,COMPLETE,2026-09-07,UPAVASA_DAY_1,Aja Ekadashi,"Upavaasa: 07-Sep-26 | Parana: 08-Sep-26, 06:13 AM to 08:40 AM",Normal Ekadashi. **Observe Upavaasa today.** Ekadashi began before Arunodaya.,"Aja Ekadashi. Normal Ekadashi. Observe Upavaasa today. Ekadashi began before Arunodaya. Upavaasa: 07-Sep-26 | Parana: 08-Sep-26, 06:13 AM to 08:40 AM"
geoname:1262180,Nagpur,Maharashtra,India,Asia/Kolkata,1262180,Aja Ekadashi,Normal Ekadashi,NORMAL,2026-09-07,,2026-09-08,05:59 AM,08:28 AM,PRATAH,DWADASHI,10:28 PM,2026-09-07,COMPLETE,2026-09-07,UPAVASA_DAY_1,Aja Ekadashi,"Upavaasa: 07-Sep-26 | Parana: 08-Sep-26, 05:59 AM to 08:28 AM",Normal Ekadashi. **Observe Upavaasa today.** Ekadashi began before Arunodaya.,"Aja Ekadashi. Normal Ekadashi. Observe Upavaasa today. Ekadashi began before Arunodaya. Upavaasa: 07-Sep-26 | Parana: 08-Sep-26, 05:59 AM to 08:28 AM"
geoname:4644585,Nashville,Tennessee,United States,America/Chicago,4644585,Aja Ekadashi,Normal Ekadashi,NORMAL,2026-09-07,,2026-09-08,06:24 AM,08:56 AM,DWADASHI_OVER_BEFORE_SUNRISE,DWADASHI,11:58 AM,2026-09-07,COMPLETE,2026-09-07,UPAVASA_DAY_1,Aja Ekadashi,"Upavaasa: 07-Sep-26 | Parana: 08-Sep-26, 06:24 AM to 08:56 AM",Normal Ekadashi. **Observe Upavaasa today.** Ekadashi began before Arunodaya.,"Aja Ekadashi. Normal Ekadashi. Observe Upavaasa today. Ekadashi began before Arunodaya. Upavaasa: 07-Sep-26 | Parana: 08-Sep-26, 06:24 AM to 08:56 AM"
geoname:5099836,New Jersey,New Jersey,United States,America/New_York,5099836,Aja Ekadashi,Normal Ekadashi,NORMAL,2026-09-07,,2026-09-08,06:30 AM,09:03 AM,DWADASHI_OVER_BEFORE_SUNRISE,DWADASHI,12:58 PM,2026-09-07,COMPLETE,2026-09-07,UPAVASA_DAY_1,Aja Ekadashi,"Upavaasa: 07-Sep-26 | Parana: 08-Sep-26, 06:30 AM to 09:03 AM",Normal Ekadashi. **Observe Upavaasa today.** Ekadashi began before Arunodaya.,"Aja Ekadashi. Normal Ekadashi. Observe Upavaasa today. Ekadashi began before Arunodaya. Upavaasa: 07-Sep-26 | Parana: 08-Sep-26, 06:30 AM to 09:03 AM"
geoname:5128581,New York,New York,United States,America/New_York,5128581,Aja Ekadashi,Normal Ekadashi,NORMAL,2026-09-07,,2026-09-08,06:30 AM,09:03 AM,DWADASHI_OVER_BEFORE_SUNRISE,DWADASHI,12:58 PM,2026-09-07,COMPLETE,2026-09-07,UPAVASA_DAY_1,Aja Ekadashi,"Upavaasa: 07-Sep-26 | Parana: 08-Sep-26, 06:30 AM to 09:03 AM",Normal Ekadashi. **Observe Upavaasa today.** Ekadashi began before Arunodaya.,"Aja Ekadashi. Normal Ekadashi. Observe Upavaasa today. Ekadashi began before Arunodaya. Upavaasa: 07-Sep-26 | Parana: 08-Sep-26, 06:30 AM to 09:03 AM"
geoname:4167147,Orlando,Florida,United States,America/New_York,4167147,Aja Ekadashi,Normal Ekadashi,NORMAL,2026-09-07,,2026-09-08,07:07 AM,09:37 AM,DWADASHI_OVER_BEFORE_SUNRISE,DWADASHI,12:58 PM,2026-09-07,COMPLETE,2026-09-07,UPAVASA_DAY_1,Aja Ekadashi,"Upavaasa: 07-Sep-26 | Parana: 08-Sep-26, 07:07 AM to 09:37 AM",Normal Ekadashi. **Observe Upavaasa today.** Ekadashi began before Arunodaya.,"Aja Ekadashi. Normal Ekadashi. Observe Upavaasa today. Ekadashi began before Arunodaya. Upavaasa: 07-Sep-26 | Parana: 08-Sep-26, 07:07 AM to 09:37 AM"
geoname:1260546,Pandharpur,Maharashtra,India,Asia/Kolkata,1260546,Aja Ekadashi,Normal Ekadashi,NORMAL,2026-09-07,,2026-09-08,06:16 AM,08:44 AM,PRATAH,DWADASHI,10:28 PM,2026-09-07,COMPLETE,2026-09-07,UPAVASA_DAY_1,Aja Ekadashi,"Upavaasa: 07-Sep-26 | Parana: 08-Sep-26, 06:16 AM to 08:44 AM",Normal Ekadashi. **Observe Upavaasa today.** Ekadashi began before Arunodaya.,"Aja Ekadashi. Normal Ekadashi. Observe Upavaasa today. Ekadashi began before Arunodaya. Upavaasa: 07-Sep-26 | Parana: 08-Sep-26, 06:16 AM to 08:44 AM"
geoname:2063523,Perth,Western Australia,Australia,Australia/Perth,2063523,Aja Ekadashi,Normal Ekadashi,NORMAL,2026-09-07,,2026-09-08,06:25 AM,08:45 AM,PRATAH,DWADASHI,12:58 AM,2026-09-07,COMPLETE,2026-09-07,UPAVASA_DAY_1,Aja Ekadashi,"Upavaasa: 07-Sep-26 | Parana: 08-Sep-26, 06:25 AM to 08:45 AM",Normal Ekadashi. **Observe Upavaasa today.** Ekadashi began before Arunodaya.,"Aja Ekadashi. Normal Ekadashi. Observe Upavaasa today. Ekadashi began before Arunodaya. Upavaasa: 07-Sep-26 | Parana: 08-Sep-26, 06:25 AM to 08:45 AM"
geoname:4560349,Philadelphia,Pennsylvania,United States,America/New_York,4560349,Aja Ekadashi,Normal Ekadashi,NORMAL,2026-09-07,,2026-09-08,06:35 AM,09:08 AM,DWADASHI_OVER_BEFORE_SUNRISE,DWADASHI,12:58 PM,2026-09-07,COMPLETE,2026-09-07,UPAVASA_DAY_1,Aja Ekadashi,"Upavaasa: 07-Sep-26 | Parana: 08-Sep-26, 06:35 AM to 09:08 AM",Normal Ekadashi. **Observe Upavaasa today.** Ekadashi began before Arunodaya.,"Aja Ekadashi. Normal Ekadashi. Observe Upavaasa today. Ekadashi began before Arunodaya. Upavaasa: 07-Sep-26 | Parana: 08-Sep-26, 06:35 AM to 09:08 AM"
geoname:5308655,Phoenix,Arizona,United States,America/Phoenix,5308655,Aja Ekadashi,Missing Ekadashi,MISSING_EKADASHI,2026-09-07,,2026-09-08,06:07 AM,08:38 AM,POST_DWADASHI_FAST_DWADASHI_OVER_BEFORE_SUNRISE,POST_DWADASHI_UPAVASA,09:58 AM,2026-09-07,COMPLETE,2026-09-07,UPAVASA_DAY_1,Aja Ekadashi,"Upavaasa: 07-Sep-26 | Parana: 08-Sep-26, 06:07 AM to 08:38 AM","Ekadashi occurred completely between two consecutive sunrises, so there was no Ekadashi sunrise. **Observe Upavaasa today on Dwadashi.**","Aja Ekadashi. Ekadashi occurred completely between two consecutive sunrises, so there was no Ekadashi sunrise. Observe Upavaasa today on Dwadashi. Upavaasa: 07-Sep-26 | Parana: 08-Sep-26, 06:07 AM to 08:38 AM"
geoname:5131614,Pittsford,New York,United States,America/New_York,5131614,Aja Ekadashi,Normal Ekadashi,NORMAL,2026-09-07,,2026-09-08,06:42 AM,09:16 AM,DWADASHI_OVER_BEFORE_SUNRISE,DWADASHI,12:58 PM,2026-09-07,COMPLETE,2026-09-07,UPAVASA_DAY_1,Aja Ekadashi,"Upavaasa: 07-Sep-26 | Parana: 08-Sep-26, 06:42 AM to 09:16 AM",Normal Ekadashi. **Observe Upavaasa today.** Ekadashi began before Arunodaya.,"Aja Ekadashi. Normal Ekadashi. Observe Upavaasa today. Ekadashi began before Arunodaya. Upavaasa: 07-Sep-26 | Parana: 08-Sep-26, 06:42 AM to 09:16 AM"
geoname:5383527,Placentia,California,United States,America/Los_Angeles,5383527,Aja Ekadashi,Missing Ekadashi,MISSING_EKADASHI,2026-09-07,,2026-09-08,06:30 AM,09:02 AM,POST_DWADASHI_FAST_DWADASHI_OVER_BEFORE_SUNRISE,POST_DWADASHI_UPAVASA,09:58 AM,2026-09-07,COMPLETE,2026-09-07,UPAVASA_DAY_1,Aja Ekadashi,"Upavaasa: 07-Sep-26 | Parana: 08-Sep-26, 06:30 AM to 09:02 AM","Ekadashi occurred completely between two consecutive sunrises, so there was no Ekadashi sunrise. **Observe Upavaasa today on Dwadashi.**","Aja Ekadashi. Ekadashi occurred completely between two consecutive sunrises, so there was no Ekadashi sunrise. Observe Upavaasa today on Dwadashi. Upavaasa: 07-Sep-26 | Parana: 08-Sep-26, 06:30 AM to 09:02 AM"
geoname:1278994,Prayagraj,Uttar Pradesh,India,Asia/Kolkata,1278994,Aja Ekadashi,Normal Ekadashi,NORMAL,2026-09-07,,2026-09-08,05:46 AM,08:16 AM,PRATAH,DWADASHI,10:28 PM,2026-09-07,COMPLETE,2026-09-07,UPAVASA_DAY_1,Aja Ekadashi,"Upavaasa: 07-Sep-26 | Parana: 08-Sep-26, 05:46 AM to 08:16 AM",Normal Ekadashi. **Observe Upavaasa today.** Ekadashi began before Arunodaya.,"Aja Ekadashi. Normal Ekadashi. Observe Upavaasa today. Ekadashi began before Arunodaya. Upavaasa: 07-Sep-26 | Parana: 08-Sep-26, 05:46 AM to 08:16 AM"
geoname:1259229,Pune,Maharashtra,India,Asia/Kolkata,1259229,Aja Ekadashi,Normal Ekadashi,NORMAL,2026-09-07,,2026-09-08,06:21 AM,08:49 AM,PRATAH,DWADASHI,10:28 PM,2026-09-07,COMPLETE,2026-09-07,UPAVASA_DAY_1,Aja Ekadashi,"Upavaasa: 07-Sep-26 | Parana: 08-Sep-26, 06:21 AM to 08:49 AM",Normal Ekadashi. **Observe Upavaasa today.** Ekadashi began before Arunodaya.,"Aja Ekadashi. Normal Ekadashi. Observe Upavaasa today. Ekadashi began before Arunodaya. Upavaasa: 07-Sep-26 | Parana: 08-Sep-26, 06:21 AM to 08:49 AM"
geoname:4487042,Raleigh,North Carolina,United States,America/New_York,4487042,Aja Ekadashi,Normal Ekadashi,NORMAL,2026-09-07,,2026-09-08,06:52 AM,09:24 AM,DWADASHI_OVER_BEFORE_SUNRISE,DWADASHI,12:58 PM,2026-09-07,COMPLETE,2026-09-07,UPAVASA_DAY_1,Aja Ekadashi,"Upavaasa: 07-Sep-26 | Parana: 08-Sep-26, 06:52 AM to 09:24 AM",Normal Ekadashi. **Observe Upavaasa today.** Ekadashi began before Arunodaya.,"Aja Ekadashi. Normal Ekadashi. Observe Upavaasa today. Ekadashi began before Arunodaya. Upavaasa: 07-Sep-26 | Parana: 08-Sep-26, 06:52 AM to 09:24 AM"
geoname:4781708,Richmond,Virginia,United States,America/New_York,4781708,Aja Ekadashi,Normal Ekadashi,NORMAL,2026-09-07,,2026-09-08,06:46 AM,09:18 AM,DWADASHI_OVER_BEFORE_SUNRISE,DWADASHI,12:58 PM,2026-09-07,COMPLETE,2026-09-07,UPAVASA_DAY_1,Aja Ekadashi,"Upavaasa: 07-Sep-26 | Parana: 08-Sep-26, 06:46 AM to 09:18 AM",Normal Ekadashi. **Observe Upavaasa today.** Ekadashi began before Arunodaya.,"Aja Ekadashi. Normal Ekadashi. Observe Upavaasa today. Ekadashi began before Arunodaya. Upavaasa: 07-Sep-26 | Parana: 08-Sep-26, 06:46 AM to 09:18 AM"
geoname:5134086,Rochester,New York,United States,America/New_York,5134086,Aja Ekadashi,Normal Ekadashi,NORMAL,2026-09-07,,2026-09-08,06:43 AM,09:17 AM,DWADASHI_OVER_BEFORE_SUNRISE,DWADASHI,12:58 PM,2026-09-07,COMPLETE,2026-09-07,UPAVASA_DAY_1,Aja Ekadashi,"Upavaasa: 07-Sep-26 | Parana: 08-Sep-26, 06:43 AM to 09:17 AM",Normal Ekadashi. **Observe Upavaasa today.** Ekadashi began before Arunodaya.,"Aja Ekadashi. Normal Ekadashi. Observe Upavaasa today. Ekadashi began before Arunodaya. Upavaasa: 07-Sep-26 | Parana: 08-Sep-26, 06:43 AM to 09:17 AM"
geoname:5391959,San Francisco,California,United States,America/Los_Angeles,5391959,Aja Ekadashi,Missing Ekadashi,MISSING_EKADASHI,2026-09-07,,2026-09-08,06:46 AM,09:18 AM,POST_DWADASHI_FAST_DWADASHI_OVER_BEFORE_SUNRISE,POST_DWADASHI_UPAVASA,09:58 AM,2026-09-07,COMPLETE,2026-09-07,UPAVASA_DAY_1,Aja Ekadashi,"Upavaasa: 07-Sep-26 | Parana: 08-Sep-26, 06:46 AM to 09:18 AM","Ekadashi occurred completely between two consecutive sunrises, so there was no Ekadashi sunrise. **Observe Upavaasa today on Dwadashi.**","Aja Ekadashi. Ekadashi occurred completely between two consecutive sunrises, so there was no Ekadashi sunrise. Observe Upavaasa today on Dwadashi. Upavaasa: 07-Sep-26 | Parana: 08-Sep-26, 06:46 AM to 09:18 AM"
geoname:5809844,Seattle,Washington,United States,America/Los_Angeles,5809844,Aja Ekadashi,Missing Ekadashi,MISSING_EKADASHI,2026-09-07,,2026-09-08,06:38 AM,09:13 AM,POST_DWADASHI_FAST_DWADASHI_OVER_BEFORE_SUNRISE,POST_DWADASHI_UPAVASA,09:58 AM,2026-09-07,COMPLETE,2026-09-07,UPAVASA_DAY_1,Aja Ekadashi,"Upavaasa: 07-Sep-26 | Parana: 08-Sep-26, 06:38 AM to 09:13 AM","Ekadashi occurred completely between two consecutive sunrises, so there was no Ekadashi sunrise. **Observe Upavaasa today on Dwadashi.**","Aja Ekadashi. Ekadashi occurred completely between two consecutive sunrises, so there was no Ekadashi sunrise. Observe Upavaasa today on Dwadashi. Upavaasa: 07-Sep-26 | Parana: 08-Sep-26, 06:38 AM to 09:13 AM"
geoname:1835848,Seoul,Seoul,South Korea,Asia/Seoul,1835848,Aja Ekadashi,Normal Ekadashi,NORMAL,2026-09-07,,2026-09-08,06:08 AM,08:41 AM,PRATAH,DWADASHI,01:58 AM,2026-09-07,COMPLETE,2026-09-07,UPAVASA_DAY_1,Aja Ekadashi,"Upavaasa: 07-Sep-26 | Parana: 08-Sep-26, 06:08 AM to 08:41 AM",Normal Ekadashi. **Observe Upavaasa today.** Ekadashi began before Arunodaya.,"Aja Ekadashi. Normal Ekadashi. Observe Upavaasa today. Ekadashi began before Arunodaya. Upavaasa: 07-Sep-26 | Parana: 08-Sep-26, 06:08 AM to 08:41 AM"
geoname:1256525,Shiliguri,West Bengal,India,Asia/Kolkata,1256525,Aja Ekadashi,Normal Ekadashi,NORMAL,2026-09-07,,2026-09-08,05:19 AM,07:49 AM,PRATAH,DWADASHI,10:28 PM,2026-09-07,COMPLETE,2026-09-07,UPAVASA_DAY_1,Aja Ekadashi,"Upavaasa: 07-Sep-26 | Parana: 08-Sep-26, 05:19 AM to 07:49 AM",Normal Ekadashi. **Observe Upavaasa today.** Ekadashi began before Arunodaya.,"Aja Ekadashi. Normal Ekadashi. Observe Upavaasa today. Ekadashi began before Arunodaya. Upavaasa: 07-Sep-26 | Parana: 08-Sep-26, 05:19 AM to 07:49 AM"
geoname:1256287,Silchar,Assam,India,Asia/Kolkata,1256287,Aja Ekadashi,Normal Ekadashi,NORMAL,2026-09-07,,2026-09-08,05:02 AM,07:32 AM,PRATAH,DWADASHI,10:28 PM,2026-09-07,COMPLETE,2026-09-07,UPAVASA_DAY_1,Aja Ekadashi,"Upavaasa: 07-Sep-26 | Parana: 08-Sep-26, 05:02 AM to 07:32 AM",Normal Ekadashi. **Observe Upavaasa today.** Ekadashi began before Arunodaya.,"Aja Ekadashi. Normal Ekadashi. Observe Upavaasa today. Ekadashi began before Arunodaya. Upavaasa: 07-Sep-26 | Parana: 08-Sep-26, 05:02 AM to 07:32 AM"
geoname:1255634,Srinagar,Jammu and Kashmir,India,Asia/Kolkata,1255634,Aja Ekadashi,Normal Ekadashi,NORMAL,2026-09-07,,2026-09-08,06:09 AM,08:41 AM,PRATAH,DWADASHI,10:28 PM,2026-09-07,COMPLETE,2026-09-07,UPAVASA_DAY_1,Aja Ekadashi,"Upavaasa: 07-Sep-26 | Parana: 08-Sep-26, 06:09 AM to 08:41 AM",Normal Ekadashi. **Observe Upavaasa today.** Ekadashi began before Arunodaya.,"Aja Ekadashi. Normal Ekadashi. Observe Upavaasa today. Ekadashi began before Arunodaya. Upavaasa: 07-Sep-26 | Parana: 08-Sep-26, 06:09 AM to 08:41 AM"
geoname:1254388,Srirangam,Tamil Nadu,India,Asia/Kolkata,1254388,Aja Ekadashi,Normal Ekadashi,NORMAL,2026-09-07,,2026-09-08,06:05 AM,08:32 AM,PRATAH,DWADASHI,10:28 PM,2026-09-07,COMPLETE,2026-09-07,UPAVASA_DAY_1,Aja Ekadashi,"Upavaasa: 07-Sep-26 | Parana: 08-Sep-26, 06:05 AM to 08:32 AM",Normal Ekadashi. **Observe Upavaasa today.** Ekadashi began before Arunodaya.,"Aja Ekadashi. Normal Ekadashi. Observe Upavaasa today. Ekadashi began before Arunodaya. Upavaasa: 07-Sep-26 | Parana: 08-Sep-26, 06:05 AM to 08:32 AM"
geoname:5139865,Stonybrook,New York,United States,America/New_York,5139865,Aja Ekadashi,Normal Ekadashi,NORMAL,2026-09-07,,2026-09-08,06:26 AM,08:59 AM,DWADASHI_OVER_BEFORE_SUNRISE,DWADASHI,12:58 PM,2026-09-07,COMPLETE,2026-09-07,UPAVASA_DAY_1,Aja Ekadashi,"Upavaasa: 07-Sep-26 | Parana: 08-Sep-26, 06:26 AM to 08:59 AM",Normal Ekadashi. **Observe Upavaasa today.** Ekadashi began before Arunodaya.,"Aja Ekadashi. Normal Ekadashi. Observe Upavaasa today. Ekadashi began before Arunodaya. Upavaasa: 07-Sep-26 | Parana: 08-Sep-26, 06:26 AM to 08:59 AM"
geoname:1255364,Surat,Gujarat,India,Asia/Kolkata,1255364,Aja Ekadashi,Normal Ekadashi,NORMAL,2026-09-07,,2026-09-08,06:24 AM,08:53 AM,PRATAH,DWADASHI,10:28 PM,2026-09-07,COMPLETE,2026-09-07,UPAVASA_DAY_1,Aja Ekadashi,"Upavaasa: 07-Sep-26 | Parana: 08-Sep-26, 06:24 AM to 08:53 AM",Normal Ekadashi. **Observe Upavaasa today.** Ekadashi began before Arunodaya.,"Aja Ekadashi. Normal Ekadashi. Observe Upavaasa today. Ekadashi began before Arunodaya. Upavaasa: 07-Sep-26 | Parana: 08-Sep-26, 06:24 AM to 08:53 AM"
geoname:2147714,Sydney,New South Wales,Australia,Australia/Sydney,2147714,Aja Ekadashi,Normal Ekadashi,NORMAL,2026-09-07,,2026-09-08,06:05 AM,08:24 AM,PRATAH,DWADASHI,02:58 AM,2026-09-07,COMPLETE,2026-09-07,UPAVASA_DAY_1,Aja Ekadashi,"Upavaasa: 07-Sep-26 | Parana: 08-Sep-26, 06:05 AM to 08:24 AM",Normal Ekadashi. **Observe Upavaasa today.** Ekadashi began before Arunodaya.,"Aja Ekadashi. Normal Ekadashi. Observe Upavaasa today. Ekadashi began before Arunodaya. Upavaasa: 07-Sep-26 | Parana: 08-Sep-26, 06:05 AM to 08:24 AM"
geoname:5140405,Syracuse,New York,United States,America/New_York,5140405,Aja Ekadashi,Normal Ekadashi,NORMAL,2026-09-07,,2026-09-08,06:37 AM,09:11 AM,DWADASHI_OVER_BEFORE_SUNRISE,DWADASHI,12:58 PM,2026-09-07,COMPLETE,2026-09-07,UPAVASA_DAY_1,Aja Ekadashi,"Upavaasa: 07-Sep-26 | Parana: 08-Sep-26, 06:37 AM to 09:11 AM",Normal Ekadashi. **Observe Upavaasa today.** Ekadashi began before Arunodaya.,"Aja Ekadashi. Normal Ekadashi. Observe Upavaasa today. Ekadashi began before Arunodaya. Upavaasa: 07-Sep-26 | Parana: 08-Sep-26, 06:37 AM to 09:11 AM"
geoname:1262321,T Narasipura,Karnataka,India,Asia/Kolkata,1262321,Aja Ekadashi,Normal Ekadashi,NORMAL,2026-09-07,,2026-09-08,06:13 AM,08:40 AM,PRATAH,DWADASHI,10:28 PM,2026-09-07,COMPLETE,2026-09-07,UPAVASA_DAY_1,Aja Ekadashi,"Upavaasa: 07-Sep-26 | Parana: 08-Sep-26, 06:13 AM to 08:40 AM",Normal Ekadashi. **Observe Upavaasa today.** Ekadashi began before Arunodaya.,"Aja Ekadashi. Normal Ekadashi. Observe Upavaasa today. Ekadashi began before Arunodaya. Upavaasa: 07-Sep-26 | Parana: 08-Sep-26, 06:13 AM to 08:40 AM"
geoname:4174757,Tampa,Florida,United States,America/New_York,4174757,Aja Ekadashi,Normal Ekadashi,NORMAL,2026-09-07,,2026-09-08,07:12 AM,09:42 AM,DWADASHI_OVER_BEFORE_SUNRISE,DWADASHI,12:58 PM,2026-09-07,COMPLETE,2026-09-07,UPAVASA_DAY_1,Aja Ekadashi,"Upavaasa: 07-Sep-26 | Parana: 08-Sep-26, 07:12 AM to 09:42 AM",Normal Ekadashi. **Observe Upavaasa today.** Ekadashi began before Arunodaya.,"Aja Ekadashi. Normal Ekadashi. Observe Upavaasa today. Ekadashi began before Arunodaya. Upavaasa: 07-Sep-26 | Parana: 08-Sep-26, 07:12 AM to 09:42 AM"
geoname:1254163,Thiruvananthapuram,Kerala,India,Asia/Kolkata,1254163,Aja Ekadashi,Normal Ekadashi,NORMAL,2026-09-07,,2026-09-08,06:13 AM,08:40 AM,PRATAH,DWADASHI,10:28 PM,2026-09-07,COMPLETE,2026-09-07,UPAVASA_DAY_1,Aja Ekadashi,"Upavaasa: 07-Sep-26 | Parana: 08-Sep-26, 06:13 AM to 08:40 AM",Normal Ekadashi. **Observe Upavaasa today.** Ekadashi began before Arunodaya.,"Aja Ekadashi. Normal Ekadashi. Observe Upavaasa today. Ekadashi began before Arunodaya. Upavaasa: 07-Sep-26 | Parana: 08-Sep-26, 06:13 AM to 08:40 AM"
geoname:1254360,Tirupati,Andhra Pradesh,India,Asia/Kolkata,1254360,Aja Ekadashi,Normal Ekadashi,NORMAL,2026-09-07,,2026-09-08,06:01 AM,08:29 AM,PRATAH,DWADASHI,10:28 PM,2026-09-07,COMPLETE,2026-09-07,UPAVASA_DAY_1,Aja Ekadashi,"Upavaasa: 07-Sep-26 | Parana: 08-Sep-26, 06:01 AM to 08:29 AM",Normal Ekadashi. **Observe Upavaasa today.** Ekadashi began before Arunodaya.,"Aja Ekadashi. Normal Ekadashi. Observe Upavaasa today. Ekadashi began before Arunodaya. Upavaasa: 07-Sep-26 | Parana: 08-Sep-26, 06:01 AM to 08:29 AM"
geoname:1253952,Udupi,Karnataka,India,Asia/Kolkata,1253952,Aja Ekadashi,Normal Ekadashi,NORMAL,2026-09-07,,2026-09-08,06:20 AM,08:47 AM,PRATAH,DWADASHI,10:28 PM,2026-09-07,COMPLETE,2026-09-07,UPAVASA_DAY_1,Aja Ekadashi,"Upavaasa: 07-Sep-26 | Parana: 08-Sep-26, 06:20 AM to 08:47 AM",Normal Ekadashi. **Observe Upavaasa today.** Ekadashi began before Arunodaya.,"Aja Ekadashi. Normal Ekadashi. Observe Upavaasa today. Ekadashi began before Arunodaya. Upavaasa: 07-Sep-26 | Parana: 08-Sep-26, 06:20 AM to 08:47 AM"
geoname:1253573,Vadodara,Gujarat,India,Asia/Kolkata,1253573,Aja Ekadashi,Normal Ekadashi,NORMAL,2026-09-07,,2026-09-08,06:22 AM,08:51 AM,PRATAH,DWADASHI,10:28 PM,2026-09-07,COMPLETE,2026-09-07,UPAVASA_DAY_1,Aja Ekadashi,"Upavaasa: 07-Sep-26 | Parana: 08-Sep-26, 06:22 AM to 08:51 AM",Normal Ekadashi. **Observe Upavaasa today.** Ekadashi began before Arunodaya.,"Aja Ekadashi. Normal Ekadashi. Observe Upavaasa today. Ekadashi began before Arunodaya. Upavaasa: 07-Sep-26 | Parana: 08-Sep-26, 06:22 AM to 08:51 AM"
geoname:6173331,Vancouver,British Columbia,Canada,America/Los_Angeles,6173331,Aja Ekadashi,Missing Ekadashi,MISSING_EKADASHI,2026-09-07,,2026-09-08,06:39 AM,09:15 AM,POST_DWADASHI_FAST_DWADASHI_OVER_BEFORE_SUNRISE,POST_DWADASHI_UPAVASA,09:58 AM,2026-09-07,COMPLETE,2026-09-07,UPAVASA_DAY_1,Aja Ekadashi,"Upavaasa: 07-Sep-26 | Parana: 08-Sep-26, 06:39 AM to 09:15 AM","Ekadashi occurred completely between two consecutive sunrises, so there was no Ekadashi sunrise. **Observe Upavaasa today on Dwadashi.**","Aja Ekadashi. Ekadashi occurred completely between two consecutive sunrises, so there was no Ekadashi sunrise. Observe Upavaasa today on Dwadashi. Upavaasa: 07-Sep-26 | Parana: 08-Sep-26, 06:39 AM to 09:15 AM"
geoname:1253405,Varanasi,Uttar Pradesh,India,Asia/Kolkata,1253405,Aja Ekadashi,Normal Ekadashi,NORMAL,2026-09-07,,2026-09-08,05:41 AM,08:11 AM,PRATAH,DWADASHI,10:28 PM,2026-09-07,COMPLETE,2026-09-07,UPAVASA_DAY_1,Aja Ekadashi,"Upavaasa: 07-Sep-26 | Parana: 08-Sep-26, 05:41 AM to 08:11 AM",Normal Ekadashi. **Observe Upavaasa today.** Ekadashi began before Arunodaya.,"Aja Ekadashi. Normal Ekadashi. Observe Upavaasa today. Ekadashi began before Arunodaya. Upavaasa: 07-Sep-26 | Parana: 08-Sep-26, 05:41 AM to 08:11 AM"
geoname:1253102,Visakhapatnam,Andra Pradesh,India,Asia/Kolkata,1253102,Aja Ekadashi,Normal Ekadashi,NORMAL,2026-09-07,,2026-09-08,05:44 AM,08:12 AM,PRATAH,DWADASHI,10:28 PM,2026-09-07,COMPLETE,2026-09-07,UPAVASA_DAY_1,Aja Ekadashi,"Upavaasa: 07-Sep-26 | Parana: 08-Sep-26, 05:44 AM to 08:12 AM",Normal Ekadashi. **Observe Upavaasa today.** Ekadashi began before Arunodaya.,"Aja Ekadashi. Normal Ekadashi. Observe Upavaasa today. Ekadashi began before Arunodaya. Upavaasa: 07-Sep-26 | Parana: 08-Sep-26, 05:44 AM to 08:12 AM"
geoname:2179537,Wellington,Wellington,New Zealand,Pacific/Auckland,2179537,Aja Ekadashi,Normal Ekadashi,NORMAL,2026-09-07,,2026-09-08,06:35 AM,08:53 AM,PRATAH,DWADASHI,04:58 AM,2026-09-07,COMPLETE,2026-09-07,UPAVASA_DAY_1,Aja Ekadashi,"Upavaasa: 07-Sep-26 | Parana: 08-Sep-26, 06:35 AM to 08:53 AM",Normal Ekadashi. **Observe Upavaasa today.** Ekadashi began before Arunodaya.,"Aja Ekadashi. Normal Ekadashi. Observe Upavaasa today. Ekadashi began before Arunodaya. Upavaasa: 07-Sep-26 | Parana: 08-Sep-26, 06:35 AM to 08:53 AM"
geoname:6182962,Windsor,Ontario,Canada,America/New_York,6182962,Aja Ekadashi,Normal Ekadashi,NORMAL,2026-09-07,,2026-09-08,07:05 AM,09:39 AM,DWADASHI_OVER_BEFORE_SUNRISE,DWADASHI,12:58 PM,2026-09-07,COMPLETE,2026-09-07,UPAVASA_DAY_1,Aja Ekadashi,"Upavaasa: 07-Sep-26 | Parana: 08-Sep-26, 07:05 AM to 09:39 AM",Normal Ekadashi. **Observe Upavaasa today.** Ekadashi began before Arunodaya.,"Aja Ekadashi. Normal Ekadashi. Observe Upavaasa today. Ekadashi began before Arunodaya. Upavaasa: 07-Sep-26 | Parana: 08-Sep-26, 07:05 AM to 09:39 AM"
geoname:2657896,Zurich,Zurich,Switzerland,Europe/Zurich,2657896,Aja Ekadashi,Normal Ekadashi,NORMAL,2026-09-07,,2026-09-08,06:54 AM,09:30 AM,PRATAH,DWADASHI,06:58 PM,2026-09-07,COMPLETE,2026-09-07,UPAVASA_DAY_1,Aja Ekadashi,"Upavaasa: 07-Sep-26 | Parana: 08-Sep-26, 06:54 AM to 09:30 AM",Normal Ekadashi. **Observe Upavaasa today.** Ekadashi began before Arunodaya.,"Aja Ekadashi. Normal Ekadashi. Observe Upavaasa today. Ekadashi began before Arunodaya. Upavaasa: 07-Sep-26 | Parana: 08-Sep-26, 06:54 AM to 09:30 AM"
geoname:2078025,Adelaide,South Australia,Australia,Australia/Adelaide,2078025,Aja Ekadashi,Normal Ekadashi,NORMAL,2026-09-07,,2026-09-08,06:26 AM,08:45 AM,PRATAH,DWADASHI,02:28 AM,2026-09-07,COMPLETE,2026-09-08,PARANA,Aja Ekadashi,Upavaasa: 07-Sep-26 | Parana today: 06:26 AM to 08:45 AM,**Perform Parana today** between 06:26 AM and 08:45 AM. Upavaasa was observed on 07-Sep-26.,Aja Ekadashi. Perform Parana today between 06:26 AM and 08:45 AM. Upavaasa was observed on 07-Sep-26. Upavaasa: 07-Sep-26 | Parana today: 06:26 AM to 08:45 AM
geoname:1279290,Agartala,Tripura,India,Asia/Kolkata,1279290,Aja Ekadashi,Normal Ekadashi,NORMAL,2026-09-07,,2026-09-08,05:09 AM,07:38 AM,PRATAH,DWADASHI,10:28 PM,2026-09-07,COMPLETE,2026-09-08,PARANA,Aja Ekadashi,Upavaasa: 07-Sep-26 | Parana today: 05:09 AM to 07:38 AM,**Perform Parana today** between 05:09 AM and 07:38 AM. Upavaasa was observed on 07-Sep-26.,Aja Ekadashi. Perform Parana today between 05:09 AM and 07:38 AM. Upavaasa was observed on 07-Sep-26. Upavaasa: 07-Sep-26 | Parana today: 05:09 AM to 07:38 AM
geoname:1279186,Aizawl,Mizoram,India,Asia/Kolkata,1279186,Aja Ekadashi,Normal Ekadashi,NORMAL,2026-09-07,,2026-09-08,05:03 AM,07:32 AM,PRATAH,DWADASHI,10:28 PM,2026-09-07,COMPLETE,2026-09-08,PARANA,Aja Ekadashi,Upavaasa: 07-Sep-26 | Parana today: 05:03 AM to 07:32 AM,**Perform Parana today** between 05:03 AM and 07:32 AM. Upavaasa was observed on 07-Sep-26.,Aja Ekadashi. Perform Parana today between 05:03 AM and 07:32 AM. Upavaasa was observed on 07-Sep-26. Upavaasa: 07-Sep-26 | Parana today: 05:03 AM to 07:32 AM
geoname:4180439,Atlanta,Georgia,United States,America/New_York,4180439,Aja Ekadashi,Normal Ekadashi,NORMAL,2026-09-07,,2026-09-08,07:16 AM,09:48 AM,DWADASHI_OVER_BEFORE_SUNRISE,DWADASHI,12:58 PM,2026-09-07,COMPLETE,2026-09-08,PARANA,Aja Ekadashi,Upavaasa: 07-Sep-26 | Parana today: 07:16 AM to 09:48 AM,**Perform Parana today** between 07:16 AM and 09:48 AM. Upavaasa was observed on 07-Sep-26.,Aja Ekadashi. Perform Parana today between 07:16 AM and 09:48 AM. Upavaasa was observed on 07-Sep-26. Upavaasa: 07-Sep-26 | Parana today: 07:16 AM to 09:48 AM
geoname:2193733,Auckland,Auckland,New Zealand,Pacific/Auckland,2193733,Aja Ekadashi,Normal Ekadashi,NORMAL,2026-09-07,,2026-09-08,06:32 AM,08:51 AM,PRATAH,DWADASHI,04:58 AM,2026-09-07,COMPLETE,2026-09-08,PARANA,Aja Ekadashi,Upavaasa: 07-Sep-26 | Parana today: 06:32 AM to 08:51 AM,**Perform Parana today** between 06:32 AM and 08:51 AM. Upavaasa was observed on 07-Sep-26.,Aja Ekadashi. Perform Parana today between 06:32 AM and 08:51 AM. Upavaasa was observed on 07-Sep-26. Upavaasa: 07-Sep-26 | Parana today: 06:32 AM to 08:51 AM
geoname:1278094,Ayodhya,Uttar Pradesh,India,Asia/Kolkata,1278094,Aja Ekadashi,Normal Ekadashi,NORMAL,2026-09-07,,2026-09-08,05:44 AM,08:14 AM,PRATAH,DWADASHI,10:28 PM,2026-09-07,COMPLETE,2026-09-08,PARANA,Aja Ekadashi,Upavaasa: 07-Sep-26 | Parana today: 05:44 AM to 08:14 AM,**Perform Parana today** between 05:44 AM and 08:14 AM. Upavaasa was observed on 07-Sep-26.,Aja Ekadashi. Perform Parana today between 05:44 AM and 08:14 AM. Upavaasa was observed on 07-Sep-26. Upavaasa: 07-Sep-26 | Parana today: 05:44 AM to 08:14 AM
geoname:4347778,Baltimore,Maryland,United States,America/New_York,4347778,Aja Ekadashi,Normal Ekadashi,NORMAL,2026-09-07,,2026-09-08,06:41 AM,09:14 AM,DWADASHI_OVER_BEFORE_SUNRISE,DWADASHI,12:58 PM,2026-09-07,COMPLETE,2026-09-08,PARANA,Aja Ekadashi,Upavaasa: 07-Sep-26 | Parana today: 06:41 AM to 09:14 AM,**Perform Parana today** between 06:41 AM and 09:14 AM. Upavaasa was observed on 07-Sep-26.,Aja Ekadashi. Perform Parana today between 06:41 AM and 09:14 AM. Upavaasa was observed on 07-Sep-26. Upavaasa: 07-Sep-26 | Parana today: 06:41 AM to 09:14 AM
geoname:5108728,Belfast,New York,United States,America/New_York,5108728,Aja Ekadashi,Normal Ekadashi,NORMAL,2026-09-07,,2026-09-08,06:45 AM,09:19 AM,DWADASHI_OVER_BEFORE_SUNRISE,DWADASHI,12:58 PM,2026-09-07,COMPLETE,2026-09-08,PARANA,Aja Ekadashi,Upavaasa: 07-Sep-26 | Parana today: 06:45 AM to 09:19 AM,**Perform Parana today** between 06:45 AM and 09:19 AM. Upavaasa was observed on 07-Sep-26.,Aja Ekadashi. Perform Parana today between 06:45 AM and 09:19 AM. Upavaasa was observed on 07-Sep-26. Upavaasa: 07-Sep-26 | Parana today: 06:45 AM to 09:19 AM
geoname:1276533,Belgaum,Karnataka,India,Asia/Kolkata,1276533,Aja Ekadashi,Normal Ekadashi,NORMAL,2026-09-07,,2026-09-08,06:20 AM,08:48 AM,PRATAH,DWADASHI,10:28 PM,2026-09-07,COMPLETE,2026-09-08,PARANA,Aja Ekadashi,Upavaasa: 07-Sep-26 | Parana today: 06:20 AM to 08:48 AM,**Perform Parana today** between 06:20 AM and 08:48 AM. Upavaasa was observed on 07-Sep-26.,Aja Ekadashi. Perform Parana today between 06:20 AM and 08:48 AM. Upavaasa was observed on 07-Sep-26. Upavaasa: 07-Sep-26 | Parana today: 06:20 AM to 08:48 AM
geoname:1277333,Bengaluru,Karnataka,India,Asia/Kolkata,1277333,Aja Ekadashi,Normal Ekadashi,NORMAL,2026-09-07,,2026-09-08,06:09 AM,08:36 AM,PRATAH,DWADASHI,10:28 PM,2026-09-07,COMPLETE,2026-09-08,PARANA,Aja Ekadashi,Upavaasa: 07-Sep-26 | Parana today: 06:09 AM to 08:36 AM,**Perform Parana today** between 06:09 AM and 08:36 AM. Upavaasa was observed on 07-Sep-26.,Aja Ekadashi. Perform Parana today between 06:09 AM and 08:36 AM. Upavaasa was observed on 07-Sep-26. Upavaasa: 07-Sep-26 | Parana today: 06:09 AM to 08:36 AM
geoname:1275841,Bhopal,Madhya Pradesh,India,Asia/Kolkata,1275841,Aja Ekadashi,Normal Ekadashi,NORMAL,2026-09-07,,2026-09-08,06:05 AM,08:34 AM,PRATAH,DWADASHI,10:28 PM,2026-09-07,COMPLETE,2026-09-08,PARANA,Aja Ekadashi,Upavaasa: 07-Sep-26 | Parana today: 06:05 AM to 08:34 AM,**Perform Parana today** between 06:05 AM and 08:34 AM. Upavaasa was observed on 07-Sep-26.,Aja Ekadashi. Perform Parana today between 06:05 AM and 08:34 AM. Upavaasa was observed on 07-Sep-26. Upavaasa: 07-Sep-26 | Parana today: 06:05 AM to 08:34 AM
geoname:1275817,Bhubaneswar,Odisha,India,Asia/Kolkata,1275817,Aja Ekadashi,Normal Ekadashi,NORMAL,2026-09-07,,2026-09-08,05:32 AM,08:01 AM,PRATAH,DWADASHI,10:28 PM,2026-09-07,COMPLETE,2026-09-08,PARANA,Aja Ekadashi,Upavaasa: 07-Sep-26 | Parana today: 05:32 AM to 08:01 AM,**Perform Parana today** between 05:32 AM and 08:01 AM. Upavaasa was observed on 07-Sep-26.,Aja Ekadashi. Perform Parana today between 05:32 AM and 08:01 AM. Upavaasa was observed on 07-Sep-26. Upavaasa: 07-Sep-26 | Parana today: 05:32 AM to 08:01 AM
geoname:2174003,Brisbane,Queensland,Australia,Australia/Brisbane,2174003,Aja Ekadashi,Normal Ekadashi,NORMAL,2026-09-07,,2026-09-08,05:54 AM,08:15 AM,PRATAH,DWADASHI,02:58 AM,2026-09-07,COMPLETE,2026-09-08,PARANA,Aja Ekadashi,Upavaasa: 07-Sep-26 | Parana today: 05:54 AM to 08:15 AM,**Perform Parana today** between 05:54 AM and 08:15 AM. Upavaasa was observed on 07-Sep-26.,Aja Ekadashi. Perform Parana today between 05:54 AM and 08:15 AM. Upavaasa was observed on 07-Sep-26. Upavaasa: 07-Sep-26 | Parana today: 05:54 AM to 08:15 AM
geoname:5110629,Buffalo,New York,United States,America/New_York,5110629,Aja Ekadashi,Normal Ekadashi,NORMAL,2026-09-07,,2026-09-08,06:48 AM,09:22 AM,DWADASHI_OVER_BEFORE_SUNRISE,DWADASHI,12:58 PM,2026-09-07,COMPLETE,2026-09-08,PARANA,Aja Ekadashi,Upavaasa: 07-Sep-26 | Parana today: 06:48 AM to 09:22 AM,**Perform Parana today** between 06:48 AM and 09:22 AM. Upavaasa was observed on 07-Sep-26.,Aja Ekadashi. Perform Parana today between 06:48 AM and 09:22 AM. Upavaasa was observed on 07-Sep-26. Upavaasa: 07-Sep-26 | Parana today: 06:48 AM to 09:22 AM
geoname:2172517,Canberra,Australian Capital Territory,Australia,Australia/Sydney,2172517,Aja Ekadashi,Normal Ekadashi,NORMAL,2026-09-07,,2026-09-08,06:14 AM,08:33 AM,PRATAH,DWADASHI,02:58 AM,2026-09-07,COMPLETE,2026-09-08,PARANA,Aja Ekadashi,Upavaasa: 07-Sep-26 | Parana today: 06:14 AM to 08:33 AM,**Perform Parana today** between 06:14 AM and 08:33 AM. Upavaasa was observed on 07-Sep-26.,Aja Ekadashi. Perform Parana today between 06:14 AM and 08:33 AM. Upavaasa was observed on 07-Sep-26. Upavaasa: 07-Sep-26 | Parana today: 06:14 AM to 08:33 AM
geoname:4460243,Charlotte,North Carolina,United States,America/New_York,4460243,Aja Ekadashi,Normal Ekadashi,NORMAL,2026-09-07,,2026-09-08,07:01 AM,09:33 AM,DWADASHI_OVER_BEFORE_SUNRISE,DWADASHI,12:58 PM,2026-09-07,COMPLETE,2026-09-08,PARANA,Aja Ekadashi,Upavaasa: 07-Sep-26 | Parana today: 07:01 AM to 09:33 AM,**Perform Parana today** between 07:01 AM and 09:33 AM. Upavaasa was observed on 07-Sep-26.,Aja Ekadashi. Perform Parana today between 07:01 AM and 09:33 AM. Upavaasa was observed on 07-Sep-26. Upavaasa: 07-Sep-26 | Parana today: 07:01 AM to 09:33 AM
geoname:1264527,Chennai,Tamil Nadu,India,Asia/Kolkata,1264527,Aja Ekadashi,Normal Ekadashi,NORMAL,2026-09-07,,2026-09-08,05:58 AM,08:25 AM,PRATAH,DWADASHI,10:28 PM,2026-09-07,COMPLETE,2026-09-08,PARANA,Aja Ekadashi,Upavaasa: 07-Sep-26 | Parana today: 05:58 AM to 08:25 AM,**Perform Parana today** between 05:58 AM and 08:25 AM. Upavaasa was observed on 07-Sep-26.,Aja Ekadashi. Perform Parana today between 05:58 AM and 08:25 AM. Upavaasa was observed on 07-Sep-26. Upavaasa: 07-Sep-26 | Parana today: 05:58 AM to 08:25 AM
geoname:4887398,Chicago,Illinois,United States,America/Chicago,4887398,Aja Ekadashi,Normal Ekadashi,NORMAL,2026-09-07,,2026-09-08,06:24 AM,08:58 AM,DWADASHI_OVER_BEFORE_SUNRISE,DWADASHI,11:58 AM,2026-09-07,COMPLETE,2026-09-08,PARANA,Aja Ekadashi,Upavaasa: 07-Sep-26 | Parana today: 06:24 AM to 08:58 AM,**Perform Parana today** between 06:24 AM and 08:58 AM. Upavaasa was observed on 07-Sep-26.,Aja Ekadashi. Perform Parana today between 06:24 AM and 08:58 AM. Upavaasa was observed on 07-Sep-26. Upavaasa: 07-Sep-26 | Parana today: 06:24 AM to 08:58 AM
geoname:1274256,Chidambaram,Tamil Nadu,India,Asia/Kolkata,1274256,Aja Ekadashi,Normal Ekadashi,NORMAL,2026-09-07,,2026-09-08,06:01 AM,08:28 AM,PRATAH,DWADASHI,10:28 PM,2026-09-07,COMPLETE,2026-09-08,PARANA,Aja Ekadashi,Upavaasa: 07-Sep-26 | Parana today: 06:01 AM to 08:28 AM,**Perform Parana today** between 06:01 AM and 08:28 AM. Upavaasa was observed on 07-Sep-26.,Aja Ekadashi. Perform Parana today between 06:01 AM and 08:28 AM. Upavaasa was observed on 07-Sep-26. Upavaasa: 07-Sep-26 | Parana today: 06:01 AM to 08:28 AM
geoname:2192362,Christchurch,Canterbury,New Zealand,Pacific/Auckland,2192362,Aja Ekadashi,Normal Ekadashi,NORMAL,2026-09-07,,2026-09-08,06:45 AM,09:02 AM,PRATAH,DWADASHI,04:58 AM,2026-09-07,COMPLETE,2026-09-08,PARANA,Aja Ekadashi,Upavaasa: 07-Sep-26 | Parana today: 06:45 AM to 09:02 AM,**Perform Parana today** between 06:45 AM and 09:02 AM. Upavaasa was observed on 07-Sep-26.,Aja Ekadashi. Perform Parana today between 06:45 AM and 09:02 AM. Upavaasa was observed on 07-Sep-26. Upavaasa: 07-Sep-26 | Parana today: 06:45 AM to 09:02 AM
geoname:4508722,Cincinnati,Ohio,United States,America/New_York,4508722,Aja Ekadashi,Normal Ekadashi,NORMAL,2026-09-07,,2026-09-08,07:13 AM,09:46 AM,DWADASHI_OVER_BEFORE_SUNRISE,DWADASHI,12:58 PM,2026-09-07,COMPLETE,2026-09-08,PARANA,Aja Ekadashi,Upavaasa: 07-Sep-26 | Parana today: 07:13 AM to 09:46 AM,**Perform Parana today** between 07:13 AM and 09:46 AM. Upavaasa was observed on 07-Sep-26.,Aja Ekadashi. Perform Parana today between 07:13 AM and 09:46 AM. Upavaasa was observed on 07-Sep-26. Upavaasa: 07-Sep-26 | Parana today: 07:13 AM to 09:46 AM
geoname:5150529,Cleveland,Ohio,United States,America/New_York,5150529,Aja Ekadashi,Normal Ekadashi,NORMAL,2026-09-07,,2026-09-08,07:00 AM,09:34 AM,DWADASHI_OVER_BEFORE_SUNRISE,DWADASHI,12:58 PM,2026-09-07,COMPLETE,2026-09-08,PARANA,Aja Ekadashi,Upavaasa: 07-Sep-26 | Parana today: 07:00 AM to 09:34 AM,**Perform Parana today** between 07:00 AM and 09:34 AM. Upavaasa was observed on 07-Sep-26.,Aja Ekadashi. Perform Parana today between 07:00 AM and 09:34 AM. Upavaasa was observed on 07-Sep-26. Upavaasa: 07-Sep-26 | Parana today: 07:00 AM to 09:34 AM
geoname:1273865,Coimbatore,Tamil Nadu,India,Asia/Kolkata,1273865,Aja Ekadashi,Normal Ekadashi,NORMAL,2026-09-07,,2026-09-08,06:12 AM,08:39 AM,PRATAH,DWADASHI,10:28 PM,2026-09-07,COMPLETE,2026-09-08,PARANA,Aja Ekadashi,Upavaasa: 07-Sep-26 | Parana today: 06:12 AM to 08:39 AM,**Perform Parana today** between 06:12 AM and 08:39 AM. Upavaasa was observed on 07-Sep-26.,Aja Ekadashi. Perform Parana today between 06:12 AM and 08:39 AM. Upavaasa was observed on 07-Sep-26. Upavaasa: 07-Sep-26 | Parana today: 06:12 AM to 08:39 AM
geoname:4256038,Columbus,Indiana,United States,America/Indiana/Indianapolis,4256038,Aja Ekadashi,Normal Ekadashi,NORMAL,2026-09-07,,2026-09-08,07:19 AM,09:52 AM,DWADASHI_OVER_BEFORE_SUNRISE,DWADASHI,12:58 PM,2026-09-07,COMPLETE,2026-09-08,PARANA,Aja Ekadashi,Upavaasa: 07-Sep-26 | Parana today: 07:19 AM to 09:52 AM,**Perform Parana today** between 07:19 AM and 09:52 AM. Upavaasa was observed on 07-Sep-26.,Aja Ekadashi. Perform Parana today between 07:19 AM and 09:52 AM. Upavaasa was observed on 07-Sep-26. Upavaasa: 07-Sep-26 | Parana today: 07:19 AM to 09:52 AM
geoname:4509177,Columbus,Ohio,United States,America/New_York,4509177,Aja Ekadashi,Normal Ekadashi,NORMAL,2026-09-07,,2026-09-08,07:07 AM,09:40 AM,DWADASHI_OVER_BEFORE_SUNRISE,DWADASHI,12:58 PM,2026-09-07,COMPLETE,2026-09-08,PARANA,Aja Ekadashi,Upavaasa: 07-Sep-26 | Parana today: 07:07 AM to 09:40 AM,**Perform Parana today** between 07:07 AM and 09:40 AM. Upavaasa was observed on 07-Sep-26.,Aja Ekadashi. Perform Parana today between 07:07 AM and 09:40 AM. Upavaasa was observed on 07-Sep-26. Upavaasa: 07-Sep-26 | Parana today: 07:07 AM to 09:40 AM
geoname:4684888,Dallas,Texas,United States,America/Chicago,4684888,Aja Ekadashi,Missing Ekadashi,MISSING_EKADASHI,2026-09-07,,2026-09-08,07:07 AM,09:38 AM,POST_DWADASHI_FAST_DWADASHI_OVER_BEFORE_SUNRISE,POST_DWADASHI_UPAVASA,11:58 AM,2026-09-07,COMPLETE,2026-09-08,PARANA,Aja Ekadashi,Upavaasa: 07-Sep-26 | Parana today: 07:07 AM to 09:38 AM,**Perform Parana today** between 07:07 AM and 09:38 AM. Upavaasa was observed on 07-Sep-26.,Aja Ekadashi. Perform Parana today between 07:07 AM and 09:38 AM. Upavaasa was observed on 07-Sep-26. Upavaasa: 07-Sep-26 | Parana today: 07:07 AM to 09:38 AM
geoname:2938913,Darmstadt,Hesse,Germany,Europe/Berlin,2938913,Aja Ekadashi,Normal Ekadashi,NORMAL,2026-09-07,,2026-09-08,06:51 AM,09:28 AM,PRATAH,DWADASHI,06:58 PM,2026-09-07,COMPLETE,2026-09-08,PARANA,Aja Ekadashi,Upavaasa: 07-Sep-26 | Parana today: 06:51 AM to 09:28 AM,**Perform Parana today** between 06:51 AM and 09:28 AM. Upavaasa was observed on 07-Sep-26.,Aja Ekadashi. Perform Parana today between 06:51 AM and 09:28 AM. Upavaasa was observed on 07-Sep-26. Upavaasa: 07-Sep-26 | Parana today: 06:51 AM to 09:28 AM
geoname:1272648,Dibrugarh,Assam,India,Asia/Kolkata,1272648,Aja Ekadashi,Normal Ekadashi,NORMAL,2026-09-07,,2026-09-08,04:52 AM,07:22 AM,PRATAH,DWADASHI,10:28 PM,2026-09-07,COMPLETE,2026-09-08,PARANA,Aja Ekadashi,Upavaasa: 07-Sep-26 | Parana today: 04:52 AM to 07:22 AM,**Perform Parana today** between 04:52 AM and 07:22 AM. Upavaasa was observed on 07-Sep-26.,Aja Ekadashi. Perform Parana today between 04:52 AM and 07:22 AM. Upavaasa was observed on 07-Sep-26. Upavaasa: 07-Sep-26 | Parana today: 04:52 AM to 07:22 AM
geoname:1272552,Dimapur,Nagaland,India,Asia/Kolkata,1272552,Aja Ekadashi,Normal Ekadashi,NORMAL,2026-09-07,,2026-09-08,04:58 AM,07:28 AM,PRATAH,DWADASHI,10:28 PM,2026-09-07,COMPLETE,2026-09-08,PARANA,Aja Ekadashi,Upavaasa: 07-Sep-26 | Parana today: 04:58 AM to 07:28 AM,**Perform Parana today** between 04:58 AM and 07:28 AM. Upavaasa was observed on 07-Sep-26.,Aja Ekadashi. Perform Parana today between 04:58 AM and 07:28 AM. Upavaasa was observed on 07-Sep-26. Upavaasa: 07-Sep-26 | Parana today: 04:58 AM to 07:28 AM
geoname:290030,Doha,Baladīyat ad Dawḩah,Qatar,Asia/Qatar,290030,Aja Ekadashi,Normal Ekadashi,NORMAL,2026-09-07,,2026-09-08,05:17 AM,07:47 AM,PRATAH,DWADASHI,07:58 PM,2026-09-07,COMPLETE,2026-09-08,PARANA,Aja Ekadashi,Upavaasa: 07-Sep-26 | Parana today: 05:17 AM to 07:47 AM,**Perform Parana today** between 05:17 AM and 07:47 AM. Upavaasa was observed on 07-Sep-26.,Aja Ekadashi. Perform Parana today between 05:17 AM and 07:47 AM. Upavaasa was observed on 07-Sep-26. Upavaasa: 07-Sep-26 | Parana today: 05:17 AM to 07:47 AM
geoname:292223,Dubai,Dubai,United Arab Emirates,Asia/Dubai,292223,Aja Ekadashi,Normal Ekadashi,NORMAL,2026-09-07,,2026-09-08,06:03 AM,08:33 AM,PRATAH,DWADASHI,08:58 PM,2026-09-07,COMPLETE,2026-09-08,PARANA,Aja Ekadashi,Upavaasa: 07-Sep-26 | Parana today: 06:03 AM to 08:33 AM,**Perform Parana today** between 06:03 AM and 08:33 AM. Upavaasa was observed on 07-Sep-26.,Aja Ekadashi. Perform Parana today between 06:03 AM and 08:33 AM. Upavaasa was observed on 07-Sep-26. Upavaasa: 07-Sep-26 | Parana today: 06:03 AM to 08:33 AM
geoname:2928751,Esslingen,Esslingen,Germany,Europe/Berlin,2928751,Aja Ekadashi,Normal Ekadashi,NORMAL,2026-09-07,,2026-09-08,06:49 AM,09:25 AM,PRATAH,DWADASHI,06:58 PM,2026-09-07,COMPLETE,2026-09-08,PARANA,Aja Ekadashi,Upavaasa: 07-Sep-26 | Parana today: 06:49 AM to 09:25 AM,**Perform Parana today** between 06:49 AM and 09:25 AM. Upavaasa was observed on 07-Sep-26.,Aja Ekadashi. Perform Parana today between 06:49 AM and 09:25 AM. Upavaasa was observed on 07-Sep-26. Upavaasa: 07-Sep-26 | Parana today: 06:49 AM to 09:25 AM
geoname:1271631,Gangtok,Sikkim,India,Asia/Kolkata,1271631,Aja Ekadashi,Normal Ekadashi,NORMAL,2026-09-07,,2026-09-08,05:18 AM,07:48 AM,PRATAH,DWADASHI,10:28 PM,2026-09-07,COMPLETE,2026-09-08,PARANA,Aja Ekadashi,Upavaasa: 07-Sep-26 | Parana today: 05:18 AM to 07:48 AM,**Perform Parana today** between 05:18 AM and 07:48 AM. Upavaasa was observed on 07-Sep-26.,Aja Ekadashi. Perform Parana today between 05:18 AM and 07:48 AM. Upavaasa was observed on 07-Sep-26. Upavaasa: 07-Sep-26 | Parana today: 05:18 AM to 07:48 AM
geoname:5119251,Greece,New York,United States,America/New_York,5119251,Aja Ekadashi,Normal Ekadashi,NORMAL,2026-09-07,,2026-09-08,06:43 AM,09:17 AM,DWADASHI_OVER_BEFORE_SUNRISE,DWADASHI,12:58 PM,2026-09-07,COMPLETE,2026-09-08,PARANA,Aja Ekadashi,Upavaasa: 07-Sep-26 | Parana today: 06:43 AM to 09:17 AM,**Perform Parana today** between 06:43 AM and 09:17 AM. Upavaasa was observed on 07-Sep-26.,Aja Ekadashi. Perform Parana today between 06:43 AM and 09:17 AM. Upavaasa was observed on 07-Sep-26. Upavaasa: 07-Sep-26 | Parana today: 06:43 AM to 09:17 AM
geoname:1270603,Guruvayur,Kerala,India,Asia/Kolkata,1270603,Aja Ekadashi,Normal Ekadashi,NORMAL,2026-09-07,,2026-09-08,06:16 AM,08:43 AM,PRATAH,DWADASHI,10:28 PM,2026-09-07,COMPLETE,2026-09-08,PARANA,Aja Ekadashi,Upavaasa: 07-Sep-26 | Parana today: 06:16 AM to 08:43 AM,**Perform Parana today** between 06:16 AM and 08:43 AM. Upavaasa was observed on 07-Sep-26.,Aja Ekadashi. Perform Parana today between 06:16 AM and 08:43 AM. Upavaasa was observed on 07-Sep-26. Upavaasa: 07-Sep-26 | Parana today: 06:16 AM to 08:43 AM
geoname:1271476,Guwahati,Assam,India,Asia/Kolkata,1271476,Aja Ekadashi,Normal Ekadashi,NORMAL,2026-09-07,,2026-09-08,05:06 AM,07:36 AM,PRATAH,DWADASHI,10:28 PM,2026-09-07,COMPLETE,2026-09-08,PARANA,Aja Ekadashi,Upavaasa: 07-Sep-26 | Parana today: 05:06 AM to 07:36 AM,**Perform Parana today** between 05:06 AM and 07:36 AM. Upavaasa was observed on 07-Sep-26.,Aja Ekadashi. Perform Parana today between 05:06 AM and 07:36 AM. Upavaasa was observed on 07-Sep-26. Upavaasa: 07-Sep-26 | Parana today: 05:06 AM to 07:36 AM
geoname:4699066,Houston,Texas,United States,America/Chicago,4699066,Aja Ekadashi,Missing Ekadashi,MISSING_EKADASHI,2026-09-07,,2026-09-08,07:03 AM,09:33 AM,POST_DWADASHI_FAST_DWADASHI_OVER_BEFORE_SUNRISE,POST_DWADASHI_UPAVASA,11:58 AM,2026-09-07,COMPLETE,2026-09-08,PARANA,Aja Ekadashi,Upavaasa: 07-Sep-26 | Parana today: 07:03 AM to 09:33 AM,**Perform Parana today** between 07:03 AM and 09:33 AM. Upavaasa was observed on 07-Sep-26.,Aja Ekadashi. Perform Parana today between 07:03 AM and 09:33 AM. Upavaasa was observed on 07-Sep-26. Upavaasa: 07-Sep-26 | Parana today: 07:03 AM to 09:33 AM
geoname:1269920,Hubli,Karnataka,India,Asia/Kolkata,1269920,Aja Ekadashi,Normal Ekadashi,NORMAL,2026-09-07,,2026-09-08,06:17 AM,08:45 AM,PRATAH,DWADASHI,10:28 PM,2026-09-07,COMPLETE,2026-09-08,PARANA,Aja Ekadashi,Upavaasa: 07-Sep-26 | Parana today: 06:17 AM to 08:45 AM,**Perform Parana today** between 06:17 AM and 08:45 AM. Upavaasa was observed on 07-Sep-26.,Aja Ekadashi. Perform Parana today between 06:17 AM and 08:45 AM. Upavaasa was observed on 07-Sep-26. Upavaasa: 07-Sep-26 | Parana today: 06:17 AM to 08:45 AM
geoname:1269843,Hyderabad,Telangana,India,Asia/Kolkata,1269843,Aja Ekadashi,Normal Ekadashi,NORMAL,2026-09-07,,2026-09-08,06:03 AM,08:31 AM,PRATAH,DWADASHI,10:28 PM,2026-09-07,COMPLETE,2026-09-08,PARANA,Aja Ekadashi,Upavaasa: 07-Sep-26 | Parana today: 06:03 AM to 08:31 AM,**Perform Parana today** between 06:03 AM and 08:31 AM. Upavaasa was observed on 07-Sep-26.,Aja Ekadashi. Perform Parana today between 06:03 AM and 08:31 AM. Upavaasa was observed on 07-Sep-26. Upavaasa: 07-Sep-26 | Parana today: 06:03 AM to 08:31 AM
geoname:1269771,Imphal,Manipur,India,Asia/Kolkata,1269771,Aja Ekadashi,Normal Ekadashi,NORMAL,2026-09-07,,2026-09-08,04:58 AM,07:28 AM,PRATAH,DWADASHI,10:28 PM,2026-09-07,COMPLETE,2026-09-08,PARANA,Aja Ekadashi,Upavaasa: 07-Sep-26 | Parana today: 04:58 AM to 07:28 AM,**Perform Parana today** between 04:58 AM and 07:28 AM. Upavaasa was observed on 07-Sep-26.,Aja Ekadashi. Perform Parana today between 04:58 AM and 07:28 AM. Upavaasa was observed on 07-Sep-26. Upavaasa: 07-Sep-26 | Parana today: 04:58 AM to 07:28 AM
geoname:1269655,Itanagar,Arunachal Pradesh,India,Asia/Kolkata,1269655,Aja Ekadashi,Normal Ekadashi,NORMAL,2026-09-07,,2026-09-08,04:58 AM,07:28 AM,PRATAH,DWADASHI,10:28 PM,2026-09-07,COMPLETE,2026-09-08,PARANA,Aja Ekadashi,Upavaasa: 07-Sep-26 | Parana today: 04:58 AM to 07:28 AM,**Perform Parana today** between 04:58 AM and 07:28 AM. Upavaasa was observed on 07-Sep-26.,Aja Ekadashi. Perform Parana today between 04:58 AM and 07:28 AM. Upavaasa was observed on 07-Sep-26. Upavaasa: 07-Sep-26 | Parana today: 04:58 AM to 07:28 AM
geoname:1268159,Kanchipuram,Tamil Nadu,India,Asia/Kolkata,1268159,Aja Ekadashi,Normal Ekadashi,NORMAL,2026-09-07,,2026-09-08,06:00 AM,08:27 AM,PRATAH,DWADASHI,10:28 PM,2026-09-07,COMPLETE,2026-09-08,PARANA,Aja Ekadashi,Upavaasa: 07-Sep-26 | Parana today: 06:00 AM to 08:27 AM,**Perform Parana today** between 06:00 AM and 08:27 AM. Upavaasa was observed on 07-Sep-26.,Aja Ekadashi. Perform Parana today between 06:00 AM and 08:27 AM. Upavaasa was observed on 07-Sep-26. Upavaasa: 07-Sep-26 | Parana today: 06:00 AM to 08:27 AM
geoname:4634946,Knoxville,Tennessee,United States,America/New_York,4634946,Aja Ekadashi,Normal Ekadashi,NORMAL,2026-09-07,,2026-09-08,07:13 AM,09:45 AM,DWADASHI_OVER_BEFORE_SUNRISE,DWADASHI,12:58 PM,2026-09-07,COMPLETE,2026-09-08,PARANA,Aja Ekadashi,Upavaasa: 07-Sep-26 | Parana today: 07:13 AM to 09:45 AM,**Perform Parana today** between 07:13 AM and 09:45 AM. Upavaasa was observed on 07-Sep-26.,Aja Ekadashi. Perform Parana today between 07:13 AM and 09:45 AM. Upavaasa was observed on 07-Sep-26. Upavaasa: 07-Sep-26 | Parana today: 07:13 AM to 09:45 AM
geoname:1266285,Kolhapur,Maharashtra,India,Asia/Kolkata,1266285,Aja Ekadashi,Normal Ekadashi,NORMAL,2026-09-07,,2026-09-08,06:20 AM,08:48 AM,PRATAH,DWADASHI,10:28 PM,2026-09-07,COMPLETE,2026-09-08,PARANA,Aja Ekadashi,Upavaasa: 07-Sep-26 | Parana today: 06:20 AM to 08:48 AM,**Perform Parana today** between 06:20 AM and 08:48 AM. Upavaasa was observed on 07-Sep-26.,Aja Ekadashi. Perform Parana today between 06:20 AM and 08:48 AM. Upavaasa was observed on 07-Sep-26. Upavaasa: 07-Sep-26 | Parana today: 06:20 AM to 08:48 AM
geoname:1275004,Kolkata,West Bengal,India,Asia/Kolkata,1275004,Aja Ekadashi,Normal Ekadashi,NORMAL,2026-09-07,,2026-09-08,05:21 AM,07:50 AM,PRATAH,DWADASHI,10:28 PM,2026-09-07,COMPLETE,2026-09-08,PARANA,Aja Ekadashi,Upavaasa: 07-Sep-26 | Parana today: 05:21 AM to 07:50 AM,**Perform Parana today** between 05:21 AM and 07:50 AM. Upavaasa was observed on 07-Sep-26.,Aja Ekadashi. Perform Parana today between 05:21 AM and 07:50 AM. Upavaasa was observed on 07-Sep-26. Upavaasa: 07-Sep-26 | Parana today: 05:21 AM to 07:50 AM
geoname:1265683,Kumbakonam,Tamil Nadu,India,Asia/Kolkata,1265683,Aja Ekadashi,Normal Ekadashi,NORMAL,2026-09-07,,2026-09-08,06:02 AM,08:29 AM,PRATAH,DWADASHI,10:28 PM,2026-09-07,COMPLETE,2026-09-08,PARANA,Aja Ekadashi,Upavaasa: 07-Sep-26 | Parana today: 06:02 AM to 08:29 AM,**Perform Parana today** between 06:02 AM and 08:29 AM. Upavaasa was observed on 07-Sep-26.,Aja Ekadashi. Perform Parana today between 06:02 AM and 08:29 AM. Upavaasa was observed on 07-Sep-26. Upavaasa: 07-Sep-26 | Parana today: 06:02 AM to 08:29 AM
geoname:285787,Kuwait,Al Asimah,Kuwait,Asia/Kuwait,285787,Aja Ekadashi,Normal Ekadashi,NORMAL,2026-09-07,,2026-09-08,05:29 AM,08:00 AM,PRATAH,DWADASHI,07:58 PM,2026-09-07,COMPLETE,2026-09-08,PARANA,Aja Ekadashi,Upavaasa: 07-Sep-26 | Parana today: 05:29 AM to 08:00 AM,**Perform Parana today** between 05:29 AM and 08:00 AM. Upavaasa was observed on 07-Sep-26.,Aja Ekadashi. Perform Parana today between 05:29 AM and 08:00 AM. Upavaasa was observed on 07-Sep-26. Upavaasa: 07-Sep-26 | Parana today: 05:29 AM to 08:00 AM
geoname:4922462,Lafayette,Indiana,United States,America/Indiana/Indianapolis,4922462,Aja Ekadashi,Normal Ekadashi,NORMAL,2026-09-07,,2026-09-08,07:22 AM,09:55 AM,DWADASHI_OVER_BEFORE_SUNRISE,DWADASHI,12:58 PM,2026-09-07,COMPLETE,2026-09-08,PARANA,Aja Ekadashi,Upavaasa: 07-Sep-26 | Parana today: 07:22 AM to 09:55 AM,**Perform Parana today** between 07:22 AM and 09:55 AM. Upavaasa was observed on 07-Sep-26.,Aja Ekadashi. Perform Parana today between 07:22 AM and 09:55 AM. Upavaasa was observed on 07-Sep-26. Upavaasa: 07-Sep-26 | Parana today: 07:22 AM to 09:55 AM
geoname:2643743,London,London,United Kingdom,Europe/London,2643743,Aja Ekadashi,Normal Ekadashi,NORMAL,2026-09-07,,2026-09-08,06:24 AM,09:01 AM,PRATAH,DWADASHI,05:58 PM,2026-09-07,COMPLETE,2026-09-08,PARANA,Aja Ekadashi,Upavaasa: 07-Sep-26 | Parana today: 06:24 AM to 09:01 AM,**Perform Parana today** between 06:24 AM and 09:01 AM. Upavaasa was observed on 07-Sep-26.,Aja Ekadashi. Perform Parana today between 06:24 AM and 09:01 AM. Upavaasa was observed on 07-Sep-26. Upavaasa: 07-Sep-26 | Parana today: 06:24 AM to 09:01 AM
geoname:5368361,Los Angeles,California,United States,America/Los_Angeles,5368361,Aja Ekadashi,Missing Ekadashi,MISSING_EKADASHI,2026-09-07,,2026-09-08,06:32 AM,09:03 AM,POST_DWADASHI_FAST_DWADASHI_OVER_BEFORE_SUNRISE,POST_DWADASHI_UPAVASA,09:58 AM,2026-09-07,COMPLETE,2026-09-08,PARANA,Aja Ekadashi,Upavaasa: 07-Sep-26 | Parana today: 06:32 AM to 09:03 AM,**Perform Parana today** between 06:32 AM and 09:03 AM. Upavaasa was observed on 07-Sep-26.,Aja Ekadashi. Perform Parana today between 06:32 AM and 09:03 AM. Upavaasa was observed on 07-Sep-26. Upavaasa: 07-Sep-26 | Parana today: 06:32 AM to 09:03 AM
geoname:1264733,Lucknow,Uttar Pradesh,India,Asia/Kolkata,1264733,Aja Ekadashi,Normal Ekadashi,NORMAL,2026-09-07,,2026-09-08,05:49 AM,08:19 AM,PRATAH,DWADASHI,10:28 PM,2026-09-07,COMPLETE,2026-09-08,PARANA,Aja Ekadashi,Upavaasa: 07-Sep-26 | Parana today: 05:49 AM to 08:19 AM,**Perform Parana today** between 05:49 AM and 08:19 AM. Upavaasa was observed on 07-Sep-26.,Aja Ekadashi. Perform Parana today between 05:49 AM and 08:19 AM. Upavaasa was observed on 07-Sep-26. Upavaasa: 07-Sep-26 | Parana today: 05:49 AM to 08:19 AM
geoname:1264521,Madurai,Tamil Nadu,India,Asia/Kolkata,1264521,Aja Ekadashi,Normal Ekadashi,NORMAL,2026-09-07,,2026-09-08,06:08 AM,08:35 AM,PRATAH,DWADASHI,10:28 PM,2026-09-07,COMPLETE,2026-09-08,PARANA,Aja Ekadashi,Upavaasa: 07-Sep-26 | Parana today: 06:08 AM to 08:35 AM,**Perform Parana today** between 06:08 AM and 08:35 AM. Upavaasa was observed on 07-Sep-26.,Aja Ekadashi. Perform Parana today between 06:08 AM and 08:35 AM. Upavaasa was observed on 07-Sep-26. Upavaasa: 07-Sep-26 | Parana today: 06:08 AM to 08:35 AM
geoname:1263780,Mangalore,Karnataka,India,Asia/Kolkata,1263780,Aja Ekadashi,Normal Ekadashi,NORMAL,2026-09-07,,2026-09-08,06:20 AM,08:47 AM,PRATAH,DWADASHI,10:28 PM,2026-09-07,COMPLETE,2026-09-08,PARANA,Aja Ekadashi,Upavaasa: 07-Sep-26 | Parana today: 06:20 AM to 08:47 AM,**Perform Parana today** between 06:20 AM and 08:47 AM. Upavaasa was observed on 07-Sep-26.,Aja Ekadashi. Perform Parana today between 06:20 AM and 08:47 AM. Upavaasa was observed on 07-Sep-26. Upavaasa: 07-Sep-26 | Parana today: 06:20 AM to 08:47 AM
geoname:2158177,Melbourne,Victoria,Australia,Australia/Melbourne,2158177,Aja Ekadashi,Normal Ekadashi,NORMAL,2026-09-07,,2026-09-08,06:32 AM,08:50 AM,PRATAH,DWADASHI,02:58 AM,2026-09-07,COMPLETE,2026-09-08,PARANA,Aja Ekadashi,Upavaasa: 07-Sep-26 | Parana today: 06:32 AM to 08:50 AM,**Perform Parana today** between 06:32 AM and 08:50 AM. Upavaasa was observed on 07-Sep-26.,Aja Ekadashi. Perform Parana today between 06:32 AM and 08:50 AM. Upavaasa was observed on 07-Sep-26. Upavaasa: 07-Sep-26 | Parana today: 06:32 AM to 08:50 AM
geoname:1275339,Mumbai,Maharashtra,India,Asia/Kolkata,1275339,Aja Ekadashi,Normal Ekadashi,NORMAL,2026-09-07,,2026-09-08,06:25 AM,08:53 AM,PRATAH,DWADASHI,10:28 PM,2026-09-07,COMPLETE,2026-09-08,PARANA,Aja Ekadashi,Upavaasa: 07-Sep-26 | Parana today: 06:25 AM to 08:53 AM,**Perform Parana today** between 06:25 AM and 08:53 AM. Upavaasa was observed on 07-Sep-26.,Aja Ekadashi. Perform Parana today between 06:25 AM and 08:53 AM. Upavaasa was observed on 07-Sep-26. Upavaasa: 07-Sep-26 | Parana today: 06:25 AM to 08:53 AM
geoname:1262321,Mysuru,Karnataka,India,Asia/Kolkata,1262321,Aja Ekadashi,Normal Ekadashi,NORMAL,2026-09-07,,2026-09-08,06:13 AM,08:40 AM,PRATAH,DWADASHI,10:28 PM,2026-09-07,COMPLETE,2026-09-08,PARANA,Aja Ekadashi,Upavaasa: 07-Sep-26 | Parana today: 06:13 AM to 08:40 AM,**Perform Parana today** between 06:13 AM and 08:40 AM. Upavaasa was observed on 07-Sep-26.,Aja Ekadashi. Perform Parana today between 06:13 AM and 08:40 AM. Upavaasa was observed on 07-Sep-26. Upavaasa: 07-Sep-26 | Parana today: 06:13 AM to 08:40 AM
geoname:1262180,Nagpur,Maharashtra,India,Asia/Kolkata,1262180,Aja Ekadashi,Normal Ekadashi,NORMAL,2026-09-07,,2026-09-08,05:59 AM,08:28 AM,PRATAH,DWADASHI,10:28 PM,2026-09-07,COMPLETE,2026-09-08,PARANA,Aja Ekadashi,Upavaasa: 07-Sep-26 | Parana today: 05:59 AM to 08:28 AM,**Perform Parana today** between 05:59 AM and 08:28 AM. Upavaasa was observed on 07-Sep-26.,Aja Ekadashi. Perform Parana today between 05:59 AM and 08:28 AM. Upavaasa was observed on 07-Sep-26. Upavaasa: 07-Sep-26 | Parana today: 05:59 AM to 08:28 AM
geoname:4644585,Nashville,Tennessee,United States,America/Chicago,4644585,Aja Ekadashi,Normal Ekadashi,NORMAL,2026-09-07,,2026-09-08,06:24 AM,08:56 AM,DWADASHI_OVER_BEFORE_SUNRISE,DWADASHI,11:58 AM,2026-09-07,COMPLETE,2026-09-08,PARANA,Aja Ekadashi,Upavaasa: 07-Sep-26 | Parana today: 06:24 AM to 08:56 AM,**Perform Parana today** between 06:24 AM and 08:56 AM. Upavaasa was observed on 07-Sep-26.,Aja Ekadashi. Perform Parana today between 06:24 AM and 08:56 AM. Upavaasa was observed on 07-Sep-26. Upavaasa: 07-Sep-26 | Parana today: 06:24 AM to 08:56 AM
geoname:5099836,New Jersey,New Jersey,United States,America/New_York,5099836,Aja Ekadashi,Normal Ekadashi,NORMAL,2026-09-07,,2026-09-08,06:30 AM,09:03 AM,DWADASHI_OVER_BEFORE_SUNRISE,DWADASHI,12:58 PM,2026-09-07,COMPLETE,2026-09-08,PARANA,Aja Ekadashi,Upavaasa: 07-Sep-26 | Parana today: 06:30 AM to 09:03 AM,**Perform Parana today** between 06:30 AM and 09:03 AM. Upavaasa was observed on 07-Sep-26.,Aja Ekadashi. Perform Parana today between 06:30 AM and 09:03 AM. Upavaasa was observed on 07-Sep-26. Upavaasa: 07-Sep-26 | Parana today: 06:30 AM to 09:03 AM
geoname:5128581,New York,New York,United States,America/New_York,5128581,Aja Ekadashi,Normal Ekadashi,NORMAL,2026-09-07,,2026-09-08,06:30 AM,09:03 AM,DWADASHI_OVER_BEFORE_SUNRISE,DWADASHI,12:58 PM,2026-09-07,COMPLETE,2026-09-08,PARANA,Aja Ekadashi,Upavaasa: 07-Sep-26 | Parana today: 06:30 AM to 09:03 AM,**Perform Parana today** between 06:30 AM and 09:03 AM. Upavaasa was observed on 07-Sep-26.,Aja Ekadashi. Perform Parana today between 06:30 AM and 09:03 AM. Upavaasa was observed on 07-Sep-26. Upavaasa: 07-Sep-26 | Parana today: 06:30 AM to 09:03 AM
geoname:4167147,Orlando,Florida,United States,America/New_York,4167147,Aja Ekadashi,Normal Ekadashi,NORMAL,2026-09-07,,2026-09-08,07:07 AM,09:37 AM,DWADASHI_OVER_BEFORE_SUNRISE,DWADASHI,12:58 PM,2026-09-07,COMPLETE,2026-09-08,PARANA,Aja Ekadashi,Upavaasa: 07-Sep-26 | Parana today: 07:07 AM to 09:37 AM,**Perform Parana today** between 07:07 AM and 09:37 AM. Upavaasa was observed on 07-Sep-26.,Aja Ekadashi. Perform Parana today between 07:07 AM and 09:37 AM. Upavaasa was observed on 07-Sep-26. Upavaasa: 07-Sep-26 | Parana today: 07:07 AM to 09:37 AM
geoname:1260546,Pandharpur,Maharashtra,India,Asia/Kolkata,1260546,Aja Ekadashi,Normal Ekadashi,NORMAL,2026-09-07,,2026-09-08,06:16 AM,08:44 AM,PRATAH,DWADASHI,10:28 PM,2026-09-07,COMPLETE,2026-09-08,PARANA,Aja Ekadashi,Upavaasa: 07-Sep-26 | Parana today: 06:16 AM to 08:44 AM,**Perform Parana today** between 06:16 AM and 08:44 AM. Upavaasa was observed on 07-Sep-26.,Aja Ekadashi. Perform Parana today between 06:16 AM and 08:44 AM. Upavaasa was observed on 07-Sep-26. Upavaasa: 07-Sep-26 | Parana today: 06:16 AM to 08:44 AM
geoname:2063523,Perth,Western Australia,Australia,Australia/Perth,2063523,Aja Ekadashi,Normal Ekadashi,NORMAL,2026-09-07,,2026-09-08,06:25 AM,08:45 AM,PRATAH,DWADASHI,12:58 AM,2026-09-07,COMPLETE,2026-09-08,PARANA,Aja Ekadashi,Upavaasa: 07-Sep-26 | Parana today: 06:25 AM to 08:45 AM,**Perform Parana today** between 06:25 AM and 08:45 AM. Upavaasa was observed on 07-Sep-26.,Aja Ekadashi. Perform Parana today between 06:25 AM and 08:45 AM. Upavaasa was observed on 07-Sep-26. Upavaasa: 07-Sep-26 | Parana today: 06:25 AM to 08:45 AM
geoname:4560349,Philadelphia,Pennsylvania,United States,America/New_York,4560349,Aja Ekadashi,Normal Ekadashi,NORMAL,2026-09-07,,2026-09-08,06:35 AM,09:08 AM,DWADASHI_OVER_BEFORE_SUNRISE,DWADASHI,12:58 PM,2026-09-07,COMPLETE,2026-09-08,PARANA,Aja Ekadashi,Upavaasa: 07-Sep-26 | Parana today: 06:35 AM to 09:08 AM,**Perform Parana today** between 06:35 AM and 09:08 AM. Upavaasa was observed on 07-Sep-26.,Aja Ekadashi. Perform Parana today between 06:35 AM and 09:08 AM. Upavaasa was observed on 07-Sep-26. Upavaasa: 07-Sep-26 | Parana today: 06:35 AM to 09:08 AM
geoname:5308655,Phoenix,Arizona,United States,America/Phoenix,5308655,Aja Ekadashi,Missing Ekadashi,MISSING_EKADASHI,2026-09-07,,2026-09-08,06:07 AM,08:38 AM,POST_DWADASHI_FAST_DWADASHI_OVER_BEFORE_SUNRISE,POST_DWADASHI_UPAVASA,09:58 AM,2026-09-07,COMPLETE,2026-09-08,PARANA,Aja Ekadashi,Upavaasa: 07-Sep-26 | Parana today: 06:07 AM to 08:38 AM,**Perform Parana today** between 06:07 AM and 08:38 AM. Upavaasa was observed on 07-Sep-26.,Aja Ekadashi. Perform Parana today between 06:07 AM and 08:38 AM. Upavaasa was observed on 07-Sep-26. Upavaasa: 07-Sep-26 | Parana today: 06:07 AM to 08:38 AM
geoname:5131614,Pittsford,New York,United States,America/New_York,5131614,Aja Ekadashi,Normal Ekadashi,NORMAL,2026-09-07,,2026-09-08,06:42 AM,09:16 AM,DWADASHI_OVER_BEFORE_SUNRISE,DWADASHI,12:58 PM,2026-09-07,COMPLETE,2026-09-08,PARANA,Aja Ekadashi,Upavaasa: 07-Sep-26 | Parana today: 06:42 AM to 09:16 AM,**Perform Parana today** between 06:42 AM and 09:16 AM. Upavaasa was observed on 07-Sep-26.,Aja Ekadashi. Perform Parana today between 06:42 AM and 09:16 AM. Upavaasa was observed on 07-Sep-26. Upavaasa: 07-Sep-26 | Parana today: 06:42 AM to 09:16 AM
geoname:5383527,Placentia,California,United States,America/Los_Angeles,5383527,Aja Ekadashi,Missing Ekadashi,MISSING_EKADASHI,2026-09-07,,2026-09-08,06:30 AM,09:02 AM,POST_DWADASHI_FAST_DWADASHI_OVER_BEFORE_SUNRISE,POST_DWADASHI_UPAVASA,09:58 AM,2026-09-07,COMPLETE,2026-09-08,PARANA,Aja Ekadashi,Upavaasa: 07-Sep-26 | Parana today: 06:30 AM to 09:02 AM,**Perform Parana today** between 06:30 AM and 09:02 AM. Upavaasa was observed on 07-Sep-26.,Aja Ekadashi. Perform Parana today between 06:30 AM and 09:02 AM. Upavaasa was observed on 07-Sep-26. Upavaasa: 07-Sep-26 | Parana today: 06:30 AM to 09:02 AM
geoname:1278994,Prayagraj,Uttar Pradesh,India,Asia/Kolkata,1278994,Aja Ekadashi,Normal Ekadashi,NORMAL,2026-09-07,,2026-09-08,05:46 AM,08:16 AM,PRATAH,DWADASHI,10:28 PM,2026-09-07,COMPLETE,2026-09-08,PARANA,Aja Ekadashi,Upavaasa: 07-Sep-26 | Parana today: 05:46 AM to 08:16 AM,**Perform Parana today** between 05:46 AM and 08:16 AM. Upavaasa was observed on 07-Sep-26.,Aja Ekadashi. Perform Parana today between 05:46 AM and 08:16 AM. Upavaasa was observed on 07-Sep-26. Upavaasa: 07-Sep-26 | Parana today: 05:46 AM to 08:16 AM
geoname:1259229,Pune,Maharashtra,India,Asia/Kolkata,1259229,Aja Ekadashi,Normal Ekadashi,NORMAL,2026-09-07,,2026-09-08,06:21 AM,08:49 AM,PRATAH,DWADASHI,10:28 PM,2026-09-07,COMPLETE,2026-09-08,PARANA,Aja Ekadashi,Upavaasa: 07-Sep-26 | Parana today: 06:21 AM to 08:49 AM,**Perform Parana today** between 06:21 AM and 08:49 AM. Upavaasa was observed on 07-Sep-26.,Aja Ekadashi. Perform Parana today between 06:21 AM and 08:49 AM. Upavaasa was observed on 07-Sep-26. Upavaasa: 07-Sep-26 | Parana today: 06:21 AM to 08:49 AM
geoname:4487042,Raleigh,North Carolina,United States,America/New_York,4487042,Aja Ekadashi,Normal Ekadashi,NORMAL,2026-09-07,,2026-09-08,06:52 AM,09:24 AM,DWADASHI_OVER_BEFORE_SUNRISE,DWADASHI,12:58 PM,2026-09-07,COMPLETE,2026-09-08,PARANA,Aja Ekadashi,Upavaasa: 07-Sep-26 | Parana today: 06:52 AM to 09:24 AM,**Perform Parana today** between 06:52 AM and 09:24 AM. Upavaasa was observed on 07-Sep-26.,Aja Ekadashi. Perform Parana today between 06:52 AM and 09:24 AM. Upavaasa was observed on 07-Sep-26. Upavaasa: 07-Sep-26 | Parana today: 06:52 AM to 09:24 AM
geoname:4781708,Richmond,Virginia,United States,America/New_York,4781708,Aja Ekadashi,Normal Ekadashi,NORMAL,2026-09-07,,2026-09-08,06:46 AM,09:18 AM,DWADASHI_OVER_BEFORE_SUNRISE,DWADASHI,12:58 PM,2026-09-07,COMPLETE,2026-09-08,PARANA,Aja Ekadashi,Upavaasa: 07-Sep-26 | Parana today: 06:46 AM to 09:18 AM,**Perform Parana today** between 06:46 AM and 09:18 AM. Upavaasa was observed on 07-Sep-26.,Aja Ekadashi. Perform Parana today between 06:46 AM and 09:18 AM. Upavaasa was observed on 07-Sep-26. Upavaasa: 07-Sep-26 | Parana today: 06:46 AM to 09:18 AM
geoname:5134086,Rochester,New York,United States,America/New_York,5134086,Aja Ekadashi,Normal Ekadashi,NORMAL,2026-09-07,,2026-09-08,06:43 AM,09:17 AM,DWADASHI_OVER_BEFORE_SUNRISE,DWADASHI,12:58 PM,2026-09-07,COMPLETE,2026-09-08,PARANA,Aja Ekadashi,Upavaasa: 07-Sep-26 | Parana today: 06:43 AM to 09:17 AM,**Perform Parana today** between 06:43 AM and 09:17 AM. Upavaasa was observed on 07-Sep-26.,Aja Ekadashi. Perform Parana today between 06:43 AM and 09:17 AM. Upavaasa was observed on 07-Sep-26. Upavaasa: 07-Sep-26 | Parana today: 06:43 AM to 09:17 AM
geoname:5391959,San Francisco,California,United States,America/Los_Angeles,5391959,Aja Ekadashi,Missing Ekadashi,MISSING_EKADASHI,2026-09-07,,2026-09-08,06:46 AM,09:18 AM,POST_DWADASHI_FAST_DWADASHI_OVER_BEFORE_SUNRISE,POST_DWADASHI_UPAVASA,09:58 AM,2026-09-07,COMPLETE,2026-09-08,PARANA,Aja Ekadashi,Upavaasa: 07-Sep-26 | Parana today: 06:46 AM to 09:18 AM,**Perform Parana today** between 06:46 AM and 09:18 AM. Upavaasa was observed on 07-Sep-26.,Aja Ekadashi. Perform Parana today between 06:46 AM and 09:18 AM. Upavaasa was observed on 07-Sep-26. Upavaasa: 07-Sep-26 | Parana today: 06:46 AM to 09:18 AM
geoname:5809844,Seattle,Washington,United States,America/Los_Angeles,5809844,Aja Ekadashi,Missing Ekadashi,MISSING_EKADASHI,2026-09-07,,2026-09-08,06:38 AM,09:13 AM,POST_DWADASHI_FAST_DWADASHI_OVER_BEFORE_SUNRISE,POST_DWADASHI_UPAVASA,09:58 AM,2026-09-07,COMPLETE,2026-09-08,PARANA,Aja Ekadashi,Upavaasa: 07-Sep-26 | Parana today: 06:38 AM to 09:13 AM,**Perform Parana today** between 06:38 AM and 09:13 AM. Upavaasa was observed on 07-Sep-26.,Aja Ekadashi. Perform Parana today between 06:38 AM and 09:13 AM. Upavaasa was observed on 07-Sep-26. Upavaasa: 07-Sep-26 | Parana today: 06:38 AM to 09:13 AM
geoname:1835848,Seoul,Seoul,South Korea,Asia/Seoul,1835848,Aja Ekadashi,Normal Ekadashi,NORMAL,2026-09-07,,2026-09-08,06:08 AM,08:41 AM,PRATAH,DWADASHI,01:58 AM,2026-09-07,COMPLETE,2026-09-08,PARANA,Aja Ekadashi,Upavaasa: 07-Sep-26 | Parana today: 06:08 AM to 08:41 AM,**Perform Parana today** between 06:08 AM and 08:41 AM. Upavaasa was observed on 07-Sep-26.,Aja Ekadashi. Perform Parana today between 06:08 AM and 08:41 AM. Upavaasa was observed on 07-Sep-26. Upavaasa: 07-Sep-26 | Parana today: 06:08 AM to 08:41 AM
geoname:1256525,Shiliguri,West Bengal,India,Asia/Kolkata,1256525,Aja Ekadashi,Normal Ekadashi,NORMAL,2026-09-07,,2026-09-08,05:19 AM,07:49 AM,PRATAH,DWADASHI,10:28 PM,2026-09-07,COMPLETE,2026-09-08,PARANA,Aja Ekadashi,Upavaasa: 07-Sep-26 | Parana today: 05:19 AM to 07:49 AM,**Perform Parana today** between 05:19 AM and 07:49 AM. Upavaasa was observed on 07-Sep-26.,Aja Ekadashi. Perform Parana today between 05:19 AM and 07:49 AM. Upavaasa was observed on 07-Sep-26. Upavaasa: 07-Sep-26 | Parana today: 05:19 AM to 07:49 AM
geoname:1256287,Silchar,Assam,India,Asia/Kolkata,1256287,Aja Ekadashi,Normal Ekadashi,NORMAL,2026-09-07,,2026-09-08,05:02 AM,07:32 AM,PRATAH,DWADASHI,10:28 PM,2026-09-07,COMPLETE,2026-09-08,PARANA,Aja Ekadashi,Upavaasa: 07-Sep-26 | Parana today: 05:02 AM to 07:32 AM,**Perform Parana today** between 05:02 AM and 07:32 AM. Upavaasa was observed on 07-Sep-26.,Aja Ekadashi. Perform Parana today between 05:02 AM and 07:32 AM. Upavaasa was observed on 07-Sep-26. Upavaasa: 07-Sep-26 | Parana today: 05:02 AM to 07:32 AM
geoname:1255634,Srinagar,Jammu and Kashmir,India,Asia/Kolkata,1255634,Aja Ekadashi,Normal Ekadashi,NORMAL,2026-09-07,,2026-09-08,06:09 AM,08:41 AM,PRATAH,DWADASHI,10:28 PM,2026-09-07,COMPLETE,2026-09-08,PARANA,Aja Ekadashi,Upavaasa: 07-Sep-26 | Parana today: 06:09 AM to 08:41 AM,**Perform Parana today** between 06:09 AM and 08:41 AM. Upavaasa was observed on 07-Sep-26.,Aja Ekadashi. Perform Parana today between 06:09 AM and 08:41 AM. Upavaasa was observed on 07-Sep-26. Upavaasa: 07-Sep-26 | Parana today: 06:09 AM to 08:41 AM
geoname:1254388,Srirangam,Tamil Nadu,India,Asia/Kolkata,1254388,Aja Ekadashi,Normal Ekadashi,NORMAL,2026-09-07,,2026-09-08,06:05 AM,08:32 AM,PRATAH,DWADASHI,10:28 PM,2026-09-07,COMPLETE,2026-09-08,PARANA,Aja Ekadashi,Upavaasa: 07-Sep-26 | Parana today: 06:05 AM to 08:32 AM,**Perform Parana today** between 06:05 AM and 08:32 AM. Upavaasa was observed on 07-Sep-26.,Aja Ekadashi. Perform Parana today between 06:05 AM and 08:32 AM. Upavaasa was observed on 07-Sep-26. Upavaasa: 07-Sep-26 | Parana today: 06:05 AM to 08:32 AM
geoname:5139865,Stonybrook,New York,United States,America/New_York,5139865,Aja Ekadashi,Normal Ekadashi,NORMAL,2026-09-07,,2026-09-08,06:26 AM,08:59 AM,DWADASHI_OVER_BEFORE_SUNRISE,DWADASHI,12:58 PM,2026-09-07,COMPLETE,2026-09-08,PARANA,Aja Ekadashi,Upavaasa: 07-Sep-26 | Parana today: 06:26 AM to 08:59 AM,**Perform Parana today** between 06:26 AM and 08:59 AM. Upavaasa was observed on 07-Sep-26.,Aja Ekadashi. Perform Parana today between 06:26 AM and 08:59 AM. Upavaasa was observed on 07-Sep-26. Upavaasa: 07-Sep-26 | Parana today: 06:26 AM to 08:59 AM
geoname:1255364,Surat,Gujarat,India,Asia/Kolkata,1255364,Aja Ekadashi,Normal Ekadashi,NORMAL,2026-09-07,,2026-09-08,06:24 AM,08:53 AM,PRATAH,DWADASHI,10:28 PM,2026-09-07,COMPLETE,2026-09-08,PARANA,Aja Ekadashi,Upavaasa: 07-Sep-26 | Parana today: 06:24 AM to 08:53 AM,**Perform Parana today** between 06:24 AM and 08:53 AM. Upavaasa was observed on 07-Sep-26.,Aja Ekadashi. Perform Parana today between 06:24 AM and 08:53 AM. Upavaasa was observed on 07-Sep-26. Upavaasa: 07-Sep-26 | Parana today: 06:24 AM to 08:53 AM
geoname:2147714,Sydney,New South Wales,Australia,Australia/Sydney,2147714,Aja Ekadashi,Normal Ekadashi,NORMAL,2026-09-07,,2026-09-08,06:05 AM,08:24 AM,PRATAH,DWADASHI,02:58 AM,2026-09-07,COMPLETE,2026-09-08,PARANA,Aja Ekadashi,Upavaasa: 07-Sep-26 | Parana today: 06:05 AM to 08:24 AM,**Perform Parana today** between 06:05 AM and 08:24 AM. Upavaasa was observed on 07-Sep-26.,Aja Ekadashi. Perform Parana today between 06:05 AM and 08:24 AM. Upavaasa was observed on 07-Sep-26. Upavaasa: 07-Sep-26 | Parana today: 06:05 AM to 08:24 AM
geoname:5140405,Syracuse,New York,United States,America/New_York,5140405,Aja Ekadashi,Normal Ekadashi,NORMAL,2026-09-07,,2026-09-08,06:37 AM,09:11 AM,DWADASHI_OVER_BEFORE_SUNRISE,DWADASHI,12:58 PM,2026-09-07,COMPLETE,2026-09-08,PARANA,Aja Ekadashi,Upavaasa: 07-Sep-26 | Parana today: 06:37 AM to 09:11 AM,**Perform Parana today** between 06:37 AM and 09:11 AM. Upavaasa was observed on 07-Sep-26.,Aja Ekadashi. Perform Parana today between 06:37 AM and 09:11 AM. Upavaasa was observed on 07-Sep-26. Upavaasa: 07-Sep-26 | Parana today: 06:37 AM to 09:11 AM
geoname:1262321,T Narasipura,Karnataka,India,Asia/Kolkata,1262321,Aja Ekadashi,Normal Ekadashi,NORMAL,2026-09-07,,2026-09-08,06:13 AM,08:40 AM,PRATAH,DWADASHI,10:28 PM,2026-09-07,COMPLETE,2026-09-08,PARANA,Aja Ekadashi,Upavaasa: 07-Sep-26 | Parana today: 06:13 AM to 08:40 AM,**Perform Parana today** between 06:13 AM and 08:40 AM. Upavaasa was observed on 07-Sep-26.,Aja Ekadashi. Perform Parana today between 06:13 AM and 08:40 AM. Upavaasa was observed on 07-Sep-26. Upavaasa: 07-Sep-26 | Parana today: 06:13 AM to 08:40 AM
geoname:4174757,Tampa,Florida,United States,America/New_York,4174757,Aja Ekadashi,Normal Ekadashi,NORMAL,2026-09-07,,2026-09-08,07:12 AM,09:42 AM,DWADASHI_OVER_BEFORE_SUNRISE,DWADASHI,12:58 PM,2026-09-07,COMPLETE,2026-09-08,PARANA,Aja Ekadashi,Upavaasa: 07-Sep-26 | Parana today: 07:12 AM to 09:42 AM,**Perform Parana today** between 07:12 AM and 09:42 AM. Upavaasa was observed on 07-Sep-26.,Aja Ekadashi. Perform Parana today between 07:12 AM and 09:42 AM. Upavaasa was observed on 07-Sep-26. Upavaasa: 07-Sep-26 | Parana today: 07:12 AM to 09:42 AM
geoname:1254163,Thiruvananthapuram,Kerala,India,Asia/Kolkata,1254163,Aja Ekadashi,Normal Ekadashi,NORMAL,2026-09-07,,2026-09-08,06:13 AM,08:40 AM,PRATAH,DWADASHI,10:28 PM,2026-09-07,COMPLETE,2026-09-08,PARANA,Aja Ekadashi,Upavaasa: 07-Sep-26 | Parana today: 06:13 AM to 08:40 AM,**Perform Parana today** between 06:13 AM and 08:40 AM. Upavaasa was observed on 07-Sep-26.,Aja Ekadashi. Perform Parana today between 06:13 AM and 08:40 AM. Upavaasa was observed on 07-Sep-26. Upavaasa: 07-Sep-26 | Parana today: 06:13 AM to 08:40 AM
geoname:1254360,Tirupati,Andhra Pradesh,India,Asia/Kolkata,1254360,Aja Ekadashi,Normal Ekadashi,NORMAL,2026-09-07,,2026-09-08,06:01 AM,08:29 AM,PRATAH,DWADASHI,10:28 PM,2026-09-07,COMPLETE,2026-09-08,PARANA,Aja Ekadashi,Upavaasa: 07-Sep-26 | Parana today: 06:01 AM to 08:29 AM,**Perform Parana today** between 06:01 AM and 08:29 AM. Upavaasa was observed on 07-Sep-26.,Aja Ekadashi. Perform Parana today between 06:01 AM and 08:29 AM. Upavaasa was observed on 07-Sep-26. Upavaasa: 07-Sep-26 | Parana today: 06:01 AM to 08:29 AM
geoname:1253952,Udupi,Karnataka,India,Asia/Kolkata,1253952,Aja Ekadashi,Normal Ekadashi,NORMAL,2026-09-07,,2026-09-08,06:20 AM,08:47 AM,PRATAH,DWADASHI,10:28 PM,2026-09-07,COMPLETE,2026-09-08,PARANA,Aja Ekadashi,Upavaasa: 07-Sep-26 | Parana today: 06:20 AM to 08:47 AM,**Perform Parana today** between 06:20 AM and 08:47 AM. Upavaasa was observed on 07-Sep-26.,Aja Ekadashi. Perform Parana today between 06:20 AM and 08:47 AM. Upavaasa was observed on 07-Sep-26. Upavaasa: 07-Sep-26 | Parana today: 06:20 AM to 08:47 AM
geoname:1253573,Vadodara,Gujarat,India,Asia/Kolkata,1253573,Aja Ekadashi,Normal Ekadashi,NORMAL,2026-09-07,,2026-09-08,06:22 AM,08:51 AM,PRATAH,DWADASHI,10:28 PM,2026-09-07,COMPLETE,2026-09-08,PARANA,Aja Ekadashi,Upavaasa: 07-Sep-26 | Parana today: 06:22 AM to 08:51 AM,**Perform Parana today** between 06:22 AM and 08:51 AM. Upavaasa was observed on 07-Sep-26.,Aja Ekadashi. Perform Parana today between 06:22 AM and 08:51 AM. Upavaasa was observed on 07-Sep-26. Upavaasa: 07-Sep-26 | Parana today: 06:22 AM to 08:51 AM
geoname:6173331,Vancouver,British Columbia,Canada,America/Los_Angeles,6173331,Aja Ekadashi,Missing Ekadashi,MISSING_EKADASHI,2026-09-07,,2026-09-08,06:39 AM,09:15 AM,POST_DWADASHI_FAST_DWADASHI_OVER_BEFORE_SUNRISE,POST_DWADASHI_UPAVASA,09:58 AM,2026-09-07,COMPLETE,2026-09-08,PARANA,Aja Ekadashi,Upavaasa: 07-Sep-26 | Parana today: 06:39 AM to 09:15 AM,**Perform Parana today** between 06:39 AM and 09:15 AM. Upavaasa was observed on 07-Sep-26.,Aja Ekadashi. Perform Parana today between 06:39 AM and 09:15 AM. Upavaasa was observed on 07-Sep-26. Upavaasa: 07-Sep-26 | Parana today: 06:39 AM to 09:15 AM
geoname:1253405,Varanasi,Uttar Pradesh,India,Asia/Kolkata,1253405,Aja Ekadashi,Normal Ekadashi,NORMAL,2026-09-07,,2026-09-08,05:41 AM,08:11 AM,PRATAH,DWADASHI,10:28 PM,2026-09-07,COMPLETE,2026-09-08,PARANA,Aja Ekadashi,Upavaasa: 07-Sep-26 | Parana today: 05:41 AM to 08:11 AM,**Perform Parana today** between 05:41 AM and 08:11 AM. Upavaasa was observed on 07-Sep-26.,Aja Ekadashi. Perform Parana today between 05:41 AM and 08:11 AM. Upavaasa was observed on 07-Sep-26. Upavaasa: 07-Sep-26 | Parana today: 05:41 AM to 08:11 AM
geoname:1253102,Visakhapatnam,Andra Pradesh,India,Asia/Kolkata,1253102,Aja Ekadashi,Normal Ekadashi,NORMAL,2026-09-07,,2026-09-08,05:44 AM,08:12 AM,PRATAH,DWADASHI,10:28 PM,2026-09-07,COMPLETE,2026-09-08,PARANA,Aja Ekadashi,Upavaasa: 07-Sep-26 | Parana today: 05:44 AM to 08:12 AM,**Perform Parana today** between 05:44 AM and 08:12 AM. Upavaasa was observed on 07-Sep-26.,Aja Ekadashi. Perform Parana today between 05:44 AM and 08:12 AM. Upavaasa was observed on 07-Sep-26. Upavaasa: 07-Sep-26 | Parana today: 05:44 AM to 08:12 AM
geoname:2179537,Wellington,Wellington,New Zealand,Pacific/Auckland,2179537,Aja Ekadashi,Normal Ekadashi,NORMAL,2026-09-07,,2026-09-08,06:35 AM,08:53 AM,PRATAH,DWADASHI,04:58 AM,2026-09-07,COMPLETE,2026-09-08,PARANA,Aja Ekadashi,Upavaasa: 07-Sep-26 | Parana today: 06:35 AM to 08:53 AM,**Perform Parana today** between 06:35 AM and 08:53 AM. Upavaasa was observed on 07-Sep-26.,Aja Ekadashi. Perform Parana today between 06:35 AM and 08:53 AM. Upavaasa was observed on 07-Sep-26. Upavaasa: 07-Sep-26 | Parana today: 06:35 AM to 08:53 AM
geoname:6182962,Windsor,Ontario,Canada,America/New_York,6182962,Aja Ekadashi,Normal Ekadashi,NORMAL,2026-09-07,,2026-09-08,07:05 AM,09:39 AM,DWADASHI_OVER_BEFORE_SUNRISE,DWADASHI,12:58 PM,2026-09-07,COMPLETE,2026-09-08,PARANA,Aja Ekadashi,Upavaasa: 07-Sep-26 | Parana today: 07:05 AM to 09:39 AM,**Perform Parana today** between 07:05 AM and 09:39 AM. Upavaasa was observed on 07-Sep-26.,Aja Ekadashi. Perform Parana today between 07:05 AM and 09:39 AM. Upavaasa was observed on 07-Sep-26. Upavaasa: 07-Sep-26 | Parana today: 07:05 AM to 09:39 AM
geoname:2657896,Zurich,Zurich,Switzerland,Europe/Zurich,2657896,Aja Ekadashi,Normal Ekadashi,NORMAL,2026-09-07,,2026-09-08,06:54 AM,09:30 AM,PRATAH,DWADASHI,06:58 PM,2026-09-07,COMPLETE,2026-09-08,PARANA,Aja Ekadashi,Upavaasa: 07-Sep-26 | Parana today: 06:54 AM to 09:30 AM,**Perform Parana today** between 06:54 AM and 09:30 AM. Upavaasa was observed on 07-Sep-26.,Aja Ekadashi. Perform Parana today between 06:54 AM and 09:30 AM. Upavaasa was observed on 07-Sep-26. Upavaasa: 07-Sep-26 | Parana today: 06:54 AM to 09:30 AM
