Cache Schema Version,Place Key,Date,City,State/Region,Country,Timezone,Geoname ID,Selected Drik Location,Tithi,Sunrise Tithi,Nakshatra,Sunrise Nakshatra,Sunrise,Sunset,Arunodaya,Paksha,Amanta Maasa,Vaara,Month Page URL,Cached At
2.0,geoname:1253102,2026-08-08,Visakhapatnam,Andra Pradesh,India,Asia/Kolkata,1253102,Visakhapatnam,Dashami upto 01:59 PM,Dashami,Rohini upto 04:51 PM,Rohini,05:38 AM,06:28 PM,2026-08-08 04:02:00 AM IST,Krishna Paksha,Ashadha,Shaniwara,https://www.drikpanchang.com/panchang/month-panchang.html?geoname-id=1253102&date=08/08/2026,2026-08-22T14:14:06
2.0,geoname:1253102,2026-08-09,Visakhapatnam,Andra Pradesh,India,Asia/Kolkata,1253102,Visakhapatnam,Ekadashi upto 11:04 AM,Ekadashi,Mrigashira upto 02:43 PM,Mrigashirsha,05:38 AM,06:27 PM,2026-08-09 04:02:00 AM IST,Krishna Paksha,Ashadha,Raviwara,https://www.drikpanchang.com/panchang/month-panchang.html?geoname-id=1253102&date=09/08/2026,2026-08-22T14:14:17
2.0,geoname:1253102,2026-08-10,Visakhapatnam,Andra Pradesh,India,Asia/Kolkata,1253102,Visakhapatnam,"Dwadashi upto 08:00 AM; Trayodashi upto 04:54 AM, Aug 11",Dwadashi,Ardra upto 12:26 PM,Ardra,05:39 AM,06:26 PM,2026-08-10 04:03:00 AM IST,Krishna Paksha,Ashadha,Somawara,https://www.drikpanchang.com/panchang/month-panchang.html?geoname-id=1253102&date=10/08/2026,2026-08-22T14:14:27
2.0,geoname:1253102,2026-08-22,Visakhapatnam,Andra Pradesh,India,Asia/Kolkata,1253102,Visakhapatnam,"Dashami upto 02:00 AM, Aug 23",Dashami,Jyeshtha upto 02:49 PM,Jyeshtha,05:41 AM,06:19 PM,2026-08-22 04:05:00 AM IST,Shukla Paksha,Shravana,Shaniwara,https://www.drikpanchang.com/panchang/month-panchang.html?geoname-id=1253102&date=22/08/2026,2026-08-22T15:57:25
2.0,geoname:1253102,2026-08-23,Visakhapatnam,Andra Pradesh,India,Asia/Kolkata,1253102,Visakhapatnam,"Ekadashi upto 04:18 AM, Aug 24",Ekadashi,Mula upto 05:44 PM,Mula,05:41 AM,06:18 PM,2026-08-23 04:05:00 AM IST,Shukla Paksha,Shravana,Raviwara,https://www.drikpanchang.com/panchang/month-panchang.html?geoname-id=1253102&date=23/08/2026,2026-08-22T15:57:14
2.0,geoname:1253102,2026-08-24,Visakhapatnam,Andra Pradesh,India,Asia/Kolkata,1253102,Visakhapatnam,Dwadashi upto Full Night,Dwadashi,Purva Ashadha upto 08:28 PM,Purva Ashadha,05:42 AM,06:17 PM,2026-08-24 04:06:00 AM IST,Shukla Paksha,Shravana,Somawara,https://www.drikpanchang.com/panchang/month-panchang.html?geoname-id=1253102&date=24/08/2026,2026-08-22T15:57:35
2.0,geoname:1253102,2026-08-25,Visakhapatnam,Andra Pradesh,India,Asia/Kolkata,1253102,Visakhapatnam,Dwadashi upto 06:20 AM,Dwadashi,Uttara Ashadha upto 10:51 PM,Uttara Ashadha,05:42 AM,06:17 PM,2026-08-25 04:06:00 AM IST,Shukla Paksha,Shravana,Mangalawara,https://www.drikpanchang.com/panchang/month-panchang.html?geoname-id=1253102&date=25/08/2026,2026-08-22T15:57:46
2.0,geoname:1253405,2026-08-08,Varanasi,Uttar Pradesh,India,Asia/Kolkata,1253405,Varanasi,Dashami upto 01:59 PM,Dashami,Rohini upto 04:51 PM,Rohini,05:28 AM,06:39 PM,2026-08-08 03:52:00 AM IST,Krishna Paksha,Ashadha,Shaniwara,https://www.drikpanchang.com/panchang/month-panchang.html?geoname-id=1253405&date=08/08/2026,2026-08-22T15:00:57
2.0,geoname:1253405,2026-08-09,Varanasi,Uttar Pradesh,India,Asia/Kolkata,1253405,Varanasi,Ekadashi upto 11:04 AM,Ekadashi,Mrigashira upto 02:43 PM,Mrigashirsha,05:29 AM,06:38 PM,2026-08-09 03:53:00 AM IST,Krishna Paksha,Ashadha,Raviwara,https://www.drikpanchang.com/panchang/month-panchang.html?geoname-id=1253405&date=09/08/2026,2026-08-22T15:01:07
2.0,geoname:1253405,2026-08-10,Varanasi,Uttar Pradesh,India,Asia/Kolkata,1253405,Varanasi,"Dwadashi upto 08:00 AM; Trayodashi upto 04:54 AM, Aug 11",Dwadashi,Ardra upto 12:26 PM,Ardra,05:29 AM,06:37 PM,2026-08-10 03:53:00 AM IST,Krishna Paksha,Ashadha,Somawara,https://www.drikpanchang.com/panchang/month-panchang.html?geoname-id=1253405&date=10/08/2026,2026-08-22T15:01:18
2.0,geoname:1253405,2026-08-22,Varanasi,Uttar Pradesh,India,Asia/Kolkata,1253405,Varanasi,"Dashami upto 02:00 AM, Aug 23",Dashami,Jyeshtha upto 02:49 PM,Jyeshtha,05:34 AM,06:27 PM,2026-08-22 03:58:00 AM IST,Shukla Paksha,Shravana,Shaniwara,https://www.drikpanchang.com/panchang/month-panchang.html?geoname-id=1253405&date=22/08/2026,2026-08-22T16:44:38
2.0,geoname:1253405,2026-08-23,Varanasi,Uttar Pradesh,India,Asia/Kolkata,1253405,Varanasi,"Ekadashi upto 04:18 AM, Aug 24",Ekadashi,Mula upto 05:44 PM,Mula,05:35 AM,06:26 PM,2026-08-23 03:59:00 AM IST,Shukla Paksha,Shravana,Raviwara,https://www.drikpanchang.com/panchang/month-panchang.html?geoname-id=1253405&date=23/08/2026,2026-08-22T16:44:27
2.0,geoname:1253405,2026-08-24,Varanasi,Uttar Pradesh,India,Asia/Kolkata,1253405,Varanasi,Dwadashi upto Full Night,Dwadashi,Purva Ashadha upto 08:28 PM,Purva Ashadha,05:35 AM,06:25 PM,2026-08-24 03:59:00 AM IST,Shukla Paksha,Shravana,Somawara,https://www.drikpanchang.com/panchang/month-panchang.html?geoname-id=1253405&date=24/08/2026,2026-08-22T16:44:48
2.0,geoname:1253405,2026-08-25,Varanasi,Uttar Pradesh,India,Asia/Kolkata,1253405,Varanasi,Dwadashi upto 06:20 AM,Dwadashi,Uttara Ashadha upto 10:51 PM,Uttara Ashadha,05:36 AM,06:24 PM,2026-08-25 04:00:00 AM IST,Shukla Paksha,Shravana,Mangalawara,https://www.drikpanchang.com/panchang/month-panchang.html?geoname-id=1253405&date=25/08/2026,2026-08-22T16:44:59
2.0,geoname:1253573,2026-08-08,Vadodara,Gujarat,India,Asia/Kolkata,1253573,Vadodara,Dashami upto 01:59 PM,Dashami,Rohini upto 04:51 PM,Rohini,06:12 AM,07:14 PM,2026-08-08 04:36:00 AM IST,Krishna Paksha,Ashadha,Shaniwara,https://www.drikpanchang.com/panchang/month-panchang.html?geoname-id=1253573&date=08/08/2026,2026-08-22T14:30:21
2.0,geoname:1253573,2026-08-09,Vadodara,Gujarat,India,Asia/Kolkata,1253573,Vadodara,Ekadashi upto 11:04 AM,Ekadashi,Mrigashira upto 02:43 PM,Mrigashirsha,06:12 AM,07:13 PM,2026-08-09 04:36:00 AM IST,Krishna Paksha,Ashadha,Raviwara,https://www.drikpanchang.com/panchang/month-panchang.html?geoname-id=1253573&date=09/08/2026,2026-08-22T14:30:32
2.0,geoname:1253573,2026-08-10,Vadodara,Gujarat,India,Asia/Kolkata,1253573,Vadodara,"Dwadashi upto 08:00 AM; Trayodashi upto 04:54 AM, Aug 11",Dwadashi,Ardra upto 12:26 PM,Ardra,06:13 AM,07:12 PM,2026-08-10 04:37:00 AM IST,Krishna Paksha,Ashadha,Somawara,https://www.drikpanchang.com/panchang/month-panchang.html?geoname-id=1253573&date=10/08/2026,2026-08-22T14:30:42
2.0,geoname:1253573,2026-08-22,Vadodara,Gujarat,India,Asia/Kolkata,1253573,Vadodara,"Dashami upto 02:00 AM, Aug 23",Dashami,Jyeshtha upto 02:49 PM,Jyeshtha,06:17 AM,07:03 PM,2026-08-22 04:41:00 AM IST,Shukla Paksha,Shravana,Shaniwara,https://www.drikpanchang.com/panchang/month-panchang.html?geoname-id=1253573&date=22/08/2026,2026-08-22T16:12:43
2.0,geoname:1253573,2026-08-23,Vadodara,Gujarat,India,Asia/Kolkata,1253573,Vadodara,"Ekadashi upto 04:18 AM, Aug 24",Ekadashi,Mula upto 05:44 PM,Mula,06:17 AM,07:02 PM,2026-08-23 04:41:00 AM IST,Shukla Paksha,Shravana,Raviwara,https://www.drikpanchang.com/panchang/month-panchang.html?geoname-id=1253573&date=23/08/2026,2026-08-22T16:12:32
2.0,geoname:1253573,2026-08-24,Vadodara,Gujarat,India,Asia/Kolkata,1253573,Vadodara,Dwadashi upto Full Night,Dwadashi,Purva Ashadha upto 08:28 PM,Purva Ashadha,06:17 AM,07:01 PM,2026-08-24 04:41:00 AM IST,Shukla Paksha,Shravana,Somawara,https://www.drikpanchang.com/panchang/month-panchang.html?geoname-id=1253573&date=24/08/2026,2026-08-22T16:12:53
2.0,geoname:1253573,2026-08-25,Vadodara,Gujarat,India,Asia/Kolkata,1253573,Vadodara,Dwadashi upto 06:20 AM,Dwadashi,Uttara Ashadha upto 10:51 PM,Uttara Ashadha,06:18 AM,07:01 PM,2026-08-25 04:42:00 AM IST,Shukla Paksha,Shravana,Mangalawara,https://www.drikpanchang.com/panchang/month-panchang.html?geoname-id=1253573&date=25/08/2026,2026-08-22T16:13:04
2.0,geoname:1253952,2026-08-08,Udupi,Karnataka,India,Asia/Kolkata,1253952,Udupi,Dashami upto 01:59 PM,Dashami,Rohini upto 04:51 PM,Rohini,06:17 AM,06:56 PM,2026-08-08 04:41:00 AM IST,Krishna Paksha,Ashadha,Shaniwara,https://www.drikpanchang.com/panchang/month-panchang.html?geoname-id=1253952&date=08/08/2026,2026-08-22T14:28:46
2.0,geoname:1253952,2026-08-09,Udupi,Karnataka,India,Asia/Kolkata,1253952,Udupi,Ekadashi upto 11:04 AM,Ekadashi,Mrigashira upto 02:43 PM,Mrigashirsha,06:18 AM,06:55 PM,2026-08-09 04:42:00 AM IST,Krishna Paksha,Ashadha,Raviwara,https://www.drikpanchang.com/panchang/month-panchang.html?geoname-id=1253952&date=09/08/2026,2026-08-22T14:28:56
2.0,geoname:1253952,2026-08-10,Udupi,Karnataka,India,Asia/Kolkata,1253952,Udupi,"Dwadashi upto 08:00 AM; Trayodashi upto 04:54 AM, Aug 11",Dwadashi,Ardra upto 12:26 PM,Ardra,06:18 AM,06:55 PM,2026-08-10 04:42:00 AM IST,Krishna Paksha,Ashadha,Somawara,https://www.drikpanchang.com/panchang/month-panchang.html?geoname-id=1253952&date=10/08/2026,2026-08-22T14:29:07
2.0,geoname:1253952,2026-08-22,Udupi,Karnataka,India,Asia/Kolkata,1253952,Udupi,"Dashami upto 02:00 AM, Aug 23",Dashami,Jyeshtha upto 02:49 PM,Jyeshtha,06:19 AM,06:49 PM,2026-08-22 04:43:00 AM IST,Shukla Paksha,Shravana,Shaniwara,https://www.drikpanchang.com/panchang/month-panchang.html?geoname-id=1253952&date=22/08/2026,2026-08-22T16:10:32
2.0,geoname:1253952,2026-08-23,Udupi,Karnataka,India,Asia/Kolkata,1253952,Udupi,"Ekadashi upto 04:18 AM, Aug 24",Ekadashi,Mula upto 05:44 PM,Mula,06:19 AM,06:48 PM,2026-08-23 04:43:00 AM IST,Shukla Paksha,Shravana,Raviwara,https://www.drikpanchang.com/panchang/month-panchang.html?geoname-id=1253952&date=23/08/2026,2026-08-22T16:10:21
2.0,geoname:1253952,2026-08-24,Udupi,Karnataka,India,Asia/Kolkata,1253952,Udupi,Dwadashi upto Full Night,Dwadashi,Purva Ashadha upto 08:28 PM,Purva Ashadha,06:19 AM,06:47 PM,2026-08-24 04:43:00 AM IST,Shukla Paksha,Shravana,Somawara,https://www.drikpanchang.com/panchang/month-panchang.html?geoname-id=1253952&date=24/08/2026,2026-08-22T16:10:43
2.0,geoname:1253952,2026-08-25,Udupi,Karnataka,India,Asia/Kolkata,1253952,Udupi,Dwadashi upto 06:20 AM,Dwadashi,Uttara Ashadha upto 10:51 PM,Uttara Ashadha,06:19 AM,06:47 PM,2026-08-25 04:43:00 AM IST,Shukla Paksha,Shravana,Mangalawara,https://www.drikpanchang.com/panchang/month-panchang.html?geoname-id=1253952&date=25/08/2026,2026-08-22T16:10:53
2.0,geoname:1254163,2026-08-08,Thiruvananthapuram,Kerala,India,Asia/Kolkata,1254163,Thiruvananthapuram,Dashami upto 01:59 PM,Dashami,Rohini upto 04:51 PM,Rohini,06:14 AM,06:41 PM,2026-08-08 04:38:00 AM IST,Krishna Paksha,Ashadha,Shaniwara,https://www.drikpanchang.com/panchang/month-panchang.html?geoname-id=1254163&date=08/08/2026,2026-08-22T14:51:20
2.0,geoname:1254163,2026-08-09,Thiruvananthapuram,Kerala,India,Asia/Kolkata,1254163,Thiruvananthapuram,Ekadashi upto 11:04 AM,Ekadashi,Mrigashira upto 02:43 PM,Mrigashirsha,06:15 AM,06:41 PM,2026-08-09 04:39:00 AM IST,Krishna Paksha,Ashadha,Raviwara,https://www.drikpanchang.com/panchang/month-panchang.html?geoname-id=1254163&date=09/08/2026,2026-08-22T14:51:31
2.0,geoname:1254163,2026-08-10,Thiruvananthapuram,Kerala,India,Asia/Kolkata,1254163,Thiruvananthapuram,"Dwadashi upto 08:00 AM; Trayodashi upto 04:54 AM, Aug 11",Dwadashi,Ardra upto 12:26 PM,Ardra,06:15 AM,06:40 PM,2026-08-10 04:39:00 AM IST,Krishna Paksha,Ashadha,Somawara,https://www.drikpanchang.com/panchang/month-panchang.html?geoname-id=1254163&date=10/08/2026,2026-08-22T14:51:41
2.0,geoname:1254163,2026-08-22,Thiruvananthapuram,Kerala,India,Asia/Kolkata,1254163,Thiruvananthapuram,"Dashami upto 02:00 AM, Aug 23",Dashami,Jyeshtha upto 02:49 PM,Jyeshtha,06:15 AM,06:36 PM,2026-08-22 04:39:00 AM IST,Shukla Paksha,Shravana,Shaniwara,https://www.drikpanchang.com/panchang/month-panchang.html?geoname-id=1254163&date=22/08/2026,2026-08-22T16:40:24
2.0,geoname:1254163,2026-08-23,Thiruvananthapuram,Kerala,India,Asia/Kolkata,1254163,Thiruvananthapuram,"Ekadashi upto 04:18 AM, Aug 24",Ekadashi,Mula upto 05:44 PM,Mula,06:15 AM,06:35 PM,2026-08-23 04:39:00 AM IST,Shukla Paksha,Shravana,Raviwara,https://www.drikpanchang.com/panchang/month-panchang.html?geoname-id=1254163&date=23/08/2026,2026-08-22T16:40:13
2.0,geoname:1254163,2026-08-24,Thiruvananthapuram,Kerala,India,Asia/Kolkata,1254163,Thiruvananthapuram,Dwadashi upto Full Night,Dwadashi,Purva Ashadha upto 08:28 PM,Purva Ashadha,06:14 AM,06:35 PM,2026-08-24 04:38:00 AM IST,Shukla Paksha,Shravana,Somawara,https://www.drikpanchang.com/panchang/month-panchang.html?geoname-id=1254163&date=24/08/2026,2026-08-22T16:40:34
2.0,geoname:1254163,2026-08-25,Thiruvananthapuram,Kerala,India,Asia/Kolkata,1254163,Thiruvananthapuram,Dwadashi upto 06:20 AM,Dwadashi,Uttara Ashadha upto 10:51 PM,Uttara Ashadha,06:14 AM,06:34 PM,2026-08-25 04:38:00 AM IST,Shukla Paksha,Shravana,Mangalawara,https://www.drikpanchang.com/panchang/month-panchang.html?geoname-id=1254163&date=25/08/2026,2026-08-22T16:40:45
2.0,geoname:1254360,2026-08-08,Tirupati,Andhra Pradesh,India,Asia/Kolkata,1254360,Tirupati,Dashami upto 01:59 PM,Dashami,Rohini upto 04:51 PM,Rohini,05:58 AM,06:38 PM,2026-08-08 04:22:00 AM IST,Krishna Paksha,Ashadha,Shaniwara,https://www.drikpanchang.com/panchang/month-panchang.html?geoname-id=1254360&date=08/08/2026,2026-08-22T14:59:53
2.0,geoname:1254360,2026-08-09,Tirupati,Andhra Pradesh,India,Asia/Kolkata,1254360,Tirupati,Ekadashi upto 11:04 AM,Ekadashi,Mrigashira upto 02:43 PM,Mrigashirsha,05:58 AM,06:37 PM,2026-08-09 04:22:00 AM IST,Krishna Paksha,Ashadha,Raviwara,https://www.drikpanchang.com/panchang/month-panchang.html?geoname-id=1254360&date=09/08/2026,2026-08-22T15:00:04
2.0,geoname:1254360,2026-08-10,Tirupati,Andhra Pradesh,India,Asia/Kolkata,1254360,Tirupati,"Dwadashi upto 08:00 AM; Trayodashi upto 04:54 AM, Aug 11",Dwadashi,Ardra upto 12:26 PM,Ardra,05:59 AM,06:37 PM,2026-08-10 04:23:00 AM IST,Krishna Paksha,Ashadha,Somawara,https://www.drikpanchang.com/panchang/month-panchang.html?geoname-id=1254360&date=10/08/2026,2026-08-22T15:00:14
2.0,geoname:1254360,2026-08-22,Tirupati,Andhra Pradesh,India,Asia/Kolkata,1254360,Tirupati,"Dashami upto 02:00 AM, Aug 23",Dashami,Jyeshtha upto 02:49 PM,Jyeshtha,06:00 AM,06:30 PM,2026-08-22 04:24:00 AM IST,Shukla Paksha,Shravana,Shaniwara,https://www.drikpanchang.com/panchang/month-panchang.html?geoname-id=1254360&date=22/08/2026,2026-08-22T16:43:13
2.0,geoname:1254360,2026-08-23,Tirupati,Andhra Pradesh,India,Asia/Kolkata,1254360,Tirupati,"Ekadashi upto 04:18 AM, Aug 24",Ekadashi,Mula upto 05:44 PM,Mula,06:00 AM,06:30 PM,2026-08-23 04:24:00 AM IST,Shukla Paksha,Shravana,Raviwara,https://www.drikpanchang.com/panchang/month-panchang.html?geoname-id=1254360&date=23/08/2026,2026-08-22T16:43:03
2.0,geoname:1254360,2026-08-24,Tirupati,Andhra Pradesh,India,Asia/Kolkata,1254360,Tirupati,Dwadashi upto Full Night,Dwadashi,Purva Ashadha upto 08:28 PM,Purva Ashadha,06:00 AM,06:29 PM,2026-08-24 04:24:00 AM IST,Shukla Paksha,Shravana,Somawara,https://www.drikpanchang.com/panchang/month-panchang.html?geoname-id=1254360&date=24/08/2026,2026-08-22T16:43:23
2.0,geoname:1254360,2026-08-25,Tirupati,Andhra Pradesh,India,Asia/Kolkata,1254360,Tirupati,Dwadashi upto 06:20 AM,Dwadashi,Uttara Ashadha upto 10:51 PM,Uttara Ashadha,06:00 AM,06:28 PM,2026-08-25 04:24:00 AM IST,Shukla Paksha,Shravana,Mangalawara,https://www.drikpanchang.com/panchang/month-panchang.html?geoname-id=1254360&date=25/08/2026,2026-08-22T16:43:34
2.0,geoname:1254388,2026-08-08,Srirangam,Tamil Nadu,India,Asia/Kolkata,1254388,Srirangam,Dashami upto 01:59 PM,Dashami,Rohini upto 04:51 PM,Rohini,06:05 AM,06:37 PM,2026-08-08 04:29:00 AM IST,Krishna Paksha,Ashadha,Shaniwara,https://www.drikpanchang.com/panchang/month-panchang.html?geoname-id=1254388&date=08/08/2026,2026-08-22T14:11:28
2.0,geoname:1254388,2026-08-09,Srirangam,Tamil Nadu,India,Asia/Kolkata,1254388,Srirangam,Ekadashi upto 11:04 AM,Ekadashi,Mrigashira upto 02:43 PM,Mrigashirsha,06:05 AM,06:37 PM,2026-08-09 04:29:00 AM IST,Krishna Paksha,Ashadha,Raviwara,https://www.drikpanchang.com/panchang/month-panchang.html?geoname-id=1254388&date=09/08/2026,2026-08-22T14:11:38
2.0,geoname:1254388,2026-08-10,Srirangam,Tamil Nadu,India,Asia/Kolkata,1254388,Srirangam,"Dwadashi upto 08:00 AM; Trayodashi upto 04:54 AM, Aug 11",Dwadashi,Ardra upto 12:26 PM,Ardra,06:05 AM,06:36 PM,2026-08-10 04:29:00 AM IST,Krishna Paksha,Ashadha,Somawara,https://www.drikpanchang.com/panchang/month-panchang.html?geoname-id=1254388&date=10/08/2026,2026-08-22T14:11:49
2.0,geoname:1254388,2026-08-22,Srirangam,Tamil Nadu,India,Asia/Kolkata,1254388,Srirangam,"Dashami upto 02:00 AM, Aug 23",Dashami,Jyeshtha upto 02:49 PM,Jyeshtha,06:06 AM,06:31 PM,2026-08-22 04:30:00 AM IST,Shukla Paksha,Shravana,Shaniwara,https://www.drikpanchang.com/panchang/month-panchang.html?geoname-id=1254388&date=22/08/2026,2026-08-22T15:53:46
2.0,geoname:1254388,2026-08-23,Srirangam,Tamil Nadu,India,Asia/Kolkata,1254388,Srirangam,"Ekadashi upto 04:18 AM, Aug 24",Ekadashi,Mula upto 05:44 PM,Mula,06:06 AM,06:30 PM,2026-08-23 04:30:00 AM IST,Shukla Paksha,Shravana,Raviwara,https://www.drikpanchang.com/panchang/month-panchang.html?geoname-id=1254388&date=23/08/2026,2026-08-22T15:53:35
2.0,geoname:1254388,2026-08-24,Srirangam,Tamil Nadu,India,Asia/Kolkata,1254388,Srirangam,Dwadashi upto Full Night,Dwadashi,Purva Ashadha upto 08:28 PM,Purva Ashadha,06:06 AM,06:29 PM,2026-08-24 04:30:00 AM IST,Shukla Paksha,Shravana,Somawara,https://www.drikpanchang.com/panchang/month-panchang.html?geoname-id=1254388&date=24/08/2026,2026-08-22T15:53:57
2.0,geoname:1254388,2026-08-25,Srirangam,Tamil Nadu,India,Asia/Kolkata,1254388,Srirangam,Dwadashi upto 06:20 AM,Dwadashi,Uttara Ashadha upto 10:51 PM,Uttara Ashadha,06:06 AM,06:29 PM,2026-08-25 04:30:00 AM IST,Shukla Paksha,Shravana,Mangalawara,https://www.drikpanchang.com/panchang/month-panchang.html?geoname-id=1254388&date=25/08/2026,2026-08-22T15:54:07
2.0,geoname:1255364,2026-08-08,Surat,Gujarat,India,Asia/Kolkata,1255364,Surat,Dashami upto 01:59 PM,Dashami,Rohini upto 04:51 PM,Rohini,06:15 AM,07:14 PM,2026-08-08 04:39:00 AM IST,Krishna Paksha,Ashadha,Shaniwara,https://www.drikpanchang.com/panchang/month-panchang.html?geoname-id=1255364&date=08/08/2026,2026-08-22T14:29:18
2.0,geoname:1255364,2026-08-09,Surat,Gujarat,India,Asia/Kolkata,1255364,Surat,Ekadashi upto 11:04 AM,Ekadashi,Mrigashira upto 02:43 PM,Mrigashirsha,06:15 AM,07:13 PM,2026-08-09 04:39:00 AM IST,Krishna Paksha,Ashadha,Raviwara,https://www.drikpanchang.com/panchang/month-panchang.html?geoname-id=1255364&date=09/08/2026,2026-08-22T14:29:28
2.0,geoname:1255364,2026-08-10,Surat,Gujarat,India,Asia/Kolkata,1255364,Surat,"Dwadashi upto 08:00 AM; Trayodashi upto 04:54 AM, Aug 11",Dwadashi,Ardra upto 12:26 PM,Ardra,06:15 AM,07:12 PM,2026-08-10 04:39:00 AM IST,Krishna Paksha,Ashadha,Somawara,https://www.drikpanchang.com/panchang/month-panchang.html?geoname-id=1255364&date=10/08/2026,2026-08-22T14:29:39
2.0,geoname:1255364,2026-08-22,Surat,Gujarat,India,Asia/Kolkata,1255364,Surat,"Dashami upto 02:00 AM, Aug 23",Dashami,Jyeshtha upto 02:49 PM,Jyeshtha,06:19 AM,07:04 PM,2026-08-22 04:43:00 AM IST,Shukla Paksha,Shravana,Shaniwara,https://www.drikpanchang.com/panchang/month-panchang.html?geoname-id=1255364&date=22/08/2026,2026-08-22T16:11:16
2.0,geoname:1255364,2026-08-23,Surat,Gujarat,India,Asia/Kolkata,1255364,Surat,"Ekadashi upto 04:18 AM, Aug 24",Ekadashi,Mula upto 05:44 PM,Mula,06:20 AM,07:03 PM,2026-08-23 04:44:00 AM IST,Shukla Paksha,Shravana,Raviwara,https://www.drikpanchang.com/panchang/month-panchang.html?geoname-id=1255364&date=23/08/2026,2026-08-22T16:11:05
2.0,geoname:1255364,2026-08-24,Surat,Gujarat,India,Asia/Kolkata,1255364,Surat,Dwadashi upto Full Night,Dwadashi,Purva Ashadha upto 08:28 PM,Purva Ashadha,06:20 AM,07:02 PM,2026-08-24 04:44:00 AM IST,Shukla Paksha,Shravana,Somawara,https://www.drikpanchang.com/panchang/month-panchang.html?geoname-id=1255364&date=24/08/2026,2026-08-22T16:11:27
2.0,geoname:1255364,2026-08-25,Surat,Gujarat,India,Asia/Kolkata,1255364,Surat,Dwadashi upto 06:20 AM,Dwadashi,Uttara Ashadha upto 10:51 PM,Uttara Ashadha,06:20 AM,07:01 PM,2026-08-25 04:44:00 AM IST,Shukla Paksha,Shravana,Mangalawara,https://www.drikpanchang.com/panchang/month-panchang.html?geoname-id=1255364&date=25/08/2026,2026-08-22T16:11:37
2.0,geoname:1255634,2026-08-08,Srinagar,Jammu and Kashmir,India,Asia/Kolkata,1255634,Srinagar,Dashami upto 01:59 PM,Dashami,Rohini upto 04:51 PM,Rohini,05:47 AM,07:26 PM,2026-08-08 04:11:00 AM IST,Krishna Paksha,Ashadha,Shaniwara,https://www.drikpanchang.com/panchang/month-panchang.html?geoname-id=1255634&date=08/08/2026,2026-08-22T15:02:32
2.0,geoname:1255634,2026-08-09,Srinagar,Jammu and Kashmir,India,Asia/Kolkata,1255634,Srinagar,Ekadashi upto 11:04 AM,Ekadashi,Mrigashira upto 02:43 PM,Mrigashirsha,05:48 AM,07:25 PM,2026-08-09 04:12:00 AM IST,Krishna Paksha,Ashadha,Raviwara,https://www.drikpanchang.com/panchang/month-panchang.html?geoname-id=1255634&date=09/08/2026,2026-08-22T15:02:42
2.0,geoname:1255634,2026-08-10,Srinagar,Jammu and Kashmir,India,Asia/Kolkata,1255634,Srinagar,"Dwadashi upto 08:00 AM; Trayodashi upto 04:54 AM, Aug 11",Dwadashi,Ardra upto 12:26 PM,Ardra,05:48 AM,07:23 PM,2026-08-10 04:12:00 AM IST,Krishna Paksha,Ashadha,Somawara,https://www.drikpanchang.com/panchang/month-panchang.html?geoname-id=1255634&date=10/08/2026,2026-08-22T15:02:53
2.0,geoname:1255634,2026-08-22,Srinagar,Jammu and Kashmir,India,Asia/Kolkata,1255634,Srinagar,"Dashami upto 02:00 AM, Aug 23",Dashami,Jyeshtha upto 02:49 PM,Jyeshtha,05:57 AM,07:10 PM,2026-08-22 04:21:00 AM IST,Shukla Paksha,Shravana,Shaniwara,https://www.drikpanchang.com/panchang/month-panchang.html?geoname-id=1255634&date=22/08/2026,2026-08-22T16:46:44
2.0,geoname:1255634,2026-08-23,Srinagar,Jammu and Kashmir,India,Asia/Kolkata,1255634,Srinagar,"Ekadashi upto 04:18 AM, Aug 24",Ekadashi,Mula upto 05:44 PM,Mula,05:58 AM,07:09 PM,2026-08-23 04:22:00 AM IST,Shukla Paksha,Shravana,Raviwara,https://www.drikpanchang.com/panchang/month-panchang.html?geoname-id=1255634&date=23/08/2026,2026-08-22T16:46:33
2.0,geoname:1255634,2026-08-24,Srinagar,Jammu and Kashmir,India,Asia/Kolkata,1255634,Srinagar,Dwadashi upto Full Night,Dwadashi,Purva Ashadha upto 08:28 PM,Purva Ashadha,05:58 AM,07:07 PM,2026-08-24 04:22:00 AM IST,Shukla Paksha,Shravana,Somawara,https://www.drikpanchang.com/panchang/month-panchang.html?geoname-id=1255634&date=24/08/2026,2026-08-22T16:46:54
2.0,geoname:1255634,2026-08-25,Srinagar,Jammu and Kashmir,India,Asia/Kolkata,1255634,Srinagar,Dwadashi upto 06:20 AM,Dwadashi,Uttara Ashadha upto 10:51 PM,Uttara Ashadha,05:59 AM,07:06 PM,2026-08-25 04:23:00 AM IST,Shukla Paksha,Shravana,Mangalawara,https://www.drikpanchang.com/panchang/month-panchang.html?geoname-id=1255634&date=25/08/2026,2026-08-22T16:47:05
2.0,geoname:1256287,2026-08-08,Silchar,Assam,India,Asia/Kolkata,1256287,Silchar,Dashami upto 01:59 PM,Dashami,Rohini upto 04:51 PM,Rohini,04:50 AM,05:59 PM,2026-08-08 03:14:00 AM IST,Krishna Paksha,Ashadha,Shaniwara,https://www.drikpanchang.com/panchang/month-panchang.html?geoname-id=1256287&date=08/08/2026,2026-08-22T14:06:06
2.0,geoname:1256287,2026-08-09,Silchar,Assam,India,Asia/Kolkata,1256287,Silchar,Ekadashi upto 11:04 AM,Ekadashi,Mrigashira upto 02:43 PM,Mrigashirsha,04:50 AM,05:58 PM,2026-08-09 03:14:00 AM IST,Krishna Paksha,Ashadha,Raviwara,https://www.drikpanchang.com/panchang/month-panchang.html?geoname-id=1256287&date=09/08/2026,2026-08-22T14:06:16
2.0,geoname:1256287,2026-08-10,Silchar,Assam,India,Asia/Kolkata,1256287,Silchar,Dwadashi upto 08:00 AM,Dwadashi,Ardra upto 12:26 PM,Ardra,04:51 AM,05:57 PM,2026-08-10 03:15:00 AM IST,Krishna Paksha,Ashadha,Somawara,https://www.drikpanchang.com/panchang/month-panchang.html?geoname-id=1256287&date=10/08/2026,2026-08-22T14:06:27
2.0,geoname:1256287,2026-08-22,Silchar,Assam,India,Asia/Kolkata,1256287,Silchar,"Dashami upto 02:00 AM, Aug 23",Dashami,Jyeshtha upto 02:49 PM,Jyeshtha,04:56 AM,05:47 PM,2026-08-22 03:20:00 AM IST,Shukla Paksha,Shravana,Shaniwara,https://www.drikpanchang.com/panchang/month-panchang.html?geoname-id=1256287&date=22/08/2026,2026-08-22T15:42:09
2.0,geoname:1256287,2026-08-23,Silchar,Assam,India,Asia/Kolkata,1256287,Silchar,"Ekadashi upto 04:18 AM, Aug 24",Ekadashi,Mula upto 05:44 PM,Mula,04:56 AM,05:46 PM,2026-08-23 03:20:00 AM IST,Shukla Paksha,Shravana,Raviwara,https://www.drikpanchang.com/panchang/month-panchang.html?geoname-id=1256287&date=23/08/2026,2026-08-22T15:41:58
2.0,geoname:1256287,2026-08-24,Silchar,Assam,India,Asia/Kolkata,1256287,Silchar,Dwadashi upto Full Night,Dwadashi,Purva Ashadha upto 08:28 PM,Purva Ashadha,04:57 AM,05:45 PM,2026-08-24 03:21:00 AM IST,Shukla Paksha,Shravana,Somawara,https://www.drikpanchang.com/panchang/month-panchang.html?geoname-id=1256287&date=24/08/2026,2026-08-22T15:42:19
2.0,geoname:1256287,2026-08-25,Silchar,Assam,India,Asia/Kolkata,1256287,Silchar,Dwadashi upto 06:20 AM,Dwadashi,Uttara Ashadha upto 10:51 PM,Uttara Ashadha,04:57 AM,05:45 PM,2026-08-25 03:21:00 AM IST,Shukla Paksha,Shravana,Mangalawara,https://www.drikpanchang.com/panchang/month-panchang.html?geoname-id=1256287&date=25/08/2026,2026-08-22T15:42:30
2.0,geoname:1256525,2026-08-08,Shiliguri,West Bengal,India,Asia/Kolkata,1256525,Shiliguri,Dashami upto 01:59 PM,Dashami,Rohini upto 04:51 PM,Rohini,05:04 AM,06:19 PM,2026-08-08 03:28:00 AM IST,Krishna Paksha,Ashadha,Shaniwara,https://www.drikpanchang.com/panchang/month-panchang.html?geoname-id=1256525&date=08/08/2026,2026-08-22T14:04:31
2.0,geoname:1256525,2026-08-09,Shiliguri,West Bengal,India,Asia/Kolkata,1256525,Shiliguri,Ekadashi upto 11:04 AM,Ekadashi,Mrigashira upto 02:43 PM,Mrigashirsha,05:05 AM,06:18 PM,2026-08-09 03:29:00 AM IST,Krishna Paksha,Ashadha,Raviwara,https://www.drikpanchang.com/panchang/month-panchang.html?geoname-id=1256525&date=09/08/2026,2026-08-22T14:04:42
2.0,geoname:1256525,2026-08-10,Shiliguri,West Bengal,India,Asia/Kolkata,1256525,Shiliguri,"Dwadashi upto 08:00 AM; Trayodashi upto 04:54 AM, Aug 11",Dwadashi,Ardra upto 12:26 PM,Ardra,05:05 AM,06:18 PM,2026-08-10 03:29:00 AM IST,Krishna Paksha,Ashadha,Somawara,https://www.drikpanchang.com/panchang/month-panchang.html?geoname-id=1256525&date=10/08/2026,2026-08-22T14:04:52
2.0,geoname:1256525,2026-08-22,Shiliguri,West Bengal,India,Asia/Kolkata,1256525,Shiliguri,"Dashami upto 02:00 AM, Aug 23",Dashami,Jyeshtha upto 02:49 PM,Jyeshtha,05:11 AM,06:07 PM,2026-08-22 03:35:00 AM IST,Shukla Paksha,Shravana,Shaniwara,https://www.drikpanchang.com/panchang/month-panchang.html?geoname-id=1256525&date=22/08/2026,2026-08-22T15:39:56
2.0,geoname:1256525,2026-08-23,Shiliguri,West Bengal,India,Asia/Kolkata,1256525,Shiliguri,"Ekadashi upto 04:18 AM, Aug 24",Ekadashi,Mula upto 05:44 PM,Mula,05:12 AM,06:06 PM,2026-08-23 03:36:00 AM IST,Shukla Paksha,Shravana,Raviwara,https://www.drikpanchang.com/panchang/month-panchang.html?geoname-id=1256525&date=23/08/2026,2026-08-22T15:39:46
2.0,geoname:1256525,2026-08-24,Shiliguri,West Bengal,India,Asia/Kolkata,1256525,Shiliguri,Dwadashi upto Full Night,Dwadashi,Purva Ashadha upto 08:28 PM,Purva Ashadha,05:12 AM,06:05 PM,2026-08-24 03:36:00 AM IST,Shukla Paksha,Shravana,Somawara,https://www.drikpanchang.com/panchang/month-panchang.html?geoname-id=1256525&date=24/08/2026,2026-08-22T15:40:07
2.0,geoname:1256525,2026-08-25,Shiliguri,West Bengal,India,Asia/Kolkata,1256525,Shiliguri,Dwadashi upto 06:20 AM,Dwadashi,Uttara Ashadha upto 10:51 PM,Uttara Ashadha,05:13 AM,06:04 PM,2026-08-25 03:37:00 AM IST,Shukla Paksha,Shravana,Mangalawara,https://www.drikpanchang.com/panchang/month-panchang.html?geoname-id=1256525&date=25/08/2026,2026-08-22T15:40:18
2.0,geoname:1259229,2026-08-08,Pune,Maharashtra,India,Asia/Kolkata,1259229,Pune,Dashami upto 01:59 PM,Dashami,Rohini upto 04:51 PM,Rohini,06:14 AM,07:06 PM,2026-08-08 04:38:00 AM IST,Krishna Paksha,Ashadha,Shaniwara,https://www.drikpanchang.com/panchang/month-panchang.html?geoname-id=1259229&date=08/08/2026,2026-08-22T14:29:49
2.0,geoname:1259229,2026-08-09,Pune,Maharashtra,India,Asia/Kolkata,1259229,Pune,Ekadashi upto 11:04 AM,Ekadashi,Mrigashira upto 02:43 PM,Mrigashirsha,06:15 AM,07:05 PM,2026-08-09 04:39:00 AM IST,Krishna Paksha,Ashadha,Raviwara,https://www.drikpanchang.com/panchang/month-panchang.html?geoname-id=1259229&date=09/08/2026,2026-08-22T14:30:00
2.0,geoname:1259229,2026-08-10,Pune,Maharashtra,India,Asia/Kolkata,1259229,Pune,"Dwadashi upto 08:00 AM; Trayodashi upto 04:54 AM, Aug 11",Dwadashi,Ardra upto 12:26 PM,Ardra,06:15 AM,07:05 PM,2026-08-10 04:39:00 AM IST,Krishna Paksha,Ashadha,Somawara,https://www.drikpanchang.com/panchang/month-panchang.html?geoname-id=1259229&date=10/08/2026,2026-08-22T14:30:11
2.0,geoname:1259229,2026-08-22,Pune,Maharashtra,India,Asia/Kolkata,1259229,Pune,"Dashami upto 02:00 AM, Aug 23",Dashami,Jyeshtha upto 02:49 PM,Jyeshtha,06:18 AM,06:57 PM,2026-08-22 04:42:00 AM IST,Shukla Paksha,Shravana,Shaniwara,https://www.drikpanchang.com/panchang/month-panchang.html?geoname-id=1259229&date=22/08/2026,2026-08-22T16:11:59
2.0,geoname:1259229,2026-08-23,Pune,Maharashtra,India,Asia/Kolkata,1259229,Pune,"Ekadashi upto 04:18 AM, Aug 24",Ekadashi,Mula upto 05:44 PM,Mula,06:18 AM,06:56 PM,2026-08-23 04:42:00 AM IST,Shukla Paksha,Shravana,Raviwara,https://www.drikpanchang.com/panchang/month-panchang.html?geoname-id=1259229&date=23/08/2026,2026-08-22T16:11:49
2.0,geoname:1259229,2026-08-24,Pune,Maharashtra,India,Asia/Kolkata,1259229,Pune,Dwadashi upto Full Night,Dwadashi,Purva Ashadha upto 08:28 PM,Purva Ashadha,06:18 AM,06:55 PM,2026-08-24 04:42:00 AM IST,Shukla Paksha,Shravana,Somawara,https://www.drikpanchang.com/panchang/month-panchang.html?geoname-id=1259229&date=24/08/2026,2026-08-22T16:12:10
2.0,geoname:1259229,2026-08-25,Pune,Maharashtra,India,Asia/Kolkata,1259229,Pune,Dwadashi upto 06:20 AM,Dwadashi,Uttara Ashadha upto 10:51 PM,Uttara Ashadha,06:19 AM,06:55 PM,2026-08-25 04:43:00 AM IST,Shukla Paksha,Shravana,Mangalawara,https://www.drikpanchang.com/panchang/month-panchang.html?geoname-id=1259229&date=25/08/2026,2026-08-22T16:12:21
2.0,geoname:1260546,2026-08-08,Pandharpur,Maharashtra,India,Asia/Kolkata,1260546,Pandharpur,Dashami upto 01:59 PM,Dashami,Rohini upto 04:51 PM,Rohini,06:09 AM,06:59 PM,2026-08-08 04:33:00 AM IST,Krishna Paksha,Ashadha,Shaniwara,https://www.drikpanchang.com/panchang/month-panchang.html?geoname-id=1260546&date=08/08/2026,2026-08-22T14:12:31
2.0,geoname:1260546,2026-08-09,Pandharpur,Maharashtra,India,Asia/Kolkata,1260546,Pandharpur,Ekadashi upto 11:04 AM,Ekadashi,Mrigashira upto 02:43 PM,Mrigashirsha,06:10 AM,06:58 PM,2026-08-09 04:34:00 AM IST,Krishna Paksha,Ashadha,Raviwara,https://www.drikpanchang.com/panchang/month-panchang.html?geoname-id=1260546&date=09/08/2026,2026-08-22T14:12:42
2.0,geoname:1260546,2026-08-10,Pandharpur,Maharashtra,India,Asia/Kolkata,1260546,Pandharpur,"Dwadashi upto 08:00 AM; Trayodashi upto 04:54 AM, Aug 11",Dwadashi,Ardra upto 12:26 PM,Ardra,06:10 AM,06:58 PM,2026-08-10 04:34:00 AM IST,Krishna Paksha,Ashadha,Somawara,https://www.drikpanchang.com/panchang/month-panchang.html?geoname-id=1260546&date=10/08/2026,2026-08-22T14:12:52
2.0,geoname:1260546,2026-08-22,Pandharpur,Maharashtra,India,Asia/Kolkata,1260546,Pandharpur,"Dashami upto 02:00 AM, Aug 23",Dashami,Jyeshtha upto 02:49 PM,Jyeshtha,06:13 AM,06:50 PM,2026-08-22 04:37:00 AM IST,Shukla Paksha,Shravana,Shaniwara,https://www.drikpanchang.com/panchang/month-panchang.html?geoname-id=1260546&date=22/08/2026,2026-08-22T15:55:13
2.0,geoname:1260546,2026-08-23,Pandharpur,Maharashtra,India,Asia/Kolkata,1260546,Pandharpur,"Ekadashi upto 04:18 AM, Aug 24",Ekadashi,Mula upto 05:44 PM,Mula,06:13 AM,06:49 PM,2026-08-23 04:37:00 AM IST,Shukla Paksha,Shravana,Raviwara,https://www.drikpanchang.com/panchang/month-panchang.html?geoname-id=1260546&date=23/08/2026,2026-08-22T15:55:03
2.0,geoname:1260546,2026-08-24,Pandharpur,Maharashtra,India,Asia/Kolkata,1260546,Pandharpur,Dwadashi upto Full Night,Dwadashi,Purva Ashadha upto 08:28 PM,Purva Ashadha,06:13 AM,06:49 PM,2026-08-24 04:37:00 AM IST,Shukla Paksha,Shravana,Somawara,https://www.drikpanchang.com/panchang/month-panchang.html?geoname-id=1260546&date=24/08/2026,2026-08-22T15:55:24
2.0,geoname:1260546,2026-08-25,Pandharpur,Maharashtra,India,Asia/Kolkata,1260546,Pandharpur,Dwadashi upto 06:20 AM,Dwadashi,Uttara Ashadha upto 10:51 PM,Uttara Ashadha,06:13 AM,06:48 PM,2026-08-25 04:37:00 AM IST,Shukla Paksha,Shravana,Mangalawara,https://www.drikpanchang.com/panchang/month-panchang.html?geoname-id=1260546&date=25/08/2026,2026-08-22T15:55:35
2.0,geoname:1262180,2026-08-08,Nagpur,Maharashtra,India,Asia/Kolkata,1262180,Nagpur,Dashami upto 01:59 PM,Dashami,Rohini upto 04:51 PM,Rohini,05:50 AM,06:49 PM,2026-08-08 04:14:00 AM IST,Krishna Paksha,Ashadha,Shaniwara,https://www.drikpanchang.com/panchang/month-panchang.html?geoname-id=1262180&date=08/08/2026,2026-08-22T14:13:35
2.0,geoname:1262180,2026-08-09,Nagpur,Maharashtra,India,Asia/Kolkata,1262180,Nagpur,Ekadashi upto 11:04 AM,Ekadashi,Mrigashira upto 02:43 PM,Mrigashirsha,05:50 AM,06:48 PM,2026-08-09 04:14:00 AM IST,Krishna Paksha,Ashadha,Raviwara,https://www.drikpanchang.com/panchang/month-panchang.html?geoname-id=1262180&date=09/08/2026,2026-08-22T14:13:45
2.0,geoname:1262180,2026-08-10,Nagpur,Maharashtra,India,Asia/Kolkata,1262180,Nagpur,"Dwadashi upto 08:00 AM; Trayodashi upto 04:54 AM, Aug 11",Dwadashi,Ardra upto 12:26 PM,Ardra,05:51 AM,06:47 PM,2026-08-10 04:15:00 AM IST,Krishna Paksha,Ashadha,Somawara,https://www.drikpanchang.com/panchang/month-panchang.html?geoname-id=1262180&date=10/08/2026,2026-08-22T14:13:55
2.0,geoname:1262180,2026-08-22,Nagpur,Maharashtra,India,Asia/Kolkata,1262180,Nagpur,"Dashami upto 02:00 AM, Aug 23",Dashami,Jyeshtha upto 02:49 PM,Jyeshtha,05:54 AM,06:38 PM,2026-08-22 04:18:00 AM IST,Shukla Paksha,Shravana,Shaniwara,https://www.drikpanchang.com/panchang/month-panchang.html?geoname-id=1262180&date=22/08/2026,2026-08-22T15:56:41
2.0,geoname:1262180,2026-08-23,Nagpur,Maharashtra,India,Asia/Kolkata,1262180,Nagpur,"Ekadashi upto 04:18 AM, Aug 24",Ekadashi,Mula upto 05:44 PM,Mula,05:55 AM,06:38 PM,2026-08-23 04:19:00 AM IST,Shukla Paksha,Shravana,Raviwara,https://www.drikpanchang.com/panchang/month-panchang.html?geoname-id=1262180&date=23/08/2026,2026-08-22T15:56:30
2.0,geoname:1262180,2026-08-24,Nagpur,Maharashtra,India,Asia/Kolkata,1262180,Nagpur,Dwadashi upto Full Night,Dwadashi,Purva Ashadha upto 08:28 PM,Purva Ashadha,05:55 AM,06:37 PM,2026-08-24 04:19:00 AM IST,Shukla Paksha,Shravana,Somawara,https://www.drikpanchang.com/panchang/month-panchang.html?geoname-id=1262180&date=24/08/2026,2026-08-22T15:56:52
2.0,geoname:1262180,2026-08-25,Nagpur,Maharashtra,India,Asia/Kolkata,1262180,Nagpur,Dwadashi upto 06:20 AM,Dwadashi,Uttara Ashadha upto 10:51 PM,Uttara Ashadha,05:55 AM,06:36 PM,2026-08-25 04:19:00 AM IST,Shukla Paksha,Shravana,Mangalawara,https://www.drikpanchang.com/panchang/month-panchang.html?geoname-id=1262180&date=25/08/2026,2026-08-22T15:57:02
2.0,geoname:1262321,2026-08-08,Mysuru,Karnataka,India,Asia/Kolkata,1262321,Mysuru,Dashami upto 01:59 PM,Dashami,Rohini upto 04:51 PM,Rohini,06:11 AM,06:47 PM,2026-08-08 04:35:00 AM IST,Krishna Paksha,Ashadha,Shaniwara,https://www.drikpanchang.com/panchang/month-panchang.html?geoname-id=1262321&date=08/08/2026,2026-08-22T14:27:43
2.0,geoname:1262321,2026-08-09,Mysuru,Karnataka,India,Asia/Kolkata,1262321,Mysuru,Ekadashi upto 11:04 AM,Ekadashi,Mrigashira upto 02:43 PM,Mrigashirsha,06:11 AM,06:47 PM,2026-08-09 04:35:00 AM IST,Krishna Paksha,Ashadha,Raviwara,https://www.drikpanchang.com/panchang/month-panchang.html?geoname-id=1262321&date=09/08/2026,2026-08-22T14:27:53
2.0,geoname:1262321,2026-08-10,Mysuru,Karnataka,India,Asia/Kolkata,1262321,Mysuru,"Dwadashi upto 08:00 AM; Trayodashi upto 04:53 AM, Aug 11",Dwadashi,Ardra upto 12:26 PM,Ardra,06:11 AM,06:46 PM,2026-08-10 04:35:00 AM IST,Krishna Paksha,Ashadha,Somawara,https://www.drikpanchang.com/panchang/month-panchang.html?geoname-id=1262321&date=10/08/2026,2026-08-22T14:28:04
2.0,geoname:1262321,2026-08-22,Mysuru,Karnataka,India,Asia/Kolkata,1262321,Mysuru,"Dashami upto 02:00 AM, Aug 23",Dashami,Jyeshtha upto 02:49 PM,Jyeshtha,06:12 AM,06:40 PM,2026-08-22 04:36:00 AM IST,Shukla Paksha,Shravana,Shaniwara,https://www.drikpanchang.com/panchang/month-panchang.html?geoname-id=1262321&date=22/08/2026,2026-08-22T16:09:05
2.0,geoname:1262321,2026-08-23,Mysuru,Karnataka,India,Asia/Kolkata,1262321,Mysuru,"Ekadashi upto 04:18 AM, Aug 24",Ekadashi,Mula upto 05:44 PM,Mula,06:13 AM,06:40 PM,2026-08-23 04:37:00 AM IST,Shukla Paksha,Shravana,Raviwara,https://www.drikpanchang.com/panchang/month-panchang.html?geoname-id=1262321&date=23/08/2026,2026-08-22T16:08:54
2.0,geoname:1262321,2026-08-24,Mysuru,Karnataka,India,Asia/Kolkata,1262321,Mysuru,Dwadashi upto Full Night,Dwadashi,Purva Ashadha upto 08:28 PM,Purva Ashadha,06:13 AM,06:39 PM,2026-08-24 04:37:00 AM IST,Shukla Paksha,Shravana,Somawara,https://www.drikpanchang.com/panchang/month-panchang.html?geoname-id=1262321&date=24/08/2026,2026-08-22T16:09:15
2.0,geoname:1262321,2026-08-25,Mysuru,Karnataka,India,Asia/Kolkata,1262321,Mysuru,Dwadashi upto 06:20 AM,Dwadashi,Uttara Ashadha upto 10:51 PM,Uttara Ashadha,06:13 AM,06:38 PM,2026-08-25 04:37:00 AM IST,Shukla Paksha,Shravana,Mangalawara,https://www.drikpanchang.com/panchang/month-panchang.html?geoname-id=1262321&date=25/08/2026,2026-08-22T16:09:26
2.0,geoname:1263780,2026-08-08,Mangalore,Karnataka,India,Asia/Kolkata,1263780,Mangalore,Dashami upto 01:59 PM,Dashami,Rohini upto 04:51 PM,Rohini,06:17 AM,06:55 PM,2026-08-08 04:41:00 AM IST,Krishna Paksha,Ashadha,Shaniwara,https://www.drikpanchang.com/panchang/month-panchang.html?geoname-id=1263780&date=08/08/2026,2026-08-22T14:28:14
2.0,geoname:1263780,2026-08-09,Mangalore,Karnataka,India,Asia/Kolkata,1263780,Mangalore,Ekadashi upto 11:04 AM,Ekadashi,Mrigashira upto 02:43 PM,Mrigashirsha,06:18 AM,06:54 PM,2026-08-09 04:42:00 AM IST,Krishna Paksha,Ashadha,Raviwara,https://www.drikpanchang.com/panchang/month-panchang.html?geoname-id=1263780&date=09/08/2026,2026-08-22T14:28:25
2.0,geoname:1263780,2026-08-10,Mangalore,Karnataka,India,Asia/Kolkata,1263780,Mangalore,"Dwadashi upto 08:00 AM; Trayodashi upto 04:54 AM, Aug 11",Dwadashi,Ardra upto 12:26 PM,Ardra,06:18 AM,06:54 PM,2026-08-10 04:42:00 AM IST,Krishna Paksha,Ashadha,Somawara,https://www.drikpanchang.com/panchang/month-panchang.html?geoname-id=1263780&date=10/08/2026,2026-08-22T14:28:35
2.0,geoname:1263780,2026-08-22,Mangalore,Karnataka,India,Asia/Kolkata,1263780,Mangalore,"Dashami upto 02:00 AM, Aug 23",Dashami,Jyeshtha upto 02:49 PM,Jyeshtha,06:19 AM,06:48 PM,2026-08-22 04:43:00 AM IST,Shukla Paksha,Shravana,Shaniwara,https://www.drikpanchang.com/panchang/month-panchang.html?geoname-id=1263780&date=22/08/2026,2026-08-22T16:09:48
2.0,geoname:1263780,2026-08-23,Mangalore,Karnataka,India,Asia/Kolkata,1263780,Mangalore,"Ekadashi upto 04:18 AM, Aug 24",Ekadashi,Mula upto 05:44 PM,Mula,06:19 AM,06:47 PM,2026-08-23 04:43:00 AM IST,Shukla Paksha,Shravana,Raviwara,https://www.drikpanchang.com/panchang/month-panchang.html?geoname-id=1263780&date=23/08/2026,2026-08-22T16:09:38
2.0,geoname:1263780,2026-08-24,Mangalore,Karnataka,India,Asia/Kolkata,1263780,Mangalore,Dwadashi upto Full Night,Dwadashi,Purva Ashadha upto 08:28 PM,Purva Ashadha,06:19 AM,06:47 PM,2026-08-24 04:43:00 AM IST,Shukla Paksha,Shravana,Somawara,https://www.drikpanchang.com/panchang/month-panchang.html?geoname-id=1263780&date=24/08/2026,2026-08-22T16:09:59
2.0,geoname:1263780,2026-08-25,Mangalore,Karnataka,India,Asia/Kolkata,1263780,Mangalore,Dwadashi upto 06:20 AM,Dwadashi,Uttara Ashadha upto 10:51 PM,Uttara Ashadha,06:19 AM,06:46 PM,2026-08-25 04:43:00 AM IST,Shukla Paksha,Shravana,Mangalawara,https://www.drikpanchang.com/panchang/month-panchang.html?geoname-id=1263780&date=25/08/2026,2026-08-22T16:10:10
2.0,geoname:1264521,2026-08-08,Madurai,Tamil Nadu,India,Asia/Kolkata,1264521,Madurai,Dashami upto 01:59 PM,Dashami,Rohini upto 04:51 PM,Rohini,06:08 AM,06:38 PM,2026-08-08 04:32:00 AM IST,Krishna Paksha,Ashadha,Shaniwara,https://www.drikpanchang.com/panchang/month-panchang.html?geoname-id=1264521&date=08/08/2026,2026-08-22T14:09:21
2.0,geoname:1264521,2026-08-09,Madurai,Tamil Nadu,India,Asia/Kolkata,1264521,Madurai,Ekadashi upto 11:04 AM,Ekadashi,Mrigashira upto 02:43 PM,Mrigashirsha,06:08 AM,06:38 PM,2026-08-09 04:32:00 AM IST,Krishna Paksha,Ashadha,Raviwara,https://www.drikpanchang.com/panchang/month-panchang.html?geoname-id=1264521&date=09/08/2026,2026-08-22T14:09:32
2.0,geoname:1264521,2026-08-10,Madurai,Tamil Nadu,India,Asia/Kolkata,1264521,Madurai,"Dwadashi upto 08:00 AM; Trayodashi upto 04:54 AM, Aug 11",Dwadashi,Ardra upto 12:26 PM,Ardra,06:08 AM,06:37 PM,2026-08-10 04:32:00 AM IST,Krishna Paksha,Ashadha,Somawara,https://www.drikpanchang.com/panchang/month-panchang.html?geoname-id=1264521&date=10/08/2026,2026-08-22T14:09:42
2.0,geoname:1264521,2026-08-22,Madurai,Tamil Nadu,India,Asia/Kolkata,1264521,Madurai,"Dashami upto 02:00 AM, Aug 23",Dashami,Jyeshtha upto 02:49 PM,Jyeshtha,06:09 AM,06:32 PM,2026-08-22 04:33:00 AM IST,Shukla Paksha,Shravana,Shaniwara,https://www.drikpanchang.com/panchang/month-panchang.html?geoname-id=1264521&date=22/08/2026,2026-08-22T15:45:48
2.0,geoname:1264521,2026-08-23,Madurai,Tamil Nadu,India,Asia/Kolkata,1264521,Madurai,"Ekadashi upto 04:18 AM, Aug 24",Ekadashi,Mula upto 05:44 PM,Mula,06:09 AM,06:32 PM,2026-08-23 04:33:00 AM IST,Shukla Paksha,Shravana,Raviwara,https://www.drikpanchang.com/panchang/month-panchang.html?geoname-id=1264521&date=23/08/2026,2026-08-22T15:45:37
2.0,geoname:1264521,2026-08-24,Madurai,Tamil Nadu,India,Asia/Kolkata,1264521,Madurai,Dwadashi upto Full Night,Dwadashi,Purva Ashadha upto 08:28 PM,Purva Ashadha,06:09 AM,06:31 PM,2026-08-24 04:33:00 AM IST,Shukla Paksha,Shravana,Somawara,https://www.drikpanchang.com/panchang/month-panchang.html?geoname-id=1264521&date=24/08/2026,2026-08-22T15:45:59
2.0,geoname:1264521,2026-08-25,Madurai,Tamil Nadu,India,Asia/Kolkata,1264521,Madurai,Dwadashi upto 06:20 AM,Dwadashi,Uttara Ashadha upto 10:51 PM,Uttara Ashadha,06:09 AM,06:31 PM,2026-08-25 04:33:00 AM IST,Shukla Paksha,Shravana,Mangalawara,https://www.drikpanchang.com/panchang/month-panchang.html?geoname-id=1264521&date=25/08/2026,2026-08-22T15:46:09
2.0,geoname:1264527,2026-08-08,Chennai,Tamil Nadu,India,Asia/Kolkata,1264527,Chennai,Dashami upto 01:59 PM,Dashami,Rohini upto 04:51 PM,Rohini,05:56 AM,06:33 PM,2026-08-08 04:20:00 AM IST,Krishna Paksha,Ashadha,Shaniwara,https://www.drikpanchang.com/panchang/month-panchang.html?geoname-id=1264527&date=08/08/2026,2026-08-22T14:50:49
2.0,geoname:1264527,2026-08-09,Chennai,Tamil Nadu,India,Asia/Kolkata,1264527,Chennai,Ekadashi upto 11:04 AM,Ekadashi,Mrigashira upto 02:43 PM,Mrigashirsha,05:56 AM,06:33 PM,2026-08-09 04:20:00 AM IST,Krishna Paksha,Ashadha,Raviwara,https://www.drikpanchang.com/panchang/month-panchang.html?geoname-id=1264527&date=09/08/2026,2026-08-22T14:50:59
2.0,geoname:1264527,2026-08-10,Chennai,Tamil Nadu,India,Asia/Kolkata,1264527,Chennai,"Dwadashi upto 08:00 AM; Trayodashi upto 04:54 AM, Aug 11",Dwadashi,Ardra upto 12:26 PM,Ardra,05:56 AM,06:33 PM,2026-08-10 04:20:00 AM IST,Krishna Paksha,Ashadha,Somawara,https://www.drikpanchang.com/panchang/month-panchang.html?geoname-id=1264527&date=10/08/2026,2026-08-22T14:51:10
2.0,geoname:1264527,2026-08-22,Chennai,Tamil Nadu,India,Asia/Kolkata,1264527,Chennai,"Dashami upto 02:00 AM, Aug 23",Dashami,Jyeshtha upto 02:49 PM,Jyeshtha,05:57 AM,06:26 PM,2026-08-22 04:21:00 AM IST,Shukla Paksha,Shravana,Shaniwara,https://www.drikpanchang.com/panchang/month-panchang.html?geoname-id=1264527&date=22/08/2026,2026-08-22T16:39:22
2.0,geoname:1264527,2026-08-23,Chennai,Tamil Nadu,India,Asia/Kolkata,1264527,Chennai,"Ekadashi upto 04:18 AM, Aug 24",Ekadashi,Mula upto 05:44 PM,Mula,05:57 AM,06:26 PM,2026-08-23 04:21:00 AM IST,Shukla Paksha,Shravana,Raviwara,https://www.drikpanchang.com/panchang/month-panchang.html?geoname-id=1264527&date=23/08/2026,2026-08-22T16:39:11
2.0,geoname:1264527,2026-08-24,Chennai,Tamil Nadu,India,Asia/Kolkata,1264527,Chennai,Dwadashi upto Full Night,Dwadashi,Purva Ashadha upto 08:28 PM,Purva Ashadha,05:57 AM,06:25 PM,2026-08-24 04:21:00 AM IST,Shukla Paksha,Shravana,Somawara,https://www.drikpanchang.com/panchang/month-panchang.html?geoname-id=1264527&date=24/08/2026,2026-08-22T16:39:32
2.0,geoname:1264527,2026-08-25,Chennai,Tamil Nadu,India,Asia/Kolkata,1264527,Chennai,Dwadashi upto 06:20 AM,Dwadashi,Uttara Ashadha upto 10:51 PM,Uttara Ashadha,05:57 AM,06:24 PM,2026-08-25 04:21:00 AM IST,Shukla Paksha,Shravana,Mangalawara,https://www.drikpanchang.com/panchang/month-panchang.html?geoname-id=1264527&date=25/08/2026,2026-08-22T16:39:43
2.0,geoname:1264733,2026-08-08,Lucknow,Uttar Pradesh,India,Asia/Kolkata,1264733,Lucknow,Dashami upto 01:59 PM,Dashami,Rohini upto 04:51 PM,Rohini,05:34 AM,06:49 PM,2026-08-08 03:58:00 AM IST,Krishna Paksha,Ashadha,Shaniwara,https://www.drikpanchang.com/panchang/month-panchang.html?geoname-id=1264733&date=08/08/2026,2026-08-22T15:02:00
2.0,geoname:1264733,2026-08-09,Lucknow,Uttar Pradesh,India,Asia/Kolkata,1264733,Lucknow,Ekadashi upto 11:04 AM,Ekadashi,Mrigashira upto 02:43 PM,Mrigashirsha,05:35 AM,06:49 PM,2026-08-09 03:59:00 AM IST,Krishna Paksha,Ashadha,Raviwara,https://www.drikpanchang.com/panchang/month-panchang.html?geoname-id=1264733&date=09/08/2026,2026-08-22T15:02:11
2.0,geoname:1264733,2026-08-10,Lucknow,Uttar Pradesh,India,Asia/Kolkata,1264733,Lucknow,"Dwadashi upto 08:00 AM; Trayodashi upto 04:54 AM, Aug 11",Dwadashi,Ardra upto 12:26 PM,Ardra,05:35 AM,06:48 PM,2026-08-10 03:59:00 AM IST,Krishna Paksha,Ashadha,Somawara,https://www.drikpanchang.com/panchang/month-panchang.html?geoname-id=1264733&date=10/08/2026,2026-08-22T15:02:21
2.0,geoname:1264733,2026-08-22,Lucknow,Uttar Pradesh,India,Asia/Kolkata,1264733,Lucknow,"Dashami upto 02:00 AM, Aug 23",Dashami,Jyeshtha upto 02:49 PM,Jyeshtha,05:41 AM,06:37 PM,2026-08-22 04:05:00 AM IST,Shukla Paksha,Shravana,Shaniwara,https://www.drikpanchang.com/panchang/month-panchang.html?geoname-id=1264733&date=22/08/2026,2026-08-22T16:46:02
2.0,geoname:1264733,2026-08-23,Lucknow,Uttar Pradesh,India,Asia/Kolkata,1264733,Lucknow,"Ekadashi upto 04:18 AM, Aug 24",Ekadashi,Mula upto 05:44 PM,Mula,05:42 AM,06:36 PM,2026-08-23 04:06:00 AM IST,Shukla Paksha,Shravana,Raviwara,https://www.drikpanchang.com/panchang/month-panchang.html?geoname-id=1264733&date=23/08/2026,2026-08-22T16:45:51
2.0,geoname:1264733,2026-08-24,Lucknow,Uttar Pradesh,India,Asia/Kolkata,1264733,Lucknow,Dwadashi upto Full Night,Dwadashi,Purva Ashadha upto 08:28 PM,Purva Ashadha,05:42 AM,06:35 PM,2026-08-24 04:06:00 AM IST,Shukla Paksha,Shravana,Somawara,https://www.drikpanchang.com/panchang/month-panchang.html?geoname-id=1264733&date=24/08/2026,2026-08-22T16:46:12
2.0,geoname:1264733,2026-08-25,Lucknow,Uttar Pradesh,India,Asia/Kolkata,1264733,Lucknow,Dwadashi upto 06:20 AM,Dwadashi,Uttara Ashadha upto 10:51 PM,Uttara Ashadha,05:42 AM,06:34 PM,2026-08-25 04:06:00 AM IST,Shukla Paksha,Shravana,Mangalawara,https://www.drikpanchang.com/panchang/month-panchang.html?geoname-id=1264733&date=25/08/2026,2026-08-22T16:46:23
2.0,geoname:1265683,2026-08-08,Kumbakonam,Tamil Nadu,India,Asia/Kolkata,1265683,Kumbakonam,Dashami upto 01:59 PM,Dashami,Rohini upto 04:51 PM,Rohini,06:02 AM,06:34 PM,2026-08-08 04:26:00 AM IST,Krishna Paksha,Ashadha,Shaniwara,https://www.drikpanchang.com/panchang/month-panchang.html?geoname-id=1265683&date=08/08/2026,2026-08-22T14:09:53
2.0,geoname:1265683,2026-08-09,Kumbakonam,Tamil Nadu,India,Asia/Kolkata,1265683,Kumbakonam,Ekadashi upto 11:04 AM,Ekadashi,Mrigashira upto 02:43 PM,Mrigashirsha,06:02 AM,06:34 PM,2026-08-09 04:26:00 AM IST,Krishna Paksha,Ashadha,Raviwara,https://www.drikpanchang.com/panchang/month-panchang.html?geoname-id=1265683&date=09/08/2026,2026-08-22T14:10:03
2.0,geoname:1265683,2026-08-10,Kumbakonam,Tamil Nadu,India,Asia/Kolkata,1265683,Kumbakonam,"Dwadashi upto 08:00 AM; Trayodashi upto 04:54 AM, Aug 11",Dwadashi,Ardra upto 12:26 PM,Ardra,06:02 AM,06:34 PM,2026-08-10 04:26:00 AM IST,Krishna Paksha,Ashadha,Somawara,https://www.drikpanchang.com/panchang/month-panchang.html?geoname-id=1265683&date=10/08/2026,2026-08-22T14:10:14
2.0,geoname:1265683,2026-08-22,Kumbakonam,Tamil Nadu,India,Asia/Kolkata,1265683,Kumbakonam,"Dashami upto 02:00 AM, Aug 23",Dashami,Jyeshtha upto 02:49 PM,Jyeshtha,06:03 AM,06:28 PM,2026-08-22 04:27:00 AM IST,Shukla Paksha,Shravana,Shaniwara,https://www.drikpanchang.com/panchang/month-panchang.html?geoname-id=1265683&date=22/08/2026,2026-08-22T15:46:31
2.0,geoname:1265683,2026-08-23,Kumbakonam,Tamil Nadu,India,Asia/Kolkata,1265683,Kumbakonam,"Ekadashi upto 04:18 AM, Aug 24",Ekadashi,Mula upto 05:44 PM,Mula,06:03 AM,06:27 PM,2026-08-23 04:27:00 AM IST,Shukla Paksha,Shravana,Raviwara,https://www.drikpanchang.com/panchang/month-panchang.html?geoname-id=1265683&date=23/08/2026,2026-08-22T15:46:21
2.0,geoname:1265683,2026-08-24,Kumbakonam,Tamil Nadu,India,Asia/Kolkata,1265683,Kumbakonam,Dwadashi upto Full Night,Dwadashi,Purva Ashadha upto 08:28 PM,Purva Ashadha,06:03 AM,06:27 PM,2026-08-24 04:27:00 AM IST,Shukla Paksha,Shravana,Somawara,https://www.drikpanchang.com/panchang/month-panchang.html?geoname-id=1265683&date=24/08/2026,2026-08-22T15:46:42
2.0,geoname:1265683,2026-08-25,Kumbakonam,Tamil Nadu,India,Asia/Kolkata,1265683,Kumbakonam,Dwadashi upto 06:20 AM,Dwadashi,Uttara Ashadha upto 10:51 PM,Uttara Ashadha,06:03 AM,06:26 PM,2026-08-25 04:27:00 AM IST,Shukla Paksha,Shravana,Mangalawara,https://www.drikpanchang.com/panchang/month-panchang.html?geoname-id=1265683&date=25/08/2026,2026-08-22T15:46:53
2.0,geoname:1266285,2026-08-08,Kolhapur,Maharashtra,India,Asia/Kolkata,1266285,Kolhapur,Dashami upto 01:59 PM,Dashami,Rohini upto 04:51 PM,Rohini,06:15 AM,07:02 PM,2026-08-08 04:39:00 AM IST,Krishna Paksha,Ashadha,Shaniwara,https://www.drikpanchang.com/panchang/month-panchang.html?geoname-id=1266285&date=08/08/2026,2026-08-22T14:13:03
2.0,geoname:1266285,2026-08-09,Kolhapur,Maharashtra,India,Asia/Kolkata,1266285,Kolhapur,Ekadashi upto 11:04 AM,Ekadashi,Mrigashira upto 02:43 PM,Mrigashirsha,06:15 AM,07:02 PM,2026-08-09 04:39:00 AM IST,Krishna Paksha,Ashadha,Raviwara,https://www.drikpanchang.com/panchang/month-panchang.html?geoname-id=1266285&date=09/08/2026,2026-08-22T14:13:14
2.0,geoname:1266285,2026-08-10,Kolhapur,Maharashtra,India,Asia/Kolkata,1266285,Kolhapur,"Dwadashi upto 08:00 AM; Trayodashi upto 04:54 AM, Aug 11",Dwadashi,Ardra upto 12:26 PM,Ardra,06:16 AM,07:01 PM,2026-08-10 04:40:00 AM IST,Krishna Paksha,Ashadha,Somawara,https://www.drikpanchang.com/panchang/month-panchang.html?geoname-id=1266285&date=10/08/2026,2026-08-22T14:13:24
2.0,geoname:1266285,2026-08-22,Kolhapur,Maharashtra,India,Asia/Kolkata,1266285,Kolhapur,"Dashami upto 02:00 AM, Aug 23",Dashami,Jyeshtha upto 02:49 PM,Jyeshtha,06:18 AM,06:54 PM,2026-08-22 04:42:00 AM IST,Shukla Paksha,Shravana,Shaniwara,https://www.drikpanchang.com/panchang/month-panchang.html?geoname-id=1266285&date=22/08/2026,2026-08-22T15:55:57
2.0,geoname:1266285,2026-08-23,Kolhapur,Maharashtra,India,Asia/Kolkata,1266285,Kolhapur,"Ekadashi upto 04:18 AM, Aug 24",Ekadashi,Mula upto 05:44 PM,Mula,06:18 AM,06:53 PM,2026-08-23 04:42:00 AM IST,Shukla Paksha,Shravana,Raviwara,https://www.drikpanchang.com/panchang/month-panchang.html?geoname-id=1266285&date=23/08/2026,2026-08-22T15:55:47
2.0,geoname:1266285,2026-08-24,Kolhapur,Maharashtra,India,Asia/Kolkata,1266285,Kolhapur,Dwadashi upto Full Night,Dwadashi,Purva Ashadha upto 08:28 PM,Purva Ashadha,06:18 AM,06:52 PM,2026-08-24 04:42:00 AM IST,Shukla Paksha,Shravana,Somawara,https://www.drikpanchang.com/panchang/month-panchang.html?geoname-id=1266285&date=24/08/2026,2026-08-22T15:56:08
2.0,geoname:1266285,2026-08-25,Kolhapur,Maharashtra,India,Asia/Kolkata,1266285,Kolhapur,Dwadashi upto 06:20 AM,Dwadashi,Uttara Ashadha upto 10:51 PM,Uttara Ashadha,06:19 AM,06:52 PM,2026-08-25 04:43:00 AM IST,Shukla Paksha,Shravana,Mangalawara,https://www.drikpanchang.com/panchang/month-panchang.html?geoname-id=1266285&date=25/08/2026,2026-08-22T15:56:19
2.0,geoname:1268159,2026-08-08,Kanchipuram,Tamil Nadu,India,Asia/Kolkata,1268159,Kanchipuram,Dashami upto 01:59 PM,Dashami,Rohini upto 04:51 PM,Rohini,05:58 AM,06:35 PM,2026-08-08 04:22:00 AM IST,Krishna Paksha,Ashadha,Shaniwara,https://www.drikpanchang.com/panchang/month-panchang.html?geoname-id=1268159&date=08/08/2026,2026-08-22T14:10:56
2.0,geoname:1268159,2026-08-09,Kanchipuram,Tamil Nadu,India,Asia/Kolkata,1268159,Kanchipuram,Ekadashi upto 11:04 AM,Ekadashi,Mrigashira upto 02:43 PM,Mrigashirsha,05:58 AM,06:35 PM,2026-08-09 04:22:00 AM IST,Krishna Paksha,Ashadha,Raviwara,https://www.drikpanchang.com/panchang/month-panchang.html?geoname-id=1268159&date=09/08/2026,2026-08-22T14:11:07
2.0,geoname:1268159,2026-08-10,Kanchipuram,Tamil Nadu,India,Asia/Kolkata,1268159,Kanchipuram,"Dwadashi upto 08:00 AM; Trayodashi upto 04:54 AM, Aug 11",Dwadashi,Ardra upto 12:26 PM,Ardra,05:58 AM,06:35 PM,2026-08-10 04:22:00 AM IST,Krishna Paksha,Ashadha,Somawara,https://www.drikpanchang.com/panchang/month-panchang.html?geoname-id=1268159&date=10/08/2026,2026-08-22T14:11:17
2.0,geoname:1268159,2026-08-22,Kanchipuram,Tamil Nadu,India,Asia/Kolkata,1268159,Kanchipuram,"Dashami upto 02:00 AM, Aug 23",Dashami,Jyeshtha upto 02:49 PM,Jyeshtha,06:00 AM,06:28 PM,2026-08-22 04:24:00 AM IST,Shukla Paksha,Shravana,Shaniwara,https://www.drikpanchang.com/panchang/month-panchang.html?geoname-id=1268159&date=22/08/2026,2026-08-22T15:53:02
2.0,geoname:1268159,2026-08-23,Kanchipuram,Tamil Nadu,India,Asia/Kolkata,1268159,Kanchipuram,"Ekadashi upto 04:18 AM, Aug 24",Ekadashi,Mula upto 05:44 PM,Mula,06:00 AM,06:28 PM,2026-08-23 04:24:00 AM IST,Shukla Paksha,Shravana,Raviwara,https://www.drikpanchang.com/panchang/month-panchang.html?geoname-id=1268159&date=23/08/2026,2026-08-22T15:52:52
2.0,geoname:1268159,2026-08-24,Kanchipuram,Tamil Nadu,India,Asia/Kolkata,1268159,Kanchipuram,Dwadashi upto Full Night,Dwadashi,Purva Ashadha upto 08:28 PM,Purva Ashadha,06:00 AM,06:27 PM,2026-08-24 04:24:00 AM IST,Shukla Paksha,Shravana,Somawara,https://www.drikpanchang.com/panchang/month-panchang.html?geoname-id=1268159&date=24/08/2026,2026-08-22T15:53:13
2.0,geoname:1268159,2026-08-25,Kanchipuram,Tamil Nadu,India,Asia/Kolkata,1268159,Kanchipuram,Dwadashi upto 06:20 AM,Dwadashi,Uttara Ashadha upto 10:51 PM,Uttara Ashadha,06:00 AM,06:27 PM,2026-08-25 04:24:00 AM IST,Shukla Paksha,Shravana,Mangalawara,https://www.drikpanchang.com/panchang/month-panchang.html?geoname-id=1268159&date=25/08/2026,2026-08-22T15:53:24
2.0,geoname:1269655,2026-08-08,Itanagar,Arunachal Pradesh,India,Asia/Kolkata,1269655,Itanagar,Dashami upto 01:59 PM,Dashami,Rohini upto 04:51 PM,Rohini,04:43 AM,05:59 PM,2026-08-08 03:07:00 AM IST,Krishna Paksha,Ashadha,Shaniwara,https://www.drikpanchang.com/panchang/month-panchang.html?geoname-id=1269655&date=08/08/2026,2026-08-22T14:08:12
2.0,geoname:1269655,2026-08-09,Itanagar,Arunachal Pradesh,India,Asia/Kolkata,1269655,Itanagar,Ekadashi upto 11:04 AM,Ekadashi,Mrigashira upto 02:43 PM,Mrigashirsha,04:44 AM,05:58 PM,2026-08-09 03:08:00 AM IST,Krishna Paksha,Ashadha,Raviwara,https://www.drikpanchang.com/panchang/month-panchang.html?geoname-id=1269655&date=09/08/2026,2026-08-22T14:08:22
2.0,geoname:1269655,2026-08-10,Itanagar,Arunachal Pradesh,India,Asia/Kolkata,1269655,Itanagar,Dwadashi upto 08:00 AM,Dwadashi,Ardra upto 12:26 PM,Ardra,04:44 AM,05:57 PM,2026-08-10 03:08:00 AM IST,Krishna Paksha,Ashadha,Somawara,https://www.drikpanchang.com/panchang/month-panchang.html?geoname-id=1269655&date=10/08/2026,2026-08-22T14:08:33
2.0,geoname:1269655,2026-08-22,Itanagar,Arunachal Pradesh,India,Asia/Kolkata,1269655,Itanagar,"Dashami upto 02:00 AM, Aug 23",Dashami,Jyeshtha upto 02:49 PM,Jyeshtha,04:50 AM,05:46 PM,2026-08-22 03:14:00 AM IST,Shukla Paksha,Shravana,Shaniwara,https://www.drikpanchang.com/panchang/month-panchang.html?geoname-id=1269655&date=22/08/2026,2026-08-22T15:45:04
2.0,geoname:1269655,2026-08-23,Itanagar,Arunachal Pradesh,India,Asia/Kolkata,1269655,Itanagar,"Ekadashi upto 04:18 AM, Aug 24",Ekadashi,Mula upto 05:44 PM,Mula,04:51 AM,05:46 PM,2026-08-23 03:15:00 AM IST,Shukla Paksha,Shravana,Raviwara,https://www.drikpanchang.com/panchang/month-panchang.html?geoname-id=1269655&date=23/08/2026,2026-08-22T15:44:53
2.0,geoname:1269655,2026-08-24,Itanagar,Arunachal Pradesh,India,Asia/Kolkata,1269655,Itanagar,Dwadashi upto Full Night,Dwadashi,Purva Ashadha upto 08:28 PM,Purva Ashadha,04:51 AM,05:44 PM,2026-08-24 03:15:00 AM IST,Shukla Paksha,Shravana,Somawara,https://www.drikpanchang.com/panchang/month-panchang.html?geoname-id=1269655&date=24/08/2026,2026-08-22T15:45:15
2.0,geoname:1269655,2026-08-25,Itanagar,Arunachal Pradesh,India,Asia/Kolkata,1269655,Itanagar,Dwadashi upto 06:20 AM,Dwadashi,Uttara Ashadha upto 10:51 PM,Uttara Ashadha,04:51 AM,05:43 PM,2026-08-25 03:15:00 AM IST,Shukla Paksha,Shravana,Mangalawara,https://www.drikpanchang.com/panchang/month-panchang.html?geoname-id=1269655&date=25/08/2026,2026-08-22T15:45:25
2.0,geoname:1269771,2026-08-08,Imphal,Manipur,India,Asia/Kolkata,1269771,Imphal,Dashami upto 01:59 PM,Dashami,Rohini upto 04:51 PM,Rohini,04:45 AM,05:54 PM,2026-08-08 03:09:00 AM IST,Krishna Paksha,Ashadha,Shaniwara,https://www.drikpanchang.com/panchang/month-panchang.html?geoname-id=1269771&date=08/08/2026,2026-08-22T14:07:09
2.0,geoname:1269771,2026-08-09,Imphal,Manipur,India,Asia/Kolkata,1269771,Imphal,Ekadashi upto 11:04 AM,Ekadashi,Mrigashira upto 02:43 PM,Mrigashirsha,04:46 AM,05:54 PM,2026-08-09 03:10:00 AM IST,Krishna Paksha,Ashadha,Raviwara,https://www.drikpanchang.com/panchang/month-panchang.html?geoname-id=1269771&date=09/08/2026,2026-08-22T14:07:19
2.0,geoname:1269771,2026-08-10,Imphal,Manipur,India,Asia/Kolkata,1269771,Imphal,Dwadashi upto 08:00 AM,Dwadashi,Ardra upto 12:26 PM,Ardra,04:46 AM,05:53 PM,2026-08-10 03:10:00 AM IST,Krishna Paksha,Ashadha,Somawara,https://www.drikpanchang.com/panchang/month-panchang.html?geoname-id=1269771&date=10/08/2026,2026-08-22T14:07:29
2.0,geoname:1269771,2026-08-22,Imphal,Manipur,India,Asia/Kolkata,1269771,Imphal,"Dashami upto 02:00 AM, Aug 23",Dashami,Jyeshtha upto 02:49 PM,Jyeshtha,04:51 AM,05:43 PM,2026-08-22 03:15:00 AM IST,Shukla Paksha,Shravana,Shaniwara,https://www.drikpanchang.com/panchang/month-panchang.html?geoname-id=1269771&date=22/08/2026,2026-08-22T15:43:36
2.0,geoname:1269771,2026-08-23,Imphal,Manipur,India,Asia/Kolkata,1269771,Imphal,"Ekadashi upto 04:18 AM, Aug 24",Ekadashi,Mula upto 05:44 PM,Mula,04:52 AM,05:42 PM,2026-08-23 03:16:00 AM IST,Shukla Paksha,Shravana,Raviwara,https://www.drikpanchang.com/panchang/month-panchang.html?geoname-id=1269771&date=23/08/2026,2026-08-22T15:43:25
2.0,geoname:1269771,2026-08-24,Imphal,Manipur,India,Asia/Kolkata,1269771,Imphal,Dwadashi upto Full Night,Dwadashi,Purva Ashadha upto 08:28 PM,Purva Ashadha,04:52 AM,05:41 PM,2026-08-24 03:16:00 AM IST,Shukla Paksha,Shravana,Somawara,https://www.drikpanchang.com/panchang/month-panchang.html?geoname-id=1269771&date=24/08/2026,2026-08-22T15:43:47
2.0,geoname:1269771,2026-08-25,Imphal,Manipur,India,Asia/Kolkata,1269771,Imphal,Dwadashi upto 06:20 AM,Dwadashi,Uttara Ashadha upto 10:51 PM,Uttara Ashadha,04:52 AM,05:40 PM,2026-08-25 03:16:00 AM IST,Shukla Paksha,Shravana,Mangalawara,https://www.drikpanchang.com/panchang/month-panchang.html?geoname-id=1269771&date=25/08/2026,2026-08-22T15:43:58
2.0,geoname:1269843,2026-08-08,Hyderabad,Telangana,India,Asia/Kolkata,1269843,Hyderabad,Dashami upto 01:59 PM,Dashami,Rohini upto 04:51 PM,Rohini,05:57 AM,06:46 PM,2026-08-08 04:21:00 AM IST,Krishna Paksha,Ashadha,Shaniwara,https://www.drikpanchang.com/panchang/month-panchang.html?geoname-id=1269843&date=08/08/2026,2026-08-22T14:30:53
2.0,geoname:1269843,2026-08-09,Hyderabad,Telangana,India,Asia/Kolkata,1269843,Hyderabad,Ekadashi upto 11:04 AM,Ekadashi,Mrigashira upto 02:43 PM,Mrigashirsha,05:58 AM,06:46 PM,2026-08-09 04:22:00 AM IST,Krishna Paksha,Ashadha,Raviwara,https://www.drikpanchang.com/panchang/month-panchang.html?geoname-id=1269843&date=09/08/2026,2026-08-22T14:31:03
2.0,geoname:1269843,2026-08-10,Hyderabad,Telangana,India,Asia/Kolkata,1269843,Hyderabad,"Dwadashi upto 08:00 AM; Trayodashi upto 04:54 AM, Aug 11",Dwadashi,Ardra upto 12:26 PM,Ardra,05:58 AM,06:45 PM,2026-08-10 04:22:00 AM IST,Krishna Paksha,Ashadha,Somawara,https://www.drikpanchang.com/panchang/month-panchang.html?geoname-id=1269843&date=10/08/2026,2026-08-22T14:31:14
2.0,geoname:1269843,2026-08-22,Hyderabad,Telangana,India,Asia/Kolkata,1269843,Hyderabad,"Dashami upto 02:00 AM, Aug 23",Dashami,Jyeshtha upto 02:49 PM,Jyeshtha,06:01 AM,06:37 PM,2026-08-22 04:25:00 AM IST,Shukla Paksha,Shravana,Shaniwara,https://www.drikpanchang.com/panchang/month-panchang.html?geoname-id=1269843&date=22/08/2026,2026-08-22T16:13:26
2.0,geoname:1269843,2026-08-23,Hyderabad,Telangana,India,Asia/Kolkata,1269843,Hyderabad,"Ekadashi upto 04:18 AM, Aug 24",Ekadashi,Mula upto 05:44 PM,Mula,06:01 AM,06:37 PM,2026-08-23 04:25:00 AM IST,Shukla Paksha,Shravana,Raviwara,https://www.drikpanchang.com/panchang/month-panchang.html?geoname-id=1269843&date=23/08/2026,2026-08-22T16:13:15
2.0,geoname:1269843,2026-08-24,Hyderabad,Telangana,India,Asia/Kolkata,1269843,Hyderabad,Dwadashi upto Full Night,Dwadashi,Purva Ashadha upto 08:28 PM,Purva Ashadha,06:01 AM,06:36 PM,2026-08-24 04:25:00 AM IST,Shukla Paksha,Shravana,Somawara,https://www.drikpanchang.com/panchang/month-panchang.html?geoname-id=1269843&date=24/08/2026,2026-08-22T16:13:37
2.0,geoname:1269843,2026-08-25,Hyderabad,Telangana,India,Asia/Kolkata,1269843,Hyderabad,Dwadashi upto 06:20 AM,Dwadashi,Uttara Ashadha upto 10:51 PM,Uttara Ashadha,06:01 AM,06:35 PM,2026-08-25 04:25:00 AM IST,Shukla Paksha,Shravana,Mangalawara,https://www.drikpanchang.com/panchang/month-panchang.html?geoname-id=1269843&date=25/08/2026,2026-08-22T16:13:47
2.0,geoname:1269920,2026-08-08,Hubli,Karnataka,India,Asia/Kolkata,1269920,Hubli,Dashami upto 01:59 PM,Dashami,Rohini upto 04:51 PM,Rohini,06:13 AM,06:57 PM,2026-08-08 04:37:00 AM IST,Krishna Paksha,Ashadha,Shaniwara,https://www.drikpanchang.com/panchang/month-panchang.html?geoname-id=1269920&date=08/08/2026,2026-08-22T13:59:47
2.0,geoname:1269920,2026-08-09,Hubli,Karnataka,India,Asia/Kolkata,1269920,Hubli,Ekadashi upto 11:04 AM,Ekadashi,Mrigashira upto 02:43 PM,Mrigashirsha,06:13 AM,06:56 PM,2026-08-09 04:37:00 AM IST,Krishna Paksha,Ashadha,Raviwara,https://www.drikpanchang.com/panchang/month-panchang.html?geoname-id=1269920&date=09/08/2026,2026-08-22T13:59:57
2.0,geoname:1269920,2026-08-10,Hubli,Karnataka,India,Asia/Kolkata,1269920,Hubli,"Dwadashi upto 08:00 AM; Trayodashi upto 04:54 AM, Aug 11",Dwadashi,Ardra upto 12:26 PM,Ardra,06:14 AM,06:56 PM,2026-08-10 04:38:00 AM IST,Krishna Paksha,Ashadha,Somawara,https://www.drikpanchang.com/panchang/month-panchang.html?geoname-id=1269920&date=10/08/2026,2026-08-22T14:00:08
2.0,geoname:1269920,2026-08-22,Hubli,Karnataka,India,Asia/Kolkata,1269920,Hubli,"Dashami upto 02:00 AM, Aug 23",Dashami,Jyeshtha upto 02:49 PM,Jyeshtha,06:16 AM,06:49 PM,2026-08-22 04:40:00 AM IST,Shukla Paksha,Shravana,Shaniwara,https://www.drikpanchang.com/panchang/month-panchang.html?geoname-id=1269920&date=22/08/2026,2026-08-22T15:32:43
2.0,geoname:1269920,2026-08-23,Hubli,Karnataka,India,Asia/Kolkata,1269920,Hubli,"Ekadashi upto 04:18 AM, Aug 24",Ekadashi,Mula upto 05:44 PM,Mula,06:16 AM,06:48 PM,2026-08-23 04:40:00 AM IST,Shukla Paksha,Shravana,Raviwara,https://www.drikpanchang.com/panchang/month-panchang.html?geoname-id=1269920&date=23/08/2026,2026-08-22T15:32:32
2.0,geoname:1269920,2026-08-24,Hubli,Karnataka,India,Asia/Kolkata,1269920,Hubli,Dwadashi upto Full Night,Dwadashi,Purva Ashadha upto 08:28 PM,Purva Ashadha,06:16 AM,06:48 PM,2026-08-24 04:40:00 AM IST,Shukla Paksha,Shravana,Somawara,https://www.drikpanchang.com/panchang/month-panchang.html?geoname-id=1269920&date=24/08/2026,2026-08-22T15:32:53
2.0,geoname:1269920,2026-08-25,Hubli,Karnataka,India,Asia/Kolkata,1269920,Hubli,Dwadashi upto 06:20 AM,Dwadashi,Uttara Ashadha upto 10:51 PM,Uttara Ashadha,06:16 AM,06:47 PM,2026-08-25 04:40:00 AM IST,Shukla Paksha,Shravana,Mangalawara,https://www.drikpanchang.com/panchang/month-panchang.html?geoname-id=1269920&date=25/08/2026,2026-08-22T15:33:04
2.0,geoname:1270603,2026-08-08,Guruvayur,Kerala,India,Asia/Kolkata,1270603,Guruvayur,Dashami upto 01:59 PM,Dashami,Rohini upto 04:51 PM,Rohini,06:16 AM,06:47 PM,2026-08-08 04:40:00 AM IST,Krishna Paksha,Ashadha,Shaniwara,https://www.drikpanchang.com/panchang/month-panchang.html?geoname-id=1270603&date=08/08/2026,2026-08-22T14:12:00
2.0,geoname:1270603,2026-08-09,Guruvayur,Kerala,India,Asia/Kolkata,1270603,Guruvayur,Ekadashi upto 11:04 AM,Ekadashi,Mrigashira upto 02:43 PM,Mrigashirsha,06:16 AM,06:47 PM,2026-08-09 04:40:00 AM IST,Krishna Paksha,Ashadha,Raviwara,https://www.drikpanchang.com/panchang/month-panchang.html?geoname-id=1270603&date=09/08/2026,2026-08-22T14:12:10
2.0,geoname:1270603,2026-08-10,Guruvayur,Kerala,India,Asia/Kolkata,1270603,Guruvayur,"Dwadashi upto 08:00 AM; Trayodashi upto 04:54 AM, Aug 11",Dwadashi,Ardra upto 12:26 PM,Ardra,06:16 AM,06:47 PM,2026-08-10 04:40:00 AM IST,Krishna Paksha,Ashadha,Somawara,https://www.drikpanchang.com/panchang/month-panchang.html?geoname-id=1270603&date=10/08/2026,2026-08-22T14:12:20
2.0,geoname:1270603,2026-08-22,Guruvayur,Kerala,India,Asia/Kolkata,1270603,Guruvayur,"Dashami upto 02:00 AM, Aug 23",Dashami,Jyeshtha upto 02:49 PM,Jyeshtha,06:16 AM,06:41 PM,2026-08-22 04:40:00 AM IST,Shukla Paksha,Shravana,Shaniwara,https://www.drikpanchang.com/panchang/month-panchang.html?geoname-id=1270603&date=22/08/2026,2026-08-22T15:54:29
2.0,geoname:1270603,2026-08-23,Guruvayur,Kerala,India,Asia/Kolkata,1270603,Guruvayur,"Ekadashi upto 04:18 AM, Aug 24",Ekadashi,Mula upto 05:44 PM,Mula,06:16 AM,06:40 PM,2026-08-23 04:40:00 AM IST,Shukla Paksha,Shravana,Raviwara,https://www.drikpanchang.com/panchang/month-panchang.html?geoname-id=1270603&date=23/08/2026,2026-08-22T15:54:19
2.0,geoname:1270603,2026-08-24,Guruvayur,Kerala,India,Asia/Kolkata,1270603,Guruvayur,Dwadashi upto Full Night,Dwadashi,Purva Ashadha upto 08:28 PM,Purva Ashadha,06:16 AM,06:40 PM,2026-08-24 04:40:00 AM IST,Shukla Paksha,Shravana,Somawara,https://www.drikpanchang.com/panchang/month-panchang.html?geoname-id=1270603&date=24/08/2026,2026-08-22T15:54:40
2.0,geoname:1270603,2026-08-25,Guruvayur,Kerala,India,Asia/Kolkata,1270603,Guruvayur,Dwadashi upto 06:20 AM,Dwadashi,Uttara Ashadha upto 10:51 PM,Uttara Ashadha,06:16 AM,06:39 PM,2026-08-25 04:40:00 AM IST,Shukla Paksha,Shravana,Mangalawara,https://www.drikpanchang.com/panchang/month-panchang.html?geoname-id=1270603&date=25/08/2026,2026-08-22T15:54:51
2.0,geoname:1271476,2026-08-08,Guwahati,Assam,India,Asia/Kolkata,1271476,Guwahati,Dashami upto 01:59 PM,Dashami,Rohini upto 04:51 PM,Rohini,04:52 AM,06:05 PM,2026-08-08 03:16:00 AM IST,Krishna Paksha,Ashadha,Shaniwara,https://www.drikpanchang.com/panchang/month-panchang.html?geoname-id=1271476&date=08/08/2026,2026-08-22T14:04:00
2.0,geoname:1271476,2026-08-09,Guwahati,Assam,India,Asia/Kolkata,1271476,Guwahati,Ekadashi upto 11:04 AM,Ekadashi,Mrigashira upto 02:43 PM,Mrigashirsha,04:52 AM,06:04 PM,2026-08-09 03:16:00 AM IST,Krishna Paksha,Ashadha,Raviwara,https://www.drikpanchang.com/panchang/month-panchang.html?geoname-id=1271476&date=09/08/2026,2026-08-22T14:04:10
2.0,geoname:1271476,2026-08-10,Guwahati,Assam,India,Asia/Kolkata,1271476,Guwahati,Dwadashi upto 08:00 AM,Dwadashi,Ardra upto 12:26 PM,Ardra,04:53 AM,06:04 PM,2026-08-10 03:17:00 AM IST,Krishna Paksha,Ashadha,Somawara,https://www.drikpanchang.com/panchang/month-panchang.html?geoname-id=1271476&date=10/08/2026,2026-08-22T14:04:21
2.0,geoname:1271476,2026-08-22,Guwahati,Assam,India,Asia/Kolkata,1271476,Guwahati,"Dashami upto 02:00 AM, Aug 23",Dashami,Jyeshtha upto 02:49 PM,Jyeshtha,04:58 AM,05:53 PM,2026-08-22 03:22:00 AM IST,Shukla Paksha,Shravana,Shaniwara,https://www.drikpanchang.com/panchang/month-panchang.html?geoname-id=1271476&date=22/08/2026,2026-08-22T15:39:12
2.0,geoname:1271476,2026-08-23,Guwahati,Assam,India,Asia/Kolkata,1271476,Guwahati,"Ekadashi upto 04:18 AM, Aug 24",Ekadashi,Mula upto 05:44 PM,Mula,04:59 AM,05:52 PM,2026-08-23 03:23:00 AM IST,Shukla Paksha,Shravana,Raviwara,https://www.drikpanchang.com/panchang/month-panchang.html?geoname-id=1271476&date=23/08/2026,2026-08-22T15:39:01
2.0,geoname:1271476,2026-08-24,Guwahati,Assam,India,Asia/Kolkata,1271476,Guwahati,Dwadashi upto Full Night,Dwadashi,Purva Ashadha upto 08:28 PM,Purva Ashadha,04:59 AM,05:51 PM,2026-08-24 03:23:00 AM IST,Shukla Paksha,Shravana,Somawara,https://www.drikpanchang.com/panchang/month-panchang.html?geoname-id=1271476&date=24/08/2026,2026-08-22T15:39:23
2.0,geoname:1271476,2026-08-25,Guwahati,Assam,India,Asia/Kolkata,1271476,Guwahati,Dwadashi upto 06:20 AM,Dwadashi,Uttara Ashadha upto 10:51 PM,Uttara Ashadha,05:00 AM,05:50 PM,2026-08-25 03:24:00 AM IST,Shukla Paksha,Shravana,Mangalawara,https://www.drikpanchang.com/panchang/month-panchang.html?geoname-id=1271476&date=25/08/2026,2026-08-22T15:39:34
2.0,geoname:1271631,2026-08-08,Gangtok,Sikkim,India,Asia/Kolkata,1271631,Gangtok,Dashami upto 01:59 PM,Dashami,Rohini upto 04:51 PM,Rohini,05:03 AM,06:19 PM,2026-08-08 03:27:00 AM IST,Krishna Paksha,Ashadha,Shaniwara,https://www.drikpanchang.com/panchang/month-panchang.html?geoname-id=1271631&date=08/08/2026,2026-08-22T14:05:34
2.0,geoname:1271631,2026-08-09,Gangtok,Sikkim,India,Asia/Kolkata,1271631,Gangtok,Ekadashi upto 11:04 AM,Ekadashi,Mrigashira upto 02:43 PM,Mrigashirsha,05:03 AM,06:19 PM,2026-08-09 03:27:00 AM IST,Krishna Paksha,Ashadha,Raviwara,https://www.drikpanchang.com/panchang/month-panchang.html?geoname-id=1271631&date=09/08/2026,2026-08-22T14:05:45
2.0,geoname:1271631,2026-08-10,Gangtok,Sikkim,India,Asia/Kolkata,1271631,Gangtok,"Dwadashi upto 08:00 AM; Trayodashi upto 04:54 AM, Aug 11",Dwadashi,Ardra upto 12:26 PM,Ardra,05:04 AM,06:18 PM,2026-08-10 03:28:00 AM IST,Krishna Paksha,Ashadha,Somawara,https://www.drikpanchang.com/panchang/month-panchang.html?geoname-id=1271631&date=10/08/2026,2026-08-22T14:05:55
2.0,geoname:1271631,2026-08-22,Gangtok,Sikkim,India,Asia/Kolkata,1271631,Gangtok,"Dashami upto 02:00 AM, Aug 23",Dashami,Jyeshtha upto 02:49 PM,Jyeshtha,05:10 AM,06:07 PM,2026-08-22 03:34:00 AM IST,Shukla Paksha,Shravana,Shaniwara,https://www.drikpanchang.com/panchang/month-panchang.html?geoname-id=1271631&date=22/08/2026,2026-08-22T15:41:24
2.0,geoname:1271631,2026-08-23,Gangtok,Sikkim,India,Asia/Kolkata,1271631,Gangtok,"Ekadashi upto 04:18 AM, Aug 24",Ekadashi,Mula upto 05:44 PM,Mula,05:10 AM,06:06 PM,2026-08-23 03:34:00 AM IST,Shukla Paksha,Shravana,Raviwara,https://www.drikpanchang.com/panchang/month-panchang.html?geoname-id=1271631&date=23/08/2026,2026-08-22T15:41:14
2.0,geoname:1271631,2026-08-24,Gangtok,Sikkim,India,Asia/Kolkata,1271631,Gangtok,Dwadashi upto Full Night,Dwadashi,Purva Ashadha upto 08:28 PM,Purva Ashadha,05:11 AM,06:05 PM,2026-08-24 03:35:00 AM IST,Shukla Paksha,Shravana,Somawara,https://www.drikpanchang.com/panchang/month-panchang.html?geoname-id=1271631&date=24/08/2026,2026-08-22T15:41:35
2.0,geoname:1271631,2026-08-25,Gangtok,Sikkim,India,Asia/Kolkata,1271631,Gangtok,Dwadashi upto 06:20 AM,Dwadashi,Uttara Ashadha upto 10:51 PM,Uttara Ashadha,05:11 AM,06:04 PM,2026-08-25 03:35:00 AM IST,Shukla Paksha,Shravana,Mangalawara,https://www.drikpanchang.com/panchang/month-panchang.html?geoname-id=1271631&date=25/08/2026,2026-08-22T15:41:46
2.0,geoname:1272552,2026-08-08,Dimapur,Nagaland,India,Asia/Kolkata,1272552,Dimapur,Dashami upto 01:59 PM,Dashami,Rohini upto 04:51 PM,Rohini,04:44 AM,05:57 PM,2026-08-08 03:08:00 AM IST,Krishna Paksha,Ashadha,Shaniwara,https://www.drikpanchang.com/panchang/month-panchang.html?geoname-id=1272552&date=08/08/2026,2026-08-22T14:07:40
2.0,geoname:1272552,2026-08-09,Dimapur,Nagaland,India,Asia/Kolkata,1272552,Dimapur,Ekadashi upto 11:04 AM,Ekadashi,Mrigashira upto 02:43 PM,Mrigashirsha,04:45 AM,05:56 PM,2026-08-09 03:09:00 AM IST,Krishna Paksha,Ashadha,Raviwara,https://www.drikpanchang.com/panchang/month-panchang.html?geoname-id=1272552&date=09/08/2026,2026-08-22T14:07:51
2.0,geoname:1272552,2026-08-10,Dimapur,Nagaland,India,Asia/Kolkata,1272552,Dimapur,Dwadashi upto 08:00 AM,Dwadashi,Ardra upto 12:26 PM,Ardra,04:45 AM,05:55 PM,2026-08-10 03:09:00 AM IST,Krishna Paksha,Ashadha,Somawara,https://www.drikpanchang.com/panchang/month-panchang.html?geoname-id=1272552&date=10/08/2026,2026-08-22T14:08:01
2.0,geoname:1272552,2026-08-22,Dimapur,Nagaland,India,Asia/Kolkata,1272552,Dimapur,"Dashami upto 02:00 AM, Aug 23",Dashami,Jyeshtha upto 02:49 PM,Jyeshtha,04:51 AM,05:45 PM,2026-08-22 03:15:00 AM IST,Shukla Paksha,Shravana,Shaniwara,https://www.drikpanchang.com/panchang/month-panchang.html?geoname-id=1272552&date=22/08/2026,2026-08-22T15:44:20
2.0,geoname:1272552,2026-08-23,Dimapur,Nagaland,India,Asia/Kolkata,1272552,Dimapur,"Ekadashi upto 04:18 AM, Aug 24",Ekadashi,Mula upto 05:44 PM,Mula,04:51 AM,05:44 PM,2026-08-23 03:15:00 AM IST,Shukla Paksha,Shravana,Raviwara,https://www.drikpanchang.com/panchang/month-panchang.html?geoname-id=1272552&date=23/08/2026,2026-08-22T15:44:09
2.0,geoname:1272552,2026-08-24,Dimapur,Nagaland,India,Asia/Kolkata,1272552,Dimapur,Dwadashi upto Full Night,Dwadashi,Purva Ashadha upto 08:28 PM,Purva Ashadha,04:52 AM,05:43 PM,2026-08-24 03:16:00 AM IST,Shukla Paksha,Shravana,Somawara,https://www.drikpanchang.com/panchang/month-panchang.html?geoname-id=1272552&date=24/08/2026,2026-08-22T15:44:31
2.0,geoname:1272552,2026-08-25,Dimapur,Nagaland,India,Asia/Kolkata,1272552,Dimapur,Dwadashi upto 06:20 AM,Dwadashi,Uttara Ashadha upto 10:51 PM,Uttara Ashadha,04:52 AM,05:42 PM,2026-08-25 03:16:00 AM IST,Shukla Paksha,Shravana,Mangalawara,https://www.drikpanchang.com/panchang/month-panchang.html?geoname-id=1272552&date=25/08/2026,2026-08-22T15:44:41
2.0,geoname:1272648,2026-08-08,Dibrugarh,Assam,India,Asia/Kolkata,1272648,Dibrugarh,Dashami upto 01:59 PM,Dashami,Rohini upto 04:51 PM,Rohini,04:37 AM,05:54 PM,2026-08-08 03:01:00 AM IST,Krishna Paksha,Ashadha,Shaniwara,https://www.drikpanchang.com/panchang/month-panchang.html?geoname-id=1272648&date=08/08/2026,2026-08-22T14:06:37
2.0,geoname:1272648,2026-08-09,Dibrugarh,Assam,India,Asia/Kolkata,1272648,Dibrugarh,Ekadashi upto 11:04 AM,Ekadashi,Mrigashira upto 02:43 PM,Mrigashirsha,04:38 AM,05:54 PM,2026-08-09 03:02:00 AM IST,Krishna Paksha,Ashadha,Raviwara,https://www.drikpanchang.com/panchang/month-panchang.html?geoname-id=1272648&date=09/08/2026,2026-08-22T14:06:48
2.0,geoname:1272648,2026-08-10,Dibrugarh,Assam,India,Asia/Kolkata,1272648,Dibrugarh,Dwadashi upto 08:00 AM,Dwadashi,Ardra upto 12:26 PM,Ardra,04:38 AM,05:53 PM,2026-08-10 03:02:00 AM IST,Krishna Paksha,Ashadha,Somawara,https://www.drikpanchang.com/panchang/month-panchang.html?geoname-id=1272648&date=10/08/2026,2026-08-22T14:06:58
2.0,geoname:1272648,2026-08-22,Dibrugarh,Assam,India,Asia/Kolkata,1272648,Dibrugarh,"Dashami upto 02:00 AM, Aug 23",Dashami,Jyeshtha upto 02:49 PM,Jyeshtha,04:44 AM,05:42 PM,2026-08-22 03:08:00 AM IST,Shukla Paksha,Shravana,Shaniwara,https://www.drikpanchang.com/panchang/month-panchang.html?geoname-id=1272648&date=22/08/2026,2026-08-22T15:42:52
2.0,geoname:1272648,2026-08-23,Dibrugarh,Assam,India,Asia/Kolkata,1272648,Dibrugarh,"Ekadashi upto 04:18 AM, Aug 24",Ekadashi,Mula upto 05:44 PM,Mula,04:45 AM,05:41 PM,2026-08-23 03:09:00 AM IST,Shukla Paksha,Shravana,Raviwara,https://www.drikpanchang.com/panchang/month-panchang.html?geoname-id=1272648&date=23/08/2026,2026-08-22T15:42:42
2.0,geoname:1272648,2026-08-24,Dibrugarh,Assam,India,Asia/Kolkata,1272648,Dibrugarh,Dwadashi upto Full Night,Dwadashi,Purva Ashadha upto 08:28 PM,Purva Ashadha,04:45 AM,05:40 PM,2026-08-24 03:09:00 AM IST,Shukla Paksha,Shravana,Somawara,https://www.drikpanchang.com/panchang/month-panchang.html?geoname-id=1272648&date=24/08/2026,2026-08-22T15:43:03
2.0,geoname:1272648,2026-08-25,Dibrugarh,Assam,India,Asia/Kolkata,1272648,Dibrugarh,Dwadashi upto 06:20 AM,Dwadashi,Uttara Ashadha upto 10:51 PM,Uttara Ashadha,04:46 AM,05:39 PM,2026-08-25 03:10:00 AM IST,Shukla Paksha,Shravana,Mangalawara,https://www.drikpanchang.com/panchang/month-panchang.html?geoname-id=1272648&date=25/08/2026,2026-08-22T15:43:14
2.0,geoname:1273865,2026-08-08,Coimbatore,Tamil Nadu,India,Asia/Kolkata,1273865,Coimbatore,Dashami upto 01:59 PM,Dashami,Rohini upto 04:51 PM,Rohini,06:11 AM,06:44 PM,2026-08-08 04:35:00 AM IST,Krishna Paksha,Ashadha,Shaniwara,https://www.drikpanchang.com/panchang/month-panchang.html?geoname-id=1273865&date=08/08/2026,2026-08-24T13:48:27
2.0,geoname:1273865,2026-08-09,Coimbatore,Tamil Nadu,India,Asia/Kolkata,1273865,Coimbatore,Ekadashi upto 11:04 AM,Ekadashi,Mrigashira upto 02:43 PM,Mrigashirsha,06:11 AM,06:44 PM,2026-08-09 04:35:00 AM IST,Krishna Paksha,Ashadha,Raviwara,https://www.drikpanchang.com/panchang/month-panchang.html?geoname-id=1273865&date=09/08/2026,2026-08-24T13:48:16
2.0,geoname:1273865,2026-08-10,Coimbatore,Tamil Nadu,India,Asia/Kolkata,1273865,Coimbatore,"Dwadashi upto 08:00 AM; Trayodashi upto 04:54 AM, Aug 11",Dwadashi,Ardra upto 12:26 PM,Ardra,06:12 AM,06:43 PM,2026-08-10 04:36:00 AM IST,Krishna Paksha,Ashadha,Somawara,https://www.drikpanchang.com/panchang/month-panchang.html?geoname-id=1273865&date=10/08/2026,2026-08-24T13:48:37
2.0,geoname:1273865,2026-08-22,Coimbatore,Tamil Nadu,India,Asia/Kolkata,1273865,Coimbatore,"Dashami upto 02:00 AM, Aug 23",Dashami,Jyeshtha upto 02:49 PM,Jyeshtha,06:12 AM,06:38 PM,2026-08-22 04:36:00 AM IST,Shukla Paksha,Shravana,Shaniwara,https://www.drikpanchang.com/panchang/month-panchang.html?geoname-id=1273865&date=22/08/2026,2026-08-24T13:51:29
2.0,geoname:1273865,2026-08-23,Coimbatore,Tamil Nadu,India,Asia/Kolkata,1273865,Coimbatore,"Ekadashi upto 04:18 AM, Aug 24",Ekadashi,Mula upto 05:44 PM,Mula,06:12 AM,06:37 PM,2026-08-23 04:36:00 AM IST,Shukla Paksha,Shravana,Raviwara,https://www.drikpanchang.com/panchang/month-panchang.html?geoname-id=1273865&date=23/08/2026,2026-08-24T13:51:18
2.0,geoname:1273865,2026-08-24,Coimbatore,Tamil Nadu,India,Asia/Kolkata,1273865,Coimbatore,Dwadashi upto Full Night,Dwadashi,Purva Ashadha upto 08:28 PM,Purva Ashadha,06:12 AM,06:37 PM,2026-08-24 04:36:00 AM IST,Shukla Paksha,Shravana,Somawara,https://www.drikpanchang.com/panchang/month-panchang.html?geoname-id=1273865&date=24/08/2026,2026-08-24T13:51:39
2.0,geoname:1273865,2026-08-25,Coimbatore,Tamil Nadu,India,Asia/Kolkata,1273865,Coimbatore,Dwadashi upto 06:20 AM,Dwadashi,Uttara Ashadha upto 10:51 PM,Uttara Ashadha,06:12 AM,06:36 PM,2026-08-25 04:36:00 AM IST,Shukla Paksha,Shravana,Mangalawara,https://www.drikpanchang.com/panchang/month-panchang.html?geoname-id=1273865&date=25/08/2026,2026-08-24T13:51:50
2.0,geoname:1274256,2026-08-08,Chidambaram,Tamil Nadu,India,Asia/Kolkata,1274256,Chidambaram,Dashami upto 01:59 PM,Dashami,Rohini upto 04:51 PM,Rohini,06:00 AM,06:34 PM,2026-08-08 04:24:00 AM IST,Krishna Paksha,Ashadha,Shaniwara,https://www.drikpanchang.com/panchang/month-panchang.html?geoname-id=1274256&date=08/08/2026,2026-08-22T14:10:25
2.0,geoname:1274256,2026-08-09,Chidambaram,Tamil Nadu,India,Asia/Kolkata,1274256,Chidambaram,Ekadashi upto 11:04 AM,Ekadashi,Mrigashira upto 02:43 PM,Mrigashirsha,06:00 AM,06:33 PM,2026-08-09 04:24:00 AM IST,Krishna Paksha,Ashadha,Raviwara,https://www.drikpanchang.com/panchang/month-panchang.html?geoname-id=1274256&date=09/08/2026,2026-08-22T14:10:35
2.0,geoname:1274256,2026-08-10,Chidambaram,Tamil Nadu,India,Asia/Kolkata,1274256,Chidambaram,"Dwadashi upto 08:00 AM; Trayodashi upto 04:54 AM, Aug 11",Dwadashi,Ardra upto 12:26 PM,Ardra,06:00 AM,06:33 PM,2026-08-10 04:24:00 AM IST,Krishna Paksha,Ashadha,Somawara,https://www.drikpanchang.com/panchang/month-panchang.html?geoname-id=1274256&date=10/08/2026,2026-08-22T14:10:46
2.0,geoname:1274256,2026-08-22,Chidambaram,Tamil Nadu,India,Asia/Kolkata,1274256,Chidambaram,"Dashami upto 02:00 AM, Aug 23",Dashami,Jyeshtha upto 02:49 PM,Jyeshtha,06:01 AM,06:27 PM,2026-08-22 04:25:00 AM IST,Shukla Paksha,Shravana,Shaniwara,https://www.drikpanchang.com/panchang/month-panchang.html?geoname-id=1274256&date=22/08/2026,2026-08-22T15:52:18
2.0,geoname:1274256,2026-08-23,Chidambaram,Tamil Nadu,India,Asia/Kolkata,1274256,Chidambaram,"Ekadashi upto 04:18 AM, Aug 24",Ekadashi,Mula upto 05:44 PM,Mula,06:01 AM,06:27 PM,2026-08-23 04:25:00 AM IST,Shukla Paksha,Shravana,Raviwara,https://www.drikpanchang.com/panchang/month-panchang.html?geoname-id=1274256&date=23/08/2026,2026-08-22T15:47:05
2.0,geoname:1274256,2026-08-24,Chidambaram,Tamil Nadu,India,Asia/Kolkata,1274256,Chidambaram,Dwadashi upto Full Night,Dwadashi,Purva Ashadha upto 08:28 PM,Purva Ashadha,06:01 AM,06:26 PM,2026-08-24 04:25:00 AM IST,Shukla Paksha,Shravana,Somawara,https://www.drikpanchang.com/panchang/month-panchang.html?geoname-id=1274256&date=24/08/2026,2026-08-22T15:52:29
2.0,geoname:1274256,2026-08-25,Chidambaram,Tamil Nadu,India,Asia/Kolkata,1274256,Chidambaram,Dwadashi upto 06:20 AM,Dwadashi,Uttara Ashadha upto 10:51 PM,Uttara Ashadha,06:01 AM,06:25 PM,2026-08-25 04:25:00 AM IST,Shukla Paksha,Shravana,Mangalawara,https://www.drikpanchang.com/panchang/month-panchang.html?geoname-id=1274256&date=25/08/2026,2026-08-22T15:52:40
2.0,geoname:1275004,2026-08-08,Kolkata,West Bengal,India,Asia/Kolkata,1275004,Kolkata,Dashami upto 01:59 PM,Dashami,Rohini upto 04:51 PM,Rohini,05:11 AM,06:13 PM,2026-08-08 03:35:00 AM IST,Krishna Paksha,Ashadha,Shaniwara,https://www.drikpanchang.com/panchang/month-panchang.html?geoname-id=1275004&date=08/08/2026,2026-08-22T14:52:24
2.0,geoname:1275004,2026-08-09,Kolkata,West Bengal,India,Asia/Kolkata,1275004,Kolkata,Ekadashi upto 11:04 AM,Ekadashi,Mrigashira upto 02:43 PM,Mrigashirsha,05:11 AM,06:13 PM,2026-08-09 03:35:00 AM IST,Krishna Paksha,Ashadha,Raviwara,https://www.drikpanchang.com/panchang/month-panchang.html?geoname-id=1275004&date=09/08/2026,2026-08-22T14:52:34
2.0,geoname:1275004,2026-08-10,Kolkata,West Bengal,India,Asia/Kolkata,1275004,Kolkata,"Dwadashi upto 08:00 AM; Trayodashi upto 04:54 AM, Aug 11",Dwadashi,Ardra upto 12:26 PM,Ardra,05:12 AM,06:12 PM,2026-08-10 03:36:00 AM IST,Krishna Paksha,Ashadha,Somawara,https://www.drikpanchang.com/panchang/month-panchang.html?geoname-id=1275004&date=10/08/2026,2026-08-22T14:52:44
2.0,geoname:1275004,2026-08-22,Kolkata,West Bengal,India,Asia/Kolkata,1275004,Kolkata,"Dashami upto 02:00 AM, Aug 23",Dashami,Jyeshtha upto 02:49 PM,Jyeshtha,05:16 AM,06:03 PM,2026-08-22 03:40:00 AM IST,Shukla Paksha,Shravana,Shaniwara,https://www.drikpanchang.com/panchang/month-panchang.html?geoname-id=1275004&date=22/08/2026,2026-08-22T16:41:48
2.0,geoname:1275004,2026-08-23,Kolkata,West Bengal,India,Asia/Kolkata,1275004,Kolkata,"Ekadashi upto 04:18 AM, Aug 24",Ekadashi,Mula upto 05:44 PM,Mula,05:16 AM,06:02 PM,2026-08-23 03:40:00 AM IST,Shukla Paksha,Shravana,Raviwara,https://www.drikpanchang.com/panchang/month-panchang.html?geoname-id=1275004&date=23/08/2026,2026-08-22T16:41:38
2.0,geoname:1275004,2026-08-24,Kolkata,West Bengal,India,Asia/Kolkata,1275004,Kolkata,Dwadashi upto Full Night,Dwadashi,Purva Ashadha upto 08:28 PM,Purva Ashadha,05:16 AM,06:01 PM,2026-08-24 03:40:00 AM IST,Shukla Paksha,Shravana,Somawara,https://www.drikpanchang.com/panchang/month-panchang.html?geoname-id=1275004&date=24/08/2026,2026-08-22T16:41:59
2.0,geoname:1275004,2026-08-25,Kolkata,West Bengal,India,Asia/Kolkata,1275004,Kolkata,Dwadashi upto 06:20 AM,Dwadashi,Uttara Ashadha upto 10:51 PM,Uttara Ashadha,05:17 AM,06:00 PM,2026-08-25 03:41:00 AM IST,Shukla Paksha,Shravana,Mangalawara,https://www.drikpanchang.com/panchang/month-panchang.html?geoname-id=1275004&date=25/08/2026,2026-08-22T16:42:09
2.0,geoname:1275339,2026-08-08,Mumbai,Maharashtra,India,Asia/Kolkata,1275339,Mumbai,Dashami upto 01:59 PM,Dashami,Rohini upto 04:51 PM,Rohini,06:17 AM,07:11 PM,2026-08-08 04:41:00 AM IST,Krishna Paksha,Ashadha,Shaniwara,https://www.drikpanchang.com/panchang/month-panchang.html?geoname-id=1275339&date=08/08/2026,2026-08-22T14:51:52
2.0,geoname:1275339,2026-08-09,Mumbai,Maharashtra,India,Asia/Kolkata,1275339,Mumbai,Ekadashi upto 11:04 AM,Ekadashi,Mrigashira upto 02:43 PM,Mrigashirsha,06:18 AM,07:10 PM,2026-08-09 04:42:00 AM IST,Krishna Paksha,Ashadha,Raviwara,https://www.drikpanchang.com/panchang/month-panchang.html?geoname-id=1275339&date=09/08/2026,2026-08-22T14:52:02
2.0,geoname:1275339,2026-08-10,Mumbai,Maharashtra,India,Asia/Kolkata,1275339,Mumbai,"Dwadashi upto 08:00 AM; Trayodashi upto 04:54 AM, Aug 11",Dwadashi,Ardra upto 12:26 PM,Ardra,06:18 AM,07:09 PM,2026-08-10 04:42:00 AM IST,Krishna Paksha,Ashadha,Somawara,https://www.drikpanchang.com/panchang/month-panchang.html?geoname-id=1275339&date=10/08/2026,2026-08-22T14:52:13
2.0,geoname:1275339,2026-08-22,Mumbai,Maharashtra,India,Asia/Kolkata,1275339,Mumbai,"Dashami upto 02:00 AM, Aug 23",Dashami,Jyeshtha upto 02:49 PM,Jyeshtha,06:21 AM,07:01 PM,2026-08-22 04:45:00 AM IST,Shukla Paksha,Shravana,Shaniwara,https://www.drikpanchang.com/panchang/month-panchang.html?geoname-id=1275339&date=22/08/2026,2026-08-22T16:41:06
2.0,geoname:1275339,2026-08-23,Mumbai,Maharashtra,India,Asia/Kolkata,1275339,Mumbai,"Ekadashi upto 04:18 AM, Aug 24",Ekadashi,Mula upto 05:44 PM,Mula,06:21 AM,07:01 PM,2026-08-23 04:45:00 AM IST,Shukla Paksha,Shravana,Raviwara,https://www.drikpanchang.com/panchang/month-panchang.html?geoname-id=1275339&date=23/08/2026,2026-08-22T16:40:56
2.0,geoname:1275339,2026-08-24,Mumbai,Maharashtra,India,Asia/Kolkata,1275339,Mumbai,"Dwadashi upto 06:20 AM, Aug 25",Dwadashi,Purva Ashadha upto 08:28 PM,Purva Ashadha,06:22 AM,07:00 PM,2026-08-24 04:46:00 AM IST,Shukla Paksha,Shravana,Somawara,https://www.drikpanchang.com/panchang/month-panchang.html?geoname-id=1275339&date=24/08/2026,2026-08-22T16:41:17
2.0,geoname:1275339,2026-08-25,Mumbai,Maharashtra,India,Asia/Kolkata,1275339,Mumbai,Trayodashi upto Full Night,Trayodashi,Uttara Ashadha upto 10:51 PM,Uttara Ashadha,06:22 AM,06:59 PM,2026-08-25 04:46:00 AM IST,Shukla Paksha,Shravana,Mangalawara,https://www.drikpanchang.com/panchang/month-panchang.html?geoname-id=1275339&date=25/08/2026,2026-08-22T16:41:27
2.0,geoname:1275817,2026-08-08,Bhubaneswar,Odisha,India,Asia/Kolkata,1275817,Bhubaneswar,Dashami upto 01:59 PM,Dashami,Rohini upto 04:51 PM,Rohini,05:24 AM,06:20 PM,2026-08-08 03:48:00 AM IST,Krishna Paksha,Ashadha,Shaniwara,https://www.drikpanchang.com/panchang/month-panchang.html?geoname-id=1275817&date=08/08/2026,2026-08-22T14:52:55
2.0,geoname:1275817,2026-08-09,Bhubaneswar,Odisha,India,Asia/Kolkata,1275817,Bhubaneswar,Ekadashi upto 11:04 AM,Ekadashi,Mrigashira upto 02:43 PM,Mrigashirsha,05:24 AM,06:20 PM,2026-08-09 03:48:00 AM IST,Krishna Paksha,Ashadha,Raviwara,https://www.drikpanchang.com/panchang/month-panchang.html?geoname-id=1275817&date=09/08/2026,2026-08-22T14:53:05
2.0,geoname:1275817,2026-08-10,Bhubaneswar,Odisha,India,Asia/Kolkata,1275817,Bhubaneswar,"Dwadashi upto 08:00 AM; Trayodashi upto 04:54 AM, Aug 11",Dwadashi,Ardra upto 12:26 PM,Ardra,05:25 AM,06:19 PM,2026-08-10 03:49:00 AM IST,Krishna Paksha,Ashadha,Somawara,https://www.drikpanchang.com/panchang/month-panchang.html?geoname-id=1275817&date=10/08/2026,2026-08-22T14:59:43
2.0,geoname:1275817,2026-08-22,Bhubaneswar,Odisha,India,Asia/Kolkata,1275817,Bhubaneswar,"Dashami upto 02:00 AM, Aug 23",Dashami,Jyeshtha upto 02:49 PM,Jyeshtha,05:28 AM,06:11 PM,2026-08-22 03:52:00 AM IST,Shukla Paksha,Shravana,Shaniwara,https://www.drikpanchang.com/panchang/month-panchang.html?geoname-id=1275817&date=22/08/2026,2026-08-22T16:42:31
2.0,geoname:1275817,2026-08-23,Bhubaneswar,Odisha,India,Asia/Kolkata,1275817,Bhubaneswar,"Ekadashi upto 04:18 AM, Aug 24",Ekadashi,Mula upto 05:44 PM,Mula,05:28 AM,06:10 PM,2026-08-23 03:52:00 AM IST,Shukla Paksha,Shravana,Raviwara,https://www.drikpanchang.com/panchang/month-panchang.html?geoname-id=1275817&date=23/08/2026,2026-08-22T16:42:20
2.0,geoname:1275817,2026-08-24,Bhubaneswar,Odisha,India,Asia/Kolkata,1275817,Bhubaneswar,Dwadashi upto Full Night,Dwadashi,Purva Ashadha upto 08:28 PM,Purva Ashadha,05:29 AM,06:09 PM,2026-08-24 03:53:00 AM IST,Shukla Paksha,Shravana,Somawara,https://www.drikpanchang.com/panchang/month-panchang.html?geoname-id=1275817&date=24/08/2026,2026-08-22T16:42:41
2.0,geoname:1275817,2026-08-25,Bhubaneswar,Odisha,India,Asia/Kolkata,1275817,Bhubaneswar,Dwadashi upto 06:20 AM,Dwadashi,Uttara Ashadha upto 10:51 PM,Uttara Ashadha,05:29 AM,06:08 PM,2026-08-25 03:53:00 AM IST,Shukla Paksha,Shravana,Mangalawara,https://www.drikpanchang.com/panchang/month-panchang.html?geoname-id=1275817&date=25/08/2026,2026-08-22T16:42:52
2.0,geoname:1275841,2026-08-08,Bhopal,Madhya Pradesh,India,Asia/Kolkata,1275841,Bhopal,Dashami upto 01:59 PM,Dashami,Rohini upto 04:51 PM,Rohini,05:54 AM,06:58 PM,2026-08-08 04:18:00 AM IST,Krishna Paksha,Ashadha,Shaniwara,https://www.drikpanchang.com/panchang/month-panchang.html?geoname-id=1275841&date=08/08/2026,2026-08-22T15:00:25
2.0,geoname:1275841,2026-08-09,Bhopal,Madhya Pradesh,India,Asia/Kolkata,1275841,Bhopal,Ekadashi upto 11:04 AM,Ekadashi,Mrigashira upto 02:43 PM,Mrigashirsha,05:54 AM,06:58 PM,2026-08-09 04:18:00 AM IST,Krishna Paksha,Ashadha,Raviwara,https://www.drikpanchang.com/panchang/month-panchang.html?geoname-id=1275841&date=09/08/2026,2026-08-22T15:00:35
2.0,geoname:1275841,2026-08-10,Bhopal,Madhya Pradesh,India,Asia/Kolkata,1275841,Bhopal,"Dwadashi upto 08:00 AM; Trayodashi upto 04:53 AM, Aug 11",Dwadashi,Ardra upto 12:26 PM,Ardra,05:54 AM,06:57 PM,2026-08-10 04:18:00 AM IST,Krishna Paksha,Ashadha,Somawara,https://www.drikpanchang.com/panchang/month-panchang.html?geoname-id=1275841&date=10/08/2026,2026-08-22T15:00:46
2.0,geoname:1275841,2026-08-22,Bhopal,Madhya Pradesh,India,Asia/Kolkata,1275841,Bhopal,"Dashami upto 02:00 AM, Aug 23",Dashami,Jyeshtha upto 02:49 PM,Jyeshtha,05:59 AM,06:47 PM,2026-08-22 04:23:00 AM IST,Shukla Paksha,Shravana,Shaniwara,https://www.drikpanchang.com/panchang/month-panchang.html?geoname-id=1275841&date=22/08/2026,2026-08-22T16:43:55
2.0,geoname:1275841,2026-08-23,Bhopal,Madhya Pradesh,India,Asia/Kolkata,1275841,Bhopal,"Ekadashi upto 04:18 AM, Aug 24",Ekadashi,Mula upto 05:44 PM,Mula,05:59 AM,06:46 PM,2026-08-23 04:23:00 AM IST,Shukla Paksha,Shravana,Raviwara,https://www.drikpanchang.com/panchang/month-panchang.html?geoname-id=1275841&date=23/08/2026,2026-08-22T16:43:45
2.0,geoname:1275841,2026-08-24,Bhopal,Madhya Pradesh,India,Asia/Kolkata,1275841,Bhopal,Dwadashi upto Full Night,Dwadashi,Purva Ashadha upto 08:28 PM,Purva Ashadha,06:00 AM,06:46 PM,2026-08-24 04:24:00 AM IST,Shukla Paksha,Shravana,Somawara,https://www.drikpanchang.com/panchang/month-panchang.html?geoname-id=1275841&date=24/08/2026,2026-08-22T16:44:06
2.0,geoname:1275841,2026-08-25,Bhopal,Madhya Pradesh,India,Asia/Kolkata,1275841,Bhopal,Dwadashi upto 06:20 AM,Dwadashi,Uttara Ashadha upto 10:51 PM,Uttara Ashadha,06:00 AM,06:45 PM,2026-08-25 04:24:00 AM IST,Shukla Paksha,Shravana,Mangalawara,https://www.drikpanchang.com/panchang/month-panchang.html?geoname-id=1275841&date=25/08/2026,2026-08-22T16:44:16
2.0,geoname:1276533,2026-08-08,Belgaum,Karnataka,India,Asia/Kolkata,1276533,Belgaum,Dashami upto 01:59 PM,Dashami,Rohini upto 04:51 PM,Rohini,06:15 AM,07:00 PM,2026-08-08 04:39:00 AM IST,Krishna Paksha,Ashadha,Shaniwara,https://www.drikpanchang.com/panchang/month-panchang.html?geoname-id=1276533&date=08/08/2026,2026-08-22T13:59:15
2.0,geoname:1276533,2026-08-09,Belgaum,Karnataka,India,Asia/Kolkata,1276533,Belgaum,Ekadashi upto 11:04 AM,Ekadashi,Mrigashira upto 02:43 PM,Mrigashirsha,06:15 AM,06:59 PM,2026-08-09 04:39:00 AM IST,Krishna Paksha,Ashadha,Raviwara,https://www.drikpanchang.com/panchang/month-panchang.html?geoname-id=1276533&date=09/08/2026,2026-08-22T13:59:26
2.0,geoname:1276533,2026-08-10,Belgaum,Karnataka,India,Asia/Kolkata,1276533,Belgaum,"Dwadashi upto 08:00 AM; Trayodashi upto 04:54 AM, Aug 11",Dwadashi,Ardra upto 12:26 PM,Ardra,06:16 AM,06:59 PM,2026-08-10 04:40:00 AM IST,Krishna Paksha,Ashadha,Somawara,https://www.drikpanchang.com/panchang/month-panchang.html?geoname-id=1276533&date=10/08/2026,2026-08-22T13:59:36
2.0,geoname:1276533,2026-08-22,Belgaum,Karnataka,India,Asia/Kolkata,1276533,Belgaum,"Dashami upto 02:00 AM, Aug 23",Dashami,Jyeshtha upto 02:49 PM,Jyeshtha,06:18 AM,06:52 PM,2026-08-22 04:42:00 AM IST,Shukla Paksha,Shravana,Shaniwara,https://www.drikpanchang.com/panchang/month-panchang.html?geoname-id=1276533&date=22/08/2026,2026-08-22T15:31:58
2.0,geoname:1276533,2026-08-23,Belgaum,Karnataka,India,Asia/Kolkata,1276533,Belgaum,"Ekadashi upto 04:18 AM, Aug 24",Ekadashi,Mula upto 05:44 PM,Mula,06:18 AM,06:51 PM,2026-08-23 04:42:00 AM IST,Shukla Paksha,Shravana,Raviwara,https://www.drikpanchang.com/panchang/month-panchang.html?geoname-id=1276533&date=23/08/2026,2026-08-22T15:31:48
2.0,geoname:1276533,2026-08-24,Belgaum,Karnataka,India,Asia/Kolkata,1276533,Belgaum,Dwadashi upto Full Night,Dwadashi,Purva Ashadha upto 08:28 PM,Purva Ashadha,06:18 AM,06:50 PM,2026-08-24 04:42:00 AM IST,Shukla Paksha,Shravana,Somawara,https://www.drikpanchang.com/panchang/month-panchang.html?geoname-id=1276533&date=24/08/2026,2026-08-22T15:32:09
2.0,geoname:1276533,2026-08-25,Belgaum,Karnataka,India,Asia/Kolkata,1276533,Belgaum,Dwadashi upto 06:20 AM,Dwadashi,Uttara Ashadha upto 10:51 PM,Uttara Ashadha,06:18 AM,06:50 PM,2026-08-25 04:42:00 AM IST,Shukla Paksha,Shravana,Mangalawara,https://www.drikpanchang.com/panchang/month-panchang.html?geoname-id=1276533&date=25/08/2026,2026-08-22T15:32:20
2.0,geoname:1277333,2026-08-08,Bengaluru,Karnataka,India,Asia/Kolkata,1277333,Bengaluru,Dashami upto 01:59 PM,Dashami,Rohini upto 04:51 PM,Rohini,06:06 AM,06:44 PM,2026-08-08 04:30:00 AM IST,Krishna Paksha,Ashadha,Shaniwara,https://www.drikpanchang.com/panchang/month-panchang.html?geoname-id=1277333&date=08/08/2026,2026-08-22T14:27:11
2.0,geoname:1277333,2026-08-09,Bengaluru,Karnataka,India,Asia/Kolkata,1277333,Bengaluru,Ekadashi upto 11:04 AM,Ekadashi,Mrigashira upto 02:43 PM,Mrigashirsha,06:07 AM,06:44 PM,2026-08-09 04:31:00 AM IST,Krishna Paksha,Ashadha,Raviwara,https://www.drikpanchang.com/panchang/month-panchang.html?geoname-id=1277333&date=09/08/2026,2026-08-22T14:27:21
2.0,geoname:1277333,2026-08-10,Bengaluru,Karnataka,India,Asia/Kolkata,1277333,Bengaluru,"Dwadashi upto 08:00 AM; Trayodashi upto 04:54 AM, Aug 11",Dwadashi,Ardra upto 12:26 PM,Ardra,06:07 AM,06:43 PM,2026-08-10 04:31:00 AM IST,Krishna Paksha,Ashadha,Somawara,https://www.drikpanchang.com/panchang/month-panchang.html?geoname-id=1277333&date=10/08/2026,2026-08-22T14:27:32
2.0,geoname:1277333,2026-08-22,Bengaluru,Karnataka,India,Asia/Kolkata,1277333,Bengaluru,"Dashami upto 02:00 AM, Aug 23",Dashami,Jyeshtha upto 02:49 PM,Jyeshtha,06:08 AM,06:37 PM,2026-08-22 04:32:00 AM IST,Shukla Paksha,Shravana,Shaniwara,https://www.drikpanchang.com/panchang/month-panchang.html?geoname-id=1277333&date=22/08/2026,2026-08-22T16:08:21
2.0,geoname:1277333,2026-08-23,Bengaluru,Karnataka,India,Asia/Kolkata,1277333,Bengaluru,"Ekadashi upto 04:18 AM, Aug 24",Ekadashi,Mula upto 05:44 PM,Mula,06:08 AM,06:36 PM,2026-08-23 04:32:00 AM IST,Shukla Paksha,Shravana,Raviwara,https://www.drikpanchang.com/panchang/month-panchang.html?geoname-id=1277333&date=23/08/2026,2026-08-22T16:08:10
2.0,geoname:1277333,2026-08-24,Bengaluru,Karnataka,India,Asia/Kolkata,1277333,Bengaluru,Dwadashi upto Full Night,Dwadashi,Purva Ashadha upto 08:28 PM,Purva Ashadha,06:08 AM,06:36 PM,2026-08-24 04:32:00 AM IST,Shukla Paksha,Shravana,Somawara,https://www.drikpanchang.com/panchang/month-panchang.html?geoname-id=1277333&date=24/08/2026,2026-08-22T16:08:32
2.0,geoname:1277333,2026-08-25,Bengaluru,Karnataka,India,Asia/Kolkata,1277333,Bengaluru,Dwadashi upto 06:20 AM,Dwadashi,Uttara Ashadha upto 10:51 PM,Uttara Ashadha,06:08 AM,06:35 PM,2026-08-25 04:32:00 AM IST,Shukla Paksha,Shravana,Mangalawara,https://www.drikpanchang.com/panchang/month-panchang.html?geoname-id=1277333&date=25/08/2026,2026-08-22T16:08:42
2.0,geoname:1278094,2026-08-08,Ayodhya,Uttar Pradesh,India,Asia/Kolkata,1278094,Ayodhya,Dashami upto 01:59 PM,Dashami,Rohini upto 04:51 PM,Rohini,05:29 AM,06:44 PM,2026-08-08 03:53:00 AM IST,Krishna Paksha,Ashadha,Shaniwara,https://www.drikpanchang.com/panchang/month-panchang.html?geoname-id=1278094&date=08/08/2026,2026-08-22T14:16:44
2.0,geoname:1278094,2026-08-09,Ayodhya,Uttar Pradesh,India,Asia/Kolkata,1278094,Ayodhya,Ekadashi upto 11:04 AM,Ekadashi,Mrigashira upto 02:43 PM,Mrigashirsha,05:30 AM,06:43 PM,2026-08-09 03:54:00 AM IST,Krishna Paksha,Ashadha,Raviwara,https://www.drikpanchang.com/panchang/month-panchang.html?geoname-id=1278094&date=09/08/2026,2026-08-22T14:16:54
2.0,geoname:1278094,2026-08-10,Ayodhya,Uttar Pradesh,India,Asia/Kolkata,1278094,Ayodhya,"Dwadashi upto 08:00 AM; Trayodashi upto 04:54 AM, Aug 11",Dwadashi,Ardra upto 12:26 PM,Ardra,05:30 AM,06:43 PM,2026-08-10 03:54:00 AM IST,Krishna Paksha,Ashadha,Somawara,https://www.drikpanchang.com/panchang/month-panchang.html?geoname-id=1278094&date=10/08/2026,2026-08-22T14:17:05
2.0,geoname:1278094,2026-08-22,Ayodhya,Uttar Pradesh,India,Asia/Kolkata,1278094,Ayodhya,"Dashami upto 02:00 AM, Aug 23",Dashami,Jyeshtha upto 02:49 PM,Jyeshtha,05:36 AM,06:32 PM,2026-08-22 04:00:00 AM IST,Shukla Paksha,Shravana,Shaniwara,https://www.drikpanchang.com/panchang/month-panchang.html?geoname-id=1278094&date=22/08/2026,2026-08-22T16:01:04
2.0,geoname:1278094,2026-08-23,Ayodhya,Uttar Pradesh,India,Asia/Kolkata,1278094,Ayodhya,"Ekadashi upto 04:18 AM, Aug 24",Ekadashi,Mula upto 05:44 PM,Mula,05:36 AM,06:31 PM,2026-08-23 04:00:00 AM IST,Shukla Paksha,Shravana,Raviwara,https://www.drikpanchang.com/panchang/month-panchang.html?geoname-id=1278094&date=23/08/2026,2026-08-22T16:00:53
2.0,geoname:1278094,2026-08-24,Ayodhya,Uttar Pradesh,India,Asia/Kolkata,1278094,Ayodhya,Dwadashi upto Full Night,Dwadashi,Purva Ashadha upto 08:28 PM,Purva Ashadha,05:37 AM,06:30 PM,2026-08-24 04:01:00 AM IST,Shukla Paksha,Shravana,Somawara,https://www.drikpanchang.com/panchang/month-panchang.html?geoname-id=1278094&date=24/08/2026,2026-08-22T16:01:14
2.0,geoname:1278094,2026-08-25,Ayodhya,Uttar Pradesh,India,Asia/Kolkata,1278094,Ayodhya,Dwadashi upto 06:20 AM,Dwadashi,Uttara Ashadha upto 10:51 PM,Uttara Ashadha,05:37 AM,06:29 PM,2026-08-25 04:01:00 AM IST,Shukla Paksha,Shravana,Mangalawara,https://www.drikpanchang.com/panchang/month-panchang.html?geoname-id=1278094&date=25/08/2026,2026-08-22T16:01:25
2.0,geoname:1278994,2026-08-08,Prayagraj,Uttar Pradesh,India,Asia/Kolkata,1278994,Prayagraj,Dashami upto 01:59 PM,Dashami,Rohini upto 04:51 PM,Rohini,05:33 AM,06:44 PM,2026-08-08 03:57:00 AM IST,Krishna Paksha,Ashadha,Shaniwara,https://www.drikpanchang.com/panchang/month-panchang.html?geoname-id=1278994&date=08/08/2026,2026-08-22T15:01:28
2.0,geoname:1278994,2026-08-09,Prayagraj,Uttar Pradesh,India,Asia/Kolkata,1278994,Prayagraj,Ekadashi upto 11:04 AM,Ekadashi,Mrigashira upto 02:43 PM,Mrigashirsha,05:33 AM,06:43 PM,2026-08-09 03:57:00 AM IST,Krishna Paksha,Ashadha,Raviwara,https://www.drikpanchang.com/panchang/month-panchang.html?geoname-id=1278994&date=09/08/2026,2026-08-22T15:01:39
2.0,geoname:1278994,2026-08-10,Prayagraj,Uttar Pradesh,India,Asia/Kolkata,1278994,Prayagraj,"Dwadashi upto 08:00 AM; Trayodashi upto 04:54 AM, Aug 11",Dwadashi,Ardra upto 12:26 PM,Ardra,05:34 AM,06:42 PM,2026-08-10 03:58:00 AM IST,Krishna Paksha,Ashadha,Somawara,https://www.drikpanchang.com/panchang/month-panchang.html?geoname-id=1278994&date=10/08/2026,2026-08-22T15:01:49
2.0,geoname:1278994,2026-08-22,Prayagraj,Uttar Pradesh,India,Asia/Kolkata,1278994,Prayagraj,"Dashami upto 02:00 AM, Aug 23",Dashami,Jyeshtha upto 02:49 PM,Jyeshtha,05:39 AM,06:32 PM,2026-08-22 04:03:00 AM IST,Shukla Paksha,Shravana,Shaniwara,https://www.drikpanchang.com/panchang/month-panchang.html?geoname-id=1278994&date=22/08/2026,2026-08-22T16:45:20
2.0,geoname:1278994,2026-08-23,Prayagraj,Uttar Pradesh,India,Asia/Kolkata,1278994,Prayagraj,"Ekadashi upto 04:18 AM, Aug 24",Ekadashi,Mula upto 05:44 PM,Mula,05:39 AM,06:31 PM,2026-08-23 04:03:00 AM IST,Shukla Paksha,Shravana,Raviwara,https://www.drikpanchang.com/panchang/month-panchang.html?geoname-id=1278994&date=23/08/2026,2026-08-22T16:45:09
2.0,geoname:1278994,2026-08-24,Prayagraj,Uttar Pradesh,India,Asia/Kolkata,1278994,Prayagraj,Dwadashi upto Full Night,Dwadashi,Purva Ashadha upto 08:28 PM,Purva Ashadha,05:40 AM,06:30 PM,2026-08-24 04:04:00 AM IST,Shukla Paksha,Shravana,Somawara,https://www.drikpanchang.com/panchang/month-panchang.html?geoname-id=1278994&date=24/08/2026,2026-08-22T16:45:30
2.0,geoname:1278994,2026-08-25,Prayagraj,Uttar Pradesh,India,Asia/Kolkata,1278994,Prayagraj,Dwadashi upto 06:20 AM,Dwadashi,Uttara Ashadha upto 10:51 PM,Uttara Ashadha,05:40 AM,06:29 PM,2026-08-25 04:04:00 AM IST,Shukla Paksha,Shravana,Mangalawara,https://www.drikpanchang.com/panchang/month-panchang.html?geoname-id=1278994&date=25/08/2026,2026-08-22T16:45:41
2.0,geoname:1279186,2026-08-08,Aizawl,Mizoram,India,Asia/Kolkata,1279186,Aizawl,Dashami upto 01:59 PM,Dashami,Rohini upto 04:51 PM,Rohini,04:52 AM,05:58 PM,2026-08-08 03:16:00 AM IST,Krishna Paksha,Ashadha,Shaniwara,https://www.drikpanchang.com/panchang/month-panchang.html?geoname-id=1279186&date=08/08/2026,2026-08-22T14:05:03
2.0,geoname:1279186,2026-08-09,Aizawl,Mizoram,India,Asia/Kolkata,1279186,Aizawl,Ekadashi upto 11:04 AM,Ekadashi,Mrigashira upto 02:43 PM,Mrigashirsha,04:52 AM,05:57 PM,2026-08-09 03:16:00 AM IST,Krishna Paksha,Ashadha,Raviwara,https://www.drikpanchang.com/panchang/month-panchang.html?geoname-id=1279186&date=09/08/2026,2026-08-22T14:05:13
2.0,geoname:1279186,2026-08-10,Aizawl,Mizoram,India,Asia/Kolkata,1279186,Aizawl,Dwadashi upto 08:00 AM,Dwadashi,Ardra upto 12:26 PM,Ardra,04:52 AM,05:56 PM,2026-08-10 03:16:00 AM IST,Krishna Paksha,Ashadha,Somawara,https://www.drikpanchang.com/panchang/month-panchang.html?geoname-id=1279186&date=10/08/2026,2026-08-22T14:05:24
2.0,geoname:1279186,2026-08-22,Aizawl,Mizoram,India,Asia/Kolkata,1279186,Aizawl,"Dashami upto 02:00 AM, Aug 23",Dashami,Jyeshtha upto 02:49 PM,Jyeshtha,04:57 AM,05:47 PM,2026-08-22 03:21:00 AM IST,Shukla Paksha,Shravana,Shaniwara,https://www.drikpanchang.com/panchang/month-panchang.html?geoname-id=1279186&date=22/08/2026,2026-08-22T15:40:40
2.0,geoname:1279186,2026-08-23,Aizawl,Mizoram,India,Asia/Kolkata,1279186,Aizawl,"Ekadashi upto 04:18 AM, Aug 24",Ekadashi,Mula upto 05:44 PM,Mula,04:58 AM,05:46 PM,2026-08-23 03:22:00 AM IST,Shukla Paksha,Shravana,Raviwara,https://www.drikpanchang.com/panchang/month-panchang.html?geoname-id=1279186&date=23/08/2026,2026-08-22T15:40:30
2.0,geoname:1279186,2026-08-24,Aizawl,Mizoram,India,Asia/Kolkata,1279186,Aizawl,Dwadashi upto Full Night,Dwadashi,Purva Ashadha upto 08:28 PM,Purva Ashadha,04:58 AM,05:45 PM,2026-08-24 03:22:00 AM IST,Shukla Paksha,Shravana,Somawara,https://www.drikpanchang.com/panchang/month-panchang.html?geoname-id=1279186&date=24/08/2026,2026-08-22T15:40:51
2.0,geoname:1279186,2026-08-25,Aizawl,Mizoram,India,Asia/Kolkata,1279186,Aizawl,Dwadashi upto 06:20 AM,Dwadashi,Uttara Ashadha upto 10:51 PM,Uttara Ashadha,04:58 AM,05:44 PM,2026-08-25 03:22:00 AM IST,Shukla Paksha,Shravana,Mangalawara,https://www.drikpanchang.com/panchang/month-panchang.html?geoname-id=1279186&date=25/08/2026,2026-08-22T15:41:02
2.0,geoname:1279290,2026-08-08,Agartala,Tripura,India,Asia/Kolkata,1279290,Agartala,Dashami upto 01:59 PM,Dashami,Rohini upto 04:51 PM,Rohini,04:57 AM,06:04 PM,2026-08-08 03:21:00 AM IST,Krishna Paksha,Ashadha,Shaniwara,https://www.drikpanchang.com/panchang/month-panchang.html?geoname-id=1279290&date=08/08/2026,2026-08-22T14:03:28
2.0,geoname:1279290,2026-08-09,Agartala,Tripura,India,Asia/Kolkata,1279290,Agartala,Ekadashi upto 11:04 AM,Ekadashi,Mrigashira upto 02:43 PM,Mrigashirsha,04:58 AM,06:03 PM,2026-08-09 03:22:00 AM IST,Krishna Paksha,Ashadha,Raviwara,https://www.drikpanchang.com/panchang/month-panchang.html?geoname-id=1279290&date=09/08/2026,2026-08-22T14:03:39
2.0,geoname:1279290,2026-08-10,Agartala,Tripura,India,Asia/Kolkata,1279290,Agartala,"Dwadashi upto 08:00 AM; Trayodashi upto 04:54 AM, Aug 11",Dwadashi,Ardra upto 12:26 PM,Ardra,04:58 AM,06:02 PM,2026-08-10 03:22:00 AM IST,Krishna Paksha,Ashadha,Somawara,https://www.drikpanchang.com/panchang/month-panchang.html?geoname-id=1279290&date=10/08/2026,2026-08-22T14:03:49
2.0,geoname:1279290,2026-08-22,Agartala,Tripura,India,Asia/Kolkata,1279290,Agartala,"Dashami upto 02:00 AM, Aug 23",Dashami,Jyeshtha upto 02:49 PM,Jyeshtha,05:03 AM,05:52 PM,2026-08-22 03:27:00 AM IST,Shukla Paksha,Shravana,Shaniwara,https://www.drikpanchang.com/panchang/month-panchang.html?geoname-id=1279290&date=22/08/2026,2026-08-22T15:38:28
2.0,geoname:1279290,2026-08-23,Agartala,Tripura,India,Asia/Kolkata,1279290,Agartala,"Ekadashi upto 04:18 AM, Aug 24",Ekadashi,Mula upto 05:44 PM,Mula,05:03 AM,05:52 PM,2026-08-23 03:27:00 AM IST,Shukla Paksha,Shravana,Raviwara,https://www.drikpanchang.com/panchang/month-panchang.html?geoname-id=1279290&date=23/08/2026,2026-08-22T15:38:18
2.0,geoname:1279290,2026-08-24,Agartala,Tripura,India,Asia/Kolkata,1279290,Agartala,Dwadashi upto Full Night,Dwadashi,Purva Ashadha upto 08:28 PM,Purva Ashadha,05:04 AM,05:51 PM,2026-08-24 03:28:00 AM IST,Shukla Paksha,Shravana,Somawara,https://www.drikpanchang.com/panchang/month-panchang.html?geoname-id=1279290&date=24/08/2026,2026-08-22T15:38:39
2.0,geoname:1279290,2026-08-25,Agartala,Tripura,India,Asia/Kolkata,1279290,Agartala,Dwadashi upto 06:20 AM,Dwadashi,Uttara Ashadha upto 10:51 PM,Uttara Ashadha,05:04 AM,05:50 PM,2026-08-25 03:28:00 AM IST,Shukla Paksha,Shravana,Mangalawara,https://www.drikpanchang.com/panchang/month-panchang.html?geoname-id=1279290&date=25/08/2026,2026-08-22T15:38:50
2.0,geoname:1835848,2026-08-08,Seoul,Seoul,South Korea,Asia/Seoul,1835848,Seoul,Dashami upto 05:29 PM,Dashami,Rohini upto 08:21 PM,Rohini,05:42 AM,07:33 PM,2026-08-08 04:06:00 AM KST,Krishna Paksha,Ashadha,Shaniwara,https://www.drikpanchang.com/panchang/month-panchang.html?geoname-id=1835848&date=08/08/2026,2026-08-22T14:01:22
2.0,geoname:1835848,2026-08-09,Seoul,Seoul,South Korea,Asia/Seoul,1835848,Seoul,Ekadashi upto 02:34 PM,Ekadashi,Mrigashira upto 06:13 PM,Mrigashirsha,05:42 AM,07:32 PM,2026-08-09 04:06:00 AM KST,Krishna Paksha,Ashadha,Raviwara,https://www.drikpanchang.com/panchang/month-panchang.html?geoname-id=1835848&date=09/08/2026,2026-08-22T14:01:32
2.0,geoname:1835848,2026-08-10,Seoul,Seoul,South Korea,Asia/Seoul,1835848,Seoul,Dwadashi upto 11:30 AM,Dwadashi,Ardra upto 03:56 PM,Ardra,05:43 AM,07:31 PM,2026-08-10 04:07:00 AM KST,Krishna Paksha,Ashadha,Somawara,https://www.drikpanchang.com/panchang/month-panchang.html?geoname-id=1835848&date=10/08/2026,2026-08-22T14:01:43
2.0,geoname:1835848,2026-08-22,Seoul,Seoul,South Korea,Asia/Seoul,1835848,Seoul,"Dashami upto 05:30 AM, Aug 23",Dashami,Jyeshtha upto 06:19 PM,Jyeshtha,05:53 AM,07:16 PM,2026-08-22 04:17:00 AM KST,Shukla Paksha,Shravana,Shaniwara,https://www.drikpanchang.com/panchang/month-panchang.html?geoname-id=1835848&date=22/08/2026,2026-08-22T15:34:34
2.0,geoname:1835848,2026-08-23,Seoul,Seoul,South Korea,Asia/Seoul,1835848,Seoul,Ekadashi upto Full Night,Ekadashi,Mula upto 09:14 PM,Mula,05:54 AM,07:15 PM,2026-08-23 04:18:00 AM KST,Shukla Paksha,Shravana,Raviwara,https://www.drikpanchang.com/panchang/month-panchang.html?geoname-id=1835848&date=23/08/2026,2026-08-22T15:34:23
2.0,geoname:1835848,2026-08-24,Seoul,Seoul,South Korea,Asia/Seoul,1835848,Seoul,Ekadashi upto 07:48 AM,Ekadashi,Purva Ashadha upto 11:58 PM,Purva Ashadha,05:55 AM,07:13 PM,2026-08-24 04:19:00 AM KST,Shukla Paksha,Shravana,Somawara,https://www.drikpanchang.com/panchang/month-panchang.html?geoname-id=1835848&date=24/08/2026,2026-08-22T15:36:15
2.0,geoname:1835848,2026-08-25,Seoul,Seoul,South Korea,Asia/Seoul,1835848,Seoul,Dwadashi upto 09:50 AM,Dwadashi,"Uttara Ashadha upto 02:21 AM, Aug 26",Uttara Ashadha,05:56 AM,07:12 PM,2026-08-25 04:20:00 AM KST,Shukla Paksha,Shravana,Mangalawara,https://www.drikpanchang.com/panchang/month-panchang.html?geoname-id=1835848&date=25/08/2026,2026-08-22T15:36:26
2.0,geoname:2063523,2026-08-08,Perth,Western Australia,Australia,Australia/Perth,2063523,Perth,Dashami upto 04:29 PM,Dashami,Rohini upto 07:21 PM,Rohini,07:00 AM,05:45 PM,2026-08-08 05:24:00 AM AWST,Krishna Paksha,Ashadha,Shaniwara,https://www.drikpanchang.com/panchang/month-panchang.html?geoname-id=2063523&date=08/08/2026,2026-08-22T15:04:38
2.0,geoname:2063523,2026-08-09,Perth,Western Australia,Australia,Australia/Perth,2063523,Perth,Ekadashi upto 01:34 PM,Ekadashi,Mrigashira upto 05:13 PM,Mrigashirsha,06:59 AM,05:46 PM,2026-08-09 05:23:00 AM AWST,Krishna Paksha,Ashadha,Raviwara,https://www.drikpanchang.com/panchang/month-panchang.html?geoname-id=2063523&date=09/08/2026,2026-08-22T15:04:48
2.0,geoname:2063523,2026-08-10,Perth,Western Australia,Australia,Australia/Perth,2063523,Perth,Dwadashi upto 10:30 AM,Dwadashi,Ardra upto 02:56 PM,Ardra,06:58 AM,05:46 PM,2026-08-10 05:22:00 AM AWST,Krishna Paksha,Ashadha,Somawara,https://www.drikpanchang.com/panchang/month-panchang.html?geoname-id=2063523&date=10/08/2026,2026-08-22T15:04:59
2.0,geoname:2063523,2026-08-22,Perth,Western Australia,Australia,Australia/Perth,2063523,Perth,"Dashami upto 04:30 AM, Aug 23",Dashami,Jyeshtha upto 05:19 PM,Jyeshtha,06:46 AM,05:54 PM,2026-08-22 05:10:00 AM AWST,Shukla Paksha,Shravana,Shaniwara,https://www.drikpanchang.com/panchang/month-panchang.html?geoname-id=2063523&date=22/08/2026,2026-08-22T16:49:22
2.0,geoname:2063523,2026-08-23,Perth,Western Australia,Australia,Australia/Perth,2063523,Perth,Ekadashi upto Full Night,Ekadashi,Mula upto 08:14 PM,Mula,06:44 AM,05:54 PM,2026-08-23 05:08:00 AM AWST,Shukla Paksha,Shravana,Raviwara,https://www.drikpanchang.com/panchang/month-panchang.html?geoname-id=2063523&date=23/08/2026,2026-08-22T16:49:11
2.0,geoname:2063523,2026-08-24,Perth,Western Australia,Australia,Australia/Perth,2063523,Perth,Ekadashi upto 06:48 AM,Ekadashi,Purva Ashadha upto 10:58 PM,Purva Ashadha,06:43 AM,05:55 PM,2026-08-24 05:07:00 AM AWST,Shukla Paksha,Shravana,Somawara,https://www.drikpanchang.com/panchang/month-panchang.html?geoname-id=2063523&date=24/08/2026,2026-08-22T16:49:32
2.0,geoname:2063523,2026-08-25,Perth,Western Australia,Australia,Australia/Perth,2063523,Perth,Dwadashi upto 08:50 AM,Dwadashi,"Uttara Ashadha upto 01:21 AM, Aug 26",Uttara Ashadha,06:42 AM,05:56 PM,2026-08-25 05:06:00 AM AWST,Shukla Paksha,Shravana,Mangalawara,https://www.drikpanchang.com/panchang/month-panchang.html?geoname-id=2063523&date=25/08/2026,2026-08-22T16:49:43
2.0,geoname:2078025,2026-08-08,Adelaide,South Australia,Australia,Australia/Adelaide,2078025,Adelaide,Dashami upto 05:59 PM,Dashami,Rohini upto 08:51 PM,Rohini,07:04 AM,05:39 PM,2026-08-08 05:28:00 AM ACST,Krishna Paksha,Ashadha,Shaniwara,https://www.drikpanchang.com/panchang/month-panchang.html?geoname-id=2078025&date=08/08/2026,2026-08-22T15:04:06
2.0,geoname:2078025,2026-08-09,Adelaide,South Australia,Australia,Australia/Adelaide,2078025,Adelaide,Ekadashi upto 03:04 PM,Ekadashi,Mrigashira upto 06:43 PM,Mrigashirsha,07:03 AM,05:40 PM,2026-08-09 05:27:00 AM ACST,Krishna Paksha,Ashadha,Raviwara,https://www.drikpanchang.com/panchang/month-panchang.html?geoname-id=2078025&date=09/08/2026,2026-08-22T15:04:17
2.0,geoname:2078025,2026-08-10,Adelaide,South Australia,Australia,Australia/Adelaide,2078025,Adelaide,Dwadashi upto 12:00 PM,Dwadashi,Ardra upto 04:26 PM,Ardra,07:02 AM,05:41 PM,2026-08-10 05:26:00 AM ACST,Krishna Paksha,Ashadha,Somawara,https://www.drikpanchang.com/panchang/month-panchang.html?geoname-id=2078025&date=10/08/2026,2026-08-22T15:04:27
2.0,geoname:2078025,2026-08-22,Adelaide,South Australia,Australia,Australia/Adelaide,2078025,Adelaide,"Dashami upto 06:00 AM, Aug 23",Dashami,Jyeshtha upto 06:49 PM,Jyeshtha,06:48 AM,05:49 PM,2026-08-22 05:12:00 AM ACST,Shukla Paksha,Shravana,Shaniwara,https://www.drikpanchang.com/panchang/month-panchang.html?geoname-id=2078025&date=22/08/2026,2026-08-22T16:48:40
2.0,geoname:2078025,2026-08-23,Adelaide,South Australia,Australia,Australia/Adelaide,2078025,Adelaide,Ekadashi upto Full Night,Ekadashi,Mula upto 09:44 PM,Mula,06:47 AM,05:50 PM,2026-08-23 05:11:00 AM ACST,Shukla Paksha,Shravana,Raviwara,https://www.drikpanchang.com/panchang/month-panchang.html?geoname-id=2078025&date=23/08/2026,2026-08-22T16:48:29
2.0,geoname:2078025,2026-08-24,Adelaide,South Australia,Australia,Australia/Adelaide,2078025,Adelaide,Ekadashi upto 08:18 AM,Ekadashi,"Purva Ashadha upto 12:28 AM, Aug 25",Purva Ashadha,06:46 AM,05:51 PM,2026-08-24 05:10:00 AM ACST,Shukla Paksha,Shravana,Somawara,https://www.drikpanchang.com/panchang/month-panchang.html?geoname-id=2078025&date=24/08/2026,2026-08-22T16:48:50
2.0,geoname:2078025,2026-08-25,Adelaide,South Australia,Australia,Australia/Adelaide,2078025,Adelaide,Dwadashi upto 10:20 AM,Dwadashi,"Uttara Ashadha upto 02:51 AM, Aug 26",Uttara Ashadha,06:44 AM,05:51 PM,2026-08-25 05:08:00 AM ACST,Shukla Paksha,Shravana,Mangalawara,https://www.drikpanchang.com/panchang/month-panchang.html?geoname-id=2078025&date=25/08/2026,2026-08-22T16:49:00
2.0,geoname:2147714,2026-08-08,Sydney,New South Wales,Australia,Australia/Sydney,2147714,Sydney,Dashami upto 06:29 PM,Dashami,Rohini upto 09:21 PM,Rohini,06:42 AM,05:20 PM,2026-08-08 05:06:00 AM AEST,Krishna Paksha,Ashadha,Shaniwara,https://www.drikpanchang.com/panchang/month-panchang.html?geoname-id=2147714&date=08/08/2026,2026-08-22T15:05:41
2.0,geoname:2147714,2026-08-09,Sydney,New South Wales,Australia,Australia/Sydney,2147714,Sydney,Ekadashi upto 03:34 PM,Ekadashi,Mrigashira upto 07:13 PM,Mrigashirsha,06:41 AM,05:21 PM,2026-08-09 05:05:00 AM AEST,Krishna Paksha,Ashadha,Raviwara,https://www.drikpanchang.com/panchang/month-panchang.html?geoname-id=2147714&date=09/08/2026,2026-08-22T15:05:51
2.0,geoname:2147714,2026-08-10,Sydney,New South Wales,Australia,Australia/Sydney,2147714,Sydney,Dwadashi upto 12:30 PM,Dwadashi,Ardra upto 04:56 PM,Ardra,06:40 AM,05:22 PM,2026-08-10 05:04:00 AM AEST,Krishna Paksha,Ashadha,Somawara,https://www.drikpanchang.com/panchang/month-panchang.html?geoname-id=2147714&date=10/08/2026,2026-08-22T15:06:02
2.0,geoname:2147714,2026-08-23,Sydney,New South Wales,Australia,Australia/Sydney,2147714,Sydney,Dashami upto 06:30 AM,Dashami,Mula upto 10:14 PM,Mula,06:25 AM,05:31 PM,2026-08-23 04:49:00 AM AEST,Shukla Paksha,Shravana,Raviwara,https://www.drikpanchang.com/panchang/month-panchang.html?geoname-id=2147714&date=23/08/2026,2026-08-22T16:50:36
2.0,geoname:2147714,2026-08-24,Sydney,New South Wales,Australia,Australia/Sydney,2147714,Sydney,Ekadashi upto 08:48 AM,Ekadashi,"Purva Ashadha upto 12:58 AM, Aug 25",Purva Ashadha,06:24 AM,05:31 PM,2026-08-24 04:48:00 AM AEST,Shukla Paksha,Shravana,Somawara,https://www.drikpanchang.com/panchang/month-panchang.html?geoname-id=2147714&date=24/08/2026,2026-08-22T19:50:03
2.0,geoname:2147714,2026-08-25,Sydney,New South Wales,Australia,Australia/Sydney,2147714,Sydney,Dwadashi upto 10:50 AM,Dwadashi,"Uttara Ashadha upto 03:21 AM, Aug 26",Uttara Ashadha,06:23 AM,05:32 PM,2026-08-25 04:47:00 AM AEST,Shukla Paksha,Shravana,Mangalawara,https://www.drikpanchang.com/panchang/month-panchang.html?geoname-id=2147714&date=25/08/2026,2026-08-22T19:50:13
2.0,geoname:2158177,2026-08-08,Melbourne,Victoria,Australia,Australia/Melbourne,2158177,Melbourne,Dashami upto 06:29 PM,Dashami,Rohini upto 09:21 PM,Rohini,07:14 AM,05:39 PM,2026-08-08 05:38:00 AM AEST,Krishna Paksha,Ashadha,Shaniwara,https://www.drikpanchang.com/panchang/month-panchang.html?geoname-id=2158177&date=08/08/2026,2026-08-22T15:03:35
2.0,geoname:2158177,2026-08-09,Melbourne,Victoria,Australia,Australia/Melbourne,2158177,Melbourne,Ekadashi upto 03:34 PM,Ekadashi,Mrigashira upto 07:13 PM,Mrigashirsha,07:12 AM,05:39 PM,2026-08-09 05:36:00 AM AEST,Krishna Paksha,Ashadha,Raviwara,https://www.drikpanchang.com/panchang/month-panchang.html?geoname-id=2158177&date=09/08/2026,2026-08-22T15:03:45
2.0,geoname:2158177,2026-08-10,Melbourne,Victoria,Australia,Australia/Melbourne,2158177,Melbourne,Dwadashi upto 12:30 PM,Dwadashi,Ardra upto 04:56 PM,Ardra,07:11 AM,05:40 PM,2026-08-10 05:35:00 AM AEST,Krishna Paksha,Ashadha,Somawara,https://www.drikpanchang.com/panchang/month-panchang.html?geoname-id=2158177&date=10/08/2026,2026-08-22T15:03:56
2.0,geoname:2158177,2026-08-22,Melbourne,Victoria,Australia,Australia/Melbourne,2158177,Melbourne,"Dashami upto 06:30 AM, Aug 23",Dashami,Jyeshtha upto 07:19 PM,Jyeshtha,06:56 AM,05:50 PM,2026-08-22 05:20:00 AM AEST,Shukla Paksha,Shravana,Shaniwara,https://www.drikpanchang.com/panchang/month-panchang.html?geoname-id=2158177&date=22/08/2026,2026-08-22T16:47:57
2.0,geoname:2158177,2026-08-23,Melbourne,Victoria,Australia,Australia/Melbourne,2158177,Melbourne,Ekadashi upto Full Night,Ekadashi,Mula upto 10:14 PM,Mula,06:55 AM,05:51 PM,2026-08-23 05:19:00 AM AEST,Shukla Paksha,Shravana,Raviwara,https://www.drikpanchang.com/panchang/month-panchang.html?geoname-id=2158177&date=23/08/2026,2026-08-22T16:47:47
2.0,geoname:2158177,2026-08-24,Melbourne,Victoria,Australia,Australia/Melbourne,2158177,Melbourne,Ekadashi upto 08:48 AM,Ekadashi,"Purva Ashadha upto 12:58 AM, Aug 25",Purva Ashadha,06:54 AM,05:52 PM,2026-08-24 05:18:00 AM AEST,Shukla Paksha,Shravana,Somawara,https://www.drikpanchang.com/panchang/month-panchang.html?geoname-id=2158177&date=24/08/2026,2026-08-22T16:48:08
2.0,geoname:2158177,2026-08-25,Melbourne,Victoria,Australia,Australia/Melbourne,2158177,Melbourne,Dwadashi upto 10:50 AM,Dwadashi,"Uttara Ashadha upto 03:21 AM, Aug 26",Uttara Ashadha,06:52 AM,05:53 PM,2026-08-25 05:16:00 AM AEST,Shukla Paksha,Shravana,Mangalawara,https://www.drikpanchang.com/panchang/month-panchang.html?geoname-id=2158177&date=25/08/2026,2026-08-22T16:48:18
2.0,geoname:2172517,2026-08-08,Canberra,Australian Capital Territory,Australia,Australia/Sydney,2172517,Canberra,Dashami upto 06:29 PM,Dashami,Rohini upto 09:21 PM,Rohini,06:52 AM,05:26 PM,2026-08-08 05:16:00 AM AEST,Krishna Paksha,Ashadha,Shaniwara,https://www.drikpanchang.com/panchang/month-panchang.html?geoname-id=2172517&date=08/08/2026,2026-08-22T15:05:09
2.0,geoname:2172517,2026-08-09,Canberra,Australian Capital Territory,Australia,Australia/Sydney,2172517,Canberra,Ekadashi upto 03:34 PM,Ekadashi,Mrigashira upto 07:13 PM,Mrigashirsha,06:51 AM,05:27 PM,2026-08-09 05:15:00 AM AEST,Krishna Paksha,Ashadha,Raviwara,https://www.drikpanchang.com/panchang/month-panchang.html?geoname-id=2172517&date=09/08/2026,2026-08-22T15:05:20
2.0,geoname:2172517,2026-08-10,Canberra,Australian Capital Territory,Australia,Australia/Sydney,2172517,Canberra,Dwadashi upto 12:30 PM,Dwadashi,Ardra upto 04:56 PM,Ardra,06:50 AM,05:28 PM,2026-08-10 05:14:00 AM AEST,Krishna Paksha,Ashadha,Somawara,https://www.drikpanchang.com/panchang/month-panchang.html?geoname-id=2172517&date=10/08/2026,2026-08-22T15:05:30
2.0,geoname:2172517,2026-08-22,Canberra,Australian Capital Territory,Australia,Australia/Sydney,2172517,Canberra,"Dashami upto 06:30 AM, Aug 23",Dashami,Jyeshtha upto 07:19 PM,Jyeshtha,06:36 AM,05:37 PM,2026-08-22 05:00:00 AM AEST,Shukla Paksha,Shravana,Shaniwara,https://www.drikpanchang.com/panchang/month-panchang.html?geoname-id=2172517&date=22/08/2026,2026-08-22T16:50:04
2.0,geoname:2172517,2026-08-23,Canberra,Australian Capital Territory,Australia,Australia/Sydney,2172517,Canberra,Ekadashi upto Full Night,Ekadashi,Mula upto 10:14 PM,Mula,06:35 AM,05:37 PM,2026-08-23 04:59:00 AM AEST,Shukla Paksha,Shravana,Raviwara,https://www.drikpanchang.com/panchang/month-panchang.html?geoname-id=2172517&date=23/08/2026,2026-08-22T16:49:53
2.0,geoname:2172517,2026-08-24,Canberra,Australian Capital Territory,Australia,Australia/Sydney,2172517,Canberra,Ekadashi upto 08:48 AM,Ekadashi,"Purva Ashadha upto 12:58 AM, Aug 25",Purva Ashadha,06:34 AM,05:38 PM,2026-08-24 04:58:00 AM AEST,Shukla Paksha,Shravana,Somawara,https://www.drikpanchang.com/panchang/month-panchang.html?geoname-id=2172517&date=24/08/2026,2026-08-22T16:50:14
2.0,geoname:2172517,2026-08-25,Canberra,Australian Capital Territory,Australia,Australia/Sydney,2172517,Canberra,Dwadashi upto 10:50 AM,Dwadashi,"Uttara Ashadha upto 03:21 AM, Aug 26",Uttara Ashadha,06:33 AM,05:39 PM,2026-08-25 04:57:00 AM AEST,Shukla Paksha,Shravana,Mangalawara,https://www.drikpanchang.com/panchang/month-panchang.html?geoname-id=2172517&date=25/08/2026,2026-08-22T16:50:25
2.0,geoname:2174003,2026-08-08,Brisbane,Queensland,Australia,Australia/Brisbane,2174003,Brisbane,Dashami upto 06:29 PM,Dashami,Rohini upto 09:21 PM,Rohini,06:24 AM,05:23 PM,2026-08-08 04:48:00 AM AEST,Krishna Paksha,Ashadha,Shaniwara,https://www.drikpanchang.com/panchang/month-panchang.html?geoname-id=2174003&date=08/08/2026,2026-08-22T15:03:03
2.0,geoname:2174003,2026-08-09,Brisbane,Queensland,Australia,Australia/Brisbane,2174003,Brisbane,Ekadashi upto 03:34 PM,Ekadashi,Mrigashira upto 07:13 PM,Mrigashirsha,06:24 AM,05:23 PM,2026-08-09 04:48:00 AM AEST,Krishna Paksha,Ashadha,Raviwara,https://www.drikpanchang.com/panchang/month-panchang.html?geoname-id=2174003&date=09/08/2026,2026-08-22T15:03:14
2.0,geoname:2174003,2026-08-10,Brisbane,Queensland,Australia,Australia/Brisbane,2174003,Brisbane,Dwadashi upto 12:30 PM,Dwadashi,Ardra upto 04:56 PM,Ardra,06:23 AM,05:24 PM,2026-08-10 04:47:00 AM AEST,Krishna Paksha,Ashadha,Somawara,https://www.drikpanchang.com/panchang/month-panchang.html?geoname-id=2174003&date=10/08/2026,2026-08-22T15:03:24
2.0,geoname:2174003,2026-08-23,Brisbane,Queensland,Australia,Australia/Brisbane,2174003,Brisbane,Dashami upto 06:30 AM,Dashami,Mula upto 10:14 PM,Mula,06:11 AM,05:30 PM,2026-08-23 04:35:00 AM AEST,Shukla Paksha,Shravana,Raviwara,https://www.drikpanchang.com/panchang/month-panchang.html?geoname-id=2174003&date=23/08/2026,2026-08-22T16:47:15
2.0,geoname:2174003,2026-08-24,Brisbane,Queensland,Australia,Australia/Brisbane,2174003,Brisbane,Ekadashi upto 08:48 AM,Ekadashi,"Purva Ashadha upto 12:58 AM, Aug 25",Purva Ashadha,06:10 AM,05:31 PM,2026-08-24 04:34:00 AM AEST,Shukla Paksha,Shravana,Somawara,https://www.drikpanchang.com/panchang/month-panchang.html?geoname-id=2174003&date=24/08/2026,2026-08-22T16:47:26
2.0,geoname:2174003,2026-08-25,Brisbane,Queensland,Australia,Australia/Brisbane,2174003,Brisbane,Dwadashi upto 10:50 AM,Dwadashi,"Uttara Ashadha upto 03:21 AM, Aug 26",Uttara Ashadha,06:09 AM,05:31 PM,2026-08-25 04:33:00 AM AEST,Shukla Paksha,Shravana,Mangalawara,https://www.drikpanchang.com/panchang/month-panchang.html?geoname-id=2174003&date=25/08/2026,2026-08-22T16:47:36
2.0,geoname:2179537,2026-08-08,Wellington,Wellington,New Zealand,Pacific/Auckland,2179537,Wellington,Dashami upto 08:29 PM,Dashami,Rohini upto 11:21 PM,Rohini,07:21 AM,05:32 PM,2026-08-08 05:45:00 AM NZST,Krishna Paksha,Ashadha,Shaniwara,https://www.drikpanchang.com/panchang/month-panchang.html?geoname-id=2179537&date=08/08/2026,2026-08-22T14:02:25
2.0,geoname:2179537,2026-08-09,Wellington,Wellington,New Zealand,Pacific/Auckland,2179537,Wellington,Ekadashi upto 05:34 PM,Ekadashi,Mrigashira upto 09:13 PM,Mrigashirsha,07:20 AM,05:33 PM,2026-08-09 05:44:00 AM NZST,Krishna Paksha,Ashadha,Raviwara,https://www.drikpanchang.com/panchang/month-panchang.html?geoname-id=2179537&date=09/08/2026,2026-08-22T14:02:36
2.0,geoname:2179537,2026-08-10,Wellington,Wellington,New Zealand,Pacific/Auckland,2179537,Wellington,Dwadashi upto 02:30 PM,Dwadashi,Ardra upto 06:56 PM,Ardra,07:19 AM,05:34 PM,2026-08-10 05:43:00 AM NZST,Krishna Paksha,Ashadha,Somawara,https://www.drikpanchang.com/panchang/month-panchang.html?geoname-id=2179537&date=10/08/2026,2026-08-22T14:02:46
2.0,geoname:2179537,2026-08-23,Wellington,Wellington,New Zealand,Pacific/Auckland,2179537,Wellington,Dashami upto 08:30 AM,Dashami,"Mula upto 12:14 AM, Aug 24",Mula,07:00 AM,05:47 PM,2026-08-23 05:24:00 AM NZST,Shukla Paksha,Shravana,Raviwara,https://www.drikpanchang.com/panchang/month-panchang.html?geoname-id=2179537&date=23/08/2026,2026-08-22T15:37:11
2.0,geoname:2179537,2026-08-24,Wellington,Wellington,New Zealand,Pacific/Auckland,2179537,Wellington,Ekadashi upto 10:48 AM,Ekadashi,"Purva Ashadha upto 02:58 AM, Aug 25",Purva Ashadha,06:59 AM,05:48 PM,2026-08-24 05:23:00 AM NZST,Shukla Paksha,Shravana,Somawara,https://www.drikpanchang.com/panchang/month-panchang.html?geoname-id=2179537&date=24/08/2026,2026-08-22T15:37:22
2.0,geoname:2179537,2026-08-25,Wellington,Wellington,New Zealand,Pacific/Auckland,2179537,Wellington,Dwadashi upto 12:50 PM,Dwadashi,"Uttara Ashadha upto 05:21 AM, Aug 26",Uttara Ashadha,06:57 AM,05:49 PM,2026-08-25 05:21:00 AM NZST,Shukla Paksha,Shravana,Mangalawara,https://www.drikpanchang.com/panchang/month-panchang.html?geoname-id=2179537&date=25/08/2026,2026-08-22T15:37:32
2.0,geoname:2192362,2026-08-08,Christchurch,Canterbury,New Zealand,Pacific/Auckland,2192362,Christchurch,Dashami upto 08:29 PM,Dashami,Rohini upto 11:21 PM,Rohini,07:34 AM,05:36 PM,2026-08-08 05:58:00 AM NZST,Krishna Paksha,Ashadha,Shaniwara,https://www.drikpanchang.com/panchang/month-panchang.html?geoname-id=2192362&date=08/08/2026,2026-08-22T14:02:57
2.0,geoname:2192362,2026-08-09,Christchurch,Canterbury,New Zealand,Pacific/Auckland,2192362,Christchurch,Ekadashi upto 05:34 PM,Ekadashi,Mrigashira upto 09:13 PM,Mrigashirsha,07:33 AM,05:37 PM,2026-08-09 05:57:00 AM NZST,Krishna Paksha,Ashadha,Raviwara,https://www.drikpanchang.com/panchang/month-panchang.html?geoname-id=2192362&date=09/08/2026,2026-08-22T14:03:07
2.0,geoname:2192362,2026-08-10,Christchurch,Canterbury,New Zealand,Pacific/Auckland,2192362,Christchurch,Dwadashi upto 02:30 PM,Dwadashi,Ardra upto 06:56 PM,Ardra,07:32 AM,05:38 PM,2026-08-10 05:56:00 AM NZST,Krishna Paksha,Ashadha,Somawara,https://www.drikpanchang.com/panchang/month-panchang.html?geoname-id=2192362&date=10/08/2026,2026-08-22T14:03:18
2.0,geoname:2192362,2026-08-23,Christchurch,Canterbury,New Zealand,Pacific/Auckland,2192362,Christchurch,Dashami upto 08:30 AM,Dashami,"Mula upto 12:14 AM, Aug 24",Mula,07:12 AM,05:53 PM,2026-08-23 05:36:00 AM NZST,Shukla Paksha,Shravana,Raviwara,https://www.drikpanchang.com/panchang/month-panchang.html?geoname-id=2192362&date=23/08/2026,2026-08-22T15:37:44
2.0,geoname:2192362,2026-08-24,Christchurch,Canterbury,New Zealand,Pacific/Auckland,2192362,Christchurch,Ekadashi upto 10:48 AM,Ekadashi,"Purva Ashadha upto 02:58 AM, Aug 25",Purva Ashadha,07:11 AM,05:54 PM,2026-08-24 05:35:00 AM NZST,Shukla Paksha,Shravana,Somawara,https://www.drikpanchang.com/panchang/month-panchang.html?geoname-id=2192362&date=24/08/2026,2026-08-22T15:37:55
2.0,geoname:2192362,2026-08-25,Christchurch,Canterbury,New Zealand,Pacific/Auckland,2192362,Christchurch,Dwadashi upto 12:50 PM,Dwadashi,"Uttara Ashadha upto 05:21 AM, Aug 26",Uttara Ashadha,07:09 AM,05:55 PM,2026-08-25 05:33:00 AM NZST,Shukla Paksha,Shravana,Mangalawara,https://www.drikpanchang.com/panchang/month-panchang.html?geoname-id=2192362&date=25/08/2026,2026-08-22T15:38:06
2.0,geoname:2193733,2026-08-08,Auckland,Auckland,New Zealand,Pacific/Auckland,2193733,Auckland,Dashami upto 08:29 PM,Dashami,Rohini upto 11:21 PM,Rohini,07:13 AM,05:41 PM,2026-08-08 05:37:00 AM NZST,Krishna Paksha,Ashadha,Shaniwara,https://www.drikpanchang.com/panchang/month-panchang.html?geoname-id=2193733&date=08/08/2026,2026-08-22T14:01:54
2.0,geoname:2193733,2026-08-09,Auckland,Auckland,New Zealand,Pacific/Auckland,2193733,Auckland,Ekadashi upto 05:34 PM,Ekadashi,Mrigashira upto 09:13 PM,Mrigashirsha,07:12 AM,05:42 PM,2026-08-09 05:36:00 AM NZST,Krishna Paksha,Ashadha,Raviwara,https://www.drikpanchang.com/panchang/month-panchang.html?geoname-id=2193733&date=09/08/2026,2026-08-22T14:02:04
2.0,geoname:2193733,2026-08-10,Auckland,Auckland,New Zealand,Pacific/Auckland,2193733,Auckland,Dwadashi upto 02:30 PM,Dwadashi,Ardra upto 06:56 PM,Ardra,07:10 AM,05:43 PM,2026-08-10 05:34:00 AM NZST,Krishna Paksha,Ashadha,Somawara,https://www.drikpanchang.com/panchang/month-panchang.html?geoname-id=2193733&date=10/08/2026,2026-08-22T14:02:14
2.0,geoname:2193733,2026-08-23,Auckland,Auckland,New Zealand,Pacific/Auckland,2193733,Auckland,Dashami upto 08:30 AM,Dashami,"Mula upto 12:14 AM, Aug 24",Mula,06:55 AM,05:53 PM,2026-08-23 05:19:00 AM NZST,Shukla Paksha,Shravana,Raviwara,https://www.drikpanchang.com/panchang/month-panchang.html?geoname-id=2193733&date=23/08/2026,2026-08-22T15:36:37
2.0,geoname:2193733,2026-08-24,Auckland,Auckland,New Zealand,Pacific/Auckland,2193733,Auckland,Ekadashi upto 10:48 AM,Ekadashi,"Purva Ashadha upto 02:58 AM, Aug 25",Purva Ashadha,06:53 AM,05:54 PM,2026-08-24 05:17:00 AM NZST,Shukla Paksha,Shravana,Somawara,https://www.drikpanchang.com/panchang/month-panchang.html?geoname-id=2193733&date=24/08/2026,2026-08-22T15:36:48
2.0,geoname:2193733,2026-08-25,Auckland,Auckland,New Zealand,Pacific/Auckland,2193733,Auckland,Dwadashi upto 12:50 PM,Dwadashi,"Uttara Ashadha upto 05:21 AM, Aug 26",Uttara Ashadha,06:52 AM,05:55 PM,2026-08-25 05:16:00 AM NZST,Shukla Paksha,Shravana,Mangalawara,https://www.drikpanchang.com/panchang/month-panchang.html?geoname-id=2193733&date=25/08/2026,2026-08-22T15:36:59
2.0,geoname:2643743,2026-08-08,London,London,United Kingdom,Europe/London,2643743,London,Dashami upto 09:29 AM,Dashami,Rohini upto 12:21 PM,Rohini,05:35 AM,08:36 PM,2026-08-08 03:59:00 AM BST,Krishna Paksha,Ashadha,Shaniwara,https://www.drikpanchang.com/panchang/month-panchang.html?geoname-id=2643743&date=08/08/2026,2026-08-22T13:58:43
2.0,geoname:2643743,2026-08-09,London,London,United Kingdom,Europe/London,2643743,London,"Ekadashi upto 06:34 AM; Dwadashi upto 03:30 AM, Aug 10",Ekadashi,Mrigashira upto 10:13 AM,Mrigashirsha,05:36 AM,08:35 PM,2026-08-09 04:00:00 AM BST,Krishna Paksha,Ashadha,Raviwara,https://www.drikpanchang.com/panchang/month-panchang.html?geoname-id=2643743&date=09/08/2026,2026-08-22T13:58:54
2.0,geoname:2643743,2026-08-10,London,London,United Kingdom,Europe/London,2643743,London,"Trayodashi upto 12:24 AM, Aug 11",Trayodashi,"Ardra upto 07:56 AM; Punarvasu upto 05:39 AM, Aug 11",Ardra,05:38 AM,08:33 PM,2026-08-10 04:02:00 AM BST,Krishna Paksha,Ashadha,Somawara,https://www.drikpanchang.com/panchang/month-panchang.html?geoname-id=2643743&date=10/08/2026,2026-08-22T13:59:04
2.0,geoname:2643743,2026-08-22,London,London,United Kingdom,Europe/London,2643743,London,Dashami upto 09:30 PM,Dashami,Jyeshtha upto 10:19 AM,Jyeshtha,05:57 AM,08:09 PM,2026-08-22 04:21:00 AM BST,Shukla Paksha,Shravana,Shaniwara,https://www.drikpanchang.com/panchang/month-panchang.html?geoname-id=2643743&date=22/08/2026,2026-08-22T15:31:13
2.0,geoname:2643743,2026-08-23,London,London,United Kingdom,Europe/London,2643743,London,Ekadashi upto 11:48 PM,Ekadashi,Mula upto 01:14 PM,Mula,05:59 AM,08:07 PM,2026-08-23 04:23:00 AM BST,Shukla Paksha,Shravana,Raviwara,https://www.drikpanchang.com/panchang/month-panchang.html?geoname-id=2643743&date=23/08/2026,2026-08-22T15:31:03
2.0,geoname:2643743,2026-08-24,London,London,United Kingdom,Europe/London,2643743,London,"Dwadashi upto 01:50 AM, Aug 25",Dwadashi,Purva Ashadha upto 03:58 PM,Purva Ashadha,06:00 AM,08:04 PM,2026-08-24 04:24:00 AM BST,Shukla Paksha,Shravana,Somawara,https://www.drikpanchang.com/panchang/month-panchang.html?geoname-id=2643743&date=24/08/2026,2026-08-22T15:31:24
2.0,geoname:2643743,2026-08-25,London,London,United Kingdom,Europe/London,2643743,London,"Trayodashi upto 03:29 AM, Aug 26",Trayodashi,Uttara Ashadha upto 06:21 PM,Uttara Ashadha,06:02 AM,08:02 PM,2026-08-25 04:26:00 AM BST,Shukla Paksha,Shravana,Mangalawara,https://www.drikpanchang.com/panchang/month-panchang.html?geoname-id=2643743&date=25/08/2026,2026-08-22T15:31:35
2.0,geoname:2657896,2026-08-08,Zurich,Zurich,Switzerland,Europe/Zurich,2657896,Zurich,Dashami upto 10:29 AM,Dashami,Rohini upto 01:21 PM,Rohini,06:13 AM,08:49 PM,2026-08-08 04:37:00 AM CEST,Krishna Paksha,Ashadha,Shaniwara,https://www.drikpanchang.com/panchang/month-panchang.html?geoname-id=2657896&date=08/08/2026,2026-08-22T14:15:41
2.0,geoname:2657896,2026-08-09,Zurich,Zurich,Switzerland,Europe/Zurich,2657896,Zurich,"Ekadashi upto 07:34 AM; Dwadashi upto 04:30 AM, Aug 10",Ekadashi,Mrigashira upto 11:13 AM,Mrigashirsha,06:14 AM,08:48 PM,2026-08-09 04:38:00 AM CEST,Krishna Paksha,Ashadha,Raviwara,https://www.drikpanchang.com/panchang/month-panchang.html?geoname-id=2657896&date=09/08/2026,2026-08-22T14:15:51
2.0,geoname:2657896,2026-08-10,Zurich,Zurich,Switzerland,Europe/Zurich,2657896,Zurich,"Trayodashi upto 01:23 AM, Aug 11",Trayodashi,Ardra upto 08:56 AM,Ardra,06:15 AM,08:46 PM,2026-08-10 04:39:00 AM CEST,Krishna Paksha,Ashadha,Somawara,https://www.drikpanchang.com/panchang/month-panchang.html?geoname-id=2657896&date=10/08/2026,2026-08-22T14:16:02
2.0,geoname:2657896,2026-08-22,Zurich,Zurich,Switzerland,Europe/Zurich,2657896,Zurich,Dashami upto 10:30 PM,Dashami,Jyeshtha upto 11:19 AM,Jyeshtha,06:31 AM,08:25 PM,2026-08-22 04:55:00 AM CEST,Shukla Paksha,Shravana,Shaniwara,https://www.drikpanchang.com/panchang/month-panchang.html?geoname-id=2657896&date=22/08/2026,2026-08-22T15:59:36
2.0,geoname:2657896,2026-08-23,Zurich,Zurich,Switzerland,Europe/Zurich,2657896,Zurich,"Ekadashi upto 12:48 AM, Aug 24",Ekadashi,Mula upto 02:14 PM,Mula,06:33 AM,08:23 PM,2026-08-23 04:57:00 AM CEST,Shukla Paksha,Shravana,Raviwara,https://www.drikpanchang.com/panchang/month-panchang.html?geoname-id=2657896&date=23/08/2026,2026-08-22T15:59:25
2.0,geoname:2657896,2026-08-24,Zurich,Zurich,Switzerland,Europe/Zurich,2657896,Zurich,"Dwadashi upto 02:50 AM, Aug 25",Dwadashi,Purva Ashadha upto 04:58 PM,Purva Ashadha,06:34 AM,08:22 PM,2026-08-24 04:58:00 AM CEST,Shukla Paksha,Shravana,Somawara,https://www.drikpanchang.com/panchang/month-panchang.html?geoname-id=2657896&date=24/08/2026,2026-08-22T15:59:47
2.0,geoname:2657896,2026-08-25,Zurich,Zurich,Switzerland,Europe/Zurich,2657896,Zurich,"Trayodashi upto 04:29 AM, Aug 26",Trayodashi,Uttara Ashadha upto 07:21 PM,Uttara Ashadha,06:35 AM,08:20 PM,2026-08-25 04:59:00 AM CEST,Shukla Paksha,Shravana,Mangalawara,https://www.drikpanchang.com/panchang/month-panchang.html?geoname-id=2657896&date=25/08/2026,2026-08-22T15:59:57
2.0,geoname:285787,2026-08-08,Kuwait,Al Asimah,Kuwait,Asia/Kuwait,285787,Kuwait,Dashami upto 11:29 AM,Dashami,Rohini upto 02:21 PM,Rohini,05:12 AM,06:35 PM,2026-08-08 03:36:00 AM +03,Krishna Paksha,Ashadha,Shaniwara,https://www.drikpanchang.com/panchang/month-panchang.html?geoname-id=285787&date=08/08/2026,2026-08-24T13:47:55
2.0,geoname:285787,2026-08-09,Kuwait,Al Asimah,Kuwait,Asia/Kuwait,285787,Kuwait,Ekadashi upto 08:34 AM,Ekadashi,Mrigashira upto 12:13 PM,Mrigashirsha,05:13 AM,06:34 PM,2026-08-09 03:37:00 AM +03,Krishna Paksha,Ashadha,Raviwara,https://www.drikpanchang.com/panchang/month-panchang.html?geoname-id=285787&date=09/08/2026,2026-08-24T13:47:45
2.0,geoname:285787,2026-08-10,Kuwait,Al Asimah,Kuwait,Asia/Kuwait,285787,Kuwait,"Dwadashi upto 05:30 AM; Trayodashi upto 02:24 AM, Aug 11",Dwadashi,Ardra upto 09:56 AM,Ardra,05:13 AM,06:33 PM,2026-08-10 03:37:00 AM +03,Krishna Paksha,Ashadha,Somawara,https://www.drikpanchang.com/panchang/month-panchang.html?geoname-id=285787&date=10/08/2026,2026-08-24T13:48:06
2.0,geoname:285787,2026-08-22,Kuwait,Al Asimah,Kuwait,Asia/Kuwait,285787,Kuwait,Dashami upto 11:30 PM,Dashami,Jyeshtha upto 12:19 PM,Jyeshtha,05:20 AM,06:21 PM,2026-08-22 03:44:00 AM +03,Shukla Paksha,Shravana,Shaniwara,https://www.drikpanchang.com/panchang/month-panchang.html?geoname-id=285787&date=22/08/2026,2026-08-24T13:50:47
2.0,geoname:285787,2026-08-23,Kuwait,Al Asimah,Kuwait,Asia/Kuwait,285787,Kuwait,"Ekadashi upto 01:48 AM, Aug 24",Ekadashi,Mula upto 03:14 PM,Mula,05:21 AM,06:20 PM,2026-08-23 03:45:00 AM +03,Shukla Paksha,Shravana,Raviwara,https://www.drikpanchang.com/panchang/month-panchang.html?geoname-id=285787&date=23/08/2026,2026-08-24T13:50:36
2.0,geoname:285787,2026-08-24,Kuwait,Al Asimah,Kuwait,Asia/Kuwait,285787,Kuwait,"Dwadashi upto 03:50 AM, Aug 25",Dwadashi,Purva Ashadha upto 05:58 PM,Purva Ashadha,05:21 AM,06:19 PM,2026-08-24 03:45:00 AM +03,Shukla Paksha,Shravana,Somawara,https://www.drikpanchang.com/panchang/month-panchang.html?geoname-id=285787&date=24/08/2026,2026-08-24T13:50:57
2.0,geoname:285787,2026-08-25,Kuwait,Al Asimah,Kuwait,Asia/Kuwait,285787,Kuwait,Trayodashi upto Full Night,Trayodashi,Uttara Ashadha upto 08:21 PM,Uttara Ashadha,05:22 AM,06:18 PM,2026-08-25 03:46:00 AM +03,Shukla Paksha,Shravana,Mangalawara,https://www.drikpanchang.com/panchang/month-panchang.html?geoname-id=285787&date=25/08/2026,2026-08-24T13:51:08
2.0,geoname:290030,2026-08-08,Doha,Baladīyat ad Dawḩah,Qatar,Asia/Qatar,290030,Doha,Dashami upto 11:29 AM,Dashami,Rohini upto 02:21 PM,Rohini,05:04 AM,06:15 PM,2026-08-08 03:28:00 AM +03,Krishna Paksha,Ashadha,Shaniwara,https://www.drikpanchang.com/panchang/month-panchang.html?geoname-id=290030&date=08/08/2026,2026-08-22T14:15:09
2.0,geoname:290030,2026-08-09,Doha,Baladīyat ad Dawḩah,Qatar,Asia/Qatar,290030,Doha,Ekadashi upto 08:34 AM,Ekadashi,Mrigashira upto 12:13 PM,Mrigashirsha,05:05 AM,06:14 PM,2026-08-09 03:29:00 AM +03,Krishna Paksha,Ashadha,Raviwara,https://www.drikpanchang.com/panchang/month-panchang.html?geoname-id=290030&date=09/08/2026,2026-08-22T14:15:20
2.0,geoname:290030,2026-08-10,Doha,Baladīyat ad Dawḩah,Qatar,Asia/Qatar,290030,Doha,"Dwadashi upto 05:30 AM; Trayodashi upto 02:24 AM, Aug 11",Dwadashi,Ardra upto 09:56 AM,Ardra,05:05 AM,06:13 PM,2026-08-10 03:29:00 AM +03,Krishna Paksha,Ashadha,Somawara,https://www.drikpanchang.com/panchang/month-panchang.html?geoname-id=290030&date=10/08/2026,2026-08-22T14:15:30
2.0,geoname:290030,2026-08-22,Doha,Baladīyat ad Dawḩah,Qatar,Asia/Qatar,290030,Doha,Dashami upto 11:30 PM,Dashami,Jyeshtha upto 12:19 PM,Jyeshtha,05:10 AM,06:03 PM,2026-08-22 03:34:00 AM +03,Shukla Paksha,Shravana,Shaniwara,https://www.drikpanchang.com/panchang/month-panchang.html?geoname-id=290030&date=22/08/2026,2026-08-22T15:58:52
2.0,geoname:290030,2026-08-23,Doha,Baladīyat ad Dawḩah,Qatar,Asia/Qatar,290030,Doha,"Ekadashi upto 01:48 AM, Aug 24",Ekadashi,Mula upto 03:14 PM,Mula,05:11 AM,06:02 PM,2026-08-23 03:35:00 AM +03,Shukla Paksha,Shravana,Raviwara,https://www.drikpanchang.com/panchang/month-panchang.html?geoname-id=290030&date=23/08/2026,2026-08-22T15:58:41
2.0,geoname:290030,2026-08-24,Doha,Baladīyat ad Dawḩah,Qatar,Asia/Qatar,290030,Doha,"Dwadashi upto 03:50 AM, Aug 25",Dwadashi,Purva Ashadha upto 05:58 PM,Purva Ashadha,05:11 AM,06:01 PM,2026-08-24 03:35:00 AM +03,Shukla Paksha,Shravana,Somawara,https://www.drikpanchang.com/panchang/month-panchang.html?geoname-id=290030&date=24/08/2026,2026-08-22T15:59:03
2.0,geoname:290030,2026-08-25,Doha,Baladīyat ad Dawḩah,Qatar,Asia/Qatar,290030,Doha,Trayodashi upto Full Night,Trayodashi,Uttara Ashadha upto 08:21 PM,Uttara Ashadha,05:12 AM,06:00 PM,2026-08-25 03:36:00 AM +03,Shukla Paksha,Shravana,Mangalawara,https://www.drikpanchang.com/panchang/month-panchang.html?geoname-id=290030&date=25/08/2026,2026-08-22T15:59:14
2.0,geoname:292223,2026-08-08,Dubai,Dubai,United Arab Emirates,Asia/Dubai,292223,Dubai,Dashami upto 12:29 PM,Dashami,Rohini upto 03:21 PM,Rohini,05:50 AM,07:00 PM,2026-08-08 04:14:00 AM +04,Krishna Paksha,Ashadha,Shaniwara,https://www.drikpanchang.com/panchang/month-panchang.html?geoname-id=292223&date=08/08/2026,2026-08-22T14:14:38
2.0,geoname:292223,2026-08-09,Dubai,Dubai,United Arab Emirates,Asia/Dubai,292223,Dubai,Ekadashi upto 09:34 AM,Ekadashi,Mrigashira upto 01:13 PM,Mrigashirsha,05:50 AM,06:59 PM,2026-08-09 04:14:00 AM +04,Krishna Paksha,Ashadha,Raviwara,https://www.drikpanchang.com/panchang/month-panchang.html?geoname-id=292223&date=09/08/2026,2026-08-22T14:14:48
2.0,geoname:292223,2026-08-10,Dubai,Dubai,United Arab Emirates,Asia/Dubai,292223,Dubai,"Dwadashi upto 06:30 AM; Trayodashi upto 03:24 AM, Aug 11",Dwadashi,Ardra upto 10:56 AM,Ardra,05:51 AM,06:58 PM,2026-08-10 04:15:00 AM +04,Krishna Paksha,Ashadha,Somawara,https://www.drikpanchang.com/panchang/month-panchang.html?geoname-id=292223&date=10/08/2026,2026-08-22T14:14:58
2.0,geoname:292223,2026-08-22,Dubai,Dubai,United Arab Emirates,Asia/Dubai,292223,Dubai,"Dashami upto 12:30 AM, Aug 23",Dashami,Jyeshtha upto 01:19 PM,Jyeshtha,05:56 AM,06:48 PM,2026-08-22 04:20:00 AM +04,Shukla Paksha,Shravana,Shaniwara,https://www.drikpanchang.com/panchang/month-panchang.html?geoname-id=292223&date=22/08/2026,2026-08-22T15:58:08
2.0,geoname:292223,2026-08-23,Dubai,Dubai,United Arab Emirates,Asia/Dubai,292223,Dubai,"Ekadashi upto 02:48 AM, Aug 24",Ekadashi,Mula upto 04:14 PM,Mula,05:56 AM,06:47 PM,2026-08-23 04:20:00 AM +04,Shukla Paksha,Shravana,Raviwara,https://www.drikpanchang.com/panchang/month-panchang.html?geoname-id=292223&date=23/08/2026,2026-08-22T15:57:58
2.0,geoname:292223,2026-08-24,Dubai,Dubai,United Arab Emirates,Asia/Dubai,292223,Dubai,"Dwadashi upto 04:50 AM, Aug 25",Dwadashi,Purva Ashadha upto 06:58 PM,Purva Ashadha,05:57 AM,06:46 PM,2026-08-24 04:21:00 AM +04,Shukla Paksha,Shravana,Somawara,https://www.drikpanchang.com/panchang/month-panchang.html?geoname-id=292223&date=24/08/2026,2026-08-22T15:58:19
2.0,geoname:292223,2026-08-25,Dubai,Dubai,United Arab Emirates,Asia/Dubai,292223,Dubai,Trayodashi upto Full Night,Trayodashi,Uttara Ashadha upto 09:21 PM,Uttara Ashadha,05:57 AM,06:45 PM,2026-08-25 04:21:00 AM +04,Shukla Paksha,Shravana,Mangalawara,https://www.drikpanchang.com/panchang/month-panchang.html?geoname-id=292223&date=25/08/2026,2026-08-22T15:58:30
2.0,geoname:2928751,2026-08-08,Esslingen,Esslingen,Germany,Europe/Berlin,2928751,Esslingen,Dashami upto 10:29 AM,Dashami,Rohini upto 01:21 PM,Rohini,06:06 AM,08:50 PM,2026-08-08 04:30:00 AM CEST,Krishna Paksha,Ashadha,Shaniwara,https://www.drikpanchang.com/panchang/month-panchang.html?geoname-id=2928751&date=08/08/2026,2026-08-22T14:16:12
2.0,geoname:2928751,2026-08-09,Esslingen,Esslingen,Germany,Europe/Berlin,2928751,Esslingen,"Ekadashi upto 07:34 AM; Dwadashi upto 04:30 AM, Aug 10",Ekadashi,Mrigashira upto 11:13 AM,Mrigashirsha,06:07 AM,08:48 PM,2026-08-09 04:31:00 AM CEST,Krishna Paksha,Ashadha,Raviwara,https://www.drikpanchang.com/panchang/month-panchang.html?geoname-id=2928751&date=09/08/2026,2026-08-22T14:16:23
2.0,geoname:2928751,2026-08-10,Esslingen,Esslingen,Germany,Europe/Berlin,2928751,Esslingen,"Trayodashi upto 01:24 AM, Aug 11",Trayodashi,Ardra upto 08:56 AM,Ardra,06:09 AM,08:47 PM,2026-08-10 04:33:00 AM CEST,Krishna Paksha,Ashadha,Somawara,https://www.drikpanchang.com/panchang/month-panchang.html?geoname-id=2928751&date=10/08/2026,2026-08-22T14:16:33
2.0,geoname:2928751,2026-08-22,Esslingen,Esslingen,Germany,Europe/Berlin,2928751,Esslingen,Dashami upto 10:30 PM,Dashami,Jyeshtha upto 11:19 AM,Jyeshtha,06:25 AM,08:25 PM,2026-08-22 04:49:00 AM CEST,Shukla Paksha,Shravana,Shaniwara,https://www.drikpanchang.com/panchang/month-panchang.html?geoname-id=2928751&date=22/08/2026,2026-08-22T16:00:20
2.0,geoname:2928751,2026-08-23,Esslingen,Esslingen,Germany,Europe/Berlin,2928751,Esslingen,"Ekadashi upto 12:48 AM, Aug 24",Ekadashi,Mula upto 02:14 PM,Mula,06:27 AM,08:23 PM,2026-08-23 04:51:00 AM CEST,Shukla Paksha,Shravana,Raviwara,https://www.drikpanchang.com/panchang/month-panchang.html?geoname-id=2928751&date=23/08/2026,2026-08-22T16:00:09
2.0,geoname:2928751,2026-08-24,Esslingen,Esslingen,Germany,Europe/Berlin,2928751,Esslingen,"Dwadashi upto 02:50 AM, Aug 25",Dwadashi,Purva Ashadha upto 04:58 PM,Purva Ashadha,06:28 AM,08:21 PM,2026-08-24 04:52:00 AM CEST,Shukla Paksha,Shravana,Somawara,https://www.drikpanchang.com/panchang/month-panchang.html?geoname-id=2928751&date=24/08/2026,2026-08-22T16:00:31
2.0,geoname:2928751,2026-08-25,Esslingen,Esslingen,Germany,Europe/Berlin,2928751,Esslingen,"Trayodashi upto 04:29 AM, Aug 26",Trayodashi,Uttara Ashadha upto 07:21 PM,Uttara Ashadha,06:30 AM,08:19 PM,2026-08-25 04:54:00 AM CEST,Shukla Paksha,Shravana,Mangalawara,https://www.drikpanchang.com/panchang/month-panchang.html?geoname-id=2928751&date=25/08/2026,2026-08-22T16:00:41
2.0,geoname:4167147,2026-08-07,Orlando,Florida,United States,America/New_York,4167147,Orlando,"Navami upto 07:06 AM; Dashami upto 04:29 AM, Aug 08",Navami,Krittika upto 09:13 AM,Krittika,06:51 AM,08:12 PM,2026-08-07 05:15:00 AM EDT,Krishna Paksha,Ashadha,Shukrawara,https://www.drikpanchang.com/panchang/month-panchang.html?geoname-id=4167147&date=07/08/2026,2026-08-22T14:43:17
2.0,geoname:4167147,2026-08-08,Orlando,Florida,United States,America/New_York,4167147,Orlando,"Ekadashi upto 01:34 AM, Aug 09",Ekadashi,"Rohini upto 07:21 AM; Mrigashira upto 05:13 AM, Aug 09",Rohini,06:51 AM,08:11 PM,2026-08-08 05:15:00 AM EDT,Krishna Paksha,Ashadha,Shaniwara,https://www.drikpanchang.com/panchang/month-panchang.html?geoname-id=4167147&date=08/08/2026,2026-08-22T14:43:07
2.0,geoname:4167147,2026-08-09,Orlando,Florida,United States,America/New_York,4167147,Orlando,Dwadashi upto 10:30 PM,Dwadashi,"Ardra upto 02:56 AM, Aug 10",Ardra,06:52 AM,08:10 PM,2026-08-09 05:16:00 AM EDT,Krishna Paksha,Ashadha,Raviwara,https://www.drikpanchang.com/panchang/month-panchang.html?geoname-id=4167147&date=09/08/2026,2026-08-22T14:43:27
2.0,geoname:4167147,2026-08-22,Orlando,Florida,United States,America/New_York,4167147,Orlando,Dashami upto 04:30 PM,Dashami,Mula upto Full Night,Mula,06:59 AM,07:58 PM,2026-08-22 05:23:00 AM EDT,Shukla Paksha,Shravana,Shaniwara,https://www.drikpanchang.com/panchang/month-panchang.html?geoname-id=4167147&date=22/08/2026,2026-08-22T16:31:40
2.0,geoname:4167147,2026-08-23,Orlando,Florida,United States,America/New_York,4167147,Orlando,Ekadashi upto 06:48 PM,Ekadashi,Mula upto 08:14 AM,Mula,06:59 AM,07:57 PM,2026-08-23 05:23:00 AM EDT,Shukla Paksha,Shravana,Raviwara,https://www.drikpanchang.com/panchang/month-panchang.html?geoname-id=4167147&date=23/08/2026,2026-08-22T16:31:29
2.0,geoname:4167147,2026-08-24,Orlando,Florida,United States,America/New_York,4167147,Orlando,Dwadashi upto 08:50 PM,Dwadashi,Purva Ashadha upto 10:58 AM,Purva Ashadha,07:00 AM,07:56 PM,2026-08-24 05:24:00 AM EDT,Shukla Paksha,Shravana,Somawara,https://www.drikpanchang.com/panchang/month-panchang.html?geoname-id=4167147&date=24/08/2026,2026-08-22T16:31:50
2.0,geoname:4174757,2026-08-07,Tampa,Florida,United States,America/New_York,4174757,Tampa,"Navami upto 07:06 AM; Dashami upto 04:29 AM, Aug 08",Navami,Krittika upto 09:13 AM,Krittika,06:56 AM,08:15 PM,2026-08-07 05:20:00 AM EDT,Krishna Paksha,Ashadha,Shukrawara,https://www.drikpanchang.com/panchang/month-panchang.html?geoname-id=4174757&date=07/08/2026,2026-08-22T14:42:45
2.0,geoname:4174757,2026-08-08,Tampa,Florida,United States,America/New_York,4174757,Tampa,"Ekadashi upto 01:34 AM, Aug 09",Ekadashi,"Rohini upto 07:21 AM; Mrigashira upto 05:13 AM, Aug 09",Rohini,06:56 AM,08:14 PM,2026-08-08 05:20:00 AM EDT,Krishna Paksha,Ashadha,Shaniwara,https://www.drikpanchang.com/panchang/month-panchang.html?geoname-id=4174757&date=08/08/2026,2026-08-22T14:36:50
2.0,geoname:4174757,2026-08-09,Tampa,Florida,United States,America/New_York,4174757,Tampa,Dwadashi upto 10:30 PM,Dwadashi,"Ardra upto 02:56 AM, Aug 10",Ardra,06:57 AM,08:13 PM,2026-08-09 05:21:00 AM EDT,Krishna Paksha,Ashadha,Raviwara,https://www.drikpanchang.com/panchang/month-panchang.html?geoname-id=4174757&date=09/08/2026,2026-08-22T14:42:56
2.0,geoname:4174757,2026-08-22,Tampa,Florida,United States,America/New_York,4174757,Tampa,Dashami upto 04:30 PM,Dashami,Mula upto Full Night,Mula,07:04 AM,08:01 PM,2026-08-22 05:28:00 AM EDT,Shukla Paksha,Shravana,Shaniwara,https://www.drikpanchang.com/panchang/month-panchang.html?geoname-id=4174757&date=22/08/2026,2026-08-22T16:31:07
2.0,geoname:4174757,2026-08-23,Tampa,Florida,United States,America/New_York,4174757,Tampa,Ekadashi upto 06:48 PM,Ekadashi,Mula upto 08:14 AM,Mula,07:04 AM,08:00 PM,2026-08-23 05:28:00 AM EDT,Shukla Paksha,Shravana,Raviwara,https://www.drikpanchang.com/panchang/month-panchang.html?geoname-id=4174757&date=23/08/2026,2026-08-22T16:30:56
2.0,geoname:4174757,2026-08-24,Tampa,Florida,United States,America/New_York,4174757,Tampa,Dwadashi upto 08:50 PM,Dwadashi,Purva Ashadha upto 10:58 AM,Purva Ashadha,07:05 AM,07:59 PM,2026-08-24 05:29:00 AM EDT,Shukla Paksha,Shravana,Somawara,https://www.drikpanchang.com/panchang/month-panchang.html?geoname-id=4174757&date=24/08/2026,2026-08-22T16:31:17
2.0,geoname:4180439,2026-08-07,Atlanta,Georgia,United States,America/New_York,4180439,Atlanta,"Navami upto 07:06 AM; Dashami upto 04:29 AM, Aug 08",Navami,Krittika upto 09:13 AM,Krittika,06:54 AM,08:32 PM,2026-08-07 05:18:00 AM EDT,Krishna Paksha,Ashadha,Shukrawara,https://www.drikpanchang.com/panchang/month-panchang.html?geoname-id=4180439&date=07/08/2026,2026-08-22T14:50:28
2.0,geoname:4180439,2026-08-08,Atlanta,Georgia,United States,America/New_York,4180439,Atlanta,"Ekadashi upto 01:34 AM, Aug 09",Ekadashi,"Rohini upto 07:21 AM; Mrigashira upto 05:13 AM, Aug 09",Rohini,06:55 AM,08:31 PM,2026-08-08 05:19:00 AM EDT,Krishna Paksha,Ashadha,Shaniwara,https://www.drikpanchang.com/panchang/month-panchang.html?geoname-id=4180439&date=08/08/2026,2026-08-22T14:50:18
2.0,geoname:4180439,2026-08-09,Atlanta,Georgia,United States,America/New_York,4180439,Atlanta,Dwadashi upto 10:30 PM,Dwadashi,"Ardra upto 02:56 AM, Aug 10",Ardra,06:55 AM,08:30 PM,2026-08-09 05:19:00 AM EDT,Krishna Paksha,Ashadha,Raviwara,https://www.drikpanchang.com/panchang/month-panchang.html?geoname-id=4180439&date=09/08/2026,2026-08-22T14:50:38
2.0,geoname:4180439,2026-08-22,Atlanta,Georgia,United States,America/New_York,4180439,Atlanta,Dashami upto 04:30 PM,Dashami,Mula upto Full Night,Mula,07:05 AM,08:16 PM,2026-08-22 05:29:00 AM EDT,Shukla Paksha,Shravana,Shaniwara,https://www.drikpanchang.com/panchang/month-panchang.html?geoname-id=4180439&date=22/08/2026,2026-08-22T16:38:49
2.0,geoname:4180439,2026-08-23,Atlanta,Georgia,United States,America/New_York,4180439,Atlanta,Ekadashi upto 06:48 PM,Ekadashi,Mula upto 08:14 AM,Mula,07:05 AM,08:15 PM,2026-08-23 05:29:00 AM EDT,Shukla Paksha,Shravana,Raviwara,https://www.drikpanchang.com/panchang/month-panchang.html?geoname-id=4180439&date=23/08/2026,2026-08-22T16:38:38
2.0,geoname:4180439,2026-08-24,Atlanta,Georgia,United States,America/New_York,4180439,Atlanta,Dwadashi upto 08:50 PM,Dwadashi,Purva Ashadha upto 10:58 AM,Purva Ashadha,07:06 AM,08:13 PM,2026-08-24 05:30:00 AM EDT,Shukla Paksha,Shravana,Somawara,https://www.drikpanchang.com/panchang/month-panchang.html?geoname-id=4180439&date=24/08/2026,2026-08-22T16:38:59
2.0,geoname:4256038,2026-08-07,Columbus,Indiana,United States,America/Indiana/Indianapolis,4256038,Columbus,"Navami upto 07:06 AM; Dashami upto 04:29 AM, Aug 08",Navami,Krittika upto 09:13 AM,Krittika,06:50 AM,08:49 PM,2026-08-07 05:14:00 AM EDT,Krishna Paksha,Ashadha,Shukrawara,https://www.drikpanchang.com/panchang/month-panchang.html?geoname-id=4256038&date=07/08/2026,2026-08-22T14:19:11
2.0,geoname:4256038,2026-08-08,Columbus,Indiana,United States,America/Indiana/Indianapolis,4256038,Columbus,"Ekadashi upto 01:34 AM, Aug 09",Ekadashi,"Rohini upto 07:21 AM; Mrigashira upto 05:13 AM, Aug 09",Rohini,06:50 AM,08:48 PM,2026-08-08 05:14:00 AM EDT,Krishna Paksha,Ashadha,Shaniwara,https://www.drikpanchang.com/panchang/month-panchang.html?geoname-id=4256038&date=08/08/2026,2026-08-22T14:19:00
2.0,geoname:4256038,2026-08-09,Columbus,Indiana,United States,America/Indiana/Indianapolis,4256038,Columbus,Dwadashi upto 10:30 PM,Dwadashi,"Ardra upto 02:56 AM, Aug 10",Ardra,06:51 AM,08:46 PM,2026-08-09 05:15:00 AM EDT,Krishna Paksha,Ashadha,Raviwara,https://www.drikpanchang.com/panchang/month-panchang.html?geoname-id=4256038&date=09/08/2026,2026-08-22T14:19:21
2.0,geoname:4256038,2026-08-22,Columbus,Indiana,United States,America/Indiana/Indianapolis,4256038,Columbus,Dashami upto 04:30 PM,Dashami,Mula upto Full Night,Mula,07:03 AM,08:29 PM,2026-08-22 05:27:00 AM EDT,Shukla Paksha,Shravana,Shaniwara,https://www.drikpanchang.com/panchang/month-panchang.html?geoname-id=4256038&date=22/08/2026,2026-08-22T16:06:42
2.0,geoname:4256038,2026-08-23,Columbus,Indiana,United States,America/Indiana/Indianapolis,4256038,Columbus,Ekadashi upto 06:48 PM,Ekadashi,Mula upto 08:14 AM,Mula,07:04 AM,08:28 PM,2026-08-23 05:28:00 AM EDT,Shukla Paksha,Shravana,Raviwara,https://www.drikpanchang.com/panchang/month-panchang.html?geoname-id=4256038&date=23/08/2026,2026-08-22T16:06:32
2.0,geoname:4256038,2026-08-24,Columbus,Indiana,United States,America/Indiana/Indianapolis,4256038,Columbus,Dwadashi upto 08:50 PM,Dwadashi,Purva Ashadha upto 10:58 AM,Purva Ashadha,07:05 AM,08:26 PM,2026-08-24 05:29:00 AM EDT,Shukla Paksha,Shravana,Somawara,https://www.drikpanchang.com/panchang/month-panchang.html?geoname-id=4256038&date=24/08/2026,2026-08-22T16:06:53
2.0,geoname:4347778,2026-08-07,Baltimore,Maryland,United States,America/New_York,4347778,Baltimore,"Navami upto 07:06 AM; Dashami upto 04:29 AM, Aug 08",Navami,Krittika upto 09:13 AM,Krittika,06:12 AM,08:12 PM,2026-08-07 04:36:00 AM EDT,Krishna Paksha,Ashadha,Shukrawara,https://www.drikpanchang.com/panchang/month-panchang.html?geoname-id=4347778&date=07/08/2026,2026-08-22T14:44:20
2.0,geoname:4347778,2026-08-08,Baltimore,Maryland,United States,America/New_York,4347778,Baltimore,"Ekadashi upto 01:34 AM, Aug 09",Ekadashi,"Rohini upto 07:21 AM; Mrigashira upto 05:13 AM, Aug 09",Rohini,06:13 AM,08:11 PM,2026-08-08 04:37:00 AM EDT,Krishna Paksha,Ashadha,Shaniwara,https://www.drikpanchang.com/panchang/month-panchang.html?geoname-id=4347778&date=08/08/2026,2026-08-22T14:44:10
2.0,geoname:4347778,2026-08-09,Baltimore,Maryland,United States,America/New_York,4347778,Baltimore,Dwadashi upto 10:30 PM,Dwadashi,"Ardra upto 02:56 AM, Aug 10",Ardra,06:14 AM,08:09 PM,2026-08-09 04:38:00 AM EDT,Krishna Paksha,Ashadha,Raviwara,https://www.drikpanchang.com/panchang/month-panchang.html?geoname-id=4347778&date=09/08/2026,2026-08-22T14:44:31
2.0,geoname:4347778,2026-08-22,Baltimore,Maryland,United States,America/New_York,4347778,Baltimore,Dashami upto 04:30 PM,Dashami,Mula upto Full Night,Mula,06:26 AM,07:52 PM,2026-08-22 04:50:00 AM EDT,Shukla Paksha,Shravana,Shaniwara,https://www.drikpanchang.com/panchang/month-panchang.html?geoname-id=4347778&date=22/08/2026,2026-08-22T16:32:45
2.0,geoname:4347778,2026-08-23,Baltimore,Maryland,United States,America/New_York,4347778,Baltimore,Ekadashi upto 06:48 PM,Ekadashi,Mula upto 08:14 AM,Mula,06:27 AM,07:51 PM,2026-08-23 04:51:00 AM EDT,Shukla Paksha,Shravana,Raviwara,https://www.drikpanchang.com/panchang/month-panchang.html?geoname-id=4347778&date=23/08/2026,2026-08-22T16:32:35
2.0,geoname:4347778,2026-08-24,Baltimore,Maryland,United States,America/New_York,4347778,Baltimore,Dwadashi upto 08:50 PM,Dwadashi,Purva Ashadha upto 10:58 AM,Purva Ashadha,06:28 AM,07:49 PM,2026-08-24 04:52:00 AM EDT,Shukla Paksha,Shravana,Somawara,https://www.drikpanchang.com/panchang/month-panchang.html?geoname-id=4347778&date=24/08/2026,2026-08-22T16:32:56
2.0,geoname:4460243,2026-08-07,Charlotte,North Carolina,United States,America/New_York,4460243,Charlotte,"Navami upto 07:06 AM; Dashami upto 04:29 AM, Aug 08",Navami,Krittika upto 09:13 AM,Krittika,06:37 AM,08:21 PM,2026-08-07 05:01:00 AM EDT,Krishna Paksha,Ashadha,Shukrawara,https://www.drikpanchang.com/panchang/month-panchang.html?geoname-id=4460243&date=07/08/2026,2026-08-22T14:26:50
2.0,geoname:4460243,2026-08-08,Charlotte,North Carolina,United States,America/New_York,4460243,Charlotte,"Ekadashi upto 01:34 AM, Aug 09",Ekadashi,"Rohini upto 07:21 AM; Mrigashira upto 05:13 AM, Aug 09",Rohini,06:38 AM,08:20 PM,2026-08-08 05:02:00 AM EDT,Krishna Paksha,Ashadha,Shaniwara,https://www.drikpanchang.com/panchang/month-panchang.html?geoname-id=4460243&date=08/08/2026,2026-08-22T14:26:39
2.0,geoname:4460243,2026-08-09,Charlotte,North Carolina,United States,America/New_York,4460243,Charlotte,Dwadashi upto 10:30 PM,Dwadashi,"Ardra upto 02:56 AM, Aug 10",Ardra,06:39 AM,08:19 PM,2026-08-09 05:03:00 AM EDT,Krishna Paksha,Ashadha,Raviwara,https://www.drikpanchang.com/panchang/month-panchang.html?geoname-id=4460243&date=09/08/2026,2026-08-22T14:27:00
2.0,geoname:4460243,2026-08-22,Charlotte,North Carolina,United States,America/New_York,4460243,Charlotte,Dashami upto 04:30 PM,Dashami,Mula upto Full Night,Mula,06:49 AM,08:03 PM,2026-08-22 05:13:00 AM EDT,Shukla Paksha,Shravana,Shaniwara,https://www.drikpanchang.com/panchang/month-panchang.html?geoname-id=4460243&date=22/08/2026,2026-08-22T16:07:48
2.0,geoname:4460243,2026-08-23,Charlotte,North Carolina,United States,America/New_York,4460243,Charlotte,Ekadashi upto 06:48 PM,Ekadashi,Mula upto 08:14 AM,Mula,06:49 AM,08:02 PM,2026-08-23 05:13:00 AM EDT,Shukla Paksha,Shravana,Raviwara,https://www.drikpanchang.com/panchang/month-panchang.html?geoname-id=4460243&date=23/08/2026,2026-08-22T16:07:37
2.0,geoname:4460243,2026-08-24,Charlotte,North Carolina,United States,America/New_York,4460243,Charlotte,Dwadashi upto 08:50 PM,Dwadashi,Purva Ashadha upto 10:58 AM,Purva Ashadha,06:50 AM,08:01 PM,2026-08-24 05:14:00 AM EDT,Shukla Paksha,Shravana,Somawara,https://www.drikpanchang.com/panchang/month-panchang.html?geoname-id=4460243&date=24/08/2026,2026-08-22T16:07:59
2.0,geoname:4487042,2026-08-07,Raleigh,North Carolina,United States,America/New_York,4487042,Raleigh,"Navami upto 07:06 AM; Dashami upto 04:29 AM, Aug 08",Navami,Krittika upto 09:13 AM,Krittika,06:27 AM,08:13 PM,2026-08-07 04:51:00 AM EDT,Krishna Paksha,Ashadha,Shukrawara,https://www.drikpanchang.com/panchang/month-panchang.html?geoname-id=4487042&date=07/08/2026,2026-08-22T14:19:42
2.0,geoname:4487042,2026-08-08,Raleigh,North Carolina,United States,America/New_York,4487042,Raleigh,"Ekadashi upto 01:34 AM, Aug 09",Ekadashi,"Rohini upto 07:21 AM; Mrigashira upto 05:13 AM, Aug 09",Rohini,06:28 AM,08:12 PM,2026-08-08 04:52:00 AM EDT,Krishna Paksha,Ashadha,Shaniwara,https://www.drikpanchang.com/panchang/month-panchang.html?geoname-id=4487042&date=08/08/2026,2026-08-22T14:19:32
2.0,geoname:4487042,2026-08-09,Raleigh,North Carolina,United States,America/New_York,4487042,Raleigh,Dwadashi upto 10:30 PM,Dwadashi,"Ardra upto 02:56 AM, Aug 10",Ardra,06:29 AM,08:11 PM,2026-08-09 04:53:00 AM EDT,Krishna Paksha,Ashadha,Raviwara,https://www.drikpanchang.com/panchang/month-panchang.html?geoname-id=4487042&date=09/08/2026,2026-08-22T14:26:28
2.0,geoname:4487042,2026-08-22,Raleigh,North Carolina,United States,America/New_York,4487042,Raleigh,Dashami upto 04:30 PM,Dashami,Mula upto Full Night,Mula,06:39 AM,07:55 PM,2026-08-22 05:03:00 AM EDT,Shukla Paksha,Shravana,Shaniwara,https://www.drikpanchang.com/panchang/month-panchang.html?geoname-id=4487042&date=22/08/2026,2026-08-22T16:07:15
2.0,geoname:4487042,2026-08-23,Raleigh,North Carolina,United States,America/New_York,4487042,Raleigh,Ekadashi upto 06:48 PM,Ekadashi,Mula upto 08:14 AM,Mula,06:40 AM,07:54 PM,2026-08-23 05:04:00 AM EDT,Shukla Paksha,Shravana,Raviwara,https://www.drikpanchang.com/panchang/month-panchang.html?geoname-id=4487042&date=23/08/2026,2026-08-22T16:07:04
2.0,geoname:4487042,2026-08-24,Raleigh,North Carolina,United States,America/New_York,4487042,Raleigh,Dwadashi upto 08:50 PM,Dwadashi,Purva Ashadha upto 10:58 AM,Purva Ashadha,06:41 AM,07:53 PM,2026-08-24 05:05:00 AM EDT,Shukla Paksha,Shravana,Somawara,https://www.drikpanchang.com/panchang/month-panchang.html?geoname-id=4487042&date=24/08/2026,2026-08-22T16:07:26
2.0,geoname:4508722,2026-08-07,Cincinnati,Ohio,United States,America/New_York,4508722,Cincinnati,"Navami upto 07:06 AM; Dashami upto 04:29 AM, Aug 08",Navami,Krittika upto 09:13 AM,Krittika,06:44 AM,08:43 PM,2026-08-07 05:08:00 AM EDT,Krishna Paksha,Ashadha,Shukrawara,https://www.drikpanchang.com/panchang/month-panchang.html?geoname-id=4508722&date=07/08/2026,2026-08-22T14:48:22
2.0,geoname:4508722,2026-08-08,Cincinnati,Ohio,United States,America/New_York,4508722,Cincinnati,"Ekadashi upto 01:34 AM, Aug 09",Ekadashi,"Rohini upto 07:21 AM; Mrigashira upto 05:13 AM, Aug 09",Rohini,06:45 AM,08:42 PM,2026-08-08 05:09:00 AM EDT,Krishna Paksha,Ashadha,Shaniwara,https://www.drikpanchang.com/panchang/month-panchang.html?geoname-id=4508722&date=08/08/2026,2026-08-22T14:48:12
2.0,geoname:4508722,2026-08-09,Cincinnati,Ohio,United States,America/New_York,4508722,Cincinnati,Dwadashi upto 10:30 PM,Dwadashi,"Ardra upto 02:56 AM, Aug 10",Ardra,06:46 AM,08:41 PM,2026-08-09 05:10:00 AM EDT,Krishna Paksha,Ashadha,Raviwara,https://www.drikpanchang.com/panchang/month-panchang.html?geoname-id=4508722&date=09/08/2026,2026-08-22T14:48:32
2.0,geoname:4508722,2026-08-22,Cincinnati,Ohio,United States,America/New_York,4508722,Cincinnati,Dashami upto 04:30 PM,Dashami,Mula upto Full Night,Mula,06:58 AM,08:23 PM,2026-08-22 05:22:00 AM EDT,Shukla Paksha,Shravana,Shaniwara,https://www.drikpanchang.com/panchang/month-panchang.html?geoname-id=4508722&date=22/08/2026,2026-08-22T16:36:37
2.0,geoname:4508722,2026-08-23,Cincinnati,Ohio,United States,America/New_York,4508722,Cincinnati,Ekadashi upto 06:48 PM,Ekadashi,Mula upto 08:14 AM,Mula,06:59 AM,08:22 PM,2026-08-23 05:23:00 AM EDT,Shukla Paksha,Shravana,Raviwara,https://www.drikpanchang.com/panchang/month-panchang.html?geoname-id=4508722&date=23/08/2026,2026-08-22T16:36:26
2.0,geoname:4508722,2026-08-24,Cincinnati,Ohio,United States,America/New_York,4508722,Cincinnati,Dwadashi upto 08:50 PM,Dwadashi,Purva Ashadha upto 10:58 AM,Purva Ashadha,07:00 AM,08:21 PM,2026-08-24 05:24:00 AM EDT,Shukla Paksha,Shravana,Somawara,https://www.drikpanchang.com/panchang/month-panchang.html?geoname-id=4508722&date=24/08/2026,2026-08-22T16:36:47
2.0,geoname:4509177,2026-08-07,Columbus,Ohio,United States,America/New_York,4509177,Columbus,"Navami upto 07:06 AM; Dashami upto 04:29 AM, Aug 08",Navami,Krittika upto 09:13 AM,Krittika,06:36 AM,08:39 PM,2026-08-07 05:00:00 AM EDT,Krishna Paksha,Ashadha,Shukrawara,https://www.drikpanchang.com/panchang/month-panchang.html?geoname-id=4509177&date=07/08/2026,2026-08-22T14:47:51
2.0,geoname:4509177,2026-08-08,Columbus,Ohio,United States,America/New_York,4509177,Columbus,"Ekadashi upto 01:34 AM, Aug 09",Ekadashi,"Rohini upto 07:21 AM; Mrigashira upto 05:13 AM, Aug 09",Rohini,06:37 AM,08:38 PM,2026-08-08 05:01:00 AM EDT,Krishna Paksha,Ashadha,Shaniwara,https://www.drikpanchang.com/panchang/month-panchang.html?geoname-id=4509177&date=08/08/2026,2026-08-22T14:47:40
2.0,geoname:4509177,2026-08-09,Columbus,Ohio,United States,America/New_York,4509177,Columbus,Dwadashi upto 10:30 PM,Dwadashi,"Ardra upto 02:56 AM, Aug 10",Ardra,06:38 AM,08:36 PM,2026-08-09 05:02:00 AM EDT,Krishna Paksha,Ashadha,Raviwara,https://www.drikpanchang.com/panchang/month-panchang.html?geoname-id=4509177&date=09/08/2026,2026-08-22T14:48:01
2.0,geoname:4509177,2026-08-22,Columbus,Ohio,United States,America/New_York,4509177,Columbus,Dashami upto 04:30 PM,Dashami,Mula upto Full Night,Mula,06:51 AM,08:19 PM,2026-08-22 05:15:00 AM EDT,Shukla Paksha,Shravana,Shaniwara,https://www.drikpanchang.com/panchang/month-panchang.html?geoname-id=4509177&date=22/08/2026,2026-08-22T16:36:04
2.0,geoname:4509177,2026-08-23,Columbus,Ohio,United States,America/New_York,4509177,Columbus,Ekadashi upto 06:48 PM,Ekadashi,Mula upto 08:14 AM,Mula,06:51 AM,08:17 PM,2026-08-23 05:15:00 AM EDT,Shukla Paksha,Shravana,Raviwara,https://www.drikpanchang.com/panchang/month-panchang.html?geoname-id=4509177&date=23/08/2026,2026-08-22T16:35:53
2.0,geoname:4509177,2026-08-24,Columbus,Ohio,United States,America/New_York,4509177,Columbus,Dwadashi upto 08:50 PM,Dwadashi,Purva Ashadha upto 10:58 AM,Purva Ashadha,06:52 AM,08:16 PM,2026-08-24 05:16:00 AM EDT,Shukla Paksha,Shravana,Somawara,https://www.drikpanchang.com/panchang/month-panchang.html?geoname-id=4509177&date=24/08/2026,2026-08-22T16:36:14
2.0,geoname:4560349,2026-08-07,Philadelphia,Pennsylvania,United States,America/New_York,4560349,Philadelphia,"Navami upto 07:06 AM; Dashami upto 04:29 AM, Aug 08",Navami,Krittika upto 09:13 AM,Krittika,06:05 AM,08:07 PM,2026-08-07 04:29:00 AM EDT,Krishna Paksha,Ashadha,Shukrawara,https://www.drikpanchang.com/panchang/month-panchang.html?geoname-id=4560349&date=07/08/2026,2026-08-22T14:44:52
2.0,geoname:4560349,2026-08-08,Philadelphia,Pennsylvania,United States,America/New_York,4560349,Philadelphia,"Ekadashi upto 01:34 AM, Aug 09",Ekadashi,"Rohini upto 07:21 AM; Mrigashira upto 05:13 AM, Aug 09",Rohini,06:06 AM,08:06 PM,2026-08-08 04:30:00 AM EDT,Krishna Paksha,Ashadha,Shaniwara,https://www.drikpanchang.com/panchang/month-panchang.html?geoname-id=4560349&date=08/08/2026,2026-08-22T14:44:41
2.0,geoname:4560349,2026-08-09,Philadelphia,Pennsylvania,United States,America/New_York,4560349,Philadelphia,Dwadashi upto 10:30 PM,Dwadashi,"Ardra upto 02:56 AM, Aug 10",Ardra,06:07 AM,08:05 PM,2026-08-09 04:31:00 AM EDT,Krishna Paksha,Ashadha,Raviwara,https://www.drikpanchang.com/panchang/month-panchang.html?geoname-id=4560349&date=09/08/2026,2026-08-22T14:45:02
2.0,geoname:4560349,2026-08-22,Philadelphia,Pennsylvania,United States,America/New_York,4560349,Philadelphia,Dashami upto 04:30 PM,Dashami,Mula upto Full Night,Mula,06:19 AM,07:47 PM,2026-08-22 04:43:00 AM EDT,Shukla Paksha,Shravana,Shaniwara,https://www.drikpanchang.com/panchang/month-panchang.html?geoname-id=4560349&date=22/08/2026,2026-08-22T16:33:18
2.0,geoname:4560349,2026-08-23,Philadelphia,Pennsylvania,United States,America/New_York,4560349,Philadelphia,Ekadashi upto 06:48 PM,Ekadashi,Mula upto 08:14 AM,Mula,06:20 AM,07:46 PM,2026-08-23 04:44:00 AM EDT,Shukla Paksha,Shravana,Raviwara,https://www.drikpanchang.com/panchang/month-panchang.html?geoname-id=4560349&date=23/08/2026,2026-08-22T16:33:08
2.0,geoname:4560349,2026-08-24,Philadelphia,Pennsylvania,United States,America/New_York,4560349,Philadelphia,Dwadashi upto 08:50 PM,Dwadashi,Purva Ashadha upto 10:58 AM,Purva Ashadha,06:21 AM,07:44 PM,2026-08-24 04:45:00 AM EDT,Shukla Paksha,Shravana,Somawara,https://www.drikpanchang.com/panchang/month-panchang.html?geoname-id=4560349&date=24/08/2026,2026-08-22T16:33:29
2.0,geoname:4634946,2026-08-07,Knoxville,Tennessee,United States,America/New_York,4634946,Knoxville,"Navami upto 07:06 AM; Dashami upto 04:29 AM, Aug 08",Navami,Krittika upto 09:13 AM,Krittika,06:48 AM,08:34 PM,2026-08-07 05:12:00 AM EDT,Krishna Paksha,Ashadha,Shukrawara,https://www.drikpanchang.com/panchang/month-panchang.html?geoname-id=4634946&date=07/08/2026,2026-08-22T14:48:54
2.0,geoname:4634946,2026-08-08,Knoxville,Tennessee,United States,America/New_York,4634946,Knoxville,"Ekadashi upto 01:34 AM, Aug 09",Ekadashi,"Rohini upto 07:21 AM; Mrigashira upto 05:13 AM, Aug 09",Rohini,06:49 AM,08:33 PM,2026-08-08 05:13:00 AM EDT,Krishna Paksha,Ashadha,Shaniwara,https://www.drikpanchang.com/panchang/month-panchang.html?geoname-id=4634946&date=08/08/2026,2026-08-22T14:48:43
2.0,geoname:4634946,2026-08-09,Knoxville,Tennessee,United States,America/New_York,4634946,Knoxville,Dwadashi upto 10:30 PM,Dwadashi,"Ardra upto 02:56 AM, Aug 10",Ardra,06:50 AM,08:32 PM,2026-08-09 05:14:00 AM EDT,Krishna Paksha,Ashadha,Raviwara,https://www.drikpanchang.com/panchang/month-panchang.html?geoname-id=4634946&date=09/08/2026,2026-08-22T14:49:04
2.0,geoname:4634946,2026-08-22,Knoxville,Tennessee,United States,America/New_York,4634946,Knoxville,Dashami upto 04:30 PM,Dashami,Mula upto Full Night,Mula,07:00 AM,08:17 PM,2026-08-22 05:24:00 AM EDT,Shukla Paksha,Shravana,Shaniwara,https://www.drikpanchang.com/panchang/month-panchang.html?geoname-id=4634946&date=22/08/2026,2026-08-22T16:37:10
2.0,geoname:4634946,2026-08-23,Knoxville,Tennessee,United States,America/New_York,4634946,Knoxville,Ekadashi upto 06:48 PM,Ekadashi,Mula upto 08:14 AM,Mula,07:01 AM,08:15 PM,2026-08-23 05:25:00 AM EDT,Shukla Paksha,Shravana,Raviwara,https://www.drikpanchang.com/panchang/month-panchang.html?geoname-id=4634946&date=23/08/2026,2026-08-22T16:36:59
2.0,geoname:4634946,2026-08-24,Knoxville,Tennessee,United States,America/New_York,4634946,Knoxville,Dwadashi upto 08:50 PM,Dwadashi,Purva Ashadha upto 10:58 AM,Purva Ashadha,07:01 AM,08:14 PM,2026-08-24 05:25:00 AM EDT,Shukla Paksha,Shravana,Somawara,https://www.drikpanchang.com/panchang/month-panchang.html?geoname-id=4634946&date=24/08/2026,2026-08-22T16:37:20
2.0,geoname:4644585,2026-08-07,Nashville,Tennessee,United States,America/Chicago,4644585,Nashville,"Navami upto 06:06 AM; Dashami upto 03:29 AM, Aug 08",Navami,Krittika upto 08:13 AM,Krittika,05:59 AM,07:46 PM,2026-08-07 04:23:00 AM CDT,Krishna Paksha,Ashadha,Shukrawara,https://www.drikpanchang.com/panchang/month-panchang.html?geoname-id=4644585&date=07/08/2026,2026-08-22T14:49:25
2.0,geoname:4644585,2026-08-08,Nashville,Tennessee,United States,America/Chicago,4644585,Nashville,"Ekadashi upto 12:34 AM, Aug 09",Ekadashi,"Rohini upto 06:21 AM; Mrigashira upto 04:13 AM, Aug 09",Rohini,06:00 AM,07:45 PM,2026-08-08 04:24:00 AM CDT,Krishna Paksha,Ashadha,Shaniwara,https://www.drikpanchang.com/panchang/month-panchang.html?geoname-id=4644585&date=08/08/2026,2026-08-22T14:49:15
2.0,geoname:4644585,2026-08-09,Nashville,Tennessee,United States,America/Chicago,4644585,Nashville,Dwadashi upto 09:30 PM,Dwadashi,"Ardra upto 01:56 AM, Aug 10",Ardra,06:01 AM,07:44 PM,2026-08-09 04:25:00 AM CDT,Krishna Paksha,Ashadha,Raviwara,https://www.drikpanchang.com/panchang/month-panchang.html?geoname-id=4644585&date=09/08/2026,2026-08-22T14:49:35
2.0,geoname:4644585,2026-08-22,Nashville,Tennessee,United States,America/Chicago,4644585,Nashville,Dashami upto 03:30 PM,Dashami,Mula upto Full Night,Mula,06:11 AM,07:28 PM,2026-08-22 04:35:00 AM CDT,Shukla Paksha,Shravana,Shaniwara,https://www.drikpanchang.com/panchang/month-panchang.html?geoname-id=4644585&date=22/08/2026,2026-08-22T16:37:42
2.0,geoname:4644585,2026-08-23,Nashville,Tennessee,United States,America/Chicago,4644585,Nashville,Ekadashi upto 05:48 PM,Ekadashi,Mula upto 07:14 AM,Mula,06:12 AM,07:27 PM,2026-08-23 04:36:00 AM CDT,Shukla Paksha,Shravana,Raviwara,https://www.drikpanchang.com/panchang/month-panchang.html?geoname-id=4644585&date=23/08/2026,2026-08-22T16:37:32
2.0,geoname:4644585,2026-08-24,Nashville,Tennessee,United States,America/Chicago,4644585,Nashville,Dwadashi upto 07:50 PM,Dwadashi,Purva Ashadha upto 09:58 AM,Purva Ashadha,06:13 AM,07:26 PM,2026-08-24 04:37:00 AM CDT,Shukla Paksha,Shravana,Somawara,https://www.drikpanchang.com/panchang/month-panchang.html?geoname-id=4644585&date=24/08/2026,2026-08-22T16:37:53
2.0,geoname:4684888,2026-08-07,Dallas,Texas,United States,America/Chicago,4684888,Dallas,"Dashami upto 03:29 AM, Aug 08",Dashami,"Krittika upto 08:13 AM; Rohini upto 06:21 AM, Aug 08",Krittika,06:45 AM,08:20 PM,2026-08-07 05:09:00 AM CDT,Krishna Paksha,Ashadha,Shukrawara,https://www.drikpanchang.com/panchang/month-panchang.html?geoname-id=4684888&date=07/08/2026,2026-08-22T14:33:52
2.0,geoname:4684888,2026-08-08,Dallas,Texas,United States,America/Chicago,4684888,Dallas,"Ekadashi upto 12:34 AM, Aug 09",Ekadashi,"Mrigashira upto 04:13 AM, Aug 09",Mrigashirsha,06:46 AM,08:19 PM,2026-08-08 05:10:00 AM CDT,Krishna Paksha,Ashadha,Shaniwara,https://www.drikpanchang.com/panchang/month-panchang.html?geoname-id=4684888&date=08/08/2026,2026-08-22T14:33:41
2.0,geoname:4684888,2026-08-09,Dallas,Texas,United States,America/Chicago,4684888,Dallas,Dwadashi upto 09:30 PM,Dwadashi,"Ardra upto 01:56 AM, Aug 10",Ardra,06:47 AM,08:18 PM,2026-08-09 05:11:00 AM CDT,Krishna Paksha,Ashadha,Raviwara,https://www.drikpanchang.com/panchang/month-panchang.html?geoname-id=4684888&date=09/08/2026,2026-08-22T14:34:02
2.0,geoname:4684888,2026-08-22,Dallas,Texas,United States,America/Chicago,4684888,Dallas,Dashami upto 03:30 PM,Dashami,Mula upto Full Night,Mula,06:56 AM,08:04 PM,2026-08-22 05:20:00 AM CDT,Shukla Paksha,Shravana,Shaniwara,https://www.drikpanchang.com/panchang/month-panchang.html?geoname-id=4684888&date=22/08/2026,2026-08-22T16:16:22
2.0,geoname:4684888,2026-08-23,Dallas,Texas,United States,America/Chicago,4684888,Dallas,Ekadashi upto 05:48 PM,Ekadashi,Mula upto 07:14 AM,Mula,06:56 AM,08:03 PM,2026-08-23 05:20:00 AM CDT,Shukla Paksha,Shravana,Raviwara,https://www.drikpanchang.com/panchang/month-panchang.html?geoname-id=4684888&date=23/08/2026,2026-08-22T16:16:11
2.0,geoname:4684888,2026-08-24,Dallas,Texas,United States,America/Chicago,4684888,Dallas,Dwadashi upto 07:50 PM,Dwadashi,Purva Ashadha upto 09:58 AM,Purva Ashadha,06:57 AM,08:02 PM,2026-08-24 05:21:00 AM CDT,Shukla Paksha,Shravana,Somawara,https://www.drikpanchang.com/panchang/month-panchang.html?geoname-id=4684888&date=24/08/2026,2026-08-22T16:16:32
2.0,geoname:4699066,2026-08-07,Houston,Texas,United States,America/Chicago,4699066,Houston,"Dashami upto 03:29 AM, Aug 08",Dashami,"Krittika upto 08:13 AM; Rohini upto 06:21 AM, Aug 08",Krittika,06:45 AM,08:09 PM,2026-08-07 05:09:00 AM CDT,Krishna Paksha,Ashadha,Shukrawara,https://www.drikpanchang.com/panchang/month-panchang.html?geoname-id=4699066&date=07/08/2026,2026-08-22T14:34:23
2.0,geoname:4699066,2026-08-08,Houston,Texas,United States,America/Chicago,4699066,Houston,"Ekadashi upto 12:34 AM, Aug 09",Ekadashi,"Mrigashira upto 04:13 AM, Aug 09",Mrigashirsha,06:45 AM,08:09 PM,2026-08-08 05:09:00 AM CDT,Krishna Paksha,Ashadha,Shaniwara,https://www.drikpanchang.com/panchang/month-panchang.html?geoname-id=4699066&date=08/08/2026,2026-08-22T14:34:13
2.0,geoname:4699066,2026-08-09,Houston,Texas,United States,America/Chicago,4699066,Houston,Dwadashi upto 09:30 PM,Dwadashi,"Ardra upto 01:56 AM, Aug 10",Ardra,06:46 AM,08:08 PM,2026-08-09 05:10:00 AM CDT,Krishna Paksha,Ashadha,Raviwara,https://www.drikpanchang.com/panchang/month-panchang.html?geoname-id=4699066&date=09/08/2026,2026-08-22T14:34:34
2.0,geoname:4699066,2026-08-22,Houston,Texas,United States,America/Chicago,4699066,Houston,Dashami upto 03:30 PM,Dashami,Mula upto Full Night,Mula,06:53 AM,07:55 PM,2026-08-22 05:17:00 AM CDT,Shukla Paksha,Shravana,Shaniwara,https://www.drikpanchang.com/panchang/month-panchang.html?geoname-id=4699066&date=22/08/2026,2026-08-22T16:16:55
2.0,geoname:4699066,2026-08-23,Houston,Texas,United States,America/Chicago,4699066,Houston,Ekadashi upto 05:48 PM,Ekadashi,Mula upto 07:14 AM,Mula,06:54 AM,07:54 PM,2026-08-23 05:18:00 AM CDT,Shukla Paksha,Shravana,Raviwara,https://www.drikpanchang.com/panchang/month-panchang.html?geoname-id=4699066&date=23/08/2026,2026-08-22T16:16:44
2.0,geoname:4699066,2026-08-24,Houston,Texas,United States,America/Chicago,4699066,Houston,Dwadashi upto 07:50 PM,Dwadashi,Purva Ashadha upto 09:58 AM,Purva Ashadha,06:54 AM,07:53 PM,2026-08-24 05:18:00 AM CDT,Shukla Paksha,Shravana,Somawara,https://www.drikpanchang.com/panchang/month-panchang.html?geoname-id=4699066&date=24/08/2026,2026-08-22T16:17:06
2.0,geoname:4781708,2026-08-07,Richmond,Virginia,United States,America/New_York,4781708,Richmond,"Navami upto 07:06 AM; Dashami upto 04:29 AM, Aug 08",Navami,Krittika upto 09:13 AM,Krittika,06:19 AM,08:12 PM,2026-08-07 04:43:00 AM EDT,Krishna Paksha,Ashadha,Shukrawara,https://www.drikpanchang.com/panchang/month-panchang.html?geoname-id=4781708&date=07/08/2026,2026-08-22T14:43:49
2.0,geoname:4781708,2026-08-08,Richmond,Virginia,United States,America/New_York,4781708,Richmond,"Ekadashi upto 01:34 AM, Aug 09",Ekadashi,"Rohini upto 07:21 AM; Mrigashira upto 05:13 AM, Aug 09",Rohini,06:20 AM,08:11 PM,2026-08-08 04:44:00 AM EDT,Krishna Paksha,Ashadha,Shaniwara,https://www.drikpanchang.com/panchang/month-panchang.html?geoname-id=4781708&date=08/08/2026,2026-08-22T14:43:38
2.0,geoname:4781708,2026-08-09,Richmond,Virginia,United States,America/New_York,4781708,Richmond,Dwadashi upto 10:30 PM,Dwadashi,"Ardra upto 02:56 AM, Aug 10",Ardra,06:21 AM,08:09 PM,2026-08-09 04:45:00 AM EDT,Krishna Paksha,Ashadha,Raviwara,https://www.drikpanchang.com/panchang/month-panchang.html?geoname-id=4781708&date=09/08/2026,2026-08-22T14:43:59
2.0,geoname:4781708,2026-08-22,Richmond,Virginia,United States,America/New_York,4781708,Richmond,Dashami upto 04:30 PM,Dashami,Mula upto Full Night,Mula,06:32 AM,07:53 PM,2026-08-22 04:56:00 AM EDT,Shukla Paksha,Shravana,Shaniwara,https://www.drikpanchang.com/panchang/month-panchang.html?geoname-id=4781708&date=22/08/2026,2026-08-22T16:32:13
2.0,geoname:4781708,2026-08-23,Richmond,Virginia,United States,America/New_York,4781708,Richmond,Ekadashi upto 06:48 PM,Ekadashi,Mula upto 08:14 AM,Mula,06:33 AM,07:52 PM,2026-08-23 04:57:00 AM EDT,Shukla Paksha,Shravana,Raviwara,https://www.drikpanchang.com/panchang/month-panchang.html?geoname-id=4781708&date=23/08/2026,2026-08-22T16:32:02
2.0,geoname:4781708,2026-08-24,Richmond,Virginia,United States,America/New_York,4781708,Richmond,Dwadashi upto 08:50 PM,Dwadashi,Purva Ashadha upto 10:58 AM,Purva Ashadha,06:34 AM,07:50 PM,2026-08-24 04:58:00 AM EDT,Shukla Paksha,Shravana,Somawara,https://www.drikpanchang.com/panchang/month-panchang.html?geoname-id=4781708&date=24/08/2026,2026-08-22T16:32:23
2.0,geoname:4887398,2026-08-07,Chicago,Illinois,United States,America/Chicago,4887398,Chicago,"Navami upto 06:06 AM; Dashami upto 03:29 AM, Aug 08",Navami,Krittika upto 08:13 AM,Krittika,05:51 AM,08:01 PM,2026-08-07 04:15:00 AM CDT,Krishna Paksha,Ashadha,Shukrawara,https://www.drikpanchang.com/panchang/month-panchang.html?geoname-id=4887398&date=07/08/2026,2026-08-22T14:33:20
2.0,geoname:4887398,2026-08-08,Chicago,Illinois,United States,America/Chicago,4887398,Chicago,"Ekadashi upto 12:34 AM, Aug 09",Ekadashi,"Rohini upto 06:21 AM; Mrigashira upto 04:13 AM, Aug 09",Rohini,05:52 AM,08:00 PM,2026-08-08 04:16:00 AM CDT,Krishna Paksha,Ashadha,Shaniwara,https://www.drikpanchang.com/panchang/month-panchang.html?geoname-id=4887398&date=08/08/2026,2026-08-22T14:33:10
2.0,geoname:4887398,2026-08-09,Chicago,Illinois,United States,America/Chicago,4887398,Chicago,Dwadashi upto 09:30 PM,Dwadashi,"Ardra upto 01:56 AM, Aug 10",Ardra,05:53 AM,07:59 PM,2026-08-09 04:17:00 AM CDT,Krishna Paksha,Ashadha,Raviwara,https://www.drikpanchang.com/panchang/month-panchang.html?geoname-id=4887398&date=09/08/2026,2026-08-22T14:33:30
2.0,geoname:4887398,2026-08-22,Chicago,Illinois,United States,America/Chicago,4887398,Chicago,Dashami upto 03:30 PM,Dashami,Mula upto Full Night,Mula,06:06 AM,07:40 PM,2026-08-22 04:30:00 AM CDT,Shukla Paksha,Shravana,Shaniwara,https://www.drikpanchang.com/panchang/month-panchang.html?geoname-id=4887398&date=22/08/2026,2026-08-22T16:15:49
2.0,geoname:4887398,2026-08-23,Chicago,Illinois,United States,America/Chicago,4887398,Chicago,Ekadashi upto 05:48 PM,Ekadashi,Mula upto 07:14 AM,Mula,06:07 AM,07:38 PM,2026-08-23 04:31:00 AM CDT,Shukla Paksha,Shravana,Raviwara,https://www.drikpanchang.com/panchang/month-panchang.html?geoname-id=4887398&date=23/08/2026,2026-08-22T16:15:38
2.0,geoname:4887398,2026-08-24,Chicago,Illinois,United States,America/Chicago,4887398,Chicago,Dwadashi upto 07:50 PM,Dwadashi,Purva Ashadha upto 09:58 AM,Purva Ashadha,06:08 AM,07:37 PM,2026-08-24 04:32:00 AM CDT,Shukla Paksha,Shravana,Somawara,https://www.drikpanchang.com/panchang/month-panchang.html?geoname-id=4887398&date=24/08/2026,2026-08-22T16:15:59
2.0,geoname:4922462,2026-08-07,Lafayette,Indiana,United States,America/Indiana/Indianapolis,4922462,Lafayette,"Navami upto 07:06 AM; Dashami upto 04:29 AM, Aug 08",Navami,Krittika upto 09:13 AM,Krittika,06:51 AM,08:55 PM,2026-08-07 05:15:00 AM EDT,Krishna Paksha,Ashadha,Shukrawara,https://www.drikpanchang.com/panchang/month-panchang.html?geoname-id=4922462&date=07/08/2026,2026-08-22T14:32:49
2.0,geoname:4922462,2026-08-08,Lafayette,Indiana,United States,America/Indiana/Indianapolis,4922462,Lafayette,"Ekadashi upto 01:34 AM, Aug 09",Ekadashi,"Rohini upto 07:21 AM; Mrigashira upto 05:13 AM, Aug 09",Rohini,06:52 AM,08:54 PM,2026-08-08 05:16:00 AM EDT,Krishna Paksha,Ashadha,Shaniwara,https://www.drikpanchang.com/panchang/month-panchang.html?geoname-id=4922462&date=08/08/2026,2026-08-22T14:32:38
2.0,geoname:4922462,2026-08-09,Lafayette,Indiana,United States,America/Indiana/Indianapolis,4922462,Lafayette,Dwadashi upto 10:30 PM,Dwadashi,"Ardra upto 02:56 AM, Aug 10",Ardra,06:53 AM,08:53 PM,2026-08-09 05:17:00 AM EDT,Krishna Paksha,Ashadha,Raviwara,https://www.drikpanchang.com/panchang/month-panchang.html?geoname-id=4922462&date=09/08/2026,2026-08-22T14:32:59
2.0,geoname:4922462,2026-08-22,Lafayette,Indiana,United States,America/Indiana/Indianapolis,4922462,Lafayette,Dashami upto 04:30 PM,Dashami,Mula upto Full Night,Mula,07:05 AM,08:35 PM,2026-08-22 05:29:00 AM EDT,Shukla Paksha,Shravana,Shaniwara,https://www.drikpanchang.com/panchang/month-panchang.html?geoname-id=4922462&date=22/08/2026,2026-08-22T16:15:16
2.0,geoname:4922462,2026-08-23,Lafayette,Indiana,United States,America/Indiana/Indianapolis,4922462,Lafayette,Ekadashi upto 06:48 PM,Ekadashi,Mula upto 08:14 AM,Mula,07:06 AM,08:33 PM,2026-08-23 05:30:00 AM EDT,Shukla Paksha,Shravana,Raviwara,https://www.drikpanchang.com/panchang/month-panchang.html?geoname-id=4922462&date=23/08/2026,2026-08-22T16:15:05
2.0,geoname:4922462,2026-08-24,Lafayette,Indiana,United States,America/Indiana/Indianapolis,4922462,Lafayette,Dwadashi upto 08:50 PM,Dwadashi,Purva Ashadha upto 10:58 AM,Purva Ashadha,07:07 AM,08:32 PM,2026-08-24 05:31:00 AM EDT,Shukla Paksha,Shravana,Somawara,https://www.drikpanchang.com/panchang/month-panchang.html?geoname-id=4922462&date=24/08/2026,2026-08-22T16:15:26
2.0,geoname:5099836,2026-08-07,New Jersey,New Jersey,United States,America/New_York,5099836,New Jersey,"Navami upto 07:06 AM; Dashami upto 04:29 AM, Aug 08",Navami,Krittika upto 09:13 AM,Krittika,05:59 AM,08:05 PM,2026-08-07 04:23:00 AM EDT,Krishna Paksha,Ashadha,Shukrawara,https://www.drikpanchang.com/panchang/month-panchang.html?geoname-id=5099836&date=07/08/2026,2026-08-22T14:46:06
2.0,geoname:5099836,2026-08-08,New Jersey,New Jersey,United States,America/New_York,5099836,New Jersey,"Ekadashi upto 01:34 AM, Aug 09",Ekadashi,"Rohini upto 07:21 AM; Mrigashira upto 05:13 AM, Aug 09",Rohini,06:00 AM,08:03 PM,2026-08-08 04:24:00 AM EDT,Krishna Paksha,Ashadha,Shaniwara,https://www.drikpanchang.com/panchang/month-panchang.html?geoname-id=5099836&date=08/08/2026,2026-08-22T14:45:55
2.0,geoname:5099836,2026-08-09,New Jersey,New Jersey,United States,America/New_York,5099836,New Jersey,Dwadashi upto 10:30 PM,Dwadashi,"Ardra upto 02:56 AM, Aug 10",Ardra,06:01 AM,08:02 PM,2026-08-09 04:25:00 AM EDT,Krishna Paksha,Ashadha,Raviwara,https://www.drikpanchang.com/panchang/month-panchang.html?geoname-id=5099836&date=09/08/2026,2026-08-22T14:46:16
2.0,geoname:5099836,2026-08-10,New Jersey,New Jersey,United States,America/New_York,5099836,New Jersey,Trayodashi upto 07:24 PM,Trayodashi,"Punarvasu upto 12:39 AM, Aug 11",Punarvasu,06:02 AM,08:01 PM,2026-08-10 04:26:00 AM EDT,Krishna Paksha,Ashadha,Somawara,https://www.drikpanchang.com/panchang/month-panchang.html?geoname-id=5099836&date=10/08/2026,2026-08-22T14:46:26
2.0,geoname:5099836,2026-08-22,New Jersey,New Jersey,United States,America/New_York,5099836,New Jersey,Dashami upto 04:30 PM,Dashami,Mula upto Full Night,Mula,06:14 AM,07:44 PM,2026-08-22 04:38:00 AM EDT,Shukla Paksha,Shravana,Shaniwara,https://www.drikpanchang.com/panchang/month-panchang.html?geoname-id=5099836&date=22/08/2026,2026-08-22T16:34:24
2.0,geoname:5099836,2026-08-23,New Jersey,New Jersey,United States,America/New_York,5099836,New Jersey,Ekadashi upto 06:48 PM,Ekadashi,Mula upto 08:14 AM,Mula,06:15 AM,07:43 PM,2026-08-23 04:39:00 AM EDT,Shukla Paksha,Shravana,Raviwara,https://www.drikpanchang.com/panchang/month-panchang.html?geoname-id=5099836&date=23/08/2026,2026-08-22T16:34:14
2.0,geoname:5099836,2026-08-24,New Jersey,New Jersey,United States,America/New_York,5099836,New Jersey,Dwadashi upto 08:50 PM,Dwadashi,Purva Ashadha upto 10:58 AM,Purva Ashadha,06:16 AM,07:41 PM,2026-08-24 04:40:00 AM EDT,Shukla Paksha,Shravana,Somawara,https://www.drikpanchang.com/panchang/month-panchang.html?geoname-id=5099836&date=24/08/2026,2026-08-22T16:34:35
2.0,geoname:5108728,2026-08-07,Belfast,New York,United States,America/New_York,5108728,Belfast,"Navami upto 07:06 AM; Dashami upto 04:29 AM, Aug 08",Navami,Krittika upto 09:13 AM,Krittika,06:11 AM,08:24 PM,2026-08-07 04:35:00 AM EDT,Krishna Paksha,Ashadha,Shukrawara,https://www.drikpanchang.com/panchang/month-panchang.html?geoname-id=5108728&date=07/08/2026,2026-08-22T14:01:01
2.0,geoname:5108728,2026-08-08,Belfast,New York,United States,America/New_York,5108728,Belfast,"Ekadashi upto 01:34 AM, Aug 09",Ekadashi,"Rohini upto 07:21 AM; Mrigashira upto 05:13 AM, Aug 09",Rohini,06:12 AM,08:23 PM,2026-08-08 04:36:00 AM EDT,Krishna Paksha,Ashadha,Shaniwara,https://www.drikpanchang.com/panchang/month-panchang.html?geoname-id=5108728&date=08/08/2026,2026-08-22T14:00:50
2.0,geoname:5108728,2026-08-09,Belfast,New York,United States,America/New_York,5108728,Belfast,Dwadashi upto 10:30 PM,Dwadashi,"Ardra upto 02:56 AM, Aug 10",Ardra,06:13 AM,08:21 PM,2026-08-09 04:37:00 AM EDT,Krishna Paksha,Ashadha,Raviwara,https://www.drikpanchang.com/panchang/month-panchang.html?geoname-id=5108728&date=09/08/2026,2026-08-22T14:01:11
2.0,geoname:5108728,2026-08-22,Belfast,New York,United States,America/New_York,5108728,Belfast,Dashami upto 04:30 PM,Dashami,Mula upto Full Night,Mula,06:27 AM,08:02 PM,2026-08-22 04:51:00 AM EDT,Shukla Paksha,Shravana,Shaniwara,https://www.drikpanchang.com/panchang/month-panchang.html?geoname-id=5108728&date=22/08/2026,2026-08-22T15:34:01
2.0,geoname:5108728,2026-08-23,Belfast,New York,United States,America/New_York,5108728,Belfast,Ekadashi upto 06:48 PM,Ekadashi,Mula upto 08:14 AM,Mula,06:28 AM,08:01 PM,2026-08-23 04:52:00 AM EDT,Shukla Paksha,Shravana,Raviwara,https://www.drikpanchang.com/panchang/month-panchang.html?geoname-id=5108728&date=23/08/2026,2026-08-22T15:33:50
2.0,geoname:5108728,2026-08-24,Belfast,New York,United States,America/New_York,5108728,Belfast,Dwadashi upto 08:50 PM,Dwadashi,Purva Ashadha upto 10:58 AM,Purva Ashadha,06:29 AM,07:59 PM,2026-08-24 04:53:00 AM EDT,Shukla Paksha,Shravana,Somawara,https://www.drikpanchang.com/panchang/month-panchang.html?geoname-id=5108728&date=24/08/2026,2026-08-22T15:34:11
2.0,geoname:5110629,2026-08-07,Buffalo,New York,United States,America/New_York,5110629,Buffalo,"Navami upto 07:06 AM; Dashami upto 04:29 AM, Aug 08",Navami,Krittika upto 09:13 AM,Krittika,06:13 AM,08:29 PM,2026-08-07 04:37:00 AM EDT,Krishna Paksha,Ashadha,Shukrawara,https://www.drikpanchang.com/panchang/month-panchang.html?geoname-id=5110629&date=07/08/2026,2026-08-22T14:46:48
2.0,geoname:5110629,2026-08-08,Buffalo,New York,United States,America/New_York,5110629,Buffalo,"Ekadashi upto 01:34 AM, Aug 09",Ekadashi,"Rohini upto 07:21 AM; Mrigashira upto 05:13 AM, Aug 09",Rohini,06:14 AM,08:27 PM,2026-08-08 04:38:00 AM EDT,Krishna Paksha,Ashadha,Shaniwara,https://www.drikpanchang.com/panchang/month-panchang.html?geoname-id=5110629&date=08/08/2026,2026-08-22T14:46:37
2.0,geoname:5110629,2026-08-09,Buffalo,New York,United States,America/New_York,5110629,Buffalo,Dwadashi upto 10:30 PM,Dwadashi,"Ardra upto 02:56 AM, Aug 10",Ardra,06:15 AM,08:26 PM,2026-08-09 04:39:00 AM EDT,Krishna Paksha,Ashadha,Raviwara,https://www.drikpanchang.com/panchang/month-panchang.html?geoname-id=5110629&date=09/08/2026,2026-08-22T14:46:58
2.0,geoname:5110629,2026-08-22,Buffalo,New York,United States,America/New_York,5110629,Buffalo,Dashami upto 04:30 PM,Dashami,Mula upto Full Night,Mula,06:29 AM,08:07 PM,2026-08-22 04:53:00 AM EDT,Shukla Paksha,Shravana,Shaniwara,https://www.drikpanchang.com/panchang/month-panchang.html?geoname-id=5110629&date=22/08/2026,2026-08-22T16:34:57
2.0,geoname:5110629,2026-08-23,Buffalo,New York,United States,America/New_York,5110629,Buffalo,Ekadashi upto 06:48 PM,Ekadashi,Mula upto 08:14 AM,Mula,06:31 AM,08:05 PM,2026-08-23 04:55:00 AM EDT,Shukla Paksha,Shravana,Raviwara,https://www.drikpanchang.com/panchang/month-panchang.html?geoname-id=5110629&date=23/08/2026,2026-08-22T16:34:47
2.0,geoname:5110629,2026-08-24,Buffalo,New York,United States,America/New_York,5110629,Buffalo,Dwadashi upto 08:50 PM,Dwadashi,Purva Ashadha upto 10:58 AM,Purva Ashadha,06:32 AM,08:03 PM,2026-08-24 04:56:00 AM EDT,Shukla Paksha,Shravana,Somawara,https://www.drikpanchang.com/panchang/month-panchang.html?geoname-id=5110629&date=24/08/2026,2026-08-22T16:35:08
2.0,geoname:5119251,2026-08-07,Greece,New York,United States,America/New_York,5119251,Greece,"Navami upto 07:06 AM; Dashami upto 04:29 AM, Aug 08",Navami,Krittika upto 09:13 AM,Krittika,06:08 AM,08:25 PM,2026-08-07 04:32:00 AM EDT,Krishna Paksha,Ashadha,Shukrawara,https://www.drikpanchang.com/panchang/month-panchang.html?geoname-id=5119251&date=07/08/2026,2026-08-22T14:17:57
2.0,geoname:5119251,2026-08-08,Greece,New York,United States,America/New_York,5119251,Greece,"Ekadashi upto 01:34 AM, Aug 09",Ekadashi,"Rohini upto 07:21 AM; Mrigashira upto 05:13 AM, Aug 09",Rohini,06:09 AM,08:23 PM,2026-08-08 04:33:00 AM EDT,Krishna Paksha,Ashadha,Shaniwara,https://www.drikpanchang.com/panchang/month-panchang.html?geoname-id=5119251&date=08/08/2026,2026-08-22T14:17:47
2.0,geoname:5119251,2026-08-09,Greece,New York,United States,America/New_York,5119251,Greece,Dwadashi upto 10:30 PM,Dwadashi,"Ardra upto 02:56 AM, Aug 10",Ardra,06:10 AM,08:22 PM,2026-08-09 04:34:00 AM EDT,Krishna Paksha,Ashadha,Raviwara,https://www.drikpanchang.com/panchang/month-panchang.html?geoname-id=5119251&date=09/08/2026,2026-08-22T14:18:08
2.0,geoname:5119251,2026-08-22,Greece,New York,United States,America/New_York,5119251,Greece,Dashami upto 04:30 PM,Dashami,Mula upto Full Night,Mula,06:24 AM,08:02 PM,2026-08-22 04:48:00 AM EDT,Shukla Paksha,Shravana,Shaniwara,https://www.drikpanchang.com/panchang/month-panchang.html?geoname-id=5119251&date=22/08/2026,2026-08-22T16:02:20
2.0,geoname:5119251,2026-08-23,Greece,New York,United States,America/New_York,5119251,Greece,Ekadashi upto 06:48 PM,Ekadashi,Mula upto 08:14 AM,Mula,06:25 AM,08:01 PM,2026-08-23 04:49:00 AM EDT,Shukla Paksha,Shravana,Raviwara,https://www.drikpanchang.com/panchang/month-panchang.html?geoname-id=5119251&date=23/08/2026,2026-08-22T16:02:09
2.0,geoname:5119251,2026-08-24,Greece,New York,United States,America/New_York,5119251,Greece,Dwadashi upto 08:50 PM,Dwadashi,Purva Ashadha upto 10:58 AM,Purva Ashadha,06:26 AM,07:59 PM,2026-08-24 04:50:00 AM EDT,Shukla Paksha,Shravana,Somawara,https://www.drikpanchang.com/panchang/month-panchang.html?geoname-id=5119251&date=24/08/2026,2026-08-22T16:02:31
2.0,geoname:5128581,2026-08-07,New York,New York,United States,America/New_York,5128581,New York,"Navami upto 07:06 AM; Dashami upto 04:29 AM, Aug 08",Navami,Krittika upto 09:13 AM,Krittika,05:59 AM,08:04 PM,2026-08-07 04:23:00 AM EDT,Krishna Paksha,Ashadha,Shukrawara,https://www.drikpanchang.com/panchang/month-panchang.html?geoname-id=5128581&date=07/08/2026,2026-08-22T14:45:23
2.0,geoname:5128581,2026-08-08,New York,New York,United States,America/New_York,5128581,New York,"Ekadashi upto 01:34 AM, Aug 09",Ekadashi,"Rohini upto 07:21 AM; Mrigashira upto 05:13 AM, Aug 09",Rohini,06:00 AM,08:03 PM,2026-08-08 04:24:00 AM EDT,Krishna Paksha,Ashadha,Shaniwara,https://www.drikpanchang.com/panchang/month-panchang.html?geoname-id=5128581&date=08/08/2026,2026-08-22T14:45:13
2.0,geoname:5128581,2026-08-09,New York,New York,United States,America/New_York,5128581,New York,Dwadashi upto 10:30 PM,Dwadashi,"Ardra upto 02:56 AM, Aug 10",Ardra,06:01 AM,08:02 PM,2026-08-09 04:25:00 AM EDT,Krishna Paksha,Ashadha,Raviwara,https://www.drikpanchang.com/panchang/month-panchang.html?geoname-id=5128581&date=09/08/2026,2026-08-22T14:45:34
2.0,geoname:5128581,2026-08-10,New York,New York,United States,America/New_York,5128581,New York,Trayodashi upto 07:24 PM,Trayodashi,"Punarvasu upto 12:39 AM, Aug 11",Punarvasu,06:02 AM,08:01 PM,2026-08-10 04:26:00 AM EDT,Krishna Paksha,Ashadha,Somawara,https://www.drikpanchang.com/panchang/month-panchang.html?geoname-id=5128581&date=10/08/2026,2026-08-22T14:45:44
2.0,geoname:5128581,2026-08-22,New York,New York,United States,America/New_York,5128581,New York,Dashami upto 04:30 PM,Dashami,Mula upto Full Night,Mula,06:13 AM,07:44 PM,2026-08-22 04:37:00 AM EDT,Shukla Paksha,Shravana,Shaniwara,https://www.drikpanchang.com/panchang/month-panchang.html?geoname-id=5128581&date=22/08/2026,2026-08-22T16:33:51
2.0,geoname:5128581,2026-08-23,New York,New York,United States,America/New_York,5128581,New York,Ekadashi upto 06:48 PM,Ekadashi,Mula upto 08:14 AM,Mula,06:14 AM,07:42 PM,2026-08-23 04:38:00 AM EDT,Shukla Paksha,Shravana,Raviwara,https://www.drikpanchang.com/panchang/month-panchang.html?geoname-id=5128581&date=23/08/2026,2026-08-22T16:33:40
2.0,geoname:5128581,2026-08-24,New York,New York,United States,America/New_York,5128581,New York,Dwadashi upto 08:50 PM,Dwadashi,Purva Ashadha upto 10:58 AM,Purva Ashadha,06:15 AM,07:41 PM,2026-08-24 04:39:00 AM EDT,Shukla Paksha,Shravana,Somawara,https://www.drikpanchang.com/panchang/month-panchang.html?geoname-id=5128581&date=24/08/2026,2026-08-22T16:34:02
2.0,geoname:5131614,2026-08-07,Pittsford,New York,United States,America/New_York,5131614,Pittsford,"Navami upto 07:06 AM; Dashami upto 04:29 AM, Aug 08",Navami,Krittika upto 09:13 AM,Krittika,06:07 AM,08:24 PM,2026-08-07 04:31:00 AM EDT,Krishna Paksha,Ashadha,Shukrawara,https://www.drikpanchang.com/panchang/month-panchang.html?geoname-id=5131614&date=07/08/2026,2026-08-22T14:17:26
2.0,geoname:5131614,2026-08-08,Pittsford,New York,United States,America/New_York,5131614,Pittsford,"Ekadashi upto 01:34 AM, Aug 09",Ekadashi,"Rohini upto 07:21 AM; Mrigashira upto 05:13 AM, Aug 09",Rohini,06:08 AM,08:22 PM,2026-08-08 04:32:00 AM EDT,Krishna Paksha,Ashadha,Shaniwara,https://www.drikpanchang.com/panchang/month-panchang.html?geoname-id=5131614&date=08/08/2026,2026-08-22T14:17:15
2.0,geoname:5131614,2026-08-09,Pittsford,New York,United States,America/New_York,5131614,Pittsford,Dwadashi upto 10:30 PM,Dwadashi,"Ardra upto 02:56 AM, Aug 10",Ardra,06:09 AM,08:21 PM,2026-08-09 04:33:00 AM EDT,Krishna Paksha,Ashadha,Raviwara,https://www.drikpanchang.com/panchang/month-panchang.html?geoname-id=5131614&date=09/08/2026,2026-08-22T14:17:36
2.0,geoname:5131614,2026-08-22,Pittsford,New York,United States,America/New_York,5131614,Pittsford,Dashami upto 04:30 PM,Dashami,Mula upto Full Night,Mula,06:24 AM,08:02 PM,2026-08-22 04:48:00 AM EDT,Shukla Paksha,Shravana,Shaniwara,https://www.drikpanchang.com/panchang/month-panchang.html?geoname-id=5131614&date=22/08/2026,2026-08-22T16:01:47
2.0,geoname:5131614,2026-08-23,Pittsford,New York,United States,America/New_York,5131614,Pittsford,Ekadashi upto 06:48 PM,Ekadashi,Mula upto 08:14 AM,Mula,06:25 AM,08:00 PM,2026-08-23 04:49:00 AM EDT,Shukla Paksha,Shravana,Raviwara,https://www.drikpanchang.com/panchang/month-panchang.html?geoname-id=5131614&date=23/08/2026,2026-08-22T16:01:37
2.0,geoname:5131614,2026-08-24,Pittsford,New York,United States,America/New_York,5131614,Pittsford,Dwadashi upto 08:50 PM,Dwadashi,Purva Ashadha upto 10:58 AM,Purva Ashadha,06:26 AM,07:58 PM,2026-08-24 04:50:00 AM EDT,Shukla Paksha,Shravana,Somawara,https://www.drikpanchang.com/panchang/month-panchang.html?geoname-id=5131614&date=24/08/2026,2026-08-22T16:01:58
2.0,geoname:5134086,2026-08-07,Rochester,New York,United States,America/New_York,5134086,Rochester,"Navami upto 07:06 AM; Dashami upto 04:29 AM, Aug 08",Navami,Krittika upto 09:13 AM,Krittika,06:07 AM,08:24 PM,2026-08-07 04:31:00 AM EDT,Krishna Paksha,Ashadha,Shukrawara,https://www.drikpanchang.com/panchang/month-panchang.html?geoname-id=5134086&date=07/08/2026,2026-08-22T14:31:35
2.0,geoname:5134086,2026-08-08,Rochester,New York,United States,America/New_York,5134086,Rochester,"Ekadashi upto 01:34 AM, Aug 09",Ekadashi,"Rohini upto 07:21 AM; Mrigashira upto 05:13 AM, Aug 09",Rohini,06:09 AM,08:23 PM,2026-08-08 04:33:00 AM EDT,Krishna Paksha,Ashadha,Shaniwara,https://www.drikpanchang.com/panchang/month-panchang.html?geoname-id=5134086&date=08/08/2026,2026-08-22T14:31:24
2.0,geoname:5134086,2026-08-09,Rochester,New York,United States,America/New_York,5134086,Rochester,Dwadashi upto 10:30 PM,Dwadashi,"Ardra upto 02:56 AM, Aug 10",Ardra,06:10 AM,08:22 PM,2026-08-09 04:34:00 AM EDT,Krishna Paksha,Ashadha,Raviwara,https://www.drikpanchang.com/panchang/month-panchang.html?geoname-id=5134086&date=09/08/2026,2026-08-22T14:31:45
2.0,geoname:5134086,2026-08-22,Rochester,New York,United States,America/New_York,5134086,Rochester,Dashami upto 04:30 PM,Dashami,Mula upto Full Night,Mula,06:24 AM,08:02 PM,2026-08-22 04:48:00 AM EDT,Shukla Paksha,Shravana,Shaniwara,https://www.drikpanchang.com/panchang/month-panchang.html?geoname-id=5134086&date=22/08/2026,2026-08-22T16:14:10
2.0,geoname:5134086,2026-08-23,Rochester,New York,United States,America/New_York,5134086,Rochester,Ekadashi upto 06:48 PM,Ekadashi,Mula upto 08:14 AM,Mula,06:25 AM,08:00 PM,2026-08-23 04:49:00 AM EDT,Shukla Paksha,Shravana,Raviwara,https://www.drikpanchang.com/panchang/month-panchang.html?geoname-id=5134086&date=23/08/2026,2026-08-22T16:13:59
2.0,geoname:5134086,2026-08-24,Rochester,New York,United States,America/New_York,5134086,Rochester,Dwadashi upto 08:50 PM,Dwadashi,Purva Ashadha upto 10:58 AM,Purva Ashadha,06:26 AM,07:59 PM,2026-08-24 04:50:00 AM EDT,Shukla Paksha,Shravana,Somawara,https://www.drikpanchang.com/panchang/month-panchang.html?geoname-id=5134086&date=24/08/2026,2026-08-22T16:14:20
2.0,geoname:5139865,2026-08-07,Stonybrook,New York,United States,America/New_York,5139865,Stonybrook,"Navami upto 07:06 AM; Dashami upto 04:29 AM, Aug 08",Navami,Krittika upto 09:13 AM,Krittika,05:55 AM,08:01 PM,2026-08-07 04:19:00 AM EDT,Krishna Paksha,Ashadha,Shukrawara,https://www.drikpanchang.com/panchang/month-panchang.html?geoname-id=5139865&date=07/08/2026,2026-08-22T14:32:07
2.0,geoname:5139865,2026-08-08,Stonybrook,New York,United States,America/New_York,5139865,Stonybrook,"Ekadashi upto 01:34 AM, Aug 09",Ekadashi,"Rohini upto 07:21 AM; Mrigashira upto 05:13 AM, Aug 09",Rohini,05:56 AM,08:00 PM,2026-08-08 04:20:00 AM EDT,Krishna Paksha,Ashadha,Shaniwara,https://www.drikpanchang.com/panchang/month-panchang.html?geoname-id=5139865&date=08/08/2026,2026-08-22T14:31:56
2.0,geoname:5139865,2026-08-09,Stonybrook,New York,United States,America/New_York,5139865,Stonybrook,Dwadashi upto 10:30 PM,Dwadashi,"Ardra upto 02:56 AM, Aug 10",Ardra,05:57 AM,07:59 PM,2026-08-09 04:21:00 AM EDT,Krishna Paksha,Ashadha,Raviwara,https://www.drikpanchang.com/panchang/month-panchang.html?geoname-id=5139865&date=09/08/2026,2026-08-22T14:32:17
2.0,geoname:5139865,2026-08-10,Stonybrook,New York,United States,America/New_York,5139865,Stonybrook,Trayodashi upto 07:24 PM,Trayodashi,"Punarvasu upto 12:39 AM, Aug 11",Punarvasu,05:58 AM,07:58 PM,2026-08-10 04:22:00 AM EDT,Krishna Paksha,Ashadha,Somawara,https://www.drikpanchang.com/panchang/month-panchang.html?geoname-id=5139865&date=10/08/2026,2026-08-22T14:32:27
2.0,geoname:5139865,2026-08-22,Stonybrook,New York,United States,America/New_York,5139865,Stonybrook,Dashami upto 04:30 PM,Dashami,Mula upto Full Night,Mula,06:10 AM,07:41 PM,2026-08-22 04:34:00 AM EDT,Shukla Paksha,Shravana,Shaniwara,https://www.drikpanchang.com/panchang/month-panchang.html?geoname-id=5139865&date=22/08/2026,2026-08-22T16:14:42
2.0,geoname:5139865,2026-08-23,Stonybrook,New York,United States,America/New_York,5139865,Stonybrook,Ekadashi upto 06:48 PM,Ekadashi,Mula upto 08:14 AM,Mula,06:11 AM,07:39 PM,2026-08-23 04:35:00 AM EDT,Shukla Paksha,Shravana,Raviwara,https://www.drikpanchang.com/panchang/month-panchang.html?geoname-id=5139865&date=23/08/2026,2026-08-22T16:14:32
2.0,geoname:5139865,2026-08-24,Stonybrook,New York,United States,America/New_York,5139865,Stonybrook,Dwadashi upto 08:50 PM,Dwadashi,Purva Ashadha upto 10:58 AM,Purva Ashadha,06:12 AM,07:38 PM,2026-08-24 04:36:00 AM EDT,Shukla Paksha,Shravana,Somawara,https://www.drikpanchang.com/panchang/month-panchang.html?geoname-id=5139865&date=24/08/2026,2026-08-22T16:14:53
2.0,geoname:5140405,2026-08-07,Syracuse,New York,United States,America/New_York,5140405,Syracuse,"Navami upto 07:06 AM; Dashami upto 04:29 AM, Aug 08",Navami,Krittika upto 09:13 AM,Krittika,06:02 AM,08:18 PM,2026-08-07 04:26:00 AM EDT,Krishna Paksha,Ashadha,Shukrawara,https://www.drikpanchang.com/panchang/month-panchang.html?geoname-id=5140405&date=07/08/2026,2026-08-22T14:18:29
2.0,geoname:5140405,2026-08-08,Syracuse,New York,United States,America/New_York,5140405,Syracuse,"Ekadashi upto 01:34 AM, Aug 09",Ekadashi,"Rohini upto 07:21 AM; Mrigashira upto 05:13 AM, Aug 09",Rohini,06:03 AM,08:17 PM,2026-08-08 04:27:00 AM EDT,Krishna Paksha,Ashadha,Shaniwara,https://www.drikpanchang.com/panchang/month-panchang.html?geoname-id=5140405&date=08/08/2026,2026-08-22T14:18:18
2.0,geoname:5140405,2026-08-09,Syracuse,New York,United States,America/New_York,5140405,Syracuse,Dwadashi upto 10:30 PM,Dwadashi,"Ardra upto 02:56 AM, Aug 10",Ardra,06:04 AM,08:16 PM,2026-08-09 04:28:00 AM EDT,Krishna Paksha,Ashadha,Raviwara,https://www.drikpanchang.com/panchang/month-panchang.html?geoname-id=5140405&date=09/08/2026,2026-08-22T14:18:39
2.0,geoname:5140405,2026-08-10,Syracuse,New York,United States,America/New_York,5140405,Syracuse,Trayodashi upto 07:24 PM,Trayodashi,"Punarvasu upto 12:39 AM, Aug 11",Punarvasu,06:05 AM,08:14 PM,2026-08-10 04:29:00 AM EDT,Krishna Paksha,Ashadha,Somawara,https://www.drikpanchang.com/panchang/month-panchang.html?geoname-id=5140405&date=10/08/2026,2026-08-22T14:18:50
2.0,geoname:5140405,2026-08-22,Syracuse,New York,United States,America/New_York,5140405,Syracuse,Dashami upto 04:30 PM,Dashami,Mula upto Full Night,Mula,06:18 AM,07:56 PM,2026-08-22 04:42:00 AM EDT,Shukla Paksha,Shravana,Shaniwara,https://www.drikpanchang.com/panchang/month-panchang.html?geoname-id=5140405&date=22/08/2026,2026-08-22T16:02:53
2.0,geoname:5140405,2026-08-23,Syracuse,New York,United States,America/New_York,5140405,Syracuse,Ekadashi upto 06:48 PM,Ekadashi,Mula upto 08:14 AM,Mula,06:19 AM,07:54 PM,2026-08-23 04:43:00 AM EDT,Shukla Paksha,Shravana,Raviwara,https://www.drikpanchang.com/panchang/month-panchang.html?geoname-id=5140405&date=23/08/2026,2026-08-22T16:02:42
2.0,geoname:5140405,2026-08-24,Syracuse,New York,United States,America/New_York,5140405,Syracuse,Dwadashi upto 08:50 PM,Dwadashi,Purva Ashadha upto 10:58 AM,Purva Ashadha,06:20 AM,07:53 PM,2026-08-24 04:44:00 AM EDT,Shukla Paksha,Shravana,Somawara,https://www.drikpanchang.com/panchang/month-panchang.html?geoname-id=5140405&date=24/08/2026,2026-08-22T16:03:04
2.0,geoname:5150529,2026-08-07,Cleveland,Ohio,United States,America/New_York,5150529,Cleveland,"Navami upto 07:06 AM; Dashami upto 04:29 AM, Aug 08",Navami,Krittika upto 09:13 AM,Krittika,06:28 AM,08:37 PM,2026-08-07 04:52:00 AM EDT,Krishna Paksha,Ashadha,Shukrawara,https://www.drikpanchang.com/panchang/month-panchang.html?geoname-id=5150529&date=07/08/2026,2026-08-22T14:47:19
2.0,geoname:5150529,2026-08-08,Cleveland,Ohio,United States,America/New_York,5150529,Cleveland,"Ekadashi upto 01:34 AM, Aug 09",Ekadashi,"Rohini upto 07:21 AM; Mrigashira upto 05:13 AM, Aug 09",Rohini,06:29 AM,08:36 PM,2026-08-08 04:53:00 AM EDT,Krishna Paksha,Ashadha,Shaniwara,https://www.drikpanchang.com/panchang/month-panchang.html?geoname-id=5150529&date=08/08/2026,2026-08-22T14:47:09
2.0,geoname:5150529,2026-08-09,Cleveland,Ohio,United States,America/New_York,5150529,Cleveland,Dwadashi upto 10:30 PM,Dwadashi,"Ardra upto 02:56 AM, Aug 10",Ardra,06:30 AM,08:34 PM,2026-08-09 04:54:00 AM EDT,Krishna Paksha,Ashadha,Raviwara,https://www.drikpanchang.com/panchang/month-panchang.html?geoname-id=5150529&date=09/08/2026,2026-08-22T14:47:30
2.0,geoname:5150529,2026-08-22,Cleveland,Ohio,United States,America/New_York,5150529,Cleveland,Dashami upto 04:30 PM,Dashami,Mula upto Full Night,Mula,06:43 AM,08:16 PM,2026-08-22 05:07:00 AM EDT,Shukla Paksha,Shravana,Shaniwara,https://www.drikpanchang.com/panchang/month-panchang.html?geoname-id=5150529&date=22/08/2026,2026-08-22T16:35:31
2.0,geoname:5150529,2026-08-23,Cleveland,Ohio,United States,America/New_York,5150529,Cleveland,Ekadashi upto 06:48 PM,Ekadashi,Mula upto 08:14 AM,Mula,06:44 AM,08:14 PM,2026-08-23 05:08:00 AM EDT,Shukla Paksha,Shravana,Raviwara,https://www.drikpanchang.com/panchang/month-panchang.html?geoname-id=5150529&date=23/08/2026,2026-08-22T16:35:20
2.0,geoname:5150529,2026-08-24,Cleveland,Ohio,United States,America/New_York,5150529,Cleveland,Dwadashi upto 08:50 PM,Dwadashi,Purva Ashadha upto 10:58 AM,Purva Ashadha,06:45 AM,08:13 PM,2026-08-24 05:09:00 AM EDT,Shukla Paksha,Shravana,Somawara,https://www.drikpanchang.com/panchang/month-panchang.html?geoname-id=5150529&date=24/08/2026,2026-08-22T16:35:41
2.0,geoname:5308655,2026-08-07,Phoenix,Arizona,United States,America/Phoenix,5308655,Phoenix,"Dashami upto 01:29 AM, Aug 08",Dashami,"Krittika upto 06:13 AM; Rohini upto 04:21 AM, Aug 08",Krittika,05:45 AM,07:22 PM,2026-08-07 04:09:00 AM MST,Krishna Paksha,Ashadha,Shukrawara,https://www.drikpanchang.com/panchang/month-panchang.html?geoname-id=5308655&date=07/08/2026,2026-08-22T14:34:55
2.0,geoname:5308655,2026-08-08,Phoenix,Arizona,United States,America/Phoenix,5308655,Phoenix,Ekadashi upto 10:34 PM,Ekadashi,"Mrigashira upto 02:13 AM, Aug 09",Mrigashirsha,05:46 AM,07:21 PM,2026-08-08 04:10:00 AM MST,Krishna Paksha,Ashadha,Shaniwara,https://www.drikpanchang.com/panchang/month-panchang.html?geoname-id=5308655&date=08/08/2026,2026-08-22T14:34:44
2.0,geoname:5308655,2026-08-09,Phoenix,Arizona,United States,America/Phoenix,5308655,Phoenix,Dwadashi upto 07:30 PM,Dwadashi,Ardra upto 11:56 PM,Ardra,05:47 AM,07:20 PM,2026-08-09 04:11:00 AM MST,Krishna Paksha,Ashadha,Raviwara,https://www.drikpanchang.com/panchang/month-panchang.html?geoname-id=5308655&date=09/08/2026,2026-08-22T14:35:05
2.0,geoname:5308655,2026-08-22,Phoenix,Arizona,United States,America/Phoenix,5308655,Phoenix,Dashami upto 01:30 PM,Dashami,"Mula upto 05:14 AM, Aug 23",Mula,05:56 AM,07:06 PM,2026-08-22 04:20:00 AM MST,Shukla Paksha,Shravana,Shaniwara,https://www.drikpanchang.com/panchang/month-panchang.html?geoname-id=5308655&date=22/08/2026,2026-08-22T16:28:54
2.0,geoname:5308655,2026-08-23,Phoenix,Arizona,United States,America/Phoenix,5308655,Phoenix,Ekadashi upto 03:48 PM,Ekadashi,Purva Ashadha upto Full Night,Purva Ashadha,05:57 AM,07:05 PM,2026-08-23 04:21:00 AM MST,Shukla Paksha,Shravana,Raviwara,https://www.drikpanchang.com/panchang/month-panchang.html?geoname-id=5308655&date=23/08/2026,2026-08-22T16:17:17
2.0,geoname:5308655,2026-08-24,Phoenix,Arizona,United States,America/Phoenix,5308655,Phoenix,Dwadashi upto 05:50 PM,Dwadashi,Purva Ashadha upto 07:58 AM,Purva Ashadha,05:57 AM,07:04 PM,2026-08-24 04:21:00 AM MST,Shukla Paksha,Shravana,Somawara,https://www.drikpanchang.com/panchang/month-panchang.html?geoname-id=5308655&date=24/08/2026,2026-08-22T16:29:05
2.0,geoname:5368361,2026-08-07,Los Angeles,California,United States,America/Los_Angeles,5368361,Los Angeles,"Dashami upto 01:29 AM, Aug 08",Dashami,"Krittika upto 06:13 AM; Rohini upto 04:21 AM, Aug 08",Krittika,06:09 AM,07:48 PM,2026-08-07 04:33:00 AM PDT,Krishna Paksha,Ashadha,Shukrawara,https://www.drikpanchang.com/panchang/month-panchang.html?geoname-id=5368361&date=07/08/2026,2026-08-22T14:35:58
2.0,geoname:5368361,2026-08-08,Los Angeles,California,United States,America/Los_Angeles,5368361,Los Angeles,Ekadashi upto 10:34 PM,Ekadashi,"Mrigashira upto 02:13 AM, Aug 09",Mrigashirsha,06:10 AM,07:47 PM,2026-08-08 04:34:00 AM PDT,Krishna Paksha,Ashadha,Shaniwara,https://www.drikpanchang.com/panchang/month-panchang.html?geoname-id=5368361&date=08/08/2026,2026-08-22T14:35:47
2.0,geoname:5368361,2026-08-09,Los Angeles,California,United States,America/Los_Angeles,5368361,Los Angeles,Dwadashi upto 07:30 PM,Dwadashi,Ardra upto 11:56 PM,Ardra,06:10 AM,07:46 PM,2026-08-09 04:34:00 AM PDT,Krishna Paksha,Ashadha,Raviwara,https://www.drikpanchang.com/panchang/month-panchang.html?geoname-id=5368361&date=09/08/2026,2026-08-22T14:36:08
2.0,geoname:5368361,2026-08-22,Los Angeles,California,United States,America/Los_Angeles,5368361,Los Angeles,Dashami upto 01:30 PM,Dashami,"Mula upto 05:14 AM, Aug 23",Mula,06:20 AM,07:31 PM,2026-08-22 04:44:00 AM PDT,Shukla Paksha,Shravana,Shaniwara,https://www.drikpanchang.com/panchang/month-panchang.html?geoname-id=5368361&date=22/08/2026,2026-08-22T16:30:01
2.0,geoname:5368361,2026-08-23,Los Angeles,California,United States,America/Los_Angeles,5368361,Los Angeles,Ekadashi upto 03:48 PM,Ekadashi,Purva Ashadha upto Full Night,Purva Ashadha,06:20 AM,07:30 PM,2026-08-23 04:44:00 AM PDT,Shukla Paksha,Shravana,Raviwara,https://www.drikpanchang.com/panchang/month-panchang.html?geoname-id=5368361&date=23/08/2026,2026-08-22T16:29:50
2.0,geoname:5368361,2026-08-24,Los Angeles,California,United States,America/Los_Angeles,5368361,Los Angeles,Dwadashi upto 05:50 PM,Dwadashi,Purva Ashadha upto 07:58 AM,Purva Ashadha,06:21 AM,07:29 PM,2026-08-24 04:45:00 AM PDT,Shukla Paksha,Shravana,Somawara,https://www.drikpanchang.com/panchang/month-panchang.html?geoname-id=5368361&date=24/08/2026,2026-08-22T16:30:11
2.0,geoname:5383527,2026-08-07,Placentia,California,United States,America/Los_Angeles,5383527,Placentia,"Dashami upto 01:29 AM, Aug 08",Dashami,"Krittika upto 06:13 AM; Rohini upto 04:21 AM, Aug 08",Krittika,06:08 AM,07:46 PM,2026-08-07 04:32:00 AM PDT,Krishna Paksha,Ashadha,Shukrawara,https://www.drikpanchang.com/panchang/month-panchang.html?geoname-id=5383527&date=07/08/2026,2026-08-22T14:49:57
2.0,geoname:5383527,2026-08-08,Placentia,California,United States,America/Los_Angeles,5383527,Placentia,Ekadashi upto 10:34 PM,Ekadashi,"Mrigashira upto 02:13 AM, Aug 09",Mrigashirsha,06:08 AM,07:45 PM,2026-08-08 04:32:00 AM PDT,Krishna Paksha,Ashadha,Shaniwara,https://www.drikpanchang.com/panchang/month-panchang.html?geoname-id=5383527&date=08/08/2026,2026-08-22T14:49:46
2.0,geoname:5383527,2026-08-09,Placentia,California,United States,America/Los_Angeles,5383527,Placentia,Dwadashi upto 07:30 PM,Dwadashi,Ardra upto 11:56 PM,Ardra,06:09 AM,07:44 PM,2026-08-09 04:33:00 AM PDT,Krishna Paksha,Ashadha,Raviwara,https://www.drikpanchang.com/panchang/month-panchang.html?geoname-id=5383527&date=09/08/2026,2026-08-22T14:50:07
2.0,geoname:5383527,2026-08-22,Placentia,California,United States,America/Los_Angeles,5383527,Placentia,Dashami upto 01:30 PM,Dashami,"Mula upto 05:14 AM, Aug 23",Mula,06:18 AM,07:30 PM,2026-08-22 04:42:00 AM PDT,Shukla Paksha,Shravana,Shaniwara,https://www.drikpanchang.com/panchang/month-panchang.html?geoname-id=5383527&date=22/08/2026,2026-08-22T16:38:16
2.0,geoname:5383527,2026-08-23,Placentia,California,United States,America/Los_Angeles,5383527,Placentia,Ekadashi upto 03:48 PM,Ekadashi,Purva Ashadha upto Full Night,Purva Ashadha,06:19 AM,07:29 PM,2026-08-23 04:43:00 AM PDT,Shukla Paksha,Shravana,Raviwara,https://www.drikpanchang.com/panchang/month-panchang.html?geoname-id=5383527&date=23/08/2026,2026-08-22T16:38:05
2.0,geoname:5383527,2026-08-24,Placentia,California,United States,America/Los_Angeles,5383527,Placentia,Dwadashi upto 05:50 PM,Dwadashi,Purva Ashadha upto 07:58 AM,Purva Ashadha,06:20 AM,07:27 PM,2026-08-24 04:44:00 AM PDT,Shukla Paksha,Shravana,Somawara,https://www.drikpanchang.com/panchang/month-panchang.html?geoname-id=5383527&date=24/08/2026,2026-08-22T16:38:26
2.0,geoname:5391959,2026-08-07,San Francisco,California,United States,America/Los_Angeles,5391959,San Francisco,"Dashami upto 01:29 AM, Aug 08",Dashami,"Rohini upto 04:21 AM, Aug 08",Rohini,06:19 AM,08:12 PM,2026-08-07 04:43:00 AM PDT,Krishna Paksha,Ashadha,Shukrawara,https://www.drikpanchang.com/panchang/month-panchang.html?geoname-id=5391959&date=07/08/2026,2026-08-22T14:35:26
2.0,geoname:5391959,2026-08-08,San Francisco,California,United States,America/Los_Angeles,5391959,San Francisco,Ekadashi upto 10:34 PM,Ekadashi,"Mrigashira upto 02:13 AM, Aug 09",Mrigashirsha,06:19 AM,08:11 PM,2026-08-08 04:43:00 AM PDT,Krishna Paksha,Ashadha,Shaniwara,https://www.drikpanchang.com/panchang/month-panchang.html?geoname-id=5391959&date=08/08/2026,2026-08-22T14:35:16
2.0,geoname:5391959,2026-08-09,San Francisco,California,United States,America/Los_Angeles,5391959,San Francisco,Dwadashi upto 07:30 PM,Dwadashi,Ardra upto 11:56 PM,Ardra,06:20 AM,08:10 PM,2026-08-09 04:44:00 AM PDT,Krishna Paksha,Ashadha,Raviwara,https://www.drikpanchang.com/panchang/month-panchang.html?geoname-id=5391959&date=09/08/2026,2026-08-22T14:35:36
2.0,geoname:5391959,2026-08-22,San Francisco,California,United States,America/Los_Angeles,5391959,San Francisco,Dashami upto 01:30 PM,Dashami,"Mula upto 05:14 AM, Aug 23",Mula,06:32 AM,07:53 PM,2026-08-22 04:56:00 AM PDT,Shukla Paksha,Shravana,Shaniwara,https://www.drikpanchang.com/panchang/month-panchang.html?geoname-id=5391959&date=22/08/2026,2026-08-22T16:29:28
2.0,geoname:5391959,2026-08-23,San Francisco,California,United States,America/Los_Angeles,5391959,San Francisco,Ekadashi upto 03:48 PM,Ekadashi,Purva Ashadha upto Full Night,Purva Ashadha,06:32 AM,07:52 PM,2026-08-23 04:56:00 AM PDT,Shukla Paksha,Shravana,Raviwara,https://www.drikpanchang.com/panchang/month-panchang.html?geoname-id=5391959&date=23/08/2026,2026-08-22T16:29:17
2.0,geoname:5391959,2026-08-24,San Francisco,California,United States,America/Los_Angeles,5391959,San Francisco,Dwadashi upto 05:50 PM,Dwadashi,Purva Ashadha upto 07:58 AM,Purva Ashadha,06:33 AM,07:50 PM,2026-08-24 04:57:00 AM PDT,Shukla Paksha,Shravana,Somawara,https://www.drikpanchang.com/panchang/month-panchang.html?geoname-id=5391959&date=24/08/2026,2026-08-22T16:29:38
2.0,geoname:5809844,2026-08-07,Seattle,Washington,United States,America/Los_Angeles,5809844,Seattle,"Dashami upto 01:29 AM, Aug 08",Dashami,"Krittika upto 06:13 AM; Rohini upto 04:21 AM, Aug 08",Krittika,05:55 AM,08:34 PM,2026-08-07 04:19:00 AM PDT,Krishna Paksha,Ashadha,Shukrawara,https://www.drikpanchang.com/panchang/month-panchang.html?geoname-id=5809844&date=07/08/2026,2026-08-22T14:36:29
2.0,geoname:5809844,2026-08-08,Seattle,Washington,United States,America/Los_Angeles,5809844,Seattle,Ekadashi upto 10:34 PM,Ekadashi,"Mrigashira upto 02:13 AM, Aug 09",Mrigashirsha,05:56 AM,08:33 PM,2026-08-08 04:20:00 AM PDT,Krishna Paksha,Ashadha,Shaniwara,https://www.drikpanchang.com/panchang/month-panchang.html?geoname-id=5809844&date=08/08/2026,2026-08-22T14:36:19
2.0,geoname:5809844,2026-08-09,Seattle,Washington,United States,America/Los_Angeles,5809844,Seattle,Dwadashi upto 07:30 PM,Dwadashi,Ardra upto 11:56 PM,Ardra,05:58 AM,08:31 PM,2026-08-09 04:22:00 AM PDT,Krishna Paksha,Ashadha,Raviwara,https://www.drikpanchang.com/panchang/month-panchang.html?geoname-id=5809844&date=09/08/2026,2026-08-22T14:36:39
2.0,geoname:5809844,2026-08-22,Seattle,Washington,United States,America/Los_Angeles,5809844,Seattle,Dashami upto 01:30 PM,Dashami,"Mula upto 05:14 AM, Aug 23",Mula,06:15 AM,08:09 PM,2026-08-22 04:39:00 AM PDT,Shukla Paksha,Shravana,Shaniwara,https://www.drikpanchang.com/panchang/month-panchang.html?geoname-id=5809844&date=22/08/2026,2026-08-22T16:30:34
2.0,geoname:5809844,2026-08-23,Seattle,Washington,United States,America/Los_Angeles,5809844,Seattle,Ekadashi upto 03:48 PM,Ekadashi,Purva Ashadha upto Full Night,Purva Ashadha,06:16 AM,08:07 PM,2026-08-23 04:40:00 AM PDT,Shukla Paksha,Shravana,Raviwara,https://www.drikpanchang.com/panchang/month-panchang.html?geoname-id=5809844&date=23/08/2026,2026-08-22T16:30:23
2.0,geoname:5809844,2026-08-24,Seattle,Washington,United States,America/Los_Angeles,5809844,Seattle,Dwadashi upto 05:50 PM,Dwadashi,Purva Ashadha upto 07:58 AM,Purva Ashadha,06:18 AM,08:05 PM,2026-08-24 04:42:00 AM PDT,Shukla Paksha,Shravana,Somawara,https://www.drikpanchang.com/panchang/month-panchang.html?geoname-id=5809844&date=24/08/2026,2026-08-22T16:30:44
2.0,geoname:6173331,2026-08-07,Vancouver,British Columbia,Canada,America/Los_Angeles,6173331,Vancouver,"Dashami upto 01:29 AM, Aug 08",Dashami,"Krittika upto 06:13 AM; Rohini upto 04:21 AM, Aug 08",Krittika,05:53 AM,08:42 PM,2026-08-07 04:17:00 AM PDT,Krishna Paksha,Ashadha,Shukrawara,https://www.drikpanchang.com/panchang/month-panchang.html?geoname-id=6173331&date=07/08/2026,2026-08-22T14:00:29
2.0,geoname:6173331,2026-08-08,Vancouver,British Columbia,Canada,America/Los_Angeles,6173331,Vancouver,Ekadashi upto 10:34 PM,Ekadashi,"Mrigashira upto 02:13 AM, Aug 09",Mrigashirsha,05:55 AM,08:41 PM,2026-08-08 04:19:00 AM PDT,Krishna Paksha,Ashadha,Shaniwara,https://www.drikpanchang.com/panchang/month-panchang.html?geoname-id=6173331&date=08/08/2026,2026-08-22T14:00:19
2.0,geoname:6173331,2026-08-09,Vancouver,British Columbia,Canada,America/Los_Angeles,6173331,Vancouver,Dwadashi upto 07:30 PM,Dwadashi,Ardra upto 11:56 PM,Ardra,05:56 AM,08:39 PM,2026-08-09 04:20:00 AM PDT,Krishna Paksha,Ashadha,Raviwara,https://www.drikpanchang.com/panchang/month-panchang.html?geoname-id=6173331&date=09/08/2026,2026-08-22T14:00:39
2.0,geoname:6173331,2026-08-22,Vancouver,British Columbia,Canada,America/Los_Angeles,6173331,Vancouver,Dashami upto 01:30 PM,Dashami,"Mula upto 05:14 AM, Aug 23",Mula,06:15 AM,08:15 PM,2026-08-22 04:39:00 AM PDT,Shukla Paksha,Shravana,Shaniwara,https://www.drikpanchang.com/panchang/month-panchang.html?geoname-id=6173331&date=22/08/2026,2026-08-22T15:33:27
2.0,geoname:6173331,2026-08-23,Vancouver,British Columbia,Canada,America/Los_Angeles,6173331,Vancouver,Ekadashi upto 03:48 PM,Ekadashi,Purva Ashadha upto Full Night,Purva Ashadha,06:16 AM,08:13 PM,2026-08-23 04:40:00 AM PDT,Shukla Paksha,Shravana,Raviwara,https://www.drikpanchang.com/panchang/month-panchang.html?geoname-id=6173331&date=23/08/2026,2026-08-22T15:33:16
2.0,geoname:6173331,2026-08-24,Vancouver,British Columbia,Canada,America/Los_Angeles,6173331,Vancouver,Dwadashi upto 05:50 PM,Dwadashi,Purva Ashadha upto 07:58 AM,Purva Ashadha,06:18 AM,08:11 PM,2026-08-24 04:42:00 AM PDT,Shukla Paksha,Shravana,Somawara,https://www.drikpanchang.com/panchang/month-panchang.html?geoname-id=6173331&date=24/08/2026,2026-08-22T15:33:38
2.0,geoname:6182962,2026-08-07,Windsor,Ontario,Canada,America/New_York,6182962,Windsor,"Navami upto 07:06 AM; Dashami upto 04:29 AM, Aug 08",Navami,Krittika upto 09:13 AM,Krittika,06:31 AM,08:44 PM,2026-08-07 04:55:00 AM EDT,Krishna Paksha,Ashadha,Shukrawara,https://www.drikpanchang.com/panchang/month-panchang.html?geoname-id=6182962&date=07/08/2026,2026-08-22T13:58:22
2.0,geoname:6182962,2026-08-08,Windsor,Ontario,Canada,America/New_York,6182962,Windsor,"Ekadashi upto 01:34 AM, Aug 09",Ekadashi,"Rohini upto 07:21 AM; Mrigashira upto 05:13 AM, Aug 09",Rohini,06:32 AM,08:43 PM,2026-08-08 04:56:00 AM EDT,Krishna Paksha,Ashadha,Shaniwara,https://www.drikpanchang.com/panchang/month-panchang.html?geoname-id=6182962&date=08/08/2026,2026-08-22T13:58:12
2.0,geoname:6182962,2026-08-09,Windsor,Ontario,Canada,America/New_York,6182962,Windsor,Dwadashi upto 10:30 PM,Dwadashi,"Ardra upto 02:56 AM, Aug 10",Ardra,06:33 AM,08:41 PM,2026-08-09 04:57:00 AM EDT,Krishna Paksha,Ashadha,Raviwara,https://www.drikpanchang.com/panchang/month-panchang.html?geoname-id=6182962&date=09/08/2026,2026-08-22T13:58:33
2.0,geoname:6182962,2026-08-22,Windsor,Ontario,Canada,America/New_York,6182962,Windsor,Dashami upto 04:30 PM,Dashami,Mula upto Full Night,Mula,06:47 AM,08:22 PM,2026-08-22 05:11:00 AM EDT,Shukla Paksha,Shravana,Shaniwara,https://www.drikpanchang.com/panchang/month-panchang.html?geoname-id=6182962&date=22/08/2026,2026-08-22T15:30:40
2.0,geoname:6182962,2026-08-23,Windsor,Ontario,Canada,America/New_York,6182962,Windsor,Ekadashi upto 06:48 PM,Ekadashi,Mula upto 08:14 AM,Mula,06:48 AM,08:21 PM,2026-08-23 05:12:00 AM EDT,Shukla Paksha,Shravana,Raviwara,https://www.drikpanchang.com/panchang/month-panchang.html?geoname-id=6182962&date=23/08/2026,2026-08-22T15:30:29
2.0,geoname:6182962,2026-08-24,Windsor,Ontario,Canada,America/New_York,6182962,Windsor,Dwadashi upto 08:50 PM,Dwadashi,Purva Ashadha upto 10:58 AM,Purva Ashadha,06:49 AM,08:19 PM,2026-08-24 05:13:00 AM EDT,Shukla Paksha,Shravana,Somawara,https://www.drikpanchang.com/panchang/month-panchang.html?geoname-id=6182962&date=24/08/2026,2026-08-22T15:30:51
