Key,Date,City,State/Region,Country,Timezone,Geoname ID,Selected Drik Location,Sunrise,Sunset,Tithi,Nakshatra,Paksha,Vaara,Amanta Maasa,Sunsign,Scan Error
GEONAME::285787,2026-09-01,Kuwait,Al Asimah,Kuwait,Asia/Kuwait,285787,Kuwait City,05:25 AM,06:10 PM,"Panchami upto 03:42 AM, Sep 02","Ashwini upto 12:12 AM, Sep 02",Krishna Paksha,Mangalawara,Shravana,Simha,
GEONAME::285787,2026-09-02,Kuwait,Al Asimah,Kuwait,Asia/Kuwait,285787,Kuwait City,05:26 AM,06:09 PM,"Shashthi upto 01:56 AM, Sep 03",Bharani upto 11:13 PM,Krishna Paksha,Budhawara,Shravana,Simha,
GEONAME::285787,2026-09-03,Kuwait,Al Asimah,Kuwait,Asia/Kuwait,285787,Kuwait City,05:26 AM,06:08 PM,Saptami upto 11:55 PM,Krittika upto 09:59 PM,Krishna Paksha,Guruwara,Shravana,Simha,
GEONAME::285787,2026-09-04,Kuwait,Al Asimah,Kuwait,Asia/Kuwait,285787,Kuwait City,05:27 AM,06:07 PM,Ashtami upto 09:43 PM,Rohini upto 08:34 PM,Krishna Paksha,Shukrawara,Shravana,Simha,
GEONAME::285787,2026-09-05,Kuwait,Al Asimah,Kuwait,Asia/Kuwait,285787,Kuwait City,05:28 AM,06:06 PM,Navami upto 07:23 PM,Mrigashira upto 07:00 PM,Krishna Paksha,Shaniwara,Shravana,Simha,
GEONAME::285787,2026-09-06,Kuwait,Al Asimah,Kuwait,Asia/Kuwait,285787,Kuwait City,05:28 AM,06:04 PM,Dashami upto 04:59 PM,Ardra upto 05:22 PM,Krishna Paksha,Raviwara,Shravana,Simha,
GEONAME::285787,2026-09-07,Kuwait,Al Asimah,Kuwait,Asia/Kuwait,285787,Kuwait City,05:29 AM,06:03 PM,Ekadashi upto 02:33 PM,Punarvasu upto 03:44 PM,Krishna Paksha,Somawara,Shravana,Simha,
GEONAME::1273865,2026-09-01,Coimbatore,Tamil Nadu,India,Asia/Kolkata,1273865,Coimbatore,06:12 AM,06:32 PM,"Chaturthi upto 07:41 AM; Panchami upto 06:12 AM, Sep 02","Ashwini upto 02:42 AM, Sep 02",Krishna Paksha,Mangalawara,Shravana,Simha,
GEONAME::1273865,2026-09-02,Coimbatore,Tamil Nadu,India,Asia/Kolkata,1273865,Coimbatore,06:12 AM,06:31 PM,"Shashthi upto 04:25 AM, Sep 03","Bharani upto 01:43 AM, Sep 03",Krishna Paksha,Budhawara,Shravana,Simha,
GEONAME::1273865,2026-09-03,Coimbatore,Tamil Nadu,India,Asia/Kolkata,1273865,Coimbatore,06:12 AM,06:31 PM,"Saptami upto 02:25 AM, Sep 04","Krittika upto 12:29 AM, Sep 04",Krishna Paksha,Guruwara,Shravana,Simha,
GEONAME::1273865,2026-09-04,Coimbatore,Tamil Nadu,India,Asia/Kolkata,1273865,Coimbatore,06:12 AM,06:30 PM,"Ashtami upto 12:13 AM, Sep 05",Rohini upto 11:04 PM,Krishna Paksha,Shukrawara,Shravana,Simha,
GEONAME::1273865,2026-09-05,Coimbatore,Tamil Nadu,India,Asia/Kolkata,1273865,Coimbatore,06:12 AM,06:29 PM,Navami upto 09:53 PM,Mrigashira upto 09:30 PM,Krishna Paksha,Shaniwara,Shravana,Simha,
GEONAME::1273865,2026-09-06,Coimbatore,Tamil Nadu,India,Asia/Kolkata,1273865,Coimbatore,06:12 AM,06:29 PM,Dashami upto 07:29 PM,Ardra upto 07:52 PM,Krishna Paksha,Raviwara,Shravana,Simha,
GEONAME::1273865,2026-09-07,Coimbatore,Tamil Nadu,India,Asia/Kolkata,1273865,Coimbatore,06:12 AM,06:28 PM,Ekadashi upto 05:03 PM,Punarvasu upto 06:14 PM,Krishna Paksha,Somawara,Shravana,Simha,
GEONAME::6182962,2026-09-01,Windsor,Ontario,Canada,America/New_York,6182962,Windsor,06:58 AM,08:06 PM,Panchami upto 08:42 PM,Ashwini upto 05:12 PM,Krishna Paksha,Mangalawara,Shravana,Simha,
GEONAME::6182962,2026-09-02,Windsor,Ontario,Canada,America/New_York,6182962,Windsor,06:59 AM,08:04 PM,Shashthi upto 06:55 PM,Bharani upto 04:13 PM,Krishna Paksha,Budhawara,Shravana,Simha,
GEONAME::6182962,2026-09-03,Windsor,Ontario,Canada,America/New_York,6182962,Windsor,07:00 AM,08:03 PM,Saptami upto 04:55 PM,Krittika upto 02:59 PM,Krishna Paksha,Guruwara,Shravana,Simha,
GEONAME::6182962,2026-09-04,Windsor,Ontario,Canada,America/New_York,6182962,Windsor,07:01 AM,08:01 PM,Ashtami upto 02:43 PM,Rohini upto 01:34 PM,Krishna Paksha,Shukrawara,Shravana,Simha,
GEONAME::6182962,2026-09-05,Windsor,Ontario,Canada,America/New_York,6182962,Windsor,07:02 AM,07:59 PM,Navami upto 12:23 PM,Mrigashira upto 12:00 PM,Krishna Paksha,Shaniwara,Shravana,Simha,
GEONAME::6182962,2026-09-06,Windsor,Ontario,Canada,America/New_York,6182962,Windsor,07:03 AM,07:57 PM,Dashami upto 09:59 AM,Ardra upto 10:22 AM,Krishna Paksha,Raviwara,Shravana,Simha,
GEONAME::6182962,2026-09-07,Windsor,Ontario,Canada,America/New_York,6182962,Windsor,07:04 AM,07:56 PM,"Ekadashi upto 07:33 AM; Dwadashi upto 05:12 AM, Sep 08",Punarvasu upto 08:44 AM,Krishna Paksha,Somawara,Shravana,Simha,
GEONAME::2643743,2026-09-01,London,London,United Kingdom,Europe/London,2643743,London,06:13 AM,07:47 PM,"Panchami upto 01:42 AM, Sep 02",Ashwini upto 10:12 PM,Krishna Paksha,Mangalawara,Shravana,Simha,
GEONAME::2643743,2026-09-02,London,London,United Kingdom,Europe/London,2643743,London,06:15 AM,07:45 PM,Shashthi upto 11:55 PM,Bharani upto 09:13 PM,Krishna Paksha,Budhawara,Shravana,Simha,
GEONAME::2643743,2026-09-03,London,London,United Kingdom,Europe/London,2643743,London,06:16 AM,07:43 PM,Saptami upto 09:55 PM,Krittika upto 07:59 PM,Krishna Paksha,Guruwara,Shravana,Simha,
GEONAME::2643743,2026-09-04,London,London,United Kingdom,Europe/London,2643743,London,06:18 AM,07:40 PM,Ashtami upto 07:43 PM,Rohini upto 06:34 PM,Krishna Paksha,Shukrawara,Shravana,Simha,
GEONAME::2643743,2026-09-05,London,London,United Kingdom,Europe/London,2643743,London,06:19 AM,07:38 PM,Navami upto 05:23 PM,Mrigashira upto 05:00 PM,Krishna Paksha,Shaniwara,Shravana,Simha,
GEONAME::2643743,2026-09-06,London,London,United Kingdom,Europe/London,2643743,London,06:21 AM,07:36 PM,Dashami upto 02:59 PM,Ardra upto 03:22 PM,Krishna Paksha,Raviwara,Shravana,Simha,
GEONAME::2643743,2026-09-07,London,London,United Kingdom,Europe/London,2643743,London,06:23 AM,07:33 PM,Ekadashi upto 12:33 PM,Punarvasu upto 01:44 PM,Krishna Paksha,Somawara,Shravana,Simha,
GEONAME::1276533,2026-09-01,Belgaum,Karnataka,India,Asia/Kolkata,1276533,Belgaum,06:19 AM,06:45 PM,"Chaturthi upto 07:41 AM; Panchami upto 06:12 AM, Sep 02","Ashwini upto 02:42 AM, Sep 02",Krishna Paksha,Mangalawara,Shravana,Simha,
GEONAME::1276533,2026-09-02,Belgaum,Karnataka,India,Asia/Kolkata,1276533,Belgaum,06:19 AM,06:44 PM,"Shashthi upto 04:25 AM, Sep 03","Bharani upto 01:43 AM, Sep 03",Krishna Paksha,Budhawara,Shravana,Simha,
GEONAME::1276533,2026-09-03,Belgaum,Karnataka,India,Asia/Kolkata,1276533,Belgaum,06:19 AM,06:43 PM,"Saptami upto 02:25 AM, Sep 04","Krittika upto 12:29 AM, Sep 04",Krishna Paksha,Guruwara,Shravana,Simha,
GEONAME::1276533,2026-09-04,Belgaum,Karnataka,India,Asia/Kolkata,1276533,Belgaum,06:19 AM,06:42 PM,"Ashtami upto 12:13 AM, Sep 05",Rohini upto 11:04 PM,Krishna Paksha,Shukrawara,Shravana,Simha,
GEONAME::1276533,2026-09-05,Belgaum,Karnataka,India,Asia/Kolkata,1276533,Belgaum,06:19 AM,06:42 PM,Navami upto 09:53 PM,Mrigashira upto 09:30 PM,Krishna Paksha,Shaniwara,Shravana,Simha,
GEONAME::1276533,2026-09-06,Belgaum,Karnataka,India,Asia/Kolkata,1276533,Belgaum,06:20 AM,06:41 PM,Dashami upto 07:29 PM,Ardra upto 07:52 PM,Krishna Paksha,Raviwara,Shravana,Simha,
GEONAME::1276533,2026-09-07,Belgaum,Karnataka,India,Asia/Kolkata,1276533,Belgaum,06:20 AM,06:40 PM,Ekadashi upto 05:03 PM,Punarvasu upto 06:14 PM,Krishna Paksha,Somawara,Shravana,Simha,
GEONAME::1269920,2026-09-01,Hubli,Karnataka,India,Asia/Kolkata,1269920,Hubli,06:17 AM,06:42 PM,"Chaturthi upto 07:41 AM; Panchami upto 06:12 AM, Sep 02","Ashwini upto 02:42 AM, Sep 02",Krishna Paksha,Mangalawara,Shravana,Simha,
GEONAME::1269920,2026-09-02,Hubli,Karnataka,India,Asia/Kolkata,1269920,Hubli,06:17 AM,06:41 PM,"Shashthi upto 04:25 AM, Sep 03","Bharani upto 01:43 AM, Sep 03",Krishna Paksha,Budhawara,Shravana,Simha,
GEONAME::1269920,2026-09-03,Hubli,Karnataka,India,Asia/Kolkata,1269920,Hubli,06:17 AM,06:40 PM,"Saptami upto 02:25 AM, Sep 04","Krittika upto 12:29 AM, Sep 04",Krishna Paksha,Guruwara,Shravana,Simha,
GEONAME::1269920,2026-09-04,Hubli,Karnataka,India,Asia/Kolkata,1269920,Hubli,06:17 AM,06:40 PM,"Ashtami upto 12:13 AM, Sep 05",Rohini upto 11:04 PM,Krishna Paksha,Shukrawara,Shravana,Simha,
GEONAME::1269920,2026-09-05,Hubli,Karnataka,India,Asia/Kolkata,1269920,Hubli,06:17 AM,06:39 PM,Navami upto 09:53 PM,Mrigashira upto 09:30 PM,Krishna Paksha,Shaniwara,Shravana,Simha,
GEONAME::1269920,2026-09-06,Hubli,Karnataka,India,Asia/Kolkata,1269920,Hubli,06:17 AM,06:38 PM,Dashami upto 07:29 PM,Ardra upto 07:52 PM,Krishna Paksha,Raviwara,Shravana,Simha,
GEONAME::1269920,2026-09-07,Hubli,Karnataka,India,Asia/Kolkata,1269920,Hubli,06:17 AM,06:37 PM,Ekadashi upto 05:03 PM,Punarvasu upto 06:14 PM,Krishna Paksha,Somawara,Shravana,Simha,
GEONAME::6173331,2026-09-01,Vancouver,British Columbia,Canada,America/Los_Angeles,6173331,Vancouver,06:29 AM,07:55 PM,Panchami upto 05:42 PM,Ashwini upto 02:12 PM,Krishna Paksha,Mangalawara,Shravana,Simha,
GEONAME::6173331,2026-09-02,Vancouver,British Columbia,Canada,America/Los_Angeles,6173331,Vancouver,06:31 AM,07:53 PM,Shashthi upto 03:55 PM,Bharani upto 01:13 PM,Krishna Paksha,Budhawara,Shravana,Simha,
GEONAME::6173331,2026-09-03,Vancouver,British Columbia,Canada,America/Los_Angeles,6173331,Vancouver,06:32 AM,07:51 PM,Saptami upto 01:55 PM,Krittika upto 11:59 AM,Krishna Paksha,Guruwara,Shravana,Simha,
GEONAME::6173331,2026-09-04,Vancouver,British Columbia,Canada,America/Los_Angeles,6173331,Vancouver,06:33 AM,07:49 PM,Ashtami upto 11:43 AM,Rohini upto 10:34 AM,Krishna Paksha,Shukrawara,Shravana,Simha,
GEONAME::6173331,2026-09-05,Vancouver,British Columbia,Canada,America/Los_Angeles,6173331,Vancouver,06:35 AM,07:47 PM,Navami upto 09:23 AM,Mrigashira upto 09:00 AM,Krishna Paksha,Shaniwara,Shravana,Simha,
GEONAME::6173331,2026-09-06,Vancouver,British Columbia,Canada,America/Los_Angeles,6173331,Vancouver,06:36 AM,07:44 PM,"Dashami upto 06:59 AM; Ekadashi upto 04:33 AM, Sep 07","Ardra upto 07:22 AM; Punarvasu upto 05:44 AM, Sep 07",Krishna Paksha,Raviwara,Shravana,Simha,
GEONAME::6173331,2026-09-07,Vancouver,British Columbia,Canada,America/Los_Angeles,6173331,Vancouver,06:38 AM,07:42 PM,"Dwadashi upto 02:12 AM, Sep 08","Pushya upto 04:09 AM, Sep 08",Krishna Paksha,Somawara,Shravana,Simha,
GEONAME::5108728,2026-09-01,Belfast,New York,United States,America/New_York,5108728,Belmont,06:38 AM,07:46 PM,Panchami upto 08:42 PM,Ashwini upto 05:12 PM,Krishna Paksha,Mangalawara,Shravana,Simha,
GEONAME::5108728,2026-09-02,Belfast,New York,United States,America/New_York,5108728,Belmont,06:39 AM,07:44 PM,Shashthi upto 06:55 PM,Bharani upto 04:13 PM,Krishna Paksha,Budhawara,Shravana,Simha,
GEONAME::5108728,2026-09-03,Belfast,New York,United States,America/New_York,5108728,Belmont,06:40 AM,07:43 PM,Saptami upto 04:55 PM,Krittika upto 02:59 PM,Krishna Paksha,Guruwara,Shravana,Simha,
GEONAME::5108728,2026-09-04,Belfast,New York,United States,America/New_York,5108728,Belmont,06:41 AM,07:41 PM,Ashtami upto 02:43 PM,Rohini upto 01:34 PM,Krishna Paksha,Shukrawara,Shravana,Simha,
GEONAME::5108728,2026-09-05,Belfast,New York,United States,America/New_York,5108728,Belmont,06:42 AM,07:39 PM,Navami upto 12:23 PM,Mrigashira upto 12:00 PM,Krishna Paksha,Shaniwara,Shravana,Simha,
GEONAME::5108728,2026-09-06,Belfast,New York,United States,America/New_York,5108728,Belmont,06:43 AM,07:37 PM,Dashami upto 09:59 AM,Ardra upto 10:22 AM,Krishna Paksha,Raviwara,Shravana,Simha,
GEONAME::5108728,2026-09-07,Belfast,New York,United States,America/New_York,5108728,Belmont,06:44 AM,07:36 PM,"Ekadashi upto 07:33 AM; Dwadashi upto 05:12 AM, Sep 08",Punarvasu upto 08:44 AM,Krishna Paksha,Somawara,Shravana,Simha,
GEONAME::1835848,2026-09-01,Seoul,Seoul,South Korea,Asia/Seoul,1835848,Seoul,06:02 AM,07:02 PM,Chaturthi upto 11:11 AM,Revati upto 06:53 AM,Krishna Paksha,Mangalawara,Shravana,Simha,
GEONAME::1835848,2026-09-02,Seoul,Seoul,South Korea,Asia/Seoul,1835848,Seoul,06:03 AM,07:00 PM,Panchami upto 09:42 AM,"Ashwini upto 06:12 AM; Bharani upto 05:13 AM, Sep 03",Krishna Paksha,Budhawara,Shravana,Simha,
GEONAME::1835848,2026-09-03,Seoul,Seoul,South Korea,Asia/Seoul,1835848,Seoul,06:04 AM,06:59 PM,"Shashthi upto 07:55 AM; Saptami upto 05:55 AM, Sep 04","Krittika upto 03:59 AM, Sep 04",Krishna Paksha,Guruwara,Shravana,Simha,
GEONAME::1835848,2026-09-04,Seoul,Seoul,South Korea,Asia/Seoul,1835848,Seoul,06:04 AM,06:57 PM,"Ashtami upto 03:43 AM, Sep 05","Rohini upto 02:34 AM, Sep 05",Krishna Paksha,Shukrawara,Shravana,Simha,
GEONAME::1835848,2026-09-05,Seoul,Seoul,South Korea,Asia/Seoul,1835848,Seoul,06:05 AM,06:56 PM,"Navami upto 01:23 AM, Sep 06","Mrigashira upto 01:00 AM, Sep 06",Krishna Paksha,Shaniwara,Shravana,Simha,
GEONAME::1835848,2026-09-06,Seoul,Seoul,South Korea,Asia/Seoul,1835848,Seoul,06:06 AM,06:54 PM,Dashami upto 10:59 PM,Ardra upto 11:22 PM,Krishna Paksha,Raviwara,Shravana,Simha,
GEONAME::1835848,2026-09-07,Seoul,Seoul,South Korea,Asia/Seoul,1835848,Seoul,06:07 AM,06:53 PM,Ekadashi upto 08:33 PM,Punarvasu upto 09:44 PM,Krishna Paksha,Somawara,Shravana,Simha,
GEONAME::2193733,2026-09-01,Auckland,Auckland,New Zealand,Pacific/Auckland,2193733,Auckland,06:42 AM,06:00 PM,Chaturthi upto 02:11 PM,Revati upto 09:53 AM,Krishna Paksha,Mangalawara,Shravana,Simha,
GEONAME::2193733,2026-09-02,Auckland,Auckland,New Zealand,Pacific/Auckland,2193733,Auckland,06:41 AM,06:01 PM,Panchami upto 12:42 PM,Ashwini upto 09:12 AM,Krishna Paksha,Budhawara,Shravana,Simha,
GEONAME::2193733,2026-09-03,Auckland,Auckland,New Zealand,Pacific/Auckland,2193733,Auckland,06:39 AM,06:02 PM,Shashthi upto 10:56 AM,Bharani upto 08:13 AM,Krishna Paksha,Guruwara,Shravana,Simha,
GEONAME::2193733,2026-09-04,Auckland,Auckland,New Zealand,Pacific/Auckland,2193733,Auckland,06:38 AM,06:03 PM,Saptami upto 08:55 AM,"Krittika upto 06:59 AM; Rohini upto 05:34 AM, Sep 05",Krishna Paksha,Shukrawara,Shravana,Simha,
GEONAME::2193733,2026-09-05,Auckland,Auckland,New Zealand,Pacific/Auckland,2193733,Auckland,06:37 AM,06:03 PM,"Ashtami upto 06:43 AM; Navami upto 04:23 AM, Sep 06","Mrigashira upto 04:00 AM, Sep 06",Krishna Paksha,Shaniwara,Shravana,Simha,
GEONAME::2193733,2026-09-06,Auckland,Auckland,New Zealand,Pacific/Auckland,2193733,Auckland,06:35 AM,06:04 PM,"Dashami upto 01:59 AM, Sep 07","Ardra upto 02:22 AM, Sep 07",Krishna Paksha,Raviwara,Shravana,Simha,
GEONAME::2193733,2026-09-07,Auckland,Auckland,New Zealand,Pacific/Auckland,2193733,Auckland,06:34 AM,06:05 PM,Ekadashi upto 11:33 PM,"Punarvasu upto 12:44 AM, Sep 08",Krishna Paksha,Somawara,Shravana,Simha,
GEONAME::2179537,2026-09-01,Wellington,Wellington,New Zealand,Pacific/Auckland,2179537,Wellington,06:46 AM,05:56 PM,Chaturthi upto 02:11 PM,Revati upto 09:53 AM,Krishna Paksha,Mangalawara,Shravana,Simha,
GEONAME::2179537,2026-09-02,Wellington,Wellington,New Zealand,Pacific/Auckland,2179537,Wellington,06:45 AM,05:57 PM,Panchami upto 12:42 PM,Ashwini upto 09:12 AM,Krishna Paksha,Budhawara,Shravana,Simha,
GEONAME::2179537,2026-09-03,Wellington,Wellington,New Zealand,Pacific/Auckland,2179537,Wellington,06:43 AM,05:58 PM,Shashthi upto 10:55 AM,Bharani upto 08:13 AM,Krishna Paksha,Guruwara,Shravana,Simha,
GEONAME::2179537,2026-09-04,Wellington,Wellington,New Zealand,Pacific/Auckland,2179537,Wellington,06:41 AM,05:59 PM,Saptami upto 08:55 AM,"Krittika upto 06:59 AM; Rohini upto 05:34 AM, Sep 05",Krishna Paksha,Shukrawara,Shravana,Simha,
GEONAME::2179537,2026-09-05,Wellington,Wellington,New Zealand,Pacific/Auckland,2179537,Wellington,06:40 AM,06:00 PM,"Ashtami upto 06:43 AM; Navami upto 04:23 AM, Sep 06","Mrigashira upto 04:00 AM, Sep 06",Krishna Paksha,Shaniwara,Shravana,Simha,
GEONAME::2179537,2026-09-06,Wellington,Wellington,New Zealand,Pacific/Auckland,2179537,Wellington,06:38 AM,06:01 PM,"Dashami upto 01:59 AM, Sep 07","Ardra upto 02:22 AM, Sep 07",Krishna Paksha,Raviwara,Shravana,Simha,
GEONAME::2179537,2026-09-07,Wellington,Wellington,New Zealand,Pacific/Auckland,2179537,Wellington,06:37 AM,06:02 PM,Ekadashi upto 11:33 PM,"Punarvasu upto 12:44 AM, Sep 08",Krishna Paksha,Somawara,Shravana,Simha,
GEONAME::2192362,2026-09-01,Christchurch,Canterbury,New Zealand,Pacific/Auckland,2192362,Christchurch,06:57 AM,06:02 PM,Chaturthi upto 02:11 PM,Revati upto 09:53 AM,Krishna Paksha,Mangalawara,Shravana,Simha,
GEONAME::2192362,2026-09-02,Christchurch,Canterbury,New Zealand,Pacific/Auckland,2192362,Christchurch,06:55 AM,06:03 PM,Panchami upto 12:42 PM,Ashwini upto 09:12 AM,Krishna Paksha,Budhawara,Shravana,Simha,
GEONAME::2192362,2026-09-03,Christchurch,Canterbury,New Zealand,Pacific/Auckland,2192362,Christchurch,06:54 AM,06:05 PM,Shashthi upto 10:55 AM,Bharani upto 08:13 AM,Krishna Paksha,Guruwara,Shravana,Simha,
GEONAME::2192362,2026-09-04,Christchurch,Canterbury,New Zealand,Pacific/Auckland,2192362,Christchurch,06:52 AM,06:06 PM,"Saptami upto 08:55 AM; Ashtami upto 06:43 AM, Sep 05","Krittika upto 06:59 AM; Rohini upto 05:34 AM, Sep 05",Krishna Paksha,Shukrawara,Shravana,Simha,
GEONAME::2192362,2026-09-05,Christchurch,Canterbury,New Zealand,Pacific/Auckland,2192362,Christchurch,06:50 AM,06:07 PM,"Navami upto 04:23 AM, Sep 06","Mrigashira upto 04:00 AM, Sep 06",Krishna Paksha,Shaniwara,Shravana,Simha,
GEONAME::2192362,2026-09-06,Christchurch,Canterbury,New Zealand,Pacific/Auckland,2192362,Christchurch,06:48 AM,06:08 PM,"Dashami upto 01:59 AM, Sep 07","Ardra upto 02:22 AM, Sep 07",Krishna Paksha,Raviwara,Shravana,Simha,
GEONAME::2192362,2026-09-07,Christchurch,Canterbury,New Zealand,Pacific/Auckland,2192362,Christchurch,06:47 AM,06:09 PM,Ekadashi upto 11:33 PM,"Punarvasu upto 12:44 AM, Sep 08",Krishna Paksha,Somawara,Shravana,Simha,
GEONAME::1279290,2026-09-01,Agartala,Tripura,India,Asia/Kolkata,1279290,Agartala,05:06 AM,05:43 PM,Chaturthi upto 07:41 AM,"Ashwini upto 02:42 AM, Sep 02",Krishna Paksha,Mangalawara,Shravana,Simha,
GEONAME::1279290,2026-09-02,Agartala,Tripura,India,Asia/Kolkata,1279290,Agartala,05:07 AM,05:42 PM,"Panchami upto 06:12 AM; Shashthi upto 04:25 AM, Sep 03","Bharani upto 01:43 AM, Sep 03",Krishna Paksha,Budhawara,Shravana,Simha,
GEONAME::1279290,2026-09-03,Agartala,Tripura,India,Asia/Kolkata,1279290,Agartala,05:07 AM,05:41 PM,"Saptami upto 02:25 AM, Sep 04","Krittika upto 12:29 AM, Sep 04",Krishna Paksha,Guruwara,Shravana,Simha,
GEONAME::1279290,2026-09-04,Agartala,Tripura,India,Asia/Kolkata,1279290,Agartala,05:07 AM,05:40 PM,"Ashtami upto 12:13 AM, Sep 05",Rohini upto 11:04 PM,Krishna Paksha,Shukrawara,Shravana,Simha,
GEONAME::1279290,2026-09-05,Agartala,Tripura,India,Asia/Kolkata,1279290,Agartala,05:08 AM,05:39 PM,Navami upto 09:53 PM,Mrigashira upto 09:30 PM,Krishna Paksha,Shaniwara,Shravana,Simha,
GEONAME::1279290,2026-09-06,Agartala,Tripura,India,Asia/Kolkata,1279290,Agartala,05:08 AM,05:38 PM,Dashami upto 07:29 PM,Ardra upto 07:52 PM,Krishna Paksha,Raviwara,Shravana,Simha,
GEONAME::1279290,2026-09-07,Agartala,Tripura,India,Asia/Kolkata,1279290,Agartala,05:08 AM,05:37 PM,Ekadashi upto 05:03 PM,Punarvasu upto 06:14 PM,Krishna Paksha,Somawara,Shravana,Simha,
GEONAME::1271476,2026-09-01,Guwahati,Assam,India,Asia/Kolkata,1271476,Guwahati,05:03 AM,05:43 PM,Chaturthi upto 07:41 AM,"Ashwini upto 02:42 AM, Sep 02",Krishna Paksha,Mangalawara,Shravana,Simha,
GEONAME::1271476,2026-09-02,Guwahati,Assam,India,Asia/Kolkata,1271476,Guwahati,05:03 AM,05:42 PM,"Panchami upto 06:12 AM; Shashthi upto 04:25 AM, Sep 03","Bharani upto 01:43 AM, Sep 03",Krishna Paksha,Budhawara,Shravana,Simha,
GEONAME::1271476,2026-09-03,Guwahati,Assam,India,Asia/Kolkata,1271476,Guwahati,05:04 AM,05:41 PM,"Saptami upto 02:25 AM, Sep 04","Krittika upto 12:29 AM, Sep 04",Krishna Paksha,Guruwara,Shravana,Simha,
GEONAME::1271476,2026-09-04,Guwahati,Assam,India,Asia/Kolkata,1271476,Guwahati,05:04 AM,05:40 PM,"Ashtami upto 12:13 AM, Sep 05",Rohini upto 11:04 PM,Krishna Paksha,Shukrawara,Shravana,Simha,
GEONAME::1271476,2026-09-05,Guwahati,Assam,India,Asia/Kolkata,1271476,Guwahati,05:04 AM,05:39 PM,Navami upto 09:53 PM,Mrigashira upto 09:30 PM,Krishna Paksha,Shaniwara,Shravana,Simha,
GEONAME::1271476,2026-09-06,Guwahati,Assam,India,Asia/Kolkata,1271476,Guwahati,05:05 AM,05:38 PM,Dashami upto 07:29 PM,Ardra upto 07:52 PM,Krishna Paksha,Raviwara,Shravana,Simha,
GEONAME::1271476,2026-09-07,Guwahati,Assam,India,Asia/Kolkata,1271476,Guwahati,05:05 AM,05:36 PM,Ekadashi upto 05:03 PM,Punarvasu upto 06:14 PM,Krishna Paksha,Somawara,Shravana,Simha,
GEONAME::1256525,2026-09-01,Shiliguri,West Bengal,India,Asia/Kolkata,1256525,Shiliguri,05:16 AM,05:57 PM,Chaturthi upto 07:41 AM,"Ashwini upto 02:42 AM, Sep 02",Krishna Paksha,Mangalawara,Shravana,Simha,
GEONAME::1256525,2026-09-02,Shiliguri,West Bengal,India,Asia/Kolkata,1256525,Shiliguri,05:16 AM,05:55 PM,"Panchami upto 06:12 AM; Shashthi upto 04:25 AM, Sep 03","Bharani upto 01:43 AM, Sep 03",Krishna Paksha,Budhawara,Shravana,Simha,
GEONAME::1256525,2026-09-03,Shiliguri,West Bengal,India,Asia/Kolkata,1256525,Shiliguri,05:17 AM,05:54 PM,"Saptami upto 02:25 AM, Sep 04","Krittika upto 12:29 AM, Sep 04",Krishna Paksha,Guruwara,Shravana,Simha,
GEONAME::1256525,2026-09-04,Shiliguri,West Bengal,India,Asia/Kolkata,1256525,Shiliguri,05:17 AM,05:53 PM,"Ashtami upto 12:13 AM, Sep 05",Rohini upto 11:04 PM,Krishna Paksha,Shukrawara,Shravana,Simha,
GEONAME::1256525,2026-09-05,Shiliguri,West Bengal,India,Asia/Kolkata,1256525,Shiliguri,05:17 AM,05:52 PM,Navami upto 09:53 PM,Mrigashira upto 09:30 PM,Krishna Paksha,Shaniwara,Shravana,Simha,
GEONAME::1256525,2026-09-06,Shiliguri,West Bengal,India,Asia/Kolkata,1256525,Shiliguri,05:18 AM,05:51 PM,Dashami upto 07:29 PM,Ardra upto 07:52 PM,Krishna Paksha,Raviwara,Shravana,Simha,
GEONAME::1256525,2026-09-07,Shiliguri,West Bengal,India,Asia/Kolkata,1256525,Shiliguri,05:18 AM,05:50 PM,Ekadashi upto 05:03 PM,Punarvasu upto 06:14 PM,Krishna Paksha,Somawara,Shravana,Simha,
GEONAME::1279186,2026-09-01,Aizawl,Mizoram,India,Asia/Kolkata,1279186,Aizawl,05:01 AM,05:37 PM,Chaturthi upto 07:41 AM,"Ashwini upto 02:42 AM, Sep 02",Krishna Paksha,Mangalawara,Shravana,Simha,
GEONAME::1279186,2026-09-02,Aizawl,Mizoram,India,Asia/Kolkata,1279186,Aizawl,05:01 AM,05:36 PM,"Panchami upto 06:12 AM; Shashthi upto 04:26 AM, Sep 03","Bharani upto 01:43 AM, Sep 03",Krishna Paksha,Budhawara,Shravana,Simha,
GEONAME::1279186,2026-09-03,Aizawl,Mizoram,India,Asia/Kolkata,1279186,Aizawl,05:01 AM,05:35 PM,"Saptami upto 02:25 AM, Sep 04","Krittika upto 12:29 AM, Sep 04",Krishna Paksha,Guruwara,Shravana,Simha,
GEONAME::1279186,2026-09-04,Aizawl,Mizoram,India,Asia/Kolkata,1279186,Aizawl,05:02 AM,05:34 PM,"Ashtami upto 12:13 AM, Sep 05",Rohini upto 11:04 PM,Krishna Paksha,Shukrawara,Shravana,Simha,
GEONAME::1279186,2026-09-05,Aizawl,Mizoram,India,Asia/Kolkata,1279186,Aizawl,05:02 AM,05:33 PM,Navami upto 09:53 PM,Mrigashira upto 09:30 PM,Krishna Paksha,Shaniwara,Shravana,Simha,
GEONAME::1279186,2026-09-06,Aizawl,Mizoram,India,Asia/Kolkata,1279186,Aizawl,05:02 AM,05:32 PM,Dashami upto 07:29 PM,Ardra upto 07:52 PM,Krishna Paksha,Raviwara,Shravana,Simha,
GEONAME::1279186,2026-09-07,Aizawl,Mizoram,India,Asia/Kolkata,1279186,Aizawl,05:03 AM,05:31 PM,Ekadashi upto 05:03 PM,Punarvasu upto 06:14 PM,Krishna Paksha,Somawara,Shravana,Simha,
GEONAME::1271631,2026-09-01,Gangtok,Sikkim,India,Asia/Kolkata,1271631,Gangtok,05:14 AM,05:56 PM,Chaturthi upto 07:41 AM,"Ashwini upto 02:42 AM, Sep 02",Krishna Paksha,Mangalawara,Shravana,Simha,
GEONAME::1271631,2026-09-02,Gangtok,Sikkim,India,Asia/Kolkata,1271631,Gangtok,05:15 AM,05:55 PM,"Panchami upto 06:12 AM; Shashthi upto 04:25 AM, Sep 03","Bharani upto 01:43 AM, Sep 03",Krishna Paksha,Budhawara,Shravana,Simha,
GEONAME::1271631,2026-09-03,Gangtok,Sikkim,India,Asia/Kolkata,1271631,Gangtok,05:15 AM,05:54 PM,"Saptami upto 02:25 AM, Sep 04","Krittika upto 12:29 AM, Sep 04",Krishna Paksha,Guruwara,Shravana,Simha,
GEONAME::1271631,2026-09-04,Gangtok,Sikkim,India,Asia/Kolkata,1271631,Gangtok,05:16 AM,05:53 PM,"Ashtami upto 12:13 AM, Sep 05",Rohini upto 11:04 PM,Krishna Paksha,Shukrawara,Shravana,Simha,
GEONAME::1271631,2026-09-05,Gangtok,Sikkim,India,Asia/Kolkata,1271631,Gangtok,05:16 AM,05:52 PM,Navami upto 09:53 PM,Mrigashira upto 09:30 PM,Krishna Paksha,Shaniwara,Shravana,Simha,
GEONAME::1271631,2026-09-06,Gangtok,Sikkim,India,Asia/Kolkata,1271631,Gangtok,05:17 AM,05:51 PM,Dashami upto 07:29 PM,Ardra upto 07:52 PM,Krishna Paksha,Raviwara,Shravana,Simha,
GEONAME::1271631,2026-09-07,Gangtok,Sikkim,India,Asia/Kolkata,1271631,Gangtok,05:17 AM,05:50 PM,Ekadashi upto 05:03 PM,Punarvasu upto 06:14 PM,Krishna Paksha,Somawara,Shravana,Simha,
GEONAME::1256287,2026-09-01,Silchar,Assam,India,Asia/Kolkata,1256287,Silchar,05:00 AM,05:38 PM,Chaturthi upto 07:41 AM,"Ashwini upto 02:42 AM, Sep 02",Krishna Paksha,Mangalawara,Shravana,Simha,
GEONAME::1256287,2026-09-02,Silchar,Assam,India,Asia/Kolkata,1256287,Silchar,05:00 AM,05:37 PM,"Panchami upto 06:12 AM; Shashthi upto 04:25 AM, Sep 03","Bharani upto 01:43 AM, Sep 03",Krishna Paksha,Budhawara,Shravana,Simha,
GEONAME::1256287,2026-09-03,Silchar,Assam,India,Asia/Kolkata,1256287,Silchar,05:00 AM,05:36 PM,"Saptami upto 02:25 AM, Sep 04","Krittika upto 12:29 AM, Sep 04",Krishna Paksha,Guruwara,Shravana,Simha,
GEONAME::1256287,2026-09-04,Silchar,Assam,India,Asia/Kolkata,1256287,Silchar,05:01 AM,05:35 PM,"Ashtami upto 12:13 AM, Sep 05",Rohini upto 11:04 PM,Krishna Paksha,Shukrawara,Shravana,Simha,
GEONAME::1256287,2026-09-05,Silchar,Assam,India,Asia/Kolkata,1256287,Silchar,05:01 AM,05:34 PM,Navami upto 09:53 PM,Mrigashira upto 09:30 PM,Krishna Paksha,Shaniwara,Shravana,Simha,
GEONAME::1256287,2026-09-06,Silchar,Assam,India,Asia/Kolkata,1256287,Silchar,05:01 AM,05:33 PM,Dashami upto 07:29 PM,Ardra upto 07:52 PM,Krishna Paksha,Raviwara,Shravana,Simha,
GEONAME::1256287,2026-09-07,Silchar,Assam,India,Asia/Kolkata,1256287,Silchar,05:02 AM,05:32 PM,Ekadashi upto 05:03 PM,Punarvasu upto 06:14 PM,Krishna Paksha,Somawara,Shravana,Simha,
GEONAME::1272648,2026-09-01,Dibrugarh,Assam,India,Asia/Kolkata,1272648,Dibrugarh,04:49 AM,05:31 PM,Chaturthi upto 07:41 AM,"Ashwini upto 02:42 AM, Sep 02",Krishna Paksha,Mangalawara,Shravana,Simha,
GEONAME::1272648,2026-09-02,Dibrugarh,Assam,India,Asia/Kolkata,1272648,Dibrugarh,04:50 AM,05:30 PM,"Panchami upto 06:12 AM; Shashthi upto 04:25 AM, Sep 03","Bharani upto 01:43 AM, Sep 03",Krishna Paksha,Budhawara,Shravana,Simha,
GEONAME::1272648,2026-09-03,Dibrugarh,Assam,India,Asia/Kolkata,1272648,Dibrugarh,04:50 AM,05:29 PM,"Saptami upto 02:25 AM, Sep 04","Krittika upto 12:29 AM, Sep 04",Krishna Paksha,Guruwara,Shravana,Simha,
GEONAME::1272648,2026-09-04,Dibrugarh,Assam,India,Asia/Kolkata,1272648,Dibrugarh,04:51 AM,05:28 PM,"Ashtami upto 12:13 AM, Sep 05",Rohini upto 11:04 PM,Krishna Paksha,Shukrawara,Shravana,Simha,
GEONAME::1272648,2026-09-05,Dibrugarh,Assam,India,Asia/Kolkata,1272648,Dibrugarh,04:51 AM,05:27 PM,Navami upto 09:53 PM,Mrigashira upto 09:30 PM,Krishna Paksha,Shaniwara,Shravana,Simha,
GEONAME::1272648,2026-09-06,Dibrugarh,Assam,India,Asia/Kolkata,1272648,Dibrugarh,04:51 AM,05:26 PM,Dashami upto 07:29 PM,Ardra upto 07:52 PM,Krishna Paksha,Raviwara,Shravana,Simha,
GEONAME::1272648,2026-09-07,Dibrugarh,Assam,India,Asia/Kolkata,1272648,Dibrugarh,04:52 AM,05:25 PM,Ekadashi upto 05:03 PM,Punarvasu upto 06:14 PM,Krishna Paksha,Somawara,Shravana,Simha,
GEONAME::1269771,2026-09-01,Imphal,Manipur,India,Asia/Kolkata,1269771,Imphal,04:55 AM,05:33 PM,Chaturthi upto 07:41 AM,"Ashwini upto 02:42 AM, Sep 02",Krishna Paksha,Mangalawara,Shravana,Simha,
GEONAME::1269771,2026-09-02,Imphal,Manipur,India,Asia/Kolkata,1269771,Imphal,04:55 AM,05:32 PM,"Panchami upto 06:12 AM; Shashthi upto 04:25 AM, Sep 03","Bharani upto 01:43 AM, Sep 03",Krishna Paksha,Budhawara,Shravana,Simha,
GEONAME::1269771,2026-09-03,Imphal,Manipur,India,Asia/Kolkata,1269771,Imphal,04:56 AM,05:31 PM,"Saptami upto 02:25 AM, Sep 04","Krittika upto 12:29 AM, Sep 04",Krishna Paksha,Guruwara,Shravana,Simha,
GEONAME::1269771,2026-09-04,Imphal,Manipur,India,Asia/Kolkata,1269771,Imphal,04:56 AM,05:30 PM,"Ashtami upto 12:13 AM, Sep 05",Rohini upto 11:04 PM,Krishna Paksha,Shukrawara,Shravana,Simha,
GEONAME::1269771,2026-09-05,Imphal,Manipur,India,Asia/Kolkata,1269771,Imphal,04:57 AM,05:29 PM,Navami upto 09:53 PM,Mrigashira upto 09:30 PM,Krishna Paksha,Shaniwara,Shravana,Simha,
GEONAME::1269771,2026-09-06,Imphal,Manipur,India,Asia/Kolkata,1269771,Imphal,04:57 AM,05:28 PM,Dashami upto 07:29 PM,Ardra upto 07:52 PM,Krishna Paksha,Raviwara,Shravana,Simha,
GEONAME::1269771,2026-09-07,Imphal,Manipur,India,Asia/Kolkata,1269771,Imphal,04:57 AM,05:27 PM,Ekadashi upto 05:03 PM,Punarvasu upto 06:14 PM,Krishna Paksha,Somawara,Shravana,Simha,
GEONAME::1272552,2026-09-01,Dimapur,Nagaland,India,Asia/Kolkata,1272552,Dimapur,04:55 AM,05:35 PM,Chaturthi upto 07:41 AM,"Ashwini upto 02:42 AM, Sep 02",Krishna Paksha,Mangalawara,Shravana,Simha,
GEONAME::1272552,2026-09-02,Dimapur,Nagaland,India,Asia/Kolkata,1272552,Dimapur,04:55 AM,05:34 PM,"Panchami upto 06:12 AM; Shashthi upto 04:25 AM, Sep 03","Bharani upto 01:43 AM, Sep 03",Krishna Paksha,Budhawara,Shravana,Simha,
GEONAME::1272552,2026-09-03,Dimapur,Nagaland,India,Asia/Kolkata,1272552,Dimapur,04:56 AM,05:33 PM,"Saptami upto 02:25 AM, Sep 04","Krittika upto 12:29 AM, Sep 04",Krishna Paksha,Guruwara,Shravana,Simha,
GEONAME::1272552,2026-09-04,Dimapur,Nagaland,India,Asia/Kolkata,1272552,Dimapur,04:56 AM,05:32 PM,"Ashtami upto 12:13 AM, Sep 05",Rohini upto 11:04 PM,Krishna Paksha,Shukrawara,Shravana,Simha,
GEONAME::1272552,2026-09-05,Dimapur,Nagaland,India,Asia/Kolkata,1272552,Dimapur,04:57 AM,05:31 PM,Navami upto 09:53 PM,Mrigashira upto 09:30 PM,Krishna Paksha,Shaniwara,Shravana,Simha,
GEONAME::1272552,2026-09-06,Dimapur,Nagaland,India,Asia/Kolkata,1272552,Dimapur,04:57 AM,05:29 PM,Dashami upto 07:29 PM,Ardra upto 07:52 PM,Krishna Paksha,Raviwara,Shravana,Simha,
GEONAME::1272552,2026-09-07,Dimapur,Nagaland,India,Asia/Kolkata,1272552,Dimapur,04:58 AM,05:28 PM,Ekadashi upto 05:03 PM,Punarvasu upto 06:14 PM,Krishna Paksha,Somawara,Shravana,Simha,
GEONAME::1269655,2026-09-01,Itanagar,Arunachal Pradesh,India,Asia/Kolkata,1269655,Itanagar,04:55 AM,05:36 PM,Chaturthi upto 07:41 AM,"Ashwini upto 02:42 AM, Sep 02",Krishna Paksha,Mangalawara,Shravana,Simha,
GEONAME::1269655,2026-09-02,Itanagar,Arunachal Pradesh,India,Asia/Kolkata,1269655,Itanagar,04:55 AM,05:35 PM,"Panchami upto 06:12 AM; Shashthi upto 04:25 AM, Sep 03","Bharani upto 01:43 AM, Sep 03",Krishna Paksha,Budhawara,Shravana,Simha,
GEONAME::1269655,2026-09-03,Itanagar,Arunachal Pradesh,India,Asia/Kolkata,1269655,Itanagar,04:56 AM,05:34 PM,"Saptami upto 02:25 AM, Sep 04","Krittika upto 12:29 AM, Sep 04",Krishna Paksha,Guruwara,Shravana,Simha,
GEONAME::1269655,2026-09-04,Itanagar,Arunachal Pradesh,India,Asia/Kolkata,1269655,Itanagar,04:56 AM,05:33 PM,"Ashtami upto 12:13 AM, Sep 05",Rohini upto 11:04 PM,Krishna Paksha,Shukrawara,Shravana,Simha,
GEONAME::1269655,2026-09-05,Itanagar,Arunachal Pradesh,India,Asia/Kolkata,1269655,Itanagar,04:56 AM,05:32 PM,Navami upto 09:53 PM,Mrigashira upto 09:30 PM,Krishna Paksha,Shaniwara,Shravana,Simha,
GEONAME::1269655,2026-09-06,Itanagar,Arunachal Pradesh,India,Asia/Kolkata,1269655,Itanagar,04:57 AM,05:31 PM,Dashami upto 07:29 PM,Ardra upto 07:52 PM,Krishna Paksha,Raviwara,Shravana,Simha,
GEONAME::1269655,2026-09-07,Itanagar,Arunachal Pradesh,India,Asia/Kolkata,1269655,Itanagar,04:57 AM,05:30 PM,Ekadashi upto 05:03 PM,Punarvasu upto 06:14 PM,Krishna Paksha,Somawara,Shravana,Simha,
GEONAME::1264521,2026-09-01,Madurai,Tamil Nadu,India,Asia/Kolkata,1264521,Madurai,06:08 AM,06:27 PM,Chaturthi upto 07:41 AM,"Ashwini upto 02:42 AM, Sep 02",Krishna Paksha,Mangalawara,Shravana,Simha,
GEONAME::1264521,2026-09-02,Madurai,Tamil Nadu,India,Asia/Kolkata,1264521,Madurai,06:08 AM,06:26 PM,"Panchami upto 06:12 AM; Shashthi upto 04:25 AM, Sep 03","Bharani upto 01:43 AM, Sep 03",Krishna Paksha,Budhawara,Shravana,Simha,
GEONAME::1264521,2026-09-03,Madurai,Tamil Nadu,India,Asia/Kolkata,1264521,Madurai,06:08 AM,06:25 PM,"Saptami upto 02:25 AM, Sep 04","Krittika upto 12:29 AM, Sep 04",Krishna Paksha,Guruwara,Shravana,Simha,
GEONAME::1264521,2026-09-04,Madurai,Tamil Nadu,India,Asia/Kolkata,1264521,Madurai,06:08 AM,06:25 PM,"Ashtami upto 12:13 AM, Sep 05",Rohini upto 11:04 PM,Krishna Paksha,Shukrawara,Shravana,Simha,
GEONAME::1264521,2026-09-05,Madurai,Tamil Nadu,India,Asia/Kolkata,1264521,Madurai,06:08 AM,06:24 PM,Navami upto 09:53 PM,Mrigashira upto 09:30 PM,Krishna Paksha,Shaniwara,Shravana,Simha,
GEONAME::1264521,2026-09-06,Madurai,Tamil Nadu,India,Asia/Kolkata,1264521,Madurai,06:08 AM,06:24 PM,Dashami upto 07:29 PM,Ardra upto 07:52 PM,Krishna Paksha,Raviwara,Shravana,Simha,
GEONAME::1264521,2026-09-07,Madurai,Tamil Nadu,India,Asia/Kolkata,1264521,Madurai,06:08 AM,06:23 PM,Ekadashi upto 05:03 PM,Punarvasu upto 06:14 PM,Krishna Paksha,Somawara,Shravana,Simha,
GEONAME::1265683,2026-09-01,Kumbakonam,Tamil Nadu,India,Asia/Kolkata,1265683,Kumbakonam,06:03 AM,06:22 PM,Chaturthi upto 07:41 AM,"Ashwini upto 02:42 AM, Sep 02",Krishna Paksha,Mangalawara,Shravana,Simha,
GEONAME::1265683,2026-09-02,Kumbakonam,Tamil Nadu,India,Asia/Kolkata,1265683,Kumbakonam,06:03 AM,06:22 PM,"Panchami upto 06:12 AM; Shashthi upto 04:25 AM, Sep 03","Bharani upto 01:43 AM, Sep 03",Krishna Paksha,Budhawara,Shravana,Simha,
GEONAME::1265683,2026-09-03,Kumbakonam,Tamil Nadu,India,Asia/Kolkata,1265683,Kumbakonam,06:03 AM,06:21 PM,"Saptami upto 02:25 AM, Sep 04","Krittika upto 12:29 AM, Sep 04",Krishna Paksha,Guruwara,Shravana,Simha,
GEONAME::1265683,2026-09-04,Kumbakonam,Tamil Nadu,India,Asia/Kolkata,1265683,Kumbakonam,06:02 AM,06:20 PM,"Ashtami upto 12:13 AM, Sep 05",Rohini upto 11:04 PM,Krishna Paksha,Shukrawara,Shravana,Simha,
GEONAME::1265683,2026-09-05,Kumbakonam,Tamil Nadu,India,Asia/Kolkata,1265683,Kumbakonam,06:02 AM,06:20 PM,Navami upto 09:53 PM,Mrigashira upto 09:30 PM,Krishna Paksha,Shaniwara,Shravana,Simha,
GEONAME::1265683,2026-09-06,Kumbakonam,Tamil Nadu,India,Asia/Kolkata,1265683,Kumbakonam,06:02 AM,06:19 PM,Dashami upto 07:29 PM,Ardra upto 07:52 PM,Krishna Paksha,Raviwara,Shravana,Simha,
GEONAME::1265683,2026-09-07,Kumbakonam,Tamil Nadu,India,Asia/Kolkata,1265683,Kumbakonam,06:02 AM,06:18 PM,Ekadashi upto 05:03 PM,Punarvasu upto 06:14 PM,Krishna Paksha,Somawara,Shravana,Simha,
GEONAME::1274256,2026-09-01,Chidambaram,Tamil Nadu,India,Asia/Kolkata,1274256,Chidambaram,06:01 AM,06:21 PM,Chaturthi upto 07:41 AM,"Ashwini upto 02:42 AM, Sep 02",Krishna Paksha,Mangalawara,Shravana,Simha,
GEONAME::1274256,2026-09-02,Chidambaram,Tamil Nadu,India,Asia/Kolkata,1274256,Chidambaram,06:01 AM,06:21 PM,"Panchami upto 06:12 AM; Shashthi upto 04:25 AM, Sep 03","Bharani upto 01:43 AM, Sep 03",Krishna Paksha,Budhawara,Shravana,Simha,
GEONAME::1274256,2026-09-03,Chidambaram,Tamil Nadu,India,Asia/Kolkata,1274256,Chidambaram,06:01 AM,06:20 PM,"Saptami upto 02:25 AM, Sep 04","Krittika upto 12:29 AM, Sep 04",Krishna Paksha,Guruwara,Shravana,Simha,
GEONAME::1274256,2026-09-04,Chidambaram,Tamil Nadu,India,Asia/Kolkata,1274256,Chidambaram,06:01 AM,06:19 PM,"Ashtami upto 12:13 AM, Sep 05",Rohini upto 11:04 PM,Krishna Paksha,Shukrawara,Shravana,Simha,
GEONAME::1274256,2026-09-05,Chidambaram,Tamil Nadu,India,Asia/Kolkata,1274256,Chidambaram,06:01 AM,06:19 PM,Navami upto 09:53 PM,Mrigashira upto 09:30 PM,Krishna Paksha,Shaniwara,Shravana,Simha,
GEONAME::1274256,2026-09-06,Chidambaram,Tamil Nadu,India,Asia/Kolkata,1274256,Chidambaram,06:01 AM,06:18 PM,Dashami upto 07:29 PM,Ardra upto 07:52 PM,Krishna Paksha,Raviwara,Shravana,Simha,
GEONAME::1274256,2026-09-07,Chidambaram,Tamil Nadu,India,Asia/Kolkata,1274256,Chidambaram,06:01 AM,06:17 PM,Ekadashi upto 05:03 PM,Punarvasu upto 06:14 PM,Krishna Paksha,Somawara,Shravana,Simha,
GEONAME::1268159,2026-09-01,Kanchipuram,Tamil Nadu,India,Asia/Kolkata,1268159,Kanchipuram,06:00 AM,06:22 PM,Chaturthi upto 07:41 AM,"Ashwini upto 02:42 AM, Sep 02",Krishna Paksha,Mangalawara,Shravana,Simha,
GEONAME::1268159,2026-09-02,Kanchipuram,Tamil Nadu,India,Asia/Kolkata,1268159,Kanchipuram,06:00 AM,06:21 PM,"Panchami upto 06:12 AM; Shashthi upto 04:25 AM, Sep 03","Bharani upto 01:43 AM, Sep 03",Krishna Paksha,Budhawara,Shravana,Simha,
GEONAME::1268159,2026-09-03,Kanchipuram,Tamil Nadu,India,Asia/Kolkata,1268159,Kanchipuram,06:00 AM,06:21 PM,"Saptami upto 02:25 AM, Sep 04","Krittika upto 12:29 AM, Sep 04",Krishna Paksha,Guruwara,Shravana,Simha,
GEONAME::1268159,2026-09-04,Kanchipuram,Tamil Nadu,India,Asia/Kolkata,1268159,Kanchipuram,06:00 AM,06:20 PM,"Ashtami upto 12:13 AM, Sep 05",Rohini upto 11:04 PM,Krishna Paksha,Shukrawara,Shravana,Simha,
GEONAME::1268159,2026-09-05,Kanchipuram,Tamil Nadu,India,Asia/Kolkata,1268159,Kanchipuram,06:00 AM,06:19 PM,Navami upto 09:53 PM,Mrigashira upto 09:30 PM,Krishna Paksha,Shaniwara,Shravana,Simha,
GEONAME::1268159,2026-09-06,Kanchipuram,Tamil Nadu,India,Asia/Kolkata,1268159,Kanchipuram,06:00 AM,06:19 PM,Dashami upto 07:29 PM,Ardra upto 07:52 PM,Krishna Paksha,Raviwara,Shravana,Simha,
GEONAME::1268159,2026-09-07,Kanchipuram,Tamil Nadu,India,Asia/Kolkata,1268159,Kanchipuram,06:00 AM,06:18 PM,Ekadashi upto 05:03 PM,Punarvasu upto 06:14 PM,Krishna Paksha,Somawara,Shravana,Simha,
GEONAME::1254388,2026-09-01,Srirangam,Tamil Nadu,India,Asia/Kolkata,1254388,Tiruchirappalli,06:05 AM,06:25 PM,Chaturthi upto 07:41 AM,"Ashwini upto 02:42 AM, Sep 02",Krishna Paksha,Mangalawara,Shravana,Simha,
GEONAME::1254388,2026-09-02,Srirangam,Tamil Nadu,India,Asia/Kolkata,1254388,Tiruchirappalli,06:05 AM,06:24 PM,"Panchami upto 06:12 AM; Shashthi upto 04:26 AM, Sep 03","Bharani upto 01:43 AM, Sep 03",Krishna Paksha,Budhawara,Shravana,Simha,
GEONAME::1254388,2026-09-03,Srirangam,Tamil Nadu,India,Asia/Kolkata,1254388,Tiruchirappalli,06:05 AM,06:24 PM,"Saptami upto 02:25 AM, Sep 04","Krittika upto 12:29 AM, Sep 04",Krishna Paksha,Guruwara,Shravana,Simha,
GEONAME::1254388,2026-09-04,Srirangam,Tamil Nadu,India,Asia/Kolkata,1254388,Tiruchirappalli,06:05 AM,06:23 PM,"Ashtami upto 12:13 AM, Sep 05",Rohini upto 11:04 PM,Krishna Paksha,Shukrawara,Shravana,Simha,
GEONAME::1254388,2026-09-05,Srirangam,Tamil Nadu,India,Asia/Kolkata,1254388,Tiruchirappalli,06:05 AM,06:22 PM,Navami upto 09:53 PM,Mrigashira upto 09:30 PM,Krishna Paksha,Shaniwara,Shravana,Simha,
GEONAME::1254388,2026-09-06,Srirangam,Tamil Nadu,India,Asia/Kolkata,1254388,Tiruchirappalli,06:05 AM,06:22 PM,Dashami upto 07:29 PM,Ardra upto 07:52 PM,Krishna Paksha,Raviwara,Shravana,Simha,
GEONAME::1254388,2026-09-07,Srirangam,Tamil Nadu,India,Asia/Kolkata,1254388,Tiruchirappalli,06:05 AM,06:21 PM,Ekadashi upto 05:03 PM,Punarvasu upto 06:14 PM,Krishna Paksha,Somawara,Shravana,Simha,
GEONAME::1270603,2026-09-01,Guruvayur,Kerala,India,Asia/Kolkata,1270603,Guruvayur,06:16 AM,06:35 PM,"Chaturthi upto 07:41 AM; Panchami upto 06:12 AM, Sep 02","Ashwini upto 02:42 AM, Sep 02",Krishna Paksha,Mangalawara,Shravana,Simha,
GEONAME::1270603,2026-09-02,Guruvayur,Kerala,India,Asia/Kolkata,1270603,Guruvayur,06:16 AM,06:35 PM,"Shashthi upto 04:25 AM, Sep 03","Bharani upto 01:43 AM, Sep 03",Krishna Paksha,Budhawara,Shravana,Simha,
GEONAME::1270603,2026-09-03,Guruvayur,Kerala,India,Asia/Kolkata,1270603,Guruvayur,06:16 AM,06:34 PM,"Saptami upto 02:25 AM, Sep 04","Krittika upto 12:29 AM, Sep 04",Krishna Paksha,Guruwara,Shravana,Simha,
GEONAME::1270603,2026-09-04,Guruvayur,Kerala,India,Asia/Kolkata,1270603,Guruvayur,06:16 AM,06:34 PM,"Ashtami upto 12:13 AM, Sep 05",Rohini upto 11:04 PM,Krishna Paksha,Shukrawara,Shravana,Simha,
GEONAME::1270603,2026-09-05,Guruvayur,Kerala,India,Asia/Kolkata,1270603,Guruvayur,06:16 AM,06:33 PM,Navami upto 09:53 PM,Mrigashira upto 09:30 PM,Krishna Paksha,Shaniwara,Shravana,Simha,
GEONAME::1270603,2026-09-06,Guruvayur,Kerala,India,Asia/Kolkata,1270603,Guruvayur,06:16 AM,06:32 PM,Dashami upto 07:29 PM,Ardra upto 07:52 PM,Krishna Paksha,Raviwara,Shravana,Simha,
GEONAME::1270603,2026-09-07,Guruvayur,Kerala,India,Asia/Kolkata,1270603,Guruvayur,06:16 AM,06:32 PM,Ekadashi upto 05:03 PM,Punarvasu upto 06:14 PM,Krishna Paksha,Somawara,Shravana,Simha,
GEONAME::1260546,2026-09-01,Pandharpur,Maharashtra,India,Asia/Kolkata,1260546,Pandharpur,06:15 AM,06:43 PM,"Chaturthi upto 07:41 AM; Panchami upto 06:12 AM, Sep 02","Ashwini upto 02:42 AM, Sep 02",Krishna Paksha,Mangalawara,Shravana,Simha,
GEONAME::1260546,2026-09-02,Pandharpur,Maharashtra,India,Asia/Kolkata,1260546,Pandharpur,06:15 AM,06:42 PM,"Shashthi upto 04:25 AM, Sep 03","Bharani upto 01:43 AM, Sep 03",Krishna Paksha,Budhawara,Shravana,Simha,
GEONAME::1260546,2026-09-03,Pandharpur,Maharashtra,India,Asia/Kolkata,1260546,Pandharpur,06:15 AM,06:41 PM,"Saptami upto 02:25 AM, Sep 04","Krittika upto 12:29 AM, Sep 04",Krishna Paksha,Guruwara,Shravana,Simha,
GEONAME::1260546,2026-09-04,Pandharpur,Maharashtra,India,Asia/Kolkata,1260546,Pandharpur,06:15 AM,06:40 PM,"Ashtami upto 12:13 AM, Sep 05",Rohini upto 11:04 PM,Krishna Paksha,Shukrawara,Shravana,Simha,
GEONAME::1260546,2026-09-05,Pandharpur,Maharashtra,India,Asia/Kolkata,1260546,Pandharpur,06:15 AM,06:39 PM,Navami upto 09:53 PM,Mrigashira upto 09:30 PM,Krishna Paksha,Shaniwara,Shravana,Simha,
GEONAME::1260546,2026-09-06,Pandharpur,Maharashtra,India,Asia/Kolkata,1260546,Pandharpur,06:15 AM,06:39 PM,Dashami upto 07:29 PM,Ardra upto 07:52 PM,Krishna Paksha,Raviwara,Shravana,Simha,
GEONAME::1260546,2026-09-07,Pandharpur,Maharashtra,India,Asia/Kolkata,1260546,Pandharpur,06:15 AM,06:38 PM,Ekadashi upto 05:03 PM,Punarvasu upto 06:14 PM,Krishna Paksha,Somawara,Shravana,Simha,
GEONAME::1266285,2026-09-01,Kolhapur,Maharashtra,India,Asia/Kolkata,1266285,Kolhapur,06:20 AM,06:46 PM,"Chaturthi upto 07:41 AM; Panchami upto 06:12 AM, Sep 02","Ashwini upto 02:42 AM, Sep 02",Krishna Paksha,Mangalawara,Shravana,Simha,
GEONAME::1266285,2026-09-02,Kolhapur,Maharashtra,India,Asia/Kolkata,1266285,Kolhapur,06:20 AM,06:46 PM,"Shashthi upto 04:26 AM, Sep 03","Bharani upto 01:43 AM, Sep 03",Krishna Paksha,Budhawara,Shravana,Simha,
GEONAME::1266285,2026-09-03,Kolhapur,Maharashtra,India,Asia/Kolkata,1266285,Kolhapur,06:20 AM,06:45 PM,"Saptami upto 02:25 AM, Sep 04","Krittika upto 12:29 AM, Sep 04",Krishna Paksha,Guruwara,Shravana,Simha,
GEONAME::1266285,2026-09-04,Kolhapur,Maharashtra,India,Asia/Kolkata,1266285,Kolhapur,06:20 AM,06:44 PM,"Ashtami upto 12:13 AM, Sep 05",Rohini upto 11:04 PM,Krishna Paksha,Shukrawara,Shravana,Simha,
GEONAME::1266285,2026-09-05,Kolhapur,Maharashtra,India,Asia/Kolkata,1266285,Kolhapur,06:20 AM,06:43 PM,Navami upto 09:53 PM,Mrigashira upto 09:30 PM,Krishna Paksha,Shaniwara,Shravana,Simha,
GEONAME::1266285,2026-09-06,Kolhapur,Maharashtra,India,Asia/Kolkata,1266285,Kolhapur,06:20 AM,06:42 PM,Dashami upto 07:29 PM,Ardra upto 07:52 PM,Krishna Paksha,Raviwara,Shravana,Simha,
GEONAME::1266285,2026-09-07,Kolhapur,Maharashtra,India,Asia/Kolkata,1266285,Kolhapur,06:20 AM,06:42 PM,Ekadashi upto 05:03 PM,Punarvasu upto 06:14 PM,Krishna Paksha,Somawara,Shravana,Simha,
GEONAME::1262180,2026-09-01,Nagpur,Maharashtra,India,Asia/Kolkata,1262180,Nagpur,05:57 AM,06:30 PM,Chaturthi upto 07:41 AM,"Ashwini upto 02:42 AM, Sep 02",Krishna Paksha,Mangalawara,Shravana,Simha,
GEONAME::1262180,2026-09-02,Nagpur,Maharashtra,India,Asia/Kolkata,1262180,Nagpur,05:57 AM,06:29 PM,"Panchami upto 06:12 AM; Shashthi upto 04:25 AM, Sep 03","Bharani upto 01:43 AM, Sep 03",Krishna Paksha,Budhawara,Shravana,Simha,
GEONAME::1262180,2026-09-03,Nagpur,Maharashtra,India,Asia/Kolkata,1262180,Nagpur,05:58 AM,06:28 PM,"Saptami upto 02:25 AM, Sep 04","Krittika upto 12:29 AM, Sep 04",Krishna Paksha,Guruwara,Shravana,Simha,
GEONAME::1262180,2026-09-04,Nagpur,Maharashtra,India,Asia/Kolkata,1262180,Nagpur,05:58 AM,06:27 PM,"Ashtami upto 12:13 AM, Sep 05",Rohini upto 11:04 PM,Krishna Paksha,Shukrawara,Shravana,Simha,
GEONAME::1262180,2026-09-05,Nagpur,Maharashtra,India,Asia/Kolkata,1262180,Nagpur,05:58 AM,06:26 PM,Navami upto 09:53 PM,Mrigashira upto 09:30 PM,Krishna Paksha,Shaniwara,Shravana,Simha,
GEONAME::1262180,2026-09-06,Nagpur,Maharashtra,India,Asia/Kolkata,1262180,Nagpur,05:58 AM,06:25 PM,Dashami upto 07:29 PM,Ardra upto 07:52 PM,Krishna Paksha,Raviwara,Shravana,Simha,
GEONAME::1262180,2026-09-07,Nagpur,Maharashtra,India,Asia/Kolkata,1262180,Nagpur,05:59 AM,06:24 PM,Ekadashi upto 05:03 PM,Punarvasu upto 06:14 PM,Krishna Paksha,Somawara,Shravana,Simha,
GEONAME::1253102,2026-09-01,Visakhapatnam,Andra Pradesh,India,Asia/Kolkata,1253102,Visakhapatnam,05:43 AM,06:11 PM,Chaturthi upto 07:41 AM,"Ashwini upto 02:42 AM, Sep 02",Krishna Paksha,Mangalawara,Shravana,Simha,
GEONAME::1253102,2026-09-02,Visakhapatnam,Andra Pradesh,India,Asia/Kolkata,1253102,Visakhapatnam,05:43 AM,06:10 PM,"Panchami upto 06:12 AM; Shashthi upto 04:25 AM, Sep 03","Bharani upto 01:43 AM, Sep 03",Krishna Paksha,Budhawara,Shravana,Simha,
GEONAME::1253102,2026-09-03,Visakhapatnam,Andra Pradesh,India,Asia/Kolkata,1253102,Visakhapatnam,05:43 AM,06:10 PM,"Saptami upto 02:25 AM, Sep 04","Krittika upto 12:29 AM, Sep 04",Krishna Paksha,Guruwara,Shravana,Simha,
GEONAME::1253102,2026-09-04,Visakhapatnam,Andra Pradesh,India,Asia/Kolkata,1253102,Visakhapatnam,05:44 AM,06:09 PM,"Ashtami upto 12:13 AM, Sep 05",Rohini upto 11:04 PM,Krishna Paksha,Shukrawara,Shravana,Simha,
GEONAME::1253102,2026-09-05,Visakhapatnam,Andra Pradesh,India,Asia/Kolkata,1253102,Visakhapatnam,05:44 AM,06:08 PM,Navami upto 09:53 PM,Mrigashira upto 09:30 PM,Krishna Paksha,Shaniwara,Shravana,Simha,
GEONAME::1253102,2026-09-06,Visakhapatnam,Andra Pradesh,India,Asia/Kolkata,1253102,Visakhapatnam,05:44 AM,06:07 PM,Dashami upto 07:29 PM,Ardra upto 07:52 PM,Krishna Paksha,Raviwara,Shravana,Simha,
GEONAME::1253102,2026-09-07,Visakhapatnam,Andra Pradesh,India,Asia/Kolkata,1253102,Visakhapatnam,05:44 AM,06:06 PM,Ekadashi upto 05:03 PM,Punarvasu upto 06:14 PM,Krishna Paksha,Somawara,Shravana,Simha,
GEONAME::292223,2026-09-01,Dubai,Dubai,United Arab Emirates,Asia/Dubai,292223,Dubai,06:00 AM,06:38 PM,"Chaturthi upto 06:11 AM; Panchami upto 04:42 AM, Sep 02","Ashwini upto 01:12 AM, Sep 02",Krishna Paksha,Mangalawara,Shravana,Simha,
GEONAME::292223,2026-09-02,Dubai,Dubai,United Arab Emirates,Asia/Dubai,292223,Dubai,06:00 AM,06:37 PM,"Shashthi upto 02:55 AM, Sep 03","Bharani upto 12:13 AM, Sep 03",Krishna Paksha,Budhawara,Shravana,Simha,
GEONAME::292223,2026-09-03,Dubai,Dubai,United Arab Emirates,Asia/Dubai,292223,Dubai,06:01 AM,06:36 PM,"Saptami upto 12:55 AM, Sep 04",Krittika upto 10:59 PM,Krishna Paksha,Guruwara,Shravana,Simha,
GEONAME::292223,2026-09-04,Dubai,Dubai,United Arab Emirates,Asia/Dubai,292223,Dubai,06:01 AM,06:35 PM,Ashtami upto 10:43 PM,Rohini upto 09:34 PM,Krishna Paksha,Shukrawara,Shravana,Simha,
GEONAME::292223,2026-09-05,Dubai,Dubai,United Arab Emirates,Asia/Dubai,292223,Dubai,06:02 AM,06:34 PM,Navami upto 08:23 PM,Mrigashira upto 08:00 PM,Krishna Paksha,Shaniwara,Shravana,Simha,
GEONAME::292223,2026-09-06,Dubai,Dubai,United Arab Emirates,Asia/Dubai,292223,Dubai,06:02 AM,06:33 PM,Dashami upto 05:59 PM,Ardra upto 06:22 PM,Krishna Paksha,Raviwara,Shravana,Simha,
GEONAME::292223,2026-09-07,Dubai,Dubai,United Arab Emirates,Asia/Dubai,292223,Dubai,06:02 AM,06:32 PM,Ekadashi upto 03:33 PM,Punarvasu upto 04:44 PM,Krishna Paksha,Somawara,Shravana,Simha,
GEONAME::290030,2026-09-01,Doha,Baladīyat ad Dawḩah,Qatar,Asia/Qatar,290030,Doha,05:14 AM,05:53 PM,"Panchami upto 03:42 AM, Sep 02","Ashwini upto 12:12 AM, Sep 02",Krishna Paksha,Mangalawara,Shravana,Simha,
GEONAME::290030,2026-09-02,Doha,Baladīyat ad Dawḩah,Qatar,Asia/Qatar,290030,Doha,05:15 AM,05:52 PM,"Shashthi upto 01:56 AM, Sep 03",Bharani upto 11:13 PM,Krishna Paksha,Budhawara,Shravana,Simha,
GEONAME::290030,2026-09-03,Doha,Baladīyat ad Dawḩah,Qatar,Asia/Qatar,290030,Doha,05:15 AM,05:51 PM,Saptami upto 11:55 PM,Krittika upto 09:59 PM,Krishna Paksha,Guruwara,Shravana,Simha,
GEONAME::290030,2026-09-04,Doha,Baladīyat ad Dawḩah,Qatar,Asia/Qatar,290030,Doha,05:16 AM,05:50 PM,Ashtami upto 09:43 PM,Rohini upto 08:34 PM,Krishna Paksha,Shukrawara,Shravana,Simha,
GEONAME::290030,2026-09-05,Doha,Baladīyat ad Dawḩah,Qatar,Asia/Qatar,290030,Doha,05:16 AM,05:49 PM,Navami upto 07:23 PM,Mrigashira upto 07:00 PM,Krishna Paksha,Shaniwara,Shravana,Simha,
GEONAME::290030,2026-09-06,Doha,Baladīyat ad Dawḩah,Qatar,Asia/Qatar,290030,Doha,05:16 AM,05:48 PM,Dashami upto 04:59 PM,Ardra upto 05:22 PM,Krishna Paksha,Raviwara,Shravana,Simha,
GEONAME::290030,2026-09-07,Doha,Baladīyat ad Dawḩah,Qatar,Asia/Qatar,290030,Doha,05:17 AM,05:47 PM,Ekadashi upto 02:33 PM,Punarvasu upto 03:44 PM,Krishna Paksha,Somawara,Shravana,Simha,
GEONAME::2657896,2026-09-01,Zurich,Zurich,Switzerland,Europe/Zurich,2657896,Zurich,06:45 AM,08:06 PM,"Panchami upto 02:42 AM, Sep 02",Ashwini upto 11:12 PM,Krishna Paksha,Mangalawara,Shravana,Simha,
GEONAME::2657896,2026-09-02,Zurich,Zurich,Switzerland,Europe/Zurich,2657896,Zurich,06:46 AM,08:04 PM,"Shashthi upto 12:56 AM, Sep 03",Bharani upto 10:13 PM,Krishna Paksha,Budhawara,Shravana,Simha,
GEONAME::2657896,2026-09-03,Zurich,Zurich,Switzerland,Europe/Zurich,2657896,Zurich,06:47 AM,08:02 PM,Saptami upto 10:55 PM,Krittika upto 08:59 PM,Krishna Paksha,Guruwara,Shravana,Simha,
GEONAME::2657896,2026-09-04,Zurich,Zurich,Switzerland,Europe/Zurich,2657896,Zurich,06:48 AM,08:00 PM,Ashtami upto 08:43 PM,Rohini upto 07:34 PM,Krishna Paksha,Shukrawara,Shravana,Simha,
GEONAME::2657896,2026-09-05,Zurich,Zurich,Switzerland,Europe/Zurich,2657896,Zurich,06:50 AM,07:58 PM,Navami upto 06:23 PM,Mrigashira upto 06:00 PM,Krishna Paksha,Shaniwara,Shravana,Simha,
GEONAME::2657896,2026-09-06,Zurich,Zurich,Switzerland,Europe/Zurich,2657896,Zurich,06:51 AM,07:56 PM,Dashami upto 03:59 PM,Ardra upto 04:22 PM,Krishna Paksha,Raviwara,Shravana,Simha,
GEONAME::2657896,2026-09-07,Zurich,Zurich,Switzerland,Europe/Zurich,2657896,Zurich,06:52 AM,07:54 PM,Ekadashi upto 01:33 PM,Punarvasu upto 02:44 PM,Krishna Paksha,Somawara,Shravana,Simha,
GEONAME::2928751,2026-09-01,Esslingen,Esslingen,Germany,Europe/Berlin,2928751,Esslingen,06:40 AM,08:05 PM,"Panchami upto 02:42 AM, Sep 02",Ashwini upto 11:12 PM,Krishna Paksha,Mangalawara,Shravana,Simha,
GEONAME::2928751,2026-09-02,Esslingen,Esslingen,Germany,Europe/Berlin,2928751,Esslingen,06:41 AM,08:03 PM,"Shashthi upto 12:55 AM, Sep 03",Bharani upto 10:13 PM,Krishna Paksha,Budhawara,Shravana,Simha,
GEONAME::2928751,2026-09-03,Esslingen,Esslingen,Germany,Europe/Berlin,2928751,Esslingen,06:42 AM,08:01 PM,Saptami upto 10:55 PM,Krittika upto 08:59 PM,Krishna Paksha,Guruwara,Shravana,Simha,
GEONAME::2928751,2026-09-04,Esslingen,Esslingen,Germany,Europe/Berlin,2928751,Esslingen,06:44 AM,07:59 PM,Ashtami upto 08:43 PM,Rohini upto 07:34 PM,Krishna Paksha,Shukrawara,Shravana,Simha,
GEONAME::2928751,2026-09-05,Esslingen,Esslingen,Germany,Europe/Berlin,2928751,Esslingen,06:45 AM,07:57 PM,Navami upto 06:23 PM,Mrigashira upto 06:00 PM,Krishna Paksha,Shaniwara,Shravana,Simha,
GEONAME::2928751,2026-09-06,Esslingen,Esslingen,Germany,Europe/Berlin,2928751,Esslingen,06:47 AM,07:55 PM,Dashami upto 03:59 PM,Ardra upto 04:22 PM,Krishna Paksha,Raviwara,Shravana,Simha,
GEONAME::2928751,2026-09-07,Esslingen,Esslingen,Germany,Europe/Berlin,2928751,Esslingen,06:48 AM,07:53 PM,Ekadashi upto 01:33 PM,Punarvasu upto 02:44 PM,Krishna Paksha,Somawara,Shravana,Simha,
GEONAME::1278094,2026-09-01,Ayodhya,Uttar Pradesh,India,Asia/Kolkata,1278094,Ajodhya,05:41 AM,06:21 PM,Chaturthi upto 07:41 AM,"Ashwini upto 02:42 AM, Sep 02",Krishna Paksha,Mangalawara,Shravana,Simha,
GEONAME::1278094,2026-09-02,Ayodhya,Uttar Pradesh,India,Asia/Kolkata,1278094,Ajodhya,05:41 AM,06:20 PM,"Panchami upto 06:12 AM; Shashthi upto 04:25 AM, Sep 03","Bharani upto 01:43 AM, Sep 03",Krishna Paksha,Budhawara,Shravana,Simha,
GEONAME::1278094,2026-09-03,Ayodhya,Uttar Pradesh,India,Asia/Kolkata,1278094,Ajodhya,05:41 AM,06:19 PM,"Saptami upto 02:25 AM, Sep 04","Krittika upto 12:29 AM, Sep 04",Krishna Paksha,Guruwara,Shravana,Simha,
GEONAME::1278094,2026-09-04,Ayodhya,Uttar Pradesh,India,Asia/Kolkata,1278094,Ajodhya,05:42 AM,06:18 PM,"Ashtami upto 12:13 AM, Sep 05",Rohini upto 11:04 PM,Krishna Paksha,Shukrawara,Shravana,Simha,
GEONAME::1278094,2026-09-05,Ayodhya,Uttar Pradesh,India,Asia/Kolkata,1278094,Ajodhya,05:42 AM,06:17 PM,Navami upto 09:53 PM,Mrigashira upto 09:30 PM,Krishna Paksha,Shaniwara,Shravana,Simha,
GEONAME::1278094,2026-09-06,Ayodhya,Uttar Pradesh,India,Asia/Kolkata,1278094,Ajodhya,05:43 AM,06:16 PM,Dashami upto 07:29 PM,Ardra upto 07:52 PM,Krishna Paksha,Raviwara,Shravana,Simha,
GEONAME::1278094,2026-09-07,Ayodhya,Uttar Pradesh,India,Asia/Kolkata,1278094,Ajodhya,05:43 AM,06:15 PM,Ekadashi upto 05:03 PM,Punarvasu upto 06:14 PM,Krishna Paksha,Somawara,Shravana,Simha,
GEONAME::5131614,2026-09-01,Pittsford,New York,United States,America/New_York,5131614,Pittsford,06:35 AM,07:45 PM,Panchami upto 08:42 PM,Ashwini upto 05:12 PM,Krishna Paksha,Mangalawara,Shravana,Simha,
GEONAME::5131614,2026-09-02,Pittsford,New York,United States,America/New_York,5131614,Pittsford,06:36 AM,07:43 PM,Shashthi upto 06:55 PM,Bharani upto 04:13 PM,Krishna Paksha,Budhawara,Shravana,Simha,
GEONAME::5131614,2026-09-03,Pittsford,New York,United States,America/New_York,5131614,Pittsford,06:37 AM,07:41 PM,Saptami upto 04:55 PM,Krittika upto 02:59 PM,Krishna Paksha,Guruwara,Shravana,Simha,
GEONAME::5131614,2026-09-04,Pittsford,New York,United States,America/New_York,5131614,Pittsford,06:38 AM,07:40 PM,Ashtami upto 02:43 PM,Rohini upto 01:34 PM,Krishna Paksha,Shukrawara,Shravana,Simha,
GEONAME::5131614,2026-09-05,Pittsford,New York,United States,America/New_York,5131614,Pittsford,06:39 AM,07:38 PM,Navami upto 12:23 PM,Mrigashira upto 12:00 PM,Krishna Paksha,Shaniwara,Shravana,Simha,
GEONAME::5131614,2026-09-06,Pittsford,New York,United States,America/New_York,5131614,Pittsford,06:40 AM,07:36 PM,Dashami upto 09:59 AM,Ardra upto 10:22 AM,Krishna Paksha,Raviwara,Shravana,Simha,
GEONAME::5131614,2026-09-07,Pittsford,New York,United States,America/New_York,5131614,Pittsford,06:41 AM,07:34 PM,"Ekadashi upto 07:33 AM; Dwadashi upto 05:12 AM, Sep 08",Punarvasu upto 08:44 AM,Krishna Paksha,Somawara,Shravana,Simha,
GEONAME::5119251,2026-09-01,Greece,New York,United States,America/New_York,5119251,Greece,06:35 AM,07:46 PM,Panchami upto 08:42 PM,Ashwini upto 05:12 PM,Krishna Paksha,Mangalawara,Shravana,Simha,
GEONAME::5119251,2026-09-02,Greece,New York,United States,America/New_York,5119251,Greece,06:36 AM,07:44 PM,Shashthi upto 06:55 PM,Bharani upto 04:13 PM,Krishna Paksha,Budhawara,Shravana,Simha,
GEONAME::5119251,2026-09-03,Greece,New York,United States,America/New_York,5119251,Greece,06:37 AM,07:42 PM,Saptami upto 04:55 PM,Krittika upto 02:59 PM,Krishna Paksha,Guruwara,Shravana,Simha,
GEONAME::5119251,2026-09-04,Greece,New York,United States,America/New_York,5119251,Greece,06:38 AM,07:40 PM,Ashtami upto 02:43 PM,Rohini upto 01:34 PM,Krishna Paksha,Shukrawara,Shravana,Simha,
GEONAME::5119251,2026-09-05,Greece,New York,United States,America/New_York,5119251,Greece,06:40 AM,07:39 PM,Navami upto 12:23 PM,Mrigashira upto 12:00 PM,Krishna Paksha,Shaniwara,Shravana,Simha,
GEONAME::5119251,2026-09-06,Greece,New York,United States,America/New_York,5119251,Greece,06:41 AM,07:37 PM,Dashami upto 09:59 AM,Ardra upto 10:22 AM,Krishna Paksha,Raviwara,Shravana,Simha,
GEONAME::5119251,2026-09-07,Greece,New York,United States,America/New_York,5119251,Greece,06:42 AM,07:35 PM,"Ekadashi upto 07:33 AM; Dwadashi upto 05:12 AM, Sep 08",Punarvasu upto 08:44 AM,Krishna Paksha,Somawara,Shravana,Simha,
GEONAME::5140405,2026-09-01,Syracuse,New York,United States,America/New_York,5140405,Syracuse,06:29 AM,07:39 PM,Panchami upto 08:42 PM,Ashwini upto 05:12 PM,Krishna Paksha,Mangalawara,Shravana,Simha,
GEONAME::5140405,2026-09-02,Syracuse,New York,United States,America/New_York,5140405,Syracuse,06:30 AM,07:38 PM,Shashthi upto 06:55 PM,Bharani upto 04:13 PM,Krishna Paksha,Budhawara,Shravana,Simha,
GEONAME::5140405,2026-09-03,Syracuse,New York,United States,America/New_York,5140405,Syracuse,06:31 AM,07:36 PM,Saptami upto 04:55 PM,Krittika upto 02:59 PM,Krishna Paksha,Guruwara,Shravana,Simha,
GEONAME::5140405,2026-09-04,Syracuse,New York,United States,America/New_York,5140405,Syracuse,06:32 AM,07:34 PM,Ashtami upto 02:43 PM,Rohini upto 01:34 PM,Krishna Paksha,Shukrawara,Shravana,Simha,
GEONAME::5140405,2026-09-05,Syracuse,New York,United States,America/New_York,5140405,Syracuse,06:33 AM,07:32 PM,Navami upto 12:23 PM,Mrigashira upto 12:00 PM,Krishna Paksha,Shaniwara,Shravana,Simha,
GEONAME::5140405,2026-09-06,Syracuse,New York,United States,America/New_York,5140405,Syracuse,06:35 AM,07:31 PM,Dashami upto 09:59 AM,Ardra upto 10:22 AM,Krishna Paksha,Raviwara,Shravana,Simha,
GEONAME::5140405,2026-09-07,Syracuse,New York,United States,America/New_York,5140405,Syracuse,06:36 AM,07:29 PM,"Ekadashi upto 07:33 AM; Dwadashi upto 05:12 AM, Sep 08",Punarvasu upto 08:44 AM,Krishna Paksha,Somawara,Shravana,Simha,
GEONAME::4256038,2026-09-01,Columbus,Indiana,United States,America/Indiana/Indianapolis,4256038,Columbus,07:12 AM,08:14 PM,Panchami upto 08:42 PM,Ashwini upto 05:12 PM,Krishna Paksha,Mangalawara,Shravana,Simha,
GEONAME::4256038,2026-09-02,Columbus,Indiana,United States,America/Indiana/Indianapolis,4256038,Columbus,07:13 AM,08:13 PM,Shashthi upto 06:55 PM,Bharani upto 04:13 PM,Krishna Paksha,Budhawara,Shravana,Simha,
GEONAME::4256038,2026-09-03,Columbus,Indiana,United States,America/Indiana/Indianapolis,4256038,Columbus,07:14 AM,08:11 PM,Saptami upto 04:55 PM,Krittika upto 02:59 PM,Krishna Paksha,Guruwara,Shravana,Simha,
GEONAME::4256038,2026-09-04,Columbus,Indiana,United States,America/Indiana/Indianapolis,4256038,Columbus,07:15 AM,08:10 PM,Ashtami upto 02:43 PM,Rohini upto 01:34 PM,Krishna Paksha,Shukrawara,Shravana,Simha,
GEONAME::4256038,2026-09-05,Columbus,Indiana,United States,America/Indiana/Indianapolis,4256038,Columbus,07:16 AM,08:08 PM,Navami upto 12:23 PM,Mrigashira upto 12:00 PM,Krishna Paksha,Shaniwara,Shravana,Simha,
GEONAME::4256038,2026-09-06,Columbus,Indiana,United States,America/Indiana/Indianapolis,4256038,Columbus,07:17 AM,08:06 PM,Dashami upto 09:59 AM,Ardra upto 10:22 AM,Krishna Paksha,Raviwara,Shravana,Simha,
GEONAME::4256038,2026-09-07,Columbus,Indiana,United States,America/Indiana/Indianapolis,4256038,Columbus,07:18 AM,08:05 PM,"Ekadashi upto 07:33 AM; Dwadashi upto 05:12 AM, Sep 08","Punarvasu upto 08:44 AM; Pushya upto 07:09 AM, Sep 08",Krishna Paksha,Somawara,Shravana,Simha,
GEONAME::4487042,2026-09-01,Raleigh,North Carolina,United States,America/New_York,4487042,Raleigh,06:47 AM,07:42 PM,Panchami upto 08:42 PM,Ashwini upto 05:12 PM,Krishna Paksha,Mangalawara,Shravana,Simha,
GEONAME::4487042,2026-09-02,Raleigh,North Carolina,United States,America/New_York,4487042,Raleigh,06:47 AM,07:40 PM,Shashthi upto 06:55 PM,Bharani upto 04:13 PM,Krishna Paksha,Budhawara,Shravana,Simha,
GEONAME::4487042,2026-09-03,Raleigh,North Carolina,United States,America/New_York,4487042,Raleigh,06:48 AM,07:39 PM,Saptami upto 04:55 PM,Krittika upto 02:59 PM,Krishna Paksha,Guruwara,Shravana,Simha,
GEONAME::4487042,2026-09-04,Raleigh,North Carolina,United States,America/New_York,4487042,Raleigh,06:49 AM,07:38 PM,Ashtami upto 02:43 PM,Rohini upto 01:34 PM,Krishna Paksha,Shukrawara,Shravana,Simha,
GEONAME::4487042,2026-09-05,Raleigh,North Carolina,United States,America/New_York,4487042,Raleigh,06:50 AM,07:36 PM,Navami upto 12:23 PM,Mrigashira upto 12:00 PM,Krishna Paksha,Shaniwara,Shravana,Simha,
GEONAME::4487042,2026-09-06,Raleigh,North Carolina,United States,America/New_York,4487042,Raleigh,06:50 AM,07:35 PM,Dashami upto 09:59 AM,Ardra upto 10:22 AM,Krishna Paksha,Raviwara,Shravana,Simha,
GEONAME::4487042,2026-09-07,Raleigh,North Carolina,United States,America/New_York,4487042,Raleigh,06:51 AM,07:33 PM,"Ekadashi upto 07:33 AM; Dwadashi upto 05:12 AM, Sep 08",Punarvasu upto 08:44 AM,Krishna Paksha,Somawara,Shravana,Simha,
GEONAME::4460243,2026-09-01,Charlotte,North Carolina,United States,America/New_York,4460243,Charlotte,06:56 AM,07:50 PM,Panchami upto 08:42 PM,Ashwini upto 05:12 PM,Krishna Paksha,Mangalawara,Shravana,Simha,
GEONAME::4460243,2026-09-02,Charlotte,North Carolina,United States,America/New_York,4460243,Charlotte,06:57 AM,07:49 PM,Shashthi upto 06:55 PM,Bharani upto 04:13 PM,Krishna Paksha,Budhawara,Shravana,Simha,
GEONAME::4460243,2026-09-03,Charlotte,North Carolina,United States,America/New_York,4460243,Charlotte,06:58 AM,07:47 PM,Saptami upto 04:55 PM,Krittika upto 02:59 PM,Krishna Paksha,Guruwara,Shravana,Simha,
GEONAME::4460243,2026-09-04,Charlotte,North Carolina,United States,America/New_York,4460243,Charlotte,06:58 AM,07:46 PM,Ashtami upto 02:43 PM,Rohini upto 01:34 PM,Krishna Paksha,Shukrawara,Shravana,Simha,
GEONAME::4460243,2026-09-05,Charlotte,North Carolina,United States,America/New_York,4460243,Charlotte,06:59 AM,07:45 PM,Navami upto 12:23 PM,Mrigashira upto 12:00 PM,Krishna Paksha,Shaniwara,Shravana,Simha,
GEONAME::4460243,2026-09-06,Charlotte,North Carolina,United States,America/New_York,4460243,Charlotte,07:00 AM,07:43 PM,Dashami upto 09:59 AM,Ardra upto 10:22 AM,Krishna Paksha,Raviwara,Shravana,Simha,
GEONAME::4460243,2026-09-07,Charlotte,North Carolina,United States,America/New_York,4460243,Charlotte,07:00 AM,07:42 PM,"Ekadashi upto 07:33 AM; Dwadashi upto 05:12 AM, Sep 08",Punarvasu upto 08:44 AM,Krishna Paksha,Somawara,Shravana,Simha,
GEONAME::1277333,2026-09-01,Bengaluru,Karnataka,India,Asia/Kolkata,1277333,Bengaluru,06:09 AM,06:31 PM,Chaturthi upto 07:41 AM,"Ashwini upto 02:42 AM, Sep 02",Krishna Paksha,Mangalawara,Shravana,Simha,
GEONAME::1277333,2026-09-02,Bengaluru,Karnataka,India,Asia/Kolkata,1277333,Bengaluru,06:09 AM,06:30 PM,"Panchami upto 06:12 AM; Shashthi upto 04:25 AM, Sep 03","Bharani upto 01:43 AM, Sep 03",Krishna Paksha,Budhawara,Shravana,Simha,
GEONAME::1277333,2026-09-03,Bengaluru,Karnataka,India,Asia/Kolkata,1277333,Bengaluru,06:09 AM,06:29 PM,"Saptami upto 02:25 AM, Sep 04","Krittika upto 12:29 AM, Sep 04",Krishna Paksha,Guruwara,Shravana,Simha,
GEONAME::1277333,2026-09-04,Bengaluru,Karnataka,India,Asia/Kolkata,1277333,Bengaluru,06:09 AM,06:29 PM,"Ashtami upto 12:13 AM, Sep 05",Rohini upto 11:04 PM,Krishna Paksha,Shukrawara,Shravana,Simha,
GEONAME::1277333,2026-09-05,Bengaluru,Karnataka,India,Asia/Kolkata,1277333,Bengaluru,06:09 AM,06:28 PM,Navami upto 09:53 PM,Mrigashira upto 09:30 PM,Krishna Paksha,Shaniwara,Shravana,Simha,
GEONAME::1277333,2026-09-06,Bengaluru,Karnataka,India,Asia/Kolkata,1277333,Bengaluru,06:09 AM,06:27 PM,Dashami upto 07:29 PM,Ardra upto 07:52 PM,Krishna Paksha,Raviwara,Shravana,Simha,
GEONAME::1277333,2026-09-07,Bengaluru,Karnataka,India,Asia/Kolkata,1277333,Bengaluru,06:09 AM,06:27 PM,Ekadashi upto 05:03 PM,Punarvasu upto 06:14 PM,Krishna Paksha,Somawara,Shravana,Simha,
GEONAME::1262321,2026-09-01,Mysuru,Karnataka,India,Asia/Kolkata,1262321,Mysuru,06:13 AM,06:34 PM,"Chaturthi upto 07:41 AM; Panchami upto 06:12 AM, Sep 02","Ashwini upto 02:42 AM, Sep 02",Krishna Paksha,Mangalawara,Shravana,Simha,
GEONAME::1262321,2026-09-02,Mysuru,Karnataka,India,Asia/Kolkata,1262321,Mysuru,06:13 AM,06:33 PM,"Shashthi upto 04:25 AM, Sep 03","Bharani upto 01:43 AM, Sep 03",Krishna Paksha,Budhawara,Shravana,Simha,
GEONAME::1262321,2026-09-03,Mysuru,Karnataka,India,Asia/Kolkata,1262321,Mysuru,06:13 AM,06:33 PM,"Saptami upto 02:25 AM, Sep 04","Krittika upto 12:29 AM, Sep 04",Krishna Paksha,Guruwara,Shravana,Simha,
GEONAME::1262321,2026-09-04,Mysuru,Karnataka,India,Asia/Kolkata,1262321,Mysuru,06:13 AM,06:32 PM,"Ashtami upto 12:13 AM, Sep 05",Rohini upto 11:04 PM,Krishna Paksha,Shukrawara,Shravana,Simha,
GEONAME::1262321,2026-09-05,Mysuru,Karnataka,India,Asia/Kolkata,1262321,Mysuru,06:13 AM,06:31 PM,Navami upto 09:53 PM,Mrigashira upto 09:30 PM,Krishna Paksha,Shaniwara,Shravana,Simha,
GEONAME::1262321,2026-09-06,Mysuru,Karnataka,India,Asia/Kolkata,1262321,Mysuru,06:13 AM,06:31 PM,Dashami upto 07:29 PM,Ardra upto 07:52 PM,Krishna Paksha,Raviwara,Shravana,Simha,
GEONAME::1262321,2026-09-07,Mysuru,Karnataka,India,Asia/Kolkata,1262321,Mysuru,06:13 AM,06:30 PM,Ekadashi upto 05:03 PM,Punarvasu upto 06:14 PM,Krishna Paksha,Somawara,Shravana,Simha,
GEONAME::1263780,2026-09-01,Mangalore,Karnataka,India,Asia/Kolkata,1263780,Mangalore,06:20 AM,06:41 PM,"Chaturthi upto 07:41 AM; Panchami upto 06:12 AM, Sep 02","Ashwini upto 02:42 AM, Sep 02",Krishna Paksha,Mangalawara,Shravana,Simha,
GEONAME::1263780,2026-09-02,Mangalore,Karnataka,India,Asia/Kolkata,1263780,Mangalore,06:20 AM,06:41 PM,"Shashthi upto 04:25 AM, Sep 03","Bharani upto 01:43 AM, Sep 03",Krishna Paksha,Budhawara,Shravana,Simha,
GEONAME::1263780,2026-09-03,Mangalore,Karnataka,India,Asia/Kolkata,1263780,Mangalore,06:20 AM,06:40 PM,"Saptami upto 02:25 AM, Sep 04","Krittika upto 12:29 AM, Sep 04",Krishna Paksha,Guruwara,Shravana,Simha,
GEONAME::1263780,2026-09-04,Mangalore,Karnataka,India,Asia/Kolkata,1263780,Mangalore,06:20 AM,06:39 PM,"Ashtami upto 12:13 AM, Sep 05",Rohini upto 11:04 PM,Krishna Paksha,Shukrawara,Shravana,Simha,
GEONAME::1263780,2026-09-05,Mangalore,Karnataka,India,Asia/Kolkata,1263780,Mangalore,06:20 AM,06:39 PM,Navami upto 09:53 PM,Mrigashira upto 09:30 PM,Krishna Paksha,Shaniwara,Shravana,Simha,
GEONAME::1263780,2026-09-06,Mangalore,Karnataka,India,Asia/Kolkata,1263780,Mangalore,06:20 AM,06:38 PM,Dashami upto 07:29 PM,Ardra upto 07:52 PM,Krishna Paksha,Raviwara,Shravana,Simha,
GEONAME::1263780,2026-09-07,Mangalore,Karnataka,India,Asia/Kolkata,1263780,Mangalore,06:20 AM,06:37 PM,Ekadashi upto 05:03 PM,Punarvasu upto 06:14 PM,Krishna Paksha,Somawara,Shravana,Simha,
GEONAME::1253952,2026-09-01,Udupi,Karnataka,India,Asia/Kolkata,1253952,Udipi,06:20 AM,06:42 PM,"Chaturthi upto 07:41 AM; Panchami upto 06:12 AM, Sep 02","Ashwini upto 02:42 AM, Sep 02",Krishna Paksha,Mangalawara,Shravana,Simha,
GEONAME::1253952,2026-09-02,Udupi,Karnataka,India,Asia/Kolkata,1253952,Udipi,06:20 AM,06:42 PM,"Shashthi upto 04:25 AM, Sep 03","Bharani upto 01:43 AM, Sep 03",Krishna Paksha,Budhawara,Shravana,Simha,
GEONAME::1253952,2026-09-03,Udupi,Karnataka,India,Asia/Kolkata,1253952,Udipi,06:20 AM,06:41 PM,"Saptami upto 02:25 AM, Sep 04","Krittika upto 12:29 AM, Sep 04",Krishna Paksha,Guruwara,Shravana,Simha,
GEONAME::1253952,2026-09-04,Udupi,Karnataka,India,Asia/Kolkata,1253952,Udipi,06:20 AM,06:40 PM,"Ashtami upto 12:13 AM, Sep 05",Rohini upto 11:04 PM,Krishna Paksha,Shukrawara,Shravana,Simha,
GEONAME::1253952,2026-09-05,Udupi,Karnataka,India,Asia/Kolkata,1253952,Udipi,06:20 AM,06:39 PM,Navami upto 09:53 PM,Mrigashira upto 09:30 PM,Krishna Paksha,Shaniwara,Shravana,Simha,
GEONAME::1253952,2026-09-06,Udupi,Karnataka,India,Asia/Kolkata,1253952,Udipi,06:20 AM,06:39 PM,Dashami upto 07:29 PM,Ardra upto 07:52 PM,Krishna Paksha,Raviwara,Shravana,Simha,
GEONAME::1253952,2026-09-07,Udupi,Karnataka,India,Asia/Kolkata,1253952,Udipi,06:20 AM,06:38 PM,Ekadashi upto 05:03 PM,Punarvasu upto 06:14 PM,Krishna Paksha,Somawara,Shravana,Simha,
GEONAME::1255364,2026-09-01,Surat,Gujarat,India,Asia/Kolkata,1255364,Surat,06:22 AM,06:55 PM,"Chaturthi upto 07:41 AM; Panchami upto 06:12 AM, Sep 02","Ashwini upto 02:42 AM, Sep 02",Krishna Paksha,Mangalawara,Shravana,Simha,
GEONAME::1255364,2026-09-02,Surat,Gujarat,India,Asia/Kolkata,1255364,Surat,06:22 AM,06:54 PM,"Shashthi upto 04:25 AM, Sep 03","Bharani upto 01:43 AM, Sep 03",Krishna Paksha,Budhawara,Shravana,Simha,
GEONAME::1255364,2026-09-03,Surat,Gujarat,India,Asia/Kolkata,1255364,Surat,06:23 AM,06:53 PM,"Saptami upto 02:25 AM, Sep 04","Krittika upto 12:29 AM, Sep 04",Krishna Paksha,Guruwara,Shravana,Simha,
GEONAME::1255364,2026-09-04,Surat,Gujarat,India,Asia/Kolkata,1255364,Surat,06:23 AM,06:52 PM,"Ashtami upto 12:13 AM, Sep 05",Rohini upto 11:04 PM,Krishna Paksha,Shukrawara,Shravana,Simha,
GEONAME::1255364,2026-09-05,Surat,Gujarat,India,Asia/Kolkata,1255364,Surat,06:23 AM,06:51 PM,Navami upto 09:53 PM,Mrigashira upto 09:30 PM,Krishna Paksha,Shaniwara,Shravana,Simha,
GEONAME::1255364,2026-09-06,Surat,Gujarat,India,Asia/Kolkata,1255364,Surat,06:23 AM,06:50 PM,Dashami upto 07:29 PM,Ardra upto 07:52 PM,Krishna Paksha,Raviwara,Shravana,Simha,
GEONAME::1255364,2026-09-07,Surat,Gujarat,India,Asia/Kolkata,1255364,Surat,06:24 AM,06:49 PM,Ekadashi upto 05:03 PM,Punarvasu upto 06:14 PM,Krishna Paksha,Somawara,Shravana,Simha,
GEONAME::1259229,2026-09-01,Pune,Maharashtra,India,Asia/Kolkata,1259229,Pune,06:20 AM,06:49 PM,"Chaturthi upto 07:41 AM; Panchami upto 06:12 AM, Sep 02","Ashwini upto 02:42 AM, Sep 02",Krishna Paksha,Mangalawara,Shravana,Simha,
GEONAME::1259229,2026-09-02,Pune,Maharashtra,India,Asia/Kolkata,1259229,Pune,06:20 AM,06:48 PM,"Shashthi upto 04:25 AM, Sep 03","Bharani upto 01:43 AM, Sep 03",Krishna Paksha,Budhawara,Shravana,Simha,
GEONAME::1259229,2026-09-03,Pune,Maharashtra,India,Asia/Kolkata,1259229,Pune,06:20 AM,06:47 PM,"Saptami upto 02:25 AM, Sep 04","Krittika upto 12:29 AM, Sep 04",Krishna Paksha,Guruwara,Shravana,Simha,
GEONAME::1259229,2026-09-04,Pune,Maharashtra,India,Asia/Kolkata,1259229,Pune,06:20 AM,06:47 PM,"Ashtami upto 12:13 AM, Sep 05",Rohini upto 11:04 PM,Krishna Paksha,Shukrawara,Shravana,Simha,
GEONAME::1259229,2026-09-05,Pune,Maharashtra,India,Asia/Kolkata,1259229,Pune,06:21 AM,06:46 PM,Navami upto 09:53 PM,Mrigashira upto 09:30 PM,Krishna Paksha,Shaniwara,Shravana,Simha,
GEONAME::1259229,2026-09-06,Pune,Maharashtra,India,Asia/Kolkata,1259229,Pune,06:21 AM,06:45 PM,Dashami upto 07:29 PM,Ardra upto 07:52 PM,Krishna Paksha,Raviwara,Shravana,Simha,
GEONAME::1259229,2026-09-07,Pune,Maharashtra,India,Asia/Kolkata,1259229,Pune,06:21 AM,06:44 PM,Ekadashi upto 05:03 PM,Punarvasu upto 06:14 PM,Krishna Paksha,Somawara,Shravana,Simha,
GEONAME::1253573,2026-09-01,Vadodara,Gujarat,India,Asia/Kolkata,1253573,Baroda,06:20 AM,06:54 PM,"Chaturthi upto 07:41 AM; Panchami upto 06:12 AM, Sep 02","Ashwini upto 02:42 AM, Sep 02",Krishna Paksha,Mangalawara,Shravana,Simha,
GEONAME::1253573,2026-09-02,Vadodara,Gujarat,India,Asia/Kolkata,1253573,Baroda,06:20 AM,06:53 PM,"Shashthi upto 04:25 AM, Sep 03","Bharani upto 01:43 AM, Sep 03",Krishna Paksha,Budhawara,Shravana,Simha,
GEONAME::1253573,2026-09-03,Vadodara,Gujarat,India,Asia/Kolkata,1253573,Baroda,06:20 AM,06:52 PM,"Saptami upto 02:25 AM, Sep 04","Krittika upto 12:29 AM, Sep 04",Krishna Paksha,Guruwara,Shravana,Simha,
GEONAME::1253573,2026-09-04,Vadodara,Gujarat,India,Asia/Kolkata,1253573,Baroda,06:21 AM,06:51 PM,"Ashtami upto 12:13 AM, Sep 05",Rohini upto 11:04 PM,Krishna Paksha,Shukrawara,Shravana,Simha,
GEONAME::1253573,2026-09-05,Vadodara,Gujarat,India,Asia/Kolkata,1253573,Baroda,06:21 AM,06:50 PM,Navami upto 09:53 PM,Mrigashira upto 09:30 PM,Krishna Paksha,Shaniwara,Shravana,Simha,
GEONAME::1253573,2026-09-06,Vadodara,Gujarat,India,Asia/Kolkata,1253573,Baroda,06:21 AM,06:49 PM,Dashami upto 07:29 PM,Ardra upto 07:52 PM,Krishna Paksha,Raviwara,Shravana,Simha,
GEONAME::1253573,2026-09-07,Vadodara,Gujarat,India,Asia/Kolkata,1253573,Baroda,06:22 AM,06:49 PM,Ekadashi upto 05:03 PM,Punarvasu upto 06:14 PM,Krishna Paksha,Somawara,Shravana,Simha,
GEONAME::1269843,2026-09-01,Hyderabad,Telangana,India,Asia/Kolkata,1269843,Hyderabad,06:02 AM,06:30 PM,Chaturthi upto 07:41 AM,"Ashwini upto 02:42 AM, Sep 02",Krishna Paksha,Mangalawara,Shravana,Simha,
GEONAME::1269843,2026-09-02,Hyderabad,Telangana,India,Asia/Kolkata,1269843,Hyderabad,06:02 AM,06:29 PM,"Panchami upto 06:12 AM; Shashthi upto 04:25 AM, Sep 03","Bharani upto 01:43 AM, Sep 03",Krishna Paksha,Budhawara,Shravana,Simha,
GEONAME::1269843,2026-09-03,Hyderabad,Telangana,India,Asia/Kolkata,1269843,Hyderabad,06:03 AM,06:28 PM,"Saptami upto 02:25 AM, Sep 04","Krittika upto 12:29 AM, Sep 04",Krishna Paksha,Guruwara,Shravana,Simha,
GEONAME::1269843,2026-09-04,Hyderabad,Telangana,India,Asia/Kolkata,1269843,Hyderabad,06:03 AM,06:28 PM,"Ashtami upto 12:13 AM, Sep 05",Rohini upto 11:04 PM,Krishna Paksha,Shukrawara,Shravana,Simha,
GEONAME::1269843,2026-09-05,Hyderabad,Telangana,India,Asia/Kolkata,1269843,Hyderabad,06:03 AM,06:27 PM,Navami upto 09:53 PM,Mrigashira upto 09:30 PM,Krishna Paksha,Shaniwara,Shravana,Simha,
GEONAME::1269843,2026-09-06,Hyderabad,Telangana,India,Asia/Kolkata,1269843,Hyderabad,06:03 AM,06:26 PM,Dashami upto 07:29 PM,Ardra upto 07:52 PM,Krishna Paksha,Raviwara,Shravana,Simha,
GEONAME::1269843,2026-09-07,Hyderabad,Telangana,India,Asia/Kolkata,1269843,Hyderabad,06:03 AM,06:25 PM,Ekadashi upto 05:03 PM,Punarvasu upto 06:14 PM,Krishna Paksha,Somawara,Shravana,Simha,
GEONAME::5134086,2026-09-01,Rochester,New York,United States,America/New_York,5134086,Rochester,06:35 AM,07:45 PM,Panchami upto 08:42 PM,Ashwini upto 05:12 PM,Krishna Paksha,Mangalawara,Shravana,Simha,
GEONAME::5134086,2026-09-02,Rochester,New York,United States,America/New_York,5134086,Rochester,06:36 AM,07:44 PM,Shashthi upto 06:55 PM,Bharani upto 04:13 PM,Krishna Paksha,Budhawara,Shravana,Simha,
GEONAME::5134086,2026-09-03,Rochester,New York,United States,America/New_York,5134086,Rochester,06:37 AM,07:42 PM,Saptami upto 04:55 PM,Krittika upto 02:59 PM,Krishna Paksha,Guruwara,Shravana,Simha,
GEONAME::5134086,2026-09-04,Rochester,New York,United States,America/New_York,5134086,Rochester,06:38 AM,07:40 PM,Ashtami upto 02:43 PM,Rohini upto 01:34 PM,Krishna Paksha,Shukrawara,Shravana,Simha,
GEONAME::5134086,2026-09-05,Rochester,New York,United States,America/New_York,5134086,Rochester,06:39 AM,07:38 PM,Navami upto 12:23 PM,Mrigashira upto 12:00 PM,Krishna Paksha,Shaniwara,Shravana,Simha,
GEONAME::5134086,2026-09-06,Rochester,New York,United States,America/New_York,5134086,Rochester,06:40 AM,07:37 PM,Dashami upto 09:59 AM,Ardra upto 10:22 AM,Krishna Paksha,Raviwara,Shravana,Simha,
GEONAME::5134086,2026-09-07,Rochester,New York,United States,America/New_York,5134086,Rochester,06:41 AM,07:35 PM,"Ekadashi upto 07:33 AM; Dwadashi upto 05:12 AM, Sep 08",Punarvasu upto 08:44 AM,Krishna Paksha,Somawara,Shravana,Simha,
GEONAME::5139865,2026-09-01,Stonybrook,New York,United States,America/New_York,5139865,Stonybrook,06:19 AM,07:25 PM,Panchami upto 08:42 PM,Ashwini upto 05:12 PM,Krishna Paksha,Mangalawara,Shravana,Simha,
GEONAME::5139865,2026-09-02,Stonybrook,New York,United States,America/New_York,5139865,Stonybrook,06:20 AM,07:23 PM,Shashthi upto 06:55 PM,Bharani upto 04:13 PM,Krishna Paksha,Budhawara,Shravana,Simha,
GEONAME::5139865,2026-09-03,Stonybrook,New York,United States,America/New_York,5139865,Stonybrook,06:21 AM,07:22 PM,Saptami upto 04:55 PM,Krittika upto 02:59 PM,Krishna Paksha,Guruwara,Shravana,Simha,
GEONAME::5139865,2026-09-04,Stonybrook,New York,United States,America/New_York,5139865,Stonybrook,06:22 AM,07:20 PM,Ashtami upto 02:43 PM,Rohini upto 01:34 PM,Krishna Paksha,Shukrawara,Shravana,Simha,
GEONAME::5139865,2026-09-05,Stonybrook,New York,United States,America/New_York,5139865,Stonybrook,06:23 AM,07:18 PM,Navami upto 12:23 PM,Mrigashira upto 12:00 PM,Krishna Paksha,Shaniwara,Shravana,Simha,
GEONAME::5139865,2026-09-06,Stonybrook,New York,United States,America/New_York,5139865,Stonybrook,06:24 AM,07:17 PM,Dashami upto 09:59 AM,Ardra upto 10:22 AM,Krishna Paksha,Raviwara,Shravana,Simha,
GEONAME::5139865,2026-09-07,Stonybrook,New York,United States,America/New_York,5139865,Stonybrook,06:25 AM,07:15 PM,"Ekadashi upto 07:33 AM; Dwadashi upto 05:12 AM, Sep 08",Punarvasu upto 08:44 AM,Krishna Paksha,Somawara,Shravana,Simha,
GEONAME::4922462,2026-09-01,Lafayette,Indiana,United States,America/Indiana/Indianapolis,4922462,Lafayette,07:15 AM,08:19 PM,Panchami upto 08:42 PM,Ashwini upto 05:12 PM,Krishna Paksha,Mangalawara,Shravana,Simha,
GEONAME::4922462,2026-09-02,Lafayette,Indiana,United States,America/Indiana/Indianapolis,4922462,Lafayette,07:16 AM,08:18 PM,Shashthi upto 06:55 PM,Bharani upto 04:13 PM,Krishna Paksha,Budhawara,Shravana,Simha,
GEONAME::4922462,2026-09-03,Lafayette,Indiana,United States,America/Indiana/Indianapolis,4922462,Lafayette,07:17 AM,08:16 PM,Saptami upto 04:55 PM,Krittika upto 02:59 PM,Krishna Paksha,Guruwara,Shravana,Simha,
GEONAME::4922462,2026-09-04,Lafayette,Indiana,United States,America/Indiana/Indianapolis,4922462,Lafayette,07:18 AM,08:14 PM,Ashtami upto 02:43 PM,Rohini upto 01:34 PM,Krishna Paksha,Shukrawara,Shravana,Simha,
GEONAME::4922462,2026-09-05,Lafayette,Indiana,United States,America/Indiana/Indianapolis,4922462,Lafayette,07:19 AM,08:13 PM,Navami upto 12:23 PM,Mrigashira upto 12:00 PM,Krishna Paksha,Shaniwara,Shravana,Simha,
GEONAME::4922462,2026-09-06,Lafayette,Indiana,United States,America/Indiana/Indianapolis,4922462,Lafayette,07:20 AM,08:11 PM,Dashami upto 09:59 AM,Ardra upto 10:22 AM,Krishna Paksha,Raviwara,Shravana,Simha,
GEONAME::4922462,2026-09-07,Lafayette,Indiana,United States,America/Indiana/Indianapolis,4922462,Lafayette,07:21 AM,08:10 PM,"Ekadashi upto 07:33 AM; Dwadashi upto 05:12 AM, Sep 08","Punarvasu upto 08:44 AM; Pushya upto 07:09 AM, Sep 08",Krishna Paksha,Somawara,Shravana,Simha,
GEONAME::4887398,2026-09-01,Chicago,Illinois,United States,America/Chicago,4887398,Chicago,06:17 AM,07:24 PM,Panchami upto 07:42 PM,Ashwini upto 04:12 PM,Krishna Paksha,Mangalawara,Shravana,Simha,
GEONAME::4887398,2026-09-02,Chicago,Illinois,United States,America/Chicago,4887398,Chicago,06:18 AM,07:22 PM,Shashthi upto 05:55 PM,Bharani upto 03:13 PM,Krishna Paksha,Budhawara,Shravana,Simha,
GEONAME::4887398,2026-09-03,Chicago,Illinois,United States,America/Chicago,4887398,Chicago,06:19 AM,07:21 PM,Saptami upto 03:55 PM,Krittika upto 01:59 PM,Krishna Paksha,Guruwara,Shravana,Simha,
GEONAME::4887398,2026-09-04,Chicago,Illinois,United States,America/Chicago,4887398,Chicago,06:20 AM,07:19 PM,Ashtami upto 01:43 PM,Rohini upto 12:34 PM,Krishna Paksha,Shukrawara,Shravana,Simha,
GEONAME::4887398,2026-09-05,Chicago,Illinois,United States,America/Chicago,4887398,Chicago,06:21 AM,07:17 PM,Navami upto 11:23 AM,Mrigashira upto 11:00 AM,Krishna Paksha,Shaniwara,Shravana,Simha,
GEONAME::4887398,2026-09-06,Chicago,Illinois,United States,America/Chicago,4887398,Chicago,06:22 AM,07:16 PM,Dashami upto 08:59 AM,Ardra upto 09:22 AM,Krishna Paksha,Raviwara,Shravana,Simha,
GEONAME::4887398,2026-09-07,Chicago,Illinois,United States,America/Chicago,4887398,Chicago,06:23 AM,07:14 PM,"Ekadashi upto 06:33 AM; Dwadashi upto 04:12 AM, Sep 08","Punarvasu upto 07:44 AM; Pushya upto 06:09 AM, Sep 08",Krishna Paksha,Somawara,Shravana,Simha,
GEONAME::4684888,2026-09-01,Dallas,Texas,United States,America/Chicago,4684888,Dallas,07:02 AM,07:52 PM,Panchami upto 07:42 PM,Ashwini upto 04:12 PM,Krishna Paksha,Mangalawara,Shravana,Simha,
GEONAME::4684888,2026-09-02,Dallas,Texas,United States,America/Chicago,4684888,Dallas,07:03 AM,07:51 PM,Shashthi upto 05:55 PM,Bharani upto 03:13 PM,Krishna Paksha,Budhawara,Shravana,Simha,
GEONAME::4684888,2026-09-03,Dallas,Texas,United States,America/Chicago,4684888,Dallas,07:03 AM,07:49 PM,Saptami upto 03:55 PM,Krittika upto 01:59 PM,Krishna Paksha,Guruwara,Shravana,Simha,
GEONAME::4684888,2026-09-04,Dallas,Texas,United States,America/Chicago,4684888,Dallas,07:04 AM,07:48 PM,Ashtami upto 01:43 PM,Rohini upto 12:34 PM,Krishna Paksha,Shukrawara,Shravana,Simha,
GEONAME::4684888,2026-09-05,Dallas,Texas,United States,America/Chicago,4684888,Dallas,07:05 AM,07:47 PM,Navami upto 11:23 AM,Mrigashira upto 11:00 AM,Krishna Paksha,Shaniwara,Shravana,Simha,
GEONAME::4684888,2026-09-06,Dallas,Texas,United States,America/Chicago,4684888,Dallas,07:05 AM,07:45 PM,"Dashami upto 08:59 AM; Ekadashi upto 06:33 AM, Sep 07",Ardra upto 09:22 AM,Krishna Paksha,Raviwara,Shravana,Simha,
GEONAME::4684888,2026-09-07,Dallas,Texas,United States,America/Chicago,4684888,Dallas,07:06 AM,07:44 PM,"Dwadashi upto 04:12 AM, Sep 08","Punarvasu upto 07:44 AM; Pushya upto 06:09 AM, Sep 08",Krishna Paksha,Somawara,Shravana,Simha,
GEONAME::4699066,2026-09-01,Houston,Texas,United States,America/Chicago,4699066,Houston,06:59 AM,07:44 PM,Panchami upto 07:42 PM,Ashwini upto 04:12 PM,Krishna Paksha,Mangalawara,Shravana,Simha,
GEONAME::4699066,2026-09-02,Houston,Texas,United States,America/Chicago,4699066,Houston,06:59 AM,07:42 PM,Shashthi upto 05:55 PM,Bharani upto 03:13 PM,Krishna Paksha,Budhawara,Shravana,Simha,
GEONAME::4699066,2026-09-03,Houston,Texas,United States,America/Chicago,4699066,Houston,07:00 AM,07:41 PM,Saptami upto 03:55 PM,Krittika upto 01:59 PM,Krishna Paksha,Guruwara,Shravana,Simha,
GEONAME::4699066,2026-09-04,Houston,Texas,United States,America/Chicago,4699066,Houston,07:00 AM,07:40 PM,Ashtami upto 01:43 PM,Rohini upto 12:34 PM,Krishna Paksha,Shukrawara,Shravana,Simha,
GEONAME::4699066,2026-09-05,Houston,Texas,United States,America/Chicago,4699066,Houston,07:01 AM,07:39 PM,Navami upto 11:23 AM,Mrigashira upto 11:00 AM,Krishna Paksha,Shaniwara,Shravana,Simha,
GEONAME::4699066,2026-09-06,Houston,Texas,United States,America/Chicago,4699066,Houston,07:02 AM,07:38 PM,"Dashami upto 08:59 AM; Ekadashi upto 06:33 AM, Sep 07",Ardra upto 09:22 AM,Krishna Paksha,Raviwara,Shravana,Simha,
GEONAME::4699066,2026-09-07,Houston,Texas,United States,America/Chicago,4699066,Houston,07:02 AM,07:36 PM,"Dwadashi upto 04:12 AM, Sep 08","Punarvasu upto 07:44 AM; Pushya upto 06:09 AM, Sep 08",Krishna Paksha,Somawara,Shravana,Simha,
GEONAME::5308655,2026-09-01,Phoenix,Arizona,United States,America/Phoenix,5308655,Phoenix,06:03 AM,06:53 PM,Panchami upto 05:42 PM,Ashwini upto 02:12 PM,Krishna Paksha,Mangalawara,Shravana,Simha,
GEONAME::5308655,2026-09-02,Phoenix,Arizona,United States,America/Phoenix,5308655,Phoenix,06:03 AM,06:52 PM,Shashthi upto 03:55 PM,Bharani upto 01:13 PM,Krishna Paksha,Budhawara,Shravana,Simha,
GEONAME::5308655,2026-09-03,Phoenix,Arizona,United States,America/Phoenix,5308655,Phoenix,06:04 AM,06:51 PM,Saptami upto 01:55 PM,Krittika upto 11:59 AM,Krishna Paksha,Guruwara,Shravana,Simha,
GEONAME::5308655,2026-09-04,Phoenix,Arizona,United States,America/Phoenix,5308655,Phoenix,06:05 AM,06:50 PM,Ashtami upto 11:43 AM,Rohini upto 10:34 AM,Krishna Paksha,Shukrawara,Shravana,Simha,
GEONAME::5308655,2026-09-05,Phoenix,Arizona,United States,America/Phoenix,5308655,Phoenix,06:05 AM,06:48 PM,Navami upto 09:23 AM,Mrigashira upto 09:00 AM,Krishna Paksha,Shaniwara,Shravana,Simha,
GEONAME::5308655,2026-09-06,Phoenix,Arizona,United States,America/Phoenix,5308655,Phoenix,06:06 AM,06:47 PM,"Dashami upto 06:59 AM; Ekadashi upto 04:33 AM, Sep 07","Ardra upto 07:22 AM; Punarvasu upto 05:44 AM, Sep 07",Krishna Paksha,Raviwara,Shravana,Simha,
GEONAME::5308655,2026-09-07,Phoenix,Arizona,United States,America/Phoenix,5308655,Phoenix,06:07 AM,06:45 PM,"Dwadashi upto 02:12 AM, Sep 08","Pushya upto 04:09 AM, Sep 08",Krishna Paksha,Somawara,Shravana,Simha,
GEONAME::5391959,2026-09-01,San Francisco,California,United States,America/Los_Angeles,5391959,San Francisco,06:40 AM,07:39 PM,Panchami upto 05:42 PM,Ashwini upto 02:12 PM,Krishna Paksha,Mangalawara,Shravana,Simha,
GEONAME::5391959,2026-09-02,San Francisco,California,United States,America/Los_Angeles,5391959,San Francisco,06:41 AM,07:37 PM,Shashthi upto 03:55 PM,Bharani upto 01:13 PM,Krishna Paksha,Budhawara,Shravana,Simha,
GEONAME::5391959,2026-09-03,San Francisco,California,United States,America/Los_Angeles,5391959,San Francisco,06:42 AM,07:36 PM,Saptami upto 01:55 PM,Krittika upto 11:59 AM,Krishna Paksha,Guruwara,Shravana,Simha,
GEONAME::5391959,2026-09-04,San Francisco,California,United States,America/Los_Angeles,5391959,San Francisco,06:43 AM,07:34 PM,Ashtami upto 11:43 AM,Rohini upto 10:34 AM,Krishna Paksha,Shukrawara,Shravana,Simha,
GEONAME::5391959,2026-09-05,San Francisco,California,United States,America/Los_Angeles,5391959,San Francisco,06:43 AM,07:33 PM,Navami upto 09:23 AM,Mrigashira upto 09:00 AM,Krishna Paksha,Shaniwara,Shravana,Simha,
GEONAME::5391959,2026-09-06,San Francisco,California,United States,America/Los_Angeles,5391959,San Francisco,06:44 AM,07:31 PM,"Dashami upto 06:59 AM; Ekadashi upto 04:33 AM, Sep 07","Ardra upto 07:22 AM; Punarvasu upto 05:44 AM, Sep 07",Krishna Paksha,Raviwara,Shravana,Simha,
GEONAME::5391959,2026-09-07,San Francisco,California,United States,America/Los_Angeles,5391959,San Francisco,06:45 AM,07:30 PM,"Dwadashi upto 02:12 AM, Sep 08","Pushya upto 04:09 AM, Sep 08",Krishna Paksha,Somawara,Shravana,Simha,
GEONAME::5368361,2026-09-01,Los Angeles,California,United States,America/Los_Angeles,5368361,Los Angeles,06:27 AM,07:19 PM,Panchami upto 05:42 PM,Ashwini upto 02:12 PM,Krishna Paksha,Mangalawara,Shravana,Simha,
GEONAME::5368361,2026-09-02,Los Angeles,California,United States,America/Los_Angeles,5368361,Los Angeles,06:27 AM,07:17 PM,Shashthi upto 03:55 PM,Bharani upto 01:13 PM,Krishna Paksha,Budhawara,Shravana,Simha,
GEONAME::5368361,2026-09-03,Los Angeles,California,United States,America/Los_Angeles,5368361,Los Angeles,06:28 AM,07:16 PM,Saptami upto 01:55 PM,Krittika upto 11:59 AM,Krishna Paksha,Guruwara,Shravana,Simha,
GEONAME::5368361,2026-09-04,Los Angeles,California,United States,America/Los_Angeles,5368361,Los Angeles,06:29 AM,07:15 PM,Ashtami upto 11:43 AM,Rohini upto 10:34 AM,Krishna Paksha,Shukrawara,Shravana,Simha,
GEONAME::5368361,2026-09-05,Los Angeles,California,United States,America/Los_Angeles,5368361,Los Angeles,06:30 AM,07:13 PM,Navami upto 09:23 AM,Mrigashira upto 09:00 AM,Krishna Paksha,Shaniwara,Shravana,Simha,
GEONAME::5368361,2026-09-06,Los Angeles,California,United States,America/Los_Angeles,5368361,Los Angeles,06:30 AM,07:12 PM,"Dashami upto 06:59 AM; Ekadashi upto 04:33 AM, Sep 07","Ardra upto 07:22 AM; Punarvasu upto 05:44 AM, Sep 07",Krishna Paksha,Raviwara,Shravana,Simha,
GEONAME::5368361,2026-09-07,Los Angeles,California,United States,America/Los_Angeles,5368361,Los Angeles,06:31 AM,07:11 PM,"Dwadashi upto 02:12 AM, Sep 08","Pushya upto 04:09 AM, Sep 08",Krishna Paksha,Somawara,Shravana,Simha,
GEONAME::5809844,2026-09-01,Seattle,Washington,United States,America/Los_Angeles,5809844,Seattle,06:28 AM,07:49 PM,Panchami upto 05:42 PM,Ashwini upto 02:12 PM,Krishna Paksha,Mangalawara,Shravana,Simha,
GEONAME::5809844,2026-09-02,Seattle,Washington,United States,America/Los_Angeles,5809844,Seattle,06:30 AM,07:47 PM,Shashthi upto 03:55 PM,Bharani upto 01:13 PM,Krishna Paksha,Budhawara,Shravana,Simha,
GEONAME::5809844,2026-09-03,Seattle,Washington,United States,America/Los_Angeles,5809844,Seattle,06:31 AM,07:46 PM,Saptami upto 01:55 PM,Krittika upto 11:59 AM,Krishna Paksha,Guruwara,Shravana,Simha,
GEONAME::5809844,2026-09-04,Seattle,Washington,United States,America/Los_Angeles,5809844,Seattle,06:32 AM,07:44 PM,Ashtami upto 11:43 AM,Rohini upto 10:34 AM,Krishna Paksha,Shukrawara,Shravana,Simha,
GEONAME::5809844,2026-09-05,Seattle,Washington,United States,America/Los_Angeles,5809844,Seattle,06:34 AM,07:42 PM,Navami upto 09:23 AM,Mrigashira upto 09:00 AM,Krishna Paksha,Shaniwara,Shravana,Simha,
GEONAME::5809844,2026-09-06,Seattle,Washington,United States,America/Los_Angeles,5809844,Seattle,06:35 AM,07:39 PM,"Dashami upto 06:59 AM; Ekadashi upto 04:33 AM, Sep 07","Ardra upto 07:22 AM; Punarvasu upto 05:44 AM, Sep 07",Krishna Paksha,Raviwara,Shravana,Simha,
GEONAME::5809844,2026-09-07,Seattle,Washington,United States,America/Los_Angeles,5809844,Seattle,06:36 AM,07:37 PM,"Dwadashi upto 02:12 AM, Sep 08","Pushya upto 04:09 AM, Sep 08",Krishna Paksha,Somawara,Shravana,Simha,
GEONAME::4174757,2026-09-01,Tampa,Florida,United States,America/New_York,4174757,Tampa,07:09 AM,07:51 PM,Panchami upto 08:42 PM,Ashwini upto 05:12 PM,Krishna Paksha,Mangalawara,Shravana,Simha,
GEONAME::4174757,2026-09-02,Tampa,Florida,United States,America/New_York,4174757,Tampa,07:09 AM,07:50 PM,Shashthi upto 06:55 PM,Bharani upto 04:13 PM,Krishna Paksha,Budhawara,Shravana,Simha,
GEONAME::4174757,2026-09-03,Tampa,Florida,United States,America/New_York,4174757,Tampa,07:10 AM,07:48 PM,Saptami upto 04:55 PM,Krittika upto 02:59 PM,Krishna Paksha,Guruwara,Shravana,Simha,
GEONAME::4174757,2026-09-04,Tampa,Florida,United States,America/New_York,4174757,Tampa,07:10 AM,07:47 PM,Ashtami upto 02:43 PM,Rohini upto 01:34 PM,Krishna Paksha,Shukrawara,Shravana,Simha,
GEONAME::4174757,2026-09-05,Tampa,Florida,United States,America/New_York,4174757,Tampa,07:11 AM,07:46 PM,Navami upto 12:23 PM,Mrigashira upto 12:00 PM,Krishna Paksha,Shaniwara,Shravana,Simha,
GEONAME::4174757,2026-09-06,Tampa,Florida,United States,America/New_York,4174757,Tampa,07:11 AM,07:45 PM,Dashami upto 09:59 AM,Ardra upto 10:22 AM,Krishna Paksha,Raviwara,Shravana,Simha,
GEONAME::4174757,2026-09-07,Tampa,Florida,United States,America/New_York,4174757,Tampa,07:11 AM,07:44 PM,"Ekadashi upto 07:33 AM; Dwadashi upto 05:12 AM, Sep 08","Punarvasu upto 08:44 AM; Pushya upto 07:09 AM, Sep 08",Krishna Paksha,Somawara,Shravana,Simha,
GEONAME::4167147,2026-09-01,Orlando,Florida,United States,America/New_York,4167147,Orlando,07:04 AM,07:47 PM,Panchami upto 08:42 PM,Ashwini upto 05:12 PM,Krishna Paksha,Mangalawara,Shravana,Simha,
GEONAME::4167147,2026-09-02,Orlando,Florida,United States,America/New_York,4167147,Orlando,07:04 AM,07:46 PM,Shashthi upto 06:55 PM,Bharani upto 04:13 PM,Krishna Paksha,Budhawara,Shravana,Simha,
GEONAME::4167147,2026-09-03,Orlando,Florida,United States,America/New_York,4167147,Orlando,07:05 AM,07:45 PM,Saptami upto 04:55 PM,Krittika upto 02:59 PM,Krishna Paksha,Guruwara,Shravana,Simha,
GEONAME::4167147,2026-09-04,Orlando,Florida,United States,America/New_York,4167147,Orlando,07:05 AM,07:43 PM,Ashtami upto 02:43 PM,Rohini upto 01:34 PM,Krishna Paksha,Shukrawara,Shravana,Simha,
GEONAME::4167147,2026-09-05,Orlando,Florida,United States,America/New_York,4167147,Orlando,07:06 AM,07:42 PM,Navami upto 12:23 PM,Mrigashira upto 12:00 PM,Krishna Paksha,Shaniwara,Shravana,Simha,
GEONAME::4167147,2026-09-06,Orlando,Florida,United States,America/New_York,4167147,Orlando,07:06 AM,07:41 PM,Dashami upto 09:59 AM,Ardra upto 10:22 AM,Krishna Paksha,Raviwara,Shravana,Simha,
GEONAME::4167147,2026-09-07,Orlando,Florida,United States,America/New_York,4167147,Orlando,07:07 AM,07:40 PM,"Ekadashi upto 07:33 AM; Dwadashi upto 05:12 AM, Sep 08",Punarvasu upto 08:44 AM,Krishna Paksha,Somawara,Shravana,Simha,
GEONAME::4781708,2026-09-01,Richmond,Virginia,United States,America/New_York,4781708,Richmond,06:40 AM,07:39 PM,Panchami upto 08:42 PM,Ashwini upto 05:12 PM,Krishna Paksha,Mangalawara,Shravana,Simha,
GEONAME::4781708,2026-09-02,Richmond,Virginia,United States,America/New_York,4781708,Richmond,06:41 AM,07:37 PM,Shashthi upto 06:55 PM,Bharani upto 04:13 PM,Krishna Paksha,Budhawara,Shravana,Simha,
GEONAME::4781708,2026-09-03,Richmond,Virginia,United States,America/New_York,4781708,Richmond,06:42 AM,07:36 PM,Saptami upto 04:55 PM,Krittika upto 02:59 PM,Krishna Paksha,Guruwara,Shravana,Simha,
GEONAME::4781708,2026-09-04,Richmond,Virginia,United States,America/New_York,4781708,Richmond,06:43 AM,07:34 PM,Ashtami upto 02:43 PM,Rohini upto 01:34 PM,Krishna Paksha,Shukrawara,Shravana,Simha,
GEONAME::4781708,2026-09-05,Richmond,Virginia,United States,America/New_York,4781708,Richmond,06:44 AM,07:33 PM,Navami upto 12:23 PM,Mrigashira upto 12:00 PM,Krishna Paksha,Shaniwara,Shravana,Simha,
GEONAME::4781708,2026-09-06,Richmond,Virginia,United States,America/New_York,4781708,Richmond,06:44 AM,07:31 PM,Dashami upto 09:59 AM,Ardra upto 10:22 AM,Krishna Paksha,Raviwara,Shravana,Simha,
GEONAME::4781708,2026-09-07,Richmond,Virginia,United States,America/New_York,4781708,Richmond,06:45 AM,07:30 PM,"Ekadashi upto 07:33 AM; Dwadashi upto 05:12 AM, Sep 08",Punarvasu upto 08:44 AM,Krishna Paksha,Somawara,Shravana,Simha,
GEONAME::4347778,2026-09-01,Baltimore,Maryland,United States,America/New_York,4347778,Baltimore,06:35 AM,07:37 PM,Panchami upto 08:42 PM,Ashwini upto 05:12 PM,Krishna Paksha,Mangalawara,Shravana,Simha,
GEONAME::4347778,2026-09-02,Baltimore,Maryland,United States,America/New_York,4347778,Baltimore,06:36 AM,07:36 PM,Shashthi upto 06:56 PM,Bharani upto 04:13 PM,Krishna Paksha,Budhawara,Shravana,Simha,
GEONAME::4347778,2026-09-03,Baltimore,Maryland,United States,America/New_York,4347778,Baltimore,06:37 AM,07:34 PM,Saptami upto 04:55 PM,Krittika upto 02:59 PM,Krishna Paksha,Guruwara,Shravana,Simha,
GEONAME::4347778,2026-09-04,Baltimore,Maryland,United States,America/New_York,4347778,Baltimore,06:38 AM,07:32 PM,Ashtami upto 02:43 PM,Rohini upto 01:34 PM,Krishna Paksha,Shukrawara,Shravana,Simha,
GEONAME::4347778,2026-09-05,Baltimore,Maryland,United States,America/New_York,4347778,Baltimore,06:39 AM,07:31 PM,Navami upto 12:23 PM,Mrigashira upto 12:00 PM,Krishna Paksha,Shaniwara,Shravana,Simha,
GEONAME::4347778,2026-09-06,Baltimore,Maryland,United States,America/New_York,4347778,Baltimore,06:40 AM,07:29 PM,Dashami upto 09:59 AM,Ardra upto 10:22 AM,Krishna Paksha,Raviwara,Shravana,Simha,
GEONAME::4347778,2026-09-07,Baltimore,Maryland,United States,America/New_York,4347778,Baltimore,06:41 AM,07:28 PM,"Ekadashi upto 07:33 AM; Dwadashi upto 05:12 AM, Sep 08",Punarvasu upto 08:44 AM,Krishna Paksha,Somawara,Shravana,Simha,
GEONAME::4560349,2026-09-01,Philadelphia,Pennsylvania,United States,America/New_York,4560349,Philadelphia,06:29 AM,07:32 PM,Panchami upto 08:42 PM,Ashwini upto 05:12 PM,Krishna Paksha,Mangalawara,Shravana,Simha,
GEONAME::4560349,2026-09-02,Philadelphia,Pennsylvania,United States,America/New_York,4560349,Philadelphia,06:30 AM,07:30 PM,Shashthi upto 06:56 PM,Bharani upto 04:13 PM,Krishna Paksha,Budhawara,Shravana,Simha,
GEONAME::4560349,2026-09-03,Philadelphia,Pennsylvania,United States,America/New_York,4560349,Philadelphia,06:31 AM,07:29 PM,Saptami upto 04:55 PM,Krittika upto 02:59 PM,Krishna Paksha,Guruwara,Shravana,Simha,
GEONAME::4560349,2026-09-04,Philadelphia,Pennsylvania,United States,America/New_York,4560349,Philadelphia,06:31 AM,07:27 PM,Ashtami upto 02:43 PM,Rohini upto 01:34 PM,Krishna Paksha,Shukrawara,Shravana,Simha,
GEONAME::4560349,2026-09-05,Philadelphia,Pennsylvania,United States,America/New_York,4560349,Philadelphia,06:32 AM,07:26 PM,Navami upto 12:23 PM,Mrigashira upto 12:00 PM,Krishna Paksha,Shaniwara,Shravana,Simha,
GEONAME::4560349,2026-09-06,Philadelphia,Pennsylvania,United States,America/New_York,4560349,Philadelphia,06:33 AM,07:24 PM,Dashami upto 09:59 AM,Ardra upto 10:22 AM,Krishna Paksha,Raviwara,Shravana,Simha,
GEONAME::4560349,2026-09-07,Philadelphia,Pennsylvania,United States,America/New_York,4560349,Philadelphia,06:34 AM,07:22 PM,"Ekadashi upto 07:33 AM; Dwadashi upto 05:12 AM, Sep 08",Punarvasu upto 08:44 AM,Krishna Paksha,Somawara,Shravana,Simha,
GEONAME::5128581,2026-09-01,New York,New York,United States,America/New_York,5128581,New York City,06:23 AM,07:28 PM,Panchami upto 08:42 PM,Ashwini upto 05:12 PM,Krishna Paksha,Mangalawara,Shravana,Simha,
GEONAME::5128581,2026-09-02,New York,New York,United States,America/New_York,5128581,New York City,06:24 AM,07:27 PM,Shashthi upto 06:55 PM,Bharani upto 04:13 PM,Krishna Paksha,Budhawara,Shravana,Simha,
GEONAME::5128581,2026-09-03,New York,New York,United States,America/New_York,5128581,New York City,06:25 AM,07:25 PM,Saptami upto 04:55 PM,Krittika upto 02:59 PM,Krishna Paksha,Guruwara,Shravana,Simha,
GEONAME::5128581,2026-09-04,New York,New York,United States,America/New_York,5128581,New York City,06:26 AM,07:23 PM,Ashtami upto 02:43 PM,Rohini upto 01:34 PM,Krishna Paksha,Shukrawara,Shravana,Simha,
GEONAME::5128581,2026-09-05,New York,New York,United States,America/New_York,5128581,New York City,06:27 AM,07:22 PM,Navami upto 12:23 PM,Mrigashira upto 12:00 PM,Krishna Paksha,Shaniwara,Shravana,Simha,
GEONAME::5128581,2026-09-06,New York,New York,United States,America/New_York,5128581,New York City,06:28 AM,07:20 PM,Dashami upto 09:59 AM,Ardra upto 10:22 AM,Krishna Paksha,Raviwara,Shravana,Simha,
GEONAME::5128581,2026-09-07,New York,New York,United States,America/New_York,5128581,New York City,06:29 AM,07:18 PM,"Ekadashi upto 07:33 AM; Dwadashi upto 05:12 AM, Sep 08",Punarvasu upto 08:44 AM,Krishna Paksha,Somawara,Shravana,Simha,
GEONAME::5099836,2026-09-01,New Jersey,New Jersey,United States,America/New_York,5099836,New Jersey,06:23 AM,07:28 PM,Panchami upto 08:42 PM,Ashwini upto 05:12 PM,Krishna Paksha,Mangalawara,Shravana,Simha,
GEONAME::5099836,2026-09-02,New Jersey,New Jersey,United States,America/New_York,5099836,New Jersey,06:24 AM,07:27 PM,Shashthi upto 06:55 PM,Bharani upto 04:13 PM,Krishna Paksha,Budhawara,Shravana,Simha,
GEONAME::5099836,2026-09-03,New Jersey,New Jersey,United States,America/New_York,5099836,New Jersey,06:25 AM,07:25 PM,Saptami upto 04:55 PM,Krittika upto 02:59 PM,Krishna Paksha,Guruwara,Shravana,Simha,
GEONAME::5099836,2026-09-04,New Jersey,New Jersey,United States,America/New_York,5099836,New Jersey,06:26 AM,07:24 PM,Ashtami upto 02:43 PM,Rohini upto 01:34 PM,Krishna Paksha,Shukrawara,Shravana,Simha,
GEONAME::5099836,2026-09-05,New Jersey,New Jersey,United States,America/New_York,5099836,New Jersey,06:27 AM,07:22 PM,Navami upto 12:23 PM,Mrigashira upto 12:00 PM,Krishna Paksha,Shaniwara,Shravana,Simha,
GEONAME::5099836,2026-09-06,New Jersey,New Jersey,United States,America/New_York,5099836,New Jersey,06:28 AM,07:20 PM,Dashami upto 09:59 AM,Ardra upto 10:22 AM,Krishna Paksha,Raviwara,Shravana,Simha,
GEONAME::5099836,2026-09-07,New Jersey,New Jersey,United States,America/New_York,5099836,New Jersey,06:29 AM,07:19 PM,"Ekadashi upto 07:33 AM; Dwadashi upto 05:12 AM, Sep 08",Punarvasu upto 08:44 AM,Krishna Paksha,Somawara,Shravana,Simha,
GEONAME::5110629,2026-09-01,Buffalo,New York,United States,America/New_York,5110629,Buffalo,06:40 AM,07:50 PM,Panchami upto 08:42 PM,Ashwini upto 05:12 PM,Krishna Paksha,Mangalawara,Shravana,Simha,
GEONAME::5110629,2026-09-02,Buffalo,New York,United States,America/New_York,5110629,Buffalo,06:41 AM,07:48 PM,Shashthi upto 06:56 PM,Bharani upto 04:13 PM,Krishna Paksha,Budhawara,Shravana,Simha,
GEONAME::5110629,2026-09-03,Buffalo,New York,United States,America/New_York,5110629,Buffalo,06:42 AM,07:47 PM,Saptami upto 04:55 PM,Krittika upto 02:59 PM,Krishna Paksha,Guruwara,Shravana,Simha,
GEONAME::5110629,2026-09-04,Buffalo,New York,United States,America/New_York,5110629,Buffalo,06:44 AM,07:45 PM,Ashtami upto 02:43 PM,Rohini upto 01:34 PM,Krishna Paksha,Shukrawara,Shravana,Simha,
GEONAME::5110629,2026-09-05,Buffalo,New York,United States,America/New_York,5110629,Buffalo,06:45 AM,07:43 PM,Navami upto 12:23 PM,Mrigashira upto 12:00 PM,Krishna Paksha,Shaniwara,Shravana,Simha,
GEONAME::5110629,2026-09-06,Buffalo,New York,United States,America/New_York,5110629,Buffalo,06:46 AM,07:41 PM,Dashami upto 09:59 AM,Ardra upto 10:22 AM,Krishna Paksha,Raviwara,Shravana,Simha,
GEONAME::5110629,2026-09-07,Buffalo,New York,United States,America/New_York,5110629,Buffalo,06:47 AM,07:40 PM,"Ekadashi upto 07:33 AM; Dwadashi upto 05:12 AM, Sep 08",Punarvasu upto 08:44 AM,Krishna Paksha,Somawara,Shravana,Simha,
GEONAME::5150529,2026-09-01,Cleveland,Ohio,United States,America/New_York,5150529,Cleveland,06:53 AM,08:00 PM,Panchami upto 08:42 PM,Ashwini upto 05:12 PM,Krishna Paksha,Mangalawara,Shravana,Simha,
GEONAME::5150529,2026-09-02,Cleveland,Ohio,United States,America/New_York,5150529,Cleveland,06:54 AM,07:58 PM,Shashthi upto 06:55 PM,Bharani upto 04:13 PM,Krishna Paksha,Budhawara,Shravana,Simha,
GEONAME::5150529,2026-09-03,Cleveland,Ohio,United States,America/New_York,5150529,Cleveland,06:55 AM,07:56 PM,Saptami upto 04:55 PM,Krittika upto 02:59 PM,Krishna Paksha,Guruwara,Shravana,Simha,
GEONAME::5150529,2026-09-04,Cleveland,Ohio,United States,America/New_York,5150529,Cleveland,06:56 AM,07:55 PM,Ashtami upto 02:43 PM,Rohini upto 01:34 PM,Krishna Paksha,Shukrawara,Shravana,Simha,
GEONAME::5150529,2026-09-05,Cleveland,Ohio,United States,America/New_York,5150529,Cleveland,06:57 AM,07:53 PM,Navami upto 12:23 PM,Mrigashira upto 12:00 PM,Krishna Paksha,Shaniwara,Shravana,Simha,
GEONAME::5150529,2026-09-06,Cleveland,Ohio,United States,America/New_York,5150529,Cleveland,06:58 AM,07:51 PM,Dashami upto 09:59 AM,Ardra upto 10:22 AM,Krishna Paksha,Raviwara,Shravana,Simha,
GEONAME::5150529,2026-09-07,Cleveland,Ohio,United States,America/New_York,5150529,Cleveland,06:59 AM,07:50 PM,"Ekadashi upto 07:33 AM; Dwadashi upto 05:12 AM, Sep 08",Punarvasu upto 08:44 AM,Krishna Paksha,Somawara,Shravana,Simha,
GEONAME::4509177,2026-09-01,Columbus,Ohio,United States,America/New_York,4509177,Columbus,07:00 AM,08:03 PM,Panchami upto 08:42 PM,Ashwini upto 05:12 PM,Krishna Paksha,Mangalawara,Shravana,Simha,
GEONAME::4509177,2026-09-02,Columbus,Ohio,United States,America/New_York,4509177,Columbus,07:01 AM,08:02 PM,Shashthi upto 06:55 PM,Bharani upto 04:13 PM,Krishna Paksha,Budhawara,Shravana,Simha,
GEONAME::4509177,2026-09-03,Columbus,Ohio,United States,America/New_York,4509177,Columbus,07:02 AM,08:00 PM,Saptami upto 04:55 PM,Krittika upto 02:59 PM,Krishna Paksha,Guruwara,Shravana,Simha,
GEONAME::4509177,2026-09-04,Columbus,Ohio,United States,America/New_York,4509177,Columbus,07:03 AM,07:59 PM,Ashtami upto 02:43 PM,Rohini upto 01:34 PM,Krishna Paksha,Shukrawara,Shravana,Simha,
GEONAME::4509177,2026-09-05,Columbus,Ohio,United States,America/New_York,4509177,Columbus,07:04 AM,07:57 PM,Navami upto 12:23 PM,Mrigashira upto 12:00 PM,Krishna Paksha,Shaniwara,Shravana,Simha,
GEONAME::4509177,2026-09-06,Columbus,Ohio,United States,America/New_York,4509177,Columbus,07:05 AM,07:55 PM,Dashami upto 09:59 AM,Ardra upto 10:22 AM,Krishna Paksha,Raviwara,Shravana,Simha,
GEONAME::4509177,2026-09-07,Columbus,Ohio,United States,America/New_York,4509177,Columbus,07:06 AM,07:54 PM,"Ekadashi upto 07:33 AM; Dwadashi upto 05:12 AM, Sep 08",Punarvasu upto 08:44 AM,Krishna Paksha,Somawara,Shravana,Simha,
GEONAME::4508722,2026-09-01,Cincinnati,Ohio,United States,America/New_York,4508722,Cincinnati,07:07 AM,08:09 PM,Panchami upto 08:42 PM,Ashwini upto 05:12 PM,Krishna Paksha,Mangalawara,Shravana,Simha,
GEONAME::4508722,2026-09-02,Cincinnati,Ohio,United States,America/New_York,4508722,Cincinnati,07:08 AM,08:07 PM,Shashthi upto 06:55 PM,Bharani upto 04:13 PM,Krishna Paksha,Budhawara,Shravana,Simha,
GEONAME::4508722,2026-09-03,Cincinnati,Ohio,United States,America/New_York,4508722,Cincinnati,07:09 AM,08:05 PM,Saptami upto 04:55 PM,Krittika upto 02:59 PM,Krishna Paksha,Guruwara,Shravana,Simha,
GEONAME::4508722,2026-09-04,Cincinnati,Ohio,United States,America/New_York,4508722,Cincinnati,07:10 AM,08:04 PM,Ashtami upto 02:43 PM,Rohini upto 01:34 PM,Krishna Paksha,Shukrawara,Shravana,Simha,
GEONAME::4508722,2026-09-05,Cincinnati,Ohio,United States,America/New_York,4508722,Cincinnati,07:11 AM,08:02 PM,Navami upto 12:23 PM,Mrigashira upto 12:00 PM,Krishna Paksha,Shaniwara,Shravana,Simha,
GEONAME::4508722,2026-09-06,Cincinnati,Ohio,United States,America/New_York,4508722,Cincinnati,07:11 AM,08:01 PM,Dashami upto 09:59 AM,Ardra upto 10:22 AM,Krishna Paksha,Raviwara,Shravana,Simha,
GEONAME::4508722,2026-09-07,Cincinnati,Ohio,United States,America/New_York,4508722,Cincinnati,07:12 AM,07:59 PM,"Ekadashi upto 07:33 AM; Dwadashi upto 05:12 AM, Sep 08","Punarvasu upto 08:44 AM; Pushya upto 07:09 AM, Sep 08",Krishna Paksha,Somawara,Shravana,Simha,
GEONAME::4634946,2026-09-01,Knoxville,Tennessee,United States,America/New_York,4634946,Knoxville,07:08 AM,08:03 PM,Panchami upto 08:42 PM,Ashwini upto 05:12 PM,Krishna Paksha,Mangalawara,Shravana,Simha,
GEONAME::4634946,2026-09-02,Knoxville,Tennessee,United States,America/New_York,4634946,Knoxville,07:08 AM,08:02 PM,Shashthi upto 06:55 PM,Bharani upto 04:13 PM,Krishna Paksha,Budhawara,Shravana,Simha,
GEONAME::4634946,2026-09-03,Knoxville,Tennessee,United States,America/New_York,4634946,Knoxville,07:09 AM,08:00 PM,Saptami upto 04:55 PM,Krittika upto 02:59 PM,Krishna Paksha,Guruwara,Shravana,Simha,
GEONAME::4634946,2026-09-04,Knoxville,Tennessee,United States,America/New_York,4634946,Knoxville,07:10 AM,07:59 PM,Ashtami upto 02:43 PM,Rohini upto 01:34 PM,Krishna Paksha,Shukrawara,Shravana,Simha,
GEONAME::4634946,2026-09-05,Knoxville,Tennessee,United States,America/New_York,4634946,Knoxville,07:11 AM,07:57 PM,Navami upto 12:23 PM,Mrigashira upto 12:00 PM,Krishna Paksha,Shaniwara,Shravana,Simha,
GEONAME::4634946,2026-09-06,Knoxville,Tennessee,United States,America/New_York,4634946,Knoxville,07:12 AM,07:56 PM,Dashami upto 09:59 AM,Ardra upto 10:22 AM,Krishna Paksha,Raviwara,Shravana,Simha,
GEONAME::4634946,2026-09-07,Knoxville,Tennessee,United States,America/New_York,4634946,Knoxville,07:12 AM,07:55 PM,"Ekadashi upto 07:33 AM; Dwadashi upto 05:12 AM, Sep 08","Punarvasu upto 08:44 AM; Pushya upto 07:09 AM, Sep 08",Krishna Paksha,Somawara,Shravana,Simha,
GEONAME::4644585,2026-09-01,Nashville,Tennessee,United States,America/Chicago,4644585,Nashville,06:19 AM,07:15 PM,Panchami upto 07:42 PM,Ashwini upto 04:12 PM,Krishna Paksha,Mangalawara,Shravana,Simha,
GEONAME::4644585,2026-09-02,Nashville,Tennessee,United States,America/Chicago,4644585,Nashville,06:20 AM,07:13 PM,Shashthi upto 05:56 PM,Bharani upto 03:13 PM,Krishna Paksha,Budhawara,Shravana,Simha,
GEONAME::4644585,2026-09-03,Nashville,Tennessee,United States,America/Chicago,4644585,Nashville,06:20 AM,07:12 PM,Saptami upto 03:55 PM,Krittika upto 01:59 PM,Krishna Paksha,Guruwara,Shravana,Simha,
GEONAME::4644585,2026-09-04,Nashville,Tennessee,United States,America/Chicago,4644585,Nashville,06:21 AM,07:11 PM,Ashtami upto 01:43 PM,Rohini upto 12:34 PM,Krishna Paksha,Shukrawara,Shravana,Simha,
GEONAME::4644585,2026-09-05,Nashville,Tennessee,United States,America/Chicago,4644585,Nashville,06:22 AM,07:09 PM,Navami upto 11:23 AM,Mrigashira upto 11:00 AM,Krishna Paksha,Shaniwara,Shravana,Simha,
GEONAME::4644585,2026-09-06,Nashville,Tennessee,United States,America/Chicago,4644585,Nashville,06:23 AM,07:08 PM,Dashami upto 08:59 AM,Ardra upto 09:22 AM,Krishna Paksha,Raviwara,Shravana,Simha,
GEONAME::4644585,2026-09-07,Nashville,Tennessee,United States,America/Chicago,4644585,Nashville,06:24 AM,07:06 PM,"Ekadashi upto 06:33 AM; Dwadashi upto 04:12 AM, Sep 08","Punarvasu upto 07:44 AM; Pushya upto 06:09 AM, Sep 08",Krishna Paksha,Somawara,Shravana,Simha,
GEONAME::5383527,2026-09-01,Placentia,California,United States,America/Los_Angeles,5383527,Placentia,06:25 AM,07:17 PM,Panchami upto 05:42 PM,Ashwini upto 02:12 PM,Krishna Paksha,Mangalawara,Shravana,Simha,
GEONAME::5383527,2026-09-02,Placentia,California,United States,America/Los_Angeles,5383527,Placentia,06:26 AM,07:16 PM,Shashthi upto 03:55 PM,Bharani upto 01:13 PM,Krishna Paksha,Budhawara,Shravana,Simha,
GEONAME::5383527,2026-09-03,Placentia,California,United States,America/Los_Angeles,5383527,Placentia,06:27 AM,07:14 PM,Saptami upto 01:55 PM,Krittika upto 11:59 AM,Krishna Paksha,Guruwara,Shravana,Simha,
GEONAME::5383527,2026-09-04,Placentia,California,United States,America/Los_Angeles,5383527,Placentia,06:28 AM,07:13 PM,Ashtami upto 11:43 AM,Rohini upto 10:34 AM,Krishna Paksha,Shukrawara,Shravana,Simha,
GEONAME::5383527,2026-09-05,Placentia,California,United States,America/Los_Angeles,5383527,Placentia,06:28 AM,07:12 PM,Navami upto 09:23 AM,Mrigashira upto 09:00 AM,Krishna Paksha,Shaniwara,Shravana,Simha,
GEONAME::5383527,2026-09-06,Placentia,California,United States,America/Los_Angeles,5383527,Placentia,06:29 AM,07:10 PM,"Dashami upto 06:59 AM; Ekadashi upto 04:33 AM, Sep 07","Ardra upto 07:22 AM; Punarvasu upto 05:44 AM, Sep 07",Krishna Paksha,Raviwara,Shravana,Simha,
GEONAME::5383527,2026-09-07,Placentia,California,United States,America/Los_Angeles,5383527,Placentia,06:30 AM,07:09 PM,"Dwadashi upto 02:12 AM, Sep 08","Pushya upto 04:09 AM, Sep 08",Krishna Paksha,Somawara,Shravana,Simha,
GEONAME::4180439,2026-09-01,Atlanta,Georgia,United States,America/New_York,4180439,Atlanta,07:12 AM,08:03 PM,Panchami upto 08:42 PM,Ashwini upto 05:12 PM,Krishna Paksha,Mangalawara,Shravana,Simha,
GEONAME::4180439,2026-09-02,Atlanta,Georgia,United States,America/New_York,4180439,Atlanta,07:12 AM,08:02 PM,Shashthi upto 06:55 PM,Bharani upto 04:13 PM,Krishna Paksha,Budhawara,Shravana,Simha,
GEONAME::4180439,2026-09-03,Atlanta,Georgia,United States,America/New_York,4180439,Atlanta,07:13 AM,08:00 PM,Saptami upto 04:55 PM,Krittika upto 02:59 PM,Krishna Paksha,Guruwara,Shravana,Simha,
GEONAME::4180439,2026-09-04,Atlanta,Georgia,United States,America/New_York,4180439,Atlanta,07:14 AM,07:59 PM,Ashtami upto 02:43 PM,Rohini upto 01:34 PM,Krishna Paksha,Shukrawara,Shravana,Simha,
GEONAME::4180439,2026-09-05,Atlanta,Georgia,United States,America/New_York,4180439,Atlanta,07:14 AM,07:58 PM,Navami upto 12:23 PM,Mrigashira upto 12:00 PM,Krishna Paksha,Shaniwara,Shravana,Simha,
GEONAME::4180439,2026-09-06,Atlanta,Georgia,United States,America/New_York,4180439,Atlanta,07:15 AM,07:56 PM,Dashami upto 09:59 AM,Ardra upto 10:22 AM,Krishna Paksha,Raviwara,Shravana,Simha,
GEONAME::4180439,2026-09-07,Atlanta,Georgia,United States,America/New_York,4180439,Atlanta,07:16 AM,07:55 PM,"Ekadashi upto 07:33 AM; Dwadashi upto 05:12 AM, Sep 08","Punarvasu upto 08:44 AM; Pushya upto 07:09 AM, Sep 08",Krishna Paksha,Somawara,Shravana,Simha,
GEONAME::1264527,2026-09-01,Chennai,Tamil Nadu,India,Asia/Kolkata,1264527,Chennai,05:58 AM,06:20 PM,Chaturthi upto 07:41 AM,"Ashwini upto 02:42 AM, Sep 02",Krishna Paksha,Mangalawara,Shravana,Simha,
GEONAME::1264527,2026-09-02,Chennai,Tamil Nadu,India,Asia/Kolkata,1264527,Chennai,05:58 AM,06:19 PM,"Panchami upto 06:12 AM; Shashthi upto 04:26 AM, Sep 03","Bharani upto 01:43 AM, Sep 03",Krishna Paksha,Budhawara,Shravana,Simha,
GEONAME::1264527,2026-09-03,Chennai,Tamil Nadu,India,Asia/Kolkata,1264527,Chennai,05:58 AM,06:19 PM,"Saptami upto 02:25 AM, Sep 04","Krittika upto 12:29 AM, Sep 04",Krishna Paksha,Guruwara,Shravana,Simha,
GEONAME::1264527,2026-09-04,Chennai,Tamil Nadu,India,Asia/Kolkata,1264527,Chennai,05:58 AM,06:18 PM,"Ashtami upto 12:13 AM, Sep 05",Rohini upto 11:04 PM,Krishna Paksha,Shukrawara,Shravana,Simha,
GEONAME::1264527,2026-09-05,Chennai,Tamil Nadu,India,Asia/Kolkata,1264527,Chennai,05:58 AM,06:17 PM,Navami upto 09:53 PM,Mrigashira upto 09:30 PM,Krishna Paksha,Shaniwara,Shravana,Simha,
GEONAME::1264527,2026-09-06,Chennai,Tamil Nadu,India,Asia/Kolkata,1264527,Chennai,05:58 AM,06:17 PM,Dashami upto 07:29 PM,Ardra upto 07:52 PM,Krishna Paksha,Raviwara,Shravana,Simha,
GEONAME::1264527,2026-09-07,Chennai,Tamil Nadu,India,Asia/Kolkata,1264527,Chennai,05:58 AM,06:16 PM,Ekadashi upto 05:03 PM,Punarvasu upto 06:14 PM,Krishna Paksha,Somawara,Shravana,Simha,
GEONAME::1254163,2026-09-01,Thiruvananthapuram,Kerala,India,Asia/Kolkata,1254163,Thiruvananthapuram,06:14 AM,06:30 PM,"Chaturthi upto 07:41 AM; Panchami upto 06:12 AM, Sep 02","Ashwini upto 02:42 AM, Sep 02",Krishna Paksha,Mangalawara,Shravana,Simha,
GEONAME::1254163,2026-09-02,Thiruvananthapuram,Kerala,India,Asia/Kolkata,1254163,Thiruvananthapuram,06:14 AM,06:30 PM,"Shashthi upto 04:25 AM, Sep 03","Bharani upto 01:43 AM, Sep 03",Krishna Paksha,Budhawara,Shravana,Simha,
GEONAME::1254163,2026-09-03,Thiruvananthapuram,Kerala,India,Asia/Kolkata,1254163,Thiruvananthapuram,06:14 AM,06:29 PM,"Saptami upto 02:25 AM, Sep 04","Krittika upto 12:29 AM, Sep 04",Krishna Paksha,Guruwara,Shravana,Simha,
GEONAME::1254163,2026-09-04,Thiruvananthapuram,Kerala,India,Asia/Kolkata,1254163,Thiruvananthapuram,06:14 AM,06:29 PM,"Ashtami upto 12:13 AM, Sep 05",Rohini upto 11:04 PM,Krishna Paksha,Shukrawara,Shravana,Simha,
GEONAME::1254163,2026-09-05,Thiruvananthapuram,Kerala,India,Asia/Kolkata,1254163,Thiruvananthapuram,06:13 AM,06:28 PM,Navami upto 09:53 PM,Mrigashira upto 09:30 PM,Krishna Paksha,Shaniwara,Shravana,Simha,
GEONAME::1254163,2026-09-06,Thiruvananthapuram,Kerala,India,Asia/Kolkata,1254163,Thiruvananthapuram,06:13 AM,06:28 PM,Dashami upto 07:29 PM,Ardra upto 07:52 PM,Krishna Paksha,Raviwara,Shravana,Simha,
GEONAME::1254163,2026-09-07,Thiruvananthapuram,Kerala,India,Asia/Kolkata,1254163,Thiruvananthapuram,06:13 AM,06:27 PM,Ekadashi upto 05:03 PM,Punarvasu upto 06:14 PM,Krishna Paksha,Somawara,Shravana,Simha,
GEONAME::1275339,2026-09-01,Mumbai,Maharashtra,India,Asia/Kolkata,1275339,Mumbai,06:23 AM,06:53 PM,"Chaturthi upto 07:41 AM; Panchami upto 06:12 AM, Sep 02","Ashwini upto 02:42 AM, Sep 02",Krishna Paksha,Mangalawara,Shravana,Simha,
GEONAME::1275339,2026-09-02,Mumbai,Maharashtra,India,Asia/Kolkata,1275339,Mumbai,06:24 AM,06:52 PM,"Shashthi upto 04:25 AM, Sep 03","Bharani upto 01:43 AM, Sep 03",Krishna Paksha,Budhawara,Shravana,Simha,
GEONAME::1275339,2026-09-03,Mumbai,Maharashtra,India,Asia/Kolkata,1275339,Mumbai,06:24 AM,06:52 PM,"Saptami upto 02:25 AM, Sep 04","Krittika upto 12:29 AM, Sep 04",Krishna Paksha,Guruwara,Shravana,Simha,
GEONAME::1275339,2026-09-04,Mumbai,Maharashtra,India,Asia/Kolkata,1275339,Mumbai,06:24 AM,06:51 PM,"Ashtami upto 12:13 AM, Sep 05",Rohini upto 11:04 PM,Krishna Paksha,Shukrawara,Shravana,Simha,
GEONAME::1275339,2026-09-05,Mumbai,Maharashtra,India,Asia/Kolkata,1275339,Mumbai,06:24 AM,06:50 PM,Navami upto 09:53 PM,Mrigashira upto 09:30 PM,Krishna Paksha,Shaniwara,Shravana,Simha,
GEONAME::1275339,2026-09-06,Mumbai,Maharashtra,India,Asia/Kolkata,1275339,Mumbai,06:24 AM,06:49 PM,Dashami upto 07:29 PM,Ardra upto 07:52 PM,Krishna Paksha,Raviwara,Shravana,Simha,
GEONAME::1275339,2026-09-07,Mumbai,Maharashtra,India,Asia/Kolkata,1275339,Mumbai,06:25 AM,06:48 PM,Ekadashi upto 05:03 PM,Punarvasu upto 06:14 PM,Krishna Paksha,Somawara,Shravana,Simha,
GEONAME::1275004,2026-09-01,Kolkata,West Bengal,India,Asia/Kolkata,1275004,Kolkata,05:19 AM,05:54 PM,Chaturthi upto 07:41 AM,"Ashwini upto 02:42 AM, Sep 02",Krishna Paksha,Mangalawara,Shravana,Simha,
GEONAME::1275004,2026-09-02,Kolkata,West Bengal,India,Asia/Kolkata,1275004,Kolkata,05:19 AM,05:53 PM,"Panchami upto 06:12 AM; Shashthi upto 04:25 AM, Sep 03","Bharani upto 01:43 AM, Sep 03",Krishna Paksha,Budhawara,Shravana,Simha,
GEONAME::1275004,2026-09-03,Kolkata,West Bengal,India,Asia/Kolkata,1275004,Kolkata,05:20 AM,05:52 PM,"Saptami upto 02:25 AM, Sep 04","Krittika upto 12:29 AM, Sep 04",Krishna Paksha,Guruwara,Shravana,Simha,
GEONAME::1275004,2026-09-04,Kolkata,West Bengal,India,Asia/Kolkata,1275004,Kolkata,05:20 AM,05:51 PM,"Ashtami upto 12:13 AM, Sep 05",Rohini upto 11:04 PM,Krishna Paksha,Shukrawara,Shravana,Simha,
GEONAME::1275004,2026-09-05,Kolkata,West Bengal,India,Asia/Kolkata,1275004,Kolkata,05:20 AM,05:50 PM,Navami upto 09:53 PM,Mrigashira upto 09:30 PM,Krishna Paksha,Shaniwara,Shravana,Simha,
GEONAME::1275004,2026-09-06,Kolkata,West Bengal,India,Asia/Kolkata,1275004,Kolkata,05:20 AM,05:49 PM,Dashami upto 07:29 PM,Ardra upto 07:52 PM,Krishna Paksha,Raviwara,Shravana,Simha,
GEONAME::1275004,2026-09-07,Kolkata,West Bengal,India,Asia/Kolkata,1275004,Kolkata,05:21 AM,05:48 PM,Ekadashi upto 05:03 PM,Punarvasu upto 06:14 PM,Krishna Paksha,Somawara,Shravana,Simha,
GEONAME::1275817,2026-09-01,Bhubaneswar,Odisha,India,Asia/Kolkata,1275817,Bhubaneswar,05:31 AM,06:02 PM,Chaturthi upto 07:41 AM,"Ashwini upto 02:42 AM, Sep 02",Krishna Paksha,Mangalawara,Shravana,Simha,
GEONAME::1275817,2026-09-02,Bhubaneswar,Odisha,India,Asia/Kolkata,1275817,Bhubaneswar,05:31 AM,06:01 PM,"Panchami upto 06:12 AM; Shashthi upto 04:25 AM, Sep 03","Bharani upto 01:43 AM, Sep 03",Krishna Paksha,Budhawara,Shravana,Simha,
GEONAME::1275817,2026-09-03,Bhubaneswar,Odisha,India,Asia/Kolkata,1275817,Bhubaneswar,05:31 AM,06:01 PM,"Saptami upto 02:25 AM, Sep 04","Krittika upto 12:29 AM, Sep 04",Krishna Paksha,Guruwara,Shravana,Simha,
GEONAME::1275817,2026-09-04,Bhubaneswar,Odisha,India,Asia/Kolkata,1275817,Bhubaneswar,05:31 AM,06:00 PM,"Ashtami upto 12:13 AM, Sep 05",Rohini upto 11:04 PM,Krishna Paksha,Shukrawara,Shravana,Simha,
GEONAME::1275817,2026-09-05,Bhubaneswar,Odisha,India,Asia/Kolkata,1275817,Bhubaneswar,05:32 AM,05:59 PM,Navami upto 09:53 PM,Mrigashira upto 09:30 PM,Krishna Paksha,Shaniwara,Shravana,Simha,
GEONAME::1275817,2026-09-06,Bhubaneswar,Odisha,India,Asia/Kolkata,1275817,Bhubaneswar,05:32 AM,05:58 PM,Dashami upto 07:29 PM,Ardra upto 07:52 PM,Krishna Paksha,Raviwara,Shravana,Simha,
GEONAME::1275817,2026-09-07,Bhubaneswar,Odisha,India,Asia/Kolkata,1275817,Bhubaneswar,05:32 AM,05:57 PM,Ekadashi upto 05:03 PM,Punarvasu upto 06:14 PM,Krishna Paksha,Somawara,Shravana,Simha,
GEONAME::1254360,2026-09-01,Tirupati,Andhra Pradesh,India,Asia/Kolkata,1254360,Tirupati,06:01 AM,06:24 PM,Chaturthi upto 07:41 AM,"Ashwini upto 02:42 AM, Sep 02",Krishna Paksha,Mangalawara,Shravana,Simha,
GEONAME::1254360,2026-09-02,Tirupati,Andhra Pradesh,India,Asia/Kolkata,1254360,Tirupati,06:01 AM,06:23 PM,"Panchami upto 06:12 AM; Shashthi upto 04:25 AM, Sep 03","Bharani upto 01:43 AM, Sep 03",Krishna Paksha,Budhawara,Shravana,Simha,
GEONAME::1254360,2026-09-03,Tirupati,Andhra Pradesh,India,Asia/Kolkata,1254360,Tirupati,06:01 AM,06:22 PM,"Saptami upto 02:25 AM, Sep 04","Krittika upto 12:29 AM, Sep 04",Krishna Paksha,Guruwara,Shravana,Simha,
GEONAME::1254360,2026-09-04,Tirupati,Andhra Pradesh,India,Asia/Kolkata,1254360,Tirupati,06:01 AM,06:22 PM,"Ashtami upto 12:13 AM, Sep 05",Rohini upto 11:04 PM,Krishna Paksha,Shukrawara,Shravana,Simha,
GEONAME::1254360,2026-09-05,Tirupati,Andhra Pradesh,India,Asia/Kolkata,1254360,Tirupati,06:01 AM,06:21 PM,Navami upto 09:53 PM,Mrigashira upto 09:30 PM,Krishna Paksha,Shaniwara,Shravana,Simha,
GEONAME::1254360,2026-09-06,Tirupati,Andhra Pradesh,India,Asia/Kolkata,1254360,Tirupati,06:01 AM,06:20 PM,Dashami upto 07:29 PM,Ardra upto 07:52 PM,Krishna Paksha,Raviwara,Shravana,Simha,
GEONAME::1254360,2026-09-07,Tirupati,Andhra Pradesh,India,Asia/Kolkata,1254360,Tirupati,06:01 AM,06:20 PM,Ekadashi upto 05:03 PM,Punarvasu upto 06:14 PM,Krishna Paksha,Somawara,Shravana,Simha,
GEONAME::1275841,2026-09-01,Bhopal,Madhya Pradesh,India,Asia/Kolkata,1275841,Bhopal,06:02 AM,06:38 PM,Chaturthi upto 07:41 AM,"Ashwini upto 02:42 AM, Sep 02",Krishna Paksha,Mangalawara,Shravana,Simha,
GEONAME::1275841,2026-09-02,Bhopal,Madhya Pradesh,India,Asia/Kolkata,1275841,Bhopal,06:03 AM,06:37 PM,"Panchami upto 06:12 AM; Shashthi upto 04:25 AM, Sep 03","Bharani upto 01:43 AM, Sep 03",Krishna Paksha,Budhawara,Shravana,Simha,
GEONAME::1275841,2026-09-03,Bhopal,Madhya Pradesh,India,Asia/Kolkata,1275841,Bhopal,06:03 AM,06:36 PM,"Saptami upto 02:25 AM, Sep 04","Krittika upto 12:29 AM, Sep 04",Krishna Paksha,Guruwara,Shravana,Simha,
GEONAME::1275841,2026-09-04,Bhopal,Madhya Pradesh,India,Asia/Kolkata,1275841,Bhopal,06:03 AM,06:35 PM,"Ashtami upto 12:13 AM, Sep 05",Rohini upto 11:04 PM,Krishna Paksha,Shukrawara,Shravana,Simha,
GEONAME::1275841,2026-09-05,Bhopal,Madhya Pradesh,India,Asia/Kolkata,1275841,Bhopal,06:04 AM,06:34 PM,Navami upto 09:53 PM,Mrigashira upto 09:30 PM,Krishna Paksha,Shaniwara,Shravana,Simha,
GEONAME::1275841,2026-09-06,Bhopal,Madhya Pradesh,India,Asia/Kolkata,1275841,Bhopal,06:04 AM,06:33 PM,Dashami upto 07:29 PM,Ardra upto 07:52 PM,Krishna Paksha,Raviwara,Shravana,Simha,
GEONAME::1275841,2026-09-07,Bhopal,Madhya Pradesh,India,Asia/Kolkata,1275841,Bhopal,06:04 AM,06:32 PM,Ekadashi upto 05:03 PM,Punarvasu upto 06:14 PM,Krishna Paksha,Somawara,Shravana,Simha,
GEONAME::1253405,2026-09-01,Varanasi,Uttar Pradesh,India,Asia/Kolkata,1253405,Varanasi,05:38 AM,06:17 PM,Chaturthi upto 07:41 AM,"Ashwini upto 02:42 AM, Sep 02",Krishna Paksha,Mangalawara,Shravana,Simha,
GEONAME::1253405,2026-09-02,Varanasi,Uttar Pradesh,India,Asia/Kolkata,1253405,Varanasi,05:39 AM,06:16 PM,"Panchami upto 06:12 AM; Shashthi upto 04:25 AM, Sep 03","Bharani upto 01:43 AM, Sep 03",Krishna Paksha,Budhawara,Shravana,Simha,
GEONAME::1253405,2026-09-03,Varanasi,Uttar Pradesh,India,Asia/Kolkata,1253405,Varanasi,05:39 AM,06:15 PM,"Saptami upto 02:25 AM, Sep 04","Krittika upto 12:29 AM, Sep 04",Krishna Paksha,Guruwara,Shravana,Simha,
GEONAME::1253405,2026-09-04,Varanasi,Uttar Pradesh,India,Asia/Kolkata,1253405,Varanasi,05:40 AM,06:14 PM,"Ashtami upto 12:13 AM, Sep 05",Rohini upto 11:04 PM,Krishna Paksha,Shukrawara,Shravana,Simha,
GEONAME::1253405,2026-09-05,Varanasi,Uttar Pradesh,India,Asia/Kolkata,1253405,Varanasi,05:40 AM,06:13 PM,Navami upto 09:53 PM,Mrigashira upto 09:30 PM,Krishna Paksha,Shaniwara,Shravana,Simha,
GEONAME::1253405,2026-09-06,Varanasi,Uttar Pradesh,India,Asia/Kolkata,1253405,Varanasi,05:40 AM,06:12 PM,Dashami upto 07:29 PM,Ardra upto 07:52 PM,Krishna Paksha,Raviwara,Shravana,Simha,
GEONAME::1253405,2026-09-07,Varanasi,Uttar Pradesh,India,Asia/Kolkata,1253405,Varanasi,05:41 AM,06:11 PM,Ekadashi upto 05:03 PM,Punarvasu upto 06:14 PM,Krishna Paksha,Somawara,Shravana,Simha,
GEONAME::1278994,2026-09-01,Prayagraj,Uttar Pradesh,India,Asia/Kolkata,1278994,Prayagraj,05:43 AM,06:22 PM,Chaturthi upto 07:41 AM,"Ashwini upto 02:42 AM, Sep 02",Krishna Paksha,Mangalawara,Shravana,Simha,
GEONAME::1278994,2026-09-02,Prayagraj,Uttar Pradesh,India,Asia/Kolkata,1278994,Prayagraj,05:43 AM,06:21 PM,"Panchami upto 06:12 AM; Shashthi upto 04:25 AM, Sep 03","Bharani upto 01:43 AM, Sep 03",Krishna Paksha,Budhawara,Shravana,Simha,
GEONAME::1278994,2026-09-03,Prayagraj,Uttar Pradesh,India,Asia/Kolkata,1278994,Prayagraj,05:44 AM,06:20 PM,"Saptami upto 02:25 AM, Sep 04","Krittika upto 12:29 AM, Sep 04",Krishna Paksha,Guruwara,Shravana,Simha,
GEONAME::1278994,2026-09-04,Prayagraj,Uttar Pradesh,India,Asia/Kolkata,1278994,Prayagraj,05:44 AM,06:19 PM,"Ashtami upto 12:13 AM, Sep 05",Rohini upto 11:04 PM,Krishna Paksha,Shukrawara,Shravana,Simha,
GEONAME::1278994,2026-09-05,Prayagraj,Uttar Pradesh,India,Asia/Kolkata,1278994,Prayagraj,05:45 AM,06:18 PM,Navami upto 09:53 PM,Mrigashira upto 09:30 PM,Krishna Paksha,Shaniwara,Shravana,Simha,
GEONAME::1278994,2026-09-06,Prayagraj,Uttar Pradesh,India,Asia/Kolkata,1278994,Prayagraj,05:45 AM,06:17 PM,Dashami upto 07:29 PM,Ardra upto 07:52 PM,Krishna Paksha,Raviwara,Shravana,Simha,
GEONAME::1278994,2026-09-07,Prayagraj,Uttar Pradesh,India,Asia/Kolkata,1278994,Prayagraj,05:45 AM,06:16 PM,Ekadashi upto 05:03 PM,Punarvasu upto 06:14 PM,Krishna Paksha,Somawara,Shravana,Simha,
GEONAME::1264733,2026-09-01,Lucknow,Uttar Pradesh,India,Asia/Kolkata,1264733,Lucknow,05:46 AM,06:27 PM,Chaturthi upto 07:41 AM,"Ashwini upto 02:42 AM, Sep 02",Krishna Paksha,Mangalawara,Shravana,Simha,
GEONAME::1264733,2026-09-02,Lucknow,Uttar Pradesh,India,Asia/Kolkata,1264733,Lucknow,05:46 AM,06:26 PM,"Panchami upto 06:12 AM; Shashthi upto 04:25 AM, Sep 03","Bharani upto 01:43 AM, Sep 03",Krishna Paksha,Budhawara,Shravana,Simha,
GEONAME::1264733,2026-09-03,Lucknow,Uttar Pradesh,India,Asia/Kolkata,1264733,Lucknow,05:46 AM,06:24 PM,"Saptami upto 02:25 AM, Sep 04","Krittika upto 12:29 AM, Sep 04",Krishna Paksha,Guruwara,Shravana,Simha,
GEONAME::1264733,2026-09-04,Lucknow,Uttar Pradesh,India,Asia/Kolkata,1264733,Lucknow,05:47 AM,06:23 PM,"Ashtami upto 12:13 AM, Sep 05",Rohini upto 11:04 PM,Krishna Paksha,Shukrawara,Shravana,Simha,
GEONAME::1264733,2026-09-05,Lucknow,Uttar Pradesh,India,Asia/Kolkata,1264733,Lucknow,05:47 AM,06:22 PM,Navami upto 09:53 PM,Mrigashira upto 09:30 PM,Krishna Paksha,Shaniwara,Shravana,Simha,
GEONAME::1264733,2026-09-06,Lucknow,Uttar Pradesh,India,Asia/Kolkata,1264733,Lucknow,05:48 AM,06:21 PM,Dashami upto 07:29 PM,Ardra upto 07:52 PM,Krishna Paksha,Raviwara,Shravana,Simha,
GEONAME::1264733,2026-09-07,Lucknow,Uttar Pradesh,India,Asia/Kolkata,1264733,Lucknow,05:48 AM,06:20 PM,Ekadashi upto 05:03 PM,Punarvasu upto 06:14 PM,Krishna Paksha,Somawara,Shravana,Simha,
GEONAME::1255634,2026-09-01,Srinagar,Jammu and Kashmir,India,Asia/Kolkata,1255634,Srinagar,06:04 AM,06:57 PM,Chaturthi upto 07:41 AM,"Ashwini upto 02:42 AM, Sep 02",Krishna Paksha,Mangalawara,Shravana,Simha,
GEONAME::1255634,2026-09-02,Srinagar,Jammu and Kashmir,India,Asia/Kolkata,1255634,Srinagar,06:05 AM,06:56 PM,"Panchami upto 06:12 AM; Shashthi upto 04:26 AM, Sep 03","Bharani upto 01:43 AM, Sep 03",Krishna Paksha,Budhawara,Shravana,Simha,
GEONAME::1255634,2026-09-03,Srinagar,Jammu and Kashmir,India,Asia/Kolkata,1255634,Srinagar,06:05 AM,06:54 PM,"Saptami upto 02:25 AM, Sep 04","Krittika upto 12:29 AM, Sep 04",Krishna Paksha,Guruwara,Shravana,Simha,
GEONAME::1255634,2026-09-04,Srinagar,Jammu and Kashmir,India,Asia/Kolkata,1255634,Srinagar,06:06 AM,06:53 PM,"Ashtami upto 12:13 AM, Sep 05",Rohini upto 11:04 PM,Krishna Paksha,Shukrawara,Shravana,Simha,
GEONAME::1255634,2026-09-05,Srinagar,Jammu and Kashmir,India,Asia/Kolkata,1255634,Srinagar,06:07 AM,06:52 PM,Navami upto 09:53 PM,Mrigashira upto 09:30 PM,Krishna Paksha,Shaniwara,Shravana,Simha,
GEONAME::1255634,2026-09-06,Srinagar,Jammu and Kashmir,India,Asia/Kolkata,1255634,Srinagar,06:07 AM,06:50 PM,Dashami upto 07:29 PM,Ardra upto 07:52 PM,Krishna Paksha,Raviwara,Shravana,Simha,
GEONAME::1255634,2026-09-07,Srinagar,Jammu and Kashmir,India,Asia/Kolkata,1255634,Srinagar,06:08 AM,06:49 PM,Ekadashi upto 05:03 PM,Punarvasu upto 06:14 PM,Krishna Paksha,Somawara,Shravana,Simha,
GEONAME::2174003,2026-09-01,Brisbane,Queensland,Australia,Australia/Brisbane,2174003,Brisbane,06:02 AM,05:34 PM,Chaturthi upto 12:11 PM,Revati upto 07:53 AM,Krishna Paksha,Mangalawara,Shravana,Simha,
GEONAME::2174003,2026-09-02,Brisbane,Queensland,Australia,Australia/Brisbane,2174003,Brisbane,06:01 AM,05:35 PM,Panchami upto 10:42 AM,Ashwini upto 07:12 AM,Krishna Paksha,Budhawara,Shravana,Simha,
GEONAME::2174003,2026-09-03,Brisbane,Queensland,Australia,Australia/Brisbane,2174003,Brisbane,06:00 AM,05:35 PM,Shashthi upto 08:55 AM,"Bharani upto 06:13 AM; Krittika upto 04:59 AM, Sep 04",Krishna Paksha,Guruwara,Shravana,Simha,
GEONAME::2174003,2026-09-04,Brisbane,Queensland,Australia,Australia/Brisbane,2174003,Brisbane,05:59 AM,05:36 PM,"Saptami upto 06:55 AM; Ashtami upto 04:43 AM, Sep 05","Rohini upto 03:34 AM, Sep 05",Krishna Paksha,Shukrawara,Shravana,Simha,
GEONAME::2174003,2026-09-05,Brisbane,Queensland,Australia,Australia/Brisbane,2174003,Brisbane,05:57 AM,05:36 PM,"Navami upto 02:23 AM, Sep 06","Mrigashira upto 02:00 AM, Sep 06",Krishna Paksha,Shaniwara,Shravana,Simha,
GEONAME::2174003,2026-09-06,Brisbane,Queensland,Australia,Australia/Brisbane,2174003,Brisbane,05:56 AM,05:37 PM,Dashami upto 11:59 PM,"Ardra upto 12:22 AM, Sep 07",Krishna Paksha,Raviwara,Shravana,Simha,
GEONAME::2174003,2026-09-07,Brisbane,Queensland,Australia,Australia/Brisbane,2174003,Brisbane,05:55 AM,05:37 PM,Ekadashi upto 09:33 PM,Punarvasu upto 10:44 PM,Krishna Paksha,Somawara,Shravana,Simha,
GEONAME::2158177,2026-09-01,Melbourne,Victoria,Australia,Australia/Melbourne,2158177,Melbourne,06:42 AM,05:59 PM,Chaturthi upto 12:11 PM,Revati upto 07:53 AM,Krishna Paksha,Mangalawara,Shravana,Simha,
GEONAME::2158177,2026-09-02,Melbourne,Victoria,Australia,Australia/Melbourne,2158177,Melbourne,06:41 AM,05:59 PM,Panchami upto 10:42 AM,"Ashwini upto 07:12 AM; Bharani upto 06:13 AM, Sep 03",Krishna Paksha,Budhawara,Shravana,Simha,
GEONAME::2158177,2026-09-03,Melbourne,Victoria,Australia,Australia/Melbourne,2158177,Melbourne,06:39 AM,06:00 PM,Shashthi upto 08:55 AM,"Krittika upto 04:59 AM, Sep 04",Krishna Paksha,Guruwara,Shravana,Simha,
GEONAME::2158177,2026-09-04,Melbourne,Victoria,Australia,Australia/Melbourne,2158177,Melbourne,06:38 AM,06:01 PM,"Saptami upto 06:55 AM; Ashtami upto 04:43 AM, Sep 05","Rohini upto 03:34 AM, Sep 05",Krishna Paksha,Shukrawara,Shravana,Simha,
GEONAME::2158177,2026-09-05,Melbourne,Victoria,Australia,Australia/Melbourne,2158177,Melbourne,06:36 AM,06:02 PM,"Navami upto 02:23 AM, Sep 06","Mrigashira upto 02:00 AM, Sep 06",Krishna Paksha,Shaniwara,Shravana,Simha,
GEONAME::2158177,2026-09-06,Melbourne,Victoria,Australia,Australia/Melbourne,2158177,Melbourne,06:35 AM,06:03 PM,Dashami upto 11:59 PM,"Ardra upto 12:22 AM, Sep 07",Krishna Paksha,Raviwara,Shravana,Simha,
GEONAME::2158177,2026-09-07,Melbourne,Victoria,Australia,Australia/Melbourne,2158177,Melbourne,06:33 AM,06:04 PM,Ekadashi upto 09:33 PM,Punarvasu upto 10:44 PM,Krishna Paksha,Somawara,Shravana,Simha,
GEONAME::2078025,2026-09-01,Adelaide,South Australia,Australia,Australia/Adelaide,2078025,Adelaide,06:35 AM,05:57 PM,Chaturthi upto 11:41 AM,Revati upto 07:23 AM,Krishna Paksha,Mangalawara,Shravana,Simha,
GEONAME::2078025,2026-09-02,Adelaide,South Australia,Australia,Australia/Adelaide,2078025,Adelaide,06:34 AM,05:57 PM,Panchami upto 10:12 AM,"Ashwini upto 06:42 AM; Bharani upto 05:43 AM, Sep 03",Krishna Paksha,Budhawara,Shravana,Simha,
GEONAME::2078025,2026-09-03,Adelaide,South Australia,Australia,Australia/Adelaide,2078025,Adelaide,06:33 AM,05:58 PM,"Shashthi upto 08:25 AM; Saptami upto 06:25 AM, Sep 04","Krittika upto 04:29 AM, Sep 04",Krishna Paksha,Guruwara,Shravana,Simha,
GEONAME::2078025,2026-09-04,Adelaide,South Australia,Australia,Australia/Adelaide,2078025,Adelaide,06:31 AM,05:59 PM,"Ashtami upto 04:13 AM, Sep 05","Rohini upto 03:04 AM, Sep 05",Krishna Paksha,Shukrawara,Shravana,Simha,
GEONAME::2078025,2026-09-05,Adelaide,South Australia,Australia,Australia/Adelaide,2078025,Adelaide,06:30 AM,05:59 PM,"Navami upto 01:53 AM, Sep 06","Mrigashira upto 01:30 AM, Sep 06",Krishna Paksha,Shaniwara,Shravana,Simha,
GEONAME::2078025,2026-09-06,Adelaide,South Australia,Australia,Australia/Adelaide,2078025,Adelaide,06:28 AM,06:00 PM,Dashami upto 11:29 PM,Ardra upto 11:52 PM,Krishna Paksha,Raviwara,Shravana,Simha,
GEONAME::2078025,2026-09-07,Adelaide,South Australia,Australia,Australia/Adelaide,2078025,Adelaide,06:27 AM,06:01 PM,Ekadashi upto 09:03 PM,Punarvasu upto 10:14 PM,Krishna Paksha,Somawara,Shravana,Simha,
GEONAME::2063523,2026-09-01,Perth,Western Australia,Australia,Australia/Perth,2063523,Perth,06:34 AM,06:00 PM,Chaturthi upto 10:11 AM,"Ashwini upto 05:12 AM, Sep 02",Krishna Paksha,Mangalawara,Shravana,Simha,
GEONAME::2063523,2026-09-02,Perth,Western Australia,Australia,Australia/Perth,2063523,Perth,06:32 AM,06:00 PM,Panchami upto 08:42 AM,"Bharani upto 04:13 AM, Sep 03",Krishna Paksha,Budhawara,Shravana,Simha,
GEONAME::2063523,2026-09-03,Perth,Western Australia,Australia,Australia/Perth,2063523,Perth,06:31 AM,06:01 PM,"Shashthi upto 06:55 AM; Saptami upto 04:55 AM, Sep 04","Krittika upto 02:59 AM, Sep 04",Krishna Paksha,Guruwara,Shravana,Simha,
GEONAME::2063523,2026-09-04,Perth,Western Australia,Australia,Australia/Perth,2063523,Perth,06:30 AM,06:02 PM,"Ashtami upto 02:43 AM, Sep 05","Rohini upto 01:34 AM, Sep 05",Krishna Paksha,Shukrawara,Shravana,Simha,
GEONAME::2063523,2026-09-05,Perth,Western Australia,Australia,Australia/Perth,2063523,Perth,06:29 AM,06:02 PM,"Navami upto 12:23 AM, Sep 06","Mrigashira upto 12:00 AM, Sep 06",Krishna Paksha,Shaniwara,Shravana,Simha,
GEONAME::2063523,2026-09-06,Perth,Western Australia,Australia,Australia/Perth,2063523,Perth,06:27 AM,06:03 PM,Dashami upto 09:59 PM,Ardra upto 10:22 PM,Krishna Paksha,Raviwara,Shravana,Simha,
GEONAME::2063523,2026-09-07,Perth,Western Australia,Australia,Australia/Perth,2063523,Perth,06:26 AM,06:03 PM,Ekadashi upto 07:33 PM,Punarvasu upto 08:44 PM,Krishna Paksha,Somawara,Shravana,Simha,
GEONAME::2172517,2026-09-01,Canberra,Australian Capital Territory,Australia,Australia/Sydney,2172517,Canberra,06:23 AM,05:44 PM,Chaturthi upto 12:11 PM,Revati upto 07:53 AM,Krishna Paksha,Mangalawara,Shravana,Simha,
GEONAME::2172517,2026-09-02,Canberra,Australian Capital Territory,Australia,Australia/Sydney,2172517,Canberra,06:22 AM,05:45 PM,Panchami upto 10:42 AM,"Ashwini upto 07:12 AM; Bharani upto 06:13 AM, Sep 03",Krishna Paksha,Budhawara,Shravana,Simha,
GEONAME::2172517,2026-09-03,Canberra,Australian Capital Territory,Australia,Australia/Sydney,2172517,Canberra,06:21 AM,05:46 PM,Shashthi upto 08:55 AM,"Krittika upto 04:59 AM, Sep 04",Krishna Paksha,Guruwara,Shravana,Simha,
GEONAME::2172517,2026-09-04,Canberra,Australian Capital Territory,Australia,Australia/Sydney,2172517,Canberra,06:19 AM,05:46 PM,"Saptami upto 06:55 AM; Ashtami upto 04:43 AM, Sep 05","Rohini upto 03:34 AM, Sep 05",Krishna Paksha,Shukrawara,Shravana,Simha,
GEONAME::2172517,2026-09-05,Canberra,Australian Capital Territory,Australia,Australia/Sydney,2172517,Canberra,06:18 AM,05:47 PM,"Navami upto 02:23 AM, Sep 06","Mrigashira upto 02:00 AM, Sep 06",Krishna Paksha,Shaniwara,Shravana,Simha,
GEONAME::2172517,2026-09-06,Canberra,Australian Capital Territory,Australia,Australia/Sydney,2172517,Canberra,06:17 AM,05:48 PM,Dashami upto 11:59 PM,"Ardra upto 12:22 AM, Sep 07",Krishna Paksha,Raviwara,Shravana,Simha,
GEONAME::2172517,2026-09-07,Canberra,Australian Capital Territory,Australia,Australia/Sydney,2172517,Canberra,06:15 AM,05:48 PM,Ekadashi upto 09:33 PM,Punarvasu upto 10:44 PM,Krishna Paksha,Somawara,Shravana,Simha,
GEONAME::2147714,2026-09-01,Sydney,New South Wales,Australia,Australia/Sydney,2147714,Sydney,06:14 AM,05:37 PM,Chaturthi upto 12:11 PM,Revati upto 07:53 AM,Krishna Paksha,Mangalawara,Shravana,Simha,
GEONAME::2147714,2026-09-02,Sydney,New South Wales,Australia,Australia/Sydney,2147714,Sydney,06:13 AM,05:38 PM,Panchami upto 10:42 AM,Ashwini upto 07:12 AM,Krishna Paksha,Budhawara,Shravana,Simha,
GEONAME::2147714,2026-09-03,Sydney,New South Wales,Australia,Australia/Sydney,2147714,Sydney,06:11 AM,05:38 PM,Shashthi upto 08:55 AM,"Bharani upto 06:13 AM; Krittika upto 04:59 AM, Sep 04",Krishna Paksha,Guruwara,Shravana,Simha,
GEONAME::2147714,2026-09-04,Sydney,New South Wales,Australia,Australia/Sydney,2147714,Sydney,06:10 AM,05:39 PM,"Saptami upto 06:55 AM; Ashtami upto 04:43 AM, Sep 05","Rohini upto 03:34 AM, Sep 05",Krishna Paksha,Shukrawara,Shravana,Simha,
GEONAME::2147714,2026-09-05,Sydney,New South Wales,Australia,Australia/Sydney,2147714,Sydney,06:09 AM,05:40 PM,"Navami upto 02:23 AM, Sep 06","Mrigashira upto 02:00 AM, Sep 06",Krishna Paksha,Shaniwara,Shravana,Simha,
GEONAME::2147714,2026-09-06,Sydney,New South Wales,Australia,Australia/Sydney,2147714,Sydney,06:07 AM,05:40 PM,Dashami upto 11:59 PM,"Ardra upto 12:22 AM, Sep 07",Krishna Paksha,Raviwara,Shravana,Simha,
GEONAME::2147714,2026-09-07,Sydney,New South Wales,Australia,Australia/Sydney,2147714,Sydney,06:06 AM,05:41 PM,Ekadashi upto 09:33 PM,Punarvasu upto 10:44 PM,Krishna Paksha,Somawara,Shravana,Simha,
GEONAME::2938913,2026-08-31,Darmstadt,Hesse,Germany,Europe/Berlin,2938913,Darmstadt,06:39 AM,08:11 PM,"Chaturthi upto 04:11 AM, Sep 01",Revati upto 11:53 PM,Krishna Paksha,Somawara,Shravana,Simha,
GEONAME::2938913,2026-09-01,Darmstadt,Hesse,Germany,Europe/Berlin,2938913,Darmstadt,06:40 AM,08:09 PM,"Panchami upto 02:42 AM, Sep 02",Ashwini upto 11:12 PM,Krishna Paksha,Mangalawara,Shravana,Simha,
GEONAME::2938913,2026-09-02,Darmstadt,Hesse,Germany,Europe/Berlin,2938913,Darmstadt,06:42 AM,08:07 PM,"Shashthi upto 12:55 AM, Sep 03",Bharani upto 10:13 PM,Krishna Paksha,Budhawara,Shravana,Simha,
GEONAME::2938913,2026-09-03,Darmstadt,Hesse,Germany,Europe/Berlin,2938913,Darmstadt,06:43 AM,08:05 PM,Saptami upto 10:55 PM,Krittika upto 08:59 PM,Krishna Paksha,Guruwara,Shravana,Simha,
GEONAME::2938913,2026-09-04,Darmstadt,Hesse,Germany,Europe/Berlin,2938913,Darmstadt,06:45 AM,08:03 PM,Ashtami upto 08:43 PM,Rohini upto 07:34 PM,Krishna Paksha,Shukrawara,Shravana,Simha,
GEONAME::2938913,2026-09-05,Darmstadt,Hesse,Germany,Europe/Berlin,2938913,Darmstadt,06:46 AM,08:01 PM,Navami upto 06:23 PM,Mrigashira upto 06:00 PM,Krishna Paksha,Shaniwara,Shravana,Simha,
GEONAME::2938913,2026-09-06,Darmstadt,Hesse,Germany,Europe/Berlin,2938913,Darmstadt,06:48 AM,07:59 PM,Dashami upto 03:59 PM,Ardra upto 04:22 PM,Krishna Paksha,Raviwara,Shravana,Simha,
GEONAME::2938913,2026-09-07,Darmstadt,Hesse,Germany,Europe/Berlin,2938913,Darmstadt,06:49 AM,07:57 PM,Ekadashi upto 01:33 PM,Punarvasu upto 02:44 PM,Krishna Paksha,Somawara,Shravana,Simha,
