Location Key,Date,Observed Festival,Canonical Festival,Detail URL,Sankranti Moment,Punya Kala,Maha Punya Kala,Extracted Details,Completeness Status,Scan Error
geoname:6182962|city:windsor,2026-08-16,Simha Sankranti,Sankramana,https://www.drikpanchang.com/sankranti/simha-sankranti-date-time.html?year=2026,Simha Sankranti Moment - 10:34 PM,Simha Sankranti Punya Kala - 01:36 PM to 08:31 PM,Simha Sankranti Maha Punya Kala - 06:13 PM to 08:31 PM,Simha Sankranti Moment - 10:34 PM | Simha Sankranti Punya Kala - 01:36 PM to 08:31 PM | Simha Sankranti Maha Punya Kala - 06:13 PM to 08:31 PM,COMPLETE,
geoname:2643743|city:london,2026-08-17,Simha Sankranti,Sankramana,https://www.drikpanchang.com/sankranti/simha-sankranti-date-time.html?year=2026,Simha Sankranti Moment - 03:34 AM,Simha Sankranti Punya Kala - 05:49 AM to 01:04 PM,Simha Sankranti Maha Punya Kala - 05:49 AM to 08:14 AM,Simha Sankranti Moment - 03:34 AM | Simha Sankranti Punya Kala - 05:49 AM to 01:04 PM | Simha Sankranti Maha Punya Kala - 05:49 AM to 08:14 AM,COMPLETE,
geoname:1276533|city:belgaum,2026-08-17,Simha Sankranti,Sankramana,https://www.drikpanchang.com/sankranti/simha-sankranti-date-time.html?year=2026,Simha Sankranti Moment - 08:04 AM,Simha Sankranti Punya Kala - 06:17 AM to 08:04 AM,Simha Sankranti Maha Punya Kala - 06:17 AM to 08:04 AM,Simha Sankranti Moment - 08:04 AM | Simha Sankranti Punya Kala - 06:17 AM to 08:04 AM | Simha Sankranti Maha Punya Kala - 06:17 AM to 08:04 AM,COMPLETE,
geoname:1269920|city:hubli,2026-08-17,Simha Sankranti,Sankramana,https://www.drikpanchang.com/sankranti/simha-sankranti-date-time.html?year=2026,Simha Sankranti Moment - 08:04 AM,Simha Sankranti Punya Kala - 06:15 AM to 08:04 AM,Simha Sankranti Maha Punya Kala - 06:15 AM to 08:04 AM,Simha Sankranti Moment - 08:04 AM | Simha Sankranti Punya Kala - 06:15 AM to 08:04 AM | Simha Sankranti Maha Punya Kala - 06:15 AM to 08:04 AM,COMPLETE,
geoname:6173331|city:vancouver,2026-08-16,Simha Sankranti,Sankramana,https://www.drikpanchang.com/sankranti/simha-sankranti-date-time.html?year=2026,Simha Sankranti Moment - 07:34 PM,Simha Sankranti Punya Kala - 11:55 AM to 07:34 PM,Simha Sankranti Maha Punya Kala - 05:10 PM to 07:34 PM,Simha Sankranti Moment - 07:34 PM | Simha Sankranti Punya Kala - 11:55 AM to 07:34 PM | Simha Sankranti Maha Punya Kala - 05:10 PM to 07:34 PM,COMPLETE,
geoname:5108728|city:belfast,2026-08-16,Simha Sankranti,Sankramana,https://www.drikpanchang.com/sankranti/simha-sankranti-date-time.html?year=2026,Simha Sankranti Moment - 10:34 PM,Simha Sankranti Punya Kala - 01:16 PM to 08:11 PM,Simha Sankranti Maha Punya Kala - 05:53 PM to 08:11 PM,Simha Sankranti Moment - 10:34 PM | Simha Sankranti Punya Kala - 01:16 PM to 08:11 PM | Simha Sankranti Maha Punya Kala - 05:53 PM to 08:11 PM,COMPLETE,
geoname:1835848|city:seoul,2026-08-17,Simha Sankranti,Sankramana,https://www.drikpanchang.com/sankranti/simha-sankranti-date-time.html?year=2026,Simha Sankranti Moment - 11:34 AM,Simha Sankranti Punya Kala - 05:49 AM to 11:34 AM,Simha Sankranti Maha Punya Kala - 09:18 AM to 11:34 AM,Simha Sankranti Moment - 11:34 AM | Simha Sankranti Punya Kala - 05:49 AM to 11:34 AM | Simha Sankranti Maha Punya Kala - 09:18 AM to 11:34 AM,COMPLETE,
geoname:2193733|city:auckland,2026-08-17,Simha Sankranti,Sankramana,https://www.drikpanchang.com/sankranti/simha-sankranti-date-time.html?year=2026,Simha Sankranti Moment - 02:34 PM,Simha Sankranti Punya Kala - 08:49 AM to 02:34 PM,Simha Sankranti Maha Punya Kala - 12:46 PM to 02:34 PM,Simha Sankranti Moment - 02:34 PM | Simha Sankranti Punya Kala - 08:49 AM to 02:34 PM | Simha Sankranti Maha Punya Kala - 12:46 PM to 02:34 PM,COMPLETE,
geoname:2179537|city:wellington,2026-08-17,Simha Sankranti,Sankramana,https://www.drikpanchang.com/sankranti/simha-sankranti-date-time.html?year=2026,Simha Sankranti Moment - 02:34 PM,Simha Sankranti Punya Kala - 08:57 AM to 02:34 PM,Simha Sankranti Maha Punya Kala - 12:48 PM to 02:34 PM,Simha Sankranti Moment - 02:34 PM | Simha Sankranti Punya Kala - 08:57 AM to 02:34 PM | Simha Sankranti Maha Punya Kala - 12:48 PM to 02:34 PM,COMPLETE,
geoname:2192362|city:christchurch,2026-08-17,Simha Sankranti,Sankramana,https://www.drikpanchang.com/sankranti/simha-sankranti-date-time.html?year=2026,Simha Sankranti Moment - 02:34 PM,Simha Sankranti Punya Kala - 09:01 AM to 02:34 PM,Simha Sankranti Maha Punya Kala - 12:50 PM to 02:34 PM,Simha Sankranti Moment - 02:34 PM | Simha Sankranti Punya Kala - 09:01 AM to 02:34 PM | Simha Sankranti Maha Punya Kala - 12:50 PM to 02:34 PM,COMPLETE,
geoname:1279290|city:agartala,2026-08-17,Simha Sankranti,Sankramana,https://www.drikpanchang.com/sankranti/simha-sankranti-date-time.html?year=2026,Simha Sankranti Moment - 08:04 AM,Simha Sankranti Punya Kala - 05:01 AM to 08:04 AM,Simha Sankranti Maha Punya Kala - 05:54 AM to 08:04 AM,Simha Sankranti Moment - 08:04 AM | Simha Sankranti Punya Kala - 05:01 AM to 08:04 AM | Simha Sankranti Maha Punya Kala - 05:54 AM to 08:04 AM,COMPLETE,
geoname:1271476|city:guwahati,2026-08-17,Simha Sankranti,Sankramana,https://www.drikpanchang.com/sankranti/simha-sankranti-date-time.html?year=2026,Simha Sankranti Moment - 08:04 AM,Simha Sankranti Punya Kala - 04:56 AM to 08:04 AM,Simha Sankranti Maha Punya Kala - 05:53 AM to 08:04 AM,Simha Sankranti Moment - 08:04 AM | Simha Sankranti Punya Kala - 04:56 AM to 08:04 AM | Simha Sankranti Maha Punya Kala - 05:53 AM to 08:04 AM,COMPLETE,
geoname:1256525|city:shiliguri,2026-08-17,Simha Sankranti,Sankramana,https://www.drikpanchang.com/sankranti/simha-sankranti-date-time.html?year=2026,Simha Sankranti Moment - 08:04 AM,Simha Sankranti Punya Kala - 05:09 AM to 08:04 AM,Simha Sankranti Maha Punya Kala - 05:53 AM to 08:04 AM,Simha Sankranti Moment - 08:04 AM | Simha Sankranti Punya Kala - 05:09 AM to 08:04 AM | Simha Sankranti Maha Punya Kala - 05:53 AM to 08:04 AM,COMPLETE,
geoname:1279186|city:aizawl,2026-08-17,Simha Sankranti,Sankramana,https://www.drikpanchang.com/sankranti/simha-sankranti-date-time.html?year=2026,Simha Sankranti Moment - 08:04 AM,Simha Sankranti Punya Kala - 04:55 AM to 08:04 AM,Simha Sankranti Maha Punya Kala - 05:54 AM to 08:04 AM,Simha Sankranti Moment - 08:04 AM | Simha Sankranti Punya Kala - 04:55 AM to 08:04 AM | Simha Sankranti Maha Punya Kala - 05:54 AM to 08:04 AM,COMPLETE,
geoname:1271631|city:gangtok,2026-08-17,Simha Sankranti,Sankramana,https://www.drikpanchang.com/sankranti/simha-sankranti-date-time.html?year=2026,Simha Sankranti Moment - 08:04 AM,Simha Sankranti Punya Kala - 05:07 AM to 08:04 AM,Simha Sankranti Maha Punya Kala - 05:53 AM to 08:04 AM,Simha Sankranti Moment - 08:04 AM | Simha Sankranti Punya Kala - 05:07 AM to 08:04 AM | Simha Sankranti Maha Punya Kala - 05:53 AM to 08:04 AM,COMPLETE,
geoname:1256287|city:silchar,2026-08-17,Simha Sankranti,Sankramana,https://www.drikpanchang.com/sankranti/simha-sankranti-date-time.html?year=2026,Simha Sankranti Moment - 08:04 AM,Simha Sankranti Punya Kala - 04:54 AM to 08:04 AM,Simha Sankranti Maha Punya Kala - 05:54 AM to 08:04 AM,Simha Sankranti Moment - 08:04 AM | Simha Sankranti Punya Kala - 04:54 AM to 08:04 AM | Simha Sankranti Maha Punya Kala - 05:54 AM to 08:04 AM,COMPLETE,
geoname:1272648|city:dibrugarh,2026-08-17,Simha Sankranti,Sankramana,https://www.drikpanchang.com/sankranti/simha-sankranti-date-time.html?year=2026,Simha Sankranti Moment - 08:04 AM,Simha Sankranti Punya Kala - 04:42 AM to 08:04 AM,Simha Sankranti Maha Punya Kala - 05:53 AM to 08:04 AM,Simha Sankranti Moment - 08:04 AM | Simha Sankranti Punya Kala - 04:42 AM to 08:04 AM | Simha Sankranti Maha Punya Kala - 05:53 AM to 08:04 AM,COMPLETE,
geoname:1269771|city:imphal,2026-08-17,Simha Sankranti,Sankramana,https://www.drikpanchang.com/sankranti/simha-sankranti-date-time.html?year=2026,Simha Sankranti Moment - 08:04 AM,Simha Sankranti Punya Kala - 04:49 AM to 08:04 AM,Simha Sankranti Maha Punya Kala - 05:54 AM to 08:04 AM,Simha Sankranti Moment - 08:04 AM | Simha Sankranti Punya Kala - 04:49 AM to 08:04 AM | Simha Sankranti Maha Punya Kala - 05:54 AM to 08:04 AM,COMPLETE,
geoname:1272552|city:dimapur,2026-08-17,Simha Sankranti,Sankramana,https://www.drikpanchang.com/sankranti/simha-sankranti-date-time.html?year=2026,Simha Sankranti Moment - 08:04 AM,Simha Sankranti Punya Kala - 04:49 AM to 08:04 AM,Simha Sankranti Maha Punya Kala - 05:54 AM to 08:04 AM,Simha Sankranti Moment - 08:04 AM | Simha Sankranti Punya Kala - 04:49 AM to 08:04 AM | Simha Sankranti Maha Punya Kala - 05:54 AM to 08:04 AM,COMPLETE,
geoname:1269655|city:itanagar,2026-08-17,Simha Sankranti,Sankramana,https://www.drikpanchang.com/sankranti/simha-sankranti-date-time.html?year=2026,Simha Sankranti Moment - 08:04 AM,Simha Sankranti Punya Kala - 04:48 AM to 08:04 AM,Simha Sankranti Maha Punya Kala - 05:53 AM to 08:04 AM,Simha Sankranti Moment - 08:04 AM | Simha Sankranti Punya Kala - 04:48 AM to 08:04 AM | Simha Sankranti Maha Punya Kala - 05:53 AM to 08:04 AM,COMPLETE,
geoname:1264521|city:madurai,2026-08-17,Simha Sankranti,Sankramana,https://www.drikpanchang.com/sankranti/simha-sankranti-date-time.html?year=2026,Simha Sankranti Moment - 08:04 AM,Simha Sankranti Punya Kala - 06:09 AM to 08:04 AM,Simha Sankranti Maha Punya Kala - 06:09 AM to 08:04 AM,Simha Sankranti Moment - 08:04 AM | Simha Sankranti Punya Kala - 06:09 AM to 08:04 AM | Simha Sankranti Maha Punya Kala - 06:09 AM to 08:04 AM,COMPLETE,
geoname:1265683|city:kumbakonam,2026-08-17,Simha Sankranti,Sankramana,https://www.drikpanchang.com/sankranti/simha-sankranti-date-time.html?year=2026,Simha Sankranti Moment - 08:04 AM,Simha Sankranti Punya Kala - 06:02 AM to 08:04 AM,Simha Sankranti Maha Punya Kala - 06:02 AM to 08:04 AM,Simha Sankranti Moment - 08:04 AM | Simha Sankranti Punya Kala - 06:02 AM to 08:04 AM | Simha Sankranti Maha Punya Kala - 06:02 AM to 08:04 AM,COMPLETE,
geoname:1274256|city:chidambaram,2026-08-17,Simha Sankranti,Sankramana,https://www.drikpanchang.com/sankranti/simha-sankranti-date-time.html?year=2026,Simha Sankranti Moment - 08:04 AM,Simha Sankranti Punya Kala - 06:01 AM to 08:04 AM,Simha Sankranti Maha Punya Kala - 06:01 AM to 08:04 AM,Simha Sankranti Moment - 08:04 AM | Simha Sankranti Punya Kala - 06:01 AM to 08:04 AM | Simha Sankranti Maha Punya Kala - 06:01 AM to 08:04 AM,COMPLETE,
geoname:1268159|city:kanchipuram,2026-08-17,Simha Sankranti,Sankramana,https://www.drikpanchang.com/sankranti/simha-sankranti-date-time.html?year=2026,Simha Sankranti Moment - 08:04 AM,Simha Sankranti Punya Kala - 05:59 AM to 08:04 AM,Simha Sankranti Maha Punya Kala - 05:59 AM to 08:04 AM,Simha Sankranti Moment - 08:04 AM | Simha Sankranti Punya Kala - 05:59 AM to 08:04 AM | Simha Sankranti Maha Punya Kala - 05:59 AM to 08:04 AM,COMPLETE,
geoname:1254388|city:srirangam,2026-08-17,Simha Sankranti,Sankramana,https://www.drikpanchang.com/sankranti/simha-sankranti-date-time.html?year=2026,Simha Sankranti Moment - 08:04 AM,Simha Sankranti Punya Kala - 06:05 AM to 08:04 AM,Simha Sankranti Maha Punya Kala - 06:05 AM to 08:04 AM,Simha Sankranti Moment - 08:04 AM | Simha Sankranti Punya Kala - 06:05 AM to 08:04 AM | Simha Sankranti Maha Punya Kala - 06:05 AM to 08:04 AM,COMPLETE,
geoname:1270603|city:guruvayur,2026-08-17,Simha Sankranti,Sankramana,https://www.drikpanchang.com/sankranti/simha-sankranti-date-time.html?year=2026,Simha Sankranti Moment - 08:04 AM,Simha Sankranti Punya Kala - 06:16 AM to 08:04 AM,Simha Sankranti Maha Punya Kala - 06:16 AM to 08:04 AM,Simha Sankranti Moment - 08:04 AM | Simha Sankranti Punya Kala - 06:16 AM to 08:04 AM | Simha Sankranti Maha Punya Kala - 06:16 AM to 08:04 AM,COMPLETE,
geoname:1260546|city:pandharpur,2026-08-17,Simha Sankranti,Sankramana,https://www.drikpanchang.com/sankranti/simha-sankranti-date-time.html?year=2026,Simha Sankranti Moment - 08:04 AM,Simha Sankranti Punya Kala - 06:12 AM to 08:04 AM,Simha Sankranti Maha Punya Kala - 06:12 AM to 08:04 AM,Simha Sankranti Moment - 08:04 AM | Simha Sankranti Punya Kala - 06:12 AM to 08:04 AM | Simha Sankranti Maha Punya Kala - 06:12 AM to 08:04 AM,COMPLETE,
geoname:1266285|city:kolhapur,2026-08-17,Simha Sankranti,Sankramana,https://www.drikpanchang.com/sankranti/simha-sankranti-date-time.html?year=2026,Simha Sankranti Moment - 08:04 AM,Simha Sankranti Punya Kala - 06:17 AM to 08:04 AM,Simha Sankranti Maha Punya Kala - 06:17 AM to 08:04 AM,Simha Sankranti Moment - 08:04 AM | Simha Sankranti Punya Kala - 06:17 AM to 08:04 AM | Simha Sankranti Maha Punya Kala - 06:17 AM to 08:04 AM,COMPLETE,
geoname:1262180|city:nagpur,2026-08-17,Simha Sankranti,Sankramana,https://www.drikpanchang.com/sankranti/simha-sankranti-date-time.html?year=2026,Simha Sankranti Moment - 08:04 AM,Simha Sankranti Punya Kala - 05:53 AM to 08:04 AM,Simha Sankranti Maha Punya Kala - 05:55 AM to 08:04 AM,Simha Sankranti Moment - 08:04 AM | Simha Sankranti Punya Kala - 05:53 AM to 08:04 AM | Simha Sankranti Maha Punya Kala - 05:55 AM to 08:04 AM,COMPLETE,
geoname:1253102|city:visakhapatnam,2026-08-17,Simha Sankranti,Sankramana,https://www.drikpanchang.com/sankranti/simha-sankranti-date-time.html?year=2026,Simha Sankranti Moment - 08:04 AM,Simha Sankranti Punya Kala - 05:40 AM to 08:04 AM,Simha Sankranti Maha Punya Kala - 05:57 AM to 08:04 AM,Simha Sankranti Moment - 08:04 AM | Simha Sankranti Punya Kala - 05:40 AM to 08:04 AM | Simha Sankranti Maha Punya Kala - 05:57 AM to 08:04 AM,COMPLETE,
geoname:292223|city:dubai,2026-08-17,Simha Sankranti,Sankramana,https://www.drikpanchang.com/sankranti/simha-sankranti-date-time.html?year=2026,Simha Sankranti Moment - 06:34 AM,Simha Sankranti Punya Kala - 05:54 AM to 06:34 AM,Simha Sankranti Maha Punya Kala - 05:54 AM to 06:34 AM,Simha Sankranti Moment - 06:34 AM | Simha Sankranti Punya Kala - 05:54 AM to 06:34 AM | Simha Sankranti Maha Punya Kala - 05:54 AM to 06:34 AM,COMPLETE,
geoname:290030|city:doha,2026-08-17,Simha Sankranti,Sankramana,https://www.drikpanchang.com/sankranti/simha-sankranti-date-time.html?year=2026,Simha Sankranti Moment - 05:34 AM,Simha Sankranti Punya Kala - 05:08 AM to 05:34 AM,Simha Sankranti Maha Punya Kala - 05:08 AM to 05:34 AM,Simha Sankranti Moment - 05:34 AM | Simha Sankranti Punya Kala - 05:08 AM to 05:34 AM | Simha Sankranti Maha Punya Kala - 05:08 AM to 05:34 AM,COMPLETE,
geoname:2657896|city:zurich,2026-08-17,Simha Sankranti,Sankramana,https://www.drikpanchang.com/sankranti/simha-sankranti-date-time.html?year=2026,Simha Sankranti Moment - 04:34 AM,Simha Sankranti Punya Kala - 06:25 AM to 01:29 PM,Simha Sankranti Maha Punya Kala - 06:25 AM to 08:46 AM,Simha Sankranti Moment - 04:34 AM | Simha Sankranti Punya Kala - 06:25 AM to 01:29 PM | Simha Sankranti Maha Punya Kala - 06:25 AM to 08:46 AM,COMPLETE,
geoname:2928751|city:esslingen,2026-08-17,Simha Sankranti,Sankramana,https://www.drikpanchang.com/sankranti/simha-sankranti-date-time.html?year=2026,Simha Sankranti Moment - 04:34 AM,Simha Sankranti Punya Kala - 06:18 AM to 01:26 PM,Simha Sankranti Maha Punya Kala - 06:18 AM to 08:41 AM,Simha Sankranti Moment - 04:34 AM | Simha Sankranti Punya Kala - 06:18 AM to 01:26 PM | Simha Sankranti Maha Punya Kala - 06:18 AM to 08:41 AM,COMPLETE,
geoname:1278094|city:ayodhya,2026-08-17,Simha Sankranti,Sankramana,https://www.drikpanchang.com/sankranti/simha-sankranti-date-time.html?year=2026,Simha Sankranti Moment - 08:04 AM,Simha Sankranti Punya Kala - 05:34 AM to 08:04 AM,Simha Sankranti Maha Punya Kala - 05:53 AM to 08:04 AM,Simha Sankranti Moment - 08:04 AM | Simha Sankranti Punya Kala - 05:34 AM to 08:04 AM | Simha Sankranti Maha Punya Kala - 05:53 AM to 08:04 AM,COMPLETE,
geoname:5131614|city:pittsford,2026-08-16,Simha Sankranti,Sankramana,https://www.drikpanchang.com/sankranti/simha-sankranti-date-time.html?year=2026,Simha Sankranti Moment - 10:34 PM,Simha Sankranti Punya Kala - 01:14 PM to 08:11 PM,Simha Sankranti Maha Punya Kala - 05:52 PM to 08:11 PM,Simha Sankranti Moment - 10:34 PM | Simha Sankranti Punya Kala - 01:14 PM to 08:11 PM | Simha Sankranti Maha Punya Kala - 05:52 PM to 08:11 PM,COMPLETE,
geoname:5119251|city:greece,2026-08-16,Simha Sankranti,Sankramana,https://www.drikpanchang.com/sankranti/simha-sankranti-date-time.html?year=2026,Simha Sankranti Moment - 10:34 PM,Simha Sankranti Punya Kala - 01:15 PM to 08:12 PM,Simha Sankranti Maha Punya Kala - 05:53 PM to 08:12 PM,Simha Sankranti Moment - 10:34 PM | Simha Sankranti Punya Kala - 01:15 PM to 08:12 PM | Simha Sankranti Maha Punya Kala - 05:53 PM to 08:12 PM,COMPLETE,
geoname:5140405|city:syracuse,2026-08-16,Simha Sankranti,Sankramana,https://www.drikpanchang.com/sankranti/simha-sankranti-date-time.html?year=2026,Simha Sankranti Moment - 10:34 PM,Simha Sankranti Punya Kala - 01:09 PM to 08:05 PM,Simha Sankranti Maha Punya Kala - 05:46 PM to 08:05 PM,Simha Sankranti Moment - 10:34 PM | Simha Sankranti Punya Kala - 01:09 PM to 08:05 PM | Simha Sankranti Maha Punya Kala - 05:46 PM to 08:05 PM,COMPLETE,
geoname:4256038|city:columbus,2026-08-16,Simha Sankranti,Sankramana,https://www.drikpanchang.com/sankranti/simha-sankranti-date-time.html?year=2026,Simha Sankranti Moment - 10:34 PM,Simha Sankranti Punya Kala - 01:48 PM to 08:37 PM,Simha Sankranti Maha Punya Kala - 06:21 PM to 08:37 PM,Simha Sankranti Moment - 10:34 PM | Simha Sankranti Punya Kala - 01:48 PM to 08:37 PM | Simha Sankranti Maha Punya Kala - 06:21 PM to 08:37 PM,COMPLETE,
geoname:4487042|city:raleigh,2026-08-16,Simha Sankranti,Sankramana,https://www.drikpanchang.com/sankranti/simha-sankranti-date-time.html?year=2026,Simha Sankranti Moment - 10:34 PM,Simha Sankranti Punya Kala - 01:19 PM to 08:03 PM,Simha Sankranti Maha Punya Kala - 05:48 PM to 08:03 PM,Simha Sankranti Moment - 10:34 PM | Simha Sankranti Punya Kala - 01:19 PM to 08:03 PM | Simha Sankranti Maha Punya Kala - 05:48 PM to 08:03 PM,COMPLETE,
geoname:4460243|city:charlotte,2026-08-16,Simha Sankranti,Sankramana,https://www.drikpanchang.com/sankranti/simha-sankranti-date-time.html?year=2026,Simha Sankranti Moment - 10:34 PM,Simha Sankranti Punya Kala - 01:27 PM to 08:11 PM,Simha Sankranti Maha Punya Kala - 05:56 PM to 08:11 PM,Simha Sankranti Moment - 10:34 PM | Simha Sankranti Punya Kala - 01:27 PM to 08:11 PM | Simha Sankranti Maha Punya Kala - 05:56 PM to 08:11 PM,COMPLETE,
geoname:1277333|city:bengaluru,2026-08-17,Simha Sankranti,Sankramana,https://www.drikpanchang.com/sankranti/simha-sankranti-date-time.html?year=2026,Simha Sankranti Moment - 08:04 AM,Simha Sankranti Punya Kala - 06:08 AM to 08:04 AM,Simha Sankranti Maha Punya Kala - 06:08 AM to 08:04 AM,Simha Sankranti Moment - 08:04 AM | Simha Sankranti Punya Kala - 06:08 AM to 08:04 AM | Simha Sankranti Maha Punya Kala - 06:08 AM to 08:04 AM,COMPLETE,
geoname:1262321|city:mysuru,2026-08-17,Simha Sankranti,Sankramana,https://www.drikpanchang.com/sankranti/simha-sankranti-date-time.html?year=2026,Simha Sankranti Moment - 08:04 AM,Simha Sankranti Punya Kala - 06:12 AM to 08:04 AM,Simha Sankranti Maha Punya Kala - 06:12 AM to 08:04 AM,Simha Sankranti Moment - 08:04 AM | Simha Sankranti Punya Kala - 06:12 AM to 08:04 AM | Simha Sankranti Maha Punya Kala - 06:12 AM to 08:04 AM,COMPLETE,
geoname:1262321|city:t_narasipura,2026-08-17,Simha Sankranti,Sankramana,https://www.drikpanchang.com/sankranti/simha-sankranti-date-time.html?year=2026,Simha Sankranti Moment - 08:04 AM,Simha Sankranti Punya Kala - 06:12 AM to 08:04 AM,Simha Sankranti Maha Punya Kala - 06:12 AM to 08:04 AM,Simha Sankranti Moment - 08:04 AM | Simha Sankranti Punya Kala - 06:12 AM to 08:04 AM | Simha Sankranti Maha Punya Kala - 06:12 AM to 08:04 AM,COMPLETE,
geoname:1263780|city:mangalore,2026-08-17,Simha Sankranti,Sankramana,https://www.drikpanchang.com/sankranti/simha-sankranti-date-time.html?year=2026,Simha Sankranti Moment - 08:04 AM,Simha Sankranti Punya Kala - 06:19 AM to 08:04 AM,Simha Sankranti Maha Punya Kala - 06:19 AM to 08:04 AM,Simha Sankranti Moment - 08:04 AM | Simha Sankranti Punya Kala - 06:19 AM to 08:04 AM | Simha Sankranti Maha Punya Kala - 06:19 AM to 08:04 AM,COMPLETE,
geoname:1253952|city:udupi,2026-08-17,Simha Sankranti,Sankramana,https://www.drikpanchang.com/sankranti/simha-sankranti-date-time.html?year=2026,Simha Sankranti Moment - 08:04 AM,Simha Sankranti Punya Kala - 06:19 AM to 08:04 AM,Simha Sankranti Maha Punya Kala - 06:19 AM to 08:04 AM,Simha Sankranti Moment - 08:04 AM | Simha Sankranti Punya Kala - 06:19 AM to 08:04 AM | Simha Sankranti Maha Punya Kala - 06:19 AM to 08:04 AM,COMPLETE,
geoname:1255364|city:surat,2026-08-17,Simha Sankranti,Sankramana,https://www.drikpanchang.com/sankranti/simha-sankranti-date-time.html?year=2026,Simha Sankranti Moment - 08:04 AM,Simha Sankranti Punya Kala - 06:18 AM to 08:04 AM,Simha Sankranti Maha Punya Kala - 06:18 AM to 08:04 AM,Simha Sankranti Moment - 08:04 AM | Simha Sankranti Punya Kala - 06:18 AM to 08:04 AM | Simha Sankranti Maha Punya Kala - 06:18 AM to 08:04 AM,COMPLETE,
geoname:1259229|city:pune,2026-08-17,Simha Sankranti,Sankramana,https://www.drikpanchang.com/sankranti/simha-sankranti-date-time.html?year=2026,Simha Sankranti Moment - 08:04 AM,Simha Sankranti Punya Kala - 06:17 AM to 08:04 AM,Simha Sankranti Maha Punya Kala - 06:17 AM to 08:04 AM,Simha Sankranti Moment - 08:04 AM | Simha Sankranti Punya Kala - 06:17 AM to 08:04 AM | Simha Sankranti Maha Punya Kala - 06:17 AM to 08:04 AM,COMPLETE,
geoname:1253573|city:vadodara,2026-08-17,Simha Sankranti,Sankramana,https://www.drikpanchang.com/sankranti/simha-sankranti-date-time.html?year=2026,Simha Sankranti Moment - 08:04 AM,Simha Sankranti Punya Kala - 06:15 AM to 08:04 AM,Simha Sankranti Maha Punya Kala - 06:15 AM to 08:04 AM,Simha Sankranti Moment - 08:04 AM | Simha Sankranti Punya Kala - 06:15 AM to 08:04 AM | Simha Sankranti Maha Punya Kala - 06:15 AM to 08:04 AM,COMPLETE,
geoname:1269843|city:hyderabad,2026-08-17,Simha Sankranti,Sankramana,https://www.drikpanchang.com/sankranti/simha-sankranti-date-time.html?year=2026,Simha Sankranti Moment - 08:04 AM,Simha Sankranti Punya Kala - 06:00 AM to 08:04 AM,Simha Sankranti Maha Punya Kala - 06:00 AM to 08:04 AM,Simha Sankranti Moment - 08:04 AM | Simha Sankranti Punya Kala - 06:00 AM to 08:04 AM | Simha Sankranti Maha Punya Kala - 06:00 AM to 08:04 AM,COMPLETE,
geoname:5134086|city:rochester,2026-08-16,Simha Sankranti,Sankramana,https://www.drikpanchang.com/sankranti/simha-sankranti-date-time.html?year=2026,Simha Sankranti Moment - 10:34 PM,Simha Sankranti Punya Kala - 01:14 PM to 08:11 PM,Simha Sankranti Maha Punya Kala - 05:52 PM to 08:11 PM,Simha Sankranti Moment - 10:34 PM | Simha Sankranti Punya Kala - 01:14 PM to 08:11 PM | Simha Sankranti Maha Punya Kala - 05:52 PM to 08:11 PM,COMPLETE,
geoname:5139865|city:stonybrook,2026-08-16,Simha Sankranti,Sankramana,https://www.drikpanchang.com/sankranti/simha-sankranti-date-time.html?year=2026,Simha Sankranti Moment - 10:34 PM,Simha Sankranti Punya Kala - 12:57 PM to 07:49 PM,Simha Sankranti Maha Punya Kala - 05:32 PM to 07:49 PM,Simha Sankranti Moment - 10:34 PM | Simha Sankranti Punya Kala - 12:57 PM to 07:49 PM | Simha Sankranti Maha Punya Kala - 05:32 PM to 07:49 PM,COMPLETE,
geoname:4922462|city:lafayette,2026-08-16,Simha Sankranti,Sankramana,https://www.drikpanchang.com/sankranti/simha-sankranti-date-time.html?year=2026,Simha Sankranti Moment - 10:34 PM,Simha Sankranti Punya Kala - 01:51 PM to 08:43 PM,Simha Sankranti Maha Punya Kala - 06:26 PM to 08:43 PM,Simha Sankranti Moment - 10:34 PM | Simha Sankranti Punya Kala - 01:51 PM to 08:43 PM | Simha Sankranti Maha Punya Kala - 06:26 PM to 08:43 PM,COMPLETE,
geoname:4887398|city:chicago,2026-08-16,Simha Sankranti,Sankramana,https://www.drikpanchang.com/sankranti/simha-sankranti-date-time.html?year=2026,Simha Sankranti Moment - 09:34 PM,Simha Sankranti Punya Kala - 12:55 PM to 07:49 PM,Simha Sankranti Maha Punya Kala - 05:31 PM to 07:49 PM,Simha Sankranti Moment - 09:34 PM | Simha Sankranti Punya Kala - 12:55 PM to 07:49 PM | Simha Sankranti Maha Punya Kala - 05:31 PM to 07:49 PM,COMPLETE,
geoname:4684888|city:dallas,2026-08-16,Simha Sankranti,Sankramana,https://www.drikpanchang.com/sankranti/simha-sankranti-date-time.html?year=2026,Simha Sankranti Moment - 09:34 PM,Simha Sankranti Punya Kala - 01:31 PM to 08:11 PM,Simha Sankranti Maha Punya Kala - 05:58 PM to 08:11 PM,Simha Sankranti Moment - 09:34 PM | Simha Sankranti Punya Kala - 01:31 PM to 08:11 PM | Simha Sankranti Maha Punya Kala - 05:58 PM to 08:11 PM,COMPLETE,
geoname:4699066|city:houston,2026-08-16,Simha Sankranti,Sankramana,https://www.drikpanchang.com/sankranti/simha-sankranti-date-time.html?year=2026,Simha Sankranti Moment - 09:34 PM,Simha Sankranti Punya Kala - 01:26 PM to 08:01 PM,Simha Sankranti Maha Punya Kala - 05:49 PM to 08:01 PM,Simha Sankranti Moment - 09:34 PM | Simha Sankranti Punya Kala - 01:26 PM to 08:01 PM | Simha Sankranti Maha Punya Kala - 05:49 PM to 08:01 PM,COMPLETE,
geoname:5308655|city:phoenix,2026-08-16,Simha Sankranti,Sankramana,https://www.drikpanchang.com/sankranti/simha-sankranti-date-time.html?year=2026,Simha Sankranti Moment - 07:34 PM,Simha Sankranti Punya Kala - 12:32 PM to 07:13 PM,Simha Sankranti Maha Punya Kala - 04:59 PM to 07:13 PM,Simha Sankranti Moment - 07:34 PM | Simha Sankranti Punya Kala - 12:32 PM to 07:13 PM | Simha Sankranti Maha Punya Kala - 04:59 PM to 07:13 PM,COMPLETE,
geoname:5391959|city:san_francisco,2026-08-16,Simha Sankranti,Sankramana,https://www.drikpanchang.com/sankranti/simha-sankranti-date-time.html?year=2026,Simha Sankranti Moment - 07:34 PM,Simha Sankranti Punya Kala - 12:19 PM to 07:34 PM,Simha Sankranti Maha Punya Kala - 05:18 PM to 07:34 PM,Simha Sankranti Moment - 07:34 PM | Simha Sankranti Punya Kala - 12:19 PM to 07:34 PM | Simha Sankranti Maha Punya Kala - 05:18 PM to 07:34 PM,COMPLETE,
geoname:5368361|city:los_angeles,2026-08-16,Simha Sankranti,Sankramana,https://www.drikpanchang.com/sankranti/simha-sankranti-date-time.html?year=2026,Simha Sankranti Moment - 07:34 PM,Simha Sankranti Punya Kala - 12:25 PM to 07:34 PM,Simha Sankranti Maha Punya Kala - 05:20 PM to 07:34 PM,Simha Sankranti Moment - 07:34 PM | Simha Sankranti Punya Kala - 12:25 PM to 07:34 PM | Simha Sankranti Maha Punya Kala - 05:20 PM to 07:34 PM,COMPLETE,
geoname:5809844|city:seattle,2026-08-16,Simha Sankranti,Sankramana,https://www.drikpanchang.com/sankranti/simha-sankranti-date-time.html?year=2026,Simha Sankranti Moment - 07:34 PM,Simha Sankranti Punya Kala - 11:59 AM to 07:34 PM,Simha Sankranti Maha Punya Kala - 05:12 PM to 07:34 PM,Simha Sankranti Moment - 07:34 PM | Simha Sankranti Punya Kala - 11:59 AM to 07:34 PM | Simha Sankranti Maha Punya Kala - 05:12 PM to 07:34 PM,COMPLETE,
geoname:4174757|city:tampa,2026-08-16,Simha Sankranti,Sankramana,https://www.drikpanchang.com/sankranti/simha-sankranti-date-time.html?year=2026,Simha Sankranti Moment - 10:34 PM,Simha Sankranti Punya Kala - 01:34 PM to 08:07 PM,Simha Sankranti Maha Punya Kala - 05:56 PM to 08:07 PM,Simha Sankranti Moment - 10:34 PM | Simha Sankranti Punya Kala - 01:34 PM to 08:07 PM | Simha Sankranti Maha Punya Kala - 05:56 PM to 08:07 PM,COMPLETE,
geoname:4167147|city:orlando,2026-08-16,Simha Sankranti,Sankramana,https://www.drikpanchang.com/sankranti/simha-sankranti-date-time.html?year=2026,Simha Sankranti Moment - 10:34 PM,Simha Sankranti Punya Kala - 01:30 PM to 08:04 PM,Simha Sankranti Maha Punya Kala - 05:52 PM to 08:04 PM,Simha Sankranti Moment - 10:34 PM | Simha Sankranti Punya Kala - 01:30 PM to 08:04 PM | Simha Sankranti Maha Punya Kala - 05:52 PM to 08:04 PM,COMPLETE,
geoname:4781708|city:richmond,2026-08-16,Simha Sankranti,Sankramana,https://www.drikpanchang.com/sankranti/simha-sankranti-date-time.html?year=2026,Simha Sankranti Moment - 10:34 PM,Simha Sankranti Punya Kala - 01:14 PM to 08:01 PM,Simha Sankranti Maha Punya Kala - 05:45 PM to 08:01 PM,Simha Sankranti Moment - 10:34 PM | Simha Sankranti Punya Kala - 01:14 PM to 08:01 PM | Simha Sankranti Maha Punya Kala - 05:45 PM to 08:01 PM,COMPLETE,
geoname:4347778|city:baltimore,2026-08-16,Simha Sankranti,Sankramana,https://www.drikpanchang.com/sankranti/simha-sankranti-date-time.html?year=2026,Simha Sankranti Moment - 10:34 PM,Simha Sankranti Punya Kala - 01:10 PM to 08:00 PM,Simha Sankranti Maha Punya Kala - 05:44 PM to 08:00 PM,Simha Sankranti Moment - 10:34 PM | Simha Sankranti Punya Kala - 01:10 PM to 08:00 PM | Simha Sankranti Maha Punya Kala - 05:44 PM to 08:00 PM,COMPLETE,
geoname:4560349|city:philadelphia,2026-08-16,Simha Sankranti,Sankramana,https://www.drikpanchang.com/sankranti/simha-sankranti-date-time.html?year=2026,Simha Sankranti Moment - 10:34 PM,Simha Sankranti Punya Kala - 01:05 PM to 07:56 PM,Simha Sankranti Maha Punya Kala - 05:39 PM to 07:56 PM,Simha Sankranti Moment - 10:34 PM | Simha Sankranti Punya Kala - 01:05 PM to 07:56 PM | Simha Sankranti Maha Punya Kala - 05:39 PM to 07:56 PM,COMPLETE,
geoname:5128581|city:new_york,2026-08-16,Simha Sankranti,Sankramana,https://www.drikpanchang.com/sankranti/simha-sankranti-date-time.html?year=2026,Simha Sankranti Moment - 10:34 PM,Simha Sankranti Punya Kala - 01:00 PM to 07:53 PM,Simha Sankranti Maha Punya Kala - 05:35 PM to 07:53 PM,Simha Sankranti Moment - 10:34 PM | Simha Sankranti Punya Kala - 01:00 PM to 07:53 PM | Simha Sankranti Maha Punya Kala - 05:35 PM to 07:53 PM,COMPLETE,
geoname:5099836|city:new_jersey,2026-08-16,Simha Sankranti,Sankramana,https://www.drikpanchang.com/sankranti/simha-sankranti-date-time.html?year=2026,Simha Sankranti Moment - 10:34 PM,Simha Sankranti Punya Kala - 01:00 PM to 07:53 PM,Simha Sankranti Maha Punya Kala - 05:35 PM to 07:53 PM,Simha Sankranti Moment - 10:34 PM | Simha Sankranti Punya Kala - 01:00 PM to 07:53 PM | Simha Sankranti Maha Punya Kala - 05:35 PM to 07:53 PM,COMPLETE,
geoname:5110629|city:buffalo,2026-08-16,Simha Sankranti,Sankramana,https://www.drikpanchang.com/sankranti/simha-sankranti-date-time.html?year=2026,Simha Sankranti Moment - 10:34 PM,Simha Sankranti Punya Kala - 01:19 PM to 08:16 PM,Simha Sankranti Maha Punya Kala - 05:57 PM to 08:16 PM,Simha Sankranti Moment - 10:34 PM | Simha Sankranti Punya Kala - 01:19 PM to 08:16 PM | Simha Sankranti Maha Punya Kala - 05:57 PM to 08:16 PM,COMPLETE,
geoname:5150529|city:cleveland,2026-08-16,Simha Sankranti,Sankramana,https://www.drikpanchang.com/sankranti/simha-sankranti-date-time.html?year=2026,Simha Sankranti Moment - 10:34 PM,Simha Sankranti Punya Kala - 01:31 PM to 08:25 PM,Simha Sankranti Maha Punya Kala - 06:07 PM to 08:25 PM,Simha Sankranti Moment - 10:34 PM | Simha Sankranti Punya Kala - 01:31 PM to 08:25 PM | Simha Sankranti Maha Punya Kala - 06:07 PM to 08:25 PM,COMPLETE,
geoname:4509177|city:columbus,2026-08-16,Simha Sankranti,Sankramana,https://www.drikpanchang.com/sankranti/simha-sankranti-date-time.html?year=2026,Simha Sankranti Moment - 10:34 PM,Simha Sankranti Punya Kala - 01:36 PM to 08:27 PM,Simha Sankranti Maha Punya Kala - 06:10 PM to 08:27 PM,Simha Sankranti Moment - 10:34 PM | Simha Sankranti Punya Kala - 01:36 PM to 08:27 PM | Simha Sankranti Maha Punya Kala - 06:10 PM to 08:27 PM,COMPLETE,
geoname:4508722|city:cincinnati,2026-08-16,Simha Sankranti,Sankramana,https://www.drikpanchang.com/sankranti/simha-sankranti-date-time.html?year=2026,Simha Sankranti Moment - 10:34 PM,Simha Sankranti Punya Kala - 01:42 PM to 08:32 PM,Simha Sankranti Maha Punya Kala - 06:15 PM to 08:32 PM,Simha Sankranti Moment - 10:34 PM | Simha Sankranti Punya Kala - 01:42 PM to 08:32 PM | Simha Sankranti Maha Punya Kala - 06:15 PM to 08:32 PM,COMPLETE,
geoname:4634946|city:knoxville,2026-08-16,Simha Sankranti,Sankramana,https://www.drikpanchang.com/sankranti/simha-sankranti-date-time.html?year=2026,Simha Sankranti Moment - 10:34 PM,Simha Sankranti Punya Kala - 01:40 PM to 08:24 PM,Simha Sankranti Maha Punya Kala - 06:09 PM to 08:24 PM,Simha Sankranti Moment - 10:34 PM | Simha Sankranti Punya Kala - 01:40 PM to 08:24 PM | Simha Sankranti Maha Punya Kala - 06:09 PM to 08:24 PM,COMPLETE,
geoname:4644585|city:nashville,2026-08-16,Simha Sankranti,Sankramana,https://www.drikpanchang.com/sankranti/simha-sankranti-date-time.html?year=2026,Simha Sankranti Moment - 09:34 PM,Simha Sankranti Punya Kala - 12:51 PM to 07:36 PM,Simha Sankranti Maha Punya Kala - 05:21 PM to 07:36 PM,Simha Sankranti Moment - 09:34 PM | Simha Sankranti Punya Kala - 12:51 PM to 07:36 PM | Simha Sankranti Maha Punya Kala - 05:21 PM to 07:36 PM,COMPLETE,
geoname:5383527|city:placentia,2026-08-16,Simha Sankranti,Sankramana,https://www.drikpanchang.com/sankranti/simha-sankranti-date-time.html?year=2026,Simha Sankranti Moment - 07:34 PM,Simha Sankranti Punya Kala - 12:26 PM to 07:34 PM,Simha Sankranti Maha Punya Kala - 05:20 PM to 07:34 PM,Simha Sankranti Moment - 07:34 PM | Simha Sankranti Punya Kala - 12:26 PM to 07:34 PM | Simha Sankranti Maha Punya Kala - 05:20 PM to 07:34 PM,COMPLETE,
geoname:4180439|city:atlanta,2026-08-16,Simha Sankranti,Sankramana,https://www.drikpanchang.com/sankranti/simha-sankranti-date-time.html?year=2026,Simha Sankranti Moment - 10:34 PM,Simha Sankranti Punya Kala - 01:42 PM to 08:23 PM,Simha Sankranti Maha Punya Kala - 06:09 PM to 08:23 PM,Simha Sankranti Moment - 10:34 PM | Simha Sankranti Punya Kala - 01:42 PM to 08:23 PM | Simha Sankranti Maha Punya Kala - 06:09 PM to 08:23 PM,COMPLETE,
geoname:1264527|city:chennai,2026-08-17,Simha Sankranti,Sankramana,https://www.drikpanchang.com/sankranti/simha-sankranti-date-time.html?year=2026,Simha Sankranti Moment - 08:04 AM,Simha Sankranti Punya Kala - 05:57 AM to 08:04 AM,Simha Sankranti Maha Punya Kala - 05:58 AM to 08:04 AM,Simha Sankranti Moment - 08:04 AM | Simha Sankranti Punya Kala - 05:57 AM to 08:04 AM | Simha Sankranti Maha Punya Kala - 05:58 AM to 08:04 AM,COMPLETE,
geoname:1254163|city:thiruvananthapuram,2026-08-17,Simha Sankranti,Sankramana,https://www.drikpanchang.com/sankranti/simha-sankranti-date-time.html?year=2026,Simha Sankranti Moment - 08:04 AM,Simha Sankranti Punya Kala - 06:15 AM to 08:04 AM,Simha Sankranti Maha Punya Kala - 06:15 AM to 08:04 AM,Simha Sankranti Moment - 08:04 AM | Simha Sankranti Punya Kala - 06:15 AM to 08:04 AM | Simha Sankranti Maha Punya Kala - 06:15 AM to 08:04 AM,COMPLETE,
geoname:1275339|city:mumbai,2026-08-17,Simha Sankranti,Sankramana,https://www.drikpanchang.com/sankranti/simha-sankranti-date-time.html?year=2026,Simha Sankranti Moment - 08:04 AM,Simha Sankranti Punya Kala - 06:20 AM to 08:04 AM,Simha Sankranti Maha Punya Kala - 06:20 AM to 08:04 AM,Simha Sankranti Moment - 08:04 AM | Simha Sankranti Punya Kala - 06:20 AM to 08:04 AM | Simha Sankranti Maha Punya Kala - 06:20 AM to 08:04 AM,COMPLETE,
geoname:1275004|city:kolkata,2026-08-17,Simha Sankranti,Sankramana,https://www.drikpanchang.com/sankranti/simha-sankranti-date-time.html?year=2026,Simha Sankranti Moment - 08:04 AM,Simha Sankranti Punya Kala - 05:14 AM to 08:04 AM,Simha Sankranti Maha Punya Kala - 05:55 AM to 08:04 AM,Simha Sankranti Moment - 08:04 AM | Simha Sankranti Punya Kala - 05:14 AM to 08:04 AM | Simha Sankranti Maha Punya Kala - 05:55 AM to 08:04 AM,COMPLETE,
geoname:1275817|city:bhubaneswar,2026-08-17,Simha Sankranti,Sankramana,https://www.drikpanchang.com/sankranti/simha-sankranti-date-time.html?year=2026,Simha Sankranti Moment - 08:04 AM,Simha Sankranti Punya Kala - 05:27 AM to 08:04 AM,Simha Sankranti Maha Punya Kala - 05:56 AM to 08:04 AM,Simha Sankranti Moment - 08:04 AM | Simha Sankranti Punya Kala - 05:27 AM to 08:04 AM | Simha Sankranti Maha Punya Kala - 05:56 AM to 08:04 AM,COMPLETE,
geoname:1254360|city:tirupati,2026-08-17,Simha Sankranti,Sankramana,https://www.drikpanchang.com/sankranti/simha-sankranti-date-time.html?year=2026,Simha Sankranti Moment - 08:04 AM,Simha Sankranti Punya Kala - 06:00 AM to 08:04 AM,Simha Sankranti Maha Punya Kala - 06:00 AM to 08:04 AM,Simha Sankranti Moment - 08:04 AM | Simha Sankranti Punya Kala - 06:00 AM to 08:04 AM | Simha Sankranti Maha Punya Kala - 06:00 AM to 08:04 AM,COMPLETE,
geoname:1275841|city:bhopal,2026-08-17,Simha Sankranti,Sankramana,https://www.drikpanchang.com/sankranti/simha-sankranti-date-time.html?year=2026,Simha Sankranti Moment - 08:04 AM,Simha Sankranti Punya Kala - 05:57 AM to 08:04 AM,Simha Sankranti Maha Punya Kala - 05:57 AM to 08:04 AM,Simha Sankranti Moment - 08:04 AM | Simha Sankranti Punya Kala - 05:57 AM to 08:04 AM | Simha Sankranti Maha Punya Kala - 05:57 AM to 08:04 AM,COMPLETE,
geoname:1253405|city:varanasi,2026-08-17,Simha Sankranti,Sankramana,https://www.drikpanchang.com/sankranti/simha-sankranti-date-time.html?year=2026,Simha Sankranti Moment - 08:04 AM,Simha Sankranti Punya Kala - 05:32 AM to 08:04 AM,Simha Sankranti Maha Punya Kala - 05:54 AM to 08:04 AM,Simha Sankranti Moment - 08:04 AM | Simha Sankranti Punya Kala - 05:32 AM to 08:04 AM | Simha Sankranti Maha Punya Kala - 05:54 AM to 08:04 AM,COMPLETE,
geoname:1278994|city:prayagraj,2026-08-17,Simha Sankranti,Sankramana,https://www.drikpanchang.com/sankranti/simha-sankranti-date-time.html?year=2026,Simha Sankranti Moment - 08:04 AM,Simha Sankranti Punya Kala - 05:37 AM to 08:04 AM,Simha Sankranti Maha Punya Kala - 05:54 AM to 08:04 AM,Simha Sankranti Moment - 08:04 AM | Simha Sankranti Punya Kala - 05:37 AM to 08:04 AM | Simha Sankranti Maha Punya Kala - 05:54 AM to 08:04 AM,COMPLETE,
geoname:1264733|city:lucknow,2026-08-17,Simha Sankranti,Sankramana,https://www.drikpanchang.com/sankranti/simha-sankranti-date-time.html?year=2026,Simha Sankranti Moment - 08:04 AM,Simha Sankranti Punya Kala - 05:39 AM to 08:04 AM,Simha Sankranti Maha Punya Kala - 05:53 AM to 08:04 AM,Simha Sankranti Moment - 08:04 AM | Simha Sankranti Punya Kala - 05:39 AM to 08:04 AM | Simha Sankranti Maha Punya Kala - 05:53 AM to 08:04 AM,COMPLETE,
geoname:1255634|city:srinagar,2026-08-17,Simha Sankranti,Sankramana,https://www.drikpanchang.com/sankranti/simha-sankranti-date-time.html?year=2026,Simha Sankranti Moment - 08:04 AM,Simha Sankranti Punya Kala - 05:53 AM to 08:04 AM,Simha Sankranti Maha Punya Kala - 05:53 AM to 08:04 AM,Simha Sankranti Moment - 08:04 AM | Simha Sankranti Punya Kala - 05:53 AM to 08:04 AM | Simha Sankranti Maha Punya Kala - 05:53 AM to 08:04 AM,COMPLETE,
geoname:2174003|city:brisbane,2026-08-17,Simha Sankranti,Sankramana,https://www.drikpanchang.com/sankranti/simha-sankranti-date-time.html?year=2026,Simha Sankranti Moment - 12:34 PM,Simha Sankranti Punya Kala - 06:36 AM to 12:34 PM,Simha Sankranti Maha Punya Kala - 10:42 AM to 12:34 PM,Simha Sankranti Moment - 12:34 PM | Simha Sankranti Punya Kala - 06:36 AM to 12:34 PM | Simha Sankranti Maha Punya Kala - 10:42 AM to 12:34 PM,COMPLETE,
geoname:2158177|city:melbourne,2026-08-17,Simha Sankranti,Sankramana,https://www.drikpanchang.com/sankranti/simha-sankranti-date-time.html?year=2026,Simha Sankranti Moment - 12:34 PM,Simha Sankranti Punya Kala - 07:03 AM to 12:34 PM,Simha Sankranti Maha Punya Kala - 10:46 AM to 12:34 PM,Simha Sankranti Moment - 12:34 PM | Simha Sankranti Punya Kala - 07:03 AM to 12:34 PM | Simha Sankranti Maha Punya Kala - 10:46 AM to 12:34 PM,COMPLETE,
geoname:2078025|city:adelaide,2026-08-17,Simha Sankranti,Sankramana,https://www.drikpanchang.com/sankranti/simha-sankranti-date-time.html?year=2026,Simha Sankranti Moment - 12:04 PM,Simha Sankranti Punya Kala - 06:54 AM to 12:04 PM,Simha Sankranti Maha Punya Kala - 10:15 AM to 12:04 PM,Simha Sankranti Moment - 12:04 PM | Simha Sankranti Punya Kala - 06:54 AM to 12:04 PM | Simha Sankranti Maha Punya Kala - 10:15 AM to 12:04 PM,COMPLETE,
geoname:2063523|city:perth,2026-08-17,Simha Sankranti,Sankramana,https://www.drikpanchang.com/sankranti/simha-sankranti-date-time.html?year=2026,Simha Sankranti Moment - 10:34 AM,Simha Sankranti Punya Kala - 06:51 AM to 10:34 AM,Simha Sankranti Maha Punya Kala - 08:44 AM to 10:34 AM,Simha Sankranti Moment - 10:34 AM | Simha Sankranti Punya Kala - 06:51 AM to 10:34 AM | Simha Sankranti Maha Punya Kala - 08:44 AM to 10:34 AM,COMPLETE,
geoname:2172517|city:canberra,2026-08-17,Simha Sankranti,Sankramana,https://www.drikpanchang.com/sankranti/simha-sankranti-date-time.html?year=2026,Simha Sankranti Moment - 12:34 PM,Simha Sankranti Punya Kala - 06:47 AM to 12:34 PM,Simha Sankranti Maha Punya Kala - 10:45 AM to 12:34 PM,Simha Sankranti Moment - 12:34 PM | Simha Sankranti Punya Kala - 06:47 AM to 12:34 PM | Simha Sankranti Maha Punya Kala - 10:45 AM to 12:34 PM,COMPLETE,
geoname:2147714|city:sydney,2026-08-17,Simha Sankranti,Sankramana,https://www.drikpanchang.com/sankranti/simha-sankranti-date-time.html?year=2026,Simha Sankranti Moment - 12:34 PM,Simha Sankranti Punya Kala - 06:45 AM to 12:34 PM,Simha Sankranti Maha Punya Kala - 10:45 AM to 12:34 PM,Simha Sankranti Moment - 12:34 PM | Simha Sankranti Punya Kala - 06:45 AM to 12:34 PM | Simha Sankranti Maha Punya Kala - 10:45 AM to 12:34 PM,COMPLETE,
geoname:285787|city:kuwait,2026-08-17,Simha Sankranti,Sankramana,https://www.drikpanchang.com/sankranti/simha-sankranti-date-time.html?year=2026,Simha Sankranti Moment - 05:34 AM,Simha Sankranti Punya Kala - 05:17 AM to 05:34 AM,Simha Sankranti Maha Punya Kala - 05:17 AM to 05:34 AM,Simha Sankranti Moment - 05:34 AM | Simha Sankranti Punya Kala - 05:17 AM to 05:34 AM | Simha Sankranti Maha Punya Kala - 05:17 AM to 05:34 AM,COMPLETE,
geoname:1273865|city:coimbatore,2026-08-17,Simha Sankranti,Sankramana,https://www.drikpanchang.com/sankranti/simha-sankranti-date-time.html?year=2026,Simha Sankranti Moment - 08:04 AM,Simha Sankranti Punya Kala - 06:12 AM to 08:04 AM,Simha Sankranti Maha Punya Kala - 06:12 AM to 08:04 AM,Simha Sankranti Moment - 08:04 AM | Simha Sankranti Punya Kala - 06:12 AM to 08:04 AM | Simha Sankranti Maha Punya Kala - 06:12 AM to 08:04 AM,COMPLETE,
geoname:285787|city:kuwait,2026-09-17,Kanya Sankranti,Sankramana,https://www.drikpanchang.com/sankranti/kanya-sankranti-date-time.html?year=2026,Kanya Sankranti Moment - 05:28 AM,Kanya Sankranti Punya Kala - 05:34 AM to 11:42 AM,Kanya Sankranti Maha Punya Kala - 05:34 AM to 07:37 AM,Kanya Sankranti Moment - 05:28 AM | Kanya Sankranti Punya Kala - 05:34 AM to 11:42 AM | Kanya Sankranti Maha Punya Kala - 05:34 AM to 07:37 AM,COMPLETE,
geoname:1273865|city:coimbatore,2026-09-17,Kanya Sankranti,Sankramana,https://www.drikpanchang.com/sankranti/kanya-sankranti-date-time.html?year=2026,Kanya Sankranti Moment - 07:58 AM,Kanya Sankranti Punya Kala - 07:58 AM to 02:27 PM,Kanya Sankranti Maha Punya Kala - 07:58 AM to 10:00 AM,Kanya Sankranti Moment - 07:58 AM | Kanya Sankranti Punya Kala - 07:58 AM to 02:27 PM | Kanya Sankranti Maha Punya Kala - 07:58 AM to 10:00 AM,COMPLETE,
geoname:6182962|city:windsor,2026-09-16,Kanya Sankranti,Sankramana,https://www.drikpanchang.com/sankranti/kanya-sankranti-date-time.html?year=2026,Kanya Sankranti Moment - 10:28 PM,Kanya Sankranti Punya Kala - 01:27 PM to 07:40 PM,Kanya Sankranti Maha Punya Kala - 05:35 PM to 07:40 PM,Kanya Sankranti Moment - 10:28 PM | Kanya Sankranti Punya Kala - 01:27 PM to 07:40 PM | Kanya Sankranti Maha Punya Kala - 05:35 PM to 07:40 PM,COMPLETE,
geoname:1276533|city:belgaum,2026-09-17,Kanya Sankranti,Sankramana,https://www.drikpanchang.com/sankranti/kanya-sankranti-date-time.html?year=2026,Kanya Sankranti Moment - 07:58 AM,Kanya Sankranti Punya Kala - 07:58 AM to 02:28 PM,Kanya Sankranti Maha Punya Kala - 07:58 AM to 10:00 AM,Kanya Sankranti Moment - 07:58 AM | Kanya Sankranti Punya Kala - 07:58 AM to 02:28 PM | Kanya Sankranti Maha Punya Kala - 07:58 AM to 10:00 AM,COMPLETE,
geoname:1269920|city:hubli,2026-09-17,Kanya Sankranti,Sankramana,https://www.drikpanchang.com/sankranti/kanya-sankranti-date-time.html?year=2026,Kanya Sankranti Moment - 07:58 AM,Kanya Sankranti Punya Kala - 07:58 AM to 02:28 PM,Kanya Sankranti Maha Punya Kala - 07:58 AM to 10:00 AM,Kanya Sankranti Moment - 07:58 AM | Kanya Sankranti Punya Kala - 07:58 AM to 02:28 PM | Kanya Sankranti Maha Punya Kala - 07:58 AM to 10:00 AM,COMPLETE,
geoname:6173331|city:vancouver,2026-09-16,Kanya Sankranti,Sankramana,https://www.drikpanchang.com/sankranti/kanya-sankranti-date-time.html?year=2026,Kanya Sankranti Moment - 07:28 PM,Kanya Sankranti Punya Kala - 01:07 PM to 07:23 PM,Kanya Sankranti Maha Punya Kala - 05:18 PM to 07:23 PM,Kanya Sankranti Moment - 07:28 PM | Kanya Sankranti Punya Kala - 01:07 PM to 07:23 PM | Kanya Sankranti Maha Punya Kala - 05:18 PM to 07:23 PM,COMPLETE,
geoname:5108728|city:belfast,2026-09-16,Kanya Sankranti,Sankramana,https://www.drikpanchang.com/sankranti/kanya-sankranti-date-time.html?year=2026,Kanya Sankranti Moment - 10:28 PM,Kanya Sankranti Punya Kala - 01:07 PM to 07:20 PM,Kanya Sankranti Maha Punya Kala - 05:16 PM to 07:20 PM,Kanya Sankranti Moment - 10:28 PM | Kanya Sankranti Punya Kala - 01:07 PM to 07:20 PM | Kanya Sankranti Maha Punya Kala - 05:16 PM to 07:20 PM,COMPLETE,
geoname:1835848|city:seoul,2026-09-17,Kanya Sankranti,Sankramana,https://www.drikpanchang.com/sankranti/kanya-sankranti-date-time.html?year=2026,Kanya Sankranti Moment - 11:28 AM,Kanya Sankranti Punya Kala - 11:28 AM to 06:04 PM,Kanya Sankranti Maha Punya Kala - 11:28 AM to 01:32 PM,Kanya Sankranti Moment - 11:28 AM | Kanya Sankranti Punya Kala - 11:28 AM to 06:04 PM | Kanya Sankranti Maha Punya Kala - 11:28 AM to 01:32 PM,COMPLETE,
geoname:2193733|city:auckland,2026-09-17,Kanya Sankranti,Sankramana,https://www.drikpanchang.com/sankranti/kanya-sankranti-date-time.html?year=2026,Kanya Sankranti Moment - 02:28 PM,Kanya Sankranti Punya Kala - 02:28 PM to 06:13 PM,Kanya Sankranti Maha Punya Kala - 02:28 PM to 04:27 PM,Kanya Sankranti Moment - 02:28 PM | Kanya Sankranti Punya Kala - 02:28 PM to 06:13 PM | Kanya Sankranti Maha Punya Kala - 02:28 PM to 04:27 PM,COMPLETE,
geoname:2179537|city:wellington,2026-09-17,Kanya Sankranti,Sankramana,https://www.drikpanchang.com/sankranti/kanya-sankranti-date-time.html?year=2026,Kanya Sankranti Moment - 02:28 PM,Kanya Sankranti Punya Kala - 02:28 PM to 06:12 PM,Kanya Sankranti Maha Punya Kala - 02:28 PM to 04:27 PM,Kanya Sankranti Moment - 02:28 PM | Kanya Sankranti Punya Kala - 02:28 PM to 06:12 PM | Kanya Sankranti Maha Punya Kala - 02:28 PM to 04:27 PM,COMPLETE,
geoname:2192362|city:christchurch,2026-09-17,Kanya Sankranti,Sankramana,https://www.drikpanchang.com/sankranti/kanya-sankranti-date-time.html?year=2026,Kanya Sankranti Moment - 02:28 PM,Kanya Sankranti Punya Kala - 02:28 PM to 06:20 PM,Kanya Sankranti Maha Punya Kala - 02:28 PM to 04:27 PM,Kanya Sankranti Moment - 02:28 PM | Kanya Sankranti Punya Kala - 02:28 PM to 06:20 PM | Kanya Sankranti Maha Punya Kala - 02:28 PM to 04:27 PM,COMPLETE,
geoname:1279290|city:agartala,2026-09-17,Kanya Sankranti,Sankramana,https://www.drikpanchang.com/sankranti/kanya-sankranti-date-time.html?year=2026,Kanya Sankranti Moment - 07:58 AM,Kanya Sankranti Punya Kala - 07:58 AM to 02:30 PM,Kanya Sankranti Maha Punya Kala - 07:58 AM to 10:01 AM,Kanya Sankranti Moment - 07:58 AM | Kanya Sankranti Punya Kala - 07:58 AM to 02:30 PM | Kanya Sankranti Maha Punya Kala - 07:58 AM to 10:01 AM,COMPLETE,
geoname:1271476|city:guwahati,2026-09-17,Kanya Sankranti,Sankramana,https://www.drikpanchang.com/sankranti/kanya-sankranti-date-time.html?year=2026,Kanya Sankranti Moment - 07:58 AM,Kanya Sankranti Punya Kala - 07:58 AM to 02:31 PM,Kanya Sankranti Maha Punya Kala - 07:58 AM to 10:01 AM,Kanya Sankranti Moment - 07:58 AM | Kanya Sankranti Punya Kala - 07:58 AM to 02:31 PM | Kanya Sankranti Maha Punya Kala - 07:58 AM to 10:01 AM,COMPLETE,
geoname:1256525|city:shiliguri,2026-09-17,Kanya Sankranti,Sankramana,https://www.drikpanchang.com/sankranti/kanya-sankranti-date-time.html?year=2026,Kanya Sankranti Moment - 07:58 AM,Kanya Sankranti Punya Kala - 07:58 AM to 02:31 PM,Kanya Sankranti Maha Punya Kala - 07:58 AM to 10:01 AM,Kanya Sankranti Moment - 07:58 AM | Kanya Sankranti Punya Kala - 07:58 AM to 02:31 PM | Kanya Sankranti Maha Punya Kala - 07:58 AM to 10:01 AM,COMPLETE,
geoname:1279186|city:aizawl,2026-09-17,Kanya Sankranti,Sankramana,https://www.drikpanchang.com/sankranti/kanya-sankranti-date-time.html?year=2026,Kanya Sankranti Moment - 07:58 AM,Kanya Sankranti Punya Kala - 07:58 AM to 02:30 PM,Kanya Sankranti Maha Punya Kala - 07:58 AM to 10:01 AM,Kanya Sankranti Moment - 07:58 AM | Kanya Sankranti Punya Kala - 07:58 AM to 02:30 PM | Kanya Sankranti Maha Punya Kala - 07:58 AM to 10:01 AM,COMPLETE,
geoname:1271631|city:gangtok,2026-09-17,Kanya Sankranti,Sankramana,https://www.drikpanchang.com/sankranti/kanya-sankranti-date-time.html?year=2026,Kanya Sankranti Moment - 07:58 AM,Kanya Sankranti Punya Kala - 07:58 AM to 02:31 PM,Kanya Sankranti Maha Punya Kala - 07:58 AM to 10:01 AM,Kanya Sankranti Moment - 07:58 AM | Kanya Sankranti Punya Kala - 07:58 AM to 02:31 PM | Kanya Sankranti Maha Punya Kala - 07:58 AM to 10:01 AM,COMPLETE,
geoname:1256287|city:silchar,2026-09-17,Kanya Sankranti,Sankramana,https://www.drikpanchang.com/sankranti/kanya-sankranti-date-time.html?year=2026,Kanya Sankranti Moment - 07:58 AM,Kanya Sankranti Punya Kala - 07:58 AM to 02:30 PM,Kanya Sankranti Maha Punya Kala - 07:58 AM to 10:01 AM,Kanya Sankranti Moment - 07:58 AM | Kanya Sankranti Punya Kala - 07:58 AM to 02:30 PM | Kanya Sankranti Maha Punya Kala - 07:58 AM to 10:01 AM,COMPLETE,
geoname:1272648|city:dibrugarh,2026-09-17,Kanya Sankranti,Sankramana,https://www.drikpanchang.com/sankranti/kanya-sankranti-date-time.html?year=2026,Kanya Sankranti Moment - 07:58 AM,Kanya Sankranti Punya Kala - 07:58 AM to 02:31 PM,Kanya Sankranti Maha Punya Kala - 07:58 AM to 10:01 AM,Kanya Sankranti Moment - 07:58 AM | Kanya Sankranti Punya Kala - 07:58 AM to 02:31 PM | Kanya Sankranti Maha Punya Kala - 07:58 AM to 10:01 AM,COMPLETE,
geoname:1269771|city:imphal,2026-09-17,Kanya Sankranti,Sankramana,https://www.drikpanchang.com/sankranti/kanya-sankranti-date-time.html?year=2026,Kanya Sankranti Moment - 07:58 AM,Kanya Sankranti Punya Kala - 07:58 AM to 02:30 PM,Kanya Sankranti Maha Punya Kala - 07:58 AM to 10:01 AM,Kanya Sankranti Moment - 07:58 AM | Kanya Sankranti Punya Kala - 07:58 AM to 02:30 PM | Kanya Sankranti Maha Punya Kala - 07:58 AM to 10:01 AM,COMPLETE,
geoname:1272552|city:dimapur,2026-09-17,Kanya Sankranti,Sankramana,https://www.drikpanchang.com/sankranti/kanya-sankranti-date-time.html?year=2026,Kanya Sankranti Moment - 07:58 AM,Kanya Sankranti Punya Kala - 07:58 AM to 02:31 PM,Kanya Sankranti Maha Punya Kala - 07:58 AM to 10:01 AM,Kanya Sankranti Moment - 07:58 AM | Kanya Sankranti Punya Kala - 07:58 AM to 02:31 PM | Kanya Sankranti Maha Punya Kala - 07:58 AM to 10:01 AM,COMPLETE,
geoname:1269655|city:itanagar,2026-09-17,Kanya Sankranti,Sankramana,https://www.drikpanchang.com/sankranti/kanya-sankranti-date-time.html?year=2026,Kanya Sankranti Moment - 07:58 AM,Kanya Sankranti Punya Kala - 07:58 AM to 02:31 PM,Kanya Sankranti Maha Punya Kala - 07:58 AM to 10:01 AM,Kanya Sankranti Moment - 07:58 AM | Kanya Sankranti Punya Kala - 07:58 AM to 02:31 PM | Kanya Sankranti Maha Punya Kala - 07:58 AM to 10:01 AM,COMPLETE,
geoname:1264521|city:madurai,2026-09-17,Kanya Sankranti,Sankramana,https://www.drikpanchang.com/sankranti/kanya-sankranti-date-time.html?year=2026,Kanya Sankranti Moment - 07:58 AM,Kanya Sankranti Punya Kala - 07:58 AM to 02:27 PM,Kanya Sankranti Maha Punya Kala - 07:58 AM to 10:00 AM,Kanya Sankranti Moment - 07:58 AM | Kanya Sankranti Punya Kala - 07:58 AM to 02:27 PM | Kanya Sankranti Maha Punya Kala - 07:58 AM to 10:00 AM,COMPLETE,
geoname:1265683|city:kumbakonam,2026-09-17,Kanya Sankranti,Sankramana,https://www.drikpanchang.com/sankranti/kanya-sankranti-date-time.html?year=2026,Kanya Sankranti Moment - 07:58 AM,Kanya Sankranti Punya Kala - 07:58 AM to 02:27 PM,Kanya Sankranti Maha Punya Kala - 07:58 AM to 10:00 AM,Kanya Sankranti Moment - 07:58 AM | Kanya Sankranti Punya Kala - 07:58 AM to 02:27 PM | Kanya Sankranti Maha Punya Kala - 07:58 AM to 10:00 AM,COMPLETE,
geoname:1274256|city:chidambaram,2026-09-17,Kanya Sankranti,Sankramana,https://www.drikpanchang.com/sankranti/kanya-sankranti-date-time.html?year=2026,Kanya Sankranti Moment - 07:58 AM,Kanya Sankranti Punya Kala - 07:58 AM to 02:28 PM,Kanya Sankranti Maha Punya Kala - 07:58 AM to 10:00 AM,Kanya Sankranti Moment - 07:58 AM | Kanya Sankranti Punya Kala - 07:58 AM to 02:28 PM | Kanya Sankranti Maha Punya Kala - 07:58 AM to 10:00 AM,COMPLETE,
geoname:1268159|city:kanchipuram,2026-09-17,Kanya Sankranti,Sankramana,https://www.drikpanchang.com/sankranti/kanya-sankranti-date-time.html?year=2026,Kanya Sankranti Moment - 07:58 AM,Kanya Sankranti Punya Kala - 07:58 AM to 02:28 PM,Kanya Sankranti Maha Punya Kala - 07:58 AM to 10:00 AM,Kanya Sankranti Moment - 07:58 AM | Kanya Sankranti Punya Kala - 07:58 AM to 02:28 PM | Kanya Sankranti Maha Punya Kala - 07:58 AM to 10:00 AM,COMPLETE,
geoname:1254388|city:srirangam,2026-09-17,Kanya Sankranti,Sankramana,https://www.drikpanchang.com/sankranti/kanya-sankranti-date-time.html?year=2026,Kanya Sankranti Moment - 07:58 AM,Kanya Sankranti Punya Kala - 07:58 AM to 02:27 PM,Kanya Sankranti Maha Punya Kala - 07:58 AM to 10:00 AM,Kanya Sankranti Moment - 07:58 AM | Kanya Sankranti Punya Kala - 07:58 AM to 02:27 PM | Kanya Sankranti Maha Punya Kala - 07:58 AM to 10:00 AM,COMPLETE,
geoname:1270603|city:guruvayur,2026-09-17,Kanya Sankranti,Sankramana,https://www.drikpanchang.com/sankranti/kanya-sankranti-date-time.html?year=2026,Kanya Sankranti Moment - 07:58 AM,Kanya Sankranti Punya Kala - 07:58 AM to 02:27 PM,Kanya Sankranti Maha Punya Kala - 07:58 AM to 10:00 AM,Kanya Sankranti Moment - 07:58 AM | Kanya Sankranti Punya Kala - 07:58 AM to 02:27 PM | Kanya Sankranti Maha Punya Kala - 07:58 AM to 10:00 AM,COMPLETE,
geoname:1260546|city:pandharpur,2026-09-17,Kanya Sankranti,Sankramana,https://www.drikpanchang.com/sankranti/kanya-sankranti-date-time.html?year=2026,Kanya Sankranti Moment - 07:58 AM,Kanya Sankranti Punya Kala - 07:58 AM to 02:29 PM,Kanya Sankranti Maha Punya Kala - 07:58 AM to 10:00 AM,Kanya Sankranti Moment - 07:58 AM | Kanya Sankranti Punya Kala - 07:58 AM to 02:29 PM | Kanya Sankranti Maha Punya Kala - 07:58 AM to 10:00 AM,COMPLETE,
geoname:1266285|city:kolhapur,2026-09-17,Kanya Sankranti,Sankramana,https://www.drikpanchang.com/sankranti/kanya-sankranti-date-time.html?year=2026,Kanya Sankranti Moment - 07:58 AM,Kanya Sankranti Punya Kala - 07:58 AM to 02:29 PM,Kanya Sankranti Maha Punya Kala - 07:58 AM to 10:00 AM,Kanya Sankranti Moment - 07:58 AM | Kanya Sankranti Punya Kala - 07:58 AM to 02:29 PM | Kanya Sankranti Maha Punya Kala - 07:58 AM to 10:00 AM,COMPLETE,
geoname:1262180|city:nagpur,2026-09-17,Kanya Sankranti,Sankramana,https://www.drikpanchang.com/sankranti/kanya-sankranti-date-time.html?year=2026,Kanya Sankranti Moment - 07:58 AM,Kanya Sankranti Punya Kala - 07:58 AM to 02:29 PM,Kanya Sankranti Maha Punya Kala - 07:58 AM to 10:00 AM,Kanya Sankranti Moment - 07:58 AM | Kanya Sankranti Punya Kala - 07:58 AM to 02:29 PM | Kanya Sankranti Maha Punya Kala - 07:58 AM to 10:00 AM,COMPLETE,
geoname:1253102|city:visakhapatnam,2026-09-17,Kanya Sankranti,Sankramana,https://www.drikpanchang.com/sankranti/kanya-sankranti-date-time.html?year=2026,Kanya Sankranti Moment - 07:58 AM,Kanya Sankranti Punya Kala - 07:58 AM to 02:29 PM,Kanya Sankranti Maha Punya Kala - 07:58 AM to 10:00 AM,Kanya Sankranti Moment - 07:58 AM | Kanya Sankranti Punya Kala - 07:58 AM to 02:29 PM | Kanya Sankranti Maha Punya Kala - 07:58 AM to 10:00 AM,COMPLETE,
geoname:292223|city:dubai,2026-09-17,Kanya Sankranti,Sankramana,https://www.drikpanchang.com/sankranti/kanya-sankranti-date-time.html?year=2026,Kanya Sankranti Moment - 06:28 AM,Kanya Sankranti Punya Kala - 06:28 AM to 01:00 PM,Kanya Sankranti Maha Punya Kala - 06:28 AM to 08:31 AM,Kanya Sankranti Moment - 06:28 AM | Kanya Sankranti Punya Kala - 06:28 AM to 01:00 PM | Kanya Sankranti Maha Punya Kala - 06:28 AM to 08:31 AM,COMPLETE,
geoname:290030|city:doha,2026-09-17,Kanya Sankranti,Sankramana,https://www.drikpanchang.com/sankranti/kanya-sankranti-date-time.html?year=2026,Kanya Sankranti Moment - 05:28 AM,Kanya Sankranti Punya Kala - 05:28 AM to 12:00 PM,Kanya Sankranti Maha Punya Kala - 05:28 AM to 07:31 AM,Kanya Sankranti Moment - 05:28 AM | Kanya Sankranti Punya Kala - 05:28 AM to 12:00 PM | Kanya Sankranti Maha Punya Kala - 05:28 AM to 07:31 AM,COMPLETE,
geoname:2657896|city:zurich,2026-09-17,Kanya Sankranti,Sankramana,https://www.drikpanchang.com/sankranti/kanya-sankranti-date-time.html?year=2026,Kanya Sankranti Moment - 04:28 AM,Kanya Sankranti Punya Kala - 07:06 AM to 01:20 PM,Kanya Sankranti Maha Punya Kala - 07:06 AM to 09:10 AM,Kanya Sankranti Moment - 04:28 AM | Kanya Sankranti Punya Kala - 07:06 AM to 01:20 PM | Kanya Sankranti Maha Punya Kala - 07:06 AM to 09:10 AM,COMPLETE,
geoname:2928751|city:esslingen,2026-09-17,Kanya Sankranti,Sankramana,https://www.drikpanchang.com/sankranti/kanya-sankranti-date-time.html?year=2026,Kanya Sankranti Moment - 04:28 AM,Kanya Sankranti Punya Kala - 07:02 AM to 01:17 PM,Kanya Sankranti Maha Punya Kala - 07:02 AM to 09:07 AM,Kanya Sankranti Moment - 04:28 AM | Kanya Sankranti Punya Kala - 07:02 AM to 01:17 PM | Kanya Sankranti Maha Punya Kala - 07:02 AM to 09:07 AM,COMPLETE,
geoname:1278094|city:ayodhya,2026-09-17,Kanya Sankranti,Sankramana,https://www.drikpanchang.com/sankranti/kanya-sankranti-date-time.html?year=2026,Kanya Sankranti Moment - 07:58 AM,Kanya Sankranti Punya Kala - 07:58 AM to 02:31 PM,Kanya Sankranti Maha Punya Kala - 07:58 AM to 10:01 AM,Kanya Sankranti Moment - 07:58 AM | Kanya Sankranti Punya Kala - 07:58 AM to 02:31 PM | Kanya Sankranti Maha Punya Kala - 07:58 AM to 10:01 AM,COMPLETE,
geoname:5131614|city:pittsford,2026-09-16,Kanya Sankranti,Sankramana,https://www.drikpanchang.com/sankranti/kanya-sankranti-date-time.html?year=2026,Kanya Sankranti Moment - 10:28 PM,Kanya Sankranti Punya Kala - 01:05 PM to 07:18 PM,Kanya Sankranti Maha Punya Kala - 05:14 PM to 07:18 PM,Kanya Sankranti Moment - 10:28 PM | Kanya Sankranti Punya Kala - 01:05 PM to 07:18 PM | Kanya Sankranti Maha Punya Kala - 05:14 PM to 07:18 PM,COMPLETE,
geoname:5119251|city:greece,2026-09-16,Kanya Sankranti,Sankramana,https://www.drikpanchang.com/sankranti/kanya-sankranti-date-time.html?year=2026,Kanya Sankranti Moment - 10:28 PM,Kanya Sankranti Punya Kala - 01:05 PM to 07:19 PM,Kanya Sankranti Maha Punya Kala - 05:14 PM to 07:19 PM,Kanya Sankranti Moment - 10:28 PM | Kanya Sankranti Punya Kala - 01:05 PM to 07:19 PM | Kanya Sankranti Maha Punya Kala - 05:14 PM to 07:19 PM,COMPLETE,
geoname:5140405|city:syracuse,2026-09-16,Kanya Sankranti,Sankramana,https://www.drikpanchang.com/sankranti/kanya-sankranti-date-time.html?year=2026,Kanya Sankranti Moment - 10:28 PM,Kanya Sankranti Punya Kala - 12:59 PM to 07:13 PM,Kanya Sankranti Maha Punya Kala - 05:08 PM to 07:13 PM,Kanya Sankranti Moment - 10:28 PM | Kanya Sankranti Punya Kala - 12:59 PM to 07:13 PM | Kanya Sankranti Maha Punya Kala - 05:08 PM to 07:13 PM,COMPLETE,
geoname:4256038|city:columbus,2026-09-16,Kanya Sankranti,Sankramana,https://www.drikpanchang.com/sankranti/kanya-sankranti-date-time.html?year=2026,Kanya Sankranti Moment - 10:28 PM,Kanya Sankranti Punya Kala - 01:38 PM to 07:50 PM,Kanya Sankranti Maha Punya Kala - 05:46 PM to 07:50 PM,Kanya Sankranti Moment - 10:28 PM | Kanya Sankranti Punya Kala - 01:38 PM to 07:50 PM | Kanya Sankranti Maha Punya Kala - 05:46 PM to 07:50 PM,COMPLETE,
geoname:4487042|city:raleigh,2026-09-16,Kanya Sankranti,Sankramana,https://www.drikpanchang.com/sankranti/kanya-sankranti-date-time.html?year=2026,Kanya Sankranti Moment - 10:28 PM,Kanya Sankranti Punya Kala - 01:09 PM to 07:20 PM,Kanya Sankranti Maha Punya Kala - 05:17 PM to 07:20 PM,Kanya Sankranti Moment - 10:28 PM | Kanya Sankranti Punya Kala - 01:09 PM to 07:20 PM | Kanya Sankranti Maha Punya Kala - 05:17 PM to 07:20 PM,COMPLETE,
geoname:4460243|city:charlotte,2026-09-16,Kanya Sankranti,Sankramana,https://www.drikpanchang.com/sankranti/kanya-sankranti-date-time.html?year=2026,Kanya Sankranti Moment - 10:28 PM,Kanya Sankranti Punya Kala - 01:18 PM to 07:29 PM,Kanya Sankranti Maha Punya Kala - 05:25 PM to 07:29 PM,Kanya Sankranti Moment - 10:28 PM | Kanya Sankranti Punya Kala - 01:18 PM to 07:29 PM | Kanya Sankranti Maha Punya Kala - 05:25 PM to 07:29 PM,COMPLETE,
geoname:1277333|city:bengaluru,2026-09-17,Kanya Sankranti,Sankramana,https://www.drikpanchang.com/sankranti/kanya-sankranti-date-time.html?year=2026,Kanya Sankranti Moment - 07:58 AM,Kanya Sankranti Punya Kala - 07:58 AM to 02:28 PM,Kanya Sankranti Maha Punya Kala - 07:58 AM to 10:00 AM,Kanya Sankranti Moment - 07:58 AM | Kanya Sankranti Punya Kala - 07:58 AM to 02:28 PM | Kanya Sankranti Maha Punya Kala - 07:58 AM to 10:00 AM,COMPLETE,
geoname:1262321|city:mysuru,2026-09-17,Kanya Sankranti,Sankramana,https://www.drikpanchang.com/sankranti/kanya-sankranti-date-time.html?year=2026,Kanya Sankranti Moment - 07:58 AM,Kanya Sankranti Punya Kala - 07:58 AM to 02:28 PM,Kanya Sankranti Maha Punya Kala - 07:58 AM to 10:00 AM,Kanya Sankranti Moment - 07:58 AM | Kanya Sankranti Punya Kala - 07:58 AM to 02:28 PM | Kanya Sankranti Maha Punya Kala - 07:58 AM to 10:00 AM,COMPLETE,
geoname:1262321|city:t_narasipura,2026-09-17,Kanya Sankranti,Sankramana,https://www.drikpanchang.com/sankranti/kanya-sankranti-date-time.html?year=2026,Kanya Sankranti Moment - 07:58 AM,Kanya Sankranti Punya Kala - 07:58 AM to 02:28 PM,Kanya Sankranti Maha Punya Kala - 07:58 AM to 10:00 AM,Kanya Sankranti Moment - 07:58 AM | Kanya Sankranti Punya Kala - 07:58 AM to 02:28 PM | Kanya Sankranti Maha Punya Kala - 07:58 AM to 10:00 AM,COMPLETE,
geoname:1263780|city:mangalore,2026-09-17,Kanya Sankranti,Sankramana,https://www.drikpanchang.com/sankranti/kanya-sankranti-date-time.html?year=2026,Kanya Sankranti Moment - 07:58 AM,Kanya Sankranti Punya Kala - 07:58 AM to 02:28 PM,Kanya Sankranti Maha Punya Kala - 07:58 AM to 10:00 AM,Kanya Sankranti Moment - 07:58 AM | Kanya Sankranti Punya Kala - 07:58 AM to 02:28 PM | Kanya Sankranti Maha Punya Kala - 07:58 AM to 10:00 AM,COMPLETE,
geoname:1253952|city:udupi,2026-09-17,Kanya Sankranti,Sankramana,https://www.drikpanchang.com/sankranti/kanya-sankranti-date-time.html?year=2026,Kanya Sankranti Moment - 07:58 AM,Kanya Sankranti Punya Kala - 07:58 AM to 02:28 PM,Kanya Sankranti Maha Punya Kala - 07:58 AM to 10:00 AM,Kanya Sankranti Moment - 07:58 AM | Kanya Sankranti Punya Kala - 07:58 AM to 02:28 PM | Kanya Sankranti Maha Punya Kala - 07:58 AM to 10:00 AM,COMPLETE,
geoname:1255364|city:surat,2026-09-17,Kanya Sankranti,Sankramana,https://www.drikpanchang.com/sankranti/kanya-sankranti-date-time.html?year=2026,Kanya Sankranti Moment - 07:58 AM,Kanya Sankranti Punya Kala - 07:58 AM to 02:29 PM,Kanya Sankranti Maha Punya Kala - 07:58 AM to 10:00 AM,Kanya Sankranti Moment - 07:58 AM | Kanya Sankranti Punya Kala - 07:58 AM to 02:29 PM | Kanya Sankranti Maha Punya Kala - 07:58 AM to 10:00 AM,COMPLETE,
geoname:1259229|city:pune,2026-09-17,Kanya Sankranti,Sankramana,https://www.drikpanchang.com/sankranti/kanya-sankranti-date-time.html?year=2026,Kanya Sankranti Moment - 07:58 AM,Kanya Sankranti Punya Kala - 07:58 AM to 02:29 PM,Kanya Sankranti Maha Punya Kala - 07:58 AM to 10:00 AM,Kanya Sankranti Moment - 07:58 AM | Kanya Sankranti Punya Kala - 07:58 AM to 02:29 PM | Kanya Sankranti Maha Punya Kala - 07:58 AM to 10:00 AM,COMPLETE,
geoname:1253573|city:vadodara,2026-09-17,Kanya Sankranti,Sankramana,https://www.drikpanchang.com/sankranti/kanya-sankranti-date-time.html?year=2026,Kanya Sankranti Moment - 07:58 AM,Kanya Sankranti Punya Kala - 07:58 AM to 02:30 PM,Kanya Sankranti Maha Punya Kala - 07:58 AM to 10:00 AM,Kanya Sankranti Moment - 07:58 AM | Kanya Sankranti Punya Kala - 07:58 AM to 02:30 PM | Kanya Sankranti Maha Punya Kala - 07:58 AM to 10:00 AM,COMPLETE,
geoname:1269843|city:hyderabad,2026-09-17,Kanya Sankranti,Sankramana,https://www.drikpanchang.com/sankranti/kanya-sankranti-date-time.html?year=2026,Kanya Sankranti Moment - 07:58 AM,Kanya Sankranti Punya Kala - 07:58 AM to 02:29 PM,Kanya Sankranti Maha Punya Kala - 07:58 AM to 10:00 AM,Kanya Sankranti Moment - 07:58 AM | Kanya Sankranti Punya Kala - 07:58 AM to 02:29 PM | Kanya Sankranti Maha Punya Kala - 07:58 AM to 10:00 AM,COMPLETE,
geoname:5134086|city:rochester,2026-09-16,Kanya Sankranti,Sankramana,https://www.drikpanchang.com/sankranti/kanya-sankranti-date-time.html?year=2026,Kanya Sankranti Moment - 10:28 PM,Kanya Sankranti Punya Kala - 01:05 PM to 07:19 PM,Kanya Sankranti Maha Punya Kala - 05:14 PM to 07:19 PM,Kanya Sankranti Moment - 10:28 PM | Kanya Sankranti Punya Kala - 01:05 PM to 07:19 PM | Kanya Sankranti Maha Punya Kala - 05:14 PM to 07:19 PM,COMPLETE,
geoname:5139865|city:stonybrook,2026-09-16,Kanya Sankranti,Sankramana,https://www.drikpanchang.com/sankranti/kanya-sankranti-date-time.html?year=2026,Kanya Sankranti Moment - 10:28 PM,Kanya Sankranti Punya Kala - 12:47 PM to 07:00 PM,Kanya Sankranti Maha Punya Kala - 04:56 PM to 07:00 PM,Kanya Sankranti Moment - 10:28 PM | Kanya Sankranti Punya Kala - 12:47 PM to 07:00 PM | Kanya Sankranti Maha Punya Kala - 04:56 PM to 07:00 PM,COMPLETE,
geoname:4922462|city:lafayette,2026-09-16,Kanya Sankranti,Sankramana,https://www.drikpanchang.com/sankranti/kanya-sankranti-date-time.html?year=2026,Kanya Sankranti Moment - 10:28 PM,Kanya Sankranti Punya Kala - 01:42 PM to 07:55 PM,Kanya Sankranti Maha Punya Kala - 05:50 PM to 07:55 PM,Kanya Sankranti Moment - 10:28 PM | Kanya Sankranti Punya Kala - 01:42 PM to 07:55 PM | Kanya Sankranti Maha Punya Kala - 05:50 PM to 07:55 PM,COMPLETE,
geoname:4887398|city:chicago,2026-09-16,Kanya Sankranti,Sankramana,https://www.drikpanchang.com/sankranti/kanya-sankranti-date-time.html?year=2026,Kanya Sankranti Moment - 09:28 PM,Kanya Sankranti Punya Kala - 12:45 PM to 06:58 PM,Kanya Sankranti Maha Punya Kala - 04:54 PM to 06:58 PM,Kanya Sankranti Moment - 09:28 PM | Kanya Sankranti Punya Kala - 12:45 PM to 06:58 PM | Kanya Sankranti Maha Punya Kala - 04:54 PM to 06:58 PM,COMPLETE,
geoname:4684888|city:dallas,2026-09-16,Kanya Sankranti,Sankramana,https://www.drikpanchang.com/sankranti/kanya-sankranti-date-time.html?year=2026,Kanya Sankranti Moment - 09:28 PM,Kanya Sankranti Punya Kala - 01:22 PM to 07:32 PM,Kanya Sankranti Maha Punya Kala - 05:29 PM to 07:32 PM,Kanya Sankranti Moment - 09:28 PM | Kanya Sankranti Punya Kala - 01:22 PM to 07:32 PM | Kanya Sankranti Maha Punya Kala - 05:29 PM to 07:32 PM,COMPLETE,
geoname:4699066|city:houston,2026-09-16,Kanya Sankranti,Sankramana,https://www.drikpanchang.com/sankranti/kanya-sankranti-date-time.html?year=2026,Kanya Sankranti Moment - 09:28 PM,Kanya Sankranti Punya Kala - 01:16 PM to 07:25 PM,Kanya Sankranti Maha Punya Kala - 05:22 PM to 07:25 PM,Kanya Sankranti Moment - 09:28 PM | Kanya Sankranti Punya Kala - 01:16 PM to 07:25 PM | Kanya Sankranti Maha Punya Kala - 05:22 PM to 07:25 PM,COMPLETE,
geoname:5308655|city:phoenix,2026-09-16,Kanya Sankranti,Sankramana,https://www.drikpanchang.com/sankranti/kanya-sankranti-date-time.html?year=2026,Kanya Sankranti Moment - 07:28 PM,Kanya Sankranti Punya Kala - 12:23 PM to 06:33 PM,Kanya Sankranti Maha Punya Kala - 04:30 PM to 06:33 PM,Kanya Sankranti Moment - 07:28 PM | Kanya Sankranti Punya Kala - 12:23 PM to 06:33 PM | Kanya Sankranti Maha Punya Kala - 04:30 PM to 06:33 PM,COMPLETE,
geoname:5391959|city:san_francisco,2026-09-16,Kanya Sankranti,Sankramana,https://www.drikpanchang.com/sankranti/kanya-sankranti-date-time.html?year=2026,Kanya Sankranti Moment - 07:28 PM,Kanya Sankranti Punya Kala - 01:04 PM to 07:16 PM,Kanya Sankranti Maha Punya Kala - 05:12 PM to 07:16 PM,Kanya Sankranti Moment - 07:28 PM | Kanya Sankranti Punya Kala - 01:04 PM to 07:16 PM | Kanya Sankranti Maha Punya Kala - 05:12 PM to 07:16 PM,COMPLETE,
geoname:5368361|city:los_angeles,2026-09-16,Kanya Sankranti,Sankramana,https://www.drikpanchang.com/sankranti/kanya-sankranti-date-time.html?year=2026,Kanya Sankranti Moment - 07:28 PM,Kanya Sankranti Punya Kala - 12:48 PM to 06:58 PM,Kanya Sankranti Maha Punya Kala - 04:55 PM to 06:58 PM,Kanya Sankranti Moment - 07:28 PM | Kanya Sankranti Punya Kala - 12:48 PM to 06:58 PM | Kanya Sankranti Maha Punya Kala - 04:55 PM to 06:58 PM,COMPLETE,
geoname:5809844|city:seattle,2026-09-16,Kanya Sankranti,Sankramana,https://www.drikpanchang.com/sankranti/kanya-sankranti-date-time.html?year=2026,Kanya Sankranti Moment - 07:28 PM,Kanya Sankranti Punya Kala - 01:04 PM to 07:19 PM,Kanya Sankranti Maha Punya Kala - 05:14 PM to 07:19 PM,Kanya Sankranti Moment - 07:28 PM | Kanya Sankranti Punya Kala - 01:04 PM to 07:19 PM | Kanya Sankranti Maha Punya Kala - 05:14 PM to 07:19 PM,COMPLETE,
geoname:4174757|city:tampa,2026-09-16,Kanya Sankranti,Sankramana,https://www.drikpanchang.com/sankranti/kanya-sankranti-date-time.html?year=2026,Kanya Sankranti Moment - 10:28 PM,Kanya Sankranti Punya Kala - 01:24 PM to 07:33 PM,Kanya Sankranti Maha Punya Kala - 05:30 PM to 07:33 PM,Kanya Sankranti Moment - 10:28 PM | Kanya Sankranti Punya Kala - 01:24 PM to 07:33 PM | Kanya Sankranti Maha Punya Kala - 05:30 PM to 07:33 PM,COMPLETE,
geoname:4167147|city:orlando,2026-09-16,Kanya Sankranti,Sankramana,https://www.drikpanchang.com/sankranti/kanya-sankranti-date-time.html?year=2026,Kanya Sankranti Moment - 10:28 PM,Kanya Sankranti Punya Kala - 01:20 PM to 07:29 PM,Kanya Sankranti Maha Punya Kala - 05:26 PM to 07:29 PM,Kanya Sankranti Moment - 10:28 PM | Kanya Sankranti Punya Kala - 01:20 PM to 07:29 PM | Kanya Sankranti Maha Punya Kala - 05:26 PM to 07:29 PM,COMPLETE,
geoname:4781708|city:richmond,2026-09-16,Kanya Sankranti,Sankramana,https://www.drikpanchang.com/sankranti/kanya-sankranti-date-time.html?year=2026,Kanya Sankranti Moment - 10:28 PM,Kanya Sankranti Punya Kala - 01:04 PM to 07:16 PM,Kanya Sankranti Maha Punya Kala - 05:12 PM to 07:16 PM,Kanya Sankranti Moment - 10:28 PM | Kanya Sankranti Punya Kala - 01:04 PM to 07:16 PM | Kanya Sankranti Maha Punya Kala - 05:12 PM to 07:16 PM,COMPLETE,
geoname:4347778|city:baltimore,2026-09-16,Kanya Sankranti,Sankramana,https://www.drikpanchang.com/sankranti/kanya-sankranti-date-time.html?year=2026,Kanya Sankranti Moment - 10:28 PM,Kanya Sankranti Punya Kala - 01:01 PM to 07:13 PM,Kanya Sankranti Maha Punya Kala - 05:09 PM to 07:13 PM,Kanya Sankranti Moment - 10:28 PM | Kanya Sankranti Punya Kala - 01:01 PM to 07:13 PM | Kanya Sankranti Maha Punya Kala - 05:09 PM to 07:13 PM,COMPLETE,
geoname:4560349|city:philadelphia,2026-09-16,Kanya Sankranti,Sankramana,https://www.drikpanchang.com/sankranti/kanya-sankranti-date-time.html?year=2026,Kanya Sankranti Moment - 10:28 PM,Kanya Sankranti Punya Kala - 12:55 PM to 07:08 PM,Kanya Sankranti Maha Punya Kala - 05:03 PM to 07:08 PM,Kanya Sankranti Moment - 10:28 PM | Kanya Sankranti Punya Kala - 12:55 PM to 07:08 PM | Kanya Sankranti Maha Punya Kala - 05:03 PM to 07:08 PM,COMPLETE,
geoname:5128581|city:new_york,2026-09-16,Kanya Sankranti,Sankramana,https://www.drikpanchang.com/sankranti/kanya-sankranti-date-time.html?year=2026,Kanya Sankranti Moment - 10:28 PM,Kanya Sankranti Punya Kala - 12:51 PM to 07:03 PM,Kanya Sankranti Maha Punya Kala - 04:59 PM to 07:03 PM,Kanya Sankranti Moment - 10:28 PM | Kanya Sankranti Punya Kala - 12:51 PM to 07:03 PM | Kanya Sankranti Maha Punya Kala - 04:59 PM to 07:03 PM,COMPLETE,
geoname:5099836|city:new_jersey,2026-09-16,Kanya Sankranti,Sankramana,https://www.drikpanchang.com/sankranti/kanya-sankranti-date-time.html?year=2026,Kanya Sankranti Moment - 10:28 PM,Kanya Sankranti Punya Kala - 12:51 PM to 07:04 PM,Kanya Sankranti Maha Punya Kala - 04:59 PM to 07:04 PM,Kanya Sankranti Moment - 10:28 PM | Kanya Sankranti Punya Kala - 12:51 PM to 07:04 PM | Kanya Sankranti Maha Punya Kala - 04:59 PM to 07:04 PM,COMPLETE,
geoname:5110629|city:buffalo,2026-09-16,Kanya Sankranti,Sankramana,https://www.drikpanchang.com/sankranti/kanya-sankranti-date-time.html?year=2026,Kanya Sankranti Moment - 10:28 PM,Kanya Sankranti Punya Kala - 01:10 PM to 07:24 PM,Kanya Sankranti Maha Punya Kala - 05:19 PM to 07:24 PM,Kanya Sankranti Moment - 10:28 PM | Kanya Sankranti Punya Kala - 01:10 PM to 07:24 PM | Kanya Sankranti Maha Punya Kala - 05:19 PM to 07:24 PM,COMPLETE,
geoname:5150529|city:cleveland,2026-09-16,Kanya Sankranti,Sankramana,https://www.drikpanchang.com/sankranti/kanya-sankranti-date-time.html?year=2026,Kanya Sankranti Moment - 10:28 PM,Kanya Sankranti Punya Kala - 01:21 PM to 07:34 PM,Kanya Sankranti Maha Punya Kala - 05:30 PM to 07:34 PM,Kanya Sankranti Moment - 10:28 PM | Kanya Sankranti Punya Kala - 01:21 PM to 07:34 PM | Kanya Sankranti Maha Punya Kala - 05:30 PM to 07:34 PM,COMPLETE,
geoname:4509177|city:columbus,2026-09-16,Kanya Sankranti,Sankramana,https://www.drikpanchang.com/sankranti/kanya-sankranti-date-time.html?year=2026,Kanya Sankranti Moment - 10:28 PM,Kanya Sankranti Punya Kala - 01:27 PM to 07:39 PM,Kanya Sankranti Maha Punya Kala - 05:35 PM to 07:39 PM,Kanya Sankranti Moment - 10:28 PM | Kanya Sankranti Punya Kala - 01:27 PM to 07:39 PM | Kanya Sankranti Maha Punya Kala - 05:35 PM to 07:39 PM,COMPLETE,
geoname:4508722|city:cincinnati,2026-09-16,Kanya Sankranti,Sankramana,https://www.drikpanchang.com/sankranti/kanya-sankranti-date-time.html?year=2026,Kanya Sankranti Moment - 10:28 PM,Kanya Sankranti Punya Kala - 01:33 PM to 07:45 PM,Kanya Sankranti Maha Punya Kala - 05:41 PM to 07:45 PM,Kanya Sankranti Moment - 10:28 PM | Kanya Sankranti Punya Kala - 01:33 PM to 07:45 PM | Kanya Sankranti Maha Punya Kala - 05:41 PM to 07:45 PM,COMPLETE,
geoname:4634946|city:knoxville,2026-09-16,Kanya Sankranti,Sankramana,https://www.drikpanchang.com/sankranti/kanya-sankranti-date-time.html?year=2026,Kanya Sankranti Moment - 10:28 PM,Kanya Sankranti Punya Kala - 01:30 PM to 07:41 PM,Kanya Sankranti Maha Punya Kala - 05:38 PM to 07:41 PM,Kanya Sankranti Moment - 10:28 PM | Kanya Sankranti Punya Kala - 01:30 PM to 07:41 PM | Kanya Sankranti Maha Punya Kala - 05:38 PM to 07:41 PM,COMPLETE,
geoname:4644585|city:nashville,2026-09-16,Kanya Sankranti,Sankramana,https://www.drikpanchang.com/sankranti/kanya-sankranti-date-time.html?year=2026,Kanya Sankranti Moment - 09:28 PM,Kanya Sankranti Punya Kala - 12:42 PM to 06:53 PM,Kanya Sankranti Maha Punya Kala - 04:49 PM to 06:53 PM,Kanya Sankranti Moment - 09:28 PM | Kanya Sankranti Punya Kala - 12:42 PM to 06:53 PM | Kanya Sankranti Maha Punya Kala - 04:49 PM to 06:53 PM,COMPLETE,
geoname:5383527|city:placentia,2026-09-16,Kanya Sankranti,Sankramana,https://www.drikpanchang.com/sankranti/kanya-sankranti-date-time.html?year=2026,Kanya Sankranti Moment - 07:28 PM,Kanya Sankranti Punya Kala - 12:46 PM to 06:56 PM,Kanya Sankranti Maha Punya Kala - 04:53 PM to 06:56 PM,Kanya Sankranti Moment - 07:28 PM | Kanya Sankranti Punya Kala - 12:46 PM to 06:56 PM | Kanya Sankranti Maha Punya Kala - 04:53 PM to 06:56 PM,COMPLETE,
geoname:4180439|city:atlanta,2026-09-16,Kanya Sankranti,Sankramana,https://www.drikpanchang.com/sankranti/kanya-sankranti-date-time.html?year=2026,Kanya Sankranti Moment - 10:28 PM,Kanya Sankranti Punya Kala - 01:32 PM to 07:43 PM,Kanya Sankranti Maha Punya Kala - 05:39 PM to 07:43 PM,Kanya Sankranti Moment - 10:28 PM | Kanya Sankranti Punya Kala - 01:32 PM to 07:43 PM | Kanya Sankranti Maha Punya Kala - 05:39 PM to 07:43 PM,COMPLETE,
geoname:1264527|city:chennai,2026-09-17,Kanya Sankranti,Sankramana,https://www.drikpanchang.com/sankranti/kanya-sankranti-date-time.html?year=2026,Kanya Sankranti Moment - 07:58 AM,Kanya Sankranti Punya Kala - 07:58 AM to 02:28 PM,Kanya Sankranti Maha Punya Kala - 07:58 AM to 10:00 AM,Kanya Sankranti Moment - 07:58 AM | Kanya Sankranti Punya Kala - 07:58 AM to 02:28 PM | Kanya Sankranti Maha Punya Kala - 07:58 AM to 10:00 AM,COMPLETE,
geoname:1254163|city:thiruvananthapuram,2026-09-17,Kanya Sankranti,Sankramana,https://www.drikpanchang.com/sankranti/kanya-sankranti-date-time.html?year=2026,Kanya Sankranti Moment - 07:58 AM,Kanya Sankranti Punya Kala - 07:58 AM to 02:27 PM,Kanya Sankranti Maha Punya Kala - 07:58 AM to 10:00 AM,Kanya Sankranti Moment - 07:58 AM | Kanya Sankranti Punya Kala - 07:58 AM to 02:27 PM | Kanya Sankranti Maha Punya Kala - 07:58 AM to 10:00 AM,COMPLETE,
geoname:1275339|city:mumbai,2026-09-17,Kanya Sankranti,Sankramana,https://www.drikpanchang.com/sankranti/kanya-sankranti-date-time.html?year=2026,Kanya Sankranti Moment - 07:58 AM,Kanya Sankranti Punya Kala - 07:58 AM to 02:29 PM,Kanya Sankranti Maha Punya Kala - 07:58 AM to 10:00 AM,Kanya Sankranti Moment - 07:58 AM | Kanya Sankranti Punya Kala - 07:58 AM to 02:29 PM | Kanya Sankranti Maha Punya Kala - 07:58 AM to 10:00 AM,COMPLETE,
geoname:1275004|city:kolkata,2026-09-17,Kanya Sankranti,Sankramana,https://www.drikpanchang.com/sankranti/kanya-sankranti-date-time.html?year=2026,Kanya Sankranti Moment - 07:58 AM,Kanya Sankranti Punya Kala - 07:58 AM to 02:30 PM,Kanya Sankranti Maha Punya Kala - 07:58 AM to 10:00 AM,Kanya Sankranti Moment - 07:58 AM | Kanya Sankranti Punya Kala - 07:58 AM to 02:30 PM | Kanya Sankranti Maha Punya Kala - 07:58 AM to 10:00 AM,COMPLETE,
geoname:1275817|city:bhubaneswar,2026-09-17,Kanya Sankranti,Sankramana,https://www.drikpanchang.com/sankranti/kanya-sankranti-date-time.html?year=2026,Kanya Sankranti Moment - 07:58 AM,Kanya Sankranti Punya Kala - 07:58 AM to 02:29 PM,Kanya Sankranti Maha Punya Kala - 07:58 AM to 10:00 AM,Kanya Sankranti Moment - 07:58 AM | Kanya Sankranti Punya Kala - 07:58 AM to 02:29 PM | Kanya Sankranti Maha Punya Kala - 07:58 AM to 10:00 AM,COMPLETE,
geoname:1254360|city:tirupati,2026-09-17,Kanya Sankranti,Sankramana,https://www.drikpanchang.com/sankranti/kanya-sankranti-date-time.html?year=2026,Kanya Sankranti Moment - 07:58 AM,Kanya Sankranti Punya Kala - 07:58 AM to 02:28 PM,Kanya Sankranti Maha Punya Kala - 07:58 AM to 10:00 AM,Kanya Sankranti Moment - 07:58 AM | Kanya Sankranti Punya Kala - 07:58 AM to 02:28 PM | Kanya Sankranti Maha Punya Kala - 07:58 AM to 10:00 AM,COMPLETE,
geoname:1275841|city:bhopal,2026-09-17,Kanya Sankranti,Sankramana,https://www.drikpanchang.com/sankranti/kanya-sankranti-date-time.html?year=2026,Kanya Sankranti Moment - 07:58 AM,Kanya Sankranti Punya Kala - 07:58 AM to 02:30 PM,Kanya Sankranti Maha Punya Kala - 07:58 AM to 10:01 AM,Kanya Sankranti Moment - 07:58 AM | Kanya Sankranti Punya Kala - 07:58 AM to 02:30 PM | Kanya Sankranti Maha Punya Kala - 07:58 AM to 10:01 AM,COMPLETE,
geoname:1253405|city:varanasi,2026-09-17,Kanya Sankranti,Sankramana,https://www.drikpanchang.com/sankranti/kanya-sankranti-date-time.html?year=2026,Kanya Sankranti Moment - 07:58 AM,Kanya Sankranti Punya Kala - 07:58 AM to 02:30 PM,Kanya Sankranti Maha Punya Kala - 07:58 AM to 10:01 AM,Kanya Sankranti Moment - 07:58 AM | Kanya Sankranti Punya Kala - 07:58 AM to 02:30 PM | Kanya Sankranti Maha Punya Kala - 07:58 AM to 10:01 AM,COMPLETE,
geoname:1278994|city:prayagraj,2026-09-17,Kanya Sankranti,Sankramana,https://www.drikpanchang.com/sankranti/kanya-sankranti-date-time.html?year=2026,Kanya Sankranti Moment - 07:58 AM,Kanya Sankranti Punya Kala - 07:58 AM to 02:30 PM,Kanya Sankranti Maha Punya Kala - 07:58 AM to 10:01 AM,Kanya Sankranti Moment - 07:58 AM | Kanya Sankranti Punya Kala - 07:58 AM to 02:30 PM | Kanya Sankranti Maha Punya Kala - 07:58 AM to 10:01 AM,COMPLETE,
geoname:1264733|city:lucknow,2026-09-17,Kanya Sankranti,Sankramana,https://www.drikpanchang.com/sankranti/kanya-sankranti-date-time.html?year=2026,Kanya Sankranti Moment - 07:58 AM,Kanya Sankranti Punya Kala - 07:58 AM to 02:31 PM,Kanya Sankranti Maha Punya Kala - 07:58 AM to 10:01 AM,Kanya Sankranti Moment - 07:58 AM | Kanya Sankranti Punya Kala - 07:58 AM to 02:31 PM | Kanya Sankranti Maha Punya Kala - 07:58 AM to 10:01 AM,COMPLETE,
geoname:1255634|city:srinagar,2026-09-17,Kanya Sankranti,Sankramana,https://www.drikpanchang.com/sankranti/kanya-sankranti-date-time.html?year=2026,Kanya Sankranti Moment - 07:58 AM,Kanya Sankranti Punya Kala - 07:58 AM to 02:33 PM,Kanya Sankranti Maha Punya Kala - 07:58 AM to 10:01 AM,Kanya Sankranti Moment - 07:58 AM | Kanya Sankranti Punya Kala - 07:58 AM to 02:33 PM | Kanya Sankranti Maha Punya Kala - 07:58 AM to 10:01 AM,COMPLETE,
geoname:2174003|city:brisbane,2026-09-17,Kanya Sankranti,Sankramana,https://www.drikpanchang.com/sankranti/kanya-sankranti-date-time.html?year=2026,Kanya Sankranti Moment - 12:28 PM,Kanya Sankranti Punya Kala - 12:28 PM to 05:41 PM,Kanya Sankranti Maha Punya Kala - 12:28 PM to 02:28 PM,Kanya Sankranti Moment - 12:28 PM | Kanya Sankranti Punya Kala - 12:28 PM to 05:41 PM | Kanya Sankranti Maha Punya Kala - 12:28 PM to 02:28 PM,COMPLETE,
geoname:2158177|city:melbourne,2026-09-17,Kanya Sankranti,Sankramana,https://www.drikpanchang.com/sankranti/kanya-sankranti-date-time.html?year=2026,Kanya Sankranti Moment - 12:28 PM,Kanya Sankranti Punya Kala - 12:28 PM to 06:12 PM,Kanya Sankranti Maha Punya Kala - 12:28 PM to 02:27 PM,Kanya Sankranti Moment - 12:28 PM | Kanya Sankranti Punya Kala - 12:28 PM to 06:12 PM | Kanya Sankranti Maha Punya Kala - 12:28 PM to 02:27 PM,COMPLETE,
geoname:2078025|city:adelaide,2026-09-17,Kanya Sankranti,Sankramana,https://www.drikpanchang.com/sankranti/kanya-sankranti-date-time.html?year=2026,Kanya Sankranti Moment - 11:58 AM,Kanya Sankranti Punya Kala - 11:58 AM to 06:08 PM,Kanya Sankranti Maha Punya Kala - 11:58 AM to 01:57 PM,Kanya Sankranti Moment - 11:58 AM | Kanya Sankranti Punya Kala - 11:58 AM to 06:08 PM | Kanya Sankranti Maha Punya Kala - 11:58 AM to 01:57 PM,COMPLETE,
geoname:2063523|city:perth,2026-09-17,Kanya Sankranti,Sankramana,https://www.drikpanchang.com/sankranti/kanya-sankranti-date-time.html?year=2026,Kanya Sankranti Moment - 10:28 AM,Kanya Sankranti Punya Kala - 10:28 AM to 04:50 PM,Kanya Sankranti Maha Punya Kala - 10:28 AM to 12:27 PM,Kanya Sankranti Moment - 10:28 AM | Kanya Sankranti Punya Kala - 10:28 AM to 04:50 PM | Kanya Sankranti Maha Punya Kala - 10:28 AM to 12:27 PM,COMPLETE,
geoname:2172517|city:canberra,2026-09-17,Kanya Sankranti,Sankramana,https://www.drikpanchang.com/sankranti/kanya-sankranti-date-time.html?year=2026,Kanya Sankranti Moment - 12:28 PM,Kanya Sankranti Punya Kala - 12:28 PM to 05:56 PM,Kanya Sankranti Maha Punya Kala - 12:28 PM to 02:27 PM,Kanya Sankranti Moment - 12:28 PM | Kanya Sankranti Punya Kala - 12:28 PM to 05:56 PM | Kanya Sankranti Maha Punya Kala - 12:28 PM to 02:27 PM,COMPLETE,
geoname:2147714|city:sydney,2026-09-17,Kanya Sankranti,Sankramana,https://www.drikpanchang.com/sankranti/kanya-sankranti-date-time.html?year=2026,Kanya Sankranti Moment - 12:28 PM,Kanya Sankranti Punya Kala - 12:28 PM to 05:48 PM,Kanya Sankranti Maha Punya Kala - 12:28 PM to 02:27 PM,Kanya Sankranti Moment - 12:28 PM | Kanya Sankranti Punya Kala - 12:28 PM to 05:48 PM | Kanya Sankranti Maha Punya Kala - 12:28 PM to 02:27 PM,COMPLETE,
geoname:2643743|city:london,2026-09-17,Kanya Sankranti,Sankramana,https://www.drikpanchang.com/sankranti/kanya-sankranti-date-time.html?year=2026,Kanya Sankranti Moment - 03:28 AM,Kanya Sankranti Punya Kala - 06:38 AM to 12:55 PM,Kanya Sankranti Maha Punya Kala - 06:38 AM to 08:44 AM,Kanya Sankranti Moment - 03:28 AM | Kanya Sankranti Punya Kala - 06:38 AM to 12:55 PM | Kanya Sankranti Maha Punya Kala - 06:38 AM to 08:44 AM,COMPLETE,
geoname:2938913|city:darmstadt,2026-09-17,Kanya Sankranti,Sankramana,https://www.drikpanchang.com/sankranti/kanya-sankranti-date-time.html?year=2026,Kanya Sankranti Moment - 04:28 AM,Kanya Sankranti Punya Kala - 07:04 AM to 01:19 PM,Kanya Sankranti Maha Punya Kala - 07:04 AM to 09:09 AM,Kanya Sankranti Moment - 04:28 AM | Kanya Sankranti Punya Kala - 07:04 AM to 01:19 PM | Kanya Sankranti Maha Punya Kala - 07:04 AM to 09:09 AM,COMPLETE,
geoname:2938913|city:darmstadt,2026-10-17,Tula Sankranti,Sankramana,https://www.drikpanchang.com/sankranti/tula-sankranti-date-time.html?year=2026,Tula Sankranti Moment - 04:27 PM,Tula Sankranti Punya Kala - 12:54 PM to 06:31 PM,Tula Sankranti Maha Punya Kala - 02:40 PM to 06:14 PM,Tula Sankranti Moment - 04:27 PM | Tula Sankranti Punya Kala - 12:54 PM to 06:31 PM | Tula Sankranti Maha Punya Kala - 02:40 PM to 06:14 PM,COMPLETE,
geoname:285787|city:kuwait,2026-10-17,Tula Sankranti,Sankramana,https://www.drikpanchang.com/sankranti/tula-sankranti-date-time.html?year=2026,Tula Sankranti Moment - 05:27 PM,Tula Sankranti Punya Kala - 11:33 AM to 05:16 PM,Tula Sankranti Maha Punya Kala - 03:22 PM to 05:16 PM,Tula Sankranti Moment - 05:27 PM | Tula Sankranti Punya Kala - 11:33 AM to 05:16 PM | Tula Sankranti Maha Punya Kala - 03:22 PM to 05:16 PM,COMPLETE,
geoname:1273865|city:coimbatore,2026-10-17,Tula Sankranti,Sankramana,https://www.drikpanchang.com/sankranti/tula-sankranti-date-time.html?year=2026,Tula Sankranti Moment - 07:57 PM,Tula Sankranti Punya Kala - 12:07 PM to 06:03 PM,Tula Sankranti Maha Punya Kala - 04:05 PM to 06:03 PM,Tula Sankranti Moment - 07:57 PM | Tula Sankranti Punya Kala - 12:07 PM to 06:03 PM | Tula Sankranti Maha Punya Kala - 04:05 PM to 06:03 PM,COMPLETE,
geoname:6182962|city:windsor,2026-10-17,Tula Sankranti,Sankramana,https://www.drikpanchang.com/sankranti/tula-sankranti-date-time.html?year=2026,Tula Sankranti Moment - 10:27 AM,Tula Sankranti Punya Kala - 07:47 AM to 02:07 PM,Tula Sankranti Maha Punya Kala - 08:37 AM to 12:17 PM,Tula Sankranti Moment - 10:27 AM | Tula Sankranti Punya Kala - 07:47 AM to 02:07 PM | Tula Sankranti Maha Punya Kala - 08:37 AM to 12:17 PM,COMPLETE,
geoname:2643743|city:london,2026-10-17,Tula Sankranti,Sankramana,https://www.drikpanchang.com/sankranti/tula-sankranti-date-time.html?year=2026,Tula Sankranti Moment - 03:27 PM,Tula Sankranti Punya Kala - 11:55 AM to 06:03 PM,Tula Sankranti Maha Punya Kala - 01:41 PM to 05:13 PM,Tula Sankranti Moment - 03:27 PM | Tula Sankranti Punya Kala - 11:55 AM to 06:03 PM | Tula Sankranti Maha Punya Kala - 01:41 PM to 05:13 PM,COMPLETE,
geoname:1276533|city:belgaum,2026-10-17,Tula Sankranti,Sankramana,https://www.drikpanchang.com/sankranti/tula-sankranti-date-time.html?year=2026,Tula Sankranti Moment - 07:57 PM,Tula Sankranti Punya Kala - 12:17 PM to 06:10 PM,Tula Sankranti Maha Punya Kala - 04:12 PM to 06:10 PM,Tula Sankranti Moment - 07:57 PM | Tula Sankranti Punya Kala - 12:17 PM to 06:10 PM | Tula Sankranti Maha Punya Kala - 04:12 PM to 06:10 PM,COMPLETE,
geoname:1269920|city:hubli,2026-10-17,Tula Sankranti,Sankramana,https://www.drikpanchang.com/sankranti/tula-sankranti-date-time.html?year=2026,Tula Sankranti Moment - 07:57 PM,Tula Sankranti Punya Kala - 12:15 PM to 06:08 PM,Tula Sankranti Maha Punya Kala - 04:10 PM to 06:08 PM,Tula Sankranti Moment - 07:57 PM | Tula Sankranti Punya Kala - 12:15 PM to 06:08 PM | Tula Sankranti Maha Punya Kala - 04:10 PM to 06:08 PM,COMPLETE,
geoname:6173331|city:vancouver,2026-10-17,Tula Sankranti,Sankramana,https://www.drikpanchang.com/sankranti/tula-sankranti-date-time.html?year=2026,Tula Sankranti Moment - 07:27 AM,Tula Sankranti Punya Kala - 07:37 AM to 12:57 PM,Tula Sankranti Maha Punya Kala - 07:37 AM to 09:24 AM,Tula Sankranti Moment - 07:27 AM | Tula Sankranti Punya Kala - 07:37 AM to 12:57 PM | Tula Sankranti Maha Punya Kala - 07:37 AM to 09:24 AM,COMPLETE,
geoname:5108728|city:belfast,2026-10-17,Tula Sankranti,Sankramana,https://www.drikpanchang.com/sankranti/tula-sankranti-date-time.html?year=2026,Tula Sankranti Moment - 10:27 AM,Tula Sankranti Punya Kala - 07:27 AM to 02:07 PM,Tula Sankranti Maha Punya Kala - 08:37 AM to 12:17 PM,Tula Sankranti Moment - 10:27 AM | Tula Sankranti Punya Kala - 07:27 AM to 02:07 PM | Tula Sankranti Maha Punya Kala - 08:37 AM to 12:17 PM,COMPLETE,
geoname:1835848|city:seoul,2026-10-17,Tula Sankranti,Sankramana,https://www.drikpanchang.com/sankranti/tula-sankranti-date-time.html?year=2026,Tula Sankranti Moment - 11:27 PM,Tula Sankranti Punya Kala - 12:17 PM to 05:53 PM,Tula Sankranti Maha Punya Kala - 04:01 PM to 05:53 PM,Tula Sankranti Moment - 11:27 PM | Tula Sankranti Punya Kala - 12:17 PM to 05:53 PM | Tula Sankranti Maha Punya Kala - 04:01 PM to 05:53 PM,COMPLETE,
geoname:2193733|city:auckland,2026-10-18,Tula Sankranti,Sankramana,https://www.drikpanchang.com/sankranti/tula-sankranti-date-time.html?year=2026,Tula Sankranti Moment - 03:27 AM,Tula Sankranti Punya Kala - 06:33 AM to 01:06 PM,Tula Sankranti Maha Punya Kala - 06:33 AM to 08:44 AM,Tula Sankranti Moment - 03:27 AM | Tula Sankranti Punya Kala - 06:33 AM to 01:06 PM | Tula Sankranti Maha Punya Kala - 06:33 AM to 08:44 AM,COMPLETE,
geoname:2179537|city:wellington,2026-10-18,Tula Sankranti,Sankramana,https://www.drikpanchang.com/sankranti/tula-sankranti-date-time.html?year=2026,Tula Sankranti Moment - 03:27 AM,Tula Sankranti Punya Kala - 06:28 AM to 01:06 PM,Tula Sankranti Maha Punya Kala - 06:28 AM to 08:41 AM,Tula Sankranti Moment - 03:27 AM | Tula Sankranti Punya Kala - 06:28 AM to 01:06 PM | Tula Sankranti Maha Punya Kala - 06:28 AM to 08:41 AM,COMPLETE,
geoname:2192362|city:christchurch,2026-10-18,Tula Sankranti,Sankramana,https://www.drikpanchang.com/sankranti/tula-sankranti-date-time.html?year=2026,Tula Sankranti Moment - 03:27 AM,Tula Sankranti Punya Kala - 06:34 AM to 01:15 PM,Tula Sankranti Maha Punya Kala - 06:34 AM to 08:47 AM,Tula Sankranti Moment - 03:27 AM | Tula Sankranti Punya Kala - 06:34 AM to 01:15 PM | Tula Sankranti Maha Punya Kala - 06:34 AM to 08:47 AM,COMPLETE,
geoname:1279290|city:agartala,2026-10-17,Tula Sankranti,Sankramana,https://www.drikpanchang.com/sankranti/tula-sankranti-date-time.html?year=2026,Tula Sankranti Moment - 07:57 PM,Tula Sankranti Punya Kala - 11:10 AM to 04:57 PM,Tula Sankranti Maha Punya Kala - 03:01 PM to 04:57 PM,Tula Sankranti Moment - 07:57 PM | Tula Sankranti Punya Kala - 11:10 AM to 04:57 PM | Tula Sankranti Maha Punya Kala - 03:01 PM to 04:57 PM,COMPLETE,
geoname:1271476|city:guwahati,2026-10-17,Tula Sankranti,Sankramana,https://www.drikpanchang.com/sankranti/tula-sankranti-date-time.html?year=2026,Tula Sankranti Moment - 07:57 PM,Tula Sankranti Punya Kala - 11:08 AM to 04:53 PM,Tula Sankranti Maha Punya Kala - 02:58 PM to 04:53 PM,Tula Sankranti Moment - 07:57 PM | Tula Sankranti Punya Kala - 11:08 AM to 04:53 PM | Tula Sankranti Maha Punya Kala - 02:58 PM to 04:53 PM,COMPLETE,
geoname:1256525|city:shiliguri,2026-10-17,Tula Sankranti,Sankramana,https://www.drikpanchang.com/sankranti/tula-sankranti-date-time.html?year=2026,Tula Sankranti Moment - 07:57 PM,Tula Sankranti Punya Kala - 11:21 AM to 05:06 PM,Tula Sankranti Maha Punya Kala - 03:11 PM to 05:06 PM,Tula Sankranti Moment - 07:57 PM | Tula Sankranti Punya Kala - 11:21 AM to 05:06 PM | Tula Sankranti Maha Punya Kala - 03:11 PM to 05:06 PM,COMPLETE,
geoname:1279186|city:aizawl,2026-10-17,Tula Sankranti,Sankramana,https://www.drikpanchang.com/sankranti/tula-sankranti-date-time.html?year=2026,Tula Sankranti Moment - 07:57 PM,Tula Sankranti Punya Kala - 11:04 AM to 04:52 PM,Tula Sankranti Maha Punya Kala - 02:56 PM to 04:52 PM,Tula Sankranti Moment - 07:57 PM | Tula Sankranti Punya Kala - 11:04 AM to 04:52 PM | Tula Sankranti Maha Punya Kala - 02:56 PM to 04:52 PM,COMPLETE,
geoname:1271631|city:gangtok,2026-10-17,Tula Sankranti,Sankramana,https://www.drikpanchang.com/sankranti/tula-sankranti-date-time.html?year=2026,Tula Sankranti Moment - 07:57 PM,Tula Sankranti Punya Kala - 11:21 AM to 05:05 PM,Tula Sankranti Maha Punya Kala - 03:10 PM to 05:05 PM,Tula Sankranti Moment - 07:57 PM | Tula Sankranti Punya Kala - 11:21 AM to 05:05 PM | Tula Sankranti Maha Punya Kala - 03:10 PM to 05:05 PM,COMPLETE,
geoname:1256287|city:silchar,2026-10-17,Tula Sankranti,Sankramana,https://www.drikpanchang.com/sankranti/tula-sankranti-date-time.html?year=2026,Tula Sankranti Moment - 07:57 PM,Tula Sankranti Punya Kala - 11:04 AM to 04:50 PM,Tula Sankranti Maha Punya Kala - 02:55 PM to 04:50 PM,Tula Sankranti Moment - 07:57 PM | Tula Sankranti Punya Kala - 11:04 AM to 04:50 PM | Tula Sankranti Maha Punya Kala - 02:55 PM to 04:50 PM,COMPLETE,
geoname:1272648|city:dibrugarh,2026-10-17,Tula Sankranti,Sankramana,https://www.drikpanchang.com/sankranti/tula-sankranti-date-time.html?year=2026,Tula Sankranti Moment - 07:57 PM,Tula Sankranti Punya Kala - 10:56 AM to 04:40 PM,Tula Sankranti Maha Punya Kala - 02:45 PM to 04:40 PM,Tula Sankranti Moment - 07:57 PM | Tula Sankranti Punya Kala - 10:56 AM to 04:40 PM | Tula Sankranti Maha Punya Kala - 02:45 PM to 04:40 PM,COMPLETE,
geoname:1269771|city:imphal,2026-10-17,Tula Sankranti,Sankramana,https://www.drikpanchang.com/sankranti/tula-sankranti-date-time.html?year=2026,Tula Sankranti Moment - 07:57 PM,Tula Sankranti Punya Kala - 10:59 AM to 04:46 PM,Tula Sankranti Maha Punya Kala - 02:50 PM to 04:46 PM,Tula Sankranti Moment - 07:57 PM | Tula Sankranti Punya Kala - 10:59 AM to 04:46 PM | Tula Sankranti Maha Punya Kala - 02:50 PM to 04:46 PM,COMPLETE,
geoname:1272552|city:dimapur,2026-10-17,Tula Sankranti,Sankramana,https://www.drikpanchang.com/sankranti/tula-sankranti-date-time.html?year=2026,Tula Sankranti Moment - 07:57 PM,Tula Sankranti Punya Kala - 11:00 AM to 04:46 PM,Tula Sankranti Maha Punya Kala - 02:51 PM to 04:46 PM,Tula Sankranti Moment - 07:57 PM | Tula Sankranti Punya Kala - 11:00 AM to 04:46 PM | Tula Sankranti Maha Punya Kala - 02:51 PM to 04:46 PM,COMPLETE,
geoname:1269655|city:itanagar,2026-10-17,Tula Sankranti,Sankramana,https://www.drikpanchang.com/sankranti/tula-sankranti-date-time.html?year=2026,Tula Sankranti Moment - 07:57 PM,Tula Sankranti Punya Kala - 11:01 AM to 04:45 PM,Tula Sankranti Maha Punya Kala - 02:50 PM to 04:45 PM,Tula Sankranti Moment - 07:57 PM | Tula Sankranti Punya Kala - 11:01 AM to 04:45 PM | Tula Sankranti Maha Punya Kala - 02:50 PM to 04:45 PM,COMPLETE,
geoname:1264521|city:madurai,2026-10-17,Tula Sankranti,Sankramana,https://www.drikpanchang.com/sankranti/tula-sankranti-date-time.html?year=2026,Tula Sankranti Moment - 07:57 PM,Tula Sankranti Punya Kala - 12:03 PM to 06:00 PM,Tula Sankranti Maha Punya Kala - 04:01 PM to 06:00 PM,Tula Sankranti Moment - 07:57 PM | Tula Sankranti Punya Kala - 12:03 PM to 06:00 PM | Tula Sankranti Maha Punya Kala - 04:01 PM to 06:00 PM,COMPLETE,
geoname:1265683|city:kumbakonam,2026-10-17,Tula Sankranti,Sankramana,https://www.drikpanchang.com/sankranti/tula-sankranti-date-time.html?year=2026,Tula Sankranti Moment - 07:57 PM,Tula Sankranti Punya Kala - 11:58 AM to 05:54 PM,Tula Sankranti Maha Punya Kala - 03:55 PM to 05:54 PM,Tula Sankranti Moment - 07:57 PM | Tula Sankranti Punya Kala - 11:58 AM to 05:54 PM | Tula Sankranti Maha Punya Kala - 03:55 PM to 05:54 PM,COMPLETE,
geoname:1274256|city:chidambaram,2026-10-17,Tula Sankranti,Sankramana,https://www.drikpanchang.com/sankranti/tula-sankranti-date-time.html?year=2026,Tula Sankranti Moment - 07:57 PM,Tula Sankranti Punya Kala - 11:56 AM to 05:52 PM,Tula Sankranti Maha Punya Kala - 03:54 PM to 05:52 PM,Tula Sankranti Moment - 07:57 PM | Tula Sankranti Punya Kala - 11:56 AM to 05:52 PM | Tula Sankranti Maha Punya Kala - 03:54 PM to 05:52 PM,COMPLETE,
geoname:1268159|city:kanchipuram,2026-10-17,Tula Sankranti,Sankramana,https://www.drikpanchang.com/sankranti/tula-sankranti-date-time.html?year=2026,Tula Sankranti Moment - 07:57 PM,Tula Sankranti Punya Kala - 11:56 AM to 05:51 PM,Tula Sankranti Maha Punya Kala - 03:53 PM to 05:51 PM,Tula Sankranti Moment - 07:57 PM | Tula Sankranti Punya Kala - 11:56 AM to 05:51 PM | Tula Sankranti Maha Punya Kala - 03:53 PM to 05:51 PM,COMPLETE,
geoname:1254388|city:srirangam,2026-10-17,Tula Sankranti,Sankramana,https://www.drikpanchang.com/sankranti/tula-sankranti-date-time.html?year=2026,Tula Sankranti Moment - 07:57 PM,Tula Sankranti Punya Kala - 12:00 PM to 05:57 PM,Tula Sankranti Maha Punya Kala - 03:58 PM to 05:57 PM,Tula Sankranti Moment - 07:57 PM | Tula Sankranti Punya Kala - 12:00 PM to 05:57 PM | Tula Sankranti Maha Punya Kala - 03:58 PM to 05:57 PM,COMPLETE,
geoname:1270603|city:guruvayur,2026-10-17,Tula Sankranti,Sankramana,https://www.drikpanchang.com/sankranti/tula-sankranti-date-time.html?year=2026,Tula Sankranti Moment - 07:57 PM,Tula Sankranti Punya Kala - 12:11 PM to 06:07 PM,Tula Sankranti Maha Punya Kala - 04:09 PM to 06:07 PM,Tula Sankranti Moment - 07:57 PM | Tula Sankranti Punya Kala - 12:11 PM to 06:07 PM | Tula Sankranti Maha Punya Kala - 04:09 PM to 06:07 PM,COMPLETE,
geoname:1260546|city:pandharpur,2026-10-17,Tula Sankranti,Sankramana,https://www.drikpanchang.com/sankranti/tula-sankranti-date-time.html?year=2026,Tula Sankranti Moment - 07:57 PM,Tula Sankranti Punya Kala - 12:14 PM to 06:05 PM,Tula Sankranti Maha Punya Kala - 04:08 PM to 06:05 PM,Tula Sankranti Moment - 07:57 PM | Tula Sankranti Punya Kala - 12:14 PM to 06:05 PM | Tula Sankranti Maha Punya Kala - 04:08 PM to 06:05 PM,COMPLETE,
geoname:1266285|city:kolhapur,2026-10-17,Tula Sankranti,Sankramana,https://www.drikpanchang.com/sankranti/tula-sankranti-date-time.html?year=2026,Tula Sankranti Moment - 07:57 PM,Tula Sankranti Punya Kala - 12:18 PM to 06:11 PM,Tula Sankranti Maha Punya Kala - 04:13 PM to 06:11 PM,Tula Sankranti Moment - 07:57 PM | Tula Sankranti Punya Kala - 12:18 PM to 06:11 PM | Tula Sankranti Maha Punya Kala - 04:13 PM to 06:11 PM,COMPLETE,
geoname:1262180|city:nagpur,2026-10-17,Tula Sankranti,Sankramana,https://www.drikpanchang.com/sankranti/tula-sankranti-date-time.html?year=2026,Tula Sankranti Moment - 07:57 PM,Tula Sankranti Punya Kala - 11:59 AM to 05:48 PM,Tula Sankranti Maha Punya Kala - 03:52 PM to 05:48 PM,Tula Sankranti Moment - 07:57 PM | Tula Sankranti Punya Kala - 11:59 AM to 05:48 PM | Tula Sankranti Maha Punya Kala - 03:52 PM to 05:48 PM,COMPLETE,
geoname:1253102|city:visakhapatnam,2026-10-17,Tula Sankranti,Sankramana,https://www.drikpanchang.com/sankranti/tula-sankranti-date-time.html?year=2026,Tula Sankranti Moment - 07:57 PM,Tula Sankranti Punya Kala - 11:42 AM to 05:34 PM,Tula Sankranti Maha Punya Kala - 03:37 PM to 05:34 PM,Tula Sankranti Moment - 07:57 PM | Tula Sankranti Punya Kala - 11:42 AM to 05:34 PM | Tula Sankranti Maha Punya Kala - 03:37 PM to 05:34 PM,COMPLETE,
geoname:292223|city:dubai,2026-10-17,Tula Sankranti,Sankramana,https://www.drikpanchang.com/sankranti/tula-sankranti-date-time.html?year=2026,Tula Sankranti Moment - 06:27 PM,Tula Sankranti Punya Kala - 12:04 PM to 05:51 PM,Tula Sankranti Maha Punya Kala - 03:55 PM to 05:51 PM,Tula Sankranti Moment - 06:27 PM | Tula Sankranti Punya Kala - 12:04 PM to 05:51 PM | Tula Sankranti Maha Punya Kala - 03:55 PM to 05:51 PM,COMPLETE,
geoname:290030|city:doha,2026-10-17,Tula Sankranti,Sankramana,https://www.drikpanchang.com/sankranti/tula-sankranti-date-time.html?year=2026,Tula Sankranti Moment - 05:27 PM,Tula Sankranti Punya Kala - 11:19 AM to 05:05 PM,Tula Sankranti Maha Punya Kala - 03:10 PM to 05:05 PM,Tula Sankranti Moment - 05:27 PM | Tula Sankranti Punya Kala - 11:19 AM to 05:05 PM | Tula Sankranti Maha Punya Kala - 03:10 PM to 05:05 PM,COMPLETE,
geoname:2657896|city:zurich,2026-10-17,Tula Sankranti,Sankramana,https://www.drikpanchang.com/sankranti/tula-sankranti-date-time.html?year=2026,Tula Sankranti Moment - 04:27 PM,Tula Sankranti Punya Kala - 12:51 PM to 06:35 PM,Tula Sankranti Maha Punya Kala - 02:39 PM to 06:15 PM,Tula Sankranti Moment - 04:27 PM | Tula Sankranti Punya Kala - 12:51 PM to 06:35 PM | Tula Sankranti Maha Punya Kala - 02:39 PM to 06:15 PM,COMPLETE,
geoname:2928751|city:esslingen,2026-10-17,Tula Sankranti,Sankramana,https://www.drikpanchang.com/sankranti/tula-sankranti-date-time.html?year=2026,Tula Sankranti Moment - 04:27 PM,Tula Sankranti Punya Kala - 12:52 PM to 06:30 PM,Tula Sankranti Maha Punya Kala - 02:40 PM to 06:14 PM,Tula Sankranti Moment - 04:27 PM | Tula Sankranti Punya Kala - 12:52 PM to 06:30 PM | Tula Sankranti Maha Punya Kala - 02:40 PM to 06:14 PM,COMPLETE,
geoname:1278094|city:ayodhya,2026-10-17,Tula Sankranti,Sankramana,https://www.drikpanchang.com/sankranti/tula-sankranti-date-time.html?year=2026,Tula Sankranti Moment - 07:57 PM,Tula Sankranti Punya Kala - 11:46 AM to 05:31 PM,Tula Sankranti Maha Punya Kala - 03:36 PM to 05:31 PM,Tula Sankranti Moment - 07:57 PM | Tula Sankranti Punya Kala - 11:46 AM to 05:31 PM | Tula Sankranti Maha Punya Kala - 03:36 PM to 05:31 PM,COMPLETE,
geoname:5131614|city:pittsford,2026-10-17,Tula Sankranti,Sankramana,https://www.drikpanchang.com/sankranti/tula-sankranti-date-time.html?year=2026,Tula Sankranti Moment - 10:27 AM,Tula Sankranti Punya Kala - 07:26 AM to 02:06 PM,Tula Sankranti Maha Punya Kala - 08:37 AM to 12:17 PM,Tula Sankranti Moment - 10:27 AM | Tula Sankranti Punya Kala - 07:26 AM to 02:06 PM | Tula Sankranti Maha Punya Kala - 08:37 AM to 12:17 PM,COMPLETE,
geoname:5119251|city:greece,2026-10-17,Tula Sankranti,Sankramana,https://www.drikpanchang.com/sankranti/tula-sankranti-date-time.html?year=2026,Tula Sankranti Moment - 10:27 AM,Tula Sankranti Punya Kala - 07:27 AM to 02:06 PM,Tula Sankranti Maha Punya Kala - 08:37 AM to 12:17 PM,Tula Sankranti Moment - 10:27 AM | Tula Sankranti Punya Kala - 07:27 AM to 02:06 PM | Tula Sankranti Maha Punya Kala - 08:37 AM to 12:17 PM,COMPLETE,
geoname:5140405|city:syracuse,2026-10-17,Tula Sankranti,Sankramana,https://www.drikpanchang.com/sankranti/tula-sankranti-date-time.html?year=2026,Tula Sankranti Moment - 10:27 AM,Tula Sankranti Punya Kala - 07:21 AM to 02:06 PM,Tula Sankranti Maha Punya Kala - 08:37 AM to 12:17 PM,Tula Sankranti Moment - 10:27 AM | Tula Sankranti Punya Kala - 07:21 AM to 02:06 PM | Tula Sankranti Maha Punya Kala - 08:37 AM to 12:17 PM,COMPLETE,
geoname:4256038|city:columbus,2026-10-17,Tula Sankranti,Sankramana,https://www.drikpanchang.com/sankranti/tula-sankranti-date-time.html?year=2026,Tula Sankranti Moment - 10:27 AM,Tula Sankranti Punya Kala - 07:56 AM to 02:09 PM,Tula Sankranti Maha Punya Kala - 08:36 AM to 12:18 PM,Tula Sankranti Moment - 10:27 AM | Tula Sankranti Punya Kala - 07:56 AM to 02:09 PM | Tula Sankranti Maha Punya Kala - 08:36 AM to 12:18 PM,COMPLETE,
geoname:4487042|city:raleigh,2026-10-17,Tula Sankranti,Sankramana,https://www.drikpanchang.com/sankranti/tula-sankranti-date-time.html?year=2026,Tula Sankranti Moment - 10:27 AM,Tula Sankranti Punya Kala - 07:23 AM to 02:11 PM,Tula Sankranti Maha Punya Kala - 08:35 AM to 12:19 PM,Tula Sankranti Moment - 10:27 AM | Tula Sankranti Punya Kala - 07:23 AM to 02:11 PM | Tula Sankranti Maha Punya Kala - 08:35 AM to 12:19 PM,COMPLETE,
geoname:4460243|city:charlotte,2026-10-17,Tula Sankranti,Sankramana,https://www.drikpanchang.com/sankranti/tula-sankranti-date-time.html?year=2026,Tula Sankranti Moment - 10:27 AM,Tula Sankranti Punya Kala - 07:31 AM to 02:12 PM,Tula Sankranti Maha Punya Kala - 08:35 AM to 12:19 PM,Tula Sankranti Moment - 10:27 AM | Tula Sankranti Punya Kala - 07:31 AM to 02:12 PM | Tula Sankranti Maha Punya Kala - 08:35 AM to 12:19 PM,COMPLETE,
geoname:1277333|city:bengaluru,2026-10-17,Tula Sankranti,Sankramana,https://www.drikpanchang.com/sankranti/tula-sankranti-date-time.html?year=2026,Tula Sankranti Moment - 07:57 PM,Tula Sankranti Punya Kala - 12:05 PM to 06:00 PM,Tula Sankranti Maha Punya Kala - 04:01 PM to 06:00 PM,Tula Sankranti Moment - 07:57 PM | Tula Sankranti Punya Kala - 12:05 PM to 06:00 PM | Tula Sankranti Maha Punya Kala - 04:01 PM to 06:00 PM,COMPLETE,
geoname:1262321|city:mysuru,2026-10-17,Tula Sankranti,Sankramana,https://www.drikpanchang.com/sankranti/tula-sankranti-date-time.html?year=2026,Tula Sankranti Moment - 07:57 PM,Tula Sankranti Punya Kala - 12:09 PM to 06:04 PM,Tula Sankranti Maha Punya Kala - 04:06 PM to 06:04 PM,Tula Sankranti Moment - 07:57 PM | Tula Sankranti Punya Kala - 12:09 PM to 06:04 PM | Tula Sankranti Maha Punya Kala - 04:06 PM to 06:04 PM,COMPLETE,
geoname:1262321|city:t_narasipura,2026-10-17,Tula Sankranti,Sankramana,https://www.drikpanchang.com/sankranti/tula-sankranti-date-time.html?year=2026,Tula Sankranti Moment - 07:57 PM,Tula Sankranti Punya Kala - 12:09 PM to 06:04 PM,Tula Sankranti Maha Punya Kala - 04:06 PM to 06:04 PM,Tula Sankranti Moment - 07:57 PM | Tula Sankranti Punya Kala - 12:09 PM to 06:04 PM | Tula Sankranti Maha Punya Kala - 04:06 PM to 06:04 PM,COMPLETE,
geoname:1263780|city:mangalore,2026-10-17,Tula Sankranti,Sankramana,https://www.drikpanchang.com/sankranti/tula-sankranti-date-time.html?year=2026,Tula Sankranti Moment - 07:57 PM,Tula Sankranti Punya Kala - 12:16 PM to 06:11 PM,Tula Sankranti Maha Punya Kala - 04:12 PM to 06:11 PM,Tula Sankranti Moment - 07:57 PM | Tula Sankranti Punya Kala - 12:16 PM to 06:11 PM | Tula Sankranti Maha Punya Kala - 04:12 PM to 06:11 PM,COMPLETE,
geoname:1253952|city:udupi,2026-10-17,Tula Sankranti,Sankramana,https://www.drikpanchang.com/sankranti/tula-sankranti-date-time.html?year=2026,Tula Sankranti Moment - 07:57 PM,Tula Sankranti Punya Kala - 12:16 PM to 06:11 PM,Tula Sankranti Maha Punya Kala - 04:13 PM to 06:11 PM,Tula Sankranti Moment - 07:57 PM | Tula Sankranti Punya Kala - 12:16 PM to 06:11 PM | Tula Sankranti Maha Punya Kala - 04:13 PM to 06:11 PM,COMPLETE,
geoname:1255364|city:surat,2026-10-17,Tula Sankranti,Sankramana,https://www.drikpanchang.com/sankranti/tula-sankranti-date-time.html?year=2026,Tula Sankranti Moment - 07:57 PM,Tula Sankranti Punya Kala - 12:24 PM to 06:13 PM,Tula Sankranti Maha Punya Kala - 04:17 PM to 06:13 PM,Tula Sankranti Moment - 07:57 PM | Tula Sankranti Punya Kala - 12:24 PM to 06:13 PM | Tula Sankranti Maha Punya Kala - 04:17 PM to 06:13 PM,COMPLETE,
geoname:1259229|city:pune,2026-10-17,Tula Sankranti,Sankramana,https://www.drikpanchang.com/sankranti/tula-sankranti-date-time.html?year=2026,Tula Sankranti Moment - 07:57 PM,Tula Sankranti Punya Kala - 12:20 PM to 06:11 PM,Tula Sankranti Maha Punya Kala - 04:14 PM to 06:11 PM,Tula Sankranti Moment - 07:57 PM | Tula Sankranti Punya Kala - 12:20 PM to 06:11 PM | Tula Sankranti Maha Punya Kala - 04:14 PM to 06:11 PM,COMPLETE,
geoname:1253573|city:vadodara,2026-10-17,Tula Sankranti,Sankramana,https://www.drikpanchang.com/sankranti/tula-sankranti-date-time.html?year=2026,Tula Sankranti Moment - 07:57 PM,Tula Sankranti Punya Kala - 12:22 PM to 06:11 PM,Tula Sankranti Maha Punya Kala - 04:15 PM to 06:11 PM,Tula Sankranti Moment - 07:57 PM | Tula Sankranti Punya Kala - 12:22 PM to 06:11 PM | Tula Sankranti Maha Punya Kala - 04:15 PM to 06:11 PM,COMPLETE,
geoname:1269843|city:hyderabad,2026-10-17,Tula Sankranti,Sankramana,https://www.drikpanchang.com/sankranti/tula-sankranti-date-time.html?year=2026,Tula Sankranti Moment - 07:57 PM,Tula Sankranti Punya Kala - 12:01 PM to 05:53 PM,Tula Sankranti Maha Punya Kala - 03:56 PM to 05:53 PM,Tula Sankranti Moment - 07:57 PM | Tula Sankranti Punya Kala - 12:01 PM to 05:53 PM | Tula Sankranti Maha Punya Kala - 03:56 PM to 05:53 PM,COMPLETE,
geoname:5134086|city:rochester,2026-10-17,Tula Sankranti,Sankramana,https://www.drikpanchang.com/sankranti/tula-sankranti-date-time.html?year=2026,Tula Sankranti Moment - 10:27 AM,Tula Sankranti Punya Kala - 07:27 AM to 02:06 PM,Tula Sankranti Maha Punya Kala - 08:37 AM to 12:17 PM,Tula Sankranti Moment - 10:27 AM | Tula Sankranti Punya Kala - 07:27 AM to 02:06 PM | Tula Sankranti Maha Punya Kala - 08:37 AM to 12:17 PM,COMPLETE,
geoname:5139865|city:stonybrook,2026-10-17,Tula Sankranti,Sankramana,https://www.drikpanchang.com/sankranti/tula-sankranti-date-time.html?year=2026,Tula Sankranti Moment - 10:27 AM,Tula Sankranti Punya Kala - 07:06 AM to 02:08 PM,Tula Sankranti Maha Punya Kala - 08:37 AM to 12:17 PM,Tula Sankranti Moment - 10:27 AM | Tula Sankranti Punya Kala - 07:06 AM to 02:08 PM | Tula Sankranti Maha Punya Kala - 08:37 AM to 12:17 PM,COMPLETE,
geoname:4922462|city:lafayette,2026-10-17,Tula Sankranti,Sankramana,https://www.drikpanchang.com/sankranti/tula-sankranti-date-time.html?year=2026,Tula Sankranti Moment - 10:27 AM,Tula Sankranti Punya Kala - 08:01 AM to 02:08 PM,Tula Sankranti Maha Punya Kala - 08:36 AM to 12:18 PM,Tula Sankranti Moment - 10:27 AM | Tula Sankranti Punya Kala - 08:01 AM to 02:08 PM | Tula Sankranti Maha Punya Kala - 08:36 AM to 12:18 PM,COMPLETE,
geoname:4887398|city:chicago,2026-10-17,Tula Sankranti,Sankramana,https://www.drikpanchang.com/sankranti/tula-sankranti-date-time.html?year=2026,Tula Sankranti Moment - 09:27 AM,Tula Sankranti Punya Kala - 07:05 AM to 01:07 PM,Tula Sankranti Maha Punya Kala - 07:37 AM to 11:17 AM,Tula Sankranti Moment - 09:27 AM | Tula Sankranti Punya Kala - 07:05 AM to 01:07 PM | Tula Sankranti Maha Punya Kala - 07:37 AM to 11:17 AM,COMPLETE,
geoname:4684888|city:dallas,2026-10-17,Tula Sankranti,Sankramana,https://www.drikpanchang.com/sankranti/tula-sankranti-date-time.html?year=2026,Tula Sankranti Moment - 09:27 AM,Tula Sankranti Punya Kala - 07:33 AM to 01:13 PM,Tula Sankranti Maha Punya Kala - 07:34 AM to 11:20 AM,Tula Sankranti Moment - 09:27 AM | Tula Sankranti Punya Kala - 07:33 AM to 01:13 PM | Tula Sankranti Maha Punya Kala - 07:34 AM to 11:20 AM,COMPLETE,
geoname:4699066|city:houston,2026-10-17,Tula Sankranti,Sankramana,https://www.drikpanchang.com/sankranti/tula-sankranti-date-time.html?year=2026,Tula Sankranti Moment - 09:27 AM,Tula Sankranti Punya Kala - 07:25 AM to 01:15 PM,Tula Sankranti Maha Punya Kala - 07:33 AM to 11:21 AM,Tula Sankranti Moment - 09:27 AM | Tula Sankranti Punya Kala - 07:25 AM to 01:15 PM | Tula Sankranti Maha Punya Kala - 07:33 AM to 11:21 AM,COMPLETE,
geoname:5308655|city:phoenix,2026-10-17,Tula Sankranti,Sankramana,https://www.drikpanchang.com/sankranti/tula-sankranti-date-time.html?year=2026,Tula Sankranti Moment - 07:27 AM,Tula Sankranti Punya Kala - 06:35 AM to 11:13 AM,Tula Sankranti Maha Punya Kala - 06:35 AM to 09:20 AM,Tula Sankranti Moment - 07:27 AM | Tula Sankranti Punya Kala - 06:35 AM to 11:13 AM | Tula Sankranti Maha Punya Kala - 06:35 AM to 09:20 AM,COMPLETE,
geoname:5391959|city:san_francisco,2026-10-17,Tula Sankranti,Sankramana,https://www.drikpanchang.com/sankranti/tula-sankranti-date-time.html?year=2026,Tula Sankranti Moment - 07:27 AM,Tula Sankranti Punya Kala - 07:20 AM to 11:10 AM,Tula Sankranti Maha Punya Kala - 07:20 AM to 09:19 AM,Tula Sankranti Moment - 07:27 AM | Tula Sankranti Punya Kala - 07:20 AM to 11:10 AM | Tula Sankranti Maha Punya Kala - 07:20 AM to 09:19 AM,COMPLETE,
geoname:5368361|city:los_angeles,2026-10-17,Tula Sankranti,Sankramana,https://www.drikpanchang.com/sankranti/tula-sankranti-date-time.html?year=2026,Tula Sankranti Moment - 07:27 AM,Tula Sankranti Punya Kala - 07:00 AM to 11:12 AM,Tula Sankranti Maha Punya Kala - 07:00 AM to 09:20 AM,Tula Sankranti Moment - 07:27 AM | Tula Sankranti Punya Kala - 07:00 AM to 11:12 AM | Tula Sankranti Maha Punya Kala - 07:00 AM to 09:20 AM,COMPLETE,
geoname:5809844|city:seattle,2026-10-17,Tula Sankranti,Sankramana,https://www.drikpanchang.com/sankranti/tula-sankranti-date-time.html?year=2026,Tula Sankranti Moment - 07:27 AM,Tula Sankranti Punya Kala - 07:31 AM to 12:54 PM,Tula Sankranti Maha Punya Kala - 07:31 AM to 09:19 AM,Tula Sankranti Moment - 07:27 AM | Tula Sankranti Punya Kala - 07:31 AM to 12:54 PM | Tula Sankranti Maha Punya Kala - 07:31 AM to 09:19 AM,COMPLETE,
geoname:4174757|city:tampa,2026-10-17,Tula Sankranti,Sankramana,https://www.drikpanchang.com/sankranti/tula-sankranti-date-time.html?year=2026,Tula Sankranti Moment - 10:27 AM,Tula Sankranti Punya Kala - 07:31 AM to 02:16 PM,Tula Sankranti Maha Punya Kala - 08:33 AM to 12:22 PM,Tula Sankranti Moment - 10:27 AM | Tula Sankranti Punya Kala - 07:31 AM to 02:16 PM | Tula Sankranti Maha Punya Kala - 08:33 AM to 12:22 PM,COMPLETE,
geoname:4781708|city:richmond,2026-10-17,Tula Sankranti,Sankramana,https://www.drikpanchang.com/sankranti/tula-sankranti-date-time.html?year=2026,Tula Sankranti Moment - 10:27 AM,Tula Sankranti Punya Kala - 07:20 AM to 02:10 PM,Tula Sankranti Maha Punya Kala - 08:35 AM to 12:19 PM,Tula Sankranti Moment - 10:27 AM | Tula Sankranti Punya Kala - 07:20 AM to 02:10 PM | Tula Sankranti Maha Punya Kala - 08:35 AM to 12:19 PM,COMPLETE,
geoname:4347778|city:baltimore,2026-10-17,Tula Sankranti,Sankramana,https://www.drikpanchang.com/sankranti/tula-sankranti-date-time.html?year=2026,Tula Sankranti Moment - 10:27 AM,Tula Sankranti Punya Kala - 07:18 AM to 02:09 PM,Tula Sankranti Maha Punya Kala - 08:36 AM to 12:18 PM,Tula Sankranti Moment - 10:27 AM | Tula Sankranti Punya Kala - 07:18 AM to 02:09 PM | Tula Sankranti Maha Punya Kala - 08:36 AM to 12:18 PM,COMPLETE,
geoname:5099836|city:new_jersey,2026-10-17,Tula Sankranti,Sankramana,https://www.drikpanchang.com/sankranti/tula-sankranti-date-time.html?year=2026,Tula Sankranti Moment - 10:27 AM,Tula Sankranti Punya Kala - 07:10 AM to 02:08 PM,Tula Sankranti Maha Punya Kala - 08:37 AM to 12:18 PM,Tula Sankranti Moment - 10:27 AM | Tula Sankranti Punya Kala - 07:10 AM to 02:08 PM | Tula Sankranti Maha Punya Kala - 08:37 AM to 12:18 PM,COMPLETE,
geoname:5110629|city:buffalo,2026-10-17,Tula Sankranti,Sankramana,https://www.drikpanchang.com/sankranti/tula-sankranti-date-time.html?year=2026,Tula Sankranti Moment - 10:27 AM,Tula Sankranti Punya Kala - 07:31 AM to 02:06 PM,Tula Sankranti Maha Punya Kala - 08:37 AM to 12:17 PM,Tula Sankranti Moment - 10:27 AM | Tula Sankranti Punya Kala - 07:31 AM to 02:06 PM | Tula Sankranti Maha Punya Kala - 08:37 AM to 12:17 PM,COMPLETE,
geoname:5150529|city:cleveland,2026-10-17,Tula Sankranti,Sankramana,https://www.drikpanchang.com/sankranti/tula-sankranti-date-time.html?year=2026,Tula Sankranti Moment - 10:27 AM,Tula Sankranti Punya Kala - 07:41 AM to 02:07 PM,Tula Sankranti Maha Punya Kala - 08:37 AM to 12:17 PM,Tula Sankranti Moment - 10:27 AM | Tula Sankranti Punya Kala - 07:41 AM to 02:07 PM | Tula Sankranti Maha Punya Kala - 08:37 AM to 12:17 PM,COMPLETE,
geoname:4509177|city:columbus,2026-10-17,Tula Sankranti,Sankramana,https://www.drikpanchang.com/sankranti/tula-sankranti-date-time.html?year=2026,Tula Sankranti Moment - 10:27 AM,Tula Sankranti Punya Kala - 07:45 AM to 02:09 PM,Tula Sankranti Maha Punya Kala - 08:36 AM to 12:18 PM,Tula Sankranti Moment - 10:27 AM | Tula Sankranti Punya Kala - 07:45 AM to 02:09 PM | Tula Sankranti Maha Punya Kala - 08:36 AM to 12:18 PM,COMPLETE,
geoname:4508722|city:cincinnati,2026-10-17,Tula Sankranti,Sankramana,https://www.drikpanchang.com/sankranti/tula-sankranti-date-time.html?year=2026,Tula Sankranti Moment - 10:27 AM,Tula Sankranti Punya Kala - 07:50 AM to 02:09 PM,Tula Sankranti Maha Punya Kala - 08:36 AM to 12:18 PM,Tula Sankranti Moment - 10:27 AM | Tula Sankranti Punya Kala - 07:50 AM to 02:09 PM | Tula Sankranti Maha Punya Kala - 08:36 AM to 12:18 PM,COMPLETE,
geoname:4634946|city:knoxville,2026-10-17,Tula Sankranti,Sankramana,https://www.drikpanchang.com/sankranti/tula-sankranti-date-time.html?year=2026,Tula Sankranti Moment - 10:27 AM,Tula Sankranti Punya Kala - 07:44 AM to 02:11 PM,Tula Sankranti Maha Punya Kala - 08:35 AM to 12:19 PM,Tula Sankranti Moment - 10:27 AM | Tula Sankranti Punya Kala - 07:44 AM to 02:11 PM | Tula Sankranti Maha Punya Kala - 08:35 AM to 12:19 PM,COMPLETE,
geoname:4644585|city:nashville,2026-10-17,Tula Sankranti,Sankramana,https://www.drikpanchang.com/sankranti/tula-sankranti-date-time.html?year=2026,Tula Sankranti Moment - 09:27 AM,Tula Sankranti Punya Kala - 06:56 AM to 01:11 PM,Tula Sankranti Maha Punya Kala - 07:35 AM to 11:19 AM,Tula Sankranti Moment - 09:27 AM | Tula Sankranti Punya Kala - 06:56 AM to 01:11 PM | Tula Sankranti Maha Punya Kala - 07:35 AM to 11:19 AM,COMPLETE,
geoname:5383527|city:placentia,2026-10-17,Tula Sankranti,Sankramana,https://www.drikpanchang.com/sankranti/tula-sankranti-date-time.html?year=2026,Tula Sankranti Moment - 07:27 AM,Tula Sankranti Punya Kala - 06:58 AM to 11:13 AM,Tula Sankranti Maha Punya Kala - 06:58 AM to 09:20 AM,Tula Sankranti Moment - 07:27 AM | Tula Sankranti Punya Kala - 06:58 AM to 11:13 AM | Tula Sankranti Maha Punya Kala - 06:58 AM to 09:20 AM,COMPLETE,
geoname:4180439|city:atlanta,2026-10-17,Tula Sankranti,Sankramana,https://www.drikpanchang.com/sankranti/tula-sankranti-date-time.html?year=2026,Tula Sankranti Moment - 10:27 AM,Tula Sankranti Punya Kala - 07:44 AM to 02:13 PM,Tula Sankranti Maha Punya Kala - 08:34 AM to 12:20 PM,Tula Sankranti Moment - 10:27 AM | Tula Sankranti Punya Kala - 07:44 AM to 02:13 PM | Tula Sankranti Maha Punya Kala - 08:34 AM to 12:20 PM,COMPLETE,
geoname:1264527|city:chennai,2026-10-17,Tula Sankranti,Sankramana,https://www.drikpanchang.com/sankranti/tula-sankranti-date-time.html?year=2026,Tula Sankranti Moment - 07:57 PM,Tula Sankranti Punya Kala - 11:54 AM to 05:49 PM,Tula Sankranti Maha Punya Kala - 03:51 PM to 05:49 PM,Tula Sankranti Moment - 07:57 PM | Tula Sankranti Punya Kala - 11:54 AM to 05:49 PM | Tula Sankranti Maha Punya Kala - 03:51 PM to 05:49 PM,COMPLETE,
geoname:1254163|city:thiruvananthapuram,2026-10-17,Tula Sankranti,Sankramana,https://www.drikpanchang.com/sankranti/tula-sankranti-date-time.html?year=2026,Tula Sankranti Moment - 07:57 PM,Tula Sankranti Punya Kala - 12:07 PM to 06:05 PM,Tula Sankranti Maha Punya Kala - 04:06 PM to 06:05 PM,Tula Sankranti Moment - 07:57 PM | Tula Sankranti Punya Kala - 12:07 PM to 06:05 PM | Tula Sankranti Maha Punya Kala - 04:06 PM to 06:05 PM,COMPLETE,
geoname:1275339|city:mumbai,2026-10-17,Tula Sankranti,Sankramana,https://www.drikpanchang.com/sankranti/tula-sankranti-date-time.html?year=2026,Tula Sankranti Moment - 07:57 PM,Tula Sankranti Punya Kala - 12:24 PM to 06:14 PM,Tula Sankranti Maha Punya Kala - 04:17 PM to 06:14 PM,Tula Sankranti Moment - 07:57 PM | Tula Sankranti Punya Kala - 12:24 PM to 06:14 PM | Tula Sankranti Maha Punya Kala - 04:17 PM to 06:14 PM,COMPLETE,
geoname:1275004|city:kolkata,2026-10-17,Tula Sankranti,Sankramana,https://www.drikpanchang.com/sankranti/tula-sankranti-date-time.html?year=2026,Tula Sankranti Moment - 07:57 PM,Tula Sankranti Punya Kala - 11:22 AM to 05:10 PM,Tula Sankranti Maha Punya Kala - 03:14 PM to 05:10 PM,Tula Sankranti Moment - 07:57 PM | Tula Sankranti Punya Kala - 11:22 AM to 05:10 PM | Tula Sankranti Maha Punya Kala - 03:14 PM to 05:10 PM,COMPLETE,
geoname:1275817|city:bhubaneswar,2026-10-17,Tula Sankranti,Sankramana,https://www.drikpanchang.com/sankranti/tula-sankranti-date-time.html?year=2026,Tula Sankranti Moment - 07:57 PM,Tula Sankranti Punya Kala - 11:32 AM to 05:22 PM,Tula Sankranti Maha Punya Kala - 03:25 PM to 05:22 PM,Tula Sankranti Moment - 07:57 PM | Tula Sankranti Punya Kala - 11:32 AM to 05:22 PM | Tula Sankranti Maha Punya Kala - 03:25 PM to 05:22 PM,COMPLETE,
geoname:1254360|city:tirupati,2026-10-17,Tula Sankranti,Sankramana,https://www.drikpanchang.com/sankranti/tula-sankranti-date-time.html?year=2026,Tula Sankranti Moment - 07:57 PM,Tula Sankranti Punya Kala - 11:58 AM to 05:52 PM,Tula Sankranti Maha Punya Kala - 03:54 PM to 05:52 PM,Tula Sankranti Moment - 07:57 PM | Tula Sankranti Punya Kala - 11:58 AM to 05:52 PM | Tula Sankranti Maha Punya Kala - 03:54 PM to 05:52 PM,COMPLETE,
geoname:1275841|city:bhopal,2026-10-17,Tula Sankranti,Sankramana,https://www.drikpanchang.com/sankranti/tula-sankranti-date-time.html?year=2026,Tula Sankranti Moment - 07:57 PM,Tula Sankranti Punya Kala - 12:06 PM to 05:53 PM,Tula Sankranti Maha Punya Kala - 03:57 PM to 05:53 PM,Tula Sankranti Moment - 07:57 PM | Tula Sankranti Punya Kala - 12:06 PM to 05:53 PM | Tula Sankranti Maha Punya Kala - 03:57 PM to 05:53 PM,COMPLETE,
geoname:1253405|city:varanasi,2026-10-17,Tula Sankranti,Sankramana,https://www.drikpanchang.com/sankranti/tula-sankranti-date-time.html?year=2026,Tula Sankranti Moment - 07:57 PM,Tula Sankranti Punya Kala - 11:43 AM to 05:29 PM,Tula Sankranti Maha Punya Kala - 03:34 PM to 05:29 PM,Tula Sankranti Moment - 07:57 PM | Tula Sankranti Punya Kala - 11:43 AM to 05:29 PM | Tula Sankranti Maha Punya Kala - 03:34 PM to 05:29 PM,COMPLETE,
geoname:1278994|city:prayagraj,2026-10-17,Tula Sankranti,Sankramana,https://www.drikpanchang.com/sankranti/tula-sankranti-date-time.html?year=2026,Tula Sankranti Moment - 07:57 PM,Tula Sankranti Punya Kala - 11:48 AM to 05:34 PM,Tula Sankranti Maha Punya Kala - 03:38 PM to 05:34 PM,Tula Sankranti Moment - 07:57 PM | Tula Sankranti Punya Kala - 11:48 AM to 05:34 PM | Tula Sankranti Maha Punya Kala - 03:38 PM to 05:34 PM,COMPLETE,
geoname:1264733|city:lucknow,2026-10-17,Tula Sankranti,Sankramana,https://www.drikpanchang.com/sankranti/tula-sankranti-date-time.html?year=2026,Tula Sankranti Moment - 07:57 PM,Tula Sankranti Punya Kala - 11:51 AM to 05:36 PM,Tula Sankranti Maha Punya Kala - 03:41 PM to 05:36 PM,Tula Sankranti Moment - 07:57 PM | Tula Sankranti Punya Kala - 11:51 AM to 05:36 PM | Tula Sankranti Maha Punya Kala - 03:41 PM to 05:36 PM,COMPLETE,
geoname:1255634|city:srinagar,2026-10-17,Tula Sankranti,Sankramana,https://www.drikpanchang.com/sankranti/tula-sankranti-date-time.html?year=2026,Tula Sankranti Moment - 07:57 PM,Tula Sankranti Punya Kala - 12:16 PM to 05:55 PM,Tula Sankranti Maha Punya Kala - 04:02 PM to 05:55 PM,Tula Sankranti Moment - 07:57 PM | Tula Sankranti Punya Kala - 12:16 PM to 05:55 PM | Tula Sankranti Maha Punya Kala - 04:02 PM to 05:55 PM,COMPLETE,
geoname:2174003|city:brisbane,2026-10-18,Tula Sankranti,Sankramana,https://www.drikpanchang.com/sankranti/tula-sankranti-date-time.html?year=2026,Tula Sankranti Moment - 12:27 AM,Tula Sankranti Punya Kala - 05:09 AM to 11:33 AM,Tula Sankranti Maha Punya Kala - 05:09 AM to 07:17 AM,Tula Sankranti Moment - 12:27 AM | Tula Sankranti Punya Kala - 05:09 AM to 11:33 AM | Tula Sankranti Maha Punya Kala - 05:09 AM to 07:17 AM,COMPLETE,
geoname:2158177|city:melbourne,2026-10-18,Tula Sankranti,Sankramana,https://www.drikpanchang.com/sankranti/tula-sankranti-date-time.html?year=2026,Tula Sankranti Moment - 01:27 AM,Tula Sankranti Punya Kala - 06:31 AM to 01:06 PM,Tula Sankranti Maha Punya Kala - 06:31 AM to 08:43 AM,Tula Sankranti Moment - 01:27 AM | Tula Sankranti Punya Kala - 06:31 AM to 01:06 PM | Tula Sankranti Maha Punya Kala - 06:31 AM to 08:43 AM,COMPLETE,
geoname:2078025|city:adelaide,2026-10-17,Tula Sankranti,Sankramana,https://www.drikpanchang.com/sankranti/tula-sankranti-date-time.html?year=2026,"Tula Sankranti Moment - 12:57 AM, Oct 18",Tula Sankranti Punya Kala - 01:01 PM to 07:31 PM,Tula Sankranti Maha Punya Kala - 05:21 PM to 07:31 PM,"Tula Sankranti Moment - 12:57 AM, Oct 18 | Tula Sankranti Punya Kala - 01:01 PM to 07:31 PM | Tula Sankranti Maha Punya Kala - 05:21 PM to 07:31 PM",COMPLETE,
geoname:2063523|city:perth,2026-10-17,Tula Sankranti,Sankramana,https://www.drikpanchang.com/sankranti/tula-sankranti-date-time.html?year=2026,Tula Sankranti Moment - 10:27 PM,Tula Sankranti Punya Kala - 12:02 PM to 06:29 PM,Tula Sankranti Maha Punya Kala - 04:20 PM to 06:29 PM,Tula Sankranti Moment - 10:27 PM | Tula Sankranti Punya Kala - 12:02 PM to 06:29 PM | Tula Sankranti Maha Punya Kala - 04:20 PM to 06:29 PM,COMPLETE,
geoname:2172517|city:canberra,2026-10-18,Tula Sankranti,Sankramana,https://www.drikpanchang.com/sankranti/tula-sankranti-date-time.html?year=2026,Tula Sankranti Moment - 01:27 AM,Tula Sankranti Punya Kala - 06:17 AM to 12:49 PM,Tula Sankranti Maha Punya Kala - 06:17 AM to 08:28 AM,Tula Sankranti Moment - 01:27 AM | Tula Sankranti Punya Kala - 06:17 AM to 12:49 PM | Tula Sankranti Maha Punya Kala - 06:17 AM to 08:28 AM,COMPLETE,
geoname:2147714|city:sydney,2026-10-18,Tula Sankranti,Sankramana,https://www.drikpanchang.com/sankranti/tula-sankranti-date-time.html?year=2026,Tula Sankranti Moment - 01:27 AM,Tula Sankranti Punya Kala - 06:11 AM to 12:41 PM,Tula Sankranti Maha Punya Kala - 06:11 AM to 08:21 AM,Tula Sankranti Moment - 01:27 AM | Tula Sankranti Punya Kala - 06:11 AM to 12:41 PM | Tula Sankranti Maha Punya Kala - 06:11 AM to 08:21 AM,COMPLETE,
geoname:4167147|city:orlando,2026-10-17,Tula Sankranti,Sankramana,https://www.drikpanchang.com/sankranti/tula-sankranti-date-time.html?year=2026,Tula Sankranti Moment - 10:27 AM,Tula Sankranti Punya Kala - 07:28 AM to 02:16 PM,Tula Sankranti Maha Punya Kala - 08:33 AM to 12:21 PM,Tula Sankranti Moment - 10:27 AM | Tula Sankranti Punya Kala - 07:28 AM to 02:16 PM | Tula Sankranti Maha Punya Kala - 08:33 AM to 12:21 PM,COMPLETE,
geoname:4560349|city:philadelphia,2026-10-17,Tula Sankranti,Sankramana,https://www.drikpanchang.com/sankranti/tula-sankranti-date-time.html?year=2026,Tula Sankranti Moment - 10:27 AM,Tula Sankranti Punya Kala - 07:13 AM to 02:09 PM,Tula Sankranti Maha Punya Kala - 08:36 AM to 12:18 PM,Tula Sankranti Moment - 10:27 AM | Tula Sankranti Punya Kala - 07:13 AM to 02:09 PM | Tula Sankranti Maha Punya Kala - 08:36 AM to 12:18 PM,COMPLETE,
geoname:5128581|city:new_york,2026-10-17,Tula Sankranti,Sankramana,https://www.drikpanchang.com/sankranti/tula-sankranti-date-time.html?year=2026,Tula Sankranti Moment - 10:27 AM,Tula Sankranti Punya Kala - 07:09 AM to 02:08 PM,Tula Sankranti Maha Punya Kala - 08:37 AM to 12:18 PM,Tula Sankranti Moment - 10:27 AM | Tula Sankranti Punya Kala - 07:09 AM to 02:08 PM | Tula Sankranti Maha Punya Kala - 08:37 AM to 12:18 PM,COMPLETE,
