Input Order,Date,Is Candidate Date,City,State/Region,Country,Timezone,Geoname ID,Selected Drik Location,Sunrise,Sunset,Tithi,Nakshatra,Paksha,Vaara,Amanta Maasa,Sunsign,Scan Error,Mandatory Gate,Gate Failure Reason,Ashtami Start,Ashtami End,Rohini Start,Rohini End,Ashtami Start Source,Ashtami End Source,Rohini Start Source,Rohini End Source,Ashtami-Rohini Overlap Start,Ashtami-Rohini Overlap End,Candidate Sunrise,Candidate Sunset,Next Sunrise,Upavaasa Date,Calculated Nishita Madhya,Calculated Puja Start,Calculated Puja End,Ashtami At Sunrise,Ashtami At Nishita,Rohini At Nishita,Ashtami-Rohini Overlap In Panchanga Day,Ashtami-Rohini At Nishita,Joint Overlap Exists,Nishita After Joint Overlap End,Joint Overlap During Puja Window,Entire Puja Window In Joint Overlap,Joint Puja Overlap Start,Joint Puja Overlap End,Ashtami Starts On/After Sunrise,Ashtami Starts Before Next Sunrise,No-Overlap Day 1,No-Overlap Day 1 Sunrise,No-Overlap Day 2,No-Overlap Day 2 Sunrise,No-Overlap Ashtami Starts After Day 1 Sunrise,No-Overlap Ashtami Reaches Day 2 Sunrise,Saptami Viddha Ashtami,No-Overlap Selected Upavaasa Date,No-Overlap Case,No-Overlap Rule,Budhavara,Decision Priority,Decision Tie Break,Decision Rule,Needs Review,Review Reason,Qualifying Nishita Count In Joint Overlap,Qualifying Nishita Sequence,Nishita Selection Note
1,2026-09-02,True,Darmstadt,Hesse,Germany,Europe/Berlin,2938913,Darmstadt,06:42 AM,08:07 PM,"Shashthi upto 12:55 AM, Sep 03",Bharani upto 10:13 PM,Krishna Paksha,Budhawara,Shravana,Simha,,True,,2026-09-03 10:55:00 PM,2026-09-04 08:43:00 PM,2026-09-03 08:59:00 PM,2026-09-04 07:34:00 PM,2026-09-03: Saptami upto 10:55 PM,2026-09-04: Ashtami upto 08:43 PM,2026-09-03: Krittika upto 08:59 PM,2026-09-04: Rohini upto 07:34 PM,2026-09-03 10:55:00 PM,2026-09-04 07:34:00 PM,2026-09-02 06:42:00 AM,2026-09-02 08:07:00 PM,2026-09-03 06:43:00 AM,2026-09-02,2026-09-03 01:25:00 AM,2026-09-03 01:01:00 AM,2026-09-03 01:49:00 AM,False,False,False,False,False,True,False,False,False,,,True,False,,,,,False,False,False,,,,True,999,0,ASHTAMI_ROHINI_OVERLAP_WAIT_FOR_NEXT_NISHITA,True,"Ashtami and Rohini overlap, but this night's Nishita is not inside the overlap and is not after the overlap has ended. The Puja belongs to the first Nishita after the joint overlap ends.",1,,
1,2026-09-03,True,Darmstadt,Hesse,Germany,Europe/Berlin,2938913,Darmstadt,06:43 AM,08:05 PM,Saptami upto 10:55 PM,Krittika upto 08:59 PM,Krishna Paksha,Guruwara,Shravana,Simha,,True,,2026-09-03 10:55:00 PM,2026-09-04 08:43:00 PM,2026-09-03 08:59:00 PM,2026-09-04 07:34:00 PM,2026-09-03: Saptami upto 10:55 PM,2026-09-04: Ashtami upto 08:43 PM,2026-09-03: Krittika upto 08:59 PM,2026-09-04: Rohini upto 07:34 PM,2026-09-03 10:55:00 PM,2026-09-04 07:34:00 PM,2026-09-03 06:43:00 AM,2026-09-03 08:05:00 PM,2026-09-04 06:45:00 AM,2026-09-03,2026-09-04 01:25:00 AM,2026-09-04 01:01:00 AM,2026-09-04 01:49:00 AM,False,True,True,True,True,True,False,True,True,2026-09-04 01:01:00 AM,2026-09-04 01:49:00 AM,True,True,,,,,False,False,False,,,,False,10,1,ASHTAMI_ROHINI_AT_NISHITA,False,,1,1,Only one Nishita falls inside the Ashtami-Rohini joint overlap.
1,2026-09-04,True,Darmstadt,Hesse,Germany,Europe/Berlin,2938913,Darmstadt,06:45 AM,08:03 PM,Ashtami upto 08:43 PM,Rohini upto 07:34 PM,Krishna Paksha,Shukrawara,Shravana,Simha,,True,,2026-09-03 10:55:00 PM,2026-09-04 08:43:00 PM,2026-09-03 08:59:00 PM,2026-09-04 07:34:00 PM,2026-09-03: Saptami upto 10:55 PM,2026-09-04: Ashtami upto 08:43 PM,2026-09-03: Krittika upto 08:59 PM,2026-09-04: Rohini upto 07:34 PM,2026-09-03 10:55:00 PM,2026-09-04 07:34:00 PM,2026-09-04 06:45:00 AM,2026-09-04 08:03:00 PM,2026-09-05 06:46:00 AM,2026-09-04,2026-09-05 01:24:30 AM,2026-09-05 01:00:30 AM,2026-09-05 01:48:30 AM,True,False,False,True,False,True,True,False,False,,,False,True,,,,,False,False,False,,,,False,20,1,ASHTAMI_ROHINI_OVERLAP_THEN_NEXT_NISHITA,False,,1,,
1,2026-09-05,True,Darmstadt,Hesse,Germany,Europe/Berlin,2938913,Darmstadt,06:46 AM,08:01 PM,Navami upto 06:23 PM,Mrigashira upto 06:00 PM,Krishna Paksha,Shaniwara,Shravana,Simha,,True,,2026-09-03 10:55:00 PM,2026-09-04 08:43:00 PM,2026-09-03 08:59:00 PM,2026-09-04 07:34:00 PM,2026-09-03: Saptami upto 10:55 PM,2026-09-04: Ashtami upto 08:43 PM,2026-09-03: Krittika upto 08:59 PM,2026-09-04: Rohini upto 07:34 PM,2026-09-03 10:55:00 PM,2026-09-04 07:34:00 PM,2026-09-05 06:46:00 AM,2026-09-05 08:01:00 PM,2026-09-06 06:48:00 AM,2026-09-05,2026-09-06 01:24:30 AM,2026-09-06 01:00:30 AM,2026-09-06 01:48:30 AM,False,False,False,False,False,True,True,False,False,,,False,True,,,,,False,False,False,,,,False,20,1,ASHTAMI_ROHINI_OVERLAP_THEN_NEXT_NISHITA,False,,1,,
1,2026-09-06,True,Darmstadt,Hesse,Germany,Europe/Berlin,2938913,Darmstadt,06:48 AM,07:59 PM,Dashami upto 03:59 PM,Ardra upto 04:22 PM,Krishna Paksha,Raviwara,Shravana,Simha,,True,,2026-09-03 10:55:00 PM,2026-09-04 08:43:00 PM,2026-09-03 08:59:00 PM,2026-09-04 07:34:00 PM,2026-09-03: Saptami upto 10:55 PM,2026-09-04: Ashtami upto 08:43 PM,2026-09-03: Krittika upto 08:59 PM,2026-09-04: Rohini upto 07:34 PM,2026-09-03 10:55:00 PM,2026-09-04 07:34:00 PM,2026-09-06 06:48:00 AM,2026-09-06 07:59:00 PM,2026-09-07 06:49:00 AM,2026-09-06,2026-09-07 01:24:00 AM,2026-09-07 01:00:00 AM,2026-09-07 01:48:00 AM,False,False,False,False,False,True,True,False,False,,,False,True,,,,,False,False,False,,,,False,20,1,ASHTAMI_ROHINI_OVERLAP_THEN_NEXT_NISHITA,False,,1,,
2,2026-09-02,True,Kuwait,Al Asimah,Kuwait,Asia/Kuwait,285787,Kuwait City,05:26 AM,06:09 PM,"Shashthi upto 01:56 AM, Sep 03",Bharani upto 11:13 PM,Krishna Paksha,Budhawara,Shravana,Simha,,True,,2026-09-03 11:55:00 PM,2026-09-04 09:43:00 PM,2026-09-03 09:59:00 PM,2026-09-04 08:34:00 PM,2026-09-03: Saptami upto 11:55 PM,2026-09-04: Ashtami upto 09:43 PM,2026-09-03: Krittika upto 09:59 PM,2026-09-04: Rohini upto 08:34 PM,2026-09-03 11:55:00 PM,2026-09-04 08:34:00 PM,2026-09-02 05:26:00 AM,2026-09-02 06:09:00 PM,2026-09-03 05:26:00 AM,2026-09-02,2026-09-02 11:47:30 PM,2026-09-02 11:23:30 PM,2026-09-03 12:11:30 AM,False,False,False,False,False,True,False,False,False,,,True,False,,,,,False,False,False,,,,True,999,0,ASHTAMI_ROHINI_OVERLAP_WAIT_FOR_NEXT_NISHITA,True,"Ashtami and Rohini overlap, but this night's Nishita is not inside the overlap and is not after the overlap has ended. The Puja belongs to the first Nishita after the joint overlap ends.",0,,
2,2026-09-03,True,Kuwait,Al Asimah,Kuwait,Asia/Kuwait,285787,Kuwait City,05:26 AM,06:08 PM,Saptami upto 11:55 PM,Krittika upto 09:59 PM,Krishna Paksha,Guruwara,Shravana,Simha,,True,,2026-09-03 11:55:00 PM,2026-09-04 09:43:00 PM,2026-09-03 09:59:00 PM,2026-09-04 08:34:00 PM,2026-09-03: Saptami upto 11:55 PM,2026-09-04: Ashtami upto 09:43 PM,2026-09-03: Krittika upto 09:59 PM,2026-09-04: Rohini upto 08:34 PM,2026-09-03 11:55:00 PM,2026-09-04 08:34:00 PM,2026-09-03 05:26:00 AM,2026-09-03 06:08:00 PM,2026-09-04 05:27:00 AM,2026-09-03,2026-09-03 11:47:30 PM,2026-09-03 11:23:30 PM,2026-09-04 12:11:30 AM,False,False,True,True,False,True,False,True,False,2026-09-03 11:55:00 PM,2026-09-04 12:11:30 AM,True,True,,,,,False,False,False,,,,False,999,1,ASHTAMI_ROHINI_OVERLAP_WAIT_FOR_NEXT_NISHITA,True,"Ashtami and Rohini overlap, but this night's Nishita is not inside the overlap and is not after the overlap has ended. The Puja belongs to the first Nishita after the joint overlap ends.",0,,
2,2026-09-04,True,Kuwait,Al Asimah,Kuwait,Asia/Kuwait,285787,Kuwait City,05:27 AM,06:07 PM,Ashtami upto 09:43 PM,Rohini upto 08:34 PM,Krishna Paksha,Shukrawara,Shravana,Simha,,True,,2026-09-03 11:55:00 PM,2026-09-04 09:43:00 PM,2026-09-03 09:59:00 PM,2026-09-04 08:34:00 PM,2026-09-03: Saptami upto 11:55 PM,2026-09-04: Ashtami upto 09:43 PM,2026-09-03: Krittika upto 09:59 PM,2026-09-04: Rohini upto 08:34 PM,2026-09-03 11:55:00 PM,2026-09-04 08:34:00 PM,2026-09-04 05:27:00 AM,2026-09-04 06:07:00 PM,2026-09-05 05:28:00 AM,2026-09-04,2026-09-04 11:47:30 PM,2026-09-04 11:23:30 PM,2026-09-05 12:11:30 AM,True,False,False,True,False,True,True,False,False,,,False,True,,,,,False,False,False,,,,False,20,1,ASHTAMI_ROHINI_OVERLAP_THEN_NEXT_NISHITA,False,,0,,
2,2026-09-05,True,Kuwait,Al Asimah,Kuwait,Asia/Kuwait,285787,Kuwait City,05:28 AM,06:06 PM,Navami upto 07:23 PM,Mrigashira upto 07:00 PM,Krishna Paksha,Shaniwara,Shravana,Simha,,True,,2026-09-03 11:55:00 PM,2026-09-04 09:43:00 PM,2026-09-03 09:59:00 PM,2026-09-04 08:34:00 PM,2026-09-03: Saptami upto 11:55 PM,2026-09-04: Ashtami upto 09:43 PM,2026-09-03: Krittika upto 09:59 PM,2026-09-04: Rohini upto 08:34 PM,2026-09-03 11:55:00 PM,2026-09-04 08:34:00 PM,2026-09-05 05:28:00 AM,2026-09-05 06:06:00 PM,2026-09-06 05:28:00 AM,2026-09-05,2026-09-05 11:47:00 PM,2026-09-05 11:23:00 PM,2026-09-06 12:11:00 AM,False,False,False,False,False,True,True,False,False,,,False,True,,,,,False,False,False,,,,False,20,1,ASHTAMI_ROHINI_OVERLAP_THEN_NEXT_NISHITA,False,,0,,
2,2026-09-06,True,Kuwait,Al Asimah,Kuwait,Asia/Kuwait,285787,Kuwait City,05:28 AM,06:04 PM,Dashami upto 04:59 PM,Ardra upto 05:22 PM,Krishna Paksha,Raviwara,Shravana,Simha,,True,,2026-09-03 11:55:00 PM,2026-09-04 09:43:00 PM,2026-09-03 09:59:00 PM,2026-09-04 08:34:00 PM,2026-09-03: Saptami upto 11:55 PM,2026-09-04: Ashtami upto 09:43 PM,2026-09-03: Krittika upto 09:59 PM,2026-09-04: Rohini upto 08:34 PM,2026-09-03 11:55:00 PM,2026-09-04 08:34:00 PM,2026-09-06 05:28:00 AM,2026-09-06 06:04:00 PM,2026-09-07 05:29:00 AM,2026-09-06,2026-09-06 11:46:30 PM,2026-09-06 11:22:30 PM,2026-09-07 12:10:30 AM,False,False,False,False,False,True,True,False,False,,,False,True,,,,,False,False,False,,,,False,20,1,ASHTAMI_ROHINI_OVERLAP_THEN_NEXT_NISHITA,False,,0,,
3,2026-09-02,True,Coimbatore,Tamil Nadu,India,Asia/Kolkata,1273865,Coimbatore,06:12 AM,06:31 PM,"Shashthi upto 04:25 AM, Sep 03","Bharani upto 01:43 AM, Sep 03",Krishna Paksha,Budhawara,Shravana,Simha,,True,,2026-09-04 02:25:00 AM,2026-09-05 12:13:00 AM,2026-09-04 12:29:00 AM,2026-09-04 11:04:00 PM,"2026-09-03: Saptami upto 02:25 AM, Sep 04","2026-09-04: Ashtami upto 12:13 AM, Sep 05","2026-09-03: Krittika upto 12:29 AM, Sep 04",2026-09-04: Rohini upto 11:04 PM,2026-09-04 02:25:00 AM,2026-09-04 11:04:00 PM,2026-09-02 06:12:00 AM,2026-09-02 06:31:00 PM,2026-09-03 06:12:00 AM,2026-09-02,2026-09-03 12:21:30 AM,2026-09-02 11:57:30 PM,2026-09-03 12:45:30 AM,False,False,False,False,False,True,False,False,False,,,True,False,,,,,False,False,False,,,,True,999,0,ASHTAMI_ROHINI_OVERLAP_WAIT_FOR_NEXT_NISHITA,True,"Ashtami and Rohini overlap, but this night's Nishita is not inside the overlap and is not after the overlap has ended. The Puja belongs to the first Nishita after the joint overlap ends.",0,,
3,2026-09-03,True,Coimbatore,Tamil Nadu,India,Asia/Kolkata,1273865,Coimbatore,06:12 AM,06:31 PM,"Saptami upto 02:25 AM, Sep 04","Krittika upto 12:29 AM, Sep 04",Krishna Paksha,Guruwara,Shravana,Simha,,True,,2026-09-04 02:25:00 AM,2026-09-05 12:13:00 AM,2026-09-04 12:29:00 AM,2026-09-04 11:04:00 PM,"2026-09-03: Saptami upto 02:25 AM, Sep 04","2026-09-04: Ashtami upto 12:13 AM, Sep 05","2026-09-03: Krittika upto 12:29 AM, Sep 04",2026-09-04: Rohini upto 11:04 PM,2026-09-04 02:25:00 AM,2026-09-04 11:04:00 PM,2026-09-03 06:12:00 AM,2026-09-03 06:31:00 PM,2026-09-04 06:12:00 AM,2026-09-03,2026-09-04 12:21:30 AM,2026-09-03 11:57:30 PM,2026-09-04 12:45:30 AM,False,False,False,True,False,True,False,False,False,,,True,True,,,,,False,False,False,,,,False,999,1,ASHTAMI_ROHINI_OVERLAP_WAIT_FOR_NEXT_NISHITA,True,"Ashtami and Rohini overlap, but this night's Nishita is not inside the overlap and is not after the overlap has ended. The Puja belongs to the first Nishita after the joint overlap ends.",0,,
3,2026-09-04,True,Coimbatore,Tamil Nadu,India,Asia/Kolkata,1273865,Coimbatore,06:12 AM,06:30 PM,"Ashtami upto 12:13 AM, Sep 05",Rohini upto 11:04 PM,Krishna Paksha,Shukrawara,Shravana,Simha,,True,,2026-09-04 02:25:00 AM,2026-09-05 12:13:00 AM,2026-09-04 12:29:00 AM,2026-09-04 11:04:00 PM,"2026-09-03: Saptami upto 02:25 AM, Sep 04","2026-09-04: Ashtami upto 12:13 AM, Sep 05","2026-09-03: Krittika upto 12:29 AM, Sep 04",2026-09-04: Rohini upto 11:04 PM,2026-09-04 02:25:00 AM,2026-09-04 11:04:00 PM,2026-09-04 06:12:00 AM,2026-09-04 06:30:00 PM,2026-09-05 06:12:00 AM,2026-09-04,2026-09-05 12:21:00 AM,2026-09-04 11:57:00 PM,2026-09-05 12:45:00 AM,True,False,False,True,False,True,True,False,False,,,False,True,,,,,False,False,False,,,,False,20,1,ASHTAMI_ROHINI_OVERLAP_THEN_NEXT_NISHITA,False,,0,,
3,2026-09-05,True,Coimbatore,Tamil Nadu,India,Asia/Kolkata,1273865,Coimbatore,06:12 AM,06:29 PM,Navami upto 09:53 PM,Mrigashira upto 09:30 PM,Krishna Paksha,Shaniwara,Shravana,Simha,,True,,2026-09-04 02:25:00 AM,2026-09-05 12:13:00 AM,2026-09-04 12:29:00 AM,2026-09-04 11:04:00 PM,"2026-09-03: Saptami upto 02:25 AM, Sep 04","2026-09-04: Ashtami upto 12:13 AM, Sep 05","2026-09-03: Krittika upto 12:29 AM, Sep 04",2026-09-04: Rohini upto 11:04 PM,2026-09-04 02:25:00 AM,2026-09-04 11:04:00 PM,2026-09-05 06:12:00 AM,2026-09-05 06:29:00 PM,2026-09-06 06:12:00 AM,2026-09-05,2026-09-06 12:20:30 AM,2026-09-05 11:56:30 PM,2026-09-06 12:44:30 AM,False,False,False,False,False,True,True,False,False,,,False,True,,,,,False,False,False,,,,False,20,1,ASHTAMI_ROHINI_OVERLAP_THEN_NEXT_NISHITA,False,,0,,
3,2026-09-06,True,Coimbatore,Tamil Nadu,India,Asia/Kolkata,1273865,Coimbatore,06:12 AM,06:29 PM,Dashami upto 07:29 PM,Ardra upto 07:52 PM,Krishna Paksha,Raviwara,Shravana,Simha,,True,,2026-09-04 02:25:00 AM,2026-09-05 12:13:00 AM,2026-09-04 12:29:00 AM,2026-09-04 11:04:00 PM,"2026-09-03: Saptami upto 02:25 AM, Sep 04","2026-09-04: Ashtami upto 12:13 AM, Sep 05","2026-09-03: Krittika upto 12:29 AM, Sep 04",2026-09-04: Rohini upto 11:04 PM,2026-09-04 02:25:00 AM,2026-09-04 11:04:00 PM,2026-09-06 06:12:00 AM,2026-09-06 06:29:00 PM,2026-09-07 06:12:00 AM,2026-09-06,2026-09-07 12:20:30 AM,2026-09-06 11:56:30 PM,2026-09-07 12:44:30 AM,False,False,False,False,False,True,True,False,False,,,False,True,,,,,False,False,False,,,,False,20,1,ASHTAMI_ROHINI_OVERLAP_THEN_NEXT_NISHITA,False,,0,,
4,2026-09-02,True,Windsor,Ontario,Canada,America/New_York,6182962,Windsor,06:59 AM,08:04 PM,Shashthi upto 06:55 PM,Bharani upto 04:13 PM,Krishna Paksha,Budhawara,Shravana,Simha,,True,,2026-09-03 04:55:00 PM,2026-09-04 02:43:00 PM,2026-09-03 02:59:00 PM,2026-09-04 01:34:00 PM,2026-09-03: Saptami upto 04:55 PM,2026-09-04: Ashtami upto 02:43 PM,2026-09-03: Krittika upto 02:59 PM,2026-09-04: Rohini upto 01:34 PM,2026-09-03 04:55:00 PM,2026-09-04 01:34:00 PM,2026-09-02 06:59:00 AM,2026-09-02 08:04:00 PM,2026-09-03 07:00:00 AM,2026-09-02,2026-09-03 01:32:00 AM,2026-09-03 01:08:00 AM,2026-09-03 01:56:00 AM,False,False,False,False,False,True,False,False,False,,,True,False,,,,,False,False,False,,,,True,999,0,ASHTAMI_ROHINI_OVERLAP_WAIT_FOR_NEXT_NISHITA,True,"Ashtami and Rohini overlap, but this night's Nishita is not inside the overlap and is not after the overlap has ended. The Puja belongs to the first Nishita after the joint overlap ends.",1,,
4,2026-09-03,True,Windsor,Ontario,Canada,America/New_York,6182962,Windsor,07:00 AM,08:03 PM,Saptami upto 04:55 PM,Krittika upto 02:59 PM,Krishna Paksha,Guruwara,Shravana,Simha,,True,,2026-09-03 04:55:00 PM,2026-09-04 02:43:00 PM,2026-09-03 02:59:00 PM,2026-09-04 01:34:00 PM,2026-09-03: Saptami upto 04:55 PM,2026-09-04: Ashtami upto 02:43 PM,2026-09-03: Krittika upto 02:59 PM,2026-09-04: Rohini upto 01:34 PM,2026-09-03 04:55:00 PM,2026-09-04 01:34:00 PM,2026-09-03 07:00:00 AM,2026-09-03 08:03:00 PM,2026-09-04 07:01:00 AM,2026-09-03,2026-09-04 01:32:00 AM,2026-09-04 01:08:00 AM,2026-09-04 01:56:00 AM,False,True,True,True,True,True,False,True,True,2026-09-04 01:08:00 AM,2026-09-04 01:56:00 AM,True,True,,,,,False,False,False,,,,False,10,1,ASHTAMI_ROHINI_AT_NISHITA,False,,1,1,Only one Nishita falls inside the Ashtami-Rohini joint overlap.
4,2026-09-04,True,Windsor,Ontario,Canada,America/New_York,6182962,Windsor,07:01 AM,08:01 PM,Ashtami upto 02:43 PM,Rohini upto 01:34 PM,Krishna Paksha,Shukrawara,Shravana,Simha,,True,,2026-09-03 04:55:00 PM,2026-09-04 02:43:00 PM,2026-09-03 02:59:00 PM,2026-09-04 01:34:00 PM,2026-09-03: Saptami upto 04:55 PM,2026-09-04: Ashtami upto 02:43 PM,2026-09-03: Krittika upto 02:59 PM,2026-09-04: Rohini upto 01:34 PM,2026-09-03 04:55:00 PM,2026-09-04 01:34:00 PM,2026-09-04 07:01:00 AM,2026-09-04 08:01:00 PM,2026-09-05 07:02:00 AM,2026-09-04,2026-09-05 01:31:30 AM,2026-09-05 01:07:30 AM,2026-09-05 01:55:30 AM,True,False,False,True,False,True,True,False,False,,,False,True,,,,,False,False,False,,,,False,20,1,ASHTAMI_ROHINI_OVERLAP_THEN_NEXT_NISHITA,False,,1,,
4,2026-09-05,True,Windsor,Ontario,Canada,America/New_York,6182962,Windsor,07:02 AM,07:59 PM,Navami upto 12:23 PM,Mrigashira upto 12:00 PM,Krishna Paksha,Shaniwara,Shravana,Simha,,True,,2026-09-03 04:55:00 PM,2026-09-04 02:43:00 PM,2026-09-03 02:59:00 PM,2026-09-04 01:34:00 PM,2026-09-03: Saptami upto 04:55 PM,2026-09-04: Ashtami upto 02:43 PM,2026-09-03: Krittika upto 02:59 PM,2026-09-04: Rohini upto 01:34 PM,2026-09-03 04:55:00 PM,2026-09-04 01:34:00 PM,2026-09-05 07:02:00 AM,2026-09-05 07:59:00 PM,2026-09-06 07:03:00 AM,2026-09-05,2026-09-06 01:31:00 AM,2026-09-06 01:07:00 AM,2026-09-06 01:55:00 AM,False,False,False,False,False,True,True,False,False,,,False,True,,,,,False,False,False,,,,False,20,1,ASHTAMI_ROHINI_OVERLAP_THEN_NEXT_NISHITA,False,,1,,
4,2026-09-06,True,Windsor,Ontario,Canada,America/New_York,6182962,Windsor,07:03 AM,07:57 PM,Dashami upto 09:59 AM,Ardra upto 10:22 AM,Krishna Paksha,Raviwara,Shravana,Simha,,True,,2026-09-03 04:55:00 PM,2026-09-04 02:43:00 PM,2026-09-03 02:59:00 PM,2026-09-04 01:34:00 PM,2026-09-03: Saptami upto 04:55 PM,2026-09-04: Ashtami upto 02:43 PM,2026-09-03: Krittika upto 02:59 PM,2026-09-04: Rohini upto 01:34 PM,2026-09-03 04:55:00 PM,2026-09-04 01:34:00 PM,2026-09-06 07:03:00 AM,2026-09-06 07:57:00 PM,2026-09-07 07:04:00 AM,2026-09-06,2026-09-07 01:30:30 AM,2026-09-07 01:06:30 AM,2026-09-07 01:54:30 AM,False,False,False,False,False,True,True,False,False,,,False,True,,,,,False,False,False,,,,False,20,1,ASHTAMI_ROHINI_OVERLAP_THEN_NEXT_NISHITA,False,,1,,
5,2026-09-02,True,London,London,United Kingdom,Europe/London,2643743,London,06:15 AM,07:45 PM,Shashthi upto 11:55 PM,Bharani upto 09:13 PM,Krishna Paksha,Budhawara,Shravana,Simha,,True,,2026-09-03 09:55:00 PM,2026-09-04 07:43:00 PM,2026-09-03 07:59:00 PM,2026-09-04 06:34:00 PM,2026-09-03: Saptami upto 09:55 PM,2026-09-04: Ashtami upto 07:43 PM,2026-09-03: Krittika upto 07:59 PM,2026-09-04: Rohini upto 06:34 PM,2026-09-03 09:55:00 PM,2026-09-04 06:34:00 PM,2026-09-02 06:15:00 AM,2026-09-02 07:45:00 PM,2026-09-03 06:16:00 AM,2026-09-02,2026-09-03 01:00:30 AM,2026-09-03 12:36:30 AM,2026-09-03 01:24:30 AM,False,False,False,False,False,True,False,False,False,,,True,False,,,,,False,False,False,,,,True,999,0,ASHTAMI_ROHINI_OVERLAP_WAIT_FOR_NEXT_NISHITA,True,"Ashtami and Rohini overlap, but this night's Nishita is not inside the overlap and is not after the overlap has ended. The Puja belongs to the first Nishita after the joint overlap ends.",1,,
5,2026-09-03,True,London,London,United Kingdom,Europe/London,2643743,London,06:16 AM,07:43 PM,Saptami upto 09:55 PM,Krittika upto 07:59 PM,Krishna Paksha,Guruwara,Shravana,Simha,,True,,2026-09-03 09:55:00 PM,2026-09-04 07:43:00 PM,2026-09-03 07:59:00 PM,2026-09-04 06:34:00 PM,2026-09-03: Saptami upto 09:55 PM,2026-09-04: Ashtami upto 07:43 PM,2026-09-03: Krittika upto 07:59 PM,2026-09-04: Rohini upto 06:34 PM,2026-09-03 09:55:00 PM,2026-09-04 06:34:00 PM,2026-09-03 06:16:00 AM,2026-09-03 07:43:00 PM,2026-09-04 06:18:00 AM,2026-09-03,2026-09-04 01:00:30 AM,2026-09-04 12:36:30 AM,2026-09-04 01:24:30 AM,False,True,True,True,True,True,False,True,True,2026-09-04 12:36:30 AM,2026-09-04 01:24:30 AM,True,True,,,,,False,False,False,,,,False,10,1,ASHTAMI_ROHINI_AT_NISHITA,False,,1,1,Only one Nishita falls inside the Ashtami-Rohini joint overlap.
5,2026-09-04,True,London,London,United Kingdom,Europe/London,2643743,London,06:18 AM,07:40 PM,Ashtami upto 07:43 PM,Rohini upto 06:34 PM,Krishna Paksha,Shukrawara,Shravana,Simha,,True,,2026-09-03 09:55:00 PM,2026-09-04 07:43:00 PM,2026-09-03 07:59:00 PM,2026-09-04 06:34:00 PM,2026-09-03: Saptami upto 09:55 PM,2026-09-04: Ashtami upto 07:43 PM,2026-09-03: Krittika upto 07:59 PM,2026-09-04: Rohini upto 06:34 PM,2026-09-03 09:55:00 PM,2026-09-04 06:34:00 PM,2026-09-04 06:18:00 AM,2026-09-04 07:40:00 PM,2026-09-05 06:19:00 AM,2026-09-04,2026-09-05 12:59:30 AM,2026-09-05 12:35:30 AM,2026-09-05 01:23:30 AM,True,False,False,True,False,True,True,False,False,,,False,True,,,,,False,False,False,,,,False,20,1,ASHTAMI_ROHINI_OVERLAP_THEN_NEXT_NISHITA,False,,1,,
5,2026-09-05,True,London,London,United Kingdom,Europe/London,2643743,London,06:19 AM,07:38 PM,Navami upto 05:23 PM,Mrigashira upto 05:00 PM,Krishna Paksha,Shaniwara,Shravana,Simha,,True,,2026-09-03 09:55:00 PM,2026-09-04 07:43:00 PM,2026-09-03 07:59:00 PM,2026-09-04 06:34:00 PM,2026-09-03: Saptami upto 09:55 PM,2026-09-04: Ashtami upto 07:43 PM,2026-09-03: Krittika upto 07:59 PM,2026-09-04: Rohini upto 06:34 PM,2026-09-03 09:55:00 PM,2026-09-04 06:34:00 PM,2026-09-05 06:19:00 AM,2026-09-05 07:38:00 PM,2026-09-06 06:21:00 AM,2026-09-05,2026-09-06 12:59:30 AM,2026-09-06 12:35:30 AM,2026-09-06 01:23:30 AM,False,False,False,False,False,True,True,False,False,,,False,True,,,,,False,False,False,,,,False,20,1,ASHTAMI_ROHINI_OVERLAP_THEN_NEXT_NISHITA,False,,1,,
5,2026-09-06,True,London,London,United Kingdom,Europe/London,2643743,London,06:21 AM,07:36 PM,Dashami upto 02:59 PM,Ardra upto 03:22 PM,Krishna Paksha,Raviwara,Shravana,Simha,,True,,2026-09-03 09:55:00 PM,2026-09-04 07:43:00 PM,2026-09-03 07:59:00 PM,2026-09-04 06:34:00 PM,2026-09-03: Saptami upto 09:55 PM,2026-09-04: Ashtami upto 07:43 PM,2026-09-03: Krittika upto 07:59 PM,2026-09-04: Rohini upto 06:34 PM,2026-09-03 09:55:00 PM,2026-09-04 06:34:00 PM,2026-09-06 06:21:00 AM,2026-09-06 07:36:00 PM,2026-09-07 06:23:00 AM,2026-09-06,2026-09-07 12:59:30 AM,2026-09-07 12:35:30 AM,2026-09-07 01:23:30 AM,False,False,False,False,False,True,True,False,False,,,False,True,,,,,False,False,False,,,,False,20,1,ASHTAMI_ROHINI_OVERLAP_THEN_NEXT_NISHITA,False,,1,,
6,2026-09-02,True,Belgaum,Karnataka,India,Asia/Kolkata,1276533,Belgaum,06:19 AM,06:44 PM,"Shashthi upto 04:25 AM, Sep 03","Bharani upto 01:43 AM, Sep 03",Krishna Paksha,Budhawara,Shravana,Simha,,True,,2026-09-04 02:25:00 AM,2026-09-05 12:13:00 AM,2026-09-04 12:29:00 AM,2026-09-04 11:04:00 PM,"2026-09-03: Saptami upto 02:25 AM, Sep 04","2026-09-04: Ashtami upto 12:13 AM, Sep 05","2026-09-03: Krittika upto 12:29 AM, Sep 04",2026-09-04: Rohini upto 11:04 PM,2026-09-04 02:25:00 AM,2026-09-04 11:04:00 PM,2026-09-02 06:19:00 AM,2026-09-02 06:44:00 PM,2026-09-03 06:19:00 AM,2026-09-02,2026-09-03 12:31:30 AM,2026-09-03 12:07:30 AM,2026-09-03 12:55:30 AM,False,False,False,False,False,True,False,False,False,,,True,False,,,,,False,False,False,,,,True,999,0,ASHTAMI_ROHINI_OVERLAP_WAIT_FOR_NEXT_NISHITA,True,"Ashtami and Rohini overlap, but this night's Nishita is not inside the overlap and is not after the overlap has ended. The Puja belongs to the first Nishita after the joint overlap ends.",0,,
6,2026-09-03,True,Belgaum,Karnataka,India,Asia/Kolkata,1276533,Belgaum,06:19 AM,06:43 PM,"Saptami upto 02:25 AM, Sep 04","Krittika upto 12:29 AM, Sep 04",Krishna Paksha,Guruwara,Shravana,Simha,,True,,2026-09-04 02:25:00 AM,2026-09-05 12:13:00 AM,2026-09-04 12:29:00 AM,2026-09-04 11:04:00 PM,"2026-09-03: Saptami upto 02:25 AM, Sep 04","2026-09-04: Ashtami upto 12:13 AM, Sep 05","2026-09-03: Krittika upto 12:29 AM, Sep 04",2026-09-04: Rohini upto 11:04 PM,2026-09-04 02:25:00 AM,2026-09-04 11:04:00 PM,2026-09-03 06:19:00 AM,2026-09-03 06:43:00 PM,2026-09-04 06:19:00 AM,2026-09-03,2026-09-04 12:31:00 AM,2026-09-04 12:07:00 AM,2026-09-04 12:55:00 AM,False,False,True,True,False,True,False,False,False,,,True,True,,,,,False,False,False,,,,False,999,1,ASHTAMI_ROHINI_OVERLAP_WAIT_FOR_NEXT_NISHITA,True,"Ashtami and Rohini overlap, but this night's Nishita is not inside the overlap and is not after the overlap has ended. The Puja belongs to the first Nishita after the joint overlap ends.",0,,
6,2026-09-04,True,Belgaum,Karnataka,India,Asia/Kolkata,1276533,Belgaum,06:19 AM,06:42 PM,"Ashtami upto 12:13 AM, Sep 05",Rohini upto 11:04 PM,Krishna Paksha,Shukrawara,Shravana,Simha,,True,,2026-09-04 02:25:00 AM,2026-09-05 12:13:00 AM,2026-09-04 12:29:00 AM,2026-09-04 11:04:00 PM,"2026-09-03: Saptami upto 02:25 AM, Sep 04","2026-09-04: Ashtami upto 12:13 AM, Sep 05","2026-09-03: Krittika upto 12:29 AM, Sep 04",2026-09-04: Rohini upto 11:04 PM,2026-09-04 02:25:00 AM,2026-09-04 11:04:00 PM,2026-09-04 06:19:00 AM,2026-09-04 06:42:00 PM,2026-09-05 06:19:00 AM,2026-09-04,2026-09-05 12:30:30 AM,2026-09-05 12:06:30 AM,2026-09-05 12:54:30 AM,True,False,False,True,False,True,True,False,False,,,False,True,,,,,False,False,False,,,,False,20,1,ASHTAMI_ROHINI_OVERLAP_THEN_NEXT_NISHITA,False,,0,,
6,2026-09-05,True,Belgaum,Karnataka,India,Asia/Kolkata,1276533,Belgaum,06:19 AM,06:42 PM,Navami upto 09:53 PM,Mrigashira upto 09:30 PM,Krishna Paksha,Shaniwara,Shravana,Simha,,True,,2026-09-04 02:25:00 AM,2026-09-05 12:13:00 AM,2026-09-04 12:29:00 AM,2026-09-04 11:04:00 PM,"2026-09-03: Saptami upto 02:25 AM, Sep 04","2026-09-04: Ashtami upto 12:13 AM, Sep 05","2026-09-03: Krittika upto 12:29 AM, Sep 04",2026-09-04: Rohini upto 11:04 PM,2026-09-04 02:25:00 AM,2026-09-04 11:04:00 PM,2026-09-05 06:19:00 AM,2026-09-05 06:42:00 PM,2026-09-06 06:20:00 AM,2026-09-05,2026-09-06 12:31:00 AM,2026-09-06 12:07:00 AM,2026-09-06 12:55:00 AM,False,False,False,False,False,True,True,False,False,,,False,True,,,,,False,False,False,,,,False,20,1,ASHTAMI_ROHINI_OVERLAP_THEN_NEXT_NISHITA,False,,0,,
6,2026-09-06,True,Belgaum,Karnataka,India,Asia/Kolkata,1276533,Belgaum,06:20 AM,06:41 PM,Dashami upto 07:29 PM,Ardra upto 07:52 PM,Krishna Paksha,Raviwara,Shravana,Simha,,True,,2026-09-04 02:25:00 AM,2026-09-05 12:13:00 AM,2026-09-04 12:29:00 AM,2026-09-04 11:04:00 PM,"2026-09-03: Saptami upto 02:25 AM, Sep 04","2026-09-04: Ashtami upto 12:13 AM, Sep 05","2026-09-03: Krittika upto 12:29 AM, Sep 04",2026-09-04: Rohini upto 11:04 PM,2026-09-04 02:25:00 AM,2026-09-04 11:04:00 PM,2026-09-06 06:20:00 AM,2026-09-06 06:41:00 PM,2026-09-07 06:20:00 AM,2026-09-06,2026-09-07 12:30:30 AM,2026-09-07 12:06:30 AM,2026-09-07 12:54:30 AM,False,False,False,False,False,True,True,False,False,,,False,True,,,,,False,False,False,,,,False,20,1,ASHTAMI_ROHINI_OVERLAP_THEN_NEXT_NISHITA,False,,0,,
7,2026-09-02,True,Hubli,Karnataka,India,Asia/Kolkata,1269920,Hubli,06:17 AM,06:41 PM,"Shashthi upto 04:25 AM, Sep 03","Bharani upto 01:43 AM, Sep 03",Krishna Paksha,Budhawara,Shravana,Simha,,True,,2026-09-04 02:25:00 AM,2026-09-05 12:13:00 AM,2026-09-04 12:29:00 AM,2026-09-04 11:04:00 PM,"2026-09-03: Saptami upto 02:25 AM, Sep 04","2026-09-04: Ashtami upto 12:13 AM, Sep 05","2026-09-03: Krittika upto 12:29 AM, Sep 04",2026-09-04: Rohini upto 11:04 PM,2026-09-04 02:25:00 AM,2026-09-04 11:04:00 PM,2026-09-02 06:17:00 AM,2026-09-02 06:41:00 PM,2026-09-03 06:17:00 AM,2026-09-02,2026-09-03 12:29:00 AM,2026-09-03 12:05:00 AM,2026-09-03 12:53:00 AM,False,False,False,False,False,True,False,False,False,,,True,False,,,,,False,False,False,,,,True,999,0,ASHTAMI_ROHINI_OVERLAP_WAIT_FOR_NEXT_NISHITA,True,"Ashtami and Rohini overlap, but this night's Nishita is not inside the overlap and is not after the overlap has ended. The Puja belongs to the first Nishita after the joint overlap ends.",0,,
7,2026-09-03,True,Hubli,Karnataka,India,Asia/Kolkata,1269920,Hubli,06:17 AM,06:40 PM,"Saptami upto 02:25 AM, Sep 04","Krittika upto 12:29 AM, Sep 04",Krishna Paksha,Guruwara,Shravana,Simha,,True,,2026-09-04 02:25:00 AM,2026-09-05 12:13:00 AM,2026-09-04 12:29:00 AM,2026-09-04 11:04:00 PM,"2026-09-03: Saptami upto 02:25 AM, Sep 04","2026-09-04: Ashtami upto 12:13 AM, Sep 05","2026-09-03: Krittika upto 12:29 AM, Sep 04",2026-09-04: Rohini upto 11:04 PM,2026-09-04 02:25:00 AM,2026-09-04 11:04:00 PM,2026-09-03 06:17:00 AM,2026-09-03 06:40:00 PM,2026-09-04 06:17:00 AM,2026-09-03,2026-09-04 12:28:30 AM,2026-09-04 12:04:30 AM,2026-09-04 12:52:30 AM,False,False,False,True,False,True,False,False,False,,,True,True,,,,,False,False,False,,,,False,999,1,ASHTAMI_ROHINI_OVERLAP_WAIT_FOR_NEXT_NISHITA,True,"Ashtami and Rohini overlap, but this night's Nishita is not inside the overlap and is not after the overlap has ended. The Puja belongs to the first Nishita after the joint overlap ends.",0,,
7,2026-09-04,True,Hubli,Karnataka,India,Asia/Kolkata,1269920,Hubli,06:17 AM,06:40 PM,"Ashtami upto 12:13 AM, Sep 05",Rohini upto 11:04 PM,Krishna Paksha,Shukrawara,Shravana,Simha,,True,,2026-09-04 02:25:00 AM,2026-09-05 12:13:00 AM,2026-09-04 12:29:00 AM,2026-09-04 11:04:00 PM,"2026-09-03: Saptami upto 02:25 AM, Sep 04","2026-09-04: Ashtami upto 12:13 AM, Sep 05","2026-09-03: Krittika upto 12:29 AM, Sep 04",2026-09-04: Rohini upto 11:04 PM,2026-09-04 02:25:00 AM,2026-09-04 11:04:00 PM,2026-09-04 06:17:00 AM,2026-09-04 06:40:00 PM,2026-09-05 06:17:00 AM,2026-09-04,2026-09-05 12:28:30 AM,2026-09-05 12:04:30 AM,2026-09-05 12:52:30 AM,True,False,False,True,False,True,True,False,False,,,False,True,,,,,False,False,False,,,,False,20,1,ASHTAMI_ROHINI_OVERLAP_THEN_NEXT_NISHITA,False,,0,,
7,2026-09-05,True,Hubli,Karnataka,India,Asia/Kolkata,1269920,Hubli,06:17 AM,06:39 PM,Navami upto 09:53 PM,Mrigashira upto 09:30 PM,Krishna Paksha,Shaniwara,Shravana,Simha,,True,,2026-09-04 02:25:00 AM,2026-09-05 12:13:00 AM,2026-09-04 12:29:00 AM,2026-09-04 11:04:00 PM,"2026-09-03: Saptami upto 02:25 AM, Sep 04","2026-09-04: Ashtami upto 12:13 AM, Sep 05","2026-09-03: Krittika upto 12:29 AM, Sep 04",2026-09-04: Rohini upto 11:04 PM,2026-09-04 02:25:00 AM,2026-09-04 11:04:00 PM,2026-09-05 06:17:00 AM,2026-09-05 06:39:00 PM,2026-09-06 06:17:00 AM,2026-09-05,2026-09-06 12:28:00 AM,2026-09-06 12:04:00 AM,2026-09-06 12:52:00 AM,False,False,False,False,False,True,True,False,False,,,False,True,,,,,False,False,False,,,,False,20,1,ASHTAMI_ROHINI_OVERLAP_THEN_NEXT_NISHITA,False,,0,,
7,2026-09-06,True,Hubli,Karnataka,India,Asia/Kolkata,1269920,Hubli,06:17 AM,06:38 PM,Dashami upto 07:29 PM,Ardra upto 07:52 PM,Krishna Paksha,Raviwara,Shravana,Simha,,True,,2026-09-04 02:25:00 AM,2026-09-05 12:13:00 AM,2026-09-04 12:29:00 AM,2026-09-04 11:04:00 PM,"2026-09-03: Saptami upto 02:25 AM, Sep 04","2026-09-04: Ashtami upto 12:13 AM, Sep 05","2026-09-03: Krittika upto 12:29 AM, Sep 04",2026-09-04: Rohini upto 11:04 PM,2026-09-04 02:25:00 AM,2026-09-04 11:04:00 PM,2026-09-06 06:17:00 AM,2026-09-06 06:38:00 PM,2026-09-07 06:17:00 AM,2026-09-06,2026-09-07 12:27:30 AM,2026-09-07 12:03:30 AM,2026-09-07 12:51:30 AM,False,False,False,False,False,True,True,False,False,,,False,True,,,,,False,False,False,,,,False,20,1,ASHTAMI_ROHINI_OVERLAP_THEN_NEXT_NISHITA,False,,0,,
8,2026-09-02,True,Vancouver,British Columbia,Canada,America/Los_Angeles,6173331,Vancouver,06:31 AM,07:53 PM,Shashthi upto 03:55 PM,Bharani upto 01:13 PM,Krishna Paksha,Budhawara,Shravana,Simha,,True,,2026-09-03 01:55:00 PM,2026-09-04 11:43:00 AM,2026-09-03 11:59:00 AM,2026-09-04 10:34:00 AM,2026-09-03: Saptami upto 01:55 PM,2026-09-04: Ashtami upto 11:43 AM,2026-09-03: Krittika upto 11:59 AM,2026-09-04: Rohini upto 10:34 AM,2026-09-03 01:55:00 PM,2026-09-04 10:34:00 AM,2026-09-02 06:31:00 AM,2026-09-02 07:53:00 PM,2026-09-03 06:32:00 AM,2026-09-02,2026-09-03 01:12:30 AM,2026-09-03 12:48:30 AM,2026-09-03 01:36:30 AM,False,False,False,False,False,True,False,False,False,,,True,False,,,,,False,False,False,,,,True,999,0,ASHTAMI_ROHINI_OVERLAP_WAIT_FOR_NEXT_NISHITA,True,"Ashtami and Rohini overlap, but this night's Nishita is not inside the overlap and is not after the overlap has ended. The Puja belongs to the first Nishita after the joint overlap ends.",1,,
8,2026-09-03,True,Vancouver,British Columbia,Canada,America/Los_Angeles,6173331,Vancouver,06:32 AM,07:51 PM,Saptami upto 01:55 PM,Krittika upto 11:59 AM,Krishna Paksha,Guruwara,Shravana,Simha,,True,,2026-09-03 01:55:00 PM,2026-09-04 11:43:00 AM,2026-09-03 11:59:00 AM,2026-09-04 10:34:00 AM,2026-09-03: Saptami upto 01:55 PM,2026-09-04: Ashtami upto 11:43 AM,2026-09-03: Krittika upto 11:59 AM,2026-09-04: Rohini upto 10:34 AM,2026-09-03 01:55:00 PM,2026-09-04 10:34:00 AM,2026-09-03 06:32:00 AM,2026-09-03 07:51:00 PM,2026-09-04 06:33:00 AM,2026-09-03,2026-09-04 01:12:00 AM,2026-09-04 12:48:00 AM,2026-09-04 01:36:00 AM,False,True,True,True,True,True,False,True,True,2026-09-04 12:48:00 AM,2026-09-04 01:36:00 AM,True,True,,,,,False,False,False,,,,False,10,1,ASHTAMI_ROHINI_AT_NISHITA,False,,1,1,Only one Nishita falls inside the Ashtami-Rohini joint overlap.
8,2026-09-04,True,Vancouver,British Columbia,Canada,America/Los_Angeles,6173331,Vancouver,06:33 AM,07:49 PM,Ashtami upto 11:43 AM,Rohini upto 10:34 AM,Krishna Paksha,Shukrawara,Shravana,Simha,,True,,2026-09-03 01:55:00 PM,2026-09-04 11:43:00 AM,2026-09-03 11:59:00 AM,2026-09-04 10:34:00 AM,2026-09-03: Saptami upto 01:55 PM,2026-09-04: Ashtami upto 11:43 AM,2026-09-03: Krittika upto 11:59 AM,2026-09-04: Rohini upto 10:34 AM,2026-09-03 01:55:00 PM,2026-09-04 10:34:00 AM,2026-09-04 06:33:00 AM,2026-09-04 07:49:00 PM,2026-09-05 06:35:00 AM,2026-09-04,2026-09-05 01:12:00 AM,2026-09-05 12:48:00 AM,2026-09-05 01:36:00 AM,True,False,False,True,False,True,True,False,False,,,False,True,,,,,False,False,False,,,,False,20,1,ASHTAMI_ROHINI_OVERLAP_THEN_NEXT_NISHITA,False,,1,,
8,2026-09-05,True,Vancouver,British Columbia,Canada,America/Los_Angeles,6173331,Vancouver,06:35 AM,07:47 PM,Navami upto 09:23 AM,Mrigashira upto 09:00 AM,Krishna Paksha,Shaniwara,Shravana,Simha,,True,,2026-09-03 01:55:00 PM,2026-09-04 11:43:00 AM,2026-09-03 11:59:00 AM,2026-09-04 10:34:00 AM,2026-09-03: Saptami upto 01:55 PM,2026-09-04: Ashtami upto 11:43 AM,2026-09-03: Krittika upto 11:59 AM,2026-09-04: Rohini upto 10:34 AM,2026-09-03 01:55:00 PM,2026-09-04 10:34:00 AM,2026-09-05 06:35:00 AM,2026-09-05 07:47:00 PM,2026-09-06 06:36:00 AM,2026-09-05,2026-09-06 01:11:30 AM,2026-09-06 12:47:30 AM,2026-09-06 01:35:30 AM,False,False,False,False,False,True,True,False,False,,,False,True,,,,,False,False,False,,,,False,20,1,ASHTAMI_ROHINI_OVERLAP_THEN_NEXT_NISHITA,False,,1,,
8,2026-09-06,True,Vancouver,British Columbia,Canada,America/Los_Angeles,6173331,Vancouver,06:36 AM,07:44 PM,"Dashami upto 06:59 AM; Ekadashi upto 04:33 AM, Sep 07","Ardra upto 07:22 AM; Punarvasu upto 05:44 AM, Sep 07",Krishna Paksha,Raviwara,Shravana,Simha,,True,,2026-09-03 01:55:00 PM,2026-09-04 11:43:00 AM,2026-09-03 11:59:00 AM,2026-09-04 10:34:00 AM,2026-09-03: Saptami upto 01:55 PM,2026-09-04: Ashtami upto 11:43 AM,2026-09-03: Krittika upto 11:59 AM,2026-09-04: Rohini upto 10:34 AM,2026-09-03 01:55:00 PM,2026-09-04 10:34:00 AM,2026-09-06 06:36:00 AM,2026-09-06 07:44:00 PM,2026-09-07 06:38:00 AM,2026-09-06,2026-09-07 01:11:00 AM,2026-09-07 12:47:00 AM,2026-09-07 01:35:00 AM,False,False,False,False,False,True,True,False,False,,,False,True,,,,,False,False,False,,,,False,20,1,ASHTAMI_ROHINI_OVERLAP_THEN_NEXT_NISHITA,False,,1,,
9,2026-09-02,True,Belfast,New York,United States,America/New_York,5108728,Belmont,06:39 AM,07:44 PM,Shashthi upto 06:55 PM,Bharani upto 04:13 PM,Krishna Paksha,Budhawara,Shravana,Simha,,True,,2026-09-03 04:55:00 PM,2026-09-04 02:43:00 PM,2026-09-03 02:59:00 PM,2026-09-04 01:34:00 PM,2026-09-03: Saptami upto 04:55 PM,2026-09-04: Ashtami upto 02:43 PM,2026-09-03: Krittika upto 02:59 PM,2026-09-04: Rohini upto 01:34 PM,2026-09-03 04:55:00 PM,2026-09-04 01:34:00 PM,2026-09-02 06:39:00 AM,2026-09-02 07:44:00 PM,2026-09-03 06:40:00 AM,2026-09-02,2026-09-03 01:12:00 AM,2026-09-03 12:48:00 AM,2026-09-03 01:36:00 AM,False,False,False,False,False,True,False,False,False,,,True,False,,,,,False,False,False,,,,True,999,0,ASHTAMI_ROHINI_OVERLAP_WAIT_FOR_NEXT_NISHITA,True,"Ashtami and Rohini overlap, but this night's Nishita is not inside the overlap and is not after the overlap has ended. The Puja belongs to the first Nishita after the joint overlap ends.",1,,
9,2026-09-03,True,Belfast,New York,United States,America/New_York,5108728,Belmont,06:40 AM,07:43 PM,Saptami upto 04:55 PM,Krittika upto 02:59 PM,Krishna Paksha,Guruwara,Shravana,Simha,,True,,2026-09-03 04:55:00 PM,2026-09-04 02:43:00 PM,2026-09-03 02:59:00 PM,2026-09-04 01:34:00 PM,2026-09-03: Saptami upto 04:55 PM,2026-09-04: Ashtami upto 02:43 PM,2026-09-03: Krittika upto 02:59 PM,2026-09-04: Rohini upto 01:34 PM,2026-09-03 04:55:00 PM,2026-09-04 01:34:00 PM,2026-09-03 06:40:00 AM,2026-09-03 07:43:00 PM,2026-09-04 06:41:00 AM,2026-09-03,2026-09-04 01:12:00 AM,2026-09-04 12:48:00 AM,2026-09-04 01:36:00 AM,False,True,True,True,True,True,False,True,True,2026-09-04 12:48:00 AM,2026-09-04 01:36:00 AM,True,True,,,,,False,False,False,,,,False,10,1,ASHTAMI_ROHINI_AT_NISHITA,False,,1,1,Only one Nishita falls inside the Ashtami-Rohini joint overlap.
9,2026-09-04,True,Belfast,New York,United States,America/New_York,5108728,Belmont,06:41 AM,07:41 PM,Ashtami upto 02:43 PM,Rohini upto 01:34 PM,Krishna Paksha,Shukrawara,Shravana,Simha,,True,,2026-09-03 04:55:00 PM,2026-09-04 02:43:00 PM,2026-09-03 02:59:00 PM,2026-09-04 01:34:00 PM,2026-09-03: Saptami upto 04:55 PM,2026-09-04: Ashtami upto 02:43 PM,2026-09-03: Krittika upto 02:59 PM,2026-09-04: Rohini upto 01:34 PM,2026-09-03 04:55:00 PM,2026-09-04 01:34:00 PM,2026-09-04 06:41:00 AM,2026-09-04 07:41:00 PM,2026-09-05 06:42:00 AM,2026-09-04,2026-09-05 01:11:30 AM,2026-09-05 12:47:30 AM,2026-09-05 01:35:30 AM,True,False,False,True,False,True,True,False,False,,,False,True,,,,,False,False,False,,,,False,20,1,ASHTAMI_ROHINI_OVERLAP_THEN_NEXT_NISHITA,False,,1,,
9,2026-09-05,True,Belfast,New York,United States,America/New_York,5108728,Belmont,06:42 AM,07:39 PM,Navami upto 12:23 PM,Mrigashira upto 12:00 PM,Krishna Paksha,Shaniwara,Shravana,Simha,,True,,2026-09-03 04:55:00 PM,2026-09-04 02:43:00 PM,2026-09-03 02:59:00 PM,2026-09-04 01:34:00 PM,2026-09-03: Saptami upto 04:55 PM,2026-09-04: Ashtami upto 02:43 PM,2026-09-03: Krittika upto 02:59 PM,2026-09-04: Rohini upto 01:34 PM,2026-09-03 04:55:00 PM,2026-09-04 01:34:00 PM,2026-09-05 06:42:00 AM,2026-09-05 07:39:00 PM,2026-09-06 06:43:00 AM,2026-09-05,2026-09-06 01:11:00 AM,2026-09-06 12:47:00 AM,2026-09-06 01:35:00 AM,False,False,False,False,False,True,True,False,False,,,False,True,,,,,False,False,False,,,,False,20,1,ASHTAMI_ROHINI_OVERLAP_THEN_NEXT_NISHITA,False,,1,,
9,2026-09-06,True,Belfast,New York,United States,America/New_York,5108728,Belmont,06:43 AM,07:37 PM,Dashami upto 09:59 AM,Ardra upto 10:22 AM,Krishna Paksha,Raviwara,Shravana,Simha,,True,,2026-09-03 04:55:00 PM,2026-09-04 02:43:00 PM,2026-09-03 02:59:00 PM,2026-09-04 01:34:00 PM,2026-09-03: Saptami upto 04:55 PM,2026-09-04: Ashtami upto 02:43 PM,2026-09-03: Krittika upto 02:59 PM,2026-09-04: Rohini upto 01:34 PM,2026-09-03 04:55:00 PM,2026-09-04 01:34:00 PM,2026-09-06 06:43:00 AM,2026-09-06 07:37:00 PM,2026-09-07 06:44:00 AM,2026-09-06,2026-09-07 01:10:30 AM,2026-09-07 12:46:30 AM,2026-09-07 01:34:30 AM,False,False,False,False,False,True,True,False,False,,,False,True,,,,,False,False,False,,,,False,20,1,ASHTAMI_ROHINI_OVERLAP_THEN_NEXT_NISHITA,False,,1,,
10,2026-09-02,True,Seoul,Seoul,South Korea,Asia/Seoul,1835848,Seoul,06:03 AM,07:00 PM,Panchami upto 09:42 AM,"Ashwini upto 06:12 AM; Bharani upto 05:13 AM, Sep 03",Krishna Paksha,Budhawara,Shravana,Simha,,True,,2026-09-04 05:55:00 AM,2026-09-05 03:43:00 AM,2026-09-04 03:59:00 AM,2026-09-05 02:34:00 AM,"2026-09-03: Saptami upto 05:55 AM, Sep 04","2026-09-04: Ashtami upto 03:43 AM, Sep 05","2026-09-03: Krittika upto 03:59 AM, Sep 04","2026-09-04: Rohini upto 02:34 AM, Sep 05",2026-09-04 05:55:00 AM,2026-09-05 02:34:00 AM,2026-09-02 06:03:00 AM,2026-09-02 07:00:00 PM,2026-09-03 06:04:00 AM,2026-09-02,2026-09-03 12:32:00 AM,2026-09-03 12:08:00 AM,2026-09-03 12:56:00 AM,False,False,False,False,False,True,False,False,False,,,True,False,,,,,False,False,False,,,,True,999,0,ASHTAMI_ROHINI_OVERLAP_WAIT_FOR_NEXT_NISHITA,True,"Ashtami and Rohini overlap, but this night's Nishita is not inside the overlap and is not after the overlap has ended. The Puja belongs to the first Nishita after the joint overlap ends.",1,,
10,2026-09-03,True,Seoul,Seoul,South Korea,Asia/Seoul,1835848,Seoul,06:04 AM,06:59 PM,"Shashthi upto 07:55 AM; Saptami upto 05:55 AM, Sep 04","Krittika upto 03:59 AM, Sep 04",Krishna Paksha,Guruwara,Shravana,Simha,,True,,2026-09-04 05:55:00 AM,2026-09-05 03:43:00 AM,2026-09-04 03:59:00 AM,2026-09-05 02:34:00 AM,"2026-09-03: Saptami upto 05:55 AM, Sep 04","2026-09-04: Ashtami upto 03:43 AM, Sep 05","2026-09-03: Krittika upto 03:59 AM, Sep 04","2026-09-04: Rohini upto 02:34 AM, Sep 05",2026-09-04 05:55:00 AM,2026-09-05 02:34:00 AM,2026-09-03 06:04:00 AM,2026-09-03 06:59:00 PM,2026-09-04 06:04:00 AM,2026-09-03,2026-09-04 12:31:30 AM,2026-09-04 12:07:30 AM,2026-09-04 12:55:30 AM,False,False,False,True,False,True,False,False,False,,,True,True,,,,,False,False,False,,,,False,999,1,ASHTAMI_ROHINI_OVERLAP_WAIT_FOR_NEXT_NISHITA,True,"Ashtami and Rohini overlap, but this night's Nishita is not inside the overlap and is not after the overlap has ended. The Puja belongs to the first Nishita after the joint overlap ends.",1,,
10,2026-09-04,True,Seoul,Seoul,South Korea,Asia/Seoul,1835848,Seoul,06:04 AM,06:57 PM,"Ashtami upto 03:43 AM, Sep 05","Rohini upto 02:34 AM, Sep 05",Krishna Paksha,Shukrawara,Shravana,Simha,,True,,2026-09-04 05:55:00 AM,2026-09-05 03:43:00 AM,2026-09-04 03:59:00 AM,2026-09-05 02:34:00 AM,"2026-09-03: Saptami upto 05:55 AM, Sep 04","2026-09-04: Ashtami upto 03:43 AM, Sep 05","2026-09-03: Krittika upto 03:59 AM, Sep 04","2026-09-04: Rohini upto 02:34 AM, Sep 05",2026-09-04 05:55:00 AM,2026-09-05 02:34:00 AM,2026-09-04 06:04:00 AM,2026-09-04 06:57:00 PM,2026-09-05 06:05:00 AM,2026-09-04,2026-09-05 12:31:00 AM,2026-09-05 12:07:00 AM,2026-09-05 12:55:00 AM,True,True,True,True,True,True,False,True,True,2026-09-05 12:07:00 AM,2026-09-05 12:55:00 AM,False,True,,,,,False,False,False,,,,False,10,1,ASHTAMI_ROHINI_AT_NISHITA,False,,1,1,Only one Nishita falls inside the Ashtami-Rohini joint overlap.
10,2026-09-05,True,Seoul,Seoul,South Korea,Asia/Seoul,1835848,Seoul,06:05 AM,06:56 PM,"Navami upto 01:23 AM, Sep 06","Mrigashira upto 01:00 AM, Sep 06",Krishna Paksha,Shaniwara,Shravana,Simha,,True,,2026-09-04 05:55:00 AM,2026-09-05 03:43:00 AM,2026-09-04 03:59:00 AM,2026-09-05 02:34:00 AM,"2026-09-03: Saptami upto 05:55 AM, Sep 04","2026-09-04: Ashtami upto 03:43 AM, Sep 05","2026-09-03: Krittika upto 03:59 AM, Sep 04","2026-09-04: Rohini upto 02:34 AM, Sep 05",2026-09-04 05:55:00 AM,2026-09-05 02:34:00 AM,2026-09-05 06:05:00 AM,2026-09-05 06:56:00 PM,2026-09-06 06:06:00 AM,2026-09-05,2026-09-06 12:31:00 AM,2026-09-06 12:07:00 AM,2026-09-06 12:55:00 AM,False,False,False,False,False,True,True,False,False,,,False,True,,,,,False,False,False,,,,False,20,1,ASHTAMI_ROHINI_OVERLAP_THEN_NEXT_NISHITA,False,,1,,
10,2026-09-06,True,Seoul,Seoul,South Korea,Asia/Seoul,1835848,Seoul,06:06 AM,06:54 PM,Dashami upto 10:59 PM,Ardra upto 11:22 PM,Krishna Paksha,Raviwara,Shravana,Simha,,True,,2026-09-04 05:55:00 AM,2026-09-05 03:43:00 AM,2026-09-04 03:59:00 AM,2026-09-05 02:34:00 AM,"2026-09-03: Saptami upto 05:55 AM, Sep 04","2026-09-04: Ashtami upto 03:43 AM, Sep 05","2026-09-03: Krittika upto 03:59 AM, Sep 04","2026-09-04: Rohini upto 02:34 AM, Sep 05",2026-09-04 05:55:00 AM,2026-09-05 02:34:00 AM,2026-09-06 06:06:00 AM,2026-09-06 06:54:00 PM,2026-09-07 06:07:00 AM,2026-09-06,2026-09-07 12:30:30 AM,2026-09-07 12:06:30 AM,2026-09-07 12:54:30 AM,False,False,False,False,False,True,True,False,False,,,False,True,,,,,False,False,False,,,,False,20,1,ASHTAMI_ROHINI_OVERLAP_THEN_NEXT_NISHITA,False,,1,,
11,2026-09-02,True,Auckland,Auckland,New Zealand,Pacific/Auckland,2193733,Auckland,06:41 AM,06:01 PM,Panchami upto 12:42 PM,Ashwini upto 09:12 AM,Krishna Paksha,Budhawara,Shravana,Simha,,True,,2026-09-04 08:55:00 AM,2026-09-05 06:43:00 AM,2026-09-04 06:59:00 AM,2026-09-05 05:34:00 AM,2026-09-04: Saptami upto 08:55 AM,2026-09-05: Ashtami upto 06:43 AM,2026-09-04: Krittika upto 06:59 AM,"2026-09-04: Rohini upto 05:34 AM, Sep 05",2026-09-04 08:55:00 AM,2026-09-05 05:34:00 AM,2026-09-02 06:41:00 AM,2026-09-02 06:01:00 PM,2026-09-03 06:39:00 AM,2026-09-02,2026-09-03 12:20:00 AM,2026-09-02 11:56:00 PM,2026-09-03 12:44:00 AM,False,False,False,False,False,True,False,False,False,,,True,False,,,,,False,False,False,,,,True,999,0,ASHTAMI_ROHINI_OVERLAP_WAIT_FOR_NEXT_NISHITA,True,"Ashtami and Rohini overlap, but this night's Nishita is not inside the overlap and is not after the overlap has ended. The Puja belongs to the first Nishita after the joint overlap ends.",1,,
11,2026-09-03,True,Auckland,Auckland,New Zealand,Pacific/Auckland,2193733,Auckland,06:39 AM,06:02 PM,Shashthi upto 10:56 AM,Bharani upto 08:13 AM,Krishna Paksha,Guruwara,Shravana,Simha,,True,,2026-09-04 08:55:00 AM,2026-09-05 06:43:00 AM,2026-09-04 06:59:00 AM,2026-09-05 05:34:00 AM,2026-09-04: Saptami upto 08:55 AM,2026-09-05: Ashtami upto 06:43 AM,2026-09-04: Krittika upto 06:59 AM,"2026-09-04: Rohini upto 05:34 AM, Sep 05",2026-09-04 08:55:00 AM,2026-09-05 05:34:00 AM,2026-09-03 06:39:00 AM,2026-09-03 06:02:00 PM,2026-09-04 06:38:00 AM,2026-09-03,2026-09-04 12:20:00 AM,2026-09-03 11:56:00 PM,2026-09-04 12:44:00 AM,False,False,False,False,False,True,False,False,False,,,True,False,,,,,False,False,False,,,,False,999,1,ASHTAMI_ROHINI_OVERLAP_WAIT_FOR_NEXT_NISHITA,True,"Ashtami and Rohini overlap, but this night's Nishita is not inside the overlap and is not after the overlap has ended. The Puja belongs to the first Nishita after the joint overlap ends.",1,,
11,2026-09-04,True,Auckland,Auckland,New Zealand,Pacific/Auckland,2193733,Auckland,06:38 AM,06:03 PM,Saptami upto 08:55 AM,"Krittika upto 06:59 AM; Rohini upto 05:34 AM, Sep 05",Krishna Paksha,Shukrawara,Shravana,Simha,,True,,2026-09-04 08:55:00 AM,2026-09-05 06:43:00 AM,2026-09-04 06:59:00 AM,2026-09-05 05:34:00 AM,2026-09-04: Saptami upto 08:55 AM,2026-09-05: Ashtami upto 06:43 AM,2026-09-04: Krittika upto 06:59 AM,"2026-09-04: Rohini upto 05:34 AM, Sep 05",2026-09-04 08:55:00 AM,2026-09-05 05:34:00 AM,2026-09-04 06:38:00 AM,2026-09-04 06:03:00 PM,2026-09-05 06:37:00 AM,2026-09-04,2026-09-05 12:20:00 AM,2026-09-04 11:56:00 PM,2026-09-05 12:44:00 AM,False,True,True,True,True,True,False,True,True,2026-09-04 11:56:00 PM,2026-09-05 12:44:00 AM,True,True,,,,,False,False,False,,,,False,10,1,ASHTAMI_ROHINI_AT_NISHITA,False,,1,1,Only one Nishita falls inside the Ashtami-Rohini joint overlap.
11,2026-09-05,True,Auckland,Auckland,New Zealand,Pacific/Auckland,2193733,Auckland,06:37 AM,06:03 PM,"Ashtami upto 06:43 AM; Navami upto 04:23 AM, Sep 06","Mrigashira upto 04:00 AM, Sep 06",Krishna Paksha,Shaniwara,Shravana,Simha,,True,,2026-09-04 08:55:00 AM,2026-09-05 06:43:00 AM,2026-09-04 06:59:00 AM,2026-09-05 05:34:00 AM,2026-09-04: Saptami upto 08:55 AM,2026-09-05: Ashtami upto 06:43 AM,2026-09-04: Krittika upto 06:59 AM,"2026-09-04: Rohini upto 05:34 AM, Sep 05",2026-09-04 08:55:00 AM,2026-09-05 05:34:00 AM,2026-09-05 06:37:00 AM,2026-09-05 06:03:00 PM,2026-09-06 06:35:00 AM,2026-09-05,2026-09-06 12:19:00 AM,2026-09-05 11:55:00 PM,2026-09-06 12:43:00 AM,True,False,False,False,False,True,True,False,False,,,False,True,,,,,False,False,False,,,,False,20,1,ASHTAMI_ROHINI_OVERLAP_THEN_NEXT_NISHITA,False,,1,,
11,2026-09-06,True,Auckland,Auckland,New Zealand,Pacific/Auckland,2193733,Auckland,06:35 AM,06:04 PM,"Dashami upto 01:59 AM, Sep 07","Ardra upto 02:22 AM, Sep 07",Krishna Paksha,Raviwara,Shravana,Simha,,True,,2026-09-04 08:55:00 AM,2026-09-05 06:43:00 AM,2026-09-04 06:59:00 AM,2026-09-05 05:34:00 AM,2026-09-04: Saptami upto 08:55 AM,2026-09-05: Ashtami upto 06:43 AM,2026-09-04: Krittika upto 06:59 AM,"2026-09-04: Rohini upto 05:34 AM, Sep 05",2026-09-04 08:55:00 AM,2026-09-05 05:34:00 AM,2026-09-06 06:35:00 AM,2026-09-06 06:04:00 PM,2026-09-07 06:34:00 AM,2026-09-06,2026-09-07 12:19:00 AM,2026-09-06 11:55:00 PM,2026-09-07 12:43:00 AM,False,False,False,False,False,True,True,False,False,,,False,True,,,,,False,False,False,,,,False,20,1,ASHTAMI_ROHINI_OVERLAP_THEN_NEXT_NISHITA,False,,1,,
12,2026-09-02,True,Wellington,Wellington,New Zealand,Pacific/Auckland,2179537,Wellington,06:45 AM,05:57 PM,Panchami upto 12:42 PM,Ashwini upto 09:12 AM,Krishna Paksha,Budhawara,Shravana,Simha,,True,,2026-09-04 08:55:00 AM,2026-09-05 06:43:00 AM,2026-09-04 06:59:00 AM,2026-09-05 05:34:00 AM,2026-09-04: Saptami upto 08:55 AM,2026-09-05: Ashtami upto 06:43 AM,2026-09-04: Krittika upto 06:59 AM,"2026-09-04: Rohini upto 05:34 AM, Sep 05",2026-09-04 08:55:00 AM,2026-09-05 05:34:00 AM,2026-09-02 06:45:00 AM,2026-09-02 05:57:00 PM,2026-09-03 06:43:00 AM,2026-09-02,2026-09-03 12:20:00 AM,2026-09-02 11:56:00 PM,2026-09-03 12:44:00 AM,False,False,False,False,False,True,False,False,False,,,True,False,,,,,False,False,False,,,,True,999,0,ASHTAMI_ROHINI_OVERLAP_WAIT_FOR_NEXT_NISHITA,True,"Ashtami and Rohini overlap, but this night's Nishita is not inside the overlap and is not after the overlap has ended. The Puja belongs to the first Nishita after the joint overlap ends.",1,,
12,2026-09-03,True,Wellington,Wellington,New Zealand,Pacific/Auckland,2179537,Wellington,06:43 AM,05:58 PM,Shashthi upto 10:55 AM,Bharani upto 08:13 AM,Krishna Paksha,Guruwara,Shravana,Simha,,True,,2026-09-04 08:55:00 AM,2026-09-05 06:43:00 AM,2026-09-04 06:59:00 AM,2026-09-05 05:34:00 AM,2026-09-04: Saptami upto 08:55 AM,2026-09-05: Ashtami upto 06:43 AM,2026-09-04: Krittika upto 06:59 AM,"2026-09-04: Rohini upto 05:34 AM, Sep 05",2026-09-04 08:55:00 AM,2026-09-05 05:34:00 AM,2026-09-03 06:43:00 AM,2026-09-03 05:58:00 PM,2026-09-04 06:41:00 AM,2026-09-03,2026-09-04 12:19:30 AM,2026-09-03 11:55:30 PM,2026-09-04 12:43:30 AM,False,False,False,False,False,True,False,False,False,,,True,False,,,,,False,False,False,,,,False,999,1,ASHTAMI_ROHINI_OVERLAP_WAIT_FOR_NEXT_NISHITA,True,"Ashtami and Rohini overlap, but this night's Nishita is not inside the overlap and is not after the overlap has ended. The Puja belongs to the first Nishita after the joint overlap ends.",1,,
12,2026-09-04,True,Wellington,Wellington,New Zealand,Pacific/Auckland,2179537,Wellington,06:41 AM,05:59 PM,Saptami upto 08:55 AM,"Krittika upto 06:59 AM; Rohini upto 05:34 AM, Sep 05",Krishna Paksha,Shukrawara,Shravana,Simha,,True,,2026-09-04 08:55:00 AM,2026-09-05 06:43:00 AM,2026-09-04 06:59:00 AM,2026-09-05 05:34:00 AM,2026-09-04: Saptami upto 08:55 AM,2026-09-05: Ashtami upto 06:43 AM,2026-09-04: Krittika upto 06:59 AM,"2026-09-04: Rohini upto 05:34 AM, Sep 05",2026-09-04 08:55:00 AM,2026-09-05 05:34:00 AM,2026-09-04 06:41:00 AM,2026-09-04 05:59:00 PM,2026-09-05 06:40:00 AM,2026-09-04,2026-09-05 12:19:30 AM,2026-09-04 11:55:30 PM,2026-09-05 12:43:30 AM,False,True,True,True,True,True,False,True,True,2026-09-04 11:55:30 PM,2026-09-05 12:43:30 AM,True,True,,,,,False,False,False,,,,False,10,1,ASHTAMI_ROHINI_AT_NISHITA,False,,1,1,Only one Nishita falls inside the Ashtami-Rohini joint overlap.
12,2026-09-05,True,Wellington,Wellington,New Zealand,Pacific/Auckland,2179537,Wellington,06:40 AM,06:00 PM,"Ashtami upto 06:43 AM; Navami upto 04:23 AM, Sep 06","Mrigashira upto 04:00 AM, Sep 06",Krishna Paksha,Shaniwara,Shravana,Simha,,True,,2026-09-04 08:55:00 AM,2026-09-05 06:43:00 AM,2026-09-04 06:59:00 AM,2026-09-05 05:34:00 AM,2026-09-04: Saptami upto 08:55 AM,2026-09-05: Ashtami upto 06:43 AM,2026-09-04: Krittika upto 06:59 AM,"2026-09-04: Rohini upto 05:34 AM, Sep 05",2026-09-04 08:55:00 AM,2026-09-05 05:34:00 AM,2026-09-05 06:40:00 AM,2026-09-05 06:00:00 PM,2026-09-06 06:38:00 AM,2026-09-05,2026-09-06 12:19:00 AM,2026-09-05 11:55:00 PM,2026-09-06 12:43:00 AM,True,False,False,False,False,True,True,False,False,,,False,True,,,,,False,False,False,,,,False,20,1,ASHTAMI_ROHINI_OVERLAP_THEN_NEXT_NISHITA,False,,1,,
12,2026-09-06,True,Wellington,Wellington,New Zealand,Pacific/Auckland,2179537,Wellington,06:38 AM,06:01 PM,"Dashami upto 01:59 AM, Sep 07","Ardra upto 02:22 AM, Sep 07",Krishna Paksha,Raviwara,Shravana,Simha,,True,,2026-09-04 08:55:00 AM,2026-09-05 06:43:00 AM,2026-09-04 06:59:00 AM,2026-09-05 05:34:00 AM,2026-09-04: Saptami upto 08:55 AM,2026-09-05: Ashtami upto 06:43 AM,2026-09-04: Krittika upto 06:59 AM,"2026-09-04: Rohini upto 05:34 AM, Sep 05",2026-09-04 08:55:00 AM,2026-09-05 05:34:00 AM,2026-09-06 06:38:00 AM,2026-09-06 06:01:00 PM,2026-09-07 06:37:00 AM,2026-09-06,2026-09-07 12:19:00 AM,2026-09-06 11:55:00 PM,2026-09-07 12:43:00 AM,False,False,False,False,False,True,True,False,False,,,False,True,,,,,False,False,False,,,,False,20,1,ASHTAMI_ROHINI_OVERLAP_THEN_NEXT_NISHITA,False,,1,,
13,2026-09-02,True,Christchurch,Canterbury,New Zealand,Pacific/Auckland,2192362,Christchurch,06:55 AM,06:03 PM,Panchami upto 12:42 PM,Ashwini upto 09:12 AM,Krishna Paksha,Budhawara,Shravana,Simha,,True,,2026-09-04 08:55:00 AM,2026-09-05 06:43:00 AM,2026-09-04 06:59:00 AM,2026-09-05 05:34:00 AM,2026-09-04: Saptami upto 08:55 AM,"2026-09-04: Ashtami upto 06:43 AM, Sep 05",2026-09-04: Krittika upto 06:59 AM,"2026-09-04: Rohini upto 05:34 AM, Sep 05",2026-09-04 08:55:00 AM,2026-09-05 05:34:00 AM,2026-09-02 06:55:00 AM,2026-09-02 06:03:00 PM,2026-09-03 06:54:00 AM,2026-09-02,2026-09-03 12:28:30 AM,2026-09-03 12:04:30 AM,2026-09-03 12:52:30 AM,False,False,False,False,False,True,False,False,False,,,True,False,,,,,False,False,False,,,,True,999,0,ASHTAMI_ROHINI_OVERLAP_WAIT_FOR_NEXT_NISHITA,True,"Ashtami and Rohini overlap, but this night's Nishita is not inside the overlap and is not after the overlap has ended. The Puja belongs to the first Nishita after the joint overlap ends.",1,,
13,2026-09-03,True,Christchurch,Canterbury,New Zealand,Pacific/Auckland,2192362,Christchurch,06:54 AM,06:05 PM,Shashthi upto 10:55 AM,Bharani upto 08:13 AM,Krishna Paksha,Guruwara,Shravana,Simha,,True,,2026-09-04 08:55:00 AM,2026-09-05 06:43:00 AM,2026-09-04 06:59:00 AM,2026-09-05 05:34:00 AM,2026-09-04: Saptami upto 08:55 AM,"2026-09-04: Ashtami upto 06:43 AM, Sep 05",2026-09-04: Krittika upto 06:59 AM,"2026-09-04: Rohini upto 05:34 AM, Sep 05",2026-09-04 08:55:00 AM,2026-09-05 05:34:00 AM,2026-09-03 06:54:00 AM,2026-09-03 06:05:00 PM,2026-09-04 06:52:00 AM,2026-09-03,2026-09-04 12:28:30 AM,2026-09-04 12:04:30 AM,2026-09-04 12:52:30 AM,False,False,False,False,False,True,False,False,False,,,True,False,,,,,False,False,False,,,,False,999,1,ASHTAMI_ROHINI_OVERLAP_WAIT_FOR_NEXT_NISHITA,True,"Ashtami and Rohini overlap, but this night's Nishita is not inside the overlap and is not after the overlap has ended. The Puja belongs to the first Nishita after the joint overlap ends.",1,,
13,2026-09-04,True,Christchurch,Canterbury,New Zealand,Pacific/Auckland,2192362,Christchurch,06:52 AM,06:06 PM,"Saptami upto 08:55 AM; Ashtami upto 06:43 AM, Sep 05","Krittika upto 06:59 AM; Rohini upto 05:34 AM, Sep 05",Krishna Paksha,Shukrawara,Shravana,Simha,,True,,2026-09-04 08:55:00 AM,2026-09-05 06:43:00 AM,2026-09-04 06:59:00 AM,2026-09-05 05:34:00 AM,2026-09-04: Saptami upto 08:55 AM,"2026-09-04: Ashtami upto 06:43 AM, Sep 05",2026-09-04: Krittika upto 06:59 AM,"2026-09-04: Rohini upto 05:34 AM, Sep 05",2026-09-04 08:55:00 AM,2026-09-05 05:34:00 AM,2026-09-04 06:52:00 AM,2026-09-04 06:06:00 PM,2026-09-05 06:50:00 AM,2026-09-04,2026-09-05 12:28:00 AM,2026-09-05 12:04:00 AM,2026-09-05 12:52:00 AM,False,True,True,True,True,True,False,True,True,2026-09-05 12:04:00 AM,2026-09-05 12:52:00 AM,True,True,,,,,False,False,False,,,,False,10,1,ASHTAMI_ROHINI_AT_NISHITA,False,,1,1,Only one Nishita falls inside the Ashtami-Rohini joint overlap.
13,2026-09-05,True,Christchurch,Canterbury,New Zealand,Pacific/Auckland,2192362,Christchurch,06:50 AM,06:07 PM,"Navami upto 04:23 AM, Sep 06","Mrigashira upto 04:00 AM, Sep 06",Krishna Paksha,Shaniwara,Shravana,Simha,,True,,2026-09-04 08:55:00 AM,2026-09-05 06:43:00 AM,2026-09-04 06:59:00 AM,2026-09-05 05:34:00 AM,2026-09-04: Saptami upto 08:55 AM,"2026-09-04: Ashtami upto 06:43 AM, Sep 05",2026-09-04: Krittika upto 06:59 AM,"2026-09-04: Rohini upto 05:34 AM, Sep 05",2026-09-04 08:55:00 AM,2026-09-05 05:34:00 AM,2026-09-05 06:50:00 AM,2026-09-05 06:07:00 PM,2026-09-06 06:48:00 AM,2026-09-05,2026-09-06 12:27:30 AM,2026-09-06 12:03:30 AM,2026-09-06 12:51:30 AM,False,False,False,False,False,True,True,False,False,,,False,True,,,,,False,False,False,,,,False,20,1,ASHTAMI_ROHINI_OVERLAP_THEN_NEXT_NISHITA,False,,1,,
13,2026-09-06,True,Christchurch,Canterbury,New Zealand,Pacific/Auckland,2192362,Christchurch,06:48 AM,06:08 PM,"Dashami upto 01:59 AM, Sep 07","Ardra upto 02:22 AM, Sep 07",Krishna Paksha,Raviwara,Shravana,Simha,,True,,2026-09-04 08:55:00 AM,2026-09-05 06:43:00 AM,2026-09-04 06:59:00 AM,2026-09-05 05:34:00 AM,2026-09-04: Saptami upto 08:55 AM,"2026-09-04: Ashtami upto 06:43 AM, Sep 05",2026-09-04: Krittika upto 06:59 AM,"2026-09-04: Rohini upto 05:34 AM, Sep 05",2026-09-04 08:55:00 AM,2026-09-05 05:34:00 AM,2026-09-06 06:48:00 AM,2026-09-06 06:08:00 PM,2026-09-07 06:47:00 AM,2026-09-06,2026-09-07 12:27:30 AM,2026-09-07 12:03:30 AM,2026-09-07 12:51:30 AM,False,False,False,False,False,True,True,False,False,,,False,True,,,,,False,False,False,,,,False,20,1,ASHTAMI_ROHINI_OVERLAP_THEN_NEXT_NISHITA,False,,1,,
14,2026-09-02,True,Agartala,Tripura,India,Asia/Kolkata,1279290,Agartala,05:07 AM,05:42 PM,"Panchami upto 06:12 AM; Shashthi upto 04:25 AM, Sep 03","Bharani upto 01:43 AM, Sep 03",Krishna Paksha,Budhawara,Shravana,Simha,,True,,2026-09-04 02:25:00 AM,2026-09-05 12:13:00 AM,2026-09-04 12:29:00 AM,2026-09-04 11:04:00 PM,"2026-09-03: Saptami upto 02:25 AM, Sep 04","2026-09-04: Ashtami upto 12:13 AM, Sep 05","2026-09-03: Krittika upto 12:29 AM, Sep 04",2026-09-04: Rohini upto 11:04 PM,2026-09-04 02:25:00 AM,2026-09-04 11:04:00 PM,2026-09-02 05:07:00 AM,2026-09-02 05:42:00 PM,2026-09-03 05:07:00 AM,2026-09-02,2026-09-02 11:24:30 PM,2026-09-02 11:00:30 PM,2026-09-02 11:48:30 PM,False,False,False,False,False,True,False,False,False,,,True,False,,,,,False,False,False,,,,True,999,0,ASHTAMI_ROHINI_OVERLAP_WAIT_FOR_NEXT_NISHITA,True,"Ashtami and Rohini overlap, but this night's Nishita is not inside the overlap and is not after the overlap has ended. The Puja belongs to the first Nishita after the joint overlap ends.",0,,
14,2026-09-03,True,Agartala,Tripura,India,Asia/Kolkata,1279290,Agartala,05:07 AM,05:41 PM,"Saptami upto 02:25 AM, Sep 04","Krittika upto 12:29 AM, Sep 04",Krishna Paksha,Guruwara,Shravana,Simha,,True,,2026-09-04 02:25:00 AM,2026-09-05 12:13:00 AM,2026-09-04 12:29:00 AM,2026-09-04 11:04:00 PM,"2026-09-03: Saptami upto 02:25 AM, Sep 04","2026-09-04: Ashtami upto 12:13 AM, Sep 05","2026-09-03: Krittika upto 12:29 AM, Sep 04",2026-09-04: Rohini upto 11:04 PM,2026-09-04 02:25:00 AM,2026-09-04 11:04:00 PM,2026-09-03 05:07:00 AM,2026-09-03 05:41:00 PM,2026-09-04 05:07:00 AM,2026-09-03,2026-09-03 11:24:00 PM,2026-09-03 11:00:00 PM,2026-09-03 11:48:00 PM,False,False,False,True,False,True,False,False,False,,,True,True,,,,,False,False,False,,,,False,999,1,ASHTAMI_ROHINI_OVERLAP_WAIT_FOR_NEXT_NISHITA,True,"Ashtami and Rohini overlap, but this night's Nishita is not inside the overlap and is not after the overlap has ended. The Puja belongs to the first Nishita after the joint overlap ends.",0,,
14,2026-09-04,True,Agartala,Tripura,India,Asia/Kolkata,1279290,Agartala,05:07 AM,05:40 PM,"Ashtami upto 12:13 AM, Sep 05",Rohini upto 11:04 PM,Krishna Paksha,Shukrawara,Shravana,Simha,,True,,2026-09-04 02:25:00 AM,2026-09-05 12:13:00 AM,2026-09-04 12:29:00 AM,2026-09-04 11:04:00 PM,"2026-09-03: Saptami upto 02:25 AM, Sep 04","2026-09-04: Ashtami upto 12:13 AM, Sep 05","2026-09-03: Krittika upto 12:29 AM, Sep 04",2026-09-04: Rohini upto 11:04 PM,2026-09-04 02:25:00 AM,2026-09-04 11:04:00 PM,2026-09-04 05:07:00 AM,2026-09-04 05:40:00 PM,2026-09-05 05:08:00 AM,2026-09-04,2026-09-04 11:24:00 PM,2026-09-04 11:00:00 PM,2026-09-04 11:48:00 PM,True,True,False,True,False,True,True,True,False,2026-09-04 11:00:00 PM,2026-09-04 11:04:00 PM,False,True,,,,,False,False,False,,,,False,20,1,ASHTAMI_ROHINI_OVERLAP_THEN_NEXT_NISHITA,False,,0,,
14,2026-09-05,True,Agartala,Tripura,India,Asia/Kolkata,1279290,Agartala,05:08 AM,05:39 PM,Navami upto 09:53 PM,Mrigashira upto 09:30 PM,Krishna Paksha,Shaniwara,Shravana,Simha,,True,,2026-09-04 02:25:00 AM,2026-09-05 12:13:00 AM,2026-09-04 12:29:00 AM,2026-09-04 11:04:00 PM,"2026-09-03: Saptami upto 02:25 AM, Sep 04","2026-09-04: Ashtami upto 12:13 AM, Sep 05","2026-09-03: Krittika upto 12:29 AM, Sep 04",2026-09-04: Rohini upto 11:04 PM,2026-09-04 02:25:00 AM,2026-09-04 11:04:00 PM,2026-09-05 05:08:00 AM,2026-09-05 05:39:00 PM,2026-09-06 05:08:00 AM,2026-09-05,2026-09-05 11:23:30 PM,2026-09-05 10:59:30 PM,2026-09-05 11:47:30 PM,False,False,False,False,False,True,True,False,False,,,False,True,,,,,False,False,False,,,,False,20,1,ASHTAMI_ROHINI_OVERLAP_THEN_NEXT_NISHITA,False,,0,,
14,2026-09-06,True,Agartala,Tripura,India,Asia/Kolkata,1279290,Agartala,05:08 AM,05:38 PM,Dashami upto 07:29 PM,Ardra upto 07:52 PM,Krishna Paksha,Raviwara,Shravana,Simha,,True,,2026-09-04 02:25:00 AM,2026-09-05 12:13:00 AM,2026-09-04 12:29:00 AM,2026-09-04 11:04:00 PM,"2026-09-03: Saptami upto 02:25 AM, Sep 04","2026-09-04: Ashtami upto 12:13 AM, Sep 05","2026-09-03: Krittika upto 12:29 AM, Sep 04",2026-09-04: Rohini upto 11:04 PM,2026-09-04 02:25:00 AM,2026-09-04 11:04:00 PM,2026-09-06 05:08:00 AM,2026-09-06 05:38:00 PM,2026-09-07 05:08:00 AM,2026-09-06,2026-09-06 11:23:00 PM,2026-09-06 10:59:00 PM,2026-09-06 11:47:00 PM,False,False,False,False,False,True,True,False,False,,,False,True,,,,,False,False,False,,,,False,20,1,ASHTAMI_ROHINI_OVERLAP_THEN_NEXT_NISHITA,False,,0,,
15,2026-09-02,True,Guwahati,Assam,India,Asia/Kolkata,1271476,Guwahati,05:03 AM,05:42 PM,"Panchami upto 06:12 AM; Shashthi upto 04:25 AM, Sep 03","Bharani upto 01:43 AM, Sep 03",Krishna Paksha,Budhawara,Shravana,Simha,,True,,2026-09-04 02:25:00 AM,2026-09-05 12:13:00 AM,2026-09-04 12:29:00 AM,2026-09-04 11:04:00 PM,"2026-09-03: Saptami upto 02:25 AM, Sep 04","2026-09-04: Ashtami upto 12:13 AM, Sep 05","2026-09-03: Krittika upto 12:29 AM, Sep 04",2026-09-04: Rohini upto 11:04 PM,2026-09-04 02:25:00 AM,2026-09-04 11:04:00 PM,2026-09-02 05:03:00 AM,2026-09-02 05:42:00 PM,2026-09-03 05:04:00 AM,2026-09-02,2026-09-02 11:23:00 PM,2026-09-02 10:59:00 PM,2026-09-02 11:47:00 PM,False,False,False,False,False,True,False,False,False,,,True,False,,,,,False,False,False,,,,True,999,0,ASHTAMI_ROHINI_OVERLAP_WAIT_FOR_NEXT_NISHITA,True,"Ashtami and Rohini overlap, but this night's Nishita is not inside the overlap and is not after the overlap has ended. The Puja belongs to the first Nishita after the joint overlap ends.",0,,
15,2026-09-03,True,Guwahati,Assam,India,Asia/Kolkata,1271476,Guwahati,05:04 AM,05:41 PM,"Saptami upto 02:25 AM, Sep 04","Krittika upto 12:29 AM, Sep 04",Krishna Paksha,Guruwara,Shravana,Simha,,True,,2026-09-04 02:25:00 AM,2026-09-05 12:13:00 AM,2026-09-04 12:29:00 AM,2026-09-04 11:04:00 PM,"2026-09-03: Saptami upto 02:25 AM, Sep 04","2026-09-04: Ashtami upto 12:13 AM, Sep 05","2026-09-03: Krittika upto 12:29 AM, Sep 04",2026-09-04: Rohini upto 11:04 PM,2026-09-04 02:25:00 AM,2026-09-04 11:04:00 PM,2026-09-03 05:04:00 AM,2026-09-03 05:41:00 PM,2026-09-04 05:04:00 AM,2026-09-03,2026-09-03 11:22:30 PM,2026-09-03 10:58:30 PM,2026-09-03 11:46:30 PM,False,False,False,True,False,True,False,False,False,,,True,True,,,,,False,False,False,,,,False,999,1,ASHTAMI_ROHINI_OVERLAP_WAIT_FOR_NEXT_NISHITA,True,"Ashtami and Rohini overlap, but this night's Nishita is not inside the overlap and is not after the overlap has ended. The Puja belongs to the first Nishita after the joint overlap ends.",0,,
15,2026-09-04,True,Guwahati,Assam,India,Asia/Kolkata,1271476,Guwahati,05:04 AM,05:40 PM,"Ashtami upto 12:13 AM, Sep 05",Rohini upto 11:04 PM,Krishna Paksha,Shukrawara,Shravana,Simha,,True,,2026-09-04 02:25:00 AM,2026-09-05 12:13:00 AM,2026-09-04 12:29:00 AM,2026-09-04 11:04:00 PM,"2026-09-03: Saptami upto 02:25 AM, Sep 04","2026-09-04: Ashtami upto 12:13 AM, Sep 05","2026-09-03: Krittika upto 12:29 AM, Sep 04",2026-09-04: Rohini upto 11:04 PM,2026-09-04 02:25:00 AM,2026-09-04 11:04:00 PM,2026-09-04 05:04:00 AM,2026-09-04 05:40:00 PM,2026-09-05 05:04:00 AM,2026-09-04,2026-09-04 11:22:00 PM,2026-09-04 10:58:00 PM,2026-09-04 11:46:00 PM,True,True,False,True,False,True,True,True,False,2026-09-04 10:58:00 PM,2026-09-04 11:04:00 PM,False,True,,,,,False,False,False,,,,False,20,1,ASHTAMI_ROHINI_OVERLAP_THEN_NEXT_NISHITA,False,,0,,
15,2026-09-05,True,Guwahati,Assam,India,Asia/Kolkata,1271476,Guwahati,05:04 AM,05:39 PM,Navami upto 09:53 PM,Mrigashira upto 09:30 PM,Krishna Paksha,Shaniwara,Shravana,Simha,,True,,2026-09-04 02:25:00 AM,2026-09-05 12:13:00 AM,2026-09-04 12:29:00 AM,2026-09-04 11:04:00 PM,"2026-09-03: Saptami upto 02:25 AM, Sep 04","2026-09-04: Ashtami upto 12:13 AM, Sep 05","2026-09-03: Krittika upto 12:29 AM, Sep 04",2026-09-04: Rohini upto 11:04 PM,2026-09-04 02:25:00 AM,2026-09-04 11:04:00 PM,2026-09-05 05:04:00 AM,2026-09-05 05:39:00 PM,2026-09-06 05:05:00 AM,2026-09-05,2026-09-05 11:22:00 PM,2026-09-05 10:58:00 PM,2026-09-05 11:46:00 PM,False,False,False,False,False,True,True,False,False,,,False,True,,,,,False,False,False,,,,False,20,1,ASHTAMI_ROHINI_OVERLAP_THEN_NEXT_NISHITA,False,,0,,
15,2026-09-06,True,Guwahati,Assam,India,Asia/Kolkata,1271476,Guwahati,05:05 AM,05:38 PM,Dashami upto 07:29 PM,Ardra upto 07:52 PM,Krishna Paksha,Raviwara,Shravana,Simha,,True,,2026-09-04 02:25:00 AM,2026-09-05 12:13:00 AM,2026-09-04 12:29:00 AM,2026-09-04 11:04:00 PM,"2026-09-03: Saptami upto 02:25 AM, Sep 04","2026-09-04: Ashtami upto 12:13 AM, Sep 05","2026-09-03: Krittika upto 12:29 AM, Sep 04",2026-09-04: Rohini upto 11:04 PM,2026-09-04 02:25:00 AM,2026-09-04 11:04:00 PM,2026-09-06 05:05:00 AM,2026-09-06 05:38:00 PM,2026-09-07 05:05:00 AM,2026-09-06,2026-09-06 11:21:30 PM,2026-09-06 10:57:30 PM,2026-09-06 11:45:30 PM,False,False,False,False,False,True,True,False,False,,,False,True,,,,,False,False,False,,,,False,20,1,ASHTAMI_ROHINI_OVERLAP_THEN_NEXT_NISHITA,False,,0,,
16,2026-09-02,True,Shiliguri,West Bengal,India,Asia/Kolkata,1256525,Shiliguri,05:16 AM,05:55 PM,"Panchami upto 06:12 AM; Shashthi upto 04:25 AM, Sep 03","Bharani upto 01:43 AM, Sep 03",Krishna Paksha,Budhawara,Shravana,Simha,,True,,2026-09-04 02:25:00 AM,2026-09-05 12:13:00 AM,2026-09-04 12:29:00 AM,2026-09-04 11:04:00 PM,"2026-09-03: Saptami upto 02:25 AM, Sep 04","2026-09-04: Ashtami upto 12:13 AM, Sep 05","2026-09-03: Krittika upto 12:29 AM, Sep 04",2026-09-04: Rohini upto 11:04 PM,2026-09-04 02:25:00 AM,2026-09-04 11:04:00 PM,2026-09-02 05:16:00 AM,2026-09-02 05:55:00 PM,2026-09-03 05:17:00 AM,2026-09-02,2026-09-02 11:36:00 PM,2026-09-02 11:12:00 PM,2026-09-03 12:00:00 AM,False,False,False,False,False,True,False,False,False,,,True,False,,,,,False,False,False,,,,True,999,0,ASHTAMI_ROHINI_OVERLAP_WAIT_FOR_NEXT_NISHITA,True,"Ashtami and Rohini overlap, but this night's Nishita is not inside the overlap and is not after the overlap has ended. The Puja belongs to the first Nishita after the joint overlap ends.",0,,
16,2026-09-03,True,Shiliguri,West Bengal,India,Asia/Kolkata,1256525,Shiliguri,05:17 AM,05:54 PM,"Saptami upto 02:25 AM, Sep 04","Krittika upto 12:29 AM, Sep 04",Krishna Paksha,Guruwara,Shravana,Simha,,True,,2026-09-04 02:25:00 AM,2026-09-05 12:13:00 AM,2026-09-04 12:29:00 AM,2026-09-04 11:04:00 PM,"2026-09-03: Saptami upto 02:25 AM, Sep 04","2026-09-04: Ashtami upto 12:13 AM, Sep 05","2026-09-03: Krittika upto 12:29 AM, Sep 04",2026-09-04: Rohini upto 11:04 PM,2026-09-04 02:25:00 AM,2026-09-04 11:04:00 PM,2026-09-03 05:17:00 AM,2026-09-03 05:54:00 PM,2026-09-04 05:17:00 AM,2026-09-03,2026-09-03 11:35:30 PM,2026-09-03 11:11:30 PM,2026-09-03 11:59:30 PM,False,False,False,True,False,True,False,False,False,,,True,True,,,,,False,False,False,,,,False,999,1,ASHTAMI_ROHINI_OVERLAP_WAIT_FOR_NEXT_NISHITA,True,"Ashtami and Rohini overlap, but this night's Nishita is not inside the overlap and is not after the overlap has ended. The Puja belongs to the first Nishita after the joint overlap ends.",0,,
16,2026-09-04,True,Shiliguri,West Bengal,India,Asia/Kolkata,1256525,Shiliguri,05:17 AM,05:53 PM,"Ashtami upto 12:13 AM, Sep 05",Rohini upto 11:04 PM,Krishna Paksha,Shukrawara,Shravana,Simha,,True,,2026-09-04 02:25:00 AM,2026-09-05 12:13:00 AM,2026-09-04 12:29:00 AM,2026-09-04 11:04:00 PM,"2026-09-03: Saptami upto 02:25 AM, Sep 04","2026-09-04: Ashtami upto 12:13 AM, Sep 05","2026-09-03: Krittika upto 12:29 AM, Sep 04",2026-09-04: Rohini upto 11:04 PM,2026-09-04 02:25:00 AM,2026-09-04 11:04:00 PM,2026-09-04 05:17:00 AM,2026-09-04 05:53:00 PM,2026-09-05 05:17:00 AM,2026-09-04,2026-09-04 11:35:00 PM,2026-09-04 11:11:00 PM,2026-09-04 11:59:00 PM,True,True,False,True,False,True,True,False,False,,,False,True,,,,,False,False,False,,,,False,20,1,ASHTAMI_ROHINI_OVERLAP_THEN_NEXT_NISHITA,False,,0,,
16,2026-09-05,True,Shiliguri,West Bengal,India,Asia/Kolkata,1256525,Shiliguri,05:17 AM,05:52 PM,Navami upto 09:53 PM,Mrigashira upto 09:30 PM,Krishna Paksha,Shaniwara,Shravana,Simha,,True,,2026-09-04 02:25:00 AM,2026-09-05 12:13:00 AM,2026-09-04 12:29:00 AM,2026-09-04 11:04:00 PM,"2026-09-03: Saptami upto 02:25 AM, Sep 04","2026-09-04: Ashtami upto 12:13 AM, Sep 05","2026-09-03: Krittika upto 12:29 AM, Sep 04",2026-09-04: Rohini upto 11:04 PM,2026-09-04 02:25:00 AM,2026-09-04 11:04:00 PM,2026-09-05 05:17:00 AM,2026-09-05 05:52:00 PM,2026-09-06 05:18:00 AM,2026-09-05,2026-09-05 11:35:00 PM,2026-09-05 11:11:00 PM,2026-09-05 11:59:00 PM,False,False,False,False,False,True,True,False,False,,,False,True,,,,,False,False,False,,,,False,20,1,ASHTAMI_ROHINI_OVERLAP_THEN_NEXT_NISHITA,False,,0,,
16,2026-09-06,True,Shiliguri,West Bengal,India,Asia/Kolkata,1256525,Shiliguri,05:18 AM,05:51 PM,Dashami upto 07:29 PM,Ardra upto 07:52 PM,Krishna Paksha,Raviwara,Shravana,Simha,,True,,2026-09-04 02:25:00 AM,2026-09-05 12:13:00 AM,2026-09-04 12:29:00 AM,2026-09-04 11:04:00 PM,"2026-09-03: Saptami upto 02:25 AM, Sep 04","2026-09-04: Ashtami upto 12:13 AM, Sep 05","2026-09-03: Krittika upto 12:29 AM, Sep 04",2026-09-04: Rohini upto 11:04 PM,2026-09-04 02:25:00 AM,2026-09-04 11:04:00 PM,2026-09-06 05:18:00 AM,2026-09-06 05:51:00 PM,2026-09-07 05:18:00 AM,2026-09-06,2026-09-06 11:34:30 PM,2026-09-06 11:10:30 PM,2026-09-06 11:58:30 PM,False,False,False,False,False,True,True,False,False,,,False,True,,,,,False,False,False,,,,False,20,1,ASHTAMI_ROHINI_OVERLAP_THEN_NEXT_NISHITA,False,,0,,
17,2026-09-02,True,Aizawl,Mizoram,India,Asia/Kolkata,1279186,Aizawl,05:01 AM,05:36 PM,"Panchami upto 06:12 AM; Shashthi upto 04:26 AM, Sep 03","Bharani upto 01:43 AM, Sep 03",Krishna Paksha,Budhawara,Shravana,Simha,,True,,2026-09-04 02:25:00 AM,2026-09-05 12:13:00 AM,2026-09-04 12:29:00 AM,2026-09-04 11:04:00 PM,"2026-09-03: Saptami upto 02:25 AM, Sep 04","2026-09-04: Ashtami upto 12:13 AM, Sep 05","2026-09-03: Krittika upto 12:29 AM, Sep 04",2026-09-04: Rohini upto 11:04 PM,2026-09-04 02:25:00 AM,2026-09-04 11:04:00 PM,2026-09-02 05:01:00 AM,2026-09-02 05:36:00 PM,2026-09-03 05:01:00 AM,2026-09-02,2026-09-02 11:18:30 PM,2026-09-02 10:54:30 PM,2026-09-02 11:42:30 PM,False,False,False,False,False,True,False,False,False,,,True,False,,,,,False,False,False,,,,True,999,0,ASHTAMI_ROHINI_OVERLAP_WAIT_FOR_NEXT_NISHITA,True,"Ashtami and Rohini overlap, but this night's Nishita is not inside the overlap and is not after the overlap has ended. The Puja belongs to the first Nishita after the joint overlap ends.",0,,
17,2026-09-03,True,Aizawl,Mizoram,India,Asia/Kolkata,1279186,Aizawl,05:01 AM,05:35 PM,"Saptami upto 02:25 AM, Sep 04","Krittika upto 12:29 AM, Sep 04",Krishna Paksha,Guruwara,Shravana,Simha,,True,,2026-09-04 02:25:00 AM,2026-09-05 12:13:00 AM,2026-09-04 12:29:00 AM,2026-09-04 11:04:00 PM,"2026-09-03: Saptami upto 02:25 AM, Sep 04","2026-09-04: Ashtami upto 12:13 AM, Sep 05","2026-09-03: Krittika upto 12:29 AM, Sep 04",2026-09-04: Rohini upto 11:04 PM,2026-09-04 02:25:00 AM,2026-09-04 11:04:00 PM,2026-09-03 05:01:00 AM,2026-09-03 05:35:00 PM,2026-09-04 05:02:00 AM,2026-09-03,2026-09-03 11:18:30 PM,2026-09-03 10:54:30 PM,2026-09-03 11:42:30 PM,False,False,False,True,False,True,False,False,False,,,True,True,,,,,False,False,False,,,,False,999,1,ASHTAMI_ROHINI_OVERLAP_WAIT_FOR_NEXT_NISHITA,True,"Ashtami and Rohini overlap, but this night's Nishita is not inside the overlap and is not after the overlap has ended. The Puja belongs to the first Nishita after the joint overlap ends.",0,,
17,2026-09-04,True,Aizawl,Mizoram,India,Asia/Kolkata,1279186,Aizawl,05:02 AM,05:34 PM,"Ashtami upto 12:13 AM, Sep 05",Rohini upto 11:04 PM,Krishna Paksha,Shukrawara,Shravana,Simha,,True,,2026-09-04 02:25:00 AM,2026-09-05 12:13:00 AM,2026-09-04 12:29:00 AM,2026-09-04 11:04:00 PM,"2026-09-03: Saptami upto 02:25 AM, Sep 04","2026-09-04: Ashtami upto 12:13 AM, Sep 05","2026-09-03: Krittika upto 12:29 AM, Sep 04",2026-09-04: Rohini upto 11:04 PM,2026-09-04 02:25:00 AM,2026-09-04 11:04:00 PM,2026-09-04 05:02:00 AM,2026-09-04 05:34:00 PM,2026-09-05 05:02:00 AM,2026-09-04,2026-09-04 11:18:00 PM,2026-09-04 10:54:00 PM,2026-09-04 11:42:00 PM,True,True,False,True,False,True,True,True,False,2026-09-04 10:54:00 PM,2026-09-04 11:04:00 PM,False,True,,,,,False,False,False,,,,False,20,1,ASHTAMI_ROHINI_OVERLAP_THEN_NEXT_NISHITA,False,,0,,
17,2026-09-05,True,Aizawl,Mizoram,India,Asia/Kolkata,1279186,Aizawl,05:02 AM,05:33 PM,Navami upto 09:53 PM,Mrigashira upto 09:30 PM,Krishna Paksha,Shaniwara,Shravana,Simha,,True,,2026-09-04 02:25:00 AM,2026-09-05 12:13:00 AM,2026-09-04 12:29:00 AM,2026-09-04 11:04:00 PM,"2026-09-03: Saptami upto 02:25 AM, Sep 04","2026-09-04: Ashtami upto 12:13 AM, Sep 05","2026-09-03: Krittika upto 12:29 AM, Sep 04",2026-09-04: Rohini upto 11:04 PM,2026-09-04 02:25:00 AM,2026-09-04 11:04:00 PM,2026-09-05 05:02:00 AM,2026-09-05 05:33:00 PM,2026-09-06 05:02:00 AM,2026-09-05,2026-09-05 11:17:30 PM,2026-09-05 10:53:30 PM,2026-09-05 11:41:30 PM,False,False,False,False,False,True,True,False,False,,,False,True,,,,,False,False,False,,,,False,20,1,ASHTAMI_ROHINI_OVERLAP_THEN_NEXT_NISHITA,False,,0,,
17,2026-09-06,True,Aizawl,Mizoram,India,Asia/Kolkata,1279186,Aizawl,05:02 AM,05:32 PM,Dashami upto 07:29 PM,Ardra upto 07:52 PM,Krishna Paksha,Raviwara,Shravana,Simha,,True,,2026-09-04 02:25:00 AM,2026-09-05 12:13:00 AM,2026-09-04 12:29:00 AM,2026-09-04 11:04:00 PM,"2026-09-03: Saptami upto 02:25 AM, Sep 04","2026-09-04: Ashtami upto 12:13 AM, Sep 05","2026-09-03: Krittika upto 12:29 AM, Sep 04",2026-09-04: Rohini upto 11:04 PM,2026-09-04 02:25:00 AM,2026-09-04 11:04:00 PM,2026-09-06 05:02:00 AM,2026-09-06 05:32:00 PM,2026-09-07 05:03:00 AM,2026-09-06,2026-09-06 11:17:30 PM,2026-09-06 10:53:30 PM,2026-09-06 11:41:30 PM,False,False,False,False,False,True,True,False,False,,,False,True,,,,,False,False,False,,,,False,20,1,ASHTAMI_ROHINI_OVERLAP_THEN_NEXT_NISHITA,False,,0,,
18,2026-09-02,True,Gangtok,Sikkim,India,Asia/Kolkata,1271631,Gangtok,05:15 AM,05:55 PM,"Panchami upto 06:12 AM; Shashthi upto 04:25 AM, Sep 03","Bharani upto 01:43 AM, Sep 03",Krishna Paksha,Budhawara,Shravana,Simha,,True,,2026-09-04 02:25:00 AM,2026-09-05 12:13:00 AM,2026-09-04 12:29:00 AM,2026-09-04 11:04:00 PM,"2026-09-03: Saptami upto 02:25 AM, Sep 04","2026-09-04: Ashtami upto 12:13 AM, Sep 05","2026-09-03: Krittika upto 12:29 AM, Sep 04",2026-09-04: Rohini upto 11:04 PM,2026-09-04 02:25:00 AM,2026-09-04 11:04:00 PM,2026-09-02 05:15:00 AM,2026-09-02 05:55:00 PM,2026-09-03 05:15:00 AM,2026-09-02,2026-09-02 11:35:00 PM,2026-09-02 11:11:00 PM,2026-09-02 11:59:00 PM,False,False,False,False,False,True,False,False,False,,,True,False,,,,,False,False,False,,,,True,999,0,ASHTAMI_ROHINI_OVERLAP_WAIT_FOR_NEXT_NISHITA,True,"Ashtami and Rohini overlap, but this night's Nishita is not inside the overlap and is not after the overlap has ended. The Puja belongs to the first Nishita after the joint overlap ends.",0,,
18,2026-09-03,True,Gangtok,Sikkim,India,Asia/Kolkata,1271631,Gangtok,05:15 AM,05:54 PM,"Saptami upto 02:25 AM, Sep 04","Krittika upto 12:29 AM, Sep 04",Krishna Paksha,Guruwara,Shravana,Simha,,True,,2026-09-04 02:25:00 AM,2026-09-05 12:13:00 AM,2026-09-04 12:29:00 AM,2026-09-04 11:04:00 PM,"2026-09-03: Saptami upto 02:25 AM, Sep 04","2026-09-04: Ashtami upto 12:13 AM, Sep 05","2026-09-03: Krittika upto 12:29 AM, Sep 04",2026-09-04: Rohini upto 11:04 PM,2026-09-04 02:25:00 AM,2026-09-04 11:04:00 PM,2026-09-03 05:15:00 AM,2026-09-03 05:54:00 PM,2026-09-04 05:16:00 AM,2026-09-03,2026-09-03 11:35:00 PM,2026-09-03 11:11:00 PM,2026-09-03 11:59:00 PM,False,False,False,True,False,True,False,False,False,,,True,True,,,,,False,False,False,,,,False,999,1,ASHTAMI_ROHINI_OVERLAP_WAIT_FOR_NEXT_NISHITA,True,"Ashtami and Rohini overlap, but this night's Nishita is not inside the overlap and is not after the overlap has ended. The Puja belongs to the first Nishita after the joint overlap ends.",0,,
18,2026-09-04,True,Gangtok,Sikkim,India,Asia/Kolkata,1271631,Gangtok,05:16 AM,05:53 PM,"Ashtami upto 12:13 AM, Sep 05",Rohini upto 11:04 PM,Krishna Paksha,Shukrawara,Shravana,Simha,,True,,2026-09-04 02:25:00 AM,2026-09-05 12:13:00 AM,2026-09-04 12:29:00 AM,2026-09-04 11:04:00 PM,"2026-09-03: Saptami upto 02:25 AM, Sep 04","2026-09-04: Ashtami upto 12:13 AM, Sep 05","2026-09-03: Krittika upto 12:29 AM, Sep 04",2026-09-04: Rohini upto 11:04 PM,2026-09-04 02:25:00 AM,2026-09-04 11:04:00 PM,2026-09-04 05:16:00 AM,2026-09-04 05:53:00 PM,2026-09-05 05:16:00 AM,2026-09-04,2026-09-04 11:34:30 PM,2026-09-04 11:10:30 PM,2026-09-04 11:58:30 PM,True,True,False,True,False,True,True,False,False,,,False,True,,,,,False,False,False,,,,False,20,1,ASHTAMI_ROHINI_OVERLAP_THEN_NEXT_NISHITA,False,,0,,
18,2026-09-05,True,Gangtok,Sikkim,India,Asia/Kolkata,1271631,Gangtok,05:16 AM,05:52 PM,Navami upto 09:53 PM,Mrigashira upto 09:30 PM,Krishna Paksha,Shaniwara,Shravana,Simha,,True,,2026-09-04 02:25:00 AM,2026-09-05 12:13:00 AM,2026-09-04 12:29:00 AM,2026-09-04 11:04:00 PM,"2026-09-03: Saptami upto 02:25 AM, Sep 04","2026-09-04: Ashtami upto 12:13 AM, Sep 05","2026-09-03: Krittika upto 12:29 AM, Sep 04",2026-09-04: Rohini upto 11:04 PM,2026-09-04 02:25:00 AM,2026-09-04 11:04:00 PM,2026-09-05 05:16:00 AM,2026-09-05 05:52:00 PM,2026-09-06 05:17:00 AM,2026-09-05,2026-09-05 11:34:30 PM,2026-09-05 11:10:30 PM,2026-09-05 11:58:30 PM,False,False,False,False,False,True,True,False,False,,,False,True,,,,,False,False,False,,,,False,20,1,ASHTAMI_ROHINI_OVERLAP_THEN_NEXT_NISHITA,False,,0,,
18,2026-09-06,True,Gangtok,Sikkim,India,Asia/Kolkata,1271631,Gangtok,05:17 AM,05:51 PM,Dashami upto 07:29 PM,Ardra upto 07:52 PM,Krishna Paksha,Raviwara,Shravana,Simha,,True,,2026-09-04 02:25:00 AM,2026-09-05 12:13:00 AM,2026-09-04 12:29:00 AM,2026-09-04 11:04:00 PM,"2026-09-03: Saptami upto 02:25 AM, Sep 04","2026-09-04: Ashtami upto 12:13 AM, Sep 05","2026-09-03: Krittika upto 12:29 AM, Sep 04",2026-09-04: Rohini upto 11:04 PM,2026-09-04 02:25:00 AM,2026-09-04 11:04:00 PM,2026-09-06 05:17:00 AM,2026-09-06 05:51:00 PM,2026-09-07 05:17:00 AM,2026-09-06,2026-09-06 11:34:00 PM,2026-09-06 11:10:00 PM,2026-09-06 11:58:00 PM,False,False,False,False,False,True,True,False,False,,,False,True,,,,,False,False,False,,,,False,20,1,ASHTAMI_ROHINI_OVERLAP_THEN_NEXT_NISHITA,False,,0,,
19,2026-09-02,True,Silchar,Assam,India,Asia/Kolkata,1256287,Silchar,05:00 AM,05:37 PM,"Panchami upto 06:12 AM; Shashthi upto 04:25 AM, Sep 03","Bharani upto 01:43 AM, Sep 03",Krishna Paksha,Budhawara,Shravana,Simha,,True,,2026-09-04 02:25:00 AM,2026-09-05 12:13:00 AM,2026-09-04 12:29:00 AM,2026-09-04 11:04:00 PM,"2026-09-03: Saptami upto 02:25 AM, Sep 04","2026-09-04: Ashtami upto 12:13 AM, Sep 05","2026-09-03: Krittika upto 12:29 AM, Sep 04",2026-09-04: Rohini upto 11:04 PM,2026-09-04 02:25:00 AM,2026-09-04 11:04:00 PM,2026-09-02 05:00:00 AM,2026-09-02 05:37:00 PM,2026-09-03 05:00:00 AM,2026-09-02,2026-09-02 11:18:30 PM,2026-09-02 10:54:30 PM,2026-09-02 11:42:30 PM,False,False,False,False,False,True,False,False,False,,,True,False,,,,,False,False,False,,,,True,999,0,ASHTAMI_ROHINI_OVERLAP_WAIT_FOR_NEXT_NISHITA,True,"Ashtami and Rohini overlap, but this night's Nishita is not inside the overlap and is not after the overlap has ended. The Puja belongs to the first Nishita after the joint overlap ends.",0,,
19,2026-09-03,True,Silchar,Assam,India,Asia/Kolkata,1256287,Silchar,05:00 AM,05:36 PM,"Saptami upto 02:25 AM, Sep 04","Krittika upto 12:29 AM, Sep 04",Krishna Paksha,Guruwara,Shravana,Simha,,True,,2026-09-04 02:25:00 AM,2026-09-05 12:13:00 AM,2026-09-04 12:29:00 AM,2026-09-04 11:04:00 PM,"2026-09-03: Saptami upto 02:25 AM, Sep 04","2026-09-04: Ashtami upto 12:13 AM, Sep 05","2026-09-03: Krittika upto 12:29 AM, Sep 04",2026-09-04: Rohini upto 11:04 PM,2026-09-04 02:25:00 AM,2026-09-04 11:04:00 PM,2026-09-03 05:00:00 AM,2026-09-03 05:36:00 PM,2026-09-04 05:01:00 AM,2026-09-03,2026-09-03 11:18:30 PM,2026-09-03 10:54:30 PM,2026-09-03 11:42:30 PM,False,False,False,True,False,True,False,False,False,,,True,True,,,,,False,False,False,,,,False,999,1,ASHTAMI_ROHINI_OVERLAP_WAIT_FOR_NEXT_NISHITA,True,"Ashtami and Rohini overlap, but this night's Nishita is not inside the overlap and is not after the overlap has ended. The Puja belongs to the first Nishita after the joint overlap ends.",0,,
19,2026-09-04,True,Silchar,Assam,India,Asia/Kolkata,1256287,Silchar,05:01 AM,05:35 PM,"Ashtami upto 12:13 AM, Sep 05",Rohini upto 11:04 PM,Krishna Paksha,Shukrawara,Shravana,Simha,,True,,2026-09-04 02:25:00 AM,2026-09-05 12:13:00 AM,2026-09-04 12:29:00 AM,2026-09-04 11:04:00 PM,"2026-09-03: Saptami upto 02:25 AM, Sep 04","2026-09-04: Ashtami upto 12:13 AM, Sep 05","2026-09-03: Krittika upto 12:29 AM, Sep 04",2026-09-04: Rohini upto 11:04 PM,2026-09-04 02:25:00 AM,2026-09-04 11:04:00 PM,2026-09-04 05:01:00 AM,2026-09-04 05:35:00 PM,2026-09-05 05:01:00 AM,2026-09-04,2026-09-04 11:18:00 PM,2026-09-04 10:54:00 PM,2026-09-04 11:42:00 PM,True,True,False,True,False,True,True,True,False,2026-09-04 10:54:00 PM,2026-09-04 11:04:00 PM,False,True,,,,,False,False,False,,,,False,20,1,ASHTAMI_ROHINI_OVERLAP_THEN_NEXT_NISHITA,False,,0,,
19,2026-09-05,True,Silchar,Assam,India,Asia/Kolkata,1256287,Silchar,05:01 AM,05:34 PM,Navami upto 09:53 PM,Mrigashira upto 09:30 PM,Krishna Paksha,Shaniwara,Shravana,Simha,,True,,2026-09-04 02:25:00 AM,2026-09-05 12:13:00 AM,2026-09-04 12:29:00 AM,2026-09-04 11:04:00 PM,"2026-09-03: Saptami upto 02:25 AM, Sep 04","2026-09-04: Ashtami upto 12:13 AM, Sep 05","2026-09-03: Krittika upto 12:29 AM, Sep 04",2026-09-04: Rohini upto 11:04 PM,2026-09-04 02:25:00 AM,2026-09-04 11:04:00 PM,2026-09-05 05:01:00 AM,2026-09-05 05:34:00 PM,2026-09-06 05:01:00 AM,2026-09-05,2026-09-05 11:17:30 PM,2026-09-05 10:53:30 PM,2026-09-05 11:41:30 PM,False,False,False,False,False,True,True,False,False,,,False,True,,,,,False,False,False,,,,False,20,1,ASHTAMI_ROHINI_OVERLAP_THEN_NEXT_NISHITA,False,,0,,
19,2026-09-06,True,Silchar,Assam,India,Asia/Kolkata,1256287,Silchar,05:01 AM,05:33 PM,Dashami upto 07:29 PM,Ardra upto 07:52 PM,Krishna Paksha,Raviwara,Shravana,Simha,,True,,2026-09-04 02:25:00 AM,2026-09-05 12:13:00 AM,2026-09-04 12:29:00 AM,2026-09-04 11:04:00 PM,"2026-09-03: Saptami upto 02:25 AM, Sep 04","2026-09-04: Ashtami upto 12:13 AM, Sep 05","2026-09-03: Krittika upto 12:29 AM, Sep 04",2026-09-04: Rohini upto 11:04 PM,2026-09-04 02:25:00 AM,2026-09-04 11:04:00 PM,2026-09-06 05:01:00 AM,2026-09-06 05:33:00 PM,2026-09-07 05:02:00 AM,2026-09-06,2026-09-06 11:17:30 PM,2026-09-06 10:53:30 PM,2026-09-06 11:41:30 PM,False,False,False,False,False,True,True,False,False,,,False,True,,,,,False,False,False,,,,False,20,1,ASHTAMI_ROHINI_OVERLAP_THEN_NEXT_NISHITA,False,,0,,
20,2026-09-02,True,Dibrugarh,Assam,India,Asia/Kolkata,1272648,Dibrugarh,04:50 AM,05:30 PM,"Panchami upto 06:12 AM; Shashthi upto 04:25 AM, Sep 03","Bharani upto 01:43 AM, Sep 03",Krishna Paksha,Budhawara,Shravana,Simha,,True,,2026-09-04 02:25:00 AM,2026-09-05 12:13:00 AM,2026-09-04 12:29:00 AM,2026-09-04 11:04:00 PM,"2026-09-03: Saptami upto 02:25 AM, Sep 04","2026-09-04: Ashtami upto 12:13 AM, Sep 05","2026-09-03: Krittika upto 12:29 AM, Sep 04",2026-09-04: Rohini upto 11:04 PM,2026-09-04 02:25:00 AM,2026-09-04 11:04:00 PM,2026-09-02 04:50:00 AM,2026-09-02 05:30:00 PM,2026-09-03 04:50:00 AM,2026-09-02,2026-09-02 11:10:00 PM,2026-09-02 10:46:00 PM,2026-09-02 11:34:00 PM,False,False,False,False,False,True,False,False,False,,,True,False,,,,,False,False,False,,,,True,999,0,ASHTAMI_ROHINI_OVERLAP_WAIT_FOR_NEXT_NISHITA,True,"Ashtami and Rohini overlap, but this night's Nishita is not inside the overlap and is not after the overlap has ended. The Puja belongs to the first Nishita after the joint overlap ends.",0,,
20,2026-09-03,True,Dibrugarh,Assam,India,Asia/Kolkata,1272648,Dibrugarh,04:50 AM,05:29 PM,"Saptami upto 02:25 AM, Sep 04","Krittika upto 12:29 AM, Sep 04",Krishna Paksha,Guruwara,Shravana,Simha,,True,,2026-09-04 02:25:00 AM,2026-09-05 12:13:00 AM,2026-09-04 12:29:00 AM,2026-09-04 11:04:00 PM,"2026-09-03: Saptami upto 02:25 AM, Sep 04","2026-09-04: Ashtami upto 12:13 AM, Sep 05","2026-09-03: Krittika upto 12:29 AM, Sep 04",2026-09-04: Rohini upto 11:04 PM,2026-09-04 02:25:00 AM,2026-09-04 11:04:00 PM,2026-09-03 04:50:00 AM,2026-09-03 05:29:00 PM,2026-09-04 04:51:00 AM,2026-09-03,2026-09-03 11:10:00 PM,2026-09-03 10:46:00 PM,2026-09-03 11:34:00 PM,False,False,False,True,False,True,False,False,False,,,True,True,,,,,False,False,False,,,,False,999,1,ASHTAMI_ROHINI_OVERLAP_WAIT_FOR_NEXT_NISHITA,True,"Ashtami and Rohini overlap, but this night's Nishita is not inside the overlap and is not after the overlap has ended. The Puja belongs to the first Nishita after the joint overlap ends.",0,,
20,2026-09-04,True,Dibrugarh,Assam,India,Asia/Kolkata,1272648,Dibrugarh,04:51 AM,05:28 PM,"Ashtami upto 12:13 AM, Sep 05",Rohini upto 11:04 PM,Krishna Paksha,Shukrawara,Shravana,Simha,,True,,2026-09-04 02:25:00 AM,2026-09-05 12:13:00 AM,2026-09-04 12:29:00 AM,2026-09-04 11:04:00 PM,"2026-09-03: Saptami upto 02:25 AM, Sep 04","2026-09-04: Ashtami upto 12:13 AM, Sep 05","2026-09-03: Krittika upto 12:29 AM, Sep 04",2026-09-04: Rohini upto 11:04 PM,2026-09-04 02:25:00 AM,2026-09-04 11:04:00 PM,2026-09-04 04:51:00 AM,2026-09-04 05:28:00 PM,2026-09-05 04:51:00 AM,2026-09-04,2026-09-04 11:09:30 PM,2026-09-04 10:45:30 PM,2026-09-04 11:33:30 PM,True,True,False,True,False,True,True,True,False,2026-09-04 10:45:30 PM,2026-09-04 11:04:00 PM,False,True,,,,,False,False,False,,,,False,20,1,ASHTAMI_ROHINI_OVERLAP_THEN_NEXT_NISHITA,False,,0,,
20,2026-09-05,True,Dibrugarh,Assam,India,Asia/Kolkata,1272648,Dibrugarh,04:51 AM,05:27 PM,Navami upto 09:53 PM,Mrigashira upto 09:30 PM,Krishna Paksha,Shaniwara,Shravana,Simha,,True,,2026-09-04 02:25:00 AM,2026-09-05 12:13:00 AM,2026-09-04 12:29:00 AM,2026-09-04 11:04:00 PM,"2026-09-03: Saptami upto 02:25 AM, Sep 04","2026-09-04: Ashtami upto 12:13 AM, Sep 05","2026-09-03: Krittika upto 12:29 AM, Sep 04",2026-09-04: Rohini upto 11:04 PM,2026-09-04 02:25:00 AM,2026-09-04 11:04:00 PM,2026-09-05 04:51:00 AM,2026-09-05 05:27:00 PM,2026-09-06 04:51:00 AM,2026-09-05,2026-09-05 11:09:00 PM,2026-09-05 10:45:00 PM,2026-09-05 11:33:00 PM,False,False,False,False,False,True,True,False,False,,,False,True,,,,,False,False,False,,,,False,20,1,ASHTAMI_ROHINI_OVERLAP_THEN_NEXT_NISHITA,False,,0,,
20,2026-09-06,True,Dibrugarh,Assam,India,Asia/Kolkata,1272648,Dibrugarh,04:51 AM,05:26 PM,Dashami upto 07:29 PM,Ardra upto 07:52 PM,Krishna Paksha,Raviwara,Shravana,Simha,,True,,2026-09-04 02:25:00 AM,2026-09-05 12:13:00 AM,2026-09-04 12:29:00 AM,2026-09-04 11:04:00 PM,"2026-09-03: Saptami upto 02:25 AM, Sep 04","2026-09-04: Ashtami upto 12:13 AM, Sep 05","2026-09-03: Krittika upto 12:29 AM, Sep 04",2026-09-04: Rohini upto 11:04 PM,2026-09-04 02:25:00 AM,2026-09-04 11:04:00 PM,2026-09-06 04:51:00 AM,2026-09-06 05:26:00 PM,2026-09-07 04:52:00 AM,2026-09-06,2026-09-06 11:09:00 PM,2026-09-06 10:45:00 PM,2026-09-06 11:33:00 PM,False,False,False,False,False,True,True,False,False,,,False,True,,,,,False,False,False,,,,False,20,1,ASHTAMI_ROHINI_OVERLAP_THEN_NEXT_NISHITA,False,,0,,
21,2026-09-02,True,Imphal,Manipur,India,Asia/Kolkata,1269771,Imphal,04:55 AM,05:32 PM,"Panchami upto 06:12 AM; Shashthi upto 04:25 AM, Sep 03","Bharani upto 01:43 AM, Sep 03",Krishna Paksha,Budhawara,Shravana,Simha,,True,,2026-09-04 02:25:00 AM,2026-09-05 12:13:00 AM,2026-09-04 12:29:00 AM,2026-09-04 11:04:00 PM,"2026-09-03: Saptami upto 02:25 AM, Sep 04","2026-09-04: Ashtami upto 12:13 AM, Sep 05","2026-09-03: Krittika upto 12:29 AM, Sep 04",2026-09-04: Rohini upto 11:04 PM,2026-09-04 02:25:00 AM,2026-09-04 11:04:00 PM,2026-09-02 04:55:00 AM,2026-09-02 05:32:00 PM,2026-09-03 04:56:00 AM,2026-09-02,2026-09-02 11:14:00 PM,2026-09-02 10:50:00 PM,2026-09-02 11:38:00 PM,False,False,False,False,False,True,False,False,False,,,True,False,,,,,False,False,False,,,,True,999,0,ASHTAMI_ROHINI_OVERLAP_WAIT_FOR_NEXT_NISHITA,True,"Ashtami and Rohini overlap, but this night's Nishita is not inside the overlap and is not after the overlap has ended. The Puja belongs to the first Nishita after the joint overlap ends.",0,,
21,2026-09-03,True,Imphal,Manipur,India,Asia/Kolkata,1269771,Imphal,04:56 AM,05:31 PM,"Saptami upto 02:25 AM, Sep 04","Krittika upto 12:29 AM, Sep 04",Krishna Paksha,Guruwara,Shravana,Simha,,True,,2026-09-04 02:25:00 AM,2026-09-05 12:13:00 AM,2026-09-04 12:29:00 AM,2026-09-04 11:04:00 PM,"2026-09-03: Saptami upto 02:25 AM, Sep 04","2026-09-04: Ashtami upto 12:13 AM, Sep 05","2026-09-03: Krittika upto 12:29 AM, Sep 04",2026-09-04: Rohini upto 11:04 PM,2026-09-04 02:25:00 AM,2026-09-04 11:04:00 PM,2026-09-03 04:56:00 AM,2026-09-03 05:31:00 PM,2026-09-04 04:56:00 AM,2026-09-03,2026-09-03 11:13:30 PM,2026-09-03 10:49:30 PM,2026-09-03 11:37:30 PM,False,False,False,True,False,True,False,False,False,,,True,True,,,,,False,False,False,,,,False,999,1,ASHTAMI_ROHINI_OVERLAP_WAIT_FOR_NEXT_NISHITA,True,"Ashtami and Rohini overlap, but this night's Nishita is not inside the overlap and is not after the overlap has ended. The Puja belongs to the first Nishita after the joint overlap ends.",0,,
21,2026-09-04,True,Imphal,Manipur,India,Asia/Kolkata,1269771,Imphal,04:56 AM,05:30 PM,"Ashtami upto 12:13 AM, Sep 05",Rohini upto 11:04 PM,Krishna Paksha,Shukrawara,Shravana,Simha,,True,,2026-09-04 02:25:00 AM,2026-09-05 12:13:00 AM,2026-09-04 12:29:00 AM,2026-09-04 11:04:00 PM,"2026-09-03: Saptami upto 02:25 AM, Sep 04","2026-09-04: Ashtami upto 12:13 AM, Sep 05","2026-09-03: Krittika upto 12:29 AM, Sep 04",2026-09-04: Rohini upto 11:04 PM,2026-09-04 02:25:00 AM,2026-09-04 11:04:00 PM,2026-09-04 04:56:00 AM,2026-09-04 05:30:00 PM,2026-09-05 04:57:00 AM,2026-09-04,2026-09-04 11:13:30 PM,2026-09-04 10:49:30 PM,2026-09-04 11:37:30 PM,True,True,False,True,False,True,True,True,False,2026-09-04 10:49:30 PM,2026-09-04 11:04:00 PM,False,True,,,,,False,False,False,,,,False,20,1,ASHTAMI_ROHINI_OVERLAP_THEN_NEXT_NISHITA,False,,0,,
21,2026-09-05,True,Imphal,Manipur,India,Asia/Kolkata,1269771,Imphal,04:57 AM,05:29 PM,Navami upto 09:53 PM,Mrigashira upto 09:30 PM,Krishna Paksha,Shaniwara,Shravana,Simha,,True,,2026-09-04 02:25:00 AM,2026-09-05 12:13:00 AM,2026-09-04 12:29:00 AM,2026-09-04 11:04:00 PM,"2026-09-03: Saptami upto 02:25 AM, Sep 04","2026-09-04: Ashtami upto 12:13 AM, Sep 05","2026-09-03: Krittika upto 12:29 AM, Sep 04",2026-09-04: Rohini upto 11:04 PM,2026-09-04 02:25:00 AM,2026-09-04 11:04:00 PM,2026-09-05 04:57:00 AM,2026-09-05 05:29:00 PM,2026-09-06 04:57:00 AM,2026-09-05,2026-09-05 11:13:00 PM,2026-09-05 10:49:00 PM,2026-09-05 11:37:00 PM,False,False,False,False,False,True,True,False,False,,,False,True,,,,,False,False,False,,,,False,20,1,ASHTAMI_ROHINI_OVERLAP_THEN_NEXT_NISHITA,False,,0,,
21,2026-09-06,True,Imphal,Manipur,India,Asia/Kolkata,1269771,Imphal,04:57 AM,05:28 PM,Dashami upto 07:29 PM,Ardra upto 07:52 PM,Krishna Paksha,Raviwara,Shravana,Simha,,True,,2026-09-04 02:25:00 AM,2026-09-05 12:13:00 AM,2026-09-04 12:29:00 AM,2026-09-04 11:04:00 PM,"2026-09-03: Saptami upto 02:25 AM, Sep 04","2026-09-04: Ashtami upto 12:13 AM, Sep 05","2026-09-03: Krittika upto 12:29 AM, Sep 04",2026-09-04: Rohini upto 11:04 PM,2026-09-04 02:25:00 AM,2026-09-04 11:04:00 PM,2026-09-06 04:57:00 AM,2026-09-06 05:28:00 PM,2026-09-07 04:57:00 AM,2026-09-06,2026-09-06 11:12:30 PM,2026-09-06 10:48:30 PM,2026-09-06 11:36:30 PM,False,False,False,False,False,True,True,False,False,,,False,True,,,,,False,False,False,,,,False,20,1,ASHTAMI_ROHINI_OVERLAP_THEN_NEXT_NISHITA,False,,0,,
22,2026-09-02,True,Dimapur,Nagaland,India,Asia/Kolkata,1272552,Dimapur,04:55 AM,05:34 PM,"Panchami upto 06:12 AM; Shashthi upto 04:25 AM, Sep 03","Bharani upto 01:43 AM, Sep 03",Krishna Paksha,Budhawara,Shravana,Simha,,True,,2026-09-04 02:25:00 AM,2026-09-05 12:13:00 AM,2026-09-04 12:29:00 AM,2026-09-04 11:04:00 PM,"2026-09-03: Saptami upto 02:25 AM, Sep 04","2026-09-04: Ashtami upto 12:13 AM, Sep 05","2026-09-03: Krittika upto 12:29 AM, Sep 04",2026-09-04: Rohini upto 11:04 PM,2026-09-04 02:25:00 AM,2026-09-04 11:04:00 PM,2026-09-02 04:55:00 AM,2026-09-02 05:34:00 PM,2026-09-03 04:56:00 AM,2026-09-02,2026-09-02 11:15:00 PM,2026-09-02 10:51:00 PM,2026-09-02 11:39:00 PM,False,False,False,False,False,True,False,False,False,,,True,False,,,,,False,False,False,,,,True,999,0,ASHTAMI_ROHINI_OVERLAP_WAIT_FOR_NEXT_NISHITA,True,"Ashtami and Rohini overlap, but this night's Nishita is not inside the overlap and is not after the overlap has ended. The Puja belongs to the first Nishita after the joint overlap ends.",0,,
22,2026-09-03,True,Dimapur,Nagaland,India,Asia/Kolkata,1272552,Dimapur,04:56 AM,05:33 PM,"Saptami upto 02:25 AM, Sep 04","Krittika upto 12:29 AM, Sep 04",Krishna Paksha,Guruwara,Shravana,Simha,,True,,2026-09-04 02:25:00 AM,2026-09-05 12:13:00 AM,2026-09-04 12:29:00 AM,2026-09-04 11:04:00 PM,"2026-09-03: Saptami upto 02:25 AM, Sep 04","2026-09-04: Ashtami upto 12:13 AM, Sep 05","2026-09-03: Krittika upto 12:29 AM, Sep 04",2026-09-04: Rohini upto 11:04 PM,2026-09-04 02:25:00 AM,2026-09-04 11:04:00 PM,2026-09-03 04:56:00 AM,2026-09-03 05:33:00 PM,2026-09-04 04:56:00 AM,2026-09-03,2026-09-03 11:14:30 PM,2026-09-03 10:50:30 PM,2026-09-03 11:38:30 PM,False,False,False,True,False,True,False,False,False,,,True,True,,,,,False,False,False,,,,False,999,1,ASHTAMI_ROHINI_OVERLAP_WAIT_FOR_NEXT_NISHITA,True,"Ashtami and Rohini overlap, but this night's Nishita is not inside the overlap and is not after the overlap has ended. The Puja belongs to the first Nishita after the joint overlap ends.",0,,
22,2026-09-04,True,Dimapur,Nagaland,India,Asia/Kolkata,1272552,Dimapur,04:56 AM,05:32 PM,"Ashtami upto 12:13 AM, Sep 05",Rohini upto 11:04 PM,Krishna Paksha,Shukrawara,Shravana,Simha,,True,,2026-09-04 02:25:00 AM,2026-09-05 12:13:00 AM,2026-09-04 12:29:00 AM,2026-09-04 11:04:00 PM,"2026-09-03: Saptami upto 02:25 AM, Sep 04","2026-09-04: Ashtami upto 12:13 AM, Sep 05","2026-09-03: Krittika upto 12:29 AM, Sep 04",2026-09-04: Rohini upto 11:04 PM,2026-09-04 02:25:00 AM,2026-09-04 11:04:00 PM,2026-09-04 04:56:00 AM,2026-09-04 05:32:00 PM,2026-09-05 04:57:00 AM,2026-09-04,2026-09-04 11:14:30 PM,2026-09-04 10:50:30 PM,2026-09-04 11:38:30 PM,True,True,False,True,False,True,True,True,False,2026-09-04 10:50:30 PM,2026-09-04 11:04:00 PM,False,True,,,,,False,False,False,,,,False,20,1,ASHTAMI_ROHINI_OVERLAP_THEN_NEXT_NISHITA,False,,0,,
22,2026-09-05,True,Dimapur,Nagaland,India,Asia/Kolkata,1272552,Dimapur,04:57 AM,05:31 PM,Navami upto 09:53 PM,Mrigashira upto 09:30 PM,Krishna Paksha,Shaniwara,Shravana,Simha,,True,,2026-09-04 02:25:00 AM,2026-09-05 12:13:00 AM,2026-09-04 12:29:00 AM,2026-09-04 11:04:00 PM,"2026-09-03: Saptami upto 02:25 AM, Sep 04","2026-09-04: Ashtami upto 12:13 AM, Sep 05","2026-09-03: Krittika upto 12:29 AM, Sep 04",2026-09-04: Rohini upto 11:04 PM,2026-09-04 02:25:00 AM,2026-09-04 11:04:00 PM,2026-09-05 04:57:00 AM,2026-09-05 05:31:00 PM,2026-09-06 04:57:00 AM,2026-09-05,2026-09-05 11:14:00 PM,2026-09-05 10:50:00 PM,2026-09-05 11:38:00 PM,False,False,False,False,False,True,True,False,False,,,False,True,,,,,False,False,False,,,,False,20,1,ASHTAMI_ROHINI_OVERLAP_THEN_NEXT_NISHITA,False,,0,,
22,2026-09-06,True,Dimapur,Nagaland,India,Asia/Kolkata,1272552,Dimapur,04:57 AM,05:29 PM,Dashami upto 07:29 PM,Ardra upto 07:52 PM,Krishna Paksha,Raviwara,Shravana,Simha,,True,,2026-09-04 02:25:00 AM,2026-09-05 12:13:00 AM,2026-09-04 12:29:00 AM,2026-09-04 11:04:00 PM,"2026-09-03: Saptami upto 02:25 AM, Sep 04","2026-09-04: Ashtami upto 12:13 AM, Sep 05","2026-09-03: Krittika upto 12:29 AM, Sep 04",2026-09-04: Rohini upto 11:04 PM,2026-09-04 02:25:00 AM,2026-09-04 11:04:00 PM,2026-09-06 04:57:00 AM,2026-09-06 05:29:00 PM,2026-09-07 04:58:00 AM,2026-09-06,2026-09-06 11:13:30 PM,2026-09-06 10:49:30 PM,2026-09-06 11:37:30 PM,False,False,False,False,False,True,True,False,False,,,False,True,,,,,False,False,False,,,,False,20,1,ASHTAMI_ROHINI_OVERLAP_THEN_NEXT_NISHITA,False,,0,,
23,2026-09-02,True,Itanagar,Arunachal Pradesh,India,Asia/Kolkata,1269655,Itanagar,04:55 AM,05:35 PM,"Panchami upto 06:12 AM; Shashthi upto 04:25 AM, Sep 03","Bharani upto 01:43 AM, Sep 03",Krishna Paksha,Budhawara,Shravana,Simha,,True,,2026-09-04 02:25:00 AM,2026-09-05 12:13:00 AM,2026-09-04 12:29:00 AM,2026-09-04 11:04:00 PM,"2026-09-03: Saptami upto 02:25 AM, Sep 04","2026-09-04: Ashtami upto 12:13 AM, Sep 05","2026-09-03: Krittika upto 12:29 AM, Sep 04",2026-09-04: Rohini upto 11:04 PM,2026-09-04 02:25:00 AM,2026-09-04 11:04:00 PM,2026-09-02 04:55:00 AM,2026-09-02 05:35:00 PM,2026-09-03 04:56:00 AM,2026-09-02,2026-09-02 11:15:30 PM,2026-09-02 10:51:30 PM,2026-09-02 11:39:30 PM,False,False,False,False,False,True,False,False,False,,,True,False,,,,,False,False,False,,,,True,999,0,ASHTAMI_ROHINI_OVERLAP_WAIT_FOR_NEXT_NISHITA,True,"Ashtami and Rohini overlap, but this night's Nishita is not inside the overlap and is not after the overlap has ended. The Puja belongs to the first Nishita after the joint overlap ends.",0,,
23,2026-09-03,True,Itanagar,Arunachal Pradesh,India,Asia/Kolkata,1269655,Itanagar,04:56 AM,05:34 PM,"Saptami upto 02:25 AM, Sep 04","Krittika upto 12:29 AM, Sep 04",Krishna Paksha,Guruwara,Shravana,Simha,,True,,2026-09-04 02:25:00 AM,2026-09-05 12:13:00 AM,2026-09-04 12:29:00 AM,2026-09-04 11:04:00 PM,"2026-09-03: Saptami upto 02:25 AM, Sep 04","2026-09-04: Ashtami upto 12:13 AM, Sep 05","2026-09-03: Krittika upto 12:29 AM, Sep 04",2026-09-04: Rohini upto 11:04 PM,2026-09-04 02:25:00 AM,2026-09-04 11:04:00 PM,2026-09-03 04:56:00 AM,2026-09-03 05:34:00 PM,2026-09-04 04:56:00 AM,2026-09-03,2026-09-03 11:15:00 PM,2026-09-03 10:51:00 PM,2026-09-03 11:39:00 PM,False,False,False,True,False,True,False,False,False,,,True,True,,,,,False,False,False,,,,False,999,1,ASHTAMI_ROHINI_OVERLAP_WAIT_FOR_NEXT_NISHITA,True,"Ashtami and Rohini overlap, but this night's Nishita is not inside the overlap and is not after the overlap has ended. The Puja belongs to the first Nishita after the joint overlap ends.",0,,
23,2026-09-04,True,Itanagar,Arunachal Pradesh,India,Asia/Kolkata,1269655,Itanagar,04:56 AM,05:33 PM,"Ashtami upto 12:13 AM, Sep 05",Rohini upto 11:04 PM,Krishna Paksha,Shukrawara,Shravana,Simha,,True,,2026-09-04 02:25:00 AM,2026-09-05 12:13:00 AM,2026-09-04 12:29:00 AM,2026-09-04 11:04:00 PM,"2026-09-03: Saptami upto 02:25 AM, Sep 04","2026-09-04: Ashtami upto 12:13 AM, Sep 05","2026-09-03: Krittika upto 12:29 AM, Sep 04",2026-09-04: Rohini upto 11:04 PM,2026-09-04 02:25:00 AM,2026-09-04 11:04:00 PM,2026-09-04 04:56:00 AM,2026-09-04 05:33:00 PM,2026-09-05 04:56:00 AM,2026-09-04,2026-09-04 11:14:30 PM,2026-09-04 10:50:30 PM,2026-09-04 11:38:30 PM,True,True,False,True,False,True,True,True,False,2026-09-04 10:50:30 PM,2026-09-04 11:04:00 PM,False,True,,,,,False,False,False,,,,False,20,1,ASHTAMI_ROHINI_OVERLAP_THEN_NEXT_NISHITA,False,,0,,
23,2026-09-05,True,Itanagar,Arunachal Pradesh,India,Asia/Kolkata,1269655,Itanagar,04:56 AM,05:32 PM,Navami upto 09:53 PM,Mrigashira upto 09:30 PM,Krishna Paksha,Shaniwara,Shravana,Simha,,True,,2026-09-04 02:25:00 AM,2026-09-05 12:13:00 AM,2026-09-04 12:29:00 AM,2026-09-04 11:04:00 PM,"2026-09-03: Saptami upto 02:25 AM, Sep 04","2026-09-04: Ashtami upto 12:13 AM, Sep 05","2026-09-03: Krittika upto 12:29 AM, Sep 04",2026-09-04: Rohini upto 11:04 PM,2026-09-04 02:25:00 AM,2026-09-04 11:04:00 PM,2026-09-05 04:56:00 AM,2026-09-05 05:32:00 PM,2026-09-06 04:57:00 AM,2026-09-05,2026-09-05 11:14:30 PM,2026-09-05 10:50:30 PM,2026-09-05 11:38:30 PM,False,False,False,False,False,True,True,False,False,,,False,True,,,,,False,False,False,,,,False,20,1,ASHTAMI_ROHINI_OVERLAP_THEN_NEXT_NISHITA,False,,0,,
23,2026-09-06,True,Itanagar,Arunachal Pradesh,India,Asia/Kolkata,1269655,Itanagar,04:57 AM,05:31 PM,Dashami upto 07:29 PM,Ardra upto 07:52 PM,Krishna Paksha,Raviwara,Shravana,Simha,,True,,2026-09-04 02:25:00 AM,2026-09-05 12:13:00 AM,2026-09-04 12:29:00 AM,2026-09-04 11:04:00 PM,"2026-09-03: Saptami upto 02:25 AM, Sep 04","2026-09-04: Ashtami upto 12:13 AM, Sep 05","2026-09-03: Krittika upto 12:29 AM, Sep 04",2026-09-04: Rohini upto 11:04 PM,2026-09-04 02:25:00 AM,2026-09-04 11:04:00 PM,2026-09-06 04:57:00 AM,2026-09-06 05:31:00 PM,2026-09-07 04:57:00 AM,2026-09-06,2026-09-06 11:14:00 PM,2026-09-06 10:50:00 PM,2026-09-06 11:38:00 PM,False,False,False,False,False,True,True,False,False,,,False,True,,,,,False,False,False,,,,False,20,1,ASHTAMI_ROHINI_OVERLAP_THEN_NEXT_NISHITA,False,,0,,
24,2026-09-02,True,Madurai,Tamil Nadu,India,Asia/Kolkata,1264521,Madurai,06:08 AM,06:26 PM,"Panchami upto 06:12 AM; Shashthi upto 04:25 AM, Sep 03","Bharani upto 01:43 AM, Sep 03",Krishna Paksha,Budhawara,Shravana,Simha,,True,,2026-09-04 02:25:00 AM,2026-09-05 12:13:00 AM,2026-09-04 12:29:00 AM,2026-09-04 11:04:00 PM,"2026-09-03: Saptami upto 02:25 AM, Sep 04","2026-09-04: Ashtami upto 12:13 AM, Sep 05","2026-09-03: Krittika upto 12:29 AM, Sep 04",2026-09-04: Rohini upto 11:04 PM,2026-09-04 02:25:00 AM,2026-09-04 11:04:00 PM,2026-09-02 06:08:00 AM,2026-09-02 06:26:00 PM,2026-09-03 06:08:00 AM,2026-09-02,2026-09-03 12:17:00 AM,2026-09-02 11:53:00 PM,2026-09-03 12:41:00 AM,False,False,False,False,False,True,False,False,False,,,True,False,,,,,False,False,False,,,,True,999,0,ASHTAMI_ROHINI_OVERLAP_WAIT_FOR_NEXT_NISHITA,True,"Ashtami and Rohini overlap, but this night's Nishita is not inside the overlap and is not after the overlap has ended. The Puja belongs to the first Nishita after the joint overlap ends.",0,,
24,2026-09-03,True,Madurai,Tamil Nadu,India,Asia/Kolkata,1264521,Madurai,06:08 AM,06:25 PM,"Saptami upto 02:25 AM, Sep 04","Krittika upto 12:29 AM, Sep 04",Krishna Paksha,Guruwara,Shravana,Simha,,True,,2026-09-04 02:25:00 AM,2026-09-05 12:13:00 AM,2026-09-04 12:29:00 AM,2026-09-04 11:04:00 PM,"2026-09-03: Saptami upto 02:25 AM, Sep 04","2026-09-04: Ashtami upto 12:13 AM, Sep 05","2026-09-03: Krittika upto 12:29 AM, Sep 04",2026-09-04: Rohini upto 11:04 PM,2026-09-04 02:25:00 AM,2026-09-04 11:04:00 PM,2026-09-03 06:08:00 AM,2026-09-03 06:25:00 PM,2026-09-04 06:08:00 AM,2026-09-03,2026-09-04 12:16:30 AM,2026-09-03 11:52:30 PM,2026-09-04 12:40:30 AM,False,False,False,True,False,True,False,False,False,,,True,True,,,,,False,False,False,,,,False,999,1,ASHTAMI_ROHINI_OVERLAP_WAIT_FOR_NEXT_NISHITA,True,"Ashtami and Rohini overlap, but this night's Nishita is not inside the overlap and is not after the overlap has ended. The Puja belongs to the first Nishita after the joint overlap ends.",0,,
24,2026-09-04,True,Madurai,Tamil Nadu,India,Asia/Kolkata,1264521,Madurai,06:08 AM,06:25 PM,"Ashtami upto 12:13 AM, Sep 05",Rohini upto 11:04 PM,Krishna Paksha,Shukrawara,Shravana,Simha,,True,,2026-09-04 02:25:00 AM,2026-09-05 12:13:00 AM,2026-09-04 12:29:00 AM,2026-09-04 11:04:00 PM,"2026-09-03: Saptami upto 02:25 AM, Sep 04","2026-09-04: Ashtami upto 12:13 AM, Sep 05","2026-09-03: Krittika upto 12:29 AM, Sep 04",2026-09-04: Rohini upto 11:04 PM,2026-09-04 02:25:00 AM,2026-09-04 11:04:00 PM,2026-09-04 06:08:00 AM,2026-09-04 06:25:00 PM,2026-09-05 06:08:00 AM,2026-09-04,2026-09-05 12:16:30 AM,2026-09-04 11:52:30 PM,2026-09-05 12:40:30 AM,True,False,False,True,False,True,True,False,False,,,False,True,,,,,False,False,False,,,,False,20,1,ASHTAMI_ROHINI_OVERLAP_THEN_NEXT_NISHITA,False,,0,,
24,2026-09-05,True,Madurai,Tamil Nadu,India,Asia/Kolkata,1264521,Madurai,06:08 AM,06:24 PM,Navami upto 09:53 PM,Mrigashira upto 09:30 PM,Krishna Paksha,Shaniwara,Shravana,Simha,,True,,2026-09-04 02:25:00 AM,2026-09-05 12:13:00 AM,2026-09-04 12:29:00 AM,2026-09-04 11:04:00 PM,"2026-09-03: Saptami upto 02:25 AM, Sep 04","2026-09-04: Ashtami upto 12:13 AM, Sep 05","2026-09-03: Krittika upto 12:29 AM, Sep 04",2026-09-04: Rohini upto 11:04 PM,2026-09-04 02:25:00 AM,2026-09-04 11:04:00 PM,2026-09-05 06:08:00 AM,2026-09-05 06:24:00 PM,2026-09-06 06:08:00 AM,2026-09-05,2026-09-06 12:16:00 AM,2026-09-05 11:52:00 PM,2026-09-06 12:40:00 AM,False,False,False,False,False,True,True,False,False,,,False,True,,,,,False,False,False,,,,False,20,1,ASHTAMI_ROHINI_OVERLAP_THEN_NEXT_NISHITA,False,,0,,
24,2026-09-06,True,Madurai,Tamil Nadu,India,Asia/Kolkata,1264521,Madurai,06:08 AM,06:24 PM,Dashami upto 07:29 PM,Ardra upto 07:52 PM,Krishna Paksha,Raviwara,Shravana,Simha,,True,,2026-09-04 02:25:00 AM,2026-09-05 12:13:00 AM,2026-09-04 12:29:00 AM,2026-09-04 11:04:00 PM,"2026-09-03: Saptami upto 02:25 AM, Sep 04","2026-09-04: Ashtami upto 12:13 AM, Sep 05","2026-09-03: Krittika upto 12:29 AM, Sep 04",2026-09-04: Rohini upto 11:04 PM,2026-09-04 02:25:00 AM,2026-09-04 11:04:00 PM,2026-09-06 06:08:00 AM,2026-09-06 06:24:00 PM,2026-09-07 06:08:00 AM,2026-09-06,2026-09-07 12:16:00 AM,2026-09-06 11:52:00 PM,2026-09-07 12:40:00 AM,False,False,False,False,False,True,True,False,False,,,False,True,,,,,False,False,False,,,,False,20,1,ASHTAMI_ROHINI_OVERLAP_THEN_NEXT_NISHITA,False,,0,,
25,2026-09-02,True,Kumbakonam,Tamil Nadu,India,Asia/Kolkata,1265683,Kumbakonam,06:03 AM,06:22 PM,"Panchami upto 06:12 AM; Shashthi upto 04:25 AM, Sep 03","Bharani upto 01:43 AM, Sep 03",Krishna Paksha,Budhawara,Shravana,Simha,,True,,2026-09-04 02:25:00 AM,2026-09-05 12:13:00 AM,2026-09-04 12:29:00 AM,2026-09-04 11:04:00 PM,"2026-09-03: Saptami upto 02:25 AM, Sep 04","2026-09-04: Ashtami upto 12:13 AM, Sep 05","2026-09-03: Krittika upto 12:29 AM, Sep 04",2026-09-04: Rohini upto 11:04 PM,2026-09-04 02:25:00 AM,2026-09-04 11:04:00 PM,2026-09-02 06:03:00 AM,2026-09-02 06:22:00 PM,2026-09-03 06:03:00 AM,2026-09-02,2026-09-03 12:12:30 AM,2026-09-02 11:48:30 PM,2026-09-03 12:36:30 AM,False,False,False,False,False,True,False,False,False,,,True,False,,,,,False,False,False,,,,True,999,0,ASHTAMI_ROHINI_OVERLAP_WAIT_FOR_NEXT_NISHITA,True,"Ashtami and Rohini overlap, but this night's Nishita is not inside the overlap and is not after the overlap has ended. The Puja belongs to the first Nishita after the joint overlap ends.",0,,
25,2026-09-03,True,Kumbakonam,Tamil Nadu,India,Asia/Kolkata,1265683,Kumbakonam,06:03 AM,06:21 PM,"Saptami upto 02:25 AM, Sep 04","Krittika upto 12:29 AM, Sep 04",Krishna Paksha,Guruwara,Shravana,Simha,,True,,2026-09-04 02:25:00 AM,2026-09-05 12:13:00 AM,2026-09-04 12:29:00 AM,2026-09-04 11:04:00 PM,"2026-09-03: Saptami upto 02:25 AM, Sep 04","2026-09-04: Ashtami upto 12:13 AM, Sep 05","2026-09-03: Krittika upto 12:29 AM, Sep 04",2026-09-04: Rohini upto 11:04 PM,2026-09-04 02:25:00 AM,2026-09-04 11:04:00 PM,2026-09-03 06:03:00 AM,2026-09-03 06:21:00 PM,2026-09-04 06:02:00 AM,2026-09-03,2026-09-04 12:11:30 AM,2026-09-03 11:47:30 PM,2026-09-04 12:35:30 AM,False,False,False,True,False,True,False,False,False,,,True,True,,,,,False,False,False,,,,False,999,1,ASHTAMI_ROHINI_OVERLAP_WAIT_FOR_NEXT_NISHITA,True,"Ashtami and Rohini overlap, but this night's Nishita is not inside the overlap and is not after the overlap has ended. The Puja belongs to the first Nishita after the joint overlap ends.",0,,
25,2026-09-04,True,Kumbakonam,Tamil Nadu,India,Asia/Kolkata,1265683,Kumbakonam,06:02 AM,06:20 PM,"Ashtami upto 12:13 AM, Sep 05",Rohini upto 11:04 PM,Krishna Paksha,Shukrawara,Shravana,Simha,,True,,2026-09-04 02:25:00 AM,2026-09-05 12:13:00 AM,2026-09-04 12:29:00 AM,2026-09-04 11:04:00 PM,"2026-09-03: Saptami upto 02:25 AM, Sep 04","2026-09-04: Ashtami upto 12:13 AM, Sep 05","2026-09-03: Krittika upto 12:29 AM, Sep 04",2026-09-04: Rohini upto 11:04 PM,2026-09-04 02:25:00 AM,2026-09-04 11:04:00 PM,2026-09-04 06:02:00 AM,2026-09-04 06:20:00 PM,2026-09-05 06:02:00 AM,2026-09-04,2026-09-05 12:11:00 AM,2026-09-04 11:47:00 PM,2026-09-05 12:35:00 AM,True,True,False,True,False,True,True,False,False,,,False,True,,,,,False,False,False,,,,False,20,1,ASHTAMI_ROHINI_OVERLAP_THEN_NEXT_NISHITA,False,,0,,
25,2026-09-05,True,Kumbakonam,Tamil Nadu,India,Asia/Kolkata,1265683,Kumbakonam,06:02 AM,06:20 PM,Navami upto 09:53 PM,Mrigashira upto 09:30 PM,Krishna Paksha,Shaniwara,Shravana,Simha,,True,,2026-09-04 02:25:00 AM,2026-09-05 12:13:00 AM,2026-09-04 12:29:00 AM,2026-09-04 11:04:00 PM,"2026-09-03: Saptami upto 02:25 AM, Sep 04","2026-09-04: Ashtami upto 12:13 AM, Sep 05","2026-09-03: Krittika upto 12:29 AM, Sep 04",2026-09-04: Rohini upto 11:04 PM,2026-09-04 02:25:00 AM,2026-09-04 11:04:00 PM,2026-09-05 06:02:00 AM,2026-09-05 06:20:00 PM,2026-09-06 06:02:00 AM,2026-09-05,2026-09-06 12:11:00 AM,2026-09-05 11:47:00 PM,2026-09-06 12:35:00 AM,False,False,False,False,False,True,True,False,False,,,False,True,,,,,False,False,False,,,,False,20,1,ASHTAMI_ROHINI_OVERLAP_THEN_NEXT_NISHITA,False,,0,,
25,2026-09-06,True,Kumbakonam,Tamil Nadu,India,Asia/Kolkata,1265683,Kumbakonam,06:02 AM,06:19 PM,Dashami upto 07:29 PM,Ardra upto 07:52 PM,Krishna Paksha,Raviwara,Shravana,Simha,,True,,2026-09-04 02:25:00 AM,2026-09-05 12:13:00 AM,2026-09-04 12:29:00 AM,2026-09-04 11:04:00 PM,"2026-09-03: Saptami upto 02:25 AM, Sep 04","2026-09-04: Ashtami upto 12:13 AM, Sep 05","2026-09-03: Krittika upto 12:29 AM, Sep 04",2026-09-04: Rohini upto 11:04 PM,2026-09-04 02:25:00 AM,2026-09-04 11:04:00 PM,2026-09-06 06:02:00 AM,2026-09-06 06:19:00 PM,2026-09-07 06:02:00 AM,2026-09-06,2026-09-07 12:10:30 AM,2026-09-06 11:46:30 PM,2026-09-07 12:34:30 AM,False,False,False,False,False,True,True,False,False,,,False,True,,,,,False,False,False,,,,False,20,1,ASHTAMI_ROHINI_OVERLAP_THEN_NEXT_NISHITA,False,,0,,
26,2026-09-02,True,Chidambaram,Tamil Nadu,India,Asia/Kolkata,1274256,Chidambaram,06:01 AM,06:21 PM,"Panchami upto 06:12 AM; Shashthi upto 04:25 AM, Sep 03","Bharani upto 01:43 AM, Sep 03",Krishna Paksha,Budhawara,Shravana,Simha,,True,,2026-09-04 02:25:00 AM,2026-09-05 12:13:00 AM,2026-09-04 12:29:00 AM,2026-09-04 11:04:00 PM,"2026-09-03: Saptami upto 02:25 AM, Sep 04","2026-09-04: Ashtami upto 12:13 AM, Sep 05","2026-09-03: Krittika upto 12:29 AM, Sep 04",2026-09-04: Rohini upto 11:04 PM,2026-09-04 02:25:00 AM,2026-09-04 11:04:00 PM,2026-09-02 06:01:00 AM,2026-09-02 06:21:00 PM,2026-09-03 06:01:00 AM,2026-09-02,2026-09-03 12:11:00 AM,2026-09-02 11:47:00 PM,2026-09-03 12:35:00 AM,False,False,False,False,False,True,False,False,False,,,True,False,,,,,False,False,False,,,,True,999,0,ASHTAMI_ROHINI_OVERLAP_WAIT_FOR_NEXT_NISHITA,True,"Ashtami and Rohini overlap, but this night's Nishita is not inside the overlap and is not after the overlap has ended. The Puja belongs to the first Nishita after the joint overlap ends.",0,,
26,2026-09-03,True,Chidambaram,Tamil Nadu,India,Asia/Kolkata,1274256,Chidambaram,06:01 AM,06:20 PM,"Saptami upto 02:25 AM, Sep 04","Krittika upto 12:29 AM, Sep 04",Krishna Paksha,Guruwara,Shravana,Simha,,True,,2026-09-04 02:25:00 AM,2026-09-05 12:13:00 AM,2026-09-04 12:29:00 AM,2026-09-04 11:04:00 PM,"2026-09-03: Saptami upto 02:25 AM, Sep 04","2026-09-04: Ashtami upto 12:13 AM, Sep 05","2026-09-03: Krittika upto 12:29 AM, Sep 04",2026-09-04: Rohini upto 11:04 PM,2026-09-04 02:25:00 AM,2026-09-04 11:04:00 PM,2026-09-03 06:01:00 AM,2026-09-03 06:20:00 PM,2026-09-04 06:01:00 AM,2026-09-03,2026-09-04 12:10:30 AM,2026-09-03 11:46:30 PM,2026-09-04 12:34:30 AM,False,False,False,True,False,True,False,False,False,,,True,True,,,,,False,False,False,,,,False,999,1,ASHTAMI_ROHINI_OVERLAP_WAIT_FOR_NEXT_NISHITA,True,"Ashtami and Rohini overlap, but this night's Nishita is not inside the overlap and is not after the overlap has ended. The Puja belongs to the first Nishita after the joint overlap ends.",0,,
26,2026-09-04,True,Chidambaram,Tamil Nadu,India,Asia/Kolkata,1274256,Chidambaram,06:01 AM,06:19 PM,"Ashtami upto 12:13 AM, Sep 05",Rohini upto 11:04 PM,Krishna Paksha,Shukrawara,Shravana,Simha,,True,,2026-09-04 02:25:00 AM,2026-09-05 12:13:00 AM,2026-09-04 12:29:00 AM,2026-09-04 11:04:00 PM,"2026-09-03: Saptami upto 02:25 AM, Sep 04","2026-09-04: Ashtami upto 12:13 AM, Sep 05","2026-09-03: Krittika upto 12:29 AM, Sep 04",2026-09-04: Rohini upto 11:04 PM,2026-09-04 02:25:00 AM,2026-09-04 11:04:00 PM,2026-09-04 06:01:00 AM,2026-09-04 06:19:00 PM,2026-09-05 06:01:00 AM,2026-09-04,2026-09-05 12:10:00 AM,2026-09-04 11:46:00 PM,2026-09-05 12:34:00 AM,True,True,False,True,False,True,True,False,False,,,False,True,,,,,False,False,False,,,,False,20,1,ASHTAMI_ROHINI_OVERLAP_THEN_NEXT_NISHITA,False,,0,,
26,2026-09-05,True,Chidambaram,Tamil Nadu,India,Asia/Kolkata,1274256,Chidambaram,06:01 AM,06:19 PM,Navami upto 09:53 PM,Mrigashira upto 09:30 PM,Krishna Paksha,Shaniwara,Shravana,Simha,,True,,2026-09-04 02:25:00 AM,2026-09-05 12:13:00 AM,2026-09-04 12:29:00 AM,2026-09-04 11:04:00 PM,"2026-09-03: Saptami upto 02:25 AM, Sep 04","2026-09-04: Ashtami upto 12:13 AM, Sep 05","2026-09-03: Krittika upto 12:29 AM, Sep 04",2026-09-04: Rohini upto 11:04 PM,2026-09-04 02:25:00 AM,2026-09-04 11:04:00 PM,2026-09-05 06:01:00 AM,2026-09-05 06:19:00 PM,2026-09-06 06:01:00 AM,2026-09-05,2026-09-06 12:10:00 AM,2026-09-05 11:46:00 PM,2026-09-06 12:34:00 AM,False,False,False,False,False,True,True,False,False,,,False,True,,,,,False,False,False,,,,False,20,1,ASHTAMI_ROHINI_OVERLAP_THEN_NEXT_NISHITA,False,,0,,
26,2026-09-06,True,Chidambaram,Tamil Nadu,India,Asia/Kolkata,1274256,Chidambaram,06:01 AM,06:18 PM,Dashami upto 07:29 PM,Ardra upto 07:52 PM,Krishna Paksha,Raviwara,Shravana,Simha,,True,,2026-09-04 02:25:00 AM,2026-09-05 12:13:00 AM,2026-09-04 12:29:00 AM,2026-09-04 11:04:00 PM,"2026-09-03: Saptami upto 02:25 AM, Sep 04","2026-09-04: Ashtami upto 12:13 AM, Sep 05","2026-09-03: Krittika upto 12:29 AM, Sep 04",2026-09-04: Rohini upto 11:04 PM,2026-09-04 02:25:00 AM,2026-09-04 11:04:00 PM,2026-09-06 06:01:00 AM,2026-09-06 06:18:00 PM,2026-09-07 06:01:00 AM,2026-09-06,2026-09-07 12:09:30 AM,2026-09-06 11:45:30 PM,2026-09-07 12:33:30 AM,False,False,False,False,False,True,True,False,False,,,False,True,,,,,False,False,False,,,,False,20,1,ASHTAMI_ROHINI_OVERLAP_THEN_NEXT_NISHITA,False,,0,,
27,2026-09-02,True,Kanchipuram,Tamil Nadu,India,Asia/Kolkata,1268159,Kanchipuram,06:00 AM,06:21 PM,"Panchami upto 06:12 AM; Shashthi upto 04:25 AM, Sep 03","Bharani upto 01:43 AM, Sep 03",Krishna Paksha,Budhawara,Shravana,Simha,,True,,2026-09-04 02:25:00 AM,2026-09-05 12:13:00 AM,2026-09-04 12:29:00 AM,2026-09-04 11:04:00 PM,"2026-09-03: Saptami upto 02:25 AM, Sep 04","2026-09-04: Ashtami upto 12:13 AM, Sep 05","2026-09-03: Krittika upto 12:29 AM, Sep 04",2026-09-04: Rohini upto 11:04 PM,2026-09-04 02:25:00 AM,2026-09-04 11:04:00 PM,2026-09-02 06:00:00 AM,2026-09-02 06:21:00 PM,2026-09-03 06:00:00 AM,2026-09-02,2026-09-03 12:10:30 AM,2026-09-02 11:46:30 PM,2026-09-03 12:34:30 AM,False,False,False,False,False,True,False,False,False,,,True,False,,,,,False,False,False,,,,True,999,0,ASHTAMI_ROHINI_OVERLAP_WAIT_FOR_NEXT_NISHITA,True,"Ashtami and Rohini overlap, but this night's Nishita is not inside the overlap and is not after the overlap has ended. The Puja belongs to the first Nishita after the joint overlap ends.",0,,
27,2026-09-03,True,Kanchipuram,Tamil Nadu,India,Asia/Kolkata,1268159,Kanchipuram,06:00 AM,06:21 PM,"Saptami upto 02:25 AM, Sep 04","Krittika upto 12:29 AM, Sep 04",Krishna Paksha,Guruwara,Shravana,Simha,,True,,2026-09-04 02:25:00 AM,2026-09-05 12:13:00 AM,2026-09-04 12:29:00 AM,2026-09-04 11:04:00 PM,"2026-09-03: Saptami upto 02:25 AM, Sep 04","2026-09-04: Ashtami upto 12:13 AM, Sep 05","2026-09-03: Krittika upto 12:29 AM, Sep 04",2026-09-04: Rohini upto 11:04 PM,2026-09-04 02:25:00 AM,2026-09-04 11:04:00 PM,2026-09-03 06:00:00 AM,2026-09-03 06:21:00 PM,2026-09-04 06:00:00 AM,2026-09-03,2026-09-04 12:10:30 AM,2026-09-03 11:46:30 PM,2026-09-04 12:34:30 AM,False,False,False,True,False,True,False,False,False,,,True,True,,,,,False,False,False,,,,False,999,1,ASHTAMI_ROHINI_OVERLAP_WAIT_FOR_NEXT_NISHITA,True,"Ashtami and Rohini overlap, but this night's Nishita is not inside the overlap and is not after the overlap has ended. The Puja belongs to the first Nishita after the joint overlap ends.",0,,
27,2026-09-04,True,Kanchipuram,Tamil Nadu,India,Asia/Kolkata,1268159,Kanchipuram,06:00 AM,06:20 PM,"Ashtami upto 12:13 AM, Sep 05",Rohini upto 11:04 PM,Krishna Paksha,Shukrawara,Shravana,Simha,,True,,2026-09-04 02:25:00 AM,2026-09-05 12:13:00 AM,2026-09-04 12:29:00 AM,2026-09-04 11:04:00 PM,"2026-09-03: Saptami upto 02:25 AM, Sep 04","2026-09-04: Ashtami upto 12:13 AM, Sep 05","2026-09-03: Krittika upto 12:29 AM, Sep 04",2026-09-04: Rohini upto 11:04 PM,2026-09-04 02:25:00 AM,2026-09-04 11:04:00 PM,2026-09-04 06:00:00 AM,2026-09-04 06:20:00 PM,2026-09-05 06:00:00 AM,2026-09-04,2026-09-05 12:10:00 AM,2026-09-04 11:46:00 PM,2026-09-05 12:34:00 AM,True,True,False,True,False,True,True,False,False,,,False,True,,,,,False,False,False,,,,False,20,1,ASHTAMI_ROHINI_OVERLAP_THEN_NEXT_NISHITA,False,,0,,
27,2026-09-05,True,Kanchipuram,Tamil Nadu,India,Asia/Kolkata,1268159,Kanchipuram,06:00 AM,06:19 PM,Navami upto 09:53 PM,Mrigashira upto 09:30 PM,Krishna Paksha,Shaniwara,Shravana,Simha,,True,,2026-09-04 02:25:00 AM,2026-09-05 12:13:00 AM,2026-09-04 12:29:00 AM,2026-09-04 11:04:00 PM,"2026-09-03: Saptami upto 02:25 AM, Sep 04","2026-09-04: Ashtami upto 12:13 AM, Sep 05","2026-09-03: Krittika upto 12:29 AM, Sep 04",2026-09-04: Rohini upto 11:04 PM,2026-09-04 02:25:00 AM,2026-09-04 11:04:00 PM,2026-09-05 06:00:00 AM,2026-09-05 06:19:00 PM,2026-09-06 06:00:00 AM,2026-09-05,2026-09-06 12:09:30 AM,2026-09-05 11:45:30 PM,2026-09-06 12:33:30 AM,False,False,False,False,False,True,True,False,False,,,False,True,,,,,False,False,False,,,,False,20,1,ASHTAMI_ROHINI_OVERLAP_THEN_NEXT_NISHITA,False,,0,,
27,2026-09-06,True,Kanchipuram,Tamil Nadu,India,Asia/Kolkata,1268159,Kanchipuram,06:00 AM,06:19 PM,Dashami upto 07:29 PM,Ardra upto 07:52 PM,Krishna Paksha,Raviwara,Shravana,Simha,,True,,2026-09-04 02:25:00 AM,2026-09-05 12:13:00 AM,2026-09-04 12:29:00 AM,2026-09-04 11:04:00 PM,"2026-09-03: Saptami upto 02:25 AM, Sep 04","2026-09-04: Ashtami upto 12:13 AM, Sep 05","2026-09-03: Krittika upto 12:29 AM, Sep 04",2026-09-04: Rohini upto 11:04 PM,2026-09-04 02:25:00 AM,2026-09-04 11:04:00 PM,2026-09-06 06:00:00 AM,2026-09-06 06:19:00 PM,2026-09-07 06:00:00 AM,2026-09-06,2026-09-07 12:09:30 AM,2026-09-06 11:45:30 PM,2026-09-07 12:33:30 AM,False,False,False,False,False,True,True,False,False,,,False,True,,,,,False,False,False,,,,False,20,1,ASHTAMI_ROHINI_OVERLAP_THEN_NEXT_NISHITA,False,,0,,
28,2026-09-02,True,Srirangam,Tamil Nadu,India,Asia/Kolkata,1254388,Tiruchirappalli,06:05 AM,06:24 PM,"Panchami upto 06:12 AM; Shashthi upto 04:26 AM, Sep 03","Bharani upto 01:43 AM, Sep 03",Krishna Paksha,Budhawara,Shravana,Simha,,True,,2026-09-04 02:25:00 AM,2026-09-05 12:13:00 AM,2026-09-04 12:29:00 AM,2026-09-04 11:04:00 PM,"2026-09-03: Saptami upto 02:25 AM, Sep 04","2026-09-04: Ashtami upto 12:13 AM, Sep 05","2026-09-03: Krittika upto 12:29 AM, Sep 04",2026-09-04: Rohini upto 11:04 PM,2026-09-04 02:25:00 AM,2026-09-04 11:04:00 PM,2026-09-02 06:05:00 AM,2026-09-02 06:24:00 PM,2026-09-03 06:05:00 AM,2026-09-02,2026-09-03 12:14:30 AM,2026-09-02 11:50:30 PM,2026-09-03 12:38:30 AM,False,False,False,False,False,True,False,False,False,,,True,False,,,,,False,False,False,,,,True,999,0,ASHTAMI_ROHINI_OVERLAP_WAIT_FOR_NEXT_NISHITA,True,"Ashtami and Rohini overlap, but this night's Nishita is not inside the overlap and is not after the overlap has ended. The Puja belongs to the first Nishita after the joint overlap ends.",0,,
28,2026-09-03,True,Srirangam,Tamil Nadu,India,Asia/Kolkata,1254388,Tiruchirappalli,06:05 AM,06:24 PM,"Saptami upto 02:25 AM, Sep 04","Krittika upto 12:29 AM, Sep 04",Krishna Paksha,Guruwara,Shravana,Simha,,True,,2026-09-04 02:25:00 AM,2026-09-05 12:13:00 AM,2026-09-04 12:29:00 AM,2026-09-04 11:04:00 PM,"2026-09-03: Saptami upto 02:25 AM, Sep 04","2026-09-04: Ashtami upto 12:13 AM, Sep 05","2026-09-03: Krittika upto 12:29 AM, Sep 04",2026-09-04: Rohini upto 11:04 PM,2026-09-04 02:25:00 AM,2026-09-04 11:04:00 PM,2026-09-03 06:05:00 AM,2026-09-03 06:24:00 PM,2026-09-04 06:05:00 AM,2026-09-03,2026-09-04 12:14:30 AM,2026-09-03 11:50:30 PM,2026-09-04 12:38:30 AM,False,False,False,True,False,True,False,False,False,,,True,True,,,,,False,False,False,,,,False,999,1,ASHTAMI_ROHINI_OVERLAP_WAIT_FOR_NEXT_NISHITA,True,"Ashtami and Rohini overlap, but this night's Nishita is not inside the overlap and is not after the overlap has ended. The Puja belongs to the first Nishita after the joint overlap ends.",0,,
28,2026-09-04,True,Srirangam,Tamil Nadu,India,Asia/Kolkata,1254388,Tiruchirappalli,06:05 AM,06:23 PM,"Ashtami upto 12:13 AM, Sep 05",Rohini upto 11:04 PM,Krishna Paksha,Shukrawara,Shravana,Simha,,True,,2026-09-04 02:25:00 AM,2026-09-05 12:13:00 AM,2026-09-04 12:29:00 AM,2026-09-04 11:04:00 PM,"2026-09-03: Saptami upto 02:25 AM, Sep 04","2026-09-04: Ashtami upto 12:13 AM, Sep 05","2026-09-03: Krittika upto 12:29 AM, Sep 04",2026-09-04: Rohini upto 11:04 PM,2026-09-04 02:25:00 AM,2026-09-04 11:04:00 PM,2026-09-04 06:05:00 AM,2026-09-04 06:23:00 PM,2026-09-05 06:05:00 AM,2026-09-04,2026-09-05 12:14:00 AM,2026-09-04 11:50:00 PM,2026-09-05 12:38:00 AM,True,False,False,True,False,True,True,False,False,,,False,True,,,,,False,False,False,,,,False,20,1,ASHTAMI_ROHINI_OVERLAP_THEN_NEXT_NISHITA,False,,0,,
28,2026-09-05,True,Srirangam,Tamil Nadu,India,Asia/Kolkata,1254388,Tiruchirappalli,06:05 AM,06:22 PM,Navami upto 09:53 PM,Mrigashira upto 09:30 PM,Krishna Paksha,Shaniwara,Shravana,Simha,,True,,2026-09-04 02:25:00 AM,2026-09-05 12:13:00 AM,2026-09-04 12:29:00 AM,2026-09-04 11:04:00 PM,"2026-09-03: Saptami upto 02:25 AM, Sep 04","2026-09-04: Ashtami upto 12:13 AM, Sep 05","2026-09-03: Krittika upto 12:29 AM, Sep 04",2026-09-04: Rohini upto 11:04 PM,2026-09-04 02:25:00 AM,2026-09-04 11:04:00 PM,2026-09-05 06:05:00 AM,2026-09-05 06:22:00 PM,2026-09-06 06:05:00 AM,2026-09-05,2026-09-06 12:13:30 AM,2026-09-05 11:49:30 PM,2026-09-06 12:37:30 AM,False,False,False,False,False,True,True,False,False,,,False,True,,,,,False,False,False,,,,False,20,1,ASHTAMI_ROHINI_OVERLAP_THEN_NEXT_NISHITA,False,,0,,
28,2026-09-06,True,Srirangam,Tamil Nadu,India,Asia/Kolkata,1254388,Tiruchirappalli,06:05 AM,06:22 PM,Dashami upto 07:29 PM,Ardra upto 07:52 PM,Krishna Paksha,Raviwara,Shravana,Simha,,True,,2026-09-04 02:25:00 AM,2026-09-05 12:13:00 AM,2026-09-04 12:29:00 AM,2026-09-04 11:04:00 PM,"2026-09-03: Saptami upto 02:25 AM, Sep 04","2026-09-04: Ashtami upto 12:13 AM, Sep 05","2026-09-03: Krittika upto 12:29 AM, Sep 04",2026-09-04: Rohini upto 11:04 PM,2026-09-04 02:25:00 AM,2026-09-04 11:04:00 PM,2026-09-06 06:05:00 AM,2026-09-06 06:22:00 PM,2026-09-07 06:05:00 AM,2026-09-06,2026-09-07 12:13:30 AM,2026-09-06 11:49:30 PM,2026-09-07 12:37:30 AM,False,False,False,False,False,True,True,False,False,,,False,True,,,,,False,False,False,,,,False,20,1,ASHTAMI_ROHINI_OVERLAP_THEN_NEXT_NISHITA,False,,0,,
29,2026-09-02,True,Guruvayur,Kerala,India,Asia/Kolkata,1270603,Guruvayur,06:16 AM,06:35 PM,"Shashthi upto 04:25 AM, Sep 03","Bharani upto 01:43 AM, Sep 03",Krishna Paksha,Budhawara,Shravana,Simha,,True,,2026-09-04 02:25:00 AM,2026-09-05 12:13:00 AM,2026-09-04 12:29:00 AM,2026-09-04 11:04:00 PM,"2026-09-03: Saptami upto 02:25 AM, Sep 04","2026-09-04: Ashtami upto 12:13 AM, Sep 05","2026-09-03: Krittika upto 12:29 AM, Sep 04",2026-09-04: Rohini upto 11:04 PM,2026-09-04 02:25:00 AM,2026-09-04 11:04:00 PM,2026-09-02 06:16:00 AM,2026-09-02 06:35:00 PM,2026-09-03 06:16:00 AM,2026-09-02,2026-09-03 12:25:30 AM,2026-09-03 12:01:30 AM,2026-09-03 12:49:30 AM,False,False,False,False,False,True,False,False,False,,,True,False,,,,,False,False,False,,,,True,999,0,ASHTAMI_ROHINI_OVERLAP_WAIT_FOR_NEXT_NISHITA,True,"Ashtami and Rohini overlap, but this night's Nishita is not inside the overlap and is not after the overlap has ended. The Puja belongs to the first Nishita after the joint overlap ends.",0,,
29,2026-09-03,True,Guruvayur,Kerala,India,Asia/Kolkata,1270603,Guruvayur,06:16 AM,06:34 PM,"Saptami upto 02:25 AM, Sep 04","Krittika upto 12:29 AM, Sep 04",Krishna Paksha,Guruwara,Shravana,Simha,,True,,2026-09-04 02:25:00 AM,2026-09-05 12:13:00 AM,2026-09-04 12:29:00 AM,2026-09-04 11:04:00 PM,"2026-09-03: Saptami upto 02:25 AM, Sep 04","2026-09-04: Ashtami upto 12:13 AM, Sep 05","2026-09-03: Krittika upto 12:29 AM, Sep 04",2026-09-04: Rohini upto 11:04 PM,2026-09-04 02:25:00 AM,2026-09-04 11:04:00 PM,2026-09-03 06:16:00 AM,2026-09-03 06:34:00 PM,2026-09-04 06:16:00 AM,2026-09-03,2026-09-04 12:25:00 AM,2026-09-04 12:01:00 AM,2026-09-04 12:49:00 AM,False,False,False,True,False,True,False,False,False,,,True,True,,,,,False,False,False,,,,False,999,1,ASHTAMI_ROHINI_OVERLAP_WAIT_FOR_NEXT_NISHITA,True,"Ashtami and Rohini overlap, but this night's Nishita is not inside the overlap and is not after the overlap has ended. The Puja belongs to the first Nishita after the joint overlap ends.",0,,
29,2026-09-04,True,Guruvayur,Kerala,India,Asia/Kolkata,1270603,Guruvayur,06:16 AM,06:34 PM,"Ashtami upto 12:13 AM, Sep 05",Rohini upto 11:04 PM,Krishna Paksha,Shukrawara,Shravana,Simha,,True,,2026-09-04 02:25:00 AM,2026-09-05 12:13:00 AM,2026-09-04 12:29:00 AM,2026-09-04 11:04:00 PM,"2026-09-03: Saptami upto 02:25 AM, Sep 04","2026-09-04: Ashtami upto 12:13 AM, Sep 05","2026-09-03: Krittika upto 12:29 AM, Sep 04",2026-09-04: Rohini upto 11:04 PM,2026-09-04 02:25:00 AM,2026-09-04 11:04:00 PM,2026-09-04 06:16:00 AM,2026-09-04 06:34:00 PM,2026-09-05 06:16:00 AM,2026-09-04,2026-09-05 12:25:00 AM,2026-09-05 12:01:00 AM,2026-09-05 12:49:00 AM,True,False,False,True,False,True,True,False,False,,,False,True,,,,,False,False,False,,,,False,20,1,ASHTAMI_ROHINI_OVERLAP_THEN_NEXT_NISHITA,False,,0,,
29,2026-09-05,True,Guruvayur,Kerala,India,Asia/Kolkata,1270603,Guruvayur,06:16 AM,06:33 PM,Navami upto 09:53 PM,Mrigashira upto 09:30 PM,Krishna Paksha,Shaniwara,Shravana,Simha,,True,,2026-09-04 02:25:00 AM,2026-09-05 12:13:00 AM,2026-09-04 12:29:00 AM,2026-09-04 11:04:00 PM,"2026-09-03: Saptami upto 02:25 AM, Sep 04","2026-09-04: Ashtami upto 12:13 AM, Sep 05","2026-09-03: Krittika upto 12:29 AM, Sep 04",2026-09-04: Rohini upto 11:04 PM,2026-09-04 02:25:00 AM,2026-09-04 11:04:00 PM,2026-09-05 06:16:00 AM,2026-09-05 06:33:00 PM,2026-09-06 06:16:00 AM,2026-09-05,2026-09-06 12:24:30 AM,2026-09-06 12:00:30 AM,2026-09-06 12:48:30 AM,False,False,False,False,False,True,True,False,False,,,False,True,,,,,False,False,False,,,,False,20,1,ASHTAMI_ROHINI_OVERLAP_THEN_NEXT_NISHITA,False,,0,,
29,2026-09-06,True,Guruvayur,Kerala,India,Asia/Kolkata,1270603,Guruvayur,06:16 AM,06:32 PM,Dashami upto 07:29 PM,Ardra upto 07:52 PM,Krishna Paksha,Raviwara,Shravana,Simha,,True,,2026-09-04 02:25:00 AM,2026-09-05 12:13:00 AM,2026-09-04 12:29:00 AM,2026-09-04 11:04:00 PM,"2026-09-03: Saptami upto 02:25 AM, Sep 04","2026-09-04: Ashtami upto 12:13 AM, Sep 05","2026-09-03: Krittika upto 12:29 AM, Sep 04",2026-09-04: Rohini upto 11:04 PM,2026-09-04 02:25:00 AM,2026-09-04 11:04:00 PM,2026-09-06 06:16:00 AM,2026-09-06 06:32:00 PM,2026-09-07 06:16:00 AM,2026-09-06,2026-09-07 12:24:00 AM,2026-09-07 12:00:00 AM,2026-09-07 12:48:00 AM,False,False,False,False,False,True,True,False,False,,,False,True,,,,,False,False,False,,,,False,20,1,ASHTAMI_ROHINI_OVERLAP_THEN_NEXT_NISHITA,False,,0,,
30,2026-09-02,True,Pandharpur,Maharashtra,India,Asia/Kolkata,1260546,Pandharpur,06:15 AM,06:42 PM,"Shashthi upto 04:25 AM, Sep 03","Bharani upto 01:43 AM, Sep 03",Krishna Paksha,Budhawara,Shravana,Simha,,True,,2026-09-04 02:25:00 AM,2026-09-05 12:13:00 AM,2026-09-04 12:29:00 AM,2026-09-04 11:04:00 PM,"2026-09-03: Saptami upto 02:25 AM, Sep 04","2026-09-04: Ashtami upto 12:13 AM, Sep 05","2026-09-03: Krittika upto 12:29 AM, Sep 04",2026-09-04: Rohini upto 11:04 PM,2026-09-04 02:25:00 AM,2026-09-04 11:04:00 PM,2026-09-02 06:15:00 AM,2026-09-02 06:42:00 PM,2026-09-03 06:15:00 AM,2026-09-02,2026-09-03 12:28:30 AM,2026-09-03 12:04:30 AM,2026-09-03 12:52:30 AM,False,False,False,False,False,True,False,False,False,,,True,False,,,,,False,False,False,,,,True,999,0,ASHTAMI_ROHINI_OVERLAP_WAIT_FOR_NEXT_NISHITA,True,"Ashtami and Rohini overlap, but this night's Nishita is not inside the overlap and is not after the overlap has ended. The Puja belongs to the first Nishita after the joint overlap ends.",0,,
30,2026-09-03,True,Pandharpur,Maharashtra,India,Asia/Kolkata,1260546,Pandharpur,06:15 AM,06:41 PM,"Saptami upto 02:25 AM, Sep 04","Krittika upto 12:29 AM, Sep 04",Krishna Paksha,Guruwara,Shravana,Simha,,True,,2026-09-04 02:25:00 AM,2026-09-05 12:13:00 AM,2026-09-04 12:29:00 AM,2026-09-04 11:04:00 PM,"2026-09-03: Saptami upto 02:25 AM, Sep 04","2026-09-04: Ashtami upto 12:13 AM, Sep 05","2026-09-03: Krittika upto 12:29 AM, Sep 04",2026-09-04: Rohini upto 11:04 PM,2026-09-04 02:25:00 AM,2026-09-04 11:04:00 PM,2026-09-03 06:15:00 AM,2026-09-03 06:41:00 PM,2026-09-04 06:15:00 AM,2026-09-03,2026-09-04 12:28:00 AM,2026-09-04 12:04:00 AM,2026-09-04 12:52:00 AM,False,False,False,True,False,True,False,False,False,,,True,True,,,,,False,False,False,,,,False,999,1,ASHTAMI_ROHINI_OVERLAP_WAIT_FOR_NEXT_NISHITA,True,"Ashtami and Rohini overlap, but this night's Nishita is not inside the overlap and is not after the overlap has ended. The Puja belongs to the first Nishita after the joint overlap ends.",0,,
30,2026-09-04,True,Pandharpur,Maharashtra,India,Asia/Kolkata,1260546,Pandharpur,06:15 AM,06:40 PM,"Ashtami upto 12:13 AM, Sep 05",Rohini upto 11:04 PM,Krishna Paksha,Shukrawara,Shravana,Simha,,True,,2026-09-04 02:25:00 AM,2026-09-05 12:13:00 AM,2026-09-04 12:29:00 AM,2026-09-04 11:04:00 PM,"2026-09-03: Saptami upto 02:25 AM, Sep 04","2026-09-04: Ashtami upto 12:13 AM, Sep 05","2026-09-03: Krittika upto 12:29 AM, Sep 04",2026-09-04: Rohini upto 11:04 PM,2026-09-04 02:25:00 AM,2026-09-04 11:04:00 PM,2026-09-04 06:15:00 AM,2026-09-04 06:40:00 PM,2026-09-05 06:15:00 AM,2026-09-04,2026-09-05 12:27:30 AM,2026-09-05 12:03:30 AM,2026-09-05 12:51:30 AM,True,False,False,True,False,True,True,False,False,,,False,True,,,,,False,False,False,,,,False,20,1,ASHTAMI_ROHINI_OVERLAP_THEN_NEXT_NISHITA,False,,0,,
30,2026-09-05,True,Pandharpur,Maharashtra,India,Asia/Kolkata,1260546,Pandharpur,06:15 AM,06:39 PM,Navami upto 09:53 PM,Mrigashira upto 09:30 PM,Krishna Paksha,Shaniwara,Shravana,Simha,,True,,2026-09-04 02:25:00 AM,2026-09-05 12:13:00 AM,2026-09-04 12:29:00 AM,2026-09-04 11:04:00 PM,"2026-09-03: Saptami upto 02:25 AM, Sep 04","2026-09-04: Ashtami upto 12:13 AM, Sep 05","2026-09-03: Krittika upto 12:29 AM, Sep 04",2026-09-04: Rohini upto 11:04 PM,2026-09-04 02:25:00 AM,2026-09-04 11:04:00 PM,2026-09-05 06:15:00 AM,2026-09-05 06:39:00 PM,2026-09-06 06:15:00 AM,2026-09-05,2026-09-06 12:27:00 AM,2026-09-06 12:03:00 AM,2026-09-06 12:51:00 AM,False,False,False,False,False,True,True,False,False,,,False,True,,,,,False,False,False,,,,False,20,1,ASHTAMI_ROHINI_OVERLAP_THEN_NEXT_NISHITA,False,,0,,
30,2026-09-06,True,Pandharpur,Maharashtra,India,Asia/Kolkata,1260546,Pandharpur,06:15 AM,06:39 PM,Dashami upto 07:29 PM,Ardra upto 07:52 PM,Krishna Paksha,Raviwara,Shravana,Simha,,True,,2026-09-04 02:25:00 AM,2026-09-05 12:13:00 AM,2026-09-04 12:29:00 AM,2026-09-04 11:04:00 PM,"2026-09-03: Saptami upto 02:25 AM, Sep 04","2026-09-04: Ashtami upto 12:13 AM, Sep 05","2026-09-03: Krittika upto 12:29 AM, Sep 04",2026-09-04: Rohini upto 11:04 PM,2026-09-04 02:25:00 AM,2026-09-04 11:04:00 PM,2026-09-06 06:15:00 AM,2026-09-06 06:39:00 PM,2026-09-07 06:15:00 AM,2026-09-06,2026-09-07 12:27:00 AM,2026-09-07 12:03:00 AM,2026-09-07 12:51:00 AM,False,False,False,False,False,True,True,False,False,,,False,True,,,,,False,False,False,,,,False,20,1,ASHTAMI_ROHINI_OVERLAP_THEN_NEXT_NISHITA,False,,0,,
31,2026-09-02,True,Kolhapur,Maharashtra,India,Asia/Kolkata,1266285,Kolhapur,06:20 AM,06:46 PM,"Shashthi upto 04:26 AM, Sep 03","Bharani upto 01:43 AM, Sep 03",Krishna Paksha,Budhawara,Shravana,Simha,,True,,2026-09-04 02:25:00 AM,2026-09-05 12:13:00 AM,2026-09-04 12:29:00 AM,2026-09-04 11:04:00 PM,"2026-09-03: Saptami upto 02:25 AM, Sep 04","2026-09-04: Ashtami upto 12:13 AM, Sep 05","2026-09-03: Krittika upto 12:29 AM, Sep 04",2026-09-04: Rohini upto 11:04 PM,2026-09-04 02:25:00 AM,2026-09-04 11:04:00 PM,2026-09-02 06:20:00 AM,2026-09-02 06:46:00 PM,2026-09-03 06:20:00 AM,2026-09-02,2026-09-03 12:33:00 AM,2026-09-03 12:09:00 AM,2026-09-03 12:57:00 AM,False,False,False,False,False,True,False,False,False,,,True,False,,,,,False,False,False,,,,True,999,0,ASHTAMI_ROHINI_OVERLAP_WAIT_FOR_NEXT_NISHITA,True,"Ashtami and Rohini overlap, but this night's Nishita is not inside the overlap and is not after the overlap has ended. The Puja belongs to the first Nishita after the joint overlap ends.",0,,
31,2026-09-03,True,Kolhapur,Maharashtra,India,Asia/Kolkata,1266285,Kolhapur,06:20 AM,06:45 PM,"Saptami upto 02:25 AM, Sep 04","Krittika upto 12:29 AM, Sep 04",Krishna Paksha,Guruwara,Shravana,Simha,,True,,2026-09-04 02:25:00 AM,2026-09-05 12:13:00 AM,2026-09-04 12:29:00 AM,2026-09-04 11:04:00 PM,"2026-09-03: Saptami upto 02:25 AM, Sep 04","2026-09-04: Ashtami upto 12:13 AM, Sep 05","2026-09-03: Krittika upto 12:29 AM, Sep 04",2026-09-04: Rohini upto 11:04 PM,2026-09-04 02:25:00 AM,2026-09-04 11:04:00 PM,2026-09-03 06:20:00 AM,2026-09-03 06:45:00 PM,2026-09-04 06:20:00 AM,2026-09-03,2026-09-04 12:32:30 AM,2026-09-04 12:08:30 AM,2026-09-04 12:56:30 AM,False,False,True,True,False,True,False,False,False,,,True,True,,,,,False,False,False,,,,False,999,1,ASHTAMI_ROHINI_OVERLAP_WAIT_FOR_NEXT_NISHITA,True,"Ashtami and Rohini overlap, but this night's Nishita is not inside the overlap and is not after the overlap has ended. The Puja belongs to the first Nishita after the joint overlap ends.",0,,
31,2026-09-04,True,Kolhapur,Maharashtra,India,Asia/Kolkata,1266285,Kolhapur,06:20 AM,06:44 PM,"Ashtami upto 12:13 AM, Sep 05",Rohini upto 11:04 PM,Krishna Paksha,Shukrawara,Shravana,Simha,,True,,2026-09-04 02:25:00 AM,2026-09-05 12:13:00 AM,2026-09-04 12:29:00 AM,2026-09-04 11:04:00 PM,"2026-09-03: Saptami upto 02:25 AM, Sep 04","2026-09-04: Ashtami upto 12:13 AM, Sep 05","2026-09-03: Krittika upto 12:29 AM, Sep 04",2026-09-04: Rohini upto 11:04 PM,2026-09-04 02:25:00 AM,2026-09-04 11:04:00 PM,2026-09-04 06:20:00 AM,2026-09-04 06:44:00 PM,2026-09-05 06:20:00 AM,2026-09-04,2026-09-05 12:32:00 AM,2026-09-05 12:08:00 AM,2026-09-05 12:56:00 AM,True,False,False,True,False,True,True,False,False,,,False,True,,,,,False,False,False,,,,False,20,1,ASHTAMI_ROHINI_OVERLAP_THEN_NEXT_NISHITA,False,,0,,
31,2026-09-05,True,Kolhapur,Maharashtra,India,Asia/Kolkata,1266285,Kolhapur,06:20 AM,06:43 PM,Navami upto 09:53 PM,Mrigashira upto 09:30 PM,Krishna Paksha,Shaniwara,Shravana,Simha,,True,,2026-09-04 02:25:00 AM,2026-09-05 12:13:00 AM,2026-09-04 12:29:00 AM,2026-09-04 11:04:00 PM,"2026-09-03: Saptami upto 02:25 AM, Sep 04","2026-09-04: Ashtami upto 12:13 AM, Sep 05","2026-09-03: Krittika upto 12:29 AM, Sep 04",2026-09-04: Rohini upto 11:04 PM,2026-09-04 02:25:00 AM,2026-09-04 11:04:00 PM,2026-09-05 06:20:00 AM,2026-09-05 06:43:00 PM,2026-09-06 06:20:00 AM,2026-09-05,2026-09-06 12:31:30 AM,2026-09-06 12:07:30 AM,2026-09-06 12:55:30 AM,False,False,False,False,False,True,True,False,False,,,False,True,,,,,False,False,False,,,,False,20,1,ASHTAMI_ROHINI_OVERLAP_THEN_NEXT_NISHITA,False,,0,,
31,2026-09-06,True,Kolhapur,Maharashtra,India,Asia/Kolkata,1266285,Kolhapur,06:20 AM,06:42 PM,Dashami upto 07:29 PM,Ardra upto 07:52 PM,Krishna Paksha,Raviwara,Shravana,Simha,,True,,2026-09-04 02:25:00 AM,2026-09-05 12:13:00 AM,2026-09-04 12:29:00 AM,2026-09-04 11:04:00 PM,"2026-09-03: Saptami upto 02:25 AM, Sep 04","2026-09-04: Ashtami upto 12:13 AM, Sep 05","2026-09-03: Krittika upto 12:29 AM, Sep 04",2026-09-04: Rohini upto 11:04 PM,2026-09-04 02:25:00 AM,2026-09-04 11:04:00 PM,2026-09-06 06:20:00 AM,2026-09-06 06:42:00 PM,2026-09-07 06:20:00 AM,2026-09-06,2026-09-07 12:31:00 AM,2026-09-07 12:07:00 AM,2026-09-07 12:55:00 AM,False,False,False,False,False,True,True,False,False,,,False,True,,,,,False,False,False,,,,False,20,1,ASHTAMI_ROHINI_OVERLAP_THEN_NEXT_NISHITA,False,,0,,
32,2026-09-02,True,Nagpur,Maharashtra,India,Asia/Kolkata,1262180,Nagpur,05:57 AM,06:29 PM,"Panchami upto 06:12 AM; Shashthi upto 04:25 AM, Sep 03","Bharani upto 01:43 AM, Sep 03",Krishna Paksha,Budhawara,Shravana,Simha,,True,,2026-09-04 02:25:00 AM,2026-09-05 12:13:00 AM,2026-09-04 12:29:00 AM,2026-09-04 11:04:00 PM,"2026-09-03: Saptami upto 02:25 AM, Sep 04","2026-09-04: Ashtami upto 12:13 AM, Sep 05","2026-09-03: Krittika upto 12:29 AM, Sep 04",2026-09-04: Rohini upto 11:04 PM,2026-09-04 02:25:00 AM,2026-09-04 11:04:00 PM,2026-09-02 05:57:00 AM,2026-09-02 06:29:00 PM,2026-09-03 05:58:00 AM,2026-09-02,2026-09-03 12:13:30 AM,2026-09-02 11:49:30 PM,2026-09-03 12:37:30 AM,False,False,False,False,False,True,False,False,False,,,True,False,,,,,False,False,False,,,,True,999,0,ASHTAMI_ROHINI_OVERLAP_WAIT_FOR_NEXT_NISHITA,True,"Ashtami and Rohini overlap, but this night's Nishita is not inside the overlap and is not after the overlap has ended. The Puja belongs to the first Nishita after the joint overlap ends.",0,,
32,2026-09-03,True,Nagpur,Maharashtra,India,Asia/Kolkata,1262180,Nagpur,05:58 AM,06:28 PM,"Saptami upto 02:25 AM, Sep 04","Krittika upto 12:29 AM, Sep 04",Krishna Paksha,Guruwara,Shravana,Simha,,True,,2026-09-04 02:25:00 AM,2026-09-05 12:13:00 AM,2026-09-04 12:29:00 AM,2026-09-04 11:04:00 PM,"2026-09-03: Saptami upto 02:25 AM, Sep 04","2026-09-04: Ashtami upto 12:13 AM, Sep 05","2026-09-03: Krittika upto 12:29 AM, Sep 04",2026-09-04: Rohini upto 11:04 PM,2026-09-04 02:25:00 AM,2026-09-04 11:04:00 PM,2026-09-03 05:58:00 AM,2026-09-03 06:28:00 PM,2026-09-04 05:58:00 AM,2026-09-03,2026-09-04 12:13:00 AM,2026-09-03 11:49:00 PM,2026-09-04 12:37:00 AM,False,False,False,True,False,True,False,False,False,,,True,True,,,,,False,False,False,,,,False,999,1,ASHTAMI_ROHINI_OVERLAP_WAIT_FOR_NEXT_NISHITA,True,"Ashtami and Rohini overlap, but this night's Nishita is not inside the overlap and is not after the overlap has ended. The Puja belongs to the first Nishita after the joint overlap ends.",0,,
32,2026-09-04,True,Nagpur,Maharashtra,India,Asia/Kolkata,1262180,Nagpur,05:58 AM,06:27 PM,"Ashtami upto 12:13 AM, Sep 05",Rohini upto 11:04 PM,Krishna Paksha,Shukrawara,Shravana,Simha,,True,,2026-09-04 02:25:00 AM,2026-09-05 12:13:00 AM,2026-09-04 12:29:00 AM,2026-09-04 11:04:00 PM,"2026-09-03: Saptami upto 02:25 AM, Sep 04","2026-09-04: Ashtami upto 12:13 AM, Sep 05","2026-09-03: Krittika upto 12:29 AM, Sep 04",2026-09-04: Rohini upto 11:04 PM,2026-09-04 02:25:00 AM,2026-09-04 11:04:00 PM,2026-09-04 05:58:00 AM,2026-09-04 06:27:00 PM,2026-09-05 05:58:00 AM,2026-09-04,2026-09-05 12:12:30 AM,2026-09-04 11:48:30 PM,2026-09-05 12:36:30 AM,True,True,False,True,False,True,True,False,False,,,False,True,,,,,False,False,False,,,,False,20,1,ASHTAMI_ROHINI_OVERLAP_THEN_NEXT_NISHITA,False,,0,,
32,2026-09-05,True,Nagpur,Maharashtra,India,Asia/Kolkata,1262180,Nagpur,05:58 AM,06:26 PM,Navami upto 09:53 PM,Mrigashira upto 09:30 PM,Krishna Paksha,Shaniwara,Shravana,Simha,,True,,2026-09-04 02:25:00 AM,2026-09-05 12:13:00 AM,2026-09-04 12:29:00 AM,2026-09-04 11:04:00 PM,"2026-09-03: Saptami upto 02:25 AM, Sep 04","2026-09-04: Ashtami upto 12:13 AM, Sep 05","2026-09-03: Krittika upto 12:29 AM, Sep 04",2026-09-04: Rohini upto 11:04 PM,2026-09-04 02:25:00 AM,2026-09-04 11:04:00 PM,2026-09-05 05:58:00 AM,2026-09-05 06:26:00 PM,2026-09-06 05:58:00 AM,2026-09-05,2026-09-06 12:12:00 AM,2026-09-05 11:48:00 PM,2026-09-06 12:36:00 AM,False,False,False,False,False,True,True,False,False,,,False,True,,,,,False,False,False,,,,False,20,1,ASHTAMI_ROHINI_OVERLAP_THEN_NEXT_NISHITA,False,,0,,
32,2026-09-06,True,Nagpur,Maharashtra,India,Asia/Kolkata,1262180,Nagpur,05:58 AM,06:25 PM,Dashami upto 07:29 PM,Ardra upto 07:52 PM,Krishna Paksha,Raviwara,Shravana,Simha,,True,,2026-09-04 02:25:00 AM,2026-09-05 12:13:00 AM,2026-09-04 12:29:00 AM,2026-09-04 11:04:00 PM,"2026-09-03: Saptami upto 02:25 AM, Sep 04","2026-09-04: Ashtami upto 12:13 AM, Sep 05","2026-09-03: Krittika upto 12:29 AM, Sep 04",2026-09-04: Rohini upto 11:04 PM,2026-09-04 02:25:00 AM,2026-09-04 11:04:00 PM,2026-09-06 05:58:00 AM,2026-09-06 06:25:00 PM,2026-09-07 05:59:00 AM,2026-09-06,2026-09-07 12:12:00 AM,2026-09-06 11:48:00 PM,2026-09-07 12:36:00 AM,False,False,False,False,False,True,True,False,False,,,False,True,,,,,False,False,False,,,,False,20,1,ASHTAMI_ROHINI_OVERLAP_THEN_NEXT_NISHITA,False,,0,,
33,2026-09-02,True,Visakhapatnam,Andra Pradesh,India,Asia/Kolkata,1253102,Visakhapatnam,05:43 AM,06:10 PM,"Panchami upto 06:12 AM; Shashthi upto 04:25 AM, Sep 03","Bharani upto 01:43 AM, Sep 03",Krishna Paksha,Budhawara,Shravana,Simha,,True,,2026-09-04 02:25:00 AM,2026-09-05 12:13:00 AM,2026-09-04 12:29:00 AM,2026-09-04 11:04:00 PM,"2026-09-03: Saptami upto 02:25 AM, Sep 04","2026-09-04: Ashtami upto 12:13 AM, Sep 05","2026-09-03: Krittika upto 12:29 AM, Sep 04",2026-09-04: Rohini upto 11:04 PM,2026-09-04 02:25:00 AM,2026-09-04 11:04:00 PM,2026-09-02 05:43:00 AM,2026-09-02 06:10:00 PM,2026-09-03 05:43:00 AM,2026-09-02,2026-09-02 11:56:30 PM,2026-09-02 11:32:30 PM,2026-09-03 12:20:30 AM,False,False,False,False,False,True,False,False,False,,,True,False,,,,,False,False,False,,,,True,999,0,ASHTAMI_ROHINI_OVERLAP_WAIT_FOR_NEXT_NISHITA,True,"Ashtami and Rohini overlap, but this night's Nishita is not inside the overlap and is not after the overlap has ended. The Puja belongs to the first Nishita after the joint overlap ends.",0,,
33,2026-09-03,True,Visakhapatnam,Andra Pradesh,India,Asia/Kolkata,1253102,Visakhapatnam,05:43 AM,06:10 PM,"Saptami upto 02:25 AM, Sep 04","Krittika upto 12:29 AM, Sep 04",Krishna Paksha,Guruwara,Shravana,Simha,,True,,2026-09-04 02:25:00 AM,2026-09-05 12:13:00 AM,2026-09-04 12:29:00 AM,2026-09-04 11:04:00 PM,"2026-09-03: Saptami upto 02:25 AM, Sep 04","2026-09-04: Ashtami upto 12:13 AM, Sep 05","2026-09-03: Krittika upto 12:29 AM, Sep 04",2026-09-04: Rohini upto 11:04 PM,2026-09-04 02:25:00 AM,2026-09-04 11:04:00 PM,2026-09-03 05:43:00 AM,2026-09-03 06:10:00 PM,2026-09-04 05:44:00 AM,2026-09-03,2026-09-03 11:57:00 PM,2026-09-03 11:33:00 PM,2026-09-04 12:21:00 AM,False,False,False,True,False,True,False,False,False,,,True,True,,,,,False,False,False,,,,False,999,1,ASHTAMI_ROHINI_OVERLAP_WAIT_FOR_NEXT_NISHITA,True,"Ashtami and Rohini overlap, but this night's Nishita is not inside the overlap and is not after the overlap has ended. The Puja belongs to the first Nishita after the joint overlap ends.",0,,
33,2026-09-04,True,Visakhapatnam,Andra Pradesh,India,Asia/Kolkata,1253102,Visakhapatnam,05:44 AM,06:09 PM,"Ashtami upto 12:13 AM, Sep 05",Rohini upto 11:04 PM,Krishna Paksha,Shukrawara,Shravana,Simha,,True,,2026-09-04 02:25:00 AM,2026-09-05 12:13:00 AM,2026-09-04 12:29:00 AM,2026-09-04 11:04:00 PM,"2026-09-03: Saptami upto 02:25 AM, Sep 04","2026-09-04: Ashtami upto 12:13 AM, Sep 05","2026-09-03: Krittika upto 12:29 AM, Sep 04",2026-09-04: Rohini upto 11:04 PM,2026-09-04 02:25:00 AM,2026-09-04 11:04:00 PM,2026-09-04 05:44:00 AM,2026-09-04 06:09:00 PM,2026-09-05 05:44:00 AM,2026-09-04,2026-09-04 11:56:30 PM,2026-09-04 11:32:30 PM,2026-09-05 12:20:30 AM,True,True,False,True,False,True,True,False,False,,,False,True,,,,,False,False,False,,,,False,20,1,ASHTAMI_ROHINI_OVERLAP_THEN_NEXT_NISHITA,False,,0,,
33,2026-09-05,True,Visakhapatnam,Andra Pradesh,India,Asia/Kolkata,1253102,Visakhapatnam,05:44 AM,06:08 PM,Navami upto 09:53 PM,Mrigashira upto 09:30 PM,Krishna Paksha,Shaniwara,Shravana,Simha,,True,,2026-09-04 02:25:00 AM,2026-09-05 12:13:00 AM,2026-09-04 12:29:00 AM,2026-09-04 11:04:00 PM,"2026-09-03: Saptami upto 02:25 AM, Sep 04","2026-09-04: Ashtami upto 12:13 AM, Sep 05","2026-09-03: Krittika upto 12:29 AM, Sep 04",2026-09-04: Rohini upto 11:04 PM,2026-09-04 02:25:00 AM,2026-09-04 11:04:00 PM,2026-09-05 05:44:00 AM,2026-09-05 06:08:00 PM,2026-09-06 05:44:00 AM,2026-09-05,2026-09-05 11:56:00 PM,2026-09-05 11:32:00 PM,2026-09-06 12:20:00 AM,False,False,False,False,False,True,True,False,False,,,False,True,,,,,False,False,False,,,,False,20,1,ASHTAMI_ROHINI_OVERLAP_THEN_NEXT_NISHITA,False,,0,,
33,2026-09-06,True,Visakhapatnam,Andra Pradesh,India,Asia/Kolkata,1253102,Visakhapatnam,05:44 AM,06:07 PM,Dashami upto 07:29 PM,Ardra upto 07:52 PM,Krishna Paksha,Raviwara,Shravana,Simha,,True,,2026-09-04 02:25:00 AM,2026-09-05 12:13:00 AM,2026-09-04 12:29:00 AM,2026-09-04 11:04:00 PM,"2026-09-03: Saptami upto 02:25 AM, Sep 04","2026-09-04: Ashtami upto 12:13 AM, Sep 05","2026-09-03: Krittika upto 12:29 AM, Sep 04",2026-09-04: Rohini upto 11:04 PM,2026-09-04 02:25:00 AM,2026-09-04 11:04:00 PM,2026-09-06 05:44:00 AM,2026-09-06 06:07:00 PM,2026-09-07 05:44:00 AM,2026-09-06,2026-09-06 11:55:30 PM,2026-09-06 11:31:30 PM,2026-09-07 12:19:30 AM,False,False,False,False,False,True,True,False,False,,,False,True,,,,,False,False,False,,,,False,20,1,ASHTAMI_ROHINI_OVERLAP_THEN_NEXT_NISHITA,False,,0,,
34,2026-09-02,True,Dubai,Dubai,United Arab Emirates,Asia/Dubai,292223,Dubai,06:00 AM,06:37 PM,"Shashthi upto 02:55 AM, Sep 03","Bharani upto 12:13 AM, Sep 03",Krishna Paksha,Budhawara,Shravana,Simha,,True,,2026-09-04 12:55:00 AM,2026-09-04 10:43:00 PM,2026-09-03 10:59:00 PM,2026-09-04 09:34:00 PM,"2026-09-03: Saptami upto 12:55 AM, Sep 04",2026-09-04: Ashtami upto 10:43 PM,2026-09-03: Krittika upto 10:59 PM,2026-09-04: Rohini upto 09:34 PM,2026-09-04 12:55:00 AM,2026-09-04 09:34:00 PM,2026-09-02 06:00:00 AM,2026-09-02 06:37:00 PM,2026-09-03 06:01:00 AM,2026-09-02,2026-09-03 12:19:00 AM,2026-09-02 11:55:00 PM,2026-09-03 12:43:00 AM,False,False,False,False,False,True,False,False,False,,,True,False,,,,,False,False,False,,,,True,999,0,ASHTAMI_ROHINI_OVERLAP_WAIT_FOR_NEXT_NISHITA,True,"Ashtami and Rohini overlap, but this night's Nishita is not inside the overlap and is not after the overlap has ended. The Puja belongs to the first Nishita after the joint overlap ends.",0,,
34,2026-09-03,True,Dubai,Dubai,United Arab Emirates,Asia/Dubai,292223,Dubai,06:01 AM,06:36 PM,"Saptami upto 12:55 AM, Sep 04",Krittika upto 10:59 PM,Krishna Paksha,Guruwara,Shravana,Simha,,True,,2026-09-04 12:55:00 AM,2026-09-04 10:43:00 PM,2026-09-03 10:59:00 PM,2026-09-04 09:34:00 PM,"2026-09-03: Saptami upto 12:55 AM, Sep 04",2026-09-04: Ashtami upto 10:43 PM,2026-09-03: Krittika upto 10:59 PM,2026-09-04: Rohini upto 09:34 PM,2026-09-04 12:55:00 AM,2026-09-04 09:34:00 PM,2026-09-03 06:01:00 AM,2026-09-03 06:36:00 PM,2026-09-04 06:01:00 AM,2026-09-03,2026-09-04 12:18:30 AM,2026-09-03 11:54:30 PM,2026-09-04 12:42:30 AM,False,False,True,True,False,True,False,False,False,,,True,True,,,,,False,False,False,,,,False,999,1,ASHTAMI_ROHINI_OVERLAP_WAIT_FOR_NEXT_NISHITA,True,"Ashtami and Rohini overlap, but this night's Nishita is not inside the overlap and is not after the overlap has ended. The Puja belongs to the first Nishita after the joint overlap ends.",0,,
34,2026-09-04,True,Dubai,Dubai,United Arab Emirates,Asia/Dubai,292223,Dubai,06:01 AM,06:35 PM,Ashtami upto 10:43 PM,Rohini upto 09:34 PM,Krishna Paksha,Shukrawara,Shravana,Simha,,True,,2026-09-04 12:55:00 AM,2026-09-04 10:43:00 PM,2026-09-03 10:59:00 PM,2026-09-04 09:34:00 PM,"2026-09-03: Saptami upto 12:55 AM, Sep 04",2026-09-04: Ashtami upto 10:43 PM,2026-09-03: Krittika upto 10:59 PM,2026-09-04: Rohini upto 09:34 PM,2026-09-04 12:55:00 AM,2026-09-04 09:34:00 PM,2026-09-04 06:01:00 AM,2026-09-04 06:35:00 PM,2026-09-05 06:02:00 AM,2026-09-04,2026-09-05 12:18:30 AM,2026-09-04 11:54:30 PM,2026-09-05 12:42:30 AM,True,False,False,True,False,True,True,False,False,,,False,True,,,,,False,False,False,,,,False,20,1,ASHTAMI_ROHINI_OVERLAP_THEN_NEXT_NISHITA,False,,0,,
34,2026-09-05,True,Dubai,Dubai,United Arab Emirates,Asia/Dubai,292223,Dubai,06:02 AM,06:34 PM,Navami upto 08:23 PM,Mrigashira upto 08:00 PM,Krishna Paksha,Shaniwara,Shravana,Simha,,True,,2026-09-04 12:55:00 AM,2026-09-04 10:43:00 PM,2026-09-03 10:59:00 PM,2026-09-04 09:34:00 PM,"2026-09-03: Saptami upto 12:55 AM, Sep 04",2026-09-04: Ashtami upto 10:43 PM,2026-09-03: Krittika upto 10:59 PM,2026-09-04: Rohini upto 09:34 PM,2026-09-04 12:55:00 AM,2026-09-04 09:34:00 PM,2026-09-05 06:02:00 AM,2026-09-05 06:34:00 PM,2026-09-06 06:02:00 AM,2026-09-05,2026-09-06 12:18:00 AM,2026-09-05 11:54:00 PM,2026-09-06 12:42:00 AM,False,False,False,False,False,True,True,False,False,,,False,True,,,,,False,False,False,,,,False,20,1,ASHTAMI_ROHINI_OVERLAP_THEN_NEXT_NISHITA,False,,0,,
34,2026-09-06,True,Dubai,Dubai,United Arab Emirates,Asia/Dubai,292223,Dubai,06:02 AM,06:33 PM,Dashami upto 05:59 PM,Ardra upto 06:22 PM,Krishna Paksha,Raviwara,Shravana,Simha,,True,,2026-09-04 12:55:00 AM,2026-09-04 10:43:00 PM,2026-09-03 10:59:00 PM,2026-09-04 09:34:00 PM,"2026-09-03: Saptami upto 12:55 AM, Sep 04",2026-09-04: Ashtami upto 10:43 PM,2026-09-03: Krittika upto 10:59 PM,2026-09-04: Rohini upto 09:34 PM,2026-09-04 12:55:00 AM,2026-09-04 09:34:00 PM,2026-09-06 06:02:00 AM,2026-09-06 06:33:00 PM,2026-09-07 06:02:00 AM,2026-09-06,2026-09-07 12:17:30 AM,2026-09-06 11:53:30 PM,2026-09-07 12:41:30 AM,False,False,False,False,False,True,True,False,False,,,False,True,,,,,False,False,False,,,,False,20,1,ASHTAMI_ROHINI_OVERLAP_THEN_NEXT_NISHITA,False,,0,,
35,2026-09-02,True,Doha,Baladīyat ad Dawḩah,Qatar,Asia/Qatar,290030,Doha,05:15 AM,05:52 PM,"Shashthi upto 01:56 AM, Sep 03",Bharani upto 11:13 PM,Krishna Paksha,Budhawara,Shravana,Simha,,True,,2026-09-03 11:55:00 PM,2026-09-04 09:43:00 PM,2026-09-03 09:59:00 PM,2026-09-04 08:34:00 PM,2026-09-03: Saptami upto 11:55 PM,2026-09-04: Ashtami upto 09:43 PM,2026-09-03: Krittika upto 09:59 PM,2026-09-04: Rohini upto 08:34 PM,2026-09-03 11:55:00 PM,2026-09-04 08:34:00 PM,2026-09-02 05:15:00 AM,2026-09-02 05:52:00 PM,2026-09-03 05:15:00 AM,2026-09-02,2026-09-02 11:33:30 PM,2026-09-02 11:09:30 PM,2026-09-02 11:57:30 PM,False,False,False,False,False,True,False,False,False,,,True,False,,,,,False,False,False,,,,True,999,0,ASHTAMI_ROHINI_OVERLAP_WAIT_FOR_NEXT_NISHITA,True,"Ashtami and Rohini overlap, but this night's Nishita is not inside the overlap and is not after the overlap has ended. The Puja belongs to the first Nishita after the joint overlap ends.",0,,
35,2026-09-03,True,Doha,Baladīyat ad Dawḩah,Qatar,Asia/Qatar,290030,Doha,05:15 AM,05:51 PM,Saptami upto 11:55 PM,Krittika upto 09:59 PM,Krishna Paksha,Guruwara,Shravana,Simha,,True,,2026-09-03 11:55:00 PM,2026-09-04 09:43:00 PM,2026-09-03 09:59:00 PM,2026-09-04 08:34:00 PM,2026-09-03: Saptami upto 11:55 PM,2026-09-04: Ashtami upto 09:43 PM,2026-09-03: Krittika upto 09:59 PM,2026-09-04: Rohini upto 08:34 PM,2026-09-03 11:55:00 PM,2026-09-04 08:34:00 PM,2026-09-03 05:15:00 AM,2026-09-03 05:51:00 PM,2026-09-04 05:16:00 AM,2026-09-03,2026-09-03 11:33:30 PM,2026-09-03 11:09:30 PM,2026-09-03 11:57:30 PM,False,False,True,True,False,True,False,True,False,2026-09-03 11:55:00 PM,2026-09-03 11:57:30 PM,True,True,,,,,False,False,False,,,,False,999,1,ASHTAMI_ROHINI_OVERLAP_WAIT_FOR_NEXT_NISHITA,True,"Ashtami and Rohini overlap, but this night's Nishita is not inside the overlap and is not after the overlap has ended. The Puja belongs to the first Nishita after the joint overlap ends.",0,,
35,2026-09-04,True,Doha,Baladīyat ad Dawḩah,Qatar,Asia/Qatar,290030,Doha,05:16 AM,05:50 PM,Ashtami upto 09:43 PM,Rohini upto 08:34 PM,Krishna Paksha,Shukrawara,Shravana,Simha,,True,,2026-09-03 11:55:00 PM,2026-09-04 09:43:00 PM,2026-09-03 09:59:00 PM,2026-09-04 08:34:00 PM,2026-09-03: Saptami upto 11:55 PM,2026-09-04: Ashtami upto 09:43 PM,2026-09-03: Krittika upto 09:59 PM,2026-09-04: Rohini upto 08:34 PM,2026-09-03 11:55:00 PM,2026-09-04 08:34:00 PM,2026-09-04 05:16:00 AM,2026-09-04 05:50:00 PM,2026-09-05 05:16:00 AM,2026-09-04,2026-09-04 11:33:00 PM,2026-09-04 11:09:00 PM,2026-09-04 11:57:00 PM,True,False,False,True,False,True,True,False,False,,,False,True,,,,,False,False,False,,,,False,20,1,ASHTAMI_ROHINI_OVERLAP_THEN_NEXT_NISHITA,False,,0,,
35,2026-09-05,True,Doha,Baladīyat ad Dawḩah,Qatar,Asia/Qatar,290030,Doha,05:16 AM,05:49 PM,Navami upto 07:23 PM,Mrigashira upto 07:00 PM,Krishna Paksha,Shaniwara,Shravana,Simha,,True,,2026-09-03 11:55:00 PM,2026-09-04 09:43:00 PM,2026-09-03 09:59:00 PM,2026-09-04 08:34:00 PM,2026-09-03: Saptami upto 11:55 PM,2026-09-04: Ashtami upto 09:43 PM,2026-09-03: Krittika upto 09:59 PM,2026-09-04: Rohini upto 08:34 PM,2026-09-03 11:55:00 PM,2026-09-04 08:34:00 PM,2026-09-05 05:16:00 AM,2026-09-05 05:49:00 PM,2026-09-06 05:16:00 AM,2026-09-05,2026-09-05 11:32:30 PM,2026-09-05 11:08:30 PM,2026-09-05 11:56:30 PM,False,False,False,False,False,True,True,False,False,,,False,True,,,,,False,False,False,,,,False,20,1,ASHTAMI_ROHINI_OVERLAP_THEN_NEXT_NISHITA,False,,0,,
35,2026-09-06,True,Doha,Baladīyat ad Dawḩah,Qatar,Asia/Qatar,290030,Doha,05:16 AM,05:48 PM,Dashami upto 04:59 PM,Ardra upto 05:22 PM,Krishna Paksha,Raviwara,Shravana,Simha,,True,,2026-09-03 11:55:00 PM,2026-09-04 09:43:00 PM,2026-09-03 09:59:00 PM,2026-09-04 08:34:00 PM,2026-09-03: Saptami upto 11:55 PM,2026-09-04: Ashtami upto 09:43 PM,2026-09-03: Krittika upto 09:59 PM,2026-09-04: Rohini upto 08:34 PM,2026-09-03 11:55:00 PM,2026-09-04 08:34:00 PM,2026-09-06 05:16:00 AM,2026-09-06 05:48:00 PM,2026-09-07 05:17:00 AM,2026-09-06,2026-09-06 11:32:30 PM,2026-09-06 11:08:30 PM,2026-09-06 11:56:30 PM,False,False,False,False,False,True,True,False,False,,,False,True,,,,,False,False,False,,,,False,20,1,ASHTAMI_ROHINI_OVERLAP_THEN_NEXT_NISHITA,False,,0,,
36,2026-09-02,True,Zurich,Zurich,Switzerland,Europe/Zurich,2657896,Zurich,06:46 AM,08:04 PM,"Shashthi upto 12:56 AM, Sep 03",Bharani upto 10:13 PM,Krishna Paksha,Budhawara,Shravana,Simha,,True,,2026-09-03 10:55:00 PM,2026-09-04 08:43:00 PM,2026-09-03 08:59:00 PM,2026-09-04 07:34:00 PM,2026-09-03: Saptami upto 10:55 PM,2026-09-04: Ashtami upto 08:43 PM,2026-09-03: Krittika upto 08:59 PM,2026-09-04: Rohini upto 07:34 PM,2026-09-03 10:55:00 PM,2026-09-04 07:34:00 PM,2026-09-02 06:46:00 AM,2026-09-02 08:04:00 PM,2026-09-03 06:47:00 AM,2026-09-02,2026-09-03 01:25:30 AM,2026-09-03 01:01:30 AM,2026-09-03 01:49:30 AM,False,False,False,False,False,True,False,False,False,,,True,False,,,,,False,False,False,,,,True,999,0,ASHTAMI_ROHINI_OVERLAP_WAIT_FOR_NEXT_NISHITA,True,"Ashtami and Rohini overlap, but this night's Nishita is not inside the overlap and is not after the overlap has ended. The Puja belongs to the first Nishita after the joint overlap ends.",1,,
36,2026-09-03,True,Zurich,Zurich,Switzerland,Europe/Zurich,2657896,Zurich,06:47 AM,08:02 PM,Saptami upto 10:55 PM,Krittika upto 08:59 PM,Krishna Paksha,Guruwara,Shravana,Simha,,True,,2026-09-03 10:55:00 PM,2026-09-04 08:43:00 PM,2026-09-03 08:59:00 PM,2026-09-04 07:34:00 PM,2026-09-03: Saptami upto 10:55 PM,2026-09-04: Ashtami upto 08:43 PM,2026-09-03: Krittika upto 08:59 PM,2026-09-04: Rohini upto 07:34 PM,2026-09-03 10:55:00 PM,2026-09-04 07:34:00 PM,2026-09-03 06:47:00 AM,2026-09-03 08:02:00 PM,2026-09-04 06:48:00 AM,2026-09-03,2026-09-04 01:25:00 AM,2026-09-04 01:01:00 AM,2026-09-04 01:49:00 AM,False,True,True,True,True,True,False,True,True,2026-09-04 01:01:00 AM,2026-09-04 01:49:00 AM,True,True,,,,,False,False,False,,,,False,10,1,ASHTAMI_ROHINI_AT_NISHITA,False,,1,1,Only one Nishita falls inside the Ashtami-Rohini joint overlap.
36,2026-09-04,True,Zurich,Zurich,Switzerland,Europe/Zurich,2657896,Zurich,06:48 AM,08:00 PM,Ashtami upto 08:43 PM,Rohini upto 07:34 PM,Krishna Paksha,Shukrawara,Shravana,Simha,,True,,2026-09-03 10:55:00 PM,2026-09-04 08:43:00 PM,2026-09-03 08:59:00 PM,2026-09-04 07:34:00 PM,2026-09-03: Saptami upto 10:55 PM,2026-09-04: Ashtami upto 08:43 PM,2026-09-03: Krittika upto 08:59 PM,2026-09-04: Rohini upto 07:34 PM,2026-09-03 10:55:00 PM,2026-09-04 07:34:00 PM,2026-09-04 06:48:00 AM,2026-09-04 08:00:00 PM,2026-09-05 06:50:00 AM,2026-09-04,2026-09-05 01:25:00 AM,2026-09-05 01:01:00 AM,2026-09-05 01:49:00 AM,True,False,False,True,False,True,True,False,False,,,False,True,,,,,False,False,False,,,,False,20,1,ASHTAMI_ROHINI_OVERLAP_THEN_NEXT_NISHITA,False,,1,,
36,2026-09-05,True,Zurich,Zurich,Switzerland,Europe/Zurich,2657896,Zurich,06:50 AM,07:58 PM,Navami upto 06:23 PM,Mrigashira upto 06:00 PM,Krishna Paksha,Shaniwara,Shravana,Simha,,True,,2026-09-03 10:55:00 PM,2026-09-04 08:43:00 PM,2026-09-03 08:59:00 PM,2026-09-04 07:34:00 PM,2026-09-03: Saptami upto 10:55 PM,2026-09-04: Ashtami upto 08:43 PM,2026-09-03: Krittika upto 08:59 PM,2026-09-04: Rohini upto 07:34 PM,2026-09-03 10:55:00 PM,2026-09-04 07:34:00 PM,2026-09-05 06:50:00 AM,2026-09-05 07:58:00 PM,2026-09-06 06:51:00 AM,2026-09-05,2026-09-06 01:24:30 AM,2026-09-06 01:00:30 AM,2026-09-06 01:48:30 AM,False,False,False,False,False,True,True,False,False,,,False,True,,,,,False,False,False,,,,False,20,1,ASHTAMI_ROHINI_OVERLAP_THEN_NEXT_NISHITA,False,,1,,
36,2026-09-06,True,Zurich,Zurich,Switzerland,Europe/Zurich,2657896,Zurich,06:51 AM,07:56 PM,Dashami upto 03:59 PM,Ardra upto 04:22 PM,Krishna Paksha,Raviwara,Shravana,Simha,,True,,2026-09-03 10:55:00 PM,2026-09-04 08:43:00 PM,2026-09-03 08:59:00 PM,2026-09-04 07:34:00 PM,2026-09-03: Saptami upto 10:55 PM,2026-09-04: Ashtami upto 08:43 PM,2026-09-03: Krittika upto 08:59 PM,2026-09-04: Rohini upto 07:34 PM,2026-09-03 10:55:00 PM,2026-09-04 07:34:00 PM,2026-09-06 06:51:00 AM,2026-09-06 07:56:00 PM,2026-09-07 06:52:00 AM,2026-09-06,2026-09-07 01:24:00 AM,2026-09-07 01:00:00 AM,2026-09-07 01:48:00 AM,False,False,False,False,False,True,True,False,False,,,False,True,,,,,False,False,False,,,,False,20,1,ASHTAMI_ROHINI_OVERLAP_THEN_NEXT_NISHITA,False,,1,,
37,2026-09-02,True,Esslingen,Esslingen,Germany,Europe/Berlin,2928751,Esslingen,06:41 AM,08:03 PM,"Shashthi upto 12:55 AM, Sep 03",Bharani upto 10:13 PM,Krishna Paksha,Budhawara,Shravana,Simha,,True,,2026-09-03 10:55:00 PM,2026-09-04 08:43:00 PM,2026-09-03 08:59:00 PM,2026-09-04 07:34:00 PM,2026-09-03: Saptami upto 10:55 PM,2026-09-04: Ashtami upto 08:43 PM,2026-09-03: Krittika upto 08:59 PM,2026-09-04: Rohini upto 07:34 PM,2026-09-03 10:55:00 PM,2026-09-04 07:34:00 PM,2026-09-02 06:41:00 AM,2026-09-02 08:03:00 PM,2026-09-03 06:42:00 AM,2026-09-02,2026-09-03 01:22:30 AM,2026-09-03 12:58:30 AM,2026-09-03 01:46:30 AM,False,False,False,False,False,True,False,False,False,,,True,False,,,,,False,False,False,,,,True,999,0,ASHTAMI_ROHINI_OVERLAP_WAIT_FOR_NEXT_NISHITA,True,"Ashtami and Rohini overlap, but this night's Nishita is not inside the overlap and is not after the overlap has ended. The Puja belongs to the first Nishita after the joint overlap ends.",1,,
37,2026-09-03,True,Esslingen,Esslingen,Germany,Europe/Berlin,2928751,Esslingen,06:42 AM,08:01 PM,Saptami upto 10:55 PM,Krittika upto 08:59 PM,Krishna Paksha,Guruwara,Shravana,Simha,,True,,2026-09-03 10:55:00 PM,2026-09-04 08:43:00 PM,2026-09-03 08:59:00 PM,2026-09-04 07:34:00 PM,2026-09-03: Saptami upto 10:55 PM,2026-09-04: Ashtami upto 08:43 PM,2026-09-03: Krittika upto 08:59 PM,2026-09-04: Rohini upto 07:34 PM,2026-09-03 10:55:00 PM,2026-09-04 07:34:00 PM,2026-09-03 06:42:00 AM,2026-09-03 08:01:00 PM,2026-09-04 06:44:00 AM,2026-09-03,2026-09-04 01:22:30 AM,2026-09-04 12:58:30 AM,2026-09-04 01:46:30 AM,False,True,True,True,True,True,False,True,True,2026-09-04 12:58:30 AM,2026-09-04 01:46:30 AM,True,True,,,,,False,False,False,,,,False,10,1,ASHTAMI_ROHINI_AT_NISHITA,False,,1,1,Only one Nishita falls inside the Ashtami-Rohini joint overlap.
37,2026-09-04,True,Esslingen,Esslingen,Germany,Europe/Berlin,2928751,Esslingen,06:44 AM,07:59 PM,Ashtami upto 08:43 PM,Rohini upto 07:34 PM,Krishna Paksha,Shukrawara,Shravana,Simha,,True,,2026-09-03 10:55:00 PM,2026-09-04 08:43:00 PM,2026-09-03 08:59:00 PM,2026-09-04 07:34:00 PM,2026-09-03: Saptami upto 10:55 PM,2026-09-04: Ashtami upto 08:43 PM,2026-09-03: Krittika upto 08:59 PM,2026-09-04: Rohini upto 07:34 PM,2026-09-03 10:55:00 PM,2026-09-04 07:34:00 PM,2026-09-04 06:44:00 AM,2026-09-04 07:59:00 PM,2026-09-05 06:45:00 AM,2026-09-04,2026-09-05 01:22:00 AM,2026-09-05 12:58:00 AM,2026-09-05 01:46:00 AM,True,False,False,True,False,True,True,False,False,,,False,True,,,,,False,False,False,,,,False,20,1,ASHTAMI_ROHINI_OVERLAP_THEN_NEXT_NISHITA,False,,1,,
37,2026-09-05,True,Esslingen,Esslingen,Germany,Europe/Berlin,2928751,Esslingen,06:45 AM,07:57 PM,Navami upto 06:23 PM,Mrigashira upto 06:00 PM,Krishna Paksha,Shaniwara,Shravana,Simha,,True,,2026-09-03 10:55:00 PM,2026-09-04 08:43:00 PM,2026-09-03 08:59:00 PM,2026-09-04 07:34:00 PM,2026-09-03: Saptami upto 10:55 PM,2026-09-04: Ashtami upto 08:43 PM,2026-09-03: Krittika upto 08:59 PM,2026-09-04: Rohini upto 07:34 PM,2026-09-03 10:55:00 PM,2026-09-04 07:34:00 PM,2026-09-05 06:45:00 AM,2026-09-05 07:57:00 PM,2026-09-06 06:47:00 AM,2026-09-05,2026-09-06 01:22:00 AM,2026-09-06 12:58:00 AM,2026-09-06 01:46:00 AM,False,False,False,False,False,True,True,False,False,,,False,True,,,,,False,False,False,,,,False,20,1,ASHTAMI_ROHINI_OVERLAP_THEN_NEXT_NISHITA,False,,1,,
37,2026-09-06,True,Esslingen,Esslingen,Germany,Europe/Berlin,2928751,Esslingen,06:47 AM,07:55 PM,Dashami upto 03:59 PM,Ardra upto 04:22 PM,Krishna Paksha,Raviwara,Shravana,Simha,,True,,2026-09-03 10:55:00 PM,2026-09-04 08:43:00 PM,2026-09-03 08:59:00 PM,2026-09-04 07:34:00 PM,2026-09-03: Saptami upto 10:55 PM,2026-09-04: Ashtami upto 08:43 PM,2026-09-03: Krittika upto 08:59 PM,2026-09-04: Rohini upto 07:34 PM,2026-09-03 10:55:00 PM,2026-09-04 07:34:00 PM,2026-09-06 06:47:00 AM,2026-09-06 07:55:00 PM,2026-09-07 06:48:00 AM,2026-09-06,2026-09-07 01:21:30 AM,2026-09-07 12:57:30 AM,2026-09-07 01:45:30 AM,False,False,False,False,False,True,True,False,False,,,False,True,,,,,False,False,False,,,,False,20,1,ASHTAMI_ROHINI_OVERLAP_THEN_NEXT_NISHITA,False,,1,,
38,2026-09-02,True,Ayodhya,Uttar Pradesh,India,Asia/Kolkata,1278094,Ajodhya,05:41 AM,06:20 PM,"Panchami upto 06:12 AM; Shashthi upto 04:25 AM, Sep 03","Bharani upto 01:43 AM, Sep 03",Krishna Paksha,Budhawara,Shravana,Simha,,True,,2026-09-04 02:25:00 AM,2026-09-05 12:13:00 AM,2026-09-04 12:29:00 AM,2026-09-04 11:04:00 PM,"2026-09-03: Saptami upto 02:25 AM, Sep 04","2026-09-04: Ashtami upto 12:13 AM, Sep 05","2026-09-03: Krittika upto 12:29 AM, Sep 04",2026-09-04: Rohini upto 11:04 PM,2026-09-04 02:25:00 AM,2026-09-04 11:04:00 PM,2026-09-02 05:41:00 AM,2026-09-02 06:20:00 PM,2026-09-03 05:41:00 AM,2026-09-02,2026-09-03 12:00:30 AM,2026-09-02 11:36:30 PM,2026-09-03 12:24:30 AM,False,False,False,False,False,True,False,False,False,,,True,False,,,,,False,False,False,,,,True,999,0,ASHTAMI_ROHINI_OVERLAP_WAIT_FOR_NEXT_NISHITA,True,"Ashtami and Rohini overlap, but this night's Nishita is not inside the overlap and is not after the overlap has ended. The Puja belongs to the first Nishita after the joint overlap ends.",0,,
38,2026-09-03,True,Ayodhya,Uttar Pradesh,India,Asia/Kolkata,1278094,Ajodhya,05:41 AM,06:19 PM,"Saptami upto 02:25 AM, Sep 04","Krittika upto 12:29 AM, Sep 04",Krishna Paksha,Guruwara,Shravana,Simha,,True,,2026-09-04 02:25:00 AM,2026-09-05 12:13:00 AM,2026-09-04 12:29:00 AM,2026-09-04 11:04:00 PM,"2026-09-03: Saptami upto 02:25 AM, Sep 04","2026-09-04: Ashtami upto 12:13 AM, Sep 05","2026-09-03: Krittika upto 12:29 AM, Sep 04",2026-09-04: Rohini upto 11:04 PM,2026-09-04 02:25:00 AM,2026-09-04 11:04:00 PM,2026-09-03 05:41:00 AM,2026-09-03 06:19:00 PM,2026-09-04 05:42:00 AM,2026-09-03,2026-09-04 12:00:30 AM,2026-09-03 11:36:30 PM,2026-09-04 12:24:30 AM,False,False,False,True,False,True,False,False,False,,,True,True,,,,,False,False,False,,,,False,999,1,ASHTAMI_ROHINI_OVERLAP_WAIT_FOR_NEXT_NISHITA,True,"Ashtami and Rohini overlap, but this night's Nishita is not inside the overlap and is not after the overlap has ended. The Puja belongs to the first Nishita after the joint overlap ends.",0,,
38,2026-09-04,True,Ayodhya,Uttar Pradesh,India,Asia/Kolkata,1278094,Ajodhya,05:42 AM,06:18 PM,"Ashtami upto 12:13 AM, Sep 05",Rohini upto 11:04 PM,Krishna Paksha,Shukrawara,Shravana,Simha,,True,,2026-09-04 02:25:00 AM,2026-09-05 12:13:00 AM,2026-09-04 12:29:00 AM,2026-09-04 11:04:00 PM,"2026-09-03: Saptami upto 02:25 AM, Sep 04","2026-09-04: Ashtami upto 12:13 AM, Sep 05","2026-09-03: Krittika upto 12:29 AM, Sep 04",2026-09-04: Rohini upto 11:04 PM,2026-09-04 02:25:00 AM,2026-09-04 11:04:00 PM,2026-09-04 05:42:00 AM,2026-09-04 06:18:00 PM,2026-09-05 05:42:00 AM,2026-09-04,2026-09-05 12:00:00 AM,2026-09-04 11:36:00 PM,2026-09-05 12:24:00 AM,True,True,False,True,False,True,True,False,False,,,False,True,,,,,False,False,False,,,,False,20,1,ASHTAMI_ROHINI_OVERLAP_THEN_NEXT_NISHITA,False,,0,,
38,2026-09-05,True,Ayodhya,Uttar Pradesh,India,Asia/Kolkata,1278094,Ajodhya,05:42 AM,06:17 PM,Navami upto 09:53 PM,Mrigashira upto 09:30 PM,Krishna Paksha,Shaniwara,Shravana,Simha,,True,,2026-09-04 02:25:00 AM,2026-09-05 12:13:00 AM,2026-09-04 12:29:00 AM,2026-09-04 11:04:00 PM,"2026-09-03: Saptami upto 02:25 AM, Sep 04","2026-09-04: Ashtami upto 12:13 AM, Sep 05","2026-09-03: Krittika upto 12:29 AM, Sep 04",2026-09-04: Rohini upto 11:04 PM,2026-09-04 02:25:00 AM,2026-09-04 11:04:00 PM,2026-09-05 05:42:00 AM,2026-09-05 06:17:00 PM,2026-09-06 05:43:00 AM,2026-09-05,2026-09-06 12:00:00 AM,2026-09-05 11:36:00 PM,2026-09-06 12:24:00 AM,False,False,False,False,False,True,True,False,False,,,False,True,,,,,False,False,False,,,,False,20,1,ASHTAMI_ROHINI_OVERLAP_THEN_NEXT_NISHITA,False,,0,,
38,2026-09-06,True,Ayodhya,Uttar Pradesh,India,Asia/Kolkata,1278094,Ajodhya,05:43 AM,06:16 PM,Dashami upto 07:29 PM,Ardra upto 07:52 PM,Krishna Paksha,Raviwara,Shravana,Simha,,True,,2026-09-04 02:25:00 AM,2026-09-05 12:13:00 AM,2026-09-04 12:29:00 AM,2026-09-04 11:04:00 PM,"2026-09-03: Saptami upto 02:25 AM, Sep 04","2026-09-04: Ashtami upto 12:13 AM, Sep 05","2026-09-03: Krittika upto 12:29 AM, Sep 04",2026-09-04: Rohini upto 11:04 PM,2026-09-04 02:25:00 AM,2026-09-04 11:04:00 PM,2026-09-06 05:43:00 AM,2026-09-06 06:16:00 PM,2026-09-07 05:43:00 AM,2026-09-06,2026-09-06 11:59:30 PM,2026-09-06 11:35:30 PM,2026-09-07 12:23:30 AM,False,False,False,False,False,True,True,False,False,,,False,True,,,,,False,False,False,,,,False,20,1,ASHTAMI_ROHINI_OVERLAP_THEN_NEXT_NISHITA,False,,0,,
39,2026-09-02,True,Pittsford,New York,United States,America/New_York,5131614,Pittsford,06:36 AM,07:43 PM,Shashthi upto 06:55 PM,Bharani upto 04:13 PM,Krishna Paksha,Budhawara,Shravana,Simha,,True,,2026-09-03 04:55:00 PM,2026-09-04 02:43:00 PM,2026-09-03 02:59:00 PM,2026-09-04 01:34:00 PM,2026-09-03: Saptami upto 04:55 PM,2026-09-04: Ashtami upto 02:43 PM,2026-09-03: Krittika upto 02:59 PM,2026-09-04: Rohini upto 01:34 PM,2026-09-03 04:55:00 PM,2026-09-04 01:34:00 PM,2026-09-02 06:36:00 AM,2026-09-02 07:43:00 PM,2026-09-03 06:37:00 AM,2026-09-02,2026-09-03 01:10:00 AM,2026-09-03 12:46:00 AM,2026-09-03 01:34:00 AM,False,False,False,False,False,True,False,False,False,,,True,False,,,,,False,False,False,,,,True,999,0,ASHTAMI_ROHINI_OVERLAP_WAIT_FOR_NEXT_NISHITA,True,"Ashtami and Rohini overlap, but this night's Nishita is not inside the overlap and is not after the overlap has ended. The Puja belongs to the first Nishita after the joint overlap ends.",1,,
39,2026-09-03,True,Pittsford,New York,United States,America/New_York,5131614,Pittsford,06:37 AM,07:41 PM,Saptami upto 04:55 PM,Krittika upto 02:59 PM,Krishna Paksha,Guruwara,Shravana,Simha,,True,,2026-09-03 04:55:00 PM,2026-09-04 02:43:00 PM,2026-09-03 02:59:00 PM,2026-09-04 01:34:00 PM,2026-09-03: Saptami upto 04:55 PM,2026-09-04: Ashtami upto 02:43 PM,2026-09-03: Krittika upto 02:59 PM,2026-09-04: Rohini upto 01:34 PM,2026-09-03 04:55:00 PM,2026-09-04 01:34:00 PM,2026-09-03 06:37:00 AM,2026-09-03 07:41:00 PM,2026-09-04 06:38:00 AM,2026-09-03,2026-09-04 01:09:30 AM,2026-09-04 12:45:30 AM,2026-09-04 01:33:30 AM,False,True,True,True,True,True,False,True,True,2026-09-04 12:45:30 AM,2026-09-04 01:33:30 AM,True,True,,,,,False,False,False,,,,False,10,1,ASHTAMI_ROHINI_AT_NISHITA,False,,1,1,Only one Nishita falls inside the Ashtami-Rohini joint overlap.
39,2026-09-04,True,Pittsford,New York,United States,America/New_York,5131614,Pittsford,06:38 AM,07:40 PM,Ashtami upto 02:43 PM,Rohini upto 01:34 PM,Krishna Paksha,Shukrawara,Shravana,Simha,,True,,2026-09-03 04:55:00 PM,2026-09-04 02:43:00 PM,2026-09-03 02:59:00 PM,2026-09-04 01:34:00 PM,2026-09-03: Saptami upto 04:55 PM,2026-09-04: Ashtami upto 02:43 PM,2026-09-03: Krittika upto 02:59 PM,2026-09-04: Rohini upto 01:34 PM,2026-09-03 04:55:00 PM,2026-09-04 01:34:00 PM,2026-09-04 06:38:00 AM,2026-09-04 07:40:00 PM,2026-09-05 06:39:00 AM,2026-09-04,2026-09-05 01:09:30 AM,2026-09-05 12:45:30 AM,2026-09-05 01:33:30 AM,True,False,False,True,False,True,True,False,False,,,False,True,,,,,False,False,False,,,,False,20,1,ASHTAMI_ROHINI_OVERLAP_THEN_NEXT_NISHITA,False,,1,,
39,2026-09-05,True,Pittsford,New York,United States,America/New_York,5131614,Pittsford,06:39 AM,07:38 PM,Navami upto 12:23 PM,Mrigashira upto 12:00 PM,Krishna Paksha,Shaniwara,Shravana,Simha,,True,,2026-09-03 04:55:00 PM,2026-09-04 02:43:00 PM,2026-09-03 02:59:00 PM,2026-09-04 01:34:00 PM,2026-09-03: Saptami upto 04:55 PM,2026-09-04: Ashtami upto 02:43 PM,2026-09-03: Krittika upto 02:59 PM,2026-09-04: Rohini upto 01:34 PM,2026-09-03 04:55:00 PM,2026-09-04 01:34:00 PM,2026-09-05 06:39:00 AM,2026-09-05 07:38:00 PM,2026-09-06 06:40:00 AM,2026-09-05,2026-09-06 01:09:00 AM,2026-09-06 12:45:00 AM,2026-09-06 01:33:00 AM,False,False,False,False,False,True,True,False,False,,,False,True,,,,,False,False,False,,,,False,20,1,ASHTAMI_ROHINI_OVERLAP_THEN_NEXT_NISHITA,False,,1,,
39,2026-09-06,True,Pittsford,New York,United States,America/New_York,5131614,Pittsford,06:40 AM,07:36 PM,Dashami upto 09:59 AM,Ardra upto 10:22 AM,Krishna Paksha,Raviwara,Shravana,Simha,,True,,2026-09-03 04:55:00 PM,2026-09-04 02:43:00 PM,2026-09-03 02:59:00 PM,2026-09-04 01:34:00 PM,2026-09-03: Saptami upto 04:55 PM,2026-09-04: Ashtami upto 02:43 PM,2026-09-03: Krittika upto 02:59 PM,2026-09-04: Rohini upto 01:34 PM,2026-09-03 04:55:00 PM,2026-09-04 01:34:00 PM,2026-09-06 06:40:00 AM,2026-09-06 07:36:00 PM,2026-09-07 06:41:00 AM,2026-09-06,2026-09-07 01:08:30 AM,2026-09-07 12:44:30 AM,2026-09-07 01:32:30 AM,False,False,False,False,False,True,True,False,False,,,False,True,,,,,False,False,False,,,,False,20,1,ASHTAMI_ROHINI_OVERLAP_THEN_NEXT_NISHITA,False,,1,,
40,2026-09-02,True,Greece,New York,United States,America/New_York,5119251,Greece,06:36 AM,07:44 PM,Shashthi upto 06:55 PM,Bharani upto 04:13 PM,Krishna Paksha,Budhawara,Shravana,Simha,,True,,2026-09-03 04:55:00 PM,2026-09-04 02:43:00 PM,2026-09-03 02:59:00 PM,2026-09-04 01:34:00 PM,2026-09-03: Saptami upto 04:55 PM,2026-09-04: Ashtami upto 02:43 PM,2026-09-03: Krittika upto 02:59 PM,2026-09-04: Rohini upto 01:34 PM,2026-09-03 04:55:00 PM,2026-09-04 01:34:00 PM,2026-09-02 06:36:00 AM,2026-09-02 07:44:00 PM,2026-09-03 06:37:00 AM,2026-09-02,2026-09-03 01:10:30 AM,2026-09-03 12:46:30 AM,2026-09-03 01:34:30 AM,False,False,False,False,False,True,False,False,False,,,True,False,,,,,False,False,False,,,,True,999,0,ASHTAMI_ROHINI_OVERLAP_WAIT_FOR_NEXT_NISHITA,True,"Ashtami and Rohini overlap, but this night's Nishita is not inside the overlap and is not after the overlap has ended. The Puja belongs to the first Nishita after the joint overlap ends.",1,,
40,2026-09-03,True,Greece,New York,United States,America/New_York,5119251,Greece,06:37 AM,07:42 PM,Saptami upto 04:55 PM,Krittika upto 02:59 PM,Krishna Paksha,Guruwara,Shravana,Simha,,True,,2026-09-03 04:55:00 PM,2026-09-04 02:43:00 PM,2026-09-03 02:59:00 PM,2026-09-04 01:34:00 PM,2026-09-03: Saptami upto 04:55 PM,2026-09-04: Ashtami upto 02:43 PM,2026-09-03: Krittika upto 02:59 PM,2026-09-04: Rohini upto 01:34 PM,2026-09-03 04:55:00 PM,2026-09-04 01:34:00 PM,2026-09-03 06:37:00 AM,2026-09-03 07:42:00 PM,2026-09-04 06:38:00 AM,2026-09-03,2026-09-04 01:10:00 AM,2026-09-04 12:46:00 AM,2026-09-04 01:34:00 AM,False,True,True,True,True,True,False,True,True,2026-09-04 12:46:00 AM,2026-09-04 01:34:00 AM,True,True,,,,,False,False,False,,,,False,10,1,ASHTAMI_ROHINI_AT_NISHITA,False,,1,1,Only one Nishita falls inside the Ashtami-Rohini joint overlap.
40,2026-09-04,True,Greece,New York,United States,America/New_York,5119251,Greece,06:38 AM,07:40 PM,Ashtami upto 02:43 PM,Rohini upto 01:34 PM,Krishna Paksha,Shukrawara,Shravana,Simha,,True,,2026-09-03 04:55:00 PM,2026-09-04 02:43:00 PM,2026-09-03 02:59:00 PM,2026-09-04 01:34:00 PM,2026-09-03: Saptami upto 04:55 PM,2026-09-04: Ashtami upto 02:43 PM,2026-09-03: Krittika upto 02:59 PM,2026-09-04: Rohini upto 01:34 PM,2026-09-03 04:55:00 PM,2026-09-04 01:34:00 PM,2026-09-04 06:38:00 AM,2026-09-04 07:40:00 PM,2026-09-05 06:40:00 AM,2026-09-04,2026-09-05 01:10:00 AM,2026-09-05 12:46:00 AM,2026-09-05 01:34:00 AM,True,False,False,True,False,True,True,False,False,,,False,True,,,,,False,False,False,,,,False,20,1,ASHTAMI_ROHINI_OVERLAP_THEN_NEXT_NISHITA,False,,1,,
40,2026-09-05,True,Greece,New York,United States,America/New_York,5119251,Greece,06:40 AM,07:39 PM,Navami upto 12:23 PM,Mrigashira upto 12:00 PM,Krishna Paksha,Shaniwara,Shravana,Simha,,True,,2026-09-03 04:55:00 PM,2026-09-04 02:43:00 PM,2026-09-03 02:59:00 PM,2026-09-04 01:34:00 PM,2026-09-03: Saptami upto 04:55 PM,2026-09-04: Ashtami upto 02:43 PM,2026-09-03: Krittika upto 02:59 PM,2026-09-04: Rohini upto 01:34 PM,2026-09-03 04:55:00 PM,2026-09-04 01:34:00 PM,2026-09-05 06:40:00 AM,2026-09-05 07:39:00 PM,2026-09-06 06:41:00 AM,2026-09-05,2026-09-06 01:10:00 AM,2026-09-06 12:46:00 AM,2026-09-06 01:34:00 AM,False,False,False,False,False,True,True,False,False,,,False,True,,,,,False,False,False,,,,False,20,1,ASHTAMI_ROHINI_OVERLAP_THEN_NEXT_NISHITA,False,,1,,
40,2026-09-06,True,Greece,New York,United States,America/New_York,5119251,Greece,06:41 AM,07:37 PM,Dashami upto 09:59 AM,Ardra upto 10:22 AM,Krishna Paksha,Raviwara,Shravana,Simha,,True,,2026-09-03 04:55:00 PM,2026-09-04 02:43:00 PM,2026-09-03 02:59:00 PM,2026-09-04 01:34:00 PM,2026-09-03: Saptami upto 04:55 PM,2026-09-04: Ashtami upto 02:43 PM,2026-09-03: Krittika upto 02:59 PM,2026-09-04: Rohini upto 01:34 PM,2026-09-03 04:55:00 PM,2026-09-04 01:34:00 PM,2026-09-06 06:41:00 AM,2026-09-06 07:37:00 PM,2026-09-07 06:42:00 AM,2026-09-06,2026-09-07 01:09:30 AM,2026-09-07 12:45:30 AM,2026-09-07 01:33:30 AM,False,False,False,False,False,True,True,False,False,,,False,True,,,,,False,False,False,,,,False,20,1,ASHTAMI_ROHINI_OVERLAP_THEN_NEXT_NISHITA,False,,1,,
41,2026-09-02,True,Syracuse,New York,United States,America/New_York,5140405,Syracuse,06:30 AM,07:38 PM,Shashthi upto 06:55 PM,Bharani upto 04:13 PM,Krishna Paksha,Budhawara,Shravana,Simha,,True,,2026-09-03 04:55:00 PM,2026-09-04 02:43:00 PM,2026-09-03 02:59:00 PM,2026-09-04 01:34:00 PM,2026-09-03: Saptami upto 04:55 PM,2026-09-04: Ashtami upto 02:43 PM,2026-09-03: Krittika upto 02:59 PM,2026-09-04: Rohini upto 01:34 PM,2026-09-03 04:55:00 PM,2026-09-04 01:34:00 PM,2026-09-02 06:30:00 AM,2026-09-02 07:38:00 PM,2026-09-03 06:31:00 AM,2026-09-02,2026-09-03 01:04:30 AM,2026-09-03 12:40:30 AM,2026-09-03 01:28:30 AM,False,False,False,False,False,True,False,False,False,,,True,False,,,,,False,False,False,,,,True,999,0,ASHTAMI_ROHINI_OVERLAP_WAIT_FOR_NEXT_NISHITA,True,"Ashtami and Rohini overlap, but this night's Nishita is not inside the overlap and is not after the overlap has ended. The Puja belongs to the first Nishita after the joint overlap ends.",1,,
41,2026-09-03,True,Syracuse,New York,United States,America/New_York,5140405,Syracuse,06:31 AM,07:36 PM,Saptami upto 04:55 PM,Krittika upto 02:59 PM,Krishna Paksha,Guruwara,Shravana,Simha,,True,,2026-09-03 04:55:00 PM,2026-09-04 02:43:00 PM,2026-09-03 02:59:00 PM,2026-09-04 01:34:00 PM,2026-09-03: Saptami upto 04:55 PM,2026-09-04: Ashtami upto 02:43 PM,2026-09-03: Krittika upto 02:59 PM,2026-09-04: Rohini upto 01:34 PM,2026-09-03 04:55:00 PM,2026-09-04 01:34:00 PM,2026-09-03 06:31:00 AM,2026-09-03 07:36:00 PM,2026-09-04 06:32:00 AM,2026-09-03,2026-09-04 01:04:00 AM,2026-09-04 12:40:00 AM,2026-09-04 01:28:00 AM,False,True,True,True,True,True,False,True,True,2026-09-04 12:40:00 AM,2026-09-04 01:28:00 AM,True,True,,,,,False,False,False,,,,False,10,1,ASHTAMI_ROHINI_AT_NISHITA,False,,1,1,Only one Nishita falls inside the Ashtami-Rohini joint overlap.
41,2026-09-04,True,Syracuse,New York,United States,America/New_York,5140405,Syracuse,06:32 AM,07:34 PM,Ashtami upto 02:43 PM,Rohini upto 01:34 PM,Krishna Paksha,Shukrawara,Shravana,Simha,,True,,2026-09-03 04:55:00 PM,2026-09-04 02:43:00 PM,2026-09-03 02:59:00 PM,2026-09-04 01:34:00 PM,2026-09-03: Saptami upto 04:55 PM,2026-09-04: Ashtami upto 02:43 PM,2026-09-03: Krittika upto 02:59 PM,2026-09-04: Rohini upto 01:34 PM,2026-09-03 04:55:00 PM,2026-09-04 01:34:00 PM,2026-09-04 06:32:00 AM,2026-09-04 07:34:00 PM,2026-09-05 06:33:00 AM,2026-09-04,2026-09-05 01:03:30 AM,2026-09-05 12:39:30 AM,2026-09-05 01:27:30 AM,True,False,False,True,False,True,True,False,False,,,False,True,,,,,False,False,False,,,,False,20,1,ASHTAMI_ROHINI_OVERLAP_THEN_NEXT_NISHITA,False,,1,,
41,2026-09-05,True,Syracuse,New York,United States,America/New_York,5140405,Syracuse,06:33 AM,07:32 PM,Navami upto 12:23 PM,Mrigashira upto 12:00 PM,Krishna Paksha,Shaniwara,Shravana,Simha,,True,,2026-09-03 04:55:00 PM,2026-09-04 02:43:00 PM,2026-09-03 02:59:00 PM,2026-09-04 01:34:00 PM,2026-09-03: Saptami upto 04:55 PM,2026-09-04: Ashtami upto 02:43 PM,2026-09-03: Krittika upto 02:59 PM,2026-09-04: Rohini upto 01:34 PM,2026-09-03 04:55:00 PM,2026-09-04 01:34:00 PM,2026-09-05 06:33:00 AM,2026-09-05 07:32:00 PM,2026-09-06 06:35:00 AM,2026-09-05,2026-09-06 01:03:30 AM,2026-09-06 12:39:30 AM,2026-09-06 01:27:30 AM,False,False,False,False,False,True,True,False,False,,,False,True,,,,,False,False,False,,,,False,20,1,ASHTAMI_ROHINI_OVERLAP_THEN_NEXT_NISHITA,False,,1,,
41,2026-09-06,True,Syracuse,New York,United States,America/New_York,5140405,Syracuse,06:35 AM,07:31 PM,Dashami upto 09:59 AM,Ardra upto 10:22 AM,Krishna Paksha,Raviwara,Shravana,Simha,,True,,2026-09-03 04:55:00 PM,2026-09-04 02:43:00 PM,2026-09-03 02:59:00 PM,2026-09-04 01:34:00 PM,2026-09-03: Saptami upto 04:55 PM,2026-09-04: Ashtami upto 02:43 PM,2026-09-03: Krittika upto 02:59 PM,2026-09-04: Rohini upto 01:34 PM,2026-09-03 04:55:00 PM,2026-09-04 01:34:00 PM,2026-09-06 06:35:00 AM,2026-09-06 07:31:00 PM,2026-09-07 06:36:00 AM,2026-09-06,2026-09-07 01:03:30 AM,2026-09-07 12:39:30 AM,2026-09-07 01:27:30 AM,False,False,False,False,False,True,True,False,False,,,False,True,,,,,False,False,False,,,,False,20,1,ASHTAMI_ROHINI_OVERLAP_THEN_NEXT_NISHITA,False,,1,,
42,2026-09-02,True,Columbus,Indiana,United States,America/Indiana/Indianapolis,4256038,Columbus,07:13 AM,08:13 PM,Shashthi upto 06:55 PM,Bharani upto 04:13 PM,Krishna Paksha,Budhawara,Shravana,Simha,,True,,2026-09-03 04:55:00 PM,2026-09-04 02:43:00 PM,2026-09-03 02:59:00 PM,2026-09-04 01:34:00 PM,2026-09-03: Saptami upto 04:55 PM,2026-09-04: Ashtami upto 02:43 PM,2026-09-03: Krittika upto 02:59 PM,2026-09-04: Rohini upto 01:34 PM,2026-09-03 04:55:00 PM,2026-09-04 01:34:00 PM,2026-09-02 07:13:00 AM,2026-09-02 08:13:00 PM,2026-09-03 07:14:00 AM,2026-09-02,2026-09-03 01:43:30 AM,2026-09-03 01:19:30 AM,2026-09-03 02:07:30 AM,False,False,False,False,False,True,False,False,False,,,True,False,,,,,False,False,False,,,,True,999,0,ASHTAMI_ROHINI_OVERLAP_WAIT_FOR_NEXT_NISHITA,True,"Ashtami and Rohini overlap, but this night's Nishita is not inside the overlap and is not after the overlap has ended. The Puja belongs to the first Nishita after the joint overlap ends.",1,,
42,2026-09-03,True,Columbus,Indiana,United States,America/Indiana/Indianapolis,4256038,Columbus,07:14 AM,08:11 PM,Saptami upto 04:55 PM,Krittika upto 02:59 PM,Krishna Paksha,Guruwara,Shravana,Simha,,True,,2026-09-03 04:55:00 PM,2026-09-04 02:43:00 PM,2026-09-03 02:59:00 PM,2026-09-04 01:34:00 PM,2026-09-03: Saptami upto 04:55 PM,2026-09-04: Ashtami upto 02:43 PM,2026-09-03: Krittika upto 02:59 PM,2026-09-04: Rohini upto 01:34 PM,2026-09-03 04:55:00 PM,2026-09-04 01:34:00 PM,2026-09-03 07:14:00 AM,2026-09-03 08:11:00 PM,2026-09-04 07:15:00 AM,2026-09-03,2026-09-04 01:43:00 AM,2026-09-04 01:19:00 AM,2026-09-04 02:07:00 AM,False,True,True,True,True,True,False,True,True,2026-09-04 01:19:00 AM,2026-09-04 02:07:00 AM,True,True,,,,,False,False,False,,,,False,10,1,ASHTAMI_ROHINI_AT_NISHITA,False,,1,1,Only one Nishita falls inside the Ashtami-Rohini joint overlap.
42,2026-09-04,True,Columbus,Indiana,United States,America/Indiana/Indianapolis,4256038,Columbus,07:15 AM,08:10 PM,Ashtami upto 02:43 PM,Rohini upto 01:34 PM,Krishna Paksha,Shukrawara,Shravana,Simha,,True,,2026-09-03 04:55:00 PM,2026-09-04 02:43:00 PM,2026-09-03 02:59:00 PM,2026-09-04 01:34:00 PM,2026-09-03: Saptami upto 04:55 PM,2026-09-04: Ashtami upto 02:43 PM,2026-09-03: Krittika upto 02:59 PM,2026-09-04: Rohini upto 01:34 PM,2026-09-03 04:55:00 PM,2026-09-04 01:34:00 PM,2026-09-04 07:15:00 AM,2026-09-04 08:10:00 PM,2026-09-05 07:16:00 AM,2026-09-04,2026-09-05 01:43:00 AM,2026-09-05 01:19:00 AM,2026-09-05 02:07:00 AM,True,False,False,True,False,True,True,False,False,,,False,True,,,,,False,False,False,,,,False,20,1,ASHTAMI_ROHINI_OVERLAP_THEN_NEXT_NISHITA,False,,1,,
42,2026-09-05,True,Columbus,Indiana,United States,America/Indiana/Indianapolis,4256038,Columbus,07:16 AM,08:08 PM,Navami upto 12:23 PM,Mrigashira upto 12:00 PM,Krishna Paksha,Shaniwara,Shravana,Simha,,True,,2026-09-03 04:55:00 PM,2026-09-04 02:43:00 PM,2026-09-03 02:59:00 PM,2026-09-04 01:34:00 PM,2026-09-03: Saptami upto 04:55 PM,2026-09-04: Ashtami upto 02:43 PM,2026-09-03: Krittika upto 02:59 PM,2026-09-04: Rohini upto 01:34 PM,2026-09-03 04:55:00 PM,2026-09-04 01:34:00 PM,2026-09-05 07:16:00 AM,2026-09-05 08:08:00 PM,2026-09-06 07:17:00 AM,2026-09-05,2026-09-06 01:42:30 AM,2026-09-06 01:18:30 AM,2026-09-06 02:06:30 AM,False,False,False,False,False,True,True,False,False,,,False,True,,,,,False,False,False,,,,False,20,1,ASHTAMI_ROHINI_OVERLAP_THEN_NEXT_NISHITA,False,,1,,
42,2026-09-06,True,Columbus,Indiana,United States,America/Indiana/Indianapolis,4256038,Columbus,07:17 AM,08:06 PM,Dashami upto 09:59 AM,Ardra upto 10:22 AM,Krishna Paksha,Raviwara,Shravana,Simha,,True,,2026-09-03 04:55:00 PM,2026-09-04 02:43:00 PM,2026-09-03 02:59:00 PM,2026-09-04 01:34:00 PM,2026-09-03: Saptami upto 04:55 PM,2026-09-04: Ashtami upto 02:43 PM,2026-09-03: Krittika upto 02:59 PM,2026-09-04: Rohini upto 01:34 PM,2026-09-03 04:55:00 PM,2026-09-04 01:34:00 PM,2026-09-06 07:17:00 AM,2026-09-06 08:06:00 PM,2026-09-07 07:18:00 AM,2026-09-06,2026-09-07 01:42:00 AM,2026-09-07 01:18:00 AM,2026-09-07 02:06:00 AM,False,False,False,False,False,True,True,False,False,,,False,True,,,,,False,False,False,,,,False,20,1,ASHTAMI_ROHINI_OVERLAP_THEN_NEXT_NISHITA,False,,1,,
43,2026-09-02,True,Raleigh,North Carolina,United States,America/New_York,4487042,Raleigh,06:47 AM,07:40 PM,Shashthi upto 06:55 PM,Bharani upto 04:13 PM,Krishna Paksha,Budhawara,Shravana,Simha,,True,,2026-09-03 04:55:00 PM,2026-09-04 02:43:00 PM,2026-09-03 02:59:00 PM,2026-09-04 01:34:00 PM,2026-09-03: Saptami upto 04:55 PM,2026-09-04: Ashtami upto 02:43 PM,2026-09-03: Krittika upto 02:59 PM,2026-09-04: Rohini upto 01:34 PM,2026-09-03 04:55:00 PM,2026-09-04 01:34:00 PM,2026-09-02 06:47:00 AM,2026-09-02 07:40:00 PM,2026-09-03 06:48:00 AM,2026-09-02,2026-09-03 01:14:00 AM,2026-09-03 12:50:00 AM,2026-09-03 01:38:00 AM,False,False,False,False,False,True,False,False,False,,,True,False,,,,,False,False,False,,,,True,999,0,ASHTAMI_ROHINI_OVERLAP_WAIT_FOR_NEXT_NISHITA,True,"Ashtami and Rohini overlap, but this night's Nishita is not inside the overlap and is not after the overlap has ended. The Puja belongs to the first Nishita after the joint overlap ends.",1,,
43,2026-09-03,True,Raleigh,North Carolina,United States,America/New_York,4487042,Raleigh,06:48 AM,07:39 PM,Saptami upto 04:55 PM,Krittika upto 02:59 PM,Krishna Paksha,Guruwara,Shravana,Simha,,True,,2026-09-03 04:55:00 PM,2026-09-04 02:43:00 PM,2026-09-03 02:59:00 PM,2026-09-04 01:34:00 PM,2026-09-03: Saptami upto 04:55 PM,2026-09-04: Ashtami upto 02:43 PM,2026-09-03: Krittika upto 02:59 PM,2026-09-04: Rohini upto 01:34 PM,2026-09-03 04:55:00 PM,2026-09-04 01:34:00 PM,2026-09-03 06:48:00 AM,2026-09-03 07:39:00 PM,2026-09-04 06:49:00 AM,2026-09-03,2026-09-04 01:14:00 AM,2026-09-04 12:50:00 AM,2026-09-04 01:38:00 AM,False,True,True,True,True,True,False,True,True,2026-09-04 12:50:00 AM,2026-09-04 01:38:00 AM,True,True,,,,,False,False,False,,,,False,10,1,ASHTAMI_ROHINI_AT_NISHITA,False,,1,1,Only one Nishita falls inside the Ashtami-Rohini joint overlap.
43,2026-09-04,True,Raleigh,North Carolina,United States,America/New_York,4487042,Raleigh,06:49 AM,07:38 PM,Ashtami upto 02:43 PM,Rohini upto 01:34 PM,Krishna Paksha,Shukrawara,Shravana,Simha,,True,,2026-09-03 04:55:00 PM,2026-09-04 02:43:00 PM,2026-09-03 02:59:00 PM,2026-09-04 01:34:00 PM,2026-09-03: Saptami upto 04:55 PM,2026-09-04: Ashtami upto 02:43 PM,2026-09-03: Krittika upto 02:59 PM,2026-09-04: Rohini upto 01:34 PM,2026-09-03 04:55:00 PM,2026-09-04 01:34:00 PM,2026-09-04 06:49:00 AM,2026-09-04 07:38:00 PM,2026-09-05 06:50:00 AM,2026-09-04,2026-09-05 01:14:00 AM,2026-09-05 12:50:00 AM,2026-09-05 01:38:00 AM,True,False,False,True,False,True,True,False,False,,,False,True,,,,,False,False,False,,,,False,20,1,ASHTAMI_ROHINI_OVERLAP_THEN_NEXT_NISHITA,False,,1,,
43,2026-09-05,True,Raleigh,North Carolina,United States,America/New_York,4487042,Raleigh,06:50 AM,07:36 PM,Navami upto 12:23 PM,Mrigashira upto 12:00 PM,Krishna Paksha,Shaniwara,Shravana,Simha,,True,,2026-09-03 04:55:00 PM,2026-09-04 02:43:00 PM,2026-09-03 02:59:00 PM,2026-09-04 01:34:00 PM,2026-09-03: Saptami upto 04:55 PM,2026-09-04: Ashtami upto 02:43 PM,2026-09-03: Krittika upto 02:59 PM,2026-09-04: Rohini upto 01:34 PM,2026-09-03 04:55:00 PM,2026-09-04 01:34:00 PM,2026-09-05 06:50:00 AM,2026-09-05 07:36:00 PM,2026-09-06 06:50:00 AM,2026-09-05,2026-09-06 01:13:00 AM,2026-09-06 12:49:00 AM,2026-09-06 01:37:00 AM,False,False,False,False,False,True,True,False,False,,,False,True,,,,,False,False,False,,,,False,20,1,ASHTAMI_ROHINI_OVERLAP_THEN_NEXT_NISHITA,False,,1,,
43,2026-09-06,True,Raleigh,North Carolina,United States,America/New_York,4487042,Raleigh,06:50 AM,07:35 PM,Dashami upto 09:59 AM,Ardra upto 10:22 AM,Krishna Paksha,Raviwara,Shravana,Simha,,True,,2026-09-03 04:55:00 PM,2026-09-04 02:43:00 PM,2026-09-03 02:59:00 PM,2026-09-04 01:34:00 PM,2026-09-03: Saptami upto 04:55 PM,2026-09-04: Ashtami upto 02:43 PM,2026-09-03: Krittika upto 02:59 PM,2026-09-04: Rohini upto 01:34 PM,2026-09-03 04:55:00 PM,2026-09-04 01:34:00 PM,2026-09-06 06:50:00 AM,2026-09-06 07:35:00 PM,2026-09-07 06:51:00 AM,2026-09-06,2026-09-07 01:13:00 AM,2026-09-07 12:49:00 AM,2026-09-07 01:37:00 AM,False,False,False,False,False,True,True,False,False,,,False,True,,,,,False,False,False,,,,False,20,1,ASHTAMI_ROHINI_OVERLAP_THEN_NEXT_NISHITA,False,,1,,
44,2026-09-02,True,Charlotte,North Carolina,United States,America/New_York,4460243,Charlotte,06:57 AM,07:49 PM,Shashthi upto 06:55 PM,Bharani upto 04:13 PM,Krishna Paksha,Budhawara,Shravana,Simha,,True,,2026-09-03 04:55:00 PM,2026-09-04 02:43:00 PM,2026-09-03 02:59:00 PM,2026-09-04 01:34:00 PM,2026-09-03: Saptami upto 04:55 PM,2026-09-04: Ashtami upto 02:43 PM,2026-09-03: Krittika upto 02:59 PM,2026-09-04: Rohini upto 01:34 PM,2026-09-03 04:55:00 PM,2026-09-04 01:34:00 PM,2026-09-02 06:57:00 AM,2026-09-02 07:49:00 PM,2026-09-03 06:58:00 AM,2026-09-02,2026-09-03 01:23:30 AM,2026-09-03 12:59:30 AM,2026-09-03 01:47:30 AM,False,False,False,False,False,True,False,False,False,,,True,False,,,,,False,False,False,,,,True,999,0,ASHTAMI_ROHINI_OVERLAP_WAIT_FOR_NEXT_NISHITA,True,"Ashtami and Rohini overlap, but this night's Nishita is not inside the overlap and is not after the overlap has ended. The Puja belongs to the first Nishita after the joint overlap ends.",1,,
44,2026-09-03,True,Charlotte,North Carolina,United States,America/New_York,4460243,Charlotte,06:58 AM,07:47 PM,Saptami upto 04:55 PM,Krittika upto 02:59 PM,Krishna Paksha,Guruwara,Shravana,Simha,,True,,2026-09-03 04:55:00 PM,2026-09-04 02:43:00 PM,2026-09-03 02:59:00 PM,2026-09-04 01:34:00 PM,2026-09-03: Saptami upto 04:55 PM,2026-09-04: Ashtami upto 02:43 PM,2026-09-03: Krittika upto 02:59 PM,2026-09-04: Rohini upto 01:34 PM,2026-09-03 04:55:00 PM,2026-09-04 01:34:00 PM,2026-09-03 06:58:00 AM,2026-09-03 07:47:00 PM,2026-09-04 06:58:00 AM,2026-09-03,2026-09-04 01:22:30 AM,2026-09-04 12:58:30 AM,2026-09-04 01:46:30 AM,False,True,True,True,True,True,False,True,True,2026-09-04 12:58:30 AM,2026-09-04 01:46:30 AM,True,True,,,,,False,False,False,,,,False,10,1,ASHTAMI_ROHINI_AT_NISHITA,False,,1,1,Only one Nishita falls inside the Ashtami-Rohini joint overlap.
44,2026-09-04,True,Charlotte,North Carolina,United States,America/New_York,4460243,Charlotte,06:58 AM,07:46 PM,Ashtami upto 02:43 PM,Rohini upto 01:34 PM,Krishna Paksha,Shukrawara,Shravana,Simha,,True,,2026-09-03 04:55:00 PM,2026-09-04 02:43:00 PM,2026-09-03 02:59:00 PM,2026-09-04 01:34:00 PM,2026-09-03: Saptami upto 04:55 PM,2026-09-04: Ashtami upto 02:43 PM,2026-09-03: Krittika upto 02:59 PM,2026-09-04: Rohini upto 01:34 PM,2026-09-03 04:55:00 PM,2026-09-04 01:34:00 PM,2026-09-04 06:58:00 AM,2026-09-04 07:46:00 PM,2026-09-05 06:59:00 AM,2026-09-04,2026-09-05 01:22:30 AM,2026-09-05 12:58:30 AM,2026-09-05 01:46:30 AM,True,False,False,True,False,True,True,False,False,,,False,True,,,,,False,False,False,,,,False,20,1,ASHTAMI_ROHINI_OVERLAP_THEN_NEXT_NISHITA,False,,1,,
44,2026-09-05,True,Charlotte,North Carolina,United States,America/New_York,4460243,Charlotte,06:59 AM,07:45 PM,Navami upto 12:23 PM,Mrigashira upto 12:00 PM,Krishna Paksha,Shaniwara,Shravana,Simha,,True,,2026-09-03 04:55:00 PM,2026-09-04 02:43:00 PM,2026-09-03 02:59:00 PM,2026-09-04 01:34:00 PM,2026-09-03: Saptami upto 04:55 PM,2026-09-04: Ashtami upto 02:43 PM,2026-09-03: Krittika upto 02:59 PM,2026-09-04: Rohini upto 01:34 PM,2026-09-03 04:55:00 PM,2026-09-04 01:34:00 PM,2026-09-05 06:59:00 AM,2026-09-05 07:45:00 PM,2026-09-06 07:00:00 AM,2026-09-05,2026-09-06 01:22:30 AM,2026-09-06 12:58:30 AM,2026-09-06 01:46:30 AM,False,False,False,False,False,True,True,False,False,,,False,True,,,,,False,False,False,,,,False,20,1,ASHTAMI_ROHINI_OVERLAP_THEN_NEXT_NISHITA,False,,1,,
44,2026-09-06,True,Charlotte,North Carolina,United States,America/New_York,4460243,Charlotte,07:00 AM,07:43 PM,Dashami upto 09:59 AM,Ardra upto 10:22 AM,Krishna Paksha,Raviwara,Shravana,Simha,,True,,2026-09-03 04:55:00 PM,2026-09-04 02:43:00 PM,2026-09-03 02:59:00 PM,2026-09-04 01:34:00 PM,2026-09-03: Saptami upto 04:55 PM,2026-09-04: Ashtami upto 02:43 PM,2026-09-03: Krittika upto 02:59 PM,2026-09-04: Rohini upto 01:34 PM,2026-09-03 04:55:00 PM,2026-09-04 01:34:00 PM,2026-09-06 07:00:00 AM,2026-09-06 07:43:00 PM,2026-09-07 07:00:00 AM,2026-09-06,2026-09-07 01:21:30 AM,2026-09-07 12:57:30 AM,2026-09-07 01:45:30 AM,False,False,False,False,False,True,True,False,False,,,False,True,,,,,False,False,False,,,,False,20,1,ASHTAMI_ROHINI_OVERLAP_THEN_NEXT_NISHITA,False,,1,,
45,2026-09-02,True,Bengaluru,Karnataka,India,Asia/Kolkata,1277333,Bengaluru,06:09 AM,06:30 PM,"Panchami upto 06:12 AM; Shashthi upto 04:25 AM, Sep 03","Bharani upto 01:43 AM, Sep 03",Krishna Paksha,Budhawara,Shravana,Simha,,True,,2026-09-04 02:25:00 AM,2026-09-05 12:13:00 AM,2026-09-04 12:29:00 AM,2026-09-04 11:04:00 PM,"2026-09-03: Saptami upto 02:25 AM, Sep 04","2026-09-04: Ashtami upto 12:13 AM, Sep 05","2026-09-03: Krittika upto 12:29 AM, Sep 04",2026-09-04: Rohini upto 11:04 PM,2026-09-04 02:25:00 AM,2026-09-04 11:04:00 PM,2026-09-02 06:09:00 AM,2026-09-02 06:30:00 PM,2026-09-03 06:09:00 AM,2026-09-02,2026-09-03 12:19:30 AM,2026-09-02 11:55:30 PM,2026-09-03 12:43:30 AM,False,False,False,False,False,True,False,False,False,,,True,False,,,,,False,False,False,,,,True,999,0,ASHTAMI_ROHINI_OVERLAP_WAIT_FOR_NEXT_NISHITA,True,"Ashtami and Rohini overlap, but this night's Nishita is not inside the overlap and is not after the overlap has ended. The Puja belongs to the first Nishita after the joint overlap ends.",0,,
45,2026-09-03,True,Bengaluru,Karnataka,India,Asia/Kolkata,1277333,Bengaluru,06:09 AM,06:29 PM,"Saptami upto 02:25 AM, Sep 04","Krittika upto 12:29 AM, Sep 04",Krishna Paksha,Guruwara,Shravana,Simha,,True,,2026-09-04 02:25:00 AM,2026-09-05 12:13:00 AM,2026-09-04 12:29:00 AM,2026-09-04 11:04:00 PM,"2026-09-03: Saptami upto 02:25 AM, Sep 04","2026-09-04: Ashtami upto 12:13 AM, Sep 05","2026-09-03: Krittika upto 12:29 AM, Sep 04",2026-09-04: Rohini upto 11:04 PM,2026-09-04 02:25:00 AM,2026-09-04 11:04:00 PM,2026-09-03 06:09:00 AM,2026-09-03 06:29:00 PM,2026-09-04 06:09:00 AM,2026-09-03,2026-09-04 12:19:00 AM,2026-09-03 11:55:00 PM,2026-09-04 12:43:00 AM,False,False,False,True,False,True,False,False,False,,,True,True,,,,,False,False,False,,,,False,999,1,ASHTAMI_ROHINI_OVERLAP_WAIT_FOR_NEXT_NISHITA,True,"Ashtami and Rohini overlap, but this night's Nishita is not inside the overlap and is not after the overlap has ended. The Puja belongs to the first Nishita after the joint overlap ends.",0,,
45,2026-09-04,True,Bengaluru,Karnataka,India,Asia/Kolkata,1277333,Bengaluru,06:09 AM,06:29 PM,"Ashtami upto 12:13 AM, Sep 05",Rohini upto 11:04 PM,Krishna Paksha,Shukrawara,Shravana,Simha,,True,,2026-09-04 02:25:00 AM,2026-09-05 12:13:00 AM,2026-09-04 12:29:00 AM,2026-09-04 11:04:00 PM,"2026-09-03: Saptami upto 02:25 AM, Sep 04","2026-09-04: Ashtami upto 12:13 AM, Sep 05","2026-09-03: Krittika upto 12:29 AM, Sep 04",2026-09-04: Rohini upto 11:04 PM,2026-09-04 02:25:00 AM,2026-09-04 11:04:00 PM,2026-09-04 06:09:00 AM,2026-09-04 06:29:00 PM,2026-09-05 06:09:00 AM,2026-09-04,2026-09-05 12:19:00 AM,2026-09-04 11:55:00 PM,2026-09-05 12:43:00 AM,True,False,False,True,False,True,True,False,False,,,False,True,,,,,False,False,False,,,,False,20,1,ASHTAMI_ROHINI_OVERLAP_THEN_NEXT_NISHITA,False,,0,,
45,2026-09-05,True,Bengaluru,Karnataka,India,Asia/Kolkata,1277333,Bengaluru,06:09 AM,06:28 PM,Navami upto 09:53 PM,Mrigashira upto 09:30 PM,Krishna Paksha,Shaniwara,Shravana,Simha,,True,,2026-09-04 02:25:00 AM,2026-09-05 12:13:00 AM,2026-09-04 12:29:00 AM,2026-09-04 11:04:00 PM,"2026-09-03: Saptami upto 02:25 AM, Sep 04","2026-09-04: Ashtami upto 12:13 AM, Sep 05","2026-09-03: Krittika upto 12:29 AM, Sep 04",2026-09-04: Rohini upto 11:04 PM,2026-09-04 02:25:00 AM,2026-09-04 11:04:00 PM,2026-09-05 06:09:00 AM,2026-09-05 06:28:00 PM,2026-09-06 06:09:00 AM,2026-09-05,2026-09-06 12:18:30 AM,2026-09-05 11:54:30 PM,2026-09-06 12:42:30 AM,False,False,False,False,False,True,True,False,False,,,False,True,,,,,False,False,False,,,,False,20,1,ASHTAMI_ROHINI_OVERLAP_THEN_NEXT_NISHITA,False,,0,,
45,2026-09-06,True,Bengaluru,Karnataka,India,Asia/Kolkata,1277333,Bengaluru,06:09 AM,06:27 PM,Dashami upto 07:29 PM,Ardra upto 07:52 PM,Krishna Paksha,Raviwara,Shravana,Simha,,True,,2026-09-04 02:25:00 AM,2026-09-05 12:13:00 AM,2026-09-04 12:29:00 AM,2026-09-04 11:04:00 PM,"2026-09-03: Saptami upto 02:25 AM, Sep 04","2026-09-04: Ashtami upto 12:13 AM, Sep 05","2026-09-03: Krittika upto 12:29 AM, Sep 04",2026-09-04: Rohini upto 11:04 PM,2026-09-04 02:25:00 AM,2026-09-04 11:04:00 PM,2026-09-06 06:09:00 AM,2026-09-06 06:27:00 PM,2026-09-07 06:09:00 AM,2026-09-06,2026-09-07 12:18:00 AM,2026-09-06 11:54:00 PM,2026-09-07 12:42:00 AM,False,False,False,False,False,True,True,False,False,,,False,True,,,,,False,False,False,,,,False,20,1,ASHTAMI_ROHINI_OVERLAP_THEN_NEXT_NISHITA,False,,0,,
46,2026-09-02,True,Mysuru,Karnataka,India,Asia/Kolkata,1262321,Mysuru,06:13 AM,06:33 PM,"Shashthi upto 04:25 AM, Sep 03","Bharani upto 01:43 AM, Sep 03",Krishna Paksha,Budhawara,Shravana,Simha,,True,,2026-09-04 02:25:00 AM,2026-09-05 12:13:00 AM,2026-09-04 12:29:00 AM,2026-09-04 11:04:00 PM,"2026-09-03: Saptami upto 02:25 AM, Sep 04","2026-09-04: Ashtami upto 12:13 AM, Sep 05","2026-09-03: Krittika upto 12:29 AM, Sep 04",2026-09-04: Rohini upto 11:04 PM,2026-09-04 02:25:00 AM,2026-09-04 11:04:00 PM,2026-09-02 06:13:00 AM,2026-09-02 06:33:00 PM,2026-09-03 06:13:00 AM,2026-09-02,2026-09-03 12:23:00 AM,2026-09-02 11:59:00 PM,2026-09-03 12:47:00 AM,False,False,False,False,False,True,False,False,False,,,True,False,,,,,False,False,False,,,,True,999,0,ASHTAMI_ROHINI_OVERLAP_WAIT_FOR_NEXT_NISHITA,True,"Ashtami and Rohini overlap, but this night's Nishita is not inside the overlap and is not after the overlap has ended. The Puja belongs to the first Nishita after the joint overlap ends.",0,,
46,2026-09-03,True,Mysuru,Karnataka,India,Asia/Kolkata,1262321,Mysuru,06:13 AM,06:33 PM,"Saptami upto 02:25 AM, Sep 04","Krittika upto 12:29 AM, Sep 04",Krishna Paksha,Guruwara,Shravana,Simha,,True,,2026-09-04 02:25:00 AM,2026-09-05 12:13:00 AM,2026-09-04 12:29:00 AM,2026-09-04 11:04:00 PM,"2026-09-03: Saptami upto 02:25 AM, Sep 04","2026-09-04: Ashtami upto 12:13 AM, Sep 05","2026-09-03: Krittika upto 12:29 AM, Sep 04",2026-09-04: Rohini upto 11:04 PM,2026-09-04 02:25:00 AM,2026-09-04 11:04:00 PM,2026-09-03 06:13:00 AM,2026-09-03 06:33:00 PM,2026-09-04 06:13:00 AM,2026-09-03,2026-09-04 12:23:00 AM,2026-09-03 11:59:00 PM,2026-09-04 12:47:00 AM,False,False,False,True,False,True,False,False,False,,,True,True,,,,,False,False,False,,,,False,999,1,ASHTAMI_ROHINI_OVERLAP_WAIT_FOR_NEXT_NISHITA,True,"Ashtami and Rohini overlap, but this night's Nishita is not inside the overlap and is not after the overlap has ended. The Puja belongs to the first Nishita after the joint overlap ends.",0,,
46,2026-09-04,True,Mysuru,Karnataka,India,Asia/Kolkata,1262321,Mysuru,06:13 AM,06:32 PM,"Ashtami upto 12:13 AM, Sep 05",Rohini upto 11:04 PM,Krishna Paksha,Shukrawara,Shravana,Simha,,True,,2026-09-04 02:25:00 AM,2026-09-05 12:13:00 AM,2026-09-04 12:29:00 AM,2026-09-04 11:04:00 PM,"2026-09-03: Saptami upto 02:25 AM, Sep 04","2026-09-04: Ashtami upto 12:13 AM, Sep 05","2026-09-03: Krittika upto 12:29 AM, Sep 04",2026-09-04: Rohini upto 11:04 PM,2026-09-04 02:25:00 AM,2026-09-04 11:04:00 PM,2026-09-04 06:13:00 AM,2026-09-04 06:32:00 PM,2026-09-05 06:13:00 AM,2026-09-04,2026-09-05 12:22:30 AM,2026-09-04 11:58:30 PM,2026-09-05 12:46:30 AM,True,False,False,True,False,True,True,False,False,,,False,True,,,,,False,False,False,,,,False,20,1,ASHTAMI_ROHINI_OVERLAP_THEN_NEXT_NISHITA,False,,0,,
46,2026-09-05,True,Mysuru,Karnataka,India,Asia/Kolkata,1262321,Mysuru,06:13 AM,06:31 PM,Navami upto 09:53 PM,Mrigashira upto 09:30 PM,Krishna Paksha,Shaniwara,Shravana,Simha,,True,,2026-09-04 02:25:00 AM,2026-09-05 12:13:00 AM,2026-09-04 12:29:00 AM,2026-09-04 11:04:00 PM,"2026-09-03: Saptami upto 02:25 AM, Sep 04","2026-09-04: Ashtami upto 12:13 AM, Sep 05","2026-09-03: Krittika upto 12:29 AM, Sep 04",2026-09-04: Rohini upto 11:04 PM,2026-09-04 02:25:00 AM,2026-09-04 11:04:00 PM,2026-09-05 06:13:00 AM,2026-09-05 06:31:00 PM,2026-09-06 06:13:00 AM,2026-09-05,2026-09-06 12:22:00 AM,2026-09-05 11:58:00 PM,2026-09-06 12:46:00 AM,False,False,False,False,False,True,True,False,False,,,False,True,,,,,False,False,False,,,,False,20,1,ASHTAMI_ROHINI_OVERLAP_THEN_NEXT_NISHITA,False,,0,,
46,2026-09-06,True,Mysuru,Karnataka,India,Asia/Kolkata,1262321,Mysuru,06:13 AM,06:31 PM,Dashami upto 07:29 PM,Ardra upto 07:52 PM,Krishna Paksha,Raviwara,Shravana,Simha,,True,,2026-09-04 02:25:00 AM,2026-09-05 12:13:00 AM,2026-09-04 12:29:00 AM,2026-09-04 11:04:00 PM,"2026-09-03: Saptami upto 02:25 AM, Sep 04","2026-09-04: Ashtami upto 12:13 AM, Sep 05","2026-09-03: Krittika upto 12:29 AM, Sep 04",2026-09-04: Rohini upto 11:04 PM,2026-09-04 02:25:00 AM,2026-09-04 11:04:00 PM,2026-09-06 06:13:00 AM,2026-09-06 06:31:00 PM,2026-09-07 06:13:00 AM,2026-09-06,2026-09-07 12:22:00 AM,2026-09-06 11:58:00 PM,2026-09-07 12:46:00 AM,False,False,False,False,False,True,True,False,False,,,False,True,,,,,False,False,False,,,,False,20,1,ASHTAMI_ROHINI_OVERLAP_THEN_NEXT_NISHITA,False,,0,,
47,2026-09-02,True,T Narasipura,Karnataka,India,Asia/Kolkata,1262321,Mysuru,06:13 AM,06:33 PM,"Shashthi upto 04:25 AM, Sep 03","Bharani upto 01:43 AM, Sep 03",Krishna Paksha,Budhawara,Shravana,Simha,,True,,2026-09-04 02:25:00 AM,2026-09-05 12:13:00 AM,2026-09-04 12:29:00 AM,2026-09-04 11:04:00 PM,"2026-09-03: Saptami upto 02:25 AM, Sep 04","2026-09-04: Ashtami upto 12:13 AM, Sep 05","2026-09-03: Krittika upto 12:29 AM, Sep 04",2026-09-04: Rohini upto 11:04 PM,2026-09-04 02:25:00 AM,2026-09-04 11:04:00 PM,2026-09-02 06:13:00 AM,2026-09-02 06:33:00 PM,2026-09-03 06:13:00 AM,2026-09-02,2026-09-03 12:23:00 AM,2026-09-02 11:59:00 PM,2026-09-03 12:47:00 AM,False,False,False,False,False,True,False,False,False,,,True,False,,,,,False,False,False,,,,True,999,0,ASHTAMI_ROHINI_OVERLAP_WAIT_FOR_NEXT_NISHITA,True,"Ashtami and Rohini overlap, but this night's Nishita is not inside the overlap and is not after the overlap has ended. The Puja belongs to the first Nishita after the joint overlap ends.",0,,
47,2026-09-03,True,T Narasipura,Karnataka,India,Asia/Kolkata,1262321,Mysuru,06:13 AM,06:33 PM,"Saptami upto 02:25 AM, Sep 04","Krittika upto 12:29 AM, Sep 04",Krishna Paksha,Guruwara,Shravana,Simha,,True,,2026-09-04 02:25:00 AM,2026-09-05 12:13:00 AM,2026-09-04 12:29:00 AM,2026-09-04 11:04:00 PM,"2026-09-03: Saptami upto 02:25 AM, Sep 04","2026-09-04: Ashtami upto 12:13 AM, Sep 05","2026-09-03: Krittika upto 12:29 AM, Sep 04",2026-09-04: Rohini upto 11:04 PM,2026-09-04 02:25:00 AM,2026-09-04 11:04:00 PM,2026-09-03 06:13:00 AM,2026-09-03 06:33:00 PM,2026-09-04 06:13:00 AM,2026-09-03,2026-09-04 12:23:00 AM,2026-09-03 11:59:00 PM,2026-09-04 12:47:00 AM,False,False,False,True,False,True,False,False,False,,,True,True,,,,,False,False,False,,,,False,999,1,ASHTAMI_ROHINI_OVERLAP_WAIT_FOR_NEXT_NISHITA,True,"Ashtami and Rohini overlap, but this night's Nishita is not inside the overlap and is not after the overlap has ended. The Puja belongs to the first Nishita after the joint overlap ends.",0,,
47,2026-09-04,True,T Narasipura,Karnataka,India,Asia/Kolkata,1262321,Mysuru,06:13 AM,06:32 PM,"Ashtami upto 12:13 AM, Sep 05",Rohini upto 11:04 PM,Krishna Paksha,Shukrawara,Shravana,Simha,,True,,2026-09-04 02:25:00 AM,2026-09-05 12:13:00 AM,2026-09-04 12:29:00 AM,2026-09-04 11:04:00 PM,"2026-09-03: Saptami upto 02:25 AM, Sep 04","2026-09-04: Ashtami upto 12:13 AM, Sep 05","2026-09-03: Krittika upto 12:29 AM, Sep 04",2026-09-04: Rohini upto 11:04 PM,2026-09-04 02:25:00 AM,2026-09-04 11:04:00 PM,2026-09-04 06:13:00 AM,2026-09-04 06:32:00 PM,2026-09-05 06:13:00 AM,2026-09-04,2026-09-05 12:22:30 AM,2026-09-04 11:58:30 PM,2026-09-05 12:46:30 AM,True,False,False,True,False,True,True,False,False,,,False,True,,,,,False,False,False,,,,False,20,1,ASHTAMI_ROHINI_OVERLAP_THEN_NEXT_NISHITA,False,,0,,
47,2026-09-05,True,T Narasipura,Karnataka,India,Asia/Kolkata,1262321,Mysuru,06:13 AM,06:31 PM,Navami upto 09:53 PM,Mrigashira upto 09:30 PM,Krishna Paksha,Shaniwara,Shravana,Simha,,True,,2026-09-04 02:25:00 AM,2026-09-05 12:13:00 AM,2026-09-04 12:29:00 AM,2026-09-04 11:04:00 PM,"2026-09-03: Saptami upto 02:25 AM, Sep 04","2026-09-04: Ashtami upto 12:13 AM, Sep 05","2026-09-03: Krittika upto 12:29 AM, Sep 04",2026-09-04: Rohini upto 11:04 PM,2026-09-04 02:25:00 AM,2026-09-04 11:04:00 PM,2026-09-05 06:13:00 AM,2026-09-05 06:31:00 PM,2026-09-06 06:13:00 AM,2026-09-05,2026-09-06 12:22:00 AM,2026-09-05 11:58:00 PM,2026-09-06 12:46:00 AM,False,False,False,False,False,True,True,False,False,,,False,True,,,,,False,False,False,,,,False,20,1,ASHTAMI_ROHINI_OVERLAP_THEN_NEXT_NISHITA,False,,0,,
47,2026-09-06,True,T Narasipura,Karnataka,India,Asia/Kolkata,1262321,Mysuru,06:13 AM,06:31 PM,Dashami upto 07:29 PM,Ardra upto 07:52 PM,Krishna Paksha,Raviwara,Shravana,Simha,,True,,2026-09-04 02:25:00 AM,2026-09-05 12:13:00 AM,2026-09-04 12:29:00 AM,2026-09-04 11:04:00 PM,"2026-09-03: Saptami upto 02:25 AM, Sep 04","2026-09-04: Ashtami upto 12:13 AM, Sep 05","2026-09-03: Krittika upto 12:29 AM, Sep 04",2026-09-04: Rohini upto 11:04 PM,2026-09-04 02:25:00 AM,2026-09-04 11:04:00 PM,2026-09-06 06:13:00 AM,2026-09-06 06:31:00 PM,2026-09-07 06:13:00 AM,2026-09-06,2026-09-07 12:22:00 AM,2026-09-06 11:58:00 PM,2026-09-07 12:46:00 AM,False,False,False,False,False,True,True,False,False,,,False,True,,,,,False,False,False,,,,False,20,1,ASHTAMI_ROHINI_OVERLAP_THEN_NEXT_NISHITA,False,,0,,
48,2026-09-02,True,Mangalore,Karnataka,India,Asia/Kolkata,1263780,Mangalore,06:20 AM,06:41 PM,"Shashthi upto 04:25 AM, Sep 03","Bharani upto 01:43 AM, Sep 03",Krishna Paksha,Budhawara,Shravana,Simha,,True,,2026-09-04 02:25:00 AM,2026-09-05 12:13:00 AM,2026-09-04 12:29:00 AM,2026-09-04 11:04:00 PM,"2026-09-03: Saptami upto 02:25 AM, Sep 04","2026-09-04: Ashtami upto 12:13 AM, Sep 05","2026-09-03: Krittika upto 12:29 AM, Sep 04",2026-09-04: Rohini upto 11:04 PM,2026-09-04 02:25:00 AM,2026-09-04 11:04:00 PM,2026-09-02 06:20:00 AM,2026-09-02 06:41:00 PM,2026-09-03 06:20:00 AM,2026-09-02,2026-09-03 12:30:30 AM,2026-09-03 12:06:30 AM,2026-09-03 12:54:30 AM,False,False,False,False,False,True,False,False,False,,,True,False,,,,,False,False,False,,,,True,999,0,ASHTAMI_ROHINI_OVERLAP_WAIT_FOR_NEXT_NISHITA,True,"Ashtami and Rohini overlap, but this night's Nishita is not inside the overlap and is not after the overlap has ended. The Puja belongs to the first Nishita after the joint overlap ends.",0,,
48,2026-09-03,True,Mangalore,Karnataka,India,Asia/Kolkata,1263780,Mangalore,06:20 AM,06:40 PM,"Saptami upto 02:25 AM, Sep 04","Krittika upto 12:29 AM, Sep 04",Krishna Paksha,Guruwara,Shravana,Simha,,True,,2026-09-04 02:25:00 AM,2026-09-05 12:13:00 AM,2026-09-04 12:29:00 AM,2026-09-04 11:04:00 PM,"2026-09-03: Saptami upto 02:25 AM, Sep 04","2026-09-04: Ashtami upto 12:13 AM, Sep 05","2026-09-03: Krittika upto 12:29 AM, Sep 04",2026-09-04: Rohini upto 11:04 PM,2026-09-04 02:25:00 AM,2026-09-04 11:04:00 PM,2026-09-03 06:20:00 AM,2026-09-03 06:40:00 PM,2026-09-04 06:20:00 AM,2026-09-03,2026-09-04 12:30:00 AM,2026-09-04 12:06:00 AM,2026-09-04 12:54:00 AM,False,False,True,True,False,True,False,False,False,,,True,True,,,,,False,False,False,,,,False,999,1,ASHTAMI_ROHINI_OVERLAP_WAIT_FOR_NEXT_NISHITA,True,"Ashtami and Rohini overlap, but this night's Nishita is not inside the overlap and is not after the overlap has ended. The Puja belongs to the first Nishita after the joint overlap ends.",0,,
48,2026-09-04,True,Mangalore,Karnataka,India,Asia/Kolkata,1263780,Mangalore,06:20 AM,06:39 PM,"Ashtami upto 12:13 AM, Sep 05",Rohini upto 11:04 PM,Krishna Paksha,Shukrawara,Shravana,Simha,,True,,2026-09-04 02:25:00 AM,2026-09-05 12:13:00 AM,2026-09-04 12:29:00 AM,2026-09-04 11:04:00 PM,"2026-09-03: Saptami upto 02:25 AM, Sep 04","2026-09-04: Ashtami upto 12:13 AM, Sep 05","2026-09-03: Krittika upto 12:29 AM, Sep 04",2026-09-04: Rohini upto 11:04 PM,2026-09-04 02:25:00 AM,2026-09-04 11:04:00 PM,2026-09-04 06:20:00 AM,2026-09-04 06:39:00 PM,2026-09-05 06:20:00 AM,2026-09-04,2026-09-05 12:29:30 AM,2026-09-05 12:05:30 AM,2026-09-05 12:53:30 AM,True,False,False,True,False,True,True,False,False,,,False,True,,,,,False,False,False,,,,False,20,1,ASHTAMI_ROHINI_OVERLAP_THEN_NEXT_NISHITA,False,,0,,
48,2026-09-05,True,Mangalore,Karnataka,India,Asia/Kolkata,1263780,Mangalore,06:20 AM,06:39 PM,Navami upto 09:53 PM,Mrigashira upto 09:30 PM,Krishna Paksha,Shaniwara,Shravana,Simha,,True,,2026-09-04 02:25:00 AM,2026-09-05 12:13:00 AM,2026-09-04 12:29:00 AM,2026-09-04 11:04:00 PM,"2026-09-03: Saptami upto 02:25 AM, Sep 04","2026-09-04: Ashtami upto 12:13 AM, Sep 05","2026-09-03: Krittika upto 12:29 AM, Sep 04",2026-09-04: Rohini upto 11:04 PM,2026-09-04 02:25:00 AM,2026-09-04 11:04:00 PM,2026-09-05 06:20:00 AM,2026-09-05 06:39:00 PM,2026-09-06 06:20:00 AM,2026-09-05,2026-09-06 12:29:30 AM,2026-09-06 12:05:30 AM,2026-09-06 12:53:30 AM,False,False,False,False,False,True,True,False,False,,,False,True,,,,,False,False,False,,,,False,20,1,ASHTAMI_ROHINI_OVERLAP_THEN_NEXT_NISHITA,False,,0,,
48,2026-09-06,True,Mangalore,Karnataka,India,Asia/Kolkata,1263780,Mangalore,06:20 AM,06:38 PM,Dashami upto 07:29 PM,Ardra upto 07:52 PM,Krishna Paksha,Raviwara,Shravana,Simha,,True,,2026-09-04 02:25:00 AM,2026-09-05 12:13:00 AM,2026-09-04 12:29:00 AM,2026-09-04 11:04:00 PM,"2026-09-03: Saptami upto 02:25 AM, Sep 04","2026-09-04: Ashtami upto 12:13 AM, Sep 05","2026-09-03: Krittika upto 12:29 AM, Sep 04",2026-09-04: Rohini upto 11:04 PM,2026-09-04 02:25:00 AM,2026-09-04 11:04:00 PM,2026-09-06 06:20:00 AM,2026-09-06 06:38:00 PM,2026-09-07 06:20:00 AM,2026-09-06,2026-09-07 12:29:00 AM,2026-09-07 12:05:00 AM,2026-09-07 12:53:00 AM,False,False,False,False,False,True,True,False,False,,,False,True,,,,,False,False,False,,,,False,20,1,ASHTAMI_ROHINI_OVERLAP_THEN_NEXT_NISHITA,False,,0,,
49,2026-09-02,True,Udupi,Karnataka,India,Asia/Kolkata,1253952,Udipi,06:20 AM,06:42 PM,"Shashthi upto 04:25 AM, Sep 03","Bharani upto 01:43 AM, Sep 03",Krishna Paksha,Budhawara,Shravana,Simha,,True,,2026-09-04 02:25:00 AM,2026-09-05 12:13:00 AM,2026-09-04 12:29:00 AM,2026-09-04 11:04:00 PM,"2026-09-03: Saptami upto 02:25 AM, Sep 04","2026-09-04: Ashtami upto 12:13 AM, Sep 05","2026-09-03: Krittika upto 12:29 AM, Sep 04",2026-09-04: Rohini upto 11:04 PM,2026-09-04 02:25:00 AM,2026-09-04 11:04:00 PM,2026-09-02 06:20:00 AM,2026-09-02 06:42:00 PM,2026-09-03 06:20:00 AM,2026-09-02,2026-09-03 12:31:00 AM,2026-09-03 12:07:00 AM,2026-09-03 12:55:00 AM,False,False,False,False,False,True,False,False,False,,,True,False,,,,,False,False,False,,,,True,999,0,ASHTAMI_ROHINI_OVERLAP_WAIT_FOR_NEXT_NISHITA,True,"Ashtami and Rohini overlap, but this night's Nishita is not inside the overlap and is not after the overlap has ended. The Puja belongs to the first Nishita after the joint overlap ends.",0,,
49,2026-09-03,True,Udupi,Karnataka,India,Asia/Kolkata,1253952,Udipi,06:20 AM,06:41 PM,"Saptami upto 02:25 AM, Sep 04","Krittika upto 12:29 AM, Sep 04",Krishna Paksha,Guruwara,Shravana,Simha,,True,,2026-09-04 02:25:00 AM,2026-09-05 12:13:00 AM,2026-09-04 12:29:00 AM,2026-09-04 11:04:00 PM,"2026-09-03: Saptami upto 02:25 AM, Sep 04","2026-09-04: Ashtami upto 12:13 AM, Sep 05","2026-09-03: Krittika upto 12:29 AM, Sep 04",2026-09-04: Rohini upto 11:04 PM,2026-09-04 02:25:00 AM,2026-09-04 11:04:00 PM,2026-09-03 06:20:00 AM,2026-09-03 06:41:00 PM,2026-09-04 06:20:00 AM,2026-09-03,2026-09-04 12:30:30 AM,2026-09-04 12:06:30 AM,2026-09-04 12:54:30 AM,False,False,True,True,False,True,False,False,False,,,True,True,,,,,False,False,False,,,,False,999,1,ASHTAMI_ROHINI_OVERLAP_WAIT_FOR_NEXT_NISHITA,True,"Ashtami and Rohini overlap, but this night's Nishita is not inside the overlap and is not after the overlap has ended. The Puja belongs to the first Nishita after the joint overlap ends.",0,,
49,2026-09-04,True,Udupi,Karnataka,India,Asia/Kolkata,1253952,Udipi,06:20 AM,06:40 PM,"Ashtami upto 12:13 AM, Sep 05",Rohini upto 11:04 PM,Krishna Paksha,Shukrawara,Shravana,Simha,,True,,2026-09-04 02:25:00 AM,2026-09-05 12:13:00 AM,2026-09-04 12:29:00 AM,2026-09-04 11:04:00 PM,"2026-09-03: Saptami upto 02:25 AM, Sep 04","2026-09-04: Ashtami upto 12:13 AM, Sep 05","2026-09-03: Krittika upto 12:29 AM, Sep 04",2026-09-04: Rohini upto 11:04 PM,2026-09-04 02:25:00 AM,2026-09-04 11:04:00 PM,2026-09-04 06:20:00 AM,2026-09-04 06:40:00 PM,2026-09-05 06:20:00 AM,2026-09-04,2026-09-05 12:30:00 AM,2026-09-05 12:06:00 AM,2026-09-05 12:54:00 AM,True,False,False,True,False,True,True,False,False,,,False,True,,,,,False,False,False,,,,False,20,1,ASHTAMI_ROHINI_OVERLAP_THEN_NEXT_NISHITA,False,,0,,
49,2026-09-05,True,Udupi,Karnataka,India,Asia/Kolkata,1253952,Udipi,06:20 AM,06:39 PM,Navami upto 09:53 PM,Mrigashira upto 09:30 PM,Krishna Paksha,Shaniwara,Shravana,Simha,,True,,2026-09-04 02:25:00 AM,2026-09-05 12:13:00 AM,2026-09-04 12:29:00 AM,2026-09-04 11:04:00 PM,"2026-09-03: Saptami upto 02:25 AM, Sep 04","2026-09-04: Ashtami upto 12:13 AM, Sep 05","2026-09-03: Krittika upto 12:29 AM, Sep 04",2026-09-04: Rohini upto 11:04 PM,2026-09-04 02:25:00 AM,2026-09-04 11:04:00 PM,2026-09-05 06:20:00 AM,2026-09-05 06:39:00 PM,2026-09-06 06:20:00 AM,2026-09-05,2026-09-06 12:29:30 AM,2026-09-06 12:05:30 AM,2026-09-06 12:53:30 AM,False,False,False,False,False,True,True,False,False,,,False,True,,,,,False,False,False,,,,False,20,1,ASHTAMI_ROHINI_OVERLAP_THEN_NEXT_NISHITA,False,,0,,
49,2026-09-06,True,Udupi,Karnataka,India,Asia/Kolkata,1253952,Udipi,06:20 AM,06:39 PM,Dashami upto 07:29 PM,Ardra upto 07:52 PM,Krishna Paksha,Raviwara,Shravana,Simha,,True,,2026-09-04 02:25:00 AM,2026-09-05 12:13:00 AM,2026-09-04 12:29:00 AM,2026-09-04 11:04:00 PM,"2026-09-03: Saptami upto 02:25 AM, Sep 04","2026-09-04: Ashtami upto 12:13 AM, Sep 05","2026-09-03: Krittika upto 12:29 AM, Sep 04",2026-09-04: Rohini upto 11:04 PM,2026-09-04 02:25:00 AM,2026-09-04 11:04:00 PM,2026-09-06 06:20:00 AM,2026-09-06 06:39:00 PM,2026-09-07 06:20:00 AM,2026-09-06,2026-09-07 12:29:30 AM,2026-09-07 12:05:30 AM,2026-09-07 12:53:30 AM,False,False,False,False,False,True,True,False,False,,,False,True,,,,,False,False,False,,,,False,20,1,ASHTAMI_ROHINI_OVERLAP_THEN_NEXT_NISHITA,False,,0,,
50,2026-09-02,True,Surat,Gujarat,India,Asia/Kolkata,1255364,Surat,06:22 AM,06:54 PM,"Shashthi upto 04:25 AM, Sep 03","Bharani upto 01:43 AM, Sep 03",Krishna Paksha,Budhawara,Shravana,Simha,,True,,2026-09-04 02:25:00 AM,2026-09-05 12:13:00 AM,2026-09-04 12:29:00 AM,2026-09-04 11:04:00 PM,"2026-09-03: Saptami upto 02:25 AM, Sep 04","2026-09-04: Ashtami upto 12:13 AM, Sep 05","2026-09-03: Krittika upto 12:29 AM, Sep 04",2026-09-04: Rohini upto 11:04 PM,2026-09-04 02:25:00 AM,2026-09-04 11:04:00 PM,2026-09-02 06:22:00 AM,2026-09-02 06:54:00 PM,2026-09-03 06:23:00 AM,2026-09-02,2026-09-03 12:38:30 AM,2026-09-03 12:14:30 AM,2026-09-03 01:02:30 AM,False,False,False,False,False,True,False,False,False,,,True,False,,,,,False,False,False,,,,True,999,0,ASHTAMI_ROHINI_OVERLAP_WAIT_FOR_NEXT_NISHITA,True,"Ashtami and Rohini overlap, but this night's Nishita is not inside the overlap and is not after the overlap has ended. The Puja belongs to the first Nishita after the joint overlap ends.",0,,
50,2026-09-03,True,Surat,Gujarat,India,Asia/Kolkata,1255364,Surat,06:23 AM,06:53 PM,"Saptami upto 02:25 AM, Sep 04","Krittika upto 12:29 AM, Sep 04",Krishna Paksha,Guruwara,Shravana,Simha,,True,,2026-09-04 02:25:00 AM,2026-09-05 12:13:00 AM,2026-09-04 12:29:00 AM,2026-09-04 11:04:00 PM,"2026-09-03: Saptami upto 02:25 AM, Sep 04","2026-09-04: Ashtami upto 12:13 AM, Sep 05","2026-09-03: Krittika upto 12:29 AM, Sep 04",2026-09-04: Rohini upto 11:04 PM,2026-09-04 02:25:00 AM,2026-09-04 11:04:00 PM,2026-09-03 06:23:00 AM,2026-09-03 06:53:00 PM,2026-09-04 06:23:00 AM,2026-09-03,2026-09-04 12:38:00 AM,2026-09-04 12:14:00 AM,2026-09-04 01:02:00 AM,False,False,True,True,False,True,False,False,False,,,True,True,,,,,False,False,False,,,,False,999,1,ASHTAMI_ROHINI_OVERLAP_WAIT_FOR_NEXT_NISHITA,True,"Ashtami and Rohini overlap, but this night's Nishita is not inside the overlap and is not after the overlap has ended. The Puja belongs to the first Nishita after the joint overlap ends.",0,,
50,2026-09-04,True,Surat,Gujarat,India,Asia/Kolkata,1255364,Surat,06:23 AM,06:52 PM,"Ashtami upto 12:13 AM, Sep 05",Rohini upto 11:04 PM,Krishna Paksha,Shukrawara,Shravana,Simha,,True,,2026-09-04 02:25:00 AM,2026-09-05 12:13:00 AM,2026-09-04 12:29:00 AM,2026-09-04 11:04:00 PM,"2026-09-03: Saptami upto 02:25 AM, Sep 04","2026-09-04: Ashtami upto 12:13 AM, Sep 05","2026-09-03: Krittika upto 12:29 AM, Sep 04",2026-09-04: Rohini upto 11:04 PM,2026-09-04 02:25:00 AM,2026-09-04 11:04:00 PM,2026-09-04 06:23:00 AM,2026-09-04 06:52:00 PM,2026-09-05 06:23:00 AM,2026-09-04,2026-09-05 12:37:30 AM,2026-09-05 12:13:30 AM,2026-09-05 01:01:30 AM,True,False,False,True,False,True,True,False,False,,,False,True,,,,,False,False,False,,,,False,20,1,ASHTAMI_ROHINI_OVERLAP_THEN_NEXT_NISHITA,False,,0,,
50,2026-09-05,True,Surat,Gujarat,India,Asia/Kolkata,1255364,Surat,06:23 AM,06:51 PM,Navami upto 09:53 PM,Mrigashira upto 09:30 PM,Krishna Paksha,Shaniwara,Shravana,Simha,,True,,2026-09-04 02:25:00 AM,2026-09-05 12:13:00 AM,2026-09-04 12:29:00 AM,2026-09-04 11:04:00 PM,"2026-09-03: Saptami upto 02:25 AM, Sep 04","2026-09-04: Ashtami upto 12:13 AM, Sep 05","2026-09-03: Krittika upto 12:29 AM, Sep 04",2026-09-04: Rohini upto 11:04 PM,2026-09-04 02:25:00 AM,2026-09-04 11:04:00 PM,2026-09-05 06:23:00 AM,2026-09-05 06:51:00 PM,2026-09-06 06:23:00 AM,2026-09-05,2026-09-06 12:37:00 AM,2026-09-06 12:13:00 AM,2026-09-06 01:01:00 AM,False,False,False,False,False,True,True,False,False,,,False,True,,,,,False,False,False,,,,False,20,1,ASHTAMI_ROHINI_OVERLAP_THEN_NEXT_NISHITA,False,,0,,
50,2026-09-06,True,Surat,Gujarat,India,Asia/Kolkata,1255364,Surat,06:23 AM,06:50 PM,Dashami upto 07:29 PM,Ardra upto 07:52 PM,Krishna Paksha,Raviwara,Shravana,Simha,,True,,2026-09-04 02:25:00 AM,2026-09-05 12:13:00 AM,2026-09-04 12:29:00 AM,2026-09-04 11:04:00 PM,"2026-09-03: Saptami upto 02:25 AM, Sep 04","2026-09-04: Ashtami upto 12:13 AM, Sep 05","2026-09-03: Krittika upto 12:29 AM, Sep 04",2026-09-04: Rohini upto 11:04 PM,2026-09-04 02:25:00 AM,2026-09-04 11:04:00 PM,2026-09-06 06:23:00 AM,2026-09-06 06:50:00 PM,2026-09-07 06:24:00 AM,2026-09-06,2026-09-07 12:37:00 AM,2026-09-07 12:13:00 AM,2026-09-07 01:01:00 AM,False,False,False,False,False,True,True,False,False,,,False,True,,,,,False,False,False,,,,False,20,1,ASHTAMI_ROHINI_OVERLAP_THEN_NEXT_NISHITA,False,,0,,
51,2026-09-02,True,Pune,Maharashtra,India,Asia/Kolkata,1259229,Pune,06:20 AM,06:48 PM,"Shashthi upto 04:25 AM, Sep 03","Bharani upto 01:43 AM, Sep 03",Krishna Paksha,Budhawara,Shravana,Simha,,True,,2026-09-04 02:25:00 AM,2026-09-05 12:13:00 AM,2026-09-04 12:29:00 AM,2026-09-04 11:04:00 PM,"2026-09-03: Saptami upto 02:25 AM, Sep 04","2026-09-04: Ashtami upto 12:13 AM, Sep 05","2026-09-03: Krittika upto 12:29 AM, Sep 04",2026-09-04: Rohini upto 11:04 PM,2026-09-04 02:25:00 AM,2026-09-04 11:04:00 PM,2026-09-02 06:20:00 AM,2026-09-02 06:48:00 PM,2026-09-03 06:20:00 AM,2026-09-02,2026-09-03 12:34:00 AM,2026-09-03 12:10:00 AM,2026-09-03 12:58:00 AM,False,False,False,False,False,True,False,False,False,,,True,False,,,,,False,False,False,,,,True,999,0,ASHTAMI_ROHINI_OVERLAP_WAIT_FOR_NEXT_NISHITA,True,"Ashtami and Rohini overlap, but this night's Nishita is not inside the overlap and is not after the overlap has ended. The Puja belongs to the first Nishita after the joint overlap ends.",0,,
51,2026-09-03,True,Pune,Maharashtra,India,Asia/Kolkata,1259229,Pune,06:20 AM,06:47 PM,"Saptami upto 02:25 AM, Sep 04","Krittika upto 12:29 AM, Sep 04",Krishna Paksha,Guruwara,Shravana,Simha,,True,,2026-09-04 02:25:00 AM,2026-09-05 12:13:00 AM,2026-09-04 12:29:00 AM,2026-09-04 11:04:00 PM,"2026-09-03: Saptami upto 02:25 AM, Sep 04","2026-09-04: Ashtami upto 12:13 AM, Sep 05","2026-09-03: Krittika upto 12:29 AM, Sep 04",2026-09-04: Rohini upto 11:04 PM,2026-09-04 02:25:00 AM,2026-09-04 11:04:00 PM,2026-09-03 06:20:00 AM,2026-09-03 06:47:00 PM,2026-09-04 06:20:00 AM,2026-09-03,2026-09-04 12:33:30 AM,2026-09-04 12:09:30 AM,2026-09-04 12:57:30 AM,False,False,True,True,False,True,False,False,False,,,True,True,,,,,False,False,False,,,,False,999,1,ASHTAMI_ROHINI_OVERLAP_WAIT_FOR_NEXT_NISHITA,True,"Ashtami and Rohini overlap, but this night's Nishita is not inside the overlap and is not after the overlap has ended. The Puja belongs to the first Nishita after the joint overlap ends.",0,,
51,2026-09-04,True,Pune,Maharashtra,India,Asia/Kolkata,1259229,Pune,06:20 AM,06:47 PM,"Ashtami upto 12:13 AM, Sep 05",Rohini upto 11:04 PM,Krishna Paksha,Shukrawara,Shravana,Simha,,True,,2026-09-04 02:25:00 AM,2026-09-05 12:13:00 AM,2026-09-04 12:29:00 AM,2026-09-04 11:04:00 PM,"2026-09-03: Saptami upto 02:25 AM, Sep 04","2026-09-04: Ashtami upto 12:13 AM, Sep 05","2026-09-03: Krittika upto 12:29 AM, Sep 04",2026-09-04: Rohini upto 11:04 PM,2026-09-04 02:25:00 AM,2026-09-04 11:04:00 PM,2026-09-04 06:20:00 AM,2026-09-04 06:47:00 PM,2026-09-05 06:21:00 AM,2026-09-04,2026-09-05 12:34:00 AM,2026-09-05 12:10:00 AM,2026-09-05 12:58:00 AM,True,False,False,True,False,True,True,False,False,,,False,True,,,,,False,False,False,,,,False,20,1,ASHTAMI_ROHINI_OVERLAP_THEN_NEXT_NISHITA,False,,0,,
51,2026-09-05,True,Pune,Maharashtra,India,Asia/Kolkata,1259229,Pune,06:21 AM,06:46 PM,Navami upto 09:53 PM,Mrigashira upto 09:30 PM,Krishna Paksha,Shaniwara,Shravana,Simha,,True,,2026-09-04 02:25:00 AM,2026-09-05 12:13:00 AM,2026-09-04 12:29:00 AM,2026-09-04 11:04:00 PM,"2026-09-03: Saptami upto 02:25 AM, Sep 04","2026-09-04: Ashtami upto 12:13 AM, Sep 05","2026-09-03: Krittika upto 12:29 AM, Sep 04",2026-09-04: Rohini upto 11:04 PM,2026-09-04 02:25:00 AM,2026-09-04 11:04:00 PM,2026-09-05 06:21:00 AM,2026-09-05 06:46:00 PM,2026-09-06 06:21:00 AM,2026-09-05,2026-09-06 12:33:30 AM,2026-09-06 12:09:30 AM,2026-09-06 12:57:30 AM,False,False,False,False,False,True,True,False,False,,,False,True,,,,,False,False,False,,,,False,20,1,ASHTAMI_ROHINI_OVERLAP_THEN_NEXT_NISHITA,False,,0,,
51,2026-09-06,True,Pune,Maharashtra,India,Asia/Kolkata,1259229,Pune,06:21 AM,06:45 PM,Dashami upto 07:29 PM,Ardra upto 07:52 PM,Krishna Paksha,Raviwara,Shravana,Simha,,True,,2026-09-04 02:25:00 AM,2026-09-05 12:13:00 AM,2026-09-04 12:29:00 AM,2026-09-04 11:04:00 PM,"2026-09-03: Saptami upto 02:25 AM, Sep 04","2026-09-04: Ashtami upto 12:13 AM, Sep 05","2026-09-03: Krittika upto 12:29 AM, Sep 04",2026-09-04: Rohini upto 11:04 PM,2026-09-04 02:25:00 AM,2026-09-04 11:04:00 PM,2026-09-06 06:21:00 AM,2026-09-06 06:45:00 PM,2026-09-07 06:21:00 AM,2026-09-06,2026-09-07 12:33:00 AM,2026-09-07 12:09:00 AM,2026-09-07 12:57:00 AM,False,False,False,False,False,True,True,False,False,,,False,True,,,,,False,False,False,,,,False,20,1,ASHTAMI_ROHINI_OVERLAP_THEN_NEXT_NISHITA,False,,0,,
52,2026-09-02,True,Vadodara,Gujarat,India,Asia/Kolkata,1253573,Baroda,06:20 AM,06:53 PM,"Shashthi upto 04:25 AM, Sep 03","Bharani upto 01:43 AM, Sep 03",Krishna Paksha,Budhawara,Shravana,Simha,,True,,2026-09-04 02:25:00 AM,2026-09-05 12:13:00 AM,2026-09-04 12:29:00 AM,2026-09-04 11:04:00 PM,"2026-09-03: Saptami upto 02:25 AM, Sep 04","2026-09-04: Ashtami upto 12:13 AM, Sep 05","2026-09-03: Krittika upto 12:29 AM, Sep 04",2026-09-04: Rohini upto 11:04 PM,2026-09-04 02:25:00 AM,2026-09-04 11:04:00 PM,2026-09-02 06:20:00 AM,2026-09-02 06:53:00 PM,2026-09-03 06:20:00 AM,2026-09-02,2026-09-03 12:36:30 AM,2026-09-03 12:12:30 AM,2026-09-03 01:00:30 AM,False,False,False,False,False,True,False,False,False,,,True,False,,,,,False,False,False,,,,True,999,0,ASHTAMI_ROHINI_OVERLAP_WAIT_FOR_NEXT_NISHITA,True,"Ashtami and Rohini overlap, but this night's Nishita is not inside the overlap and is not after the overlap has ended. The Puja belongs to the first Nishita after the joint overlap ends.",0,,
52,2026-09-03,True,Vadodara,Gujarat,India,Asia/Kolkata,1253573,Baroda,06:20 AM,06:52 PM,"Saptami upto 02:25 AM, Sep 04","Krittika upto 12:29 AM, Sep 04",Krishna Paksha,Guruwara,Shravana,Simha,,True,,2026-09-04 02:25:00 AM,2026-09-05 12:13:00 AM,2026-09-04 12:29:00 AM,2026-09-04 11:04:00 PM,"2026-09-03: Saptami upto 02:25 AM, Sep 04","2026-09-04: Ashtami upto 12:13 AM, Sep 05","2026-09-03: Krittika upto 12:29 AM, Sep 04",2026-09-04: Rohini upto 11:04 PM,2026-09-04 02:25:00 AM,2026-09-04 11:04:00 PM,2026-09-03 06:20:00 AM,2026-09-03 06:52:00 PM,2026-09-04 06:21:00 AM,2026-09-03,2026-09-04 12:36:30 AM,2026-09-04 12:12:30 AM,2026-09-04 01:00:30 AM,False,False,True,True,False,True,False,False,False,,,True,True,,,,,False,False,False,,,,False,999,1,ASHTAMI_ROHINI_OVERLAP_WAIT_FOR_NEXT_NISHITA,True,"Ashtami and Rohini overlap, but this night's Nishita is not inside the overlap and is not after the overlap has ended. The Puja belongs to the first Nishita after the joint overlap ends.",0,,
52,2026-09-04,True,Vadodara,Gujarat,India,Asia/Kolkata,1253573,Baroda,06:21 AM,06:51 PM,"Ashtami upto 12:13 AM, Sep 05",Rohini upto 11:04 PM,Krishna Paksha,Shukrawara,Shravana,Simha,,True,,2026-09-04 02:25:00 AM,2026-09-05 12:13:00 AM,2026-09-04 12:29:00 AM,2026-09-04 11:04:00 PM,"2026-09-03: Saptami upto 02:25 AM, Sep 04","2026-09-04: Ashtami upto 12:13 AM, Sep 05","2026-09-03: Krittika upto 12:29 AM, Sep 04",2026-09-04: Rohini upto 11:04 PM,2026-09-04 02:25:00 AM,2026-09-04 11:04:00 PM,2026-09-04 06:21:00 AM,2026-09-04 06:51:00 PM,2026-09-05 06:21:00 AM,2026-09-04,2026-09-05 12:36:00 AM,2026-09-05 12:12:00 AM,2026-09-05 01:00:00 AM,True,False,False,True,False,True,True,False,False,,,False,True,,,,,False,False,False,,,,False,20,1,ASHTAMI_ROHINI_OVERLAP_THEN_NEXT_NISHITA,False,,0,,
52,2026-09-05,True,Vadodara,Gujarat,India,Asia/Kolkata,1253573,Baroda,06:21 AM,06:50 PM,Navami upto 09:53 PM,Mrigashira upto 09:30 PM,Krishna Paksha,Shaniwara,Shravana,Simha,,True,,2026-09-04 02:25:00 AM,2026-09-05 12:13:00 AM,2026-09-04 12:29:00 AM,2026-09-04 11:04:00 PM,"2026-09-03: Saptami upto 02:25 AM, Sep 04","2026-09-04: Ashtami upto 12:13 AM, Sep 05","2026-09-03: Krittika upto 12:29 AM, Sep 04",2026-09-04: Rohini upto 11:04 PM,2026-09-04 02:25:00 AM,2026-09-04 11:04:00 PM,2026-09-05 06:21:00 AM,2026-09-05 06:50:00 PM,2026-09-06 06:21:00 AM,2026-09-05,2026-09-06 12:35:30 AM,2026-09-06 12:11:30 AM,2026-09-06 12:59:30 AM,False,False,False,False,False,True,True,False,False,,,False,True,,,,,False,False,False,,,,False,20,1,ASHTAMI_ROHINI_OVERLAP_THEN_NEXT_NISHITA,False,,0,,
52,2026-09-06,True,Vadodara,Gujarat,India,Asia/Kolkata,1253573,Baroda,06:21 AM,06:49 PM,Dashami upto 07:29 PM,Ardra upto 07:52 PM,Krishna Paksha,Raviwara,Shravana,Simha,,True,,2026-09-04 02:25:00 AM,2026-09-05 12:13:00 AM,2026-09-04 12:29:00 AM,2026-09-04 11:04:00 PM,"2026-09-03: Saptami upto 02:25 AM, Sep 04","2026-09-04: Ashtami upto 12:13 AM, Sep 05","2026-09-03: Krittika upto 12:29 AM, Sep 04",2026-09-04: Rohini upto 11:04 PM,2026-09-04 02:25:00 AM,2026-09-04 11:04:00 PM,2026-09-06 06:21:00 AM,2026-09-06 06:49:00 PM,2026-09-07 06:22:00 AM,2026-09-06,2026-09-07 12:35:30 AM,2026-09-07 12:11:30 AM,2026-09-07 12:59:30 AM,False,False,False,False,False,True,True,False,False,,,False,True,,,,,False,False,False,,,,False,20,1,ASHTAMI_ROHINI_OVERLAP_THEN_NEXT_NISHITA,False,,0,,
53,2026-09-02,True,Hyderabad,Telangana,India,Asia/Kolkata,1269843,Hyderabad,06:02 AM,06:29 PM,"Panchami upto 06:12 AM; Shashthi upto 04:25 AM, Sep 03","Bharani upto 01:43 AM, Sep 03",Krishna Paksha,Budhawara,Shravana,Simha,,True,,2026-09-04 02:25:00 AM,2026-09-05 12:13:00 AM,2026-09-04 12:29:00 AM,2026-09-04 11:04:00 PM,"2026-09-03: Saptami upto 02:25 AM, Sep 04","2026-09-04: Ashtami upto 12:13 AM, Sep 05","2026-09-03: Krittika upto 12:29 AM, Sep 04",2026-09-04: Rohini upto 11:04 PM,2026-09-04 02:25:00 AM,2026-09-04 11:04:00 PM,2026-09-02 06:02:00 AM,2026-09-02 06:29:00 PM,2026-09-03 06:03:00 AM,2026-09-02,2026-09-03 12:16:00 AM,2026-09-02 11:52:00 PM,2026-09-03 12:40:00 AM,False,False,False,False,False,True,False,False,False,,,True,False,,,,,False,False,False,,,,True,999,0,ASHTAMI_ROHINI_OVERLAP_WAIT_FOR_NEXT_NISHITA,True,"Ashtami and Rohini overlap, but this night's Nishita is not inside the overlap and is not after the overlap has ended. The Puja belongs to the first Nishita after the joint overlap ends.",0,,
53,2026-09-03,True,Hyderabad,Telangana,India,Asia/Kolkata,1269843,Hyderabad,06:03 AM,06:28 PM,"Saptami upto 02:25 AM, Sep 04","Krittika upto 12:29 AM, Sep 04",Krishna Paksha,Guruwara,Shravana,Simha,,True,,2026-09-04 02:25:00 AM,2026-09-05 12:13:00 AM,2026-09-04 12:29:00 AM,2026-09-04 11:04:00 PM,"2026-09-03: Saptami upto 02:25 AM, Sep 04","2026-09-04: Ashtami upto 12:13 AM, Sep 05","2026-09-03: Krittika upto 12:29 AM, Sep 04",2026-09-04: Rohini upto 11:04 PM,2026-09-04 02:25:00 AM,2026-09-04 11:04:00 PM,2026-09-03 06:03:00 AM,2026-09-03 06:28:00 PM,2026-09-04 06:03:00 AM,2026-09-03,2026-09-04 12:15:30 AM,2026-09-03 11:51:30 PM,2026-09-04 12:39:30 AM,False,False,False,True,False,True,False,False,False,,,True,True,,,,,False,False,False,,,,False,999,1,ASHTAMI_ROHINI_OVERLAP_WAIT_FOR_NEXT_NISHITA,True,"Ashtami and Rohini overlap, but this night's Nishita is not inside the overlap and is not after the overlap has ended. The Puja belongs to the first Nishita after the joint overlap ends.",0,,
53,2026-09-04,True,Hyderabad,Telangana,India,Asia/Kolkata,1269843,Hyderabad,06:03 AM,06:28 PM,"Ashtami upto 12:13 AM, Sep 05",Rohini upto 11:04 PM,Krishna Paksha,Shukrawara,Shravana,Simha,,True,,2026-09-04 02:25:00 AM,2026-09-05 12:13:00 AM,2026-09-04 12:29:00 AM,2026-09-04 11:04:00 PM,"2026-09-03: Saptami upto 02:25 AM, Sep 04","2026-09-04: Ashtami upto 12:13 AM, Sep 05","2026-09-03: Krittika upto 12:29 AM, Sep 04",2026-09-04: Rohini upto 11:04 PM,2026-09-04 02:25:00 AM,2026-09-04 11:04:00 PM,2026-09-04 06:03:00 AM,2026-09-04 06:28:00 PM,2026-09-05 06:03:00 AM,2026-09-04,2026-09-05 12:15:30 AM,2026-09-04 11:51:30 PM,2026-09-05 12:39:30 AM,True,False,False,True,False,True,True,False,False,,,False,True,,,,,False,False,False,,,,False,20,1,ASHTAMI_ROHINI_OVERLAP_THEN_NEXT_NISHITA,False,,0,,
53,2026-09-05,True,Hyderabad,Telangana,India,Asia/Kolkata,1269843,Hyderabad,06:03 AM,06:27 PM,Navami upto 09:53 PM,Mrigashira upto 09:30 PM,Krishna Paksha,Shaniwara,Shravana,Simha,,True,,2026-09-04 02:25:00 AM,2026-09-05 12:13:00 AM,2026-09-04 12:29:00 AM,2026-09-04 11:04:00 PM,"2026-09-03: Saptami upto 02:25 AM, Sep 04","2026-09-04: Ashtami upto 12:13 AM, Sep 05","2026-09-03: Krittika upto 12:29 AM, Sep 04",2026-09-04: Rohini upto 11:04 PM,2026-09-04 02:25:00 AM,2026-09-04 11:04:00 PM,2026-09-05 06:03:00 AM,2026-09-05 06:27:00 PM,2026-09-06 06:03:00 AM,2026-09-05,2026-09-06 12:15:00 AM,2026-09-05 11:51:00 PM,2026-09-06 12:39:00 AM,False,False,False,False,False,True,True,False,False,,,False,True,,,,,False,False,False,,,,False,20,1,ASHTAMI_ROHINI_OVERLAP_THEN_NEXT_NISHITA,False,,0,,
53,2026-09-06,True,Hyderabad,Telangana,India,Asia/Kolkata,1269843,Hyderabad,06:03 AM,06:26 PM,Dashami upto 07:29 PM,Ardra upto 07:52 PM,Krishna Paksha,Raviwara,Shravana,Simha,,True,,2026-09-04 02:25:00 AM,2026-09-05 12:13:00 AM,2026-09-04 12:29:00 AM,2026-09-04 11:04:00 PM,"2026-09-03: Saptami upto 02:25 AM, Sep 04","2026-09-04: Ashtami upto 12:13 AM, Sep 05","2026-09-03: Krittika upto 12:29 AM, Sep 04",2026-09-04: Rohini upto 11:04 PM,2026-09-04 02:25:00 AM,2026-09-04 11:04:00 PM,2026-09-06 06:03:00 AM,2026-09-06 06:26:00 PM,2026-09-07 06:03:00 AM,2026-09-06,2026-09-07 12:14:30 AM,2026-09-06 11:50:30 PM,2026-09-07 12:38:30 AM,False,False,False,False,False,True,True,False,False,,,False,True,,,,,False,False,False,,,,False,20,1,ASHTAMI_ROHINI_OVERLAP_THEN_NEXT_NISHITA,False,,0,,
54,2026-09-02,True,Rochester,New York,United States,America/New_York,5134086,Rochester,06:36 AM,07:44 PM,Shashthi upto 06:55 PM,Bharani upto 04:13 PM,Krishna Paksha,Budhawara,Shravana,Simha,,True,,2026-09-03 04:55:00 PM,2026-09-04 02:43:00 PM,2026-09-03 02:59:00 PM,2026-09-04 01:34:00 PM,2026-09-03: Saptami upto 04:55 PM,2026-09-04: Ashtami upto 02:43 PM,2026-09-03: Krittika upto 02:59 PM,2026-09-04: Rohini upto 01:34 PM,2026-09-03 04:55:00 PM,2026-09-04 01:34:00 PM,2026-09-02 06:36:00 AM,2026-09-02 07:44:00 PM,2026-09-03 06:37:00 AM,2026-09-02,2026-09-03 01:10:30 AM,2026-09-03 12:46:30 AM,2026-09-03 01:34:30 AM,False,False,False,False,False,True,False,False,False,,,True,False,,,,,False,False,False,,,,True,999,0,ASHTAMI_ROHINI_OVERLAP_WAIT_FOR_NEXT_NISHITA,True,"Ashtami and Rohini overlap, but this night's Nishita is not inside the overlap and is not after the overlap has ended. The Puja belongs to the first Nishita after the joint overlap ends.",1,,
54,2026-09-03,True,Rochester,New York,United States,America/New_York,5134086,Rochester,06:37 AM,07:42 PM,Saptami upto 04:55 PM,Krittika upto 02:59 PM,Krishna Paksha,Guruwara,Shravana,Simha,,True,,2026-09-03 04:55:00 PM,2026-09-04 02:43:00 PM,2026-09-03 02:59:00 PM,2026-09-04 01:34:00 PM,2026-09-03: Saptami upto 04:55 PM,2026-09-04: Ashtami upto 02:43 PM,2026-09-03: Krittika upto 02:59 PM,2026-09-04: Rohini upto 01:34 PM,2026-09-03 04:55:00 PM,2026-09-04 01:34:00 PM,2026-09-03 06:37:00 AM,2026-09-03 07:42:00 PM,2026-09-04 06:38:00 AM,2026-09-03,2026-09-04 01:10:00 AM,2026-09-04 12:46:00 AM,2026-09-04 01:34:00 AM,False,True,True,True,True,True,False,True,True,2026-09-04 12:46:00 AM,2026-09-04 01:34:00 AM,True,True,,,,,False,False,False,,,,False,10,1,ASHTAMI_ROHINI_AT_NISHITA,False,,1,1,Only one Nishita falls inside the Ashtami-Rohini joint overlap.
54,2026-09-04,True,Rochester,New York,United States,America/New_York,5134086,Rochester,06:38 AM,07:40 PM,Ashtami upto 02:43 PM,Rohini upto 01:34 PM,Krishna Paksha,Shukrawara,Shravana,Simha,,True,,2026-09-03 04:55:00 PM,2026-09-04 02:43:00 PM,2026-09-03 02:59:00 PM,2026-09-04 01:34:00 PM,2026-09-03: Saptami upto 04:55 PM,2026-09-04: Ashtami upto 02:43 PM,2026-09-03: Krittika upto 02:59 PM,2026-09-04: Rohini upto 01:34 PM,2026-09-03 04:55:00 PM,2026-09-04 01:34:00 PM,2026-09-04 06:38:00 AM,2026-09-04 07:40:00 PM,2026-09-05 06:39:00 AM,2026-09-04,2026-09-05 01:09:30 AM,2026-09-05 12:45:30 AM,2026-09-05 01:33:30 AM,True,False,False,True,False,True,True,False,False,,,False,True,,,,,False,False,False,,,,False,20,1,ASHTAMI_ROHINI_OVERLAP_THEN_NEXT_NISHITA,False,,1,,
54,2026-09-05,True,Rochester,New York,United States,America/New_York,5134086,Rochester,06:39 AM,07:38 PM,Navami upto 12:23 PM,Mrigashira upto 12:00 PM,Krishna Paksha,Shaniwara,Shravana,Simha,,True,,2026-09-03 04:55:00 PM,2026-09-04 02:43:00 PM,2026-09-03 02:59:00 PM,2026-09-04 01:34:00 PM,2026-09-03: Saptami upto 04:55 PM,2026-09-04: Ashtami upto 02:43 PM,2026-09-03: Krittika upto 02:59 PM,2026-09-04: Rohini upto 01:34 PM,2026-09-03 04:55:00 PM,2026-09-04 01:34:00 PM,2026-09-05 06:39:00 AM,2026-09-05 07:38:00 PM,2026-09-06 06:40:00 AM,2026-09-05,2026-09-06 01:09:00 AM,2026-09-06 12:45:00 AM,2026-09-06 01:33:00 AM,False,False,False,False,False,True,True,False,False,,,False,True,,,,,False,False,False,,,,False,20,1,ASHTAMI_ROHINI_OVERLAP_THEN_NEXT_NISHITA,False,,1,,
54,2026-09-06,True,Rochester,New York,United States,America/New_York,5134086,Rochester,06:40 AM,07:37 PM,Dashami upto 09:59 AM,Ardra upto 10:22 AM,Krishna Paksha,Raviwara,Shravana,Simha,,True,,2026-09-03 04:55:00 PM,2026-09-04 02:43:00 PM,2026-09-03 02:59:00 PM,2026-09-04 01:34:00 PM,2026-09-03: Saptami upto 04:55 PM,2026-09-04: Ashtami upto 02:43 PM,2026-09-03: Krittika upto 02:59 PM,2026-09-04: Rohini upto 01:34 PM,2026-09-03 04:55:00 PM,2026-09-04 01:34:00 PM,2026-09-06 06:40:00 AM,2026-09-06 07:37:00 PM,2026-09-07 06:41:00 AM,2026-09-06,2026-09-07 01:09:00 AM,2026-09-07 12:45:00 AM,2026-09-07 01:33:00 AM,False,False,False,False,False,True,True,False,False,,,False,True,,,,,False,False,False,,,,False,20,1,ASHTAMI_ROHINI_OVERLAP_THEN_NEXT_NISHITA,False,,1,,
55,2026-09-02,True,Stonybrook,New York,United States,America/New_York,5139865,Stonybrook,06:20 AM,07:23 PM,Shashthi upto 06:55 PM,Bharani upto 04:13 PM,Krishna Paksha,Budhawara,Shravana,Simha,,True,,2026-09-03 04:55:00 PM,2026-09-04 02:43:00 PM,2026-09-03 02:59:00 PM,2026-09-04 01:34:00 PM,2026-09-03: Saptami upto 04:55 PM,2026-09-04: Ashtami upto 02:43 PM,2026-09-03: Krittika upto 02:59 PM,2026-09-04: Rohini upto 01:34 PM,2026-09-03 04:55:00 PM,2026-09-04 01:34:00 PM,2026-09-02 06:20:00 AM,2026-09-02 07:23:00 PM,2026-09-03 06:21:00 AM,2026-09-02,2026-09-03 12:52:00 AM,2026-09-03 12:28:00 AM,2026-09-03 01:16:00 AM,False,False,False,False,False,True,False,False,False,,,True,False,,,,,False,False,False,,,,True,999,0,ASHTAMI_ROHINI_OVERLAP_WAIT_FOR_NEXT_NISHITA,True,"Ashtami and Rohini overlap, but this night's Nishita is not inside the overlap and is not after the overlap has ended. The Puja belongs to the first Nishita after the joint overlap ends.",1,,
55,2026-09-03,True,Stonybrook,New York,United States,America/New_York,5139865,Stonybrook,06:21 AM,07:22 PM,Saptami upto 04:55 PM,Krittika upto 02:59 PM,Krishna Paksha,Guruwara,Shravana,Simha,,True,,2026-09-03 04:55:00 PM,2026-09-04 02:43:00 PM,2026-09-03 02:59:00 PM,2026-09-04 01:34:00 PM,2026-09-03: Saptami upto 04:55 PM,2026-09-04: Ashtami upto 02:43 PM,2026-09-03: Krittika upto 02:59 PM,2026-09-04: Rohini upto 01:34 PM,2026-09-03 04:55:00 PM,2026-09-04 01:34:00 PM,2026-09-03 06:21:00 AM,2026-09-03 07:22:00 PM,2026-09-04 06:22:00 AM,2026-09-03,2026-09-04 12:52:00 AM,2026-09-04 12:28:00 AM,2026-09-04 01:16:00 AM,False,True,True,True,True,True,False,True,True,2026-09-04 12:28:00 AM,2026-09-04 01:16:00 AM,True,True,,,,,False,False,False,,,,False,10,1,ASHTAMI_ROHINI_AT_NISHITA,False,,1,1,Only one Nishita falls inside the Ashtami-Rohini joint overlap.
55,2026-09-04,True,Stonybrook,New York,United States,America/New_York,5139865,Stonybrook,06:22 AM,07:20 PM,Ashtami upto 02:43 PM,Rohini upto 01:34 PM,Krishna Paksha,Shukrawara,Shravana,Simha,,True,,2026-09-03 04:55:00 PM,2026-09-04 02:43:00 PM,2026-09-03 02:59:00 PM,2026-09-04 01:34:00 PM,2026-09-03: Saptami upto 04:55 PM,2026-09-04: Ashtami upto 02:43 PM,2026-09-03: Krittika upto 02:59 PM,2026-09-04: Rohini upto 01:34 PM,2026-09-03 04:55:00 PM,2026-09-04 01:34:00 PM,2026-09-04 06:22:00 AM,2026-09-04 07:20:00 PM,2026-09-05 06:23:00 AM,2026-09-04,2026-09-05 12:51:30 AM,2026-09-05 12:27:30 AM,2026-09-05 01:15:30 AM,True,False,False,True,False,True,True,False,False,,,False,True,,,,,False,False,False,,,,False,20,1,ASHTAMI_ROHINI_OVERLAP_THEN_NEXT_NISHITA,False,,1,,
55,2026-09-05,True,Stonybrook,New York,United States,America/New_York,5139865,Stonybrook,06:23 AM,07:18 PM,Navami upto 12:23 PM,Mrigashira upto 12:00 PM,Krishna Paksha,Shaniwara,Shravana,Simha,,True,,2026-09-03 04:55:00 PM,2026-09-04 02:43:00 PM,2026-09-03 02:59:00 PM,2026-09-04 01:34:00 PM,2026-09-03: Saptami upto 04:55 PM,2026-09-04: Ashtami upto 02:43 PM,2026-09-03: Krittika upto 02:59 PM,2026-09-04: Rohini upto 01:34 PM,2026-09-03 04:55:00 PM,2026-09-04 01:34:00 PM,2026-09-05 06:23:00 AM,2026-09-05 07:18:00 PM,2026-09-06 06:24:00 AM,2026-09-05,2026-09-06 12:51:00 AM,2026-09-06 12:27:00 AM,2026-09-06 01:15:00 AM,False,False,False,False,False,True,True,False,False,,,False,True,,,,,False,False,False,,,,False,20,1,ASHTAMI_ROHINI_OVERLAP_THEN_NEXT_NISHITA,False,,1,,
55,2026-09-06,True,Stonybrook,New York,United States,America/New_York,5139865,Stonybrook,06:24 AM,07:17 PM,Dashami upto 09:59 AM,Ardra upto 10:22 AM,Krishna Paksha,Raviwara,Shravana,Simha,,True,,2026-09-03 04:55:00 PM,2026-09-04 02:43:00 PM,2026-09-03 02:59:00 PM,2026-09-04 01:34:00 PM,2026-09-03: Saptami upto 04:55 PM,2026-09-04: Ashtami upto 02:43 PM,2026-09-03: Krittika upto 02:59 PM,2026-09-04: Rohini upto 01:34 PM,2026-09-03 04:55:00 PM,2026-09-04 01:34:00 PM,2026-09-06 06:24:00 AM,2026-09-06 07:17:00 PM,2026-09-07 06:25:00 AM,2026-09-06,2026-09-07 12:51:00 AM,2026-09-07 12:27:00 AM,2026-09-07 01:15:00 AM,False,False,False,False,False,True,True,False,False,,,False,True,,,,,False,False,False,,,,False,20,1,ASHTAMI_ROHINI_OVERLAP_THEN_NEXT_NISHITA,False,,1,,
56,2026-09-02,True,Lafayette,Indiana,United States,America/Indiana/Indianapolis,4922462,Lafayette,07:16 AM,08:18 PM,Shashthi upto 06:55 PM,Bharani upto 04:13 PM,Krishna Paksha,Budhawara,Shravana,Simha,,True,,2026-09-03 04:55:00 PM,2026-09-04 02:43:00 PM,2026-09-03 02:59:00 PM,2026-09-04 01:34:00 PM,2026-09-03: Saptami upto 04:55 PM,2026-09-04: Ashtami upto 02:43 PM,2026-09-03: Krittika upto 02:59 PM,2026-09-04: Rohini upto 01:34 PM,2026-09-03 04:55:00 PM,2026-09-04 01:34:00 PM,2026-09-02 07:16:00 AM,2026-09-02 08:18:00 PM,2026-09-03 07:17:00 AM,2026-09-02,2026-09-03 01:47:30 AM,2026-09-03 01:23:30 AM,2026-09-03 02:11:30 AM,False,False,False,False,False,True,False,False,False,,,True,False,,,,,False,False,False,,,,True,999,0,ASHTAMI_ROHINI_OVERLAP_WAIT_FOR_NEXT_NISHITA,True,"Ashtami and Rohini overlap, but this night's Nishita is not inside the overlap and is not after the overlap has ended. The Puja belongs to the first Nishita after the joint overlap ends.",1,,
56,2026-09-03,True,Lafayette,Indiana,United States,America/Indiana/Indianapolis,4922462,Lafayette,07:17 AM,08:16 PM,Saptami upto 04:55 PM,Krittika upto 02:59 PM,Krishna Paksha,Guruwara,Shravana,Simha,,True,,2026-09-03 04:55:00 PM,2026-09-04 02:43:00 PM,2026-09-03 02:59:00 PM,2026-09-04 01:34:00 PM,2026-09-03: Saptami upto 04:55 PM,2026-09-04: Ashtami upto 02:43 PM,2026-09-03: Krittika upto 02:59 PM,2026-09-04: Rohini upto 01:34 PM,2026-09-03 04:55:00 PM,2026-09-04 01:34:00 PM,2026-09-03 07:17:00 AM,2026-09-03 08:16:00 PM,2026-09-04 07:18:00 AM,2026-09-03,2026-09-04 01:47:00 AM,2026-09-04 01:23:00 AM,2026-09-04 02:11:00 AM,False,True,True,True,True,True,False,True,True,2026-09-04 01:23:00 AM,2026-09-04 02:11:00 AM,True,True,,,,,False,False,False,,,,False,10,1,ASHTAMI_ROHINI_AT_NISHITA,False,,1,1,Only one Nishita falls inside the Ashtami-Rohini joint overlap.
56,2026-09-04,True,Lafayette,Indiana,United States,America/Indiana/Indianapolis,4922462,Lafayette,07:18 AM,08:14 PM,Ashtami upto 02:43 PM,Rohini upto 01:34 PM,Krishna Paksha,Shukrawara,Shravana,Simha,,True,,2026-09-03 04:55:00 PM,2026-09-04 02:43:00 PM,2026-09-03 02:59:00 PM,2026-09-04 01:34:00 PM,2026-09-03: Saptami upto 04:55 PM,2026-09-04: Ashtami upto 02:43 PM,2026-09-03: Krittika upto 02:59 PM,2026-09-04: Rohini upto 01:34 PM,2026-09-03 04:55:00 PM,2026-09-04 01:34:00 PM,2026-09-04 07:18:00 AM,2026-09-04 08:14:00 PM,2026-09-05 07:19:00 AM,2026-09-04,2026-09-05 01:46:30 AM,2026-09-05 01:22:30 AM,2026-09-05 02:10:30 AM,True,False,False,True,False,True,True,False,False,,,False,True,,,,,False,False,False,,,,False,20,1,ASHTAMI_ROHINI_OVERLAP_THEN_NEXT_NISHITA,False,,1,,
56,2026-09-05,True,Lafayette,Indiana,United States,America/Indiana/Indianapolis,4922462,Lafayette,07:19 AM,08:13 PM,Navami upto 12:23 PM,Mrigashira upto 12:00 PM,Krishna Paksha,Shaniwara,Shravana,Simha,,True,,2026-09-03 04:55:00 PM,2026-09-04 02:43:00 PM,2026-09-03 02:59:00 PM,2026-09-04 01:34:00 PM,2026-09-03: Saptami upto 04:55 PM,2026-09-04: Ashtami upto 02:43 PM,2026-09-03: Krittika upto 02:59 PM,2026-09-04: Rohini upto 01:34 PM,2026-09-03 04:55:00 PM,2026-09-04 01:34:00 PM,2026-09-05 07:19:00 AM,2026-09-05 08:13:00 PM,2026-09-06 07:20:00 AM,2026-09-05,2026-09-06 01:46:30 AM,2026-09-06 01:22:30 AM,2026-09-06 02:10:30 AM,False,False,False,False,False,True,True,False,False,,,False,True,,,,,False,False,False,,,,False,20,1,ASHTAMI_ROHINI_OVERLAP_THEN_NEXT_NISHITA,False,,1,,
56,2026-09-06,True,Lafayette,Indiana,United States,America/Indiana/Indianapolis,4922462,Lafayette,07:20 AM,08:11 PM,Dashami upto 09:59 AM,Ardra upto 10:22 AM,Krishna Paksha,Raviwara,Shravana,Simha,,True,,2026-09-03 04:55:00 PM,2026-09-04 02:43:00 PM,2026-09-03 02:59:00 PM,2026-09-04 01:34:00 PM,2026-09-03: Saptami upto 04:55 PM,2026-09-04: Ashtami upto 02:43 PM,2026-09-03: Krittika upto 02:59 PM,2026-09-04: Rohini upto 01:34 PM,2026-09-03 04:55:00 PM,2026-09-04 01:34:00 PM,2026-09-06 07:20:00 AM,2026-09-06 08:11:00 PM,2026-09-07 07:21:00 AM,2026-09-06,2026-09-07 01:46:00 AM,2026-09-07 01:22:00 AM,2026-09-07 02:10:00 AM,False,False,False,False,False,True,True,False,False,,,False,True,,,,,False,False,False,,,,False,20,1,ASHTAMI_ROHINI_OVERLAP_THEN_NEXT_NISHITA,False,,1,,
57,2026-09-02,True,Chicago,Illinois,United States,America/Chicago,4887398,Chicago,06:18 AM,07:22 PM,Shashthi upto 05:55 PM,Bharani upto 03:13 PM,Krishna Paksha,Budhawara,Shravana,Simha,,True,,2026-09-03 03:55:00 PM,2026-09-04 01:43:00 PM,2026-09-03 01:59:00 PM,2026-09-04 12:34:00 PM,2026-09-03: Saptami upto 03:55 PM,2026-09-04: Ashtami upto 01:43 PM,2026-09-03: Krittika upto 01:59 PM,2026-09-04: Rohini upto 12:34 PM,2026-09-03 03:55:00 PM,2026-09-04 12:34:00 PM,2026-09-02 06:18:00 AM,2026-09-02 07:22:00 PM,2026-09-03 06:19:00 AM,2026-09-02,2026-09-03 12:50:30 AM,2026-09-03 12:26:30 AM,2026-09-03 01:14:30 AM,False,False,False,False,False,True,False,False,False,,,True,False,,,,,False,False,False,,,,True,999,0,ASHTAMI_ROHINI_OVERLAP_WAIT_FOR_NEXT_NISHITA,True,"Ashtami and Rohini overlap, but this night's Nishita is not inside the overlap and is not after the overlap has ended. The Puja belongs to the first Nishita after the joint overlap ends.",1,,
57,2026-09-03,True,Chicago,Illinois,United States,America/Chicago,4887398,Chicago,06:19 AM,07:21 PM,Saptami upto 03:55 PM,Krittika upto 01:59 PM,Krishna Paksha,Guruwara,Shravana,Simha,,True,,2026-09-03 03:55:00 PM,2026-09-04 01:43:00 PM,2026-09-03 01:59:00 PM,2026-09-04 12:34:00 PM,2026-09-03: Saptami upto 03:55 PM,2026-09-04: Ashtami upto 01:43 PM,2026-09-03: Krittika upto 01:59 PM,2026-09-04: Rohini upto 12:34 PM,2026-09-03 03:55:00 PM,2026-09-04 12:34:00 PM,2026-09-03 06:19:00 AM,2026-09-03 07:21:00 PM,2026-09-04 06:20:00 AM,2026-09-03,2026-09-04 12:50:30 AM,2026-09-04 12:26:30 AM,2026-09-04 01:14:30 AM,False,True,True,True,True,True,False,True,True,2026-09-04 12:26:30 AM,2026-09-04 01:14:30 AM,True,True,,,,,False,False,False,,,,False,10,1,ASHTAMI_ROHINI_AT_NISHITA,False,,1,1,Only one Nishita falls inside the Ashtami-Rohini joint overlap.
57,2026-09-04,True,Chicago,Illinois,United States,America/Chicago,4887398,Chicago,06:20 AM,07:19 PM,Ashtami upto 01:43 PM,Rohini upto 12:34 PM,Krishna Paksha,Shukrawara,Shravana,Simha,,True,,2026-09-03 03:55:00 PM,2026-09-04 01:43:00 PM,2026-09-03 01:59:00 PM,2026-09-04 12:34:00 PM,2026-09-03: Saptami upto 03:55 PM,2026-09-04: Ashtami upto 01:43 PM,2026-09-03: Krittika upto 01:59 PM,2026-09-04: Rohini upto 12:34 PM,2026-09-03 03:55:00 PM,2026-09-04 12:34:00 PM,2026-09-04 06:20:00 AM,2026-09-04 07:19:00 PM,2026-09-05 06:21:00 AM,2026-09-04,2026-09-05 12:50:00 AM,2026-09-05 12:26:00 AM,2026-09-05 01:14:00 AM,True,False,False,True,False,True,True,False,False,,,False,True,,,,,False,False,False,,,,False,20,1,ASHTAMI_ROHINI_OVERLAP_THEN_NEXT_NISHITA,False,,1,,
57,2026-09-05,True,Chicago,Illinois,United States,America/Chicago,4887398,Chicago,06:21 AM,07:17 PM,Navami upto 11:23 AM,Mrigashira upto 11:00 AM,Krishna Paksha,Shaniwara,Shravana,Simha,,True,,2026-09-03 03:55:00 PM,2026-09-04 01:43:00 PM,2026-09-03 01:59:00 PM,2026-09-04 12:34:00 PM,2026-09-03: Saptami upto 03:55 PM,2026-09-04: Ashtami upto 01:43 PM,2026-09-03: Krittika upto 01:59 PM,2026-09-04: Rohini upto 12:34 PM,2026-09-03 03:55:00 PM,2026-09-04 12:34:00 PM,2026-09-05 06:21:00 AM,2026-09-05 07:17:00 PM,2026-09-06 06:22:00 AM,2026-09-05,2026-09-06 12:49:30 AM,2026-09-06 12:25:30 AM,2026-09-06 01:13:30 AM,False,False,False,False,False,True,True,False,False,,,False,True,,,,,False,False,False,,,,False,20,1,ASHTAMI_ROHINI_OVERLAP_THEN_NEXT_NISHITA,False,,1,,
57,2026-09-06,True,Chicago,Illinois,United States,America/Chicago,4887398,Chicago,06:22 AM,07:16 PM,Dashami upto 08:59 AM,Ardra upto 09:22 AM,Krishna Paksha,Raviwara,Shravana,Simha,,True,,2026-09-03 03:55:00 PM,2026-09-04 01:43:00 PM,2026-09-03 01:59:00 PM,2026-09-04 12:34:00 PM,2026-09-03: Saptami upto 03:55 PM,2026-09-04: Ashtami upto 01:43 PM,2026-09-03: Krittika upto 01:59 PM,2026-09-04: Rohini upto 12:34 PM,2026-09-03 03:55:00 PM,2026-09-04 12:34:00 PM,2026-09-06 06:22:00 AM,2026-09-06 07:16:00 PM,2026-09-07 06:23:00 AM,2026-09-06,2026-09-07 12:49:30 AM,2026-09-07 12:25:30 AM,2026-09-07 01:13:30 AM,False,False,False,False,False,True,True,False,False,,,False,True,,,,,False,False,False,,,,False,20,1,ASHTAMI_ROHINI_OVERLAP_THEN_NEXT_NISHITA,False,,1,,
58,2026-09-02,True,Dallas,Texas,United States,America/Chicago,4684888,Dallas,07:03 AM,07:51 PM,Shashthi upto 05:55 PM,Bharani upto 03:13 PM,Krishna Paksha,Budhawara,Shravana,Simha,,True,,2026-09-03 03:55:00 PM,2026-09-04 01:43:00 PM,2026-09-03 01:59:00 PM,2026-09-04 12:34:00 PM,2026-09-03: Saptami upto 03:55 PM,2026-09-04: Ashtami upto 01:43 PM,2026-09-03: Krittika upto 01:59 PM,2026-09-04: Rohini upto 12:34 PM,2026-09-03 03:55:00 PM,2026-09-04 12:34:00 PM,2026-09-02 07:03:00 AM,2026-09-02 07:51:00 PM,2026-09-03 07:03:00 AM,2026-09-02,2026-09-03 01:27:00 AM,2026-09-03 01:03:00 AM,2026-09-03 01:51:00 AM,False,False,False,False,False,True,False,False,False,,,True,False,,,,,False,False,False,,,,True,999,0,ASHTAMI_ROHINI_OVERLAP_WAIT_FOR_NEXT_NISHITA,True,"Ashtami and Rohini overlap, but this night's Nishita is not inside the overlap and is not after the overlap has ended. The Puja belongs to the first Nishita after the joint overlap ends.",1,,
58,2026-09-03,True,Dallas,Texas,United States,America/Chicago,4684888,Dallas,07:03 AM,07:49 PM,Saptami upto 03:55 PM,Krittika upto 01:59 PM,Krishna Paksha,Guruwara,Shravana,Simha,,True,,2026-09-03 03:55:00 PM,2026-09-04 01:43:00 PM,2026-09-03 01:59:00 PM,2026-09-04 12:34:00 PM,2026-09-03: Saptami upto 03:55 PM,2026-09-04: Ashtami upto 01:43 PM,2026-09-03: Krittika upto 01:59 PM,2026-09-04: Rohini upto 12:34 PM,2026-09-03 03:55:00 PM,2026-09-04 12:34:00 PM,2026-09-03 07:03:00 AM,2026-09-03 07:49:00 PM,2026-09-04 07:04:00 AM,2026-09-03,2026-09-04 01:26:30 AM,2026-09-04 01:02:30 AM,2026-09-04 01:50:30 AM,False,True,True,True,True,True,False,True,True,2026-09-04 01:02:30 AM,2026-09-04 01:50:30 AM,True,True,,,,,False,False,False,,,,False,10,1,ASHTAMI_ROHINI_AT_NISHITA,False,,1,1,Only one Nishita falls inside the Ashtami-Rohini joint overlap.
58,2026-09-04,True,Dallas,Texas,United States,America/Chicago,4684888,Dallas,07:04 AM,07:48 PM,Ashtami upto 01:43 PM,Rohini upto 12:34 PM,Krishna Paksha,Shukrawara,Shravana,Simha,,True,,2026-09-03 03:55:00 PM,2026-09-04 01:43:00 PM,2026-09-03 01:59:00 PM,2026-09-04 12:34:00 PM,2026-09-03: Saptami upto 03:55 PM,2026-09-04: Ashtami upto 01:43 PM,2026-09-03: Krittika upto 01:59 PM,2026-09-04: Rohini upto 12:34 PM,2026-09-03 03:55:00 PM,2026-09-04 12:34:00 PM,2026-09-04 07:04:00 AM,2026-09-04 07:48:00 PM,2026-09-05 07:05:00 AM,2026-09-04,2026-09-05 01:26:30 AM,2026-09-05 01:02:30 AM,2026-09-05 01:50:30 AM,True,False,False,True,False,True,True,False,False,,,False,True,,,,,False,False,False,,,,False,20,1,ASHTAMI_ROHINI_OVERLAP_THEN_NEXT_NISHITA,False,,1,,
58,2026-09-05,True,Dallas,Texas,United States,America/Chicago,4684888,Dallas,07:05 AM,07:47 PM,Navami upto 11:23 AM,Mrigashira upto 11:00 AM,Krishna Paksha,Shaniwara,Shravana,Simha,,True,,2026-09-03 03:55:00 PM,2026-09-04 01:43:00 PM,2026-09-03 01:59:00 PM,2026-09-04 12:34:00 PM,2026-09-03: Saptami upto 03:55 PM,2026-09-04: Ashtami upto 01:43 PM,2026-09-03: Krittika upto 01:59 PM,2026-09-04: Rohini upto 12:34 PM,2026-09-03 03:55:00 PM,2026-09-04 12:34:00 PM,2026-09-05 07:05:00 AM,2026-09-05 07:47:00 PM,2026-09-06 07:05:00 AM,2026-09-05,2026-09-06 01:26:00 AM,2026-09-06 01:02:00 AM,2026-09-06 01:50:00 AM,False,False,False,False,False,True,True,False,False,,,False,True,,,,,False,False,False,,,,False,20,1,ASHTAMI_ROHINI_OVERLAP_THEN_NEXT_NISHITA,False,,1,,
58,2026-09-06,True,Dallas,Texas,United States,America/Chicago,4684888,Dallas,07:05 AM,07:45 PM,"Dashami upto 08:59 AM; Ekadashi upto 06:33 AM, Sep 07",Ardra upto 09:22 AM,Krishna Paksha,Raviwara,Shravana,Simha,,True,,2026-09-03 03:55:00 PM,2026-09-04 01:43:00 PM,2026-09-03 01:59:00 PM,2026-09-04 12:34:00 PM,2026-09-03: Saptami upto 03:55 PM,2026-09-04: Ashtami upto 01:43 PM,2026-09-03: Krittika upto 01:59 PM,2026-09-04: Rohini upto 12:34 PM,2026-09-03 03:55:00 PM,2026-09-04 12:34:00 PM,2026-09-06 07:05:00 AM,2026-09-06 07:45:00 PM,2026-09-07 07:06:00 AM,2026-09-06,2026-09-07 01:25:30 AM,2026-09-07 01:01:30 AM,2026-09-07 01:49:30 AM,False,False,False,False,False,True,True,False,False,,,False,True,,,,,False,False,False,,,,False,20,1,ASHTAMI_ROHINI_OVERLAP_THEN_NEXT_NISHITA,False,,1,,
59,2026-09-02,True,Houston,Texas,United States,America/Chicago,4699066,Houston,06:59 AM,07:42 PM,Shashthi upto 05:55 PM,Bharani upto 03:13 PM,Krishna Paksha,Budhawara,Shravana,Simha,,True,,2026-09-03 03:55:00 PM,2026-09-04 01:43:00 PM,2026-09-03 01:59:00 PM,2026-09-04 12:34:00 PM,2026-09-03: Saptami upto 03:55 PM,2026-09-04: Ashtami upto 01:43 PM,2026-09-03: Krittika upto 01:59 PM,2026-09-04: Rohini upto 12:34 PM,2026-09-03 03:55:00 PM,2026-09-04 12:34:00 PM,2026-09-02 06:59:00 AM,2026-09-02 07:42:00 PM,2026-09-03 07:00:00 AM,2026-09-02,2026-09-03 01:21:00 AM,2026-09-03 12:57:00 AM,2026-09-03 01:45:00 AM,False,False,False,False,False,True,False,False,False,,,True,False,,,,,False,False,False,,,,True,999,0,ASHTAMI_ROHINI_OVERLAP_WAIT_FOR_NEXT_NISHITA,True,"Ashtami and Rohini overlap, but this night's Nishita is not inside the overlap and is not after the overlap has ended. The Puja belongs to the first Nishita after the joint overlap ends.",1,,
59,2026-09-03,True,Houston,Texas,United States,America/Chicago,4699066,Houston,07:00 AM,07:41 PM,Saptami upto 03:55 PM,Krittika upto 01:59 PM,Krishna Paksha,Guruwara,Shravana,Simha,,True,,2026-09-03 03:55:00 PM,2026-09-04 01:43:00 PM,2026-09-03 01:59:00 PM,2026-09-04 12:34:00 PM,2026-09-03: Saptami upto 03:55 PM,2026-09-04: Ashtami upto 01:43 PM,2026-09-03: Krittika upto 01:59 PM,2026-09-04: Rohini upto 12:34 PM,2026-09-03 03:55:00 PM,2026-09-04 12:34:00 PM,2026-09-03 07:00:00 AM,2026-09-03 07:41:00 PM,2026-09-04 07:00:00 AM,2026-09-03,2026-09-04 01:20:30 AM,2026-09-04 12:56:30 AM,2026-09-04 01:44:30 AM,False,True,True,True,True,True,False,True,True,2026-09-04 12:56:30 AM,2026-09-04 01:44:30 AM,True,True,,,,,False,False,False,,,,False,10,1,ASHTAMI_ROHINI_AT_NISHITA,False,,1,1,Only one Nishita falls inside the Ashtami-Rohini joint overlap.
59,2026-09-04,True,Houston,Texas,United States,America/Chicago,4699066,Houston,07:00 AM,07:40 PM,Ashtami upto 01:43 PM,Rohini upto 12:34 PM,Krishna Paksha,Shukrawara,Shravana,Simha,,True,,2026-09-03 03:55:00 PM,2026-09-04 01:43:00 PM,2026-09-03 01:59:00 PM,2026-09-04 12:34:00 PM,2026-09-03: Saptami upto 03:55 PM,2026-09-04: Ashtami upto 01:43 PM,2026-09-03: Krittika upto 01:59 PM,2026-09-04: Rohini upto 12:34 PM,2026-09-03 03:55:00 PM,2026-09-04 12:34:00 PM,2026-09-04 07:00:00 AM,2026-09-04 07:40:00 PM,2026-09-05 07:01:00 AM,2026-09-04,2026-09-05 01:20:30 AM,2026-09-05 12:56:30 AM,2026-09-05 01:44:30 AM,True,False,False,True,False,True,True,False,False,,,False,True,,,,,False,False,False,,,,False,20,1,ASHTAMI_ROHINI_OVERLAP_THEN_NEXT_NISHITA,False,,1,,
59,2026-09-05,True,Houston,Texas,United States,America/Chicago,4699066,Houston,07:01 AM,07:39 PM,Navami upto 11:23 AM,Mrigashira upto 11:00 AM,Krishna Paksha,Shaniwara,Shravana,Simha,,True,,2026-09-03 03:55:00 PM,2026-09-04 01:43:00 PM,2026-09-03 01:59:00 PM,2026-09-04 12:34:00 PM,2026-09-03: Saptami upto 03:55 PM,2026-09-04: Ashtami upto 01:43 PM,2026-09-03: Krittika upto 01:59 PM,2026-09-04: Rohini upto 12:34 PM,2026-09-03 03:55:00 PM,2026-09-04 12:34:00 PM,2026-09-05 07:01:00 AM,2026-09-05 07:39:00 PM,2026-09-06 07:02:00 AM,2026-09-05,2026-09-06 01:20:30 AM,2026-09-06 12:56:30 AM,2026-09-06 01:44:30 AM,False,False,False,False,False,True,True,False,False,,,False,True,,,,,False,False,False,,,,False,20,1,ASHTAMI_ROHINI_OVERLAP_THEN_NEXT_NISHITA,False,,1,,
59,2026-09-06,True,Houston,Texas,United States,America/Chicago,4699066,Houston,07:02 AM,07:38 PM,"Dashami upto 08:59 AM; Ekadashi upto 06:33 AM, Sep 07",Ardra upto 09:22 AM,Krishna Paksha,Raviwara,Shravana,Simha,,True,,2026-09-03 03:55:00 PM,2026-09-04 01:43:00 PM,2026-09-03 01:59:00 PM,2026-09-04 12:34:00 PM,2026-09-03: Saptami upto 03:55 PM,2026-09-04: Ashtami upto 01:43 PM,2026-09-03: Krittika upto 01:59 PM,2026-09-04: Rohini upto 12:34 PM,2026-09-03 03:55:00 PM,2026-09-04 12:34:00 PM,2026-09-06 07:02:00 AM,2026-09-06 07:38:00 PM,2026-09-07 07:02:00 AM,2026-09-06,2026-09-07 01:20:00 AM,2026-09-07 12:56:00 AM,2026-09-07 01:44:00 AM,False,False,False,False,False,True,True,False,False,,,False,True,,,,,False,False,False,,,,False,20,1,ASHTAMI_ROHINI_OVERLAP_THEN_NEXT_NISHITA,False,,1,,
60,2026-09-02,True,Phoenix,Arizona,United States,America/Phoenix,5308655,Phoenix,06:03 AM,06:52 PM,Shashthi upto 03:55 PM,Bharani upto 01:13 PM,Krishna Paksha,Budhawara,Shravana,Simha,,True,,2026-09-03 01:55:00 PM,2026-09-04 11:43:00 AM,2026-09-03 11:59:00 AM,2026-09-04 10:34:00 AM,2026-09-03: Saptami upto 01:55 PM,2026-09-04: Ashtami upto 11:43 AM,2026-09-03: Krittika upto 11:59 AM,2026-09-04: Rohini upto 10:34 AM,2026-09-03 01:55:00 PM,2026-09-04 10:34:00 AM,2026-09-02 06:03:00 AM,2026-09-02 06:52:00 PM,2026-09-03 06:04:00 AM,2026-09-02,2026-09-03 12:28:00 AM,2026-09-03 12:04:00 AM,2026-09-03 12:52:00 AM,False,False,False,False,False,True,False,False,False,,,True,False,,,,,False,False,False,,,,True,999,0,ASHTAMI_ROHINI_OVERLAP_WAIT_FOR_NEXT_NISHITA,True,"Ashtami and Rohini overlap, but this night's Nishita is not inside the overlap and is not after the overlap has ended. The Puja belongs to the first Nishita after the joint overlap ends.",1,,
60,2026-09-03,True,Phoenix,Arizona,United States,America/Phoenix,5308655,Phoenix,06:04 AM,06:51 PM,Saptami upto 01:55 PM,Krittika upto 11:59 AM,Krishna Paksha,Guruwara,Shravana,Simha,,True,,2026-09-03 01:55:00 PM,2026-09-04 11:43:00 AM,2026-09-03 11:59:00 AM,2026-09-04 10:34:00 AM,2026-09-03: Saptami upto 01:55 PM,2026-09-04: Ashtami upto 11:43 AM,2026-09-03: Krittika upto 11:59 AM,2026-09-04: Rohini upto 10:34 AM,2026-09-03 01:55:00 PM,2026-09-04 10:34:00 AM,2026-09-03 06:04:00 AM,2026-09-03 06:51:00 PM,2026-09-04 06:05:00 AM,2026-09-03,2026-09-04 12:28:00 AM,2026-09-04 12:04:00 AM,2026-09-04 12:52:00 AM,False,True,True,True,True,True,False,True,True,2026-09-04 12:04:00 AM,2026-09-04 12:52:00 AM,True,True,,,,,False,False,False,,,,False,10,1,ASHTAMI_ROHINI_AT_NISHITA,False,,1,1,Only one Nishita falls inside the Ashtami-Rohini joint overlap.
60,2026-09-04,True,Phoenix,Arizona,United States,America/Phoenix,5308655,Phoenix,06:05 AM,06:50 PM,Ashtami upto 11:43 AM,Rohini upto 10:34 AM,Krishna Paksha,Shukrawara,Shravana,Simha,,True,,2026-09-03 01:55:00 PM,2026-09-04 11:43:00 AM,2026-09-03 11:59:00 AM,2026-09-04 10:34:00 AM,2026-09-03: Saptami upto 01:55 PM,2026-09-04: Ashtami upto 11:43 AM,2026-09-03: Krittika upto 11:59 AM,2026-09-04: Rohini upto 10:34 AM,2026-09-03 01:55:00 PM,2026-09-04 10:34:00 AM,2026-09-04 06:05:00 AM,2026-09-04 06:50:00 PM,2026-09-05 06:05:00 AM,2026-09-04,2026-09-05 12:27:30 AM,2026-09-05 12:03:30 AM,2026-09-05 12:51:30 AM,True,False,False,True,False,True,True,False,False,,,False,True,,,,,False,False,False,,,,False,20,1,ASHTAMI_ROHINI_OVERLAP_THEN_NEXT_NISHITA,False,,1,,
60,2026-09-05,True,Phoenix,Arizona,United States,America/Phoenix,5308655,Phoenix,06:05 AM,06:48 PM,Navami upto 09:23 AM,Mrigashira upto 09:00 AM,Krishna Paksha,Shaniwara,Shravana,Simha,,True,,2026-09-03 01:55:00 PM,2026-09-04 11:43:00 AM,2026-09-03 11:59:00 AM,2026-09-04 10:34:00 AM,2026-09-03: Saptami upto 01:55 PM,2026-09-04: Ashtami upto 11:43 AM,2026-09-03: Krittika upto 11:59 AM,2026-09-04: Rohini upto 10:34 AM,2026-09-03 01:55:00 PM,2026-09-04 10:34:00 AM,2026-09-05 06:05:00 AM,2026-09-05 06:48:00 PM,2026-09-06 06:06:00 AM,2026-09-05,2026-09-06 12:27:00 AM,2026-09-06 12:03:00 AM,2026-09-06 12:51:00 AM,False,False,False,False,False,True,True,False,False,,,False,True,,,,,False,False,False,,,,False,20,1,ASHTAMI_ROHINI_OVERLAP_THEN_NEXT_NISHITA,False,,1,,
60,2026-09-06,True,Phoenix,Arizona,United States,America/Phoenix,5308655,Phoenix,06:06 AM,06:47 PM,"Dashami upto 06:59 AM; Ekadashi upto 04:33 AM, Sep 07","Ardra upto 07:22 AM; Punarvasu upto 05:44 AM, Sep 07",Krishna Paksha,Raviwara,Shravana,Simha,,True,,2026-09-03 01:55:00 PM,2026-09-04 11:43:00 AM,2026-09-03 11:59:00 AM,2026-09-04 10:34:00 AM,2026-09-03: Saptami upto 01:55 PM,2026-09-04: Ashtami upto 11:43 AM,2026-09-03: Krittika upto 11:59 AM,2026-09-04: Rohini upto 10:34 AM,2026-09-03 01:55:00 PM,2026-09-04 10:34:00 AM,2026-09-06 06:06:00 AM,2026-09-06 06:47:00 PM,2026-09-07 06:07:00 AM,2026-09-06,2026-09-07 12:27:00 AM,2026-09-07 12:03:00 AM,2026-09-07 12:51:00 AM,False,False,False,False,False,True,True,False,False,,,False,True,,,,,False,False,False,,,,False,20,1,ASHTAMI_ROHINI_OVERLAP_THEN_NEXT_NISHITA,False,,1,,
61,2026-09-02,True,San Francisco,California,United States,America/Los_Angeles,5391959,San Francisco,06:41 AM,07:37 PM,Shashthi upto 03:55 PM,Bharani upto 01:13 PM,Krishna Paksha,Budhawara,Shravana,Simha,,True,,2026-09-03 01:55:00 PM,2026-09-04 11:43:00 AM,2026-09-03 11:59:00 AM,2026-09-04 10:34:00 AM,2026-09-03: Saptami upto 01:55 PM,2026-09-04: Ashtami upto 11:43 AM,2026-09-03: Krittika upto 11:59 AM,2026-09-04: Rohini upto 10:34 AM,2026-09-03 01:55:00 PM,2026-09-04 10:34:00 AM,2026-09-02 06:41:00 AM,2026-09-02 07:37:00 PM,2026-09-03 06:42:00 AM,2026-09-02,2026-09-03 01:09:30 AM,2026-09-03 12:45:30 AM,2026-09-03 01:33:30 AM,False,False,False,False,False,True,False,False,False,,,True,False,,,,,False,False,False,,,,True,999,0,ASHTAMI_ROHINI_OVERLAP_WAIT_FOR_NEXT_NISHITA,True,"Ashtami and Rohini overlap, but this night's Nishita is not inside the overlap and is not after the overlap has ended. The Puja belongs to the first Nishita after the joint overlap ends.",1,,
61,2026-09-03,True,San Francisco,California,United States,America/Los_Angeles,5391959,San Francisco,06:42 AM,07:36 PM,Saptami upto 01:55 PM,Krittika upto 11:59 AM,Krishna Paksha,Guruwara,Shravana,Simha,,True,,2026-09-03 01:55:00 PM,2026-09-04 11:43:00 AM,2026-09-03 11:59:00 AM,2026-09-04 10:34:00 AM,2026-09-03: Saptami upto 01:55 PM,2026-09-04: Ashtami upto 11:43 AM,2026-09-03: Krittika upto 11:59 AM,2026-09-04: Rohini upto 10:34 AM,2026-09-03 01:55:00 PM,2026-09-04 10:34:00 AM,2026-09-03 06:42:00 AM,2026-09-03 07:36:00 PM,2026-09-04 06:43:00 AM,2026-09-03,2026-09-04 01:09:30 AM,2026-09-04 12:45:30 AM,2026-09-04 01:33:30 AM,False,True,True,True,True,True,False,True,True,2026-09-04 12:45:30 AM,2026-09-04 01:33:30 AM,True,True,,,,,False,False,False,,,,False,10,1,ASHTAMI_ROHINI_AT_NISHITA,False,,1,1,Only one Nishita falls inside the Ashtami-Rohini joint overlap.
61,2026-09-04,True,San Francisco,California,United States,America/Los_Angeles,5391959,San Francisco,06:43 AM,07:34 PM,Ashtami upto 11:43 AM,Rohini upto 10:34 AM,Krishna Paksha,Shukrawara,Shravana,Simha,,True,,2026-09-03 01:55:00 PM,2026-09-04 11:43:00 AM,2026-09-03 11:59:00 AM,2026-09-04 10:34:00 AM,2026-09-03: Saptami upto 01:55 PM,2026-09-04: Ashtami upto 11:43 AM,2026-09-03: Krittika upto 11:59 AM,2026-09-04: Rohini upto 10:34 AM,2026-09-03 01:55:00 PM,2026-09-04 10:34:00 AM,2026-09-04 06:43:00 AM,2026-09-04 07:34:00 PM,2026-09-05 06:43:00 AM,2026-09-04,2026-09-05 01:08:30 AM,2026-09-05 12:44:30 AM,2026-09-05 01:32:30 AM,True,False,False,True,False,True,True,False,False,,,False,True,,,,,False,False,False,,,,False,20,1,ASHTAMI_ROHINI_OVERLAP_THEN_NEXT_NISHITA,False,,1,,
61,2026-09-05,True,San Francisco,California,United States,America/Los_Angeles,5391959,San Francisco,06:43 AM,07:33 PM,Navami upto 09:23 AM,Mrigashira upto 09:00 AM,Krishna Paksha,Shaniwara,Shravana,Simha,,True,,2026-09-03 01:55:00 PM,2026-09-04 11:43:00 AM,2026-09-03 11:59:00 AM,2026-09-04 10:34:00 AM,2026-09-03: Saptami upto 01:55 PM,2026-09-04: Ashtami upto 11:43 AM,2026-09-03: Krittika upto 11:59 AM,2026-09-04: Rohini upto 10:34 AM,2026-09-03 01:55:00 PM,2026-09-04 10:34:00 AM,2026-09-05 06:43:00 AM,2026-09-05 07:33:00 PM,2026-09-06 06:44:00 AM,2026-09-05,2026-09-06 01:08:30 AM,2026-09-06 12:44:30 AM,2026-09-06 01:32:30 AM,False,False,False,False,False,True,True,False,False,,,False,True,,,,,False,False,False,,,,False,20,1,ASHTAMI_ROHINI_OVERLAP_THEN_NEXT_NISHITA,False,,1,,
61,2026-09-06,True,San Francisco,California,United States,America/Los_Angeles,5391959,San Francisco,06:44 AM,07:31 PM,"Dashami upto 06:59 AM; Ekadashi upto 04:33 AM, Sep 07","Ardra upto 07:22 AM; Punarvasu upto 05:44 AM, Sep 07",Krishna Paksha,Raviwara,Shravana,Simha,,True,,2026-09-03 01:55:00 PM,2026-09-04 11:43:00 AM,2026-09-03 11:59:00 AM,2026-09-04 10:34:00 AM,2026-09-03: Saptami upto 01:55 PM,2026-09-04: Ashtami upto 11:43 AM,2026-09-03: Krittika upto 11:59 AM,2026-09-04: Rohini upto 10:34 AM,2026-09-03 01:55:00 PM,2026-09-04 10:34:00 AM,2026-09-06 06:44:00 AM,2026-09-06 07:31:00 PM,2026-09-07 06:45:00 AM,2026-09-06,2026-09-07 01:08:00 AM,2026-09-07 12:44:00 AM,2026-09-07 01:32:00 AM,False,False,False,False,False,True,True,False,False,,,False,True,,,,,False,False,False,,,,False,20,1,ASHTAMI_ROHINI_OVERLAP_THEN_NEXT_NISHITA,False,,1,,
62,2026-09-02,True,Los Angeles,California,United States,America/Los_Angeles,5368361,Los Angeles,06:27 AM,07:17 PM,Shashthi upto 03:55 PM,Bharani upto 01:13 PM,Krishna Paksha,Budhawara,Shravana,Simha,,True,,2026-09-03 01:55:00 PM,2026-09-04 11:43:00 AM,2026-09-03 11:59:00 AM,2026-09-04 10:34:00 AM,2026-09-03: Saptami upto 01:55 PM,2026-09-04: Ashtami upto 11:43 AM,2026-09-03: Krittika upto 11:59 AM,2026-09-04: Rohini upto 10:34 AM,2026-09-03 01:55:00 PM,2026-09-04 10:34:00 AM,2026-09-02 06:27:00 AM,2026-09-02 07:17:00 PM,2026-09-03 06:28:00 AM,2026-09-02,2026-09-03 12:52:30 AM,2026-09-03 12:28:30 AM,2026-09-03 01:16:30 AM,False,False,False,False,False,True,False,False,False,,,True,False,,,,,False,False,False,,,,True,999,0,ASHTAMI_ROHINI_OVERLAP_WAIT_FOR_NEXT_NISHITA,True,"Ashtami and Rohini overlap, but this night's Nishita is not inside the overlap and is not after the overlap has ended. The Puja belongs to the first Nishita after the joint overlap ends.",1,,
62,2026-09-03,True,Los Angeles,California,United States,America/Los_Angeles,5368361,Los Angeles,06:28 AM,07:16 PM,Saptami upto 01:55 PM,Krittika upto 11:59 AM,Krishna Paksha,Guruwara,Shravana,Simha,,True,,2026-09-03 01:55:00 PM,2026-09-04 11:43:00 AM,2026-09-03 11:59:00 AM,2026-09-04 10:34:00 AM,2026-09-03: Saptami upto 01:55 PM,2026-09-04: Ashtami upto 11:43 AM,2026-09-03: Krittika upto 11:59 AM,2026-09-04: Rohini upto 10:34 AM,2026-09-03 01:55:00 PM,2026-09-04 10:34:00 AM,2026-09-03 06:28:00 AM,2026-09-03 07:16:00 PM,2026-09-04 06:29:00 AM,2026-09-03,2026-09-04 12:52:30 AM,2026-09-04 12:28:30 AM,2026-09-04 01:16:30 AM,False,True,True,True,True,True,False,True,True,2026-09-04 12:28:30 AM,2026-09-04 01:16:30 AM,True,True,,,,,False,False,False,,,,False,10,1,ASHTAMI_ROHINI_AT_NISHITA,False,,1,1,Only one Nishita falls inside the Ashtami-Rohini joint overlap.
62,2026-09-04,True,Los Angeles,California,United States,America/Los_Angeles,5368361,Los Angeles,06:29 AM,07:15 PM,Ashtami upto 11:43 AM,Rohini upto 10:34 AM,Krishna Paksha,Shukrawara,Shravana,Simha,,True,,2026-09-03 01:55:00 PM,2026-09-04 11:43:00 AM,2026-09-03 11:59:00 AM,2026-09-04 10:34:00 AM,2026-09-03: Saptami upto 01:55 PM,2026-09-04: Ashtami upto 11:43 AM,2026-09-03: Krittika upto 11:59 AM,2026-09-04: Rohini upto 10:34 AM,2026-09-03 01:55:00 PM,2026-09-04 10:34:00 AM,2026-09-04 06:29:00 AM,2026-09-04 07:15:00 PM,2026-09-05 06:30:00 AM,2026-09-04,2026-09-05 12:52:30 AM,2026-09-05 12:28:30 AM,2026-09-05 01:16:30 AM,True,False,False,True,False,True,True,False,False,,,False,True,,,,,False,False,False,,,,False,20,1,ASHTAMI_ROHINI_OVERLAP_THEN_NEXT_NISHITA,False,,1,,
62,2026-09-05,True,Los Angeles,California,United States,America/Los_Angeles,5368361,Los Angeles,06:30 AM,07:13 PM,Navami upto 09:23 AM,Mrigashira upto 09:00 AM,Krishna Paksha,Shaniwara,Shravana,Simha,,True,,2026-09-03 01:55:00 PM,2026-09-04 11:43:00 AM,2026-09-03 11:59:00 AM,2026-09-04 10:34:00 AM,2026-09-03: Saptami upto 01:55 PM,2026-09-04: Ashtami upto 11:43 AM,2026-09-03: Krittika upto 11:59 AM,2026-09-04: Rohini upto 10:34 AM,2026-09-03 01:55:00 PM,2026-09-04 10:34:00 AM,2026-09-05 06:30:00 AM,2026-09-05 07:13:00 PM,2026-09-06 06:30:00 AM,2026-09-05,2026-09-06 12:51:30 AM,2026-09-06 12:27:30 AM,2026-09-06 01:15:30 AM,False,False,False,False,False,True,True,False,False,,,False,True,,,,,False,False,False,,,,False,20,1,ASHTAMI_ROHINI_OVERLAP_THEN_NEXT_NISHITA,False,,1,,
62,2026-09-06,True,Los Angeles,California,United States,America/Los_Angeles,5368361,Los Angeles,06:30 AM,07:12 PM,"Dashami upto 06:59 AM; Ekadashi upto 04:33 AM, Sep 07","Ardra upto 07:22 AM; Punarvasu upto 05:44 AM, Sep 07",Krishna Paksha,Raviwara,Shravana,Simha,,True,,2026-09-03 01:55:00 PM,2026-09-04 11:43:00 AM,2026-09-03 11:59:00 AM,2026-09-04 10:34:00 AM,2026-09-03: Saptami upto 01:55 PM,2026-09-04: Ashtami upto 11:43 AM,2026-09-03: Krittika upto 11:59 AM,2026-09-04: Rohini upto 10:34 AM,2026-09-03 01:55:00 PM,2026-09-04 10:34:00 AM,2026-09-06 06:30:00 AM,2026-09-06 07:12:00 PM,2026-09-07 06:31:00 AM,2026-09-06,2026-09-07 12:51:30 AM,2026-09-07 12:27:30 AM,2026-09-07 01:15:30 AM,False,False,False,False,False,True,True,False,False,,,False,True,,,,,False,False,False,,,,False,20,1,ASHTAMI_ROHINI_OVERLAP_THEN_NEXT_NISHITA,False,,1,,
63,2026-09-02,True,Seattle,Washington,United States,America/Los_Angeles,5809844,Seattle,06:30 AM,07:47 PM,Shashthi upto 03:55 PM,Bharani upto 01:13 PM,Krishna Paksha,Budhawara,Shravana,Simha,,True,,2026-09-03 01:55:00 PM,2026-09-04 11:43:00 AM,2026-09-03 11:59:00 AM,2026-09-04 10:34:00 AM,2026-09-03: Saptami upto 01:55 PM,2026-09-04: Ashtami upto 11:43 AM,2026-09-03: Krittika upto 11:59 AM,2026-09-04: Rohini upto 10:34 AM,2026-09-03 01:55:00 PM,2026-09-04 10:34:00 AM,2026-09-02 06:30:00 AM,2026-09-02 07:47:00 PM,2026-09-03 06:31:00 AM,2026-09-02,2026-09-03 01:09:00 AM,2026-09-03 12:45:00 AM,2026-09-03 01:33:00 AM,False,False,False,False,False,True,False,False,False,,,True,False,,,,,False,False,False,,,,True,999,0,ASHTAMI_ROHINI_OVERLAP_WAIT_FOR_NEXT_NISHITA,True,"Ashtami and Rohini overlap, but this night's Nishita is not inside the overlap and is not after the overlap has ended. The Puja belongs to the first Nishita after the joint overlap ends.",1,,
63,2026-09-03,True,Seattle,Washington,United States,America/Los_Angeles,5809844,Seattle,06:31 AM,07:46 PM,Saptami upto 01:55 PM,Krittika upto 11:59 AM,Krishna Paksha,Guruwara,Shravana,Simha,,True,,2026-09-03 01:55:00 PM,2026-09-04 11:43:00 AM,2026-09-03 11:59:00 AM,2026-09-04 10:34:00 AM,2026-09-03: Saptami upto 01:55 PM,2026-09-04: Ashtami upto 11:43 AM,2026-09-03: Krittika upto 11:59 AM,2026-09-04: Rohini upto 10:34 AM,2026-09-03 01:55:00 PM,2026-09-04 10:34:00 AM,2026-09-03 06:31:00 AM,2026-09-03 07:46:00 PM,2026-09-04 06:32:00 AM,2026-09-03,2026-09-04 01:09:00 AM,2026-09-04 12:45:00 AM,2026-09-04 01:33:00 AM,False,True,True,True,True,True,False,True,True,2026-09-04 12:45:00 AM,2026-09-04 01:33:00 AM,True,True,,,,,False,False,False,,,,False,10,1,ASHTAMI_ROHINI_AT_NISHITA,False,,1,1,Only one Nishita falls inside the Ashtami-Rohini joint overlap.
63,2026-09-04,True,Seattle,Washington,United States,America/Los_Angeles,5809844,Seattle,06:32 AM,07:44 PM,Ashtami upto 11:43 AM,Rohini upto 10:34 AM,Krishna Paksha,Shukrawara,Shravana,Simha,,True,,2026-09-03 01:55:00 PM,2026-09-04 11:43:00 AM,2026-09-03 11:59:00 AM,2026-09-04 10:34:00 AM,2026-09-03: Saptami upto 01:55 PM,2026-09-04: Ashtami upto 11:43 AM,2026-09-03: Krittika upto 11:59 AM,2026-09-04: Rohini upto 10:34 AM,2026-09-03 01:55:00 PM,2026-09-04 10:34:00 AM,2026-09-04 06:32:00 AM,2026-09-04 07:44:00 PM,2026-09-05 06:34:00 AM,2026-09-04,2026-09-05 01:09:00 AM,2026-09-05 12:45:00 AM,2026-09-05 01:33:00 AM,True,False,False,True,False,True,True,False,False,,,False,True,,,,,False,False,False,,,,False,20,1,ASHTAMI_ROHINI_OVERLAP_THEN_NEXT_NISHITA,False,,1,,
63,2026-09-05,True,Seattle,Washington,United States,America/Los_Angeles,5809844,Seattle,06:34 AM,07:42 PM,Navami upto 09:23 AM,Mrigashira upto 09:00 AM,Krishna Paksha,Shaniwara,Shravana,Simha,,True,,2026-09-03 01:55:00 PM,2026-09-04 11:43:00 AM,2026-09-03 11:59:00 AM,2026-09-04 10:34:00 AM,2026-09-03: Saptami upto 01:55 PM,2026-09-04: Ashtami upto 11:43 AM,2026-09-03: Krittika upto 11:59 AM,2026-09-04: Rohini upto 10:34 AM,2026-09-03 01:55:00 PM,2026-09-04 10:34:00 AM,2026-09-05 06:34:00 AM,2026-09-05 07:42:00 PM,2026-09-06 06:35:00 AM,2026-09-05,2026-09-06 01:08:30 AM,2026-09-06 12:44:30 AM,2026-09-06 01:32:30 AM,False,False,False,False,False,True,True,False,False,,,False,True,,,,,False,False,False,,,,False,20,1,ASHTAMI_ROHINI_OVERLAP_THEN_NEXT_NISHITA,False,,1,,
63,2026-09-06,True,Seattle,Washington,United States,America/Los_Angeles,5809844,Seattle,06:35 AM,07:39 PM,"Dashami upto 06:59 AM; Ekadashi upto 04:33 AM, Sep 07","Ardra upto 07:22 AM; Punarvasu upto 05:44 AM, Sep 07",Krishna Paksha,Raviwara,Shravana,Simha,,True,,2026-09-03 01:55:00 PM,2026-09-04 11:43:00 AM,2026-09-03 11:59:00 AM,2026-09-04 10:34:00 AM,2026-09-03: Saptami upto 01:55 PM,2026-09-04: Ashtami upto 11:43 AM,2026-09-03: Krittika upto 11:59 AM,2026-09-04: Rohini upto 10:34 AM,2026-09-03 01:55:00 PM,2026-09-04 10:34:00 AM,2026-09-06 06:35:00 AM,2026-09-06 07:39:00 PM,2026-09-07 06:36:00 AM,2026-09-06,2026-09-07 01:07:30 AM,2026-09-07 12:43:30 AM,2026-09-07 01:31:30 AM,False,False,False,False,False,True,True,False,False,,,False,True,,,,,False,False,False,,,,False,20,1,ASHTAMI_ROHINI_OVERLAP_THEN_NEXT_NISHITA,False,,1,,
64,2026-09-02,True,Tampa,Florida,United States,America/New_York,4174757,Tampa,07:09 AM,07:50 PM,Shashthi upto 06:55 PM,Bharani upto 04:13 PM,Krishna Paksha,Budhawara,Shravana,Simha,,True,,2026-09-03 04:55:00 PM,2026-09-04 02:43:00 PM,2026-09-03 02:59:00 PM,2026-09-04 01:34:00 PM,2026-09-03: Saptami upto 04:55 PM,2026-09-04: Ashtami upto 02:43 PM,2026-09-03: Krittika upto 02:59 PM,2026-09-04: Rohini upto 01:34 PM,2026-09-03 04:55:00 PM,2026-09-04 01:34:00 PM,2026-09-02 07:09:00 AM,2026-09-02 07:50:00 PM,2026-09-03 07:10:00 AM,2026-09-02,2026-09-03 01:30:00 AM,2026-09-03 01:06:00 AM,2026-09-03 01:54:00 AM,False,False,False,False,False,True,False,False,False,,,True,False,,,,,False,False,False,,,,True,999,0,ASHTAMI_ROHINI_OVERLAP_WAIT_FOR_NEXT_NISHITA,True,"Ashtami and Rohini overlap, but this night's Nishita is not inside the overlap and is not after the overlap has ended. The Puja belongs to the first Nishita after the joint overlap ends.",1,,
64,2026-09-03,True,Tampa,Florida,United States,America/New_York,4174757,Tampa,07:10 AM,07:48 PM,Saptami upto 04:55 PM,Krittika upto 02:59 PM,Krishna Paksha,Guruwara,Shravana,Simha,,True,,2026-09-03 04:55:00 PM,2026-09-04 02:43:00 PM,2026-09-03 02:59:00 PM,2026-09-04 01:34:00 PM,2026-09-03: Saptami upto 04:55 PM,2026-09-04: Ashtami upto 02:43 PM,2026-09-03: Krittika upto 02:59 PM,2026-09-04: Rohini upto 01:34 PM,2026-09-03 04:55:00 PM,2026-09-04 01:34:00 PM,2026-09-03 07:10:00 AM,2026-09-03 07:48:00 PM,2026-09-04 07:10:00 AM,2026-09-03,2026-09-04 01:29:00 AM,2026-09-04 01:05:00 AM,2026-09-04 01:53:00 AM,False,True,True,True,True,True,False,True,True,2026-09-04 01:05:00 AM,2026-09-04 01:53:00 AM,True,True,,,,,False,False,False,,,,False,10,1,ASHTAMI_ROHINI_AT_NISHITA,False,,1,1,Only one Nishita falls inside the Ashtami-Rohini joint overlap.
64,2026-09-04,True,Tampa,Florida,United States,America/New_York,4174757,Tampa,07:10 AM,07:47 PM,Ashtami upto 02:43 PM,Rohini upto 01:34 PM,Krishna Paksha,Shukrawara,Shravana,Simha,,True,,2026-09-03 04:55:00 PM,2026-09-04 02:43:00 PM,2026-09-03 02:59:00 PM,2026-09-04 01:34:00 PM,2026-09-03: Saptami upto 04:55 PM,2026-09-04: Ashtami upto 02:43 PM,2026-09-03: Krittika upto 02:59 PM,2026-09-04: Rohini upto 01:34 PM,2026-09-03 04:55:00 PM,2026-09-04 01:34:00 PM,2026-09-04 07:10:00 AM,2026-09-04 07:47:00 PM,2026-09-05 07:11:00 AM,2026-09-04,2026-09-05 01:29:00 AM,2026-09-05 01:05:00 AM,2026-09-05 01:53:00 AM,True,False,False,True,False,True,True,False,False,,,False,True,,,,,False,False,False,,,,False,20,1,ASHTAMI_ROHINI_OVERLAP_THEN_NEXT_NISHITA,False,,1,,
64,2026-09-05,True,Tampa,Florida,United States,America/New_York,4174757,Tampa,07:11 AM,07:46 PM,Navami upto 12:23 PM,Mrigashira upto 12:00 PM,Krishna Paksha,Shaniwara,Shravana,Simha,,True,,2026-09-03 04:55:00 PM,2026-09-04 02:43:00 PM,2026-09-03 02:59:00 PM,2026-09-04 01:34:00 PM,2026-09-03: Saptami upto 04:55 PM,2026-09-04: Ashtami upto 02:43 PM,2026-09-03: Krittika upto 02:59 PM,2026-09-04: Rohini upto 01:34 PM,2026-09-03 04:55:00 PM,2026-09-04 01:34:00 PM,2026-09-05 07:11:00 AM,2026-09-05 07:46:00 PM,2026-09-06 07:11:00 AM,2026-09-05,2026-09-06 01:28:30 AM,2026-09-06 01:04:30 AM,2026-09-06 01:52:30 AM,False,False,False,False,False,True,True,False,False,,,False,True,,,,,False,False,False,,,,False,20,1,ASHTAMI_ROHINI_OVERLAP_THEN_NEXT_NISHITA,False,,1,,
64,2026-09-06,True,Tampa,Florida,United States,America/New_York,4174757,Tampa,07:11 AM,07:45 PM,Dashami upto 09:59 AM,Ardra upto 10:22 AM,Krishna Paksha,Raviwara,Shravana,Simha,,True,,2026-09-03 04:55:00 PM,2026-09-04 02:43:00 PM,2026-09-03 02:59:00 PM,2026-09-04 01:34:00 PM,2026-09-03: Saptami upto 04:55 PM,2026-09-04: Ashtami upto 02:43 PM,2026-09-03: Krittika upto 02:59 PM,2026-09-04: Rohini upto 01:34 PM,2026-09-03 04:55:00 PM,2026-09-04 01:34:00 PM,2026-09-06 07:11:00 AM,2026-09-06 07:45:00 PM,2026-09-07 07:11:00 AM,2026-09-06,2026-09-07 01:28:00 AM,2026-09-07 01:04:00 AM,2026-09-07 01:52:00 AM,False,False,False,False,False,True,True,False,False,,,False,True,,,,,False,False,False,,,,False,20,1,ASHTAMI_ROHINI_OVERLAP_THEN_NEXT_NISHITA,False,,1,,
65,2026-09-02,True,Orlando,Florida,United States,America/New_York,4167147,Orlando,07:04 AM,07:46 PM,Shashthi upto 06:55 PM,Bharani upto 04:13 PM,Krishna Paksha,Budhawara,Shravana,Simha,,True,,2026-09-03 04:55:00 PM,2026-09-04 02:43:00 PM,2026-09-03 02:59:00 PM,2026-09-04 01:34:00 PM,2026-09-03: Saptami upto 04:55 PM,2026-09-04: Ashtami upto 02:43 PM,2026-09-03: Krittika upto 02:59 PM,2026-09-04: Rohini upto 01:34 PM,2026-09-03 04:55:00 PM,2026-09-04 01:34:00 PM,2026-09-02 07:04:00 AM,2026-09-02 07:46:00 PM,2026-09-03 07:05:00 AM,2026-09-02,2026-09-03 01:25:30 AM,2026-09-03 01:01:30 AM,2026-09-03 01:49:30 AM,False,False,False,False,False,True,False,False,False,,,True,False,,,,,False,False,False,,,,True,999,0,ASHTAMI_ROHINI_OVERLAP_WAIT_FOR_NEXT_NISHITA,True,"Ashtami and Rohini overlap, but this night's Nishita is not inside the overlap and is not after the overlap has ended. The Puja belongs to the first Nishita after the joint overlap ends.",1,,
65,2026-09-03,True,Orlando,Florida,United States,America/New_York,4167147,Orlando,07:05 AM,07:45 PM,Saptami upto 04:55 PM,Krittika upto 02:59 PM,Krishna Paksha,Guruwara,Shravana,Simha,,True,,2026-09-03 04:55:00 PM,2026-09-04 02:43:00 PM,2026-09-03 02:59:00 PM,2026-09-04 01:34:00 PM,2026-09-03: Saptami upto 04:55 PM,2026-09-04: Ashtami upto 02:43 PM,2026-09-03: Krittika upto 02:59 PM,2026-09-04: Rohini upto 01:34 PM,2026-09-03 04:55:00 PM,2026-09-04 01:34:00 PM,2026-09-03 07:05:00 AM,2026-09-03 07:45:00 PM,2026-09-04 07:05:00 AM,2026-09-03,2026-09-04 01:25:00 AM,2026-09-04 01:01:00 AM,2026-09-04 01:49:00 AM,False,True,True,True,True,True,False,True,True,2026-09-04 01:01:00 AM,2026-09-04 01:49:00 AM,True,True,,,,,False,False,False,,,,False,10,1,ASHTAMI_ROHINI_AT_NISHITA,False,,1,1,Only one Nishita falls inside the Ashtami-Rohini joint overlap.
65,2026-09-04,True,Orlando,Florida,United States,America/New_York,4167147,Orlando,07:05 AM,07:43 PM,Ashtami upto 02:43 PM,Rohini upto 01:34 PM,Krishna Paksha,Shukrawara,Shravana,Simha,,True,,2026-09-03 04:55:00 PM,2026-09-04 02:43:00 PM,2026-09-03 02:59:00 PM,2026-09-04 01:34:00 PM,2026-09-03: Saptami upto 04:55 PM,2026-09-04: Ashtami upto 02:43 PM,2026-09-03: Krittika upto 02:59 PM,2026-09-04: Rohini upto 01:34 PM,2026-09-03 04:55:00 PM,2026-09-04 01:34:00 PM,2026-09-04 07:05:00 AM,2026-09-04 07:43:00 PM,2026-09-05 07:06:00 AM,2026-09-04,2026-09-05 01:24:30 AM,2026-09-05 01:00:30 AM,2026-09-05 01:48:30 AM,True,False,False,True,False,True,True,False,False,,,False,True,,,,,False,False,False,,,,False,20,1,ASHTAMI_ROHINI_OVERLAP_THEN_NEXT_NISHITA,False,,1,,
65,2026-09-05,True,Orlando,Florida,United States,America/New_York,4167147,Orlando,07:06 AM,07:42 PM,Navami upto 12:23 PM,Mrigashira upto 12:00 PM,Krishna Paksha,Shaniwara,Shravana,Simha,,True,,2026-09-03 04:55:00 PM,2026-09-04 02:43:00 PM,2026-09-03 02:59:00 PM,2026-09-04 01:34:00 PM,2026-09-03: Saptami upto 04:55 PM,2026-09-04: Ashtami upto 02:43 PM,2026-09-03: Krittika upto 02:59 PM,2026-09-04: Rohini upto 01:34 PM,2026-09-03 04:55:00 PM,2026-09-04 01:34:00 PM,2026-09-05 07:06:00 AM,2026-09-05 07:42:00 PM,2026-09-06 07:06:00 AM,2026-09-05,2026-09-06 01:24:00 AM,2026-09-06 01:00:00 AM,2026-09-06 01:48:00 AM,False,False,False,False,False,True,True,False,False,,,False,True,,,,,False,False,False,,,,False,20,1,ASHTAMI_ROHINI_OVERLAP_THEN_NEXT_NISHITA,False,,1,,
65,2026-09-06,True,Orlando,Florida,United States,America/New_York,4167147,Orlando,07:06 AM,07:41 PM,Dashami upto 09:59 AM,Ardra upto 10:22 AM,Krishna Paksha,Raviwara,Shravana,Simha,,True,,2026-09-03 04:55:00 PM,2026-09-04 02:43:00 PM,2026-09-03 02:59:00 PM,2026-09-04 01:34:00 PM,2026-09-03: Saptami upto 04:55 PM,2026-09-04: Ashtami upto 02:43 PM,2026-09-03: Krittika upto 02:59 PM,2026-09-04: Rohini upto 01:34 PM,2026-09-03 04:55:00 PM,2026-09-04 01:34:00 PM,2026-09-06 07:06:00 AM,2026-09-06 07:41:00 PM,2026-09-07 07:07:00 AM,2026-09-06,2026-09-07 01:24:00 AM,2026-09-07 01:00:00 AM,2026-09-07 01:48:00 AM,False,False,False,False,False,True,True,False,False,,,False,True,,,,,False,False,False,,,,False,20,1,ASHTAMI_ROHINI_OVERLAP_THEN_NEXT_NISHITA,False,,1,,
66,2026-09-02,True,Richmond,Virginia,United States,America/New_York,4781708,Richmond,06:41 AM,07:37 PM,Shashthi upto 06:55 PM,Bharani upto 04:13 PM,Krishna Paksha,Budhawara,Shravana,Simha,,True,,2026-09-03 04:55:00 PM,2026-09-04 02:43:00 PM,2026-09-03 02:59:00 PM,2026-09-04 01:34:00 PM,2026-09-03: Saptami upto 04:55 PM,2026-09-04: Ashtami upto 02:43 PM,2026-09-03: Krittika upto 02:59 PM,2026-09-04: Rohini upto 01:34 PM,2026-09-03 04:55:00 PM,2026-09-04 01:34:00 PM,2026-09-02 06:41:00 AM,2026-09-02 07:37:00 PM,2026-09-03 06:42:00 AM,2026-09-02,2026-09-03 01:09:30 AM,2026-09-03 12:45:30 AM,2026-09-03 01:33:30 AM,False,False,False,False,False,True,False,False,False,,,True,False,,,,,False,False,False,,,,True,999,0,ASHTAMI_ROHINI_OVERLAP_WAIT_FOR_NEXT_NISHITA,True,"Ashtami and Rohini overlap, but this night's Nishita is not inside the overlap and is not after the overlap has ended. The Puja belongs to the first Nishita after the joint overlap ends.",1,,
66,2026-09-03,True,Richmond,Virginia,United States,America/New_York,4781708,Richmond,06:42 AM,07:36 PM,Saptami upto 04:55 PM,Krittika upto 02:59 PM,Krishna Paksha,Guruwara,Shravana,Simha,,True,,2026-09-03 04:55:00 PM,2026-09-04 02:43:00 PM,2026-09-03 02:59:00 PM,2026-09-04 01:34:00 PM,2026-09-03: Saptami upto 04:55 PM,2026-09-04: Ashtami upto 02:43 PM,2026-09-03: Krittika upto 02:59 PM,2026-09-04: Rohini upto 01:34 PM,2026-09-03 04:55:00 PM,2026-09-04 01:34:00 PM,2026-09-03 06:42:00 AM,2026-09-03 07:36:00 PM,2026-09-04 06:43:00 AM,2026-09-03,2026-09-04 01:09:30 AM,2026-09-04 12:45:30 AM,2026-09-04 01:33:30 AM,False,True,True,True,True,True,False,True,True,2026-09-04 12:45:30 AM,2026-09-04 01:33:30 AM,True,True,,,,,False,False,False,,,,False,10,1,ASHTAMI_ROHINI_AT_NISHITA,False,,1,1,Only one Nishita falls inside the Ashtami-Rohini joint overlap.
66,2026-09-04,True,Richmond,Virginia,United States,America/New_York,4781708,Richmond,06:43 AM,07:34 PM,Ashtami upto 02:43 PM,Rohini upto 01:34 PM,Krishna Paksha,Shukrawara,Shravana,Simha,,True,,2026-09-03 04:55:00 PM,2026-09-04 02:43:00 PM,2026-09-03 02:59:00 PM,2026-09-04 01:34:00 PM,2026-09-03: Saptami upto 04:55 PM,2026-09-04: Ashtami upto 02:43 PM,2026-09-03: Krittika upto 02:59 PM,2026-09-04: Rohini upto 01:34 PM,2026-09-03 04:55:00 PM,2026-09-04 01:34:00 PM,2026-09-04 06:43:00 AM,2026-09-04 07:34:00 PM,2026-09-05 06:44:00 AM,2026-09-04,2026-09-05 01:09:00 AM,2026-09-05 12:45:00 AM,2026-09-05 01:33:00 AM,True,False,False,True,False,True,True,False,False,,,False,True,,,,,False,False,False,,,,False,20,1,ASHTAMI_ROHINI_OVERLAP_THEN_NEXT_NISHITA,False,,1,,
66,2026-09-05,True,Richmond,Virginia,United States,America/New_York,4781708,Richmond,06:44 AM,07:33 PM,Navami upto 12:23 PM,Mrigashira upto 12:00 PM,Krishna Paksha,Shaniwara,Shravana,Simha,,True,,2026-09-03 04:55:00 PM,2026-09-04 02:43:00 PM,2026-09-03 02:59:00 PM,2026-09-04 01:34:00 PM,2026-09-03: Saptami upto 04:55 PM,2026-09-04: Ashtami upto 02:43 PM,2026-09-03: Krittika upto 02:59 PM,2026-09-04: Rohini upto 01:34 PM,2026-09-03 04:55:00 PM,2026-09-04 01:34:00 PM,2026-09-05 06:44:00 AM,2026-09-05 07:33:00 PM,2026-09-06 06:44:00 AM,2026-09-05,2026-09-06 01:08:30 AM,2026-09-06 12:44:30 AM,2026-09-06 01:32:30 AM,False,False,False,False,False,True,True,False,False,,,False,True,,,,,False,False,False,,,,False,20,1,ASHTAMI_ROHINI_OVERLAP_THEN_NEXT_NISHITA,False,,1,,
66,2026-09-06,True,Richmond,Virginia,United States,America/New_York,4781708,Richmond,06:44 AM,07:31 PM,Dashami upto 09:59 AM,Ardra upto 10:22 AM,Krishna Paksha,Raviwara,Shravana,Simha,,True,,2026-09-03 04:55:00 PM,2026-09-04 02:43:00 PM,2026-09-03 02:59:00 PM,2026-09-04 01:34:00 PM,2026-09-03: Saptami upto 04:55 PM,2026-09-04: Ashtami upto 02:43 PM,2026-09-03: Krittika upto 02:59 PM,2026-09-04: Rohini upto 01:34 PM,2026-09-03 04:55:00 PM,2026-09-04 01:34:00 PM,2026-09-06 06:44:00 AM,2026-09-06 07:31:00 PM,2026-09-07 06:45:00 AM,2026-09-06,2026-09-07 01:08:00 AM,2026-09-07 12:44:00 AM,2026-09-07 01:32:00 AM,False,False,False,False,False,True,True,False,False,,,False,True,,,,,False,False,False,,,,False,20,1,ASHTAMI_ROHINI_OVERLAP_THEN_NEXT_NISHITA,False,,1,,
67,2026-09-02,True,Baltimore,Maryland,United States,America/New_York,4347778,Baltimore,06:36 AM,07:36 PM,Shashthi upto 06:56 PM,Bharani upto 04:13 PM,Krishna Paksha,Budhawara,Shravana,Simha,,True,,2026-09-03 04:55:00 PM,2026-09-04 02:43:00 PM,2026-09-03 02:59:00 PM,2026-09-04 01:34:00 PM,2026-09-03: Saptami upto 04:55 PM,2026-09-04: Ashtami upto 02:43 PM,2026-09-03: Krittika upto 02:59 PM,2026-09-04: Rohini upto 01:34 PM,2026-09-03 04:55:00 PM,2026-09-04 01:34:00 PM,2026-09-02 06:36:00 AM,2026-09-02 07:36:00 PM,2026-09-03 06:37:00 AM,2026-09-02,2026-09-03 01:06:30 AM,2026-09-03 12:42:30 AM,2026-09-03 01:30:30 AM,False,False,False,False,False,True,False,False,False,,,True,False,,,,,False,False,False,,,,True,999,0,ASHTAMI_ROHINI_OVERLAP_WAIT_FOR_NEXT_NISHITA,True,"Ashtami and Rohini overlap, but this night's Nishita is not inside the overlap and is not after the overlap has ended. The Puja belongs to the first Nishita after the joint overlap ends.",1,,
67,2026-09-03,True,Baltimore,Maryland,United States,America/New_York,4347778,Baltimore,06:37 AM,07:34 PM,Saptami upto 04:55 PM,Krittika upto 02:59 PM,Krishna Paksha,Guruwara,Shravana,Simha,,True,,2026-09-03 04:55:00 PM,2026-09-04 02:43:00 PM,2026-09-03 02:59:00 PM,2026-09-04 01:34:00 PM,2026-09-03: Saptami upto 04:55 PM,2026-09-04: Ashtami upto 02:43 PM,2026-09-03: Krittika upto 02:59 PM,2026-09-04: Rohini upto 01:34 PM,2026-09-03 04:55:00 PM,2026-09-04 01:34:00 PM,2026-09-03 06:37:00 AM,2026-09-03 07:34:00 PM,2026-09-04 06:38:00 AM,2026-09-03,2026-09-04 01:06:00 AM,2026-09-04 12:42:00 AM,2026-09-04 01:30:00 AM,False,True,True,True,True,True,False,True,True,2026-09-04 12:42:00 AM,2026-09-04 01:30:00 AM,True,True,,,,,False,False,False,,,,False,10,1,ASHTAMI_ROHINI_AT_NISHITA,False,,1,1,Only one Nishita falls inside the Ashtami-Rohini joint overlap.
67,2026-09-04,True,Baltimore,Maryland,United States,America/New_York,4347778,Baltimore,06:38 AM,07:32 PM,Ashtami upto 02:43 PM,Rohini upto 01:34 PM,Krishna Paksha,Shukrawara,Shravana,Simha,,True,,2026-09-03 04:55:00 PM,2026-09-04 02:43:00 PM,2026-09-03 02:59:00 PM,2026-09-04 01:34:00 PM,2026-09-03: Saptami upto 04:55 PM,2026-09-04: Ashtami upto 02:43 PM,2026-09-03: Krittika upto 02:59 PM,2026-09-04: Rohini upto 01:34 PM,2026-09-03 04:55:00 PM,2026-09-04 01:34:00 PM,2026-09-04 06:38:00 AM,2026-09-04 07:32:00 PM,2026-09-05 06:39:00 AM,2026-09-04,2026-09-05 01:05:30 AM,2026-09-05 12:41:30 AM,2026-09-05 01:29:30 AM,True,False,False,True,False,True,True,False,False,,,False,True,,,,,False,False,False,,,,False,20,1,ASHTAMI_ROHINI_OVERLAP_THEN_NEXT_NISHITA,False,,1,,
67,2026-09-05,True,Baltimore,Maryland,United States,America/New_York,4347778,Baltimore,06:39 AM,07:31 PM,Navami upto 12:23 PM,Mrigashira upto 12:00 PM,Krishna Paksha,Shaniwara,Shravana,Simha,,True,,2026-09-03 04:55:00 PM,2026-09-04 02:43:00 PM,2026-09-03 02:59:00 PM,2026-09-04 01:34:00 PM,2026-09-03: Saptami upto 04:55 PM,2026-09-04: Ashtami upto 02:43 PM,2026-09-03: Krittika upto 02:59 PM,2026-09-04: Rohini upto 01:34 PM,2026-09-03 04:55:00 PM,2026-09-04 01:34:00 PM,2026-09-05 06:39:00 AM,2026-09-05 07:31:00 PM,2026-09-06 06:40:00 AM,2026-09-05,2026-09-06 01:05:30 AM,2026-09-06 12:41:30 AM,2026-09-06 01:29:30 AM,False,False,False,False,False,True,True,False,False,,,False,True,,,,,False,False,False,,,,False,20,1,ASHTAMI_ROHINI_OVERLAP_THEN_NEXT_NISHITA,False,,1,,
67,2026-09-06,True,Baltimore,Maryland,United States,America/New_York,4347778,Baltimore,06:40 AM,07:29 PM,Dashami upto 09:59 AM,Ardra upto 10:22 AM,Krishna Paksha,Raviwara,Shravana,Simha,,True,,2026-09-03 04:55:00 PM,2026-09-04 02:43:00 PM,2026-09-03 02:59:00 PM,2026-09-04 01:34:00 PM,2026-09-03: Saptami upto 04:55 PM,2026-09-04: Ashtami upto 02:43 PM,2026-09-03: Krittika upto 02:59 PM,2026-09-04: Rohini upto 01:34 PM,2026-09-03 04:55:00 PM,2026-09-04 01:34:00 PM,2026-09-06 06:40:00 AM,2026-09-06 07:29:00 PM,2026-09-07 06:41:00 AM,2026-09-06,2026-09-07 01:05:00 AM,2026-09-07 12:41:00 AM,2026-09-07 01:29:00 AM,False,False,False,False,False,True,True,False,False,,,False,True,,,,,False,False,False,,,,False,20,1,ASHTAMI_ROHINI_OVERLAP_THEN_NEXT_NISHITA,False,,1,,
68,2026-09-02,True,Philadelphia,Pennsylvania,United States,America/New_York,4560349,Philadelphia,06:30 AM,07:30 PM,Shashthi upto 06:56 PM,Bharani upto 04:13 PM,Krishna Paksha,Budhawara,Shravana,Simha,,True,,2026-09-03 04:55:00 PM,2026-09-04 02:43:00 PM,2026-09-03 02:59:00 PM,2026-09-04 01:34:00 PM,2026-09-03: Saptami upto 04:55 PM,2026-09-04: Ashtami upto 02:43 PM,2026-09-03: Krittika upto 02:59 PM,2026-09-04: Rohini upto 01:34 PM,2026-09-03 04:55:00 PM,2026-09-04 01:34:00 PM,2026-09-02 06:30:00 AM,2026-09-02 07:30:00 PM,2026-09-03 06:31:00 AM,2026-09-02,2026-09-03 01:00:30 AM,2026-09-03 12:36:30 AM,2026-09-03 01:24:30 AM,False,False,False,False,False,True,False,False,False,,,True,False,,,,,False,False,False,,,,True,999,0,ASHTAMI_ROHINI_OVERLAP_WAIT_FOR_NEXT_NISHITA,True,"Ashtami and Rohini overlap, but this night's Nishita is not inside the overlap and is not after the overlap has ended. The Puja belongs to the first Nishita after the joint overlap ends.",1,,
68,2026-09-03,True,Philadelphia,Pennsylvania,United States,America/New_York,4560349,Philadelphia,06:31 AM,07:29 PM,Saptami upto 04:55 PM,Krittika upto 02:59 PM,Krishna Paksha,Guruwara,Shravana,Simha,,True,,2026-09-03 04:55:00 PM,2026-09-04 02:43:00 PM,2026-09-03 02:59:00 PM,2026-09-04 01:34:00 PM,2026-09-03: Saptami upto 04:55 PM,2026-09-04: Ashtami upto 02:43 PM,2026-09-03: Krittika upto 02:59 PM,2026-09-04: Rohini upto 01:34 PM,2026-09-03 04:55:00 PM,2026-09-04 01:34:00 PM,2026-09-03 06:31:00 AM,2026-09-03 07:29:00 PM,2026-09-04 06:31:00 AM,2026-09-03,2026-09-04 01:00:00 AM,2026-09-04 12:36:00 AM,2026-09-04 01:24:00 AM,False,True,True,True,True,True,False,True,True,2026-09-04 12:36:00 AM,2026-09-04 01:24:00 AM,True,True,,,,,False,False,False,,,,False,10,1,ASHTAMI_ROHINI_AT_NISHITA,False,,1,1,Only one Nishita falls inside the Ashtami-Rohini joint overlap.
68,2026-09-04,True,Philadelphia,Pennsylvania,United States,America/New_York,4560349,Philadelphia,06:31 AM,07:27 PM,Ashtami upto 02:43 PM,Rohini upto 01:34 PM,Krishna Paksha,Shukrawara,Shravana,Simha,,True,,2026-09-03 04:55:00 PM,2026-09-04 02:43:00 PM,2026-09-03 02:59:00 PM,2026-09-04 01:34:00 PM,2026-09-03: Saptami upto 04:55 PM,2026-09-04: Ashtami upto 02:43 PM,2026-09-03: Krittika upto 02:59 PM,2026-09-04: Rohini upto 01:34 PM,2026-09-03 04:55:00 PM,2026-09-04 01:34:00 PM,2026-09-04 06:31:00 AM,2026-09-04 07:27:00 PM,2026-09-05 06:32:00 AM,2026-09-04,2026-09-05 12:59:30 AM,2026-09-05 12:35:30 AM,2026-09-05 01:23:30 AM,True,False,False,True,False,True,True,False,False,,,False,True,,,,,False,False,False,,,,False,20,1,ASHTAMI_ROHINI_OVERLAP_THEN_NEXT_NISHITA,False,,1,,
68,2026-09-05,True,Philadelphia,Pennsylvania,United States,America/New_York,4560349,Philadelphia,06:32 AM,07:26 PM,Navami upto 12:23 PM,Mrigashira upto 12:00 PM,Krishna Paksha,Shaniwara,Shravana,Simha,,True,,2026-09-03 04:55:00 PM,2026-09-04 02:43:00 PM,2026-09-03 02:59:00 PM,2026-09-04 01:34:00 PM,2026-09-03: Saptami upto 04:55 PM,2026-09-04: Ashtami upto 02:43 PM,2026-09-03: Krittika upto 02:59 PM,2026-09-04: Rohini upto 01:34 PM,2026-09-03 04:55:00 PM,2026-09-04 01:34:00 PM,2026-09-05 06:32:00 AM,2026-09-05 07:26:00 PM,2026-09-06 06:33:00 AM,2026-09-05,2026-09-06 12:59:30 AM,2026-09-06 12:35:30 AM,2026-09-06 01:23:30 AM,False,False,False,False,False,True,True,False,False,,,False,True,,,,,False,False,False,,,,False,20,1,ASHTAMI_ROHINI_OVERLAP_THEN_NEXT_NISHITA,False,,1,,
68,2026-09-06,True,Philadelphia,Pennsylvania,United States,America/New_York,4560349,Philadelphia,06:33 AM,07:24 PM,Dashami upto 09:59 AM,Ardra upto 10:22 AM,Krishna Paksha,Raviwara,Shravana,Simha,,True,,2026-09-03 04:55:00 PM,2026-09-04 02:43:00 PM,2026-09-03 02:59:00 PM,2026-09-04 01:34:00 PM,2026-09-03: Saptami upto 04:55 PM,2026-09-04: Ashtami upto 02:43 PM,2026-09-03: Krittika upto 02:59 PM,2026-09-04: Rohini upto 01:34 PM,2026-09-03 04:55:00 PM,2026-09-04 01:34:00 PM,2026-09-06 06:33:00 AM,2026-09-06 07:24:00 PM,2026-09-07 06:34:00 AM,2026-09-06,2026-09-07 12:59:00 AM,2026-09-07 12:35:00 AM,2026-09-07 01:23:00 AM,False,False,False,False,False,True,True,False,False,,,False,True,,,,,False,False,False,,,,False,20,1,ASHTAMI_ROHINI_OVERLAP_THEN_NEXT_NISHITA,False,,1,,
69,2026-09-02,True,New York,New York,United States,America/New_York,5128581,New York City,06:24 AM,07:27 PM,Shashthi upto 06:55 PM,Bharani upto 04:13 PM,Krishna Paksha,Budhawara,Shravana,Simha,,True,,2026-09-03 04:55:00 PM,2026-09-04 02:43:00 PM,2026-09-03 02:59:00 PM,2026-09-04 01:34:00 PM,2026-09-03: Saptami upto 04:55 PM,2026-09-04: Ashtami upto 02:43 PM,2026-09-03: Krittika upto 02:59 PM,2026-09-04: Rohini upto 01:34 PM,2026-09-03 04:55:00 PM,2026-09-04 01:34:00 PM,2026-09-02 06:24:00 AM,2026-09-02 07:27:00 PM,2026-09-03 06:25:00 AM,2026-09-02,2026-09-03 12:56:00 AM,2026-09-03 12:32:00 AM,2026-09-03 01:20:00 AM,False,False,False,False,False,True,False,False,False,,,True,False,,,,,False,False,False,,,,True,999,0,ASHTAMI_ROHINI_OVERLAP_WAIT_FOR_NEXT_NISHITA,True,"Ashtami and Rohini overlap, but this night's Nishita is not inside the overlap and is not after the overlap has ended. The Puja belongs to the first Nishita after the joint overlap ends.",1,,
69,2026-09-03,True,New York,New York,United States,America/New_York,5128581,New York City,06:25 AM,07:25 PM,Saptami upto 04:55 PM,Krittika upto 02:59 PM,Krishna Paksha,Guruwara,Shravana,Simha,,True,,2026-09-03 04:55:00 PM,2026-09-04 02:43:00 PM,2026-09-03 02:59:00 PM,2026-09-04 01:34:00 PM,2026-09-03: Saptami upto 04:55 PM,2026-09-04: Ashtami upto 02:43 PM,2026-09-03: Krittika upto 02:59 PM,2026-09-04: Rohini upto 01:34 PM,2026-09-03 04:55:00 PM,2026-09-04 01:34:00 PM,2026-09-03 06:25:00 AM,2026-09-03 07:25:00 PM,2026-09-04 06:26:00 AM,2026-09-03,2026-09-04 12:55:30 AM,2026-09-04 12:31:30 AM,2026-09-04 01:19:30 AM,False,True,True,True,True,True,False,True,True,2026-09-04 12:31:30 AM,2026-09-04 01:19:30 AM,True,True,,,,,False,False,False,,,,False,10,1,ASHTAMI_ROHINI_AT_NISHITA,False,,1,1,Only one Nishita falls inside the Ashtami-Rohini joint overlap.
69,2026-09-04,True,New York,New York,United States,America/New_York,5128581,New York City,06:26 AM,07:23 PM,Ashtami upto 02:43 PM,Rohini upto 01:34 PM,Krishna Paksha,Shukrawara,Shravana,Simha,,True,,2026-09-03 04:55:00 PM,2026-09-04 02:43:00 PM,2026-09-03 02:59:00 PM,2026-09-04 01:34:00 PM,2026-09-03: Saptami upto 04:55 PM,2026-09-04: Ashtami upto 02:43 PM,2026-09-03: Krittika upto 02:59 PM,2026-09-04: Rohini upto 01:34 PM,2026-09-03 04:55:00 PM,2026-09-04 01:34:00 PM,2026-09-04 06:26:00 AM,2026-09-04 07:23:00 PM,2026-09-05 06:27:00 AM,2026-09-04,2026-09-05 12:55:00 AM,2026-09-05 12:31:00 AM,2026-09-05 01:19:00 AM,True,False,False,True,False,True,True,False,False,,,False,True,,,,,False,False,False,,,,False,20,1,ASHTAMI_ROHINI_OVERLAP_THEN_NEXT_NISHITA,False,,1,,
69,2026-09-05,True,New York,New York,United States,America/New_York,5128581,New York City,06:27 AM,07:22 PM,Navami upto 12:23 PM,Mrigashira upto 12:00 PM,Krishna Paksha,Shaniwara,Shravana,Simha,,True,,2026-09-03 04:55:00 PM,2026-09-04 02:43:00 PM,2026-09-03 02:59:00 PM,2026-09-04 01:34:00 PM,2026-09-03: Saptami upto 04:55 PM,2026-09-04: Ashtami upto 02:43 PM,2026-09-03: Krittika upto 02:59 PM,2026-09-04: Rohini upto 01:34 PM,2026-09-03 04:55:00 PM,2026-09-04 01:34:00 PM,2026-09-05 06:27:00 AM,2026-09-05 07:22:00 PM,2026-09-06 06:28:00 AM,2026-09-05,2026-09-06 12:55:00 AM,2026-09-06 12:31:00 AM,2026-09-06 01:19:00 AM,False,False,False,False,False,True,True,False,False,,,False,True,,,,,False,False,False,,,,False,20,1,ASHTAMI_ROHINI_OVERLAP_THEN_NEXT_NISHITA,False,,1,,
69,2026-09-06,True,New York,New York,United States,America/New_York,5128581,New York City,06:28 AM,07:20 PM,Dashami upto 09:59 AM,Ardra upto 10:22 AM,Krishna Paksha,Raviwara,Shravana,Simha,,True,,2026-09-03 04:55:00 PM,2026-09-04 02:43:00 PM,2026-09-03 02:59:00 PM,2026-09-04 01:34:00 PM,2026-09-03: Saptami upto 04:55 PM,2026-09-04: Ashtami upto 02:43 PM,2026-09-03: Krittika upto 02:59 PM,2026-09-04: Rohini upto 01:34 PM,2026-09-03 04:55:00 PM,2026-09-04 01:34:00 PM,2026-09-06 06:28:00 AM,2026-09-06 07:20:00 PM,2026-09-07 06:29:00 AM,2026-09-06,2026-09-07 12:54:30 AM,2026-09-07 12:30:30 AM,2026-09-07 01:18:30 AM,False,False,False,False,False,True,True,False,False,,,False,True,,,,,False,False,False,,,,False,20,1,ASHTAMI_ROHINI_OVERLAP_THEN_NEXT_NISHITA,False,,1,,
70,2026-09-02,True,New Jersey,New Jersey,United States,America/New_York,5099836,New Jersey,06:24 AM,07:27 PM,Shashthi upto 06:55 PM,Bharani upto 04:13 PM,Krishna Paksha,Budhawara,Shravana,Simha,,True,,2026-09-03 04:55:00 PM,2026-09-04 02:43:00 PM,2026-09-03 02:59:00 PM,2026-09-04 01:34:00 PM,2026-09-03: Saptami upto 04:55 PM,2026-09-04: Ashtami upto 02:43 PM,2026-09-03: Krittika upto 02:59 PM,2026-09-04: Rohini upto 01:34 PM,2026-09-03 04:55:00 PM,2026-09-04 01:34:00 PM,2026-09-02 06:24:00 AM,2026-09-02 07:27:00 PM,2026-09-03 06:25:00 AM,2026-09-02,2026-09-03 12:56:00 AM,2026-09-03 12:32:00 AM,2026-09-03 01:20:00 AM,False,False,False,False,False,True,False,False,False,,,True,False,,,,,False,False,False,,,,True,999,0,ASHTAMI_ROHINI_OVERLAP_WAIT_FOR_NEXT_NISHITA,True,"Ashtami and Rohini overlap, but this night's Nishita is not inside the overlap and is not after the overlap has ended. The Puja belongs to the first Nishita after the joint overlap ends.",1,,
70,2026-09-03,True,New Jersey,New Jersey,United States,America/New_York,5099836,New Jersey,06:25 AM,07:25 PM,Saptami upto 04:55 PM,Krittika upto 02:59 PM,Krishna Paksha,Guruwara,Shravana,Simha,,True,,2026-09-03 04:55:00 PM,2026-09-04 02:43:00 PM,2026-09-03 02:59:00 PM,2026-09-04 01:34:00 PM,2026-09-03: Saptami upto 04:55 PM,2026-09-04: Ashtami upto 02:43 PM,2026-09-03: Krittika upto 02:59 PM,2026-09-04: Rohini upto 01:34 PM,2026-09-03 04:55:00 PM,2026-09-04 01:34:00 PM,2026-09-03 06:25:00 AM,2026-09-03 07:25:00 PM,2026-09-04 06:26:00 AM,2026-09-03,2026-09-04 12:55:30 AM,2026-09-04 12:31:30 AM,2026-09-04 01:19:30 AM,False,True,True,True,True,True,False,True,True,2026-09-04 12:31:30 AM,2026-09-04 01:19:30 AM,True,True,,,,,False,False,False,,,,False,10,1,ASHTAMI_ROHINI_AT_NISHITA,False,,1,1,Only one Nishita falls inside the Ashtami-Rohini joint overlap.
70,2026-09-04,True,New Jersey,New Jersey,United States,America/New_York,5099836,New Jersey,06:26 AM,07:24 PM,Ashtami upto 02:43 PM,Rohini upto 01:34 PM,Krishna Paksha,Shukrawara,Shravana,Simha,,True,,2026-09-03 04:55:00 PM,2026-09-04 02:43:00 PM,2026-09-03 02:59:00 PM,2026-09-04 01:34:00 PM,2026-09-03: Saptami upto 04:55 PM,2026-09-04: Ashtami upto 02:43 PM,2026-09-03: Krittika upto 02:59 PM,2026-09-04: Rohini upto 01:34 PM,2026-09-03 04:55:00 PM,2026-09-04 01:34:00 PM,2026-09-04 06:26:00 AM,2026-09-04 07:24:00 PM,2026-09-05 06:27:00 AM,2026-09-04,2026-09-05 12:55:30 AM,2026-09-05 12:31:30 AM,2026-09-05 01:19:30 AM,True,False,False,True,False,True,True,False,False,,,False,True,,,,,False,False,False,,,,False,20,1,ASHTAMI_ROHINI_OVERLAP_THEN_NEXT_NISHITA,False,,1,,
70,2026-09-05,True,New Jersey,New Jersey,United States,America/New_York,5099836,New Jersey,06:27 AM,07:22 PM,Navami upto 12:23 PM,Mrigashira upto 12:00 PM,Krishna Paksha,Shaniwara,Shravana,Simha,,True,,2026-09-03 04:55:00 PM,2026-09-04 02:43:00 PM,2026-09-03 02:59:00 PM,2026-09-04 01:34:00 PM,2026-09-03: Saptami upto 04:55 PM,2026-09-04: Ashtami upto 02:43 PM,2026-09-03: Krittika upto 02:59 PM,2026-09-04: Rohini upto 01:34 PM,2026-09-03 04:55:00 PM,2026-09-04 01:34:00 PM,2026-09-05 06:27:00 AM,2026-09-05 07:22:00 PM,2026-09-06 06:28:00 AM,2026-09-05,2026-09-06 12:55:00 AM,2026-09-06 12:31:00 AM,2026-09-06 01:19:00 AM,False,False,False,False,False,True,True,False,False,,,False,True,,,,,False,False,False,,,,False,20,1,ASHTAMI_ROHINI_OVERLAP_THEN_NEXT_NISHITA,False,,1,,
70,2026-09-06,True,New Jersey,New Jersey,United States,America/New_York,5099836,New Jersey,06:28 AM,07:20 PM,Dashami upto 09:59 AM,Ardra upto 10:22 AM,Krishna Paksha,Raviwara,Shravana,Simha,,True,,2026-09-03 04:55:00 PM,2026-09-04 02:43:00 PM,2026-09-03 02:59:00 PM,2026-09-04 01:34:00 PM,2026-09-03: Saptami upto 04:55 PM,2026-09-04: Ashtami upto 02:43 PM,2026-09-03: Krittika upto 02:59 PM,2026-09-04: Rohini upto 01:34 PM,2026-09-03 04:55:00 PM,2026-09-04 01:34:00 PM,2026-09-06 06:28:00 AM,2026-09-06 07:20:00 PM,2026-09-07 06:29:00 AM,2026-09-06,2026-09-07 12:54:30 AM,2026-09-07 12:30:30 AM,2026-09-07 01:18:30 AM,False,False,False,False,False,True,True,False,False,,,False,True,,,,,False,False,False,,,,False,20,1,ASHTAMI_ROHINI_OVERLAP_THEN_NEXT_NISHITA,False,,1,,
71,2026-09-02,True,Buffalo,New York,United States,America/New_York,5110629,Buffalo,06:41 AM,07:48 PM,Shashthi upto 06:56 PM,Bharani upto 04:13 PM,Krishna Paksha,Budhawara,Shravana,Simha,,True,,2026-09-03 04:55:00 PM,2026-09-04 02:43:00 PM,2026-09-03 02:59:00 PM,2026-09-04 01:34:00 PM,2026-09-03: Saptami upto 04:55 PM,2026-09-04: Ashtami upto 02:43 PM,2026-09-03: Krittika upto 02:59 PM,2026-09-04: Rohini upto 01:34 PM,2026-09-03 04:55:00 PM,2026-09-04 01:34:00 PM,2026-09-02 06:41:00 AM,2026-09-02 07:48:00 PM,2026-09-03 06:42:00 AM,2026-09-02,2026-09-03 01:15:00 AM,2026-09-03 12:51:00 AM,2026-09-03 01:39:00 AM,False,False,False,False,False,True,False,False,False,,,True,False,,,,,False,False,False,,,,True,999,0,ASHTAMI_ROHINI_OVERLAP_WAIT_FOR_NEXT_NISHITA,True,"Ashtami and Rohini overlap, but this night's Nishita is not inside the overlap and is not after the overlap has ended. The Puja belongs to the first Nishita after the joint overlap ends.",1,,
71,2026-09-03,True,Buffalo,New York,United States,America/New_York,5110629,Buffalo,06:42 AM,07:47 PM,Saptami upto 04:55 PM,Krittika upto 02:59 PM,Krishna Paksha,Guruwara,Shravana,Simha,,True,,2026-09-03 04:55:00 PM,2026-09-04 02:43:00 PM,2026-09-03 02:59:00 PM,2026-09-04 01:34:00 PM,2026-09-03: Saptami upto 04:55 PM,2026-09-04: Ashtami upto 02:43 PM,2026-09-03: Krittika upto 02:59 PM,2026-09-04: Rohini upto 01:34 PM,2026-09-03 04:55:00 PM,2026-09-04 01:34:00 PM,2026-09-03 06:42:00 AM,2026-09-03 07:47:00 PM,2026-09-04 06:44:00 AM,2026-09-03,2026-09-04 01:15:30 AM,2026-09-04 12:51:30 AM,2026-09-04 01:39:30 AM,False,True,True,True,True,True,False,True,True,2026-09-04 12:51:30 AM,2026-09-04 01:39:30 AM,True,True,,,,,False,False,False,,,,False,10,1,ASHTAMI_ROHINI_AT_NISHITA,False,,1,1,Only one Nishita falls inside the Ashtami-Rohini joint overlap.
71,2026-09-04,True,Buffalo,New York,United States,America/New_York,5110629,Buffalo,06:44 AM,07:45 PM,Ashtami upto 02:43 PM,Rohini upto 01:34 PM,Krishna Paksha,Shukrawara,Shravana,Simha,,True,,2026-09-03 04:55:00 PM,2026-09-04 02:43:00 PM,2026-09-03 02:59:00 PM,2026-09-04 01:34:00 PM,2026-09-03: Saptami upto 04:55 PM,2026-09-04: Ashtami upto 02:43 PM,2026-09-03: Krittika upto 02:59 PM,2026-09-04: Rohini upto 01:34 PM,2026-09-03 04:55:00 PM,2026-09-04 01:34:00 PM,2026-09-04 06:44:00 AM,2026-09-04 07:45:00 PM,2026-09-05 06:45:00 AM,2026-09-04,2026-09-05 01:15:00 AM,2026-09-05 12:51:00 AM,2026-09-05 01:39:00 AM,True,False,False,True,False,True,True,False,False,,,False,True,,,,,False,False,False,,,,False,20,1,ASHTAMI_ROHINI_OVERLAP_THEN_NEXT_NISHITA,False,,1,,
71,2026-09-05,True,Buffalo,New York,United States,America/New_York,5110629,Buffalo,06:45 AM,07:43 PM,Navami upto 12:23 PM,Mrigashira upto 12:00 PM,Krishna Paksha,Shaniwara,Shravana,Simha,,True,,2026-09-03 04:55:00 PM,2026-09-04 02:43:00 PM,2026-09-03 02:59:00 PM,2026-09-04 01:34:00 PM,2026-09-03: Saptami upto 04:55 PM,2026-09-04: Ashtami upto 02:43 PM,2026-09-03: Krittika upto 02:59 PM,2026-09-04: Rohini upto 01:34 PM,2026-09-03 04:55:00 PM,2026-09-04 01:34:00 PM,2026-09-05 06:45:00 AM,2026-09-05 07:43:00 PM,2026-09-06 06:46:00 AM,2026-09-05,2026-09-06 01:14:30 AM,2026-09-06 12:50:30 AM,2026-09-06 01:38:30 AM,False,False,False,False,False,True,True,False,False,,,False,True,,,,,False,False,False,,,,False,20,1,ASHTAMI_ROHINI_OVERLAP_THEN_NEXT_NISHITA,False,,1,,
71,2026-09-06,True,Buffalo,New York,United States,America/New_York,5110629,Buffalo,06:46 AM,07:41 PM,Dashami upto 09:59 AM,Ardra upto 10:22 AM,Krishna Paksha,Raviwara,Shravana,Simha,,True,,2026-09-03 04:55:00 PM,2026-09-04 02:43:00 PM,2026-09-03 02:59:00 PM,2026-09-04 01:34:00 PM,2026-09-03: Saptami upto 04:55 PM,2026-09-04: Ashtami upto 02:43 PM,2026-09-03: Krittika upto 02:59 PM,2026-09-04: Rohini upto 01:34 PM,2026-09-03 04:55:00 PM,2026-09-04 01:34:00 PM,2026-09-06 06:46:00 AM,2026-09-06 07:41:00 PM,2026-09-07 06:47:00 AM,2026-09-06,2026-09-07 01:14:00 AM,2026-09-07 12:50:00 AM,2026-09-07 01:38:00 AM,False,False,False,False,False,True,True,False,False,,,False,True,,,,,False,False,False,,,,False,20,1,ASHTAMI_ROHINI_OVERLAP_THEN_NEXT_NISHITA,False,,1,,
72,2026-09-02,True,Cleveland,Ohio,United States,America/New_York,5150529,Cleveland,06:54 AM,07:58 PM,Shashthi upto 06:55 PM,Bharani upto 04:13 PM,Krishna Paksha,Budhawara,Shravana,Simha,,True,,2026-09-03 04:55:00 PM,2026-09-04 02:43:00 PM,2026-09-03 02:59:00 PM,2026-09-04 01:34:00 PM,2026-09-03: Saptami upto 04:55 PM,2026-09-04: Ashtami upto 02:43 PM,2026-09-03: Krittika upto 02:59 PM,2026-09-04: Rohini upto 01:34 PM,2026-09-03 04:55:00 PM,2026-09-04 01:34:00 PM,2026-09-02 06:54:00 AM,2026-09-02 07:58:00 PM,2026-09-03 06:55:00 AM,2026-09-02,2026-09-03 01:26:30 AM,2026-09-03 01:02:30 AM,2026-09-03 01:50:30 AM,False,False,False,False,False,True,False,False,False,,,True,False,,,,,False,False,False,,,,True,999,0,ASHTAMI_ROHINI_OVERLAP_WAIT_FOR_NEXT_NISHITA,True,"Ashtami and Rohini overlap, but this night's Nishita is not inside the overlap and is not after the overlap has ended. The Puja belongs to the first Nishita after the joint overlap ends.",1,,
72,2026-09-03,True,Cleveland,Ohio,United States,America/New_York,5150529,Cleveland,06:55 AM,07:56 PM,Saptami upto 04:55 PM,Krittika upto 02:59 PM,Krishna Paksha,Guruwara,Shravana,Simha,,True,,2026-09-03 04:55:00 PM,2026-09-04 02:43:00 PM,2026-09-03 02:59:00 PM,2026-09-04 01:34:00 PM,2026-09-03: Saptami upto 04:55 PM,2026-09-04: Ashtami upto 02:43 PM,2026-09-03: Krittika upto 02:59 PM,2026-09-04: Rohini upto 01:34 PM,2026-09-03 04:55:00 PM,2026-09-04 01:34:00 PM,2026-09-03 06:55:00 AM,2026-09-03 07:56:00 PM,2026-09-04 06:56:00 AM,2026-09-03,2026-09-04 01:26:00 AM,2026-09-04 01:02:00 AM,2026-09-04 01:50:00 AM,False,True,True,True,True,True,False,True,True,2026-09-04 01:02:00 AM,2026-09-04 01:50:00 AM,True,True,,,,,False,False,False,,,,False,10,1,ASHTAMI_ROHINI_AT_NISHITA,False,,1,1,Only one Nishita falls inside the Ashtami-Rohini joint overlap.
72,2026-09-04,True,Cleveland,Ohio,United States,America/New_York,5150529,Cleveland,06:56 AM,07:55 PM,Ashtami upto 02:43 PM,Rohini upto 01:34 PM,Krishna Paksha,Shukrawara,Shravana,Simha,,True,,2026-09-03 04:55:00 PM,2026-09-04 02:43:00 PM,2026-09-03 02:59:00 PM,2026-09-04 01:34:00 PM,2026-09-03: Saptami upto 04:55 PM,2026-09-04: Ashtami upto 02:43 PM,2026-09-03: Krittika upto 02:59 PM,2026-09-04: Rohini upto 01:34 PM,2026-09-03 04:55:00 PM,2026-09-04 01:34:00 PM,2026-09-04 06:56:00 AM,2026-09-04 07:55:00 PM,2026-09-05 06:57:00 AM,2026-09-04,2026-09-05 01:26:00 AM,2026-09-05 01:02:00 AM,2026-09-05 01:50:00 AM,True,False,False,True,False,True,True,False,False,,,False,True,,,,,False,False,False,,,,False,20,1,ASHTAMI_ROHINI_OVERLAP_THEN_NEXT_NISHITA,False,,1,,
72,2026-09-05,True,Cleveland,Ohio,United States,America/New_York,5150529,Cleveland,06:57 AM,07:53 PM,Navami upto 12:23 PM,Mrigashira upto 12:00 PM,Krishna Paksha,Shaniwara,Shravana,Simha,,True,,2026-09-03 04:55:00 PM,2026-09-04 02:43:00 PM,2026-09-03 02:59:00 PM,2026-09-04 01:34:00 PM,2026-09-03: Saptami upto 04:55 PM,2026-09-04: Ashtami upto 02:43 PM,2026-09-03: Krittika upto 02:59 PM,2026-09-04: Rohini upto 01:34 PM,2026-09-03 04:55:00 PM,2026-09-04 01:34:00 PM,2026-09-05 06:57:00 AM,2026-09-05 07:53:00 PM,2026-09-06 06:58:00 AM,2026-09-05,2026-09-06 01:25:30 AM,2026-09-06 01:01:30 AM,2026-09-06 01:49:30 AM,False,False,False,False,False,True,True,False,False,,,False,True,,,,,False,False,False,,,,False,20,1,ASHTAMI_ROHINI_OVERLAP_THEN_NEXT_NISHITA,False,,1,,
72,2026-09-06,True,Cleveland,Ohio,United States,America/New_York,5150529,Cleveland,06:58 AM,07:51 PM,Dashami upto 09:59 AM,Ardra upto 10:22 AM,Krishna Paksha,Raviwara,Shravana,Simha,,True,,2026-09-03 04:55:00 PM,2026-09-04 02:43:00 PM,2026-09-03 02:59:00 PM,2026-09-04 01:34:00 PM,2026-09-03: Saptami upto 04:55 PM,2026-09-04: Ashtami upto 02:43 PM,2026-09-03: Krittika upto 02:59 PM,2026-09-04: Rohini upto 01:34 PM,2026-09-03 04:55:00 PM,2026-09-04 01:34:00 PM,2026-09-06 06:58:00 AM,2026-09-06 07:51:00 PM,2026-09-07 06:59:00 AM,2026-09-06,2026-09-07 01:25:00 AM,2026-09-07 01:01:00 AM,2026-09-07 01:49:00 AM,False,False,False,False,False,True,True,False,False,,,False,True,,,,,False,False,False,,,,False,20,1,ASHTAMI_ROHINI_OVERLAP_THEN_NEXT_NISHITA,False,,1,,
73,2026-09-02,True,Columbus,Ohio,United States,America/New_York,4509177,Columbus,07:01 AM,08:02 PM,Shashthi upto 06:55 PM,Bharani upto 04:13 PM,Krishna Paksha,Budhawara,Shravana,Simha,,True,,2026-09-03 04:55:00 PM,2026-09-04 02:43:00 PM,2026-09-03 02:59:00 PM,2026-09-04 01:34:00 PM,2026-09-03: Saptami upto 04:55 PM,2026-09-04: Ashtami upto 02:43 PM,2026-09-03: Krittika upto 02:59 PM,2026-09-04: Rohini upto 01:34 PM,2026-09-03 04:55:00 PM,2026-09-04 01:34:00 PM,2026-09-02 07:01:00 AM,2026-09-02 08:02:00 PM,2026-09-03 07:02:00 AM,2026-09-02,2026-09-03 01:32:00 AM,2026-09-03 01:08:00 AM,2026-09-03 01:56:00 AM,False,False,False,False,False,True,False,False,False,,,True,False,,,,,False,False,False,,,,True,999,0,ASHTAMI_ROHINI_OVERLAP_WAIT_FOR_NEXT_NISHITA,True,"Ashtami and Rohini overlap, but this night's Nishita is not inside the overlap and is not after the overlap has ended. The Puja belongs to the first Nishita after the joint overlap ends.",1,,
73,2026-09-03,True,Columbus,Ohio,United States,America/New_York,4509177,Columbus,07:02 AM,08:00 PM,Saptami upto 04:55 PM,Krittika upto 02:59 PM,Krishna Paksha,Guruwara,Shravana,Simha,,True,,2026-09-03 04:55:00 PM,2026-09-04 02:43:00 PM,2026-09-03 02:59:00 PM,2026-09-04 01:34:00 PM,2026-09-03: Saptami upto 04:55 PM,2026-09-04: Ashtami upto 02:43 PM,2026-09-03: Krittika upto 02:59 PM,2026-09-04: Rohini upto 01:34 PM,2026-09-03 04:55:00 PM,2026-09-04 01:34:00 PM,2026-09-03 07:02:00 AM,2026-09-03 08:00:00 PM,2026-09-04 07:03:00 AM,2026-09-03,2026-09-04 01:31:30 AM,2026-09-04 01:07:30 AM,2026-09-04 01:55:30 AM,False,True,True,True,True,True,False,True,True,2026-09-04 01:07:30 AM,2026-09-04 01:55:30 AM,True,True,,,,,False,False,False,,,,False,10,1,ASHTAMI_ROHINI_AT_NISHITA,False,,1,1,Only one Nishita falls inside the Ashtami-Rohini joint overlap.
73,2026-09-04,True,Columbus,Ohio,United States,America/New_York,4509177,Columbus,07:03 AM,07:59 PM,Ashtami upto 02:43 PM,Rohini upto 01:34 PM,Krishna Paksha,Shukrawara,Shravana,Simha,,True,,2026-09-03 04:55:00 PM,2026-09-04 02:43:00 PM,2026-09-03 02:59:00 PM,2026-09-04 01:34:00 PM,2026-09-03: Saptami upto 04:55 PM,2026-09-04: Ashtami upto 02:43 PM,2026-09-03: Krittika upto 02:59 PM,2026-09-04: Rohini upto 01:34 PM,2026-09-03 04:55:00 PM,2026-09-04 01:34:00 PM,2026-09-04 07:03:00 AM,2026-09-04 07:59:00 PM,2026-09-05 07:04:00 AM,2026-09-04,2026-09-05 01:31:30 AM,2026-09-05 01:07:30 AM,2026-09-05 01:55:30 AM,True,False,False,True,False,True,True,False,False,,,False,True,,,,,False,False,False,,,,False,20,1,ASHTAMI_ROHINI_OVERLAP_THEN_NEXT_NISHITA,False,,1,,
73,2026-09-05,True,Columbus,Ohio,United States,America/New_York,4509177,Columbus,07:04 AM,07:57 PM,Navami upto 12:23 PM,Mrigashira upto 12:00 PM,Krishna Paksha,Shaniwara,Shravana,Simha,,True,,2026-09-03 04:55:00 PM,2026-09-04 02:43:00 PM,2026-09-03 02:59:00 PM,2026-09-04 01:34:00 PM,2026-09-03: Saptami upto 04:55 PM,2026-09-04: Ashtami upto 02:43 PM,2026-09-03: Krittika upto 02:59 PM,2026-09-04: Rohini upto 01:34 PM,2026-09-03 04:55:00 PM,2026-09-04 01:34:00 PM,2026-09-05 07:04:00 AM,2026-09-05 07:57:00 PM,2026-09-06 07:05:00 AM,2026-09-05,2026-09-06 01:31:00 AM,2026-09-06 01:07:00 AM,2026-09-06 01:55:00 AM,False,False,False,False,False,True,True,False,False,,,False,True,,,,,False,False,False,,,,False,20,1,ASHTAMI_ROHINI_OVERLAP_THEN_NEXT_NISHITA,False,,1,,
73,2026-09-06,True,Columbus,Ohio,United States,America/New_York,4509177,Columbus,07:05 AM,07:55 PM,Dashami upto 09:59 AM,Ardra upto 10:22 AM,Krishna Paksha,Raviwara,Shravana,Simha,,True,,2026-09-03 04:55:00 PM,2026-09-04 02:43:00 PM,2026-09-03 02:59:00 PM,2026-09-04 01:34:00 PM,2026-09-03: Saptami upto 04:55 PM,2026-09-04: Ashtami upto 02:43 PM,2026-09-03: Krittika upto 02:59 PM,2026-09-04: Rohini upto 01:34 PM,2026-09-03 04:55:00 PM,2026-09-04 01:34:00 PM,2026-09-06 07:05:00 AM,2026-09-06 07:55:00 PM,2026-09-07 07:06:00 AM,2026-09-06,2026-09-07 01:30:30 AM,2026-09-07 01:06:30 AM,2026-09-07 01:54:30 AM,False,False,False,False,False,True,True,False,False,,,False,True,,,,,False,False,False,,,,False,20,1,ASHTAMI_ROHINI_OVERLAP_THEN_NEXT_NISHITA,False,,1,,
74,2026-09-02,True,Cincinnati,Ohio,United States,America/New_York,4508722,Cincinnati,07:08 AM,08:07 PM,Shashthi upto 06:55 PM,Bharani upto 04:13 PM,Krishna Paksha,Budhawara,Shravana,Simha,,True,,2026-09-03 04:55:00 PM,2026-09-04 02:43:00 PM,2026-09-03 02:59:00 PM,2026-09-04 01:34:00 PM,2026-09-03: Saptami upto 04:55 PM,2026-09-04: Ashtami upto 02:43 PM,2026-09-03: Krittika upto 02:59 PM,2026-09-04: Rohini upto 01:34 PM,2026-09-03 04:55:00 PM,2026-09-04 01:34:00 PM,2026-09-02 07:08:00 AM,2026-09-02 08:07:00 PM,2026-09-03 07:09:00 AM,2026-09-02,2026-09-03 01:38:00 AM,2026-09-03 01:14:00 AM,2026-09-03 02:02:00 AM,False,False,False,False,False,True,False,False,False,,,True,False,,,,,False,False,False,,,,True,999,0,ASHTAMI_ROHINI_OVERLAP_WAIT_FOR_NEXT_NISHITA,True,"Ashtami and Rohini overlap, but this night's Nishita is not inside the overlap and is not after the overlap has ended. The Puja belongs to the first Nishita after the joint overlap ends.",1,,
74,2026-09-03,True,Cincinnati,Ohio,United States,America/New_York,4508722,Cincinnati,07:09 AM,08:05 PM,Saptami upto 04:55 PM,Krittika upto 02:59 PM,Krishna Paksha,Guruwara,Shravana,Simha,,True,,2026-09-03 04:55:00 PM,2026-09-04 02:43:00 PM,2026-09-03 02:59:00 PM,2026-09-04 01:34:00 PM,2026-09-03: Saptami upto 04:55 PM,2026-09-04: Ashtami upto 02:43 PM,2026-09-03: Krittika upto 02:59 PM,2026-09-04: Rohini upto 01:34 PM,2026-09-03 04:55:00 PM,2026-09-04 01:34:00 PM,2026-09-03 07:09:00 AM,2026-09-03 08:05:00 PM,2026-09-04 07:10:00 AM,2026-09-03,2026-09-04 01:37:30 AM,2026-09-04 01:13:30 AM,2026-09-04 02:01:30 AM,False,True,True,True,True,True,False,True,True,2026-09-04 01:13:30 AM,2026-09-04 02:01:30 AM,True,True,,,,,False,False,False,,,,False,10,1,ASHTAMI_ROHINI_AT_NISHITA,False,,1,1,Only one Nishita falls inside the Ashtami-Rohini joint overlap.
74,2026-09-04,True,Cincinnati,Ohio,United States,America/New_York,4508722,Cincinnati,07:10 AM,08:04 PM,Ashtami upto 02:43 PM,Rohini upto 01:34 PM,Krishna Paksha,Shukrawara,Shravana,Simha,,True,,2026-09-03 04:55:00 PM,2026-09-04 02:43:00 PM,2026-09-03 02:59:00 PM,2026-09-04 01:34:00 PM,2026-09-03: Saptami upto 04:55 PM,2026-09-04: Ashtami upto 02:43 PM,2026-09-03: Krittika upto 02:59 PM,2026-09-04: Rohini upto 01:34 PM,2026-09-03 04:55:00 PM,2026-09-04 01:34:00 PM,2026-09-04 07:10:00 AM,2026-09-04 08:04:00 PM,2026-09-05 07:11:00 AM,2026-09-04,2026-09-05 01:37:30 AM,2026-09-05 01:13:30 AM,2026-09-05 02:01:30 AM,True,False,False,True,False,True,True,False,False,,,False,True,,,,,False,False,False,,,,False,20,1,ASHTAMI_ROHINI_OVERLAP_THEN_NEXT_NISHITA,False,,1,,
74,2026-09-05,True,Cincinnati,Ohio,United States,America/New_York,4508722,Cincinnati,07:11 AM,08:02 PM,Navami upto 12:23 PM,Mrigashira upto 12:00 PM,Krishna Paksha,Shaniwara,Shravana,Simha,,True,,2026-09-03 04:55:00 PM,2026-09-04 02:43:00 PM,2026-09-03 02:59:00 PM,2026-09-04 01:34:00 PM,2026-09-03: Saptami upto 04:55 PM,2026-09-04: Ashtami upto 02:43 PM,2026-09-03: Krittika upto 02:59 PM,2026-09-04: Rohini upto 01:34 PM,2026-09-03 04:55:00 PM,2026-09-04 01:34:00 PM,2026-09-05 07:11:00 AM,2026-09-05 08:02:00 PM,2026-09-06 07:11:00 AM,2026-09-05,2026-09-06 01:36:30 AM,2026-09-06 01:12:30 AM,2026-09-06 02:00:30 AM,False,False,False,False,False,True,True,False,False,,,False,True,,,,,False,False,False,,,,False,20,1,ASHTAMI_ROHINI_OVERLAP_THEN_NEXT_NISHITA,False,,1,,
74,2026-09-06,True,Cincinnati,Ohio,United States,America/New_York,4508722,Cincinnati,07:11 AM,08:01 PM,Dashami upto 09:59 AM,Ardra upto 10:22 AM,Krishna Paksha,Raviwara,Shravana,Simha,,True,,2026-09-03 04:55:00 PM,2026-09-04 02:43:00 PM,2026-09-03 02:59:00 PM,2026-09-04 01:34:00 PM,2026-09-03: Saptami upto 04:55 PM,2026-09-04: Ashtami upto 02:43 PM,2026-09-03: Krittika upto 02:59 PM,2026-09-04: Rohini upto 01:34 PM,2026-09-03 04:55:00 PM,2026-09-04 01:34:00 PM,2026-09-06 07:11:00 AM,2026-09-06 08:01:00 PM,2026-09-07 07:12:00 AM,2026-09-06,2026-09-07 01:36:30 AM,2026-09-07 01:12:30 AM,2026-09-07 02:00:30 AM,False,False,False,False,False,True,True,False,False,,,False,True,,,,,False,False,False,,,,False,20,1,ASHTAMI_ROHINI_OVERLAP_THEN_NEXT_NISHITA,False,,1,,
75,2026-09-02,True,Knoxville,Tennessee,United States,America/New_York,4634946,Knoxville,07:08 AM,08:02 PM,Shashthi upto 06:55 PM,Bharani upto 04:13 PM,Krishna Paksha,Budhawara,Shravana,Simha,,True,,2026-09-03 04:55:00 PM,2026-09-04 02:43:00 PM,2026-09-03 02:59:00 PM,2026-09-04 01:34:00 PM,2026-09-03: Saptami upto 04:55 PM,2026-09-04: Ashtami upto 02:43 PM,2026-09-03: Krittika upto 02:59 PM,2026-09-04: Rohini upto 01:34 PM,2026-09-03 04:55:00 PM,2026-09-04 01:34:00 PM,2026-09-02 07:08:00 AM,2026-09-02 08:02:00 PM,2026-09-03 07:09:00 AM,2026-09-02,2026-09-03 01:35:30 AM,2026-09-03 01:11:30 AM,2026-09-03 01:59:30 AM,False,False,False,False,False,True,False,False,False,,,True,False,,,,,False,False,False,,,,True,999,0,ASHTAMI_ROHINI_OVERLAP_WAIT_FOR_NEXT_NISHITA,True,"Ashtami and Rohini overlap, but this night's Nishita is not inside the overlap and is not after the overlap has ended. The Puja belongs to the first Nishita after the joint overlap ends.",1,,
75,2026-09-03,True,Knoxville,Tennessee,United States,America/New_York,4634946,Knoxville,07:09 AM,08:00 PM,Saptami upto 04:55 PM,Krittika upto 02:59 PM,Krishna Paksha,Guruwara,Shravana,Simha,,True,,2026-09-03 04:55:00 PM,2026-09-04 02:43:00 PM,2026-09-03 02:59:00 PM,2026-09-04 01:34:00 PM,2026-09-03: Saptami upto 04:55 PM,2026-09-04: Ashtami upto 02:43 PM,2026-09-03: Krittika upto 02:59 PM,2026-09-04: Rohini upto 01:34 PM,2026-09-03 04:55:00 PM,2026-09-04 01:34:00 PM,2026-09-03 07:09:00 AM,2026-09-03 08:00:00 PM,2026-09-04 07:10:00 AM,2026-09-03,2026-09-04 01:35:00 AM,2026-09-04 01:11:00 AM,2026-09-04 01:59:00 AM,False,True,True,True,True,True,False,True,True,2026-09-04 01:11:00 AM,2026-09-04 01:59:00 AM,True,True,,,,,False,False,False,,,,False,10,1,ASHTAMI_ROHINI_AT_NISHITA,False,,1,1,Only one Nishita falls inside the Ashtami-Rohini joint overlap.
75,2026-09-04,True,Knoxville,Tennessee,United States,America/New_York,4634946,Knoxville,07:10 AM,07:59 PM,Ashtami upto 02:43 PM,Rohini upto 01:34 PM,Krishna Paksha,Shukrawara,Shravana,Simha,,True,,2026-09-03 04:55:00 PM,2026-09-04 02:43:00 PM,2026-09-03 02:59:00 PM,2026-09-04 01:34:00 PM,2026-09-03: Saptami upto 04:55 PM,2026-09-04: Ashtami upto 02:43 PM,2026-09-03: Krittika upto 02:59 PM,2026-09-04: Rohini upto 01:34 PM,2026-09-03 04:55:00 PM,2026-09-04 01:34:00 PM,2026-09-04 07:10:00 AM,2026-09-04 07:59:00 PM,2026-09-05 07:11:00 AM,2026-09-04,2026-09-05 01:35:00 AM,2026-09-05 01:11:00 AM,2026-09-05 01:59:00 AM,True,False,False,True,False,True,True,False,False,,,False,True,,,,,False,False,False,,,,False,20,1,ASHTAMI_ROHINI_OVERLAP_THEN_NEXT_NISHITA,False,,1,,
75,2026-09-05,True,Knoxville,Tennessee,United States,America/New_York,4634946,Knoxville,07:11 AM,07:57 PM,Navami upto 12:23 PM,Mrigashira upto 12:00 PM,Krishna Paksha,Shaniwara,Shravana,Simha,,True,,2026-09-03 04:55:00 PM,2026-09-04 02:43:00 PM,2026-09-03 02:59:00 PM,2026-09-04 01:34:00 PM,2026-09-03: Saptami upto 04:55 PM,2026-09-04: Ashtami upto 02:43 PM,2026-09-03: Krittika upto 02:59 PM,2026-09-04: Rohini upto 01:34 PM,2026-09-03 04:55:00 PM,2026-09-04 01:34:00 PM,2026-09-05 07:11:00 AM,2026-09-05 07:57:00 PM,2026-09-06 07:12:00 AM,2026-09-05,2026-09-06 01:34:30 AM,2026-09-06 01:10:30 AM,2026-09-06 01:58:30 AM,False,False,False,False,False,True,True,False,False,,,False,True,,,,,False,False,False,,,,False,20,1,ASHTAMI_ROHINI_OVERLAP_THEN_NEXT_NISHITA,False,,1,,
75,2026-09-06,True,Knoxville,Tennessee,United States,America/New_York,4634946,Knoxville,07:12 AM,07:56 PM,Dashami upto 09:59 AM,Ardra upto 10:22 AM,Krishna Paksha,Raviwara,Shravana,Simha,,True,,2026-09-03 04:55:00 PM,2026-09-04 02:43:00 PM,2026-09-03 02:59:00 PM,2026-09-04 01:34:00 PM,2026-09-03: Saptami upto 04:55 PM,2026-09-04: Ashtami upto 02:43 PM,2026-09-03: Krittika upto 02:59 PM,2026-09-04: Rohini upto 01:34 PM,2026-09-03 04:55:00 PM,2026-09-04 01:34:00 PM,2026-09-06 07:12:00 AM,2026-09-06 07:56:00 PM,2026-09-07 07:12:00 AM,2026-09-06,2026-09-07 01:34:00 AM,2026-09-07 01:10:00 AM,2026-09-07 01:58:00 AM,False,False,False,False,False,True,True,False,False,,,False,True,,,,,False,False,False,,,,False,20,1,ASHTAMI_ROHINI_OVERLAP_THEN_NEXT_NISHITA,False,,1,,
76,2026-09-02,True,Nashville,Tennessee,United States,America/Chicago,4644585,Nashville,06:20 AM,07:13 PM,Shashthi upto 05:56 PM,Bharani upto 03:13 PM,Krishna Paksha,Budhawara,Shravana,Simha,,True,,2026-09-03 03:55:00 PM,2026-09-04 01:43:00 PM,2026-09-03 01:59:00 PM,2026-09-04 12:34:00 PM,2026-09-03: Saptami upto 03:55 PM,2026-09-04: Ashtami upto 01:43 PM,2026-09-03: Krittika upto 01:59 PM,2026-09-04: Rohini upto 12:34 PM,2026-09-03 03:55:00 PM,2026-09-04 12:34:00 PM,2026-09-02 06:20:00 AM,2026-09-02 07:13:00 PM,2026-09-03 06:20:00 AM,2026-09-02,2026-09-03 12:46:30 AM,2026-09-03 12:22:30 AM,2026-09-03 01:10:30 AM,False,False,False,False,False,True,False,False,False,,,True,False,,,,,False,False,False,,,,True,999,0,ASHTAMI_ROHINI_OVERLAP_WAIT_FOR_NEXT_NISHITA,True,"Ashtami and Rohini overlap, but this night's Nishita is not inside the overlap and is not after the overlap has ended. The Puja belongs to the first Nishita after the joint overlap ends.",1,,
76,2026-09-03,True,Nashville,Tennessee,United States,America/Chicago,4644585,Nashville,06:20 AM,07:12 PM,Saptami upto 03:55 PM,Krittika upto 01:59 PM,Krishna Paksha,Guruwara,Shravana,Simha,,True,,2026-09-03 03:55:00 PM,2026-09-04 01:43:00 PM,2026-09-03 01:59:00 PM,2026-09-04 12:34:00 PM,2026-09-03: Saptami upto 03:55 PM,2026-09-04: Ashtami upto 01:43 PM,2026-09-03: Krittika upto 01:59 PM,2026-09-04: Rohini upto 12:34 PM,2026-09-03 03:55:00 PM,2026-09-04 12:34:00 PM,2026-09-03 06:20:00 AM,2026-09-03 07:12:00 PM,2026-09-04 06:21:00 AM,2026-09-03,2026-09-04 12:46:30 AM,2026-09-04 12:22:30 AM,2026-09-04 01:10:30 AM,False,True,True,True,True,True,False,True,True,2026-09-04 12:22:30 AM,2026-09-04 01:10:30 AM,True,True,,,,,False,False,False,,,,False,10,1,ASHTAMI_ROHINI_AT_NISHITA,False,,1,1,Only one Nishita falls inside the Ashtami-Rohini joint overlap.
76,2026-09-04,True,Nashville,Tennessee,United States,America/Chicago,4644585,Nashville,06:21 AM,07:11 PM,Ashtami upto 01:43 PM,Rohini upto 12:34 PM,Krishna Paksha,Shukrawara,Shravana,Simha,,True,,2026-09-03 03:55:00 PM,2026-09-04 01:43:00 PM,2026-09-03 01:59:00 PM,2026-09-04 12:34:00 PM,2026-09-03: Saptami upto 03:55 PM,2026-09-04: Ashtami upto 01:43 PM,2026-09-03: Krittika upto 01:59 PM,2026-09-04: Rohini upto 12:34 PM,2026-09-03 03:55:00 PM,2026-09-04 12:34:00 PM,2026-09-04 06:21:00 AM,2026-09-04 07:11:00 PM,2026-09-05 06:22:00 AM,2026-09-04,2026-09-05 12:46:30 AM,2026-09-05 12:22:30 AM,2026-09-05 01:10:30 AM,True,False,False,True,False,True,True,False,False,,,False,True,,,,,False,False,False,,,,False,20,1,ASHTAMI_ROHINI_OVERLAP_THEN_NEXT_NISHITA,False,,1,,
76,2026-09-05,True,Nashville,Tennessee,United States,America/Chicago,4644585,Nashville,06:22 AM,07:09 PM,Navami upto 11:23 AM,Mrigashira upto 11:00 AM,Krishna Paksha,Shaniwara,Shravana,Simha,,True,,2026-09-03 03:55:00 PM,2026-09-04 01:43:00 PM,2026-09-03 01:59:00 PM,2026-09-04 12:34:00 PM,2026-09-03: Saptami upto 03:55 PM,2026-09-04: Ashtami upto 01:43 PM,2026-09-03: Krittika upto 01:59 PM,2026-09-04: Rohini upto 12:34 PM,2026-09-03 03:55:00 PM,2026-09-04 12:34:00 PM,2026-09-05 06:22:00 AM,2026-09-05 07:09:00 PM,2026-09-06 06:23:00 AM,2026-09-05,2026-09-06 12:46:00 AM,2026-09-06 12:22:00 AM,2026-09-06 01:10:00 AM,False,False,False,False,False,True,True,False,False,,,False,True,,,,,False,False,False,,,,False,20,1,ASHTAMI_ROHINI_OVERLAP_THEN_NEXT_NISHITA,False,,1,,
76,2026-09-06,True,Nashville,Tennessee,United States,America/Chicago,4644585,Nashville,06:23 AM,07:08 PM,Dashami upto 08:59 AM,Ardra upto 09:22 AM,Krishna Paksha,Raviwara,Shravana,Simha,,True,,2026-09-03 03:55:00 PM,2026-09-04 01:43:00 PM,2026-09-03 01:59:00 PM,2026-09-04 12:34:00 PM,2026-09-03: Saptami upto 03:55 PM,2026-09-04: Ashtami upto 01:43 PM,2026-09-03: Krittika upto 01:59 PM,2026-09-04: Rohini upto 12:34 PM,2026-09-03 03:55:00 PM,2026-09-04 12:34:00 PM,2026-09-06 06:23:00 AM,2026-09-06 07:08:00 PM,2026-09-07 06:24:00 AM,2026-09-06,2026-09-07 12:46:00 AM,2026-09-07 12:22:00 AM,2026-09-07 01:10:00 AM,False,False,False,False,False,True,True,False,False,,,False,True,,,,,False,False,False,,,,False,20,1,ASHTAMI_ROHINI_OVERLAP_THEN_NEXT_NISHITA,False,,1,,
77,2026-09-02,True,Placentia,California,United States,America/Los_Angeles,5383527,Placentia,06:26 AM,07:16 PM,Shashthi upto 03:55 PM,Bharani upto 01:13 PM,Krishna Paksha,Budhawara,Shravana,Simha,,True,,2026-09-03 01:55:00 PM,2026-09-04 11:43:00 AM,2026-09-03 11:59:00 AM,2026-09-04 10:34:00 AM,2026-09-03: Saptami upto 01:55 PM,2026-09-04: Ashtami upto 11:43 AM,2026-09-03: Krittika upto 11:59 AM,2026-09-04: Rohini upto 10:34 AM,2026-09-03 01:55:00 PM,2026-09-04 10:34:00 AM,2026-09-02 06:26:00 AM,2026-09-02 07:16:00 PM,2026-09-03 06:27:00 AM,2026-09-02,2026-09-03 12:51:30 AM,2026-09-03 12:27:30 AM,2026-09-03 01:15:30 AM,False,False,False,False,False,True,False,False,False,,,True,False,,,,,False,False,False,,,,True,999,0,ASHTAMI_ROHINI_OVERLAP_WAIT_FOR_NEXT_NISHITA,True,"Ashtami and Rohini overlap, but this night's Nishita is not inside the overlap and is not after the overlap has ended. The Puja belongs to the first Nishita after the joint overlap ends.",1,,
77,2026-09-03,True,Placentia,California,United States,America/Los_Angeles,5383527,Placentia,06:27 AM,07:14 PM,Saptami upto 01:55 PM,Krittika upto 11:59 AM,Krishna Paksha,Guruwara,Shravana,Simha,,True,,2026-09-03 01:55:00 PM,2026-09-04 11:43:00 AM,2026-09-03 11:59:00 AM,2026-09-04 10:34:00 AM,2026-09-03: Saptami upto 01:55 PM,2026-09-04: Ashtami upto 11:43 AM,2026-09-03: Krittika upto 11:59 AM,2026-09-04: Rohini upto 10:34 AM,2026-09-03 01:55:00 PM,2026-09-04 10:34:00 AM,2026-09-03 06:27:00 AM,2026-09-03 07:14:00 PM,2026-09-04 06:28:00 AM,2026-09-03,2026-09-04 12:51:00 AM,2026-09-04 12:27:00 AM,2026-09-04 01:15:00 AM,False,True,True,True,True,True,False,True,True,2026-09-04 12:27:00 AM,2026-09-04 01:15:00 AM,True,True,,,,,False,False,False,,,,False,10,1,ASHTAMI_ROHINI_AT_NISHITA,False,,1,1,Only one Nishita falls inside the Ashtami-Rohini joint overlap.
77,2026-09-04,True,Placentia,California,United States,America/Los_Angeles,5383527,Placentia,06:28 AM,07:13 PM,Ashtami upto 11:43 AM,Rohini upto 10:34 AM,Krishna Paksha,Shukrawara,Shravana,Simha,,True,,2026-09-03 01:55:00 PM,2026-09-04 11:43:00 AM,2026-09-03 11:59:00 AM,2026-09-04 10:34:00 AM,2026-09-03: Saptami upto 01:55 PM,2026-09-04: Ashtami upto 11:43 AM,2026-09-03: Krittika upto 11:59 AM,2026-09-04: Rohini upto 10:34 AM,2026-09-03 01:55:00 PM,2026-09-04 10:34:00 AM,2026-09-04 06:28:00 AM,2026-09-04 07:13:00 PM,2026-09-05 06:28:00 AM,2026-09-04,2026-09-05 12:50:30 AM,2026-09-05 12:26:30 AM,2026-09-05 01:14:30 AM,True,False,False,True,False,True,True,False,False,,,False,True,,,,,False,False,False,,,,False,20,1,ASHTAMI_ROHINI_OVERLAP_THEN_NEXT_NISHITA,False,,1,,
77,2026-09-05,True,Placentia,California,United States,America/Los_Angeles,5383527,Placentia,06:28 AM,07:12 PM,Navami upto 09:23 AM,Mrigashira upto 09:00 AM,Krishna Paksha,Shaniwara,Shravana,Simha,,True,,2026-09-03 01:55:00 PM,2026-09-04 11:43:00 AM,2026-09-03 11:59:00 AM,2026-09-04 10:34:00 AM,2026-09-03: Saptami upto 01:55 PM,2026-09-04: Ashtami upto 11:43 AM,2026-09-03: Krittika upto 11:59 AM,2026-09-04: Rohini upto 10:34 AM,2026-09-03 01:55:00 PM,2026-09-04 10:34:00 AM,2026-09-05 06:28:00 AM,2026-09-05 07:12:00 PM,2026-09-06 06:29:00 AM,2026-09-05,2026-09-06 12:50:30 AM,2026-09-06 12:26:30 AM,2026-09-06 01:14:30 AM,False,False,False,False,False,True,True,False,False,,,False,True,,,,,False,False,False,,,,False,20,1,ASHTAMI_ROHINI_OVERLAP_THEN_NEXT_NISHITA,False,,1,,
77,2026-09-06,True,Placentia,California,United States,America/Los_Angeles,5383527,Placentia,06:29 AM,07:10 PM,"Dashami upto 06:59 AM; Ekadashi upto 04:33 AM, Sep 07","Ardra upto 07:22 AM; Punarvasu upto 05:44 AM, Sep 07",Krishna Paksha,Raviwara,Shravana,Simha,,True,,2026-09-03 01:55:00 PM,2026-09-04 11:43:00 AM,2026-09-03 11:59:00 AM,2026-09-04 10:34:00 AM,2026-09-03: Saptami upto 01:55 PM,2026-09-04: Ashtami upto 11:43 AM,2026-09-03: Krittika upto 11:59 AM,2026-09-04: Rohini upto 10:34 AM,2026-09-03 01:55:00 PM,2026-09-04 10:34:00 AM,2026-09-06 06:29:00 AM,2026-09-06 07:10:00 PM,2026-09-07 06:30:00 AM,2026-09-06,2026-09-07 12:50:00 AM,2026-09-07 12:26:00 AM,2026-09-07 01:14:00 AM,False,False,False,False,False,True,True,False,False,,,False,True,,,,,False,False,False,,,,False,20,1,ASHTAMI_ROHINI_OVERLAP_THEN_NEXT_NISHITA,False,,1,,
78,2026-09-02,True,Atlanta,Georgia,United States,America/New_York,4180439,Atlanta,07:12 AM,08:02 PM,Shashthi upto 06:55 PM,Bharani upto 04:13 PM,Krishna Paksha,Budhawara,Shravana,Simha,,True,,2026-09-03 04:55:00 PM,2026-09-04 02:43:00 PM,2026-09-03 02:59:00 PM,2026-09-04 01:34:00 PM,2026-09-03: Saptami upto 04:55 PM,2026-09-04: Ashtami upto 02:43 PM,2026-09-03: Krittika upto 02:59 PM,2026-09-04: Rohini upto 01:34 PM,2026-09-03 04:55:00 PM,2026-09-04 01:34:00 PM,2026-09-02 07:12:00 AM,2026-09-02 08:02:00 PM,2026-09-03 07:13:00 AM,2026-09-02,2026-09-03 01:37:30 AM,2026-09-03 01:13:30 AM,2026-09-03 02:01:30 AM,False,False,False,False,False,True,False,False,False,,,True,False,,,,,False,False,False,,,,True,999,0,ASHTAMI_ROHINI_OVERLAP_WAIT_FOR_NEXT_NISHITA,True,"Ashtami and Rohini overlap, but this night's Nishita is not inside the overlap and is not after the overlap has ended. The Puja belongs to the first Nishita after the joint overlap ends.",1,,
78,2026-09-03,True,Atlanta,Georgia,United States,America/New_York,4180439,Atlanta,07:13 AM,08:00 PM,Saptami upto 04:55 PM,Krittika upto 02:59 PM,Krishna Paksha,Guruwara,Shravana,Simha,,True,,2026-09-03 04:55:00 PM,2026-09-04 02:43:00 PM,2026-09-03 02:59:00 PM,2026-09-04 01:34:00 PM,2026-09-03: Saptami upto 04:55 PM,2026-09-04: Ashtami upto 02:43 PM,2026-09-03: Krittika upto 02:59 PM,2026-09-04: Rohini upto 01:34 PM,2026-09-03 04:55:00 PM,2026-09-04 01:34:00 PM,2026-09-03 07:13:00 AM,2026-09-03 08:00:00 PM,2026-09-04 07:14:00 AM,2026-09-03,2026-09-04 01:37:00 AM,2026-09-04 01:13:00 AM,2026-09-04 02:01:00 AM,False,True,True,True,True,True,False,True,True,2026-09-04 01:13:00 AM,2026-09-04 02:01:00 AM,True,True,,,,,False,False,False,,,,False,10,1,ASHTAMI_ROHINI_AT_NISHITA,False,,1,1,Only one Nishita falls inside the Ashtami-Rohini joint overlap.
78,2026-09-04,True,Atlanta,Georgia,United States,America/New_York,4180439,Atlanta,07:14 AM,07:59 PM,Ashtami upto 02:43 PM,Rohini upto 01:34 PM,Krishna Paksha,Shukrawara,Shravana,Simha,,True,,2026-09-03 04:55:00 PM,2026-09-04 02:43:00 PM,2026-09-03 02:59:00 PM,2026-09-04 01:34:00 PM,2026-09-03: Saptami upto 04:55 PM,2026-09-04: Ashtami upto 02:43 PM,2026-09-03: Krittika upto 02:59 PM,2026-09-04: Rohini upto 01:34 PM,2026-09-03 04:55:00 PM,2026-09-04 01:34:00 PM,2026-09-04 07:14:00 AM,2026-09-04 07:59:00 PM,2026-09-05 07:14:00 AM,2026-09-04,2026-09-05 01:36:30 AM,2026-09-05 01:12:30 AM,2026-09-05 02:00:30 AM,True,False,False,True,False,True,True,False,False,,,False,True,,,,,False,False,False,,,,False,20,1,ASHTAMI_ROHINI_OVERLAP_THEN_NEXT_NISHITA,False,,1,,
78,2026-09-05,True,Atlanta,Georgia,United States,America/New_York,4180439,Atlanta,07:14 AM,07:58 PM,Navami upto 12:23 PM,Mrigashira upto 12:00 PM,Krishna Paksha,Shaniwara,Shravana,Simha,,True,,2026-09-03 04:55:00 PM,2026-09-04 02:43:00 PM,2026-09-03 02:59:00 PM,2026-09-04 01:34:00 PM,2026-09-03: Saptami upto 04:55 PM,2026-09-04: Ashtami upto 02:43 PM,2026-09-03: Krittika upto 02:59 PM,2026-09-04: Rohini upto 01:34 PM,2026-09-03 04:55:00 PM,2026-09-04 01:34:00 PM,2026-09-05 07:14:00 AM,2026-09-05 07:58:00 PM,2026-09-06 07:15:00 AM,2026-09-05,2026-09-06 01:36:30 AM,2026-09-06 01:12:30 AM,2026-09-06 02:00:30 AM,False,False,False,False,False,True,True,False,False,,,False,True,,,,,False,False,False,,,,False,20,1,ASHTAMI_ROHINI_OVERLAP_THEN_NEXT_NISHITA,False,,1,,
78,2026-09-06,True,Atlanta,Georgia,United States,America/New_York,4180439,Atlanta,07:15 AM,07:56 PM,Dashami upto 09:59 AM,Ardra upto 10:22 AM,Krishna Paksha,Raviwara,Shravana,Simha,,True,,2026-09-03 04:55:00 PM,2026-09-04 02:43:00 PM,2026-09-03 02:59:00 PM,2026-09-04 01:34:00 PM,2026-09-03: Saptami upto 04:55 PM,2026-09-04: Ashtami upto 02:43 PM,2026-09-03: Krittika upto 02:59 PM,2026-09-04: Rohini upto 01:34 PM,2026-09-03 04:55:00 PM,2026-09-04 01:34:00 PM,2026-09-06 07:15:00 AM,2026-09-06 07:56:00 PM,2026-09-07 07:16:00 AM,2026-09-06,2026-09-07 01:36:00 AM,2026-09-07 01:12:00 AM,2026-09-07 02:00:00 AM,False,False,False,False,False,True,True,False,False,,,False,True,,,,,False,False,False,,,,False,20,1,ASHTAMI_ROHINI_OVERLAP_THEN_NEXT_NISHITA,False,,1,,
79,2026-09-02,True,Chennai,Tamil Nadu,India,Asia/Kolkata,1264527,Chennai,05:58 AM,06:19 PM,"Panchami upto 06:12 AM; Shashthi upto 04:26 AM, Sep 03","Bharani upto 01:43 AM, Sep 03",Krishna Paksha,Budhawara,Shravana,Simha,,True,,2026-09-04 02:25:00 AM,2026-09-05 12:13:00 AM,2026-09-04 12:29:00 AM,2026-09-04 11:04:00 PM,"2026-09-03: Saptami upto 02:25 AM, Sep 04","2026-09-04: Ashtami upto 12:13 AM, Sep 05","2026-09-03: Krittika upto 12:29 AM, Sep 04",2026-09-04: Rohini upto 11:04 PM,2026-09-04 02:25:00 AM,2026-09-04 11:04:00 PM,2026-09-02 05:58:00 AM,2026-09-02 06:19:00 PM,2026-09-03 05:58:00 AM,2026-09-02,2026-09-03 12:08:30 AM,2026-09-02 11:44:30 PM,2026-09-03 12:32:30 AM,False,False,False,False,False,True,False,False,False,,,True,False,,,,,False,False,False,,,,True,999,0,ASHTAMI_ROHINI_OVERLAP_WAIT_FOR_NEXT_NISHITA,True,"Ashtami and Rohini overlap, but this night's Nishita is not inside the overlap and is not after the overlap has ended. The Puja belongs to the first Nishita after the joint overlap ends.",0,,
79,2026-09-03,True,Chennai,Tamil Nadu,India,Asia/Kolkata,1264527,Chennai,05:58 AM,06:19 PM,"Saptami upto 02:25 AM, Sep 04","Krittika upto 12:29 AM, Sep 04",Krishna Paksha,Guruwara,Shravana,Simha,,True,,2026-09-04 02:25:00 AM,2026-09-05 12:13:00 AM,2026-09-04 12:29:00 AM,2026-09-04 11:04:00 PM,"2026-09-03: Saptami upto 02:25 AM, Sep 04","2026-09-04: Ashtami upto 12:13 AM, Sep 05","2026-09-03: Krittika upto 12:29 AM, Sep 04",2026-09-04: Rohini upto 11:04 PM,2026-09-04 02:25:00 AM,2026-09-04 11:04:00 PM,2026-09-03 05:58:00 AM,2026-09-03 06:19:00 PM,2026-09-04 05:58:00 AM,2026-09-03,2026-09-04 12:08:30 AM,2026-09-03 11:44:30 PM,2026-09-04 12:32:30 AM,False,False,False,True,False,True,False,False,False,,,True,True,,,,,False,False,False,,,,False,999,1,ASHTAMI_ROHINI_OVERLAP_WAIT_FOR_NEXT_NISHITA,True,"Ashtami and Rohini overlap, but this night's Nishita is not inside the overlap and is not after the overlap has ended. The Puja belongs to the first Nishita after the joint overlap ends.",0,,
79,2026-09-04,True,Chennai,Tamil Nadu,India,Asia/Kolkata,1264527,Chennai,05:58 AM,06:18 PM,"Ashtami upto 12:13 AM, Sep 05",Rohini upto 11:04 PM,Krishna Paksha,Shukrawara,Shravana,Simha,,True,,2026-09-04 02:25:00 AM,2026-09-05 12:13:00 AM,2026-09-04 12:29:00 AM,2026-09-04 11:04:00 PM,"2026-09-03: Saptami upto 02:25 AM, Sep 04","2026-09-04: Ashtami upto 12:13 AM, Sep 05","2026-09-03: Krittika upto 12:29 AM, Sep 04",2026-09-04: Rohini upto 11:04 PM,2026-09-04 02:25:00 AM,2026-09-04 11:04:00 PM,2026-09-04 05:58:00 AM,2026-09-04 06:18:00 PM,2026-09-05 05:58:00 AM,2026-09-04,2026-09-05 12:08:00 AM,2026-09-04 11:44:00 PM,2026-09-05 12:32:00 AM,True,True,False,True,False,True,True,False,False,,,False,True,,,,,False,False,False,,,,False,20,1,ASHTAMI_ROHINI_OVERLAP_THEN_NEXT_NISHITA,False,,0,,
79,2026-09-05,True,Chennai,Tamil Nadu,India,Asia/Kolkata,1264527,Chennai,05:58 AM,06:17 PM,Navami upto 09:53 PM,Mrigashira upto 09:30 PM,Krishna Paksha,Shaniwara,Shravana,Simha,,True,,2026-09-04 02:25:00 AM,2026-09-05 12:13:00 AM,2026-09-04 12:29:00 AM,2026-09-04 11:04:00 PM,"2026-09-03: Saptami upto 02:25 AM, Sep 04","2026-09-04: Ashtami upto 12:13 AM, Sep 05","2026-09-03: Krittika upto 12:29 AM, Sep 04",2026-09-04: Rohini upto 11:04 PM,2026-09-04 02:25:00 AM,2026-09-04 11:04:00 PM,2026-09-05 05:58:00 AM,2026-09-05 06:17:00 PM,2026-09-06 05:58:00 AM,2026-09-05,2026-09-06 12:07:30 AM,2026-09-05 11:43:30 PM,2026-09-06 12:31:30 AM,False,False,False,False,False,True,True,False,False,,,False,True,,,,,False,False,False,,,,False,20,1,ASHTAMI_ROHINI_OVERLAP_THEN_NEXT_NISHITA,False,,0,,
79,2026-09-06,True,Chennai,Tamil Nadu,India,Asia/Kolkata,1264527,Chennai,05:58 AM,06:17 PM,Dashami upto 07:29 PM,Ardra upto 07:52 PM,Krishna Paksha,Raviwara,Shravana,Simha,,True,,2026-09-04 02:25:00 AM,2026-09-05 12:13:00 AM,2026-09-04 12:29:00 AM,2026-09-04 11:04:00 PM,"2026-09-03: Saptami upto 02:25 AM, Sep 04","2026-09-04: Ashtami upto 12:13 AM, Sep 05","2026-09-03: Krittika upto 12:29 AM, Sep 04",2026-09-04: Rohini upto 11:04 PM,2026-09-04 02:25:00 AM,2026-09-04 11:04:00 PM,2026-09-06 05:58:00 AM,2026-09-06 06:17:00 PM,2026-09-07 05:58:00 AM,2026-09-06,2026-09-07 12:07:30 AM,2026-09-06 11:43:30 PM,2026-09-07 12:31:30 AM,False,False,False,False,False,True,True,False,False,,,False,True,,,,,False,False,False,,,,False,20,1,ASHTAMI_ROHINI_OVERLAP_THEN_NEXT_NISHITA,False,,0,,
80,2026-09-02,True,Thiruvananthapuram,Kerala,India,Asia/Kolkata,1254163,Thiruvananthapuram,06:14 AM,06:30 PM,"Shashthi upto 04:25 AM, Sep 03","Bharani upto 01:43 AM, Sep 03",Krishna Paksha,Budhawara,Shravana,Simha,,True,,2026-09-04 02:25:00 AM,2026-09-05 12:13:00 AM,2026-09-04 12:29:00 AM,2026-09-04 11:04:00 PM,"2026-09-03: Saptami upto 02:25 AM, Sep 04","2026-09-04: Ashtami upto 12:13 AM, Sep 05","2026-09-03: Krittika upto 12:29 AM, Sep 04",2026-09-04: Rohini upto 11:04 PM,2026-09-04 02:25:00 AM,2026-09-04 11:04:00 PM,2026-09-02 06:14:00 AM,2026-09-02 06:30:00 PM,2026-09-03 06:14:00 AM,2026-09-02,2026-09-03 12:22:00 AM,2026-09-02 11:58:00 PM,2026-09-03 12:46:00 AM,False,False,False,False,False,True,False,False,False,,,True,False,,,,,False,False,False,,,,True,999,0,ASHTAMI_ROHINI_OVERLAP_WAIT_FOR_NEXT_NISHITA,True,"Ashtami and Rohini overlap, but this night's Nishita is not inside the overlap and is not after the overlap has ended. The Puja belongs to the first Nishita after the joint overlap ends.",0,,
80,2026-09-03,True,Thiruvananthapuram,Kerala,India,Asia/Kolkata,1254163,Thiruvananthapuram,06:14 AM,06:29 PM,"Saptami upto 02:25 AM, Sep 04","Krittika upto 12:29 AM, Sep 04",Krishna Paksha,Guruwara,Shravana,Simha,,True,,2026-09-04 02:25:00 AM,2026-09-05 12:13:00 AM,2026-09-04 12:29:00 AM,2026-09-04 11:04:00 PM,"2026-09-03: Saptami upto 02:25 AM, Sep 04","2026-09-04: Ashtami upto 12:13 AM, Sep 05","2026-09-03: Krittika upto 12:29 AM, Sep 04",2026-09-04: Rohini upto 11:04 PM,2026-09-04 02:25:00 AM,2026-09-04 11:04:00 PM,2026-09-03 06:14:00 AM,2026-09-03 06:29:00 PM,2026-09-04 06:14:00 AM,2026-09-03,2026-09-04 12:21:30 AM,2026-09-03 11:57:30 PM,2026-09-04 12:45:30 AM,False,False,False,True,False,True,False,False,False,,,True,True,,,,,False,False,False,,,,False,999,1,ASHTAMI_ROHINI_OVERLAP_WAIT_FOR_NEXT_NISHITA,True,"Ashtami and Rohini overlap, but this night's Nishita is not inside the overlap and is not after the overlap has ended. The Puja belongs to the first Nishita after the joint overlap ends.",0,,
80,2026-09-04,True,Thiruvananthapuram,Kerala,India,Asia/Kolkata,1254163,Thiruvananthapuram,06:14 AM,06:29 PM,"Ashtami upto 12:13 AM, Sep 05",Rohini upto 11:04 PM,Krishna Paksha,Shukrawara,Shravana,Simha,,True,,2026-09-04 02:25:00 AM,2026-09-05 12:13:00 AM,2026-09-04 12:29:00 AM,2026-09-04 11:04:00 PM,"2026-09-03: Saptami upto 02:25 AM, Sep 04","2026-09-04: Ashtami upto 12:13 AM, Sep 05","2026-09-03: Krittika upto 12:29 AM, Sep 04",2026-09-04: Rohini upto 11:04 PM,2026-09-04 02:25:00 AM,2026-09-04 11:04:00 PM,2026-09-04 06:14:00 AM,2026-09-04 06:29:00 PM,2026-09-05 06:13:00 AM,2026-09-04,2026-09-05 12:21:00 AM,2026-09-04 11:57:00 PM,2026-09-05 12:45:00 AM,True,False,False,True,False,True,True,False,False,,,False,True,,,,,False,False,False,,,,False,20,1,ASHTAMI_ROHINI_OVERLAP_THEN_NEXT_NISHITA,False,,0,,
80,2026-09-05,True,Thiruvananthapuram,Kerala,India,Asia/Kolkata,1254163,Thiruvananthapuram,06:13 AM,06:28 PM,Navami upto 09:53 PM,Mrigashira upto 09:30 PM,Krishna Paksha,Shaniwara,Shravana,Simha,,True,,2026-09-04 02:25:00 AM,2026-09-05 12:13:00 AM,2026-09-04 12:29:00 AM,2026-09-04 11:04:00 PM,"2026-09-03: Saptami upto 02:25 AM, Sep 04","2026-09-04: Ashtami upto 12:13 AM, Sep 05","2026-09-03: Krittika upto 12:29 AM, Sep 04",2026-09-04: Rohini upto 11:04 PM,2026-09-04 02:25:00 AM,2026-09-04 11:04:00 PM,2026-09-05 06:13:00 AM,2026-09-05 06:28:00 PM,2026-09-06 06:13:00 AM,2026-09-05,2026-09-06 12:20:30 AM,2026-09-05 11:56:30 PM,2026-09-06 12:44:30 AM,False,False,False,False,False,True,True,False,False,,,False,True,,,,,False,False,False,,,,False,20,1,ASHTAMI_ROHINI_OVERLAP_THEN_NEXT_NISHITA,False,,0,,
80,2026-09-06,True,Thiruvananthapuram,Kerala,India,Asia/Kolkata,1254163,Thiruvananthapuram,06:13 AM,06:28 PM,Dashami upto 07:29 PM,Ardra upto 07:52 PM,Krishna Paksha,Raviwara,Shravana,Simha,,True,,2026-09-04 02:25:00 AM,2026-09-05 12:13:00 AM,2026-09-04 12:29:00 AM,2026-09-04 11:04:00 PM,"2026-09-03: Saptami upto 02:25 AM, Sep 04","2026-09-04: Ashtami upto 12:13 AM, Sep 05","2026-09-03: Krittika upto 12:29 AM, Sep 04",2026-09-04: Rohini upto 11:04 PM,2026-09-04 02:25:00 AM,2026-09-04 11:04:00 PM,2026-09-06 06:13:00 AM,2026-09-06 06:28:00 PM,2026-09-07 06:13:00 AM,2026-09-06,2026-09-07 12:20:30 AM,2026-09-06 11:56:30 PM,2026-09-07 12:44:30 AM,False,False,False,False,False,True,True,False,False,,,False,True,,,,,False,False,False,,,,False,20,1,ASHTAMI_ROHINI_OVERLAP_THEN_NEXT_NISHITA,False,,0,,
81,2026-09-02,True,Mumbai,Maharashtra,India,Asia/Kolkata,1275339,Mumbai,06:24 AM,06:52 PM,"Shashthi upto 04:25 AM, Sep 03","Bharani upto 01:43 AM, Sep 03",Krishna Paksha,Budhawara,Shravana,Simha,,True,,2026-09-04 02:25:00 AM,2026-09-05 12:13:00 AM,2026-09-04 12:29:00 AM,2026-09-04 11:04:00 PM,"2026-09-03: Saptami upto 02:25 AM, Sep 04","2026-09-04: Ashtami upto 12:13 AM, Sep 05","2026-09-03: Krittika upto 12:29 AM, Sep 04",2026-09-04: Rohini upto 11:04 PM,2026-09-04 02:25:00 AM,2026-09-04 11:04:00 PM,2026-09-02 06:24:00 AM,2026-09-02 06:52:00 PM,2026-09-03 06:24:00 AM,2026-09-02,2026-09-03 12:38:00 AM,2026-09-03 12:14:00 AM,2026-09-03 01:02:00 AM,False,False,False,False,False,True,False,False,False,,,True,False,,,,,False,False,False,,,,True,999,0,ASHTAMI_ROHINI_OVERLAP_WAIT_FOR_NEXT_NISHITA,True,"Ashtami and Rohini overlap, but this night's Nishita is not inside the overlap and is not after the overlap has ended. The Puja belongs to the first Nishita after the joint overlap ends.",0,,
81,2026-09-03,True,Mumbai,Maharashtra,India,Asia/Kolkata,1275339,Mumbai,06:24 AM,06:52 PM,"Saptami upto 02:25 AM, Sep 04","Krittika upto 12:29 AM, Sep 04",Krishna Paksha,Guruwara,Shravana,Simha,,True,,2026-09-04 02:25:00 AM,2026-09-05 12:13:00 AM,2026-09-04 12:29:00 AM,2026-09-04 11:04:00 PM,"2026-09-03: Saptami upto 02:25 AM, Sep 04","2026-09-04: Ashtami upto 12:13 AM, Sep 05","2026-09-03: Krittika upto 12:29 AM, Sep 04",2026-09-04: Rohini upto 11:04 PM,2026-09-04 02:25:00 AM,2026-09-04 11:04:00 PM,2026-09-03 06:24:00 AM,2026-09-03 06:52:00 PM,2026-09-04 06:24:00 AM,2026-09-03,2026-09-04 12:38:00 AM,2026-09-04 12:14:00 AM,2026-09-04 01:02:00 AM,False,False,True,True,False,True,False,False,False,,,True,True,,,,,False,False,False,,,,False,999,1,ASHTAMI_ROHINI_OVERLAP_WAIT_FOR_NEXT_NISHITA,True,"Ashtami and Rohini overlap, but this night's Nishita is not inside the overlap and is not after the overlap has ended. The Puja belongs to the first Nishita after the joint overlap ends.",0,,
81,2026-09-04,True,Mumbai,Maharashtra,India,Asia/Kolkata,1275339,Mumbai,06:24 AM,06:51 PM,"Ashtami upto 12:13 AM, Sep 05",Rohini upto 11:04 PM,Krishna Paksha,Shukrawara,Shravana,Simha,,True,,2026-09-04 02:25:00 AM,2026-09-05 12:13:00 AM,2026-09-04 12:29:00 AM,2026-09-04 11:04:00 PM,"2026-09-03: Saptami upto 02:25 AM, Sep 04","2026-09-04: Ashtami upto 12:13 AM, Sep 05","2026-09-03: Krittika upto 12:29 AM, Sep 04",2026-09-04: Rohini upto 11:04 PM,2026-09-04 02:25:00 AM,2026-09-04 11:04:00 PM,2026-09-04 06:24:00 AM,2026-09-04 06:51:00 PM,2026-09-05 06:24:00 AM,2026-09-04,2026-09-05 12:37:30 AM,2026-09-05 12:13:30 AM,2026-09-05 01:01:30 AM,True,False,False,True,False,True,True,False,False,,,False,True,,,,,False,False,False,,,,False,20,1,ASHTAMI_ROHINI_OVERLAP_THEN_NEXT_NISHITA,False,,0,,
81,2026-09-05,True,Mumbai,Maharashtra,India,Asia/Kolkata,1275339,Mumbai,06:24 AM,06:50 PM,Navami upto 09:53 PM,Mrigashira upto 09:30 PM,Krishna Paksha,Shaniwara,Shravana,Simha,,True,,2026-09-04 02:25:00 AM,2026-09-05 12:13:00 AM,2026-09-04 12:29:00 AM,2026-09-04 11:04:00 PM,"2026-09-03: Saptami upto 02:25 AM, Sep 04","2026-09-04: Ashtami upto 12:13 AM, Sep 05","2026-09-03: Krittika upto 12:29 AM, Sep 04",2026-09-04: Rohini upto 11:04 PM,2026-09-04 02:25:00 AM,2026-09-04 11:04:00 PM,2026-09-05 06:24:00 AM,2026-09-05 06:50:00 PM,2026-09-06 06:24:00 AM,2026-09-05,2026-09-06 12:37:00 AM,2026-09-06 12:13:00 AM,2026-09-06 01:01:00 AM,False,False,False,False,False,True,True,False,False,,,False,True,,,,,False,False,False,,,,False,20,1,ASHTAMI_ROHINI_OVERLAP_THEN_NEXT_NISHITA,False,,0,,
81,2026-09-06,True,Mumbai,Maharashtra,India,Asia/Kolkata,1275339,Mumbai,06:24 AM,06:49 PM,Dashami upto 07:29 PM,Ardra upto 07:52 PM,Krishna Paksha,Raviwara,Shravana,Simha,,True,,2026-09-04 02:25:00 AM,2026-09-05 12:13:00 AM,2026-09-04 12:29:00 AM,2026-09-04 11:04:00 PM,"2026-09-03: Saptami upto 02:25 AM, Sep 04","2026-09-04: Ashtami upto 12:13 AM, Sep 05","2026-09-03: Krittika upto 12:29 AM, Sep 04",2026-09-04: Rohini upto 11:04 PM,2026-09-04 02:25:00 AM,2026-09-04 11:04:00 PM,2026-09-06 06:24:00 AM,2026-09-06 06:49:00 PM,2026-09-07 06:25:00 AM,2026-09-06,2026-09-07 12:37:00 AM,2026-09-07 12:13:00 AM,2026-09-07 01:01:00 AM,False,False,False,False,False,True,True,False,False,,,False,True,,,,,False,False,False,,,,False,20,1,ASHTAMI_ROHINI_OVERLAP_THEN_NEXT_NISHITA,False,,0,,
82,2026-09-02,True,Kolkata,West Bengal,India,Asia/Kolkata,1275004,Kolkata,05:19 AM,05:53 PM,"Panchami upto 06:12 AM; Shashthi upto 04:25 AM, Sep 03","Bharani upto 01:43 AM, Sep 03",Krishna Paksha,Budhawara,Shravana,Simha,,True,,2026-09-04 02:25:00 AM,2026-09-05 12:13:00 AM,2026-09-04 12:29:00 AM,2026-09-04 11:04:00 PM,"2026-09-03: Saptami upto 02:25 AM, Sep 04","2026-09-04: Ashtami upto 12:13 AM, Sep 05","2026-09-03: Krittika upto 12:29 AM, Sep 04",2026-09-04: Rohini upto 11:04 PM,2026-09-04 02:25:00 AM,2026-09-04 11:04:00 PM,2026-09-02 05:19:00 AM,2026-09-02 05:53:00 PM,2026-09-03 05:20:00 AM,2026-09-02,2026-09-02 11:36:30 PM,2026-09-02 11:12:30 PM,2026-09-03 12:00:30 AM,False,False,False,False,False,True,False,False,False,,,True,False,,,,,False,False,False,,,,True,999,0,ASHTAMI_ROHINI_OVERLAP_WAIT_FOR_NEXT_NISHITA,True,"Ashtami and Rohini overlap, but this night's Nishita is not inside the overlap and is not after the overlap has ended. The Puja belongs to the first Nishita after the joint overlap ends.",0,,
82,2026-09-03,True,Kolkata,West Bengal,India,Asia/Kolkata,1275004,Kolkata,05:20 AM,05:52 PM,"Saptami upto 02:25 AM, Sep 04","Krittika upto 12:29 AM, Sep 04",Krishna Paksha,Guruwara,Shravana,Simha,,True,,2026-09-04 02:25:00 AM,2026-09-05 12:13:00 AM,2026-09-04 12:29:00 AM,2026-09-04 11:04:00 PM,"2026-09-03: Saptami upto 02:25 AM, Sep 04","2026-09-04: Ashtami upto 12:13 AM, Sep 05","2026-09-03: Krittika upto 12:29 AM, Sep 04",2026-09-04: Rohini upto 11:04 PM,2026-09-04 02:25:00 AM,2026-09-04 11:04:00 PM,2026-09-03 05:20:00 AM,2026-09-03 05:52:00 PM,2026-09-04 05:20:00 AM,2026-09-03,2026-09-03 11:36:00 PM,2026-09-03 11:12:00 PM,2026-09-04 12:00:00 AM,False,False,False,True,False,True,False,False,False,,,True,True,,,,,False,False,False,,,,False,999,1,ASHTAMI_ROHINI_OVERLAP_WAIT_FOR_NEXT_NISHITA,True,"Ashtami and Rohini overlap, but this night's Nishita is not inside the overlap and is not after the overlap has ended. The Puja belongs to the first Nishita after the joint overlap ends.",0,,
82,2026-09-04,True,Kolkata,West Bengal,India,Asia/Kolkata,1275004,Kolkata,05:20 AM,05:51 PM,"Ashtami upto 12:13 AM, Sep 05",Rohini upto 11:04 PM,Krishna Paksha,Shukrawara,Shravana,Simha,,True,,2026-09-04 02:25:00 AM,2026-09-05 12:13:00 AM,2026-09-04 12:29:00 AM,2026-09-04 11:04:00 PM,"2026-09-03: Saptami upto 02:25 AM, Sep 04","2026-09-04: Ashtami upto 12:13 AM, Sep 05","2026-09-03: Krittika upto 12:29 AM, Sep 04",2026-09-04: Rohini upto 11:04 PM,2026-09-04 02:25:00 AM,2026-09-04 11:04:00 PM,2026-09-04 05:20:00 AM,2026-09-04 05:51:00 PM,2026-09-05 05:20:00 AM,2026-09-04,2026-09-04 11:35:30 PM,2026-09-04 11:11:30 PM,2026-09-04 11:59:30 PM,True,True,False,True,False,True,True,False,False,,,False,True,,,,,False,False,False,,,,False,20,1,ASHTAMI_ROHINI_OVERLAP_THEN_NEXT_NISHITA,False,,0,,
82,2026-09-05,True,Kolkata,West Bengal,India,Asia/Kolkata,1275004,Kolkata,05:20 AM,05:50 PM,Navami upto 09:53 PM,Mrigashira upto 09:30 PM,Krishna Paksha,Shaniwara,Shravana,Simha,,True,,2026-09-04 02:25:00 AM,2026-09-05 12:13:00 AM,2026-09-04 12:29:00 AM,2026-09-04 11:04:00 PM,"2026-09-03: Saptami upto 02:25 AM, Sep 04","2026-09-04: Ashtami upto 12:13 AM, Sep 05","2026-09-03: Krittika upto 12:29 AM, Sep 04",2026-09-04: Rohini upto 11:04 PM,2026-09-04 02:25:00 AM,2026-09-04 11:04:00 PM,2026-09-05 05:20:00 AM,2026-09-05 05:50:00 PM,2026-09-06 05:20:00 AM,2026-09-05,2026-09-05 11:35:00 PM,2026-09-05 11:11:00 PM,2026-09-05 11:59:00 PM,False,False,False,False,False,True,True,False,False,,,False,True,,,,,False,False,False,,,,False,20,1,ASHTAMI_ROHINI_OVERLAP_THEN_NEXT_NISHITA,False,,0,,
82,2026-09-06,True,Kolkata,West Bengal,India,Asia/Kolkata,1275004,Kolkata,05:20 AM,05:49 PM,Dashami upto 07:29 PM,Ardra upto 07:52 PM,Krishna Paksha,Raviwara,Shravana,Simha,,True,,2026-09-04 02:25:00 AM,2026-09-05 12:13:00 AM,2026-09-04 12:29:00 AM,2026-09-04 11:04:00 PM,"2026-09-03: Saptami upto 02:25 AM, Sep 04","2026-09-04: Ashtami upto 12:13 AM, Sep 05","2026-09-03: Krittika upto 12:29 AM, Sep 04",2026-09-04: Rohini upto 11:04 PM,2026-09-04 02:25:00 AM,2026-09-04 11:04:00 PM,2026-09-06 05:20:00 AM,2026-09-06 05:49:00 PM,2026-09-07 05:21:00 AM,2026-09-06,2026-09-06 11:35:00 PM,2026-09-06 11:11:00 PM,2026-09-06 11:59:00 PM,False,False,False,False,False,True,True,False,False,,,False,True,,,,,False,False,False,,,,False,20,1,ASHTAMI_ROHINI_OVERLAP_THEN_NEXT_NISHITA,False,,0,,
83,2026-09-02,True,Bhubaneswar,Odisha,India,Asia/Kolkata,1275817,Bhubaneswar,05:31 AM,06:01 PM,"Panchami upto 06:12 AM; Shashthi upto 04:25 AM, Sep 03","Bharani upto 01:43 AM, Sep 03",Krishna Paksha,Budhawara,Shravana,Simha,,True,,2026-09-04 02:25:00 AM,2026-09-05 12:13:00 AM,2026-09-04 12:29:00 AM,2026-09-04 11:04:00 PM,"2026-09-03: Saptami upto 02:25 AM, Sep 04","2026-09-04: Ashtami upto 12:13 AM, Sep 05","2026-09-03: Krittika upto 12:29 AM, Sep 04",2026-09-04: Rohini upto 11:04 PM,2026-09-04 02:25:00 AM,2026-09-04 11:04:00 PM,2026-09-02 05:31:00 AM,2026-09-02 06:01:00 PM,2026-09-03 05:31:00 AM,2026-09-02,2026-09-02 11:46:00 PM,2026-09-02 11:22:00 PM,2026-09-03 12:10:00 AM,False,False,False,False,False,True,False,False,False,,,True,False,,,,,False,False,False,,,,True,999,0,ASHTAMI_ROHINI_OVERLAP_WAIT_FOR_NEXT_NISHITA,True,"Ashtami and Rohini overlap, but this night's Nishita is not inside the overlap and is not after the overlap has ended. The Puja belongs to the first Nishita after the joint overlap ends.",0,,
83,2026-09-03,True,Bhubaneswar,Odisha,India,Asia/Kolkata,1275817,Bhubaneswar,05:31 AM,06:01 PM,"Saptami upto 02:25 AM, Sep 04","Krittika upto 12:29 AM, Sep 04",Krishna Paksha,Guruwara,Shravana,Simha,,True,,2026-09-04 02:25:00 AM,2026-09-05 12:13:00 AM,2026-09-04 12:29:00 AM,2026-09-04 11:04:00 PM,"2026-09-03: Saptami upto 02:25 AM, Sep 04","2026-09-04: Ashtami upto 12:13 AM, Sep 05","2026-09-03: Krittika upto 12:29 AM, Sep 04",2026-09-04: Rohini upto 11:04 PM,2026-09-04 02:25:00 AM,2026-09-04 11:04:00 PM,2026-09-03 05:31:00 AM,2026-09-03 06:01:00 PM,2026-09-04 05:31:00 AM,2026-09-03,2026-09-03 11:46:00 PM,2026-09-03 11:22:00 PM,2026-09-04 12:10:00 AM,False,False,False,True,False,True,False,False,False,,,True,True,,,,,False,False,False,,,,False,999,1,ASHTAMI_ROHINI_OVERLAP_WAIT_FOR_NEXT_NISHITA,True,"Ashtami and Rohini overlap, but this night's Nishita is not inside the overlap and is not after the overlap has ended. The Puja belongs to the first Nishita after the joint overlap ends.",0,,
83,2026-09-04,True,Bhubaneswar,Odisha,India,Asia/Kolkata,1275817,Bhubaneswar,05:31 AM,06:00 PM,"Ashtami upto 12:13 AM, Sep 05",Rohini upto 11:04 PM,Krishna Paksha,Shukrawara,Shravana,Simha,,True,,2026-09-04 02:25:00 AM,2026-09-05 12:13:00 AM,2026-09-04 12:29:00 AM,2026-09-04 11:04:00 PM,"2026-09-03: Saptami upto 02:25 AM, Sep 04","2026-09-04: Ashtami upto 12:13 AM, Sep 05","2026-09-03: Krittika upto 12:29 AM, Sep 04",2026-09-04: Rohini upto 11:04 PM,2026-09-04 02:25:00 AM,2026-09-04 11:04:00 PM,2026-09-04 05:31:00 AM,2026-09-04 06:00:00 PM,2026-09-05 05:32:00 AM,2026-09-04,2026-09-04 11:46:00 PM,2026-09-04 11:22:00 PM,2026-09-05 12:10:00 AM,True,True,False,True,False,True,True,False,False,,,False,True,,,,,False,False,False,,,,False,20,1,ASHTAMI_ROHINI_OVERLAP_THEN_NEXT_NISHITA,False,,0,,
83,2026-09-05,True,Bhubaneswar,Odisha,India,Asia/Kolkata,1275817,Bhubaneswar,05:32 AM,05:59 PM,Navami upto 09:53 PM,Mrigashira upto 09:30 PM,Krishna Paksha,Shaniwara,Shravana,Simha,,True,,2026-09-04 02:25:00 AM,2026-09-05 12:13:00 AM,2026-09-04 12:29:00 AM,2026-09-04 11:04:00 PM,"2026-09-03: Saptami upto 02:25 AM, Sep 04","2026-09-04: Ashtami upto 12:13 AM, Sep 05","2026-09-03: Krittika upto 12:29 AM, Sep 04",2026-09-04: Rohini upto 11:04 PM,2026-09-04 02:25:00 AM,2026-09-04 11:04:00 PM,2026-09-05 05:32:00 AM,2026-09-05 05:59:00 PM,2026-09-06 05:32:00 AM,2026-09-05,2026-09-05 11:45:30 PM,2026-09-05 11:21:30 PM,2026-09-06 12:09:30 AM,False,False,False,False,False,True,True,False,False,,,False,True,,,,,False,False,False,,,,False,20,1,ASHTAMI_ROHINI_OVERLAP_THEN_NEXT_NISHITA,False,,0,,
83,2026-09-06,True,Bhubaneswar,Odisha,India,Asia/Kolkata,1275817,Bhubaneswar,05:32 AM,05:58 PM,Dashami upto 07:29 PM,Ardra upto 07:52 PM,Krishna Paksha,Raviwara,Shravana,Simha,,True,,2026-09-04 02:25:00 AM,2026-09-05 12:13:00 AM,2026-09-04 12:29:00 AM,2026-09-04 11:04:00 PM,"2026-09-03: Saptami upto 02:25 AM, Sep 04","2026-09-04: Ashtami upto 12:13 AM, Sep 05","2026-09-03: Krittika upto 12:29 AM, Sep 04",2026-09-04: Rohini upto 11:04 PM,2026-09-04 02:25:00 AM,2026-09-04 11:04:00 PM,2026-09-06 05:32:00 AM,2026-09-06 05:58:00 PM,2026-09-07 05:32:00 AM,2026-09-06,2026-09-06 11:45:00 PM,2026-09-06 11:21:00 PM,2026-09-07 12:09:00 AM,False,False,False,False,False,True,True,False,False,,,False,True,,,,,False,False,False,,,,False,20,1,ASHTAMI_ROHINI_OVERLAP_THEN_NEXT_NISHITA,False,,0,,
84,2026-09-02,True,Tirupati,Andhra Pradesh,India,Asia/Kolkata,1254360,Tirupati,06:01 AM,06:23 PM,"Panchami upto 06:12 AM; Shashthi upto 04:25 AM, Sep 03","Bharani upto 01:43 AM, Sep 03",Krishna Paksha,Budhawara,Shravana,Simha,,True,,2026-09-04 02:25:00 AM,2026-09-05 12:13:00 AM,2026-09-04 12:29:00 AM,2026-09-04 11:04:00 PM,"2026-09-03: Saptami upto 02:25 AM, Sep 04","2026-09-04: Ashtami upto 12:13 AM, Sep 05","2026-09-03: Krittika upto 12:29 AM, Sep 04",2026-09-04: Rohini upto 11:04 PM,2026-09-04 02:25:00 AM,2026-09-04 11:04:00 PM,2026-09-02 06:01:00 AM,2026-09-02 06:23:00 PM,2026-09-03 06:01:00 AM,2026-09-02,2026-09-03 12:12:00 AM,2026-09-02 11:48:00 PM,2026-09-03 12:36:00 AM,False,False,False,False,False,True,False,False,False,,,True,False,,,,,False,False,False,,,,True,999,0,ASHTAMI_ROHINI_OVERLAP_WAIT_FOR_NEXT_NISHITA,True,"Ashtami and Rohini overlap, but this night's Nishita is not inside the overlap and is not after the overlap has ended. The Puja belongs to the first Nishita after the joint overlap ends.",0,,
84,2026-09-03,True,Tirupati,Andhra Pradesh,India,Asia/Kolkata,1254360,Tirupati,06:01 AM,06:22 PM,"Saptami upto 02:25 AM, Sep 04","Krittika upto 12:29 AM, Sep 04",Krishna Paksha,Guruwara,Shravana,Simha,,True,,2026-09-04 02:25:00 AM,2026-09-05 12:13:00 AM,2026-09-04 12:29:00 AM,2026-09-04 11:04:00 PM,"2026-09-03: Saptami upto 02:25 AM, Sep 04","2026-09-04: Ashtami upto 12:13 AM, Sep 05","2026-09-03: Krittika upto 12:29 AM, Sep 04",2026-09-04: Rohini upto 11:04 PM,2026-09-04 02:25:00 AM,2026-09-04 11:04:00 PM,2026-09-03 06:01:00 AM,2026-09-03 06:22:00 PM,2026-09-04 06:01:00 AM,2026-09-03,2026-09-04 12:11:30 AM,2026-09-03 11:47:30 PM,2026-09-04 12:35:30 AM,False,False,False,True,False,True,False,False,False,,,True,True,,,,,False,False,False,,,,False,999,1,ASHTAMI_ROHINI_OVERLAP_WAIT_FOR_NEXT_NISHITA,True,"Ashtami and Rohini overlap, but this night's Nishita is not inside the overlap and is not after the overlap has ended. The Puja belongs to the first Nishita after the joint overlap ends.",0,,
84,2026-09-04,True,Tirupati,Andhra Pradesh,India,Asia/Kolkata,1254360,Tirupati,06:01 AM,06:22 PM,"Ashtami upto 12:13 AM, Sep 05",Rohini upto 11:04 PM,Krishna Paksha,Shukrawara,Shravana,Simha,,True,,2026-09-04 02:25:00 AM,2026-09-05 12:13:00 AM,2026-09-04 12:29:00 AM,2026-09-04 11:04:00 PM,"2026-09-03: Saptami upto 02:25 AM, Sep 04","2026-09-04: Ashtami upto 12:13 AM, Sep 05","2026-09-03: Krittika upto 12:29 AM, Sep 04",2026-09-04: Rohini upto 11:04 PM,2026-09-04 02:25:00 AM,2026-09-04 11:04:00 PM,2026-09-04 06:01:00 AM,2026-09-04 06:22:00 PM,2026-09-05 06:01:00 AM,2026-09-04,2026-09-05 12:11:30 AM,2026-09-04 11:47:30 PM,2026-09-05 12:35:30 AM,True,True,False,True,False,True,True,False,False,,,False,True,,,,,False,False,False,,,,False,20,1,ASHTAMI_ROHINI_OVERLAP_THEN_NEXT_NISHITA,False,,0,,
84,2026-09-05,True,Tirupati,Andhra Pradesh,India,Asia/Kolkata,1254360,Tirupati,06:01 AM,06:21 PM,Navami upto 09:53 PM,Mrigashira upto 09:30 PM,Krishna Paksha,Shaniwara,Shravana,Simha,,True,,2026-09-04 02:25:00 AM,2026-09-05 12:13:00 AM,2026-09-04 12:29:00 AM,2026-09-04 11:04:00 PM,"2026-09-03: Saptami upto 02:25 AM, Sep 04","2026-09-04: Ashtami upto 12:13 AM, Sep 05","2026-09-03: Krittika upto 12:29 AM, Sep 04",2026-09-04: Rohini upto 11:04 PM,2026-09-04 02:25:00 AM,2026-09-04 11:04:00 PM,2026-09-05 06:01:00 AM,2026-09-05 06:21:00 PM,2026-09-06 06:01:00 AM,2026-09-05,2026-09-06 12:11:00 AM,2026-09-05 11:47:00 PM,2026-09-06 12:35:00 AM,False,False,False,False,False,True,True,False,False,,,False,True,,,,,False,False,False,,,,False,20,1,ASHTAMI_ROHINI_OVERLAP_THEN_NEXT_NISHITA,False,,0,,
84,2026-09-06,True,Tirupati,Andhra Pradesh,India,Asia/Kolkata,1254360,Tirupati,06:01 AM,06:20 PM,Dashami upto 07:29 PM,Ardra upto 07:52 PM,Krishna Paksha,Raviwara,Shravana,Simha,,True,,2026-09-04 02:25:00 AM,2026-09-05 12:13:00 AM,2026-09-04 12:29:00 AM,2026-09-04 11:04:00 PM,"2026-09-03: Saptami upto 02:25 AM, Sep 04","2026-09-04: Ashtami upto 12:13 AM, Sep 05","2026-09-03: Krittika upto 12:29 AM, Sep 04",2026-09-04: Rohini upto 11:04 PM,2026-09-04 02:25:00 AM,2026-09-04 11:04:00 PM,2026-09-06 06:01:00 AM,2026-09-06 06:20:00 PM,2026-09-07 06:01:00 AM,2026-09-06,2026-09-07 12:10:30 AM,2026-09-06 11:46:30 PM,2026-09-07 12:34:30 AM,False,False,False,False,False,True,True,False,False,,,False,True,,,,,False,False,False,,,,False,20,1,ASHTAMI_ROHINI_OVERLAP_THEN_NEXT_NISHITA,False,,0,,
85,2026-09-02,True,Bhopal,Madhya Pradesh,India,Asia/Kolkata,1275841,Bhopal,06:03 AM,06:37 PM,"Panchami upto 06:12 AM; Shashthi upto 04:25 AM, Sep 03","Bharani upto 01:43 AM, Sep 03",Krishna Paksha,Budhawara,Shravana,Simha,,True,,2026-09-04 02:25:00 AM,2026-09-05 12:13:00 AM,2026-09-04 12:29:00 AM,2026-09-04 11:04:00 PM,"2026-09-03: Saptami upto 02:25 AM, Sep 04","2026-09-04: Ashtami upto 12:13 AM, Sep 05","2026-09-03: Krittika upto 12:29 AM, Sep 04",2026-09-04: Rohini upto 11:04 PM,2026-09-04 02:25:00 AM,2026-09-04 11:04:00 PM,2026-09-02 06:03:00 AM,2026-09-02 06:37:00 PM,2026-09-03 06:03:00 AM,2026-09-02,2026-09-03 12:20:00 AM,2026-09-02 11:56:00 PM,2026-09-03 12:44:00 AM,False,False,False,False,False,True,False,False,False,,,True,False,,,,,False,False,False,,,,True,999,0,ASHTAMI_ROHINI_OVERLAP_WAIT_FOR_NEXT_NISHITA,True,"Ashtami and Rohini overlap, but this night's Nishita is not inside the overlap and is not after the overlap has ended. The Puja belongs to the first Nishita after the joint overlap ends.",0,,
85,2026-09-03,True,Bhopal,Madhya Pradesh,India,Asia/Kolkata,1275841,Bhopal,06:03 AM,06:36 PM,"Saptami upto 02:25 AM, Sep 04","Krittika upto 12:29 AM, Sep 04",Krishna Paksha,Guruwara,Shravana,Simha,,True,,2026-09-04 02:25:00 AM,2026-09-05 12:13:00 AM,2026-09-04 12:29:00 AM,2026-09-04 11:04:00 PM,"2026-09-03: Saptami upto 02:25 AM, Sep 04","2026-09-04: Ashtami upto 12:13 AM, Sep 05","2026-09-03: Krittika upto 12:29 AM, Sep 04",2026-09-04: Rohini upto 11:04 PM,2026-09-04 02:25:00 AM,2026-09-04 11:04:00 PM,2026-09-03 06:03:00 AM,2026-09-03 06:36:00 PM,2026-09-04 06:03:00 AM,2026-09-03,2026-09-04 12:19:30 AM,2026-09-03 11:55:30 PM,2026-09-04 12:43:30 AM,False,False,False,True,False,True,False,False,False,,,True,True,,,,,False,False,False,,,,False,999,1,ASHTAMI_ROHINI_OVERLAP_WAIT_FOR_NEXT_NISHITA,True,"Ashtami and Rohini overlap, but this night's Nishita is not inside the overlap and is not after the overlap has ended. The Puja belongs to the first Nishita after the joint overlap ends.",0,,
85,2026-09-04,True,Bhopal,Madhya Pradesh,India,Asia/Kolkata,1275841,Bhopal,06:03 AM,06:35 PM,"Ashtami upto 12:13 AM, Sep 05",Rohini upto 11:04 PM,Krishna Paksha,Shukrawara,Shravana,Simha,,True,,2026-09-04 02:25:00 AM,2026-09-05 12:13:00 AM,2026-09-04 12:29:00 AM,2026-09-04 11:04:00 PM,"2026-09-03: Saptami upto 02:25 AM, Sep 04","2026-09-04: Ashtami upto 12:13 AM, Sep 05","2026-09-03: Krittika upto 12:29 AM, Sep 04",2026-09-04: Rohini upto 11:04 PM,2026-09-04 02:25:00 AM,2026-09-04 11:04:00 PM,2026-09-04 06:03:00 AM,2026-09-04 06:35:00 PM,2026-09-05 06:04:00 AM,2026-09-04,2026-09-05 12:19:30 AM,2026-09-04 11:55:30 PM,2026-09-05 12:43:30 AM,True,False,False,True,False,True,True,False,False,,,False,True,,,,,False,False,False,,,,False,20,1,ASHTAMI_ROHINI_OVERLAP_THEN_NEXT_NISHITA,False,,0,,
85,2026-09-05,True,Bhopal,Madhya Pradesh,India,Asia/Kolkata,1275841,Bhopal,06:04 AM,06:34 PM,Navami upto 09:53 PM,Mrigashira upto 09:30 PM,Krishna Paksha,Shaniwara,Shravana,Simha,,True,,2026-09-04 02:25:00 AM,2026-09-05 12:13:00 AM,2026-09-04 12:29:00 AM,2026-09-04 11:04:00 PM,"2026-09-03: Saptami upto 02:25 AM, Sep 04","2026-09-04: Ashtami upto 12:13 AM, Sep 05","2026-09-03: Krittika upto 12:29 AM, Sep 04",2026-09-04: Rohini upto 11:04 PM,2026-09-04 02:25:00 AM,2026-09-04 11:04:00 PM,2026-09-05 06:04:00 AM,2026-09-05 06:34:00 PM,2026-09-06 06:04:00 AM,2026-09-05,2026-09-06 12:19:00 AM,2026-09-05 11:55:00 PM,2026-09-06 12:43:00 AM,False,False,False,False,False,True,True,False,False,,,False,True,,,,,False,False,False,,,,False,20,1,ASHTAMI_ROHINI_OVERLAP_THEN_NEXT_NISHITA,False,,0,,
85,2026-09-06,True,Bhopal,Madhya Pradesh,India,Asia/Kolkata,1275841,Bhopal,06:04 AM,06:33 PM,Dashami upto 07:29 PM,Ardra upto 07:52 PM,Krishna Paksha,Raviwara,Shravana,Simha,,True,,2026-09-04 02:25:00 AM,2026-09-05 12:13:00 AM,2026-09-04 12:29:00 AM,2026-09-04 11:04:00 PM,"2026-09-03: Saptami upto 02:25 AM, Sep 04","2026-09-04: Ashtami upto 12:13 AM, Sep 05","2026-09-03: Krittika upto 12:29 AM, Sep 04",2026-09-04: Rohini upto 11:04 PM,2026-09-04 02:25:00 AM,2026-09-04 11:04:00 PM,2026-09-06 06:04:00 AM,2026-09-06 06:33:00 PM,2026-09-07 06:04:00 AM,2026-09-06,2026-09-07 12:18:30 AM,2026-09-06 11:54:30 PM,2026-09-07 12:42:30 AM,False,False,False,False,False,True,True,False,False,,,False,True,,,,,False,False,False,,,,False,20,1,ASHTAMI_ROHINI_OVERLAP_THEN_NEXT_NISHITA,False,,0,,
86,2026-09-02,True,Varanasi,Uttar Pradesh,India,Asia/Kolkata,1253405,Varanasi,05:39 AM,06:16 PM,"Panchami upto 06:12 AM; Shashthi upto 04:25 AM, Sep 03","Bharani upto 01:43 AM, Sep 03",Krishna Paksha,Budhawara,Shravana,Simha,,True,,2026-09-04 02:25:00 AM,2026-09-05 12:13:00 AM,2026-09-04 12:29:00 AM,2026-09-04 11:04:00 PM,"2026-09-03: Saptami upto 02:25 AM, Sep 04","2026-09-04: Ashtami upto 12:13 AM, Sep 05","2026-09-03: Krittika upto 12:29 AM, Sep 04",2026-09-04: Rohini upto 11:04 PM,2026-09-04 02:25:00 AM,2026-09-04 11:04:00 PM,2026-09-02 05:39:00 AM,2026-09-02 06:16:00 PM,2026-09-03 05:39:00 AM,2026-09-02,2026-09-02 11:57:30 PM,2026-09-02 11:33:30 PM,2026-09-03 12:21:30 AM,False,False,False,False,False,True,False,False,False,,,True,False,,,,,False,False,False,,,,True,999,0,ASHTAMI_ROHINI_OVERLAP_WAIT_FOR_NEXT_NISHITA,True,"Ashtami and Rohini overlap, but this night's Nishita is not inside the overlap and is not after the overlap has ended. The Puja belongs to the first Nishita after the joint overlap ends.",0,,
86,2026-09-03,True,Varanasi,Uttar Pradesh,India,Asia/Kolkata,1253405,Varanasi,05:39 AM,06:15 PM,"Saptami upto 02:25 AM, Sep 04","Krittika upto 12:29 AM, Sep 04",Krishna Paksha,Guruwara,Shravana,Simha,,True,,2026-09-04 02:25:00 AM,2026-09-05 12:13:00 AM,2026-09-04 12:29:00 AM,2026-09-04 11:04:00 PM,"2026-09-03: Saptami upto 02:25 AM, Sep 04","2026-09-04: Ashtami upto 12:13 AM, Sep 05","2026-09-03: Krittika upto 12:29 AM, Sep 04",2026-09-04: Rohini upto 11:04 PM,2026-09-04 02:25:00 AM,2026-09-04 11:04:00 PM,2026-09-03 05:39:00 AM,2026-09-03 06:15:00 PM,2026-09-04 05:40:00 AM,2026-09-03,2026-09-03 11:57:30 PM,2026-09-03 11:33:30 PM,2026-09-04 12:21:30 AM,False,False,False,True,False,True,False,False,False,,,True,True,,,,,False,False,False,,,,False,999,1,ASHTAMI_ROHINI_OVERLAP_WAIT_FOR_NEXT_NISHITA,True,"Ashtami and Rohini overlap, but this night's Nishita is not inside the overlap and is not after the overlap has ended. The Puja belongs to the first Nishita after the joint overlap ends.",0,,
86,2026-09-04,True,Varanasi,Uttar Pradesh,India,Asia/Kolkata,1253405,Varanasi,05:40 AM,06:14 PM,"Ashtami upto 12:13 AM, Sep 05",Rohini upto 11:04 PM,Krishna Paksha,Shukrawara,Shravana,Simha,,True,,2026-09-04 02:25:00 AM,2026-09-05 12:13:00 AM,2026-09-04 12:29:00 AM,2026-09-04 11:04:00 PM,"2026-09-03: Saptami upto 02:25 AM, Sep 04","2026-09-04: Ashtami upto 12:13 AM, Sep 05","2026-09-03: Krittika upto 12:29 AM, Sep 04",2026-09-04: Rohini upto 11:04 PM,2026-09-04 02:25:00 AM,2026-09-04 11:04:00 PM,2026-09-04 05:40:00 AM,2026-09-04 06:14:00 PM,2026-09-05 05:40:00 AM,2026-09-04,2026-09-04 11:57:00 PM,2026-09-04 11:33:00 PM,2026-09-05 12:21:00 AM,True,True,False,True,False,True,True,False,False,,,False,True,,,,,False,False,False,,,,False,20,1,ASHTAMI_ROHINI_OVERLAP_THEN_NEXT_NISHITA,False,,0,,
86,2026-09-05,True,Varanasi,Uttar Pradesh,India,Asia/Kolkata,1253405,Varanasi,05:40 AM,06:13 PM,Navami upto 09:53 PM,Mrigashira upto 09:30 PM,Krishna Paksha,Shaniwara,Shravana,Simha,,True,,2026-09-04 02:25:00 AM,2026-09-05 12:13:00 AM,2026-09-04 12:29:00 AM,2026-09-04 11:04:00 PM,"2026-09-03: Saptami upto 02:25 AM, Sep 04","2026-09-04: Ashtami upto 12:13 AM, Sep 05","2026-09-03: Krittika upto 12:29 AM, Sep 04",2026-09-04: Rohini upto 11:04 PM,2026-09-04 02:25:00 AM,2026-09-04 11:04:00 PM,2026-09-05 05:40:00 AM,2026-09-05 06:13:00 PM,2026-09-06 05:40:00 AM,2026-09-05,2026-09-05 11:56:30 PM,2026-09-05 11:32:30 PM,2026-09-06 12:20:30 AM,False,False,False,False,False,True,True,False,False,,,False,True,,,,,False,False,False,,,,False,20,1,ASHTAMI_ROHINI_OVERLAP_THEN_NEXT_NISHITA,False,,0,,
86,2026-09-06,True,Varanasi,Uttar Pradesh,India,Asia/Kolkata,1253405,Varanasi,05:40 AM,06:12 PM,Dashami upto 07:29 PM,Ardra upto 07:52 PM,Krishna Paksha,Raviwara,Shravana,Simha,,True,,2026-09-04 02:25:00 AM,2026-09-05 12:13:00 AM,2026-09-04 12:29:00 AM,2026-09-04 11:04:00 PM,"2026-09-03: Saptami upto 02:25 AM, Sep 04","2026-09-04: Ashtami upto 12:13 AM, Sep 05","2026-09-03: Krittika upto 12:29 AM, Sep 04",2026-09-04: Rohini upto 11:04 PM,2026-09-04 02:25:00 AM,2026-09-04 11:04:00 PM,2026-09-06 05:40:00 AM,2026-09-06 06:12:00 PM,2026-09-07 05:41:00 AM,2026-09-06,2026-09-06 11:56:30 PM,2026-09-06 11:32:30 PM,2026-09-07 12:20:30 AM,False,False,False,False,False,True,True,False,False,,,False,True,,,,,False,False,False,,,,False,20,1,ASHTAMI_ROHINI_OVERLAP_THEN_NEXT_NISHITA,False,,0,,
87,2026-09-02,True,Prayagraj,Uttar Pradesh,India,Asia/Kolkata,1278994,Prayagraj,05:43 AM,06:21 PM,"Panchami upto 06:12 AM; Shashthi upto 04:25 AM, Sep 03","Bharani upto 01:43 AM, Sep 03",Krishna Paksha,Budhawara,Shravana,Simha,,True,,2026-09-04 02:25:00 AM,2026-09-05 12:13:00 AM,2026-09-04 12:29:00 AM,2026-09-04 11:04:00 PM,"2026-09-03: Saptami upto 02:25 AM, Sep 04","2026-09-04: Ashtami upto 12:13 AM, Sep 05","2026-09-03: Krittika upto 12:29 AM, Sep 04",2026-09-04: Rohini upto 11:04 PM,2026-09-04 02:25:00 AM,2026-09-04 11:04:00 PM,2026-09-02 05:43:00 AM,2026-09-02 06:21:00 PM,2026-09-03 05:44:00 AM,2026-09-02,2026-09-03 12:02:30 AM,2026-09-02 11:38:30 PM,2026-09-03 12:26:30 AM,False,False,False,False,False,True,False,False,False,,,True,False,,,,,False,False,False,,,,True,999,0,ASHTAMI_ROHINI_OVERLAP_WAIT_FOR_NEXT_NISHITA,True,"Ashtami and Rohini overlap, but this night's Nishita is not inside the overlap and is not after the overlap has ended. The Puja belongs to the first Nishita after the joint overlap ends.",0,,
87,2026-09-03,True,Prayagraj,Uttar Pradesh,India,Asia/Kolkata,1278994,Prayagraj,05:44 AM,06:20 PM,"Saptami upto 02:25 AM, Sep 04","Krittika upto 12:29 AM, Sep 04",Krishna Paksha,Guruwara,Shravana,Simha,,True,,2026-09-04 02:25:00 AM,2026-09-05 12:13:00 AM,2026-09-04 12:29:00 AM,2026-09-04 11:04:00 PM,"2026-09-03: Saptami upto 02:25 AM, Sep 04","2026-09-04: Ashtami upto 12:13 AM, Sep 05","2026-09-03: Krittika upto 12:29 AM, Sep 04",2026-09-04: Rohini upto 11:04 PM,2026-09-04 02:25:00 AM,2026-09-04 11:04:00 PM,2026-09-03 05:44:00 AM,2026-09-03 06:20:00 PM,2026-09-04 05:44:00 AM,2026-09-03,2026-09-04 12:02:00 AM,2026-09-03 11:38:00 PM,2026-09-04 12:26:00 AM,False,False,False,True,False,True,False,False,False,,,True,True,,,,,False,False,False,,,,False,999,1,ASHTAMI_ROHINI_OVERLAP_WAIT_FOR_NEXT_NISHITA,True,"Ashtami and Rohini overlap, but this night's Nishita is not inside the overlap and is not after the overlap has ended. The Puja belongs to the first Nishita after the joint overlap ends.",0,,
87,2026-09-04,True,Prayagraj,Uttar Pradesh,India,Asia/Kolkata,1278994,Prayagraj,05:44 AM,06:19 PM,"Ashtami upto 12:13 AM, Sep 05",Rohini upto 11:04 PM,Krishna Paksha,Shukrawara,Shravana,Simha,,True,,2026-09-04 02:25:00 AM,2026-09-05 12:13:00 AM,2026-09-04 12:29:00 AM,2026-09-04 11:04:00 PM,"2026-09-03: Saptami upto 02:25 AM, Sep 04","2026-09-04: Ashtami upto 12:13 AM, Sep 05","2026-09-03: Krittika upto 12:29 AM, Sep 04",2026-09-04: Rohini upto 11:04 PM,2026-09-04 02:25:00 AM,2026-09-04 11:04:00 PM,2026-09-04 05:44:00 AM,2026-09-04 06:19:00 PM,2026-09-05 05:45:00 AM,2026-09-04,2026-09-05 12:02:00 AM,2026-09-04 11:38:00 PM,2026-09-05 12:26:00 AM,True,True,False,True,False,True,True,False,False,,,False,True,,,,,False,False,False,,,,False,20,1,ASHTAMI_ROHINI_OVERLAP_THEN_NEXT_NISHITA,False,,0,,
87,2026-09-05,True,Prayagraj,Uttar Pradesh,India,Asia/Kolkata,1278994,Prayagraj,05:45 AM,06:18 PM,Navami upto 09:53 PM,Mrigashira upto 09:30 PM,Krishna Paksha,Shaniwara,Shravana,Simha,,True,,2026-09-04 02:25:00 AM,2026-09-05 12:13:00 AM,2026-09-04 12:29:00 AM,2026-09-04 11:04:00 PM,"2026-09-03: Saptami upto 02:25 AM, Sep 04","2026-09-04: Ashtami upto 12:13 AM, Sep 05","2026-09-03: Krittika upto 12:29 AM, Sep 04",2026-09-04: Rohini upto 11:04 PM,2026-09-04 02:25:00 AM,2026-09-04 11:04:00 PM,2026-09-05 05:45:00 AM,2026-09-05 06:18:00 PM,2026-09-06 05:45:00 AM,2026-09-05,2026-09-06 12:01:30 AM,2026-09-05 11:37:30 PM,2026-09-06 12:25:30 AM,False,False,False,False,False,True,True,False,False,,,False,True,,,,,False,False,False,,,,False,20,1,ASHTAMI_ROHINI_OVERLAP_THEN_NEXT_NISHITA,False,,0,,
87,2026-09-06,True,Prayagraj,Uttar Pradesh,India,Asia/Kolkata,1278994,Prayagraj,05:45 AM,06:17 PM,Dashami upto 07:29 PM,Ardra upto 07:52 PM,Krishna Paksha,Raviwara,Shravana,Simha,,True,,2026-09-04 02:25:00 AM,2026-09-05 12:13:00 AM,2026-09-04 12:29:00 AM,2026-09-04 11:04:00 PM,"2026-09-03: Saptami upto 02:25 AM, Sep 04","2026-09-04: Ashtami upto 12:13 AM, Sep 05","2026-09-03: Krittika upto 12:29 AM, Sep 04",2026-09-04: Rohini upto 11:04 PM,2026-09-04 02:25:00 AM,2026-09-04 11:04:00 PM,2026-09-06 05:45:00 AM,2026-09-06 06:17:00 PM,2026-09-07 05:45:00 AM,2026-09-06,2026-09-07 12:01:00 AM,2026-09-06 11:37:00 PM,2026-09-07 12:25:00 AM,False,False,False,False,False,True,True,False,False,,,False,True,,,,,False,False,False,,,,False,20,1,ASHTAMI_ROHINI_OVERLAP_THEN_NEXT_NISHITA,False,,0,,
88,2026-09-02,True,Lucknow,Uttar Pradesh,India,Asia/Kolkata,1264733,Lucknow,05:46 AM,06:26 PM,"Panchami upto 06:12 AM; Shashthi upto 04:25 AM, Sep 03","Bharani upto 01:43 AM, Sep 03",Krishna Paksha,Budhawara,Shravana,Simha,,True,,2026-09-04 02:25:00 AM,2026-09-05 12:13:00 AM,2026-09-04 12:29:00 AM,2026-09-04 11:04:00 PM,"2026-09-03: Saptami upto 02:25 AM, Sep 04","2026-09-04: Ashtami upto 12:13 AM, Sep 05","2026-09-03: Krittika upto 12:29 AM, Sep 04",2026-09-04: Rohini upto 11:04 PM,2026-09-04 02:25:00 AM,2026-09-04 11:04:00 PM,2026-09-02 05:46:00 AM,2026-09-02 06:26:00 PM,2026-09-03 05:46:00 AM,2026-09-02,2026-09-03 12:06:00 AM,2026-09-02 11:42:00 PM,2026-09-03 12:30:00 AM,False,False,False,False,False,True,False,False,False,,,True,False,,,,,False,False,False,,,,True,999,0,ASHTAMI_ROHINI_OVERLAP_WAIT_FOR_NEXT_NISHITA,True,"Ashtami and Rohini overlap, but this night's Nishita is not inside the overlap and is not after the overlap has ended. The Puja belongs to the first Nishita after the joint overlap ends.",0,,
88,2026-09-03,True,Lucknow,Uttar Pradesh,India,Asia/Kolkata,1264733,Lucknow,05:46 AM,06:24 PM,"Saptami upto 02:25 AM, Sep 04","Krittika upto 12:29 AM, Sep 04",Krishna Paksha,Guruwara,Shravana,Simha,,True,,2026-09-04 02:25:00 AM,2026-09-05 12:13:00 AM,2026-09-04 12:29:00 AM,2026-09-04 11:04:00 PM,"2026-09-03: Saptami upto 02:25 AM, Sep 04","2026-09-04: Ashtami upto 12:13 AM, Sep 05","2026-09-03: Krittika upto 12:29 AM, Sep 04",2026-09-04: Rohini upto 11:04 PM,2026-09-04 02:25:00 AM,2026-09-04 11:04:00 PM,2026-09-03 05:46:00 AM,2026-09-03 06:24:00 PM,2026-09-04 05:47:00 AM,2026-09-03,2026-09-04 12:05:30 AM,2026-09-03 11:41:30 PM,2026-09-04 12:29:30 AM,False,False,False,True,False,True,False,False,False,,,True,True,,,,,False,False,False,,,,False,999,1,ASHTAMI_ROHINI_OVERLAP_WAIT_FOR_NEXT_NISHITA,True,"Ashtami and Rohini overlap, but this night's Nishita is not inside the overlap and is not after the overlap has ended. The Puja belongs to the first Nishita after the joint overlap ends.",0,,
88,2026-09-04,True,Lucknow,Uttar Pradesh,India,Asia/Kolkata,1264733,Lucknow,05:47 AM,06:23 PM,"Ashtami upto 12:13 AM, Sep 05",Rohini upto 11:04 PM,Krishna Paksha,Shukrawara,Shravana,Simha,,True,,2026-09-04 02:25:00 AM,2026-09-05 12:13:00 AM,2026-09-04 12:29:00 AM,2026-09-04 11:04:00 PM,"2026-09-03: Saptami upto 02:25 AM, Sep 04","2026-09-04: Ashtami upto 12:13 AM, Sep 05","2026-09-03: Krittika upto 12:29 AM, Sep 04",2026-09-04: Rohini upto 11:04 PM,2026-09-04 02:25:00 AM,2026-09-04 11:04:00 PM,2026-09-04 05:47:00 AM,2026-09-04 06:23:00 PM,2026-09-05 05:47:00 AM,2026-09-04,2026-09-05 12:05:00 AM,2026-09-04 11:41:00 PM,2026-09-05 12:29:00 AM,True,True,False,True,False,True,True,False,False,,,False,True,,,,,False,False,False,,,,False,20,1,ASHTAMI_ROHINI_OVERLAP_THEN_NEXT_NISHITA,False,,0,,
88,2026-09-05,True,Lucknow,Uttar Pradesh,India,Asia/Kolkata,1264733,Lucknow,05:47 AM,06:22 PM,Navami upto 09:53 PM,Mrigashira upto 09:30 PM,Krishna Paksha,Shaniwara,Shravana,Simha,,True,,2026-09-04 02:25:00 AM,2026-09-05 12:13:00 AM,2026-09-04 12:29:00 AM,2026-09-04 11:04:00 PM,"2026-09-03: Saptami upto 02:25 AM, Sep 04","2026-09-04: Ashtami upto 12:13 AM, Sep 05","2026-09-03: Krittika upto 12:29 AM, Sep 04",2026-09-04: Rohini upto 11:04 PM,2026-09-04 02:25:00 AM,2026-09-04 11:04:00 PM,2026-09-05 05:47:00 AM,2026-09-05 06:22:00 PM,2026-09-06 05:48:00 AM,2026-09-05,2026-09-06 12:05:00 AM,2026-09-05 11:41:00 PM,2026-09-06 12:29:00 AM,False,False,False,False,False,True,True,False,False,,,False,True,,,,,False,False,False,,,,False,20,1,ASHTAMI_ROHINI_OVERLAP_THEN_NEXT_NISHITA,False,,0,,
88,2026-09-06,True,Lucknow,Uttar Pradesh,India,Asia/Kolkata,1264733,Lucknow,05:48 AM,06:21 PM,Dashami upto 07:29 PM,Ardra upto 07:52 PM,Krishna Paksha,Raviwara,Shravana,Simha,,True,,2026-09-04 02:25:00 AM,2026-09-05 12:13:00 AM,2026-09-04 12:29:00 AM,2026-09-04 11:04:00 PM,"2026-09-03: Saptami upto 02:25 AM, Sep 04","2026-09-04: Ashtami upto 12:13 AM, Sep 05","2026-09-03: Krittika upto 12:29 AM, Sep 04",2026-09-04: Rohini upto 11:04 PM,2026-09-04 02:25:00 AM,2026-09-04 11:04:00 PM,2026-09-06 05:48:00 AM,2026-09-06 06:21:00 PM,2026-09-07 05:48:00 AM,2026-09-06,2026-09-07 12:04:30 AM,2026-09-06 11:40:30 PM,2026-09-07 12:28:30 AM,False,False,False,False,False,True,True,False,False,,,False,True,,,,,False,False,False,,,,False,20,1,ASHTAMI_ROHINI_OVERLAP_THEN_NEXT_NISHITA,False,,0,,
89,2026-09-02,True,Srinagar,Jammu and Kashmir,India,Asia/Kolkata,1255634,Srinagar,06:05 AM,06:56 PM,"Panchami upto 06:12 AM; Shashthi upto 04:26 AM, Sep 03","Bharani upto 01:43 AM, Sep 03",Krishna Paksha,Budhawara,Shravana,Simha,,True,,2026-09-04 02:25:00 AM,2026-09-05 12:13:00 AM,2026-09-04 12:29:00 AM,2026-09-04 11:04:00 PM,"2026-09-03: Saptami upto 02:25 AM, Sep 04","2026-09-04: Ashtami upto 12:13 AM, Sep 05","2026-09-03: Krittika upto 12:29 AM, Sep 04",2026-09-04: Rohini upto 11:04 PM,2026-09-04 02:25:00 AM,2026-09-04 11:04:00 PM,2026-09-02 06:05:00 AM,2026-09-02 06:56:00 PM,2026-09-03 06:05:00 AM,2026-09-02,2026-09-03 12:30:30 AM,2026-09-03 12:06:30 AM,2026-09-03 12:54:30 AM,False,False,False,False,False,True,False,False,False,,,True,False,,,,,False,False,False,,,,True,999,0,ASHTAMI_ROHINI_OVERLAP_WAIT_FOR_NEXT_NISHITA,True,"Ashtami and Rohini overlap, but this night's Nishita is not inside the overlap and is not after the overlap has ended. The Puja belongs to the first Nishita after the joint overlap ends.",0,,
89,2026-09-03,True,Srinagar,Jammu and Kashmir,India,Asia/Kolkata,1255634,Srinagar,06:05 AM,06:54 PM,"Saptami upto 02:25 AM, Sep 04","Krittika upto 12:29 AM, Sep 04",Krishna Paksha,Guruwara,Shravana,Simha,,True,,2026-09-04 02:25:00 AM,2026-09-05 12:13:00 AM,2026-09-04 12:29:00 AM,2026-09-04 11:04:00 PM,"2026-09-03: Saptami upto 02:25 AM, Sep 04","2026-09-04: Ashtami upto 12:13 AM, Sep 05","2026-09-03: Krittika upto 12:29 AM, Sep 04",2026-09-04: Rohini upto 11:04 PM,2026-09-04 02:25:00 AM,2026-09-04 11:04:00 PM,2026-09-03 06:05:00 AM,2026-09-03 06:54:00 PM,2026-09-04 06:06:00 AM,2026-09-03,2026-09-04 12:30:00 AM,2026-09-04 12:06:00 AM,2026-09-04 12:54:00 AM,False,False,True,True,False,True,False,False,False,,,True,True,,,,,False,False,False,,,,False,999,1,ASHTAMI_ROHINI_OVERLAP_WAIT_FOR_NEXT_NISHITA,True,"Ashtami and Rohini overlap, but this night's Nishita is not inside the overlap and is not after the overlap has ended. The Puja belongs to the first Nishita after the joint overlap ends.",0,,
89,2026-09-04,True,Srinagar,Jammu and Kashmir,India,Asia/Kolkata,1255634,Srinagar,06:06 AM,06:53 PM,"Ashtami upto 12:13 AM, Sep 05",Rohini upto 11:04 PM,Krishna Paksha,Shukrawara,Shravana,Simha,,True,,2026-09-04 02:25:00 AM,2026-09-05 12:13:00 AM,2026-09-04 12:29:00 AM,2026-09-04 11:04:00 PM,"2026-09-03: Saptami upto 02:25 AM, Sep 04","2026-09-04: Ashtami upto 12:13 AM, Sep 05","2026-09-03: Krittika upto 12:29 AM, Sep 04",2026-09-04: Rohini upto 11:04 PM,2026-09-04 02:25:00 AM,2026-09-04 11:04:00 PM,2026-09-04 06:06:00 AM,2026-09-04 06:53:00 PM,2026-09-05 06:07:00 AM,2026-09-04,2026-09-05 12:30:00 AM,2026-09-05 12:06:00 AM,2026-09-05 12:54:00 AM,True,False,False,True,False,True,True,False,False,,,False,True,,,,,False,False,False,,,,False,20,1,ASHTAMI_ROHINI_OVERLAP_THEN_NEXT_NISHITA,False,,0,,
89,2026-09-05,True,Srinagar,Jammu and Kashmir,India,Asia/Kolkata,1255634,Srinagar,06:07 AM,06:52 PM,Navami upto 09:53 PM,Mrigashira upto 09:30 PM,Krishna Paksha,Shaniwara,Shravana,Simha,,True,,2026-09-04 02:25:00 AM,2026-09-05 12:13:00 AM,2026-09-04 12:29:00 AM,2026-09-04 11:04:00 PM,"2026-09-03: Saptami upto 02:25 AM, Sep 04","2026-09-04: Ashtami upto 12:13 AM, Sep 05","2026-09-03: Krittika upto 12:29 AM, Sep 04",2026-09-04: Rohini upto 11:04 PM,2026-09-04 02:25:00 AM,2026-09-04 11:04:00 PM,2026-09-05 06:07:00 AM,2026-09-05 06:52:00 PM,2026-09-06 06:07:00 AM,2026-09-05,2026-09-06 12:29:30 AM,2026-09-06 12:05:30 AM,2026-09-06 12:53:30 AM,False,False,False,False,False,True,True,False,False,,,False,True,,,,,False,False,False,,,,False,20,1,ASHTAMI_ROHINI_OVERLAP_THEN_NEXT_NISHITA,False,,0,,
89,2026-09-06,True,Srinagar,Jammu and Kashmir,India,Asia/Kolkata,1255634,Srinagar,06:07 AM,06:50 PM,Dashami upto 07:29 PM,Ardra upto 07:52 PM,Krishna Paksha,Raviwara,Shravana,Simha,,True,,2026-09-04 02:25:00 AM,2026-09-05 12:13:00 AM,2026-09-04 12:29:00 AM,2026-09-04 11:04:00 PM,"2026-09-03: Saptami upto 02:25 AM, Sep 04","2026-09-04: Ashtami upto 12:13 AM, Sep 05","2026-09-03: Krittika upto 12:29 AM, Sep 04",2026-09-04: Rohini upto 11:04 PM,2026-09-04 02:25:00 AM,2026-09-04 11:04:00 PM,2026-09-06 06:07:00 AM,2026-09-06 06:50:00 PM,2026-09-07 06:08:00 AM,2026-09-06,2026-09-07 12:29:00 AM,2026-09-07 12:05:00 AM,2026-09-07 12:53:00 AM,False,False,False,False,False,True,True,False,False,,,False,True,,,,,False,False,False,,,,False,20,1,ASHTAMI_ROHINI_OVERLAP_THEN_NEXT_NISHITA,False,,0,,
90,2026-09-02,True,Brisbane,Queensland,Australia,Australia/Brisbane,2174003,Brisbane,06:01 AM,05:35 PM,Panchami upto 10:42 AM,Ashwini upto 07:12 AM,Krishna Paksha,Budhawara,Shravana,Simha,,True,,2026-09-04 06:55:00 AM,2026-09-05 04:43:00 AM,2026-09-04 04:59:00 AM,2026-09-05 03:34:00 AM,2026-09-04: Saptami upto 06:55 AM,"2026-09-04: Ashtami upto 04:43 AM, Sep 05","2026-09-03: Krittika upto 04:59 AM, Sep 04","2026-09-04: Rohini upto 03:34 AM, Sep 05",2026-09-04 06:55:00 AM,2026-09-05 03:34:00 AM,2026-09-02 06:01:00 AM,2026-09-02 05:35:00 PM,2026-09-03 06:00:00 AM,2026-09-02,2026-09-02 11:47:30 PM,2026-09-02 11:23:30 PM,2026-09-03 12:11:30 AM,False,False,False,False,False,True,False,False,False,,,True,False,,,,,False,False,False,,,,True,999,0,ASHTAMI_ROHINI_OVERLAP_WAIT_FOR_NEXT_NISHITA,True,"Ashtami and Rohini overlap, but this night's Nishita is not inside the overlap and is not after the overlap has ended. The Puja belongs to the first Nishita after the joint overlap ends.",1,,
90,2026-09-03,True,Brisbane,Queensland,Australia,Australia/Brisbane,2174003,Brisbane,06:00 AM,05:35 PM,Shashthi upto 08:55 AM,"Bharani upto 06:13 AM; Krittika upto 04:59 AM, Sep 04",Krishna Paksha,Guruwara,Shravana,Simha,,True,,2026-09-04 06:55:00 AM,2026-09-05 04:43:00 AM,2026-09-04 04:59:00 AM,2026-09-05 03:34:00 AM,2026-09-04: Saptami upto 06:55 AM,"2026-09-04: Ashtami upto 04:43 AM, Sep 05","2026-09-03: Krittika upto 04:59 AM, Sep 04","2026-09-04: Rohini upto 03:34 AM, Sep 05",2026-09-04 06:55:00 AM,2026-09-05 03:34:00 AM,2026-09-03 06:00:00 AM,2026-09-03 05:35:00 PM,2026-09-04 05:59:00 AM,2026-09-03,2026-09-03 11:47:00 PM,2026-09-03 11:23:00 PM,2026-09-04 12:11:00 AM,False,False,False,False,False,True,False,False,False,,,True,False,,,,,False,False,False,,,,False,999,1,ASHTAMI_ROHINI_OVERLAP_WAIT_FOR_NEXT_NISHITA,True,"Ashtami and Rohini overlap, but this night's Nishita is not inside the overlap and is not after the overlap has ended. The Puja belongs to the first Nishita after the joint overlap ends.",1,,
90,2026-09-04,True,Brisbane,Queensland,Australia,Australia/Brisbane,2174003,Brisbane,05:59 AM,05:36 PM,"Saptami upto 06:55 AM; Ashtami upto 04:43 AM, Sep 05","Rohini upto 03:34 AM, Sep 05",Krishna Paksha,Shukrawara,Shravana,Simha,,True,,2026-09-04 06:55:00 AM,2026-09-05 04:43:00 AM,2026-09-04 04:59:00 AM,2026-09-05 03:34:00 AM,2026-09-04: Saptami upto 06:55 AM,"2026-09-04: Ashtami upto 04:43 AM, Sep 05","2026-09-03: Krittika upto 04:59 AM, Sep 04","2026-09-04: Rohini upto 03:34 AM, Sep 05",2026-09-04 06:55:00 AM,2026-09-05 03:34:00 AM,2026-09-04 05:59:00 AM,2026-09-04 05:36:00 PM,2026-09-05 05:57:00 AM,2026-09-04,2026-09-04 11:46:30 PM,2026-09-04 11:22:30 PM,2026-09-05 12:10:30 AM,False,True,True,True,True,True,False,True,True,2026-09-04 11:22:30 PM,2026-09-05 12:10:30 AM,True,True,,,,,False,False,False,,,,False,10,1,ASHTAMI_ROHINI_AT_NISHITA,False,,1,1,Only one Nishita falls inside the Ashtami-Rohini joint overlap.
90,2026-09-05,True,Brisbane,Queensland,Australia,Australia/Brisbane,2174003,Brisbane,05:57 AM,05:36 PM,"Navami upto 02:23 AM, Sep 06","Mrigashira upto 02:00 AM, Sep 06",Krishna Paksha,Shaniwara,Shravana,Simha,,True,,2026-09-04 06:55:00 AM,2026-09-05 04:43:00 AM,2026-09-04 04:59:00 AM,2026-09-05 03:34:00 AM,2026-09-04: Saptami upto 06:55 AM,"2026-09-04: Ashtami upto 04:43 AM, Sep 05","2026-09-03: Krittika upto 04:59 AM, Sep 04","2026-09-04: Rohini upto 03:34 AM, Sep 05",2026-09-04 06:55:00 AM,2026-09-05 03:34:00 AM,2026-09-05 05:57:00 AM,2026-09-05 05:36:00 PM,2026-09-06 05:56:00 AM,2026-09-05,2026-09-05 11:46:00 PM,2026-09-05 11:22:00 PM,2026-09-06 12:10:00 AM,False,False,False,False,False,True,True,False,False,,,False,True,,,,,False,False,False,,,,False,20,1,ASHTAMI_ROHINI_OVERLAP_THEN_NEXT_NISHITA,False,,1,,
90,2026-09-06,True,Brisbane,Queensland,Australia,Australia/Brisbane,2174003,Brisbane,05:56 AM,05:37 PM,Dashami upto 11:59 PM,"Ardra upto 12:22 AM, Sep 07",Krishna Paksha,Raviwara,Shravana,Simha,,True,,2026-09-04 06:55:00 AM,2026-09-05 04:43:00 AM,2026-09-04 04:59:00 AM,2026-09-05 03:34:00 AM,2026-09-04: Saptami upto 06:55 AM,"2026-09-04: Ashtami upto 04:43 AM, Sep 05","2026-09-03: Krittika upto 04:59 AM, Sep 04","2026-09-04: Rohini upto 03:34 AM, Sep 05",2026-09-04 06:55:00 AM,2026-09-05 03:34:00 AM,2026-09-06 05:56:00 AM,2026-09-06 05:37:00 PM,2026-09-07 05:55:00 AM,2026-09-06,2026-09-06 11:46:00 PM,2026-09-06 11:22:00 PM,2026-09-07 12:10:00 AM,False,False,False,False,False,True,True,False,False,,,False,True,,,,,False,False,False,,,,False,20,1,ASHTAMI_ROHINI_OVERLAP_THEN_NEXT_NISHITA,False,,1,,
91,2026-09-02,True,Melbourne,Victoria,Australia,Australia/Melbourne,2158177,Melbourne,06:41 AM,05:59 PM,Panchami upto 10:42 AM,"Ashwini upto 07:12 AM; Bharani upto 06:13 AM, Sep 03",Krishna Paksha,Budhawara,Shravana,Simha,,True,,2026-09-04 06:55:00 AM,2026-09-05 04:43:00 AM,2026-09-04 04:59:00 AM,2026-09-05 03:34:00 AM,2026-09-04: Saptami upto 06:55 AM,"2026-09-04: Ashtami upto 04:43 AM, Sep 05","2026-09-03: Krittika upto 04:59 AM, Sep 04","2026-09-04: Rohini upto 03:34 AM, Sep 05",2026-09-04 06:55:00 AM,2026-09-05 03:34:00 AM,2026-09-02 06:41:00 AM,2026-09-02 05:59:00 PM,2026-09-03 06:39:00 AM,2026-09-02,2026-09-03 12:19:00 AM,2026-09-02 11:55:00 PM,2026-09-03 12:43:00 AM,False,False,False,False,False,True,False,False,False,,,True,False,,,,,False,False,False,,,,True,999,0,ASHTAMI_ROHINI_OVERLAP_WAIT_FOR_NEXT_NISHITA,True,"Ashtami and Rohini overlap, but this night's Nishita is not inside the overlap and is not after the overlap has ended. The Puja belongs to the first Nishita after the joint overlap ends.",1,,
91,2026-09-03,True,Melbourne,Victoria,Australia,Australia/Melbourne,2158177,Melbourne,06:39 AM,06:00 PM,Shashthi upto 08:55 AM,"Krittika upto 04:59 AM, Sep 04",Krishna Paksha,Guruwara,Shravana,Simha,,True,,2026-09-04 06:55:00 AM,2026-09-05 04:43:00 AM,2026-09-04 04:59:00 AM,2026-09-05 03:34:00 AM,2026-09-04: Saptami upto 06:55 AM,"2026-09-04: Ashtami upto 04:43 AM, Sep 05","2026-09-03: Krittika upto 04:59 AM, Sep 04","2026-09-04: Rohini upto 03:34 AM, Sep 05",2026-09-04 06:55:00 AM,2026-09-05 03:34:00 AM,2026-09-03 06:39:00 AM,2026-09-03 06:00:00 PM,2026-09-04 06:38:00 AM,2026-09-03,2026-09-04 12:19:00 AM,2026-09-03 11:55:00 PM,2026-09-04 12:43:00 AM,False,False,False,False,False,True,False,False,False,,,True,False,,,,,False,False,False,,,,False,999,1,ASHTAMI_ROHINI_OVERLAP_WAIT_FOR_NEXT_NISHITA,True,"Ashtami and Rohini overlap, but this night's Nishita is not inside the overlap and is not after the overlap has ended. The Puja belongs to the first Nishita after the joint overlap ends.",1,,
91,2026-09-04,True,Melbourne,Victoria,Australia,Australia/Melbourne,2158177,Melbourne,06:38 AM,06:01 PM,"Saptami upto 06:55 AM; Ashtami upto 04:43 AM, Sep 05","Rohini upto 03:34 AM, Sep 05",Krishna Paksha,Shukrawara,Shravana,Simha,,True,,2026-09-04 06:55:00 AM,2026-09-05 04:43:00 AM,2026-09-04 04:59:00 AM,2026-09-05 03:34:00 AM,2026-09-04: Saptami upto 06:55 AM,"2026-09-04: Ashtami upto 04:43 AM, Sep 05","2026-09-03: Krittika upto 04:59 AM, Sep 04","2026-09-04: Rohini upto 03:34 AM, Sep 05",2026-09-04 06:55:00 AM,2026-09-05 03:34:00 AM,2026-09-04 06:38:00 AM,2026-09-04 06:01:00 PM,2026-09-05 06:36:00 AM,2026-09-04,2026-09-05 12:18:30 AM,2026-09-04 11:54:30 PM,2026-09-05 12:42:30 AM,False,True,True,True,True,True,False,True,True,2026-09-04 11:54:30 PM,2026-09-05 12:42:30 AM,True,True,,,,,False,False,False,,,,False,10,1,ASHTAMI_ROHINI_AT_NISHITA,False,,1,1,Only one Nishita falls inside the Ashtami-Rohini joint overlap.
91,2026-09-05,True,Melbourne,Victoria,Australia,Australia/Melbourne,2158177,Melbourne,06:36 AM,06:02 PM,"Navami upto 02:23 AM, Sep 06","Mrigashira upto 02:00 AM, Sep 06",Krishna Paksha,Shaniwara,Shravana,Simha,,True,,2026-09-04 06:55:00 AM,2026-09-05 04:43:00 AM,2026-09-04 04:59:00 AM,2026-09-05 03:34:00 AM,2026-09-04: Saptami upto 06:55 AM,"2026-09-04: Ashtami upto 04:43 AM, Sep 05","2026-09-03: Krittika upto 04:59 AM, Sep 04","2026-09-04: Rohini upto 03:34 AM, Sep 05",2026-09-04 06:55:00 AM,2026-09-05 03:34:00 AM,2026-09-05 06:36:00 AM,2026-09-05 06:02:00 PM,2026-09-06 06:35:00 AM,2026-09-05,2026-09-06 12:18:30 AM,2026-09-05 11:54:30 PM,2026-09-06 12:42:30 AM,False,False,False,False,False,True,True,False,False,,,False,True,,,,,False,False,False,,,,False,20,1,ASHTAMI_ROHINI_OVERLAP_THEN_NEXT_NISHITA,False,,1,,
91,2026-09-06,True,Melbourne,Victoria,Australia,Australia/Melbourne,2158177,Melbourne,06:35 AM,06:03 PM,Dashami upto 11:59 PM,"Ardra upto 12:22 AM, Sep 07",Krishna Paksha,Raviwara,Shravana,Simha,,True,,2026-09-04 06:55:00 AM,2026-09-05 04:43:00 AM,2026-09-04 04:59:00 AM,2026-09-05 03:34:00 AM,2026-09-04: Saptami upto 06:55 AM,"2026-09-04: Ashtami upto 04:43 AM, Sep 05","2026-09-03: Krittika upto 04:59 AM, Sep 04","2026-09-04: Rohini upto 03:34 AM, Sep 05",2026-09-04 06:55:00 AM,2026-09-05 03:34:00 AM,2026-09-06 06:35:00 AM,2026-09-06 06:03:00 PM,2026-09-07 06:33:00 AM,2026-09-06,2026-09-07 12:18:00 AM,2026-09-06 11:54:00 PM,2026-09-07 12:42:00 AM,False,False,False,False,False,True,True,False,False,,,False,True,,,,,False,False,False,,,,False,20,1,ASHTAMI_ROHINI_OVERLAP_THEN_NEXT_NISHITA,False,,1,,
92,2026-09-02,True,Adelaide,South Australia,Australia,Australia/Adelaide,2078025,Adelaide,06:34 AM,05:57 PM,Panchami upto 10:12 AM,"Ashwini upto 06:42 AM; Bharani upto 05:43 AM, Sep 03",Krishna Paksha,Budhawara,Shravana,Simha,,True,,2026-09-04 06:25:00 AM,2026-09-05 04:13:00 AM,2026-09-04 04:29:00 AM,2026-09-05 03:04:00 AM,"2026-09-03: Saptami upto 06:25 AM, Sep 04","2026-09-04: Ashtami upto 04:13 AM, Sep 05","2026-09-03: Krittika upto 04:29 AM, Sep 04","2026-09-04: Rohini upto 03:04 AM, Sep 05",2026-09-04 06:25:00 AM,2026-09-05 03:04:00 AM,2026-09-02 06:34:00 AM,2026-09-02 05:57:00 PM,2026-09-03 06:33:00 AM,2026-09-02,2026-09-03 12:15:00 AM,2026-09-02 11:51:00 PM,2026-09-03 12:39:00 AM,False,False,False,False,False,True,False,False,False,,,True,False,,,,,False,False,False,,,,True,999,0,ASHTAMI_ROHINI_OVERLAP_WAIT_FOR_NEXT_NISHITA,True,"Ashtami and Rohini overlap, but this night's Nishita is not inside the overlap and is not after the overlap has ended. The Puja belongs to the first Nishita after the joint overlap ends.",1,,
92,2026-09-03,True,Adelaide,South Australia,Australia,Australia/Adelaide,2078025,Adelaide,06:33 AM,05:58 PM,"Shashthi upto 08:25 AM; Saptami upto 06:25 AM, Sep 04","Krittika upto 04:29 AM, Sep 04",Krishna Paksha,Guruwara,Shravana,Simha,,True,,2026-09-04 06:25:00 AM,2026-09-05 04:13:00 AM,2026-09-04 04:29:00 AM,2026-09-05 03:04:00 AM,"2026-09-03: Saptami upto 06:25 AM, Sep 04","2026-09-04: Ashtami upto 04:13 AM, Sep 05","2026-09-03: Krittika upto 04:29 AM, Sep 04","2026-09-04: Rohini upto 03:04 AM, Sep 05",2026-09-04 06:25:00 AM,2026-09-05 03:04:00 AM,2026-09-03 06:33:00 AM,2026-09-03 05:58:00 PM,2026-09-04 06:31:00 AM,2026-09-03,2026-09-04 12:14:30 AM,2026-09-03 11:50:30 PM,2026-09-04 12:38:30 AM,False,False,False,True,False,True,False,False,False,,,True,True,,,,,False,False,False,,,,False,999,1,ASHTAMI_ROHINI_OVERLAP_WAIT_FOR_NEXT_NISHITA,True,"Ashtami and Rohini overlap, but this night's Nishita is not inside the overlap and is not after the overlap has ended. The Puja belongs to the first Nishita after the joint overlap ends.",1,,
92,2026-09-04,True,Adelaide,South Australia,Australia,Australia/Adelaide,2078025,Adelaide,06:31 AM,05:59 PM,"Ashtami upto 04:13 AM, Sep 05","Rohini upto 03:04 AM, Sep 05",Krishna Paksha,Shukrawara,Shravana,Simha,,True,,2026-09-04 06:25:00 AM,2026-09-05 04:13:00 AM,2026-09-04 04:29:00 AM,2026-09-05 03:04:00 AM,"2026-09-03: Saptami upto 06:25 AM, Sep 04","2026-09-04: Ashtami upto 04:13 AM, Sep 05","2026-09-03: Krittika upto 04:29 AM, Sep 04","2026-09-04: Rohini upto 03:04 AM, Sep 05",2026-09-04 06:25:00 AM,2026-09-05 03:04:00 AM,2026-09-04 06:31:00 AM,2026-09-04 05:59:00 PM,2026-09-05 06:30:00 AM,2026-09-04,2026-09-05 12:14:30 AM,2026-09-04 11:50:30 PM,2026-09-05 12:38:30 AM,True,True,True,True,True,True,False,True,True,2026-09-04 11:50:30 PM,2026-09-05 12:38:30 AM,False,True,,,,,False,False,False,,,,False,10,1,ASHTAMI_ROHINI_AT_NISHITA,False,,1,1,Only one Nishita falls inside the Ashtami-Rohini joint overlap.
92,2026-09-05,True,Adelaide,South Australia,Australia,Australia/Adelaide,2078025,Adelaide,06:30 AM,05:59 PM,"Navami upto 01:53 AM, Sep 06","Mrigashira upto 01:30 AM, Sep 06",Krishna Paksha,Shaniwara,Shravana,Simha,,True,,2026-09-04 06:25:00 AM,2026-09-05 04:13:00 AM,2026-09-04 04:29:00 AM,2026-09-05 03:04:00 AM,"2026-09-03: Saptami upto 06:25 AM, Sep 04","2026-09-04: Ashtami upto 04:13 AM, Sep 05","2026-09-03: Krittika upto 04:29 AM, Sep 04","2026-09-04: Rohini upto 03:04 AM, Sep 05",2026-09-04 06:25:00 AM,2026-09-05 03:04:00 AM,2026-09-05 06:30:00 AM,2026-09-05 05:59:00 PM,2026-09-06 06:28:00 AM,2026-09-05,2026-09-06 12:13:30 AM,2026-09-05 11:49:30 PM,2026-09-06 12:37:30 AM,False,False,False,False,False,True,True,False,False,,,False,True,,,,,False,False,False,,,,False,20,1,ASHTAMI_ROHINI_OVERLAP_THEN_NEXT_NISHITA,False,,1,,
92,2026-09-06,True,Adelaide,South Australia,Australia,Australia/Adelaide,2078025,Adelaide,06:28 AM,06:00 PM,Dashami upto 11:29 PM,Ardra upto 11:52 PM,Krishna Paksha,Raviwara,Shravana,Simha,,True,,2026-09-04 06:25:00 AM,2026-09-05 04:13:00 AM,2026-09-04 04:29:00 AM,2026-09-05 03:04:00 AM,"2026-09-03: Saptami upto 06:25 AM, Sep 04","2026-09-04: Ashtami upto 04:13 AM, Sep 05","2026-09-03: Krittika upto 04:29 AM, Sep 04","2026-09-04: Rohini upto 03:04 AM, Sep 05",2026-09-04 06:25:00 AM,2026-09-05 03:04:00 AM,2026-09-06 06:28:00 AM,2026-09-06 06:00:00 PM,2026-09-07 06:27:00 AM,2026-09-06,2026-09-07 12:13:30 AM,2026-09-06 11:49:30 PM,2026-09-07 12:37:30 AM,False,False,False,False,False,True,True,False,False,,,False,True,,,,,False,False,False,,,,False,20,1,ASHTAMI_ROHINI_OVERLAP_THEN_NEXT_NISHITA,False,,1,,
93,2026-09-02,True,Perth,Western Australia,Australia,Australia/Perth,2063523,Perth,06:32 AM,06:00 PM,Panchami upto 08:42 AM,"Bharani upto 04:13 AM, Sep 03",Krishna Paksha,Budhawara,Shravana,Simha,,True,,2026-09-04 04:55:00 AM,2026-09-05 02:43:00 AM,2026-09-04 02:59:00 AM,2026-09-05 01:34:00 AM,"2026-09-03: Saptami upto 04:55 AM, Sep 04","2026-09-04: Ashtami upto 02:43 AM, Sep 05","2026-09-03: Krittika upto 02:59 AM, Sep 04","2026-09-04: Rohini upto 01:34 AM, Sep 05",2026-09-04 04:55:00 AM,2026-09-05 01:34:00 AM,2026-09-02 06:32:00 AM,2026-09-02 06:00:00 PM,2026-09-03 06:31:00 AM,2026-09-02,2026-09-03 12:15:30 AM,2026-09-02 11:51:30 PM,2026-09-03 12:39:30 AM,False,False,False,False,False,True,False,False,False,,,True,False,,,,,False,False,False,,,,True,999,0,ASHTAMI_ROHINI_OVERLAP_WAIT_FOR_NEXT_NISHITA,True,"Ashtami and Rohini overlap, but this night's Nishita is not inside the overlap and is not after the overlap has ended. The Puja belongs to the first Nishita after the joint overlap ends.",1,,
93,2026-09-03,True,Perth,Western Australia,Australia,Australia/Perth,2063523,Perth,06:31 AM,06:01 PM,"Shashthi upto 06:55 AM; Saptami upto 04:55 AM, Sep 04","Krittika upto 02:59 AM, Sep 04",Krishna Paksha,Guruwara,Shravana,Simha,,True,,2026-09-04 04:55:00 AM,2026-09-05 02:43:00 AM,2026-09-04 02:59:00 AM,2026-09-05 01:34:00 AM,"2026-09-03: Saptami upto 04:55 AM, Sep 04","2026-09-04: Ashtami upto 02:43 AM, Sep 05","2026-09-03: Krittika upto 02:59 AM, Sep 04","2026-09-04: Rohini upto 01:34 AM, Sep 05",2026-09-04 04:55:00 AM,2026-09-05 01:34:00 AM,2026-09-03 06:31:00 AM,2026-09-03 06:01:00 PM,2026-09-04 06:30:00 AM,2026-09-03,2026-09-04 12:15:30 AM,2026-09-03 11:51:30 PM,2026-09-04 12:39:30 AM,False,False,False,True,False,True,False,False,False,,,True,True,,,,,False,False,False,,,,False,999,1,ASHTAMI_ROHINI_OVERLAP_WAIT_FOR_NEXT_NISHITA,True,"Ashtami and Rohini overlap, but this night's Nishita is not inside the overlap and is not after the overlap has ended. The Puja belongs to the first Nishita after the joint overlap ends.",1,,
93,2026-09-04,True,Perth,Western Australia,Australia,Australia/Perth,2063523,Perth,06:30 AM,06:02 PM,"Ashtami upto 02:43 AM, Sep 05","Rohini upto 01:34 AM, Sep 05",Krishna Paksha,Shukrawara,Shravana,Simha,,True,,2026-09-04 04:55:00 AM,2026-09-05 02:43:00 AM,2026-09-04 02:59:00 AM,2026-09-05 01:34:00 AM,"2026-09-03: Saptami upto 04:55 AM, Sep 04","2026-09-04: Ashtami upto 02:43 AM, Sep 05","2026-09-03: Krittika upto 02:59 AM, Sep 04","2026-09-04: Rohini upto 01:34 AM, Sep 05",2026-09-04 04:55:00 AM,2026-09-05 01:34:00 AM,2026-09-04 06:30:00 AM,2026-09-04 06:02:00 PM,2026-09-05 06:29:00 AM,2026-09-04,2026-09-05 12:15:30 AM,2026-09-04 11:51:30 PM,2026-09-05 12:39:30 AM,True,True,True,True,True,True,False,True,True,2026-09-04 11:51:30 PM,2026-09-05 12:39:30 AM,False,True,,,,,False,False,False,,,,False,10,1,ASHTAMI_ROHINI_AT_NISHITA,False,,1,1,Only one Nishita falls inside the Ashtami-Rohini joint overlap.
93,2026-09-05,True,Perth,Western Australia,Australia,Australia/Perth,2063523,Perth,06:29 AM,06:02 PM,"Navami upto 12:23 AM, Sep 06","Mrigashira upto 12:00 AM, Sep 06",Krishna Paksha,Shaniwara,Shravana,Simha,,True,,2026-09-04 04:55:00 AM,2026-09-05 02:43:00 AM,2026-09-04 02:59:00 AM,2026-09-05 01:34:00 AM,"2026-09-03: Saptami upto 04:55 AM, Sep 04","2026-09-04: Ashtami upto 02:43 AM, Sep 05","2026-09-03: Krittika upto 02:59 AM, Sep 04","2026-09-04: Rohini upto 01:34 AM, Sep 05",2026-09-04 04:55:00 AM,2026-09-05 01:34:00 AM,2026-09-05 06:29:00 AM,2026-09-05 06:02:00 PM,2026-09-06 06:27:00 AM,2026-09-05,2026-09-06 12:14:30 AM,2026-09-05 11:50:30 PM,2026-09-06 12:38:30 AM,False,False,False,False,False,True,True,False,False,,,False,True,,,,,False,False,False,,,,False,20,1,ASHTAMI_ROHINI_OVERLAP_THEN_NEXT_NISHITA,False,,1,,
93,2026-09-06,True,Perth,Western Australia,Australia,Australia/Perth,2063523,Perth,06:27 AM,06:03 PM,Dashami upto 09:59 PM,Ardra upto 10:22 PM,Krishna Paksha,Raviwara,Shravana,Simha,,True,,2026-09-04 04:55:00 AM,2026-09-05 02:43:00 AM,2026-09-04 02:59:00 AM,2026-09-05 01:34:00 AM,"2026-09-03: Saptami upto 04:55 AM, Sep 04","2026-09-04: Ashtami upto 02:43 AM, Sep 05","2026-09-03: Krittika upto 02:59 AM, Sep 04","2026-09-04: Rohini upto 01:34 AM, Sep 05",2026-09-04 04:55:00 AM,2026-09-05 01:34:00 AM,2026-09-06 06:27:00 AM,2026-09-06 06:03:00 PM,2026-09-07 06:26:00 AM,2026-09-06,2026-09-07 12:14:30 AM,2026-09-06 11:50:30 PM,2026-09-07 12:38:30 AM,False,False,False,False,False,True,True,False,False,,,False,True,,,,,False,False,False,,,,False,20,1,ASHTAMI_ROHINI_OVERLAP_THEN_NEXT_NISHITA,False,,1,,
94,2026-09-02,True,Canberra,Australian Capital Territory,Australia,Australia/Sydney,2172517,Canberra,06:22 AM,05:45 PM,Panchami upto 10:42 AM,"Ashwini upto 07:12 AM; Bharani upto 06:13 AM, Sep 03",Krishna Paksha,Budhawara,Shravana,Simha,,True,,2026-09-04 06:55:00 AM,2026-09-05 04:43:00 AM,2026-09-04 04:59:00 AM,2026-09-05 03:34:00 AM,2026-09-04: Saptami upto 06:55 AM,"2026-09-04: Ashtami upto 04:43 AM, Sep 05","2026-09-03: Krittika upto 04:59 AM, Sep 04","2026-09-04: Rohini upto 03:34 AM, Sep 05",2026-09-04 06:55:00 AM,2026-09-05 03:34:00 AM,2026-09-02 06:22:00 AM,2026-09-02 05:45:00 PM,2026-09-03 06:21:00 AM,2026-09-02,2026-09-03 12:03:00 AM,2026-09-02 11:39:00 PM,2026-09-03 12:27:00 AM,False,False,False,False,False,True,False,False,False,,,True,False,,,,,False,False,False,,,,True,999,0,ASHTAMI_ROHINI_OVERLAP_WAIT_FOR_NEXT_NISHITA,True,"Ashtami and Rohini overlap, but this night's Nishita is not inside the overlap and is not after the overlap has ended. The Puja belongs to the first Nishita after the joint overlap ends.",1,,
94,2026-09-03,True,Canberra,Australian Capital Territory,Australia,Australia/Sydney,2172517,Canberra,06:21 AM,05:46 PM,Shashthi upto 08:55 AM,"Krittika upto 04:59 AM, Sep 04",Krishna Paksha,Guruwara,Shravana,Simha,,True,,2026-09-04 06:55:00 AM,2026-09-05 04:43:00 AM,2026-09-04 04:59:00 AM,2026-09-05 03:34:00 AM,2026-09-04: Saptami upto 06:55 AM,"2026-09-04: Ashtami upto 04:43 AM, Sep 05","2026-09-03: Krittika upto 04:59 AM, Sep 04","2026-09-04: Rohini upto 03:34 AM, Sep 05",2026-09-04 06:55:00 AM,2026-09-05 03:34:00 AM,2026-09-03 06:21:00 AM,2026-09-03 05:46:00 PM,2026-09-04 06:19:00 AM,2026-09-03,2026-09-04 12:02:30 AM,2026-09-03 11:38:30 PM,2026-09-04 12:26:30 AM,False,False,False,False,False,True,False,False,False,,,True,False,,,,,False,False,False,,,,False,999,1,ASHTAMI_ROHINI_OVERLAP_WAIT_FOR_NEXT_NISHITA,True,"Ashtami and Rohini overlap, but this night's Nishita is not inside the overlap and is not after the overlap has ended. The Puja belongs to the first Nishita after the joint overlap ends.",1,,
94,2026-09-04,True,Canberra,Australian Capital Territory,Australia,Australia/Sydney,2172517,Canberra,06:19 AM,05:46 PM,"Saptami upto 06:55 AM; Ashtami upto 04:43 AM, Sep 05","Rohini upto 03:34 AM, Sep 05",Krishna Paksha,Shukrawara,Shravana,Simha,,True,,2026-09-04 06:55:00 AM,2026-09-05 04:43:00 AM,2026-09-04 04:59:00 AM,2026-09-05 03:34:00 AM,2026-09-04: Saptami upto 06:55 AM,"2026-09-04: Ashtami upto 04:43 AM, Sep 05","2026-09-03: Krittika upto 04:59 AM, Sep 04","2026-09-04: Rohini upto 03:34 AM, Sep 05",2026-09-04 06:55:00 AM,2026-09-05 03:34:00 AM,2026-09-04 06:19:00 AM,2026-09-04 05:46:00 PM,2026-09-05 06:18:00 AM,2026-09-04,2026-09-05 12:02:00 AM,2026-09-04 11:38:00 PM,2026-09-05 12:26:00 AM,False,True,True,True,True,True,False,True,True,2026-09-04 11:38:00 PM,2026-09-05 12:26:00 AM,True,True,,,,,False,False,False,,,,False,10,1,ASHTAMI_ROHINI_AT_NISHITA,False,,1,1,Only one Nishita falls inside the Ashtami-Rohini joint overlap.
94,2026-09-05,True,Canberra,Australian Capital Territory,Australia,Australia/Sydney,2172517,Canberra,06:18 AM,05:47 PM,"Navami upto 02:23 AM, Sep 06","Mrigashira upto 02:00 AM, Sep 06",Krishna Paksha,Shaniwara,Shravana,Simha,,True,,2026-09-04 06:55:00 AM,2026-09-05 04:43:00 AM,2026-09-04 04:59:00 AM,2026-09-05 03:34:00 AM,2026-09-04: Saptami upto 06:55 AM,"2026-09-04: Ashtami upto 04:43 AM, Sep 05","2026-09-03: Krittika upto 04:59 AM, Sep 04","2026-09-04: Rohini upto 03:34 AM, Sep 05",2026-09-04 06:55:00 AM,2026-09-05 03:34:00 AM,2026-09-05 06:18:00 AM,2026-09-05 05:47:00 PM,2026-09-06 06:17:00 AM,2026-09-05,2026-09-06 12:02:00 AM,2026-09-05 11:38:00 PM,2026-09-06 12:26:00 AM,False,False,False,False,False,True,True,False,False,,,False,True,,,,,False,False,False,,,,False,20,1,ASHTAMI_ROHINI_OVERLAP_THEN_NEXT_NISHITA,False,,1,,
94,2026-09-06,True,Canberra,Australian Capital Territory,Australia,Australia/Sydney,2172517,Canberra,06:17 AM,05:48 PM,Dashami upto 11:59 PM,"Ardra upto 12:22 AM, Sep 07",Krishna Paksha,Raviwara,Shravana,Simha,,True,,2026-09-04 06:55:00 AM,2026-09-05 04:43:00 AM,2026-09-04 04:59:00 AM,2026-09-05 03:34:00 AM,2026-09-04: Saptami upto 06:55 AM,"2026-09-04: Ashtami upto 04:43 AM, Sep 05","2026-09-03: Krittika upto 04:59 AM, Sep 04","2026-09-04: Rohini upto 03:34 AM, Sep 05",2026-09-04 06:55:00 AM,2026-09-05 03:34:00 AM,2026-09-06 06:17:00 AM,2026-09-06 05:48:00 PM,2026-09-07 06:15:00 AM,2026-09-06,2026-09-07 12:01:30 AM,2026-09-06 11:37:30 PM,2026-09-07 12:25:30 AM,False,False,False,False,False,True,True,False,False,,,False,True,,,,,False,False,False,,,,False,20,1,ASHTAMI_ROHINI_OVERLAP_THEN_NEXT_NISHITA,False,,1,,
95,2026-09-02,True,Sydney,New South Wales,Australia,Australia/Sydney,2147714,Sydney,06:13 AM,05:38 PM,Panchami upto 10:42 AM,Ashwini upto 07:12 AM,Krishna Paksha,Budhawara,Shravana,Simha,,True,,2026-09-04 06:55:00 AM,2026-09-05 04:43:00 AM,2026-09-04 04:59:00 AM,2026-09-05 03:34:00 AM,2026-09-04: Saptami upto 06:55 AM,"2026-09-04: Ashtami upto 04:43 AM, Sep 05","2026-09-03: Krittika upto 04:59 AM, Sep 04","2026-09-04: Rohini upto 03:34 AM, Sep 05",2026-09-04 06:55:00 AM,2026-09-05 03:34:00 AM,2026-09-02 06:13:00 AM,2026-09-02 05:38:00 PM,2026-09-03 06:11:00 AM,2026-09-02,2026-09-02 11:54:30 PM,2026-09-02 11:30:30 PM,2026-09-03 12:18:30 AM,False,False,False,False,False,True,False,False,False,,,True,False,,,,,False,False,False,,,,True,999,0,ASHTAMI_ROHINI_OVERLAP_WAIT_FOR_NEXT_NISHITA,True,"Ashtami and Rohini overlap, but this night's Nishita is not inside the overlap and is not after the overlap has ended. The Puja belongs to the first Nishita after the joint overlap ends.",1,,
95,2026-09-03,True,Sydney,New South Wales,Australia,Australia/Sydney,2147714,Sydney,06:11 AM,05:38 PM,Shashthi upto 08:55 AM,"Bharani upto 06:13 AM; Krittika upto 04:59 AM, Sep 04",Krishna Paksha,Guruwara,Shravana,Simha,,True,,2026-09-04 06:55:00 AM,2026-09-05 04:43:00 AM,2026-09-04 04:59:00 AM,2026-09-05 03:34:00 AM,2026-09-04: Saptami upto 06:55 AM,"2026-09-04: Ashtami upto 04:43 AM, Sep 05","2026-09-03: Krittika upto 04:59 AM, Sep 04","2026-09-04: Rohini upto 03:34 AM, Sep 05",2026-09-04 06:55:00 AM,2026-09-05 03:34:00 AM,2026-09-03 06:11:00 AM,2026-09-03 05:38:00 PM,2026-09-04 06:10:00 AM,2026-09-03,2026-09-03 11:54:00 PM,2026-09-03 11:30:00 PM,2026-09-04 12:18:00 AM,False,False,False,False,False,True,False,False,False,,,True,False,,,,,False,False,False,,,,False,999,1,ASHTAMI_ROHINI_OVERLAP_WAIT_FOR_NEXT_NISHITA,True,"Ashtami and Rohini overlap, but this night's Nishita is not inside the overlap and is not after the overlap has ended. The Puja belongs to the first Nishita after the joint overlap ends.",1,,
95,2026-09-04,True,Sydney,New South Wales,Australia,Australia/Sydney,2147714,Sydney,06:10 AM,05:39 PM,"Saptami upto 06:55 AM; Ashtami upto 04:43 AM, Sep 05","Rohini upto 03:34 AM, Sep 05",Krishna Paksha,Shukrawara,Shravana,Simha,,True,,2026-09-04 06:55:00 AM,2026-09-05 04:43:00 AM,2026-09-04 04:59:00 AM,2026-09-05 03:34:00 AM,2026-09-04: Saptami upto 06:55 AM,"2026-09-04: Ashtami upto 04:43 AM, Sep 05","2026-09-03: Krittika upto 04:59 AM, Sep 04","2026-09-04: Rohini upto 03:34 AM, Sep 05",2026-09-04 06:55:00 AM,2026-09-05 03:34:00 AM,2026-09-04 06:10:00 AM,2026-09-04 05:39:00 PM,2026-09-05 06:09:00 AM,2026-09-04,2026-09-04 11:54:00 PM,2026-09-04 11:30:00 PM,2026-09-05 12:18:00 AM,False,True,True,True,True,True,False,True,True,2026-09-04 11:30:00 PM,2026-09-05 12:18:00 AM,True,True,,,,,False,False,False,,,,False,10,1,ASHTAMI_ROHINI_AT_NISHITA,False,,1,1,Only one Nishita falls inside the Ashtami-Rohini joint overlap.
95,2026-09-05,True,Sydney,New South Wales,Australia,Australia/Sydney,2147714,Sydney,06:09 AM,05:40 PM,"Navami upto 02:23 AM, Sep 06","Mrigashira upto 02:00 AM, Sep 06",Krishna Paksha,Shaniwara,Shravana,Simha,,True,,2026-09-04 06:55:00 AM,2026-09-05 04:43:00 AM,2026-09-04 04:59:00 AM,2026-09-05 03:34:00 AM,2026-09-04: Saptami upto 06:55 AM,"2026-09-04: Ashtami upto 04:43 AM, Sep 05","2026-09-03: Krittika upto 04:59 AM, Sep 04","2026-09-04: Rohini upto 03:34 AM, Sep 05",2026-09-04 06:55:00 AM,2026-09-05 03:34:00 AM,2026-09-05 06:09:00 AM,2026-09-05 05:40:00 PM,2026-09-06 06:07:00 AM,2026-09-05,2026-09-05 11:53:30 PM,2026-09-05 11:29:30 PM,2026-09-06 12:17:30 AM,False,False,False,False,False,True,True,False,False,,,False,True,,,,,False,False,False,,,,False,20,1,ASHTAMI_ROHINI_OVERLAP_THEN_NEXT_NISHITA,False,,1,,
95,2026-09-06,True,Sydney,New South Wales,Australia,Australia/Sydney,2147714,Sydney,06:07 AM,05:40 PM,Dashami upto 11:59 PM,"Ardra upto 12:22 AM, Sep 07",Krishna Paksha,Raviwara,Shravana,Simha,,True,,2026-09-04 06:55:00 AM,2026-09-05 04:43:00 AM,2026-09-04 04:59:00 AM,2026-09-05 03:34:00 AM,2026-09-04: Saptami upto 06:55 AM,"2026-09-04: Ashtami upto 04:43 AM, Sep 05","2026-09-03: Krittika upto 04:59 AM, Sep 04","2026-09-04: Rohini upto 03:34 AM, Sep 05",2026-09-04 06:55:00 AM,2026-09-05 03:34:00 AM,2026-09-06 06:07:00 AM,2026-09-06 05:40:00 PM,2026-09-07 06:06:00 AM,2026-09-06,2026-09-06 11:53:00 PM,2026-09-06 11:29:00 PM,2026-09-07 12:17:00 AM,False,False,False,False,False,True,True,False,False,,,False,True,,,,,False,False,False,,,,False,20,1,ASHTAMI_ROHINI_OVERLAP_THEN_NEXT_NISHITA,False,,1,,
