Date,Place Key,Location Key,City,State/Region,Country,Timezone,Geoname ID,Event Family,Event Name,Cycle ID,Event Type,Condition Code,Action Role,Special Events,Special Event Details,Note,Message,Display Priority,Cycle Anchor,Source Module,Rule Version,Approval Status,Approved At,Source File
2026-08-08,geoname:4167147,geoname:4167147|city:orlando,Orlando,Florida,United States,America/New_York,4167147,EKADASHI,Kamika Ekadashi,EKADASHI_2026_08_08_KAMIKA_EKADASHI,Normal Ekadashi,NORMAL,UPAVASA_DAY_1,Kamika Ekadashi,"Upavaasa: 08-Aug-26 | Parana: 09-Aug-26, 06:52 AM to 09:32 AM",Normal Ekadashi. **Observe Upavaasa today.** Ekadashi began before Arunodaya and no two-day exception applies.,"Kamika Ekadashi. Normal Ekadashi. Observe Upavaasa today. Ekadashi began before Arunodaya and no two-day exception applies. Upavaasa: 08-Aug-26 | Parana: 09-Aug-26, 06:52 AM to 09:32 AM",20,2026-08-08,ekadashi_cycle_scanner.py,legacy_ekadashi_messages,APPROVED,2026-08-22T21:30:44-04:00,kamika_ekadashi_messages.csv
2026-08-08,geoname:4174757,geoname:4174757|city:tampa,Tampa,Florida,United States,America/New_York,4174757,EKADASHI,Kamika Ekadashi,EKADASHI_2026_08_08_KAMIKA_EKADASHI,Normal Ekadashi,NORMAL,UPAVASA_DAY_1,Kamika Ekadashi,"Upavaasa: 08-Aug-26 | Parana: 09-Aug-26, 06:57 AM to 09:36 AM",Normal Ekadashi. **Observe Upavaasa today.** Ekadashi began before Arunodaya and no two-day exception applies.,"Kamika Ekadashi. Normal Ekadashi. Observe Upavaasa today. Ekadashi began before Arunodaya and no two-day exception applies. Upavaasa: 08-Aug-26 | Parana: 09-Aug-26, 06:57 AM to 09:36 AM",20,2026-08-08,ekadashi_cycle_scanner.py,legacy_ekadashi_messages,APPROVED,2026-08-22T21:30:44-04:00,kamika_ekadashi_messages.csv
2026-08-08,geoname:4180439,geoname:4180439|city:atlanta,Atlanta,Georgia,United States,America/New_York,4180439,EKADASHI,Kamika Ekadashi,EKADASHI_2026_08_08_KAMIKA_EKADASHI,Normal Ekadashi,NORMAL,UPAVASA_DAY_1,Kamika Ekadashi,"Upavaasa: 08-Aug-26 | Parana: 09-Aug-26, 06:55 AM to 09:38 AM",Normal Ekadashi. **Observe Upavaasa today.** Ekadashi began before Arunodaya and no two-day exception applies.,"Kamika Ekadashi. Normal Ekadashi. Observe Upavaasa today. Ekadashi began before Arunodaya and no two-day exception applies. Upavaasa: 08-Aug-26 | Parana: 09-Aug-26, 06:55 AM to 09:38 AM",20,2026-08-08,ekadashi_cycle_scanner.py,legacy_ekadashi_messages,APPROVED,2026-08-22T21:30:44-04:00,kamika_ekadashi_messages.csv
2026-08-08,geoname:4256038,geoname:4256038|city:columbus,Columbus,Indiana,United States,America/Indiana/Indianapolis,4256038,EKADASHI,Kamika Ekadashi,EKADASHI_2026_08_08_KAMIKA_EKADASHI,Normal Ekadashi,NORMAL,UPAVASA_DAY_1,Kamika Ekadashi,"Upavaasa: 08-Aug-26 | Parana: 09-Aug-26, 06:51 AM to 09:38 AM",Normal Ekadashi. **Observe Upavaasa today.** Ekadashi began before Arunodaya and no two-day exception applies.,"Kamika Ekadashi. Normal Ekadashi. Observe Upavaasa today. Ekadashi began before Arunodaya and no two-day exception applies. Upavaasa: 08-Aug-26 | Parana: 09-Aug-26, 06:51 AM to 09:38 AM",20,2026-08-08,ekadashi_cycle_scanner.py,legacy_ekadashi_messages,APPROVED,2026-08-22T21:30:44-04:00,kamika_ekadashi_messages.csv
2026-08-08,geoname:4347778,geoname:4347778|city:baltimore,Baltimore,Maryland,United States,America/New_York,4347778,EKADASHI,Kamika Ekadashi,EKADASHI_2026_08_08_KAMIKA_EKADASHI,Normal Ekadashi,NORMAL,UPAVASA_DAY_1,Kamika Ekadashi,"Upavaasa: 08-Aug-26 | Parana: 09-Aug-26, 06:48 AM to 09:01 AM",Normal Ekadashi. **Observe Upavaasa today.** Ekadashi began before Arunodaya and no two-day exception applies.,"Kamika Ekadashi. Normal Ekadashi. Observe Upavaasa today. Ekadashi began before Arunodaya and no two-day exception applies. Upavaasa: 08-Aug-26 | Parana: 09-Aug-26, 06:48 AM to 09:01 AM",20,2026-08-08,ekadashi_cycle_scanner.py,legacy_ekadashi_messages,APPROVED,2026-08-22T21:30:44-04:00,kamika_ekadashi_messages.csv
2026-08-08,geoname:4460243,geoname:4460243|city:charlotte,Charlotte,North Carolina,United States,America/New_York,4460243,EKADASHI,Kamika Ekadashi,EKADASHI_2026_08_08_KAMIKA_EKADASHI,Normal Ekadashi,NORMAL,UPAVASA_DAY_1,Kamika Ekadashi,"Upavaasa: 08-Aug-26 | Parana: 09-Aug-26, 06:48 AM to 09:23 AM",Normal Ekadashi. **Observe Upavaasa today.** Ekadashi began before Arunodaya and no two-day exception applies.,"Kamika Ekadashi. Normal Ekadashi. Observe Upavaasa today. Ekadashi began before Arunodaya and no two-day exception applies. Upavaasa: 08-Aug-26 | Parana: 09-Aug-26, 06:48 AM to 09:23 AM",20,2026-08-08,ekadashi_cycle_scanner.py,legacy_ekadashi_messages,APPROVED,2026-08-22T21:30:44-04:00,kamika_ekadashi_messages.csv
2026-08-08,geoname:4487042,geoname:4487042|city:raleigh,Raleigh,North Carolina,United States,America/New_York,4487042,EKADASHI,Kamika Ekadashi,EKADASHI_2026_08_08_KAMIKA_EKADASHI,Normal Ekadashi,NORMAL,UPAVASA_DAY_1,Kamika Ekadashi,"Upavaasa: 08-Aug-26 | Parana: 09-Aug-26, 06:48 AM to 09:13 AM",Normal Ekadashi. **Observe Upavaasa today.** Ekadashi began before Arunodaya and no two-day exception applies.,"Kamika Ekadashi. Normal Ekadashi. Observe Upavaasa today. Ekadashi began before Arunodaya and no two-day exception applies. Upavaasa: 08-Aug-26 | Parana: 09-Aug-26, 06:48 AM to 09:13 AM",20,2026-08-08,ekadashi_cycle_scanner.py,legacy_ekadashi_messages,APPROVED,2026-08-22T21:30:44-04:00,kamika_ekadashi_messages.csv
2026-08-08,geoname:4508722,geoname:4508722|city:cincinnati,Cincinnati,Ohio,United States,America/New_York,4508722,EKADASHI,Kamika Ekadashi,EKADASHI_2026_08_08_KAMIKA_EKADASHI,Normal Ekadashi,NORMAL,UPAVASA_DAY_1,Kamika Ekadashi,"Upavaasa: 08-Aug-26 | Parana: 09-Aug-26, 06:48 AM to 09:33 AM",Normal Ekadashi. **Observe Upavaasa today.** Ekadashi began before Arunodaya and no two-day exception applies.,"Kamika Ekadashi. Normal Ekadashi. Observe Upavaasa today. Ekadashi began before Arunodaya and no two-day exception applies. Upavaasa: 08-Aug-26 | Parana: 09-Aug-26, 06:48 AM to 09:33 AM",20,2026-08-08,ekadashi_cycle_scanner.py,legacy_ekadashi_messages,APPROVED,2026-08-22T21:30:44-04:00,kamika_ekadashi_messages.csv
2026-08-08,geoname:4509177,geoname:4509177|city:columbus,Columbus,Ohio,United States,America/New_York,4509177,EKADASHI,Kamika Ekadashi,EKADASHI_2026_08_08_KAMIKA_EKADASHI,Normal Ekadashi,NORMAL,UPAVASA_DAY_1,Kamika Ekadashi,"Upavaasa: 08-Aug-26 | Parana: 09-Aug-26, 06:48 AM to 09:26 AM",Normal Ekadashi. **Observe Upavaasa today.** Ekadashi began before Arunodaya and no two-day exception applies.,"Kamika Ekadashi. Normal Ekadashi. Observe Upavaasa today. Ekadashi began before Arunodaya and no two-day exception applies. Upavaasa: 08-Aug-26 | Parana: 09-Aug-26, 06:48 AM to 09:26 AM",20,2026-08-08,ekadashi_cycle_scanner.py,legacy_ekadashi_messages,APPROVED,2026-08-22T21:30:44-04:00,kamika_ekadashi_messages.csv
2026-08-08,geoname:4560349,geoname:4560349|city:philadelphia,Philadelphia,Pennsylvania,United States,America/New_York,4560349,EKADASHI,Kamika Ekadashi,EKADASHI_2026_08_08_KAMIKA_EKADASHI,Normal Ekadashi,NORMAL,UPAVASA_DAY_1,Kamika Ekadashi,"Upavaasa: 08-Aug-26 | Parana: 09-Aug-26, 06:48 AM to 08:55 AM",Normal Ekadashi. **Observe Upavaasa today.** Ekadashi began before Arunodaya and no two-day exception applies.,"Kamika Ekadashi. Normal Ekadashi. Observe Upavaasa today. Ekadashi began before Arunodaya and no two-day exception applies. Upavaasa: 08-Aug-26 | Parana: 09-Aug-26, 06:48 AM to 08:55 AM",20,2026-08-08,ekadashi_cycle_scanner.py,legacy_ekadashi_messages,APPROVED,2026-08-22T21:30:44-04:00,kamika_ekadashi_messages.csv
2026-08-08,geoname:4634946,geoname:4634946|city:knoxville,Knoxville,Tennessee,United States,America/New_York,4634946,EKADASHI,Kamika Ekadashi,EKADASHI_2026_08_08_KAMIKA_EKADASHI,Normal Ekadashi,NORMAL,UPAVASA_DAY_1,Kamika Ekadashi,"Upavaasa: 08-Aug-26 | Parana: 09-Aug-26, 06:50 AM to 09:34 AM",Normal Ekadashi. **Observe Upavaasa today.** Ekadashi began before Arunodaya and no two-day exception applies.,"Kamika Ekadashi. Normal Ekadashi. Observe Upavaasa today. Ekadashi began before Arunodaya and no two-day exception applies. Upavaasa: 08-Aug-26 | Parana: 09-Aug-26, 06:50 AM to 09:34 AM",20,2026-08-08,ekadashi_cycle_scanner.py,legacy_ekadashi_messages,APPROVED,2026-08-22T21:30:44-04:00,kamika_ekadashi_messages.csv
2026-08-08,geoname:4644585,geoname:4644585|city:nashville,Nashville,Tennessee,United States,America/Chicago,4644585,EKADASHI,Kamika Ekadashi,EKADASHI_2026_08_08_KAMIKA_EKADASHI,Normal Ekadashi,NORMAL,UPAVASA_DAY_1,Kamika Ekadashi,"Upavaasa: 08-Aug-26 | Parana: 09-Aug-26, 06:01 AM to 08:46 AM",Normal Ekadashi. **Observe Upavaasa today.** Ekadashi began before Arunodaya and no two-day exception applies.,"Kamika Ekadashi. Normal Ekadashi. Observe Upavaasa today. Ekadashi began before Arunodaya and no two-day exception applies. Upavaasa: 08-Aug-26 | Parana: 09-Aug-26, 06:01 AM to 08:46 AM",20,2026-08-08,ekadashi_cycle_scanner.py,legacy_ekadashi_messages,APPROVED,2026-08-22T21:30:44-04:00,kamika_ekadashi_messages.csv
2026-08-08,geoname:4684888,geoname:4684888|city:dallas,Dallas,Texas,United States,America/Chicago,4684888,EKADASHI,Kamika Ekadashi,EKADASHI_2026_08_08_KAMIKA_EKADASHI,Normal Ekadashi,NORMAL,UPAVASA_DAY_1,Kamika Ekadashi,"Upavaasa: 08-Aug-26 | Parana: 09-Aug-26, 06:47 AM to 09:29 AM",Normal Ekadashi. **Observe Upavaasa today.** Ekadashi began before Arunodaya and no two-day exception applies.,"Kamika Ekadashi. Normal Ekadashi. Observe Upavaasa today. Ekadashi began before Arunodaya and no two-day exception applies. Upavaasa: 08-Aug-26 | Parana: 09-Aug-26, 06:47 AM to 09:29 AM",20,2026-08-08,ekadashi_cycle_scanner.py,legacy_ekadashi_messages,APPROVED,2026-08-22T21:30:44-04:00,kamika_ekadashi_messages.csv
2026-08-08,geoname:4699066,geoname:4699066|city:houston,Houston,Texas,United States,America/Chicago,4699066,EKADASHI,Kamika Ekadashi,EKADASHI_2026_08_08_KAMIKA_EKADASHI,Normal Ekadashi,NORMAL,UPAVASA_DAY_1,Kamika Ekadashi,"Upavaasa: 08-Aug-26 | Parana: 09-Aug-26, 06:46 AM to 09:26 AM",Normal Ekadashi. **Observe Upavaasa today.** Ekadashi began before Arunodaya and no two-day exception applies.,"Kamika Ekadashi. Normal Ekadashi. Observe Upavaasa today. Ekadashi began before Arunodaya and no two-day exception applies. Upavaasa: 08-Aug-26 | Parana: 09-Aug-26, 06:46 AM to 09:26 AM",20,2026-08-08,ekadashi_cycle_scanner.py,legacy_ekadashi_messages,APPROVED,2026-08-22T21:30:44-04:00,kamika_ekadashi_messages.csv
2026-08-08,geoname:4781708,geoname:4781708|city:richmond,Richmond,Virginia,United States,America/New_York,4781708,EKADASHI,Kamika Ekadashi,EKADASHI_2026_08_08_KAMIKA_EKADASHI,Normal Ekadashi,NORMAL,UPAVASA_DAY_1,Kamika Ekadashi,"Upavaasa: 08-Aug-26 | Parana: 09-Aug-26, 06:48 AM to 09:07 AM",Normal Ekadashi. **Observe Upavaasa today.** Ekadashi began before Arunodaya and no two-day exception applies.,"Kamika Ekadashi. Normal Ekadashi. Observe Upavaasa today. Ekadashi began before Arunodaya and no two-day exception applies. Upavaasa: 08-Aug-26 | Parana: 09-Aug-26, 06:48 AM to 09:07 AM",20,2026-08-08,ekadashi_cycle_scanner.py,legacy_ekadashi_messages,APPROVED,2026-08-22T21:30:44-04:00,kamika_ekadashi_messages.csv
2026-08-08,geoname:4887398,geoname:4887398|city:chicago,Chicago,Illinois,United States,America/Chicago,4887398,EKADASHI,Kamika Ekadashi,EKADASHI_2026_08_08_KAMIKA_EKADASHI,Normal Ekadashi,NORMAL,UPAVASA_DAY_1,Kamika Ekadashi,"Upavaasa: 08-Aug-26 | Parana: 09-Aug-26, 05:53 AM to 08:42 AM",Normal Ekadashi. **Observe Upavaasa today.** Ekadashi began before Arunodaya and no two-day exception applies.,"Kamika Ekadashi. Normal Ekadashi. Observe Upavaasa today. Ekadashi began before Arunodaya and no two-day exception applies. Upavaasa: 08-Aug-26 | Parana: 09-Aug-26, 05:53 AM to 08:42 AM",20,2026-08-08,ekadashi_cycle_scanner.py,legacy_ekadashi_messages,APPROVED,2026-08-22T21:30:44-04:00,kamika_ekadashi_messages.csv
2026-08-08,geoname:4922462,geoname:4922462|city:lafayette,Lafayette,Indiana,United States,America/Indiana/Indianapolis,4922462,EKADASHI,Kamika Ekadashi,EKADASHI_2026_08_08_KAMIKA_EKADASHI,Normal Ekadashi,NORMAL,UPAVASA_DAY_1,Kamika Ekadashi,"Upavaasa: 08-Aug-26 | Parana: 09-Aug-26, 06:53 AM to 09:41 AM",Normal Ekadashi. **Observe Upavaasa today.** Ekadashi began before Arunodaya and no two-day exception applies.,"Kamika Ekadashi. Normal Ekadashi. Observe Upavaasa today. Ekadashi began before Arunodaya and no two-day exception applies. Upavaasa: 08-Aug-26 | Parana: 09-Aug-26, 06:53 AM to 09:41 AM",20,2026-08-08,ekadashi_cycle_scanner.py,legacy_ekadashi_messages,APPROVED,2026-08-22T21:30:44-04:00,kamika_ekadashi_messages.csv
2026-08-08,geoname:5099836,geoname:5099836|city:new_jersey,New Jersey,New Jersey,United States,America/New_York,5099836,EKADASHI,Kamika Ekadashi,EKADASHI_2026_08_08_KAMIKA_EKADASHI,Dashami Viddha Ekadashi,DASHAMI_VIDDHA,VIDDHA_NO_FAST,Kamika Ekadashi,"Upavaasa: 09-Aug-26 | Parana: 10-Aug-26, 06:02 AM to 08:50 AM",**Do not observe Upavaasa today.** Today's Ekadashi sunrise is Dashami Viddha because Ekadashi began during Arunodaya. No later valid Ekadashi sunrise occurs; observe Upavaasa on 09-Aug-26 on Dwadashi.,"Kamika Ekadashi. Do not observe Upavaasa today. Today's Ekadashi sunrise is Dashami Viddha because Ekadashi began during Arunodaya. No later valid Ekadashi sunrise occurs; observe Upavaasa on 09-Aug-26 on Dwadashi. Upavaasa: 09-Aug-26 | Parana: 10-Aug-26, 06:02 AM to 08:50 AM",10,2026-08-08,ekadashi_cycle_scanner.py,legacy_ekadashi_messages,APPROVED,2026-08-22T21:30:44-04:00,kamika_ekadashi_messages.csv
2026-08-08,geoname:5108728,geoname:5108728|city:belfast,Belfast,New York,United States,America/New_York,5108728,EKADASHI,Kamika Ekadashi,EKADASHI_2026_08_08_KAMIKA_EKADASHI,Normal Ekadashi,NORMAL,UPAVASA_DAY_1,Kamika Ekadashi,"Upavaasa: 08-Aug-26 | Parana: 09-Aug-26, 06:48 AM to 09:03 AM",Normal Ekadashi. **Observe Upavaasa today.** Ekadashi began before Arunodaya and no two-day exception applies.,"Kamika Ekadashi. Normal Ekadashi. Observe Upavaasa today. Ekadashi began before Arunodaya and no two-day exception applies. Upavaasa: 08-Aug-26 | Parana: 09-Aug-26, 06:48 AM to 09:03 AM",20,2026-08-08,ekadashi_cycle_scanner.py,legacy_ekadashi_messages,APPROVED,2026-08-22T21:30:44-04:00,kamika_ekadashi_messages.csv
2026-08-08,geoname:5110629,geoname:5110629|city:buffalo,Buffalo,New York,United States,America/New_York,5110629,EKADASHI,Kamika Ekadashi,EKADASHI_2026_08_08_KAMIKA_EKADASHI,Normal Ekadashi,NORMAL,UPAVASA_DAY_1,Kamika Ekadashi,"Upavaasa: 08-Aug-26 | Parana: 09-Aug-26, 06:48 AM to 09:05 AM",Normal Ekadashi. **Observe Upavaasa today.** Ekadashi began before Arunodaya and no two-day exception applies.,"Kamika Ekadashi. Normal Ekadashi. Observe Upavaasa today. Ekadashi began before Arunodaya and no two-day exception applies. Upavaasa: 08-Aug-26 | Parana: 09-Aug-26, 06:48 AM to 09:05 AM",20,2026-08-08,ekadashi_cycle_scanner.py,legacy_ekadashi_messages,APPROVED,2026-08-22T21:30:44-04:00,kamika_ekadashi_messages.csv
2026-08-08,geoname:5119251,geoname:5119251|city:greece,Greece,New York,United States,America/New_York,5119251,EKADASHI,Kamika Ekadashi,EKADASHI_2026_08_08_KAMIKA_EKADASHI,Normal Ekadashi,NORMAL,UPAVASA_DAY_1,Kamika Ekadashi,"Upavaasa: 08-Aug-26 | Parana: 09-Aug-26, 06:48 AM to 09:00 AM",Normal Ekadashi. **Observe Upavaasa today.** Ekadashi began before Arunodaya and no two-day exception applies.,"Kamika Ekadashi. Normal Ekadashi. Observe Upavaasa today. Ekadashi began before Arunodaya and no two-day exception applies. Upavaasa: 08-Aug-26 | Parana: 09-Aug-26, 06:48 AM to 09:00 AM",20,2026-08-08,ekadashi_cycle_scanner.py,legacy_ekadashi_messages,APPROVED,2026-08-22T21:30:44-04:00,kamika_ekadashi_messages.csv
2026-08-08,geoname:5128581,geoname:5128581|city:new_york,New York,New York,United States,America/New_York,5128581,EKADASHI,Kamika Ekadashi,EKADASHI_2026_08_08_KAMIKA_EKADASHI,Dashami Viddha Ekadashi,DASHAMI_VIDDHA,VIDDHA_NO_FAST,Kamika Ekadashi,"Upavaasa: 09-Aug-26 | Parana: 10-Aug-26, 06:02 AM to 08:50 AM",**Do not observe Upavaasa today.** Today's Ekadashi sunrise is Dashami Viddha because Ekadashi began during Arunodaya. No later valid Ekadashi sunrise occurs; observe Upavaasa on 09-Aug-26 on Dwadashi.,"Kamika Ekadashi. Do not observe Upavaasa today. Today's Ekadashi sunrise is Dashami Viddha because Ekadashi began during Arunodaya. No later valid Ekadashi sunrise occurs; observe Upavaasa on 09-Aug-26 on Dwadashi. Upavaasa: 09-Aug-26 | Parana: 10-Aug-26, 06:02 AM to 08:50 AM",10,2026-08-08,ekadashi_cycle_scanner.py,legacy_ekadashi_messages,APPROVED,2026-08-22T21:30:44-04:00,kamika_ekadashi_messages.csv
2026-08-08,geoname:5131614,geoname:5131614|city:pittsford,Pittsford,New York,United States,America/New_York,5131614,EKADASHI,Kamika Ekadashi,EKADASHI_2026_08_08_KAMIKA_EKADASHI,Normal Ekadashi,NORMAL,UPAVASA_DAY_1,Kamika Ekadashi,"Upavaasa: 08-Aug-26 | Parana: 09-Aug-26, 06:48 AM to 08:59 AM",Normal Ekadashi. **Observe Upavaasa today.** Ekadashi began before Arunodaya and no two-day exception applies.,"Kamika Ekadashi. Normal Ekadashi. Observe Upavaasa today. Ekadashi began before Arunodaya and no two-day exception applies. Upavaasa: 08-Aug-26 | Parana: 09-Aug-26, 06:48 AM to 08:59 AM",20,2026-08-08,ekadashi_cycle_scanner.py,legacy_ekadashi_messages,APPROVED,2026-08-22T21:30:44-04:00,kamika_ekadashi_messages.csv
2026-08-08,geoname:5134086,geoname:5134086|city:rochester,Rochester,New York,United States,America/New_York,5134086,EKADASHI,Kamika Ekadashi,EKADASHI_2026_08_08_KAMIKA_EKADASHI,Normal Ekadashi,NORMAL,UPAVASA_DAY_1,Kamika Ekadashi,"Upavaasa: 08-Aug-26 | Parana: 09-Aug-26, 06:48 AM to 09:00 AM",Normal Ekadashi. **Observe Upavaasa today.** Ekadashi began before Arunodaya and no two-day exception applies.,"Kamika Ekadashi. Normal Ekadashi. Observe Upavaasa today. Ekadashi began before Arunodaya and no two-day exception applies. Upavaasa: 08-Aug-26 | Parana: 09-Aug-26, 06:48 AM to 09:00 AM",20,2026-08-08,ekadashi_cycle_scanner.py,legacy_ekadashi_messages,APPROVED,2026-08-22T21:30:44-04:00,kamika_ekadashi_messages.csv
2026-08-08,geoname:5139865,geoname:5139865|city:stonybrook,Stonybrook,New York,United States,America/New_York,5139865,EKADASHI,Kamika Ekadashi,EKADASHI_2026_08_08_KAMIKA_EKADASHI,Dashami Viddha Ekadashi,DASHAMI_VIDDHA,VIDDHA_NO_FAST,Kamika Ekadashi,"Upavaasa: 09-Aug-26 | Parana: 10-Aug-26, 05:58 AM to 08:46 AM",**Do not observe Upavaasa today.** Today's Ekadashi sunrise is Dashami Viddha because Ekadashi began during Arunodaya. No later valid Ekadashi sunrise occurs; observe Upavaasa on 09-Aug-26 on Dwadashi.,"Kamika Ekadashi. Do not observe Upavaasa today. Today's Ekadashi sunrise is Dashami Viddha because Ekadashi began during Arunodaya. No later valid Ekadashi sunrise occurs; observe Upavaasa on 09-Aug-26 on Dwadashi. Upavaasa: 09-Aug-26 | Parana: 10-Aug-26, 05:58 AM to 08:46 AM",10,2026-08-08,ekadashi_cycle_scanner.py,legacy_ekadashi_messages,APPROVED,2026-08-22T21:30:44-04:00,kamika_ekadashi_messages.csv
2026-08-08,geoname:5140405,geoname:5140405|city:syracuse,Syracuse,New York,United States,America/New_York,5140405,EKADASHI,Kamika Ekadashi,EKADASHI_2026_08_08_KAMIKA_EKADASHI,Dashami Viddha Ekadashi,DASHAMI_VIDDHA,VIDDHA_NO_FAST,Kamika Ekadashi,"Upavaasa: 09-Aug-26 | Parana: 10-Aug-26, 06:05 AM to 08:55 AM",**Do not observe Upavaasa today.** Today's Ekadashi sunrise is Dashami Viddha because Ekadashi began during Arunodaya. No later valid Ekadashi sunrise occurs; observe Upavaasa on 09-Aug-26 on Dwadashi.,"Kamika Ekadashi. Do not observe Upavaasa today. Today's Ekadashi sunrise is Dashami Viddha because Ekadashi began during Arunodaya. No later valid Ekadashi sunrise occurs; observe Upavaasa on 09-Aug-26 on Dwadashi. Upavaasa: 09-Aug-26 | Parana: 10-Aug-26, 06:05 AM to 08:55 AM",10,2026-08-08,ekadashi_cycle_scanner.py,legacy_ekadashi_messages,APPROVED,2026-08-22T21:30:44-04:00,kamika_ekadashi_messages.csv
2026-08-08,geoname:5150529,geoname:5150529|city:cleveland,Cleveland,Ohio,United States,America/New_York,5150529,EKADASHI,Kamika Ekadashi,EKADASHI_2026_08_08_KAMIKA_EKADASHI,Normal Ekadashi,NORMAL,UPAVASA_DAY_1,Kamika Ekadashi,"Upavaasa: 08-Aug-26 | Parana: 09-Aug-26, 06:48 AM to 09:19 AM",Normal Ekadashi. **Observe Upavaasa today.** Ekadashi began before Arunodaya and no two-day exception applies.,"Kamika Ekadashi. Normal Ekadashi. Observe Upavaasa today. Ekadashi began before Arunodaya and no two-day exception applies. Upavaasa: 08-Aug-26 | Parana: 09-Aug-26, 06:48 AM to 09:19 AM",20,2026-08-08,ekadashi_cycle_scanner.py,legacy_ekadashi_messages,APPROVED,2026-08-22T21:30:44-04:00,kamika_ekadashi_messages.csv
2026-08-08,geoname:5308655,geoname:5308655|city:phoenix,Phoenix,Arizona,United States,America/Phoenix,5308655,EKADASHI,Kamika Ekadashi,EKADASHI_2026_08_08_KAMIKA_EKADASHI,Normal Ekadashi,NORMAL,UPAVASA_DAY_1,Kamika Ekadashi,"Upavaasa: 08-Aug-26 | Parana: 09-Aug-26, 05:47 AM to 08:30 AM",Normal Ekadashi. **Observe Upavaasa today.** Ekadashi began before Arunodaya and no two-day exception applies.,"Kamika Ekadashi. Normal Ekadashi. Observe Upavaasa today. Ekadashi began before Arunodaya and no two-day exception applies. Upavaasa: 08-Aug-26 | Parana: 09-Aug-26, 05:47 AM to 08:30 AM",20,2026-08-08,ekadashi_cycle_scanner.py,legacy_ekadashi_messages,APPROVED,2026-08-22T21:30:44-04:00,kamika_ekadashi_messages.csv
2026-08-08,geoname:5368361,geoname:5368361|city:los_angeles,Los Angeles,California,United States,America/Los_Angeles,5368361,EKADASHI,Kamika Ekadashi,EKADASHI_2026_08_08_KAMIKA_EKADASHI,Normal Ekadashi,NORMAL,UPAVASA_DAY_1,Kamika Ekadashi,"Upavaasa: 08-Aug-26 | Parana: 09-Aug-26, 06:10 AM to 08:53 AM",Normal Ekadashi. **Observe Upavaasa today.** Ekadashi began before Arunodaya and no two-day exception applies.,"Kamika Ekadashi. Normal Ekadashi. Observe Upavaasa today. Ekadashi began before Arunodaya and no two-day exception applies. Upavaasa: 08-Aug-26 | Parana: 09-Aug-26, 06:10 AM to 08:53 AM",20,2026-08-08,ekadashi_cycle_scanner.py,legacy_ekadashi_messages,APPROVED,2026-08-22T21:30:44-04:00,kamika_ekadashi_messages.csv
2026-08-08,geoname:5383527,geoname:5383527|city:placentia,Placentia,California,United States,America/Los_Angeles,5383527,EKADASHI,Kamika Ekadashi,EKADASHI_2026_08_08_KAMIKA_EKADASHI,Normal Ekadashi,NORMAL,UPAVASA_DAY_1,Kamika Ekadashi,"Upavaasa: 08-Aug-26 | Parana: 09-Aug-26, 06:09 AM to 08:52 AM",Normal Ekadashi. **Observe Upavaasa today.** Ekadashi began before Arunodaya and no two-day exception applies.,"Kamika Ekadashi. Normal Ekadashi. Observe Upavaasa today. Ekadashi began before Arunodaya and no two-day exception applies. Upavaasa: 08-Aug-26 | Parana: 09-Aug-26, 06:09 AM to 08:52 AM",20,2026-08-08,ekadashi_cycle_scanner.py,legacy_ekadashi_messages,APPROVED,2026-08-22T21:30:44-04:00,kamika_ekadashi_messages.csv
2026-08-08,geoname:5391959,geoname:5391959|city:san_francisco,San Francisco,California,United States,America/Los_Angeles,5391959,EKADASHI,Kamika Ekadashi,EKADASHI_2026_08_08_KAMIKA_EKADASHI,Normal Ekadashi,NORMAL,UPAVASA_DAY_1,Kamika Ekadashi,"Upavaasa: 08-Aug-26 | Parana: 09-Aug-26, 06:20 AM to 09:06 AM",Normal Ekadashi. **Observe Upavaasa today.** Ekadashi began before Arunodaya and no two-day exception applies.,"Kamika Ekadashi. Normal Ekadashi. Observe Upavaasa today. Ekadashi began before Arunodaya and no two-day exception applies. Upavaasa: 08-Aug-26 | Parana: 09-Aug-26, 06:20 AM to 09:06 AM",20,2026-08-08,ekadashi_cycle_scanner.py,legacy_ekadashi_messages,APPROVED,2026-08-22T21:30:44-04:00,kamika_ekadashi_messages.csv
2026-08-08,geoname:5809844,geoname:5809844|city:seattle,Seattle,Washington,United States,America/Los_Angeles,5809844,EKADASHI,Kamika Ekadashi,EKADASHI_2026_08_08_KAMIKA_EKADASHI,Normal Ekadashi,NORMAL,UPAVASA_DAY_1,Kamika Ekadashi,"Upavaasa: 08-Aug-26 | Parana: 09-Aug-26, 05:58 AM to 08:53 AM",Normal Ekadashi. **Observe Upavaasa today.** Ekadashi began before Arunodaya and no two-day exception applies.,"Kamika Ekadashi. Normal Ekadashi. Observe Upavaasa today. Ekadashi began before Arunodaya and no two-day exception applies. Upavaasa: 08-Aug-26 | Parana: 09-Aug-26, 05:58 AM to 08:53 AM",20,2026-08-08,ekadashi_cycle_scanner.py,legacy_ekadashi_messages,APPROVED,2026-08-22T21:30:44-04:00,kamika_ekadashi_messages.csv
2026-08-08,geoname:6173331,geoname:6173331|city:vancouver,Vancouver,British Columbia,Canada,America/Los_Angeles,6173331,EKADASHI,Kamika Ekadashi,EKADASHI_2026_08_08_KAMIKA_EKADASHI,Normal Ekadashi,NORMAL,UPAVASA_DAY_1,Kamika Ekadashi,"Upavaasa: 08-Aug-26 | Parana: 09-Aug-26, 05:56 AM to 08:53 AM",Normal Ekadashi. **Observe Upavaasa today.** Ekadashi began before Arunodaya and no two-day exception applies.,"Kamika Ekadashi. Normal Ekadashi. Observe Upavaasa today. Ekadashi began before Arunodaya and no two-day exception applies. Upavaasa: 08-Aug-26 | Parana: 09-Aug-26, 05:56 AM to 08:53 AM",20,2026-08-08,ekadashi_cycle_scanner.py,legacy_ekadashi_messages,APPROVED,2026-08-22T21:30:44-04:00,kamika_ekadashi_messages.csv
2026-08-08,geoname:6182962,geoname:6182962|city:windsor,Windsor,Ontario,Canada,America/New_York,6182962,EKADASHI,Kamika Ekadashi,EKADASHI_2026_08_08_KAMIKA_EKADASHI,Normal Ekadashi,NORMAL,UPAVASA_DAY_1,Kamika Ekadashi,"Upavaasa: 08-Aug-26 | Parana: 09-Aug-26, 06:48 AM to 09:23 AM",Normal Ekadashi. **Observe Upavaasa today.** Ekadashi began before Arunodaya and no two-day exception applies.,"Kamika Ekadashi. Normal Ekadashi. Observe Upavaasa today. Ekadashi began before Arunodaya and no two-day exception applies. Upavaasa: 08-Aug-26 | Parana: 09-Aug-26, 06:48 AM to 09:23 AM",20,2026-08-08,ekadashi_cycle_scanner.py,legacy_ekadashi_messages,APPROVED,2026-08-22T21:30:44-04:00,kamika_ekadashi_messages.csv
2026-08-09,geoname:1253102,geoname:1253102|city:visakhapatnam,Visakhapatnam,Andra Pradesh,India,Asia/Kolkata,1253102,EKADASHI,Kamika Ekadashi,EKADASHI_2026_08_08_KAMIKA_EKADASHI,Normal Ekadashi,NORMAL,UPAVASA_DAY_1,Kamika Ekadashi,"Upavaasa: 09-Aug-26 | Parana: 10-Aug-26, 05:39 AM to 08:00 AM",Normal Ekadashi. **Observe Upavaasa today.** Ekadashi began before Arunodaya and no two-day exception applies.,"Kamika Ekadashi. Normal Ekadashi. Observe Upavaasa today. Ekadashi began before Arunodaya and no two-day exception applies. Upavaasa: 09-Aug-26 | Parana: 10-Aug-26, 05:39 AM to 08:00 AM",20,2026-08-08,ekadashi_cycle_scanner.py,legacy_ekadashi_messages,APPROVED,2026-08-22T21:30:44-04:00,kamika_ekadashi_messages.csv
2026-08-09,geoname:1253405,geoname:1253405|city:varanasi,Varanasi,Uttar Pradesh,India,Asia/Kolkata,1253405,EKADASHI,Kamika Ekadashi,EKADASHI_2026_08_08_KAMIKA_EKADASHI,Normal Ekadashi,NORMAL,UPAVASA_DAY_1,Kamika Ekadashi,"Upavaasa: 09-Aug-26 | Parana: 10-Aug-26, 05:29 AM to 08:00 AM",Normal Ekadashi. **Observe Upavaasa today.** Ekadashi began before Arunodaya and no two-day exception applies.,"Kamika Ekadashi. Normal Ekadashi. Observe Upavaasa today. Ekadashi began before Arunodaya and no two-day exception applies. Upavaasa: 09-Aug-26 | Parana: 10-Aug-26, 05:29 AM to 08:00 AM",20,2026-08-08,ekadashi_cycle_scanner.py,legacy_ekadashi_messages,APPROVED,2026-08-22T21:30:44-04:00,kamika_ekadashi_messages.csv
2026-08-09,geoname:1253573,geoname:1253573|city:vadodara,Vadodara,Gujarat,India,Asia/Kolkata,1253573,EKADASHI,Kamika Ekadashi,EKADASHI_2026_08_08_KAMIKA_EKADASHI,Normal Ekadashi,NORMAL,UPAVASA_DAY_1,Kamika Ekadashi,"Upavaasa: 09-Aug-26 | Parana: 10-Aug-26, 06:13 AM to 08:00 AM",Normal Ekadashi. **Observe Upavaasa today.** Ekadashi began before Arunodaya and no two-day exception applies.,"Kamika Ekadashi. Normal Ekadashi. Observe Upavaasa today. Ekadashi began before Arunodaya and no two-day exception applies. Upavaasa: 09-Aug-26 | Parana: 10-Aug-26, 06:13 AM to 08:00 AM",20,2026-08-08,ekadashi_cycle_scanner.py,legacy_ekadashi_messages,APPROVED,2026-08-22T21:30:44-04:00,kamika_ekadashi_messages.csv
2026-08-09,geoname:1253952,geoname:1253952|city:udupi,Udupi,Karnataka,India,Asia/Kolkata,1253952,EKADASHI,Kamika Ekadashi,EKADASHI_2026_08_08_KAMIKA_EKADASHI,Normal Ekadashi,NORMAL,UPAVASA_DAY_1,Kamika Ekadashi,"Upavaasa: 09-Aug-26 | Parana: 10-Aug-26, 06:18 AM to 08:00 AM",Normal Ekadashi. **Observe Upavaasa today.** Ekadashi began before Arunodaya and no two-day exception applies.,"Kamika Ekadashi. Normal Ekadashi. Observe Upavaasa today. Ekadashi began before Arunodaya and no two-day exception applies. Upavaasa: 09-Aug-26 | Parana: 10-Aug-26, 06:18 AM to 08:00 AM",20,2026-08-08,ekadashi_cycle_scanner.py,legacy_ekadashi_messages,APPROVED,2026-08-22T21:30:44-04:00,kamika_ekadashi_messages.csv
2026-08-09,geoname:1254163,geoname:1254163|city:thiruvananthapuram,Thiruvananthapuram,Kerala,India,Asia/Kolkata,1254163,EKADASHI,Kamika Ekadashi,EKADASHI_2026_08_08_KAMIKA_EKADASHI,Normal Ekadashi,NORMAL,UPAVASA_DAY_1,Kamika Ekadashi,"Upavaasa: 09-Aug-26 | Parana: 10-Aug-26, 06:15 AM to 08:00 AM",Normal Ekadashi. **Observe Upavaasa today.** Ekadashi began before Arunodaya and no two-day exception applies.,"Kamika Ekadashi. Normal Ekadashi. Observe Upavaasa today. Ekadashi began before Arunodaya and no two-day exception applies. Upavaasa: 09-Aug-26 | Parana: 10-Aug-26, 06:15 AM to 08:00 AM",20,2026-08-08,ekadashi_cycle_scanner.py,legacy_ekadashi_messages,APPROVED,2026-08-22T21:30:44-04:00,kamika_ekadashi_messages.csv
2026-08-09,geoname:1254360,geoname:1254360|city:tirupati,Tirupati,Andhra Pradesh,India,Asia/Kolkata,1254360,EKADASHI,Kamika Ekadashi,EKADASHI_2026_08_08_KAMIKA_EKADASHI,Normal Ekadashi,NORMAL,UPAVASA_DAY_1,Kamika Ekadashi,"Upavaasa: 09-Aug-26 | Parana: 10-Aug-26, 05:59 AM to 08:00 AM",Normal Ekadashi. **Observe Upavaasa today.** Ekadashi began before Arunodaya and no two-day exception applies.,"Kamika Ekadashi. Normal Ekadashi. Observe Upavaasa today. Ekadashi began before Arunodaya and no two-day exception applies. Upavaasa: 09-Aug-26 | Parana: 10-Aug-26, 05:59 AM to 08:00 AM",20,2026-08-08,ekadashi_cycle_scanner.py,legacy_ekadashi_messages,APPROVED,2026-08-22T21:30:44-04:00,kamika_ekadashi_messages.csv
2026-08-09,geoname:1254388,geoname:1254388|city:srirangam,Srirangam,Tamil Nadu,India,Asia/Kolkata,1254388,EKADASHI,Kamika Ekadashi,EKADASHI_2026_08_08_KAMIKA_EKADASHI,Normal Ekadashi,NORMAL,UPAVASA_DAY_1,Kamika Ekadashi,"Upavaasa: 09-Aug-26 | Parana: 10-Aug-26, 06:05 AM to 08:00 AM",Normal Ekadashi. **Observe Upavaasa today.** Ekadashi began before Arunodaya and no two-day exception applies.,"Kamika Ekadashi. Normal Ekadashi. Observe Upavaasa today. Ekadashi began before Arunodaya and no two-day exception applies. Upavaasa: 09-Aug-26 | Parana: 10-Aug-26, 06:05 AM to 08:00 AM",20,2026-08-08,ekadashi_cycle_scanner.py,legacy_ekadashi_messages,APPROVED,2026-08-22T21:30:44-04:00,kamika_ekadashi_messages.csv
2026-08-09,geoname:1255364,geoname:1255364|city:surat,Surat,Gujarat,India,Asia/Kolkata,1255364,EKADASHI,Kamika Ekadashi,EKADASHI_2026_08_08_KAMIKA_EKADASHI,Normal Ekadashi,NORMAL,UPAVASA_DAY_1,Kamika Ekadashi,"Upavaasa: 09-Aug-26 | Parana: 10-Aug-26, 06:15 AM to 08:00 AM",Normal Ekadashi. **Observe Upavaasa today.** Ekadashi began before Arunodaya and no two-day exception applies.,"Kamika Ekadashi. Normal Ekadashi. Observe Upavaasa today. Ekadashi began before Arunodaya and no two-day exception applies. Upavaasa: 09-Aug-26 | Parana: 10-Aug-26, 06:15 AM to 08:00 AM",20,2026-08-08,ekadashi_cycle_scanner.py,legacy_ekadashi_messages,APPROVED,2026-08-22T21:30:44-04:00,kamika_ekadashi_messages.csv
2026-08-09,geoname:1255634,geoname:1255634|city:srinagar,Srinagar,Jammu and Kashmir,India,Asia/Kolkata,1255634,EKADASHI,Kamika Ekadashi,EKADASHI_2026_08_08_KAMIKA_EKADASHI,Normal Ekadashi,NORMAL,UPAVASA_DAY_1,Kamika Ekadashi,"Upavaasa: 09-Aug-26 | Parana: 10-Aug-26, 05:48 AM to 08:00 AM",Normal Ekadashi. **Observe Upavaasa today.** Ekadashi began before Arunodaya and no two-day exception applies.,"Kamika Ekadashi. Normal Ekadashi. Observe Upavaasa today. Ekadashi began before Arunodaya and no two-day exception applies. Upavaasa: 09-Aug-26 | Parana: 10-Aug-26, 05:48 AM to 08:00 AM",20,2026-08-08,ekadashi_cycle_scanner.py,legacy_ekadashi_messages,APPROVED,2026-08-22T21:30:44-04:00,kamika_ekadashi_messages.csv
2026-08-09,geoname:1256287,geoname:1256287|city:silchar,Silchar,Assam,India,Asia/Kolkata,1256287,EKADASHI,Kamika Ekadashi,EKADASHI_2026_08_08_KAMIKA_EKADASHI,Normal Ekadashi,NORMAL,UPAVASA_DAY_1,Kamika Ekadashi,"Upavaasa: 09-Aug-26 | Parana: 10-Aug-26, 04:51 AM to 07:28 AM",Normal Ekadashi. **Observe Upavaasa today.** Ekadashi began before Arunodaya and no two-day exception applies.,"Kamika Ekadashi. Normal Ekadashi. Observe Upavaasa today. Ekadashi began before Arunodaya and no two-day exception applies. Upavaasa: 09-Aug-26 | Parana: 10-Aug-26, 04:51 AM to 07:28 AM",20,2026-08-08,ekadashi_cycle_scanner.py,legacy_ekadashi_messages,APPROVED,2026-08-22T21:30:44-04:00,kamika_ekadashi_messages.csv
2026-08-09,geoname:1256525,geoname:1256525|city:shiliguri,Shiliguri,West Bengal,India,Asia/Kolkata,1256525,EKADASHI,Kamika Ekadashi,EKADASHI_2026_08_08_KAMIKA_EKADASHI,Normal Ekadashi,NORMAL,UPAVASA_DAY_1,Kamika Ekadashi,"Upavaasa: 09-Aug-26 | Parana: 10-Aug-26, 05:05 AM to 07:44 AM",Normal Ekadashi. **Observe Upavaasa today.** Ekadashi began before Arunodaya and no two-day exception applies.,"Kamika Ekadashi. Normal Ekadashi. Observe Upavaasa today. Ekadashi began before Arunodaya and no two-day exception applies. Upavaasa: 09-Aug-26 | Parana: 10-Aug-26, 05:05 AM to 07:44 AM",20,2026-08-08,ekadashi_cycle_scanner.py,legacy_ekadashi_messages,APPROVED,2026-08-22T21:30:44-04:00,kamika_ekadashi_messages.csv
2026-08-09,geoname:1259229,geoname:1259229|city:pune,Pune,Maharashtra,India,Asia/Kolkata,1259229,EKADASHI,Kamika Ekadashi,EKADASHI_2026_08_08_KAMIKA_EKADASHI,Normal Ekadashi,NORMAL,UPAVASA_DAY_1,Kamika Ekadashi,"Upavaasa: 09-Aug-26 | Parana: 10-Aug-26, 06:15 AM to 08:00 AM",Normal Ekadashi. **Observe Upavaasa today.** Ekadashi began before Arunodaya and no two-day exception applies.,"Kamika Ekadashi. Normal Ekadashi. Observe Upavaasa today. Ekadashi began before Arunodaya and no two-day exception applies. Upavaasa: 09-Aug-26 | Parana: 10-Aug-26, 06:15 AM to 08:00 AM",20,2026-08-08,ekadashi_cycle_scanner.py,legacy_ekadashi_messages,APPROVED,2026-08-22T21:30:44-04:00,kamika_ekadashi_messages.csv
2026-08-09,geoname:1260546,geoname:1260546|city:pandharpur,Pandharpur,Maharashtra,India,Asia/Kolkata,1260546,EKADASHI,Kamika Ekadashi,EKADASHI_2026_08_08_KAMIKA_EKADASHI,Normal Ekadashi,NORMAL,UPAVASA_DAY_1,Kamika Ekadashi,"Upavaasa: 09-Aug-26 | Parana: 10-Aug-26, 06:10 AM to 08:00 AM",Normal Ekadashi. **Observe Upavaasa today.** Ekadashi began before Arunodaya and no two-day exception applies.,"Kamika Ekadashi. Normal Ekadashi. Observe Upavaasa today. Ekadashi began before Arunodaya and no two-day exception applies. Upavaasa: 09-Aug-26 | Parana: 10-Aug-26, 06:10 AM to 08:00 AM",20,2026-08-08,ekadashi_cycle_scanner.py,legacy_ekadashi_messages,APPROVED,2026-08-22T21:30:44-04:00,kamika_ekadashi_messages.csv
2026-08-09,geoname:1262180,geoname:1262180|city:nagpur,Nagpur,Maharashtra,India,Asia/Kolkata,1262180,EKADASHI,Kamika Ekadashi,EKADASHI_2026_08_08_KAMIKA_EKADASHI,Normal Ekadashi,NORMAL,UPAVASA_DAY_1,Kamika Ekadashi,"Upavaasa: 09-Aug-26 | Parana: 10-Aug-26, 05:51 AM to 08:00 AM",Normal Ekadashi. **Observe Upavaasa today.** Ekadashi began before Arunodaya and no two-day exception applies.,"Kamika Ekadashi. Normal Ekadashi. Observe Upavaasa today. Ekadashi began before Arunodaya and no two-day exception applies. Upavaasa: 09-Aug-26 | Parana: 10-Aug-26, 05:51 AM to 08:00 AM",20,2026-08-08,ekadashi_cycle_scanner.py,legacy_ekadashi_messages,APPROVED,2026-08-22T21:30:44-04:00,kamika_ekadashi_messages.csv
2026-08-09,geoname:1262321,geoname:1262321|city:mysuru,Mysuru,Karnataka,India,Asia/Kolkata,1262321,EKADASHI,Kamika Ekadashi,EKADASHI_2026_08_08_KAMIKA_EKADASHI,Normal Ekadashi,NORMAL,UPAVASA_DAY_1,Kamika Ekadashi,"Upavaasa: 09-Aug-26 | Parana: 10-Aug-26, 06:11 AM to 08:00 AM",Normal Ekadashi. **Observe Upavaasa today.** Ekadashi began before Arunodaya and no two-day exception applies.,"Kamika Ekadashi. Normal Ekadashi. Observe Upavaasa today. Ekadashi began before Arunodaya and no two-day exception applies. Upavaasa: 09-Aug-26 | Parana: 10-Aug-26, 06:11 AM to 08:00 AM",20,2026-08-08,ekadashi_cycle_scanner.py,legacy_ekadashi_messages,APPROVED,2026-08-22T21:30:44-04:00,kamika_ekadashi_messages.csv
2026-08-09,geoname:1262321,geoname:1262321|city:t_narasipura,T Narasipura,Karnataka,India,Asia/Kolkata,1262321,EKADASHI,Kamika Ekadashi,EKADASHI_2026_08_08_KAMIKA_EKADASHI,Normal Ekadashi,NORMAL,UPAVASA_DAY_1,Kamika Ekadashi,"Upavaasa: 09-Aug-26 | Parana: 10-Aug-26, 06:11 AM to 08:00 AM",Normal Ekadashi. **Observe Upavaasa today.** Ekadashi began before Arunodaya and no two-day exception applies.,"Kamika Ekadashi. Normal Ekadashi. Observe Upavaasa today. Ekadashi began before Arunodaya and no two-day exception applies. Upavaasa: 09-Aug-26 | Parana: 10-Aug-26, 06:11 AM to 08:00 AM",20,2026-08-08,ekadashi_cycle_scanner.py,legacy_ekadashi_messages,APPROVED,2026-08-22T21:30:44-04:00,kamika_ekadashi_messages.csv
2026-08-09,geoname:1263780,geoname:1263780|city:mangalore,Mangalore,Karnataka,India,Asia/Kolkata,1263780,EKADASHI,Kamika Ekadashi,EKADASHI_2026_08_08_KAMIKA_EKADASHI,Normal Ekadashi,NORMAL,UPAVASA_DAY_1,Kamika Ekadashi,"Upavaasa: 09-Aug-26 | Parana: 10-Aug-26, 06:18 AM to 08:00 AM",Normal Ekadashi. **Observe Upavaasa today.** Ekadashi began before Arunodaya and no two-day exception applies.,"Kamika Ekadashi. Normal Ekadashi. Observe Upavaasa today. Ekadashi began before Arunodaya and no two-day exception applies. Upavaasa: 09-Aug-26 | Parana: 10-Aug-26, 06:18 AM to 08:00 AM",20,2026-08-08,ekadashi_cycle_scanner.py,legacy_ekadashi_messages,APPROVED,2026-08-22T21:30:44-04:00,kamika_ekadashi_messages.csv
2026-08-09,geoname:1264521,geoname:1264521|city:madurai,Madurai,Tamil Nadu,India,Asia/Kolkata,1264521,EKADASHI,Kamika Ekadashi,EKADASHI_2026_08_08_KAMIKA_EKADASHI,Normal Ekadashi,NORMAL,UPAVASA_DAY_1,Kamika Ekadashi,"Upavaasa: 09-Aug-26 | Parana: 10-Aug-26, 06:08 AM to 08:00 AM",Normal Ekadashi. **Observe Upavaasa today.** Ekadashi began before Arunodaya and no two-day exception applies.,"Kamika Ekadashi. Normal Ekadashi. Observe Upavaasa today. Ekadashi began before Arunodaya and no two-day exception applies. Upavaasa: 09-Aug-26 | Parana: 10-Aug-26, 06:08 AM to 08:00 AM",20,2026-08-08,ekadashi_cycle_scanner.py,legacy_ekadashi_messages,APPROVED,2026-08-22T21:30:44-04:00,kamika_ekadashi_messages.csv
2026-08-09,geoname:1264527,geoname:1264527|city:chennai,Chennai,Tamil Nadu,India,Asia/Kolkata,1264527,EKADASHI,Kamika Ekadashi,EKADASHI_2026_08_08_KAMIKA_EKADASHI,Normal Ekadashi,NORMAL,UPAVASA_DAY_1,Kamika Ekadashi,"Upavaasa: 09-Aug-26 | Parana: 10-Aug-26, 05:56 AM to 08:00 AM",Normal Ekadashi. **Observe Upavaasa today.** Ekadashi began before Arunodaya and no two-day exception applies.,"Kamika Ekadashi. Normal Ekadashi. Observe Upavaasa today. Ekadashi began before Arunodaya and no two-day exception applies. Upavaasa: 09-Aug-26 | Parana: 10-Aug-26, 05:56 AM to 08:00 AM",20,2026-08-08,ekadashi_cycle_scanner.py,legacy_ekadashi_messages,APPROVED,2026-08-22T21:30:44-04:00,kamika_ekadashi_messages.csv
2026-08-09,geoname:1264733,geoname:1264733|city:lucknow,Lucknow,Uttar Pradesh,India,Asia/Kolkata,1264733,EKADASHI,Kamika Ekadashi,EKADASHI_2026_08_08_KAMIKA_EKADASHI,Normal Ekadashi,NORMAL,UPAVASA_DAY_1,Kamika Ekadashi,"Upavaasa: 09-Aug-26 | Parana: 10-Aug-26, 05:35 AM to 08:00 AM",Normal Ekadashi. **Observe Upavaasa today.** Ekadashi began before Arunodaya and no two-day exception applies.,"Kamika Ekadashi. Normal Ekadashi. Observe Upavaasa today. Ekadashi began before Arunodaya and no two-day exception applies. Upavaasa: 09-Aug-26 | Parana: 10-Aug-26, 05:35 AM to 08:00 AM",20,2026-08-08,ekadashi_cycle_scanner.py,legacy_ekadashi_messages,APPROVED,2026-08-22T21:30:44-04:00,kamika_ekadashi_messages.csv
2026-08-09,geoname:1265683,geoname:1265683|city:kumbakonam,Kumbakonam,Tamil Nadu,India,Asia/Kolkata,1265683,EKADASHI,Kamika Ekadashi,EKADASHI_2026_08_08_KAMIKA_EKADASHI,Normal Ekadashi,NORMAL,UPAVASA_DAY_1,Kamika Ekadashi,"Upavaasa: 09-Aug-26 | Parana: 10-Aug-26, 06:02 AM to 08:00 AM",Normal Ekadashi. **Observe Upavaasa today.** Ekadashi began before Arunodaya and no two-day exception applies.,"Kamika Ekadashi. Normal Ekadashi. Observe Upavaasa today. Ekadashi began before Arunodaya and no two-day exception applies. Upavaasa: 09-Aug-26 | Parana: 10-Aug-26, 06:02 AM to 08:00 AM",20,2026-08-08,ekadashi_cycle_scanner.py,legacy_ekadashi_messages,APPROVED,2026-08-22T21:30:44-04:00,kamika_ekadashi_messages.csv
2026-08-09,geoname:1266285,geoname:1266285|city:kolhapur,Kolhapur,Maharashtra,India,Asia/Kolkata,1266285,EKADASHI,Kamika Ekadashi,EKADASHI_2026_08_08_KAMIKA_EKADASHI,Normal Ekadashi,NORMAL,UPAVASA_DAY_1,Kamika Ekadashi,"Upavaasa: 09-Aug-26 | Parana: 10-Aug-26, 06:16 AM to 08:00 AM",Normal Ekadashi. **Observe Upavaasa today.** Ekadashi began before Arunodaya and no two-day exception applies.,"Kamika Ekadashi. Normal Ekadashi. Observe Upavaasa today. Ekadashi began before Arunodaya and no two-day exception applies. Upavaasa: 09-Aug-26 | Parana: 10-Aug-26, 06:16 AM to 08:00 AM",20,2026-08-08,ekadashi_cycle_scanner.py,legacy_ekadashi_messages,APPROVED,2026-08-22T21:30:44-04:00,kamika_ekadashi_messages.csv
2026-08-09,geoname:1268159,geoname:1268159|city:kanchipuram,Kanchipuram,Tamil Nadu,India,Asia/Kolkata,1268159,EKADASHI,Kamika Ekadashi,EKADASHI_2026_08_08_KAMIKA_EKADASHI,Normal Ekadashi,NORMAL,UPAVASA_DAY_1,Kamika Ekadashi,"Upavaasa: 09-Aug-26 | Parana: 10-Aug-26, 05:58 AM to 08:00 AM",Normal Ekadashi. **Observe Upavaasa today.** Ekadashi began before Arunodaya and no two-day exception applies.,"Kamika Ekadashi. Normal Ekadashi. Observe Upavaasa today. Ekadashi began before Arunodaya and no two-day exception applies. Upavaasa: 09-Aug-26 | Parana: 10-Aug-26, 05:58 AM to 08:00 AM",20,2026-08-08,ekadashi_cycle_scanner.py,legacy_ekadashi_messages,APPROVED,2026-08-22T21:30:44-04:00,kamika_ekadashi_messages.csv
2026-08-09,geoname:1269655,geoname:1269655|city:itanagar,Itanagar,Arunachal Pradesh,India,Asia/Kolkata,1269655,EKADASHI,Kamika Ekadashi,EKADASHI_2026_08_08_KAMIKA_EKADASHI,Normal Ekadashi,NORMAL,UPAVASA_DAY_1,Kamika Ekadashi,"Upavaasa: 09-Aug-26 | Parana: 10-Aug-26, 04:44 AM to 07:23 AM",Normal Ekadashi. **Observe Upavaasa today.** Ekadashi began before Arunodaya and no two-day exception applies.,"Kamika Ekadashi. Normal Ekadashi. Observe Upavaasa today. Ekadashi began before Arunodaya and no two-day exception applies. Upavaasa: 09-Aug-26 | Parana: 10-Aug-26, 04:44 AM to 07:23 AM",20,2026-08-08,ekadashi_cycle_scanner.py,legacy_ekadashi_messages,APPROVED,2026-08-22T21:30:44-04:00,kamika_ekadashi_messages.csv
2026-08-09,geoname:1269771,geoname:1269771|city:imphal,Imphal,Manipur,India,Asia/Kolkata,1269771,EKADASHI,Kamika Ekadashi,EKADASHI_2026_08_08_KAMIKA_EKADASHI,Normal Ekadashi,NORMAL,UPAVASA_DAY_1,Kamika Ekadashi,"Upavaasa: 09-Aug-26 | Parana: 10-Aug-26, 04:46 AM to 07:23 AM",Normal Ekadashi. **Observe Upavaasa today.** Ekadashi began before Arunodaya and no two-day exception applies.,"Kamika Ekadashi. Normal Ekadashi. Observe Upavaasa today. Ekadashi began before Arunodaya and no two-day exception applies. Upavaasa: 09-Aug-26 | Parana: 10-Aug-26, 04:46 AM to 07:23 AM",20,2026-08-08,ekadashi_cycle_scanner.py,legacy_ekadashi_messages,APPROVED,2026-08-22T21:30:44-04:00,kamika_ekadashi_messages.csv
2026-08-09,geoname:1269843,geoname:1269843|city:hyderabad,Hyderabad,Telangana,India,Asia/Kolkata,1269843,EKADASHI,Kamika Ekadashi,EKADASHI_2026_08_08_KAMIKA_EKADASHI,Normal Ekadashi,NORMAL,UPAVASA_DAY_1,Kamika Ekadashi,"Upavaasa: 09-Aug-26 | Parana: 10-Aug-26, 05:58 AM to 08:00 AM",Normal Ekadashi. **Observe Upavaasa today.** Ekadashi began before Arunodaya and no two-day exception applies.,"Kamika Ekadashi. Normal Ekadashi. Observe Upavaasa today. Ekadashi began before Arunodaya and no two-day exception applies. Upavaasa: 09-Aug-26 | Parana: 10-Aug-26, 05:58 AM to 08:00 AM",20,2026-08-08,ekadashi_cycle_scanner.py,legacy_ekadashi_messages,APPROVED,2026-08-22T21:30:44-04:00,kamika_ekadashi_messages.csv
2026-08-09,geoname:1269920,geoname:1269920|city:hubli,Hubli,Karnataka,India,Asia/Kolkata,1269920,EKADASHI,Kamika Ekadashi,EKADASHI_2026_08_08_KAMIKA_EKADASHI,Normal Ekadashi,NORMAL,UPAVASA_DAY_1,Kamika Ekadashi,"Upavaasa: 09-Aug-26 | Parana: 10-Aug-26, 06:14 AM to 08:00 AM",Normal Ekadashi. **Observe Upavaasa today.** Ekadashi began before Arunodaya and no two-day exception applies.,"Kamika Ekadashi. Normal Ekadashi. Observe Upavaasa today. Ekadashi began before Arunodaya and no two-day exception applies. Upavaasa: 09-Aug-26 | Parana: 10-Aug-26, 06:14 AM to 08:00 AM",20,2026-08-08,ekadashi_cycle_scanner.py,legacy_ekadashi_messages,APPROVED,2026-08-22T21:30:44-04:00,kamika_ekadashi_messages.csv
2026-08-09,geoname:1270603,geoname:1270603|city:guruvayur,Guruvayur,Kerala,India,Asia/Kolkata,1270603,EKADASHI,Kamika Ekadashi,EKADASHI_2026_08_08_KAMIKA_EKADASHI,Normal Ekadashi,NORMAL,UPAVASA_DAY_1,Kamika Ekadashi,"Upavaasa: 09-Aug-26 | Parana: 10-Aug-26, 06:16 AM to 08:00 AM",Normal Ekadashi. **Observe Upavaasa today.** Ekadashi began before Arunodaya and no two-day exception applies.,"Kamika Ekadashi. Normal Ekadashi. Observe Upavaasa today. Ekadashi began before Arunodaya and no two-day exception applies. Upavaasa: 09-Aug-26 | Parana: 10-Aug-26, 06:16 AM to 08:00 AM",20,2026-08-08,ekadashi_cycle_scanner.py,legacy_ekadashi_messages,APPROVED,2026-08-22T21:30:44-04:00,kamika_ekadashi_messages.csv
2026-08-09,geoname:1271476,geoname:1271476|city:guwahati,Guwahati,Assam,India,Asia/Kolkata,1271476,EKADASHI,Kamika Ekadashi,EKADASHI_2026_08_08_KAMIKA_EKADASHI,Normal Ekadashi,NORMAL,UPAVASA_DAY_1,Kamika Ekadashi,"Upavaasa: 09-Aug-26 | Parana: 10-Aug-26, 04:53 AM to 07:31 AM",Normal Ekadashi. **Observe Upavaasa today.** Ekadashi began before Arunodaya and no two-day exception applies.,"Kamika Ekadashi. Normal Ekadashi. Observe Upavaasa today. Ekadashi began before Arunodaya and no two-day exception applies. Upavaasa: 09-Aug-26 | Parana: 10-Aug-26, 04:53 AM to 07:31 AM",20,2026-08-08,ekadashi_cycle_scanner.py,legacy_ekadashi_messages,APPROVED,2026-08-22T21:30:44-04:00,kamika_ekadashi_messages.csv
2026-08-09,geoname:1271631,geoname:1271631|city:gangtok,Gangtok,Sikkim,India,Asia/Kolkata,1271631,EKADASHI,Kamika Ekadashi,EKADASHI_2026_08_08_KAMIKA_EKADASHI,Normal Ekadashi,NORMAL,UPAVASA_DAY_1,Kamika Ekadashi,"Upavaasa: 09-Aug-26 | Parana: 10-Aug-26, 05:04 AM to 07:43 AM",Normal Ekadashi. **Observe Upavaasa today.** Ekadashi began before Arunodaya and no two-day exception applies.,"Kamika Ekadashi. Normal Ekadashi. Observe Upavaasa today. Ekadashi began before Arunodaya and no two-day exception applies. Upavaasa: 09-Aug-26 | Parana: 10-Aug-26, 05:04 AM to 07:43 AM",20,2026-08-08,ekadashi_cycle_scanner.py,legacy_ekadashi_messages,APPROVED,2026-08-22T21:30:44-04:00,kamika_ekadashi_messages.csv
2026-08-09,geoname:1272552,geoname:1272552|city:dimapur,Dimapur,Nagaland,India,Asia/Kolkata,1272552,EKADASHI,Kamika Ekadashi,EKADASHI_2026_08_08_KAMIKA_EKADASHI,Normal Ekadashi,NORMAL,UPAVASA_DAY_1,Kamika Ekadashi,"Upavaasa: 09-Aug-26 | Parana: 10-Aug-26, 04:45 AM to 07:23 AM",Normal Ekadashi. **Observe Upavaasa today.** Ekadashi began before Arunodaya and no two-day exception applies.,"Kamika Ekadashi. Normal Ekadashi. Observe Upavaasa today. Ekadashi began before Arunodaya and no two-day exception applies. Upavaasa: 09-Aug-26 | Parana: 10-Aug-26, 04:45 AM to 07:23 AM",20,2026-08-08,ekadashi_cycle_scanner.py,legacy_ekadashi_messages,APPROVED,2026-08-22T21:30:44-04:00,kamika_ekadashi_messages.csv
2026-08-09,geoname:1272648,geoname:1272648|city:dibrugarh,Dibrugarh,Assam,India,Asia/Kolkata,1272648,EKADASHI,Kamika Ekadashi,EKADASHI_2026_08_08_KAMIKA_EKADASHI,Normal Ekadashi,NORMAL,UPAVASA_DAY_1,Kamika Ekadashi,"Upavaasa: 09-Aug-26 | Parana: 10-Aug-26, 04:38 AM to 07:17 AM",Normal Ekadashi. **Observe Upavaasa today.** Ekadashi began before Arunodaya and no two-day exception applies.,"Kamika Ekadashi. Normal Ekadashi. Observe Upavaasa today. Ekadashi began before Arunodaya and no two-day exception applies. Upavaasa: 09-Aug-26 | Parana: 10-Aug-26, 04:38 AM to 07:17 AM",20,2026-08-08,ekadashi_cycle_scanner.py,legacy_ekadashi_messages,APPROVED,2026-08-22T21:30:44-04:00,kamika_ekadashi_messages.csv
2026-08-09,geoname:1274256,geoname:1274256|city:chidambaram,Chidambaram,Tamil Nadu,India,Asia/Kolkata,1274256,EKADASHI,Kamika Ekadashi,EKADASHI_2026_08_08_KAMIKA_EKADASHI,Normal Ekadashi,NORMAL,UPAVASA_DAY_1,Kamika Ekadashi,"Upavaasa: 09-Aug-26 | Parana: 10-Aug-26, 06:00 AM to 08:00 AM",Normal Ekadashi. **Observe Upavaasa today.** Ekadashi began before Arunodaya and no two-day exception applies.,"Kamika Ekadashi. Normal Ekadashi. Observe Upavaasa today. Ekadashi began before Arunodaya and no two-day exception applies. Upavaasa: 09-Aug-26 | Parana: 10-Aug-26, 06:00 AM to 08:00 AM",20,2026-08-08,ekadashi_cycle_scanner.py,legacy_ekadashi_messages,APPROVED,2026-08-22T21:30:44-04:00,kamika_ekadashi_messages.csv
2026-08-09,geoname:1275004,geoname:1275004|city:kolkata,Kolkata,West Bengal,India,Asia/Kolkata,1275004,EKADASHI,Kamika Ekadashi,EKADASHI_2026_08_08_KAMIKA_EKADASHI,Normal Ekadashi,NORMAL,UPAVASA_DAY_1,Kamika Ekadashi,"Upavaasa: 09-Aug-26 | Parana: 10-Aug-26, 05:12 AM to 07:48 AM",Normal Ekadashi. **Observe Upavaasa today.** Ekadashi began before Arunodaya and no two-day exception applies.,"Kamika Ekadashi. Normal Ekadashi. Observe Upavaasa today. Ekadashi began before Arunodaya and no two-day exception applies. Upavaasa: 09-Aug-26 | Parana: 10-Aug-26, 05:12 AM to 07:48 AM",20,2026-08-08,ekadashi_cycle_scanner.py,legacy_ekadashi_messages,APPROVED,2026-08-22T21:30:44-04:00,kamika_ekadashi_messages.csv
2026-08-09,geoname:1275339,geoname:1275339|city:mumbai,Mumbai,Maharashtra,India,Asia/Kolkata,1275339,EKADASHI,Kamika Ekadashi,EKADASHI_2026_08_08_KAMIKA_EKADASHI,Normal Ekadashi,NORMAL,UPAVASA_DAY_1,Kamika Ekadashi,"Upavaasa: 09-Aug-26 | Parana: 10-Aug-26, 06:18 AM to 08:00 AM",Normal Ekadashi. **Observe Upavaasa today.** Ekadashi began before Arunodaya and no two-day exception applies.,"Kamika Ekadashi. Normal Ekadashi. Observe Upavaasa today. Ekadashi began before Arunodaya and no two-day exception applies. Upavaasa: 09-Aug-26 | Parana: 10-Aug-26, 06:18 AM to 08:00 AM",20,2026-08-08,ekadashi_cycle_scanner.py,legacy_ekadashi_messages,APPROVED,2026-08-22T21:30:44-04:00,kamika_ekadashi_messages.csv
2026-08-09,geoname:1275817,geoname:1275817|city:bhubaneswar,Bhubaneswar,Odisha,India,Asia/Kolkata,1275817,EKADASHI,Kamika Ekadashi,EKADASHI_2026_08_08_KAMIKA_EKADASHI,Normal Ekadashi,NORMAL,UPAVASA_DAY_1,Kamika Ekadashi,"Upavaasa: 09-Aug-26 | Parana: 10-Aug-26, 05:25 AM to 08:00 AM",Normal Ekadashi. **Observe Upavaasa today.** Ekadashi began before Arunodaya and no two-day exception applies.,"Kamika Ekadashi. Normal Ekadashi. Observe Upavaasa today. Ekadashi began before Arunodaya and no two-day exception applies. Upavaasa: 09-Aug-26 | Parana: 10-Aug-26, 05:25 AM to 08:00 AM",20,2026-08-08,ekadashi_cycle_scanner.py,legacy_ekadashi_messages,APPROVED,2026-08-22T21:30:44-04:00,kamika_ekadashi_messages.csv
2026-08-09,geoname:1275841,geoname:1275841|city:bhopal,Bhopal,Madhya Pradesh,India,Asia/Kolkata,1275841,EKADASHI,Kamika Ekadashi,EKADASHI_2026_08_08_KAMIKA_EKADASHI,Normal Ekadashi,NORMAL,UPAVASA_DAY_1,Kamika Ekadashi,"Upavaasa: 09-Aug-26 | Parana: 10-Aug-26, 05:54 AM to 08:00 AM",Normal Ekadashi. **Observe Upavaasa today.** Ekadashi began before Arunodaya and no two-day exception applies.,"Kamika Ekadashi. Normal Ekadashi. Observe Upavaasa today. Ekadashi began before Arunodaya and no two-day exception applies. Upavaasa: 09-Aug-26 | Parana: 10-Aug-26, 05:54 AM to 08:00 AM",20,2026-08-08,ekadashi_cycle_scanner.py,legacy_ekadashi_messages,APPROVED,2026-08-22T21:30:44-04:00,kamika_ekadashi_messages.csv
2026-08-09,geoname:1276533,geoname:1276533|city:belgaum,Belgaum,Karnataka,India,Asia/Kolkata,1276533,EKADASHI,Kamika Ekadashi,EKADASHI_2026_08_08_KAMIKA_EKADASHI,Normal Ekadashi,NORMAL,UPAVASA_DAY_1,Kamika Ekadashi,"Upavaasa: 09-Aug-26 | Parana: 10-Aug-26, 06:16 AM to 08:00 AM",Normal Ekadashi. **Observe Upavaasa today.** Ekadashi began before Arunodaya and no two-day exception applies.,"Kamika Ekadashi. Normal Ekadashi. Observe Upavaasa today. Ekadashi began before Arunodaya and no two-day exception applies. Upavaasa: 09-Aug-26 | Parana: 10-Aug-26, 06:16 AM to 08:00 AM",20,2026-08-08,ekadashi_cycle_scanner.py,legacy_ekadashi_messages,APPROVED,2026-08-22T21:30:44-04:00,kamika_ekadashi_messages.csv
2026-08-09,geoname:1277333,geoname:1277333|city:bengaluru,Bengaluru,Karnataka,India,Asia/Kolkata,1277333,EKADASHI,Kamika Ekadashi,EKADASHI_2026_08_08_KAMIKA_EKADASHI,Normal Ekadashi,NORMAL,UPAVASA_DAY_1,Kamika Ekadashi,"Upavaasa: 09-Aug-26 | Parana: 10-Aug-26, 06:07 AM to 08:00 AM",Normal Ekadashi. **Observe Upavaasa today.** Ekadashi began before Arunodaya and no two-day exception applies.,"Kamika Ekadashi. Normal Ekadashi. Observe Upavaasa today. Ekadashi began before Arunodaya and no two-day exception applies. Upavaasa: 09-Aug-26 | Parana: 10-Aug-26, 06:07 AM to 08:00 AM",20,2026-08-08,ekadashi_cycle_scanner.py,legacy_ekadashi_messages,APPROVED,2026-08-22T21:30:44-04:00,kamika_ekadashi_messages.csv
2026-08-09,geoname:1278094,geoname:1278094|city:ayodhya,Ayodhya,Uttar Pradesh,India,Asia/Kolkata,1278094,EKADASHI,Kamika Ekadashi,EKADASHI_2026_08_08_KAMIKA_EKADASHI,Normal Ekadashi,NORMAL,UPAVASA_DAY_1,Kamika Ekadashi,"Upavaasa: 09-Aug-26 | Parana: 10-Aug-26, 05:30 AM to 08:00 AM",Normal Ekadashi. **Observe Upavaasa today.** Ekadashi began before Arunodaya and no two-day exception applies.,"Kamika Ekadashi. Normal Ekadashi. Observe Upavaasa today. Ekadashi began before Arunodaya and no two-day exception applies. Upavaasa: 09-Aug-26 | Parana: 10-Aug-26, 05:30 AM to 08:00 AM",20,2026-08-08,ekadashi_cycle_scanner.py,legacy_ekadashi_messages,APPROVED,2026-08-22T21:30:44-04:00,kamika_ekadashi_messages.csv
2026-08-09,geoname:1278994,geoname:1278994|city:prayagraj,Prayagraj,Uttar Pradesh,India,Asia/Kolkata,1278994,EKADASHI,Kamika Ekadashi,EKADASHI_2026_08_08_KAMIKA_EKADASHI,Normal Ekadashi,NORMAL,UPAVASA_DAY_1,Kamika Ekadashi,"Upavaasa: 09-Aug-26 | Parana: 10-Aug-26, 05:34 AM to 08:00 AM",Normal Ekadashi. **Observe Upavaasa today.** Ekadashi began before Arunodaya and no two-day exception applies.,"Kamika Ekadashi. Normal Ekadashi. Observe Upavaasa today. Ekadashi began before Arunodaya and no two-day exception applies. Upavaasa: 09-Aug-26 | Parana: 10-Aug-26, 05:34 AM to 08:00 AM",20,2026-08-08,ekadashi_cycle_scanner.py,legacy_ekadashi_messages,APPROVED,2026-08-22T21:30:44-04:00,kamika_ekadashi_messages.csv
2026-08-09,geoname:1279186,geoname:1279186|city:aizawl,Aizawl,Mizoram,India,Asia/Kolkata,1279186,EKADASHI,Kamika Ekadashi,EKADASHI_2026_08_08_KAMIKA_EKADASHI,Normal Ekadashi,NORMAL,UPAVASA_DAY_1,Kamika Ekadashi,"Upavaasa: 09-Aug-26 | Parana: 10-Aug-26, 04:52 AM to 07:29 AM",Normal Ekadashi. **Observe Upavaasa today.** Ekadashi began before Arunodaya and no two-day exception applies.,"Kamika Ekadashi. Normal Ekadashi. Observe Upavaasa today. Ekadashi began before Arunodaya and no two-day exception applies. Upavaasa: 09-Aug-26 | Parana: 10-Aug-26, 04:52 AM to 07:29 AM",20,2026-08-08,ekadashi_cycle_scanner.py,legacy_ekadashi_messages,APPROVED,2026-08-22T21:30:44-04:00,kamika_ekadashi_messages.csv
2026-08-09,geoname:1279290,geoname:1279290|city:agartala,Agartala,Tripura,India,Asia/Kolkata,1279290,EKADASHI,Kamika Ekadashi,EKADASHI_2026_08_08_KAMIKA_EKADASHI,Normal Ekadashi,NORMAL,UPAVASA_DAY_1,Kamika Ekadashi,"Upavaasa: 09-Aug-26 | Parana: 10-Aug-26, 04:58 AM to 07:35 AM",Normal Ekadashi. **Observe Upavaasa today.** Ekadashi began before Arunodaya and no two-day exception applies.,"Kamika Ekadashi. Normal Ekadashi. Observe Upavaasa today. Ekadashi began before Arunodaya and no two-day exception applies. Upavaasa: 09-Aug-26 | Parana: 10-Aug-26, 04:58 AM to 07:35 AM",20,2026-08-08,ekadashi_cycle_scanner.py,legacy_ekadashi_messages,APPROVED,2026-08-22T21:30:44-04:00,kamika_ekadashi_messages.csv
2026-08-09,geoname:1835848,geoname:1835848|city:seoul,Seoul,Seoul,South Korea,Asia/Seoul,1835848,EKADASHI,Kamika Ekadashi,EKADASHI_2026_08_08_KAMIKA_EKADASHI,Normal Ekadashi,NORMAL,UPAVASA_DAY_1,Kamika Ekadashi,"Upavaasa: 09-Aug-26 | Parana: 10-Aug-26, 05:43 AM to 08:29 AM",Normal Ekadashi. **Observe Upavaasa today.** Ekadashi began before Arunodaya and no two-day exception applies.,"Kamika Ekadashi. Normal Ekadashi. Observe Upavaasa today. Ekadashi began before Arunodaya and no two-day exception applies. Upavaasa: 09-Aug-26 | Parana: 10-Aug-26, 05:43 AM to 08:29 AM",20,2026-08-08,ekadashi_cycle_scanner.py,legacy_ekadashi_messages,APPROVED,2026-08-22T21:30:44-04:00,kamika_ekadashi_messages.csv
2026-08-09,geoname:2063523,geoname:2063523|city:perth,Perth,Western Australia,Australia,Australia/Perth,2063523,EKADASHI,Kamika Ekadashi,EKADASHI_2026_08_08_KAMIKA_EKADASHI,Normal Ekadashi,NORMAL,UPAVASA_DAY_1,Kamika Ekadashi,"Upavaasa: 09-Aug-26 | Parana: 10-Aug-26, 06:58 AM to 09:08 AM",Normal Ekadashi. **Observe Upavaasa today.** Ekadashi began before Arunodaya and no two-day exception applies.,"Kamika Ekadashi. Normal Ekadashi. Observe Upavaasa today. Ekadashi began before Arunodaya and no two-day exception applies. Upavaasa: 09-Aug-26 | Parana: 10-Aug-26, 06:58 AM to 09:08 AM",20,2026-08-08,ekadashi_cycle_scanner.py,legacy_ekadashi_messages,APPROVED,2026-08-22T21:30:44-04:00,kamika_ekadashi_messages.csv
2026-08-09,geoname:2078025,geoname:2078025|city:adelaide,Adelaide,South Australia,Australia,Australia/Adelaide,2078025,EKADASHI,Kamika Ekadashi,EKADASHI_2026_08_08_KAMIKA_EKADASHI,Normal Ekadashi,NORMAL,UPAVASA_DAY_1,Kamika Ekadashi,"Upavaasa: 09-Aug-26 | Parana: 10-Aug-26, 07:02 AM to 09:10 AM",Normal Ekadashi. **Observe Upavaasa today.** Ekadashi began before Arunodaya and no two-day exception applies.,"Kamika Ekadashi. Normal Ekadashi. Observe Upavaasa today. Ekadashi began before Arunodaya and no two-day exception applies. Upavaasa: 09-Aug-26 | Parana: 10-Aug-26, 07:02 AM to 09:10 AM",20,2026-08-08,ekadashi_cycle_scanner.py,legacy_ekadashi_messages,APPROVED,2026-08-22T21:30:44-04:00,kamika_ekadashi_messages.csv
2026-08-09,geoname:2147714,geoname:2147714|city:sydney,Sydney,New South Wales,Australia,Australia/Sydney,2147714,EKADASHI,Kamika Ekadashi,EKADASHI_2026_08_08_KAMIKA_EKADASHI,Normal Ekadashi,NORMAL,UPAVASA_DAY_1,Kamika Ekadashi,"Upavaasa: 09-Aug-26 | Parana: 10-Aug-26, 06:40 AM to 08:48 AM",Normal Ekadashi. **Observe Upavaasa today.** Ekadashi began before Arunodaya and no two-day exception applies.,"Kamika Ekadashi. Normal Ekadashi. Observe Upavaasa today. Ekadashi began before Arunodaya and no two-day exception applies. Upavaasa: 09-Aug-26 | Parana: 10-Aug-26, 06:40 AM to 08:48 AM",20,2026-08-08,ekadashi_cycle_scanner.py,legacy_ekadashi_messages,APPROVED,2026-08-22T21:30:44-04:00,kamika_ekadashi_messages.csv
2026-08-09,geoname:2158177,geoname:2158177|city:melbourne,Melbourne,Victoria,Australia,Australia/Melbourne,2158177,EKADASHI,Kamika Ekadashi,EKADASHI_2026_08_08_KAMIKA_EKADASHI,Normal Ekadashi,NORMAL,UPAVASA_DAY_1,Kamika Ekadashi,"Upavaasa: 09-Aug-26 | Parana: 10-Aug-26, 07:11 AM to 09:17 AM",Normal Ekadashi. **Observe Upavaasa today.** Ekadashi began before Arunodaya and no two-day exception applies.,"Kamika Ekadashi. Normal Ekadashi. Observe Upavaasa today. Ekadashi began before Arunodaya and no two-day exception applies. Upavaasa: 09-Aug-26 | Parana: 10-Aug-26, 07:11 AM to 09:17 AM",20,2026-08-08,ekadashi_cycle_scanner.py,legacy_ekadashi_messages,APPROVED,2026-08-22T21:30:44-04:00,kamika_ekadashi_messages.csv
2026-08-09,geoname:2172517,geoname:2172517|city:canberra,Canberra,Australian Capital Territory,Australia,Australia/Sydney,2172517,EKADASHI,Kamika Ekadashi,EKADASHI_2026_08_08_KAMIKA_EKADASHI,Normal Ekadashi,NORMAL,UPAVASA_DAY_1,Kamika Ekadashi,"Upavaasa: 09-Aug-26 | Parana: 10-Aug-26, 06:50 AM to 08:58 AM",Normal Ekadashi. **Observe Upavaasa today.** Ekadashi began before Arunodaya and no two-day exception applies.,"Kamika Ekadashi. Normal Ekadashi. Observe Upavaasa today. Ekadashi began before Arunodaya and no two-day exception applies. Upavaasa: 09-Aug-26 | Parana: 10-Aug-26, 06:50 AM to 08:58 AM",20,2026-08-08,ekadashi_cycle_scanner.py,legacy_ekadashi_messages,APPROVED,2026-08-22T21:30:44-04:00,kamika_ekadashi_messages.csv
2026-08-09,geoname:2174003,geoname:2174003|city:brisbane,Brisbane,Queensland,Australia,Australia/Brisbane,2174003,EKADASHI,Kamika Ekadashi,EKADASHI_2026_08_08_KAMIKA_EKADASHI,Normal Ekadashi,NORMAL,UPAVASA_DAY_1,Kamika Ekadashi,"Upavaasa: 09-Aug-26 | Parana: 10-Aug-26, 06:23 AM to 08:35 AM",Normal Ekadashi. **Observe Upavaasa today.** Ekadashi began before Arunodaya and no two-day exception applies.,"Kamika Ekadashi. Normal Ekadashi. Observe Upavaasa today. Ekadashi began before Arunodaya and no two-day exception applies. Upavaasa: 09-Aug-26 | Parana: 10-Aug-26, 06:23 AM to 08:35 AM",20,2026-08-08,ekadashi_cycle_scanner.py,legacy_ekadashi_messages,APPROVED,2026-08-22T21:30:44-04:00,kamika_ekadashi_messages.csv
2026-08-09,geoname:2179537,geoname:2179537|city:wellington,Wellington,Wellington,New Zealand,Pacific/Auckland,2179537,EKADASHI,Kamika Ekadashi,EKADASHI_2026_08_08_KAMIKA_EKADASHI,Normal Ekadashi,NORMAL,UPAVASA_DAY_1,Kamika Ekadashi,"Upavaasa: 09-Aug-26 | Parana: 10-Aug-26, 07:19 AM to 09:22 AM",Normal Ekadashi. **Observe Upavaasa today.** Ekadashi began before Arunodaya and no two-day exception applies.,"Kamika Ekadashi. Normal Ekadashi. Observe Upavaasa today. Ekadashi began before Arunodaya and no two-day exception applies. Upavaasa: 09-Aug-26 | Parana: 10-Aug-26, 07:19 AM to 09:22 AM",20,2026-08-08,ekadashi_cycle_scanner.py,legacy_ekadashi_messages,APPROVED,2026-08-22T21:30:44-04:00,kamika_ekadashi_messages.csv
2026-08-09,geoname:2192362,geoname:2192362|city:christchurch,Christchurch,Canterbury,New Zealand,Pacific/Auckland,2192362,EKADASHI,Kamika Ekadashi,EKADASHI_2026_08_08_KAMIKA_EKADASHI,Normal Ekadashi,NORMAL,UPAVASA_DAY_1,Kamika Ekadashi,"Upavaasa: 09-Aug-26 | Parana: 10-Aug-26, 07:32 AM to 09:33 AM",Normal Ekadashi. **Observe Upavaasa today.** Ekadashi began before Arunodaya and no two-day exception applies.,"Kamika Ekadashi. Normal Ekadashi. Observe Upavaasa today. Ekadashi began before Arunodaya and no two-day exception applies. Upavaasa: 09-Aug-26 | Parana: 10-Aug-26, 07:32 AM to 09:33 AM",20,2026-08-08,ekadashi_cycle_scanner.py,legacy_ekadashi_messages,APPROVED,2026-08-22T21:30:44-04:00,kamika_ekadashi_messages.csv
2026-08-09,geoname:2193733,geoname:2193733|city:auckland,Auckland,Auckland,New Zealand,Pacific/Auckland,2193733,EKADASHI,Kamika Ekadashi,EKADASHI_2026_08_08_KAMIKA_EKADASHI,Normal Ekadashi,NORMAL,UPAVASA_DAY_1,Kamika Ekadashi,"Upavaasa: 09-Aug-26 | Parana: 10-Aug-26, 07:10 AM to 09:17 AM",Normal Ekadashi. **Observe Upavaasa today.** Ekadashi began before Arunodaya and no two-day exception applies.,"Kamika Ekadashi. Normal Ekadashi. Observe Upavaasa today. Ekadashi began before Arunodaya and no two-day exception applies. Upavaasa: 09-Aug-26 | Parana: 10-Aug-26, 07:10 AM to 09:17 AM",20,2026-08-08,ekadashi_cycle_scanner.py,legacy_ekadashi_messages,APPROVED,2026-08-22T21:30:44-04:00,kamika_ekadashi_messages.csv
2026-08-09,geoname:2643743,geoname:2643743|city:london,London,London,United Kingdom,Europe/London,2643743,EKADASHI,Kamika Ekadashi,EKADASHI_2026_08_08_KAMIKA_EKADASHI,Normal Ekadashi,NORMAL,UPAVASA_DAY_1,Kamika Ekadashi,"Upavaasa: 09-Aug-26 | Parana: 10-Aug-26, 05:38 AM to 08:37 AM",Normal Ekadashi. **Observe Upavaasa today.** Ekadashi began before Arunodaya and no two-day exception applies.,"Kamika Ekadashi. Normal Ekadashi. Observe Upavaasa today. Ekadashi began before Arunodaya and no two-day exception applies. Upavaasa: 09-Aug-26 | Parana: 10-Aug-26, 05:38 AM to 08:37 AM",20,2026-08-08,ekadashi_cycle_scanner.py,legacy_ekadashi_messages,APPROVED,2026-08-22T21:30:44-04:00,kamika_ekadashi_messages.csv
2026-08-09,geoname:2657896,geoname:2657896|city:zurich,Zurich,Zurich,Switzerland,Europe/Zurich,2657896,EKADASHI,Kamika Ekadashi,EKADASHI_2026_08_08_KAMIKA_EKADASHI,Normal Ekadashi,NORMAL,UPAVASA_DAY_1,Kamika Ekadashi,"Upavaasa: 09-Aug-26 | Parana: 10-Aug-26, 06:15 AM to 09:09 AM",Normal Ekadashi. **Observe Upavaasa today.** Ekadashi began before Arunodaya and no two-day exception applies.,"Kamika Ekadashi. Normal Ekadashi. Observe Upavaasa today. Ekadashi began before Arunodaya and no two-day exception applies. Upavaasa: 09-Aug-26 | Parana: 10-Aug-26, 06:15 AM to 09:09 AM",20,2026-08-08,ekadashi_cycle_scanner.py,legacy_ekadashi_messages,APPROVED,2026-08-22T21:30:44-04:00,kamika_ekadashi_messages.csv
2026-08-09,geoname:290030,geoname:290030|city:doha,Doha,Baladīyat ad Dawḩah,Qatar,Asia/Qatar,290030,EKADASHI,Kamika Ekadashi,EKADASHI_2026_08_08_KAMIKA_EKADASHI,Normal Ekadashi,NORMAL,UPAVASA_DAY_1,Kamika Ekadashi,"Upavaasa: 09-Aug-26 | Parana: 10-Aug-26, 05:05 AM to 05:30 AM",Normal Ekadashi. **Observe Upavaasa today.** Ekadashi began before Arunodaya and no two-day exception applies.,"Kamika Ekadashi. Normal Ekadashi. Observe Upavaasa today. Ekadashi began before Arunodaya and no two-day exception applies. Upavaasa: 09-Aug-26 | Parana: 10-Aug-26, 05:05 AM to 05:30 AM",20,2026-08-08,ekadashi_cycle_scanner.py,legacy_ekadashi_messages,APPROVED,2026-08-22T21:30:44-04:00,kamika_ekadashi_messages.csv
2026-08-09,geoname:292223,geoname:292223|city:dubai,Dubai,Dubai,United Arab Emirates,Asia/Dubai,292223,EKADASHI,Kamika Ekadashi,EKADASHI_2026_08_08_KAMIKA_EKADASHI,Normal Ekadashi,NORMAL,UPAVASA_DAY_1,Kamika Ekadashi,"Upavaasa: 09-Aug-26 | Parana: 10-Aug-26, 05:51 AM to 06:30 AM",Normal Ekadashi. **Observe Upavaasa today.** Ekadashi began before Arunodaya and no two-day exception applies.,"Kamika Ekadashi. Normal Ekadashi. Observe Upavaasa today. Ekadashi began before Arunodaya and no two-day exception applies. Upavaasa: 09-Aug-26 | Parana: 10-Aug-26, 05:51 AM to 06:30 AM",20,2026-08-08,ekadashi_cycle_scanner.py,legacy_ekadashi_messages,APPROVED,2026-08-22T21:30:44-04:00,kamika_ekadashi_messages.csv
2026-08-09,geoname:2928751,geoname:2928751|city:esslingen,Esslingen,Esslingen,Germany,Europe/Berlin,2928751,EKADASHI,Kamika Ekadashi,EKADASHI_2026_08_08_KAMIKA_EKADASHI,Normal Ekadashi,NORMAL,UPAVASA_DAY_1,Kamika Ekadashi,"Upavaasa: 09-Aug-26 | Parana: 10-Aug-26, 06:09 AM to 09:05 AM",Normal Ekadashi. **Observe Upavaasa today.** Ekadashi began before Arunodaya and no two-day exception applies.,"Kamika Ekadashi. Normal Ekadashi. Observe Upavaasa today. Ekadashi began before Arunodaya and no two-day exception applies. Upavaasa: 09-Aug-26 | Parana: 10-Aug-26, 06:09 AM to 09:05 AM",20,2026-08-08,ekadashi_cycle_scanner.py,legacy_ekadashi_messages,APPROVED,2026-08-22T21:30:44-04:00,kamika_ekadashi_messages.csv
2026-08-09,geoname:4167147,geoname:4167147|city:orlando,Orlando,Florida,United States,America/New_York,4167147,EKADASHI,Kamika Ekadashi,EKADASHI_2026_08_08_KAMIKA_EKADASHI,Normal Ekadashi,NORMAL,PARANA,Kamika Ekadashi,Upavaasa: 08-Aug-26 | Parana today: 06:52 AM to 09:32 AM,**Perform Parana today** between 06:52 AM and 09:32 AM. Upavaasa was observed on 08-Aug-26.,Kamika Ekadashi. Perform Parana today between 06:52 AM and 09:32 AM. Upavaasa was observed on 08-Aug-26. Upavaasa: 08-Aug-26 | Parana today: 06:52 AM to 09:32 AM,30,2026-08-08,ekadashi_cycle_scanner.py,legacy_ekadashi_messages,APPROVED,2026-08-22T21:30:44-04:00,kamika_ekadashi_messages.csv
2026-08-09,geoname:4174757,geoname:4174757|city:tampa,Tampa,Florida,United States,America/New_York,4174757,EKADASHI,Kamika Ekadashi,EKADASHI_2026_08_08_KAMIKA_EKADASHI,Normal Ekadashi,NORMAL,PARANA,Kamika Ekadashi,Upavaasa: 08-Aug-26 | Parana today: 06:57 AM to 09:36 AM,**Perform Parana today** between 06:57 AM and 09:36 AM. Upavaasa was observed on 08-Aug-26.,Kamika Ekadashi. Perform Parana today between 06:57 AM and 09:36 AM. Upavaasa was observed on 08-Aug-26. Upavaasa: 08-Aug-26 | Parana today: 06:57 AM to 09:36 AM,30,2026-08-08,ekadashi_cycle_scanner.py,legacy_ekadashi_messages,APPROVED,2026-08-22T21:30:44-04:00,kamika_ekadashi_messages.csv
2026-08-09,geoname:4180439,geoname:4180439|city:atlanta,Atlanta,Georgia,United States,America/New_York,4180439,EKADASHI,Kamika Ekadashi,EKADASHI_2026_08_08_KAMIKA_EKADASHI,Normal Ekadashi,NORMAL,PARANA,Kamika Ekadashi,Upavaasa: 08-Aug-26 | Parana today: 06:55 AM to 09:38 AM,**Perform Parana today** between 06:55 AM and 09:38 AM. Upavaasa was observed on 08-Aug-26.,Kamika Ekadashi. Perform Parana today between 06:55 AM and 09:38 AM. Upavaasa was observed on 08-Aug-26. Upavaasa: 08-Aug-26 | Parana today: 06:55 AM to 09:38 AM,30,2026-08-08,ekadashi_cycle_scanner.py,legacy_ekadashi_messages,APPROVED,2026-08-22T21:30:44-04:00,kamika_ekadashi_messages.csv
2026-08-09,geoname:4256038,geoname:4256038|city:columbus,Columbus,Indiana,United States,America/Indiana/Indianapolis,4256038,EKADASHI,Kamika Ekadashi,EKADASHI_2026_08_08_KAMIKA_EKADASHI,Normal Ekadashi,NORMAL,PARANA,Kamika Ekadashi,Upavaasa: 08-Aug-26 | Parana today: 06:51 AM to 09:38 AM,**Perform Parana today** between 06:51 AM and 09:38 AM. Upavaasa was observed on 08-Aug-26.,Kamika Ekadashi. Perform Parana today between 06:51 AM and 09:38 AM. Upavaasa was observed on 08-Aug-26. Upavaasa: 08-Aug-26 | Parana today: 06:51 AM to 09:38 AM,30,2026-08-08,ekadashi_cycle_scanner.py,legacy_ekadashi_messages,APPROVED,2026-08-22T21:30:44-04:00,kamika_ekadashi_messages.csv
2026-08-09,geoname:4347778,geoname:4347778|city:baltimore,Baltimore,Maryland,United States,America/New_York,4347778,EKADASHI,Kamika Ekadashi,EKADASHI_2026_08_08_KAMIKA_EKADASHI,Normal Ekadashi,NORMAL,PARANA,Kamika Ekadashi,Upavaasa: 08-Aug-26 | Parana today: 06:48 AM to 09:01 AM,**Perform Parana today** between 06:48 AM and 09:01 AM. Upavaasa was observed on 08-Aug-26.,Kamika Ekadashi. Perform Parana today between 06:48 AM and 09:01 AM. Upavaasa was observed on 08-Aug-26. Upavaasa: 08-Aug-26 | Parana today: 06:48 AM to 09:01 AM,30,2026-08-08,ekadashi_cycle_scanner.py,legacy_ekadashi_messages,APPROVED,2026-08-22T21:30:44-04:00,kamika_ekadashi_messages.csv
2026-08-09,geoname:4460243,geoname:4460243|city:charlotte,Charlotte,North Carolina,United States,America/New_York,4460243,EKADASHI,Kamika Ekadashi,EKADASHI_2026_08_08_KAMIKA_EKADASHI,Normal Ekadashi,NORMAL,PARANA,Kamika Ekadashi,Upavaasa: 08-Aug-26 | Parana today: 06:48 AM to 09:23 AM,**Perform Parana today** between 06:48 AM and 09:23 AM. Upavaasa was observed on 08-Aug-26.,Kamika Ekadashi. Perform Parana today between 06:48 AM and 09:23 AM. Upavaasa was observed on 08-Aug-26. Upavaasa: 08-Aug-26 | Parana today: 06:48 AM to 09:23 AM,30,2026-08-08,ekadashi_cycle_scanner.py,legacy_ekadashi_messages,APPROVED,2026-08-22T21:30:44-04:00,kamika_ekadashi_messages.csv
2026-08-09,geoname:4487042,geoname:4487042|city:raleigh,Raleigh,North Carolina,United States,America/New_York,4487042,EKADASHI,Kamika Ekadashi,EKADASHI_2026_08_08_KAMIKA_EKADASHI,Normal Ekadashi,NORMAL,PARANA,Kamika Ekadashi,Upavaasa: 08-Aug-26 | Parana today: 06:48 AM to 09:13 AM,**Perform Parana today** between 06:48 AM and 09:13 AM. Upavaasa was observed on 08-Aug-26.,Kamika Ekadashi. Perform Parana today between 06:48 AM and 09:13 AM. Upavaasa was observed on 08-Aug-26. Upavaasa: 08-Aug-26 | Parana today: 06:48 AM to 09:13 AM,30,2026-08-08,ekadashi_cycle_scanner.py,legacy_ekadashi_messages,APPROVED,2026-08-22T21:30:44-04:00,kamika_ekadashi_messages.csv
2026-08-09,geoname:4508722,geoname:4508722|city:cincinnati,Cincinnati,Ohio,United States,America/New_York,4508722,EKADASHI,Kamika Ekadashi,EKADASHI_2026_08_08_KAMIKA_EKADASHI,Normal Ekadashi,NORMAL,PARANA,Kamika Ekadashi,Upavaasa: 08-Aug-26 | Parana today: 06:48 AM to 09:33 AM,**Perform Parana today** between 06:48 AM and 09:33 AM. Upavaasa was observed on 08-Aug-26.,Kamika Ekadashi. Perform Parana today between 06:48 AM and 09:33 AM. Upavaasa was observed on 08-Aug-26. Upavaasa: 08-Aug-26 | Parana today: 06:48 AM to 09:33 AM,30,2026-08-08,ekadashi_cycle_scanner.py,legacy_ekadashi_messages,APPROVED,2026-08-22T21:30:44-04:00,kamika_ekadashi_messages.csv
2026-08-09,geoname:4509177,geoname:4509177|city:columbus,Columbus,Ohio,United States,America/New_York,4509177,EKADASHI,Kamika Ekadashi,EKADASHI_2026_08_08_KAMIKA_EKADASHI,Normal Ekadashi,NORMAL,PARANA,Kamika Ekadashi,Upavaasa: 08-Aug-26 | Parana today: 06:48 AM to 09:26 AM,**Perform Parana today** between 06:48 AM and 09:26 AM. Upavaasa was observed on 08-Aug-26.,Kamika Ekadashi. Perform Parana today between 06:48 AM and 09:26 AM. Upavaasa was observed on 08-Aug-26. Upavaasa: 08-Aug-26 | Parana today: 06:48 AM to 09:26 AM,30,2026-08-08,ekadashi_cycle_scanner.py,legacy_ekadashi_messages,APPROVED,2026-08-22T21:30:44-04:00,kamika_ekadashi_messages.csv
2026-08-09,geoname:4560349,geoname:4560349|city:philadelphia,Philadelphia,Pennsylvania,United States,America/New_York,4560349,EKADASHI,Kamika Ekadashi,EKADASHI_2026_08_08_KAMIKA_EKADASHI,Normal Ekadashi,NORMAL,PARANA,Kamika Ekadashi,Upavaasa: 08-Aug-26 | Parana today: 06:48 AM to 08:55 AM,**Perform Parana today** between 06:48 AM and 08:55 AM. Upavaasa was observed on 08-Aug-26.,Kamika Ekadashi. Perform Parana today between 06:48 AM and 08:55 AM. Upavaasa was observed on 08-Aug-26. Upavaasa: 08-Aug-26 | Parana today: 06:48 AM to 08:55 AM,30,2026-08-08,ekadashi_cycle_scanner.py,legacy_ekadashi_messages,APPROVED,2026-08-22T21:30:44-04:00,kamika_ekadashi_messages.csv
2026-08-09,geoname:4634946,geoname:4634946|city:knoxville,Knoxville,Tennessee,United States,America/New_York,4634946,EKADASHI,Kamika Ekadashi,EKADASHI_2026_08_08_KAMIKA_EKADASHI,Normal Ekadashi,NORMAL,PARANA,Kamika Ekadashi,Upavaasa: 08-Aug-26 | Parana today: 06:50 AM to 09:34 AM,**Perform Parana today** between 06:50 AM and 09:34 AM. Upavaasa was observed on 08-Aug-26.,Kamika Ekadashi. Perform Parana today between 06:50 AM and 09:34 AM. Upavaasa was observed on 08-Aug-26. Upavaasa: 08-Aug-26 | Parana today: 06:50 AM to 09:34 AM,30,2026-08-08,ekadashi_cycle_scanner.py,legacy_ekadashi_messages,APPROVED,2026-08-22T21:30:44-04:00,kamika_ekadashi_messages.csv
2026-08-09,geoname:4644585,geoname:4644585|city:nashville,Nashville,Tennessee,United States,America/Chicago,4644585,EKADASHI,Kamika Ekadashi,EKADASHI_2026_08_08_KAMIKA_EKADASHI,Normal Ekadashi,NORMAL,PARANA,Kamika Ekadashi,Upavaasa: 08-Aug-26 | Parana today: 06:01 AM to 08:46 AM,**Perform Parana today** between 06:01 AM and 08:46 AM. Upavaasa was observed on 08-Aug-26.,Kamika Ekadashi. Perform Parana today between 06:01 AM and 08:46 AM. Upavaasa was observed on 08-Aug-26. Upavaasa: 08-Aug-26 | Parana today: 06:01 AM to 08:46 AM,30,2026-08-08,ekadashi_cycle_scanner.py,legacy_ekadashi_messages,APPROVED,2026-08-22T21:30:44-04:00,kamika_ekadashi_messages.csv
2026-08-09,geoname:4684888,geoname:4684888|city:dallas,Dallas,Texas,United States,America/Chicago,4684888,EKADASHI,Kamika Ekadashi,EKADASHI_2026_08_08_KAMIKA_EKADASHI,Normal Ekadashi,NORMAL,PARANA,Kamika Ekadashi,Upavaasa: 08-Aug-26 | Parana today: 06:47 AM to 09:29 AM,**Perform Parana today** between 06:47 AM and 09:29 AM. Upavaasa was observed on 08-Aug-26.,Kamika Ekadashi. Perform Parana today between 06:47 AM and 09:29 AM. Upavaasa was observed on 08-Aug-26. Upavaasa: 08-Aug-26 | Parana today: 06:47 AM to 09:29 AM,30,2026-08-08,ekadashi_cycle_scanner.py,legacy_ekadashi_messages,APPROVED,2026-08-22T21:30:44-04:00,kamika_ekadashi_messages.csv
2026-08-09,geoname:4699066,geoname:4699066|city:houston,Houston,Texas,United States,America/Chicago,4699066,EKADASHI,Kamika Ekadashi,EKADASHI_2026_08_08_KAMIKA_EKADASHI,Normal Ekadashi,NORMAL,PARANA,Kamika Ekadashi,Upavaasa: 08-Aug-26 | Parana today: 06:46 AM to 09:26 AM,**Perform Parana today** between 06:46 AM and 09:26 AM. Upavaasa was observed on 08-Aug-26.,Kamika Ekadashi. Perform Parana today between 06:46 AM and 09:26 AM. Upavaasa was observed on 08-Aug-26. Upavaasa: 08-Aug-26 | Parana today: 06:46 AM to 09:26 AM,30,2026-08-08,ekadashi_cycle_scanner.py,legacy_ekadashi_messages,APPROVED,2026-08-22T21:30:44-04:00,kamika_ekadashi_messages.csv
2026-08-09,geoname:4781708,geoname:4781708|city:richmond,Richmond,Virginia,United States,America/New_York,4781708,EKADASHI,Kamika Ekadashi,EKADASHI_2026_08_08_KAMIKA_EKADASHI,Normal Ekadashi,NORMAL,PARANA,Kamika Ekadashi,Upavaasa: 08-Aug-26 | Parana today: 06:48 AM to 09:07 AM,**Perform Parana today** between 06:48 AM and 09:07 AM. Upavaasa was observed on 08-Aug-26.,Kamika Ekadashi. Perform Parana today between 06:48 AM and 09:07 AM. Upavaasa was observed on 08-Aug-26. Upavaasa: 08-Aug-26 | Parana today: 06:48 AM to 09:07 AM,30,2026-08-08,ekadashi_cycle_scanner.py,legacy_ekadashi_messages,APPROVED,2026-08-22T21:30:44-04:00,kamika_ekadashi_messages.csv
2026-08-09,geoname:4887398,geoname:4887398|city:chicago,Chicago,Illinois,United States,America/Chicago,4887398,EKADASHI,Kamika Ekadashi,EKADASHI_2026_08_08_KAMIKA_EKADASHI,Normal Ekadashi,NORMAL,PARANA,Kamika Ekadashi,Upavaasa: 08-Aug-26 | Parana today: 05:53 AM to 08:42 AM,**Perform Parana today** between 05:53 AM and 08:42 AM. Upavaasa was observed on 08-Aug-26.,Kamika Ekadashi. Perform Parana today between 05:53 AM and 08:42 AM. Upavaasa was observed on 08-Aug-26. Upavaasa: 08-Aug-26 | Parana today: 05:53 AM to 08:42 AM,30,2026-08-08,ekadashi_cycle_scanner.py,legacy_ekadashi_messages,APPROVED,2026-08-22T21:30:44-04:00,kamika_ekadashi_messages.csv
2026-08-09,geoname:4922462,geoname:4922462|city:lafayette,Lafayette,Indiana,United States,America/Indiana/Indianapolis,4922462,EKADASHI,Kamika Ekadashi,EKADASHI_2026_08_08_KAMIKA_EKADASHI,Normal Ekadashi,NORMAL,PARANA,Kamika Ekadashi,Upavaasa: 08-Aug-26 | Parana today: 06:53 AM to 09:41 AM,**Perform Parana today** between 06:53 AM and 09:41 AM. Upavaasa was observed on 08-Aug-26.,Kamika Ekadashi. Perform Parana today between 06:53 AM and 09:41 AM. Upavaasa was observed on 08-Aug-26. Upavaasa: 08-Aug-26 | Parana today: 06:53 AM to 09:41 AM,30,2026-08-08,ekadashi_cycle_scanner.py,legacy_ekadashi_messages,APPROVED,2026-08-22T21:30:44-04:00,kamika_ekadashi_messages.csv
2026-08-09,geoname:5099836,geoname:5099836|city:new_jersey,New Jersey,New Jersey,United States,America/New_York,5099836,EKADASHI,Kamika Ekadashi,EKADASHI_2026_08_08_KAMIKA_EKADASHI,Dashami Viddha Ekadashi,DASHAMI_VIDDHA,UPAVASA_DAY_1,Kamika Ekadashi,"Upavaasa: 09-Aug-26 | Parana: 10-Aug-26, 06:02 AM to 08:50 AM",The Ekadashi sunrise was Dashami Viddha and no later valid Ekadashi sunrise occurred. **Observe Upavaasa today on Dwadashi.**,"Kamika Ekadashi. The Ekadashi sunrise was Dashami Viddha and no later valid Ekadashi sunrise occurred. Observe Upavaasa today on Dwadashi. Upavaasa: 09-Aug-26 | Parana: 10-Aug-26, 06:02 AM to 08:50 AM",20,2026-08-08,ekadashi_cycle_scanner.py,legacy_ekadashi_messages,APPROVED,2026-08-22T21:30:44-04:00,kamika_ekadashi_messages.csv
2026-08-09,geoname:5108728,geoname:5108728|city:belfast,Belfast,New York,United States,America/New_York,5108728,EKADASHI,Kamika Ekadashi,EKADASHI_2026_08_08_KAMIKA_EKADASHI,Normal Ekadashi,NORMAL,PARANA,Kamika Ekadashi,Upavaasa: 08-Aug-26 | Parana today: 06:48 AM to 09:03 AM,**Perform Parana today** between 06:48 AM and 09:03 AM. Upavaasa was observed on 08-Aug-26.,Kamika Ekadashi. Perform Parana today between 06:48 AM and 09:03 AM. Upavaasa was observed on 08-Aug-26. Upavaasa: 08-Aug-26 | Parana today: 06:48 AM to 09:03 AM,30,2026-08-08,ekadashi_cycle_scanner.py,legacy_ekadashi_messages,APPROVED,2026-08-22T21:30:44-04:00,kamika_ekadashi_messages.csv
2026-08-09,geoname:5110629,geoname:5110629|city:buffalo,Buffalo,New York,United States,America/New_York,5110629,EKADASHI,Kamika Ekadashi,EKADASHI_2026_08_08_KAMIKA_EKADASHI,Normal Ekadashi,NORMAL,PARANA,Kamika Ekadashi,Upavaasa: 08-Aug-26 | Parana today: 06:48 AM to 09:05 AM,**Perform Parana today** between 06:48 AM and 09:05 AM. Upavaasa was observed on 08-Aug-26.,Kamika Ekadashi. Perform Parana today between 06:48 AM and 09:05 AM. Upavaasa was observed on 08-Aug-26. Upavaasa: 08-Aug-26 | Parana today: 06:48 AM to 09:05 AM,30,2026-08-08,ekadashi_cycle_scanner.py,legacy_ekadashi_messages,APPROVED,2026-08-22T21:30:44-04:00,kamika_ekadashi_messages.csv
2026-08-09,geoname:5119251,geoname:5119251|city:greece,Greece,New York,United States,America/New_York,5119251,EKADASHI,Kamika Ekadashi,EKADASHI_2026_08_08_KAMIKA_EKADASHI,Normal Ekadashi,NORMAL,PARANA,Kamika Ekadashi,Upavaasa: 08-Aug-26 | Parana today: 06:48 AM to 09:00 AM,**Perform Parana today** between 06:48 AM and 09:00 AM. Upavaasa was observed on 08-Aug-26.,Kamika Ekadashi. Perform Parana today between 06:48 AM and 09:00 AM. Upavaasa was observed on 08-Aug-26. Upavaasa: 08-Aug-26 | Parana today: 06:48 AM to 09:00 AM,30,2026-08-08,ekadashi_cycle_scanner.py,legacy_ekadashi_messages,APPROVED,2026-08-22T21:30:44-04:00,kamika_ekadashi_messages.csv
2026-08-09,geoname:5128581,geoname:5128581|city:new_york,New York,New York,United States,America/New_York,5128581,EKADASHI,Kamika Ekadashi,EKADASHI_2026_08_08_KAMIKA_EKADASHI,Dashami Viddha Ekadashi,DASHAMI_VIDDHA,UPAVASA_DAY_1,Kamika Ekadashi,"Upavaasa: 09-Aug-26 | Parana: 10-Aug-26, 06:02 AM to 08:50 AM",The Ekadashi sunrise was Dashami Viddha and no later valid Ekadashi sunrise occurred. **Observe Upavaasa today on Dwadashi.**,"Kamika Ekadashi. The Ekadashi sunrise was Dashami Viddha and no later valid Ekadashi sunrise occurred. Observe Upavaasa today on Dwadashi. Upavaasa: 09-Aug-26 | Parana: 10-Aug-26, 06:02 AM to 08:50 AM",20,2026-08-08,ekadashi_cycle_scanner.py,legacy_ekadashi_messages,APPROVED,2026-08-22T21:30:44-04:00,kamika_ekadashi_messages.csv
2026-08-09,geoname:5131614,geoname:5131614|city:pittsford,Pittsford,New York,United States,America/New_York,5131614,EKADASHI,Kamika Ekadashi,EKADASHI_2026_08_08_KAMIKA_EKADASHI,Normal Ekadashi,NORMAL,PARANA,Kamika Ekadashi,Upavaasa: 08-Aug-26 | Parana today: 06:48 AM to 08:59 AM,**Perform Parana today** between 06:48 AM and 08:59 AM. Upavaasa was observed on 08-Aug-26.,Kamika Ekadashi. Perform Parana today between 06:48 AM and 08:59 AM. Upavaasa was observed on 08-Aug-26. Upavaasa: 08-Aug-26 | Parana today: 06:48 AM to 08:59 AM,30,2026-08-08,ekadashi_cycle_scanner.py,legacy_ekadashi_messages,APPROVED,2026-08-22T21:30:44-04:00,kamika_ekadashi_messages.csv
2026-08-09,geoname:5134086,geoname:5134086|city:rochester,Rochester,New York,United States,America/New_York,5134086,EKADASHI,Kamika Ekadashi,EKADASHI_2026_08_08_KAMIKA_EKADASHI,Normal Ekadashi,NORMAL,PARANA,Kamika Ekadashi,Upavaasa: 08-Aug-26 | Parana today: 06:48 AM to 09:00 AM,**Perform Parana today** between 06:48 AM and 09:00 AM. Upavaasa was observed on 08-Aug-26.,Kamika Ekadashi. Perform Parana today between 06:48 AM and 09:00 AM. Upavaasa was observed on 08-Aug-26. Upavaasa: 08-Aug-26 | Parana today: 06:48 AM to 09:00 AM,30,2026-08-08,ekadashi_cycle_scanner.py,legacy_ekadashi_messages,APPROVED,2026-08-22T21:30:44-04:00,kamika_ekadashi_messages.csv
2026-08-09,geoname:5139865,geoname:5139865|city:stonybrook,Stonybrook,New York,United States,America/New_York,5139865,EKADASHI,Kamika Ekadashi,EKADASHI_2026_08_08_KAMIKA_EKADASHI,Dashami Viddha Ekadashi,DASHAMI_VIDDHA,UPAVASA_DAY_1,Kamika Ekadashi,"Upavaasa: 09-Aug-26 | Parana: 10-Aug-26, 05:58 AM to 08:46 AM",The Ekadashi sunrise was Dashami Viddha and no later valid Ekadashi sunrise occurred. **Observe Upavaasa today on Dwadashi.**,"Kamika Ekadashi. The Ekadashi sunrise was Dashami Viddha and no later valid Ekadashi sunrise occurred. Observe Upavaasa today on Dwadashi. Upavaasa: 09-Aug-26 | Parana: 10-Aug-26, 05:58 AM to 08:46 AM",20,2026-08-08,ekadashi_cycle_scanner.py,legacy_ekadashi_messages,APPROVED,2026-08-22T21:30:44-04:00,kamika_ekadashi_messages.csv
2026-08-09,geoname:5140405,geoname:5140405|city:syracuse,Syracuse,New York,United States,America/New_York,5140405,EKADASHI,Kamika Ekadashi,EKADASHI_2026_08_08_KAMIKA_EKADASHI,Dashami Viddha Ekadashi,DASHAMI_VIDDHA,UPAVASA_DAY_1,Kamika Ekadashi,"Upavaasa: 09-Aug-26 | Parana: 10-Aug-26, 06:05 AM to 08:55 AM",The Ekadashi sunrise was Dashami Viddha and no later valid Ekadashi sunrise occurred. **Observe Upavaasa today on Dwadashi.**,"Kamika Ekadashi. The Ekadashi sunrise was Dashami Viddha and no later valid Ekadashi sunrise occurred. Observe Upavaasa today on Dwadashi. Upavaasa: 09-Aug-26 | Parana: 10-Aug-26, 06:05 AM to 08:55 AM",20,2026-08-08,ekadashi_cycle_scanner.py,legacy_ekadashi_messages,APPROVED,2026-08-22T21:30:44-04:00,kamika_ekadashi_messages.csv
2026-08-09,geoname:5150529,geoname:5150529|city:cleveland,Cleveland,Ohio,United States,America/New_York,5150529,EKADASHI,Kamika Ekadashi,EKADASHI_2026_08_08_KAMIKA_EKADASHI,Normal Ekadashi,NORMAL,PARANA,Kamika Ekadashi,Upavaasa: 08-Aug-26 | Parana today: 06:48 AM to 09:19 AM,**Perform Parana today** between 06:48 AM and 09:19 AM. Upavaasa was observed on 08-Aug-26.,Kamika Ekadashi. Perform Parana today between 06:48 AM and 09:19 AM. Upavaasa was observed on 08-Aug-26. Upavaasa: 08-Aug-26 | Parana today: 06:48 AM to 09:19 AM,30,2026-08-08,ekadashi_cycle_scanner.py,legacy_ekadashi_messages,APPROVED,2026-08-22T21:30:44-04:00,kamika_ekadashi_messages.csv
2026-08-09,geoname:5308655,geoname:5308655|city:phoenix,Phoenix,Arizona,United States,America/Phoenix,5308655,EKADASHI,Kamika Ekadashi,EKADASHI_2026_08_08_KAMIKA_EKADASHI,Normal Ekadashi,NORMAL,PARANA,Kamika Ekadashi,Upavaasa: 08-Aug-26 | Parana today: 05:47 AM to 08:30 AM,**Perform Parana today** between 05:47 AM and 08:30 AM. Upavaasa was observed on 08-Aug-26.,Kamika Ekadashi. Perform Parana today between 05:47 AM and 08:30 AM. Upavaasa was observed on 08-Aug-26. Upavaasa: 08-Aug-26 | Parana today: 05:47 AM to 08:30 AM,30,2026-08-08,ekadashi_cycle_scanner.py,legacy_ekadashi_messages,APPROVED,2026-08-22T21:30:44-04:00,kamika_ekadashi_messages.csv
2026-08-09,geoname:5368361,geoname:5368361|city:los_angeles,Los Angeles,California,United States,America/Los_Angeles,5368361,EKADASHI,Kamika Ekadashi,EKADASHI_2026_08_08_KAMIKA_EKADASHI,Normal Ekadashi,NORMAL,PARANA,Kamika Ekadashi,Upavaasa: 08-Aug-26 | Parana today: 06:10 AM to 08:53 AM,**Perform Parana today** between 06:10 AM and 08:53 AM. Upavaasa was observed on 08-Aug-26.,Kamika Ekadashi. Perform Parana today between 06:10 AM and 08:53 AM. Upavaasa was observed on 08-Aug-26. Upavaasa: 08-Aug-26 | Parana today: 06:10 AM to 08:53 AM,30,2026-08-08,ekadashi_cycle_scanner.py,legacy_ekadashi_messages,APPROVED,2026-08-22T21:30:44-04:00,kamika_ekadashi_messages.csv
2026-08-09,geoname:5383527,geoname:5383527|city:placentia,Placentia,California,United States,America/Los_Angeles,5383527,EKADASHI,Kamika Ekadashi,EKADASHI_2026_08_08_KAMIKA_EKADASHI,Normal Ekadashi,NORMAL,PARANA,Kamika Ekadashi,Upavaasa: 08-Aug-26 | Parana today: 06:09 AM to 08:52 AM,**Perform Parana today** between 06:09 AM and 08:52 AM. Upavaasa was observed on 08-Aug-26.,Kamika Ekadashi. Perform Parana today between 06:09 AM and 08:52 AM. Upavaasa was observed on 08-Aug-26. Upavaasa: 08-Aug-26 | Parana today: 06:09 AM to 08:52 AM,30,2026-08-08,ekadashi_cycle_scanner.py,legacy_ekadashi_messages,APPROVED,2026-08-22T21:30:44-04:00,kamika_ekadashi_messages.csv
2026-08-09,geoname:5391959,geoname:5391959|city:san_francisco,San Francisco,California,United States,America/Los_Angeles,5391959,EKADASHI,Kamika Ekadashi,EKADASHI_2026_08_08_KAMIKA_EKADASHI,Normal Ekadashi,NORMAL,PARANA,Kamika Ekadashi,Upavaasa: 08-Aug-26 | Parana today: 06:20 AM to 09:06 AM,**Perform Parana today** between 06:20 AM and 09:06 AM. Upavaasa was observed on 08-Aug-26.,Kamika Ekadashi. Perform Parana today between 06:20 AM and 09:06 AM. Upavaasa was observed on 08-Aug-26. Upavaasa: 08-Aug-26 | Parana today: 06:20 AM to 09:06 AM,30,2026-08-08,ekadashi_cycle_scanner.py,legacy_ekadashi_messages,APPROVED,2026-08-22T21:30:44-04:00,kamika_ekadashi_messages.csv
2026-08-09,geoname:5809844,geoname:5809844|city:seattle,Seattle,Washington,United States,America/Los_Angeles,5809844,EKADASHI,Kamika Ekadashi,EKADASHI_2026_08_08_KAMIKA_EKADASHI,Normal Ekadashi,NORMAL,PARANA,Kamika Ekadashi,Upavaasa: 08-Aug-26 | Parana today: 05:58 AM to 08:53 AM,**Perform Parana today** between 05:58 AM and 08:53 AM. Upavaasa was observed on 08-Aug-26.,Kamika Ekadashi. Perform Parana today between 05:58 AM and 08:53 AM. Upavaasa was observed on 08-Aug-26. Upavaasa: 08-Aug-26 | Parana today: 05:58 AM to 08:53 AM,30,2026-08-08,ekadashi_cycle_scanner.py,legacy_ekadashi_messages,APPROVED,2026-08-22T21:30:44-04:00,kamika_ekadashi_messages.csv
2026-08-09,geoname:6173331,geoname:6173331|city:vancouver,Vancouver,British Columbia,Canada,America/Los_Angeles,6173331,EKADASHI,Kamika Ekadashi,EKADASHI_2026_08_08_KAMIKA_EKADASHI,Normal Ekadashi,NORMAL,PARANA,Kamika Ekadashi,Upavaasa: 08-Aug-26 | Parana today: 05:56 AM to 08:53 AM,**Perform Parana today** between 05:56 AM and 08:53 AM. Upavaasa was observed on 08-Aug-26.,Kamika Ekadashi. Perform Parana today between 05:56 AM and 08:53 AM. Upavaasa was observed on 08-Aug-26. Upavaasa: 08-Aug-26 | Parana today: 05:56 AM to 08:53 AM,30,2026-08-08,ekadashi_cycle_scanner.py,legacy_ekadashi_messages,APPROVED,2026-08-22T21:30:44-04:00,kamika_ekadashi_messages.csv
2026-08-09,geoname:6182962,geoname:6182962|city:windsor,Windsor,Ontario,Canada,America/New_York,6182962,EKADASHI,Kamika Ekadashi,EKADASHI_2026_08_08_KAMIKA_EKADASHI,Normal Ekadashi,NORMAL,PARANA,Kamika Ekadashi,Upavaasa: 08-Aug-26 | Parana today: 06:48 AM to 09:23 AM,**Perform Parana today** between 06:48 AM and 09:23 AM. Upavaasa was observed on 08-Aug-26.,Kamika Ekadashi. Perform Parana today between 06:48 AM and 09:23 AM. Upavaasa was observed on 08-Aug-26. Upavaasa: 08-Aug-26 | Parana today: 06:48 AM to 09:23 AM,30,2026-08-08,ekadashi_cycle_scanner.py,legacy_ekadashi_messages,APPROVED,2026-08-22T21:30:44-04:00,kamika_ekadashi_messages.csv
2026-08-10,geoname:1253102,geoname:1253102|city:visakhapatnam,Visakhapatnam,Andra Pradesh,India,Asia/Kolkata,1253102,EKADASHI,Kamika Ekadashi,EKADASHI_2026_08_08_KAMIKA_EKADASHI,Normal Ekadashi,NORMAL,PARANA,Kamika Ekadashi,Upavaasa: 09-Aug-26 | Parana today: 05:39 AM to 08:00 AM,**Perform Parana today** between 05:39 AM and 08:00 AM. Upavaasa was observed on 09-Aug-26.,Kamika Ekadashi. Perform Parana today between 05:39 AM and 08:00 AM. Upavaasa was observed on 09-Aug-26. Upavaasa: 09-Aug-26 | Parana today: 05:39 AM to 08:00 AM,30,2026-08-08,ekadashi_cycle_scanner.py,legacy_ekadashi_messages,APPROVED,2026-08-22T21:30:44-04:00,kamika_ekadashi_messages.csv
2026-08-10,geoname:1253405,geoname:1253405|city:varanasi,Varanasi,Uttar Pradesh,India,Asia/Kolkata,1253405,EKADASHI,Kamika Ekadashi,EKADASHI_2026_08_08_KAMIKA_EKADASHI,Normal Ekadashi,NORMAL,PARANA,Kamika Ekadashi,Upavaasa: 09-Aug-26 | Parana today: 05:29 AM to 08:00 AM,**Perform Parana today** between 05:29 AM and 08:00 AM. Upavaasa was observed on 09-Aug-26.,Kamika Ekadashi. Perform Parana today between 05:29 AM and 08:00 AM. Upavaasa was observed on 09-Aug-26. Upavaasa: 09-Aug-26 | Parana today: 05:29 AM to 08:00 AM,30,2026-08-08,ekadashi_cycle_scanner.py,legacy_ekadashi_messages,APPROVED,2026-08-22T21:30:44-04:00,kamika_ekadashi_messages.csv
2026-08-10,geoname:1253573,geoname:1253573|city:vadodara,Vadodara,Gujarat,India,Asia/Kolkata,1253573,EKADASHI,Kamika Ekadashi,EKADASHI_2026_08_08_KAMIKA_EKADASHI,Normal Ekadashi,NORMAL,PARANA,Kamika Ekadashi,Upavaasa: 09-Aug-26 | Parana today: 06:13 AM to 08:00 AM,**Perform Parana today** between 06:13 AM and 08:00 AM. Upavaasa was observed on 09-Aug-26.,Kamika Ekadashi. Perform Parana today between 06:13 AM and 08:00 AM. Upavaasa was observed on 09-Aug-26. Upavaasa: 09-Aug-26 | Parana today: 06:13 AM to 08:00 AM,30,2026-08-08,ekadashi_cycle_scanner.py,legacy_ekadashi_messages,APPROVED,2026-08-22T21:30:44-04:00,kamika_ekadashi_messages.csv
2026-08-10,geoname:1253952,geoname:1253952|city:udupi,Udupi,Karnataka,India,Asia/Kolkata,1253952,EKADASHI,Kamika Ekadashi,EKADASHI_2026_08_08_KAMIKA_EKADASHI,Normal Ekadashi,NORMAL,PARANA,Kamika Ekadashi,Upavaasa: 09-Aug-26 | Parana today: 06:18 AM to 08:00 AM,**Perform Parana today** between 06:18 AM and 08:00 AM. Upavaasa was observed on 09-Aug-26.,Kamika Ekadashi. Perform Parana today between 06:18 AM and 08:00 AM. Upavaasa was observed on 09-Aug-26. Upavaasa: 09-Aug-26 | Parana today: 06:18 AM to 08:00 AM,30,2026-08-08,ekadashi_cycle_scanner.py,legacy_ekadashi_messages,APPROVED,2026-08-22T21:30:44-04:00,kamika_ekadashi_messages.csv
2026-08-10,geoname:1254163,geoname:1254163|city:thiruvananthapuram,Thiruvananthapuram,Kerala,India,Asia/Kolkata,1254163,EKADASHI,Kamika Ekadashi,EKADASHI_2026_08_08_KAMIKA_EKADASHI,Normal Ekadashi,NORMAL,PARANA,Kamika Ekadashi,Upavaasa: 09-Aug-26 | Parana today: 06:15 AM to 08:00 AM,**Perform Parana today** between 06:15 AM and 08:00 AM. Upavaasa was observed on 09-Aug-26.,Kamika Ekadashi. Perform Parana today between 06:15 AM and 08:00 AM. Upavaasa was observed on 09-Aug-26. Upavaasa: 09-Aug-26 | Parana today: 06:15 AM to 08:00 AM,30,2026-08-08,ekadashi_cycle_scanner.py,legacy_ekadashi_messages,APPROVED,2026-08-22T21:30:44-04:00,kamika_ekadashi_messages.csv
2026-08-10,geoname:1254360,geoname:1254360|city:tirupati,Tirupati,Andhra Pradesh,India,Asia/Kolkata,1254360,EKADASHI,Kamika Ekadashi,EKADASHI_2026_08_08_KAMIKA_EKADASHI,Normal Ekadashi,NORMAL,PARANA,Kamika Ekadashi,Upavaasa: 09-Aug-26 | Parana today: 05:59 AM to 08:00 AM,**Perform Parana today** between 05:59 AM and 08:00 AM. Upavaasa was observed on 09-Aug-26.,Kamika Ekadashi. Perform Parana today between 05:59 AM and 08:00 AM. Upavaasa was observed on 09-Aug-26. Upavaasa: 09-Aug-26 | Parana today: 05:59 AM to 08:00 AM,30,2026-08-08,ekadashi_cycle_scanner.py,legacy_ekadashi_messages,APPROVED,2026-08-22T21:30:44-04:00,kamika_ekadashi_messages.csv
2026-08-10,geoname:1254388,geoname:1254388|city:srirangam,Srirangam,Tamil Nadu,India,Asia/Kolkata,1254388,EKADASHI,Kamika Ekadashi,EKADASHI_2026_08_08_KAMIKA_EKADASHI,Normal Ekadashi,NORMAL,PARANA,Kamika Ekadashi,Upavaasa: 09-Aug-26 | Parana today: 06:05 AM to 08:00 AM,**Perform Parana today** between 06:05 AM and 08:00 AM. Upavaasa was observed on 09-Aug-26.,Kamika Ekadashi. Perform Parana today between 06:05 AM and 08:00 AM. Upavaasa was observed on 09-Aug-26. Upavaasa: 09-Aug-26 | Parana today: 06:05 AM to 08:00 AM,30,2026-08-08,ekadashi_cycle_scanner.py,legacy_ekadashi_messages,APPROVED,2026-08-22T21:30:44-04:00,kamika_ekadashi_messages.csv
2026-08-10,geoname:1255364,geoname:1255364|city:surat,Surat,Gujarat,India,Asia/Kolkata,1255364,EKADASHI,Kamika Ekadashi,EKADASHI_2026_08_08_KAMIKA_EKADASHI,Normal Ekadashi,NORMAL,PARANA,Kamika Ekadashi,Upavaasa: 09-Aug-26 | Parana today: 06:15 AM to 08:00 AM,**Perform Parana today** between 06:15 AM and 08:00 AM. Upavaasa was observed on 09-Aug-26.,Kamika Ekadashi. Perform Parana today between 06:15 AM and 08:00 AM. Upavaasa was observed on 09-Aug-26. Upavaasa: 09-Aug-26 | Parana today: 06:15 AM to 08:00 AM,30,2026-08-08,ekadashi_cycle_scanner.py,legacy_ekadashi_messages,APPROVED,2026-08-22T21:30:44-04:00,kamika_ekadashi_messages.csv
2026-08-10,geoname:1255634,geoname:1255634|city:srinagar,Srinagar,Jammu and Kashmir,India,Asia/Kolkata,1255634,EKADASHI,Kamika Ekadashi,EKADASHI_2026_08_08_KAMIKA_EKADASHI,Normal Ekadashi,NORMAL,PARANA,Kamika Ekadashi,Upavaasa: 09-Aug-26 | Parana today: 05:48 AM to 08:00 AM,**Perform Parana today** between 05:48 AM and 08:00 AM. Upavaasa was observed on 09-Aug-26.,Kamika Ekadashi. Perform Parana today between 05:48 AM and 08:00 AM. Upavaasa was observed on 09-Aug-26. Upavaasa: 09-Aug-26 | Parana today: 05:48 AM to 08:00 AM,30,2026-08-08,ekadashi_cycle_scanner.py,legacy_ekadashi_messages,APPROVED,2026-08-22T21:30:44-04:00,kamika_ekadashi_messages.csv
2026-08-10,geoname:1256287,geoname:1256287|city:silchar,Silchar,Assam,India,Asia/Kolkata,1256287,EKADASHI,Kamika Ekadashi,EKADASHI_2026_08_08_KAMIKA_EKADASHI,Normal Ekadashi,NORMAL,PARANA,Kamika Ekadashi,Upavaasa: 09-Aug-26 | Parana today: 04:51 AM to 07:28 AM,**Perform Parana today** between 04:51 AM and 07:28 AM. Upavaasa was observed on 09-Aug-26.,Kamika Ekadashi. Perform Parana today between 04:51 AM and 07:28 AM. Upavaasa was observed on 09-Aug-26. Upavaasa: 09-Aug-26 | Parana today: 04:51 AM to 07:28 AM,30,2026-08-08,ekadashi_cycle_scanner.py,legacy_ekadashi_messages,APPROVED,2026-08-22T21:30:44-04:00,kamika_ekadashi_messages.csv
2026-08-10,geoname:1256525,geoname:1256525|city:shiliguri,Shiliguri,West Bengal,India,Asia/Kolkata,1256525,EKADASHI,Kamika Ekadashi,EKADASHI_2026_08_08_KAMIKA_EKADASHI,Normal Ekadashi,NORMAL,PARANA,Kamika Ekadashi,Upavaasa: 09-Aug-26 | Parana today: 05:05 AM to 07:44 AM,**Perform Parana today** between 05:05 AM and 07:44 AM. Upavaasa was observed on 09-Aug-26.,Kamika Ekadashi. Perform Parana today between 05:05 AM and 07:44 AM. Upavaasa was observed on 09-Aug-26. Upavaasa: 09-Aug-26 | Parana today: 05:05 AM to 07:44 AM,30,2026-08-08,ekadashi_cycle_scanner.py,legacy_ekadashi_messages,APPROVED,2026-08-22T21:30:44-04:00,kamika_ekadashi_messages.csv
2026-08-10,geoname:1259229,geoname:1259229|city:pune,Pune,Maharashtra,India,Asia/Kolkata,1259229,EKADASHI,Kamika Ekadashi,EKADASHI_2026_08_08_KAMIKA_EKADASHI,Normal Ekadashi,NORMAL,PARANA,Kamika Ekadashi,Upavaasa: 09-Aug-26 | Parana today: 06:15 AM to 08:00 AM,**Perform Parana today** between 06:15 AM and 08:00 AM. Upavaasa was observed on 09-Aug-26.,Kamika Ekadashi. Perform Parana today between 06:15 AM and 08:00 AM. Upavaasa was observed on 09-Aug-26. Upavaasa: 09-Aug-26 | Parana today: 06:15 AM to 08:00 AM,30,2026-08-08,ekadashi_cycle_scanner.py,legacy_ekadashi_messages,APPROVED,2026-08-22T21:30:44-04:00,kamika_ekadashi_messages.csv
2026-08-10,geoname:1260546,geoname:1260546|city:pandharpur,Pandharpur,Maharashtra,India,Asia/Kolkata,1260546,EKADASHI,Kamika Ekadashi,EKADASHI_2026_08_08_KAMIKA_EKADASHI,Normal Ekadashi,NORMAL,PARANA,Kamika Ekadashi,Upavaasa: 09-Aug-26 | Parana today: 06:10 AM to 08:00 AM,**Perform Parana today** between 06:10 AM and 08:00 AM. Upavaasa was observed on 09-Aug-26.,Kamika Ekadashi. Perform Parana today between 06:10 AM and 08:00 AM. Upavaasa was observed on 09-Aug-26. Upavaasa: 09-Aug-26 | Parana today: 06:10 AM to 08:00 AM,30,2026-08-08,ekadashi_cycle_scanner.py,legacy_ekadashi_messages,APPROVED,2026-08-22T21:30:44-04:00,kamika_ekadashi_messages.csv
2026-08-10,geoname:1262180,geoname:1262180|city:nagpur,Nagpur,Maharashtra,India,Asia/Kolkata,1262180,EKADASHI,Kamika Ekadashi,EKADASHI_2026_08_08_KAMIKA_EKADASHI,Normal Ekadashi,NORMAL,PARANA,Kamika Ekadashi,Upavaasa: 09-Aug-26 | Parana today: 05:51 AM to 08:00 AM,**Perform Parana today** between 05:51 AM and 08:00 AM. Upavaasa was observed on 09-Aug-26.,Kamika Ekadashi. Perform Parana today between 05:51 AM and 08:00 AM. Upavaasa was observed on 09-Aug-26. Upavaasa: 09-Aug-26 | Parana today: 05:51 AM to 08:00 AM,30,2026-08-08,ekadashi_cycle_scanner.py,legacy_ekadashi_messages,APPROVED,2026-08-22T21:30:44-04:00,kamika_ekadashi_messages.csv
2026-08-10,geoname:1262321,geoname:1262321|city:mysuru,Mysuru,Karnataka,India,Asia/Kolkata,1262321,EKADASHI,Kamika Ekadashi,EKADASHI_2026_08_08_KAMIKA_EKADASHI,Normal Ekadashi,NORMAL,PARANA,Kamika Ekadashi,Upavaasa: 09-Aug-26 | Parana today: 06:11 AM to 08:00 AM,**Perform Parana today** between 06:11 AM and 08:00 AM. Upavaasa was observed on 09-Aug-26.,Kamika Ekadashi. Perform Parana today between 06:11 AM and 08:00 AM. Upavaasa was observed on 09-Aug-26. Upavaasa: 09-Aug-26 | Parana today: 06:11 AM to 08:00 AM,30,2026-08-08,ekadashi_cycle_scanner.py,legacy_ekadashi_messages,APPROVED,2026-08-22T21:30:44-04:00,kamika_ekadashi_messages.csv
2026-08-10,geoname:1262321,geoname:1262321|city:t_narasipura,T Narasipura,Karnataka,India,Asia/Kolkata,1262321,EKADASHI,Kamika Ekadashi,EKADASHI_2026_08_08_KAMIKA_EKADASHI,Normal Ekadashi,NORMAL,PARANA,Kamika Ekadashi,Upavaasa: 09-Aug-26 | Parana today: 06:11 AM to 08:00 AM,**Perform Parana today** between 06:11 AM and 08:00 AM. Upavaasa was observed on 09-Aug-26.,Kamika Ekadashi. Perform Parana today between 06:11 AM and 08:00 AM. Upavaasa was observed on 09-Aug-26. Upavaasa: 09-Aug-26 | Parana today: 06:11 AM to 08:00 AM,30,2026-08-08,ekadashi_cycle_scanner.py,legacy_ekadashi_messages,APPROVED,2026-08-22T21:30:44-04:00,kamika_ekadashi_messages.csv
2026-08-10,geoname:1263780,geoname:1263780|city:mangalore,Mangalore,Karnataka,India,Asia/Kolkata,1263780,EKADASHI,Kamika Ekadashi,EKADASHI_2026_08_08_KAMIKA_EKADASHI,Normal Ekadashi,NORMAL,PARANA,Kamika Ekadashi,Upavaasa: 09-Aug-26 | Parana today: 06:18 AM to 08:00 AM,**Perform Parana today** between 06:18 AM and 08:00 AM. Upavaasa was observed on 09-Aug-26.,Kamika Ekadashi. Perform Parana today between 06:18 AM and 08:00 AM. Upavaasa was observed on 09-Aug-26. Upavaasa: 09-Aug-26 | Parana today: 06:18 AM to 08:00 AM,30,2026-08-08,ekadashi_cycle_scanner.py,legacy_ekadashi_messages,APPROVED,2026-08-22T21:30:44-04:00,kamika_ekadashi_messages.csv
2026-08-10,geoname:1264521,geoname:1264521|city:madurai,Madurai,Tamil Nadu,India,Asia/Kolkata,1264521,EKADASHI,Kamika Ekadashi,EKADASHI_2026_08_08_KAMIKA_EKADASHI,Normal Ekadashi,NORMAL,PARANA,Kamika Ekadashi,Upavaasa: 09-Aug-26 | Parana today: 06:08 AM to 08:00 AM,**Perform Parana today** between 06:08 AM and 08:00 AM. Upavaasa was observed on 09-Aug-26.,Kamika Ekadashi. Perform Parana today between 06:08 AM and 08:00 AM. Upavaasa was observed on 09-Aug-26. Upavaasa: 09-Aug-26 | Parana today: 06:08 AM to 08:00 AM,30,2026-08-08,ekadashi_cycle_scanner.py,legacy_ekadashi_messages,APPROVED,2026-08-22T21:30:44-04:00,kamika_ekadashi_messages.csv
2026-08-10,geoname:1264527,geoname:1264527|city:chennai,Chennai,Tamil Nadu,India,Asia/Kolkata,1264527,EKADASHI,Kamika Ekadashi,EKADASHI_2026_08_08_KAMIKA_EKADASHI,Normal Ekadashi,NORMAL,PARANA,Kamika Ekadashi,Upavaasa: 09-Aug-26 | Parana today: 05:56 AM to 08:00 AM,**Perform Parana today** between 05:56 AM and 08:00 AM. Upavaasa was observed on 09-Aug-26.,Kamika Ekadashi. Perform Parana today between 05:56 AM and 08:00 AM. Upavaasa was observed on 09-Aug-26. Upavaasa: 09-Aug-26 | Parana today: 05:56 AM to 08:00 AM,30,2026-08-08,ekadashi_cycle_scanner.py,legacy_ekadashi_messages,APPROVED,2026-08-22T21:30:44-04:00,kamika_ekadashi_messages.csv
2026-08-10,geoname:1264733,geoname:1264733|city:lucknow,Lucknow,Uttar Pradesh,India,Asia/Kolkata,1264733,EKADASHI,Kamika Ekadashi,EKADASHI_2026_08_08_KAMIKA_EKADASHI,Normal Ekadashi,NORMAL,PARANA,Kamika Ekadashi,Upavaasa: 09-Aug-26 | Parana today: 05:35 AM to 08:00 AM,**Perform Parana today** between 05:35 AM and 08:00 AM. Upavaasa was observed on 09-Aug-26.,Kamika Ekadashi. Perform Parana today between 05:35 AM and 08:00 AM. Upavaasa was observed on 09-Aug-26. Upavaasa: 09-Aug-26 | Parana today: 05:35 AM to 08:00 AM,30,2026-08-08,ekadashi_cycle_scanner.py,legacy_ekadashi_messages,APPROVED,2026-08-22T21:30:44-04:00,kamika_ekadashi_messages.csv
2026-08-10,geoname:1265683,geoname:1265683|city:kumbakonam,Kumbakonam,Tamil Nadu,India,Asia/Kolkata,1265683,EKADASHI,Kamika Ekadashi,EKADASHI_2026_08_08_KAMIKA_EKADASHI,Normal Ekadashi,NORMAL,PARANA,Kamika Ekadashi,Upavaasa: 09-Aug-26 | Parana today: 06:02 AM to 08:00 AM,**Perform Parana today** between 06:02 AM and 08:00 AM. Upavaasa was observed on 09-Aug-26.,Kamika Ekadashi. Perform Parana today between 06:02 AM and 08:00 AM. Upavaasa was observed on 09-Aug-26. Upavaasa: 09-Aug-26 | Parana today: 06:02 AM to 08:00 AM,30,2026-08-08,ekadashi_cycle_scanner.py,legacy_ekadashi_messages,APPROVED,2026-08-22T21:30:44-04:00,kamika_ekadashi_messages.csv
2026-08-10,geoname:1266285,geoname:1266285|city:kolhapur,Kolhapur,Maharashtra,India,Asia/Kolkata,1266285,EKADASHI,Kamika Ekadashi,EKADASHI_2026_08_08_KAMIKA_EKADASHI,Normal Ekadashi,NORMAL,PARANA,Kamika Ekadashi,Upavaasa: 09-Aug-26 | Parana today: 06:16 AM to 08:00 AM,**Perform Parana today** between 06:16 AM and 08:00 AM. Upavaasa was observed on 09-Aug-26.,Kamika Ekadashi. Perform Parana today between 06:16 AM and 08:00 AM. Upavaasa was observed on 09-Aug-26. Upavaasa: 09-Aug-26 | Parana today: 06:16 AM to 08:00 AM,30,2026-08-08,ekadashi_cycle_scanner.py,legacy_ekadashi_messages,APPROVED,2026-08-22T21:30:44-04:00,kamika_ekadashi_messages.csv
2026-08-10,geoname:1268159,geoname:1268159|city:kanchipuram,Kanchipuram,Tamil Nadu,India,Asia/Kolkata,1268159,EKADASHI,Kamika Ekadashi,EKADASHI_2026_08_08_KAMIKA_EKADASHI,Normal Ekadashi,NORMAL,PARANA,Kamika Ekadashi,Upavaasa: 09-Aug-26 | Parana today: 05:58 AM to 08:00 AM,**Perform Parana today** between 05:58 AM and 08:00 AM. Upavaasa was observed on 09-Aug-26.,Kamika Ekadashi. Perform Parana today between 05:58 AM and 08:00 AM. Upavaasa was observed on 09-Aug-26. Upavaasa: 09-Aug-26 | Parana today: 05:58 AM to 08:00 AM,30,2026-08-08,ekadashi_cycle_scanner.py,legacy_ekadashi_messages,APPROVED,2026-08-22T21:30:44-04:00,kamika_ekadashi_messages.csv
2026-08-10,geoname:1269655,geoname:1269655|city:itanagar,Itanagar,Arunachal Pradesh,India,Asia/Kolkata,1269655,EKADASHI,Kamika Ekadashi,EKADASHI_2026_08_08_KAMIKA_EKADASHI,Normal Ekadashi,NORMAL,PARANA,Kamika Ekadashi,Upavaasa: 09-Aug-26 | Parana today: 04:44 AM to 07:23 AM,**Perform Parana today** between 04:44 AM and 07:23 AM. Upavaasa was observed on 09-Aug-26.,Kamika Ekadashi. Perform Parana today between 04:44 AM and 07:23 AM. Upavaasa was observed on 09-Aug-26. Upavaasa: 09-Aug-26 | Parana today: 04:44 AM to 07:23 AM,30,2026-08-08,ekadashi_cycle_scanner.py,legacy_ekadashi_messages,APPROVED,2026-08-22T21:30:44-04:00,kamika_ekadashi_messages.csv
2026-08-10,geoname:1269771,geoname:1269771|city:imphal,Imphal,Manipur,India,Asia/Kolkata,1269771,EKADASHI,Kamika Ekadashi,EKADASHI_2026_08_08_KAMIKA_EKADASHI,Normal Ekadashi,NORMAL,PARANA,Kamika Ekadashi,Upavaasa: 09-Aug-26 | Parana today: 04:46 AM to 07:23 AM,**Perform Parana today** between 04:46 AM and 07:23 AM. Upavaasa was observed on 09-Aug-26.,Kamika Ekadashi. Perform Parana today between 04:46 AM and 07:23 AM. Upavaasa was observed on 09-Aug-26. Upavaasa: 09-Aug-26 | Parana today: 04:46 AM to 07:23 AM,30,2026-08-08,ekadashi_cycle_scanner.py,legacy_ekadashi_messages,APPROVED,2026-08-22T21:30:44-04:00,kamika_ekadashi_messages.csv
2026-08-10,geoname:1269843,geoname:1269843|city:hyderabad,Hyderabad,Telangana,India,Asia/Kolkata,1269843,EKADASHI,Kamika Ekadashi,EKADASHI_2026_08_08_KAMIKA_EKADASHI,Normal Ekadashi,NORMAL,PARANA,Kamika Ekadashi,Upavaasa: 09-Aug-26 | Parana today: 05:58 AM to 08:00 AM,**Perform Parana today** between 05:58 AM and 08:00 AM. Upavaasa was observed on 09-Aug-26.,Kamika Ekadashi. Perform Parana today between 05:58 AM and 08:00 AM. Upavaasa was observed on 09-Aug-26. Upavaasa: 09-Aug-26 | Parana today: 05:58 AM to 08:00 AM,30,2026-08-08,ekadashi_cycle_scanner.py,legacy_ekadashi_messages,APPROVED,2026-08-22T21:30:44-04:00,kamika_ekadashi_messages.csv
2026-08-10,geoname:1269920,geoname:1269920|city:hubli,Hubli,Karnataka,India,Asia/Kolkata,1269920,EKADASHI,Kamika Ekadashi,EKADASHI_2026_08_08_KAMIKA_EKADASHI,Normal Ekadashi,NORMAL,PARANA,Kamika Ekadashi,Upavaasa: 09-Aug-26 | Parana today: 06:14 AM to 08:00 AM,**Perform Parana today** between 06:14 AM and 08:00 AM. Upavaasa was observed on 09-Aug-26.,Kamika Ekadashi. Perform Parana today between 06:14 AM and 08:00 AM. Upavaasa was observed on 09-Aug-26. Upavaasa: 09-Aug-26 | Parana today: 06:14 AM to 08:00 AM,30,2026-08-08,ekadashi_cycle_scanner.py,legacy_ekadashi_messages,APPROVED,2026-08-22T21:30:44-04:00,kamika_ekadashi_messages.csv
2026-08-10,geoname:1270603,geoname:1270603|city:guruvayur,Guruvayur,Kerala,India,Asia/Kolkata,1270603,EKADASHI,Kamika Ekadashi,EKADASHI_2026_08_08_KAMIKA_EKADASHI,Normal Ekadashi,NORMAL,PARANA,Kamika Ekadashi,Upavaasa: 09-Aug-26 | Parana today: 06:16 AM to 08:00 AM,**Perform Parana today** between 06:16 AM and 08:00 AM. Upavaasa was observed on 09-Aug-26.,Kamika Ekadashi. Perform Parana today between 06:16 AM and 08:00 AM. Upavaasa was observed on 09-Aug-26. Upavaasa: 09-Aug-26 | Parana today: 06:16 AM to 08:00 AM,30,2026-08-08,ekadashi_cycle_scanner.py,legacy_ekadashi_messages,APPROVED,2026-08-22T21:30:44-04:00,kamika_ekadashi_messages.csv
2026-08-10,geoname:1271476,geoname:1271476|city:guwahati,Guwahati,Assam,India,Asia/Kolkata,1271476,EKADASHI,Kamika Ekadashi,EKADASHI_2026_08_08_KAMIKA_EKADASHI,Normal Ekadashi,NORMAL,PARANA,Kamika Ekadashi,Upavaasa: 09-Aug-26 | Parana today: 04:53 AM to 07:31 AM,**Perform Parana today** between 04:53 AM and 07:31 AM. Upavaasa was observed on 09-Aug-26.,Kamika Ekadashi. Perform Parana today between 04:53 AM and 07:31 AM. Upavaasa was observed on 09-Aug-26. Upavaasa: 09-Aug-26 | Parana today: 04:53 AM to 07:31 AM,30,2026-08-08,ekadashi_cycle_scanner.py,legacy_ekadashi_messages,APPROVED,2026-08-22T21:30:44-04:00,kamika_ekadashi_messages.csv
2026-08-10,geoname:1271631,geoname:1271631|city:gangtok,Gangtok,Sikkim,India,Asia/Kolkata,1271631,EKADASHI,Kamika Ekadashi,EKADASHI_2026_08_08_KAMIKA_EKADASHI,Normal Ekadashi,NORMAL,PARANA,Kamika Ekadashi,Upavaasa: 09-Aug-26 | Parana today: 05:04 AM to 07:43 AM,**Perform Parana today** between 05:04 AM and 07:43 AM. Upavaasa was observed on 09-Aug-26.,Kamika Ekadashi. Perform Parana today between 05:04 AM and 07:43 AM. Upavaasa was observed on 09-Aug-26. Upavaasa: 09-Aug-26 | Parana today: 05:04 AM to 07:43 AM,30,2026-08-08,ekadashi_cycle_scanner.py,legacy_ekadashi_messages,APPROVED,2026-08-22T21:30:44-04:00,kamika_ekadashi_messages.csv
2026-08-10,geoname:1272552,geoname:1272552|city:dimapur,Dimapur,Nagaland,India,Asia/Kolkata,1272552,EKADASHI,Kamika Ekadashi,EKADASHI_2026_08_08_KAMIKA_EKADASHI,Normal Ekadashi,NORMAL,PARANA,Kamika Ekadashi,Upavaasa: 09-Aug-26 | Parana today: 04:45 AM to 07:23 AM,**Perform Parana today** between 04:45 AM and 07:23 AM. Upavaasa was observed on 09-Aug-26.,Kamika Ekadashi. Perform Parana today between 04:45 AM and 07:23 AM. Upavaasa was observed on 09-Aug-26. Upavaasa: 09-Aug-26 | Parana today: 04:45 AM to 07:23 AM,30,2026-08-08,ekadashi_cycle_scanner.py,legacy_ekadashi_messages,APPROVED,2026-08-22T21:30:44-04:00,kamika_ekadashi_messages.csv
2026-08-10,geoname:1272648,geoname:1272648|city:dibrugarh,Dibrugarh,Assam,India,Asia/Kolkata,1272648,EKADASHI,Kamika Ekadashi,EKADASHI_2026_08_08_KAMIKA_EKADASHI,Normal Ekadashi,NORMAL,PARANA,Kamika Ekadashi,Upavaasa: 09-Aug-26 | Parana today: 04:38 AM to 07:17 AM,**Perform Parana today** between 04:38 AM and 07:17 AM. Upavaasa was observed on 09-Aug-26.,Kamika Ekadashi. Perform Parana today between 04:38 AM and 07:17 AM. Upavaasa was observed on 09-Aug-26. Upavaasa: 09-Aug-26 | Parana today: 04:38 AM to 07:17 AM,30,2026-08-08,ekadashi_cycle_scanner.py,legacy_ekadashi_messages,APPROVED,2026-08-22T21:30:44-04:00,kamika_ekadashi_messages.csv
2026-08-10,geoname:1274256,geoname:1274256|city:chidambaram,Chidambaram,Tamil Nadu,India,Asia/Kolkata,1274256,EKADASHI,Kamika Ekadashi,EKADASHI_2026_08_08_KAMIKA_EKADASHI,Normal Ekadashi,NORMAL,PARANA,Kamika Ekadashi,Upavaasa: 09-Aug-26 | Parana today: 06:00 AM to 08:00 AM,**Perform Parana today** between 06:00 AM and 08:00 AM. Upavaasa was observed on 09-Aug-26.,Kamika Ekadashi. Perform Parana today between 06:00 AM and 08:00 AM. Upavaasa was observed on 09-Aug-26. Upavaasa: 09-Aug-26 | Parana today: 06:00 AM to 08:00 AM,30,2026-08-08,ekadashi_cycle_scanner.py,legacy_ekadashi_messages,APPROVED,2026-08-22T21:30:44-04:00,kamika_ekadashi_messages.csv
2026-08-10,geoname:1275004,geoname:1275004|city:kolkata,Kolkata,West Bengal,India,Asia/Kolkata,1275004,EKADASHI,Kamika Ekadashi,EKADASHI_2026_08_08_KAMIKA_EKADASHI,Normal Ekadashi,NORMAL,PARANA,Kamika Ekadashi,Upavaasa: 09-Aug-26 | Parana today: 05:12 AM to 07:48 AM,**Perform Parana today** between 05:12 AM and 07:48 AM. Upavaasa was observed on 09-Aug-26.,Kamika Ekadashi. Perform Parana today between 05:12 AM and 07:48 AM. Upavaasa was observed on 09-Aug-26. Upavaasa: 09-Aug-26 | Parana today: 05:12 AM to 07:48 AM,30,2026-08-08,ekadashi_cycle_scanner.py,legacy_ekadashi_messages,APPROVED,2026-08-22T21:30:44-04:00,kamika_ekadashi_messages.csv
2026-08-10,geoname:1275339,geoname:1275339|city:mumbai,Mumbai,Maharashtra,India,Asia/Kolkata,1275339,EKADASHI,Kamika Ekadashi,EKADASHI_2026_08_08_KAMIKA_EKADASHI,Normal Ekadashi,NORMAL,PARANA,Kamika Ekadashi,Upavaasa: 09-Aug-26 | Parana today: 06:18 AM to 08:00 AM,**Perform Parana today** between 06:18 AM and 08:00 AM. Upavaasa was observed on 09-Aug-26.,Kamika Ekadashi. Perform Parana today between 06:18 AM and 08:00 AM. Upavaasa was observed on 09-Aug-26. Upavaasa: 09-Aug-26 | Parana today: 06:18 AM to 08:00 AM,30,2026-08-08,ekadashi_cycle_scanner.py,legacy_ekadashi_messages,APPROVED,2026-08-22T21:30:44-04:00,kamika_ekadashi_messages.csv
2026-08-10,geoname:1275817,geoname:1275817|city:bhubaneswar,Bhubaneswar,Odisha,India,Asia/Kolkata,1275817,EKADASHI,Kamika Ekadashi,EKADASHI_2026_08_08_KAMIKA_EKADASHI,Normal Ekadashi,NORMAL,PARANA,Kamika Ekadashi,Upavaasa: 09-Aug-26 | Parana today: 05:25 AM to 08:00 AM,**Perform Parana today** between 05:25 AM and 08:00 AM. Upavaasa was observed on 09-Aug-26.,Kamika Ekadashi. Perform Parana today between 05:25 AM and 08:00 AM. Upavaasa was observed on 09-Aug-26. Upavaasa: 09-Aug-26 | Parana today: 05:25 AM to 08:00 AM,30,2026-08-08,ekadashi_cycle_scanner.py,legacy_ekadashi_messages,APPROVED,2026-08-22T21:30:44-04:00,kamika_ekadashi_messages.csv
2026-08-10,geoname:1275841,geoname:1275841|city:bhopal,Bhopal,Madhya Pradesh,India,Asia/Kolkata,1275841,EKADASHI,Kamika Ekadashi,EKADASHI_2026_08_08_KAMIKA_EKADASHI,Normal Ekadashi,NORMAL,PARANA,Kamika Ekadashi,Upavaasa: 09-Aug-26 | Parana today: 05:54 AM to 08:00 AM,**Perform Parana today** between 05:54 AM and 08:00 AM. Upavaasa was observed on 09-Aug-26.,Kamika Ekadashi. Perform Parana today between 05:54 AM and 08:00 AM. Upavaasa was observed on 09-Aug-26. Upavaasa: 09-Aug-26 | Parana today: 05:54 AM to 08:00 AM,30,2026-08-08,ekadashi_cycle_scanner.py,legacy_ekadashi_messages,APPROVED,2026-08-22T21:30:44-04:00,kamika_ekadashi_messages.csv
2026-08-10,geoname:1276533,geoname:1276533|city:belgaum,Belgaum,Karnataka,India,Asia/Kolkata,1276533,EKADASHI,Kamika Ekadashi,EKADASHI_2026_08_08_KAMIKA_EKADASHI,Normal Ekadashi,NORMAL,PARANA,Kamika Ekadashi,Upavaasa: 09-Aug-26 | Parana today: 06:16 AM to 08:00 AM,**Perform Parana today** between 06:16 AM and 08:00 AM. Upavaasa was observed on 09-Aug-26.,Kamika Ekadashi. Perform Parana today between 06:16 AM and 08:00 AM. Upavaasa was observed on 09-Aug-26. Upavaasa: 09-Aug-26 | Parana today: 06:16 AM to 08:00 AM,30,2026-08-08,ekadashi_cycle_scanner.py,legacy_ekadashi_messages,APPROVED,2026-08-22T21:30:44-04:00,kamika_ekadashi_messages.csv
2026-08-10,geoname:1277333,geoname:1277333|city:bengaluru,Bengaluru,Karnataka,India,Asia/Kolkata,1277333,EKADASHI,Kamika Ekadashi,EKADASHI_2026_08_08_KAMIKA_EKADASHI,Normal Ekadashi,NORMAL,PARANA,Kamika Ekadashi,Upavaasa: 09-Aug-26 | Parana today: 06:07 AM to 08:00 AM,**Perform Parana today** between 06:07 AM and 08:00 AM. Upavaasa was observed on 09-Aug-26.,Kamika Ekadashi. Perform Parana today between 06:07 AM and 08:00 AM. Upavaasa was observed on 09-Aug-26. Upavaasa: 09-Aug-26 | Parana today: 06:07 AM to 08:00 AM,30,2026-08-08,ekadashi_cycle_scanner.py,legacy_ekadashi_messages,APPROVED,2026-08-22T21:30:44-04:00,kamika_ekadashi_messages.csv
2026-08-10,geoname:1278094,geoname:1278094|city:ayodhya,Ayodhya,Uttar Pradesh,India,Asia/Kolkata,1278094,EKADASHI,Kamika Ekadashi,EKADASHI_2026_08_08_KAMIKA_EKADASHI,Normal Ekadashi,NORMAL,PARANA,Kamika Ekadashi,Upavaasa: 09-Aug-26 | Parana today: 05:30 AM to 08:00 AM,**Perform Parana today** between 05:30 AM and 08:00 AM. Upavaasa was observed on 09-Aug-26.,Kamika Ekadashi. Perform Parana today between 05:30 AM and 08:00 AM. Upavaasa was observed on 09-Aug-26. Upavaasa: 09-Aug-26 | Parana today: 05:30 AM to 08:00 AM,30,2026-08-08,ekadashi_cycle_scanner.py,legacy_ekadashi_messages,APPROVED,2026-08-22T21:30:44-04:00,kamika_ekadashi_messages.csv
2026-08-10,geoname:1278994,geoname:1278994|city:prayagraj,Prayagraj,Uttar Pradesh,India,Asia/Kolkata,1278994,EKADASHI,Kamika Ekadashi,EKADASHI_2026_08_08_KAMIKA_EKADASHI,Normal Ekadashi,NORMAL,PARANA,Kamika Ekadashi,Upavaasa: 09-Aug-26 | Parana today: 05:34 AM to 08:00 AM,**Perform Parana today** between 05:34 AM and 08:00 AM. Upavaasa was observed on 09-Aug-26.,Kamika Ekadashi. Perform Parana today between 05:34 AM and 08:00 AM. Upavaasa was observed on 09-Aug-26. Upavaasa: 09-Aug-26 | Parana today: 05:34 AM to 08:00 AM,30,2026-08-08,ekadashi_cycle_scanner.py,legacy_ekadashi_messages,APPROVED,2026-08-22T21:30:44-04:00,kamika_ekadashi_messages.csv
2026-08-10,geoname:1279186,geoname:1279186|city:aizawl,Aizawl,Mizoram,India,Asia/Kolkata,1279186,EKADASHI,Kamika Ekadashi,EKADASHI_2026_08_08_KAMIKA_EKADASHI,Normal Ekadashi,NORMAL,PARANA,Kamika Ekadashi,Upavaasa: 09-Aug-26 | Parana today: 04:52 AM to 07:29 AM,**Perform Parana today** between 04:52 AM and 07:29 AM. Upavaasa was observed on 09-Aug-26.,Kamika Ekadashi. Perform Parana today between 04:52 AM and 07:29 AM. Upavaasa was observed on 09-Aug-26. Upavaasa: 09-Aug-26 | Parana today: 04:52 AM to 07:29 AM,30,2026-08-08,ekadashi_cycle_scanner.py,legacy_ekadashi_messages,APPROVED,2026-08-22T21:30:44-04:00,kamika_ekadashi_messages.csv
2026-08-10,geoname:1279290,geoname:1279290|city:agartala,Agartala,Tripura,India,Asia/Kolkata,1279290,EKADASHI,Kamika Ekadashi,EKADASHI_2026_08_08_KAMIKA_EKADASHI,Normal Ekadashi,NORMAL,PARANA,Kamika Ekadashi,Upavaasa: 09-Aug-26 | Parana today: 04:58 AM to 07:35 AM,**Perform Parana today** between 04:58 AM and 07:35 AM. Upavaasa was observed on 09-Aug-26.,Kamika Ekadashi. Perform Parana today between 04:58 AM and 07:35 AM. Upavaasa was observed on 09-Aug-26. Upavaasa: 09-Aug-26 | Parana today: 04:58 AM to 07:35 AM,30,2026-08-08,ekadashi_cycle_scanner.py,legacy_ekadashi_messages,APPROVED,2026-08-22T21:30:44-04:00,kamika_ekadashi_messages.csv
2026-08-10,geoname:1835848,geoname:1835848|city:seoul,Seoul,Seoul,South Korea,Asia/Seoul,1835848,EKADASHI,Kamika Ekadashi,EKADASHI_2026_08_08_KAMIKA_EKADASHI,Normal Ekadashi,NORMAL,PARANA,Kamika Ekadashi,Upavaasa: 09-Aug-26 | Parana today: 05:43 AM to 08:29 AM,**Perform Parana today** between 05:43 AM and 08:29 AM. Upavaasa was observed on 09-Aug-26.,Kamika Ekadashi. Perform Parana today between 05:43 AM and 08:29 AM. Upavaasa was observed on 09-Aug-26. Upavaasa: 09-Aug-26 | Parana today: 05:43 AM to 08:29 AM,30,2026-08-08,ekadashi_cycle_scanner.py,legacy_ekadashi_messages,APPROVED,2026-08-22T21:30:44-04:00,kamika_ekadashi_messages.csv
2026-08-10,geoname:2063523,geoname:2063523|city:perth,Perth,Western Australia,Australia,Australia/Perth,2063523,EKADASHI,Kamika Ekadashi,EKADASHI_2026_08_08_KAMIKA_EKADASHI,Normal Ekadashi,NORMAL,PARANA,Kamika Ekadashi,Upavaasa: 09-Aug-26 | Parana today: 06:58 AM to 09:08 AM,**Perform Parana today** between 06:58 AM and 09:08 AM. Upavaasa was observed on 09-Aug-26.,Kamika Ekadashi. Perform Parana today between 06:58 AM and 09:08 AM. Upavaasa was observed on 09-Aug-26. Upavaasa: 09-Aug-26 | Parana today: 06:58 AM to 09:08 AM,30,2026-08-08,ekadashi_cycle_scanner.py,legacy_ekadashi_messages,APPROVED,2026-08-22T21:30:44-04:00,kamika_ekadashi_messages.csv
2026-08-10,geoname:2078025,geoname:2078025|city:adelaide,Adelaide,South Australia,Australia,Australia/Adelaide,2078025,EKADASHI,Kamika Ekadashi,EKADASHI_2026_08_08_KAMIKA_EKADASHI,Normal Ekadashi,NORMAL,PARANA,Kamika Ekadashi,Upavaasa: 09-Aug-26 | Parana today: 07:02 AM to 09:10 AM,**Perform Parana today** between 07:02 AM and 09:10 AM. Upavaasa was observed on 09-Aug-26.,Kamika Ekadashi. Perform Parana today between 07:02 AM and 09:10 AM. Upavaasa was observed on 09-Aug-26. Upavaasa: 09-Aug-26 | Parana today: 07:02 AM to 09:10 AM,30,2026-08-08,ekadashi_cycle_scanner.py,legacy_ekadashi_messages,APPROVED,2026-08-22T21:30:44-04:00,kamika_ekadashi_messages.csv
2026-08-10,geoname:2147714,geoname:2147714|city:sydney,Sydney,New South Wales,Australia,Australia/Sydney,2147714,EKADASHI,Kamika Ekadashi,EKADASHI_2026_08_08_KAMIKA_EKADASHI,Normal Ekadashi,NORMAL,PARANA,Kamika Ekadashi,Upavaasa: 09-Aug-26 | Parana today: 06:40 AM to 08:48 AM,**Perform Parana today** between 06:40 AM and 08:48 AM. Upavaasa was observed on 09-Aug-26.,Kamika Ekadashi. Perform Parana today between 06:40 AM and 08:48 AM. Upavaasa was observed on 09-Aug-26. Upavaasa: 09-Aug-26 | Parana today: 06:40 AM to 08:48 AM,30,2026-08-08,ekadashi_cycle_scanner.py,legacy_ekadashi_messages,APPROVED,2026-08-22T21:30:44-04:00,kamika_ekadashi_messages.csv
2026-08-10,geoname:2158177,geoname:2158177|city:melbourne,Melbourne,Victoria,Australia,Australia/Melbourne,2158177,EKADASHI,Kamika Ekadashi,EKADASHI_2026_08_08_KAMIKA_EKADASHI,Normal Ekadashi,NORMAL,PARANA,Kamika Ekadashi,Upavaasa: 09-Aug-26 | Parana today: 07:11 AM to 09:17 AM,**Perform Parana today** between 07:11 AM and 09:17 AM. Upavaasa was observed on 09-Aug-26.,Kamika Ekadashi. Perform Parana today between 07:11 AM and 09:17 AM. Upavaasa was observed on 09-Aug-26. Upavaasa: 09-Aug-26 | Parana today: 07:11 AM to 09:17 AM,30,2026-08-08,ekadashi_cycle_scanner.py,legacy_ekadashi_messages,APPROVED,2026-08-22T21:30:44-04:00,kamika_ekadashi_messages.csv
2026-08-10,geoname:2172517,geoname:2172517|city:canberra,Canberra,Australian Capital Territory,Australia,Australia/Sydney,2172517,EKADASHI,Kamika Ekadashi,EKADASHI_2026_08_08_KAMIKA_EKADASHI,Normal Ekadashi,NORMAL,PARANA,Kamika Ekadashi,Upavaasa: 09-Aug-26 | Parana today: 06:50 AM to 08:58 AM,**Perform Parana today** between 06:50 AM and 08:58 AM. Upavaasa was observed on 09-Aug-26.,Kamika Ekadashi. Perform Parana today between 06:50 AM and 08:58 AM. Upavaasa was observed on 09-Aug-26. Upavaasa: 09-Aug-26 | Parana today: 06:50 AM to 08:58 AM,30,2026-08-08,ekadashi_cycle_scanner.py,legacy_ekadashi_messages,APPROVED,2026-08-22T21:30:44-04:00,kamika_ekadashi_messages.csv
2026-08-10,geoname:2174003,geoname:2174003|city:brisbane,Brisbane,Queensland,Australia,Australia/Brisbane,2174003,EKADASHI,Kamika Ekadashi,EKADASHI_2026_08_08_KAMIKA_EKADASHI,Normal Ekadashi,NORMAL,PARANA,Kamika Ekadashi,Upavaasa: 09-Aug-26 | Parana today: 06:23 AM to 08:35 AM,**Perform Parana today** between 06:23 AM and 08:35 AM. Upavaasa was observed on 09-Aug-26.,Kamika Ekadashi. Perform Parana today between 06:23 AM and 08:35 AM. Upavaasa was observed on 09-Aug-26. Upavaasa: 09-Aug-26 | Parana today: 06:23 AM to 08:35 AM,30,2026-08-08,ekadashi_cycle_scanner.py,legacy_ekadashi_messages,APPROVED,2026-08-22T21:30:44-04:00,kamika_ekadashi_messages.csv
2026-08-10,geoname:2179537,geoname:2179537|city:wellington,Wellington,Wellington,New Zealand,Pacific/Auckland,2179537,EKADASHI,Kamika Ekadashi,EKADASHI_2026_08_08_KAMIKA_EKADASHI,Normal Ekadashi,NORMAL,PARANA,Kamika Ekadashi,Upavaasa: 09-Aug-26 | Parana today: 07:19 AM to 09:22 AM,**Perform Parana today** between 07:19 AM and 09:22 AM. Upavaasa was observed on 09-Aug-26.,Kamika Ekadashi. Perform Parana today between 07:19 AM and 09:22 AM. Upavaasa was observed on 09-Aug-26. Upavaasa: 09-Aug-26 | Parana today: 07:19 AM to 09:22 AM,30,2026-08-08,ekadashi_cycle_scanner.py,legacy_ekadashi_messages,APPROVED,2026-08-22T21:30:44-04:00,kamika_ekadashi_messages.csv
2026-08-10,geoname:2192362,geoname:2192362|city:christchurch,Christchurch,Canterbury,New Zealand,Pacific/Auckland,2192362,EKADASHI,Kamika Ekadashi,EKADASHI_2026_08_08_KAMIKA_EKADASHI,Normal Ekadashi,NORMAL,PARANA,Kamika Ekadashi,Upavaasa: 09-Aug-26 | Parana today: 07:32 AM to 09:33 AM,**Perform Parana today** between 07:32 AM and 09:33 AM. Upavaasa was observed on 09-Aug-26.,Kamika Ekadashi. Perform Parana today between 07:32 AM and 09:33 AM. Upavaasa was observed on 09-Aug-26. Upavaasa: 09-Aug-26 | Parana today: 07:32 AM to 09:33 AM,30,2026-08-08,ekadashi_cycle_scanner.py,legacy_ekadashi_messages,APPROVED,2026-08-22T21:30:44-04:00,kamika_ekadashi_messages.csv
2026-08-10,geoname:2193733,geoname:2193733|city:auckland,Auckland,Auckland,New Zealand,Pacific/Auckland,2193733,EKADASHI,Kamika Ekadashi,EKADASHI_2026_08_08_KAMIKA_EKADASHI,Normal Ekadashi,NORMAL,PARANA,Kamika Ekadashi,Upavaasa: 09-Aug-26 | Parana today: 07:10 AM to 09:17 AM,**Perform Parana today** between 07:10 AM and 09:17 AM. Upavaasa was observed on 09-Aug-26.,Kamika Ekadashi. Perform Parana today between 07:10 AM and 09:17 AM. Upavaasa was observed on 09-Aug-26. Upavaasa: 09-Aug-26 | Parana today: 07:10 AM to 09:17 AM,30,2026-08-08,ekadashi_cycle_scanner.py,legacy_ekadashi_messages,APPROVED,2026-08-22T21:30:44-04:00,kamika_ekadashi_messages.csv
2026-08-10,geoname:2643743,geoname:2643743|city:london,London,London,United Kingdom,Europe/London,2643743,EKADASHI,Kamika Ekadashi,EKADASHI_2026_08_08_KAMIKA_EKADASHI,Normal Ekadashi,NORMAL,PARANA,Kamika Ekadashi,Upavaasa: 09-Aug-26 | Parana today: 05:38 AM to 08:37 AM,**Perform Parana today** between 05:38 AM and 08:37 AM. Upavaasa was observed on 09-Aug-26.,Kamika Ekadashi. Perform Parana today between 05:38 AM and 08:37 AM. Upavaasa was observed on 09-Aug-26. Upavaasa: 09-Aug-26 | Parana today: 05:38 AM to 08:37 AM,30,2026-08-08,ekadashi_cycle_scanner.py,legacy_ekadashi_messages,APPROVED,2026-08-22T21:30:44-04:00,kamika_ekadashi_messages.csv
2026-08-10,geoname:2657896,geoname:2657896|city:zurich,Zurich,Zurich,Switzerland,Europe/Zurich,2657896,EKADASHI,Kamika Ekadashi,EKADASHI_2026_08_08_KAMIKA_EKADASHI,Normal Ekadashi,NORMAL,PARANA,Kamika Ekadashi,Upavaasa: 09-Aug-26 | Parana today: 06:15 AM to 09:09 AM,**Perform Parana today** between 06:15 AM and 09:09 AM. Upavaasa was observed on 09-Aug-26.,Kamika Ekadashi. Perform Parana today between 06:15 AM and 09:09 AM. Upavaasa was observed on 09-Aug-26. Upavaasa: 09-Aug-26 | Parana today: 06:15 AM to 09:09 AM,30,2026-08-08,ekadashi_cycle_scanner.py,legacy_ekadashi_messages,APPROVED,2026-08-22T21:30:44-04:00,kamika_ekadashi_messages.csv
2026-08-10,geoname:290030,geoname:290030|city:doha,Doha,Baladīyat ad Dawḩah,Qatar,Asia/Qatar,290030,EKADASHI,Kamika Ekadashi,EKADASHI_2026_08_08_KAMIKA_EKADASHI,Normal Ekadashi,NORMAL,PARANA,Kamika Ekadashi,Upavaasa: 09-Aug-26 | Parana today: 05:05 AM to 05:30 AM,**Perform Parana today** between 05:05 AM and 05:30 AM. Upavaasa was observed on 09-Aug-26.,Kamika Ekadashi. Perform Parana today between 05:05 AM and 05:30 AM. Upavaasa was observed on 09-Aug-26. Upavaasa: 09-Aug-26 | Parana today: 05:05 AM to 05:30 AM,30,2026-08-08,ekadashi_cycle_scanner.py,legacy_ekadashi_messages,APPROVED,2026-08-22T21:30:44-04:00,kamika_ekadashi_messages.csv
2026-08-10,geoname:292223,geoname:292223|city:dubai,Dubai,Dubai,United Arab Emirates,Asia/Dubai,292223,EKADASHI,Kamika Ekadashi,EKADASHI_2026_08_08_KAMIKA_EKADASHI,Normal Ekadashi,NORMAL,PARANA,Kamika Ekadashi,Upavaasa: 09-Aug-26 | Parana today: 05:51 AM to 06:30 AM,**Perform Parana today** between 05:51 AM and 06:30 AM. Upavaasa was observed on 09-Aug-26.,Kamika Ekadashi. Perform Parana today between 05:51 AM and 06:30 AM. Upavaasa was observed on 09-Aug-26. Upavaasa: 09-Aug-26 | Parana today: 05:51 AM to 06:30 AM,30,2026-08-08,ekadashi_cycle_scanner.py,legacy_ekadashi_messages,APPROVED,2026-08-22T21:30:44-04:00,kamika_ekadashi_messages.csv
2026-08-10,geoname:2928751,geoname:2928751|city:esslingen,Esslingen,Esslingen,Germany,Europe/Berlin,2928751,EKADASHI,Kamika Ekadashi,EKADASHI_2026_08_08_KAMIKA_EKADASHI,Normal Ekadashi,NORMAL,PARANA,Kamika Ekadashi,Upavaasa: 09-Aug-26 | Parana today: 06:09 AM to 09:05 AM,**Perform Parana today** between 06:09 AM and 09:05 AM. Upavaasa was observed on 09-Aug-26.,Kamika Ekadashi. Perform Parana today between 06:09 AM and 09:05 AM. Upavaasa was observed on 09-Aug-26. Upavaasa: 09-Aug-26 | Parana today: 06:09 AM to 09:05 AM,30,2026-08-08,ekadashi_cycle_scanner.py,legacy_ekadashi_messages,APPROVED,2026-08-22T21:30:44-04:00,kamika_ekadashi_messages.csv
2026-08-10,geoname:5099836,geoname:5099836|city:new_jersey,New Jersey,New Jersey,United States,America/New_York,5099836,EKADASHI,Kamika Ekadashi,EKADASHI_2026_08_08_KAMIKA_EKADASHI,Dashami Viddha Ekadashi,DASHAMI_VIDDHA,PARANA,Kamika Ekadashi,Upavaasa: 09-Aug-26 | Parana today: 06:02 AM to 08:50 AM,**Perform Parana today** between 06:02 AM and 08:50 AM. Upavaasa was observed on 09-Aug-26.,Kamika Ekadashi. Perform Parana today between 06:02 AM and 08:50 AM. Upavaasa was observed on 09-Aug-26. Upavaasa: 09-Aug-26 | Parana today: 06:02 AM to 08:50 AM,30,2026-08-08,ekadashi_cycle_scanner.py,legacy_ekadashi_messages,APPROVED,2026-08-22T21:30:44-04:00,kamika_ekadashi_messages.csv
2026-08-10,geoname:5128581,geoname:5128581|city:new_york,New York,New York,United States,America/New_York,5128581,EKADASHI,Kamika Ekadashi,EKADASHI_2026_08_08_KAMIKA_EKADASHI,Dashami Viddha Ekadashi,DASHAMI_VIDDHA,PARANA,Kamika Ekadashi,Upavaasa: 09-Aug-26 | Parana today: 06:02 AM to 08:50 AM,**Perform Parana today** between 06:02 AM and 08:50 AM. Upavaasa was observed on 09-Aug-26.,Kamika Ekadashi. Perform Parana today between 06:02 AM and 08:50 AM. Upavaasa was observed on 09-Aug-26. Upavaasa: 09-Aug-26 | Parana today: 06:02 AM to 08:50 AM,30,2026-08-08,ekadashi_cycle_scanner.py,legacy_ekadashi_messages,APPROVED,2026-08-22T21:30:44-04:00,kamika_ekadashi_messages.csv
2026-08-10,geoname:5139865,geoname:5139865|city:stonybrook,Stonybrook,New York,United States,America/New_York,5139865,EKADASHI,Kamika Ekadashi,EKADASHI_2026_08_08_KAMIKA_EKADASHI,Dashami Viddha Ekadashi,DASHAMI_VIDDHA,PARANA,Kamika Ekadashi,Upavaasa: 09-Aug-26 | Parana today: 05:58 AM to 08:46 AM,**Perform Parana today** between 05:58 AM and 08:46 AM. Upavaasa was observed on 09-Aug-26.,Kamika Ekadashi. Perform Parana today between 05:58 AM and 08:46 AM. Upavaasa was observed on 09-Aug-26. Upavaasa: 09-Aug-26 | Parana today: 05:58 AM to 08:46 AM,30,2026-08-08,ekadashi_cycle_scanner.py,legacy_ekadashi_messages,APPROVED,2026-08-22T21:30:44-04:00,kamika_ekadashi_messages.csv
2026-08-10,geoname:5140405,geoname:5140405|city:syracuse,Syracuse,New York,United States,America/New_York,5140405,EKADASHI,Kamika Ekadashi,EKADASHI_2026_08_08_KAMIKA_EKADASHI,Dashami Viddha Ekadashi,DASHAMI_VIDDHA,PARANA,Kamika Ekadashi,Upavaasa: 09-Aug-26 | Parana today: 06:05 AM to 08:55 AM,**Perform Parana today** between 06:05 AM and 08:55 AM. Upavaasa was observed on 09-Aug-26.,Kamika Ekadashi. Perform Parana today between 06:05 AM and 08:55 AM. Upavaasa was observed on 09-Aug-26. Upavaasa: 09-Aug-26 | Parana today: 06:05 AM to 08:55 AM,30,2026-08-08,ekadashi_cycle_scanner.py,legacy_ekadashi_messages,APPROVED,2026-08-22T21:30:44-04:00,kamika_ekadashi_messages.csv
2026-08-12,geoname:1253102,geoname:1253102|city:visakhapatnam,Visakhapatnam,Andra Pradesh,India,Asia/Kolkata,1253102,GRAHANA,Surya Grahan *Purna,GRAHANA_2026_08_SURYA_GRAHAN_PURNA,SURYA_GRAHANA,DRIK_LOCAL_GRAHANA_NOT_VISIBLE,NOT_APPLICABLE,Surya Grahan *Purna,Not Applicable - Eclipse is not locally visible; Sutak is not applicable.,,Surya Grahan *Purna. Not Applicable - Eclipse is not locally visible; Sutak is not applicable.,5,2026-08-12,grahana_engine.py,GRAHANA_V2_2_CITY_CONTEXT_THEN_DISCOVERY_URL,APPROVED,2026-08-22T21:30:45-04:00,grahana_messages.csv
2026-08-12,geoname:1253405,geoname:1253405|city:varanasi,Varanasi,Uttar Pradesh,India,Asia/Kolkata,1253405,GRAHANA,Surya Grahan *Purna,GRAHANA_2026_08_SURYA_GRAHAN_PURNA,SURYA_GRAHANA,DRIK_LOCAL_GRAHANA_NOT_VISIBLE,NOT_APPLICABLE,Surya Grahan *Purna,Not Applicable - Eclipse is not locally visible; Sutak is not applicable.,,Surya Grahan *Purna. Not Applicable - Eclipse is not locally visible; Sutak is not applicable.,5,2026-08-12,grahana_engine.py,GRAHANA_V2_2_CITY_CONTEXT_THEN_DISCOVERY_URL,APPROVED,2026-08-22T21:30:45-04:00,grahana_messages.csv
2026-08-12,geoname:1253573,geoname:1253573|city:vadodara,Vadodara,Gujarat,India,Asia/Kolkata,1253573,GRAHANA,Surya Grahan *Purna,GRAHANA_2026_08_SURYA_GRAHAN_PURNA,SURYA_GRAHANA,DRIK_LOCAL_GRAHANA_NOT_VISIBLE,NOT_APPLICABLE,Surya Grahan *Purna,Not Applicable - Eclipse is not locally visible; Sutak is not applicable.,,Surya Grahan *Purna. Not Applicable - Eclipse is not locally visible; Sutak is not applicable.,5,2026-08-12,grahana_engine.py,GRAHANA_V2_2_CITY_CONTEXT_THEN_DISCOVERY_URL,APPROVED,2026-08-22T21:30:45-04:00,grahana_messages.csv
2026-08-12,geoname:1253952,geoname:1253952|city:udupi,Udupi,Karnataka,India,Asia/Kolkata,1253952,GRAHANA,Surya Grahan *Purna,GRAHANA_2026_08_SURYA_GRAHAN_PURNA,SURYA_GRAHANA,DRIK_LOCAL_GRAHANA_NOT_VISIBLE,NOT_APPLICABLE,Surya Grahan *Purna,Not Applicable - Eclipse is not locally visible; Sutak is not applicable.,,Surya Grahan *Purna. Not Applicable - Eclipse is not locally visible; Sutak is not applicable.,5,2026-08-12,grahana_engine.py,GRAHANA_V2_2_CITY_CONTEXT_THEN_DISCOVERY_URL,APPROVED,2026-08-22T21:30:45-04:00,grahana_messages.csv
2026-08-12,geoname:1254163,geoname:1254163|city:thiruvananthapuram,Thiruvananthapuram,Kerala,India,Asia/Kolkata,1254163,GRAHANA,Surya Grahan *Purna,GRAHANA_2026_08_SURYA_GRAHAN_PURNA,SURYA_GRAHANA,DRIK_LOCAL_GRAHANA_NOT_VISIBLE,NOT_APPLICABLE,Surya Grahan *Purna,Not Applicable - Eclipse is not locally visible; Sutak is not applicable.,,Surya Grahan *Purna. Not Applicable - Eclipse is not locally visible; Sutak is not applicable.,5,2026-08-12,grahana_engine.py,GRAHANA_V2_2_CITY_CONTEXT_THEN_DISCOVERY_URL,APPROVED,2026-08-22T21:30:45-04:00,grahana_messages.csv
2026-08-12,geoname:1254360,geoname:1254360|city:tirupati,Tirupati,Andhra Pradesh,India,Asia/Kolkata,1254360,GRAHANA,Surya Grahan *Purna,GRAHANA_2026_08_SURYA_GRAHAN_PURNA,SURYA_GRAHANA,DRIK_LOCAL_GRAHANA_NOT_VISIBLE,NOT_APPLICABLE,Surya Grahan *Purna,Not Applicable - Eclipse is not locally visible; Sutak is not applicable.,,Surya Grahan *Purna. Not Applicable - Eclipse is not locally visible; Sutak is not applicable.,5,2026-08-12,grahana_engine.py,GRAHANA_V2_2_CITY_CONTEXT_THEN_DISCOVERY_URL,APPROVED,2026-08-22T21:30:45-04:00,grahana_messages.csv
2026-08-12,geoname:1254388,geoname:1254388|city:srirangam,Srirangam,Tamil Nadu,India,Asia/Kolkata,1254388,GRAHANA,Surya Grahan *Purna,GRAHANA_2026_08_SURYA_GRAHAN_PURNA,SURYA_GRAHANA,DRIK_LOCAL_GRAHANA_NOT_VISIBLE,NOT_APPLICABLE,Surya Grahan *Purna,Not Applicable - Eclipse is not locally visible; Sutak is not applicable.,,Surya Grahan *Purna. Not Applicable - Eclipse is not locally visible; Sutak is not applicable.,5,2026-08-12,grahana_engine.py,GRAHANA_V2_2_CITY_CONTEXT_THEN_DISCOVERY_URL,APPROVED,2026-08-22T21:30:45-04:00,grahana_messages.csv
2026-08-12,geoname:1255364,geoname:1255364|city:surat,Surat,Gujarat,India,Asia/Kolkata,1255364,GRAHANA,Surya Grahan *Purna,GRAHANA_2026_08_SURYA_GRAHAN_PURNA,SURYA_GRAHANA,DRIK_LOCAL_GRAHANA_NOT_VISIBLE,NOT_APPLICABLE,Surya Grahan *Purna,Not Applicable - Eclipse is not locally visible; Sutak is not applicable.,,Surya Grahan *Purna. Not Applicable - Eclipse is not locally visible; Sutak is not applicable.,5,2026-08-12,grahana_engine.py,GRAHANA_V2_2_CITY_CONTEXT_THEN_DISCOVERY_URL,APPROVED,2026-08-22T21:30:45-04:00,grahana_messages.csv
2026-08-12,geoname:1255634,geoname:1255634|city:srinagar,Srinagar,Jammu and Kashmir,India,Asia/Kolkata,1255634,GRAHANA,Surya Grahan *Purna,GRAHANA_2026_08_SURYA_GRAHAN_PURNA,SURYA_GRAHANA,DRIK_LOCAL_GRAHANA_NOT_VISIBLE,NOT_APPLICABLE,Surya Grahan *Purna,Not Applicable - Eclipse is not locally visible; Sutak is not applicable.,,Surya Grahan *Purna. Not Applicable - Eclipse is not locally visible; Sutak is not applicable.,5,2026-08-12,grahana_engine.py,GRAHANA_V2_2_CITY_CONTEXT_THEN_DISCOVERY_URL,APPROVED,2026-08-22T21:30:45-04:00,grahana_messages.csv
2026-08-12,geoname:1256287,geoname:1256287|city:silchar,Silchar,Assam,India,Asia/Kolkata,1256287,GRAHANA,Surya Grahan *Purna,GRAHANA_2026_08_SURYA_GRAHAN_PURNA,SURYA_GRAHANA,DRIK_LOCAL_GRAHANA_NOT_VISIBLE,NOT_APPLICABLE,Surya Grahan *Purna,Not Applicable - Eclipse is not locally visible; Sutak is not applicable.,,Surya Grahan *Purna. Not Applicable - Eclipse is not locally visible; Sutak is not applicable.,5,2026-08-12,grahana_engine.py,GRAHANA_V2_2_CITY_CONTEXT_THEN_DISCOVERY_URL,APPROVED,2026-08-22T21:30:45-04:00,grahana_messages.csv
2026-08-12,geoname:1256525,geoname:1256525|city:shiliguri,Shiliguri,West Bengal,India,Asia/Kolkata,1256525,GRAHANA,Surya Grahan *Purna,GRAHANA_2026_08_SURYA_GRAHAN_PURNA,SURYA_GRAHANA,DRIK_LOCAL_GRAHANA_NOT_VISIBLE,NOT_APPLICABLE,Surya Grahan *Purna,Not Applicable - Eclipse is not locally visible; Sutak is not applicable.,,Surya Grahan *Purna. Not Applicable - Eclipse is not locally visible; Sutak is not applicable.,5,2026-08-12,grahana_engine.py,GRAHANA_V2_2_CITY_CONTEXT_THEN_DISCOVERY_URL,APPROVED,2026-08-22T21:30:45-04:00,grahana_messages.csv
2026-08-12,geoname:1259229,geoname:1259229|city:pune,Pune,Maharashtra,India,Asia/Kolkata,1259229,GRAHANA,Surya Grahan *Purna,GRAHANA_2026_08_SURYA_GRAHAN_PURNA,SURYA_GRAHANA,DRIK_LOCAL_GRAHANA_NOT_VISIBLE,NOT_APPLICABLE,Surya Grahan *Purna,Not Applicable - Eclipse is not locally visible; Sutak is not applicable.,,Surya Grahan *Purna. Not Applicable - Eclipse is not locally visible; Sutak is not applicable.,5,2026-08-12,grahana_engine.py,GRAHANA_V2_2_CITY_CONTEXT_THEN_DISCOVERY_URL,APPROVED,2026-08-22T21:30:45-04:00,grahana_messages.csv
2026-08-12,geoname:1260546,geoname:1260546|city:pandharpur,Pandharpur,Maharashtra,India,Asia/Kolkata,1260546,GRAHANA,Surya Grahan *Purna,GRAHANA_2026_08_SURYA_GRAHAN_PURNA,SURYA_GRAHANA,DRIK_LOCAL_GRAHANA_NOT_VISIBLE,NOT_APPLICABLE,Surya Grahan *Purna,Not Applicable - Eclipse is not locally visible; Sutak is not applicable.,,Surya Grahan *Purna. Not Applicable - Eclipse is not locally visible; Sutak is not applicable.,5,2026-08-12,grahana_engine.py,GRAHANA_V2_2_CITY_CONTEXT_THEN_DISCOVERY_URL,APPROVED,2026-08-22T21:30:45-04:00,grahana_messages.csv
2026-08-12,geoname:1262180,geoname:1262180|city:nagpur,Nagpur,Maharashtra,India,Asia/Kolkata,1262180,GRAHANA,Surya Grahan *Purna,GRAHANA_2026_08_SURYA_GRAHAN_PURNA,SURYA_GRAHANA,DRIK_LOCAL_GRAHANA_NOT_VISIBLE,NOT_APPLICABLE,Surya Grahan *Purna,Not Applicable - Eclipse is not locally visible; Sutak is not applicable.,,Surya Grahan *Purna. Not Applicable - Eclipse is not locally visible; Sutak is not applicable.,5,2026-08-12,grahana_engine.py,GRAHANA_V2_2_CITY_CONTEXT_THEN_DISCOVERY_URL,APPROVED,2026-08-22T21:30:45-04:00,grahana_messages.csv
2026-08-12,geoname:1262321,geoname:1262321|city:mysuru,Mysuru,Karnataka,India,Asia/Kolkata,1262321,GRAHANA,Surya Grahan *Purna,GRAHANA_2026_08_SURYA_GRAHAN_PURNA,SURYA_GRAHANA,DRIK_LOCAL_GRAHANA_NOT_VISIBLE,NOT_APPLICABLE,Surya Grahan *Purna,Not Applicable - Eclipse is not locally visible; Sutak is not applicable.,,Surya Grahan *Purna. Not Applicable - Eclipse is not locally visible; Sutak is not applicable.,5,2026-08-12,grahana_engine.py,GRAHANA_V2_2_CITY_CONTEXT_THEN_DISCOVERY_URL,APPROVED,2026-08-22T21:30:45-04:00,grahana_messages.csv
2026-08-12,geoname:1262321,geoname:1262321|city:t_narasipura,T Narasipura,Karnataka,India,Asia/Kolkata,1262321,GRAHANA,Surya Grahan *Purna,GRAHANA_2026_08_SURYA_GRAHAN_PURNA,SURYA_GRAHANA,DRIK_LOCAL_GRAHANA_NOT_VISIBLE,NOT_APPLICABLE,Surya Grahan *Purna,Not Applicable - Eclipse is not locally visible; Sutak is not applicable.,,Surya Grahan *Purna. Not Applicable - Eclipse is not locally visible; Sutak is not applicable.,5,2026-08-12,grahana_engine.py,GRAHANA_V2_2_CITY_CONTEXT_THEN_DISCOVERY_URL,APPROVED,2026-08-22T21:30:45-04:00,grahana_messages.csv
2026-08-12,geoname:1263780,geoname:1263780|city:mangalore,Mangalore,Karnataka,India,Asia/Kolkata,1263780,GRAHANA,Surya Grahan *Purna,GRAHANA_2026_08_SURYA_GRAHAN_PURNA,SURYA_GRAHANA,DRIK_LOCAL_GRAHANA_NOT_VISIBLE,NOT_APPLICABLE,Surya Grahan *Purna,Not Applicable - Eclipse is not locally visible; Sutak is not applicable.,,Surya Grahan *Purna. Not Applicable - Eclipse is not locally visible; Sutak is not applicable.,5,2026-08-12,grahana_engine.py,GRAHANA_V2_2_CITY_CONTEXT_THEN_DISCOVERY_URL,APPROVED,2026-08-22T21:30:45-04:00,grahana_messages.csv
2026-08-12,geoname:1264521,geoname:1264521|city:madurai,Madurai,Tamil Nadu,India,Asia/Kolkata,1264521,GRAHANA,Surya Grahan *Purna,GRAHANA_2026_08_SURYA_GRAHAN_PURNA,SURYA_GRAHANA,DRIK_LOCAL_GRAHANA_NOT_VISIBLE,NOT_APPLICABLE,Surya Grahan *Purna,Not Applicable - Eclipse is not locally visible; Sutak is not applicable.,,Surya Grahan *Purna. Not Applicable - Eclipse is not locally visible; Sutak is not applicable.,5,2026-08-12,grahana_engine.py,GRAHANA_V2_2_CITY_CONTEXT_THEN_DISCOVERY_URL,APPROVED,2026-08-22T21:30:45-04:00,grahana_messages.csv
2026-08-12,geoname:1264527,geoname:1264527|city:chennai,Chennai,Tamil Nadu,India,Asia/Kolkata,1264527,GRAHANA,Surya Grahan *Purna,GRAHANA_2026_08_SURYA_GRAHAN_PURNA,SURYA_GRAHANA,DRIK_LOCAL_GRAHANA_NOT_VISIBLE,NOT_APPLICABLE,Surya Grahan *Purna,Not Applicable - Eclipse is not locally visible; Sutak is not applicable.,,Surya Grahan *Purna. Not Applicable - Eclipse is not locally visible; Sutak is not applicable.,5,2026-08-12,grahana_engine.py,GRAHANA_V2_2_CITY_CONTEXT_THEN_DISCOVERY_URL,APPROVED,2026-08-22T21:30:45-04:00,grahana_messages.csv
2026-08-12,geoname:1264733,geoname:1264733|city:lucknow,Lucknow,Uttar Pradesh,India,Asia/Kolkata,1264733,GRAHANA,Surya Grahan *Purna,GRAHANA_2026_08_SURYA_GRAHAN_PURNA,SURYA_GRAHANA,DRIK_LOCAL_GRAHANA_NOT_VISIBLE,NOT_APPLICABLE,Surya Grahan *Purna,Not Applicable - Eclipse is not locally visible; Sutak is not applicable.,,Surya Grahan *Purna. Not Applicable - Eclipse is not locally visible; Sutak is not applicable.,5,2026-08-12,grahana_engine.py,GRAHANA_V2_2_CITY_CONTEXT_THEN_DISCOVERY_URL,APPROVED,2026-08-22T21:30:45-04:00,grahana_messages.csv
2026-08-12,geoname:1265683,geoname:1265683|city:kumbakonam,Kumbakonam,Tamil Nadu,India,Asia/Kolkata,1265683,GRAHANA,Surya Grahan *Purna,GRAHANA_2026_08_SURYA_GRAHAN_PURNA,SURYA_GRAHANA,DRIK_LOCAL_GRAHANA_NOT_VISIBLE,NOT_APPLICABLE,Surya Grahan *Purna,Not Applicable - Eclipse is not locally visible; Sutak is not applicable.,,Surya Grahan *Purna. Not Applicable - Eclipse is not locally visible; Sutak is not applicable.,5,2026-08-12,grahana_engine.py,GRAHANA_V2_2_CITY_CONTEXT_THEN_DISCOVERY_URL,APPROVED,2026-08-22T21:30:45-04:00,grahana_messages.csv
2026-08-12,geoname:1266285,geoname:1266285|city:kolhapur,Kolhapur,Maharashtra,India,Asia/Kolkata,1266285,GRAHANA,Surya Grahan *Purna,GRAHANA_2026_08_SURYA_GRAHAN_PURNA,SURYA_GRAHANA,DRIK_LOCAL_GRAHANA_NOT_VISIBLE,NOT_APPLICABLE,Surya Grahan *Purna,Not Applicable - Eclipse is not locally visible; Sutak is not applicable.,,Surya Grahan *Purna. Not Applicable - Eclipse is not locally visible; Sutak is not applicable.,5,2026-08-12,grahana_engine.py,GRAHANA_V2_2_CITY_CONTEXT_THEN_DISCOVERY_URL,APPROVED,2026-08-22T21:30:45-04:00,grahana_messages.csv
2026-08-12,geoname:1268159,geoname:1268159|city:kanchipuram,Kanchipuram,Tamil Nadu,India,Asia/Kolkata,1268159,GRAHANA,Surya Grahan *Purna,GRAHANA_2026_08_SURYA_GRAHAN_PURNA,SURYA_GRAHANA,DRIK_LOCAL_GRAHANA_NOT_VISIBLE,NOT_APPLICABLE,Surya Grahan *Purna,Not Applicable - Eclipse is not locally visible; Sutak is not applicable.,,Surya Grahan *Purna. Not Applicable - Eclipse is not locally visible; Sutak is not applicable.,5,2026-08-12,grahana_engine.py,GRAHANA_V2_2_CITY_CONTEXT_THEN_DISCOVERY_URL,APPROVED,2026-08-22T21:30:45-04:00,grahana_messages.csv
2026-08-12,geoname:1269843,geoname:1269843|city:hyderabad,Hyderabad,Telangana,India,Asia/Kolkata,1269843,GRAHANA,Surya Grahan *Purna,GRAHANA_2026_08_SURYA_GRAHAN_PURNA,SURYA_GRAHANA,DRIK_LOCAL_GRAHANA_NOT_VISIBLE,NOT_APPLICABLE,Surya Grahan *Purna,Not Applicable - Eclipse is not locally visible; Sutak is not applicable.,,Surya Grahan *Purna. Not Applicable - Eclipse is not locally visible; Sutak is not applicable.,5,2026-08-12,grahana_engine.py,GRAHANA_V2_2_CITY_CONTEXT_THEN_DISCOVERY_URL,APPROVED,2026-08-22T21:30:45-04:00,grahana_messages.csv
2026-08-12,geoname:1269920,geoname:1269920|city:hubli,Hubli,Karnataka,India,Asia/Kolkata,1269920,GRAHANA,Surya Grahan *Purna,GRAHANA_2026_08_SURYA_GRAHAN_PURNA,SURYA_GRAHANA,DRIK_LOCAL_GRAHANA_NOT_VISIBLE,NOT_APPLICABLE,Surya Grahan *Purna,Not Applicable - Eclipse is not locally visible; Sutak is not applicable.,,Surya Grahan *Purna. Not Applicable - Eclipse is not locally visible; Sutak is not applicable.,5,2026-08-12,grahana_engine.py,GRAHANA_V2_2_CITY_CONTEXT_THEN_DISCOVERY_URL,APPROVED,2026-08-22T21:30:45-04:00,grahana_messages.csv
2026-08-12,geoname:1270603,geoname:1270603|city:guruvayur,Guruvayur,Kerala,India,Asia/Kolkata,1270603,GRAHANA,Surya Grahan *Purna,GRAHANA_2026_08_SURYA_GRAHAN_PURNA,SURYA_GRAHANA,DRIK_LOCAL_GRAHANA_NOT_VISIBLE,NOT_APPLICABLE,Surya Grahan *Purna,Not Applicable - Eclipse is not locally visible; Sutak is not applicable.,,Surya Grahan *Purna. Not Applicable - Eclipse is not locally visible; Sutak is not applicable.,5,2026-08-12,grahana_engine.py,GRAHANA_V2_2_CITY_CONTEXT_THEN_DISCOVERY_URL,APPROVED,2026-08-22T21:30:45-04:00,grahana_messages.csv
2026-08-12,geoname:1271476,geoname:1271476|city:guwahati,Guwahati,Assam,India,Asia/Kolkata,1271476,GRAHANA,Surya Grahan *Purna,GRAHANA_2026_08_SURYA_GRAHAN_PURNA,SURYA_GRAHANA,DRIK_LOCAL_GRAHANA_NOT_VISIBLE,NOT_APPLICABLE,Surya Grahan *Purna,Not Applicable - Eclipse is not locally visible; Sutak is not applicable.,,Surya Grahan *Purna. Not Applicable - Eclipse is not locally visible; Sutak is not applicable.,5,2026-08-12,grahana_engine.py,GRAHANA_V2_2_CITY_CONTEXT_THEN_DISCOVERY_URL,APPROVED,2026-08-22T21:30:45-04:00,grahana_messages.csv
2026-08-12,geoname:1271631,geoname:1271631|city:gangtok,Gangtok,Sikkim,India,Asia/Kolkata,1271631,GRAHANA,Surya Grahan *Purna,GRAHANA_2026_08_SURYA_GRAHAN_PURNA,SURYA_GRAHANA,DRIK_LOCAL_GRAHANA_NOT_VISIBLE,NOT_APPLICABLE,Surya Grahan *Purna,Not Applicable - Eclipse is not locally visible; Sutak is not applicable.,,Surya Grahan *Purna. Not Applicable - Eclipse is not locally visible; Sutak is not applicable.,5,2026-08-12,grahana_engine.py,GRAHANA_V2_2_CITY_CONTEXT_THEN_DISCOVERY_URL,APPROVED,2026-08-22T21:30:45-04:00,grahana_messages.csv
2026-08-12,geoname:1274256,geoname:1274256|city:chidambaram,Chidambaram,Tamil Nadu,India,Asia/Kolkata,1274256,GRAHANA,Surya Grahan *Purna,GRAHANA_2026_08_SURYA_GRAHAN_PURNA,SURYA_GRAHANA,DRIK_LOCAL_GRAHANA_NOT_VISIBLE,NOT_APPLICABLE,Surya Grahan *Purna,Not Applicable - Eclipse is not locally visible; Sutak is not applicable.,,Surya Grahan *Purna. Not Applicable - Eclipse is not locally visible; Sutak is not applicable.,5,2026-08-12,grahana_engine.py,GRAHANA_V2_2_CITY_CONTEXT_THEN_DISCOVERY_URL,APPROVED,2026-08-22T21:30:45-04:00,grahana_messages.csv
2026-08-12,geoname:1275004,geoname:1275004|city:kolkata,Kolkata,West Bengal,India,Asia/Kolkata,1275004,GRAHANA,Surya Grahan *Purna,GRAHANA_2026_08_SURYA_GRAHAN_PURNA,SURYA_GRAHANA,DRIK_LOCAL_GRAHANA_NOT_VISIBLE,NOT_APPLICABLE,Surya Grahan *Purna,Not Applicable - Eclipse is not locally visible; Sutak is not applicable.,,Surya Grahan *Purna. Not Applicable - Eclipse is not locally visible; Sutak is not applicable.,5,2026-08-12,grahana_engine.py,GRAHANA_V2_2_CITY_CONTEXT_THEN_DISCOVERY_URL,APPROVED,2026-08-22T21:30:45-04:00,grahana_messages.csv
2026-08-12,geoname:1275339,geoname:1275339|city:mumbai,Mumbai,Maharashtra,India,Asia/Kolkata,1275339,GRAHANA,Surya Grahan *Purna,GRAHANA_2026_08_SURYA_GRAHAN_PURNA,SURYA_GRAHANA,DRIK_LOCAL_GRAHANA_NOT_VISIBLE,NOT_APPLICABLE,Surya Grahan *Purna,Not Applicable - Eclipse is not locally visible; Sutak is not applicable.,,Surya Grahan *Purna. Not Applicable - Eclipse is not locally visible; Sutak is not applicable.,5,2026-08-12,grahana_engine.py,GRAHANA_V2_2_CITY_CONTEXT_THEN_DISCOVERY_URL,APPROVED,2026-08-22T21:30:45-04:00,grahana_messages.csv
2026-08-12,geoname:1275817,geoname:1275817|city:bhubaneswar,Bhubaneswar,Odisha,India,Asia/Kolkata,1275817,GRAHANA,Surya Grahan *Purna,GRAHANA_2026_08_SURYA_GRAHAN_PURNA,SURYA_GRAHANA,DRIK_LOCAL_GRAHANA_NOT_VISIBLE,NOT_APPLICABLE,Surya Grahan *Purna,Not Applicable - Eclipse is not locally visible; Sutak is not applicable.,,Surya Grahan *Purna. Not Applicable - Eclipse is not locally visible; Sutak is not applicable.,5,2026-08-12,grahana_engine.py,GRAHANA_V2_2_CITY_CONTEXT_THEN_DISCOVERY_URL,APPROVED,2026-08-22T21:30:45-04:00,grahana_messages.csv
2026-08-12,geoname:1275841,geoname:1275841|city:bhopal,Bhopal,Madhya Pradesh,India,Asia/Kolkata,1275841,GRAHANA,Surya Grahan *Purna,GRAHANA_2026_08_SURYA_GRAHAN_PURNA,SURYA_GRAHANA,DRIK_LOCAL_GRAHANA_NOT_VISIBLE,NOT_APPLICABLE,Surya Grahan *Purna,Not Applicable - Eclipse is not locally visible; Sutak is not applicable.,,Surya Grahan *Purna. Not Applicable - Eclipse is not locally visible; Sutak is not applicable.,5,2026-08-12,grahana_engine.py,GRAHANA_V2_2_CITY_CONTEXT_THEN_DISCOVERY_URL,APPROVED,2026-08-22T21:30:45-04:00,grahana_messages.csv
2026-08-12,geoname:1276533,geoname:1276533|city:belgaum,Belgaum,Karnataka,India,Asia/Kolkata,1276533,GRAHANA,Surya Grahan *Purna,GRAHANA_2026_08_SURYA_GRAHAN_PURNA,SURYA_GRAHANA,DRIK_LOCAL_GRAHANA_NOT_VISIBLE,NOT_APPLICABLE,Surya Grahan *Purna,Not Applicable - Eclipse is not locally visible; Sutak is not applicable.,,Surya Grahan *Purna. Not Applicable - Eclipse is not locally visible; Sutak is not applicable.,5,2026-08-12,grahana_engine.py,GRAHANA_V2_2_CITY_CONTEXT_THEN_DISCOVERY_URL,APPROVED,2026-08-22T21:30:45-04:00,grahana_messages.csv
2026-08-12,geoname:1277333,geoname:1277333|city:bengaluru,Bengaluru,Karnataka,India,Asia/Kolkata,1277333,GRAHANA,Surya Grahan *Purna,GRAHANA_2026_08_SURYA_GRAHAN_PURNA,SURYA_GRAHANA,DRIK_LOCAL_GRAHANA_NOT_VISIBLE,NOT_APPLICABLE,Surya Grahan *Purna,Not Applicable - Eclipse is not locally visible; Sutak is not applicable.,,Surya Grahan *Purna. Not Applicable - Eclipse is not locally visible; Sutak is not applicable.,5,2026-08-12,grahana_engine.py,GRAHANA_V2_2_CITY_CONTEXT_THEN_DISCOVERY_URL,APPROVED,2026-08-22T21:30:45-04:00,grahana_messages.csv
2026-08-12,geoname:1278094,geoname:1278094|city:ayodhya,Ayodhya,Uttar Pradesh,India,Asia/Kolkata,1278094,GRAHANA,Surya Grahan *Purna,GRAHANA_2026_08_SURYA_GRAHAN_PURNA,SURYA_GRAHANA,DRIK_LOCAL_GRAHANA_NOT_VISIBLE,NOT_APPLICABLE,Surya Grahan *Purna,Not Applicable - Eclipse is not locally visible; Sutak is not applicable.,,Surya Grahan *Purna. Not Applicable - Eclipse is not locally visible; Sutak is not applicable.,5,2026-08-12,grahana_engine.py,GRAHANA_V2_2_CITY_CONTEXT_THEN_DISCOVERY_URL,APPROVED,2026-08-22T21:30:45-04:00,grahana_messages.csv
2026-08-12,geoname:1278994,geoname:1278994|city:prayagraj,Prayagraj,Uttar Pradesh,India,Asia/Kolkata,1278994,GRAHANA,Surya Grahan *Purna,GRAHANA_2026_08_SURYA_GRAHAN_PURNA,SURYA_GRAHANA,DRIK_LOCAL_GRAHANA_NOT_VISIBLE,NOT_APPLICABLE,Surya Grahan *Purna,Not Applicable - Eclipse is not locally visible; Sutak is not applicable.,,Surya Grahan *Purna. Not Applicable - Eclipse is not locally visible; Sutak is not applicable.,5,2026-08-12,grahana_engine.py,GRAHANA_V2_2_CITY_CONTEXT_THEN_DISCOVERY_URL,APPROVED,2026-08-22T21:30:45-04:00,grahana_messages.csv
2026-08-12,geoname:1279186,geoname:1279186|city:aizawl,Aizawl,Mizoram,India,Asia/Kolkata,1279186,GRAHANA,Surya Grahan *Purna,GRAHANA_2026_08_SURYA_GRAHAN_PURNA,SURYA_GRAHANA,DRIK_LOCAL_GRAHANA_NOT_VISIBLE,NOT_APPLICABLE,Surya Grahan *Purna,Not Applicable - Eclipse is not locally visible; Sutak is not applicable.,,Surya Grahan *Purna. Not Applicable - Eclipse is not locally visible; Sutak is not applicable.,5,2026-08-12,grahana_engine.py,GRAHANA_V2_2_CITY_CONTEXT_THEN_DISCOVERY_URL,APPROVED,2026-08-22T21:30:45-04:00,grahana_messages.csv
2026-08-12,geoname:1279290,geoname:1279290|city:agartala,Agartala,Tripura,India,Asia/Kolkata,1279290,GRAHANA,Surya Grahan *Purna,GRAHANA_2026_08_SURYA_GRAHAN_PURNA,SURYA_GRAHANA,DRIK_LOCAL_GRAHANA_NOT_VISIBLE,NOT_APPLICABLE,Surya Grahan *Purna,Not Applicable - Eclipse is not locally visible; Sutak is not applicable.,,Surya Grahan *Purna. Not Applicable - Eclipse is not locally visible; Sutak is not applicable.,5,2026-08-12,grahana_engine.py,GRAHANA_V2_2_CITY_CONTEXT_THEN_DISCOVERY_URL,APPROVED,2026-08-22T21:30:45-04:00,grahana_messages.csv
2026-08-12,geoname:2643743,geoname:2643743|city:london,London,London,United Kingdom,Europe/London,2643743,GRAHANA,Surya Grahan *Purna,GRAHANA_2026_08_SURYA_GRAHAN_PURNA,SURYA_GRAHANA,DRIK_LOCAL_GRAHANA_VISIBLE,OBSERVANCE,Surya Grahan *Purna,Sutak Begins - 03:24 AM | Sutak Ends - 08:06 PM | Eclipse Start - 06:17 PM | Eclipse End - 08:06 PM,,Surya Grahan *Purna. Sutak Begins - 03:24 AM | Sutak Ends - 08:06 PM | Eclipse Start - 06:17 PM | Eclipse End - 08:06 PM,20,2026-08-12,grahana_engine.py,GRAHANA_V2_2_CITY_CONTEXT_THEN_DISCOVERY_URL,APPROVED,2026-08-22T21:30:45-04:00,grahana_messages.csv
2026-08-12,geoname:2657896,geoname:2657896|city:zurich,Zurich,Zurich,Switzerland,Europe/Zurich,2657896,GRAHANA,Surya Grahan *Purna,GRAHANA_2026_08_SURYA_GRAHAN_PURNA,SURYA_GRAHANA,DRIK_LOCAL_GRAHANA_VISIBLE,OBSERVANCE,Surya Grahan *Purna,Sutak Begins - 03:55 AM | Sutak Ends - 08:43 PM | Eclipse Start - 07:24 PM | Eclipse End - 08:43 PM,,Surya Grahan *Purna. Sutak Begins - 03:55 AM | Sutak Ends - 08:43 PM | Eclipse Start - 07:24 PM | Eclipse End - 08:43 PM,20,2026-08-12,grahana_engine.py,GRAHANA_V2_2_CITY_CONTEXT_THEN_DISCOVERY_URL,APPROVED,2026-08-22T21:30:45-04:00,grahana_messages.csv
2026-08-12,geoname:290030,geoname:290030|city:doha,Doha,Baladīyat ad Dawḩah,Qatar,Asia/Qatar,290030,GRAHANA,Surya Grahan *Purna,GRAHANA_2026_08_SURYA_GRAHAN_PURNA,SURYA_GRAHANA,DRIK_LOCAL_GRAHANA_NOT_VISIBLE,NOT_APPLICABLE,Surya Grahan *Purna,Not Applicable - Eclipse is not locally visible; Sutak is not applicable.,,Surya Grahan *Purna. Not Applicable - Eclipse is not locally visible; Sutak is not applicable.,5,2026-08-12,grahana_engine.py,GRAHANA_V2_2_CITY_CONTEXT_THEN_DISCOVERY_URL,APPROVED,2026-08-22T21:30:45-04:00,grahana_messages.csv
2026-08-12,geoname:292223,geoname:292223|city:dubai,Dubai,Dubai,United Arab Emirates,Asia/Dubai,292223,GRAHANA,Surya Grahan *Purna,GRAHANA_2026_08_SURYA_GRAHAN_PURNA,SURYA_GRAHANA,DRIK_LOCAL_GRAHANA_NOT_VISIBLE,NOT_APPLICABLE,Surya Grahan *Purna,Not Applicable - Eclipse is not locally visible; Sutak is not applicable.,,Surya Grahan *Purna. Not Applicable - Eclipse is not locally visible; Sutak is not applicable.,5,2026-08-12,grahana_engine.py,GRAHANA_V2_2_CITY_CONTEXT_THEN_DISCOVERY_URL,APPROVED,2026-08-22T21:30:45-04:00,grahana_messages.csv
2026-08-12,geoname:2928751,geoname:2928751|city:esslingen,Esslingen,Esslingen,Germany,Europe/Berlin,2928751,GRAHANA,Surya Grahan *Purna,GRAHANA_2026_08_SURYA_GRAHAN_PURNA,SURYA_GRAHANA,DRIK_LOCAL_GRAHANA_VISIBLE,OBSERVANCE,Surya Grahan *Purna,Sutak Begins - 03:50 AM | Sutak Ends - 08:43 PM | Eclipse Start - 07:22 PM | Eclipse End - 08:43 PM,,Surya Grahan *Purna. Sutak Begins - 03:50 AM | Sutak Ends - 08:43 PM | Eclipse Start - 07:22 PM | Eclipse End - 08:43 PM,20,2026-08-12,grahana_engine.py,GRAHANA_V2_2_CITY_CONTEXT_THEN_DISCOVERY_URL,APPROVED,2026-08-22T21:30:45-04:00,grahana_messages.csv
2026-08-12,geoname:4167147,geoname:4167147|city:orlando,Orlando,Florida,United States,America/New_York,4167147,GRAHANA,Surya Grahan *Purna,GRAHANA_2026_08_SURYA_GRAHAN_PURNA,SURYA_GRAHANA,DRIK_LOCAL_GRAHANA_NOT_VISIBLE,NOT_APPLICABLE,Surya Grahan *Purna,Not Applicable - Eclipse is not locally visible; Sutak is not applicable.,,Surya Grahan *Purna. Not Applicable - Eclipse is not locally visible; Sutak is not applicable.,5,2026-08-12,grahana_engine.py,GRAHANA_V2_2_CITY_CONTEXT_THEN_DISCOVERY_URL,APPROVED,2026-08-22T21:30:45-04:00,grahana_messages.csv
2026-08-12,geoname:4174757,geoname:4174757|city:tampa,Tampa,Florida,United States,America/New_York,4174757,GRAHANA,Surya Grahan *Purna,GRAHANA_2026_08_SURYA_GRAHAN_PURNA,SURYA_GRAHANA,DRIK_LOCAL_GRAHANA_NOT_VISIBLE,NOT_APPLICABLE,Surya Grahan *Purna,Not Applicable - Eclipse is not locally visible; Sutak is not applicable.,,Surya Grahan *Purna. Not Applicable - Eclipse is not locally visible; Sutak is not applicable.,5,2026-08-12,grahana_engine.py,GRAHANA_V2_2_CITY_CONTEXT_THEN_DISCOVERY_URL,APPROVED,2026-08-22T21:30:45-04:00,grahana_messages.csv
2026-08-12,geoname:4180439,geoname:4180439|city:atlanta,Atlanta,Georgia,United States,America/New_York,4180439,GRAHANA,Surya Grahan *Purna,GRAHANA_2026_08_SURYA_GRAHAN_PURNA,SURYA_GRAHANA,DRIK_LOCAL_GRAHANA_NOT_VISIBLE,NOT_APPLICABLE,Surya Grahan *Purna,Not Applicable - Eclipse is not locally visible; Sutak is not applicable.,,Surya Grahan *Purna. Not Applicable - Eclipse is not locally visible; Sutak is not applicable.,5,2026-08-12,grahana_engine.py,GRAHANA_V2_2_CITY_CONTEXT_THEN_DISCOVERY_URL,APPROVED,2026-08-22T21:30:45-04:00,grahana_messages.csv
2026-08-12,geoname:4256038,geoname:4256038|city:columbus,Columbus,Indiana,United States,America/Indiana/Indianapolis,4256038,GRAHANA,Surya Grahan *Purna,GRAHANA_2026_08_SURYA_GRAHAN_PURNA,SURYA_GRAHANA,DRIK_LOCAL_GRAHANA_NOT_VISIBLE,NOT_APPLICABLE,Surya Grahan *Purna,Not Applicable - Eclipse is not locally visible; Sutak is not applicable.,,Surya Grahan *Purna. Not Applicable - Eclipse is not locally visible; Sutak is not applicable.,5,2026-08-12,grahana_engine.py,GRAHANA_V2_2_CITY_CONTEXT_THEN_DISCOVERY_URL,APPROVED,2026-08-22T21:30:45-04:00,grahana_messages.csv
2026-08-12,geoname:4347778,geoname:4347778|city:baltimore,Baltimore,Maryland,United States,America/New_York,4347778,GRAHANA,Surya Grahan *Purna,GRAHANA_2026_08_SURYA_GRAHAN_PURNA,SURYA_GRAHANA,DRIK_LOCAL_GRAHANA_VISIBLE,OBSERVANCE,Surya Grahan *Purna,Sutak Begins - 01:12 AM | Sutak Ends - 02:28 PM | Eclipse Start - 01:15 PM | Eclipse End - 02:28 PM,,Surya Grahan *Purna. Sutak Begins - 01:12 AM | Sutak Ends - 02:28 PM | Eclipse Start - 01:15 PM | Eclipse End - 02:28 PM,20,2026-08-12,grahana_engine.py,GRAHANA_V2_2_CITY_CONTEXT_THEN_DISCOVERY_URL,APPROVED,2026-08-22T21:30:45-04:00,grahana_messages.csv
2026-08-12,geoname:4460243,geoname:4460243|city:charlotte,Charlotte,North Carolina,United States,America/New_York,4460243,GRAHANA,Surya Grahan *Purna,GRAHANA_2026_08_SURYA_GRAHAN_PURNA,SURYA_GRAHANA,DRIK_LOCAL_GRAHANA_NOT_VISIBLE,NOT_APPLICABLE,Surya Grahan *Purna,Not Applicable - Eclipse is not locally visible; Sutak is not applicable.,,Surya Grahan *Purna. Not Applicable - Eclipse is not locally visible; Sutak is not applicable.,5,2026-08-12,grahana_engine.py,GRAHANA_V2_2_CITY_CONTEXT_THEN_DISCOVERY_URL,APPROVED,2026-08-22T21:30:45-04:00,grahana_messages.csv
2026-08-12,geoname:4487042,geoname:4487042|city:raleigh,Raleigh,North Carolina,United States,America/New_York,4487042,GRAHANA,Surya Grahan *Purna,GRAHANA_2026_08_SURYA_GRAHAN_PURNA,SURYA_GRAHANA,DRIK_LOCAL_GRAHANA_NOT_VISIBLE,NOT_APPLICABLE,Surya Grahan *Purna,Not Applicable - Eclipse is not locally visible; Sutak is not applicable.,,Surya Grahan *Purna. Not Applicable - Eclipse is not locally visible; Sutak is not applicable.,5,2026-08-12,grahana_engine.py,GRAHANA_V2_2_CITY_CONTEXT_THEN_DISCOVERY_URL,APPROVED,2026-08-22T21:30:45-04:00,grahana_messages.csv
2026-08-12,geoname:4508722,geoname:4508722|city:cincinnati,Cincinnati,Ohio,United States,America/New_York,4508722,GRAHANA,Surya Grahan *Purna,GRAHANA_2026_08_SURYA_GRAHAN_PURNA,SURYA_GRAHANA,DRIK_LOCAL_GRAHANA_NOT_VISIBLE,NOT_APPLICABLE,Surya Grahan *Purna,Not Applicable - Eclipse is not locally visible; Sutak is not applicable.,,Surya Grahan *Purna. Not Applicable - Eclipse is not locally visible; Sutak is not applicable.,5,2026-08-12,grahana_engine.py,GRAHANA_V2_2_CITY_CONTEXT_THEN_DISCOVERY_URL,APPROVED,2026-08-22T21:30:45-04:00,grahana_messages.csv
2026-08-12,geoname:4509177,geoname:4509177|city:columbus,Columbus,Ohio,United States,America/New_York,4509177,GRAHANA,Surya Grahan *Purna,GRAHANA_2026_08_SURYA_GRAHAN_PURNA,SURYA_GRAHANA,DRIK_LOCAL_GRAHANA_VISIBLE,OBSERVANCE,Surya Grahan *Purna,"Sutak Begins - 11:06 PM, Aug 11 | Sutak Ends - 01:58 PM | Eclipse Start - 01:21 PM | Eclipse End - 01:58 PM",,"Surya Grahan *Purna. Sutak Begins - 11:06 PM, Aug 11 | Sutak Ends - 01:58 PM | Eclipse Start - 01:21 PM | Eclipse End - 01:58 PM",20,2026-08-12,grahana_engine.py,GRAHANA_V2_2_CITY_CONTEXT_THEN_DISCOVERY_URL,APPROVED,2026-08-22T21:30:45-04:00,grahana_messages.csv
2026-08-12,geoname:4560349,geoname:4560349|city:philadelphia,Philadelphia,Pennsylvania,United States,America/New_York,4560349,GRAHANA,Surya Grahan *Purna,GRAHANA_2026_08_SURYA_GRAHAN_PURNA,SURYA_GRAHANA,DRIK_LOCAL_GRAHANA_VISIBLE,OBSERVANCE,Surya Grahan *Purna,Sutak Begins - 01:06 AM | Sutak Ends - 02:34 PM | Eclipse Start - 01:11 PM | Eclipse End - 02:34 PM,,Surya Grahan *Purna. Sutak Begins - 01:06 AM | Sutak Ends - 02:34 PM | Eclipse Start - 01:11 PM | Eclipse End - 02:34 PM,20,2026-08-12,grahana_engine.py,GRAHANA_V2_2_CITY_CONTEXT_THEN_DISCOVERY_URL,APPROVED,2026-08-22T21:30:45-04:00,grahana_messages.csv
2026-08-12,geoname:4634946,geoname:4634946|city:knoxville,Knoxville,Tennessee,United States,America/New_York,4634946,GRAHANA,Surya Grahan *Purna,GRAHANA_2026_08_SURYA_GRAHAN_PURNA,SURYA_GRAHANA,DRIK_LOCAL_GRAHANA_NOT_VISIBLE,NOT_APPLICABLE,Surya Grahan *Purna,Not Applicable - Eclipse is not locally visible; Sutak is not applicable.,,Surya Grahan *Purna. Not Applicable - Eclipse is not locally visible; Sutak is not applicable.,5,2026-08-12,grahana_engine.py,GRAHANA_V2_2_CITY_CONTEXT_THEN_DISCOVERY_URL,APPROVED,2026-08-22T21:30:45-04:00,grahana_messages.csv
2026-08-12,geoname:4644585,geoname:4644585|city:nashville,Nashville,Tennessee,United States,America/Chicago,4644585,GRAHANA,Surya Grahan *Purna,GRAHANA_2026_08_SURYA_GRAHAN_PURNA,SURYA_GRAHANA,DRIK_LOCAL_GRAHANA_NOT_VISIBLE,NOT_APPLICABLE,Surya Grahan *Purna,Not Applicable - Eclipse is not locally visible; Sutak is not applicable.,,Surya Grahan *Purna. Not Applicable - Eclipse is not locally visible; Sutak is not applicable.,5,2026-08-12,grahana_engine.py,GRAHANA_V2_2_CITY_CONTEXT_THEN_DISCOVERY_URL,APPROVED,2026-08-22T21:30:45-04:00,grahana_messages.csv
2026-08-12,geoname:4684888,geoname:4684888|city:dallas,Dallas,Texas,United States,America/Chicago,4684888,GRAHANA,Surya Grahan *Purna,GRAHANA_2026_08_SURYA_GRAHAN_PURNA,SURYA_GRAHANA,DRIK_LOCAL_GRAHANA_NOT_VISIBLE,NOT_APPLICABLE,Surya Grahan *Purna,Not Applicable - Eclipse is not locally visible; Sutak is not applicable.,,Surya Grahan *Purna. Not Applicable - Eclipse is not locally visible; Sutak is not applicable.,5,2026-08-12,grahana_engine.py,GRAHANA_V2_2_CITY_CONTEXT_THEN_DISCOVERY_URL,APPROVED,2026-08-22T21:30:45-04:00,grahana_messages.csv
2026-08-12,geoname:4699066,geoname:4699066|city:houston,Houston,Texas,United States,America/Chicago,4699066,GRAHANA,Surya Grahan *Purna,GRAHANA_2026_08_SURYA_GRAHAN_PURNA,SURYA_GRAHANA,DRIK_LOCAL_GRAHANA_NOT_VISIBLE,NOT_APPLICABLE,Surya Grahan *Purna,Not Applicable - Eclipse is not locally visible; Sutak is not applicable.,,Surya Grahan *Purna. Not Applicable - Eclipse is not locally visible; Sutak is not applicable.,5,2026-08-12,grahana_engine.py,GRAHANA_V2_2_CITY_CONTEXT_THEN_DISCOVERY_URL,APPROVED,2026-08-22T21:30:45-04:00,grahana_messages.csv
2026-08-12,geoname:4781708,geoname:4781708|city:richmond,Richmond,Virginia,United States,America/New_York,4781708,GRAHANA,Surya Grahan *Purna,GRAHANA_2026_08_SURYA_GRAHAN_PURNA,SURYA_GRAHANA,DRIK_LOCAL_GRAHANA_VISIBLE,OBSERVANCE,Surya Grahan *Purna,Sutak Begins - 01:15 AM | Sutak Ends - 02:21 PM | Eclipse Start - 01:27 PM | Eclipse End - 02:21 PM,,Surya Grahan *Purna. Sutak Begins - 01:15 AM | Sutak Ends - 02:21 PM | Eclipse Start - 01:27 PM | Eclipse End - 02:21 PM,20,2026-08-12,grahana_engine.py,GRAHANA_V2_2_CITY_CONTEXT_THEN_DISCOVERY_URL,APPROVED,2026-08-22T21:30:45-04:00,grahana_messages.csv
2026-08-12,geoname:4887398,geoname:4887398|city:chicago,Chicago,Illinois,United States,America/Chicago,4887398,GRAHANA,Surya Grahan *Purna,GRAHANA_2026_08_SURYA_GRAHAN_PURNA,SURYA_GRAHANA,DRIK_LOCAL_GRAHANA_VISIBLE,OBSERVANCE,Surya Grahan *Purna,"Sutak Begins - 10:26 PM, Aug 11 | Sutak Ends - 12:37 PM | Eclipse Start - 12:18 PM | Eclipse End - 12:37 PM",,"Surya Grahan *Purna. Sutak Begins - 10:26 PM, Aug 11 | Sutak Ends - 12:37 PM | Eclipse Start - 12:18 PM | Eclipse End - 12:37 PM",20,2026-08-12,grahana_engine.py,GRAHANA_V2_2_CITY_CONTEXT_THEN_DISCOVERY_URL,APPROVED,2026-08-22T21:30:45-04:00,grahana_messages.csv
2026-08-12,geoname:4922462,geoname:4922462|city:lafayette,Lafayette,Indiana,United States,America/Indiana/Indianapolis,4922462,GRAHANA,Surya Grahan *Purna,GRAHANA_2026_08_SURYA_GRAHAN_PURNA,SURYA_GRAHANA,DRIK_LOCAL_GRAHANA_NOT_VISIBLE,NOT_APPLICABLE,Surya Grahan *Purna,Not Applicable - Eclipse is not locally visible; Sutak is not applicable.,,Surya Grahan *Purna. Not Applicable - Eclipse is not locally visible; Sutak is not applicable.,5,2026-08-12,grahana_engine.py,GRAHANA_V2_2_CITY_CONTEXT_THEN_DISCOVERY_URL,APPROVED,2026-08-22T21:30:45-04:00,grahana_messages.csv
2026-08-12,geoname:5099836,geoname:5099836|city:new_jersey,New Jersey,New Jersey,United States,America/New_York,5099836,GRAHANA,Surya Grahan *Purna,GRAHANA_2026_08_SURYA_GRAHAN_PURNA,SURYA_GRAHANA,DRIK_LOCAL_GRAHANA_VISIBLE,OBSERVANCE,Surya Grahan *Purna,Sutak Begins - 01:02 AM | Sutak Ends - 02:38 PM | Eclipse Start - 01:07 PM | Eclipse End - 02:38 PM,,Surya Grahan *Purna. Sutak Begins - 01:02 AM | Sutak Ends - 02:38 PM | Eclipse Start - 01:07 PM | Eclipse End - 02:38 PM,20,2026-08-12,grahana_engine.py,GRAHANA_V2_2_CITY_CONTEXT_THEN_DISCOVERY_URL,APPROVED,2026-08-22T21:30:45-04:00,grahana_messages.csv
2026-08-12,geoname:5108728,geoname:5108728|city:belfast,Belfast,New York,United States,America/New_York,5108728,GRAHANA,Surya Grahan *Purna,GRAHANA_2026_08_SURYA_GRAHAN_PURNA,SURYA_GRAHANA,DRIK_LOCAL_GRAHANA_VISIBLE,OBSERVANCE,Surya Grahan *Purna,"Sutak Begins - 10:48 PM, Aug 11 | Sutak Ends - 02:26 PM | Eclipse Start - 01:01 PM | Eclipse End - 02:26 PM",,"Surya Grahan *Purna. Sutak Begins - 10:48 PM, Aug 11 | Sutak Ends - 02:26 PM | Eclipse Start - 01:01 PM | Eclipse End - 02:26 PM",20,2026-08-12,grahana_engine.py,GRAHANA_V2_2_CITY_CONTEXT_THEN_DISCOVERY_URL,APPROVED,2026-08-22T21:30:45-04:00,grahana_messages.csv
2026-08-12,geoname:5110629,geoname:5110629|city:buffalo,Buffalo,New York,United States,America/New_York,5110629,GRAHANA,Surya Grahan *Purna,GRAHANA_2026_08_SURYA_GRAHAN_PURNA,SURYA_GRAHANA,DRIK_LOCAL_GRAHANA_VISIBLE,OBSERVANCE,Surya Grahan *Purna,"Sutak Begins - 10:52 PM, Aug 11 | Sutak Ends - 02:23 PM | Eclipse Start - 12:58 PM | Eclipse End - 02:23 PM",,"Surya Grahan *Purna. Sutak Begins - 10:52 PM, Aug 11 | Sutak Ends - 02:23 PM | Eclipse Start - 12:58 PM | Eclipse End - 02:23 PM",20,2026-08-12,grahana_engine.py,GRAHANA_V2_2_CITY_CONTEXT_THEN_DISCOVERY_URL,APPROVED,2026-08-22T21:30:45-04:00,grahana_messages.csv
2026-08-12,geoname:5119251,geoname:5119251|city:greece,Greece,New York,United States,America/New_York,5119251,GRAHANA,Surya Grahan *Purna,GRAHANA_2026_08_SURYA_GRAHAN_PURNA,SURYA_GRAHANA,DRIK_LOCAL_GRAHANA_VISIBLE,OBSERVANCE,Surya Grahan *Purna,"Sutak Begins - 10:48 PM, Aug 11 | Sutak Ends - 02:27 PM | Eclipse Start - 12:57 PM | Eclipse End - 02:27 PM",,"Surya Grahan *Purna. Sutak Begins - 10:48 PM, Aug 11 | Sutak Ends - 02:27 PM | Eclipse Start - 12:57 PM | Eclipse End - 02:27 PM",20,2026-08-12,grahana_engine.py,GRAHANA_V2_2_CITY_CONTEXT_THEN_DISCOVERY_URL,APPROVED,2026-08-22T21:30:45-04:00,grahana_messages.csv
2026-08-12,geoname:5128581,geoname:5128581|city:new_york,New York,New York,United States,America/New_York,5128581,GRAHANA,Surya Grahan *Purna,GRAHANA_2026_08_SURYA_GRAHAN_PURNA,SURYA_GRAHANA,DRIK_LOCAL_GRAHANA_VISIBLE,OBSERVANCE,Surya Grahan *Purna,Sutak Begins - 01:01 AM | Sutak Ends - 02:38 PM | Eclipse Start - 01:07 PM | Eclipse End - 02:38 PM,,Surya Grahan *Purna. Sutak Begins - 01:01 AM | Sutak Ends - 02:38 PM | Eclipse Start - 01:07 PM | Eclipse End - 02:38 PM,20,2026-08-12,grahana_engine.py,GRAHANA_V2_2_CITY_CONTEXT_THEN_DISCOVERY_URL,APPROVED,2026-08-22T21:30:45-04:00,grahana_messages.csv
2026-08-12,geoname:5131614,geoname:5131614|city:pittsford,Pittsford,New York,United States,America/New_York,5131614,GRAHANA,Surya Grahan *Purna,GRAHANA_2026_08_SURYA_GRAHAN_PURNA,SURYA_GRAHANA,DRIK_LOCAL_GRAHANA_VISIBLE,OBSERVANCE,Surya Grahan *Purna,"Sutak Begins - 10:47 PM, Aug 11 | Sutak Ends - 02:28 PM | Eclipse Start - 12:57 PM | Eclipse End - 02:28 PM",,"Surya Grahan *Purna. Sutak Begins - 10:47 PM, Aug 11 | Sutak Ends - 02:28 PM | Eclipse Start - 12:57 PM | Eclipse End - 02:28 PM",20,2026-08-12,grahana_engine.py,GRAHANA_V2_2_CITY_CONTEXT_THEN_DISCOVERY_URL,APPROVED,2026-08-22T21:30:45-04:00,grahana_messages.csv
2026-08-12,geoname:5134086,geoname:5134086|city:rochester,Rochester,New York,United States,America/New_York,5134086,GRAHANA,Surya Grahan *Purna,GRAHANA_2026_08_SURYA_GRAHAN_PURNA,SURYA_GRAHANA,DRIK_LOCAL_GRAHANA_VISIBLE,OBSERVANCE,Surya Grahan *Purna,"Sutak Begins - 10:47 PM, Aug 11 | Sutak Ends - 02:28 PM | Eclipse Start - 12:57 PM | Eclipse End - 02:28 PM",,"Surya Grahan *Purna. Sutak Begins - 10:47 PM, Aug 11 | Sutak Ends - 02:28 PM | Eclipse Start - 12:57 PM | Eclipse End - 02:28 PM",20,2026-08-12,grahana_engine.py,GRAHANA_V2_2_CITY_CONTEXT_THEN_DISCOVERY_URL,APPROVED,2026-08-22T21:30:45-04:00,grahana_messages.csv
2026-08-12,geoname:5139865,geoname:5139865|city:stonybrook,Stonybrook,New York,United States,America/New_York,5139865,GRAHANA,Surya Grahan *Purna,GRAHANA_2026_08_SURYA_GRAHAN_PURNA,SURYA_GRAHANA,DRIK_LOCAL_GRAHANA_VISIBLE,OBSERVANCE,Surya Grahan *Purna,Sutak Begins - 12:58 AM | Sutak Ends - 02:40 PM | Eclipse Start - 01:06 PM | Eclipse End - 02:40 PM,,Surya Grahan *Purna. Sutak Begins - 12:58 AM | Sutak Ends - 02:40 PM | Eclipse Start - 01:06 PM | Eclipse End - 02:40 PM,20,2026-08-12,grahana_engine.py,GRAHANA_V2_2_CITY_CONTEXT_THEN_DISCOVERY_URL,APPROVED,2026-08-22T21:30:45-04:00,grahana_messages.csv
2026-08-12,geoname:5140405,geoname:5140405|city:syracuse,Syracuse,New York,United States,America/New_York,5140405,GRAHANA,Surya Grahan *Purna,GRAHANA_2026_08_SURYA_GRAHAN_PURNA,SURYA_GRAHANA,DRIK_LOCAL_GRAHANA_VISIBLE,OBSERVANCE,Surya Grahan *Purna,"Sutak Begins - 10:41 PM, Aug 11 | Sutak Ends - 02:32 PM | Eclipse Start - 12:58 PM | Eclipse End - 02:32 PM",,"Surya Grahan *Purna. Sutak Begins - 10:41 PM, Aug 11 | Sutak Ends - 02:32 PM | Eclipse Start - 12:58 PM | Eclipse End - 02:32 PM",20,2026-08-12,grahana_engine.py,GRAHANA_V2_2_CITY_CONTEXT_THEN_DISCOVERY_URL,APPROVED,2026-08-22T21:30:45-04:00,grahana_messages.csv
2026-08-12,geoname:5150529,geoname:5150529|city:cleveland,Cleveland,Ohio,United States,America/New_York,5150529,GRAHANA,Surya Grahan *Purna,GRAHANA_2026_08_SURYA_GRAHAN_PURNA,SURYA_GRAHANA,DRIK_LOCAL_GRAHANA_VISIBLE,OBSERVANCE,Surya Grahan *Purna,"Sutak Begins - 11:02 PM, Aug 11 | Sutak Ends - 02:11 PM | Eclipse Start - 01:07 PM | Eclipse End - 02:11 PM",,"Surya Grahan *Purna. Sutak Begins - 11:02 PM, Aug 11 | Sutak Ends - 02:11 PM | Eclipse Start - 01:07 PM | Eclipse End - 02:11 PM",20,2026-08-12,grahana_engine.py,GRAHANA_V2_2_CITY_CONTEXT_THEN_DISCOVERY_URL,APPROVED,2026-08-22T21:30:45-04:00,grahana_messages.csv
2026-08-12,geoname:5308655,geoname:5308655|city:phoenix,Phoenix,Arizona,United States,America/Phoenix,5308655,GRAHANA,Surya Grahan *Purna,GRAHANA_2026_08_SURYA_GRAHAN_PURNA,SURYA_GRAHANA,DRIK_LOCAL_GRAHANA_NOT_VISIBLE,NOT_APPLICABLE,Surya Grahan *Purna,Not Applicable - Eclipse is not locally visible; Sutak is not applicable.,,Surya Grahan *Purna. Not Applicable - Eclipse is not locally visible; Sutak is not applicable.,5,2026-08-12,grahana_engine.py,GRAHANA_V2_2_CITY_CONTEXT_THEN_DISCOVERY_URL,APPROVED,2026-08-22T21:30:45-04:00,grahana_messages.csv
2026-08-12,geoname:5368361,geoname:5368361|city:los_angeles,Los Angeles,California,United States,America/Los_Angeles,5368361,GRAHANA,Surya Grahan *Purna,GRAHANA_2026_08_SURYA_GRAHAN_PURNA,SURYA_GRAHANA,DRIK_LOCAL_GRAHANA_NOT_VISIBLE,NOT_APPLICABLE,Surya Grahan *Purna,Not Applicable - Eclipse is not locally visible; Sutak is not applicable.,,Surya Grahan *Purna. Not Applicable - Eclipse is not locally visible; Sutak is not applicable.,5,2026-08-12,grahana_engine.py,GRAHANA_V2_2_CITY_CONTEXT_THEN_DISCOVERY_URL,APPROVED,2026-08-22T21:30:45-04:00,grahana_messages.csv
2026-08-12,geoname:5383527,geoname:5383527|city:placentia,Placentia,California,United States,America/Los_Angeles,5383527,GRAHANA,Surya Grahan *Purna,GRAHANA_2026_08_SURYA_GRAHAN_PURNA,SURYA_GRAHANA,DRIK_LOCAL_GRAHANA_NOT_VISIBLE,NOT_APPLICABLE,Surya Grahan *Purna,Not Applicable - Eclipse is not locally visible; Sutak is not applicable.,,Surya Grahan *Purna. Not Applicable - Eclipse is not locally visible; Sutak is not applicable.,5,2026-08-12,grahana_engine.py,GRAHANA_V2_2_CITY_CONTEXT_THEN_DISCOVERY_URL,APPROVED,2026-08-22T21:30:45-04:00,grahana_messages.csv
2026-08-12,geoname:5391959,geoname:5391959|city:san_francisco,San Francisco,California,United States,America/Los_Angeles,5391959,GRAHANA,Surya Grahan *Purna,GRAHANA_2026_08_SURYA_GRAHAN_PURNA,SURYA_GRAHANA,DRIK_LOCAL_GRAHANA_NOT_VISIBLE,NOT_APPLICABLE,Surya Grahan *Purna,Not Applicable - Eclipse is not locally visible; Sutak is not applicable.,,Surya Grahan *Purna. Not Applicable - Eclipse is not locally visible; Sutak is not applicable.,5,2026-08-12,grahana_engine.py,GRAHANA_V2_2_CITY_CONTEXT_THEN_DISCOVERY_URL,APPROVED,2026-08-22T21:30:45-04:00,grahana_messages.csv
2026-08-12,geoname:5809844,geoname:5809844|city:seattle,Seattle,Washington,United States,America/Los_Angeles,5809844,GRAHANA,Surya Grahan *Purna,GRAHANA_2026_08_SURYA_GRAHAN_PURNA,SURYA_GRAHANA,DRIK_LOCAL_GRAHANA_NOT_VISIBLE,NOT_APPLICABLE,Surya Grahan *Purna,Not Applicable - Eclipse is not locally visible; Sutak is not applicable.,,Surya Grahan *Purna. Not Applicable - Eclipse is not locally visible; Sutak is not applicable.,5,2026-08-12,grahana_engine.py,GRAHANA_V2_2_CITY_CONTEXT_THEN_DISCOVERY_URL,APPROVED,2026-08-22T21:30:45-04:00,grahana_messages.csv
2026-08-12,geoname:6173331,geoname:6173331|city:vancouver,Vancouver,British Columbia,Canada,America/Los_Angeles,6173331,GRAHANA,Surya Grahan *Purna,GRAHANA_2026_08_SURYA_GRAHAN_PURNA,SURYA_GRAHANA,DRIK_LOCAL_GRAHANA_NOT_VISIBLE,NOT_APPLICABLE,Surya Grahan *Purna,Not Applicable - Eclipse is not locally visible; Sutak is not applicable.,,Surya Grahan *Purna. Not Applicable - Eclipse is not locally visible; Sutak is not applicable.,5,2026-08-12,grahana_engine.py,GRAHANA_V2_2_CITY_CONTEXT_THEN_DISCOVERY_URL,APPROVED,2026-08-22T21:30:45-04:00,grahana_messages.csv
2026-08-12,geoname:6182962,geoname:6182962|city:windsor,Windsor,Ontario,Canada,America/New_York,6182962,GRAHANA,Surya Grahan *Purna,GRAHANA_2026_08_SURYA_GRAHAN_PURNA,SURYA_GRAHANA,DRIK_LOCAL_GRAHANA_VISIBLE,OBSERVANCE,Surya Grahan *Purna,"Sutak Begins - 11:08 PM, Aug 11 | Sutak Ends - 02:07 PM | Eclipse Start - 01:03 PM | Eclipse End - 02:07 PM",,"Surya Grahan *Purna. Sutak Begins - 11:08 PM, Aug 11 | Sutak Ends - 02:07 PM | Eclipse Start - 01:03 PM | Eclipse End - 02:07 PM",20,2026-08-12,grahana_engine.py,GRAHANA_V2_2_CITY_CONTEXT_THEN_DISCOVERY_URL,APPROVED,2026-08-22T21:30:45-04:00,grahana_messages.csv
2026-08-13,geoname:1269655,geoname:1269655|city:itanagar,Itanagar,Arunachal Pradesh,India,Asia/Kolkata,1269655,GRAHANA,Surya Grahan *Purna,GRAHANA_2026_08_SURYA_GRAHAN_PURNA,SURYA_GRAHANA,DRIK_LOCAL_GRAHANA_NOT_VISIBLE,NOT_APPLICABLE,Surya Grahan *Purna,Not Applicable - Eclipse is not locally visible; Sutak is not applicable.,,Surya Grahan *Purna. Not Applicable - Eclipse is not locally visible; Sutak is not applicable.,5,2026-08-13,grahana_engine.py,GRAHANA_V2_2_CITY_CONTEXT_THEN_DISCOVERY_URL,APPROVED,2026-08-22T21:30:45-04:00,grahana_messages.csv
2026-08-13,geoname:1269771,geoname:1269771|city:imphal,Imphal,Manipur,India,Asia/Kolkata,1269771,GRAHANA,Surya Grahan *Purna,GRAHANA_2026_08_SURYA_GRAHAN_PURNA,SURYA_GRAHANA,DRIK_LOCAL_GRAHANA_NOT_VISIBLE,NOT_APPLICABLE,Surya Grahan *Purna,Not Applicable - Eclipse is not locally visible; Sutak is not applicable.,,Surya Grahan *Purna. Not Applicable - Eclipse is not locally visible; Sutak is not applicable.,5,2026-08-13,grahana_engine.py,GRAHANA_V2_2_CITY_CONTEXT_THEN_DISCOVERY_URL,APPROVED,2026-08-22T21:30:45-04:00,grahana_messages.csv
2026-08-13,geoname:1272552,geoname:1272552|city:dimapur,Dimapur,Nagaland,India,Asia/Kolkata,1272552,GRAHANA,Surya Grahan *Purna,GRAHANA_2026_08_SURYA_GRAHAN_PURNA,SURYA_GRAHANA,DRIK_LOCAL_GRAHANA_NOT_VISIBLE,NOT_APPLICABLE,Surya Grahan *Purna,Not Applicable - Eclipse is not locally visible; Sutak is not applicable.,,Surya Grahan *Purna. Not Applicable - Eclipse is not locally visible; Sutak is not applicable.,5,2026-08-13,grahana_engine.py,GRAHANA_V2_2_CITY_CONTEXT_THEN_DISCOVERY_URL,APPROVED,2026-08-22T21:30:45-04:00,grahana_messages.csv
2026-08-13,geoname:1272648,geoname:1272648|city:dibrugarh,Dibrugarh,Assam,India,Asia/Kolkata,1272648,GRAHANA,Surya Grahan *Purna,GRAHANA_2026_08_SURYA_GRAHAN_PURNA,SURYA_GRAHANA,DRIK_LOCAL_GRAHANA_NOT_VISIBLE,NOT_APPLICABLE,Surya Grahan *Purna,Not Applicable - Eclipse is not locally visible; Sutak is not applicable.,,Surya Grahan *Purna. Not Applicable - Eclipse is not locally visible; Sutak is not applicable.,5,2026-08-13,grahana_engine.py,GRAHANA_V2_2_CITY_CONTEXT_THEN_DISCOVERY_URL,APPROVED,2026-08-22T21:30:45-04:00,grahana_messages.csv
2026-08-13,geoname:1835848,geoname:1835848|city:seoul,Seoul,Seoul,South Korea,Asia/Seoul,1835848,GRAHANA,Surya Grahan *Purna,GRAHANA_2026_08_SURYA_GRAHAN_PURNA,SURYA_GRAHANA,DRIK_LOCAL_GRAHANA_NOT_VISIBLE,NOT_APPLICABLE,Surya Grahan *Purna,Not Applicable - Eclipse is not locally visible; Sutak is not applicable.,,Surya Grahan *Purna. Not Applicable - Eclipse is not locally visible; Sutak is not applicable.,5,2026-08-13,grahana_engine.py,GRAHANA_V2_2_CITY_CONTEXT_THEN_DISCOVERY_URL,APPROVED,2026-08-22T21:30:45-04:00,grahana_messages.csv
2026-08-13,geoname:2063523,geoname:2063523|city:perth,Perth,Western Australia,Australia,Australia/Perth,2063523,GRAHANA,Surya Grahan *Purna,GRAHANA_2026_08_SURYA_GRAHAN_PURNA,SURYA_GRAHANA,DRIK_LOCAL_GRAHANA_NOT_VISIBLE,NOT_APPLICABLE,Surya Grahan *Purna,Not Applicable - Eclipse is not locally visible; Sutak is not applicable.,,Surya Grahan *Purna. Not Applicable - Eclipse is not locally visible; Sutak is not applicable.,5,2026-08-13,grahana_engine.py,GRAHANA_V2_2_CITY_CONTEXT_THEN_DISCOVERY_URL,APPROVED,2026-08-22T21:30:45-04:00,grahana_messages.csv
2026-08-13,geoname:2078025,geoname:2078025|city:adelaide,Adelaide,South Australia,Australia,Australia/Adelaide,2078025,GRAHANA,Surya Grahan *Purna,GRAHANA_2026_08_SURYA_GRAHAN_PURNA,SURYA_GRAHANA,DRIK_LOCAL_GRAHANA_NOT_VISIBLE,NOT_APPLICABLE,Surya Grahan *Purna,Not Applicable - Eclipse is not locally visible; Sutak is not applicable.,,Surya Grahan *Purna. Not Applicable - Eclipse is not locally visible; Sutak is not applicable.,5,2026-08-13,grahana_engine.py,GRAHANA_V2_2_CITY_CONTEXT_THEN_DISCOVERY_URL,APPROVED,2026-08-22T21:30:45-04:00,grahana_messages.csv
2026-08-13,geoname:2147714,geoname:2147714|city:sydney,Sydney,New South Wales,Australia,Australia/Sydney,2147714,GRAHANA,Surya Grahan *Purna,GRAHANA_2026_08_SURYA_GRAHAN_PURNA,SURYA_GRAHANA,DRIK_LOCAL_GRAHANA_NOT_VISIBLE,NOT_APPLICABLE,Surya Grahan *Purna,Not Applicable - Eclipse is not locally visible; Sutak is not applicable.,,Surya Grahan *Purna. Not Applicable - Eclipse is not locally visible; Sutak is not applicable.,5,2026-08-13,grahana_engine.py,GRAHANA_V2_2_CITY_CONTEXT_THEN_DISCOVERY_URL,APPROVED,2026-08-22T21:30:45-04:00,grahana_messages.csv
2026-08-13,geoname:2158177,geoname:2158177|city:melbourne,Melbourne,Victoria,Australia,Australia/Melbourne,2158177,GRAHANA,Surya Grahan *Purna,GRAHANA_2026_08_SURYA_GRAHAN_PURNA,SURYA_GRAHANA,DRIK_LOCAL_GRAHANA_NOT_VISIBLE,NOT_APPLICABLE,Surya Grahan *Purna,Not Applicable - Eclipse is not locally visible; Sutak is not applicable.,,Surya Grahan *Purna. Not Applicable - Eclipse is not locally visible; Sutak is not applicable.,5,2026-08-13,grahana_engine.py,GRAHANA_V2_2_CITY_CONTEXT_THEN_DISCOVERY_URL,APPROVED,2026-08-22T21:30:45-04:00,grahana_messages.csv
2026-08-13,geoname:2172517,geoname:2172517|city:canberra,Canberra,Australian Capital Territory,Australia,Australia/Sydney,2172517,GRAHANA,Surya Grahan *Purna,GRAHANA_2026_08_SURYA_GRAHAN_PURNA,SURYA_GRAHANA,DRIK_LOCAL_GRAHANA_NOT_VISIBLE,NOT_APPLICABLE,Surya Grahan *Purna,Not Applicable - Eclipse is not locally visible; Sutak is not applicable.,,Surya Grahan *Purna. Not Applicable - Eclipse is not locally visible; Sutak is not applicable.,5,2026-08-13,grahana_engine.py,GRAHANA_V2_2_CITY_CONTEXT_THEN_DISCOVERY_URL,APPROVED,2026-08-22T21:30:45-04:00,grahana_messages.csv
2026-08-13,geoname:2174003,geoname:2174003|city:brisbane,Brisbane,Queensland,Australia,Australia/Brisbane,2174003,GRAHANA,Surya Grahan *Purna,GRAHANA_2026_08_SURYA_GRAHAN_PURNA,SURYA_GRAHANA,DRIK_LOCAL_GRAHANA_NOT_VISIBLE,NOT_APPLICABLE,Surya Grahan *Purna,Not Applicable - Eclipse is not locally visible; Sutak is not applicable.,,Surya Grahan *Purna. Not Applicable - Eclipse is not locally visible; Sutak is not applicable.,5,2026-08-13,grahana_engine.py,GRAHANA_V2_2_CITY_CONTEXT_THEN_DISCOVERY_URL,APPROVED,2026-08-22T21:30:45-04:00,grahana_messages.csv
2026-08-13,geoname:2179537,geoname:2179537|city:wellington,Wellington,Wellington,New Zealand,Pacific/Auckland,2179537,GRAHANA,Surya Grahan *Purna,GRAHANA_2026_08_SURYA_GRAHAN_PURNA,SURYA_GRAHANA,DRIK_LOCAL_GRAHANA_NOT_VISIBLE,NOT_APPLICABLE,Surya Grahan *Purna,Not Applicable - Eclipse is not locally visible; Sutak is not applicable.,,Surya Grahan *Purna. Not Applicable - Eclipse is not locally visible; Sutak is not applicable.,5,2026-08-13,grahana_engine.py,GRAHANA_V2_2_CITY_CONTEXT_THEN_DISCOVERY_URL,APPROVED,2026-08-22T21:30:45-04:00,grahana_messages.csv
2026-08-13,geoname:2192362,geoname:2192362|city:christchurch,Christchurch,Canterbury,New Zealand,Pacific/Auckland,2192362,GRAHANA,Surya Grahan *Purna,GRAHANA_2026_08_SURYA_GRAHAN_PURNA,SURYA_GRAHANA,DRIK_LOCAL_GRAHANA_NOT_VISIBLE,NOT_APPLICABLE,Surya Grahan *Purna,Not Applicable - Eclipse is not locally visible; Sutak is not applicable.,,Surya Grahan *Purna. Not Applicable - Eclipse is not locally visible; Sutak is not applicable.,5,2026-08-13,grahana_engine.py,GRAHANA_V2_2_CITY_CONTEXT_THEN_DISCOVERY_URL,APPROVED,2026-08-22T21:30:45-04:00,grahana_messages.csv
2026-08-13,geoname:2193733,geoname:2193733|city:auckland,Auckland,Auckland,New Zealand,Pacific/Auckland,2193733,GRAHANA,Surya Grahan *Purna,GRAHANA_2026_08_SURYA_GRAHAN_PURNA,SURYA_GRAHANA,DRIK_LOCAL_GRAHANA_NOT_VISIBLE,NOT_APPLICABLE,Surya Grahan *Purna,Not Applicable - Eclipse is not locally visible; Sutak is not applicable.,,Surya Grahan *Purna. Not Applicable - Eclipse is not locally visible; Sutak is not applicable.,5,2026-08-13,grahana_engine.py,GRAHANA_V2_2_CITY_CONTEXT_THEN_DISCOVERY_URL,APPROVED,2026-08-22T21:30:45-04:00,grahana_messages.csv
2026-08-16,geoname:4167147,geoname:4167147|city:orlando,Orlando,Florida,United States,America/New_York,4167147,NAG_PANCHAMI,Nag Panchami,NAG_PANCHAMI_2026_08_NAG_PANCHAMI,STANDARD_MONTH_FESTIVAL,MONTH_PANCHANG_DISCOVERY_DATE,OBSERVANCE,Nag Panchami,,,Nag Panchami is observed today.,20,2026-08-16,standard_festival_engine.py,NAG_PANCHAMI_V2_0_DISCOVERY_EVIDENCE,APPROVED,2026-08-22T21:30:45-04:00,nag_panchami_messages.csv
2026-08-16,geoname:4167147,geoname:4167147|city:orlando,Orlando,Florida,United States,America/New_York,4167147,SANKRAMANA,Simha Sankranti,SANKRAMANA_2026_08_SIMHA_SANKRANTI,SANKRAMANA,DRIK_SANKRAMANA_DETAIL,OBSERVANCE,Simha Sankranti,Simha Sankranti Moment - 10:34 PM | Simha Sankranti Punya Kala - 01:30 PM to 08:04 PM | Simha Sankranti Maha Punya Kala - 05:52 PM to 08:04 PM,,Simha Sankranti. Simha Sankranti Moment - 10:34 PM | Simha Sankranti Punya Kala - 01:30 PM to 08:04 PM | Simha Sankranti Maha Punya Kala - 05:52 PM to 08:04 PM,20,2026-08-16,sankramana_engine.py,SANKRAMANA_V2_1_CITY_CONTEXT_THEN_DISCOVERY_URL,APPROVED,2026-08-22T21:30:45-04:00,sankramana_messages.csv
2026-08-16,geoname:4174757,geoname:4174757|city:tampa,Tampa,Florida,United States,America/New_York,4174757,NAG_PANCHAMI,Nag Panchami,NAG_PANCHAMI_2026_08_NAG_PANCHAMI,STANDARD_MONTH_FESTIVAL,MONTH_PANCHANG_DISCOVERY_DATE,OBSERVANCE,Nag Panchami,,,Nag Panchami is observed today.,20,2026-08-16,standard_festival_engine.py,NAG_PANCHAMI_V2_0_DISCOVERY_EVIDENCE,APPROVED,2026-08-22T21:30:45-04:00,nag_panchami_messages.csv
2026-08-16,geoname:4174757,geoname:4174757|city:tampa,Tampa,Florida,United States,America/New_York,4174757,SANKRAMANA,Simha Sankranti,SANKRAMANA_2026_08_SIMHA_SANKRANTI,SANKRAMANA,DRIK_SANKRAMANA_DETAIL,OBSERVANCE,Simha Sankranti,Simha Sankranti Moment - 10:34 PM | Simha Sankranti Punya Kala - 01:34 PM to 08:07 PM | Simha Sankranti Maha Punya Kala - 05:56 PM to 08:07 PM,,Simha Sankranti. Simha Sankranti Moment - 10:34 PM | Simha Sankranti Punya Kala - 01:34 PM to 08:07 PM | Simha Sankranti Maha Punya Kala - 05:56 PM to 08:07 PM,20,2026-08-16,sankramana_engine.py,SANKRAMANA_V2_1_CITY_CONTEXT_THEN_DISCOVERY_URL,APPROVED,2026-08-22T21:30:45-04:00,sankramana_messages.csv
2026-08-16,geoname:4180439,geoname:4180439|city:atlanta,Atlanta,Georgia,United States,America/New_York,4180439,NAG_PANCHAMI,Nag Panchami,NAG_PANCHAMI_2026_08_NAG_PANCHAMI,STANDARD_MONTH_FESTIVAL,MONTH_PANCHANG_DISCOVERY_DATE,OBSERVANCE,Nag Panchami,,,Nag Panchami is observed today.,20,2026-08-16,standard_festival_engine.py,NAG_PANCHAMI_V2_0_DISCOVERY_EVIDENCE,APPROVED,2026-08-22T21:30:45-04:00,nag_panchami_messages.csv
2026-08-16,geoname:4180439,geoname:4180439|city:atlanta,Atlanta,Georgia,United States,America/New_York,4180439,SANKRAMANA,Simha Sankranti,SANKRAMANA_2026_08_SIMHA_SANKRANTI,SANKRAMANA,DRIK_SANKRAMANA_DETAIL,OBSERVANCE,Simha Sankranti,Simha Sankranti Moment - 10:34 PM | Simha Sankranti Punya Kala - 01:42 PM to 08:23 PM | Simha Sankranti Maha Punya Kala - 06:09 PM to 08:23 PM,,Simha Sankranti. Simha Sankranti Moment - 10:34 PM | Simha Sankranti Punya Kala - 01:42 PM to 08:23 PM | Simha Sankranti Maha Punya Kala - 06:09 PM to 08:23 PM,20,2026-08-16,sankramana_engine.py,SANKRAMANA_V2_1_CITY_CONTEXT_THEN_DISCOVERY_URL,APPROVED,2026-08-22T21:30:45-04:00,sankramana_messages.csv
2026-08-16,geoname:4256038,geoname:4256038|city:columbus,Columbus,Indiana,United States,America/Indiana/Indianapolis,4256038,NAG_PANCHAMI,Nag Panchami,NAG_PANCHAMI_2026_08_NAG_PANCHAMI,STANDARD_MONTH_FESTIVAL,MONTH_PANCHANG_DISCOVERY_DATE,OBSERVANCE,Nag Panchami,,,Nag Panchami is observed today.,20,2026-08-16,standard_festival_engine.py,NAG_PANCHAMI_V2_0_DISCOVERY_EVIDENCE,APPROVED,2026-08-22T21:30:45-04:00,nag_panchami_messages.csv
2026-08-16,geoname:4256038,geoname:4256038|city:columbus,Columbus,Indiana,United States,America/Indiana/Indianapolis,4256038,SANKRAMANA,Simha Sankranti,SANKRAMANA_2026_08_SIMHA_SANKRANTI,SANKRAMANA,DRIK_SANKRAMANA_DETAIL,OBSERVANCE,Simha Sankranti,Simha Sankranti Moment - 10:34 PM | Simha Sankranti Punya Kala - 01:48 PM to 08:37 PM | Simha Sankranti Maha Punya Kala - 06:21 PM to 08:37 PM,,Simha Sankranti. Simha Sankranti Moment - 10:34 PM | Simha Sankranti Punya Kala - 01:48 PM to 08:37 PM | Simha Sankranti Maha Punya Kala - 06:21 PM to 08:37 PM,20,2026-08-16,sankramana_engine.py,SANKRAMANA_V2_1_CITY_CONTEXT_THEN_DISCOVERY_URL,APPROVED,2026-08-22T21:30:45-04:00,sankramana_messages.csv
2026-08-16,geoname:4347778,geoname:4347778|city:baltimore,Baltimore,Maryland,United States,America/New_York,4347778,NAG_PANCHAMI,Nag Panchami,NAG_PANCHAMI_2026_08_NAG_PANCHAMI,STANDARD_MONTH_FESTIVAL,MONTH_PANCHANG_DISCOVERY_DATE,OBSERVANCE,Nag Panchami,,,Nag Panchami is observed today.,20,2026-08-16,standard_festival_engine.py,NAG_PANCHAMI_V2_0_DISCOVERY_EVIDENCE,APPROVED,2026-08-22T21:30:45-04:00,nag_panchami_messages.csv
2026-08-16,geoname:4347778,geoname:4347778|city:baltimore,Baltimore,Maryland,United States,America/New_York,4347778,SANKRAMANA,Simha Sankranti,SANKRAMANA_2026_08_SIMHA_SANKRANTI,SANKRAMANA,DRIK_SANKRAMANA_DETAIL,OBSERVANCE,Simha Sankranti,Simha Sankranti Moment - 10:34 PM | Simha Sankranti Punya Kala - 01:10 PM to 08:00 PM | Simha Sankranti Maha Punya Kala - 05:44 PM to 08:00 PM,,Simha Sankranti. Simha Sankranti Moment - 10:34 PM | Simha Sankranti Punya Kala - 01:10 PM to 08:00 PM | Simha Sankranti Maha Punya Kala - 05:44 PM to 08:00 PM,20,2026-08-16,sankramana_engine.py,SANKRAMANA_V2_1_CITY_CONTEXT_THEN_DISCOVERY_URL,APPROVED,2026-08-22T21:30:45-04:00,sankramana_messages.csv
2026-08-16,geoname:4460243,geoname:4460243|city:charlotte,Charlotte,North Carolina,United States,America/New_York,4460243,NAG_PANCHAMI,Nag Panchami,NAG_PANCHAMI_2026_08_NAG_PANCHAMI,STANDARD_MONTH_FESTIVAL,MONTH_PANCHANG_DISCOVERY_DATE,OBSERVANCE,Nag Panchami,,,Nag Panchami is observed today.,20,2026-08-16,standard_festival_engine.py,NAG_PANCHAMI_V2_0_DISCOVERY_EVIDENCE,APPROVED,2026-08-22T21:30:45-04:00,nag_panchami_messages.csv
2026-08-16,geoname:4460243,geoname:4460243|city:charlotte,Charlotte,North Carolina,United States,America/New_York,4460243,SANKRAMANA,Simha Sankranti,SANKRAMANA_2026_08_SIMHA_SANKRANTI,SANKRAMANA,DRIK_SANKRAMANA_DETAIL,OBSERVANCE,Simha Sankranti,Simha Sankranti Moment - 10:34 PM | Simha Sankranti Punya Kala - 01:27 PM to 08:11 PM | Simha Sankranti Maha Punya Kala - 05:56 PM to 08:11 PM,,Simha Sankranti. Simha Sankranti Moment - 10:34 PM | Simha Sankranti Punya Kala - 01:27 PM to 08:11 PM | Simha Sankranti Maha Punya Kala - 05:56 PM to 08:11 PM,20,2026-08-16,sankramana_engine.py,SANKRAMANA_V2_1_CITY_CONTEXT_THEN_DISCOVERY_URL,APPROVED,2026-08-22T21:30:45-04:00,sankramana_messages.csv
2026-08-16,geoname:4487042,geoname:4487042|city:raleigh,Raleigh,North Carolina,United States,America/New_York,4487042,NAG_PANCHAMI,Nag Panchami,NAG_PANCHAMI_2026_08_NAG_PANCHAMI,STANDARD_MONTH_FESTIVAL,MONTH_PANCHANG_DISCOVERY_DATE,OBSERVANCE,Nag Panchami,,,Nag Panchami is observed today.,20,2026-08-16,standard_festival_engine.py,NAG_PANCHAMI_V2_0_DISCOVERY_EVIDENCE,APPROVED,2026-08-22T21:30:45-04:00,nag_panchami_messages.csv
2026-08-16,geoname:4487042,geoname:4487042|city:raleigh,Raleigh,North Carolina,United States,America/New_York,4487042,SANKRAMANA,Simha Sankranti,SANKRAMANA_2026_08_SIMHA_SANKRANTI,SANKRAMANA,DRIK_SANKRAMANA_DETAIL,OBSERVANCE,Simha Sankranti,Simha Sankranti Moment - 10:34 PM | Simha Sankranti Punya Kala - 01:19 PM to 08:03 PM | Simha Sankranti Maha Punya Kala - 05:48 PM to 08:03 PM,,Simha Sankranti. Simha Sankranti Moment - 10:34 PM | Simha Sankranti Punya Kala - 01:19 PM to 08:03 PM | Simha Sankranti Maha Punya Kala - 05:48 PM to 08:03 PM,20,2026-08-16,sankramana_engine.py,SANKRAMANA_V2_1_CITY_CONTEXT_THEN_DISCOVERY_URL,APPROVED,2026-08-22T21:30:45-04:00,sankramana_messages.csv
2026-08-16,geoname:4508722,geoname:4508722|city:cincinnati,Cincinnati,Ohio,United States,America/New_York,4508722,NAG_PANCHAMI,Nag Panchami,NAG_PANCHAMI_2026_08_NAG_PANCHAMI,STANDARD_MONTH_FESTIVAL,MONTH_PANCHANG_DISCOVERY_DATE,OBSERVANCE,Nag Panchami,,,Nag Panchami is observed today.,20,2026-08-16,standard_festival_engine.py,NAG_PANCHAMI_V2_0_DISCOVERY_EVIDENCE,APPROVED,2026-08-22T21:30:45-04:00,nag_panchami_messages.csv
2026-08-16,geoname:4508722,geoname:4508722|city:cincinnati,Cincinnati,Ohio,United States,America/New_York,4508722,SANKRAMANA,Simha Sankranti,SANKRAMANA_2026_08_SIMHA_SANKRANTI,SANKRAMANA,DRIK_SANKRAMANA_DETAIL,OBSERVANCE,Simha Sankranti,Simha Sankranti Moment - 10:34 PM | Simha Sankranti Punya Kala - 01:42 PM to 08:32 PM | Simha Sankranti Maha Punya Kala - 06:15 PM to 08:32 PM,,Simha Sankranti. Simha Sankranti Moment - 10:34 PM | Simha Sankranti Punya Kala - 01:42 PM to 08:32 PM | Simha Sankranti Maha Punya Kala - 06:15 PM to 08:32 PM,20,2026-08-16,sankramana_engine.py,SANKRAMANA_V2_1_CITY_CONTEXT_THEN_DISCOVERY_URL,APPROVED,2026-08-22T21:30:45-04:00,sankramana_messages.csv
2026-08-16,geoname:4509177,geoname:4509177|city:columbus,Columbus,Ohio,United States,America/New_York,4509177,NAG_PANCHAMI,Nag Panchami,NAG_PANCHAMI_2026_08_NAG_PANCHAMI,STANDARD_MONTH_FESTIVAL,MONTH_PANCHANG_DISCOVERY_DATE,OBSERVANCE,Nag Panchami,,,Nag Panchami is observed today.,20,2026-08-16,standard_festival_engine.py,NAG_PANCHAMI_V2_0_DISCOVERY_EVIDENCE,APPROVED,2026-08-22T21:30:45-04:00,nag_panchami_messages.csv
2026-08-16,geoname:4509177,geoname:4509177|city:columbus,Columbus,Ohio,United States,America/New_York,4509177,SANKRAMANA,Simha Sankranti,SANKRAMANA_2026_08_SIMHA_SANKRANTI,SANKRAMANA,DRIK_SANKRAMANA_DETAIL,OBSERVANCE,Simha Sankranti,Simha Sankranti Moment - 10:34 PM | Simha Sankranti Punya Kala - 01:36 PM to 08:27 PM | Simha Sankranti Maha Punya Kala - 06:10 PM to 08:27 PM,,Simha Sankranti. Simha Sankranti Moment - 10:34 PM | Simha Sankranti Punya Kala - 01:36 PM to 08:27 PM | Simha Sankranti Maha Punya Kala - 06:10 PM to 08:27 PM,20,2026-08-16,sankramana_engine.py,SANKRAMANA_V2_1_CITY_CONTEXT_THEN_DISCOVERY_URL,APPROVED,2026-08-22T21:30:45-04:00,sankramana_messages.csv
2026-08-16,geoname:4560349,geoname:4560349|city:philadelphia,Philadelphia,Pennsylvania,United States,America/New_York,4560349,NAG_PANCHAMI,Nag Panchami,NAG_PANCHAMI_2026_08_NAG_PANCHAMI,STANDARD_MONTH_FESTIVAL,MONTH_PANCHANG_DISCOVERY_DATE,OBSERVANCE,Nag Panchami,,,Nag Panchami is observed today.,20,2026-08-16,standard_festival_engine.py,NAG_PANCHAMI_V2_0_DISCOVERY_EVIDENCE,APPROVED,2026-08-22T21:30:45-04:00,nag_panchami_messages.csv
2026-08-16,geoname:4560349,geoname:4560349|city:philadelphia,Philadelphia,Pennsylvania,United States,America/New_York,4560349,SANKRAMANA,Simha Sankranti,SANKRAMANA_2026_08_SIMHA_SANKRANTI,SANKRAMANA,DRIK_SANKRAMANA_DETAIL,OBSERVANCE,Simha Sankranti,Simha Sankranti Moment - 10:34 PM | Simha Sankranti Punya Kala - 01:05 PM to 07:56 PM | Simha Sankranti Maha Punya Kala - 05:39 PM to 07:56 PM,,Simha Sankranti. Simha Sankranti Moment - 10:34 PM | Simha Sankranti Punya Kala - 01:05 PM to 07:56 PM | Simha Sankranti Maha Punya Kala - 05:39 PM to 07:56 PM,20,2026-08-16,sankramana_engine.py,SANKRAMANA_V2_1_CITY_CONTEXT_THEN_DISCOVERY_URL,APPROVED,2026-08-22T21:30:45-04:00,sankramana_messages.csv
2026-08-16,geoname:4634946,geoname:4634946|city:knoxville,Knoxville,Tennessee,United States,America/New_York,4634946,NAG_PANCHAMI,Nag Panchami,NAG_PANCHAMI_2026_08_NAG_PANCHAMI,STANDARD_MONTH_FESTIVAL,MONTH_PANCHANG_DISCOVERY_DATE,OBSERVANCE,Nag Panchami,,,Nag Panchami is observed today.,20,2026-08-16,standard_festival_engine.py,NAG_PANCHAMI_V2_0_DISCOVERY_EVIDENCE,APPROVED,2026-08-22T21:30:45-04:00,nag_panchami_messages.csv
2026-08-16,geoname:4634946,geoname:4634946|city:knoxville,Knoxville,Tennessee,United States,America/New_York,4634946,SANKRAMANA,Simha Sankranti,SANKRAMANA_2026_08_SIMHA_SANKRANTI,SANKRAMANA,DRIK_SANKRAMANA_DETAIL,OBSERVANCE,Simha Sankranti,Simha Sankranti Moment - 10:34 PM | Simha Sankranti Punya Kala - 01:40 PM to 08:24 PM | Simha Sankranti Maha Punya Kala - 06:09 PM to 08:24 PM,,Simha Sankranti. Simha Sankranti Moment - 10:34 PM | Simha Sankranti Punya Kala - 01:40 PM to 08:24 PM | Simha Sankranti Maha Punya Kala - 06:09 PM to 08:24 PM,20,2026-08-16,sankramana_engine.py,SANKRAMANA_V2_1_CITY_CONTEXT_THEN_DISCOVERY_URL,APPROVED,2026-08-22T21:30:45-04:00,sankramana_messages.csv
2026-08-16,geoname:4644585,geoname:4644585|city:nashville,Nashville,Tennessee,United States,America/Chicago,4644585,NAG_PANCHAMI,Nag Panchami,NAG_PANCHAMI_2026_08_NAG_PANCHAMI,STANDARD_MONTH_FESTIVAL,MONTH_PANCHANG_DISCOVERY_DATE,OBSERVANCE,Nag Panchami,,,Nag Panchami is observed today.,20,2026-08-16,standard_festival_engine.py,NAG_PANCHAMI_V2_0_DISCOVERY_EVIDENCE,APPROVED,2026-08-22T21:30:45-04:00,nag_panchami_messages.csv
2026-08-16,geoname:4644585,geoname:4644585|city:nashville,Nashville,Tennessee,United States,America/Chicago,4644585,SANKRAMANA,Simha Sankranti,SANKRAMANA_2026_08_SIMHA_SANKRANTI,SANKRAMANA,DRIK_SANKRAMANA_DETAIL,OBSERVANCE,Simha Sankranti,Simha Sankranti Moment - 09:34 PM | Simha Sankranti Punya Kala - 12:51 PM to 07:36 PM | Simha Sankranti Maha Punya Kala - 05:21 PM to 07:36 PM,,Simha Sankranti. Simha Sankranti Moment - 09:34 PM | Simha Sankranti Punya Kala - 12:51 PM to 07:36 PM | Simha Sankranti Maha Punya Kala - 05:21 PM to 07:36 PM,20,2026-08-16,sankramana_engine.py,SANKRAMANA_V2_1_CITY_CONTEXT_THEN_DISCOVERY_URL,APPROVED,2026-08-22T21:30:45-04:00,sankramana_messages.csv
2026-08-16,geoname:4684888,geoname:4684888|city:dallas,Dallas,Texas,United States,America/Chicago,4684888,NAG_PANCHAMI,Nag Panchami,NAG_PANCHAMI_2026_08_NAG_PANCHAMI,STANDARD_MONTH_FESTIVAL,MONTH_PANCHANG_DISCOVERY_DATE,OBSERVANCE,Nag Panchami,,,Nag Panchami is observed today.,20,2026-08-16,standard_festival_engine.py,NAG_PANCHAMI_V2_0_DISCOVERY_EVIDENCE,APPROVED,2026-08-22T21:30:45-04:00,nag_panchami_messages.csv
2026-08-16,geoname:4684888,geoname:4684888|city:dallas,Dallas,Texas,United States,America/Chicago,4684888,SANKRAMANA,Simha Sankranti,SANKRAMANA_2026_08_SIMHA_SANKRANTI,SANKRAMANA,DRIK_SANKRAMANA_DETAIL,OBSERVANCE,Simha Sankranti,Simha Sankranti Moment - 09:34 PM | Simha Sankranti Punya Kala - 01:31 PM to 08:11 PM | Simha Sankranti Maha Punya Kala - 05:58 PM to 08:11 PM,,Simha Sankranti. Simha Sankranti Moment - 09:34 PM | Simha Sankranti Punya Kala - 01:31 PM to 08:11 PM | Simha Sankranti Maha Punya Kala - 05:58 PM to 08:11 PM,20,2026-08-16,sankramana_engine.py,SANKRAMANA_V2_1_CITY_CONTEXT_THEN_DISCOVERY_URL,APPROVED,2026-08-22T21:30:45-04:00,sankramana_messages.csv
2026-08-16,geoname:4699066,geoname:4699066|city:houston,Houston,Texas,United States,America/Chicago,4699066,NAG_PANCHAMI,Nag Panchami,NAG_PANCHAMI_2026_08_NAG_PANCHAMI,STANDARD_MONTH_FESTIVAL,MONTH_PANCHANG_DISCOVERY_DATE,OBSERVANCE,Nag Panchami,,,Nag Panchami is observed today.,20,2026-08-16,standard_festival_engine.py,NAG_PANCHAMI_V2_0_DISCOVERY_EVIDENCE,APPROVED,2026-08-22T21:30:45-04:00,nag_panchami_messages.csv
2026-08-16,geoname:4699066,geoname:4699066|city:houston,Houston,Texas,United States,America/Chicago,4699066,SANKRAMANA,Simha Sankranti,SANKRAMANA_2026_08_SIMHA_SANKRANTI,SANKRAMANA,DRIK_SANKRAMANA_DETAIL,OBSERVANCE,Simha Sankranti,Simha Sankranti Moment - 09:34 PM | Simha Sankranti Punya Kala - 01:26 PM to 08:01 PM | Simha Sankranti Maha Punya Kala - 05:49 PM to 08:01 PM,,Simha Sankranti. Simha Sankranti Moment - 09:34 PM | Simha Sankranti Punya Kala - 01:26 PM to 08:01 PM | Simha Sankranti Maha Punya Kala - 05:49 PM to 08:01 PM,20,2026-08-16,sankramana_engine.py,SANKRAMANA_V2_1_CITY_CONTEXT_THEN_DISCOVERY_URL,APPROVED,2026-08-22T21:30:45-04:00,sankramana_messages.csv
2026-08-16,geoname:4781708,geoname:4781708|city:richmond,Richmond,Virginia,United States,America/New_York,4781708,NAG_PANCHAMI,Nag Panchami,NAG_PANCHAMI_2026_08_NAG_PANCHAMI,STANDARD_MONTH_FESTIVAL,MONTH_PANCHANG_DISCOVERY_DATE,OBSERVANCE,Nag Panchami,,,Nag Panchami is observed today.,20,2026-08-16,standard_festival_engine.py,NAG_PANCHAMI_V2_0_DISCOVERY_EVIDENCE,APPROVED,2026-08-22T21:30:45-04:00,nag_panchami_messages.csv
2026-08-16,geoname:4781708,geoname:4781708|city:richmond,Richmond,Virginia,United States,America/New_York,4781708,SANKRAMANA,Simha Sankranti,SANKRAMANA_2026_08_SIMHA_SANKRANTI,SANKRAMANA,DRIK_SANKRAMANA_DETAIL,OBSERVANCE,Simha Sankranti,Simha Sankranti Moment - 10:34 PM | Simha Sankranti Punya Kala - 01:14 PM to 08:01 PM | Simha Sankranti Maha Punya Kala - 05:45 PM to 08:01 PM,,Simha Sankranti. Simha Sankranti Moment - 10:34 PM | Simha Sankranti Punya Kala - 01:14 PM to 08:01 PM | Simha Sankranti Maha Punya Kala - 05:45 PM to 08:01 PM,20,2026-08-16,sankramana_engine.py,SANKRAMANA_V2_1_CITY_CONTEXT_THEN_DISCOVERY_URL,APPROVED,2026-08-22T21:30:45-04:00,sankramana_messages.csv
2026-08-16,geoname:4887398,geoname:4887398|city:chicago,Chicago,Illinois,United States,America/Chicago,4887398,NAG_PANCHAMI,Nag Panchami,NAG_PANCHAMI_2026_08_NAG_PANCHAMI,STANDARD_MONTH_FESTIVAL,MONTH_PANCHANG_DISCOVERY_DATE,OBSERVANCE,Nag Panchami,,,Nag Panchami is observed today.,20,2026-08-16,standard_festival_engine.py,NAG_PANCHAMI_V2_0_DISCOVERY_EVIDENCE,APPROVED,2026-08-22T21:30:45-04:00,nag_panchami_messages.csv
2026-08-16,geoname:4887398,geoname:4887398|city:chicago,Chicago,Illinois,United States,America/Chicago,4887398,SANKRAMANA,Simha Sankranti,SANKRAMANA_2026_08_SIMHA_SANKRANTI,SANKRAMANA,DRIK_SANKRAMANA_DETAIL,OBSERVANCE,Simha Sankranti,Simha Sankranti Moment - 09:34 PM | Simha Sankranti Punya Kala - 12:55 PM to 07:49 PM | Simha Sankranti Maha Punya Kala - 05:31 PM to 07:49 PM,,Simha Sankranti. Simha Sankranti Moment - 09:34 PM | Simha Sankranti Punya Kala - 12:55 PM to 07:49 PM | Simha Sankranti Maha Punya Kala - 05:31 PM to 07:49 PM,20,2026-08-16,sankramana_engine.py,SANKRAMANA_V2_1_CITY_CONTEXT_THEN_DISCOVERY_URL,APPROVED,2026-08-22T21:30:45-04:00,sankramana_messages.csv
2026-08-16,geoname:4922462,geoname:4922462|city:lafayette,Lafayette,Indiana,United States,America/Indiana/Indianapolis,4922462,NAG_PANCHAMI,Nag Panchami,NAG_PANCHAMI_2026_08_NAG_PANCHAMI,STANDARD_MONTH_FESTIVAL,MONTH_PANCHANG_DISCOVERY_DATE,OBSERVANCE,Nag Panchami,,,Nag Panchami is observed today.,20,2026-08-16,standard_festival_engine.py,NAG_PANCHAMI_V2_0_DISCOVERY_EVIDENCE,APPROVED,2026-08-22T21:30:45-04:00,nag_panchami_messages.csv
2026-08-16,geoname:4922462,geoname:4922462|city:lafayette,Lafayette,Indiana,United States,America/Indiana/Indianapolis,4922462,SANKRAMANA,Simha Sankranti,SANKRAMANA_2026_08_SIMHA_SANKRANTI,SANKRAMANA,DRIK_SANKRAMANA_DETAIL,OBSERVANCE,Simha Sankranti,Simha Sankranti Moment - 10:34 PM | Simha Sankranti Punya Kala - 01:51 PM to 08:43 PM | Simha Sankranti Maha Punya Kala - 06:26 PM to 08:43 PM,,Simha Sankranti. Simha Sankranti Moment - 10:34 PM | Simha Sankranti Punya Kala - 01:51 PM to 08:43 PM | Simha Sankranti Maha Punya Kala - 06:26 PM to 08:43 PM,20,2026-08-16,sankramana_engine.py,SANKRAMANA_V2_1_CITY_CONTEXT_THEN_DISCOVERY_URL,APPROVED,2026-08-22T21:30:45-04:00,sankramana_messages.csv
2026-08-16,geoname:5099836,geoname:5099836|city:new_jersey,New Jersey,New Jersey,United States,America/New_York,5099836,NAG_PANCHAMI,Nag Panchami,NAG_PANCHAMI_2026_08_NAG_PANCHAMI,STANDARD_MONTH_FESTIVAL,MONTH_PANCHANG_DISCOVERY_DATE,OBSERVANCE,Nag Panchami,,,Nag Panchami is observed today.,20,2026-08-16,standard_festival_engine.py,NAG_PANCHAMI_V2_0_DISCOVERY_EVIDENCE,APPROVED,2026-08-22T21:30:45-04:00,nag_panchami_messages.csv
2026-08-16,geoname:5099836,geoname:5099836|city:new_jersey,New Jersey,New Jersey,United States,America/New_York,5099836,SANKRAMANA,Simha Sankranti,SANKRAMANA_2026_08_SIMHA_SANKRANTI,SANKRAMANA,DRIK_SANKRAMANA_DETAIL,OBSERVANCE,Simha Sankranti,Simha Sankranti Moment - 10:34 PM | Simha Sankranti Punya Kala - 01:00 PM to 07:53 PM | Simha Sankranti Maha Punya Kala - 05:35 PM to 07:53 PM,,Simha Sankranti. Simha Sankranti Moment - 10:34 PM | Simha Sankranti Punya Kala - 01:00 PM to 07:53 PM | Simha Sankranti Maha Punya Kala - 05:35 PM to 07:53 PM,20,2026-08-16,sankramana_engine.py,SANKRAMANA_V2_1_CITY_CONTEXT_THEN_DISCOVERY_URL,APPROVED,2026-08-22T21:30:45-04:00,sankramana_messages.csv
2026-08-16,geoname:5108728,geoname:5108728|city:belfast,Belfast,New York,United States,America/New_York,5108728,NAG_PANCHAMI,Nag Panchami,NAG_PANCHAMI_2026_08_NAG_PANCHAMI,STANDARD_MONTH_FESTIVAL,MONTH_PANCHANG_DISCOVERY_DATE,OBSERVANCE,Nag Panchami,,,Nag Panchami is observed today.,20,2026-08-16,standard_festival_engine.py,NAG_PANCHAMI_V2_0_DISCOVERY_EVIDENCE,APPROVED,2026-08-22T21:30:45-04:00,nag_panchami_messages.csv
2026-08-16,geoname:5108728,geoname:5108728|city:belfast,Belfast,New York,United States,America/New_York,5108728,SANKRAMANA,Simha Sankranti,SANKRAMANA_2026_08_SIMHA_SANKRANTI,SANKRAMANA,DRIK_SANKRAMANA_DETAIL,OBSERVANCE,Simha Sankranti,Simha Sankranti Moment - 10:34 PM | Simha Sankranti Punya Kala - 01:16 PM to 08:11 PM | Simha Sankranti Maha Punya Kala - 05:53 PM to 08:11 PM,,Simha Sankranti. Simha Sankranti Moment - 10:34 PM | Simha Sankranti Punya Kala - 01:16 PM to 08:11 PM | Simha Sankranti Maha Punya Kala - 05:53 PM to 08:11 PM,20,2026-08-16,sankramana_engine.py,SANKRAMANA_V2_1_CITY_CONTEXT_THEN_DISCOVERY_URL,APPROVED,2026-08-22T21:30:45-04:00,sankramana_messages.csv
2026-08-16,geoname:5110629,geoname:5110629|city:buffalo,Buffalo,New York,United States,America/New_York,5110629,NAG_PANCHAMI,Nag Panchami,NAG_PANCHAMI_2026_08_NAG_PANCHAMI,STANDARD_MONTH_FESTIVAL,MONTH_PANCHANG_DISCOVERY_DATE,OBSERVANCE,Nag Panchami,,,Nag Panchami is observed today.,20,2026-08-16,standard_festival_engine.py,NAG_PANCHAMI_V2_0_DISCOVERY_EVIDENCE,APPROVED,2026-08-22T21:30:45-04:00,nag_panchami_messages.csv
2026-08-16,geoname:5110629,geoname:5110629|city:buffalo,Buffalo,New York,United States,America/New_York,5110629,SANKRAMANA,Simha Sankranti,SANKRAMANA_2026_08_SIMHA_SANKRANTI,SANKRAMANA,DRIK_SANKRAMANA_DETAIL,OBSERVANCE,Simha Sankranti,Simha Sankranti Moment - 10:34 PM | Simha Sankranti Punya Kala - 01:19 PM to 08:16 PM | Simha Sankranti Maha Punya Kala - 05:57 PM to 08:16 PM,,Simha Sankranti. Simha Sankranti Moment - 10:34 PM | Simha Sankranti Punya Kala - 01:19 PM to 08:16 PM | Simha Sankranti Maha Punya Kala - 05:57 PM to 08:16 PM,20,2026-08-16,sankramana_engine.py,SANKRAMANA_V2_1_CITY_CONTEXT_THEN_DISCOVERY_URL,APPROVED,2026-08-22T21:30:45-04:00,sankramana_messages.csv
2026-08-16,geoname:5119251,geoname:5119251|city:greece,Greece,New York,United States,America/New_York,5119251,NAG_PANCHAMI,Nag Panchami,NAG_PANCHAMI_2026_08_NAG_PANCHAMI,STANDARD_MONTH_FESTIVAL,MONTH_PANCHANG_DISCOVERY_DATE,OBSERVANCE,Nag Panchami,,,Nag Panchami is observed today.,20,2026-08-16,standard_festival_engine.py,NAG_PANCHAMI_V2_0_DISCOVERY_EVIDENCE,APPROVED,2026-08-22T21:30:45-04:00,nag_panchami_messages.csv
2026-08-16,geoname:5119251,geoname:5119251|city:greece,Greece,New York,United States,America/New_York,5119251,SANKRAMANA,Simha Sankranti,SANKRAMANA_2026_08_SIMHA_SANKRANTI,SANKRAMANA,DRIK_SANKRAMANA_DETAIL,OBSERVANCE,Simha Sankranti,Simha Sankranti Moment - 10:34 PM | Simha Sankranti Punya Kala - 01:15 PM to 08:12 PM | Simha Sankranti Maha Punya Kala - 05:53 PM to 08:12 PM,,Simha Sankranti. Simha Sankranti Moment - 10:34 PM | Simha Sankranti Punya Kala - 01:15 PM to 08:12 PM | Simha Sankranti Maha Punya Kala - 05:53 PM to 08:12 PM,20,2026-08-16,sankramana_engine.py,SANKRAMANA_V2_1_CITY_CONTEXT_THEN_DISCOVERY_URL,APPROVED,2026-08-22T21:30:45-04:00,sankramana_messages.csv
2026-08-16,geoname:5128581,geoname:5128581|city:new_york,New York,New York,United States,America/New_York,5128581,NAG_PANCHAMI,Nag Panchami,NAG_PANCHAMI_2026_08_NAG_PANCHAMI,STANDARD_MONTH_FESTIVAL,MONTH_PANCHANG_DISCOVERY_DATE,OBSERVANCE,Nag Panchami,,,Nag Panchami is observed today.,20,2026-08-16,standard_festival_engine.py,NAG_PANCHAMI_V2_0_DISCOVERY_EVIDENCE,APPROVED,2026-08-22T21:30:45-04:00,nag_panchami_messages.csv
2026-08-16,geoname:5128581,geoname:5128581|city:new_york,New York,New York,United States,America/New_York,5128581,SANKRAMANA,Simha Sankranti,SANKRAMANA_2026_08_SIMHA_SANKRANTI,SANKRAMANA,DRIK_SANKRAMANA_DETAIL,OBSERVANCE,Simha Sankranti,Simha Sankranti Moment - 10:34 PM | Simha Sankranti Punya Kala - 01:00 PM to 07:53 PM | Simha Sankranti Maha Punya Kala - 05:35 PM to 07:53 PM,,Simha Sankranti. Simha Sankranti Moment - 10:34 PM | Simha Sankranti Punya Kala - 01:00 PM to 07:53 PM | Simha Sankranti Maha Punya Kala - 05:35 PM to 07:53 PM,20,2026-08-16,sankramana_engine.py,SANKRAMANA_V2_1_CITY_CONTEXT_THEN_DISCOVERY_URL,APPROVED,2026-08-22T21:30:45-04:00,sankramana_messages.csv
2026-08-16,geoname:5131614,geoname:5131614|city:pittsford,Pittsford,New York,United States,America/New_York,5131614,NAG_PANCHAMI,Nag Panchami,NAG_PANCHAMI_2026_08_NAG_PANCHAMI,STANDARD_MONTH_FESTIVAL,MONTH_PANCHANG_DISCOVERY_DATE,OBSERVANCE,Nag Panchami,,,Nag Panchami is observed today.,20,2026-08-16,standard_festival_engine.py,NAG_PANCHAMI_V2_0_DISCOVERY_EVIDENCE,APPROVED,2026-08-22T21:30:45-04:00,nag_panchami_messages.csv
2026-08-16,geoname:5131614,geoname:5131614|city:pittsford,Pittsford,New York,United States,America/New_York,5131614,SANKRAMANA,Simha Sankranti,SANKRAMANA_2026_08_SIMHA_SANKRANTI,SANKRAMANA,DRIK_SANKRAMANA_DETAIL,OBSERVANCE,Simha Sankranti,Simha Sankranti Moment - 10:34 PM | Simha Sankranti Punya Kala - 01:14 PM to 08:11 PM | Simha Sankranti Maha Punya Kala - 05:52 PM to 08:11 PM,,Simha Sankranti. Simha Sankranti Moment - 10:34 PM | Simha Sankranti Punya Kala - 01:14 PM to 08:11 PM | Simha Sankranti Maha Punya Kala - 05:52 PM to 08:11 PM,20,2026-08-16,sankramana_engine.py,SANKRAMANA_V2_1_CITY_CONTEXT_THEN_DISCOVERY_URL,APPROVED,2026-08-22T21:30:45-04:00,sankramana_messages.csv
2026-08-16,geoname:5134086,geoname:5134086|city:rochester,Rochester,New York,United States,America/New_York,5134086,NAG_PANCHAMI,Nag Panchami,NAG_PANCHAMI_2026_08_NAG_PANCHAMI,STANDARD_MONTH_FESTIVAL,MONTH_PANCHANG_DISCOVERY_DATE,OBSERVANCE,Nag Panchami,,,Nag Panchami is observed today.,20,2026-08-16,standard_festival_engine.py,NAG_PANCHAMI_V2_0_DISCOVERY_EVIDENCE,APPROVED,2026-08-22T21:30:45-04:00,nag_panchami_messages.csv
2026-08-16,geoname:5134086,geoname:5134086|city:rochester,Rochester,New York,United States,America/New_York,5134086,SANKRAMANA,Simha Sankranti,SANKRAMANA_2026_08_SIMHA_SANKRANTI,SANKRAMANA,DRIK_SANKRAMANA_DETAIL,OBSERVANCE,Simha Sankranti,Simha Sankranti Moment - 10:34 PM | Simha Sankranti Punya Kala - 01:14 PM to 08:11 PM | Simha Sankranti Maha Punya Kala - 05:52 PM to 08:11 PM,,Simha Sankranti. Simha Sankranti Moment - 10:34 PM | Simha Sankranti Punya Kala - 01:14 PM to 08:11 PM | Simha Sankranti Maha Punya Kala - 05:52 PM to 08:11 PM,20,2026-08-16,sankramana_engine.py,SANKRAMANA_V2_1_CITY_CONTEXT_THEN_DISCOVERY_URL,APPROVED,2026-08-22T21:30:45-04:00,sankramana_messages.csv
2026-08-16,geoname:5139865,geoname:5139865|city:stonybrook,Stonybrook,New York,United States,America/New_York,5139865,NAG_PANCHAMI,Nag Panchami,NAG_PANCHAMI_2026_08_NAG_PANCHAMI,STANDARD_MONTH_FESTIVAL,MONTH_PANCHANG_DISCOVERY_DATE,OBSERVANCE,Nag Panchami,,,Nag Panchami is observed today.,20,2026-08-16,standard_festival_engine.py,NAG_PANCHAMI_V2_0_DISCOVERY_EVIDENCE,APPROVED,2026-08-22T21:30:45-04:00,nag_panchami_messages.csv
2026-08-16,geoname:5139865,geoname:5139865|city:stonybrook,Stonybrook,New York,United States,America/New_York,5139865,SANKRAMANA,Simha Sankranti,SANKRAMANA_2026_08_SIMHA_SANKRANTI,SANKRAMANA,DRIK_SANKRAMANA_DETAIL,OBSERVANCE,Simha Sankranti,Simha Sankranti Moment - 10:34 PM | Simha Sankranti Punya Kala - 12:57 PM to 07:49 PM | Simha Sankranti Maha Punya Kala - 05:32 PM to 07:49 PM,,Simha Sankranti. Simha Sankranti Moment - 10:34 PM | Simha Sankranti Punya Kala - 12:57 PM to 07:49 PM | Simha Sankranti Maha Punya Kala - 05:32 PM to 07:49 PM,20,2026-08-16,sankramana_engine.py,SANKRAMANA_V2_1_CITY_CONTEXT_THEN_DISCOVERY_URL,APPROVED,2026-08-22T21:30:45-04:00,sankramana_messages.csv
2026-08-16,geoname:5140405,geoname:5140405|city:syracuse,Syracuse,New York,United States,America/New_York,5140405,NAG_PANCHAMI,Nag Panchami,NAG_PANCHAMI_2026_08_NAG_PANCHAMI,STANDARD_MONTH_FESTIVAL,MONTH_PANCHANG_DISCOVERY_DATE,OBSERVANCE,Nag Panchami,,,Nag Panchami is observed today.,20,2026-08-16,standard_festival_engine.py,NAG_PANCHAMI_V2_0_DISCOVERY_EVIDENCE,APPROVED,2026-08-22T21:30:45-04:00,nag_panchami_messages.csv
2026-08-16,geoname:5140405,geoname:5140405|city:syracuse,Syracuse,New York,United States,America/New_York,5140405,SANKRAMANA,Simha Sankranti,SANKRAMANA_2026_08_SIMHA_SANKRANTI,SANKRAMANA,DRIK_SANKRAMANA_DETAIL,OBSERVANCE,Simha Sankranti,Simha Sankranti Moment - 10:34 PM | Simha Sankranti Punya Kala - 01:09 PM to 08:05 PM | Simha Sankranti Maha Punya Kala - 05:46 PM to 08:05 PM,,Simha Sankranti. Simha Sankranti Moment - 10:34 PM | Simha Sankranti Punya Kala - 01:09 PM to 08:05 PM | Simha Sankranti Maha Punya Kala - 05:46 PM to 08:05 PM,20,2026-08-16,sankramana_engine.py,SANKRAMANA_V2_1_CITY_CONTEXT_THEN_DISCOVERY_URL,APPROVED,2026-08-22T21:30:45-04:00,sankramana_messages.csv
2026-08-16,geoname:5150529,geoname:5150529|city:cleveland,Cleveland,Ohio,United States,America/New_York,5150529,NAG_PANCHAMI,Nag Panchami,NAG_PANCHAMI_2026_08_NAG_PANCHAMI,STANDARD_MONTH_FESTIVAL,MONTH_PANCHANG_DISCOVERY_DATE,OBSERVANCE,Nag Panchami,,,Nag Panchami is observed today.,20,2026-08-16,standard_festival_engine.py,NAG_PANCHAMI_V2_0_DISCOVERY_EVIDENCE,APPROVED,2026-08-22T21:30:45-04:00,nag_panchami_messages.csv
2026-08-16,geoname:5150529,geoname:5150529|city:cleveland,Cleveland,Ohio,United States,America/New_York,5150529,SANKRAMANA,Simha Sankranti,SANKRAMANA_2026_08_SIMHA_SANKRANTI,SANKRAMANA,DRIK_SANKRAMANA_DETAIL,OBSERVANCE,Simha Sankranti,Simha Sankranti Moment - 10:34 PM | Simha Sankranti Punya Kala - 01:31 PM to 08:25 PM | Simha Sankranti Maha Punya Kala - 06:07 PM to 08:25 PM,,Simha Sankranti. Simha Sankranti Moment - 10:34 PM | Simha Sankranti Punya Kala - 01:31 PM to 08:25 PM | Simha Sankranti Maha Punya Kala - 06:07 PM to 08:25 PM,20,2026-08-16,sankramana_engine.py,SANKRAMANA_V2_1_CITY_CONTEXT_THEN_DISCOVERY_URL,APPROVED,2026-08-22T21:30:45-04:00,sankramana_messages.csv
2026-08-16,geoname:5308655,geoname:5308655|city:phoenix,Phoenix,Arizona,United States,America/Phoenix,5308655,NAG_PANCHAMI,Nag Panchami,NAG_PANCHAMI_2026_08_NAG_PANCHAMI,STANDARD_MONTH_FESTIVAL,MONTH_PANCHANG_DISCOVERY_DATE,OBSERVANCE,Nag Panchami,,,Nag Panchami is observed today.,20,2026-08-16,standard_festival_engine.py,NAG_PANCHAMI_V2_0_DISCOVERY_EVIDENCE,APPROVED,2026-08-22T21:30:45-04:00,nag_panchami_messages.csv
2026-08-16,geoname:5308655,geoname:5308655|city:phoenix,Phoenix,Arizona,United States,America/Phoenix,5308655,SANKRAMANA,Simha Sankranti,SANKRAMANA_2026_08_SIMHA_SANKRANTI,SANKRAMANA,DRIK_SANKRAMANA_DETAIL,OBSERVANCE,Simha Sankranti,Simha Sankranti Moment - 07:34 PM | Simha Sankranti Punya Kala - 12:32 PM to 07:13 PM | Simha Sankranti Maha Punya Kala - 04:59 PM to 07:13 PM,,Simha Sankranti. Simha Sankranti Moment - 07:34 PM | Simha Sankranti Punya Kala - 12:32 PM to 07:13 PM | Simha Sankranti Maha Punya Kala - 04:59 PM to 07:13 PM,20,2026-08-16,sankramana_engine.py,SANKRAMANA_V2_1_CITY_CONTEXT_THEN_DISCOVERY_URL,APPROVED,2026-08-22T21:30:45-04:00,sankramana_messages.csv
2026-08-16,geoname:5368361,geoname:5368361|city:los_angeles,Los Angeles,California,United States,America/Los_Angeles,5368361,NAG_PANCHAMI,Nag Panchami,NAG_PANCHAMI_2026_08_NAG_PANCHAMI,STANDARD_MONTH_FESTIVAL,MONTH_PANCHANG_DISCOVERY_DATE,OBSERVANCE,Nag Panchami,,,Nag Panchami is observed today.,20,2026-08-16,standard_festival_engine.py,NAG_PANCHAMI_V2_0_DISCOVERY_EVIDENCE,APPROVED,2026-08-22T21:30:45-04:00,nag_panchami_messages.csv
2026-08-16,geoname:5368361,geoname:5368361|city:los_angeles,Los Angeles,California,United States,America/Los_Angeles,5368361,SANKRAMANA,Simha Sankranti,SANKRAMANA_2026_08_SIMHA_SANKRANTI,SANKRAMANA,DRIK_SANKRAMANA_DETAIL,OBSERVANCE,Simha Sankranti,Simha Sankranti Moment - 07:34 PM | Simha Sankranti Punya Kala - 12:25 PM to 07:34 PM | Simha Sankranti Maha Punya Kala - 05:20 PM to 07:34 PM,,Simha Sankranti. Simha Sankranti Moment - 07:34 PM | Simha Sankranti Punya Kala - 12:25 PM to 07:34 PM | Simha Sankranti Maha Punya Kala - 05:20 PM to 07:34 PM,20,2026-08-16,sankramana_engine.py,SANKRAMANA_V2_1_CITY_CONTEXT_THEN_DISCOVERY_URL,APPROVED,2026-08-22T21:30:45-04:00,sankramana_messages.csv
2026-08-16,geoname:5383527,geoname:5383527|city:placentia,Placentia,California,United States,America/Los_Angeles,5383527,NAG_PANCHAMI,Nag Panchami,NAG_PANCHAMI_2026_08_NAG_PANCHAMI,STANDARD_MONTH_FESTIVAL,MONTH_PANCHANG_DISCOVERY_DATE,OBSERVANCE,Nag Panchami,,,Nag Panchami is observed today.,20,2026-08-16,standard_festival_engine.py,NAG_PANCHAMI_V2_0_DISCOVERY_EVIDENCE,APPROVED,2026-08-22T21:30:45-04:00,nag_panchami_messages.csv
2026-08-16,geoname:5383527,geoname:5383527|city:placentia,Placentia,California,United States,America/Los_Angeles,5383527,SANKRAMANA,Simha Sankranti,SANKRAMANA_2026_08_SIMHA_SANKRANTI,SANKRAMANA,DRIK_SANKRAMANA_DETAIL,OBSERVANCE,Simha Sankranti,Simha Sankranti Moment - 07:34 PM | Simha Sankranti Punya Kala - 12:26 PM to 07:34 PM | Simha Sankranti Maha Punya Kala - 05:20 PM to 07:34 PM,,Simha Sankranti. Simha Sankranti Moment - 07:34 PM | Simha Sankranti Punya Kala - 12:26 PM to 07:34 PM | Simha Sankranti Maha Punya Kala - 05:20 PM to 07:34 PM,20,2026-08-16,sankramana_engine.py,SANKRAMANA_V2_1_CITY_CONTEXT_THEN_DISCOVERY_URL,APPROVED,2026-08-22T21:30:45-04:00,sankramana_messages.csv
2026-08-16,geoname:5391959,geoname:5391959|city:san_francisco,San Francisco,California,United States,America/Los_Angeles,5391959,NAG_PANCHAMI,Nag Panchami,NAG_PANCHAMI_2026_08_NAG_PANCHAMI,STANDARD_MONTH_FESTIVAL,MONTH_PANCHANG_DISCOVERY_DATE,OBSERVANCE,Nag Panchami,,,Nag Panchami is observed today.,20,2026-08-16,standard_festival_engine.py,NAG_PANCHAMI_V2_0_DISCOVERY_EVIDENCE,APPROVED,2026-08-22T21:30:45-04:00,nag_panchami_messages.csv
2026-08-16,geoname:5391959,geoname:5391959|city:san_francisco,San Francisco,California,United States,America/Los_Angeles,5391959,SANKRAMANA,Simha Sankranti,SANKRAMANA_2026_08_SIMHA_SANKRANTI,SANKRAMANA,DRIK_SANKRAMANA_DETAIL,OBSERVANCE,Simha Sankranti,Simha Sankranti Moment - 07:34 PM | Simha Sankranti Punya Kala - 12:19 PM to 07:34 PM | Simha Sankranti Maha Punya Kala - 05:18 PM to 07:34 PM,,Simha Sankranti. Simha Sankranti Moment - 07:34 PM | Simha Sankranti Punya Kala - 12:19 PM to 07:34 PM | Simha Sankranti Maha Punya Kala - 05:18 PM to 07:34 PM,20,2026-08-16,sankramana_engine.py,SANKRAMANA_V2_1_CITY_CONTEXT_THEN_DISCOVERY_URL,APPROVED,2026-08-22T21:30:45-04:00,sankramana_messages.csv
2026-08-16,geoname:5809844,geoname:5809844|city:seattle,Seattle,Washington,United States,America/Los_Angeles,5809844,NAG_PANCHAMI,Nag Panchami,NAG_PANCHAMI_2026_08_NAG_PANCHAMI,STANDARD_MONTH_FESTIVAL,MONTH_PANCHANG_DISCOVERY_DATE,OBSERVANCE,Nag Panchami,,,Nag Panchami is observed today.,20,2026-08-16,standard_festival_engine.py,NAG_PANCHAMI_V2_0_DISCOVERY_EVIDENCE,APPROVED,2026-08-22T21:30:45-04:00,nag_panchami_messages.csv
2026-08-16,geoname:5809844,geoname:5809844|city:seattle,Seattle,Washington,United States,America/Los_Angeles,5809844,SANKRAMANA,Simha Sankranti,SANKRAMANA_2026_08_SIMHA_SANKRANTI,SANKRAMANA,DRIK_SANKRAMANA_DETAIL,OBSERVANCE,Simha Sankranti,Simha Sankranti Moment - 07:34 PM | Simha Sankranti Punya Kala - 11:59 AM to 07:34 PM | Simha Sankranti Maha Punya Kala - 05:12 PM to 07:34 PM,,Simha Sankranti. Simha Sankranti Moment - 07:34 PM | Simha Sankranti Punya Kala - 11:59 AM to 07:34 PM | Simha Sankranti Maha Punya Kala - 05:12 PM to 07:34 PM,20,2026-08-16,sankramana_engine.py,SANKRAMANA_V2_1_CITY_CONTEXT_THEN_DISCOVERY_URL,APPROVED,2026-08-22T21:30:45-04:00,sankramana_messages.csv
2026-08-16,geoname:6173331,geoname:6173331|city:vancouver,Vancouver,British Columbia,Canada,America/Los_Angeles,6173331,NAG_PANCHAMI,Nag Panchami,NAG_PANCHAMI_2026_08_NAG_PANCHAMI,STANDARD_MONTH_FESTIVAL,MONTH_PANCHANG_DISCOVERY_DATE,OBSERVANCE,Nag Panchami,,,Nag Panchami is observed today.,20,2026-08-16,standard_festival_engine.py,NAG_PANCHAMI_V2_0_DISCOVERY_EVIDENCE,APPROVED,2026-08-22T21:30:45-04:00,nag_panchami_messages.csv
2026-08-16,geoname:6173331,geoname:6173331|city:vancouver,Vancouver,British Columbia,Canada,America/Los_Angeles,6173331,SANKRAMANA,Simha Sankranti,SANKRAMANA_2026_08_SIMHA_SANKRANTI,SANKRAMANA,DRIK_SANKRAMANA_DETAIL,OBSERVANCE,Simha Sankranti,Simha Sankranti Moment - 07:34 PM | Simha Sankranti Punya Kala - 11:55 AM to 07:34 PM | Simha Sankranti Maha Punya Kala - 05:10 PM to 07:34 PM,,Simha Sankranti. Simha Sankranti Moment - 07:34 PM | Simha Sankranti Punya Kala - 11:55 AM to 07:34 PM | Simha Sankranti Maha Punya Kala - 05:10 PM to 07:34 PM,20,2026-08-16,sankramana_engine.py,SANKRAMANA_V2_1_CITY_CONTEXT_THEN_DISCOVERY_URL,APPROVED,2026-08-22T21:30:45-04:00,sankramana_messages.csv
2026-08-16,geoname:6182962,geoname:6182962|city:windsor,Windsor,Ontario,Canada,America/New_York,6182962,NAG_PANCHAMI,Nag Panchami,NAG_PANCHAMI_2026_08_NAG_PANCHAMI,STANDARD_MONTH_FESTIVAL,MONTH_PANCHANG_DISCOVERY_DATE,OBSERVANCE,Nag Panchami,,,Nag Panchami is observed today.,20,2026-08-16,standard_festival_engine.py,NAG_PANCHAMI_V2_0_DISCOVERY_EVIDENCE,APPROVED,2026-08-22T21:30:45-04:00,nag_panchami_messages.csv
2026-08-16,geoname:6182962,geoname:6182962|city:windsor,Windsor,Ontario,Canada,America/New_York,6182962,SANKRAMANA,Simha Sankranti,SANKRAMANA_2026_08_SIMHA_SANKRANTI,SANKRAMANA,DRIK_SANKRAMANA_DETAIL,OBSERVANCE,Simha Sankranti,Simha Sankranti Moment - 10:34 PM | Simha Sankranti Punya Kala - 01:36 PM to 08:31 PM | Simha Sankranti Maha Punya Kala - 06:13 PM to 08:31 PM,,Simha Sankranti. Simha Sankranti Moment - 10:34 PM | Simha Sankranti Punya Kala - 01:36 PM to 08:31 PM | Simha Sankranti Maha Punya Kala - 06:13 PM to 08:31 PM,20,2026-08-16,sankramana_engine.py,SANKRAMANA_V2_1_CITY_CONTEXT_THEN_DISCOVERY_URL,APPROVED,2026-08-22T21:30:45-04:00,sankramana_messages.csv
2026-08-17,geoname:1253102,geoname:1253102|city:visakhapatnam,Visakhapatnam,Andra Pradesh,India,Asia/Kolkata,1253102,NAG_PANCHAMI,Nag Panchami,NAG_PANCHAMI_2026_08_NAG_PANCHAMI,STANDARD_MONTH_FESTIVAL,MONTH_PANCHANG_DISCOVERY_DATE,OBSERVANCE,Nag Panchami,,,Nag Panchami is observed today.,20,2026-08-17,standard_festival_engine.py,NAG_PANCHAMI_V2_0_DISCOVERY_EVIDENCE,APPROVED,2026-08-22T21:30:45-04:00,nag_panchami_messages.csv
2026-08-17,geoname:1253102,geoname:1253102|city:visakhapatnam,Visakhapatnam,Andra Pradesh,India,Asia/Kolkata,1253102,SANKRAMANA,Simha Sankranti,SANKRAMANA_2026_08_SIMHA_SANKRANTI,SANKRAMANA,DRIK_SANKRAMANA_DETAIL,OBSERVANCE,Simha Sankranti,Simha Sankranti Moment - 08:04 AM | Simha Sankranti Punya Kala - 05:40 AM to 08:04 AM | Simha Sankranti Maha Punya Kala - 05:57 AM to 08:04 AM,,Simha Sankranti. Simha Sankranti Moment - 08:04 AM | Simha Sankranti Punya Kala - 05:40 AM to 08:04 AM | Simha Sankranti Maha Punya Kala - 05:57 AM to 08:04 AM,20,2026-08-17,sankramana_engine.py,SANKRAMANA_V2_1_CITY_CONTEXT_THEN_DISCOVERY_URL,APPROVED,2026-08-22T21:30:45-04:00,sankramana_messages.csv
2026-08-17,geoname:1253405,geoname:1253405|city:varanasi,Varanasi,Uttar Pradesh,India,Asia/Kolkata,1253405,NAG_PANCHAMI,Nag Panchami,NAG_PANCHAMI_2026_08_NAG_PANCHAMI,STANDARD_MONTH_FESTIVAL,MONTH_PANCHANG_DISCOVERY_DATE,OBSERVANCE,Nag Panchami,,,Nag Panchami is observed today.,20,2026-08-17,standard_festival_engine.py,NAG_PANCHAMI_V2_0_DISCOVERY_EVIDENCE,APPROVED,2026-08-22T21:30:45-04:00,nag_panchami_messages.csv
2026-08-17,geoname:1253405,geoname:1253405|city:varanasi,Varanasi,Uttar Pradesh,India,Asia/Kolkata,1253405,SANKRAMANA,Simha Sankranti,SANKRAMANA_2026_08_SIMHA_SANKRANTI,SANKRAMANA,DRIK_SANKRAMANA_DETAIL,OBSERVANCE,Simha Sankranti,Simha Sankranti Moment - 08:04 AM | Simha Sankranti Punya Kala - 05:32 AM to 08:04 AM | Simha Sankranti Maha Punya Kala - 05:54 AM to 08:04 AM,,Simha Sankranti. Simha Sankranti Moment - 08:04 AM | Simha Sankranti Punya Kala - 05:32 AM to 08:04 AM | Simha Sankranti Maha Punya Kala - 05:54 AM to 08:04 AM,20,2026-08-17,sankramana_engine.py,SANKRAMANA_V2_1_CITY_CONTEXT_THEN_DISCOVERY_URL,APPROVED,2026-08-22T21:30:45-04:00,sankramana_messages.csv
2026-08-17,geoname:1253573,geoname:1253573|city:vadodara,Vadodara,Gujarat,India,Asia/Kolkata,1253573,NAG_PANCHAMI,Nag Panchami,NAG_PANCHAMI_2026_08_NAG_PANCHAMI,STANDARD_MONTH_FESTIVAL,MONTH_PANCHANG_DISCOVERY_DATE,OBSERVANCE,Nag Panchami,,,Nag Panchami is observed today.,20,2026-08-17,standard_festival_engine.py,NAG_PANCHAMI_V2_0_DISCOVERY_EVIDENCE,APPROVED,2026-08-22T21:30:45-04:00,nag_panchami_messages.csv
2026-08-17,geoname:1253573,geoname:1253573|city:vadodara,Vadodara,Gujarat,India,Asia/Kolkata,1253573,SANKRAMANA,Simha Sankranti,SANKRAMANA_2026_08_SIMHA_SANKRANTI,SANKRAMANA,DRIK_SANKRAMANA_DETAIL,OBSERVANCE,Simha Sankranti,Simha Sankranti Moment - 08:04 AM | Simha Sankranti Punya Kala - 06:15 AM to 08:04 AM | Simha Sankranti Maha Punya Kala - 06:15 AM to 08:04 AM,,Simha Sankranti. Simha Sankranti Moment - 08:04 AM | Simha Sankranti Punya Kala - 06:15 AM to 08:04 AM | Simha Sankranti Maha Punya Kala - 06:15 AM to 08:04 AM,20,2026-08-17,sankramana_engine.py,SANKRAMANA_V2_1_CITY_CONTEXT_THEN_DISCOVERY_URL,APPROVED,2026-08-22T21:30:45-04:00,sankramana_messages.csv
2026-08-17,geoname:1253952,geoname:1253952|city:udupi,Udupi,Karnataka,India,Asia/Kolkata,1253952,NAG_PANCHAMI,Nag Panchami,NAG_PANCHAMI_2026_08_NAG_PANCHAMI,STANDARD_MONTH_FESTIVAL,MONTH_PANCHANG_DISCOVERY_DATE,OBSERVANCE,Nag Panchami,,,Nag Panchami is observed today.,20,2026-08-17,standard_festival_engine.py,NAG_PANCHAMI_V2_0_DISCOVERY_EVIDENCE,APPROVED,2026-08-22T21:30:45-04:00,nag_panchami_messages.csv
2026-08-17,geoname:1253952,geoname:1253952|city:udupi,Udupi,Karnataka,India,Asia/Kolkata,1253952,SANKRAMANA,Simha Sankranti,SANKRAMANA_2026_08_SIMHA_SANKRANTI,SANKRAMANA,DRIK_SANKRAMANA_DETAIL,OBSERVANCE,Simha Sankranti,Simha Sankranti Moment - 08:04 AM | Simha Sankranti Punya Kala - 06:19 AM to 08:04 AM | Simha Sankranti Maha Punya Kala - 06:19 AM to 08:04 AM,,Simha Sankranti. Simha Sankranti Moment - 08:04 AM | Simha Sankranti Punya Kala - 06:19 AM to 08:04 AM | Simha Sankranti Maha Punya Kala - 06:19 AM to 08:04 AM,20,2026-08-17,sankramana_engine.py,SANKRAMANA_V2_1_CITY_CONTEXT_THEN_DISCOVERY_URL,APPROVED,2026-08-22T21:30:45-04:00,sankramana_messages.csv
2026-08-17,geoname:1254163,geoname:1254163|city:thiruvananthapuram,Thiruvananthapuram,Kerala,India,Asia/Kolkata,1254163,NAG_PANCHAMI,Nag Panchami,NAG_PANCHAMI_2026_08_NAG_PANCHAMI,STANDARD_MONTH_FESTIVAL,MONTH_PANCHANG_DISCOVERY_DATE,OBSERVANCE,Nag Panchami,,,Nag Panchami is observed today.,20,2026-08-17,standard_festival_engine.py,NAG_PANCHAMI_V2_0_DISCOVERY_EVIDENCE,APPROVED,2026-08-22T21:30:45-04:00,nag_panchami_messages.csv
2026-08-17,geoname:1254163,geoname:1254163|city:thiruvananthapuram,Thiruvananthapuram,Kerala,India,Asia/Kolkata,1254163,SANKRAMANA,Simha Sankranti,SANKRAMANA_2026_08_SIMHA_SANKRANTI,SANKRAMANA,DRIK_SANKRAMANA_DETAIL,OBSERVANCE,Simha Sankranti,Simha Sankranti Moment - 08:04 AM | Simha Sankranti Punya Kala - 06:15 AM to 08:04 AM | Simha Sankranti Maha Punya Kala - 06:15 AM to 08:04 AM,,Simha Sankranti. Simha Sankranti Moment - 08:04 AM | Simha Sankranti Punya Kala - 06:15 AM to 08:04 AM | Simha Sankranti Maha Punya Kala - 06:15 AM to 08:04 AM,20,2026-08-17,sankramana_engine.py,SANKRAMANA_V2_1_CITY_CONTEXT_THEN_DISCOVERY_URL,APPROVED,2026-08-22T21:30:45-04:00,sankramana_messages.csv
2026-08-17,geoname:1254360,geoname:1254360|city:tirupati,Tirupati,Andhra Pradesh,India,Asia/Kolkata,1254360,NAG_PANCHAMI,Nag Panchami,NAG_PANCHAMI_2026_08_NAG_PANCHAMI,STANDARD_MONTH_FESTIVAL,MONTH_PANCHANG_DISCOVERY_DATE,OBSERVANCE,Nag Panchami,,,Nag Panchami is observed today.,20,2026-08-17,standard_festival_engine.py,NAG_PANCHAMI_V2_0_DISCOVERY_EVIDENCE,APPROVED,2026-08-22T21:30:45-04:00,nag_panchami_messages.csv
2026-08-17,geoname:1254360,geoname:1254360|city:tirupati,Tirupati,Andhra Pradesh,India,Asia/Kolkata,1254360,SANKRAMANA,Simha Sankranti,SANKRAMANA_2026_08_SIMHA_SANKRANTI,SANKRAMANA,DRIK_SANKRAMANA_DETAIL,OBSERVANCE,Simha Sankranti,Simha Sankranti Moment - 08:04 AM | Simha Sankranti Punya Kala - 06:00 AM to 08:04 AM | Simha Sankranti Maha Punya Kala - 06:00 AM to 08:04 AM,,Simha Sankranti. Simha Sankranti Moment - 08:04 AM | Simha Sankranti Punya Kala - 06:00 AM to 08:04 AM | Simha Sankranti Maha Punya Kala - 06:00 AM to 08:04 AM,20,2026-08-17,sankramana_engine.py,SANKRAMANA_V2_1_CITY_CONTEXT_THEN_DISCOVERY_URL,APPROVED,2026-08-22T21:30:45-04:00,sankramana_messages.csv
2026-08-17,geoname:1254388,geoname:1254388|city:srirangam,Srirangam,Tamil Nadu,India,Asia/Kolkata,1254388,NAG_PANCHAMI,Nag Panchami,NAG_PANCHAMI_2026_08_NAG_PANCHAMI,STANDARD_MONTH_FESTIVAL,MONTH_PANCHANG_DISCOVERY_DATE,OBSERVANCE,Nag Panchami,,,Nag Panchami is observed today.,20,2026-08-17,standard_festival_engine.py,NAG_PANCHAMI_V2_0_DISCOVERY_EVIDENCE,APPROVED,2026-08-22T21:30:45-04:00,nag_panchami_messages.csv
2026-08-17,geoname:1254388,geoname:1254388|city:srirangam,Srirangam,Tamil Nadu,India,Asia/Kolkata,1254388,SANKRAMANA,Simha Sankranti,SANKRAMANA_2026_08_SIMHA_SANKRANTI,SANKRAMANA,DRIK_SANKRAMANA_DETAIL,OBSERVANCE,Simha Sankranti,Simha Sankranti Moment - 08:04 AM | Simha Sankranti Punya Kala - 06:05 AM to 08:04 AM | Simha Sankranti Maha Punya Kala - 06:05 AM to 08:04 AM,,Simha Sankranti. Simha Sankranti Moment - 08:04 AM | Simha Sankranti Punya Kala - 06:05 AM to 08:04 AM | Simha Sankranti Maha Punya Kala - 06:05 AM to 08:04 AM,20,2026-08-17,sankramana_engine.py,SANKRAMANA_V2_1_CITY_CONTEXT_THEN_DISCOVERY_URL,APPROVED,2026-08-22T21:30:45-04:00,sankramana_messages.csv
2026-08-17,geoname:1255364,geoname:1255364|city:surat,Surat,Gujarat,India,Asia/Kolkata,1255364,NAG_PANCHAMI,Nag Panchami,NAG_PANCHAMI_2026_08_NAG_PANCHAMI,STANDARD_MONTH_FESTIVAL,MONTH_PANCHANG_DISCOVERY_DATE,OBSERVANCE,Nag Panchami,,,Nag Panchami is observed today.,20,2026-08-17,standard_festival_engine.py,NAG_PANCHAMI_V2_0_DISCOVERY_EVIDENCE,APPROVED,2026-08-22T21:30:45-04:00,nag_panchami_messages.csv
2026-08-17,geoname:1255364,geoname:1255364|city:surat,Surat,Gujarat,India,Asia/Kolkata,1255364,SANKRAMANA,Simha Sankranti,SANKRAMANA_2026_08_SIMHA_SANKRANTI,SANKRAMANA,DRIK_SANKRAMANA_DETAIL,OBSERVANCE,Simha Sankranti,Simha Sankranti Moment - 08:04 AM | Simha Sankranti Punya Kala - 06:18 AM to 08:04 AM | Simha Sankranti Maha Punya Kala - 06:18 AM to 08:04 AM,,Simha Sankranti. Simha Sankranti Moment - 08:04 AM | Simha Sankranti Punya Kala - 06:18 AM to 08:04 AM | Simha Sankranti Maha Punya Kala - 06:18 AM to 08:04 AM,20,2026-08-17,sankramana_engine.py,SANKRAMANA_V2_1_CITY_CONTEXT_THEN_DISCOVERY_URL,APPROVED,2026-08-22T21:30:45-04:00,sankramana_messages.csv
2026-08-17,geoname:1255634,geoname:1255634|city:srinagar,Srinagar,Jammu and Kashmir,India,Asia/Kolkata,1255634,NAG_PANCHAMI,Nag Panchami,NAG_PANCHAMI_2026_08_NAG_PANCHAMI,STANDARD_MONTH_FESTIVAL,MONTH_PANCHANG_DISCOVERY_DATE,OBSERVANCE,Nag Panchami,,,Nag Panchami is observed today.,20,2026-08-17,standard_festival_engine.py,NAG_PANCHAMI_V2_0_DISCOVERY_EVIDENCE,APPROVED,2026-08-22T21:30:45-04:00,nag_panchami_messages.csv
2026-08-17,geoname:1255634,geoname:1255634|city:srinagar,Srinagar,Jammu and Kashmir,India,Asia/Kolkata,1255634,SANKRAMANA,Simha Sankranti,SANKRAMANA_2026_08_SIMHA_SANKRANTI,SANKRAMANA,DRIK_SANKRAMANA_DETAIL,OBSERVANCE,Simha Sankranti,Simha Sankranti Moment - 08:04 AM | Simha Sankranti Punya Kala - 05:53 AM to 08:04 AM | Simha Sankranti Maha Punya Kala - 05:53 AM to 08:04 AM,,Simha Sankranti. Simha Sankranti Moment - 08:04 AM | Simha Sankranti Punya Kala - 05:53 AM to 08:04 AM | Simha Sankranti Maha Punya Kala - 05:53 AM to 08:04 AM,20,2026-08-17,sankramana_engine.py,SANKRAMANA_V2_1_CITY_CONTEXT_THEN_DISCOVERY_URL,APPROVED,2026-08-22T21:30:45-04:00,sankramana_messages.csv
2026-08-17,geoname:1256287,geoname:1256287|city:silchar,Silchar,Assam,India,Asia/Kolkata,1256287,NAG_PANCHAMI,Nag Panchami,NAG_PANCHAMI_2026_08_NAG_PANCHAMI,STANDARD_MONTH_FESTIVAL,MONTH_PANCHANG_DISCOVERY_DATE,OBSERVANCE,Nag Panchami,,,Nag Panchami is observed today.,20,2026-08-17,standard_festival_engine.py,NAG_PANCHAMI_V2_0_DISCOVERY_EVIDENCE,APPROVED,2026-08-22T21:30:45-04:00,nag_panchami_messages.csv
2026-08-17,geoname:1256287,geoname:1256287|city:silchar,Silchar,Assam,India,Asia/Kolkata,1256287,SANKRAMANA,Simha Sankranti,SANKRAMANA_2026_08_SIMHA_SANKRANTI,SANKRAMANA,DRIK_SANKRAMANA_DETAIL,OBSERVANCE,Simha Sankranti,Simha Sankranti Moment - 08:04 AM | Simha Sankranti Punya Kala - 04:54 AM to 08:04 AM | Simha Sankranti Maha Punya Kala - 05:54 AM to 08:04 AM,,Simha Sankranti. Simha Sankranti Moment - 08:04 AM | Simha Sankranti Punya Kala - 04:54 AM to 08:04 AM | Simha Sankranti Maha Punya Kala - 05:54 AM to 08:04 AM,20,2026-08-17,sankramana_engine.py,SANKRAMANA_V2_1_CITY_CONTEXT_THEN_DISCOVERY_URL,APPROVED,2026-08-22T21:30:45-04:00,sankramana_messages.csv
2026-08-17,geoname:1256525,geoname:1256525|city:shiliguri,Shiliguri,West Bengal,India,Asia/Kolkata,1256525,NAG_PANCHAMI,Nag Panchami,NAG_PANCHAMI_2026_08_NAG_PANCHAMI,STANDARD_MONTH_FESTIVAL,MONTH_PANCHANG_DISCOVERY_DATE,OBSERVANCE,Nag Panchami,,,Nag Panchami is observed today.,20,2026-08-17,standard_festival_engine.py,NAG_PANCHAMI_V2_0_DISCOVERY_EVIDENCE,APPROVED,2026-08-22T21:30:45-04:00,nag_panchami_messages.csv
2026-08-17,geoname:1256525,geoname:1256525|city:shiliguri,Shiliguri,West Bengal,India,Asia/Kolkata,1256525,SANKRAMANA,Simha Sankranti,SANKRAMANA_2026_08_SIMHA_SANKRANTI,SANKRAMANA,DRIK_SANKRAMANA_DETAIL,OBSERVANCE,Simha Sankranti,Simha Sankranti Moment - 08:04 AM | Simha Sankranti Punya Kala - 05:09 AM to 08:04 AM | Simha Sankranti Maha Punya Kala - 05:53 AM to 08:04 AM,,Simha Sankranti. Simha Sankranti Moment - 08:04 AM | Simha Sankranti Punya Kala - 05:09 AM to 08:04 AM | Simha Sankranti Maha Punya Kala - 05:53 AM to 08:04 AM,20,2026-08-17,sankramana_engine.py,SANKRAMANA_V2_1_CITY_CONTEXT_THEN_DISCOVERY_URL,APPROVED,2026-08-22T21:30:45-04:00,sankramana_messages.csv
2026-08-17,geoname:1259229,geoname:1259229|city:pune,Pune,Maharashtra,India,Asia/Kolkata,1259229,NAG_PANCHAMI,Nag Panchami,NAG_PANCHAMI_2026_08_NAG_PANCHAMI,STANDARD_MONTH_FESTIVAL,MONTH_PANCHANG_DISCOVERY_DATE,OBSERVANCE,Nag Panchami,,,Nag Panchami is observed today.,20,2026-08-17,standard_festival_engine.py,NAG_PANCHAMI_V2_0_DISCOVERY_EVIDENCE,APPROVED,2026-08-22T21:30:45-04:00,nag_panchami_messages.csv
2026-08-17,geoname:1259229,geoname:1259229|city:pune,Pune,Maharashtra,India,Asia/Kolkata,1259229,SANKRAMANA,Simha Sankranti,SANKRAMANA_2026_08_SIMHA_SANKRANTI,SANKRAMANA,DRIK_SANKRAMANA_DETAIL,OBSERVANCE,Simha Sankranti,Simha Sankranti Moment - 08:04 AM | Simha Sankranti Punya Kala - 06:17 AM to 08:04 AM | Simha Sankranti Maha Punya Kala - 06:17 AM to 08:04 AM,,Simha Sankranti. Simha Sankranti Moment - 08:04 AM | Simha Sankranti Punya Kala - 06:17 AM to 08:04 AM | Simha Sankranti Maha Punya Kala - 06:17 AM to 08:04 AM,20,2026-08-17,sankramana_engine.py,SANKRAMANA_V2_1_CITY_CONTEXT_THEN_DISCOVERY_URL,APPROVED,2026-08-22T21:30:45-04:00,sankramana_messages.csv
2026-08-17,geoname:1260546,geoname:1260546|city:pandharpur,Pandharpur,Maharashtra,India,Asia/Kolkata,1260546,NAG_PANCHAMI,Nag Panchami,NAG_PANCHAMI_2026_08_NAG_PANCHAMI,STANDARD_MONTH_FESTIVAL,MONTH_PANCHANG_DISCOVERY_DATE,OBSERVANCE,Nag Panchami,,,Nag Panchami is observed today.,20,2026-08-17,standard_festival_engine.py,NAG_PANCHAMI_V2_0_DISCOVERY_EVIDENCE,APPROVED,2026-08-22T21:30:45-04:00,nag_panchami_messages.csv
2026-08-17,geoname:1260546,geoname:1260546|city:pandharpur,Pandharpur,Maharashtra,India,Asia/Kolkata,1260546,SANKRAMANA,Simha Sankranti,SANKRAMANA_2026_08_SIMHA_SANKRANTI,SANKRAMANA,DRIK_SANKRAMANA_DETAIL,OBSERVANCE,Simha Sankranti,Simha Sankranti Moment - 08:04 AM | Simha Sankranti Punya Kala - 06:12 AM to 08:04 AM | Simha Sankranti Maha Punya Kala - 06:12 AM to 08:04 AM,,Simha Sankranti. Simha Sankranti Moment - 08:04 AM | Simha Sankranti Punya Kala - 06:12 AM to 08:04 AM | Simha Sankranti Maha Punya Kala - 06:12 AM to 08:04 AM,20,2026-08-17,sankramana_engine.py,SANKRAMANA_V2_1_CITY_CONTEXT_THEN_DISCOVERY_URL,APPROVED,2026-08-22T21:30:45-04:00,sankramana_messages.csv
2026-08-17,geoname:1262180,geoname:1262180|city:nagpur,Nagpur,Maharashtra,India,Asia/Kolkata,1262180,NAG_PANCHAMI,Nag Panchami,NAG_PANCHAMI_2026_08_NAG_PANCHAMI,STANDARD_MONTH_FESTIVAL,MONTH_PANCHANG_DISCOVERY_DATE,OBSERVANCE,Nag Panchami,,,Nag Panchami is observed today.,20,2026-08-17,standard_festival_engine.py,NAG_PANCHAMI_V2_0_DISCOVERY_EVIDENCE,APPROVED,2026-08-22T21:30:45-04:00,nag_panchami_messages.csv
2026-08-17,geoname:1262180,geoname:1262180|city:nagpur,Nagpur,Maharashtra,India,Asia/Kolkata,1262180,SANKRAMANA,Simha Sankranti,SANKRAMANA_2026_08_SIMHA_SANKRANTI,SANKRAMANA,DRIK_SANKRAMANA_DETAIL,OBSERVANCE,Simha Sankranti,Simha Sankranti Moment - 08:04 AM | Simha Sankranti Punya Kala - 05:53 AM to 08:04 AM | Simha Sankranti Maha Punya Kala - 05:55 AM to 08:04 AM,,Simha Sankranti. Simha Sankranti Moment - 08:04 AM | Simha Sankranti Punya Kala - 05:53 AM to 08:04 AM | Simha Sankranti Maha Punya Kala - 05:55 AM to 08:04 AM,20,2026-08-17,sankramana_engine.py,SANKRAMANA_V2_1_CITY_CONTEXT_THEN_DISCOVERY_URL,APPROVED,2026-08-22T21:30:45-04:00,sankramana_messages.csv
2026-08-17,geoname:1262321,geoname:1262321|city:mysuru,Mysuru,Karnataka,India,Asia/Kolkata,1262321,NAG_PANCHAMI,Nag Panchami,NAG_PANCHAMI_2026_08_NAG_PANCHAMI,STANDARD_MONTH_FESTIVAL,MONTH_PANCHANG_DISCOVERY_DATE,OBSERVANCE,Nag Panchami,,,Nag Panchami is observed today.,20,2026-08-17,standard_festival_engine.py,NAG_PANCHAMI_V2_0_DISCOVERY_EVIDENCE,APPROVED,2026-08-22T21:30:45-04:00,nag_panchami_messages.csv
2026-08-17,geoname:1262321,geoname:1262321|city:mysuru,Mysuru,Karnataka,India,Asia/Kolkata,1262321,SANKRAMANA,Simha Sankranti,SANKRAMANA_2026_08_SIMHA_SANKRANTI,SANKRAMANA,DRIK_SANKRAMANA_DETAIL,OBSERVANCE,Simha Sankranti,Simha Sankranti Moment - 08:04 AM | Simha Sankranti Punya Kala - 06:12 AM to 08:04 AM | Simha Sankranti Maha Punya Kala - 06:12 AM to 08:04 AM,,Simha Sankranti. Simha Sankranti Moment - 08:04 AM | Simha Sankranti Punya Kala - 06:12 AM to 08:04 AM | Simha Sankranti Maha Punya Kala - 06:12 AM to 08:04 AM,20,2026-08-17,sankramana_engine.py,SANKRAMANA_V2_1_CITY_CONTEXT_THEN_DISCOVERY_URL,APPROVED,2026-08-22T21:30:45-04:00,sankramana_messages.csv
2026-08-17,geoname:1262321,geoname:1262321|city:t_narasipura,T Narasipura,Karnataka,India,Asia/Kolkata,1262321,NAG_PANCHAMI,Nag Panchami,NAG_PANCHAMI_2026_08_NAG_PANCHAMI,STANDARD_MONTH_FESTIVAL,MONTH_PANCHANG_DISCOVERY_DATE,OBSERVANCE,Nag Panchami,,,Nag Panchami is observed today.,20,2026-08-17,standard_festival_engine.py,NAG_PANCHAMI_V2_0_DISCOVERY_EVIDENCE,APPROVED,2026-08-22T21:30:45-04:00,nag_panchami_messages.csv
2026-08-17,geoname:1262321,geoname:1262321|city:t_narasipura,T Narasipura,Karnataka,India,Asia/Kolkata,1262321,SANKRAMANA,Simha Sankranti,SANKRAMANA_2026_08_SIMHA_SANKRANTI,SANKRAMANA,DRIK_SANKRAMANA_DETAIL,OBSERVANCE,Simha Sankranti,Simha Sankranti Moment - 08:04 AM | Simha Sankranti Punya Kala - 06:12 AM to 08:04 AM | Simha Sankranti Maha Punya Kala - 06:12 AM to 08:04 AM,,Simha Sankranti. Simha Sankranti Moment - 08:04 AM | Simha Sankranti Punya Kala - 06:12 AM to 08:04 AM | Simha Sankranti Maha Punya Kala - 06:12 AM to 08:04 AM,20,2026-08-17,sankramana_engine.py,SANKRAMANA_V2_1_CITY_CONTEXT_THEN_DISCOVERY_URL,APPROVED,2026-08-22T21:30:45-04:00,sankramana_messages.csv
2026-08-17,geoname:1263780,geoname:1263780|city:mangalore,Mangalore,Karnataka,India,Asia/Kolkata,1263780,NAG_PANCHAMI,Nag Panchami,NAG_PANCHAMI_2026_08_NAG_PANCHAMI,STANDARD_MONTH_FESTIVAL,MONTH_PANCHANG_DISCOVERY_DATE,OBSERVANCE,Nag Panchami,,,Nag Panchami is observed today.,20,2026-08-17,standard_festival_engine.py,NAG_PANCHAMI_V2_0_DISCOVERY_EVIDENCE,APPROVED,2026-08-22T21:30:45-04:00,nag_panchami_messages.csv
2026-08-17,geoname:1263780,geoname:1263780|city:mangalore,Mangalore,Karnataka,India,Asia/Kolkata,1263780,SANKRAMANA,Simha Sankranti,SANKRAMANA_2026_08_SIMHA_SANKRANTI,SANKRAMANA,DRIK_SANKRAMANA_DETAIL,OBSERVANCE,Simha Sankranti,Simha Sankranti Moment - 08:04 AM | Simha Sankranti Punya Kala - 06:19 AM to 08:04 AM | Simha Sankranti Maha Punya Kala - 06:19 AM to 08:04 AM,,Simha Sankranti. Simha Sankranti Moment - 08:04 AM | Simha Sankranti Punya Kala - 06:19 AM to 08:04 AM | Simha Sankranti Maha Punya Kala - 06:19 AM to 08:04 AM,20,2026-08-17,sankramana_engine.py,SANKRAMANA_V2_1_CITY_CONTEXT_THEN_DISCOVERY_URL,APPROVED,2026-08-22T21:30:45-04:00,sankramana_messages.csv
2026-08-17,geoname:1264521,geoname:1264521|city:madurai,Madurai,Tamil Nadu,India,Asia/Kolkata,1264521,NAG_PANCHAMI,Nag Panchami,NAG_PANCHAMI_2026_08_NAG_PANCHAMI,STANDARD_MONTH_FESTIVAL,MONTH_PANCHANG_DISCOVERY_DATE,OBSERVANCE,Nag Panchami,,,Nag Panchami is observed today.,20,2026-08-17,standard_festival_engine.py,NAG_PANCHAMI_V2_0_DISCOVERY_EVIDENCE,APPROVED,2026-08-22T21:30:45-04:00,nag_panchami_messages.csv
2026-08-17,geoname:1264521,geoname:1264521|city:madurai,Madurai,Tamil Nadu,India,Asia/Kolkata,1264521,SANKRAMANA,Simha Sankranti,SANKRAMANA_2026_08_SIMHA_SANKRANTI,SANKRAMANA,DRIK_SANKRAMANA_DETAIL,OBSERVANCE,Simha Sankranti,Simha Sankranti Moment - 08:04 AM | Simha Sankranti Punya Kala - 06:09 AM to 08:04 AM | Simha Sankranti Maha Punya Kala - 06:09 AM to 08:04 AM,,Simha Sankranti. Simha Sankranti Moment - 08:04 AM | Simha Sankranti Punya Kala - 06:09 AM to 08:04 AM | Simha Sankranti Maha Punya Kala - 06:09 AM to 08:04 AM,20,2026-08-17,sankramana_engine.py,SANKRAMANA_V2_1_CITY_CONTEXT_THEN_DISCOVERY_URL,APPROVED,2026-08-22T21:30:45-04:00,sankramana_messages.csv
2026-08-17,geoname:1264527,geoname:1264527|city:chennai,Chennai,Tamil Nadu,India,Asia/Kolkata,1264527,NAG_PANCHAMI,Nag Panchami,NAG_PANCHAMI_2026_08_NAG_PANCHAMI,STANDARD_MONTH_FESTIVAL,MONTH_PANCHANG_DISCOVERY_DATE,OBSERVANCE,Nag Panchami,,,Nag Panchami is observed today.,20,2026-08-17,standard_festival_engine.py,NAG_PANCHAMI_V2_0_DISCOVERY_EVIDENCE,APPROVED,2026-08-22T21:30:45-04:00,nag_panchami_messages.csv
2026-08-17,geoname:1264527,geoname:1264527|city:chennai,Chennai,Tamil Nadu,India,Asia/Kolkata,1264527,SANKRAMANA,Simha Sankranti,SANKRAMANA_2026_08_SIMHA_SANKRANTI,SANKRAMANA,DRIK_SANKRAMANA_DETAIL,OBSERVANCE,Simha Sankranti,Simha Sankranti Moment - 08:04 AM | Simha Sankranti Punya Kala - 05:57 AM to 08:04 AM | Simha Sankranti Maha Punya Kala - 05:58 AM to 08:04 AM,,Simha Sankranti. Simha Sankranti Moment - 08:04 AM | Simha Sankranti Punya Kala - 05:57 AM to 08:04 AM | Simha Sankranti Maha Punya Kala - 05:58 AM to 08:04 AM,20,2026-08-17,sankramana_engine.py,SANKRAMANA_V2_1_CITY_CONTEXT_THEN_DISCOVERY_URL,APPROVED,2026-08-22T21:30:45-04:00,sankramana_messages.csv
2026-08-17,geoname:1264733,geoname:1264733|city:lucknow,Lucknow,Uttar Pradesh,India,Asia/Kolkata,1264733,NAG_PANCHAMI,Nag Panchami,NAG_PANCHAMI_2026_08_NAG_PANCHAMI,STANDARD_MONTH_FESTIVAL,MONTH_PANCHANG_DISCOVERY_DATE,OBSERVANCE,Nag Panchami,,,Nag Panchami is observed today.,20,2026-08-17,standard_festival_engine.py,NAG_PANCHAMI_V2_0_DISCOVERY_EVIDENCE,APPROVED,2026-08-22T21:30:45-04:00,nag_panchami_messages.csv
2026-08-17,geoname:1264733,geoname:1264733|city:lucknow,Lucknow,Uttar Pradesh,India,Asia/Kolkata,1264733,SANKRAMANA,Simha Sankranti,SANKRAMANA_2026_08_SIMHA_SANKRANTI,SANKRAMANA,DRIK_SANKRAMANA_DETAIL,OBSERVANCE,Simha Sankranti,Simha Sankranti Moment - 08:04 AM | Simha Sankranti Punya Kala - 05:39 AM to 08:04 AM | Simha Sankranti Maha Punya Kala - 05:53 AM to 08:04 AM,,Simha Sankranti. Simha Sankranti Moment - 08:04 AM | Simha Sankranti Punya Kala - 05:39 AM to 08:04 AM | Simha Sankranti Maha Punya Kala - 05:53 AM to 08:04 AM,20,2026-08-17,sankramana_engine.py,SANKRAMANA_V2_1_CITY_CONTEXT_THEN_DISCOVERY_URL,APPROVED,2026-08-22T21:30:45-04:00,sankramana_messages.csv
2026-08-17,geoname:1265683,geoname:1265683|city:kumbakonam,Kumbakonam,Tamil Nadu,India,Asia/Kolkata,1265683,NAG_PANCHAMI,Nag Panchami,NAG_PANCHAMI_2026_08_NAG_PANCHAMI,STANDARD_MONTH_FESTIVAL,MONTH_PANCHANG_DISCOVERY_DATE,OBSERVANCE,Nag Panchami,,,Nag Panchami is observed today.,20,2026-08-17,standard_festival_engine.py,NAG_PANCHAMI_V2_0_DISCOVERY_EVIDENCE,APPROVED,2026-08-22T21:30:45-04:00,nag_panchami_messages.csv
2026-08-17,geoname:1265683,geoname:1265683|city:kumbakonam,Kumbakonam,Tamil Nadu,India,Asia/Kolkata,1265683,SANKRAMANA,Simha Sankranti,SANKRAMANA_2026_08_SIMHA_SANKRANTI,SANKRAMANA,DRIK_SANKRAMANA_DETAIL,OBSERVANCE,Simha Sankranti,Simha Sankranti Moment - 08:04 AM | Simha Sankranti Punya Kala - 06:02 AM to 08:04 AM | Simha Sankranti Maha Punya Kala - 06:02 AM to 08:04 AM,,Simha Sankranti. Simha Sankranti Moment - 08:04 AM | Simha Sankranti Punya Kala - 06:02 AM to 08:04 AM | Simha Sankranti Maha Punya Kala - 06:02 AM to 08:04 AM,20,2026-08-17,sankramana_engine.py,SANKRAMANA_V2_1_CITY_CONTEXT_THEN_DISCOVERY_URL,APPROVED,2026-08-22T21:30:45-04:00,sankramana_messages.csv
2026-08-17,geoname:1266285,geoname:1266285|city:kolhapur,Kolhapur,Maharashtra,India,Asia/Kolkata,1266285,NAG_PANCHAMI,Nag Panchami,NAG_PANCHAMI_2026_08_NAG_PANCHAMI,STANDARD_MONTH_FESTIVAL,MONTH_PANCHANG_DISCOVERY_DATE,OBSERVANCE,Nag Panchami,,,Nag Panchami is observed today.,20,2026-08-17,standard_festival_engine.py,NAG_PANCHAMI_V2_0_DISCOVERY_EVIDENCE,APPROVED,2026-08-22T21:30:45-04:00,nag_panchami_messages.csv
2026-08-17,geoname:1266285,geoname:1266285|city:kolhapur,Kolhapur,Maharashtra,India,Asia/Kolkata,1266285,SANKRAMANA,Simha Sankranti,SANKRAMANA_2026_08_SIMHA_SANKRANTI,SANKRAMANA,DRIK_SANKRAMANA_DETAIL,OBSERVANCE,Simha Sankranti,Simha Sankranti Moment - 08:04 AM | Simha Sankranti Punya Kala - 06:17 AM to 08:04 AM | Simha Sankranti Maha Punya Kala - 06:17 AM to 08:04 AM,,Simha Sankranti. Simha Sankranti Moment - 08:04 AM | Simha Sankranti Punya Kala - 06:17 AM to 08:04 AM | Simha Sankranti Maha Punya Kala - 06:17 AM to 08:04 AM,20,2026-08-17,sankramana_engine.py,SANKRAMANA_V2_1_CITY_CONTEXT_THEN_DISCOVERY_URL,APPROVED,2026-08-22T21:30:45-04:00,sankramana_messages.csv
2026-08-17,geoname:1268159,geoname:1268159|city:kanchipuram,Kanchipuram,Tamil Nadu,India,Asia/Kolkata,1268159,NAG_PANCHAMI,Nag Panchami,NAG_PANCHAMI_2026_08_NAG_PANCHAMI,STANDARD_MONTH_FESTIVAL,MONTH_PANCHANG_DISCOVERY_DATE,OBSERVANCE,Nag Panchami,,,Nag Panchami is observed today.,20,2026-08-17,standard_festival_engine.py,NAG_PANCHAMI_V2_0_DISCOVERY_EVIDENCE,APPROVED,2026-08-22T21:30:45-04:00,nag_panchami_messages.csv
2026-08-17,geoname:1268159,geoname:1268159|city:kanchipuram,Kanchipuram,Tamil Nadu,India,Asia/Kolkata,1268159,SANKRAMANA,Simha Sankranti,SANKRAMANA_2026_08_SIMHA_SANKRANTI,SANKRAMANA,DRIK_SANKRAMANA_DETAIL,OBSERVANCE,Simha Sankranti,Simha Sankranti Moment - 08:04 AM | Simha Sankranti Punya Kala - 05:59 AM to 08:04 AM | Simha Sankranti Maha Punya Kala - 05:59 AM to 08:04 AM,,Simha Sankranti. Simha Sankranti Moment - 08:04 AM | Simha Sankranti Punya Kala - 05:59 AM to 08:04 AM | Simha Sankranti Maha Punya Kala - 05:59 AM to 08:04 AM,20,2026-08-17,sankramana_engine.py,SANKRAMANA_V2_1_CITY_CONTEXT_THEN_DISCOVERY_URL,APPROVED,2026-08-22T21:30:45-04:00,sankramana_messages.csv
2026-08-17,geoname:1269655,geoname:1269655|city:itanagar,Itanagar,Arunachal Pradesh,India,Asia/Kolkata,1269655,NAG_PANCHAMI,Nag Panchami,NAG_PANCHAMI_2026_08_NAG_PANCHAMI,STANDARD_MONTH_FESTIVAL,MONTH_PANCHANG_DISCOVERY_DATE,OBSERVANCE,Nag Panchami,,,Nag Panchami is observed today.,20,2026-08-17,standard_festival_engine.py,NAG_PANCHAMI_V2_0_DISCOVERY_EVIDENCE,APPROVED,2026-08-22T21:30:45-04:00,nag_panchami_messages.csv
2026-08-17,geoname:1269655,geoname:1269655|city:itanagar,Itanagar,Arunachal Pradesh,India,Asia/Kolkata,1269655,SANKRAMANA,Simha Sankranti,SANKRAMANA_2026_08_SIMHA_SANKRANTI,SANKRAMANA,DRIK_SANKRAMANA_DETAIL,OBSERVANCE,Simha Sankranti,Simha Sankranti Moment - 08:04 AM | Simha Sankranti Punya Kala - 04:48 AM to 08:04 AM | Simha Sankranti Maha Punya Kala - 05:53 AM to 08:04 AM,,Simha Sankranti. Simha Sankranti Moment - 08:04 AM | Simha Sankranti Punya Kala - 04:48 AM to 08:04 AM | Simha Sankranti Maha Punya Kala - 05:53 AM to 08:04 AM,20,2026-08-17,sankramana_engine.py,SANKRAMANA_V2_1_CITY_CONTEXT_THEN_DISCOVERY_URL,APPROVED,2026-08-22T21:30:45-04:00,sankramana_messages.csv
2026-08-17,geoname:1269771,geoname:1269771|city:imphal,Imphal,Manipur,India,Asia/Kolkata,1269771,NAG_PANCHAMI,Nag Panchami,NAG_PANCHAMI_2026_08_NAG_PANCHAMI,STANDARD_MONTH_FESTIVAL,MONTH_PANCHANG_DISCOVERY_DATE,OBSERVANCE,Nag Panchami,,,Nag Panchami is observed today.,20,2026-08-17,standard_festival_engine.py,NAG_PANCHAMI_V2_0_DISCOVERY_EVIDENCE,APPROVED,2026-08-22T21:30:45-04:00,nag_panchami_messages.csv
2026-08-17,geoname:1269771,geoname:1269771|city:imphal,Imphal,Manipur,India,Asia/Kolkata,1269771,SANKRAMANA,Simha Sankranti,SANKRAMANA_2026_08_SIMHA_SANKRANTI,SANKRAMANA,DRIK_SANKRAMANA_DETAIL,OBSERVANCE,Simha Sankranti,Simha Sankranti Moment - 08:04 AM | Simha Sankranti Punya Kala - 04:49 AM to 08:04 AM | Simha Sankranti Maha Punya Kala - 05:54 AM to 08:04 AM,,Simha Sankranti. Simha Sankranti Moment - 08:04 AM | Simha Sankranti Punya Kala - 04:49 AM to 08:04 AM | Simha Sankranti Maha Punya Kala - 05:54 AM to 08:04 AM,20,2026-08-17,sankramana_engine.py,SANKRAMANA_V2_1_CITY_CONTEXT_THEN_DISCOVERY_URL,APPROVED,2026-08-22T21:30:45-04:00,sankramana_messages.csv
2026-08-17,geoname:1269843,geoname:1269843|city:hyderabad,Hyderabad,Telangana,India,Asia/Kolkata,1269843,NAG_PANCHAMI,Nag Panchami,NAG_PANCHAMI_2026_08_NAG_PANCHAMI,STANDARD_MONTH_FESTIVAL,MONTH_PANCHANG_DISCOVERY_DATE,OBSERVANCE,Nag Panchami,,,Nag Panchami is observed today.,20,2026-08-17,standard_festival_engine.py,NAG_PANCHAMI_V2_0_DISCOVERY_EVIDENCE,APPROVED,2026-08-22T21:30:45-04:00,nag_panchami_messages.csv
2026-08-17,geoname:1269843,geoname:1269843|city:hyderabad,Hyderabad,Telangana,India,Asia/Kolkata,1269843,SANKRAMANA,Simha Sankranti,SANKRAMANA_2026_08_SIMHA_SANKRANTI,SANKRAMANA,DRIK_SANKRAMANA_DETAIL,OBSERVANCE,Simha Sankranti,Simha Sankranti Moment - 08:04 AM | Simha Sankranti Punya Kala - 06:00 AM to 08:04 AM | Simha Sankranti Maha Punya Kala - 06:00 AM to 08:04 AM,,Simha Sankranti. Simha Sankranti Moment - 08:04 AM | Simha Sankranti Punya Kala - 06:00 AM to 08:04 AM | Simha Sankranti Maha Punya Kala - 06:00 AM to 08:04 AM,20,2026-08-17,sankramana_engine.py,SANKRAMANA_V2_1_CITY_CONTEXT_THEN_DISCOVERY_URL,APPROVED,2026-08-22T21:30:45-04:00,sankramana_messages.csv
2026-08-17,geoname:1269920,geoname:1269920|city:hubli,Hubli,Karnataka,India,Asia/Kolkata,1269920,NAG_PANCHAMI,Nag Panchami,NAG_PANCHAMI_2026_08_NAG_PANCHAMI,STANDARD_MONTH_FESTIVAL,MONTH_PANCHANG_DISCOVERY_DATE,OBSERVANCE,Nag Panchami,,,Nag Panchami is observed today.,20,2026-08-17,standard_festival_engine.py,NAG_PANCHAMI_V2_0_DISCOVERY_EVIDENCE,APPROVED,2026-08-22T21:30:45-04:00,nag_panchami_messages.csv
2026-08-17,geoname:1269920,geoname:1269920|city:hubli,Hubli,Karnataka,India,Asia/Kolkata,1269920,SANKRAMANA,Simha Sankranti,SANKRAMANA_2026_08_SIMHA_SANKRANTI,SANKRAMANA,DRIK_SANKRAMANA_DETAIL,OBSERVANCE,Simha Sankranti,Simha Sankranti Moment - 08:04 AM | Simha Sankranti Punya Kala - 06:15 AM to 08:04 AM | Simha Sankranti Maha Punya Kala - 06:15 AM to 08:04 AM,,Simha Sankranti. Simha Sankranti Moment - 08:04 AM | Simha Sankranti Punya Kala - 06:15 AM to 08:04 AM | Simha Sankranti Maha Punya Kala - 06:15 AM to 08:04 AM,20,2026-08-17,sankramana_engine.py,SANKRAMANA_V2_1_CITY_CONTEXT_THEN_DISCOVERY_URL,APPROVED,2026-08-22T21:30:45-04:00,sankramana_messages.csv
2026-08-17,geoname:1270603,geoname:1270603|city:guruvayur,Guruvayur,Kerala,India,Asia/Kolkata,1270603,NAG_PANCHAMI,Nag Panchami,NAG_PANCHAMI_2026_08_NAG_PANCHAMI,STANDARD_MONTH_FESTIVAL,MONTH_PANCHANG_DISCOVERY_DATE,OBSERVANCE,Nag Panchami,,,Nag Panchami is observed today.,20,2026-08-17,standard_festival_engine.py,NAG_PANCHAMI_V2_0_DISCOVERY_EVIDENCE,APPROVED,2026-08-22T21:30:45-04:00,nag_panchami_messages.csv
2026-08-17,geoname:1270603,geoname:1270603|city:guruvayur,Guruvayur,Kerala,India,Asia/Kolkata,1270603,SANKRAMANA,Simha Sankranti,SANKRAMANA_2026_08_SIMHA_SANKRANTI,SANKRAMANA,DRIK_SANKRAMANA_DETAIL,OBSERVANCE,Simha Sankranti,Simha Sankranti Moment - 08:04 AM | Simha Sankranti Punya Kala - 06:16 AM to 08:04 AM | Simha Sankranti Maha Punya Kala - 06:16 AM to 08:04 AM,,Simha Sankranti. Simha Sankranti Moment - 08:04 AM | Simha Sankranti Punya Kala - 06:16 AM to 08:04 AM | Simha Sankranti Maha Punya Kala - 06:16 AM to 08:04 AM,20,2026-08-17,sankramana_engine.py,SANKRAMANA_V2_1_CITY_CONTEXT_THEN_DISCOVERY_URL,APPROVED,2026-08-22T21:30:45-04:00,sankramana_messages.csv
2026-08-17,geoname:1271476,geoname:1271476|city:guwahati,Guwahati,Assam,India,Asia/Kolkata,1271476,NAG_PANCHAMI,Nag Panchami,NAG_PANCHAMI_2026_08_NAG_PANCHAMI,STANDARD_MONTH_FESTIVAL,MONTH_PANCHANG_DISCOVERY_DATE,OBSERVANCE,Nag Panchami,,,Nag Panchami is observed today.,20,2026-08-17,standard_festival_engine.py,NAG_PANCHAMI_V2_0_DISCOVERY_EVIDENCE,APPROVED,2026-08-22T21:30:45-04:00,nag_panchami_messages.csv
2026-08-17,geoname:1271476,geoname:1271476|city:guwahati,Guwahati,Assam,India,Asia/Kolkata,1271476,SANKRAMANA,Simha Sankranti,SANKRAMANA_2026_08_SIMHA_SANKRANTI,SANKRAMANA,DRIK_SANKRAMANA_DETAIL,OBSERVANCE,Simha Sankranti,Simha Sankranti Moment - 08:04 AM | Simha Sankranti Punya Kala - 04:56 AM to 08:04 AM | Simha Sankranti Maha Punya Kala - 05:53 AM to 08:04 AM,,Simha Sankranti. Simha Sankranti Moment - 08:04 AM | Simha Sankranti Punya Kala - 04:56 AM to 08:04 AM | Simha Sankranti Maha Punya Kala - 05:53 AM to 08:04 AM,20,2026-08-17,sankramana_engine.py,SANKRAMANA_V2_1_CITY_CONTEXT_THEN_DISCOVERY_URL,APPROVED,2026-08-22T21:30:45-04:00,sankramana_messages.csv
2026-08-17,geoname:1271631,geoname:1271631|city:gangtok,Gangtok,Sikkim,India,Asia/Kolkata,1271631,NAG_PANCHAMI,Nag Panchami,NAG_PANCHAMI_2026_08_NAG_PANCHAMI,STANDARD_MONTH_FESTIVAL,MONTH_PANCHANG_DISCOVERY_DATE,OBSERVANCE,Nag Panchami,,,Nag Panchami is observed today.,20,2026-08-17,standard_festival_engine.py,NAG_PANCHAMI_V2_0_DISCOVERY_EVIDENCE,APPROVED,2026-08-22T21:30:45-04:00,nag_panchami_messages.csv
2026-08-17,geoname:1271631,geoname:1271631|city:gangtok,Gangtok,Sikkim,India,Asia/Kolkata,1271631,SANKRAMANA,Simha Sankranti,SANKRAMANA_2026_08_SIMHA_SANKRANTI,SANKRAMANA,DRIK_SANKRAMANA_DETAIL,OBSERVANCE,Simha Sankranti,Simha Sankranti Moment - 08:04 AM | Simha Sankranti Punya Kala - 05:07 AM to 08:04 AM | Simha Sankranti Maha Punya Kala - 05:53 AM to 08:04 AM,,Simha Sankranti. Simha Sankranti Moment - 08:04 AM | Simha Sankranti Punya Kala - 05:07 AM to 08:04 AM | Simha Sankranti Maha Punya Kala - 05:53 AM to 08:04 AM,20,2026-08-17,sankramana_engine.py,SANKRAMANA_V2_1_CITY_CONTEXT_THEN_DISCOVERY_URL,APPROVED,2026-08-22T21:30:45-04:00,sankramana_messages.csv
2026-08-17,geoname:1272552,geoname:1272552|city:dimapur,Dimapur,Nagaland,India,Asia/Kolkata,1272552,NAG_PANCHAMI,Nag Panchami,NAG_PANCHAMI_2026_08_NAG_PANCHAMI,STANDARD_MONTH_FESTIVAL,MONTH_PANCHANG_DISCOVERY_DATE,OBSERVANCE,Nag Panchami,,,Nag Panchami is observed today.,20,2026-08-17,standard_festival_engine.py,NAG_PANCHAMI_V2_0_DISCOVERY_EVIDENCE,APPROVED,2026-08-22T21:30:45-04:00,nag_panchami_messages.csv
2026-08-17,geoname:1272552,geoname:1272552|city:dimapur,Dimapur,Nagaland,India,Asia/Kolkata,1272552,SANKRAMANA,Simha Sankranti,SANKRAMANA_2026_08_SIMHA_SANKRANTI,SANKRAMANA,DRIK_SANKRAMANA_DETAIL,OBSERVANCE,Simha Sankranti,Simha Sankranti Moment - 08:04 AM | Simha Sankranti Punya Kala - 04:49 AM to 08:04 AM | Simha Sankranti Maha Punya Kala - 05:54 AM to 08:04 AM,,Simha Sankranti. Simha Sankranti Moment - 08:04 AM | Simha Sankranti Punya Kala - 04:49 AM to 08:04 AM | Simha Sankranti Maha Punya Kala - 05:54 AM to 08:04 AM,20,2026-08-17,sankramana_engine.py,SANKRAMANA_V2_1_CITY_CONTEXT_THEN_DISCOVERY_URL,APPROVED,2026-08-22T21:30:45-04:00,sankramana_messages.csv
2026-08-17,geoname:1272648,geoname:1272648|city:dibrugarh,Dibrugarh,Assam,India,Asia/Kolkata,1272648,NAG_PANCHAMI,Nag Panchami,NAG_PANCHAMI_2026_08_NAG_PANCHAMI,STANDARD_MONTH_FESTIVAL,MONTH_PANCHANG_DISCOVERY_DATE,OBSERVANCE,Nag Panchami,,,Nag Panchami is observed today.,20,2026-08-17,standard_festival_engine.py,NAG_PANCHAMI_V2_0_DISCOVERY_EVIDENCE,APPROVED,2026-08-22T21:30:45-04:00,nag_panchami_messages.csv
2026-08-17,geoname:1272648,geoname:1272648|city:dibrugarh,Dibrugarh,Assam,India,Asia/Kolkata,1272648,SANKRAMANA,Simha Sankranti,SANKRAMANA_2026_08_SIMHA_SANKRANTI,SANKRAMANA,DRIK_SANKRAMANA_DETAIL,OBSERVANCE,Simha Sankranti,Simha Sankranti Moment - 08:04 AM | Simha Sankranti Punya Kala - 04:42 AM to 08:04 AM | Simha Sankranti Maha Punya Kala - 05:53 AM to 08:04 AM,,Simha Sankranti. Simha Sankranti Moment - 08:04 AM | Simha Sankranti Punya Kala - 04:42 AM to 08:04 AM | Simha Sankranti Maha Punya Kala - 05:53 AM to 08:04 AM,20,2026-08-17,sankramana_engine.py,SANKRAMANA_V2_1_CITY_CONTEXT_THEN_DISCOVERY_URL,APPROVED,2026-08-22T21:30:45-04:00,sankramana_messages.csv
2026-08-17,geoname:1274256,geoname:1274256|city:chidambaram,Chidambaram,Tamil Nadu,India,Asia/Kolkata,1274256,NAG_PANCHAMI,Nag Panchami,NAG_PANCHAMI_2026_08_NAG_PANCHAMI,STANDARD_MONTH_FESTIVAL,MONTH_PANCHANG_DISCOVERY_DATE,OBSERVANCE,Nag Panchami,,,Nag Panchami is observed today.,20,2026-08-17,standard_festival_engine.py,NAG_PANCHAMI_V2_0_DISCOVERY_EVIDENCE,APPROVED,2026-08-22T21:30:45-04:00,nag_panchami_messages.csv
2026-08-17,geoname:1274256,geoname:1274256|city:chidambaram,Chidambaram,Tamil Nadu,India,Asia/Kolkata,1274256,SANKRAMANA,Simha Sankranti,SANKRAMANA_2026_08_SIMHA_SANKRANTI,SANKRAMANA,DRIK_SANKRAMANA_DETAIL,OBSERVANCE,Simha Sankranti,Simha Sankranti Moment - 08:04 AM | Simha Sankranti Punya Kala - 06:01 AM to 08:04 AM | Simha Sankranti Maha Punya Kala - 06:01 AM to 08:04 AM,,Simha Sankranti. Simha Sankranti Moment - 08:04 AM | Simha Sankranti Punya Kala - 06:01 AM to 08:04 AM | Simha Sankranti Maha Punya Kala - 06:01 AM to 08:04 AM,20,2026-08-17,sankramana_engine.py,SANKRAMANA_V2_1_CITY_CONTEXT_THEN_DISCOVERY_URL,APPROVED,2026-08-22T21:30:45-04:00,sankramana_messages.csv
2026-08-17,geoname:1275004,geoname:1275004|city:kolkata,Kolkata,West Bengal,India,Asia/Kolkata,1275004,NAG_PANCHAMI,Nag Panchami,NAG_PANCHAMI_2026_08_NAG_PANCHAMI,STANDARD_MONTH_FESTIVAL,MONTH_PANCHANG_DISCOVERY_DATE,OBSERVANCE,Nag Panchami,,,Nag Panchami is observed today.,20,2026-08-17,standard_festival_engine.py,NAG_PANCHAMI_V2_0_DISCOVERY_EVIDENCE,APPROVED,2026-08-22T21:30:45-04:00,nag_panchami_messages.csv
2026-08-17,geoname:1275004,geoname:1275004|city:kolkata,Kolkata,West Bengal,India,Asia/Kolkata,1275004,SANKRAMANA,Simha Sankranti,SANKRAMANA_2026_08_SIMHA_SANKRANTI,SANKRAMANA,DRIK_SANKRAMANA_DETAIL,OBSERVANCE,Simha Sankranti,Simha Sankranti Moment - 08:04 AM | Simha Sankranti Punya Kala - 05:14 AM to 08:04 AM | Simha Sankranti Maha Punya Kala - 05:55 AM to 08:04 AM,,Simha Sankranti. Simha Sankranti Moment - 08:04 AM | Simha Sankranti Punya Kala - 05:14 AM to 08:04 AM | Simha Sankranti Maha Punya Kala - 05:55 AM to 08:04 AM,20,2026-08-17,sankramana_engine.py,SANKRAMANA_V2_1_CITY_CONTEXT_THEN_DISCOVERY_URL,APPROVED,2026-08-22T21:30:45-04:00,sankramana_messages.csv
2026-08-17,geoname:1275339,geoname:1275339|city:mumbai,Mumbai,Maharashtra,India,Asia/Kolkata,1275339,NAG_PANCHAMI,Nag Panchami,NAG_PANCHAMI_2026_08_NAG_PANCHAMI,STANDARD_MONTH_FESTIVAL,MONTH_PANCHANG_DISCOVERY_DATE,OBSERVANCE,Nag Panchami,,,Nag Panchami is observed today.,20,2026-08-17,standard_festival_engine.py,NAG_PANCHAMI_V2_0_DISCOVERY_EVIDENCE,APPROVED,2026-08-22T21:30:45-04:00,nag_panchami_messages.csv
2026-08-17,geoname:1275339,geoname:1275339|city:mumbai,Mumbai,Maharashtra,India,Asia/Kolkata,1275339,SANKRAMANA,Simha Sankranti,SANKRAMANA_2026_08_SIMHA_SANKRANTI,SANKRAMANA,DRIK_SANKRAMANA_DETAIL,OBSERVANCE,Simha Sankranti,Simha Sankranti Moment - 08:04 AM | Simha Sankranti Punya Kala - 06:20 AM to 08:04 AM | Simha Sankranti Maha Punya Kala - 06:20 AM to 08:04 AM,,Simha Sankranti. Simha Sankranti Moment - 08:04 AM | Simha Sankranti Punya Kala - 06:20 AM to 08:04 AM | Simha Sankranti Maha Punya Kala - 06:20 AM to 08:04 AM,20,2026-08-17,sankramana_engine.py,SANKRAMANA_V2_1_CITY_CONTEXT_THEN_DISCOVERY_URL,APPROVED,2026-08-22T21:30:45-04:00,sankramana_messages.csv
2026-08-17,geoname:1275817,geoname:1275817|city:bhubaneswar,Bhubaneswar,Odisha,India,Asia/Kolkata,1275817,NAG_PANCHAMI,Nag Panchami,NAG_PANCHAMI_2026_08_NAG_PANCHAMI,STANDARD_MONTH_FESTIVAL,MONTH_PANCHANG_DISCOVERY_DATE,OBSERVANCE,Nag Panchami,,,Nag Panchami is observed today.,20,2026-08-17,standard_festival_engine.py,NAG_PANCHAMI_V2_0_DISCOVERY_EVIDENCE,APPROVED,2026-08-22T21:30:45-04:00,nag_panchami_messages.csv
2026-08-17,geoname:1275817,geoname:1275817|city:bhubaneswar,Bhubaneswar,Odisha,India,Asia/Kolkata,1275817,SANKRAMANA,Simha Sankranti,SANKRAMANA_2026_08_SIMHA_SANKRANTI,SANKRAMANA,DRIK_SANKRAMANA_DETAIL,OBSERVANCE,Simha Sankranti,Simha Sankranti Moment - 08:04 AM | Simha Sankranti Punya Kala - 05:27 AM to 08:04 AM | Simha Sankranti Maha Punya Kala - 05:56 AM to 08:04 AM,,Simha Sankranti. Simha Sankranti Moment - 08:04 AM | Simha Sankranti Punya Kala - 05:27 AM to 08:04 AM | Simha Sankranti Maha Punya Kala - 05:56 AM to 08:04 AM,20,2026-08-17,sankramana_engine.py,SANKRAMANA_V2_1_CITY_CONTEXT_THEN_DISCOVERY_URL,APPROVED,2026-08-22T21:30:45-04:00,sankramana_messages.csv
2026-08-17,geoname:1275841,geoname:1275841|city:bhopal,Bhopal,Madhya Pradesh,India,Asia/Kolkata,1275841,NAG_PANCHAMI,Nag Panchami,NAG_PANCHAMI_2026_08_NAG_PANCHAMI,STANDARD_MONTH_FESTIVAL,MONTH_PANCHANG_DISCOVERY_DATE,OBSERVANCE,Nag Panchami,,,Nag Panchami is observed today.,20,2026-08-17,standard_festival_engine.py,NAG_PANCHAMI_V2_0_DISCOVERY_EVIDENCE,APPROVED,2026-08-22T21:30:45-04:00,nag_panchami_messages.csv
2026-08-17,geoname:1275841,geoname:1275841|city:bhopal,Bhopal,Madhya Pradesh,India,Asia/Kolkata,1275841,SANKRAMANA,Simha Sankranti,SANKRAMANA_2026_08_SIMHA_SANKRANTI,SANKRAMANA,DRIK_SANKRAMANA_DETAIL,OBSERVANCE,Simha Sankranti,Simha Sankranti Moment - 08:04 AM | Simha Sankranti Punya Kala - 05:57 AM to 08:04 AM | Simha Sankranti Maha Punya Kala - 05:57 AM to 08:04 AM,,Simha Sankranti. Simha Sankranti Moment - 08:04 AM | Simha Sankranti Punya Kala - 05:57 AM to 08:04 AM | Simha Sankranti Maha Punya Kala - 05:57 AM to 08:04 AM,20,2026-08-17,sankramana_engine.py,SANKRAMANA_V2_1_CITY_CONTEXT_THEN_DISCOVERY_URL,APPROVED,2026-08-22T21:30:45-04:00,sankramana_messages.csv
2026-08-17,geoname:1276533,geoname:1276533|city:belgaum,Belgaum,Karnataka,India,Asia/Kolkata,1276533,NAG_PANCHAMI,Nag Panchami,NAG_PANCHAMI_2026_08_NAG_PANCHAMI,STANDARD_MONTH_FESTIVAL,MONTH_PANCHANG_DISCOVERY_DATE,OBSERVANCE,Nag Panchami,,,Nag Panchami is observed today.,20,2026-08-17,standard_festival_engine.py,NAG_PANCHAMI_V2_0_DISCOVERY_EVIDENCE,APPROVED,2026-08-22T21:30:45-04:00,nag_panchami_messages.csv
2026-08-17,geoname:1276533,geoname:1276533|city:belgaum,Belgaum,Karnataka,India,Asia/Kolkata,1276533,SANKRAMANA,Simha Sankranti,SANKRAMANA_2026_08_SIMHA_SANKRANTI,SANKRAMANA,DRIK_SANKRAMANA_DETAIL,OBSERVANCE,Simha Sankranti,Simha Sankranti Moment - 08:04 AM | Simha Sankranti Punya Kala - 06:17 AM to 08:04 AM | Simha Sankranti Maha Punya Kala - 06:17 AM to 08:04 AM,,Simha Sankranti. Simha Sankranti Moment - 08:04 AM | Simha Sankranti Punya Kala - 06:17 AM to 08:04 AM | Simha Sankranti Maha Punya Kala - 06:17 AM to 08:04 AM,20,2026-08-17,sankramana_engine.py,SANKRAMANA_V2_1_CITY_CONTEXT_THEN_DISCOVERY_URL,APPROVED,2026-08-22T21:30:45-04:00,sankramana_messages.csv
2026-08-17,geoname:1277333,geoname:1277333|city:bengaluru,Bengaluru,Karnataka,India,Asia/Kolkata,1277333,NAG_PANCHAMI,Nag Panchami,NAG_PANCHAMI_2026_08_NAG_PANCHAMI,STANDARD_MONTH_FESTIVAL,MONTH_PANCHANG_DISCOVERY_DATE,OBSERVANCE,Nag Panchami,,,Nag Panchami is observed today.,20,2026-08-17,standard_festival_engine.py,NAG_PANCHAMI_V2_0_DISCOVERY_EVIDENCE,APPROVED,2026-08-22T21:30:45-04:00,nag_panchami_messages.csv
2026-08-17,geoname:1277333,geoname:1277333|city:bengaluru,Bengaluru,Karnataka,India,Asia/Kolkata,1277333,SANKRAMANA,Simha Sankranti,SANKRAMANA_2026_08_SIMHA_SANKRANTI,SANKRAMANA,DRIK_SANKRAMANA_DETAIL,OBSERVANCE,Simha Sankranti,Simha Sankranti Moment - 08:04 AM | Simha Sankranti Punya Kala - 06:08 AM to 08:04 AM | Simha Sankranti Maha Punya Kala - 06:08 AM to 08:04 AM,,Simha Sankranti. Simha Sankranti Moment - 08:04 AM | Simha Sankranti Punya Kala - 06:08 AM to 08:04 AM | Simha Sankranti Maha Punya Kala - 06:08 AM to 08:04 AM,20,2026-08-17,sankramana_engine.py,SANKRAMANA_V2_1_CITY_CONTEXT_THEN_DISCOVERY_URL,APPROVED,2026-08-22T21:30:45-04:00,sankramana_messages.csv
2026-08-17,geoname:1278094,geoname:1278094|city:ayodhya,Ayodhya,Uttar Pradesh,India,Asia/Kolkata,1278094,NAG_PANCHAMI,Nag Panchami,NAG_PANCHAMI_2026_08_NAG_PANCHAMI,STANDARD_MONTH_FESTIVAL,MONTH_PANCHANG_DISCOVERY_DATE,OBSERVANCE,Nag Panchami,,,Nag Panchami is observed today.,20,2026-08-17,standard_festival_engine.py,NAG_PANCHAMI_V2_0_DISCOVERY_EVIDENCE,APPROVED,2026-08-22T21:30:45-04:00,nag_panchami_messages.csv
2026-08-17,geoname:1278094,geoname:1278094|city:ayodhya,Ayodhya,Uttar Pradesh,India,Asia/Kolkata,1278094,SANKRAMANA,Simha Sankranti,SANKRAMANA_2026_08_SIMHA_SANKRANTI,SANKRAMANA,DRIK_SANKRAMANA_DETAIL,OBSERVANCE,Simha Sankranti,Simha Sankranti Moment - 08:04 AM | Simha Sankranti Punya Kala - 05:34 AM to 08:04 AM | Simha Sankranti Maha Punya Kala - 05:53 AM to 08:04 AM,,Simha Sankranti. Simha Sankranti Moment - 08:04 AM | Simha Sankranti Punya Kala - 05:34 AM to 08:04 AM | Simha Sankranti Maha Punya Kala - 05:53 AM to 08:04 AM,20,2026-08-17,sankramana_engine.py,SANKRAMANA_V2_1_CITY_CONTEXT_THEN_DISCOVERY_URL,APPROVED,2026-08-22T21:30:45-04:00,sankramana_messages.csv
2026-08-17,geoname:1278994,geoname:1278994|city:prayagraj,Prayagraj,Uttar Pradesh,India,Asia/Kolkata,1278994,NAG_PANCHAMI,Nag Panchami,NAG_PANCHAMI_2026_08_NAG_PANCHAMI,STANDARD_MONTH_FESTIVAL,MONTH_PANCHANG_DISCOVERY_DATE,OBSERVANCE,Nag Panchami,,,Nag Panchami is observed today.,20,2026-08-17,standard_festival_engine.py,NAG_PANCHAMI_V2_0_DISCOVERY_EVIDENCE,APPROVED,2026-08-22T21:30:45-04:00,nag_panchami_messages.csv
2026-08-17,geoname:1278994,geoname:1278994|city:prayagraj,Prayagraj,Uttar Pradesh,India,Asia/Kolkata,1278994,SANKRAMANA,Simha Sankranti,SANKRAMANA_2026_08_SIMHA_SANKRANTI,SANKRAMANA,DRIK_SANKRAMANA_DETAIL,OBSERVANCE,Simha Sankranti,Simha Sankranti Moment - 08:04 AM | Simha Sankranti Punya Kala - 05:37 AM to 08:04 AM | Simha Sankranti Maha Punya Kala - 05:54 AM to 08:04 AM,,Simha Sankranti. Simha Sankranti Moment - 08:04 AM | Simha Sankranti Punya Kala - 05:37 AM to 08:04 AM | Simha Sankranti Maha Punya Kala - 05:54 AM to 08:04 AM,20,2026-08-17,sankramana_engine.py,SANKRAMANA_V2_1_CITY_CONTEXT_THEN_DISCOVERY_URL,APPROVED,2026-08-22T21:30:45-04:00,sankramana_messages.csv
2026-08-17,geoname:1279186,geoname:1279186|city:aizawl,Aizawl,Mizoram,India,Asia/Kolkata,1279186,NAG_PANCHAMI,Nag Panchami,NAG_PANCHAMI_2026_08_NAG_PANCHAMI,STANDARD_MONTH_FESTIVAL,MONTH_PANCHANG_DISCOVERY_DATE,OBSERVANCE,Nag Panchami,,,Nag Panchami is observed today.,20,2026-08-17,standard_festival_engine.py,NAG_PANCHAMI_V2_0_DISCOVERY_EVIDENCE,APPROVED,2026-08-22T21:30:45-04:00,nag_panchami_messages.csv
2026-08-17,geoname:1279186,geoname:1279186|city:aizawl,Aizawl,Mizoram,India,Asia/Kolkata,1279186,SANKRAMANA,Simha Sankranti,SANKRAMANA_2026_08_SIMHA_SANKRANTI,SANKRAMANA,DRIK_SANKRAMANA_DETAIL,OBSERVANCE,Simha Sankranti,Simha Sankranti Moment - 08:04 AM | Simha Sankranti Punya Kala - 04:55 AM to 08:04 AM | Simha Sankranti Maha Punya Kala - 05:54 AM to 08:04 AM,,Simha Sankranti. Simha Sankranti Moment - 08:04 AM | Simha Sankranti Punya Kala - 04:55 AM to 08:04 AM | Simha Sankranti Maha Punya Kala - 05:54 AM to 08:04 AM,20,2026-08-17,sankramana_engine.py,SANKRAMANA_V2_1_CITY_CONTEXT_THEN_DISCOVERY_URL,APPROVED,2026-08-22T21:30:45-04:00,sankramana_messages.csv
2026-08-17,geoname:1279290,geoname:1279290|city:agartala,Agartala,Tripura,India,Asia/Kolkata,1279290,NAG_PANCHAMI,Nag Panchami,NAG_PANCHAMI_2026_08_NAG_PANCHAMI,STANDARD_MONTH_FESTIVAL,MONTH_PANCHANG_DISCOVERY_DATE,OBSERVANCE,Nag Panchami,,,Nag Panchami is observed today.,20,2026-08-17,standard_festival_engine.py,NAG_PANCHAMI_V2_0_DISCOVERY_EVIDENCE,APPROVED,2026-08-22T21:30:45-04:00,nag_panchami_messages.csv
2026-08-17,geoname:1279290,geoname:1279290|city:agartala,Agartala,Tripura,India,Asia/Kolkata,1279290,SANKRAMANA,Simha Sankranti,SANKRAMANA_2026_08_SIMHA_SANKRANTI,SANKRAMANA,DRIK_SANKRAMANA_DETAIL,OBSERVANCE,Simha Sankranti,Simha Sankranti Moment - 08:04 AM | Simha Sankranti Punya Kala - 05:01 AM to 08:04 AM | Simha Sankranti Maha Punya Kala - 05:54 AM to 08:04 AM,,Simha Sankranti. Simha Sankranti Moment - 08:04 AM | Simha Sankranti Punya Kala - 05:01 AM to 08:04 AM | Simha Sankranti Maha Punya Kala - 05:54 AM to 08:04 AM,20,2026-08-17,sankramana_engine.py,SANKRAMANA_V2_1_CITY_CONTEXT_THEN_DISCOVERY_URL,APPROVED,2026-08-22T21:30:45-04:00,sankramana_messages.csv
2026-08-17,geoname:1835848,geoname:1835848|city:seoul,Seoul,Seoul,South Korea,Asia/Seoul,1835848,NAG_PANCHAMI,Nag Panchami,NAG_PANCHAMI_2026_08_NAG_PANCHAMI,STANDARD_MONTH_FESTIVAL,MONTH_PANCHANG_DISCOVERY_DATE,OBSERVANCE,Nag Panchami,,,Nag Panchami is observed today.,20,2026-08-17,standard_festival_engine.py,NAG_PANCHAMI_V2_0_DISCOVERY_EVIDENCE,APPROVED,2026-08-22T21:30:45-04:00,nag_panchami_messages.csv
2026-08-17,geoname:1835848,geoname:1835848|city:seoul,Seoul,Seoul,South Korea,Asia/Seoul,1835848,SANKRAMANA,Simha Sankranti,SANKRAMANA_2026_08_SIMHA_SANKRANTI,SANKRAMANA,DRIK_SANKRAMANA_DETAIL,OBSERVANCE,Simha Sankranti,Simha Sankranti Moment - 11:34 AM | Simha Sankranti Punya Kala - 05:49 AM to 11:34 AM | Simha Sankranti Maha Punya Kala - 09:18 AM to 11:34 AM,,Simha Sankranti. Simha Sankranti Moment - 11:34 AM | Simha Sankranti Punya Kala - 05:49 AM to 11:34 AM | Simha Sankranti Maha Punya Kala - 09:18 AM to 11:34 AM,20,2026-08-17,sankramana_engine.py,SANKRAMANA_V2_1_CITY_CONTEXT_THEN_DISCOVERY_URL,APPROVED,2026-08-22T21:30:45-04:00,sankramana_messages.csv
2026-08-17,geoname:2063523,geoname:2063523|city:perth,Perth,Western Australia,Australia,Australia/Perth,2063523,NAG_PANCHAMI,Nag Panchami,NAG_PANCHAMI_2026_08_NAG_PANCHAMI,STANDARD_MONTH_FESTIVAL,MONTH_PANCHANG_DISCOVERY_DATE,OBSERVANCE,Nag Panchami,,,Nag Panchami is observed today.,20,2026-08-17,standard_festival_engine.py,NAG_PANCHAMI_V2_0_DISCOVERY_EVIDENCE,APPROVED,2026-08-22T21:30:45-04:00,nag_panchami_messages.csv
2026-08-17,geoname:2063523,geoname:2063523|city:perth,Perth,Western Australia,Australia,Australia/Perth,2063523,SANKRAMANA,Simha Sankranti,SANKRAMANA_2026_08_SIMHA_SANKRANTI,SANKRAMANA,DRIK_SANKRAMANA_DETAIL,OBSERVANCE,Simha Sankranti,Simha Sankranti Moment - 10:34 AM | Simha Sankranti Punya Kala - 06:51 AM to 10:34 AM | Simha Sankranti Maha Punya Kala - 08:44 AM to 10:34 AM,,Simha Sankranti. Simha Sankranti Moment - 10:34 AM | Simha Sankranti Punya Kala - 06:51 AM to 10:34 AM | Simha Sankranti Maha Punya Kala - 08:44 AM to 10:34 AM,20,2026-08-17,sankramana_engine.py,SANKRAMANA_V2_1_CITY_CONTEXT_THEN_DISCOVERY_URL,APPROVED,2026-08-22T21:30:45-04:00,sankramana_messages.csv
2026-08-17,geoname:2078025,geoname:2078025|city:adelaide,Adelaide,South Australia,Australia,Australia/Adelaide,2078025,NAG_PANCHAMI,Nag Panchami,NAG_PANCHAMI_2026_08_NAG_PANCHAMI,STANDARD_MONTH_FESTIVAL,MONTH_PANCHANG_DISCOVERY_DATE,OBSERVANCE,Nag Panchami,,,Nag Panchami is observed today.,20,2026-08-17,standard_festival_engine.py,NAG_PANCHAMI_V2_0_DISCOVERY_EVIDENCE,APPROVED,2026-08-22T21:30:45-04:00,nag_panchami_messages.csv
2026-08-17,geoname:2078025,geoname:2078025|city:adelaide,Adelaide,South Australia,Australia,Australia/Adelaide,2078025,SANKRAMANA,Simha Sankranti,SANKRAMANA_2026_08_SIMHA_SANKRANTI,SANKRAMANA,DRIK_SANKRAMANA_DETAIL,OBSERVANCE,Simha Sankranti,Simha Sankranti Moment - 12:04 PM | Simha Sankranti Punya Kala - 06:54 AM to 12:04 PM | Simha Sankranti Maha Punya Kala - 10:15 AM to 12:04 PM,,Simha Sankranti. Simha Sankranti Moment - 12:04 PM | Simha Sankranti Punya Kala - 06:54 AM to 12:04 PM | Simha Sankranti Maha Punya Kala - 10:15 AM to 12:04 PM,20,2026-08-17,sankramana_engine.py,SANKRAMANA_V2_1_CITY_CONTEXT_THEN_DISCOVERY_URL,APPROVED,2026-08-22T21:30:45-04:00,sankramana_messages.csv
2026-08-17,geoname:2147714,geoname:2147714|city:sydney,Sydney,New South Wales,Australia,Australia/Sydney,2147714,NAG_PANCHAMI,Nag Panchami,NAG_PANCHAMI_2026_08_NAG_PANCHAMI,STANDARD_MONTH_FESTIVAL,MONTH_PANCHANG_DISCOVERY_DATE,OBSERVANCE,Nag Panchami,,,Nag Panchami is observed today.,20,2026-08-17,standard_festival_engine.py,NAG_PANCHAMI_V2_0_DISCOVERY_EVIDENCE,APPROVED,2026-08-22T21:30:45-04:00,nag_panchami_messages.csv
2026-08-17,geoname:2147714,geoname:2147714|city:sydney,Sydney,New South Wales,Australia,Australia/Sydney,2147714,SANKRAMANA,Simha Sankranti,SANKRAMANA_2026_08_SIMHA_SANKRANTI,SANKRAMANA,DRIK_SANKRAMANA_DETAIL,OBSERVANCE,Simha Sankranti,Simha Sankranti Moment - 12:34 PM | Simha Sankranti Punya Kala - 06:45 AM to 12:34 PM | Simha Sankranti Maha Punya Kala - 10:45 AM to 12:34 PM,,Simha Sankranti. Simha Sankranti Moment - 12:34 PM | Simha Sankranti Punya Kala - 06:45 AM to 12:34 PM | Simha Sankranti Maha Punya Kala - 10:45 AM to 12:34 PM,20,2026-08-17,sankramana_engine.py,SANKRAMANA_V2_1_CITY_CONTEXT_THEN_DISCOVERY_URL,APPROVED,2026-08-22T21:30:45-04:00,sankramana_messages.csv
2026-08-17,geoname:2158177,geoname:2158177|city:melbourne,Melbourne,Victoria,Australia,Australia/Melbourne,2158177,NAG_PANCHAMI,Nag Panchami,NAG_PANCHAMI_2026_08_NAG_PANCHAMI,STANDARD_MONTH_FESTIVAL,MONTH_PANCHANG_DISCOVERY_DATE,OBSERVANCE,Nag Panchami,,,Nag Panchami is observed today.,20,2026-08-17,standard_festival_engine.py,NAG_PANCHAMI_V2_0_DISCOVERY_EVIDENCE,APPROVED,2026-08-22T21:30:45-04:00,nag_panchami_messages.csv
2026-08-17,geoname:2158177,geoname:2158177|city:melbourne,Melbourne,Victoria,Australia,Australia/Melbourne,2158177,SANKRAMANA,Simha Sankranti,SANKRAMANA_2026_08_SIMHA_SANKRANTI,SANKRAMANA,DRIK_SANKRAMANA_DETAIL,OBSERVANCE,Simha Sankranti,Simha Sankranti Moment - 12:34 PM | Simha Sankranti Punya Kala - 07:03 AM to 12:34 PM | Simha Sankranti Maha Punya Kala - 10:46 AM to 12:34 PM,,Simha Sankranti. Simha Sankranti Moment - 12:34 PM | Simha Sankranti Punya Kala - 07:03 AM to 12:34 PM | Simha Sankranti Maha Punya Kala - 10:46 AM to 12:34 PM,20,2026-08-17,sankramana_engine.py,SANKRAMANA_V2_1_CITY_CONTEXT_THEN_DISCOVERY_URL,APPROVED,2026-08-22T21:30:45-04:00,sankramana_messages.csv
2026-08-17,geoname:2172517,geoname:2172517|city:canberra,Canberra,Australian Capital Territory,Australia,Australia/Sydney,2172517,NAG_PANCHAMI,Nag Panchami,NAG_PANCHAMI_2026_08_NAG_PANCHAMI,STANDARD_MONTH_FESTIVAL,MONTH_PANCHANG_DISCOVERY_DATE,OBSERVANCE,Nag Panchami,,,Nag Panchami is observed today.,20,2026-08-17,standard_festival_engine.py,NAG_PANCHAMI_V2_0_DISCOVERY_EVIDENCE,APPROVED,2026-08-22T21:30:45-04:00,nag_panchami_messages.csv
2026-08-17,geoname:2172517,geoname:2172517|city:canberra,Canberra,Australian Capital Territory,Australia,Australia/Sydney,2172517,SANKRAMANA,Simha Sankranti,SANKRAMANA_2026_08_SIMHA_SANKRANTI,SANKRAMANA,DRIK_SANKRAMANA_DETAIL,OBSERVANCE,Simha Sankranti,Simha Sankranti Moment - 12:34 PM | Simha Sankranti Punya Kala - 06:47 AM to 12:34 PM | Simha Sankranti Maha Punya Kala - 10:45 AM to 12:34 PM,,Simha Sankranti. Simha Sankranti Moment - 12:34 PM | Simha Sankranti Punya Kala - 06:47 AM to 12:34 PM | Simha Sankranti Maha Punya Kala - 10:45 AM to 12:34 PM,20,2026-08-17,sankramana_engine.py,SANKRAMANA_V2_1_CITY_CONTEXT_THEN_DISCOVERY_URL,APPROVED,2026-08-22T21:30:45-04:00,sankramana_messages.csv
2026-08-17,geoname:2174003,geoname:2174003|city:brisbane,Brisbane,Queensland,Australia,Australia/Brisbane,2174003,NAG_PANCHAMI,Nag Panchami,NAG_PANCHAMI_2026_08_NAG_PANCHAMI,STANDARD_MONTH_FESTIVAL,MONTH_PANCHANG_DISCOVERY_DATE,OBSERVANCE,Nag Panchami,,,Nag Panchami is observed today.,20,2026-08-17,standard_festival_engine.py,NAG_PANCHAMI_V2_0_DISCOVERY_EVIDENCE,APPROVED,2026-08-22T21:30:45-04:00,nag_panchami_messages.csv
2026-08-17,geoname:2174003,geoname:2174003|city:brisbane,Brisbane,Queensland,Australia,Australia/Brisbane,2174003,SANKRAMANA,Simha Sankranti,SANKRAMANA_2026_08_SIMHA_SANKRANTI,SANKRAMANA,DRIK_SANKRAMANA_DETAIL,OBSERVANCE,Simha Sankranti,Simha Sankranti Moment - 12:34 PM | Simha Sankranti Punya Kala - 06:36 AM to 12:34 PM | Simha Sankranti Maha Punya Kala - 10:42 AM to 12:34 PM,,Simha Sankranti. Simha Sankranti Moment - 12:34 PM | Simha Sankranti Punya Kala - 06:36 AM to 12:34 PM | Simha Sankranti Maha Punya Kala - 10:42 AM to 12:34 PM,20,2026-08-17,sankramana_engine.py,SANKRAMANA_V2_1_CITY_CONTEXT_THEN_DISCOVERY_URL,APPROVED,2026-08-22T21:30:45-04:00,sankramana_messages.csv
2026-08-17,geoname:2179537,geoname:2179537|city:wellington,Wellington,Wellington,New Zealand,Pacific/Auckland,2179537,NAG_PANCHAMI,Nag Panchami,NAG_PANCHAMI_2026_08_NAG_PANCHAMI,STANDARD_MONTH_FESTIVAL,MONTH_PANCHANG_DISCOVERY_DATE,OBSERVANCE,Nag Panchami,,,Nag Panchami is observed today.,20,2026-08-17,standard_festival_engine.py,NAG_PANCHAMI_V2_0_DISCOVERY_EVIDENCE,APPROVED,2026-08-22T21:30:45-04:00,nag_panchami_messages.csv
2026-08-17,geoname:2179537,geoname:2179537|city:wellington,Wellington,Wellington,New Zealand,Pacific/Auckland,2179537,SANKRAMANA,Simha Sankranti,SANKRAMANA_2026_08_SIMHA_SANKRANTI,SANKRAMANA,DRIK_SANKRAMANA_DETAIL,OBSERVANCE,Simha Sankranti,Simha Sankranti Moment - 02:34 PM | Simha Sankranti Punya Kala - 08:57 AM to 02:34 PM | Simha Sankranti Maha Punya Kala - 12:48 PM to 02:34 PM,,Simha Sankranti. Simha Sankranti Moment - 02:34 PM | Simha Sankranti Punya Kala - 08:57 AM to 02:34 PM | Simha Sankranti Maha Punya Kala - 12:48 PM to 02:34 PM,20,2026-08-17,sankramana_engine.py,SANKRAMANA_V2_1_CITY_CONTEXT_THEN_DISCOVERY_URL,APPROVED,2026-08-22T21:30:45-04:00,sankramana_messages.csv
2026-08-17,geoname:2192362,geoname:2192362|city:christchurch,Christchurch,Canterbury,New Zealand,Pacific/Auckland,2192362,NAG_PANCHAMI,Nag Panchami,NAG_PANCHAMI_2026_08_NAG_PANCHAMI,STANDARD_MONTH_FESTIVAL,MONTH_PANCHANG_DISCOVERY_DATE,OBSERVANCE,Nag Panchami,,,Nag Panchami is observed today.,20,2026-08-17,standard_festival_engine.py,NAG_PANCHAMI_V2_0_DISCOVERY_EVIDENCE,APPROVED,2026-08-22T21:30:45-04:00,nag_panchami_messages.csv
2026-08-17,geoname:2192362,geoname:2192362|city:christchurch,Christchurch,Canterbury,New Zealand,Pacific/Auckland,2192362,SANKRAMANA,Simha Sankranti,SANKRAMANA_2026_08_SIMHA_SANKRANTI,SANKRAMANA,DRIK_SANKRAMANA_DETAIL,OBSERVANCE,Simha Sankranti,Simha Sankranti Moment - 02:34 PM | Simha Sankranti Punya Kala - 09:01 AM to 02:34 PM | Simha Sankranti Maha Punya Kala - 12:50 PM to 02:34 PM,,Simha Sankranti. Simha Sankranti Moment - 02:34 PM | Simha Sankranti Punya Kala - 09:01 AM to 02:34 PM | Simha Sankranti Maha Punya Kala - 12:50 PM to 02:34 PM,20,2026-08-17,sankramana_engine.py,SANKRAMANA_V2_1_CITY_CONTEXT_THEN_DISCOVERY_URL,APPROVED,2026-08-22T21:30:45-04:00,sankramana_messages.csv
2026-08-17,geoname:2193733,geoname:2193733|city:auckland,Auckland,Auckland,New Zealand,Pacific/Auckland,2193733,NAG_PANCHAMI,Nag Panchami,NAG_PANCHAMI_2026_08_NAG_PANCHAMI,STANDARD_MONTH_FESTIVAL,MONTH_PANCHANG_DISCOVERY_DATE,OBSERVANCE,Nag Panchami,,,Nag Panchami is observed today.,20,2026-08-17,standard_festival_engine.py,NAG_PANCHAMI_V2_0_DISCOVERY_EVIDENCE,APPROVED,2026-08-22T21:30:45-04:00,nag_panchami_messages.csv
2026-08-17,geoname:2193733,geoname:2193733|city:auckland,Auckland,Auckland,New Zealand,Pacific/Auckland,2193733,SANKRAMANA,Simha Sankranti,SANKRAMANA_2026_08_SIMHA_SANKRANTI,SANKRAMANA,DRIK_SANKRAMANA_DETAIL,OBSERVANCE,Simha Sankranti,Simha Sankranti Moment - 02:34 PM | Simha Sankranti Punya Kala - 08:49 AM to 02:34 PM | Simha Sankranti Maha Punya Kala - 12:46 PM to 02:34 PM,,Simha Sankranti. Simha Sankranti Moment - 02:34 PM | Simha Sankranti Punya Kala - 08:49 AM to 02:34 PM | Simha Sankranti Maha Punya Kala - 12:46 PM to 02:34 PM,20,2026-08-17,sankramana_engine.py,SANKRAMANA_V2_1_CITY_CONTEXT_THEN_DISCOVERY_URL,APPROVED,2026-08-22T21:30:45-04:00,sankramana_messages.csv
2026-08-17,geoname:2643743,geoname:2643743|city:london,London,London,United Kingdom,Europe/London,2643743,KALKI_JAYANTHI,Kalki Jayanthi,KALKI_JAYANTHI_2026_08_KALKI_JAYANTHI,STANDARD_MONTH_FESTIVAL,MONTH_PANCHANG_DISCOVERY_DATE,OBSERVANCE,Kalki Jayanthi,,,Kalki Jayanthi is observed today.,20,2026-08-17,standard_festival_engine.py,KALKI_JAYANTHI_V2_0_DISCOVERY_EVIDENCE,APPROVED,2026-08-22T21:30:45-04:00,kalki_jayanthi_messages.csv
2026-08-17,geoname:2643743,geoname:2643743|city:london,London,London,United Kingdom,Europe/London,2643743,NAG_PANCHAMI,Nag Panchami,NAG_PANCHAMI_2026_08_NAG_PANCHAMI,STANDARD_MONTH_FESTIVAL,MONTH_PANCHANG_DISCOVERY_DATE,OBSERVANCE,Nag Panchami,,,Nag Panchami is observed today.,20,2026-08-17,standard_festival_engine.py,NAG_PANCHAMI_V2_0_DISCOVERY_EVIDENCE,APPROVED,2026-08-22T21:30:45-04:00,nag_panchami_messages.csv
2026-08-17,geoname:2643743,geoname:2643743|city:london,London,London,United Kingdom,Europe/London,2643743,SANKRAMANA,Simha Sankranti,SANKRAMANA_2026_08_SIMHA_SANKRANTI,SANKRAMANA,DRIK_SANKRAMANA_DETAIL,OBSERVANCE,Simha Sankranti,Simha Sankranti Moment - 03:34 AM | Simha Sankranti Punya Kala - 05:49 AM to 01:04 PM | Simha Sankranti Maha Punya Kala - 05:49 AM to 08:14 AM,,Simha Sankranti. Simha Sankranti Moment - 03:34 AM | Simha Sankranti Punya Kala - 05:49 AM to 01:04 PM | Simha Sankranti Maha Punya Kala - 05:49 AM to 08:14 AM,20,2026-08-17,sankramana_engine.py,SANKRAMANA_V2_1_CITY_CONTEXT_THEN_DISCOVERY_URL,APPROVED,2026-08-22T21:30:45-04:00,sankramana_messages.csv
2026-08-17,geoname:2657896,geoname:2657896|city:zurich,Zurich,Zurich,Switzerland,Europe/Zurich,2657896,KALKI_JAYANTHI,Kalki Jayanthi,KALKI_JAYANTHI_2026_08_KALKI_JAYANTHI,STANDARD_MONTH_FESTIVAL,MONTH_PANCHANG_DISCOVERY_DATE,OBSERVANCE,Kalki Jayanthi,,,Kalki Jayanthi is observed today.,20,2026-08-17,standard_festival_engine.py,KALKI_JAYANTHI_V2_0_DISCOVERY_EVIDENCE,APPROVED,2026-08-22T21:30:45-04:00,kalki_jayanthi_messages.csv
2026-08-17,geoname:2657896,geoname:2657896|city:zurich,Zurich,Zurich,Switzerland,Europe/Zurich,2657896,NAG_PANCHAMI,Nag Panchami,NAG_PANCHAMI_2026_08_NAG_PANCHAMI,STANDARD_MONTH_FESTIVAL,MONTH_PANCHANG_DISCOVERY_DATE,OBSERVANCE,Nag Panchami,,,Nag Panchami is observed today.,20,2026-08-17,standard_festival_engine.py,NAG_PANCHAMI_V2_0_DISCOVERY_EVIDENCE,APPROVED,2026-08-22T21:30:45-04:00,nag_panchami_messages.csv
2026-08-17,geoname:2657896,geoname:2657896|city:zurich,Zurich,Zurich,Switzerland,Europe/Zurich,2657896,SANKRAMANA,Simha Sankranti,SANKRAMANA_2026_08_SIMHA_SANKRANTI,SANKRAMANA,DRIK_SANKRAMANA_DETAIL,OBSERVANCE,Simha Sankranti,Simha Sankranti Moment - 04:34 AM | Simha Sankranti Punya Kala - 06:25 AM to 01:29 PM | Simha Sankranti Maha Punya Kala - 06:25 AM to 08:46 AM,,Simha Sankranti. Simha Sankranti Moment - 04:34 AM | Simha Sankranti Punya Kala - 06:25 AM to 01:29 PM | Simha Sankranti Maha Punya Kala - 06:25 AM to 08:46 AM,20,2026-08-17,sankramana_engine.py,SANKRAMANA_V2_1_CITY_CONTEXT_THEN_DISCOVERY_URL,APPROVED,2026-08-22T21:30:45-04:00,sankramana_messages.csv
2026-08-17,geoname:290030,geoname:290030|city:doha,Doha,Baladīyat ad Dawḩah,Qatar,Asia/Qatar,290030,KALKI_JAYANTHI,Kalki Jayanthi,KALKI_JAYANTHI_2026_08_KALKI_JAYANTHI,STANDARD_MONTH_FESTIVAL,MONTH_PANCHANG_DISCOVERY_DATE,OBSERVANCE,Kalki Jayanthi,,,Kalki Jayanthi is observed today.,20,2026-08-17,standard_festival_engine.py,KALKI_JAYANTHI_V2_0_DISCOVERY_EVIDENCE,APPROVED,2026-08-22T21:30:45-04:00,kalki_jayanthi_messages.csv
2026-08-17,geoname:290030,geoname:290030|city:doha,Doha,Baladīyat ad Dawḩah,Qatar,Asia/Qatar,290030,NAG_PANCHAMI,Nag Panchami,NAG_PANCHAMI_2026_08_NAG_PANCHAMI,STANDARD_MONTH_FESTIVAL,MONTH_PANCHANG_DISCOVERY_DATE,OBSERVANCE,Nag Panchami,,,Nag Panchami is observed today.,20,2026-08-17,standard_festival_engine.py,NAG_PANCHAMI_V2_0_DISCOVERY_EVIDENCE,APPROVED,2026-08-22T21:30:45-04:00,nag_panchami_messages.csv
2026-08-17,geoname:290030,geoname:290030|city:doha,Doha,Baladīyat ad Dawḩah,Qatar,Asia/Qatar,290030,SANKRAMANA,Simha Sankranti,SANKRAMANA_2026_08_SIMHA_SANKRANTI,SANKRAMANA,DRIK_SANKRAMANA_DETAIL,OBSERVANCE,Simha Sankranti,Simha Sankranti Moment - 05:34 AM | Simha Sankranti Punya Kala - 05:08 AM to 05:34 AM | Simha Sankranti Maha Punya Kala - 05:08 AM to 05:34 AM,,Simha Sankranti. Simha Sankranti Moment - 05:34 AM | Simha Sankranti Punya Kala - 05:08 AM to 05:34 AM | Simha Sankranti Maha Punya Kala - 05:08 AM to 05:34 AM,20,2026-08-17,sankramana_engine.py,SANKRAMANA_V2_1_CITY_CONTEXT_THEN_DISCOVERY_URL,APPROVED,2026-08-22T21:30:45-04:00,sankramana_messages.csv
2026-08-17,geoname:292223,geoname:292223|city:dubai,Dubai,Dubai,United Arab Emirates,Asia/Dubai,292223,KALKI_JAYANTHI,Kalki Jayanthi,KALKI_JAYANTHI_2026_08_KALKI_JAYANTHI,STANDARD_MONTH_FESTIVAL,MONTH_PANCHANG_DISCOVERY_DATE,OBSERVANCE,Kalki Jayanthi,,,Kalki Jayanthi is observed today.,20,2026-08-17,standard_festival_engine.py,KALKI_JAYANTHI_V2_0_DISCOVERY_EVIDENCE,APPROVED,2026-08-22T21:30:45-04:00,kalki_jayanthi_messages.csv
2026-08-17,geoname:292223,geoname:292223|city:dubai,Dubai,Dubai,United Arab Emirates,Asia/Dubai,292223,NAG_PANCHAMI,Nag Panchami,NAG_PANCHAMI_2026_08_NAG_PANCHAMI,STANDARD_MONTH_FESTIVAL,MONTH_PANCHANG_DISCOVERY_DATE,OBSERVANCE,Nag Panchami,,,Nag Panchami is observed today.,20,2026-08-17,standard_festival_engine.py,NAG_PANCHAMI_V2_0_DISCOVERY_EVIDENCE,APPROVED,2026-08-22T21:30:45-04:00,nag_panchami_messages.csv
2026-08-17,geoname:292223,geoname:292223|city:dubai,Dubai,Dubai,United Arab Emirates,Asia/Dubai,292223,SANKRAMANA,Simha Sankranti,SANKRAMANA_2026_08_SIMHA_SANKRANTI,SANKRAMANA,DRIK_SANKRAMANA_DETAIL,OBSERVANCE,Simha Sankranti,Simha Sankranti Moment - 06:34 AM | Simha Sankranti Punya Kala - 05:54 AM to 06:34 AM | Simha Sankranti Maha Punya Kala - 05:54 AM to 06:34 AM,,Simha Sankranti. Simha Sankranti Moment - 06:34 AM | Simha Sankranti Punya Kala - 05:54 AM to 06:34 AM | Simha Sankranti Maha Punya Kala - 05:54 AM to 06:34 AM,20,2026-08-17,sankramana_engine.py,SANKRAMANA_V2_1_CITY_CONTEXT_THEN_DISCOVERY_URL,APPROVED,2026-08-22T21:30:45-04:00,sankramana_messages.csv
2026-08-17,geoname:2928751,geoname:2928751|city:esslingen,Esslingen,Esslingen,Germany,Europe/Berlin,2928751,KALKI_JAYANTHI,Kalki Jayanthi,KALKI_JAYANTHI_2026_08_KALKI_JAYANTHI,STANDARD_MONTH_FESTIVAL,MONTH_PANCHANG_DISCOVERY_DATE,OBSERVANCE,Kalki Jayanthi,,,Kalki Jayanthi is observed today.,20,2026-08-17,standard_festival_engine.py,KALKI_JAYANTHI_V2_0_DISCOVERY_EVIDENCE,APPROVED,2026-08-22T21:30:45-04:00,kalki_jayanthi_messages.csv
2026-08-17,geoname:2928751,geoname:2928751|city:esslingen,Esslingen,Esslingen,Germany,Europe/Berlin,2928751,NAG_PANCHAMI,Nag Panchami,NAG_PANCHAMI_2026_08_NAG_PANCHAMI,STANDARD_MONTH_FESTIVAL,MONTH_PANCHANG_DISCOVERY_DATE,OBSERVANCE,Nag Panchami,,,Nag Panchami is observed today.,20,2026-08-17,standard_festival_engine.py,NAG_PANCHAMI_V2_0_DISCOVERY_EVIDENCE,APPROVED,2026-08-22T21:30:45-04:00,nag_panchami_messages.csv
2026-08-17,geoname:2928751,geoname:2928751|city:esslingen,Esslingen,Esslingen,Germany,Europe/Berlin,2928751,SANKRAMANA,Simha Sankranti,SANKRAMANA_2026_08_SIMHA_SANKRANTI,SANKRAMANA,DRIK_SANKRAMANA_DETAIL,OBSERVANCE,Simha Sankranti,Simha Sankranti Moment - 04:34 AM | Simha Sankranti Punya Kala - 06:18 AM to 01:26 PM | Simha Sankranti Maha Punya Kala - 06:18 AM to 08:41 AM,,Simha Sankranti. Simha Sankranti Moment - 04:34 AM | Simha Sankranti Punya Kala - 06:18 AM to 01:26 PM | Simha Sankranti Maha Punya Kala - 06:18 AM to 08:41 AM,20,2026-08-17,sankramana_engine.py,SANKRAMANA_V2_1_CITY_CONTEXT_THEN_DISCOVERY_URL,APPROVED,2026-08-22T21:30:45-04:00,sankramana_messages.csv
2026-08-17,geoname:4167147,geoname:4167147|city:orlando,Orlando,Florida,United States,America/New_York,4167147,KALKI_JAYANTHI,Kalki Jayanthi,KALKI_JAYANTHI_2026_08_KALKI_JAYANTHI,STANDARD_MONTH_FESTIVAL,MONTH_PANCHANG_DISCOVERY_DATE,OBSERVANCE,Kalki Jayanthi,,,Kalki Jayanthi is observed today.,20,2026-08-17,standard_festival_engine.py,KALKI_JAYANTHI_V2_0_DISCOVERY_EVIDENCE,APPROVED,2026-08-22T21:30:45-04:00,kalki_jayanthi_messages.csv
2026-08-17,geoname:4174757,geoname:4174757|city:tampa,Tampa,Florida,United States,America/New_York,4174757,KALKI_JAYANTHI,Kalki Jayanthi,KALKI_JAYANTHI_2026_08_KALKI_JAYANTHI,STANDARD_MONTH_FESTIVAL,MONTH_PANCHANG_DISCOVERY_DATE,OBSERVANCE,Kalki Jayanthi,,,Kalki Jayanthi is observed today.,20,2026-08-17,standard_festival_engine.py,KALKI_JAYANTHI_V2_0_DISCOVERY_EVIDENCE,APPROVED,2026-08-22T21:30:45-04:00,kalki_jayanthi_messages.csv
2026-08-17,geoname:4180439,geoname:4180439|city:atlanta,Atlanta,Georgia,United States,America/New_York,4180439,KALKI_JAYANTHI,Kalki Jayanthi,KALKI_JAYANTHI_2026_08_KALKI_JAYANTHI,STANDARD_MONTH_FESTIVAL,MONTH_PANCHANG_DISCOVERY_DATE,OBSERVANCE,Kalki Jayanthi,,,Kalki Jayanthi is observed today.,20,2026-08-17,standard_festival_engine.py,KALKI_JAYANTHI_V2_0_DISCOVERY_EVIDENCE,APPROVED,2026-08-22T21:30:45-04:00,kalki_jayanthi_messages.csv
2026-08-17,geoname:4256038,geoname:4256038|city:columbus,Columbus,Indiana,United States,America/Indiana/Indianapolis,4256038,KALKI_JAYANTHI,Kalki Jayanthi,KALKI_JAYANTHI_2026_08_KALKI_JAYANTHI,STANDARD_MONTH_FESTIVAL,MONTH_PANCHANG_DISCOVERY_DATE,OBSERVANCE,Kalki Jayanthi,,,Kalki Jayanthi is observed today.,20,2026-08-17,standard_festival_engine.py,KALKI_JAYANTHI_V2_0_DISCOVERY_EVIDENCE,APPROVED,2026-08-22T21:30:45-04:00,kalki_jayanthi_messages.csv
2026-08-17,geoname:4347778,geoname:4347778|city:baltimore,Baltimore,Maryland,United States,America/New_York,4347778,KALKI_JAYANTHI,Kalki Jayanthi,KALKI_JAYANTHI_2026_08_KALKI_JAYANTHI,STANDARD_MONTH_FESTIVAL,MONTH_PANCHANG_DISCOVERY_DATE,OBSERVANCE,Kalki Jayanthi,,,Kalki Jayanthi is observed today.,20,2026-08-17,standard_festival_engine.py,KALKI_JAYANTHI_V2_0_DISCOVERY_EVIDENCE,APPROVED,2026-08-22T21:30:45-04:00,kalki_jayanthi_messages.csv
2026-08-17,geoname:4460243,geoname:4460243|city:charlotte,Charlotte,North Carolina,United States,America/New_York,4460243,KALKI_JAYANTHI,Kalki Jayanthi,KALKI_JAYANTHI_2026_08_KALKI_JAYANTHI,STANDARD_MONTH_FESTIVAL,MONTH_PANCHANG_DISCOVERY_DATE,OBSERVANCE,Kalki Jayanthi,,,Kalki Jayanthi is observed today.,20,2026-08-17,standard_festival_engine.py,KALKI_JAYANTHI_V2_0_DISCOVERY_EVIDENCE,APPROVED,2026-08-22T21:30:45-04:00,kalki_jayanthi_messages.csv
2026-08-17,geoname:4487042,geoname:4487042|city:raleigh,Raleigh,North Carolina,United States,America/New_York,4487042,KALKI_JAYANTHI,Kalki Jayanthi,KALKI_JAYANTHI_2026_08_KALKI_JAYANTHI,STANDARD_MONTH_FESTIVAL,MONTH_PANCHANG_DISCOVERY_DATE,OBSERVANCE,Kalki Jayanthi,,,Kalki Jayanthi is observed today.,20,2026-08-17,standard_festival_engine.py,KALKI_JAYANTHI_V2_0_DISCOVERY_EVIDENCE,APPROVED,2026-08-22T21:30:45-04:00,kalki_jayanthi_messages.csv
2026-08-17,geoname:4508722,geoname:4508722|city:cincinnati,Cincinnati,Ohio,United States,America/New_York,4508722,KALKI_JAYANTHI,Kalki Jayanthi,KALKI_JAYANTHI_2026_08_KALKI_JAYANTHI,STANDARD_MONTH_FESTIVAL,MONTH_PANCHANG_DISCOVERY_DATE,OBSERVANCE,Kalki Jayanthi,,,Kalki Jayanthi is observed today.,20,2026-08-17,standard_festival_engine.py,KALKI_JAYANTHI_V2_0_DISCOVERY_EVIDENCE,APPROVED,2026-08-22T21:30:45-04:00,kalki_jayanthi_messages.csv
2026-08-17,geoname:4509177,geoname:4509177|city:columbus,Columbus,Ohio,United States,America/New_York,4509177,KALKI_JAYANTHI,Kalki Jayanthi,KALKI_JAYANTHI_2026_08_KALKI_JAYANTHI,STANDARD_MONTH_FESTIVAL,MONTH_PANCHANG_DISCOVERY_DATE,OBSERVANCE,Kalki Jayanthi,,,Kalki Jayanthi is observed today.,20,2026-08-17,standard_festival_engine.py,KALKI_JAYANTHI_V2_0_DISCOVERY_EVIDENCE,APPROVED,2026-08-22T21:30:45-04:00,kalki_jayanthi_messages.csv
2026-08-17,geoname:4560349,geoname:4560349|city:philadelphia,Philadelphia,Pennsylvania,United States,America/New_York,4560349,KALKI_JAYANTHI,Kalki Jayanthi,KALKI_JAYANTHI_2026_08_KALKI_JAYANTHI,STANDARD_MONTH_FESTIVAL,MONTH_PANCHANG_DISCOVERY_DATE,OBSERVANCE,Kalki Jayanthi,,,Kalki Jayanthi is observed today.,20,2026-08-17,standard_festival_engine.py,KALKI_JAYANTHI_V2_0_DISCOVERY_EVIDENCE,APPROVED,2026-08-22T21:30:45-04:00,kalki_jayanthi_messages.csv
2026-08-17,geoname:4634946,geoname:4634946|city:knoxville,Knoxville,Tennessee,United States,America/New_York,4634946,KALKI_JAYANTHI,Kalki Jayanthi,KALKI_JAYANTHI_2026_08_KALKI_JAYANTHI,STANDARD_MONTH_FESTIVAL,MONTH_PANCHANG_DISCOVERY_DATE,OBSERVANCE,Kalki Jayanthi,,,Kalki Jayanthi is observed today.,20,2026-08-17,standard_festival_engine.py,KALKI_JAYANTHI_V2_0_DISCOVERY_EVIDENCE,APPROVED,2026-08-22T21:30:45-04:00,kalki_jayanthi_messages.csv
2026-08-17,geoname:4644585,geoname:4644585|city:nashville,Nashville,Tennessee,United States,America/Chicago,4644585,KALKI_JAYANTHI,Kalki Jayanthi,KALKI_JAYANTHI_2026_08_KALKI_JAYANTHI,STANDARD_MONTH_FESTIVAL,MONTH_PANCHANG_DISCOVERY_DATE,OBSERVANCE,Kalki Jayanthi,,,Kalki Jayanthi is observed today.,20,2026-08-17,standard_festival_engine.py,KALKI_JAYANTHI_V2_0_DISCOVERY_EVIDENCE,APPROVED,2026-08-22T21:30:45-04:00,kalki_jayanthi_messages.csv
2026-08-17,geoname:4684888,geoname:4684888|city:dallas,Dallas,Texas,United States,America/Chicago,4684888,KALKI_JAYANTHI,Kalki Jayanthi,KALKI_JAYANTHI_2026_08_KALKI_JAYANTHI,STANDARD_MONTH_FESTIVAL,MONTH_PANCHANG_DISCOVERY_DATE,OBSERVANCE,Kalki Jayanthi,,,Kalki Jayanthi is observed today.,20,2026-08-17,standard_festival_engine.py,KALKI_JAYANTHI_V2_0_DISCOVERY_EVIDENCE,APPROVED,2026-08-22T21:30:45-04:00,kalki_jayanthi_messages.csv
2026-08-17,geoname:4699066,geoname:4699066|city:houston,Houston,Texas,United States,America/Chicago,4699066,KALKI_JAYANTHI,Kalki Jayanthi,KALKI_JAYANTHI_2026_08_KALKI_JAYANTHI,STANDARD_MONTH_FESTIVAL,MONTH_PANCHANG_DISCOVERY_DATE,OBSERVANCE,Kalki Jayanthi,,,Kalki Jayanthi is observed today.,20,2026-08-17,standard_festival_engine.py,KALKI_JAYANTHI_V2_0_DISCOVERY_EVIDENCE,APPROVED,2026-08-22T21:30:45-04:00,kalki_jayanthi_messages.csv
2026-08-17,geoname:4781708,geoname:4781708|city:richmond,Richmond,Virginia,United States,America/New_York,4781708,KALKI_JAYANTHI,Kalki Jayanthi,KALKI_JAYANTHI_2026_08_KALKI_JAYANTHI,STANDARD_MONTH_FESTIVAL,MONTH_PANCHANG_DISCOVERY_DATE,OBSERVANCE,Kalki Jayanthi,,,Kalki Jayanthi is observed today.,20,2026-08-17,standard_festival_engine.py,KALKI_JAYANTHI_V2_0_DISCOVERY_EVIDENCE,APPROVED,2026-08-22T21:30:45-04:00,kalki_jayanthi_messages.csv
2026-08-17,geoname:4887398,geoname:4887398|city:chicago,Chicago,Illinois,United States,America/Chicago,4887398,KALKI_JAYANTHI,Kalki Jayanthi,KALKI_JAYANTHI_2026_08_KALKI_JAYANTHI,STANDARD_MONTH_FESTIVAL,MONTH_PANCHANG_DISCOVERY_DATE,OBSERVANCE,Kalki Jayanthi,,,Kalki Jayanthi is observed today.,20,2026-08-17,standard_festival_engine.py,KALKI_JAYANTHI_V2_0_DISCOVERY_EVIDENCE,APPROVED,2026-08-22T21:30:45-04:00,kalki_jayanthi_messages.csv
2026-08-17,geoname:4922462,geoname:4922462|city:lafayette,Lafayette,Indiana,United States,America/Indiana/Indianapolis,4922462,KALKI_JAYANTHI,Kalki Jayanthi,KALKI_JAYANTHI_2026_08_KALKI_JAYANTHI,STANDARD_MONTH_FESTIVAL,MONTH_PANCHANG_DISCOVERY_DATE,OBSERVANCE,Kalki Jayanthi,,,Kalki Jayanthi is observed today.,20,2026-08-17,standard_festival_engine.py,KALKI_JAYANTHI_V2_0_DISCOVERY_EVIDENCE,APPROVED,2026-08-22T21:30:45-04:00,kalki_jayanthi_messages.csv
2026-08-17,geoname:5099836,geoname:5099836|city:new_jersey,New Jersey,New Jersey,United States,America/New_York,5099836,KALKI_JAYANTHI,Kalki Jayanthi,KALKI_JAYANTHI_2026_08_KALKI_JAYANTHI,STANDARD_MONTH_FESTIVAL,MONTH_PANCHANG_DISCOVERY_DATE,OBSERVANCE,Kalki Jayanthi,,,Kalki Jayanthi is observed today.,20,2026-08-17,standard_festival_engine.py,KALKI_JAYANTHI_V2_0_DISCOVERY_EVIDENCE,APPROVED,2026-08-22T21:30:45-04:00,kalki_jayanthi_messages.csv
2026-08-17,geoname:5108728,geoname:5108728|city:belfast,Belfast,New York,United States,America/New_York,5108728,KALKI_JAYANTHI,Kalki Jayanthi,KALKI_JAYANTHI_2026_08_KALKI_JAYANTHI,STANDARD_MONTH_FESTIVAL,MONTH_PANCHANG_DISCOVERY_DATE,OBSERVANCE,Kalki Jayanthi,,,Kalki Jayanthi is observed today.,20,2026-08-17,standard_festival_engine.py,KALKI_JAYANTHI_V2_0_DISCOVERY_EVIDENCE,APPROVED,2026-08-22T21:30:45-04:00,kalki_jayanthi_messages.csv
2026-08-17,geoname:5110629,geoname:5110629|city:buffalo,Buffalo,New York,United States,America/New_York,5110629,KALKI_JAYANTHI,Kalki Jayanthi,KALKI_JAYANTHI_2026_08_KALKI_JAYANTHI,STANDARD_MONTH_FESTIVAL,MONTH_PANCHANG_DISCOVERY_DATE,OBSERVANCE,Kalki Jayanthi,,,Kalki Jayanthi is observed today.,20,2026-08-17,standard_festival_engine.py,KALKI_JAYANTHI_V2_0_DISCOVERY_EVIDENCE,APPROVED,2026-08-22T21:30:45-04:00,kalki_jayanthi_messages.csv
2026-08-17,geoname:5119251,geoname:5119251|city:greece,Greece,New York,United States,America/New_York,5119251,KALKI_JAYANTHI,Kalki Jayanthi,KALKI_JAYANTHI_2026_08_KALKI_JAYANTHI,STANDARD_MONTH_FESTIVAL,MONTH_PANCHANG_DISCOVERY_DATE,OBSERVANCE,Kalki Jayanthi,,,Kalki Jayanthi is observed today.,20,2026-08-17,standard_festival_engine.py,KALKI_JAYANTHI_V2_0_DISCOVERY_EVIDENCE,APPROVED,2026-08-22T21:30:45-04:00,kalki_jayanthi_messages.csv
2026-08-17,geoname:5128581,geoname:5128581|city:new_york,New York,New York,United States,America/New_York,5128581,KALKI_JAYANTHI,Kalki Jayanthi,KALKI_JAYANTHI_2026_08_KALKI_JAYANTHI,STANDARD_MONTH_FESTIVAL,MONTH_PANCHANG_DISCOVERY_DATE,OBSERVANCE,Kalki Jayanthi,,,Kalki Jayanthi is observed today.,20,2026-08-17,standard_festival_engine.py,KALKI_JAYANTHI_V2_0_DISCOVERY_EVIDENCE,APPROVED,2026-08-22T21:30:45-04:00,kalki_jayanthi_messages.csv
2026-08-17,geoname:5131614,geoname:5131614|city:pittsford,Pittsford,New York,United States,America/New_York,5131614,KALKI_JAYANTHI,Kalki Jayanthi,KALKI_JAYANTHI_2026_08_KALKI_JAYANTHI,STANDARD_MONTH_FESTIVAL,MONTH_PANCHANG_DISCOVERY_DATE,OBSERVANCE,Kalki Jayanthi,,,Kalki Jayanthi is observed today.,20,2026-08-17,standard_festival_engine.py,KALKI_JAYANTHI_V2_0_DISCOVERY_EVIDENCE,APPROVED,2026-08-22T21:30:45-04:00,kalki_jayanthi_messages.csv
2026-08-17,geoname:5134086,geoname:5134086|city:rochester,Rochester,New York,United States,America/New_York,5134086,KALKI_JAYANTHI,Kalki Jayanthi,KALKI_JAYANTHI_2026_08_KALKI_JAYANTHI,STANDARD_MONTH_FESTIVAL,MONTH_PANCHANG_DISCOVERY_DATE,OBSERVANCE,Kalki Jayanthi,,,Kalki Jayanthi is observed today.,20,2026-08-17,standard_festival_engine.py,KALKI_JAYANTHI_V2_0_DISCOVERY_EVIDENCE,APPROVED,2026-08-22T21:30:45-04:00,kalki_jayanthi_messages.csv
2026-08-17,geoname:5139865,geoname:5139865|city:stonybrook,Stonybrook,New York,United States,America/New_York,5139865,KALKI_JAYANTHI,Kalki Jayanthi,KALKI_JAYANTHI_2026_08_KALKI_JAYANTHI,STANDARD_MONTH_FESTIVAL,MONTH_PANCHANG_DISCOVERY_DATE,OBSERVANCE,Kalki Jayanthi,,,Kalki Jayanthi is observed today.,20,2026-08-17,standard_festival_engine.py,KALKI_JAYANTHI_V2_0_DISCOVERY_EVIDENCE,APPROVED,2026-08-22T21:30:45-04:00,kalki_jayanthi_messages.csv
2026-08-17,geoname:5140405,geoname:5140405|city:syracuse,Syracuse,New York,United States,America/New_York,5140405,KALKI_JAYANTHI,Kalki Jayanthi,KALKI_JAYANTHI_2026_08_KALKI_JAYANTHI,STANDARD_MONTH_FESTIVAL,MONTH_PANCHANG_DISCOVERY_DATE,OBSERVANCE,Kalki Jayanthi,,,Kalki Jayanthi is observed today.,20,2026-08-17,standard_festival_engine.py,KALKI_JAYANTHI_V2_0_DISCOVERY_EVIDENCE,APPROVED,2026-08-22T21:30:45-04:00,kalki_jayanthi_messages.csv
2026-08-17,geoname:5150529,geoname:5150529|city:cleveland,Cleveland,Ohio,United States,America/New_York,5150529,KALKI_JAYANTHI,Kalki Jayanthi,KALKI_JAYANTHI_2026_08_KALKI_JAYANTHI,STANDARD_MONTH_FESTIVAL,MONTH_PANCHANG_DISCOVERY_DATE,OBSERVANCE,Kalki Jayanthi,,,Kalki Jayanthi is observed today.,20,2026-08-17,standard_festival_engine.py,KALKI_JAYANTHI_V2_0_DISCOVERY_EVIDENCE,APPROVED,2026-08-22T21:30:45-04:00,kalki_jayanthi_messages.csv
2026-08-17,geoname:5308655,geoname:5308655|city:phoenix,Phoenix,Arizona,United States,America/Phoenix,5308655,KALKI_JAYANTHI,Kalki Jayanthi,KALKI_JAYANTHI_2026_08_KALKI_JAYANTHI,STANDARD_MONTH_FESTIVAL,MONTH_PANCHANG_DISCOVERY_DATE,OBSERVANCE,Kalki Jayanthi,,,Kalki Jayanthi is observed today.,20,2026-08-17,standard_festival_engine.py,KALKI_JAYANTHI_V2_0_DISCOVERY_EVIDENCE,APPROVED,2026-08-22T21:30:45-04:00,kalki_jayanthi_messages.csv
2026-08-17,geoname:5368361,geoname:5368361|city:los_angeles,Los Angeles,California,United States,America/Los_Angeles,5368361,KALKI_JAYANTHI,Kalki Jayanthi,KALKI_JAYANTHI_2026_08_KALKI_JAYANTHI,STANDARD_MONTH_FESTIVAL,MONTH_PANCHANG_DISCOVERY_DATE,OBSERVANCE,Kalki Jayanthi,,,Kalki Jayanthi is observed today.,20,2026-08-17,standard_festival_engine.py,KALKI_JAYANTHI_V2_0_DISCOVERY_EVIDENCE,APPROVED,2026-08-22T21:30:45-04:00,kalki_jayanthi_messages.csv
2026-08-17,geoname:5383527,geoname:5383527|city:placentia,Placentia,California,United States,America/Los_Angeles,5383527,KALKI_JAYANTHI,Kalki Jayanthi,KALKI_JAYANTHI_2026_08_KALKI_JAYANTHI,STANDARD_MONTH_FESTIVAL,MONTH_PANCHANG_DISCOVERY_DATE,OBSERVANCE,Kalki Jayanthi,,,Kalki Jayanthi is observed today.,20,2026-08-17,standard_festival_engine.py,KALKI_JAYANTHI_V2_0_DISCOVERY_EVIDENCE,APPROVED,2026-08-22T21:30:45-04:00,kalki_jayanthi_messages.csv
2026-08-17,geoname:5391959,geoname:5391959|city:san_francisco,San Francisco,California,United States,America/Los_Angeles,5391959,KALKI_JAYANTHI,Kalki Jayanthi,KALKI_JAYANTHI_2026_08_KALKI_JAYANTHI,STANDARD_MONTH_FESTIVAL,MONTH_PANCHANG_DISCOVERY_DATE,OBSERVANCE,Kalki Jayanthi,,,Kalki Jayanthi is observed today.,20,2026-08-17,standard_festival_engine.py,KALKI_JAYANTHI_V2_0_DISCOVERY_EVIDENCE,APPROVED,2026-08-22T21:30:45-04:00,kalki_jayanthi_messages.csv
2026-08-17,geoname:5809844,geoname:5809844|city:seattle,Seattle,Washington,United States,America/Los_Angeles,5809844,KALKI_JAYANTHI,Kalki Jayanthi,KALKI_JAYANTHI_2026_08_KALKI_JAYANTHI,STANDARD_MONTH_FESTIVAL,MONTH_PANCHANG_DISCOVERY_DATE,OBSERVANCE,Kalki Jayanthi,,,Kalki Jayanthi is observed today.,20,2026-08-17,standard_festival_engine.py,KALKI_JAYANTHI_V2_0_DISCOVERY_EVIDENCE,APPROVED,2026-08-22T21:30:45-04:00,kalki_jayanthi_messages.csv
2026-08-17,geoname:6173331,geoname:6173331|city:vancouver,Vancouver,British Columbia,Canada,America/Los_Angeles,6173331,KALKI_JAYANTHI,Kalki Jayanthi,KALKI_JAYANTHI_2026_08_KALKI_JAYANTHI,STANDARD_MONTH_FESTIVAL,MONTH_PANCHANG_DISCOVERY_DATE,OBSERVANCE,Kalki Jayanthi,,,Kalki Jayanthi is observed today.,20,2026-08-17,standard_festival_engine.py,KALKI_JAYANTHI_V2_0_DISCOVERY_EVIDENCE,APPROVED,2026-08-22T21:30:45-04:00,kalki_jayanthi_messages.csv
2026-08-17,geoname:6182962,geoname:6182962|city:windsor,Windsor,Ontario,Canada,America/New_York,6182962,KALKI_JAYANTHI,Kalki Jayanthi,KALKI_JAYANTHI_2026_08_KALKI_JAYANTHI,STANDARD_MONTH_FESTIVAL,MONTH_PANCHANG_DISCOVERY_DATE,OBSERVANCE,Kalki Jayanthi,,,Kalki Jayanthi is observed today.,20,2026-08-17,standard_festival_engine.py,KALKI_JAYANTHI_V2_0_DISCOVERY_EVIDENCE,APPROVED,2026-08-22T21:30:45-04:00,kalki_jayanthi_messages.csv
2026-08-18,geoname:1253102,geoname:1253102|city:visakhapatnam,Visakhapatnam,Andra Pradesh,India,Asia/Kolkata,1253102,KALKI_JAYANTHI,Kalki Jayanthi,KALKI_JAYANTHI_2026_08_KALKI_JAYANTHI,STANDARD_MONTH_FESTIVAL,MONTH_PANCHANG_DISCOVERY_DATE,OBSERVANCE,Kalki Jayanthi,,,Kalki Jayanthi is observed today.,20,2026-08-18,standard_festival_engine.py,KALKI_JAYANTHI_V2_0_DISCOVERY_EVIDENCE,APPROVED,2026-08-22T21:30:45-04:00,kalki_jayanthi_messages.csv
2026-08-18,geoname:1253405,geoname:1253405|city:varanasi,Varanasi,Uttar Pradesh,India,Asia/Kolkata,1253405,KALKI_JAYANTHI,Kalki Jayanthi,KALKI_JAYANTHI_2026_08_KALKI_JAYANTHI,STANDARD_MONTH_FESTIVAL,MONTH_PANCHANG_DISCOVERY_DATE,OBSERVANCE,Kalki Jayanthi,,,Kalki Jayanthi is observed today.,20,2026-08-18,standard_festival_engine.py,KALKI_JAYANTHI_V2_0_DISCOVERY_EVIDENCE,APPROVED,2026-08-22T21:30:45-04:00,kalki_jayanthi_messages.csv
2026-08-18,geoname:1253573,geoname:1253573|city:vadodara,Vadodara,Gujarat,India,Asia/Kolkata,1253573,KALKI_JAYANTHI,Kalki Jayanthi,KALKI_JAYANTHI_2026_08_KALKI_JAYANTHI,STANDARD_MONTH_FESTIVAL,MONTH_PANCHANG_DISCOVERY_DATE,OBSERVANCE,Kalki Jayanthi,,,Kalki Jayanthi is observed today.,20,2026-08-18,standard_festival_engine.py,KALKI_JAYANTHI_V2_0_DISCOVERY_EVIDENCE,APPROVED,2026-08-22T21:30:45-04:00,kalki_jayanthi_messages.csv
2026-08-18,geoname:1253952,geoname:1253952|city:udupi,Udupi,Karnataka,India,Asia/Kolkata,1253952,KALKI_JAYANTHI,Kalki Jayanthi,KALKI_JAYANTHI_2026_08_KALKI_JAYANTHI,STANDARD_MONTH_FESTIVAL,MONTH_PANCHANG_DISCOVERY_DATE,OBSERVANCE,Kalki Jayanthi,,,Kalki Jayanthi is observed today.,20,2026-08-18,standard_festival_engine.py,KALKI_JAYANTHI_V2_0_DISCOVERY_EVIDENCE,APPROVED,2026-08-22T21:30:45-04:00,kalki_jayanthi_messages.csv
2026-08-18,geoname:1254163,geoname:1254163|city:thiruvananthapuram,Thiruvananthapuram,Kerala,India,Asia/Kolkata,1254163,KALKI_JAYANTHI,Kalki Jayanthi,KALKI_JAYANTHI_2026_08_KALKI_JAYANTHI,STANDARD_MONTH_FESTIVAL,MONTH_PANCHANG_DISCOVERY_DATE,OBSERVANCE,Kalki Jayanthi,,,Kalki Jayanthi is observed today.,20,2026-08-18,standard_festival_engine.py,KALKI_JAYANTHI_V2_0_DISCOVERY_EVIDENCE,APPROVED,2026-08-22T21:30:45-04:00,kalki_jayanthi_messages.csv
2026-08-18,geoname:1254360,geoname:1254360|city:tirupati,Tirupati,Andhra Pradesh,India,Asia/Kolkata,1254360,KALKI_JAYANTHI,Kalki Jayanthi,KALKI_JAYANTHI_2026_08_KALKI_JAYANTHI,STANDARD_MONTH_FESTIVAL,MONTH_PANCHANG_DISCOVERY_DATE,OBSERVANCE,Kalki Jayanthi,,,Kalki Jayanthi is observed today.,20,2026-08-18,standard_festival_engine.py,KALKI_JAYANTHI_V2_0_DISCOVERY_EVIDENCE,APPROVED,2026-08-22T21:30:45-04:00,kalki_jayanthi_messages.csv
2026-08-18,geoname:1254388,geoname:1254388|city:srirangam,Srirangam,Tamil Nadu,India,Asia/Kolkata,1254388,KALKI_JAYANTHI,Kalki Jayanthi,KALKI_JAYANTHI_2026_08_KALKI_JAYANTHI,STANDARD_MONTH_FESTIVAL,MONTH_PANCHANG_DISCOVERY_DATE,OBSERVANCE,Kalki Jayanthi,,,Kalki Jayanthi is observed today.,20,2026-08-18,standard_festival_engine.py,KALKI_JAYANTHI_V2_0_DISCOVERY_EVIDENCE,APPROVED,2026-08-22T21:30:45-04:00,kalki_jayanthi_messages.csv
2026-08-18,geoname:1255364,geoname:1255364|city:surat,Surat,Gujarat,India,Asia/Kolkata,1255364,KALKI_JAYANTHI,Kalki Jayanthi,KALKI_JAYANTHI_2026_08_KALKI_JAYANTHI,STANDARD_MONTH_FESTIVAL,MONTH_PANCHANG_DISCOVERY_DATE,OBSERVANCE,Kalki Jayanthi,,,Kalki Jayanthi is observed today.,20,2026-08-18,standard_festival_engine.py,KALKI_JAYANTHI_V2_0_DISCOVERY_EVIDENCE,APPROVED,2026-08-22T21:30:45-04:00,kalki_jayanthi_messages.csv
2026-08-18,geoname:1255634,geoname:1255634|city:srinagar,Srinagar,Jammu and Kashmir,India,Asia/Kolkata,1255634,KALKI_JAYANTHI,Kalki Jayanthi,KALKI_JAYANTHI_2026_08_KALKI_JAYANTHI,STANDARD_MONTH_FESTIVAL,MONTH_PANCHANG_DISCOVERY_DATE,OBSERVANCE,Kalki Jayanthi,,,Kalki Jayanthi is observed today.,20,2026-08-18,standard_festival_engine.py,KALKI_JAYANTHI_V2_0_DISCOVERY_EVIDENCE,APPROVED,2026-08-22T21:30:45-04:00,kalki_jayanthi_messages.csv
2026-08-18,geoname:1256287,geoname:1256287|city:silchar,Silchar,Assam,India,Asia/Kolkata,1256287,KALKI_JAYANTHI,Kalki Jayanthi,KALKI_JAYANTHI_2026_08_KALKI_JAYANTHI,STANDARD_MONTH_FESTIVAL,MONTH_PANCHANG_DISCOVERY_DATE,OBSERVANCE,Kalki Jayanthi,,,Kalki Jayanthi is observed today.,20,2026-08-18,standard_festival_engine.py,KALKI_JAYANTHI_V2_0_DISCOVERY_EVIDENCE,APPROVED,2026-08-22T21:30:45-04:00,kalki_jayanthi_messages.csv
2026-08-18,geoname:1256525,geoname:1256525|city:shiliguri,Shiliguri,West Bengal,India,Asia/Kolkata,1256525,KALKI_JAYANTHI,Kalki Jayanthi,KALKI_JAYANTHI_2026_08_KALKI_JAYANTHI,STANDARD_MONTH_FESTIVAL,MONTH_PANCHANG_DISCOVERY_DATE,OBSERVANCE,Kalki Jayanthi,,,Kalki Jayanthi is observed today.,20,2026-08-18,standard_festival_engine.py,KALKI_JAYANTHI_V2_0_DISCOVERY_EVIDENCE,APPROVED,2026-08-22T21:30:45-04:00,kalki_jayanthi_messages.csv
2026-08-18,geoname:1259229,geoname:1259229|city:pune,Pune,Maharashtra,India,Asia/Kolkata,1259229,KALKI_JAYANTHI,Kalki Jayanthi,KALKI_JAYANTHI_2026_08_KALKI_JAYANTHI,STANDARD_MONTH_FESTIVAL,MONTH_PANCHANG_DISCOVERY_DATE,OBSERVANCE,Kalki Jayanthi,,,Kalki Jayanthi is observed today.,20,2026-08-18,standard_festival_engine.py,KALKI_JAYANTHI_V2_0_DISCOVERY_EVIDENCE,APPROVED,2026-08-22T21:30:45-04:00,kalki_jayanthi_messages.csv
2026-08-18,geoname:1260546,geoname:1260546|city:pandharpur,Pandharpur,Maharashtra,India,Asia/Kolkata,1260546,KALKI_JAYANTHI,Kalki Jayanthi,KALKI_JAYANTHI_2026_08_KALKI_JAYANTHI,STANDARD_MONTH_FESTIVAL,MONTH_PANCHANG_DISCOVERY_DATE,OBSERVANCE,Kalki Jayanthi,,,Kalki Jayanthi is observed today.,20,2026-08-18,standard_festival_engine.py,KALKI_JAYANTHI_V2_0_DISCOVERY_EVIDENCE,APPROVED,2026-08-22T21:30:45-04:00,kalki_jayanthi_messages.csv
2026-08-18,geoname:1262180,geoname:1262180|city:nagpur,Nagpur,Maharashtra,India,Asia/Kolkata,1262180,KALKI_JAYANTHI,Kalki Jayanthi,KALKI_JAYANTHI_2026_08_KALKI_JAYANTHI,STANDARD_MONTH_FESTIVAL,MONTH_PANCHANG_DISCOVERY_DATE,OBSERVANCE,Kalki Jayanthi,,,Kalki Jayanthi is observed today.,20,2026-08-18,standard_festival_engine.py,KALKI_JAYANTHI_V2_0_DISCOVERY_EVIDENCE,APPROVED,2026-08-22T21:30:45-04:00,kalki_jayanthi_messages.csv
2026-08-18,geoname:1262321,geoname:1262321|city:mysuru,Mysuru,Karnataka,India,Asia/Kolkata,1262321,KALKI_JAYANTHI,Kalki Jayanthi,KALKI_JAYANTHI_2026_08_KALKI_JAYANTHI,STANDARD_MONTH_FESTIVAL,MONTH_PANCHANG_DISCOVERY_DATE,OBSERVANCE,Kalki Jayanthi,,,Kalki Jayanthi is observed today.,20,2026-08-18,standard_festival_engine.py,KALKI_JAYANTHI_V2_0_DISCOVERY_EVIDENCE,APPROVED,2026-08-22T21:30:45-04:00,kalki_jayanthi_messages.csv
2026-08-18,geoname:1262321,geoname:1262321|city:t_narasipura,T Narasipura,Karnataka,India,Asia/Kolkata,1262321,KALKI_JAYANTHI,Kalki Jayanthi,KALKI_JAYANTHI_2026_08_KALKI_JAYANTHI,STANDARD_MONTH_FESTIVAL,MONTH_PANCHANG_DISCOVERY_DATE,OBSERVANCE,Kalki Jayanthi,,,Kalki Jayanthi is observed today.,20,2026-08-18,standard_festival_engine.py,KALKI_JAYANTHI_V2_0_DISCOVERY_EVIDENCE,APPROVED,2026-08-22T21:30:45-04:00,kalki_jayanthi_messages.csv
2026-08-18,geoname:1263780,geoname:1263780|city:mangalore,Mangalore,Karnataka,India,Asia/Kolkata,1263780,KALKI_JAYANTHI,Kalki Jayanthi,KALKI_JAYANTHI_2026_08_KALKI_JAYANTHI,STANDARD_MONTH_FESTIVAL,MONTH_PANCHANG_DISCOVERY_DATE,OBSERVANCE,Kalki Jayanthi,,,Kalki Jayanthi is observed today.,20,2026-08-18,standard_festival_engine.py,KALKI_JAYANTHI_V2_0_DISCOVERY_EVIDENCE,APPROVED,2026-08-22T21:30:45-04:00,kalki_jayanthi_messages.csv
2026-08-18,geoname:1264521,geoname:1264521|city:madurai,Madurai,Tamil Nadu,India,Asia/Kolkata,1264521,KALKI_JAYANTHI,Kalki Jayanthi,KALKI_JAYANTHI_2026_08_KALKI_JAYANTHI,STANDARD_MONTH_FESTIVAL,MONTH_PANCHANG_DISCOVERY_DATE,OBSERVANCE,Kalki Jayanthi,,,Kalki Jayanthi is observed today.,20,2026-08-18,standard_festival_engine.py,KALKI_JAYANTHI_V2_0_DISCOVERY_EVIDENCE,APPROVED,2026-08-22T21:30:45-04:00,kalki_jayanthi_messages.csv
2026-08-18,geoname:1264527,geoname:1264527|city:chennai,Chennai,Tamil Nadu,India,Asia/Kolkata,1264527,KALKI_JAYANTHI,Kalki Jayanthi,KALKI_JAYANTHI_2026_08_KALKI_JAYANTHI,STANDARD_MONTH_FESTIVAL,MONTH_PANCHANG_DISCOVERY_DATE,OBSERVANCE,Kalki Jayanthi,,,Kalki Jayanthi is observed today.,20,2026-08-18,standard_festival_engine.py,KALKI_JAYANTHI_V2_0_DISCOVERY_EVIDENCE,APPROVED,2026-08-22T21:30:45-04:00,kalki_jayanthi_messages.csv
2026-08-18,geoname:1264733,geoname:1264733|city:lucknow,Lucknow,Uttar Pradesh,India,Asia/Kolkata,1264733,KALKI_JAYANTHI,Kalki Jayanthi,KALKI_JAYANTHI_2026_08_KALKI_JAYANTHI,STANDARD_MONTH_FESTIVAL,MONTH_PANCHANG_DISCOVERY_DATE,OBSERVANCE,Kalki Jayanthi,,,Kalki Jayanthi is observed today.,20,2026-08-18,standard_festival_engine.py,KALKI_JAYANTHI_V2_0_DISCOVERY_EVIDENCE,APPROVED,2026-08-22T21:30:45-04:00,kalki_jayanthi_messages.csv
2026-08-18,geoname:1265683,geoname:1265683|city:kumbakonam,Kumbakonam,Tamil Nadu,India,Asia/Kolkata,1265683,KALKI_JAYANTHI,Kalki Jayanthi,KALKI_JAYANTHI_2026_08_KALKI_JAYANTHI,STANDARD_MONTH_FESTIVAL,MONTH_PANCHANG_DISCOVERY_DATE,OBSERVANCE,Kalki Jayanthi,,,Kalki Jayanthi is observed today.,20,2026-08-18,standard_festival_engine.py,KALKI_JAYANTHI_V2_0_DISCOVERY_EVIDENCE,APPROVED,2026-08-22T21:30:45-04:00,kalki_jayanthi_messages.csv
2026-08-18,geoname:1266285,geoname:1266285|city:kolhapur,Kolhapur,Maharashtra,India,Asia/Kolkata,1266285,KALKI_JAYANTHI,Kalki Jayanthi,KALKI_JAYANTHI_2026_08_KALKI_JAYANTHI,STANDARD_MONTH_FESTIVAL,MONTH_PANCHANG_DISCOVERY_DATE,OBSERVANCE,Kalki Jayanthi,,,Kalki Jayanthi is observed today.,20,2026-08-18,standard_festival_engine.py,KALKI_JAYANTHI_V2_0_DISCOVERY_EVIDENCE,APPROVED,2026-08-22T21:30:45-04:00,kalki_jayanthi_messages.csv
2026-08-18,geoname:1268159,geoname:1268159|city:kanchipuram,Kanchipuram,Tamil Nadu,India,Asia/Kolkata,1268159,KALKI_JAYANTHI,Kalki Jayanthi,KALKI_JAYANTHI_2026_08_KALKI_JAYANTHI,STANDARD_MONTH_FESTIVAL,MONTH_PANCHANG_DISCOVERY_DATE,OBSERVANCE,Kalki Jayanthi,,,Kalki Jayanthi is observed today.,20,2026-08-18,standard_festival_engine.py,KALKI_JAYANTHI_V2_0_DISCOVERY_EVIDENCE,APPROVED,2026-08-22T21:30:45-04:00,kalki_jayanthi_messages.csv
2026-08-18,geoname:1269655,geoname:1269655|city:itanagar,Itanagar,Arunachal Pradesh,India,Asia/Kolkata,1269655,KALKI_JAYANTHI,Kalki Jayanthi,KALKI_JAYANTHI_2026_08_KALKI_JAYANTHI,STANDARD_MONTH_FESTIVAL,MONTH_PANCHANG_DISCOVERY_DATE,OBSERVANCE,Kalki Jayanthi,,,Kalki Jayanthi is observed today.,20,2026-08-18,standard_festival_engine.py,KALKI_JAYANTHI_V2_0_DISCOVERY_EVIDENCE,APPROVED,2026-08-22T21:30:45-04:00,kalki_jayanthi_messages.csv
2026-08-18,geoname:1269771,geoname:1269771|city:imphal,Imphal,Manipur,India,Asia/Kolkata,1269771,KALKI_JAYANTHI,Kalki Jayanthi,KALKI_JAYANTHI_2026_08_KALKI_JAYANTHI,STANDARD_MONTH_FESTIVAL,MONTH_PANCHANG_DISCOVERY_DATE,OBSERVANCE,Kalki Jayanthi,,,Kalki Jayanthi is observed today.,20,2026-08-18,standard_festival_engine.py,KALKI_JAYANTHI_V2_0_DISCOVERY_EVIDENCE,APPROVED,2026-08-22T21:30:45-04:00,kalki_jayanthi_messages.csv
2026-08-18,geoname:1269843,geoname:1269843|city:hyderabad,Hyderabad,Telangana,India,Asia/Kolkata,1269843,KALKI_JAYANTHI,Kalki Jayanthi,KALKI_JAYANTHI_2026_08_KALKI_JAYANTHI,STANDARD_MONTH_FESTIVAL,MONTH_PANCHANG_DISCOVERY_DATE,OBSERVANCE,Kalki Jayanthi,,,Kalki Jayanthi is observed today.,20,2026-08-18,standard_festival_engine.py,KALKI_JAYANTHI_V2_0_DISCOVERY_EVIDENCE,APPROVED,2026-08-22T21:30:45-04:00,kalki_jayanthi_messages.csv
2026-08-18,geoname:1269920,geoname:1269920|city:hubli,Hubli,Karnataka,India,Asia/Kolkata,1269920,KALKI_JAYANTHI,Kalki Jayanthi,KALKI_JAYANTHI_2026_08_KALKI_JAYANTHI,STANDARD_MONTH_FESTIVAL,MONTH_PANCHANG_DISCOVERY_DATE,OBSERVANCE,Kalki Jayanthi,,,Kalki Jayanthi is observed today.,20,2026-08-18,standard_festival_engine.py,KALKI_JAYANTHI_V2_0_DISCOVERY_EVIDENCE,APPROVED,2026-08-22T21:30:45-04:00,kalki_jayanthi_messages.csv
2026-08-18,geoname:1270603,geoname:1270603|city:guruvayur,Guruvayur,Kerala,India,Asia/Kolkata,1270603,KALKI_JAYANTHI,Kalki Jayanthi,KALKI_JAYANTHI_2026_08_KALKI_JAYANTHI,STANDARD_MONTH_FESTIVAL,MONTH_PANCHANG_DISCOVERY_DATE,OBSERVANCE,Kalki Jayanthi,,,Kalki Jayanthi is observed today.,20,2026-08-18,standard_festival_engine.py,KALKI_JAYANTHI_V2_0_DISCOVERY_EVIDENCE,APPROVED,2026-08-22T21:30:45-04:00,kalki_jayanthi_messages.csv
2026-08-18,geoname:1271476,geoname:1271476|city:guwahati,Guwahati,Assam,India,Asia/Kolkata,1271476,KALKI_JAYANTHI,Kalki Jayanthi,KALKI_JAYANTHI_2026_08_KALKI_JAYANTHI,STANDARD_MONTH_FESTIVAL,MONTH_PANCHANG_DISCOVERY_DATE,OBSERVANCE,Kalki Jayanthi,,,Kalki Jayanthi is observed today.,20,2026-08-18,standard_festival_engine.py,KALKI_JAYANTHI_V2_0_DISCOVERY_EVIDENCE,APPROVED,2026-08-22T21:30:45-04:00,kalki_jayanthi_messages.csv
2026-08-18,geoname:1271631,geoname:1271631|city:gangtok,Gangtok,Sikkim,India,Asia/Kolkata,1271631,KALKI_JAYANTHI,Kalki Jayanthi,KALKI_JAYANTHI_2026_08_KALKI_JAYANTHI,STANDARD_MONTH_FESTIVAL,MONTH_PANCHANG_DISCOVERY_DATE,OBSERVANCE,Kalki Jayanthi,,,Kalki Jayanthi is observed today.,20,2026-08-18,standard_festival_engine.py,KALKI_JAYANTHI_V2_0_DISCOVERY_EVIDENCE,APPROVED,2026-08-22T21:30:45-04:00,kalki_jayanthi_messages.csv
2026-08-18,geoname:1272552,geoname:1272552|city:dimapur,Dimapur,Nagaland,India,Asia/Kolkata,1272552,KALKI_JAYANTHI,Kalki Jayanthi,KALKI_JAYANTHI_2026_08_KALKI_JAYANTHI,STANDARD_MONTH_FESTIVAL,MONTH_PANCHANG_DISCOVERY_DATE,OBSERVANCE,Kalki Jayanthi,,,Kalki Jayanthi is observed today.,20,2026-08-18,standard_festival_engine.py,KALKI_JAYANTHI_V2_0_DISCOVERY_EVIDENCE,APPROVED,2026-08-22T21:30:45-04:00,kalki_jayanthi_messages.csv
2026-08-18,geoname:1272648,geoname:1272648|city:dibrugarh,Dibrugarh,Assam,India,Asia/Kolkata,1272648,KALKI_JAYANTHI,Kalki Jayanthi,KALKI_JAYANTHI_2026_08_KALKI_JAYANTHI,STANDARD_MONTH_FESTIVAL,MONTH_PANCHANG_DISCOVERY_DATE,OBSERVANCE,Kalki Jayanthi,,,Kalki Jayanthi is observed today.,20,2026-08-18,standard_festival_engine.py,KALKI_JAYANTHI_V2_0_DISCOVERY_EVIDENCE,APPROVED,2026-08-22T21:30:45-04:00,kalki_jayanthi_messages.csv
2026-08-18,geoname:1274256,geoname:1274256|city:chidambaram,Chidambaram,Tamil Nadu,India,Asia/Kolkata,1274256,KALKI_JAYANTHI,Kalki Jayanthi,KALKI_JAYANTHI_2026_08_KALKI_JAYANTHI,STANDARD_MONTH_FESTIVAL,MONTH_PANCHANG_DISCOVERY_DATE,OBSERVANCE,Kalki Jayanthi,,,Kalki Jayanthi is observed today.,20,2026-08-18,standard_festival_engine.py,KALKI_JAYANTHI_V2_0_DISCOVERY_EVIDENCE,APPROVED,2026-08-22T21:30:45-04:00,kalki_jayanthi_messages.csv
2026-08-18,geoname:1275004,geoname:1275004|city:kolkata,Kolkata,West Bengal,India,Asia/Kolkata,1275004,KALKI_JAYANTHI,Kalki Jayanthi,KALKI_JAYANTHI_2026_08_KALKI_JAYANTHI,STANDARD_MONTH_FESTIVAL,MONTH_PANCHANG_DISCOVERY_DATE,OBSERVANCE,Kalki Jayanthi,,,Kalki Jayanthi is observed today.,20,2026-08-18,standard_festival_engine.py,KALKI_JAYANTHI_V2_0_DISCOVERY_EVIDENCE,APPROVED,2026-08-22T21:30:45-04:00,kalki_jayanthi_messages.csv
2026-08-18,geoname:1275339,geoname:1275339|city:mumbai,Mumbai,Maharashtra,India,Asia/Kolkata,1275339,KALKI_JAYANTHI,Kalki Jayanthi,KALKI_JAYANTHI_2026_08_KALKI_JAYANTHI,STANDARD_MONTH_FESTIVAL,MONTH_PANCHANG_DISCOVERY_DATE,OBSERVANCE,Kalki Jayanthi,,,Kalki Jayanthi is observed today.,20,2026-08-18,standard_festival_engine.py,KALKI_JAYANTHI_V2_0_DISCOVERY_EVIDENCE,APPROVED,2026-08-22T21:30:45-04:00,kalki_jayanthi_messages.csv
2026-08-18,geoname:1275817,geoname:1275817|city:bhubaneswar,Bhubaneswar,Odisha,India,Asia/Kolkata,1275817,KALKI_JAYANTHI,Kalki Jayanthi,KALKI_JAYANTHI_2026_08_KALKI_JAYANTHI,STANDARD_MONTH_FESTIVAL,MONTH_PANCHANG_DISCOVERY_DATE,OBSERVANCE,Kalki Jayanthi,,,Kalki Jayanthi is observed today.,20,2026-08-18,standard_festival_engine.py,KALKI_JAYANTHI_V2_0_DISCOVERY_EVIDENCE,APPROVED,2026-08-22T21:30:45-04:00,kalki_jayanthi_messages.csv
2026-08-18,geoname:1275841,geoname:1275841|city:bhopal,Bhopal,Madhya Pradesh,India,Asia/Kolkata,1275841,KALKI_JAYANTHI,Kalki Jayanthi,KALKI_JAYANTHI_2026_08_KALKI_JAYANTHI,STANDARD_MONTH_FESTIVAL,MONTH_PANCHANG_DISCOVERY_DATE,OBSERVANCE,Kalki Jayanthi,,,Kalki Jayanthi is observed today.,20,2026-08-18,standard_festival_engine.py,KALKI_JAYANTHI_V2_0_DISCOVERY_EVIDENCE,APPROVED,2026-08-22T21:30:45-04:00,kalki_jayanthi_messages.csv
2026-08-18,geoname:1276533,geoname:1276533|city:belgaum,Belgaum,Karnataka,India,Asia/Kolkata,1276533,KALKI_JAYANTHI,Kalki Jayanthi,KALKI_JAYANTHI_2026_08_KALKI_JAYANTHI,STANDARD_MONTH_FESTIVAL,MONTH_PANCHANG_DISCOVERY_DATE,OBSERVANCE,Kalki Jayanthi,,,Kalki Jayanthi is observed today.,20,2026-08-18,standard_festival_engine.py,KALKI_JAYANTHI_V2_0_DISCOVERY_EVIDENCE,APPROVED,2026-08-22T21:30:45-04:00,kalki_jayanthi_messages.csv
2026-08-18,geoname:1277333,geoname:1277333|city:bengaluru,Bengaluru,Karnataka,India,Asia/Kolkata,1277333,KALKI_JAYANTHI,Kalki Jayanthi,KALKI_JAYANTHI_2026_08_KALKI_JAYANTHI,STANDARD_MONTH_FESTIVAL,MONTH_PANCHANG_DISCOVERY_DATE,OBSERVANCE,Kalki Jayanthi,,,Kalki Jayanthi is observed today.,20,2026-08-18,standard_festival_engine.py,KALKI_JAYANTHI_V2_0_DISCOVERY_EVIDENCE,APPROVED,2026-08-22T21:30:45-04:00,kalki_jayanthi_messages.csv
2026-08-18,geoname:1278094,geoname:1278094|city:ayodhya,Ayodhya,Uttar Pradesh,India,Asia/Kolkata,1278094,KALKI_JAYANTHI,Kalki Jayanthi,KALKI_JAYANTHI_2026_08_KALKI_JAYANTHI,STANDARD_MONTH_FESTIVAL,MONTH_PANCHANG_DISCOVERY_DATE,OBSERVANCE,Kalki Jayanthi,,,Kalki Jayanthi is observed today.,20,2026-08-18,standard_festival_engine.py,KALKI_JAYANTHI_V2_0_DISCOVERY_EVIDENCE,APPROVED,2026-08-22T21:30:45-04:00,kalki_jayanthi_messages.csv
2026-08-18,geoname:1278994,geoname:1278994|city:prayagraj,Prayagraj,Uttar Pradesh,India,Asia/Kolkata,1278994,KALKI_JAYANTHI,Kalki Jayanthi,KALKI_JAYANTHI_2026_08_KALKI_JAYANTHI,STANDARD_MONTH_FESTIVAL,MONTH_PANCHANG_DISCOVERY_DATE,OBSERVANCE,Kalki Jayanthi,,,Kalki Jayanthi is observed today.,20,2026-08-18,standard_festival_engine.py,KALKI_JAYANTHI_V2_0_DISCOVERY_EVIDENCE,APPROVED,2026-08-22T21:30:45-04:00,kalki_jayanthi_messages.csv
2026-08-18,geoname:1279186,geoname:1279186|city:aizawl,Aizawl,Mizoram,India,Asia/Kolkata,1279186,KALKI_JAYANTHI,Kalki Jayanthi,KALKI_JAYANTHI_2026_08_KALKI_JAYANTHI,STANDARD_MONTH_FESTIVAL,MONTH_PANCHANG_DISCOVERY_DATE,OBSERVANCE,Kalki Jayanthi,,,Kalki Jayanthi is observed today.,20,2026-08-18,standard_festival_engine.py,KALKI_JAYANTHI_V2_0_DISCOVERY_EVIDENCE,APPROVED,2026-08-22T21:30:45-04:00,kalki_jayanthi_messages.csv
2026-08-18,geoname:1279290,geoname:1279290|city:agartala,Agartala,Tripura,India,Asia/Kolkata,1279290,KALKI_JAYANTHI,Kalki Jayanthi,KALKI_JAYANTHI_2026_08_KALKI_JAYANTHI,STANDARD_MONTH_FESTIVAL,MONTH_PANCHANG_DISCOVERY_DATE,OBSERVANCE,Kalki Jayanthi,,,Kalki Jayanthi is observed today.,20,2026-08-18,standard_festival_engine.py,KALKI_JAYANTHI_V2_0_DISCOVERY_EVIDENCE,APPROVED,2026-08-22T21:30:45-04:00,kalki_jayanthi_messages.csv
2026-08-18,geoname:1835848,geoname:1835848|city:seoul,Seoul,Seoul,South Korea,Asia/Seoul,1835848,KALKI_JAYANTHI,Kalki Jayanthi,KALKI_JAYANTHI_2026_08_KALKI_JAYANTHI,STANDARD_MONTH_FESTIVAL,MONTH_PANCHANG_DISCOVERY_DATE,OBSERVANCE,Kalki Jayanthi,,,Kalki Jayanthi is observed today.,20,2026-08-18,standard_festival_engine.py,KALKI_JAYANTHI_V2_0_DISCOVERY_EVIDENCE,APPROVED,2026-08-22T21:30:45-04:00,kalki_jayanthi_messages.csv
2026-08-18,geoname:2063523,geoname:2063523|city:perth,Perth,Western Australia,Australia,Australia/Perth,2063523,KALKI_JAYANTHI,Kalki Jayanthi,KALKI_JAYANTHI_2026_08_KALKI_JAYANTHI,STANDARD_MONTH_FESTIVAL,MONTH_PANCHANG_DISCOVERY_DATE,OBSERVANCE,Kalki Jayanthi,,,Kalki Jayanthi is observed today.,20,2026-08-18,standard_festival_engine.py,KALKI_JAYANTHI_V2_0_DISCOVERY_EVIDENCE,APPROVED,2026-08-22T21:30:45-04:00,kalki_jayanthi_messages.csv
2026-08-18,geoname:2078025,geoname:2078025|city:adelaide,Adelaide,South Australia,Australia,Australia/Adelaide,2078025,KALKI_JAYANTHI,Kalki Jayanthi,KALKI_JAYANTHI_2026_08_KALKI_JAYANTHI,STANDARD_MONTH_FESTIVAL,MONTH_PANCHANG_DISCOVERY_DATE,OBSERVANCE,Kalki Jayanthi,,,Kalki Jayanthi is observed today.,20,2026-08-18,standard_festival_engine.py,KALKI_JAYANTHI_V2_0_DISCOVERY_EVIDENCE,APPROVED,2026-08-22T21:30:45-04:00,kalki_jayanthi_messages.csv
2026-08-18,geoname:2147714,geoname:2147714|city:sydney,Sydney,New South Wales,Australia,Australia/Sydney,2147714,KALKI_JAYANTHI,Kalki Jayanthi,KALKI_JAYANTHI_2026_08_KALKI_JAYANTHI,STANDARD_MONTH_FESTIVAL,MONTH_PANCHANG_DISCOVERY_DATE,OBSERVANCE,Kalki Jayanthi,,,Kalki Jayanthi is observed today.,20,2026-08-18,standard_festival_engine.py,KALKI_JAYANTHI_V2_0_DISCOVERY_EVIDENCE,APPROVED,2026-08-22T21:30:45-04:00,kalki_jayanthi_messages.csv
2026-08-18,geoname:2158177,geoname:2158177|city:melbourne,Melbourne,Victoria,Australia,Australia/Melbourne,2158177,KALKI_JAYANTHI,Kalki Jayanthi,KALKI_JAYANTHI_2026_08_KALKI_JAYANTHI,STANDARD_MONTH_FESTIVAL,MONTH_PANCHANG_DISCOVERY_DATE,OBSERVANCE,Kalki Jayanthi,,,Kalki Jayanthi is observed today.,20,2026-08-18,standard_festival_engine.py,KALKI_JAYANTHI_V2_0_DISCOVERY_EVIDENCE,APPROVED,2026-08-22T21:30:45-04:00,kalki_jayanthi_messages.csv
2026-08-18,geoname:2172517,geoname:2172517|city:canberra,Canberra,Australian Capital Territory,Australia,Australia/Sydney,2172517,KALKI_JAYANTHI,Kalki Jayanthi,KALKI_JAYANTHI_2026_08_KALKI_JAYANTHI,STANDARD_MONTH_FESTIVAL,MONTH_PANCHANG_DISCOVERY_DATE,OBSERVANCE,Kalki Jayanthi,,,Kalki Jayanthi is observed today.,20,2026-08-18,standard_festival_engine.py,KALKI_JAYANTHI_V2_0_DISCOVERY_EVIDENCE,APPROVED,2026-08-22T21:30:45-04:00,kalki_jayanthi_messages.csv
2026-08-18,geoname:2174003,geoname:2174003|city:brisbane,Brisbane,Queensland,Australia,Australia/Brisbane,2174003,KALKI_JAYANTHI,Kalki Jayanthi,KALKI_JAYANTHI_2026_08_KALKI_JAYANTHI,STANDARD_MONTH_FESTIVAL,MONTH_PANCHANG_DISCOVERY_DATE,OBSERVANCE,Kalki Jayanthi,,,Kalki Jayanthi is observed today.,20,2026-08-18,standard_festival_engine.py,KALKI_JAYANTHI_V2_0_DISCOVERY_EVIDENCE,APPROVED,2026-08-22T21:30:45-04:00,kalki_jayanthi_messages.csv
2026-08-18,geoname:2179537,geoname:2179537|city:wellington,Wellington,Wellington,New Zealand,Pacific/Auckland,2179537,KALKI_JAYANTHI,Kalki Jayanthi,KALKI_JAYANTHI_2026_08_KALKI_JAYANTHI,STANDARD_MONTH_FESTIVAL,MONTH_PANCHANG_DISCOVERY_DATE,OBSERVANCE,Kalki Jayanthi,,,Kalki Jayanthi is observed today.,20,2026-08-18,standard_festival_engine.py,KALKI_JAYANTHI_V2_0_DISCOVERY_EVIDENCE,APPROVED,2026-08-22T21:30:45-04:00,kalki_jayanthi_messages.csv
2026-08-18,geoname:2192362,geoname:2192362|city:christchurch,Christchurch,Canterbury,New Zealand,Pacific/Auckland,2192362,KALKI_JAYANTHI,Kalki Jayanthi,KALKI_JAYANTHI_2026_08_KALKI_JAYANTHI,STANDARD_MONTH_FESTIVAL,MONTH_PANCHANG_DISCOVERY_DATE,OBSERVANCE,Kalki Jayanthi,,,Kalki Jayanthi is observed today.,20,2026-08-18,standard_festival_engine.py,KALKI_JAYANTHI_V2_0_DISCOVERY_EVIDENCE,APPROVED,2026-08-22T21:30:45-04:00,kalki_jayanthi_messages.csv
2026-08-18,geoname:2193733,geoname:2193733|city:auckland,Auckland,Auckland,New Zealand,Pacific/Auckland,2193733,KALKI_JAYANTHI,Kalki Jayanthi,KALKI_JAYANTHI_2026_08_KALKI_JAYANTHI,STANDARD_MONTH_FESTIVAL,MONTH_PANCHANG_DISCOVERY_DATE,OBSERVANCE,Kalki Jayanthi,,,Kalki Jayanthi is observed today.,20,2026-08-18,standard_festival_engine.py,KALKI_JAYANTHI_V2_0_DISCOVERY_EVIDENCE,APPROVED,2026-08-22T21:30:45-04:00,kalki_jayanthi_messages.csv
2026-08-21,geoname:2643743,geoname:2643743|city:london,London,London,United Kingdom,Europe/London,2643743,VARAMAHALAKSHMI,Varamahalakshmi Vrata,VARAMAHALAKSHMI_2026_08_VARAMAHALAKSHMI_VRATA,STANDARD_MONTH_FESTIVAL,MONTH_PANCHANG_DISCOVERY_DATE,OBSERVANCE,Varamahalakshmi Vrata,,,Varamahalakshmi Vrata is observed today.,20,2026-08-21,standard_festival_engine.py,VARAMAHALAKSHMI_V2_0_DISCOVERY_EVIDENCE,APPROVED,2026-08-22T21:30:45-04:00,varamahalakshmi_messages.csv
2026-08-21,geoname:2657896,geoname:2657896|city:zurich,Zurich,Zurich,Switzerland,Europe/Zurich,2657896,VARAMAHALAKSHMI,Varamahalakshmi Vrata,VARAMAHALAKSHMI_2026_08_VARAMAHALAKSHMI_VRATA,STANDARD_MONTH_FESTIVAL,MONTH_PANCHANG_DISCOVERY_DATE,OBSERVANCE,Varamahalakshmi Vrata,,,Varamahalakshmi Vrata is observed today.,20,2026-08-21,standard_festival_engine.py,VARAMAHALAKSHMI_V2_0_DISCOVERY_EVIDENCE,APPROVED,2026-08-22T21:30:45-04:00,varamahalakshmi_messages.csv
2026-08-21,geoname:2928751,geoname:2928751|city:esslingen,Esslingen,Esslingen,Germany,Europe/Berlin,2928751,VARAMAHALAKSHMI,Varamahalakshmi Vrata,VARAMAHALAKSHMI_2026_08_VARAMAHALAKSHMI_VRATA,STANDARD_MONTH_FESTIVAL,MONTH_PANCHANG_DISCOVERY_DATE,OBSERVANCE,Varamahalakshmi Vrata,,,Varamahalakshmi Vrata is observed today.,20,2026-08-21,standard_festival_engine.py,VARAMAHALAKSHMI_V2_0_DISCOVERY_EVIDENCE,APPROVED,2026-08-22T21:30:45-04:00,varamahalakshmi_messages.csv
2026-08-21,geoname:4167147,geoname:4167147|city:orlando,Orlando,Florida,United States,America/New_York,4167147,VARAMAHALAKSHMI,Varamahalakshmi Vrata,VARAMAHALAKSHMI_2026_08_VARAMAHALAKSHMI_VRATA,STANDARD_MONTH_FESTIVAL,MONTH_PANCHANG_DISCOVERY_DATE,OBSERVANCE,Varamahalakshmi Vrata,,,Varamahalakshmi Vrata is observed today.,20,2026-08-21,standard_festival_engine.py,VARAMAHALAKSHMI_V2_0_DISCOVERY_EVIDENCE,APPROVED,2026-08-22T21:30:45-04:00,varamahalakshmi_messages.csv
2026-08-21,geoname:4174757,geoname:4174757|city:tampa,Tampa,Florida,United States,America/New_York,4174757,VARAMAHALAKSHMI,Varamahalakshmi Vrata,VARAMAHALAKSHMI_2026_08_VARAMAHALAKSHMI_VRATA,STANDARD_MONTH_FESTIVAL,MONTH_PANCHANG_DISCOVERY_DATE,OBSERVANCE,Varamahalakshmi Vrata,,,Varamahalakshmi Vrata is observed today.,20,2026-08-21,standard_festival_engine.py,VARAMAHALAKSHMI_V2_0_DISCOVERY_EVIDENCE,APPROVED,2026-08-22T21:30:45-04:00,varamahalakshmi_messages.csv
2026-08-21,geoname:4180439,geoname:4180439|city:atlanta,Atlanta,Georgia,United States,America/New_York,4180439,VARAMAHALAKSHMI,Varamahalakshmi Vrata,VARAMAHALAKSHMI_2026_08_VARAMAHALAKSHMI_VRATA,STANDARD_MONTH_FESTIVAL,MONTH_PANCHANG_DISCOVERY_DATE,OBSERVANCE,Varamahalakshmi Vrata,,,Varamahalakshmi Vrata is observed today.,20,2026-08-21,standard_festival_engine.py,VARAMAHALAKSHMI_V2_0_DISCOVERY_EVIDENCE,APPROVED,2026-08-22T21:30:45-04:00,varamahalakshmi_messages.csv
2026-08-21,geoname:4256038,geoname:4256038|city:columbus,Columbus,Indiana,United States,America/Indiana/Indianapolis,4256038,VARAMAHALAKSHMI,Varamahalakshmi Vrata,VARAMAHALAKSHMI_2026_08_VARAMAHALAKSHMI_VRATA,STANDARD_MONTH_FESTIVAL,MONTH_PANCHANG_DISCOVERY_DATE,OBSERVANCE,Varamahalakshmi Vrata,,,Varamahalakshmi Vrata is observed today.,20,2026-08-21,standard_festival_engine.py,VARAMAHALAKSHMI_V2_0_DISCOVERY_EVIDENCE,APPROVED,2026-08-22T21:30:45-04:00,varamahalakshmi_messages.csv
2026-08-21,geoname:4347778,geoname:4347778|city:baltimore,Baltimore,Maryland,United States,America/New_York,4347778,VARAMAHALAKSHMI,Varamahalakshmi Vrata,VARAMAHALAKSHMI_2026_08_VARAMAHALAKSHMI_VRATA,STANDARD_MONTH_FESTIVAL,MONTH_PANCHANG_DISCOVERY_DATE,OBSERVANCE,Varamahalakshmi Vrata,,,Varamahalakshmi Vrata is observed today.,20,2026-08-21,standard_festival_engine.py,VARAMAHALAKSHMI_V2_0_DISCOVERY_EVIDENCE,APPROVED,2026-08-22T21:30:45-04:00,varamahalakshmi_messages.csv
2026-08-21,geoname:4460243,geoname:4460243|city:charlotte,Charlotte,North Carolina,United States,America/New_York,4460243,VARAMAHALAKSHMI,Varamahalakshmi Vrata,VARAMAHALAKSHMI_2026_08_VARAMAHALAKSHMI_VRATA,STANDARD_MONTH_FESTIVAL,MONTH_PANCHANG_DISCOVERY_DATE,OBSERVANCE,Varamahalakshmi Vrata,,,Varamahalakshmi Vrata is observed today.,20,2026-08-21,standard_festival_engine.py,VARAMAHALAKSHMI_V2_0_DISCOVERY_EVIDENCE,APPROVED,2026-08-22T21:30:45-04:00,varamahalakshmi_messages.csv
2026-08-21,geoname:4487042,geoname:4487042|city:raleigh,Raleigh,North Carolina,United States,America/New_York,4487042,VARAMAHALAKSHMI,Varamahalakshmi Vrata,VARAMAHALAKSHMI_2026_08_VARAMAHALAKSHMI_VRATA,STANDARD_MONTH_FESTIVAL,MONTH_PANCHANG_DISCOVERY_DATE,OBSERVANCE,Varamahalakshmi Vrata,,,Varamahalakshmi Vrata is observed today.,20,2026-08-21,standard_festival_engine.py,VARAMAHALAKSHMI_V2_0_DISCOVERY_EVIDENCE,APPROVED,2026-08-22T21:30:45-04:00,varamahalakshmi_messages.csv
2026-08-21,geoname:4508722,geoname:4508722|city:cincinnati,Cincinnati,Ohio,United States,America/New_York,4508722,VARAMAHALAKSHMI,Varamahalakshmi Vrata,VARAMAHALAKSHMI_2026_08_VARAMAHALAKSHMI_VRATA,STANDARD_MONTH_FESTIVAL,MONTH_PANCHANG_DISCOVERY_DATE,OBSERVANCE,Varamahalakshmi Vrata,,,Varamahalakshmi Vrata is observed today.,20,2026-08-21,standard_festival_engine.py,VARAMAHALAKSHMI_V2_0_DISCOVERY_EVIDENCE,APPROVED,2026-08-22T21:30:45-04:00,varamahalakshmi_messages.csv
2026-08-21,geoname:4509177,geoname:4509177|city:columbus,Columbus,Ohio,United States,America/New_York,4509177,VARAMAHALAKSHMI,Varamahalakshmi Vrata,VARAMAHALAKSHMI_2026_08_VARAMAHALAKSHMI_VRATA,STANDARD_MONTH_FESTIVAL,MONTH_PANCHANG_DISCOVERY_DATE,OBSERVANCE,Varamahalakshmi Vrata,,,Varamahalakshmi Vrata is observed today.,20,2026-08-21,standard_festival_engine.py,VARAMAHALAKSHMI_V2_0_DISCOVERY_EVIDENCE,APPROVED,2026-08-22T21:30:45-04:00,varamahalakshmi_messages.csv
2026-08-21,geoname:4560349,geoname:4560349|city:philadelphia,Philadelphia,Pennsylvania,United States,America/New_York,4560349,VARAMAHALAKSHMI,Varamahalakshmi Vrata,VARAMAHALAKSHMI_2026_08_VARAMAHALAKSHMI_VRATA,STANDARD_MONTH_FESTIVAL,MONTH_PANCHANG_DISCOVERY_DATE,OBSERVANCE,Varamahalakshmi Vrata,,,Varamahalakshmi Vrata is observed today.,20,2026-08-21,standard_festival_engine.py,VARAMAHALAKSHMI_V2_0_DISCOVERY_EVIDENCE,APPROVED,2026-08-22T21:30:45-04:00,varamahalakshmi_messages.csv
2026-08-21,geoname:4634946,geoname:4634946|city:knoxville,Knoxville,Tennessee,United States,America/New_York,4634946,VARAMAHALAKSHMI,Varamahalakshmi Vrata,VARAMAHALAKSHMI_2026_08_VARAMAHALAKSHMI_VRATA,STANDARD_MONTH_FESTIVAL,MONTH_PANCHANG_DISCOVERY_DATE,OBSERVANCE,Varamahalakshmi Vrata,,,Varamahalakshmi Vrata is observed today.,20,2026-08-21,standard_festival_engine.py,VARAMAHALAKSHMI_V2_0_DISCOVERY_EVIDENCE,APPROVED,2026-08-22T21:30:45-04:00,varamahalakshmi_messages.csv
2026-08-21,geoname:4644585,geoname:4644585|city:nashville,Nashville,Tennessee,United States,America/Chicago,4644585,VARAMAHALAKSHMI,Varamahalakshmi Vrata,VARAMAHALAKSHMI_2026_08_VARAMAHALAKSHMI_VRATA,STANDARD_MONTH_FESTIVAL,MONTH_PANCHANG_DISCOVERY_DATE,OBSERVANCE,Varamahalakshmi Vrata,,,Varamahalakshmi Vrata is observed today.,20,2026-08-21,standard_festival_engine.py,VARAMAHALAKSHMI_V2_0_DISCOVERY_EVIDENCE,APPROVED,2026-08-22T21:30:45-04:00,varamahalakshmi_messages.csv
2026-08-21,geoname:4684888,geoname:4684888|city:dallas,Dallas,Texas,United States,America/Chicago,4684888,VARAMAHALAKSHMI,Varamahalakshmi Vrata,VARAMAHALAKSHMI_2026_08_VARAMAHALAKSHMI_VRATA,STANDARD_MONTH_FESTIVAL,MONTH_PANCHANG_DISCOVERY_DATE,OBSERVANCE,Varamahalakshmi Vrata,,,Varamahalakshmi Vrata is observed today.,20,2026-08-21,standard_festival_engine.py,VARAMAHALAKSHMI_V2_0_DISCOVERY_EVIDENCE,APPROVED,2026-08-22T21:30:45-04:00,varamahalakshmi_messages.csv
2026-08-21,geoname:4699066,geoname:4699066|city:houston,Houston,Texas,United States,America/Chicago,4699066,VARAMAHALAKSHMI,Varamahalakshmi Vrata,VARAMAHALAKSHMI_2026_08_VARAMAHALAKSHMI_VRATA,STANDARD_MONTH_FESTIVAL,MONTH_PANCHANG_DISCOVERY_DATE,OBSERVANCE,Varamahalakshmi Vrata,,,Varamahalakshmi Vrata is observed today.,20,2026-08-21,standard_festival_engine.py,VARAMAHALAKSHMI_V2_0_DISCOVERY_EVIDENCE,APPROVED,2026-08-22T21:30:45-04:00,varamahalakshmi_messages.csv
2026-08-21,geoname:4781708,geoname:4781708|city:richmond,Richmond,Virginia,United States,America/New_York,4781708,VARAMAHALAKSHMI,Varamahalakshmi Vrata,VARAMAHALAKSHMI_2026_08_VARAMAHALAKSHMI_VRATA,STANDARD_MONTH_FESTIVAL,MONTH_PANCHANG_DISCOVERY_DATE,OBSERVANCE,Varamahalakshmi Vrata,,,Varamahalakshmi Vrata is observed today.,20,2026-08-21,standard_festival_engine.py,VARAMAHALAKSHMI_V2_0_DISCOVERY_EVIDENCE,APPROVED,2026-08-22T21:30:45-04:00,varamahalakshmi_messages.csv
2026-08-21,geoname:4887398,geoname:4887398|city:chicago,Chicago,Illinois,United States,America/Chicago,4887398,VARAMAHALAKSHMI,Varamahalakshmi Vrata,VARAMAHALAKSHMI_2026_08_VARAMAHALAKSHMI_VRATA,STANDARD_MONTH_FESTIVAL,MONTH_PANCHANG_DISCOVERY_DATE,OBSERVANCE,Varamahalakshmi Vrata,,,Varamahalakshmi Vrata is observed today.,20,2026-08-21,standard_festival_engine.py,VARAMAHALAKSHMI_V2_0_DISCOVERY_EVIDENCE,APPROVED,2026-08-22T21:30:45-04:00,varamahalakshmi_messages.csv
2026-08-21,geoname:4922462,geoname:4922462|city:lafayette,Lafayette,Indiana,United States,America/Indiana/Indianapolis,4922462,VARAMAHALAKSHMI,Varamahalakshmi Vrata,VARAMAHALAKSHMI_2026_08_VARAMAHALAKSHMI_VRATA,STANDARD_MONTH_FESTIVAL,MONTH_PANCHANG_DISCOVERY_DATE,OBSERVANCE,Varamahalakshmi Vrata,,,Varamahalakshmi Vrata is observed today.,20,2026-08-21,standard_festival_engine.py,VARAMAHALAKSHMI_V2_0_DISCOVERY_EVIDENCE,APPROVED,2026-08-22T21:30:45-04:00,varamahalakshmi_messages.csv
2026-08-21,geoname:5099836,geoname:5099836|city:new_jersey,New Jersey,New Jersey,United States,America/New_York,5099836,VARAMAHALAKSHMI,Varamahalakshmi Vrata,VARAMAHALAKSHMI_2026_08_VARAMAHALAKSHMI_VRATA,STANDARD_MONTH_FESTIVAL,MONTH_PANCHANG_DISCOVERY_DATE,OBSERVANCE,Varamahalakshmi Vrata,,,Varamahalakshmi Vrata is observed today.,20,2026-08-21,standard_festival_engine.py,VARAMAHALAKSHMI_V2_0_DISCOVERY_EVIDENCE,APPROVED,2026-08-22T21:30:45-04:00,varamahalakshmi_messages.csv
2026-08-21,geoname:5108728,geoname:5108728|city:belfast,Belfast,New York,United States,America/New_York,5108728,VARAMAHALAKSHMI,Varamahalakshmi Vrata,VARAMAHALAKSHMI_2026_08_VARAMAHALAKSHMI_VRATA,STANDARD_MONTH_FESTIVAL,MONTH_PANCHANG_DISCOVERY_DATE,OBSERVANCE,Varamahalakshmi Vrata,,,Varamahalakshmi Vrata is observed today.,20,2026-08-21,standard_festival_engine.py,VARAMAHALAKSHMI_V2_0_DISCOVERY_EVIDENCE,APPROVED,2026-08-22T21:30:45-04:00,varamahalakshmi_messages.csv
2026-08-21,geoname:5110629,geoname:5110629|city:buffalo,Buffalo,New York,United States,America/New_York,5110629,VARAMAHALAKSHMI,Varamahalakshmi Vrata,VARAMAHALAKSHMI_2026_08_VARAMAHALAKSHMI_VRATA,STANDARD_MONTH_FESTIVAL,MONTH_PANCHANG_DISCOVERY_DATE,OBSERVANCE,Varamahalakshmi Vrata,,,Varamahalakshmi Vrata is observed today.,20,2026-08-21,standard_festival_engine.py,VARAMAHALAKSHMI_V2_0_DISCOVERY_EVIDENCE,APPROVED,2026-08-22T21:30:45-04:00,varamahalakshmi_messages.csv
2026-08-21,geoname:5119251,geoname:5119251|city:greece,Greece,New York,United States,America/New_York,5119251,VARAMAHALAKSHMI,Varamahalakshmi Vrata,VARAMAHALAKSHMI_2026_08_VARAMAHALAKSHMI_VRATA,STANDARD_MONTH_FESTIVAL,MONTH_PANCHANG_DISCOVERY_DATE,OBSERVANCE,Varamahalakshmi Vrata,,,Varamahalakshmi Vrata is observed today.,20,2026-08-21,standard_festival_engine.py,VARAMAHALAKSHMI_V2_0_DISCOVERY_EVIDENCE,APPROVED,2026-08-22T21:30:45-04:00,varamahalakshmi_messages.csv
2026-08-21,geoname:5128581,geoname:5128581|city:new_york,New York,New York,United States,America/New_York,5128581,VARAMAHALAKSHMI,Varamahalakshmi Vrata,VARAMAHALAKSHMI_2026_08_VARAMAHALAKSHMI_VRATA,STANDARD_MONTH_FESTIVAL,MONTH_PANCHANG_DISCOVERY_DATE,OBSERVANCE,Varamahalakshmi Vrata,,,Varamahalakshmi Vrata is observed today.,20,2026-08-21,standard_festival_engine.py,VARAMAHALAKSHMI_V2_0_DISCOVERY_EVIDENCE,APPROVED,2026-08-22T21:30:45-04:00,varamahalakshmi_messages.csv
2026-08-21,geoname:5131614,geoname:5131614|city:pittsford,Pittsford,New York,United States,America/New_York,5131614,VARAMAHALAKSHMI,Varamahalakshmi Vrata,VARAMAHALAKSHMI_2026_08_VARAMAHALAKSHMI_VRATA,STANDARD_MONTH_FESTIVAL,MONTH_PANCHANG_DISCOVERY_DATE,OBSERVANCE,Varamahalakshmi Vrata,,,Varamahalakshmi Vrata is observed today.,20,2026-08-21,standard_festival_engine.py,VARAMAHALAKSHMI_V2_0_DISCOVERY_EVIDENCE,APPROVED,2026-08-22T21:30:45-04:00,varamahalakshmi_messages.csv
2026-08-21,geoname:5134086,geoname:5134086|city:rochester,Rochester,New York,United States,America/New_York,5134086,VARAMAHALAKSHMI,Varamahalakshmi Vrata,VARAMAHALAKSHMI_2026_08_VARAMAHALAKSHMI_VRATA,STANDARD_MONTH_FESTIVAL,MONTH_PANCHANG_DISCOVERY_DATE,OBSERVANCE,Varamahalakshmi Vrata,,,Varamahalakshmi Vrata is observed today.,20,2026-08-21,standard_festival_engine.py,VARAMAHALAKSHMI_V2_0_DISCOVERY_EVIDENCE,APPROVED,2026-08-22T21:30:45-04:00,varamahalakshmi_messages.csv
2026-08-21,geoname:5139865,geoname:5139865|city:stonybrook,Stonybrook,New York,United States,America/New_York,5139865,VARAMAHALAKSHMI,Varamahalakshmi Vrata,VARAMAHALAKSHMI_2026_08_VARAMAHALAKSHMI_VRATA,STANDARD_MONTH_FESTIVAL,MONTH_PANCHANG_DISCOVERY_DATE,OBSERVANCE,Varamahalakshmi Vrata,,,Varamahalakshmi Vrata is observed today.,20,2026-08-21,standard_festival_engine.py,VARAMAHALAKSHMI_V2_0_DISCOVERY_EVIDENCE,APPROVED,2026-08-22T21:30:45-04:00,varamahalakshmi_messages.csv
2026-08-21,geoname:5140405,geoname:5140405|city:syracuse,Syracuse,New York,United States,America/New_York,5140405,VARAMAHALAKSHMI,Varamahalakshmi Vrata,VARAMAHALAKSHMI_2026_08_VARAMAHALAKSHMI_VRATA,STANDARD_MONTH_FESTIVAL,MONTH_PANCHANG_DISCOVERY_DATE,OBSERVANCE,Varamahalakshmi Vrata,,,Varamahalakshmi Vrata is observed today.,20,2026-08-21,standard_festival_engine.py,VARAMAHALAKSHMI_V2_0_DISCOVERY_EVIDENCE,APPROVED,2026-08-22T21:30:45-04:00,varamahalakshmi_messages.csv
2026-08-21,geoname:5150529,geoname:5150529|city:cleveland,Cleveland,Ohio,United States,America/New_York,5150529,VARAMAHALAKSHMI,Varamahalakshmi Vrata,VARAMAHALAKSHMI_2026_08_VARAMAHALAKSHMI_VRATA,STANDARD_MONTH_FESTIVAL,MONTH_PANCHANG_DISCOVERY_DATE,OBSERVANCE,Varamahalakshmi Vrata,,,Varamahalakshmi Vrata is observed today.,20,2026-08-21,standard_festival_engine.py,VARAMAHALAKSHMI_V2_0_DISCOVERY_EVIDENCE,APPROVED,2026-08-22T21:30:45-04:00,varamahalakshmi_messages.csv
2026-08-21,geoname:5308655,geoname:5308655|city:phoenix,Phoenix,Arizona,United States,America/Phoenix,5308655,VARAMAHALAKSHMI,Varamahalakshmi Vrata,VARAMAHALAKSHMI_2026_08_VARAMAHALAKSHMI_VRATA,STANDARD_MONTH_FESTIVAL,MONTH_PANCHANG_DISCOVERY_DATE,OBSERVANCE,Varamahalakshmi Vrata,,,Varamahalakshmi Vrata is observed today.,20,2026-08-21,standard_festival_engine.py,VARAMAHALAKSHMI_V2_0_DISCOVERY_EVIDENCE,APPROVED,2026-08-22T21:30:45-04:00,varamahalakshmi_messages.csv
2026-08-21,geoname:5368361,geoname:5368361|city:los_angeles,Los Angeles,California,United States,America/Los_Angeles,5368361,VARAMAHALAKSHMI,Varamahalakshmi Vrata,VARAMAHALAKSHMI_2026_08_VARAMAHALAKSHMI_VRATA,STANDARD_MONTH_FESTIVAL,MONTH_PANCHANG_DISCOVERY_DATE,OBSERVANCE,Varamahalakshmi Vrata,,,Varamahalakshmi Vrata is observed today.,20,2026-08-21,standard_festival_engine.py,VARAMAHALAKSHMI_V2_0_DISCOVERY_EVIDENCE,APPROVED,2026-08-22T21:30:45-04:00,varamahalakshmi_messages.csv
2026-08-21,geoname:5383527,geoname:5383527|city:placentia,Placentia,California,United States,America/Los_Angeles,5383527,VARAMAHALAKSHMI,Varamahalakshmi Vrata,VARAMAHALAKSHMI_2026_08_VARAMAHALAKSHMI_VRATA,STANDARD_MONTH_FESTIVAL,MONTH_PANCHANG_DISCOVERY_DATE,OBSERVANCE,Varamahalakshmi Vrata,,,Varamahalakshmi Vrata is observed today.,20,2026-08-21,standard_festival_engine.py,VARAMAHALAKSHMI_V2_0_DISCOVERY_EVIDENCE,APPROVED,2026-08-22T21:30:45-04:00,varamahalakshmi_messages.csv
2026-08-21,geoname:5391959,geoname:5391959|city:san_francisco,San Francisco,California,United States,America/Los_Angeles,5391959,VARAMAHALAKSHMI,Varamahalakshmi Vrata,VARAMAHALAKSHMI_2026_08_VARAMAHALAKSHMI_VRATA,STANDARD_MONTH_FESTIVAL,MONTH_PANCHANG_DISCOVERY_DATE,OBSERVANCE,Varamahalakshmi Vrata,,,Varamahalakshmi Vrata is observed today.,20,2026-08-21,standard_festival_engine.py,VARAMAHALAKSHMI_V2_0_DISCOVERY_EVIDENCE,APPROVED,2026-08-22T21:30:45-04:00,varamahalakshmi_messages.csv
2026-08-21,geoname:5809844,geoname:5809844|city:seattle,Seattle,Washington,United States,America/Los_Angeles,5809844,VARAMAHALAKSHMI,Varamahalakshmi Vrata,VARAMAHALAKSHMI_2026_08_VARAMAHALAKSHMI_VRATA,STANDARD_MONTH_FESTIVAL,MONTH_PANCHANG_DISCOVERY_DATE,OBSERVANCE,Varamahalakshmi Vrata,,,Varamahalakshmi Vrata is observed today.,20,2026-08-21,standard_festival_engine.py,VARAMAHALAKSHMI_V2_0_DISCOVERY_EVIDENCE,APPROVED,2026-08-22T21:30:45-04:00,varamahalakshmi_messages.csv
2026-08-21,geoname:6173331,geoname:6173331|city:vancouver,Vancouver,British Columbia,Canada,America/Los_Angeles,6173331,VARAMAHALAKSHMI,Varamahalakshmi Vrata,VARAMAHALAKSHMI_2026_08_VARAMAHALAKSHMI_VRATA,STANDARD_MONTH_FESTIVAL,MONTH_PANCHANG_DISCOVERY_DATE,OBSERVANCE,Varamahalakshmi Vrata,,,Varamahalakshmi Vrata is observed today.,20,2026-08-21,standard_festival_engine.py,VARAMAHALAKSHMI_V2_0_DISCOVERY_EVIDENCE,APPROVED,2026-08-22T21:30:45-04:00,varamahalakshmi_messages.csv
2026-08-21,geoname:6182962,geoname:6182962|city:windsor,Windsor,Ontario,Canada,America/New_York,6182962,VARAMAHALAKSHMI,Varamahalakshmi Vrata,VARAMAHALAKSHMI_2026_08_VARAMAHALAKSHMI_VRATA,STANDARD_MONTH_FESTIVAL,MONTH_PANCHANG_DISCOVERY_DATE,OBSERVANCE,Varamahalakshmi Vrata,,,Varamahalakshmi Vrata is observed today.,20,2026-08-21,standard_festival_engine.py,VARAMAHALAKSHMI_V2_0_DISCOVERY_EVIDENCE,APPROVED,2026-08-22T21:30:45-04:00,varamahalakshmi_messages.csv
2026-08-23,geoname:1253102,geoname:1253102|city:visakhapatnam,Visakhapatnam,Andra Pradesh,India,Asia/Kolkata,1253102,EKADASHI,Shravana Putrada Ekadashi,EKADASHI_2026_08_23_SHRAVANA_PUTRADA_EKADASHI,Dwadashi Dwaya,DWADASHI_DWAYA,UPAVASA_DAY_1,Shravana Putrada Ekadashi,"Upavaasa: 23-Aug-26 and 24-Aug-26 | Parana: 25-Aug-26, 05:42 AM to 06:20 AM",A valid Ekadashi sunrise is followed by Dwadashi at two consecutive sunrises. **Observe Upavaasa today and continue tomorrow.**,"Shravana Putrada Ekadashi. A valid Ekadashi sunrise is followed by Dwadashi at two consecutive sunrises. Observe Upavaasa today and continue tomorrow. Upavaasa: 23-Aug-26 and 24-Aug-26 | Parana: 25-Aug-26, 05:42 AM to 06:20 AM",20,2026-08-23,ekadashi_cycle_scanner.py,legacy_ekadashi_messages,APPROVED,2026-08-22T21:30:44-04:00,shravana_putrada_ekadashi_messages.csv
2026-08-23,geoname:1253405,geoname:1253405|city:varanasi,Varanasi,Uttar Pradesh,India,Asia/Kolkata,1253405,EKADASHI,Shravana Putrada Ekadashi,EKADASHI_2026_08_23_SHRAVANA_PUTRADA_EKADASHI,Dwadashi Dwaya,DWADASHI_DWAYA,UPAVASA_DAY_1,Shravana Putrada Ekadashi,"Upavaasa: 23-Aug-26 and 24-Aug-26 | Parana: 25-Aug-26, 05:36 AM to 06:20 AM",A valid Ekadashi sunrise is followed by Dwadashi at two consecutive sunrises. **Observe Upavaasa today and continue tomorrow.**,"Shravana Putrada Ekadashi. A valid Ekadashi sunrise is followed by Dwadashi at two consecutive sunrises. Observe Upavaasa today and continue tomorrow. Upavaasa: 23-Aug-26 and 24-Aug-26 | Parana: 25-Aug-26, 05:36 AM to 06:20 AM",20,2026-08-23,ekadashi_cycle_scanner.py,legacy_ekadashi_messages,APPROVED,2026-08-22T21:30:44-04:00,shravana_putrada_ekadashi_messages.csv
2026-08-23,geoname:1253573,geoname:1253573|city:vadodara,Vadodara,Gujarat,India,Asia/Kolkata,1253573,EKADASHI,Shravana Putrada Ekadashi,EKADASHI_2026_08_23_SHRAVANA_PUTRADA_EKADASHI,Dwadashi Dwaya,DWADASHI_DWAYA,UPAVASA_DAY_1,Shravana Putrada Ekadashi,"Upavaasa: 23-Aug-26 and 24-Aug-26 | Parana: 25-Aug-26, 06:18 AM to 06:20 AM",A valid Ekadashi sunrise is followed by Dwadashi at two consecutive sunrises. **Observe Upavaasa today and continue tomorrow.**,"Shravana Putrada Ekadashi. A valid Ekadashi sunrise is followed by Dwadashi at two consecutive sunrises. Observe Upavaasa today and continue tomorrow. Upavaasa: 23-Aug-26 and 24-Aug-26 | Parana: 25-Aug-26, 06:18 AM to 06:20 AM",20,2026-08-23,ekadashi_cycle_scanner.py,legacy_ekadashi_messages,APPROVED,2026-08-22T21:30:44-04:00,shravana_putrada_ekadashi_messages.csv
2026-08-23,geoname:1253952,geoname:1253952|city:udupi,Udupi,Karnataka,India,Asia/Kolkata,1253952,EKADASHI,Shravana Putrada Ekadashi,EKADASHI_2026_08_23_SHRAVANA_PUTRADA_EKADASHI,Dwadashi Dwaya,DWADASHI_DWAYA,UPAVASA_DAY_1,Shravana Putrada Ekadashi,"Upavaasa: 23-Aug-26 and 24-Aug-26 | Parana: 25-Aug-26, 06:19 AM to 06:20 AM",A valid Ekadashi sunrise is followed by Dwadashi at two consecutive sunrises. **Observe Upavaasa today and continue tomorrow.**,"Shravana Putrada Ekadashi. A valid Ekadashi sunrise is followed by Dwadashi at two consecutive sunrises. Observe Upavaasa today and continue tomorrow. Upavaasa: 23-Aug-26 and 24-Aug-26 | Parana: 25-Aug-26, 06:19 AM to 06:20 AM",20,2026-08-23,ekadashi_cycle_scanner.py,legacy_ekadashi_messages,APPROVED,2026-08-22T21:30:44-04:00,shravana_putrada_ekadashi_messages.csv
2026-08-23,geoname:1254163,geoname:1254163|city:thiruvananthapuram,Thiruvananthapuram,Kerala,India,Asia/Kolkata,1254163,EKADASHI,Shravana Putrada Ekadashi,EKADASHI_2026_08_23_SHRAVANA_PUTRADA_EKADASHI,Dwadashi Dwaya,DWADASHI_DWAYA,UPAVASA_DAY_1,Shravana Putrada Ekadashi,"Upavaasa: 23-Aug-26 and 24-Aug-26 | Parana: 25-Aug-26, 06:14 AM to 06:20 AM",A valid Ekadashi sunrise is followed by Dwadashi at two consecutive sunrises. **Observe Upavaasa today and continue tomorrow.**,"Shravana Putrada Ekadashi. A valid Ekadashi sunrise is followed by Dwadashi at two consecutive sunrises. Observe Upavaasa today and continue tomorrow. Upavaasa: 23-Aug-26 and 24-Aug-26 | Parana: 25-Aug-26, 06:14 AM to 06:20 AM",20,2026-08-23,ekadashi_cycle_scanner.py,legacy_ekadashi_messages,APPROVED,2026-08-22T21:30:44-04:00,shravana_putrada_ekadashi_messages.csv
2026-08-23,geoname:1254360,geoname:1254360|city:tirupati,Tirupati,Andhra Pradesh,India,Asia/Kolkata,1254360,EKADASHI,Shravana Putrada Ekadashi,EKADASHI_2026_08_23_SHRAVANA_PUTRADA_EKADASHI,Dwadashi Dwaya,DWADASHI_DWAYA,UPAVASA_DAY_1,Shravana Putrada Ekadashi,"Upavaasa: 23-Aug-26 and 24-Aug-26 | Parana: 25-Aug-26, 06:00 AM to 06:20 AM",A valid Ekadashi sunrise is followed by Dwadashi at two consecutive sunrises. **Observe Upavaasa today and continue tomorrow.**,"Shravana Putrada Ekadashi. A valid Ekadashi sunrise is followed by Dwadashi at two consecutive sunrises. Observe Upavaasa today and continue tomorrow. Upavaasa: 23-Aug-26 and 24-Aug-26 | Parana: 25-Aug-26, 06:00 AM to 06:20 AM",20,2026-08-23,ekadashi_cycle_scanner.py,legacy_ekadashi_messages,APPROVED,2026-08-22T21:30:44-04:00,shravana_putrada_ekadashi_messages.csv
2026-08-23,geoname:1254388,geoname:1254388|city:srirangam,Srirangam,Tamil Nadu,India,Asia/Kolkata,1254388,EKADASHI,Shravana Putrada Ekadashi,EKADASHI_2026_08_23_SHRAVANA_PUTRADA_EKADASHI,Dwadashi Dwaya,DWADASHI_DWAYA,UPAVASA_DAY_1,Shravana Putrada Ekadashi,"Upavaasa: 23-Aug-26 and 24-Aug-26 | Parana: 25-Aug-26, 06:06 AM to 06:20 AM",A valid Ekadashi sunrise is followed by Dwadashi at two consecutive sunrises. **Observe Upavaasa today and continue tomorrow.**,"Shravana Putrada Ekadashi. A valid Ekadashi sunrise is followed by Dwadashi at two consecutive sunrises. Observe Upavaasa today and continue tomorrow. Upavaasa: 23-Aug-26 and 24-Aug-26 | Parana: 25-Aug-26, 06:06 AM to 06:20 AM",20,2026-08-23,ekadashi_cycle_scanner.py,legacy_ekadashi_messages,APPROVED,2026-08-22T21:30:44-04:00,shravana_putrada_ekadashi_messages.csv
2026-08-23,geoname:1255364,geoname:1255364|city:surat,Surat,Gujarat,India,Asia/Kolkata,1255364,EKADASHI,Shravana Putrada Ekadashi,EKADASHI_2026_08_23_SHRAVANA_PUTRADA_EKADASHI,Normal Ekadashi,NORMAL,UPAVASA_DAY_1,Shravana Putrada Ekadashi,"Upavaasa: 23-Aug-26 | Parana: 24-Aug-26, 01:57 PM to 04:30 PM",Normal Ekadashi. **Observe Upavaasa today.** Ekadashi began before Arunodaya and no two-day exception applies.,"Shravana Putrada Ekadashi. Normal Ekadashi. Observe Upavaasa today. Ekadashi began before Arunodaya and no two-day exception applies. Upavaasa: 23-Aug-26 | Parana: 24-Aug-26, 01:57 PM to 04:30 PM",20,2026-08-23,ekadashi_cycle_scanner.py,legacy_ekadashi_messages,APPROVED,2026-08-22T21:30:44-04:00,shravana_putrada_ekadashi_messages.csv
2026-08-23,geoname:1255634,geoname:1255634|city:srinagar,Srinagar,Jammu and Kashmir,India,Asia/Kolkata,1255634,EKADASHI,Shravana Putrada Ekadashi,EKADASHI_2026_08_23_SHRAVANA_PUTRADA_EKADASHI,Dwadashi Dwaya,DWADASHI_DWAYA,UPAVASA_DAY_1,Shravana Putrada Ekadashi,"Upavaasa: 23-Aug-26 and 24-Aug-26 | Parana: 25-Aug-26, 05:59 AM to 06:20 AM",A valid Ekadashi sunrise is followed by Dwadashi at two consecutive sunrises. **Observe Upavaasa today and continue tomorrow.**,"Shravana Putrada Ekadashi. A valid Ekadashi sunrise is followed by Dwadashi at two consecutive sunrises. Observe Upavaasa today and continue tomorrow. Upavaasa: 23-Aug-26 and 24-Aug-26 | Parana: 25-Aug-26, 05:59 AM to 06:20 AM",20,2026-08-23,ekadashi_cycle_scanner.py,legacy_ekadashi_messages,APPROVED,2026-08-22T21:30:44-04:00,shravana_putrada_ekadashi_messages.csv
2026-08-23,geoname:1256287,geoname:1256287|city:silchar,Silchar,Assam,India,Asia/Kolkata,1256287,EKADASHI,Shravana Putrada Ekadashi,EKADASHI_2026_08_23_SHRAVANA_PUTRADA_EKADASHI,Dwadashi Dwaya,DWADASHI_DWAYA,UPAVASA_DAY_1,Shravana Putrada Ekadashi,"Upavaasa: 23-Aug-26 and 24-Aug-26 | Parana: 25-Aug-26, 04:57 AM to 06:20 AM",A valid Ekadashi sunrise is followed by Dwadashi at two consecutive sunrises. **Observe Upavaasa today and continue tomorrow.**,"Shravana Putrada Ekadashi. A valid Ekadashi sunrise is followed by Dwadashi at two consecutive sunrises. Observe Upavaasa today and continue tomorrow. Upavaasa: 23-Aug-26 and 24-Aug-26 | Parana: 25-Aug-26, 04:57 AM to 06:20 AM",20,2026-08-23,ekadashi_cycle_scanner.py,legacy_ekadashi_messages,APPROVED,2026-08-22T21:30:44-04:00,shravana_putrada_ekadashi_messages.csv
2026-08-23,geoname:1256525,geoname:1256525|city:shiliguri,Shiliguri,West Bengal,India,Asia/Kolkata,1256525,EKADASHI,Shravana Putrada Ekadashi,EKADASHI_2026_08_23_SHRAVANA_PUTRADA_EKADASHI,Dwadashi Dwaya,DWADASHI_DWAYA,UPAVASA_DAY_1,Shravana Putrada Ekadashi,"Upavaasa: 23-Aug-26 and 24-Aug-26 | Parana: 25-Aug-26, 05:13 AM to 06:20 AM",A valid Ekadashi sunrise is followed by Dwadashi at two consecutive sunrises. **Observe Upavaasa today and continue tomorrow.**,"Shravana Putrada Ekadashi. A valid Ekadashi sunrise is followed by Dwadashi at two consecutive sunrises. Observe Upavaasa today and continue tomorrow. Upavaasa: 23-Aug-26 and 24-Aug-26 | Parana: 25-Aug-26, 05:13 AM to 06:20 AM",20,2026-08-23,ekadashi_cycle_scanner.py,legacy_ekadashi_messages,APPROVED,2026-08-22T21:30:44-04:00,shravana_putrada_ekadashi_messages.csv
2026-08-23,geoname:1259229,geoname:1259229|city:pune,Pune,Maharashtra,India,Asia/Kolkata,1259229,EKADASHI,Shravana Putrada Ekadashi,EKADASHI_2026_08_23_SHRAVANA_PUTRADA_EKADASHI,Dwadashi Dwaya,DWADASHI_DWAYA,UPAVASA_DAY_1,Shravana Putrada Ekadashi,"Upavaasa: 23-Aug-26 and 24-Aug-26 | Parana: 25-Aug-26, 06:19 AM to 06:20 AM",A valid Ekadashi sunrise is followed by Dwadashi at two consecutive sunrises. **Observe Upavaasa today and continue tomorrow.**,"Shravana Putrada Ekadashi. A valid Ekadashi sunrise is followed by Dwadashi at two consecutive sunrises. Observe Upavaasa today and continue tomorrow. Upavaasa: 23-Aug-26 and 24-Aug-26 | Parana: 25-Aug-26, 06:19 AM to 06:20 AM",20,2026-08-23,ekadashi_cycle_scanner.py,legacy_ekadashi_messages,APPROVED,2026-08-22T21:30:44-04:00,shravana_putrada_ekadashi_messages.csv
2026-08-23,geoname:1260546,geoname:1260546|city:pandharpur,Pandharpur,Maharashtra,India,Asia/Kolkata,1260546,EKADASHI,Shravana Putrada Ekadashi,EKADASHI_2026_08_23_SHRAVANA_PUTRADA_EKADASHI,Dwadashi Dwaya,DWADASHI_DWAYA,UPAVASA_DAY_1,Shravana Putrada Ekadashi,"Upavaasa: 23-Aug-26 and 24-Aug-26 | Parana: 25-Aug-26, 06:13 AM to 06:20 AM",A valid Ekadashi sunrise is followed by Dwadashi at two consecutive sunrises. **Observe Upavaasa today and continue tomorrow.**,"Shravana Putrada Ekadashi. A valid Ekadashi sunrise is followed by Dwadashi at two consecutive sunrises. Observe Upavaasa today and continue tomorrow. Upavaasa: 23-Aug-26 and 24-Aug-26 | Parana: 25-Aug-26, 06:13 AM to 06:20 AM",20,2026-08-23,ekadashi_cycle_scanner.py,legacy_ekadashi_messages,APPROVED,2026-08-22T21:30:44-04:00,shravana_putrada_ekadashi_messages.csv
2026-08-23,geoname:1262180,geoname:1262180|city:nagpur,Nagpur,Maharashtra,India,Asia/Kolkata,1262180,EKADASHI,Shravana Putrada Ekadashi,EKADASHI_2026_08_23_SHRAVANA_PUTRADA_EKADASHI,Dwadashi Dwaya,DWADASHI_DWAYA,UPAVASA_DAY_1,Shravana Putrada Ekadashi,"Upavaasa: 23-Aug-26 and 24-Aug-26 | Parana: 25-Aug-26, 05:55 AM to 06:20 AM",A valid Ekadashi sunrise is followed by Dwadashi at two consecutive sunrises. **Observe Upavaasa today and continue tomorrow.**,"Shravana Putrada Ekadashi. A valid Ekadashi sunrise is followed by Dwadashi at two consecutive sunrises. Observe Upavaasa today and continue tomorrow. Upavaasa: 23-Aug-26 and 24-Aug-26 | Parana: 25-Aug-26, 05:55 AM to 06:20 AM",20,2026-08-23,ekadashi_cycle_scanner.py,legacy_ekadashi_messages,APPROVED,2026-08-22T21:30:44-04:00,shravana_putrada_ekadashi_messages.csv
2026-08-23,geoname:1262321,geoname:1262321|city:mysuru,Mysuru,Karnataka,India,Asia/Kolkata,1262321,EKADASHI,Shravana Putrada Ekadashi,EKADASHI_2026_08_23_SHRAVANA_PUTRADA_EKADASHI,Dwadashi Dwaya,DWADASHI_DWAYA,UPAVASA_DAY_1,Shravana Putrada Ekadashi,"Upavaasa: 23-Aug-26 and 24-Aug-26 | Parana: 25-Aug-26, 06:13 AM to 06:20 AM",A valid Ekadashi sunrise is followed by Dwadashi at two consecutive sunrises. **Observe Upavaasa today and continue tomorrow.**,"Shravana Putrada Ekadashi. A valid Ekadashi sunrise is followed by Dwadashi at two consecutive sunrises. Observe Upavaasa today and continue tomorrow. Upavaasa: 23-Aug-26 and 24-Aug-26 | Parana: 25-Aug-26, 06:13 AM to 06:20 AM",20,2026-08-23,ekadashi_cycle_scanner.py,legacy_ekadashi_messages,APPROVED,2026-08-22T21:30:44-04:00,shravana_putrada_ekadashi_messages.csv
2026-08-23,geoname:1262321,geoname:1262321|city:t_narasipura,T Narasipura,Karnataka,India,Asia/Kolkata,1262321,EKADASHI,Shravana Putrada Ekadashi,EKADASHI_2026_08_23_SHRAVANA_PUTRADA_EKADASHI,Dwadashi Dwaya,DWADASHI_DWAYA,UPAVASA_DAY_1,Shravana Putrada Ekadashi,"Upavaasa: 23-Aug-26 and 24-Aug-26 | Parana: 25-Aug-26, 06:13 AM to 06:20 AM",A valid Ekadashi sunrise is followed by Dwadashi at two consecutive sunrises. **Observe Upavaasa today and continue tomorrow.**,"Shravana Putrada Ekadashi. A valid Ekadashi sunrise is followed by Dwadashi at two consecutive sunrises. Observe Upavaasa today and continue tomorrow. Upavaasa: 23-Aug-26 and 24-Aug-26 | Parana: 25-Aug-26, 06:13 AM to 06:20 AM",20,2026-08-23,ekadashi_cycle_scanner.py,legacy_ekadashi_messages,APPROVED,2026-08-22T21:30:44-04:00,shravana_putrada_ekadashi_messages.csv
2026-08-23,geoname:1263780,geoname:1263780|city:mangalore,Mangalore,Karnataka,India,Asia/Kolkata,1263780,EKADASHI,Shravana Putrada Ekadashi,EKADASHI_2026_08_23_SHRAVANA_PUTRADA_EKADASHI,Dwadashi Dwaya,DWADASHI_DWAYA,UPAVASA_DAY_1,Shravana Putrada Ekadashi,"Upavaasa: 23-Aug-26 and 24-Aug-26 | Parana: 25-Aug-26, 06:19 AM to 06:20 AM",A valid Ekadashi sunrise is followed by Dwadashi at two consecutive sunrises. **Observe Upavaasa today and continue tomorrow.**,"Shravana Putrada Ekadashi. A valid Ekadashi sunrise is followed by Dwadashi at two consecutive sunrises. Observe Upavaasa today and continue tomorrow. Upavaasa: 23-Aug-26 and 24-Aug-26 | Parana: 25-Aug-26, 06:19 AM to 06:20 AM",20,2026-08-23,ekadashi_cycle_scanner.py,legacy_ekadashi_messages,APPROVED,2026-08-22T21:30:44-04:00,shravana_putrada_ekadashi_messages.csv
2026-08-23,geoname:1264521,geoname:1264521|city:madurai,Madurai,Tamil Nadu,India,Asia/Kolkata,1264521,EKADASHI,Shravana Putrada Ekadashi,EKADASHI_2026_08_23_SHRAVANA_PUTRADA_EKADASHI,Dwadashi Dwaya,DWADASHI_DWAYA,UPAVASA_DAY_1,Shravana Putrada Ekadashi,"Upavaasa: 23-Aug-26 and 24-Aug-26 | Parana: 25-Aug-26, 06:09 AM to 06:20 AM",A valid Ekadashi sunrise is followed by Dwadashi at two consecutive sunrises. **Observe Upavaasa today and continue tomorrow.**,"Shravana Putrada Ekadashi. A valid Ekadashi sunrise is followed by Dwadashi at two consecutive sunrises. Observe Upavaasa today and continue tomorrow. Upavaasa: 23-Aug-26 and 24-Aug-26 | Parana: 25-Aug-26, 06:09 AM to 06:20 AM",20,2026-08-23,ekadashi_cycle_scanner.py,legacy_ekadashi_messages,APPROVED,2026-08-22T21:30:44-04:00,shravana_putrada_ekadashi_messages.csv
2026-08-23,geoname:1264527,geoname:1264527|city:chennai,Chennai,Tamil Nadu,India,Asia/Kolkata,1264527,EKADASHI,Shravana Putrada Ekadashi,EKADASHI_2026_08_23_SHRAVANA_PUTRADA_EKADASHI,Dwadashi Dwaya,DWADASHI_DWAYA,UPAVASA_DAY_1,Shravana Putrada Ekadashi,"Upavaasa: 23-Aug-26 and 24-Aug-26 | Parana: 25-Aug-26, 05:57 AM to 06:20 AM",A valid Ekadashi sunrise is followed by Dwadashi at two consecutive sunrises. **Observe Upavaasa today and continue tomorrow.**,"Shravana Putrada Ekadashi. A valid Ekadashi sunrise is followed by Dwadashi at two consecutive sunrises. Observe Upavaasa today and continue tomorrow. Upavaasa: 23-Aug-26 and 24-Aug-26 | Parana: 25-Aug-26, 05:57 AM to 06:20 AM",20,2026-08-23,ekadashi_cycle_scanner.py,legacy_ekadashi_messages,APPROVED,2026-08-22T21:30:44-04:00,shravana_putrada_ekadashi_messages.csv
2026-08-23,geoname:1264733,geoname:1264733|city:lucknow,Lucknow,Uttar Pradesh,India,Asia/Kolkata,1264733,EKADASHI,Shravana Putrada Ekadashi,EKADASHI_2026_08_23_SHRAVANA_PUTRADA_EKADASHI,Dwadashi Dwaya,DWADASHI_DWAYA,UPAVASA_DAY_1,Shravana Putrada Ekadashi,"Upavaasa: 23-Aug-26 and 24-Aug-26 | Parana: 25-Aug-26, 05:42 AM to 06:20 AM",A valid Ekadashi sunrise is followed by Dwadashi at two consecutive sunrises. **Observe Upavaasa today and continue tomorrow.**,"Shravana Putrada Ekadashi. A valid Ekadashi sunrise is followed by Dwadashi at two consecutive sunrises. Observe Upavaasa today and continue tomorrow. Upavaasa: 23-Aug-26 and 24-Aug-26 | Parana: 25-Aug-26, 05:42 AM to 06:20 AM",20,2026-08-23,ekadashi_cycle_scanner.py,legacy_ekadashi_messages,APPROVED,2026-08-22T21:30:44-04:00,shravana_putrada_ekadashi_messages.csv
2026-08-23,geoname:1265683,geoname:1265683|city:kumbakonam,Kumbakonam,Tamil Nadu,India,Asia/Kolkata,1265683,EKADASHI,Shravana Putrada Ekadashi,EKADASHI_2026_08_23_SHRAVANA_PUTRADA_EKADASHI,Dwadashi Dwaya,DWADASHI_DWAYA,UPAVASA_DAY_1,Shravana Putrada Ekadashi,"Upavaasa: 23-Aug-26 and 24-Aug-26 | Parana: 25-Aug-26, 06:03 AM to 06:20 AM",A valid Ekadashi sunrise is followed by Dwadashi at two consecutive sunrises. **Observe Upavaasa today and continue tomorrow.**,"Shravana Putrada Ekadashi. A valid Ekadashi sunrise is followed by Dwadashi at two consecutive sunrises. Observe Upavaasa today and continue tomorrow. Upavaasa: 23-Aug-26 and 24-Aug-26 | Parana: 25-Aug-26, 06:03 AM to 06:20 AM",20,2026-08-23,ekadashi_cycle_scanner.py,legacy_ekadashi_messages,APPROVED,2026-08-22T21:30:44-04:00,shravana_putrada_ekadashi_messages.csv
2026-08-23,geoname:1266285,geoname:1266285|city:kolhapur,Kolhapur,Maharashtra,India,Asia/Kolkata,1266285,EKADASHI,Shravana Putrada Ekadashi,EKADASHI_2026_08_23_SHRAVANA_PUTRADA_EKADASHI,Dwadashi Dwaya,DWADASHI_DWAYA,UPAVASA_DAY_1,Shravana Putrada Ekadashi,"Upavaasa: 23-Aug-26 and 24-Aug-26 | Parana: 25-Aug-26, 06:19 AM to 06:20 AM",A valid Ekadashi sunrise is followed by Dwadashi at two consecutive sunrises. **Observe Upavaasa today and continue tomorrow.**,"Shravana Putrada Ekadashi. A valid Ekadashi sunrise is followed by Dwadashi at two consecutive sunrises. Observe Upavaasa today and continue tomorrow. Upavaasa: 23-Aug-26 and 24-Aug-26 | Parana: 25-Aug-26, 06:19 AM to 06:20 AM",20,2026-08-23,ekadashi_cycle_scanner.py,legacy_ekadashi_messages,APPROVED,2026-08-22T21:30:44-04:00,shravana_putrada_ekadashi_messages.csv
2026-08-23,geoname:1268159,geoname:1268159|city:kanchipuram,Kanchipuram,Tamil Nadu,India,Asia/Kolkata,1268159,EKADASHI,Shravana Putrada Ekadashi,EKADASHI_2026_08_23_SHRAVANA_PUTRADA_EKADASHI,Dwadashi Dwaya,DWADASHI_DWAYA,UPAVASA_DAY_1,Shravana Putrada Ekadashi,"Upavaasa: 23-Aug-26 and 24-Aug-26 | Parana: 25-Aug-26, 06:00 AM to 06:20 AM",A valid Ekadashi sunrise is followed by Dwadashi at two consecutive sunrises. **Observe Upavaasa today and continue tomorrow.**,"Shravana Putrada Ekadashi. A valid Ekadashi sunrise is followed by Dwadashi at two consecutive sunrises. Observe Upavaasa today and continue tomorrow. Upavaasa: 23-Aug-26 and 24-Aug-26 | Parana: 25-Aug-26, 06:00 AM to 06:20 AM",20,2026-08-23,ekadashi_cycle_scanner.py,legacy_ekadashi_messages,APPROVED,2026-08-22T21:30:44-04:00,shravana_putrada_ekadashi_messages.csv
2026-08-23,geoname:1269655,geoname:1269655|city:itanagar,Itanagar,Arunachal Pradesh,India,Asia/Kolkata,1269655,EKADASHI,Shravana Putrada Ekadashi,EKADASHI_2026_08_23_SHRAVANA_PUTRADA_EKADASHI,Dwadashi Dwaya,DWADASHI_DWAYA,UPAVASA_DAY_1,Shravana Putrada Ekadashi,"Upavaasa: 23-Aug-26 and 24-Aug-26 | Parana: 25-Aug-26, 04:51 AM to 06:20 AM",A valid Ekadashi sunrise is followed by Dwadashi at two consecutive sunrises. **Observe Upavaasa today and continue tomorrow.**,"Shravana Putrada Ekadashi. A valid Ekadashi sunrise is followed by Dwadashi at two consecutive sunrises. Observe Upavaasa today and continue tomorrow. Upavaasa: 23-Aug-26 and 24-Aug-26 | Parana: 25-Aug-26, 04:51 AM to 06:20 AM",20,2026-08-23,ekadashi_cycle_scanner.py,legacy_ekadashi_messages,APPROVED,2026-08-22T21:30:44-04:00,shravana_putrada_ekadashi_messages.csv
2026-08-23,geoname:1269771,geoname:1269771|city:imphal,Imphal,Manipur,India,Asia/Kolkata,1269771,EKADASHI,Shravana Putrada Ekadashi,EKADASHI_2026_08_23_SHRAVANA_PUTRADA_EKADASHI,Dwadashi Dwaya,DWADASHI_DWAYA,UPAVASA_DAY_1,Shravana Putrada Ekadashi,"Upavaasa: 23-Aug-26 and 24-Aug-26 | Parana: 25-Aug-26, 04:52 AM to 06:20 AM",A valid Ekadashi sunrise is followed by Dwadashi at two consecutive sunrises. **Observe Upavaasa today and continue tomorrow.**,"Shravana Putrada Ekadashi. A valid Ekadashi sunrise is followed by Dwadashi at two consecutive sunrises. Observe Upavaasa today and continue tomorrow. Upavaasa: 23-Aug-26 and 24-Aug-26 | Parana: 25-Aug-26, 04:52 AM to 06:20 AM",20,2026-08-23,ekadashi_cycle_scanner.py,legacy_ekadashi_messages,APPROVED,2026-08-22T21:30:44-04:00,shravana_putrada_ekadashi_messages.csv
2026-08-23,geoname:1269843,geoname:1269843|city:hyderabad,Hyderabad,Telangana,India,Asia/Kolkata,1269843,EKADASHI,Shravana Putrada Ekadashi,EKADASHI_2026_08_23_SHRAVANA_PUTRADA_EKADASHI,Dwadashi Dwaya,DWADASHI_DWAYA,UPAVASA_DAY_1,Shravana Putrada Ekadashi,"Upavaasa: 23-Aug-26 and 24-Aug-26 | Parana: 25-Aug-26, 06:01 AM to 06:20 AM",A valid Ekadashi sunrise is followed by Dwadashi at two consecutive sunrises. **Observe Upavaasa today and continue tomorrow.**,"Shravana Putrada Ekadashi. A valid Ekadashi sunrise is followed by Dwadashi at two consecutive sunrises. Observe Upavaasa today and continue tomorrow. Upavaasa: 23-Aug-26 and 24-Aug-26 | Parana: 25-Aug-26, 06:01 AM to 06:20 AM",20,2026-08-23,ekadashi_cycle_scanner.py,legacy_ekadashi_messages,APPROVED,2026-08-22T21:30:44-04:00,shravana_putrada_ekadashi_messages.csv
2026-08-23,geoname:1269920,geoname:1269920|city:hubli,Hubli,Karnataka,India,Asia/Kolkata,1269920,EKADASHI,Shravana Putrada Ekadashi,EKADASHI_2026_08_23_SHRAVANA_PUTRADA_EKADASHI,Dwadashi Dwaya,DWADASHI_DWAYA,UPAVASA_DAY_1,Shravana Putrada Ekadashi,"Upavaasa: 23-Aug-26 and 24-Aug-26 | Parana: 25-Aug-26, 06:16 AM to 06:20 AM",A valid Ekadashi sunrise is followed by Dwadashi at two consecutive sunrises. **Observe Upavaasa today and continue tomorrow.**,"Shravana Putrada Ekadashi. A valid Ekadashi sunrise is followed by Dwadashi at two consecutive sunrises. Observe Upavaasa today and continue tomorrow. Upavaasa: 23-Aug-26 and 24-Aug-26 | Parana: 25-Aug-26, 06:16 AM to 06:20 AM",20,2026-08-23,ekadashi_cycle_scanner.py,legacy_ekadashi_messages,APPROVED,2026-08-22T21:30:44-04:00,shravana_putrada_ekadashi_messages.csv
2026-08-23,geoname:1270603,geoname:1270603|city:guruvayur,Guruvayur,Kerala,India,Asia/Kolkata,1270603,EKADASHI,Shravana Putrada Ekadashi,EKADASHI_2026_08_23_SHRAVANA_PUTRADA_EKADASHI,Dwadashi Dwaya,DWADASHI_DWAYA,UPAVASA_DAY_1,Shravana Putrada Ekadashi,"Upavaasa: 23-Aug-26 and 24-Aug-26 | Parana: 25-Aug-26, 06:16 AM to 06:20 AM",A valid Ekadashi sunrise is followed by Dwadashi at two consecutive sunrises. **Observe Upavaasa today and continue tomorrow.**,"Shravana Putrada Ekadashi. A valid Ekadashi sunrise is followed by Dwadashi at two consecutive sunrises. Observe Upavaasa today and continue tomorrow. Upavaasa: 23-Aug-26 and 24-Aug-26 | Parana: 25-Aug-26, 06:16 AM to 06:20 AM",20,2026-08-23,ekadashi_cycle_scanner.py,legacy_ekadashi_messages,APPROVED,2026-08-22T21:30:44-04:00,shravana_putrada_ekadashi_messages.csv
2026-08-23,geoname:1271476,geoname:1271476|city:guwahati,Guwahati,Assam,India,Asia/Kolkata,1271476,EKADASHI,Shravana Putrada Ekadashi,EKADASHI_2026_08_23_SHRAVANA_PUTRADA_EKADASHI,Dwadashi Dwaya,DWADASHI_DWAYA,UPAVASA_DAY_1,Shravana Putrada Ekadashi,"Upavaasa: 23-Aug-26 and 24-Aug-26 | Parana: 25-Aug-26, 05:00 AM to 06:20 AM",A valid Ekadashi sunrise is followed by Dwadashi at two consecutive sunrises. **Observe Upavaasa today and continue tomorrow.**,"Shravana Putrada Ekadashi. A valid Ekadashi sunrise is followed by Dwadashi at two consecutive sunrises. Observe Upavaasa today and continue tomorrow. Upavaasa: 23-Aug-26 and 24-Aug-26 | Parana: 25-Aug-26, 05:00 AM to 06:20 AM",20,2026-08-23,ekadashi_cycle_scanner.py,legacy_ekadashi_messages,APPROVED,2026-08-22T21:30:44-04:00,shravana_putrada_ekadashi_messages.csv
2026-08-23,geoname:1271631,geoname:1271631|city:gangtok,Gangtok,Sikkim,India,Asia/Kolkata,1271631,EKADASHI,Shravana Putrada Ekadashi,EKADASHI_2026_08_23_SHRAVANA_PUTRADA_EKADASHI,Dwadashi Dwaya,DWADASHI_DWAYA,UPAVASA_DAY_1,Shravana Putrada Ekadashi,"Upavaasa: 23-Aug-26 and 24-Aug-26 | Parana: 25-Aug-26, 05:11 AM to 06:20 AM",A valid Ekadashi sunrise is followed by Dwadashi at two consecutive sunrises. **Observe Upavaasa today and continue tomorrow.**,"Shravana Putrada Ekadashi. A valid Ekadashi sunrise is followed by Dwadashi at two consecutive sunrises. Observe Upavaasa today and continue tomorrow. Upavaasa: 23-Aug-26 and 24-Aug-26 | Parana: 25-Aug-26, 05:11 AM to 06:20 AM",20,2026-08-23,ekadashi_cycle_scanner.py,legacy_ekadashi_messages,APPROVED,2026-08-22T21:30:44-04:00,shravana_putrada_ekadashi_messages.csv
2026-08-23,geoname:1272552,geoname:1272552|city:dimapur,Dimapur,Nagaland,India,Asia/Kolkata,1272552,EKADASHI,Shravana Putrada Ekadashi,EKADASHI_2026_08_23_SHRAVANA_PUTRADA_EKADASHI,Dwadashi Dwaya,DWADASHI_DWAYA,UPAVASA_DAY_1,Shravana Putrada Ekadashi,"Upavaasa: 23-Aug-26 and 24-Aug-26 | Parana: 25-Aug-26, 04:52 AM to 06:20 AM",A valid Ekadashi sunrise is followed by Dwadashi at two consecutive sunrises. **Observe Upavaasa today and continue tomorrow.**,"Shravana Putrada Ekadashi. A valid Ekadashi sunrise is followed by Dwadashi at two consecutive sunrises. Observe Upavaasa today and continue tomorrow. Upavaasa: 23-Aug-26 and 24-Aug-26 | Parana: 25-Aug-26, 04:52 AM to 06:20 AM",20,2026-08-23,ekadashi_cycle_scanner.py,legacy_ekadashi_messages,APPROVED,2026-08-22T21:30:44-04:00,shravana_putrada_ekadashi_messages.csv
2026-08-23,geoname:1272648,geoname:1272648|city:dibrugarh,Dibrugarh,Assam,India,Asia/Kolkata,1272648,EKADASHI,Shravana Putrada Ekadashi,EKADASHI_2026_08_23_SHRAVANA_PUTRADA_EKADASHI,Dwadashi Dwaya,DWADASHI_DWAYA,UPAVASA_DAY_1,Shravana Putrada Ekadashi,"Upavaasa: 23-Aug-26 and 24-Aug-26 | Parana: 25-Aug-26, 04:46 AM to 06:20 AM",A valid Ekadashi sunrise is followed by Dwadashi at two consecutive sunrises. **Observe Upavaasa today and continue tomorrow.**,"Shravana Putrada Ekadashi. A valid Ekadashi sunrise is followed by Dwadashi at two consecutive sunrises. Observe Upavaasa today and continue tomorrow. Upavaasa: 23-Aug-26 and 24-Aug-26 | Parana: 25-Aug-26, 04:46 AM to 06:20 AM",20,2026-08-23,ekadashi_cycle_scanner.py,legacy_ekadashi_messages,APPROVED,2026-08-22T21:30:44-04:00,shravana_putrada_ekadashi_messages.csv
2026-08-23,geoname:1274256,geoname:1274256|city:chidambaram,Chidambaram,Tamil Nadu,India,Asia/Kolkata,1274256,EKADASHI,Shravana Putrada Ekadashi,EKADASHI_2026_08_23_SHRAVANA_PUTRADA_EKADASHI,Dwadashi Dwaya,DWADASHI_DWAYA,UPAVASA_DAY_1,Shravana Putrada Ekadashi,"Upavaasa: 23-Aug-26 and 24-Aug-26 | Parana: 25-Aug-26, 06:01 AM to 06:20 AM",A valid Ekadashi sunrise is followed by Dwadashi at two consecutive sunrises. **Observe Upavaasa today and continue tomorrow.**,"Shravana Putrada Ekadashi. A valid Ekadashi sunrise is followed by Dwadashi at two consecutive sunrises. Observe Upavaasa today and continue tomorrow. Upavaasa: 23-Aug-26 and 24-Aug-26 | Parana: 25-Aug-26, 06:01 AM to 06:20 AM",20,2026-08-23,ekadashi_cycle_scanner.py,legacy_ekadashi_messages,APPROVED,2026-08-22T21:30:44-04:00,shravana_putrada_ekadashi_messages.csv
2026-08-23,geoname:1275004,geoname:1275004|city:kolkata,Kolkata,West Bengal,India,Asia/Kolkata,1275004,EKADASHI,Shravana Putrada Ekadashi,EKADASHI_2026_08_23_SHRAVANA_PUTRADA_EKADASHI,Dwadashi Dwaya,DWADASHI_DWAYA,UPAVASA_DAY_1,Shravana Putrada Ekadashi,"Upavaasa: 23-Aug-26 and 24-Aug-26 | Parana: 25-Aug-26, 05:17 AM to 06:20 AM",A valid Ekadashi sunrise is followed by Dwadashi at two consecutive sunrises. **Observe Upavaasa today and continue tomorrow.**,"Shravana Putrada Ekadashi. A valid Ekadashi sunrise is followed by Dwadashi at two consecutive sunrises. Observe Upavaasa today and continue tomorrow. Upavaasa: 23-Aug-26 and 24-Aug-26 | Parana: 25-Aug-26, 05:17 AM to 06:20 AM",20,2026-08-23,ekadashi_cycle_scanner.py,legacy_ekadashi_messages,APPROVED,2026-08-22T21:30:44-04:00,shravana_putrada_ekadashi_messages.csv
2026-08-23,geoname:1275339,geoname:1275339|city:mumbai,Mumbai,Maharashtra,India,Asia/Kolkata,1275339,EKADASHI,Shravana Putrada Ekadashi,EKADASHI_2026_08_23_SHRAVANA_PUTRADA_EKADASHI,Normal Ekadashi,NORMAL,UPAVASA_DAY_1,Shravana Putrada Ekadashi,"Upavaasa: 23-Aug-26 | Parana: 24-Aug-26, 01:57 PM to 04:28 PM",Normal Ekadashi. **Observe Upavaasa today.** Ekadashi began before Arunodaya and no two-day exception applies.,"Shravana Putrada Ekadashi. Normal Ekadashi. Observe Upavaasa today. Ekadashi began before Arunodaya and no two-day exception applies. Upavaasa: 23-Aug-26 | Parana: 24-Aug-26, 01:57 PM to 04:28 PM",20,2026-08-23,ekadashi_cycle_scanner.py,legacy_ekadashi_messages,APPROVED,2026-08-22T21:30:44-04:00,shravana_putrada_ekadashi_messages.csv
2026-08-23,geoname:1275817,geoname:1275817|city:bhubaneswar,Bhubaneswar,Odisha,India,Asia/Kolkata,1275817,EKADASHI,Shravana Putrada Ekadashi,EKADASHI_2026_08_23_SHRAVANA_PUTRADA_EKADASHI,Dwadashi Dwaya,DWADASHI_DWAYA,UPAVASA_DAY_1,Shravana Putrada Ekadashi,"Upavaasa: 23-Aug-26 and 24-Aug-26 | Parana: 25-Aug-26, 05:29 AM to 06:20 AM",A valid Ekadashi sunrise is followed by Dwadashi at two consecutive sunrises. **Observe Upavaasa today and continue tomorrow.**,"Shravana Putrada Ekadashi. A valid Ekadashi sunrise is followed by Dwadashi at two consecutive sunrises. Observe Upavaasa today and continue tomorrow. Upavaasa: 23-Aug-26 and 24-Aug-26 | Parana: 25-Aug-26, 05:29 AM to 06:20 AM",20,2026-08-23,ekadashi_cycle_scanner.py,legacy_ekadashi_messages,APPROVED,2026-08-22T21:30:44-04:00,shravana_putrada_ekadashi_messages.csv
2026-08-23,geoname:1275841,geoname:1275841|city:bhopal,Bhopal,Madhya Pradesh,India,Asia/Kolkata,1275841,EKADASHI,Shravana Putrada Ekadashi,EKADASHI_2026_08_23_SHRAVANA_PUTRADA_EKADASHI,Dwadashi Dwaya,DWADASHI_DWAYA,UPAVASA_DAY_1,Shravana Putrada Ekadashi,"Upavaasa: 23-Aug-26 and 24-Aug-26 | Parana: 25-Aug-26, 06:00 AM to 06:20 AM",A valid Ekadashi sunrise is followed by Dwadashi at two consecutive sunrises. **Observe Upavaasa today and continue tomorrow.**,"Shravana Putrada Ekadashi. A valid Ekadashi sunrise is followed by Dwadashi at two consecutive sunrises. Observe Upavaasa today and continue tomorrow. Upavaasa: 23-Aug-26 and 24-Aug-26 | Parana: 25-Aug-26, 06:00 AM to 06:20 AM",20,2026-08-23,ekadashi_cycle_scanner.py,legacy_ekadashi_messages,APPROVED,2026-08-22T21:30:44-04:00,shravana_putrada_ekadashi_messages.csv
2026-08-23,geoname:1276533,geoname:1276533|city:belgaum,Belgaum,Karnataka,India,Asia/Kolkata,1276533,EKADASHI,Shravana Putrada Ekadashi,EKADASHI_2026_08_23_SHRAVANA_PUTRADA_EKADASHI,Dwadashi Dwaya,DWADASHI_DWAYA,UPAVASA_DAY_1,Shravana Putrada Ekadashi,"Upavaasa: 23-Aug-26 and 24-Aug-26 | Parana: 25-Aug-26, 06:18 AM to 06:20 AM",A valid Ekadashi sunrise is followed by Dwadashi at two consecutive sunrises. **Observe Upavaasa today and continue tomorrow.**,"Shravana Putrada Ekadashi. A valid Ekadashi sunrise is followed by Dwadashi at two consecutive sunrises. Observe Upavaasa today and continue tomorrow. Upavaasa: 23-Aug-26 and 24-Aug-26 | Parana: 25-Aug-26, 06:18 AM to 06:20 AM",20,2026-08-23,ekadashi_cycle_scanner.py,legacy_ekadashi_messages,APPROVED,2026-08-22T21:30:44-04:00,shravana_putrada_ekadashi_messages.csv
2026-08-23,geoname:1277333,geoname:1277333|city:bengaluru,Bengaluru,Karnataka,India,Asia/Kolkata,1277333,EKADASHI,Shravana Putrada Ekadashi,EKADASHI_2026_08_23_SHRAVANA_PUTRADA_EKADASHI,Dwadashi Dwaya,DWADASHI_DWAYA,UPAVASA_DAY_1,Shravana Putrada Ekadashi,"Upavaasa: 23-Aug-26 and 24-Aug-26 | Parana: 25-Aug-26, 06:08 AM to 06:20 AM",A valid Ekadashi sunrise is followed by Dwadashi at two consecutive sunrises. **Observe Upavaasa today and continue tomorrow.**,"Shravana Putrada Ekadashi. A valid Ekadashi sunrise is followed by Dwadashi at two consecutive sunrises. Observe Upavaasa today and continue tomorrow. Upavaasa: 23-Aug-26 and 24-Aug-26 | Parana: 25-Aug-26, 06:08 AM to 06:20 AM",20,2026-08-23,ekadashi_cycle_scanner.py,legacy_ekadashi_messages,APPROVED,2026-08-22T21:30:44-04:00,shravana_putrada_ekadashi_messages.csv
2026-08-23,geoname:1278094,geoname:1278094|city:ayodhya,Ayodhya,Uttar Pradesh,India,Asia/Kolkata,1278094,EKADASHI,Shravana Putrada Ekadashi,EKADASHI_2026_08_23_SHRAVANA_PUTRADA_EKADASHI,Dwadashi Dwaya,DWADASHI_DWAYA,UPAVASA_DAY_1,Shravana Putrada Ekadashi,"Upavaasa: 23-Aug-26 and 24-Aug-26 | Parana: 25-Aug-26, 05:37 AM to 06:20 AM",A valid Ekadashi sunrise is followed by Dwadashi at two consecutive sunrises. **Observe Upavaasa today and continue tomorrow.**,"Shravana Putrada Ekadashi. A valid Ekadashi sunrise is followed by Dwadashi at two consecutive sunrises. Observe Upavaasa today and continue tomorrow. Upavaasa: 23-Aug-26 and 24-Aug-26 | Parana: 25-Aug-26, 05:37 AM to 06:20 AM",20,2026-08-23,ekadashi_cycle_scanner.py,legacy_ekadashi_messages,APPROVED,2026-08-22T21:30:44-04:00,shravana_putrada_ekadashi_messages.csv
2026-08-23,geoname:1278994,geoname:1278994|city:prayagraj,Prayagraj,Uttar Pradesh,India,Asia/Kolkata,1278994,EKADASHI,Shravana Putrada Ekadashi,EKADASHI_2026_08_23_SHRAVANA_PUTRADA_EKADASHI,Dwadashi Dwaya,DWADASHI_DWAYA,UPAVASA_DAY_1,Shravana Putrada Ekadashi,"Upavaasa: 23-Aug-26 and 24-Aug-26 | Parana: 25-Aug-26, 05:40 AM to 06:20 AM",A valid Ekadashi sunrise is followed by Dwadashi at two consecutive sunrises. **Observe Upavaasa today and continue tomorrow.**,"Shravana Putrada Ekadashi. A valid Ekadashi sunrise is followed by Dwadashi at two consecutive sunrises. Observe Upavaasa today and continue tomorrow. Upavaasa: 23-Aug-26 and 24-Aug-26 | Parana: 25-Aug-26, 05:40 AM to 06:20 AM",20,2026-08-23,ekadashi_cycle_scanner.py,legacy_ekadashi_messages,APPROVED,2026-08-22T21:30:44-04:00,shravana_putrada_ekadashi_messages.csv
2026-08-23,geoname:1279186,geoname:1279186|city:aizawl,Aizawl,Mizoram,India,Asia/Kolkata,1279186,EKADASHI,Shravana Putrada Ekadashi,EKADASHI_2026_08_23_SHRAVANA_PUTRADA_EKADASHI,Dwadashi Dwaya,DWADASHI_DWAYA,UPAVASA_DAY_1,Shravana Putrada Ekadashi,"Upavaasa: 23-Aug-26 and 24-Aug-26 | Parana: 25-Aug-26, 04:58 AM to 06:20 AM",A valid Ekadashi sunrise is followed by Dwadashi at two consecutive sunrises. **Observe Upavaasa today and continue tomorrow.**,"Shravana Putrada Ekadashi. A valid Ekadashi sunrise is followed by Dwadashi at two consecutive sunrises. Observe Upavaasa today and continue tomorrow. Upavaasa: 23-Aug-26 and 24-Aug-26 | Parana: 25-Aug-26, 04:58 AM to 06:20 AM",20,2026-08-23,ekadashi_cycle_scanner.py,legacy_ekadashi_messages,APPROVED,2026-08-22T21:30:44-04:00,shravana_putrada_ekadashi_messages.csv
2026-08-23,geoname:1279290,geoname:1279290|city:agartala,Agartala,Tripura,India,Asia/Kolkata,1279290,EKADASHI,Shravana Putrada Ekadashi,EKADASHI_2026_08_23_SHRAVANA_PUTRADA_EKADASHI,Dwadashi Dwaya,DWADASHI_DWAYA,UPAVASA_DAY_1,Shravana Putrada Ekadashi,"Upavaasa: 23-Aug-26 and 24-Aug-26 | Parana: 25-Aug-26, 05:04 AM to 06:20 AM",A valid Ekadashi sunrise is followed by Dwadashi at two consecutive sunrises. **Observe Upavaasa today and continue tomorrow.**,"Shravana Putrada Ekadashi. A valid Ekadashi sunrise is followed by Dwadashi at two consecutive sunrises. Observe Upavaasa today and continue tomorrow. Upavaasa: 23-Aug-26 and 24-Aug-26 | Parana: 25-Aug-26, 05:04 AM to 06:20 AM",20,2026-08-23,ekadashi_cycle_scanner.py,legacy_ekadashi_messages,APPROVED,2026-08-22T21:30:44-04:00,shravana_putrada_ekadashi_messages.csv
2026-08-23,geoname:1835848,geoname:1835848|city:seoul,Seoul,Seoul,South Korea,Asia/Seoul,1835848,EKADASHI,Shravana Putrada Ekadashi,EKADASHI_2026_08_23_SHRAVANA_PUTRADA_EKADASHI,Dashami Viddha -> Valid Ekadashi,DASHAMI_VIDDHA_THEN_VALID_EKADASHI,VIDDHA_NO_FAST,Shravana Putrada Ekadashi,"Upavaasa: 24-Aug-26 | Parana: 25-Aug-26, 05:56 AM to 08:35 AM",**Do not observe Upavaasa today.** Today's Ekadashi sunrise is Dashami Viddha because Ekadashi began during Arunodaya. Ekadashi continues to a valid sunrise on 24-Aug-26; observe Upavaasa on that date.,"Shravana Putrada Ekadashi. Do not observe Upavaasa today. Today's Ekadashi sunrise is Dashami Viddha because Ekadashi began during Arunodaya. Ekadashi continues to a valid sunrise on 24-Aug-26; observe Upavaasa on that date. Upavaasa: 24-Aug-26 | Parana: 25-Aug-26, 05:56 AM to 08:35 AM",10,2026-08-23,ekadashi_cycle_scanner.py,legacy_ekadashi_messages,APPROVED,2026-08-22T21:30:44-04:00,shravana_putrada_ekadashi_messages.csv
2026-08-23,geoname:2063523,geoname:2063523|city:perth,Perth,Western Australia,Australia,Australia/Perth,2063523,EKADASHI,Shravana Putrada Ekadashi,EKADASHI_2026_08_23_SHRAVANA_PUTRADA_EKADASHI,Ekadashi Dwaya,EKADASHI_DWAYA,UPAVASA_DAY_1,Shravana Putrada Ekadashi,"Upavaasa: 23-Aug-26 and 24-Aug-26 | Parana: 25-Aug-26, 06:42 AM to 08:50 AM",Ekadashi is valid at two consecutive sunrises. **Observe Upavaasa today and continue tomorrow.**,"Shravana Putrada Ekadashi. Ekadashi is valid at two consecutive sunrises. Observe Upavaasa today and continue tomorrow. Upavaasa: 23-Aug-26 and 24-Aug-26 | Parana: 25-Aug-26, 06:42 AM to 08:50 AM",20,2026-08-23,ekadashi_cycle_scanner.py,legacy_ekadashi_messages,APPROVED,2026-08-22T21:30:44-04:00,shravana_putrada_ekadashi_messages.csv
2026-08-23,geoname:2078025,geoname:2078025|city:adelaide,Adelaide,South Australia,Australia,Australia/Adelaide,2078025,EKADASHI,Shravana Putrada Ekadashi,EKADASHI_2026_08_23_SHRAVANA_PUTRADA_EKADASHI,Dashami Viddha -> Valid Ekadashi,DASHAMI_VIDDHA_THEN_VALID_EKADASHI,VIDDHA_NO_FAST,Shravana Putrada Ekadashi,"Upavaasa: 24-Aug-26 | Parana: 25-Aug-26, 06:44 AM to 08:57 AM",**Do not observe Upavaasa today.** Today's Ekadashi sunrise is Dashami Viddha because Ekadashi began during Arunodaya. Ekadashi continues to a valid sunrise on 24-Aug-26; observe Upavaasa on that date.,"Shravana Putrada Ekadashi. Do not observe Upavaasa today. Today's Ekadashi sunrise is Dashami Viddha because Ekadashi began during Arunodaya. Ekadashi continues to a valid sunrise on 24-Aug-26; observe Upavaasa on that date. Upavaasa: 24-Aug-26 | Parana: 25-Aug-26, 06:44 AM to 08:57 AM",10,2026-08-23,ekadashi_cycle_scanner.py,legacy_ekadashi_messages,APPROVED,2026-08-22T21:30:44-04:00,shravana_putrada_ekadashi_messages.csv
2026-08-23,geoname:2158177,geoname:2158177|city:melbourne,Melbourne,Victoria,Australia,Australia/Melbourne,2158177,EKADASHI,Shravana Putrada Ekadashi,EKADASHI_2026_08_23_SHRAVANA_PUTRADA_EKADASHI,Dashami Viddha -> Valid Ekadashi,DASHAMI_VIDDHA_THEN_VALID_EKADASHI,VIDDHA_NO_FAST,Shravana Putrada Ekadashi,"Upavaasa: 24-Aug-26 | Parana: 25-Aug-26, 06:52 AM to 09:04 AM",**Do not observe Upavaasa today.** Today's Ekadashi sunrise is Dashami Viddha because Ekadashi began during Arunodaya. Ekadashi continues to a valid sunrise on 24-Aug-26; observe Upavaasa on that date.,"Shravana Putrada Ekadashi. Do not observe Upavaasa today. Today's Ekadashi sunrise is Dashami Viddha because Ekadashi began during Arunodaya. Ekadashi continues to a valid sunrise on 24-Aug-26; observe Upavaasa on that date. Upavaasa: 24-Aug-26 | Parana: 25-Aug-26, 06:52 AM to 09:04 AM",10,2026-08-23,ekadashi_cycle_scanner.py,legacy_ekadashi_messages,APPROVED,2026-08-22T21:30:44-04:00,shravana_putrada_ekadashi_messages.csv
2026-08-23,geoname:2172517,geoname:2172517|city:canberra,Canberra,Australian Capital Territory,Australia,Australia/Sydney,2172517,EKADASHI,Shravana Putrada Ekadashi,EKADASHI_2026_08_23_SHRAVANA_PUTRADA_EKADASHI,Dashami Viddha -> Valid Ekadashi,DASHAMI_VIDDHA_THEN_VALID_EKADASHI,VIDDHA_NO_FAST,Shravana Putrada Ekadashi,"Upavaasa: 24-Aug-26 | Parana: 25-Aug-26, 06:33 AM to 08:46 AM",**Do not observe Upavaasa today.** Today's Ekadashi sunrise is Dashami Viddha because Ekadashi began during Arunodaya. Ekadashi continues to a valid sunrise on 24-Aug-26; observe Upavaasa on that date.,"Shravana Putrada Ekadashi. Do not observe Upavaasa today. Today's Ekadashi sunrise is Dashami Viddha because Ekadashi began during Arunodaya. Ekadashi continues to a valid sunrise on 24-Aug-26; observe Upavaasa on that date. Upavaasa: 24-Aug-26 | Parana: 25-Aug-26, 06:33 AM to 08:46 AM",10,2026-08-23,ekadashi_cycle_scanner.py,legacy_ekadashi_messages,APPROVED,2026-08-22T21:30:44-04:00,shravana_putrada_ekadashi_messages.csv
2026-08-23,geoname:2643743,geoname:2643743|city:london,London,London,United Kingdom,Europe/London,2643743,EKADASHI,Shravana Putrada Ekadashi,EKADASHI_2026_08_23_SHRAVANA_PUTRADA_EKADASHI,Normal Ekadashi,NORMAL,UPAVASA_DAY_1,Shravana Putrada Ekadashi,"Upavaasa: 23-Aug-26 | Parana: 24-Aug-26, 06:19 AM to 08:49 AM",Normal Ekadashi. **Observe Upavaasa today.** Ekadashi began before Arunodaya and no two-day exception applies.,"Shravana Putrada Ekadashi. Normal Ekadashi. Observe Upavaasa today. Ekadashi began before Arunodaya and no two-day exception applies. Upavaasa: 23-Aug-26 | Parana: 24-Aug-26, 06:19 AM to 08:49 AM",20,2026-08-23,ekadashi_cycle_scanner.py,legacy_ekadashi_messages,APPROVED,2026-08-22T21:30:44-04:00,shravana_putrada_ekadashi_messages.csv
2026-08-23,geoname:2657896,geoname:2657896|city:zurich,Zurich,Zurich,Switzerland,Europe/Zurich,2657896,EKADASHI,Shravana Putrada Ekadashi,EKADASHI_2026_08_23_SHRAVANA_PUTRADA_EKADASHI,Normal Ekadashi,NORMAL,UPAVASA_DAY_1,Shravana Putrada Ekadashi,"Upavaasa: 23-Aug-26 | Parana: 24-Aug-26, 07:19 AM to 09:20 AM",Normal Ekadashi. **Observe Upavaasa today.** Ekadashi began before Arunodaya and no two-day exception applies.,"Shravana Putrada Ekadashi. Normal Ekadashi. Observe Upavaasa today. Ekadashi began before Arunodaya and no two-day exception applies. Upavaasa: 23-Aug-26 | Parana: 24-Aug-26, 07:19 AM to 09:20 AM",20,2026-08-23,ekadashi_cycle_scanner.py,legacy_ekadashi_messages,APPROVED,2026-08-22T21:30:44-04:00,shravana_putrada_ekadashi_messages.csv
2026-08-23,geoname:290030,geoname:290030|city:doha,Doha,Baladīyat ad Dawḩah,Qatar,Asia/Qatar,290030,EKADASHI,Shravana Putrada Ekadashi,EKADASHI_2026_08_23_SHRAVANA_PUTRADA_EKADASHI,Normal Ekadashi,NORMAL,UPAVASA_DAY_1,Shravana Putrada Ekadashi,"Upavaasa: 23-Aug-26 | Parana: 24-Aug-26, 12:53 PM to 03:27 PM",Normal Ekadashi. **Observe Upavaasa today.** Ekadashi began before Arunodaya and no two-day exception applies.,"Shravana Putrada Ekadashi. Normal Ekadashi. Observe Upavaasa today. Ekadashi began before Arunodaya and no two-day exception applies. Upavaasa: 23-Aug-26 | Parana: 24-Aug-26, 12:53 PM to 03:27 PM",20,2026-08-23,ekadashi_cycle_scanner.py,legacy_ekadashi_messages,APPROVED,2026-08-22T21:30:44-04:00,shravana_putrada_ekadashi_messages.csv
2026-08-23,geoname:292223,geoname:292223|city:dubai,Dubai,Dubai,United Arab Emirates,Asia/Dubai,292223,EKADASHI,Shravana Putrada Ekadashi,EKADASHI_2026_08_23_SHRAVANA_PUTRADA_EKADASHI,Normal Ekadashi,NORMAL,UPAVASA_DAY_1,Shravana Putrada Ekadashi,"Upavaasa: 23-Aug-26 | Parana: 24-Aug-26, 01:38 PM to 04:12 PM",Normal Ekadashi. **Observe Upavaasa today.** Ekadashi began before Arunodaya and no two-day exception applies.,"Shravana Putrada Ekadashi. Normal Ekadashi. Observe Upavaasa today. Ekadashi began before Arunodaya and no two-day exception applies. Upavaasa: 23-Aug-26 | Parana: 24-Aug-26, 01:38 PM to 04:12 PM",20,2026-08-23,ekadashi_cycle_scanner.py,legacy_ekadashi_messages,APPROVED,2026-08-22T21:30:44-04:00,shravana_putrada_ekadashi_messages.csv
2026-08-23,geoname:2928751,geoname:2928751|city:esslingen,Esslingen,Esslingen,Germany,Europe/Berlin,2928751,EKADASHI,Shravana Putrada Ekadashi,EKADASHI_2026_08_23_SHRAVANA_PUTRADA_EKADASHI,Normal Ekadashi,NORMAL,UPAVASA_DAY_1,Shravana Putrada Ekadashi,"Upavaasa: 23-Aug-26 | Parana: 24-Aug-26, 07:19 AM to 09:15 AM",Normal Ekadashi. **Observe Upavaasa today.** Ekadashi began before Arunodaya and no two-day exception applies.,"Shravana Putrada Ekadashi. Normal Ekadashi. Observe Upavaasa today. Ekadashi began before Arunodaya and no two-day exception applies. Upavaasa: 23-Aug-26 | Parana: 24-Aug-26, 07:19 AM to 09:15 AM",20,2026-08-23,ekadashi_cycle_scanner.py,legacy_ekadashi_messages,APPROVED,2026-08-22T21:30:44-04:00,shravana_putrada_ekadashi_messages.csv
2026-08-23,geoname:4167147,geoname:4167147|city:orlando,Orlando,Florida,United States,America/New_York,4167147,EKADASHI,Shravana Putrada Ekadashi,EKADASHI_2026_08_23_SHRAVANA_PUTRADA_EKADASHI,Normal Ekadashi,NORMAL,UPAVASA_DAY_1,Shravana Putrada Ekadashi,"Upavaasa: 23-Aug-26 | Parana: 24-Aug-26, 07:00 AM to 09:35 AM",Normal Ekadashi. **Observe Upavaasa today.** Ekadashi began before Arunodaya and no two-day exception applies.,"Shravana Putrada Ekadashi. Normal Ekadashi. Observe Upavaasa today. Ekadashi began before Arunodaya and no two-day exception applies. Upavaasa: 23-Aug-26 | Parana: 24-Aug-26, 07:00 AM to 09:35 AM",20,2026-08-23,ekadashi_cycle_scanner.py,legacy_ekadashi_messages,APPROVED,2026-08-22T21:30:44-04:00,shravana_putrada_ekadashi_messages.csv
2026-08-23,geoname:4174757,geoname:4174757|city:tampa,Tampa,Florida,United States,America/New_York,4174757,EKADASHI,Shravana Putrada Ekadashi,EKADASHI_2026_08_23_SHRAVANA_PUTRADA_EKADASHI,Normal Ekadashi,NORMAL,UPAVASA_DAY_1,Shravana Putrada Ekadashi,"Upavaasa: 23-Aug-26 | Parana: 24-Aug-26, 07:05 AM to 09:40 AM",Normal Ekadashi. **Observe Upavaasa today.** Ekadashi began before Arunodaya and no two-day exception applies.,"Shravana Putrada Ekadashi. Normal Ekadashi. Observe Upavaasa today. Ekadashi began before Arunodaya and no two-day exception applies. Upavaasa: 23-Aug-26 | Parana: 24-Aug-26, 07:05 AM to 09:40 AM",20,2026-08-23,ekadashi_cycle_scanner.py,legacy_ekadashi_messages,APPROVED,2026-08-22T21:30:44-04:00,shravana_putrada_ekadashi_messages.csv
2026-08-23,geoname:4180439,geoname:4180439|city:atlanta,Atlanta,Georgia,United States,America/New_York,4180439,EKADASHI,Shravana Putrada Ekadashi,EKADASHI_2026_08_23_SHRAVANA_PUTRADA_EKADASHI,Normal Ekadashi,NORMAL,UPAVASA_DAY_1,Shravana Putrada Ekadashi,"Upavaasa: 23-Aug-26 | Parana: 24-Aug-26, 07:06 AM to 09:43 AM",Normal Ekadashi. **Observe Upavaasa today.** Ekadashi began before Arunodaya and no two-day exception applies.,"Shravana Putrada Ekadashi. Normal Ekadashi. Observe Upavaasa today. Ekadashi began before Arunodaya and no two-day exception applies. Upavaasa: 23-Aug-26 | Parana: 24-Aug-26, 07:06 AM to 09:43 AM",20,2026-08-23,ekadashi_cycle_scanner.py,legacy_ekadashi_messages,APPROVED,2026-08-22T21:30:44-04:00,shravana_putrada_ekadashi_messages.csv
2026-08-23,geoname:4256038,geoname:4256038|city:columbus,Columbus,Indiana,United States,America/Indiana/Indianapolis,4256038,EKADASHI,Shravana Putrada Ekadashi,EKADASHI_2026_08_23_SHRAVANA_PUTRADA_EKADASHI,Normal Ekadashi,NORMAL,UPAVASA_DAY_1,Shravana Putrada Ekadashi,"Upavaasa: 23-Aug-26 | Parana: 24-Aug-26, 07:05 AM to 09:45 AM",Normal Ekadashi. **Observe Upavaasa today.** Ekadashi began before Arunodaya and no two-day exception applies.,"Shravana Putrada Ekadashi. Normal Ekadashi. Observe Upavaasa today. Ekadashi began before Arunodaya and no two-day exception applies. Upavaasa: 23-Aug-26 | Parana: 24-Aug-26, 07:05 AM to 09:45 AM",20,2026-08-23,ekadashi_cycle_scanner.py,legacy_ekadashi_messages,APPROVED,2026-08-22T21:30:44-04:00,shravana_putrada_ekadashi_messages.csv
2026-08-23,geoname:4347778,geoname:4347778|city:baltimore,Baltimore,Maryland,United States,America/New_York,4347778,EKADASHI,Shravana Putrada Ekadashi,EKADASHI_2026_08_23_SHRAVANA_PUTRADA_EKADASHI,Normal Ekadashi,NORMAL,UPAVASA_DAY_1,Shravana Putrada Ekadashi,"Upavaasa: 23-Aug-26 | Parana: 24-Aug-26, 06:28 AM to 09:08 AM",Normal Ekadashi. **Observe Upavaasa today.** Ekadashi began before Arunodaya and no two-day exception applies.,"Shravana Putrada Ekadashi. Normal Ekadashi. Observe Upavaasa today. Ekadashi began before Arunodaya and no two-day exception applies. Upavaasa: 23-Aug-26 | Parana: 24-Aug-26, 06:28 AM to 09:08 AM",20,2026-08-23,ekadashi_cycle_scanner.py,legacy_ekadashi_messages,APPROVED,2026-08-22T21:30:44-04:00,shravana_putrada_ekadashi_messages.csv
2026-08-23,geoname:4460243,geoname:4460243|city:charlotte,Charlotte,North Carolina,United States,America/New_York,4460243,EKADASHI,Shravana Putrada Ekadashi,EKADASHI_2026_08_23_SHRAVANA_PUTRADA_EKADASHI,Normal Ekadashi,NORMAL,UPAVASA_DAY_1,Shravana Putrada Ekadashi,"Upavaasa: 23-Aug-26 | Parana: 24-Aug-26, 06:50 AM to 09:28 AM",Normal Ekadashi. **Observe Upavaasa today.** Ekadashi began before Arunodaya and no two-day exception applies.,"Shravana Putrada Ekadashi. Normal Ekadashi. Observe Upavaasa today. Ekadashi began before Arunodaya and no two-day exception applies. Upavaasa: 23-Aug-26 | Parana: 24-Aug-26, 06:50 AM to 09:28 AM",20,2026-08-23,ekadashi_cycle_scanner.py,legacy_ekadashi_messages,APPROVED,2026-08-22T21:30:44-04:00,shravana_putrada_ekadashi_messages.csv
2026-08-23,geoname:4487042,geoname:4487042|city:raleigh,Raleigh,North Carolina,United States,America/New_York,4487042,EKADASHI,Shravana Putrada Ekadashi,EKADASHI_2026_08_23_SHRAVANA_PUTRADA_EKADASHI,Normal Ekadashi,NORMAL,UPAVASA_DAY_1,Shravana Putrada Ekadashi,"Upavaasa: 23-Aug-26 | Parana: 24-Aug-26, 06:41 AM to 09:19 AM",Normal Ekadashi. **Observe Upavaasa today.** Ekadashi began before Arunodaya and no two-day exception applies.,"Shravana Putrada Ekadashi. Normal Ekadashi. Observe Upavaasa today. Ekadashi began before Arunodaya and no two-day exception applies. Upavaasa: 23-Aug-26 | Parana: 24-Aug-26, 06:41 AM to 09:19 AM",20,2026-08-23,ekadashi_cycle_scanner.py,legacy_ekadashi_messages,APPROVED,2026-08-22T21:30:44-04:00,shravana_putrada_ekadashi_messages.csv
2026-08-23,geoname:4508722,geoname:4508722|city:cincinnati,Cincinnati,Ohio,United States,America/New_York,4508722,EKADASHI,Shravana Putrada Ekadashi,EKADASHI_2026_08_23_SHRAVANA_PUTRADA_EKADASHI,Normal Ekadashi,NORMAL,UPAVASA_DAY_1,Shravana Putrada Ekadashi,"Upavaasa: 23-Aug-26 | Parana: 24-Aug-26, 07:00 AM to 09:40 AM",Normal Ekadashi. **Observe Upavaasa today.** Ekadashi began before Arunodaya and no two-day exception applies.,"Shravana Putrada Ekadashi. Normal Ekadashi. Observe Upavaasa today. Ekadashi began before Arunodaya and no two-day exception applies. Upavaasa: 23-Aug-26 | Parana: 24-Aug-26, 07:00 AM to 09:40 AM",20,2026-08-23,ekadashi_cycle_scanner.py,legacy_ekadashi_messages,APPROVED,2026-08-22T21:30:44-04:00,shravana_putrada_ekadashi_messages.csv
2026-08-23,geoname:4509177,geoname:4509177|city:columbus,Columbus,Ohio,United States,America/New_York,4509177,EKADASHI,Shravana Putrada Ekadashi,EKADASHI_2026_08_23_SHRAVANA_PUTRADA_EKADASHI,Normal Ekadashi,NORMAL,UPAVASA_DAY_1,Shravana Putrada Ekadashi,"Upavaasa: 23-Aug-26 | Parana: 24-Aug-26, 06:52 AM to 09:33 AM",Normal Ekadashi. **Observe Upavaasa today.** Ekadashi began before Arunodaya and no two-day exception applies.,"Shravana Putrada Ekadashi. Normal Ekadashi. Observe Upavaasa today. Ekadashi began before Arunodaya and no two-day exception applies. Upavaasa: 23-Aug-26 | Parana: 24-Aug-26, 06:52 AM to 09:33 AM",20,2026-08-23,ekadashi_cycle_scanner.py,legacy_ekadashi_messages,APPROVED,2026-08-22T21:30:44-04:00,shravana_putrada_ekadashi_messages.csv
2026-08-23,geoname:4560349,geoname:4560349|city:philadelphia,Philadelphia,Pennsylvania,United States,America/New_York,4560349,EKADASHI,Shravana Putrada Ekadashi,EKADASHI_2026_08_23_SHRAVANA_PUTRADA_EKADASHI,Normal Ekadashi,NORMAL,UPAVASA_DAY_1,Shravana Putrada Ekadashi,"Upavaasa: 23-Aug-26 | Parana: 24-Aug-26, 06:21 AM to 09:02 AM",Normal Ekadashi. **Observe Upavaasa today.** Ekadashi began before Arunodaya and no two-day exception applies.,"Shravana Putrada Ekadashi. Normal Ekadashi. Observe Upavaasa today. Ekadashi began before Arunodaya and no two-day exception applies. Upavaasa: 23-Aug-26 | Parana: 24-Aug-26, 06:21 AM to 09:02 AM",20,2026-08-23,ekadashi_cycle_scanner.py,legacy_ekadashi_messages,APPROVED,2026-08-22T21:30:44-04:00,shravana_putrada_ekadashi_messages.csv
2026-08-23,geoname:4634946,geoname:4634946|city:knoxville,Knoxville,Tennessee,United States,America/New_York,4634946,EKADASHI,Shravana Putrada Ekadashi,EKADASHI_2026_08_23_SHRAVANA_PUTRADA_EKADASHI,Normal Ekadashi,NORMAL,UPAVASA_DAY_1,Shravana Putrada Ekadashi,"Upavaasa: 23-Aug-26 | Parana: 24-Aug-26, 07:01 AM to 09:40 AM",Normal Ekadashi. **Observe Upavaasa today.** Ekadashi began before Arunodaya and no two-day exception applies.,"Shravana Putrada Ekadashi. Normal Ekadashi. Observe Upavaasa today. Ekadashi began before Arunodaya and no two-day exception applies. Upavaasa: 23-Aug-26 | Parana: 24-Aug-26, 07:01 AM to 09:40 AM",20,2026-08-23,ekadashi_cycle_scanner.py,legacy_ekadashi_messages,APPROVED,2026-08-22T21:30:44-04:00,shravana_putrada_ekadashi_messages.csv
2026-08-23,geoname:4644585,geoname:4644585|city:nashville,Nashville,Tennessee,United States,America/Chicago,4644585,EKADASHI,Shravana Putrada Ekadashi,EKADASHI_2026_08_23_SHRAVANA_PUTRADA_EKADASHI,Normal Ekadashi,NORMAL,UPAVASA_DAY_1,Shravana Putrada Ekadashi,"Upavaasa: 23-Aug-26 | Parana: 24-Aug-26, 06:13 AM to 08:52 AM",Normal Ekadashi. **Observe Upavaasa today.** Ekadashi began before Arunodaya and no two-day exception applies.,"Shravana Putrada Ekadashi. Normal Ekadashi. Observe Upavaasa today. Ekadashi began before Arunodaya and no two-day exception applies. Upavaasa: 23-Aug-26 | Parana: 24-Aug-26, 06:13 AM to 08:52 AM",20,2026-08-23,ekadashi_cycle_scanner.py,legacy_ekadashi_messages,APPROVED,2026-08-22T21:30:44-04:00,shravana_putrada_ekadashi_messages.csv
2026-08-23,geoname:4684888,geoname:4684888|city:dallas,Dallas,Texas,United States,America/Chicago,4684888,EKADASHI,Shravana Putrada Ekadashi,EKADASHI_2026_08_23_SHRAVANA_PUTRADA_EKADASHI,Normal Ekadashi,NORMAL,UPAVASA_DAY_1,Shravana Putrada Ekadashi,"Upavaasa: 23-Aug-26 | Parana: 24-Aug-26, 06:57 AM to 09:34 AM",Normal Ekadashi. **Observe Upavaasa today.** Ekadashi began before Arunodaya and no two-day exception applies.,"Shravana Putrada Ekadashi. Normal Ekadashi. Observe Upavaasa today. Ekadashi began before Arunodaya and no two-day exception applies. Upavaasa: 23-Aug-26 | Parana: 24-Aug-26, 06:57 AM to 09:34 AM",20,2026-08-23,ekadashi_cycle_scanner.py,legacy_ekadashi_messages,APPROVED,2026-08-22T21:30:44-04:00,shravana_putrada_ekadashi_messages.csv
2026-08-23,geoname:4699066,geoname:4699066|city:houston,Houston,Texas,United States,America/Chicago,4699066,EKADASHI,Shravana Putrada Ekadashi,EKADASHI_2026_08_23_SHRAVANA_PUTRADA_EKADASHI,Normal Ekadashi,NORMAL,UPAVASA_DAY_1,Shravana Putrada Ekadashi,"Upavaasa: 23-Aug-26 | Parana: 24-Aug-26, 06:54 AM to 09:30 AM",Normal Ekadashi. **Observe Upavaasa today.** Ekadashi began before Arunodaya and no two-day exception applies.,"Shravana Putrada Ekadashi. Normal Ekadashi. Observe Upavaasa today. Ekadashi began before Arunodaya and no two-day exception applies. Upavaasa: 23-Aug-26 | Parana: 24-Aug-26, 06:54 AM to 09:30 AM",20,2026-08-23,ekadashi_cycle_scanner.py,legacy_ekadashi_messages,APPROVED,2026-08-22T21:30:44-04:00,shravana_putrada_ekadashi_messages.csv
2026-08-23,geoname:4781708,geoname:4781708|city:richmond,Richmond,Virginia,United States,America/New_York,4781708,EKADASHI,Shravana Putrada Ekadashi,EKADASHI_2026_08_23_SHRAVANA_PUTRADA_EKADASHI,Normal Ekadashi,NORMAL,UPAVASA_DAY_1,Shravana Putrada Ekadashi,"Upavaasa: 23-Aug-26 | Parana: 24-Aug-26, 06:34 AM to 09:13 AM",Normal Ekadashi. **Observe Upavaasa today.** Ekadashi began before Arunodaya and no two-day exception applies.,"Shravana Putrada Ekadashi. Normal Ekadashi. Observe Upavaasa today. Ekadashi began before Arunodaya and no two-day exception applies. Upavaasa: 23-Aug-26 | Parana: 24-Aug-26, 06:34 AM to 09:13 AM",20,2026-08-23,ekadashi_cycle_scanner.py,legacy_ekadashi_messages,APPROVED,2026-08-22T21:30:44-04:00,shravana_putrada_ekadashi_messages.csv
2026-08-23,geoname:4887398,geoname:4887398|city:chicago,Chicago,Illinois,United States,America/Chicago,4887398,EKADASHI,Shravana Putrada Ekadashi,EKADASHI_2026_08_23_SHRAVANA_PUTRADA_EKADASHI,Normal Ekadashi,NORMAL,UPAVASA_DAY_1,Shravana Putrada Ekadashi,"Upavaasa: 23-Aug-26 | Parana: 24-Aug-26, 06:08 AM to 08:50 AM",Normal Ekadashi. **Observe Upavaasa today.** Ekadashi began before Arunodaya and no two-day exception applies.,"Shravana Putrada Ekadashi. Normal Ekadashi. Observe Upavaasa today. Ekadashi began before Arunodaya and no two-day exception applies. Upavaasa: 23-Aug-26 | Parana: 24-Aug-26, 06:08 AM to 08:50 AM",20,2026-08-23,ekadashi_cycle_scanner.py,legacy_ekadashi_messages,APPROVED,2026-08-22T21:30:44-04:00,shravana_putrada_ekadashi_messages.csv
2026-08-23,geoname:4922462,geoname:4922462|city:lafayette,Lafayette,Indiana,United States,America/Indiana/Indianapolis,4922462,EKADASHI,Shravana Putrada Ekadashi,EKADASHI_2026_08_23_SHRAVANA_PUTRADA_EKADASHI,Normal Ekadashi,NORMAL,UPAVASA_DAY_1,Shravana Putrada Ekadashi,"Upavaasa: 23-Aug-26 | Parana: 24-Aug-26, 07:07 AM to 09:48 AM",Normal Ekadashi. **Observe Upavaasa today.** Ekadashi began before Arunodaya and no two-day exception applies.,"Shravana Putrada Ekadashi. Normal Ekadashi. Observe Upavaasa today. Ekadashi began before Arunodaya and no two-day exception applies. Upavaasa: 23-Aug-26 | Parana: 24-Aug-26, 07:07 AM to 09:48 AM",20,2026-08-23,ekadashi_cycle_scanner.py,legacy_ekadashi_messages,APPROVED,2026-08-22T21:30:44-04:00,shravana_putrada_ekadashi_messages.csv
2026-08-23,geoname:5099836,geoname:5099836|city:new_jersey,New Jersey,New Jersey,United States,America/New_York,5099836,EKADASHI,Shravana Putrada Ekadashi,EKADASHI_2026_08_23_SHRAVANA_PUTRADA_EKADASHI,Normal Ekadashi,NORMAL,UPAVASA_DAY_1,Shravana Putrada Ekadashi,"Upavaasa: 23-Aug-26 | Parana: 24-Aug-26, 06:16 AM to 08:57 AM",Normal Ekadashi. **Observe Upavaasa today.** Ekadashi began before Arunodaya and no two-day exception applies.,"Shravana Putrada Ekadashi. Normal Ekadashi. Observe Upavaasa today. Ekadashi began before Arunodaya and no two-day exception applies. Upavaasa: 23-Aug-26 | Parana: 24-Aug-26, 06:16 AM to 08:57 AM",20,2026-08-23,ekadashi_cycle_scanner.py,legacy_ekadashi_messages,APPROVED,2026-08-22T21:30:44-04:00,shravana_putrada_ekadashi_messages.csv
2026-08-23,geoname:5108728,geoname:5108728|city:belfast,Belfast,New York,United States,America/New_York,5108728,EKADASHI,Shravana Putrada Ekadashi,EKADASHI_2026_08_23_SHRAVANA_PUTRADA_EKADASHI,Normal Ekadashi,NORMAL,UPAVASA_DAY_1,Shravana Putrada Ekadashi,"Upavaasa: 23-Aug-26 | Parana: 24-Aug-26, 06:29 AM to 09:11 AM",Normal Ekadashi. **Observe Upavaasa today.** Ekadashi began before Arunodaya and no two-day exception applies.,"Shravana Putrada Ekadashi. Normal Ekadashi. Observe Upavaasa today. Ekadashi began before Arunodaya and no two-day exception applies. Upavaasa: 23-Aug-26 | Parana: 24-Aug-26, 06:29 AM to 09:11 AM",20,2026-08-23,ekadashi_cycle_scanner.py,legacy_ekadashi_messages,APPROVED,2026-08-22T21:30:44-04:00,shravana_putrada_ekadashi_messages.csv
2026-08-23,geoname:5110629,geoname:5110629|city:buffalo,Buffalo,New York,United States,America/New_York,5110629,EKADASHI,Shravana Putrada Ekadashi,EKADASHI_2026_08_23_SHRAVANA_PUTRADA_EKADASHI,Normal Ekadashi,NORMAL,UPAVASA_DAY_1,Shravana Putrada Ekadashi,"Upavaasa: 23-Aug-26 | Parana: 24-Aug-26, 06:32 AM to 09:14 AM",Normal Ekadashi. **Observe Upavaasa today.** Ekadashi began before Arunodaya and no two-day exception applies.,"Shravana Putrada Ekadashi. Normal Ekadashi. Observe Upavaasa today. Ekadashi began before Arunodaya and no two-day exception applies. Upavaasa: 23-Aug-26 | Parana: 24-Aug-26, 06:32 AM to 09:14 AM",20,2026-08-23,ekadashi_cycle_scanner.py,legacy_ekadashi_messages,APPROVED,2026-08-22T21:30:44-04:00,shravana_putrada_ekadashi_messages.csv
2026-08-23,geoname:5119251,geoname:5119251|city:greece,Greece,New York,United States,America/New_York,5119251,EKADASHI,Shravana Putrada Ekadashi,EKADASHI_2026_08_23_SHRAVANA_PUTRADA_EKADASHI,Normal Ekadashi,NORMAL,UPAVASA_DAY_1,Shravana Putrada Ekadashi,"Upavaasa: 23-Aug-26 | Parana: 24-Aug-26, 06:26 AM to 09:09 AM",Normal Ekadashi. **Observe Upavaasa today.** Ekadashi began before Arunodaya and no two-day exception applies.,"Shravana Putrada Ekadashi. Normal Ekadashi. Observe Upavaasa today. Ekadashi began before Arunodaya and no two-day exception applies. Upavaasa: 23-Aug-26 | Parana: 24-Aug-26, 06:26 AM to 09:09 AM",20,2026-08-23,ekadashi_cycle_scanner.py,legacy_ekadashi_messages,APPROVED,2026-08-22T21:30:44-04:00,shravana_putrada_ekadashi_messages.csv
2026-08-23,geoname:5128581,geoname:5128581|city:new_york,New York,New York,United States,America/New_York,5128581,EKADASHI,Shravana Putrada Ekadashi,EKADASHI_2026_08_23_SHRAVANA_PUTRADA_EKADASHI,Normal Ekadashi,NORMAL,UPAVASA_DAY_1,Shravana Putrada Ekadashi,"Upavaasa: 23-Aug-26 | Parana: 24-Aug-26, 06:15 AM to 08:56 AM",Normal Ekadashi. **Observe Upavaasa today.** Ekadashi began before Arunodaya and no two-day exception applies.,"Shravana Putrada Ekadashi. Normal Ekadashi. Observe Upavaasa today. Ekadashi began before Arunodaya and no two-day exception applies. Upavaasa: 23-Aug-26 | Parana: 24-Aug-26, 06:15 AM to 08:56 AM",20,2026-08-23,ekadashi_cycle_scanner.py,legacy_ekadashi_messages,APPROVED,2026-08-22T21:30:44-04:00,shravana_putrada_ekadashi_messages.csv
2026-08-23,geoname:5131614,geoname:5131614|city:pittsford,Pittsford,New York,United States,America/New_York,5131614,EKADASHI,Shravana Putrada Ekadashi,EKADASHI_2026_08_23_SHRAVANA_PUTRADA_EKADASHI,Normal Ekadashi,NORMAL,UPAVASA_DAY_1,Shravana Putrada Ekadashi,"Upavaasa: 23-Aug-26 | Parana: 24-Aug-26, 06:26 AM to 09:08 AM",Normal Ekadashi. **Observe Upavaasa today.** Ekadashi began before Arunodaya and no two-day exception applies.,"Shravana Putrada Ekadashi. Normal Ekadashi. Observe Upavaasa today. Ekadashi began before Arunodaya and no two-day exception applies. Upavaasa: 23-Aug-26 | Parana: 24-Aug-26, 06:26 AM to 09:08 AM",20,2026-08-23,ekadashi_cycle_scanner.py,legacy_ekadashi_messages,APPROVED,2026-08-22T21:30:44-04:00,shravana_putrada_ekadashi_messages.csv
2026-08-23,geoname:5134086,geoname:5134086|city:rochester,Rochester,New York,United States,America/New_York,5134086,EKADASHI,Shravana Putrada Ekadashi,EKADASHI_2026_08_23_SHRAVANA_PUTRADA_EKADASHI,Normal Ekadashi,NORMAL,UPAVASA_DAY_1,Shravana Putrada Ekadashi,"Upavaasa: 23-Aug-26 | Parana: 24-Aug-26, 06:26 AM to 09:09 AM",Normal Ekadashi. **Observe Upavaasa today.** Ekadashi began before Arunodaya and no two-day exception applies.,"Shravana Putrada Ekadashi. Normal Ekadashi. Observe Upavaasa today. Ekadashi began before Arunodaya and no two-day exception applies. Upavaasa: 23-Aug-26 | Parana: 24-Aug-26, 06:26 AM to 09:09 AM",20,2026-08-23,ekadashi_cycle_scanner.py,legacy_ekadashi_messages,APPROVED,2026-08-22T21:30:44-04:00,shravana_putrada_ekadashi_messages.csv
2026-08-23,geoname:5139865,geoname:5139865|city:stonybrook,Stonybrook,New York,United States,America/New_York,5139865,EKADASHI,Shravana Putrada Ekadashi,EKADASHI_2026_08_23_SHRAVANA_PUTRADA_EKADASHI,Normal Ekadashi,NORMAL,UPAVASA_DAY_1,Shravana Putrada Ekadashi,"Upavaasa: 23-Aug-26 | Parana: 24-Aug-26, 06:12 AM to 08:53 AM",Normal Ekadashi. **Observe Upavaasa today.** Ekadashi began before Arunodaya and no two-day exception applies.,"Shravana Putrada Ekadashi. Normal Ekadashi. Observe Upavaasa today. Ekadashi began before Arunodaya and no two-day exception applies. Upavaasa: 23-Aug-26 | Parana: 24-Aug-26, 06:12 AM to 08:53 AM",20,2026-08-23,ekadashi_cycle_scanner.py,legacy_ekadashi_messages,APPROVED,2026-08-22T21:30:44-04:00,shravana_putrada_ekadashi_messages.csv
2026-08-23,geoname:5140405,geoname:5140405|city:syracuse,Syracuse,New York,United States,America/New_York,5140405,EKADASHI,Shravana Putrada Ekadashi,EKADASHI_2026_08_23_SHRAVANA_PUTRADA_EKADASHI,Normal Ekadashi,NORMAL,UPAVASA_DAY_1,Shravana Putrada Ekadashi,"Upavaasa: 23-Aug-26 | Parana: 24-Aug-26, 06:20 AM to 09:03 AM",Normal Ekadashi. **Observe Upavaasa today.** Ekadashi began before Arunodaya and no two-day exception applies.,"Shravana Putrada Ekadashi. Normal Ekadashi. Observe Upavaasa today. Ekadashi began before Arunodaya and no two-day exception applies. Upavaasa: 23-Aug-26 | Parana: 24-Aug-26, 06:20 AM to 09:03 AM",20,2026-08-23,ekadashi_cycle_scanner.py,legacy_ekadashi_messages,APPROVED,2026-08-22T21:30:44-04:00,shravana_putrada_ekadashi_messages.csv
2026-08-23,geoname:5150529,geoname:5150529|city:cleveland,Cleveland,Ohio,United States,America/New_York,5150529,EKADASHI,Shravana Putrada Ekadashi,EKADASHI_2026_08_23_SHRAVANA_PUTRADA_EKADASHI,Normal Ekadashi,NORMAL,UPAVASA_DAY_1,Shravana Putrada Ekadashi,"Upavaasa: 23-Aug-26 | Parana: 24-Aug-26, 06:45 AM to 09:27 AM",Normal Ekadashi. **Observe Upavaasa today.** Ekadashi began before Arunodaya and no two-day exception applies.,"Shravana Putrada Ekadashi. Normal Ekadashi. Observe Upavaasa today. Ekadashi began before Arunodaya and no two-day exception applies. Upavaasa: 23-Aug-26 | Parana: 24-Aug-26, 06:45 AM to 09:27 AM",20,2026-08-23,ekadashi_cycle_scanner.py,legacy_ekadashi_messages,APPROVED,2026-08-22T21:30:44-04:00,shravana_putrada_ekadashi_messages.csv
2026-08-23,geoname:5308655,geoname:5308655|city:phoenix,Phoenix,Arizona,United States,America/Phoenix,5308655,EKADASHI,Shravana Putrada Ekadashi,EKADASHI_2026_08_23_SHRAVANA_PUTRADA_EKADASHI,Normal Ekadashi,NORMAL,UPAVASA_DAY_1,Shravana Putrada Ekadashi,"Upavaasa: 23-Aug-26 | Parana: 24-Aug-26, 05:57 AM to 08:34 AM",Normal Ekadashi. **Observe Upavaasa today.** Ekadashi began before Arunodaya and no two-day exception applies.,"Shravana Putrada Ekadashi. Normal Ekadashi. Observe Upavaasa today. Ekadashi began before Arunodaya and no two-day exception applies. Upavaasa: 23-Aug-26 | Parana: 24-Aug-26, 05:57 AM to 08:34 AM",20,2026-08-23,ekadashi_cycle_scanner.py,legacy_ekadashi_messages,APPROVED,2026-08-22T21:30:44-04:00,shravana_putrada_ekadashi_messages.csv
2026-08-23,geoname:5368361,geoname:5368361|city:los_angeles,Los Angeles,California,United States,America/Los_Angeles,5368361,EKADASHI,Shravana Putrada Ekadashi,EKADASHI_2026_08_23_SHRAVANA_PUTRADA_EKADASHI,Normal Ekadashi,NORMAL,UPAVASA_DAY_1,Shravana Putrada Ekadashi,"Upavaasa: 23-Aug-26 | Parana: 24-Aug-26, 06:21 AM to 08:59 AM",Normal Ekadashi. **Observe Upavaasa today.** Ekadashi began before Arunodaya and no two-day exception applies.,"Shravana Putrada Ekadashi. Normal Ekadashi. Observe Upavaasa today. Ekadashi began before Arunodaya and no two-day exception applies. Upavaasa: 23-Aug-26 | Parana: 24-Aug-26, 06:21 AM to 08:59 AM",20,2026-08-23,ekadashi_cycle_scanner.py,legacy_ekadashi_messages,APPROVED,2026-08-22T21:30:44-04:00,shravana_putrada_ekadashi_messages.csv
2026-08-23,geoname:5383527,geoname:5383527|city:placentia,Placentia,California,United States,America/Los_Angeles,5383527,EKADASHI,Shravana Putrada Ekadashi,EKADASHI_2026_08_23_SHRAVANA_PUTRADA_EKADASHI,Normal Ekadashi,NORMAL,UPAVASA_DAY_1,Shravana Putrada Ekadashi,"Upavaasa: 23-Aug-26 | Parana: 24-Aug-26, 06:20 AM to 08:57 AM",Normal Ekadashi. **Observe Upavaasa today.** Ekadashi began before Arunodaya and no two-day exception applies.,"Shravana Putrada Ekadashi. Normal Ekadashi. Observe Upavaasa today. Ekadashi began before Arunodaya and no two-day exception applies. Upavaasa: 23-Aug-26 | Parana: 24-Aug-26, 06:20 AM to 08:57 AM",20,2026-08-23,ekadashi_cycle_scanner.py,legacy_ekadashi_messages,APPROVED,2026-08-22T21:30:44-04:00,shravana_putrada_ekadashi_messages.csv
2026-08-23,geoname:5391959,geoname:5391959|city:san_francisco,San Francisco,California,United States,America/Los_Angeles,5391959,EKADASHI,Shravana Putrada Ekadashi,EKADASHI_2026_08_23_SHRAVANA_PUTRADA_EKADASHI,Normal Ekadashi,NORMAL,UPAVASA_DAY_1,Shravana Putrada Ekadashi,"Upavaasa: 23-Aug-26 | Parana: 24-Aug-26, 06:33 AM to 09:12 AM",Normal Ekadashi. **Observe Upavaasa today.** Ekadashi began before Arunodaya and no two-day exception applies.,"Shravana Putrada Ekadashi. Normal Ekadashi. Observe Upavaasa today. Ekadashi began before Arunodaya and no two-day exception applies. Upavaasa: 23-Aug-26 | Parana: 24-Aug-26, 06:33 AM to 09:12 AM",20,2026-08-23,ekadashi_cycle_scanner.py,legacy_ekadashi_messages,APPROVED,2026-08-22T21:30:44-04:00,shravana_putrada_ekadashi_messages.csv
2026-08-23,geoname:5809844,geoname:5809844|city:seattle,Seattle,Washington,United States,America/Los_Angeles,5809844,EKADASHI,Shravana Putrada Ekadashi,EKADASHI_2026_08_23_SHRAVANA_PUTRADA_EKADASHI,Normal Ekadashi,NORMAL,UPAVASA_DAY_1,Shravana Putrada Ekadashi,"Upavaasa: 23-Aug-26 | Parana: 24-Aug-26, 06:18 AM to 09:03 AM",Normal Ekadashi. **Observe Upavaasa today.** Ekadashi began before Arunodaya and no two-day exception applies.,"Shravana Putrada Ekadashi. Normal Ekadashi. Observe Upavaasa today. Ekadashi began before Arunodaya and no two-day exception applies. Upavaasa: 23-Aug-26 | Parana: 24-Aug-26, 06:18 AM to 09:03 AM",20,2026-08-23,ekadashi_cycle_scanner.py,legacy_ekadashi_messages,APPROVED,2026-08-22T21:30:44-04:00,shravana_putrada_ekadashi_messages.csv
2026-08-23,geoname:6173331,geoname:6173331|city:vancouver,Vancouver,British Columbia,Canada,America/Los_Angeles,6173331,EKADASHI,Shravana Putrada Ekadashi,EKADASHI_2026_08_23_SHRAVANA_PUTRADA_EKADASHI,Normal Ekadashi,NORMAL,UPAVASA_DAY_1,Shravana Putrada Ekadashi,"Upavaasa: 23-Aug-26 | Parana: 24-Aug-26, 06:18 AM to 09:05 AM",Normal Ekadashi. **Observe Upavaasa today.** Ekadashi began before Arunodaya and no two-day exception applies.,"Shravana Putrada Ekadashi. Normal Ekadashi. Observe Upavaasa today. Ekadashi began before Arunodaya and no two-day exception applies. Upavaasa: 23-Aug-26 | Parana: 24-Aug-26, 06:18 AM to 09:05 AM",20,2026-08-23,ekadashi_cycle_scanner.py,legacy_ekadashi_messages,APPROVED,2026-08-22T21:30:44-04:00,shravana_putrada_ekadashi_messages.csv
2026-08-23,geoname:6182962,geoname:6182962|city:windsor,Windsor,Ontario,Canada,America/New_York,6182962,EKADASHI,Shravana Putrada Ekadashi,EKADASHI_2026_08_23_SHRAVANA_PUTRADA_EKADASHI,Normal Ekadashi,NORMAL,UPAVASA_DAY_1,Shravana Putrada Ekadashi,"Upavaasa: 23-Aug-26 | Parana: 24-Aug-26, 06:49 AM to 09:31 AM",Normal Ekadashi. **Observe Upavaasa today.** Ekadashi began before Arunodaya and no two-day exception applies.,"Shravana Putrada Ekadashi. Normal Ekadashi. Observe Upavaasa today. Ekadashi began before Arunodaya and no two-day exception applies. Upavaasa: 23-Aug-26 | Parana: 24-Aug-26, 06:49 AM to 09:31 AM",20,2026-08-23,ekadashi_cycle_scanner.py,legacy_ekadashi_messages,APPROVED,2026-08-22T21:30:44-04:00,shravana_putrada_ekadashi_messages.csv
2026-08-24,geoname:1253102,geoname:1253102|city:visakhapatnam,Visakhapatnam,Andra Pradesh,India,Asia/Kolkata,1253102,EKADASHI,Shravana Putrada Ekadashi,EKADASHI_2026_08_23_SHRAVANA_PUTRADA_EKADASHI,Dwadashi Dwaya,DWADASHI_DWAYA,UPAVASA_DAY_2,Shravana Putrada Ekadashi,"Upavaasa: 23-Aug-26 and 24-Aug-26 | Parana: 25-Aug-26, 05:42 AM to 06:20 AM",Dwadashi continues through another sunrise in this Dwadashi Dwaya cycle. **Continue the Upavaasa today.** This is the second day of the two-day Upavaasa.,"Shravana Putrada Ekadashi. Dwadashi continues through another sunrise in this Dwadashi Dwaya cycle. Continue the Upavaasa today. This is the second day of the two-day Upavaasa. Upavaasa: 23-Aug-26 and 24-Aug-26 | Parana: 25-Aug-26, 05:42 AM to 06:20 AM",20,2026-08-23,ekadashi_cycle_scanner.py,legacy_ekadashi_messages,APPROVED,2026-08-22T21:30:44-04:00,shravana_putrada_ekadashi_messages.csv
2026-08-24,geoname:1253405,geoname:1253405|city:varanasi,Varanasi,Uttar Pradesh,India,Asia/Kolkata,1253405,EKADASHI,Shravana Putrada Ekadashi,EKADASHI_2026_08_23_SHRAVANA_PUTRADA_EKADASHI,Dwadashi Dwaya,DWADASHI_DWAYA,UPAVASA_DAY_2,Shravana Putrada Ekadashi,"Upavaasa: 23-Aug-26 and 24-Aug-26 | Parana: 25-Aug-26, 05:36 AM to 06:20 AM",Dwadashi continues through another sunrise in this Dwadashi Dwaya cycle. **Continue the Upavaasa today.** This is the second day of the two-day Upavaasa.,"Shravana Putrada Ekadashi. Dwadashi continues through another sunrise in this Dwadashi Dwaya cycle. Continue the Upavaasa today. This is the second day of the two-day Upavaasa. Upavaasa: 23-Aug-26 and 24-Aug-26 | Parana: 25-Aug-26, 05:36 AM to 06:20 AM",20,2026-08-23,ekadashi_cycle_scanner.py,legacy_ekadashi_messages,APPROVED,2026-08-22T21:30:44-04:00,shravana_putrada_ekadashi_messages.csv
2026-08-24,geoname:1253573,geoname:1253573|city:vadodara,Vadodara,Gujarat,India,Asia/Kolkata,1253573,EKADASHI,Shravana Putrada Ekadashi,EKADASHI_2026_08_23_SHRAVANA_PUTRADA_EKADASHI,Dwadashi Dwaya,DWADASHI_DWAYA,UPAVASA_DAY_2,Shravana Putrada Ekadashi,"Upavaasa: 23-Aug-26 and 24-Aug-26 | Parana: 25-Aug-26, 06:18 AM to 06:20 AM",Dwadashi continues through another sunrise in this Dwadashi Dwaya cycle. **Continue the Upavaasa today.** This is the second day of the two-day Upavaasa.,"Shravana Putrada Ekadashi. Dwadashi continues through another sunrise in this Dwadashi Dwaya cycle. Continue the Upavaasa today. This is the second day of the two-day Upavaasa. Upavaasa: 23-Aug-26 and 24-Aug-26 | Parana: 25-Aug-26, 06:18 AM to 06:20 AM",20,2026-08-23,ekadashi_cycle_scanner.py,legacy_ekadashi_messages,APPROVED,2026-08-22T21:30:44-04:00,shravana_putrada_ekadashi_messages.csv
2026-08-24,geoname:1253952,geoname:1253952|city:udupi,Udupi,Karnataka,India,Asia/Kolkata,1253952,EKADASHI,Shravana Putrada Ekadashi,EKADASHI_2026_08_23_SHRAVANA_PUTRADA_EKADASHI,Dwadashi Dwaya,DWADASHI_DWAYA,UPAVASA_DAY_2,Shravana Putrada Ekadashi,"Upavaasa: 23-Aug-26 and 24-Aug-26 | Parana: 25-Aug-26, 06:19 AM to 06:20 AM",Dwadashi continues through another sunrise in this Dwadashi Dwaya cycle. **Continue the Upavaasa today.** This is the second day of the two-day Upavaasa.,"Shravana Putrada Ekadashi. Dwadashi continues through another sunrise in this Dwadashi Dwaya cycle. Continue the Upavaasa today. This is the second day of the two-day Upavaasa. Upavaasa: 23-Aug-26 and 24-Aug-26 | Parana: 25-Aug-26, 06:19 AM to 06:20 AM",20,2026-08-23,ekadashi_cycle_scanner.py,legacy_ekadashi_messages,APPROVED,2026-08-22T21:30:44-04:00,shravana_putrada_ekadashi_messages.csv
2026-08-24,geoname:1254163,geoname:1254163|city:thiruvananthapuram,Thiruvananthapuram,Kerala,India,Asia/Kolkata,1254163,EKADASHI,Shravana Putrada Ekadashi,EKADASHI_2026_08_23_SHRAVANA_PUTRADA_EKADASHI,Dwadashi Dwaya,DWADASHI_DWAYA,UPAVASA_DAY_2,Shravana Putrada Ekadashi,"Upavaasa: 23-Aug-26 and 24-Aug-26 | Parana: 25-Aug-26, 06:14 AM to 06:20 AM",Dwadashi continues through another sunrise in this Dwadashi Dwaya cycle. **Continue the Upavaasa today.** This is the second day of the two-day Upavaasa.,"Shravana Putrada Ekadashi. Dwadashi continues through another sunrise in this Dwadashi Dwaya cycle. Continue the Upavaasa today. This is the second day of the two-day Upavaasa. Upavaasa: 23-Aug-26 and 24-Aug-26 | Parana: 25-Aug-26, 06:14 AM to 06:20 AM",20,2026-08-23,ekadashi_cycle_scanner.py,legacy_ekadashi_messages,APPROVED,2026-08-22T21:30:44-04:00,shravana_putrada_ekadashi_messages.csv
2026-08-24,geoname:1254360,geoname:1254360|city:tirupati,Tirupati,Andhra Pradesh,India,Asia/Kolkata,1254360,EKADASHI,Shravana Putrada Ekadashi,EKADASHI_2026_08_23_SHRAVANA_PUTRADA_EKADASHI,Dwadashi Dwaya,DWADASHI_DWAYA,UPAVASA_DAY_2,Shravana Putrada Ekadashi,"Upavaasa: 23-Aug-26 and 24-Aug-26 | Parana: 25-Aug-26, 06:00 AM to 06:20 AM",Dwadashi continues through another sunrise in this Dwadashi Dwaya cycle. **Continue the Upavaasa today.** This is the second day of the two-day Upavaasa.,"Shravana Putrada Ekadashi. Dwadashi continues through another sunrise in this Dwadashi Dwaya cycle. Continue the Upavaasa today. This is the second day of the two-day Upavaasa. Upavaasa: 23-Aug-26 and 24-Aug-26 | Parana: 25-Aug-26, 06:00 AM to 06:20 AM",20,2026-08-23,ekadashi_cycle_scanner.py,legacy_ekadashi_messages,APPROVED,2026-08-22T21:30:44-04:00,shravana_putrada_ekadashi_messages.csv
2026-08-24,geoname:1254388,geoname:1254388|city:srirangam,Srirangam,Tamil Nadu,India,Asia/Kolkata,1254388,EKADASHI,Shravana Putrada Ekadashi,EKADASHI_2026_08_23_SHRAVANA_PUTRADA_EKADASHI,Dwadashi Dwaya,DWADASHI_DWAYA,UPAVASA_DAY_2,Shravana Putrada Ekadashi,"Upavaasa: 23-Aug-26 and 24-Aug-26 | Parana: 25-Aug-26, 06:06 AM to 06:20 AM",Dwadashi continues through another sunrise in this Dwadashi Dwaya cycle. **Continue the Upavaasa today.** This is the second day of the two-day Upavaasa.,"Shravana Putrada Ekadashi. Dwadashi continues through another sunrise in this Dwadashi Dwaya cycle. Continue the Upavaasa today. This is the second day of the two-day Upavaasa. Upavaasa: 23-Aug-26 and 24-Aug-26 | Parana: 25-Aug-26, 06:06 AM to 06:20 AM",20,2026-08-23,ekadashi_cycle_scanner.py,legacy_ekadashi_messages,APPROVED,2026-08-22T21:30:44-04:00,shravana_putrada_ekadashi_messages.csv
2026-08-24,geoname:1255364,geoname:1255364|city:surat,Surat,Gujarat,India,Asia/Kolkata,1255364,EKADASHI,Shravana Putrada Ekadashi,EKADASHI_2026_08_23_SHRAVANA_PUTRADA_EKADASHI,Normal Ekadashi,NORMAL,PARANA,Shravana Putrada Ekadashi,Upavaasa: 23-Aug-26 | Parana today: 01:57 PM to 04:30 PM,**Perform Parana today** between 01:57 PM and 04:30 PM. Upavaasa was observed on 23-Aug-26.,Shravana Putrada Ekadashi. Perform Parana today between 01:57 PM and 04:30 PM. Upavaasa was observed on 23-Aug-26. Upavaasa: 23-Aug-26 | Parana today: 01:57 PM to 04:30 PM,30,2026-08-23,ekadashi_cycle_scanner.py,legacy_ekadashi_messages,APPROVED,2026-08-22T21:30:44-04:00,shravana_putrada_ekadashi_messages.csv
2026-08-24,geoname:1255634,geoname:1255634|city:srinagar,Srinagar,Jammu and Kashmir,India,Asia/Kolkata,1255634,EKADASHI,Shravana Putrada Ekadashi,EKADASHI_2026_08_23_SHRAVANA_PUTRADA_EKADASHI,Dwadashi Dwaya,DWADASHI_DWAYA,UPAVASA_DAY_2,Shravana Putrada Ekadashi,"Upavaasa: 23-Aug-26 and 24-Aug-26 | Parana: 25-Aug-26, 05:59 AM to 06:20 AM",Dwadashi continues through another sunrise in this Dwadashi Dwaya cycle. **Continue the Upavaasa today.** This is the second day of the two-day Upavaasa.,"Shravana Putrada Ekadashi. Dwadashi continues through another sunrise in this Dwadashi Dwaya cycle. Continue the Upavaasa today. This is the second day of the two-day Upavaasa. Upavaasa: 23-Aug-26 and 24-Aug-26 | Parana: 25-Aug-26, 05:59 AM to 06:20 AM",20,2026-08-23,ekadashi_cycle_scanner.py,legacy_ekadashi_messages,APPROVED,2026-08-22T21:30:44-04:00,shravana_putrada_ekadashi_messages.csv
2026-08-24,geoname:1256287,geoname:1256287|city:silchar,Silchar,Assam,India,Asia/Kolkata,1256287,EKADASHI,Shravana Putrada Ekadashi,EKADASHI_2026_08_23_SHRAVANA_PUTRADA_EKADASHI,Dwadashi Dwaya,DWADASHI_DWAYA,UPAVASA_DAY_2,Shravana Putrada Ekadashi,"Upavaasa: 23-Aug-26 and 24-Aug-26 | Parana: 25-Aug-26, 04:57 AM to 06:20 AM",Dwadashi continues through another sunrise in this Dwadashi Dwaya cycle. **Continue the Upavaasa today.** This is the second day of the two-day Upavaasa.,"Shravana Putrada Ekadashi. Dwadashi continues through another sunrise in this Dwadashi Dwaya cycle. Continue the Upavaasa today. This is the second day of the two-day Upavaasa. Upavaasa: 23-Aug-26 and 24-Aug-26 | Parana: 25-Aug-26, 04:57 AM to 06:20 AM",20,2026-08-23,ekadashi_cycle_scanner.py,legacy_ekadashi_messages,APPROVED,2026-08-22T21:30:44-04:00,shravana_putrada_ekadashi_messages.csv
2026-08-24,geoname:1256525,geoname:1256525|city:shiliguri,Shiliguri,West Bengal,India,Asia/Kolkata,1256525,EKADASHI,Shravana Putrada Ekadashi,EKADASHI_2026_08_23_SHRAVANA_PUTRADA_EKADASHI,Dwadashi Dwaya,DWADASHI_DWAYA,UPAVASA_DAY_2,Shravana Putrada Ekadashi,"Upavaasa: 23-Aug-26 and 24-Aug-26 | Parana: 25-Aug-26, 05:13 AM to 06:20 AM",Dwadashi continues through another sunrise in this Dwadashi Dwaya cycle. **Continue the Upavaasa today.** This is the second day of the two-day Upavaasa.,"Shravana Putrada Ekadashi. Dwadashi continues through another sunrise in this Dwadashi Dwaya cycle. Continue the Upavaasa today. This is the second day of the two-day Upavaasa. Upavaasa: 23-Aug-26 and 24-Aug-26 | Parana: 25-Aug-26, 05:13 AM to 06:20 AM",20,2026-08-23,ekadashi_cycle_scanner.py,legacy_ekadashi_messages,APPROVED,2026-08-22T21:30:44-04:00,shravana_putrada_ekadashi_messages.csv
2026-08-24,geoname:1259229,geoname:1259229|city:pune,Pune,Maharashtra,India,Asia/Kolkata,1259229,EKADASHI,Shravana Putrada Ekadashi,EKADASHI_2026_08_23_SHRAVANA_PUTRADA_EKADASHI,Dwadashi Dwaya,DWADASHI_DWAYA,UPAVASA_DAY_2,Shravana Putrada Ekadashi,"Upavaasa: 23-Aug-26 and 24-Aug-26 | Parana: 25-Aug-26, 06:19 AM to 06:20 AM",Dwadashi continues through another sunrise in this Dwadashi Dwaya cycle. **Continue the Upavaasa today.** This is the second day of the two-day Upavaasa.,"Shravana Putrada Ekadashi. Dwadashi continues through another sunrise in this Dwadashi Dwaya cycle. Continue the Upavaasa today. This is the second day of the two-day Upavaasa. Upavaasa: 23-Aug-26 and 24-Aug-26 | Parana: 25-Aug-26, 06:19 AM to 06:20 AM",20,2026-08-23,ekadashi_cycle_scanner.py,legacy_ekadashi_messages,APPROVED,2026-08-22T21:30:44-04:00,shravana_putrada_ekadashi_messages.csv
2026-08-24,geoname:1260546,geoname:1260546|city:pandharpur,Pandharpur,Maharashtra,India,Asia/Kolkata,1260546,EKADASHI,Shravana Putrada Ekadashi,EKADASHI_2026_08_23_SHRAVANA_PUTRADA_EKADASHI,Dwadashi Dwaya,DWADASHI_DWAYA,UPAVASA_DAY_2,Shravana Putrada Ekadashi,"Upavaasa: 23-Aug-26 and 24-Aug-26 | Parana: 25-Aug-26, 06:13 AM to 06:20 AM",Dwadashi continues through another sunrise in this Dwadashi Dwaya cycle. **Continue the Upavaasa today.** This is the second day of the two-day Upavaasa.,"Shravana Putrada Ekadashi. Dwadashi continues through another sunrise in this Dwadashi Dwaya cycle. Continue the Upavaasa today. This is the second day of the two-day Upavaasa. Upavaasa: 23-Aug-26 and 24-Aug-26 | Parana: 25-Aug-26, 06:13 AM to 06:20 AM",20,2026-08-23,ekadashi_cycle_scanner.py,legacy_ekadashi_messages,APPROVED,2026-08-22T21:30:44-04:00,shravana_putrada_ekadashi_messages.csv
2026-08-24,geoname:1262180,geoname:1262180|city:nagpur,Nagpur,Maharashtra,India,Asia/Kolkata,1262180,EKADASHI,Shravana Putrada Ekadashi,EKADASHI_2026_08_23_SHRAVANA_PUTRADA_EKADASHI,Dwadashi Dwaya,DWADASHI_DWAYA,UPAVASA_DAY_2,Shravana Putrada Ekadashi,"Upavaasa: 23-Aug-26 and 24-Aug-26 | Parana: 25-Aug-26, 05:55 AM to 06:20 AM",Dwadashi continues through another sunrise in this Dwadashi Dwaya cycle. **Continue the Upavaasa today.** This is the second day of the two-day Upavaasa.,"Shravana Putrada Ekadashi. Dwadashi continues through another sunrise in this Dwadashi Dwaya cycle. Continue the Upavaasa today. This is the second day of the two-day Upavaasa. Upavaasa: 23-Aug-26 and 24-Aug-26 | Parana: 25-Aug-26, 05:55 AM to 06:20 AM",20,2026-08-23,ekadashi_cycle_scanner.py,legacy_ekadashi_messages,APPROVED,2026-08-22T21:30:44-04:00,shravana_putrada_ekadashi_messages.csv
2026-08-24,geoname:1262321,geoname:1262321|city:mysuru,Mysuru,Karnataka,India,Asia/Kolkata,1262321,EKADASHI,Shravana Putrada Ekadashi,EKADASHI_2026_08_23_SHRAVANA_PUTRADA_EKADASHI,Dwadashi Dwaya,DWADASHI_DWAYA,UPAVASA_DAY_2,Shravana Putrada Ekadashi,"Upavaasa: 23-Aug-26 and 24-Aug-26 | Parana: 25-Aug-26, 06:13 AM to 06:20 AM",Dwadashi continues through another sunrise in this Dwadashi Dwaya cycle. **Continue the Upavaasa today.** This is the second day of the two-day Upavaasa.,"Shravana Putrada Ekadashi. Dwadashi continues through another sunrise in this Dwadashi Dwaya cycle. Continue the Upavaasa today. This is the second day of the two-day Upavaasa. Upavaasa: 23-Aug-26 and 24-Aug-26 | Parana: 25-Aug-26, 06:13 AM to 06:20 AM",20,2026-08-23,ekadashi_cycle_scanner.py,legacy_ekadashi_messages,APPROVED,2026-08-22T21:30:44-04:00,shravana_putrada_ekadashi_messages.csv
2026-08-24,geoname:1262321,geoname:1262321|city:t_narasipura,T Narasipura,Karnataka,India,Asia/Kolkata,1262321,EKADASHI,Shravana Putrada Ekadashi,EKADASHI_2026_08_23_SHRAVANA_PUTRADA_EKADASHI,Dwadashi Dwaya,DWADASHI_DWAYA,UPAVASA_DAY_2,Shravana Putrada Ekadashi,"Upavaasa: 23-Aug-26 and 24-Aug-26 | Parana: 25-Aug-26, 06:13 AM to 06:20 AM",Dwadashi continues through another sunrise in this Dwadashi Dwaya cycle. **Continue the Upavaasa today.** This is the second day of the two-day Upavaasa.,"Shravana Putrada Ekadashi. Dwadashi continues through another sunrise in this Dwadashi Dwaya cycle. Continue the Upavaasa today. This is the second day of the two-day Upavaasa. Upavaasa: 23-Aug-26 and 24-Aug-26 | Parana: 25-Aug-26, 06:13 AM to 06:20 AM",20,2026-08-23,ekadashi_cycle_scanner.py,legacy_ekadashi_messages,APPROVED,2026-08-22T21:30:44-04:00,shravana_putrada_ekadashi_messages.csv
2026-08-24,geoname:1263780,geoname:1263780|city:mangalore,Mangalore,Karnataka,India,Asia/Kolkata,1263780,EKADASHI,Shravana Putrada Ekadashi,EKADASHI_2026_08_23_SHRAVANA_PUTRADA_EKADASHI,Dwadashi Dwaya,DWADASHI_DWAYA,UPAVASA_DAY_2,Shravana Putrada Ekadashi,"Upavaasa: 23-Aug-26 and 24-Aug-26 | Parana: 25-Aug-26, 06:19 AM to 06:20 AM",Dwadashi continues through another sunrise in this Dwadashi Dwaya cycle. **Continue the Upavaasa today.** This is the second day of the two-day Upavaasa.,"Shravana Putrada Ekadashi. Dwadashi continues through another sunrise in this Dwadashi Dwaya cycle. Continue the Upavaasa today. This is the second day of the two-day Upavaasa. Upavaasa: 23-Aug-26 and 24-Aug-26 | Parana: 25-Aug-26, 06:19 AM to 06:20 AM",20,2026-08-23,ekadashi_cycle_scanner.py,legacy_ekadashi_messages,APPROVED,2026-08-22T21:30:44-04:00,shravana_putrada_ekadashi_messages.csv
2026-08-24,geoname:1264521,geoname:1264521|city:madurai,Madurai,Tamil Nadu,India,Asia/Kolkata,1264521,EKADASHI,Shravana Putrada Ekadashi,EKADASHI_2026_08_23_SHRAVANA_PUTRADA_EKADASHI,Dwadashi Dwaya,DWADASHI_DWAYA,UPAVASA_DAY_2,Shravana Putrada Ekadashi,"Upavaasa: 23-Aug-26 and 24-Aug-26 | Parana: 25-Aug-26, 06:09 AM to 06:20 AM",Dwadashi continues through another sunrise in this Dwadashi Dwaya cycle. **Continue the Upavaasa today.** This is the second day of the two-day Upavaasa.,"Shravana Putrada Ekadashi. Dwadashi continues through another sunrise in this Dwadashi Dwaya cycle. Continue the Upavaasa today. This is the second day of the two-day Upavaasa. Upavaasa: 23-Aug-26 and 24-Aug-26 | Parana: 25-Aug-26, 06:09 AM to 06:20 AM",20,2026-08-23,ekadashi_cycle_scanner.py,legacy_ekadashi_messages,APPROVED,2026-08-22T21:30:44-04:00,shravana_putrada_ekadashi_messages.csv
2026-08-24,geoname:1264527,geoname:1264527|city:chennai,Chennai,Tamil Nadu,India,Asia/Kolkata,1264527,EKADASHI,Shravana Putrada Ekadashi,EKADASHI_2026_08_23_SHRAVANA_PUTRADA_EKADASHI,Dwadashi Dwaya,DWADASHI_DWAYA,UPAVASA_DAY_2,Shravana Putrada Ekadashi,"Upavaasa: 23-Aug-26 and 24-Aug-26 | Parana: 25-Aug-26, 05:57 AM to 06:20 AM",Dwadashi continues through another sunrise in this Dwadashi Dwaya cycle. **Continue the Upavaasa today.** This is the second day of the two-day Upavaasa.,"Shravana Putrada Ekadashi. Dwadashi continues through another sunrise in this Dwadashi Dwaya cycle. Continue the Upavaasa today. This is the second day of the two-day Upavaasa. Upavaasa: 23-Aug-26 and 24-Aug-26 | Parana: 25-Aug-26, 05:57 AM to 06:20 AM",20,2026-08-23,ekadashi_cycle_scanner.py,legacy_ekadashi_messages,APPROVED,2026-08-22T21:30:44-04:00,shravana_putrada_ekadashi_messages.csv
2026-08-24,geoname:1264733,geoname:1264733|city:lucknow,Lucknow,Uttar Pradesh,India,Asia/Kolkata,1264733,EKADASHI,Shravana Putrada Ekadashi,EKADASHI_2026_08_23_SHRAVANA_PUTRADA_EKADASHI,Dwadashi Dwaya,DWADASHI_DWAYA,UPAVASA_DAY_2,Shravana Putrada Ekadashi,"Upavaasa: 23-Aug-26 and 24-Aug-26 | Parana: 25-Aug-26, 05:42 AM to 06:20 AM",Dwadashi continues through another sunrise in this Dwadashi Dwaya cycle. **Continue the Upavaasa today.** This is the second day of the two-day Upavaasa.,"Shravana Putrada Ekadashi. Dwadashi continues through another sunrise in this Dwadashi Dwaya cycle. Continue the Upavaasa today. This is the second day of the two-day Upavaasa. Upavaasa: 23-Aug-26 and 24-Aug-26 | Parana: 25-Aug-26, 05:42 AM to 06:20 AM",20,2026-08-23,ekadashi_cycle_scanner.py,legacy_ekadashi_messages,APPROVED,2026-08-22T21:30:44-04:00,shravana_putrada_ekadashi_messages.csv
2026-08-24,geoname:1265683,geoname:1265683|city:kumbakonam,Kumbakonam,Tamil Nadu,India,Asia/Kolkata,1265683,EKADASHI,Shravana Putrada Ekadashi,EKADASHI_2026_08_23_SHRAVANA_PUTRADA_EKADASHI,Dwadashi Dwaya,DWADASHI_DWAYA,UPAVASA_DAY_2,Shravana Putrada Ekadashi,"Upavaasa: 23-Aug-26 and 24-Aug-26 | Parana: 25-Aug-26, 06:03 AM to 06:20 AM",Dwadashi continues through another sunrise in this Dwadashi Dwaya cycle. **Continue the Upavaasa today.** This is the second day of the two-day Upavaasa.,"Shravana Putrada Ekadashi. Dwadashi continues through another sunrise in this Dwadashi Dwaya cycle. Continue the Upavaasa today. This is the second day of the two-day Upavaasa. Upavaasa: 23-Aug-26 and 24-Aug-26 | Parana: 25-Aug-26, 06:03 AM to 06:20 AM",20,2026-08-23,ekadashi_cycle_scanner.py,legacy_ekadashi_messages,APPROVED,2026-08-22T21:30:44-04:00,shravana_putrada_ekadashi_messages.csv
2026-08-24,geoname:1266285,geoname:1266285|city:kolhapur,Kolhapur,Maharashtra,India,Asia/Kolkata,1266285,EKADASHI,Shravana Putrada Ekadashi,EKADASHI_2026_08_23_SHRAVANA_PUTRADA_EKADASHI,Dwadashi Dwaya,DWADASHI_DWAYA,UPAVASA_DAY_2,Shravana Putrada Ekadashi,"Upavaasa: 23-Aug-26 and 24-Aug-26 | Parana: 25-Aug-26, 06:19 AM to 06:20 AM",Dwadashi continues through another sunrise in this Dwadashi Dwaya cycle. **Continue the Upavaasa today.** This is the second day of the two-day Upavaasa.,"Shravana Putrada Ekadashi. Dwadashi continues through another sunrise in this Dwadashi Dwaya cycle. Continue the Upavaasa today. This is the second day of the two-day Upavaasa. Upavaasa: 23-Aug-26 and 24-Aug-26 | Parana: 25-Aug-26, 06:19 AM to 06:20 AM",20,2026-08-23,ekadashi_cycle_scanner.py,legacy_ekadashi_messages,APPROVED,2026-08-22T21:30:44-04:00,shravana_putrada_ekadashi_messages.csv
2026-08-24,geoname:1268159,geoname:1268159|city:kanchipuram,Kanchipuram,Tamil Nadu,India,Asia/Kolkata,1268159,EKADASHI,Shravana Putrada Ekadashi,EKADASHI_2026_08_23_SHRAVANA_PUTRADA_EKADASHI,Dwadashi Dwaya,DWADASHI_DWAYA,UPAVASA_DAY_2,Shravana Putrada Ekadashi,"Upavaasa: 23-Aug-26 and 24-Aug-26 | Parana: 25-Aug-26, 06:00 AM to 06:20 AM",Dwadashi continues through another sunrise in this Dwadashi Dwaya cycle. **Continue the Upavaasa today.** This is the second day of the two-day Upavaasa.,"Shravana Putrada Ekadashi. Dwadashi continues through another sunrise in this Dwadashi Dwaya cycle. Continue the Upavaasa today. This is the second day of the two-day Upavaasa. Upavaasa: 23-Aug-26 and 24-Aug-26 | Parana: 25-Aug-26, 06:00 AM to 06:20 AM",20,2026-08-23,ekadashi_cycle_scanner.py,legacy_ekadashi_messages,APPROVED,2026-08-22T21:30:44-04:00,shravana_putrada_ekadashi_messages.csv
2026-08-24,geoname:1269655,geoname:1269655|city:itanagar,Itanagar,Arunachal Pradesh,India,Asia/Kolkata,1269655,EKADASHI,Shravana Putrada Ekadashi,EKADASHI_2026_08_23_SHRAVANA_PUTRADA_EKADASHI,Dwadashi Dwaya,DWADASHI_DWAYA,UPAVASA_DAY_2,Shravana Putrada Ekadashi,"Upavaasa: 23-Aug-26 and 24-Aug-26 | Parana: 25-Aug-26, 04:51 AM to 06:20 AM",Dwadashi continues through another sunrise in this Dwadashi Dwaya cycle. **Continue the Upavaasa today.** This is the second day of the two-day Upavaasa.,"Shravana Putrada Ekadashi. Dwadashi continues through another sunrise in this Dwadashi Dwaya cycle. Continue the Upavaasa today. This is the second day of the two-day Upavaasa. Upavaasa: 23-Aug-26 and 24-Aug-26 | Parana: 25-Aug-26, 04:51 AM to 06:20 AM",20,2026-08-23,ekadashi_cycle_scanner.py,legacy_ekadashi_messages,APPROVED,2026-08-22T21:30:44-04:00,shravana_putrada_ekadashi_messages.csv
2026-08-24,geoname:1269771,geoname:1269771|city:imphal,Imphal,Manipur,India,Asia/Kolkata,1269771,EKADASHI,Shravana Putrada Ekadashi,EKADASHI_2026_08_23_SHRAVANA_PUTRADA_EKADASHI,Dwadashi Dwaya,DWADASHI_DWAYA,UPAVASA_DAY_2,Shravana Putrada Ekadashi,"Upavaasa: 23-Aug-26 and 24-Aug-26 | Parana: 25-Aug-26, 04:52 AM to 06:20 AM",Dwadashi continues through another sunrise in this Dwadashi Dwaya cycle. **Continue the Upavaasa today.** This is the second day of the two-day Upavaasa.,"Shravana Putrada Ekadashi. Dwadashi continues through another sunrise in this Dwadashi Dwaya cycle. Continue the Upavaasa today. This is the second day of the two-day Upavaasa. Upavaasa: 23-Aug-26 and 24-Aug-26 | Parana: 25-Aug-26, 04:52 AM to 06:20 AM",20,2026-08-23,ekadashi_cycle_scanner.py,legacy_ekadashi_messages,APPROVED,2026-08-22T21:30:44-04:00,shravana_putrada_ekadashi_messages.csv
2026-08-24,geoname:1269843,geoname:1269843|city:hyderabad,Hyderabad,Telangana,India,Asia/Kolkata,1269843,EKADASHI,Shravana Putrada Ekadashi,EKADASHI_2026_08_23_SHRAVANA_PUTRADA_EKADASHI,Dwadashi Dwaya,DWADASHI_DWAYA,UPAVASA_DAY_2,Shravana Putrada Ekadashi,"Upavaasa: 23-Aug-26 and 24-Aug-26 | Parana: 25-Aug-26, 06:01 AM to 06:20 AM",Dwadashi continues through another sunrise in this Dwadashi Dwaya cycle. **Continue the Upavaasa today.** This is the second day of the two-day Upavaasa.,"Shravana Putrada Ekadashi. Dwadashi continues through another sunrise in this Dwadashi Dwaya cycle. Continue the Upavaasa today. This is the second day of the two-day Upavaasa. Upavaasa: 23-Aug-26 and 24-Aug-26 | Parana: 25-Aug-26, 06:01 AM to 06:20 AM",20,2026-08-23,ekadashi_cycle_scanner.py,legacy_ekadashi_messages,APPROVED,2026-08-22T21:30:44-04:00,shravana_putrada_ekadashi_messages.csv
2026-08-24,geoname:1269920,geoname:1269920|city:hubli,Hubli,Karnataka,India,Asia/Kolkata,1269920,EKADASHI,Shravana Putrada Ekadashi,EKADASHI_2026_08_23_SHRAVANA_PUTRADA_EKADASHI,Dwadashi Dwaya,DWADASHI_DWAYA,UPAVASA_DAY_2,Shravana Putrada Ekadashi,"Upavaasa: 23-Aug-26 and 24-Aug-26 | Parana: 25-Aug-26, 06:16 AM to 06:20 AM",Dwadashi continues through another sunrise in this Dwadashi Dwaya cycle. **Continue the Upavaasa today.** This is the second day of the two-day Upavaasa.,"Shravana Putrada Ekadashi. Dwadashi continues through another sunrise in this Dwadashi Dwaya cycle. Continue the Upavaasa today. This is the second day of the two-day Upavaasa. Upavaasa: 23-Aug-26 and 24-Aug-26 | Parana: 25-Aug-26, 06:16 AM to 06:20 AM",20,2026-08-23,ekadashi_cycle_scanner.py,legacy_ekadashi_messages,APPROVED,2026-08-22T21:30:44-04:00,shravana_putrada_ekadashi_messages.csv
2026-08-24,geoname:1270603,geoname:1270603|city:guruvayur,Guruvayur,Kerala,India,Asia/Kolkata,1270603,EKADASHI,Shravana Putrada Ekadashi,EKADASHI_2026_08_23_SHRAVANA_PUTRADA_EKADASHI,Dwadashi Dwaya,DWADASHI_DWAYA,UPAVASA_DAY_2,Shravana Putrada Ekadashi,"Upavaasa: 23-Aug-26 and 24-Aug-26 | Parana: 25-Aug-26, 06:16 AM to 06:20 AM",Dwadashi continues through another sunrise in this Dwadashi Dwaya cycle. **Continue the Upavaasa today.** This is the second day of the two-day Upavaasa.,"Shravana Putrada Ekadashi. Dwadashi continues through another sunrise in this Dwadashi Dwaya cycle. Continue the Upavaasa today. This is the second day of the two-day Upavaasa. Upavaasa: 23-Aug-26 and 24-Aug-26 | Parana: 25-Aug-26, 06:16 AM to 06:20 AM",20,2026-08-23,ekadashi_cycle_scanner.py,legacy_ekadashi_messages,APPROVED,2026-08-22T21:30:44-04:00,shravana_putrada_ekadashi_messages.csv
2026-08-24,geoname:1271476,geoname:1271476|city:guwahati,Guwahati,Assam,India,Asia/Kolkata,1271476,EKADASHI,Shravana Putrada Ekadashi,EKADASHI_2026_08_23_SHRAVANA_PUTRADA_EKADASHI,Dwadashi Dwaya,DWADASHI_DWAYA,UPAVASA_DAY_2,Shravana Putrada Ekadashi,"Upavaasa: 23-Aug-26 and 24-Aug-26 | Parana: 25-Aug-26, 05:00 AM to 06:20 AM",Dwadashi continues through another sunrise in this Dwadashi Dwaya cycle. **Continue the Upavaasa today.** This is the second day of the two-day Upavaasa.,"Shravana Putrada Ekadashi. Dwadashi continues through another sunrise in this Dwadashi Dwaya cycle. Continue the Upavaasa today. This is the second day of the two-day Upavaasa. Upavaasa: 23-Aug-26 and 24-Aug-26 | Parana: 25-Aug-26, 05:00 AM to 06:20 AM",20,2026-08-23,ekadashi_cycle_scanner.py,legacy_ekadashi_messages,APPROVED,2026-08-22T21:30:44-04:00,shravana_putrada_ekadashi_messages.csv
2026-08-24,geoname:1271631,geoname:1271631|city:gangtok,Gangtok,Sikkim,India,Asia/Kolkata,1271631,EKADASHI,Shravana Putrada Ekadashi,EKADASHI_2026_08_23_SHRAVANA_PUTRADA_EKADASHI,Dwadashi Dwaya,DWADASHI_DWAYA,UPAVASA_DAY_2,Shravana Putrada Ekadashi,"Upavaasa: 23-Aug-26 and 24-Aug-26 | Parana: 25-Aug-26, 05:11 AM to 06:20 AM",Dwadashi continues through another sunrise in this Dwadashi Dwaya cycle. **Continue the Upavaasa today.** This is the second day of the two-day Upavaasa.,"Shravana Putrada Ekadashi. Dwadashi continues through another sunrise in this Dwadashi Dwaya cycle. Continue the Upavaasa today. This is the second day of the two-day Upavaasa. Upavaasa: 23-Aug-26 and 24-Aug-26 | Parana: 25-Aug-26, 05:11 AM to 06:20 AM",20,2026-08-23,ekadashi_cycle_scanner.py,legacy_ekadashi_messages,APPROVED,2026-08-22T21:30:44-04:00,shravana_putrada_ekadashi_messages.csv
2026-08-24,geoname:1272552,geoname:1272552|city:dimapur,Dimapur,Nagaland,India,Asia/Kolkata,1272552,EKADASHI,Shravana Putrada Ekadashi,EKADASHI_2026_08_23_SHRAVANA_PUTRADA_EKADASHI,Dwadashi Dwaya,DWADASHI_DWAYA,UPAVASA_DAY_2,Shravana Putrada Ekadashi,"Upavaasa: 23-Aug-26 and 24-Aug-26 | Parana: 25-Aug-26, 04:52 AM to 06:20 AM",Dwadashi continues through another sunrise in this Dwadashi Dwaya cycle. **Continue the Upavaasa today.** This is the second day of the two-day Upavaasa.,"Shravana Putrada Ekadashi. Dwadashi continues through another sunrise in this Dwadashi Dwaya cycle. Continue the Upavaasa today. This is the second day of the two-day Upavaasa. Upavaasa: 23-Aug-26 and 24-Aug-26 | Parana: 25-Aug-26, 04:52 AM to 06:20 AM",20,2026-08-23,ekadashi_cycle_scanner.py,legacy_ekadashi_messages,APPROVED,2026-08-22T21:30:44-04:00,shravana_putrada_ekadashi_messages.csv
2026-08-24,geoname:1272648,geoname:1272648|city:dibrugarh,Dibrugarh,Assam,India,Asia/Kolkata,1272648,EKADASHI,Shravana Putrada Ekadashi,EKADASHI_2026_08_23_SHRAVANA_PUTRADA_EKADASHI,Dwadashi Dwaya,DWADASHI_DWAYA,UPAVASA_DAY_2,Shravana Putrada Ekadashi,"Upavaasa: 23-Aug-26 and 24-Aug-26 | Parana: 25-Aug-26, 04:46 AM to 06:20 AM",Dwadashi continues through another sunrise in this Dwadashi Dwaya cycle. **Continue the Upavaasa today.** This is the second day of the two-day Upavaasa.,"Shravana Putrada Ekadashi. Dwadashi continues through another sunrise in this Dwadashi Dwaya cycle. Continue the Upavaasa today. This is the second day of the two-day Upavaasa. Upavaasa: 23-Aug-26 and 24-Aug-26 | Parana: 25-Aug-26, 04:46 AM to 06:20 AM",20,2026-08-23,ekadashi_cycle_scanner.py,legacy_ekadashi_messages,APPROVED,2026-08-22T21:30:44-04:00,shravana_putrada_ekadashi_messages.csv
2026-08-24,geoname:1274256,geoname:1274256|city:chidambaram,Chidambaram,Tamil Nadu,India,Asia/Kolkata,1274256,EKADASHI,Shravana Putrada Ekadashi,EKADASHI_2026_08_23_SHRAVANA_PUTRADA_EKADASHI,Dwadashi Dwaya,DWADASHI_DWAYA,UPAVASA_DAY_2,Shravana Putrada Ekadashi,"Upavaasa: 23-Aug-26 and 24-Aug-26 | Parana: 25-Aug-26, 06:01 AM to 06:20 AM",Dwadashi continues through another sunrise in this Dwadashi Dwaya cycle. **Continue the Upavaasa today.** This is the second day of the two-day Upavaasa.,"Shravana Putrada Ekadashi. Dwadashi continues through another sunrise in this Dwadashi Dwaya cycle. Continue the Upavaasa today. This is the second day of the two-day Upavaasa. Upavaasa: 23-Aug-26 and 24-Aug-26 | Parana: 25-Aug-26, 06:01 AM to 06:20 AM",20,2026-08-23,ekadashi_cycle_scanner.py,legacy_ekadashi_messages,APPROVED,2026-08-22T21:30:44-04:00,shravana_putrada_ekadashi_messages.csv
2026-08-24,geoname:1275004,geoname:1275004|city:kolkata,Kolkata,West Bengal,India,Asia/Kolkata,1275004,EKADASHI,Shravana Putrada Ekadashi,EKADASHI_2026_08_23_SHRAVANA_PUTRADA_EKADASHI,Dwadashi Dwaya,DWADASHI_DWAYA,UPAVASA_DAY_2,Shravana Putrada Ekadashi,"Upavaasa: 23-Aug-26 and 24-Aug-26 | Parana: 25-Aug-26, 05:17 AM to 06:20 AM",Dwadashi continues through another sunrise in this Dwadashi Dwaya cycle. **Continue the Upavaasa today.** This is the second day of the two-day Upavaasa.,"Shravana Putrada Ekadashi. Dwadashi continues through another sunrise in this Dwadashi Dwaya cycle. Continue the Upavaasa today. This is the second day of the two-day Upavaasa. Upavaasa: 23-Aug-26 and 24-Aug-26 | Parana: 25-Aug-26, 05:17 AM to 06:20 AM",20,2026-08-23,ekadashi_cycle_scanner.py,legacy_ekadashi_messages,APPROVED,2026-08-22T21:30:44-04:00,shravana_putrada_ekadashi_messages.csv
2026-08-24,geoname:1275339,geoname:1275339|city:mumbai,Mumbai,Maharashtra,India,Asia/Kolkata,1275339,EKADASHI,Shravana Putrada Ekadashi,EKADASHI_2026_08_23_SHRAVANA_PUTRADA_EKADASHI,Normal Ekadashi,NORMAL,PARANA,Shravana Putrada Ekadashi,Upavaasa: 23-Aug-26 | Parana today: 01:57 PM to 04:28 PM,**Perform Parana today** between 01:57 PM and 04:28 PM. Upavaasa was observed on 23-Aug-26.,Shravana Putrada Ekadashi. Perform Parana today between 01:57 PM and 04:28 PM. Upavaasa was observed on 23-Aug-26. Upavaasa: 23-Aug-26 | Parana today: 01:57 PM to 04:28 PM,30,2026-08-23,ekadashi_cycle_scanner.py,legacy_ekadashi_messages,APPROVED,2026-08-22T21:30:44-04:00,shravana_putrada_ekadashi_messages.csv
2026-08-24,geoname:1275817,geoname:1275817|city:bhubaneswar,Bhubaneswar,Odisha,India,Asia/Kolkata,1275817,EKADASHI,Shravana Putrada Ekadashi,EKADASHI_2026_08_23_SHRAVANA_PUTRADA_EKADASHI,Dwadashi Dwaya,DWADASHI_DWAYA,UPAVASA_DAY_2,Shravana Putrada Ekadashi,"Upavaasa: 23-Aug-26 and 24-Aug-26 | Parana: 25-Aug-26, 05:29 AM to 06:20 AM",Dwadashi continues through another sunrise in this Dwadashi Dwaya cycle. **Continue the Upavaasa today.** This is the second day of the two-day Upavaasa.,"Shravana Putrada Ekadashi. Dwadashi continues through another sunrise in this Dwadashi Dwaya cycle. Continue the Upavaasa today. This is the second day of the two-day Upavaasa. Upavaasa: 23-Aug-26 and 24-Aug-26 | Parana: 25-Aug-26, 05:29 AM to 06:20 AM",20,2026-08-23,ekadashi_cycle_scanner.py,legacy_ekadashi_messages,APPROVED,2026-08-22T21:30:44-04:00,shravana_putrada_ekadashi_messages.csv
2026-08-24,geoname:1275841,geoname:1275841|city:bhopal,Bhopal,Madhya Pradesh,India,Asia/Kolkata,1275841,EKADASHI,Shravana Putrada Ekadashi,EKADASHI_2026_08_23_SHRAVANA_PUTRADA_EKADASHI,Dwadashi Dwaya,DWADASHI_DWAYA,UPAVASA_DAY_2,Shravana Putrada Ekadashi,"Upavaasa: 23-Aug-26 and 24-Aug-26 | Parana: 25-Aug-26, 06:00 AM to 06:20 AM",Dwadashi continues through another sunrise in this Dwadashi Dwaya cycle. **Continue the Upavaasa today.** This is the second day of the two-day Upavaasa.,"Shravana Putrada Ekadashi. Dwadashi continues through another sunrise in this Dwadashi Dwaya cycle. Continue the Upavaasa today. This is the second day of the two-day Upavaasa. Upavaasa: 23-Aug-26 and 24-Aug-26 | Parana: 25-Aug-26, 06:00 AM to 06:20 AM",20,2026-08-23,ekadashi_cycle_scanner.py,legacy_ekadashi_messages,APPROVED,2026-08-22T21:30:44-04:00,shravana_putrada_ekadashi_messages.csv
2026-08-24,geoname:1276533,geoname:1276533|city:belgaum,Belgaum,Karnataka,India,Asia/Kolkata,1276533,EKADASHI,Shravana Putrada Ekadashi,EKADASHI_2026_08_23_SHRAVANA_PUTRADA_EKADASHI,Dwadashi Dwaya,DWADASHI_DWAYA,UPAVASA_DAY_2,Shravana Putrada Ekadashi,"Upavaasa: 23-Aug-26 and 24-Aug-26 | Parana: 25-Aug-26, 06:18 AM to 06:20 AM",Dwadashi continues through another sunrise in this Dwadashi Dwaya cycle. **Continue the Upavaasa today.** This is the second day of the two-day Upavaasa.,"Shravana Putrada Ekadashi. Dwadashi continues through another sunrise in this Dwadashi Dwaya cycle. Continue the Upavaasa today. This is the second day of the two-day Upavaasa. Upavaasa: 23-Aug-26 and 24-Aug-26 | Parana: 25-Aug-26, 06:18 AM to 06:20 AM",20,2026-08-23,ekadashi_cycle_scanner.py,legacy_ekadashi_messages,APPROVED,2026-08-22T21:30:44-04:00,shravana_putrada_ekadashi_messages.csv
2026-08-24,geoname:1277333,geoname:1277333|city:bengaluru,Bengaluru,Karnataka,India,Asia/Kolkata,1277333,EKADASHI,Shravana Putrada Ekadashi,EKADASHI_2026_08_23_SHRAVANA_PUTRADA_EKADASHI,Dwadashi Dwaya,DWADASHI_DWAYA,UPAVASA_DAY_2,Shravana Putrada Ekadashi,"Upavaasa: 23-Aug-26 and 24-Aug-26 | Parana: 25-Aug-26, 06:08 AM to 06:20 AM",Dwadashi continues through another sunrise in this Dwadashi Dwaya cycle. **Continue the Upavaasa today.** This is the second day of the two-day Upavaasa.,"Shravana Putrada Ekadashi. Dwadashi continues through another sunrise in this Dwadashi Dwaya cycle. Continue the Upavaasa today. This is the second day of the two-day Upavaasa. Upavaasa: 23-Aug-26 and 24-Aug-26 | Parana: 25-Aug-26, 06:08 AM to 06:20 AM",20,2026-08-23,ekadashi_cycle_scanner.py,legacy_ekadashi_messages,APPROVED,2026-08-22T21:30:44-04:00,shravana_putrada_ekadashi_messages.csv
2026-08-24,geoname:1278094,geoname:1278094|city:ayodhya,Ayodhya,Uttar Pradesh,India,Asia/Kolkata,1278094,EKADASHI,Shravana Putrada Ekadashi,EKADASHI_2026_08_23_SHRAVANA_PUTRADA_EKADASHI,Dwadashi Dwaya,DWADASHI_DWAYA,UPAVASA_DAY_2,Shravana Putrada Ekadashi,"Upavaasa: 23-Aug-26 and 24-Aug-26 | Parana: 25-Aug-26, 05:37 AM to 06:20 AM",Dwadashi continues through another sunrise in this Dwadashi Dwaya cycle. **Continue the Upavaasa today.** This is the second day of the two-day Upavaasa.,"Shravana Putrada Ekadashi. Dwadashi continues through another sunrise in this Dwadashi Dwaya cycle. Continue the Upavaasa today. This is the second day of the two-day Upavaasa. Upavaasa: 23-Aug-26 and 24-Aug-26 | Parana: 25-Aug-26, 05:37 AM to 06:20 AM",20,2026-08-23,ekadashi_cycle_scanner.py,legacy_ekadashi_messages,APPROVED,2026-08-22T21:30:44-04:00,shravana_putrada_ekadashi_messages.csv
2026-08-24,geoname:1278994,geoname:1278994|city:prayagraj,Prayagraj,Uttar Pradesh,India,Asia/Kolkata,1278994,EKADASHI,Shravana Putrada Ekadashi,EKADASHI_2026_08_23_SHRAVANA_PUTRADA_EKADASHI,Dwadashi Dwaya,DWADASHI_DWAYA,UPAVASA_DAY_2,Shravana Putrada Ekadashi,"Upavaasa: 23-Aug-26 and 24-Aug-26 | Parana: 25-Aug-26, 05:40 AM to 06:20 AM",Dwadashi continues through another sunrise in this Dwadashi Dwaya cycle. **Continue the Upavaasa today.** This is the second day of the two-day Upavaasa.,"Shravana Putrada Ekadashi. Dwadashi continues through another sunrise in this Dwadashi Dwaya cycle. Continue the Upavaasa today. This is the second day of the two-day Upavaasa. Upavaasa: 23-Aug-26 and 24-Aug-26 | Parana: 25-Aug-26, 05:40 AM to 06:20 AM",20,2026-08-23,ekadashi_cycle_scanner.py,legacy_ekadashi_messages,APPROVED,2026-08-22T21:30:44-04:00,shravana_putrada_ekadashi_messages.csv
2026-08-24,geoname:1279186,geoname:1279186|city:aizawl,Aizawl,Mizoram,India,Asia/Kolkata,1279186,EKADASHI,Shravana Putrada Ekadashi,EKADASHI_2026_08_23_SHRAVANA_PUTRADA_EKADASHI,Dwadashi Dwaya,DWADASHI_DWAYA,UPAVASA_DAY_2,Shravana Putrada Ekadashi,"Upavaasa: 23-Aug-26 and 24-Aug-26 | Parana: 25-Aug-26, 04:58 AM to 06:20 AM",Dwadashi continues through another sunrise in this Dwadashi Dwaya cycle. **Continue the Upavaasa today.** This is the second day of the two-day Upavaasa.,"Shravana Putrada Ekadashi. Dwadashi continues through another sunrise in this Dwadashi Dwaya cycle. Continue the Upavaasa today. This is the second day of the two-day Upavaasa. Upavaasa: 23-Aug-26 and 24-Aug-26 | Parana: 25-Aug-26, 04:58 AM to 06:20 AM",20,2026-08-23,ekadashi_cycle_scanner.py,legacy_ekadashi_messages,APPROVED,2026-08-22T21:30:44-04:00,shravana_putrada_ekadashi_messages.csv
2026-08-24,geoname:1279290,geoname:1279290|city:agartala,Agartala,Tripura,India,Asia/Kolkata,1279290,EKADASHI,Shravana Putrada Ekadashi,EKADASHI_2026_08_23_SHRAVANA_PUTRADA_EKADASHI,Dwadashi Dwaya,DWADASHI_DWAYA,UPAVASA_DAY_2,Shravana Putrada Ekadashi,"Upavaasa: 23-Aug-26 and 24-Aug-26 | Parana: 25-Aug-26, 05:04 AM to 06:20 AM",Dwadashi continues through another sunrise in this Dwadashi Dwaya cycle. **Continue the Upavaasa today.** This is the second day of the two-day Upavaasa.,"Shravana Putrada Ekadashi. Dwadashi continues through another sunrise in this Dwadashi Dwaya cycle. Continue the Upavaasa today. This is the second day of the two-day Upavaasa. Upavaasa: 23-Aug-26 and 24-Aug-26 | Parana: 25-Aug-26, 05:04 AM to 06:20 AM",20,2026-08-23,ekadashi_cycle_scanner.py,legacy_ekadashi_messages,APPROVED,2026-08-22T21:30:44-04:00,shravana_putrada_ekadashi_messages.csv
2026-08-24,geoname:1835848,geoname:1835848|city:seoul,Seoul,Seoul,South Korea,Asia/Seoul,1835848,EKADASHI,Shravana Putrada Ekadashi,EKADASHI_2026_08_23_SHRAVANA_PUTRADA_EKADASHI,Dashami Viddha -> Valid Ekadashi,DASHAMI_VIDDHA_THEN_VALID_EKADASHI,UPAVASA_DAY_1,Shravana Putrada Ekadashi,"Upavaasa: 24-Aug-26 | Parana: 25-Aug-26, 05:56 AM to 08:35 AM",The previous Ekadashi sunrise was Dashami Viddha and was not a fasting day. Ekadashi continues and is valid at today's sunrise. **Observe Upavaasa today.**,"Shravana Putrada Ekadashi. The previous Ekadashi sunrise was Dashami Viddha and was not a fasting day. Ekadashi continues and is valid at today's sunrise. Observe Upavaasa today. Upavaasa: 24-Aug-26 | Parana: 25-Aug-26, 05:56 AM to 08:35 AM",20,2026-08-23,ekadashi_cycle_scanner.py,legacy_ekadashi_messages,APPROVED,2026-08-22T21:30:44-04:00,shravana_putrada_ekadashi_messages.csv
2026-08-24,geoname:2063523,geoname:2063523|city:perth,Perth,Western Australia,Australia,Australia/Perth,2063523,EKADASHI,Shravana Putrada Ekadashi,EKADASHI_2026_08_23_SHRAVANA_PUTRADA_EKADASHI,Ekadashi Dwaya,EKADASHI_DWAYA,UPAVASA_DAY_2,Shravana Putrada Ekadashi,"Upavaasa: 23-Aug-26 and 24-Aug-26 | Parana: 25-Aug-26, 06:42 AM to 08:50 AM",Ekadashi is valid at a second consecutive sunrise. **Continue the Upavaasa today.** This is the second day of the two-day Upavaasa.,"Shravana Putrada Ekadashi. Ekadashi is valid at a second consecutive sunrise. Continue the Upavaasa today. This is the second day of the two-day Upavaasa. Upavaasa: 23-Aug-26 and 24-Aug-26 | Parana: 25-Aug-26, 06:42 AM to 08:50 AM",20,2026-08-23,ekadashi_cycle_scanner.py,legacy_ekadashi_messages,APPROVED,2026-08-22T21:30:44-04:00,shravana_putrada_ekadashi_messages.csv
2026-08-24,geoname:2078025,geoname:2078025|city:adelaide,Adelaide,South Australia,Australia,Australia/Adelaide,2078025,EKADASHI,Shravana Putrada Ekadashi,EKADASHI_2026_08_23_SHRAVANA_PUTRADA_EKADASHI,Dashami Viddha -> Valid Ekadashi,DASHAMI_VIDDHA_THEN_VALID_EKADASHI,UPAVASA_DAY_1,Shravana Putrada Ekadashi,"Upavaasa: 24-Aug-26 | Parana: 25-Aug-26, 06:44 AM to 08:57 AM",The previous Ekadashi sunrise was Dashami Viddha and was not a fasting day. Ekadashi continues and is valid at today's sunrise. **Observe Upavaasa today.**,"Shravana Putrada Ekadashi. The previous Ekadashi sunrise was Dashami Viddha and was not a fasting day. Ekadashi continues and is valid at today's sunrise. Observe Upavaasa today. Upavaasa: 24-Aug-26 | Parana: 25-Aug-26, 06:44 AM to 08:57 AM",20,2026-08-23,ekadashi_cycle_scanner.py,legacy_ekadashi_messages,APPROVED,2026-08-22T21:30:44-04:00,shravana_putrada_ekadashi_messages.csv
2026-08-24,geoname:2147714,geoname:2147714|city:sydney,Sydney,New South Wales,Australia,Australia/Sydney,2147714,EKADASHI,Shravana Putrada Ekadashi,EKADASHI_2026_08_23_SHRAVANA_PUTRADA_EKADASHI,Normal Ekadashi,NORMAL,UPAVASA_DAY_1,Shravana Putrada Ekadashi,"Upavaasa: 24-Aug-26 | Parana: 25-Aug-26, 06:23 AM to 08:37 AM",Normal Ekadashi. **Observe Upavaasa today.** Ekadashi began before Arunodaya and no two-day exception applies.,"Shravana Putrada Ekadashi. Normal Ekadashi. Observe Upavaasa today. Ekadashi began before Arunodaya and no two-day exception applies. Upavaasa: 24-Aug-26 | Parana: 25-Aug-26, 06:23 AM to 08:37 AM",20,2026-08-23,ekadashi_cycle_scanner.py,legacy_ekadashi_messages,APPROVED,2026-08-22T21:30:44-04:00,shravana_putrada_ekadashi_messages.csv
2026-08-24,geoname:2158177,geoname:2158177|city:melbourne,Melbourne,Victoria,Australia,Australia/Melbourne,2158177,EKADASHI,Shravana Putrada Ekadashi,EKADASHI_2026_08_23_SHRAVANA_PUTRADA_EKADASHI,Dashami Viddha -> Valid Ekadashi,DASHAMI_VIDDHA_THEN_VALID_EKADASHI,UPAVASA_DAY_1,Shravana Putrada Ekadashi,"Upavaasa: 24-Aug-26 | Parana: 25-Aug-26, 06:52 AM to 09:04 AM",The previous Ekadashi sunrise was Dashami Viddha and was not a fasting day. Ekadashi continues and is valid at today's sunrise. **Observe Upavaasa today.**,"Shravana Putrada Ekadashi. The previous Ekadashi sunrise was Dashami Viddha and was not a fasting day. Ekadashi continues and is valid at today's sunrise. Observe Upavaasa today. Upavaasa: 24-Aug-26 | Parana: 25-Aug-26, 06:52 AM to 09:04 AM",20,2026-08-23,ekadashi_cycle_scanner.py,legacy_ekadashi_messages,APPROVED,2026-08-22T21:30:44-04:00,shravana_putrada_ekadashi_messages.csv
2026-08-24,geoname:2172517,geoname:2172517|city:canberra,Canberra,Australian Capital Territory,Australia,Australia/Sydney,2172517,EKADASHI,Shravana Putrada Ekadashi,EKADASHI_2026_08_23_SHRAVANA_PUTRADA_EKADASHI,Dashami Viddha -> Valid Ekadashi,DASHAMI_VIDDHA_THEN_VALID_EKADASHI,UPAVASA_DAY_1,Shravana Putrada Ekadashi,"Upavaasa: 24-Aug-26 | Parana: 25-Aug-26, 06:33 AM to 08:46 AM",The previous Ekadashi sunrise was Dashami Viddha and was not a fasting day. Ekadashi continues and is valid at today's sunrise. **Observe Upavaasa today.**,"Shravana Putrada Ekadashi. The previous Ekadashi sunrise was Dashami Viddha and was not a fasting day. Ekadashi continues and is valid at today's sunrise. Observe Upavaasa today. Upavaasa: 24-Aug-26 | Parana: 25-Aug-26, 06:33 AM to 08:46 AM",20,2026-08-23,ekadashi_cycle_scanner.py,legacy_ekadashi_messages,APPROVED,2026-08-22T21:30:44-04:00,shravana_putrada_ekadashi_messages.csv
2026-08-24,geoname:2174003,geoname:2174003|city:brisbane,Brisbane,Queensland,Australia,Australia/Brisbane,2174003,EKADASHI,Shravana Putrada Ekadashi,EKADASHI_2026_08_23_SHRAVANA_PUTRADA_EKADASHI,Normal Ekadashi,NORMAL,UPAVASA_DAY_1,Shravana Putrada Ekadashi,"Upavaasa: 24-Aug-26 | Parana: 25-Aug-26, 06:09 AM to 08:25 AM",Normal Ekadashi. **Observe Upavaasa today.** Ekadashi began before Arunodaya and no two-day exception applies.,"Shravana Putrada Ekadashi. Normal Ekadashi. Observe Upavaasa today. Ekadashi began before Arunodaya and no two-day exception applies. Upavaasa: 24-Aug-26 | Parana: 25-Aug-26, 06:09 AM to 08:25 AM",20,2026-08-23,ekadashi_cycle_scanner.py,legacy_ekadashi_messages,APPROVED,2026-08-22T21:30:44-04:00,shravana_putrada_ekadashi_messages.csv
2026-08-24,geoname:2179537,geoname:2179537|city:wellington,Wellington,Wellington,New Zealand,Pacific/Auckland,2179537,EKADASHI,Shravana Putrada Ekadashi,EKADASHI_2026_08_23_SHRAVANA_PUTRADA_EKADASHI,Normal Ekadashi,NORMAL,UPAVASA_DAY_1,Shravana Putrada Ekadashi,"Upavaasa: 24-Aug-26 | Parana: 25-Aug-26, 06:57 AM to 09:07 AM",Normal Ekadashi. **Observe Upavaasa today.** Ekadashi began before Arunodaya and no two-day exception applies.,"Shravana Putrada Ekadashi. Normal Ekadashi. Observe Upavaasa today. Ekadashi began before Arunodaya and no two-day exception applies. Upavaasa: 24-Aug-26 | Parana: 25-Aug-26, 06:57 AM to 09:07 AM",20,2026-08-23,ekadashi_cycle_scanner.py,legacy_ekadashi_messages,APPROVED,2026-08-22T21:30:44-04:00,shravana_putrada_ekadashi_messages.csv
2026-08-24,geoname:2192362,geoname:2192362|city:christchurch,Christchurch,Canterbury,New Zealand,Pacific/Auckland,2192362,EKADASHI,Shravana Putrada Ekadashi,EKADASHI_2026_08_23_SHRAVANA_PUTRADA_EKADASHI,Normal Ekadashi,NORMAL,UPAVASA_DAY_1,Shravana Putrada Ekadashi,"Upavaasa: 24-Aug-26 | Parana: 25-Aug-26, 07:09 AM to 09:18 AM",Normal Ekadashi. **Observe Upavaasa today.** Ekadashi began before Arunodaya and no two-day exception applies.,"Shravana Putrada Ekadashi. Normal Ekadashi. Observe Upavaasa today. Ekadashi began before Arunodaya and no two-day exception applies. Upavaasa: 24-Aug-26 | Parana: 25-Aug-26, 07:09 AM to 09:18 AM",20,2026-08-23,ekadashi_cycle_scanner.py,legacy_ekadashi_messages,APPROVED,2026-08-22T21:30:44-04:00,shravana_putrada_ekadashi_messages.csv
2026-08-24,geoname:2193733,geoname:2193733|city:auckland,Auckland,Auckland,New Zealand,Pacific/Auckland,2193733,EKADASHI,Shravana Putrada Ekadashi,EKADASHI_2026_08_23_SHRAVANA_PUTRADA_EKADASHI,Normal Ekadashi,NORMAL,UPAVASA_DAY_1,Shravana Putrada Ekadashi,"Upavaasa: 24-Aug-26 | Parana: 25-Aug-26, 06:52 AM to 09:05 AM",Normal Ekadashi. **Observe Upavaasa today.** Ekadashi began before Arunodaya and no two-day exception applies.,"Shravana Putrada Ekadashi. Normal Ekadashi. Observe Upavaasa today. Ekadashi began before Arunodaya and no two-day exception applies. Upavaasa: 24-Aug-26 | Parana: 25-Aug-26, 06:52 AM to 09:05 AM",20,2026-08-23,ekadashi_cycle_scanner.py,legacy_ekadashi_messages,APPROVED,2026-08-22T21:30:44-04:00,shravana_putrada_ekadashi_messages.csv
2026-08-24,geoname:2643743,geoname:2643743|city:london,London,London,United Kingdom,Europe/London,2643743,EKADASHI,Shravana Putrada Ekadashi,EKADASHI_2026_08_23_SHRAVANA_PUTRADA_EKADASHI,Normal Ekadashi,NORMAL,PARANA,Shravana Putrada Ekadashi,Upavaasa: 23-Aug-26 | Parana today: 06:19 AM to 08:49 AM,**Perform Parana today** between 06:19 AM and 08:49 AM. Upavaasa was observed on 23-Aug-26.,Shravana Putrada Ekadashi. Perform Parana today between 06:19 AM and 08:49 AM. Upavaasa was observed on 23-Aug-26. Upavaasa: 23-Aug-26 | Parana today: 06:19 AM to 08:49 AM,30,2026-08-23,ekadashi_cycle_scanner.py,legacy_ekadashi_messages,APPROVED,2026-08-22T21:30:44-04:00,shravana_putrada_ekadashi_messages.csv
2026-08-24,geoname:2657896,geoname:2657896|city:zurich,Zurich,Zurich,Switzerland,Europe/Zurich,2657896,EKADASHI,Shravana Putrada Ekadashi,EKADASHI_2026_08_23_SHRAVANA_PUTRADA_EKADASHI,Normal Ekadashi,NORMAL,PARANA,Shravana Putrada Ekadashi,Upavaasa: 23-Aug-26 | Parana today: 07:19 AM to 09:20 AM,**Perform Parana today** between 07:19 AM and 09:20 AM. Upavaasa was observed on 23-Aug-26.,Shravana Putrada Ekadashi. Perform Parana today between 07:19 AM and 09:20 AM. Upavaasa was observed on 23-Aug-26. Upavaasa: 23-Aug-26 | Parana today: 07:19 AM to 09:20 AM,30,2026-08-23,ekadashi_cycle_scanner.py,legacy_ekadashi_messages,APPROVED,2026-08-22T21:30:44-04:00,shravana_putrada_ekadashi_messages.csv
2026-08-24,geoname:290030,geoname:290030|city:doha,Doha,Baladīyat ad Dawḩah,Qatar,Asia/Qatar,290030,EKADASHI,Shravana Putrada Ekadashi,EKADASHI_2026_08_23_SHRAVANA_PUTRADA_EKADASHI,Normal Ekadashi,NORMAL,PARANA,Shravana Putrada Ekadashi,Upavaasa: 23-Aug-26 | Parana today: 12:53 PM to 03:27 PM,**Perform Parana today** between 12:53 PM and 03:27 PM. Upavaasa was observed on 23-Aug-26.,Shravana Putrada Ekadashi. Perform Parana today between 12:53 PM and 03:27 PM. Upavaasa was observed on 23-Aug-26. Upavaasa: 23-Aug-26 | Parana today: 12:53 PM to 03:27 PM,30,2026-08-23,ekadashi_cycle_scanner.py,legacy_ekadashi_messages,APPROVED,2026-08-22T21:30:44-04:00,shravana_putrada_ekadashi_messages.csv
2026-08-24,geoname:292223,geoname:292223|city:dubai,Dubai,Dubai,United Arab Emirates,Asia/Dubai,292223,EKADASHI,Shravana Putrada Ekadashi,EKADASHI_2026_08_23_SHRAVANA_PUTRADA_EKADASHI,Normal Ekadashi,NORMAL,PARANA,Shravana Putrada Ekadashi,Upavaasa: 23-Aug-26 | Parana today: 01:38 PM to 04:12 PM,**Perform Parana today** between 01:38 PM and 04:12 PM. Upavaasa was observed on 23-Aug-26.,Shravana Putrada Ekadashi. Perform Parana today between 01:38 PM and 04:12 PM. Upavaasa was observed on 23-Aug-26. Upavaasa: 23-Aug-26 | Parana today: 01:38 PM to 04:12 PM,30,2026-08-23,ekadashi_cycle_scanner.py,legacy_ekadashi_messages,APPROVED,2026-08-22T21:30:44-04:00,shravana_putrada_ekadashi_messages.csv
2026-08-24,geoname:2928751,geoname:2928751|city:esslingen,Esslingen,Esslingen,Germany,Europe/Berlin,2928751,EKADASHI,Shravana Putrada Ekadashi,EKADASHI_2026_08_23_SHRAVANA_PUTRADA_EKADASHI,Normal Ekadashi,NORMAL,PARANA,Shravana Putrada Ekadashi,Upavaasa: 23-Aug-26 | Parana today: 07:19 AM to 09:15 AM,**Perform Parana today** between 07:19 AM and 09:15 AM. Upavaasa was observed on 23-Aug-26.,Shravana Putrada Ekadashi. Perform Parana today between 07:19 AM and 09:15 AM. Upavaasa was observed on 23-Aug-26. Upavaasa: 23-Aug-26 | Parana today: 07:19 AM to 09:15 AM,30,2026-08-23,ekadashi_cycle_scanner.py,legacy_ekadashi_messages,APPROVED,2026-08-22T21:30:44-04:00,shravana_putrada_ekadashi_messages.csv
2026-08-24,geoname:4167147,geoname:4167147|city:orlando,Orlando,Florida,United States,America/New_York,4167147,EKADASHI,Shravana Putrada Ekadashi,EKADASHI_2026_08_23_SHRAVANA_PUTRADA_EKADASHI,Normal Ekadashi,NORMAL,PARANA,Shravana Putrada Ekadashi,Upavaasa: 23-Aug-26 | Parana today: 07:00 AM to 09:35 AM,**Perform Parana today** between 07:00 AM and 09:35 AM. Upavaasa was observed on 23-Aug-26.,Shravana Putrada Ekadashi. Perform Parana today between 07:00 AM and 09:35 AM. Upavaasa was observed on 23-Aug-26. Upavaasa: 23-Aug-26 | Parana today: 07:00 AM to 09:35 AM,30,2026-08-23,ekadashi_cycle_scanner.py,legacy_ekadashi_messages,APPROVED,2026-08-22T21:30:44-04:00,shravana_putrada_ekadashi_messages.csv
2026-08-24,geoname:4174757,geoname:4174757|city:tampa,Tampa,Florida,United States,America/New_York,4174757,EKADASHI,Shravana Putrada Ekadashi,EKADASHI_2026_08_23_SHRAVANA_PUTRADA_EKADASHI,Normal Ekadashi,NORMAL,PARANA,Shravana Putrada Ekadashi,Upavaasa: 23-Aug-26 | Parana today: 07:05 AM to 09:40 AM,**Perform Parana today** between 07:05 AM and 09:40 AM. Upavaasa was observed on 23-Aug-26.,Shravana Putrada Ekadashi. Perform Parana today between 07:05 AM and 09:40 AM. Upavaasa was observed on 23-Aug-26. Upavaasa: 23-Aug-26 | Parana today: 07:05 AM to 09:40 AM,30,2026-08-23,ekadashi_cycle_scanner.py,legacy_ekadashi_messages,APPROVED,2026-08-22T21:30:44-04:00,shravana_putrada_ekadashi_messages.csv
2026-08-24,geoname:4180439,geoname:4180439|city:atlanta,Atlanta,Georgia,United States,America/New_York,4180439,EKADASHI,Shravana Putrada Ekadashi,EKADASHI_2026_08_23_SHRAVANA_PUTRADA_EKADASHI,Normal Ekadashi,NORMAL,PARANA,Shravana Putrada Ekadashi,Upavaasa: 23-Aug-26 | Parana today: 07:06 AM to 09:43 AM,**Perform Parana today** between 07:06 AM and 09:43 AM. Upavaasa was observed on 23-Aug-26.,Shravana Putrada Ekadashi. Perform Parana today between 07:06 AM and 09:43 AM. Upavaasa was observed on 23-Aug-26. Upavaasa: 23-Aug-26 | Parana today: 07:06 AM to 09:43 AM,30,2026-08-23,ekadashi_cycle_scanner.py,legacy_ekadashi_messages,APPROVED,2026-08-22T21:30:44-04:00,shravana_putrada_ekadashi_messages.csv
2026-08-24,geoname:4256038,geoname:4256038|city:columbus,Columbus,Indiana,United States,America/Indiana/Indianapolis,4256038,EKADASHI,Shravana Putrada Ekadashi,EKADASHI_2026_08_23_SHRAVANA_PUTRADA_EKADASHI,Normal Ekadashi,NORMAL,PARANA,Shravana Putrada Ekadashi,Upavaasa: 23-Aug-26 | Parana today: 07:05 AM to 09:45 AM,**Perform Parana today** between 07:05 AM and 09:45 AM. Upavaasa was observed on 23-Aug-26.,Shravana Putrada Ekadashi. Perform Parana today between 07:05 AM and 09:45 AM. Upavaasa was observed on 23-Aug-26. Upavaasa: 23-Aug-26 | Parana today: 07:05 AM to 09:45 AM,30,2026-08-23,ekadashi_cycle_scanner.py,legacy_ekadashi_messages,APPROVED,2026-08-22T21:30:44-04:00,shravana_putrada_ekadashi_messages.csv
2026-08-24,geoname:4347778,geoname:4347778|city:baltimore,Baltimore,Maryland,United States,America/New_York,4347778,EKADASHI,Shravana Putrada Ekadashi,EKADASHI_2026_08_23_SHRAVANA_PUTRADA_EKADASHI,Normal Ekadashi,NORMAL,PARANA,Shravana Putrada Ekadashi,Upavaasa: 23-Aug-26 | Parana today: 06:28 AM to 09:08 AM,**Perform Parana today** between 06:28 AM and 09:08 AM. Upavaasa was observed on 23-Aug-26.,Shravana Putrada Ekadashi. Perform Parana today between 06:28 AM and 09:08 AM. Upavaasa was observed on 23-Aug-26. Upavaasa: 23-Aug-26 | Parana today: 06:28 AM to 09:08 AM,30,2026-08-23,ekadashi_cycle_scanner.py,legacy_ekadashi_messages,APPROVED,2026-08-22T21:30:44-04:00,shravana_putrada_ekadashi_messages.csv
2026-08-24,geoname:4460243,geoname:4460243|city:charlotte,Charlotte,North Carolina,United States,America/New_York,4460243,EKADASHI,Shravana Putrada Ekadashi,EKADASHI_2026_08_23_SHRAVANA_PUTRADA_EKADASHI,Normal Ekadashi,NORMAL,PARANA,Shravana Putrada Ekadashi,Upavaasa: 23-Aug-26 | Parana today: 06:50 AM to 09:28 AM,**Perform Parana today** between 06:50 AM and 09:28 AM. Upavaasa was observed on 23-Aug-26.,Shravana Putrada Ekadashi. Perform Parana today between 06:50 AM and 09:28 AM. Upavaasa was observed on 23-Aug-26. Upavaasa: 23-Aug-26 | Parana today: 06:50 AM to 09:28 AM,30,2026-08-23,ekadashi_cycle_scanner.py,legacy_ekadashi_messages,APPROVED,2026-08-22T21:30:44-04:00,shravana_putrada_ekadashi_messages.csv
2026-08-24,geoname:4487042,geoname:4487042|city:raleigh,Raleigh,North Carolina,United States,America/New_York,4487042,EKADASHI,Shravana Putrada Ekadashi,EKADASHI_2026_08_23_SHRAVANA_PUTRADA_EKADASHI,Normal Ekadashi,NORMAL,PARANA,Shravana Putrada Ekadashi,Upavaasa: 23-Aug-26 | Parana today: 06:41 AM to 09:19 AM,**Perform Parana today** between 06:41 AM and 09:19 AM. Upavaasa was observed on 23-Aug-26.,Shravana Putrada Ekadashi. Perform Parana today between 06:41 AM and 09:19 AM. Upavaasa was observed on 23-Aug-26. Upavaasa: 23-Aug-26 | Parana today: 06:41 AM to 09:19 AM,30,2026-08-23,ekadashi_cycle_scanner.py,legacy_ekadashi_messages,APPROVED,2026-08-22T21:30:44-04:00,shravana_putrada_ekadashi_messages.csv
2026-08-24,geoname:4508722,geoname:4508722|city:cincinnati,Cincinnati,Ohio,United States,America/New_York,4508722,EKADASHI,Shravana Putrada Ekadashi,EKADASHI_2026_08_23_SHRAVANA_PUTRADA_EKADASHI,Normal Ekadashi,NORMAL,PARANA,Shravana Putrada Ekadashi,Upavaasa: 23-Aug-26 | Parana today: 07:00 AM to 09:40 AM,**Perform Parana today** between 07:00 AM and 09:40 AM. Upavaasa was observed on 23-Aug-26.,Shravana Putrada Ekadashi. Perform Parana today between 07:00 AM and 09:40 AM. Upavaasa was observed on 23-Aug-26. Upavaasa: 23-Aug-26 | Parana today: 07:00 AM to 09:40 AM,30,2026-08-23,ekadashi_cycle_scanner.py,legacy_ekadashi_messages,APPROVED,2026-08-22T21:30:44-04:00,shravana_putrada_ekadashi_messages.csv
2026-08-24,geoname:4509177,geoname:4509177|city:columbus,Columbus,Ohio,United States,America/New_York,4509177,EKADASHI,Shravana Putrada Ekadashi,EKADASHI_2026_08_23_SHRAVANA_PUTRADA_EKADASHI,Normal Ekadashi,NORMAL,PARANA,Shravana Putrada Ekadashi,Upavaasa: 23-Aug-26 | Parana today: 06:52 AM to 09:33 AM,**Perform Parana today** between 06:52 AM and 09:33 AM. Upavaasa was observed on 23-Aug-26.,Shravana Putrada Ekadashi. Perform Parana today between 06:52 AM and 09:33 AM. Upavaasa was observed on 23-Aug-26. Upavaasa: 23-Aug-26 | Parana today: 06:52 AM to 09:33 AM,30,2026-08-23,ekadashi_cycle_scanner.py,legacy_ekadashi_messages,APPROVED,2026-08-22T21:30:44-04:00,shravana_putrada_ekadashi_messages.csv
2026-08-24,geoname:4560349,geoname:4560349|city:philadelphia,Philadelphia,Pennsylvania,United States,America/New_York,4560349,EKADASHI,Shravana Putrada Ekadashi,EKADASHI_2026_08_23_SHRAVANA_PUTRADA_EKADASHI,Normal Ekadashi,NORMAL,PARANA,Shravana Putrada Ekadashi,Upavaasa: 23-Aug-26 | Parana today: 06:21 AM to 09:02 AM,**Perform Parana today** between 06:21 AM and 09:02 AM. Upavaasa was observed on 23-Aug-26.,Shravana Putrada Ekadashi. Perform Parana today between 06:21 AM and 09:02 AM. Upavaasa was observed on 23-Aug-26. Upavaasa: 23-Aug-26 | Parana today: 06:21 AM to 09:02 AM,30,2026-08-23,ekadashi_cycle_scanner.py,legacy_ekadashi_messages,APPROVED,2026-08-22T21:30:44-04:00,shravana_putrada_ekadashi_messages.csv
2026-08-24,geoname:4634946,geoname:4634946|city:knoxville,Knoxville,Tennessee,United States,America/New_York,4634946,EKADASHI,Shravana Putrada Ekadashi,EKADASHI_2026_08_23_SHRAVANA_PUTRADA_EKADASHI,Normal Ekadashi,NORMAL,PARANA,Shravana Putrada Ekadashi,Upavaasa: 23-Aug-26 | Parana today: 07:01 AM to 09:40 AM,**Perform Parana today** between 07:01 AM and 09:40 AM. Upavaasa was observed on 23-Aug-26.,Shravana Putrada Ekadashi. Perform Parana today between 07:01 AM and 09:40 AM. Upavaasa was observed on 23-Aug-26. Upavaasa: 23-Aug-26 | Parana today: 07:01 AM to 09:40 AM,30,2026-08-23,ekadashi_cycle_scanner.py,legacy_ekadashi_messages,APPROVED,2026-08-22T21:30:44-04:00,shravana_putrada_ekadashi_messages.csv
2026-08-24,geoname:4644585,geoname:4644585|city:nashville,Nashville,Tennessee,United States,America/Chicago,4644585,EKADASHI,Shravana Putrada Ekadashi,EKADASHI_2026_08_23_SHRAVANA_PUTRADA_EKADASHI,Normal Ekadashi,NORMAL,PARANA,Shravana Putrada Ekadashi,Upavaasa: 23-Aug-26 | Parana today: 06:13 AM to 08:52 AM,**Perform Parana today** between 06:13 AM and 08:52 AM. Upavaasa was observed on 23-Aug-26.,Shravana Putrada Ekadashi. Perform Parana today between 06:13 AM and 08:52 AM. Upavaasa was observed on 23-Aug-26. Upavaasa: 23-Aug-26 | Parana today: 06:13 AM to 08:52 AM,30,2026-08-23,ekadashi_cycle_scanner.py,legacy_ekadashi_messages,APPROVED,2026-08-22T21:30:44-04:00,shravana_putrada_ekadashi_messages.csv
2026-08-24,geoname:4684888,geoname:4684888|city:dallas,Dallas,Texas,United States,America/Chicago,4684888,EKADASHI,Shravana Putrada Ekadashi,EKADASHI_2026_08_23_SHRAVANA_PUTRADA_EKADASHI,Normal Ekadashi,NORMAL,PARANA,Shravana Putrada Ekadashi,Upavaasa: 23-Aug-26 | Parana today: 06:57 AM to 09:34 AM,**Perform Parana today** between 06:57 AM and 09:34 AM. Upavaasa was observed on 23-Aug-26.,Shravana Putrada Ekadashi. Perform Parana today between 06:57 AM and 09:34 AM. Upavaasa was observed on 23-Aug-26. Upavaasa: 23-Aug-26 | Parana today: 06:57 AM to 09:34 AM,30,2026-08-23,ekadashi_cycle_scanner.py,legacy_ekadashi_messages,APPROVED,2026-08-22T21:30:44-04:00,shravana_putrada_ekadashi_messages.csv
2026-08-24,geoname:4699066,geoname:4699066|city:houston,Houston,Texas,United States,America/Chicago,4699066,EKADASHI,Shravana Putrada Ekadashi,EKADASHI_2026_08_23_SHRAVANA_PUTRADA_EKADASHI,Normal Ekadashi,NORMAL,PARANA,Shravana Putrada Ekadashi,Upavaasa: 23-Aug-26 | Parana today: 06:54 AM to 09:30 AM,**Perform Parana today** between 06:54 AM and 09:30 AM. Upavaasa was observed on 23-Aug-26.,Shravana Putrada Ekadashi. Perform Parana today between 06:54 AM and 09:30 AM. Upavaasa was observed on 23-Aug-26. Upavaasa: 23-Aug-26 | Parana today: 06:54 AM to 09:30 AM,30,2026-08-23,ekadashi_cycle_scanner.py,legacy_ekadashi_messages,APPROVED,2026-08-22T21:30:44-04:00,shravana_putrada_ekadashi_messages.csv
2026-08-24,geoname:4781708,geoname:4781708|city:richmond,Richmond,Virginia,United States,America/New_York,4781708,EKADASHI,Shravana Putrada Ekadashi,EKADASHI_2026_08_23_SHRAVANA_PUTRADA_EKADASHI,Normal Ekadashi,NORMAL,PARANA,Shravana Putrada Ekadashi,Upavaasa: 23-Aug-26 | Parana today: 06:34 AM to 09:13 AM,**Perform Parana today** between 06:34 AM and 09:13 AM. Upavaasa was observed on 23-Aug-26.,Shravana Putrada Ekadashi. Perform Parana today between 06:34 AM and 09:13 AM. Upavaasa was observed on 23-Aug-26. Upavaasa: 23-Aug-26 | Parana today: 06:34 AM to 09:13 AM,30,2026-08-23,ekadashi_cycle_scanner.py,legacy_ekadashi_messages,APPROVED,2026-08-22T21:30:44-04:00,shravana_putrada_ekadashi_messages.csv
2026-08-24,geoname:4887398,geoname:4887398|city:chicago,Chicago,Illinois,United States,America/Chicago,4887398,EKADASHI,Shravana Putrada Ekadashi,EKADASHI_2026_08_23_SHRAVANA_PUTRADA_EKADASHI,Normal Ekadashi,NORMAL,PARANA,Shravana Putrada Ekadashi,Upavaasa: 23-Aug-26 | Parana today: 06:08 AM to 08:50 AM,**Perform Parana today** between 06:08 AM and 08:50 AM. Upavaasa was observed on 23-Aug-26.,Shravana Putrada Ekadashi. Perform Parana today between 06:08 AM and 08:50 AM. Upavaasa was observed on 23-Aug-26. Upavaasa: 23-Aug-26 | Parana today: 06:08 AM to 08:50 AM,30,2026-08-23,ekadashi_cycle_scanner.py,legacy_ekadashi_messages,APPROVED,2026-08-22T21:30:44-04:00,shravana_putrada_ekadashi_messages.csv
2026-08-24,geoname:4922462,geoname:4922462|city:lafayette,Lafayette,Indiana,United States,America/Indiana/Indianapolis,4922462,EKADASHI,Shravana Putrada Ekadashi,EKADASHI_2026_08_23_SHRAVANA_PUTRADA_EKADASHI,Normal Ekadashi,NORMAL,PARANA,Shravana Putrada Ekadashi,Upavaasa: 23-Aug-26 | Parana today: 07:07 AM to 09:48 AM,**Perform Parana today** between 07:07 AM and 09:48 AM. Upavaasa was observed on 23-Aug-26.,Shravana Putrada Ekadashi. Perform Parana today between 07:07 AM and 09:48 AM. Upavaasa was observed on 23-Aug-26. Upavaasa: 23-Aug-26 | Parana today: 07:07 AM to 09:48 AM,30,2026-08-23,ekadashi_cycle_scanner.py,legacy_ekadashi_messages,APPROVED,2026-08-22T21:30:44-04:00,shravana_putrada_ekadashi_messages.csv
2026-08-24,geoname:5099836,geoname:5099836|city:new_jersey,New Jersey,New Jersey,United States,America/New_York,5099836,EKADASHI,Shravana Putrada Ekadashi,EKADASHI_2026_08_23_SHRAVANA_PUTRADA_EKADASHI,Normal Ekadashi,NORMAL,PARANA,Shravana Putrada Ekadashi,Upavaasa: 23-Aug-26 | Parana today: 06:16 AM to 08:57 AM,**Perform Parana today** between 06:16 AM and 08:57 AM. Upavaasa was observed on 23-Aug-26.,Shravana Putrada Ekadashi. Perform Parana today between 06:16 AM and 08:57 AM. Upavaasa was observed on 23-Aug-26. Upavaasa: 23-Aug-26 | Parana today: 06:16 AM to 08:57 AM,30,2026-08-23,ekadashi_cycle_scanner.py,legacy_ekadashi_messages,APPROVED,2026-08-22T21:30:44-04:00,shravana_putrada_ekadashi_messages.csv
2026-08-24,geoname:5108728,geoname:5108728|city:belfast,Belfast,New York,United States,America/New_York,5108728,EKADASHI,Shravana Putrada Ekadashi,EKADASHI_2026_08_23_SHRAVANA_PUTRADA_EKADASHI,Normal Ekadashi,NORMAL,PARANA,Shravana Putrada Ekadashi,Upavaasa: 23-Aug-26 | Parana today: 06:29 AM to 09:11 AM,**Perform Parana today** between 06:29 AM and 09:11 AM. Upavaasa was observed on 23-Aug-26.,Shravana Putrada Ekadashi. Perform Parana today between 06:29 AM and 09:11 AM. Upavaasa was observed on 23-Aug-26. Upavaasa: 23-Aug-26 | Parana today: 06:29 AM to 09:11 AM,30,2026-08-23,ekadashi_cycle_scanner.py,legacy_ekadashi_messages,APPROVED,2026-08-22T21:30:44-04:00,shravana_putrada_ekadashi_messages.csv
2026-08-24,geoname:5110629,geoname:5110629|city:buffalo,Buffalo,New York,United States,America/New_York,5110629,EKADASHI,Shravana Putrada Ekadashi,EKADASHI_2026_08_23_SHRAVANA_PUTRADA_EKADASHI,Normal Ekadashi,NORMAL,PARANA,Shravana Putrada Ekadashi,Upavaasa: 23-Aug-26 | Parana today: 06:32 AM to 09:14 AM,**Perform Parana today** between 06:32 AM and 09:14 AM. Upavaasa was observed on 23-Aug-26.,Shravana Putrada Ekadashi. Perform Parana today between 06:32 AM and 09:14 AM. Upavaasa was observed on 23-Aug-26. Upavaasa: 23-Aug-26 | Parana today: 06:32 AM to 09:14 AM,30,2026-08-23,ekadashi_cycle_scanner.py,legacy_ekadashi_messages,APPROVED,2026-08-22T21:30:44-04:00,shravana_putrada_ekadashi_messages.csv
2026-08-24,geoname:5119251,geoname:5119251|city:greece,Greece,New York,United States,America/New_York,5119251,EKADASHI,Shravana Putrada Ekadashi,EKADASHI_2026_08_23_SHRAVANA_PUTRADA_EKADASHI,Normal Ekadashi,NORMAL,PARANA,Shravana Putrada Ekadashi,Upavaasa: 23-Aug-26 | Parana today: 06:26 AM to 09:09 AM,**Perform Parana today** between 06:26 AM and 09:09 AM. Upavaasa was observed on 23-Aug-26.,Shravana Putrada Ekadashi. Perform Parana today between 06:26 AM and 09:09 AM. Upavaasa was observed on 23-Aug-26. Upavaasa: 23-Aug-26 | Parana today: 06:26 AM to 09:09 AM,30,2026-08-23,ekadashi_cycle_scanner.py,legacy_ekadashi_messages,APPROVED,2026-08-22T21:30:44-04:00,shravana_putrada_ekadashi_messages.csv
2026-08-24,geoname:5128581,geoname:5128581|city:new_york,New York,New York,United States,America/New_York,5128581,EKADASHI,Shravana Putrada Ekadashi,EKADASHI_2026_08_23_SHRAVANA_PUTRADA_EKADASHI,Normal Ekadashi,NORMAL,PARANA,Shravana Putrada Ekadashi,Upavaasa: 23-Aug-26 | Parana today: 06:15 AM to 08:56 AM,**Perform Parana today** between 06:15 AM and 08:56 AM. Upavaasa was observed on 23-Aug-26.,Shravana Putrada Ekadashi. Perform Parana today between 06:15 AM and 08:56 AM. Upavaasa was observed on 23-Aug-26. Upavaasa: 23-Aug-26 | Parana today: 06:15 AM to 08:56 AM,30,2026-08-23,ekadashi_cycle_scanner.py,legacy_ekadashi_messages,APPROVED,2026-08-22T21:30:44-04:00,shravana_putrada_ekadashi_messages.csv
2026-08-24,geoname:5131614,geoname:5131614|city:pittsford,Pittsford,New York,United States,America/New_York,5131614,EKADASHI,Shravana Putrada Ekadashi,EKADASHI_2026_08_23_SHRAVANA_PUTRADA_EKADASHI,Normal Ekadashi,NORMAL,PARANA,Shravana Putrada Ekadashi,Upavaasa: 23-Aug-26 | Parana today: 06:26 AM to 09:08 AM,**Perform Parana today** between 06:26 AM and 09:08 AM. Upavaasa was observed on 23-Aug-26.,Shravana Putrada Ekadashi. Perform Parana today between 06:26 AM and 09:08 AM. Upavaasa was observed on 23-Aug-26. Upavaasa: 23-Aug-26 | Parana today: 06:26 AM to 09:08 AM,30,2026-08-23,ekadashi_cycle_scanner.py,legacy_ekadashi_messages,APPROVED,2026-08-22T21:30:44-04:00,shravana_putrada_ekadashi_messages.csv
2026-08-24,geoname:5134086,geoname:5134086|city:rochester,Rochester,New York,United States,America/New_York,5134086,EKADASHI,Shravana Putrada Ekadashi,EKADASHI_2026_08_23_SHRAVANA_PUTRADA_EKADASHI,Normal Ekadashi,NORMAL,PARANA,Shravana Putrada Ekadashi,Upavaasa: 23-Aug-26 | Parana today: 06:26 AM to 09:09 AM,**Perform Parana today** between 06:26 AM and 09:09 AM. Upavaasa was observed on 23-Aug-26.,Shravana Putrada Ekadashi. Perform Parana today between 06:26 AM and 09:09 AM. Upavaasa was observed on 23-Aug-26. Upavaasa: 23-Aug-26 | Parana today: 06:26 AM to 09:09 AM,30,2026-08-23,ekadashi_cycle_scanner.py,legacy_ekadashi_messages,APPROVED,2026-08-22T21:30:44-04:00,shravana_putrada_ekadashi_messages.csv
2026-08-24,geoname:5139865,geoname:5139865|city:stonybrook,Stonybrook,New York,United States,America/New_York,5139865,EKADASHI,Shravana Putrada Ekadashi,EKADASHI_2026_08_23_SHRAVANA_PUTRADA_EKADASHI,Normal Ekadashi,NORMAL,PARANA,Shravana Putrada Ekadashi,Upavaasa: 23-Aug-26 | Parana today: 06:12 AM to 08:53 AM,**Perform Parana today** between 06:12 AM and 08:53 AM. Upavaasa was observed on 23-Aug-26.,Shravana Putrada Ekadashi. Perform Parana today between 06:12 AM and 08:53 AM. Upavaasa was observed on 23-Aug-26. Upavaasa: 23-Aug-26 | Parana today: 06:12 AM to 08:53 AM,30,2026-08-23,ekadashi_cycle_scanner.py,legacy_ekadashi_messages,APPROVED,2026-08-22T21:30:44-04:00,shravana_putrada_ekadashi_messages.csv
2026-08-24,geoname:5140405,geoname:5140405|city:syracuse,Syracuse,New York,United States,America/New_York,5140405,EKADASHI,Shravana Putrada Ekadashi,EKADASHI_2026_08_23_SHRAVANA_PUTRADA_EKADASHI,Normal Ekadashi,NORMAL,PARANA,Shravana Putrada Ekadashi,Upavaasa: 23-Aug-26 | Parana today: 06:20 AM to 09:03 AM,**Perform Parana today** between 06:20 AM and 09:03 AM. Upavaasa was observed on 23-Aug-26.,Shravana Putrada Ekadashi. Perform Parana today between 06:20 AM and 09:03 AM. Upavaasa was observed on 23-Aug-26. Upavaasa: 23-Aug-26 | Parana today: 06:20 AM to 09:03 AM,30,2026-08-23,ekadashi_cycle_scanner.py,legacy_ekadashi_messages,APPROVED,2026-08-22T21:30:44-04:00,shravana_putrada_ekadashi_messages.csv
2026-08-24,geoname:5150529,geoname:5150529|city:cleveland,Cleveland,Ohio,United States,America/New_York,5150529,EKADASHI,Shravana Putrada Ekadashi,EKADASHI_2026_08_23_SHRAVANA_PUTRADA_EKADASHI,Normal Ekadashi,NORMAL,PARANA,Shravana Putrada Ekadashi,Upavaasa: 23-Aug-26 | Parana today: 06:45 AM to 09:27 AM,**Perform Parana today** between 06:45 AM and 09:27 AM. Upavaasa was observed on 23-Aug-26.,Shravana Putrada Ekadashi. Perform Parana today between 06:45 AM and 09:27 AM. Upavaasa was observed on 23-Aug-26. Upavaasa: 23-Aug-26 | Parana today: 06:45 AM to 09:27 AM,30,2026-08-23,ekadashi_cycle_scanner.py,legacy_ekadashi_messages,APPROVED,2026-08-22T21:30:44-04:00,shravana_putrada_ekadashi_messages.csv
2026-08-24,geoname:5308655,geoname:5308655|city:phoenix,Phoenix,Arizona,United States,America/Phoenix,5308655,EKADASHI,Shravana Putrada Ekadashi,EKADASHI_2026_08_23_SHRAVANA_PUTRADA_EKADASHI,Normal Ekadashi,NORMAL,PARANA,Shravana Putrada Ekadashi,Upavaasa: 23-Aug-26 | Parana today: 05:57 AM to 08:34 AM,**Perform Parana today** between 05:57 AM and 08:34 AM. Upavaasa was observed on 23-Aug-26.,Shravana Putrada Ekadashi. Perform Parana today between 05:57 AM and 08:34 AM. Upavaasa was observed on 23-Aug-26. Upavaasa: 23-Aug-26 | Parana today: 05:57 AM to 08:34 AM,30,2026-08-23,ekadashi_cycle_scanner.py,legacy_ekadashi_messages,APPROVED,2026-08-22T21:30:44-04:00,shravana_putrada_ekadashi_messages.csv
2026-08-24,geoname:5368361,geoname:5368361|city:los_angeles,Los Angeles,California,United States,America/Los_Angeles,5368361,EKADASHI,Shravana Putrada Ekadashi,EKADASHI_2026_08_23_SHRAVANA_PUTRADA_EKADASHI,Normal Ekadashi,NORMAL,PARANA,Shravana Putrada Ekadashi,Upavaasa: 23-Aug-26 | Parana today: 06:21 AM to 08:59 AM,**Perform Parana today** between 06:21 AM and 08:59 AM. Upavaasa was observed on 23-Aug-26.,Shravana Putrada Ekadashi. Perform Parana today between 06:21 AM and 08:59 AM. Upavaasa was observed on 23-Aug-26. Upavaasa: 23-Aug-26 | Parana today: 06:21 AM to 08:59 AM,30,2026-08-23,ekadashi_cycle_scanner.py,legacy_ekadashi_messages,APPROVED,2026-08-22T21:30:44-04:00,shravana_putrada_ekadashi_messages.csv
2026-08-24,geoname:5383527,geoname:5383527|city:placentia,Placentia,California,United States,America/Los_Angeles,5383527,EKADASHI,Shravana Putrada Ekadashi,EKADASHI_2026_08_23_SHRAVANA_PUTRADA_EKADASHI,Normal Ekadashi,NORMAL,PARANA,Shravana Putrada Ekadashi,Upavaasa: 23-Aug-26 | Parana today: 06:20 AM to 08:57 AM,**Perform Parana today** between 06:20 AM and 08:57 AM. Upavaasa was observed on 23-Aug-26.,Shravana Putrada Ekadashi. Perform Parana today between 06:20 AM and 08:57 AM. Upavaasa was observed on 23-Aug-26. Upavaasa: 23-Aug-26 | Parana today: 06:20 AM to 08:57 AM,30,2026-08-23,ekadashi_cycle_scanner.py,legacy_ekadashi_messages,APPROVED,2026-08-22T21:30:44-04:00,shravana_putrada_ekadashi_messages.csv
2026-08-24,geoname:5391959,geoname:5391959|city:san_francisco,San Francisco,California,United States,America/Los_Angeles,5391959,EKADASHI,Shravana Putrada Ekadashi,EKADASHI_2026_08_23_SHRAVANA_PUTRADA_EKADASHI,Normal Ekadashi,NORMAL,PARANA,Shravana Putrada Ekadashi,Upavaasa: 23-Aug-26 | Parana today: 06:33 AM to 09:12 AM,**Perform Parana today** between 06:33 AM and 09:12 AM. Upavaasa was observed on 23-Aug-26.,Shravana Putrada Ekadashi. Perform Parana today between 06:33 AM and 09:12 AM. Upavaasa was observed on 23-Aug-26. Upavaasa: 23-Aug-26 | Parana today: 06:33 AM to 09:12 AM,30,2026-08-23,ekadashi_cycle_scanner.py,legacy_ekadashi_messages,APPROVED,2026-08-22T21:30:44-04:00,shravana_putrada_ekadashi_messages.csv
2026-08-24,geoname:5809844,geoname:5809844|city:seattle,Seattle,Washington,United States,America/Los_Angeles,5809844,EKADASHI,Shravana Putrada Ekadashi,EKADASHI_2026_08_23_SHRAVANA_PUTRADA_EKADASHI,Normal Ekadashi,NORMAL,PARANA,Shravana Putrada Ekadashi,Upavaasa: 23-Aug-26 | Parana today: 06:18 AM to 09:03 AM,**Perform Parana today** between 06:18 AM and 09:03 AM. Upavaasa was observed on 23-Aug-26.,Shravana Putrada Ekadashi. Perform Parana today between 06:18 AM and 09:03 AM. Upavaasa was observed on 23-Aug-26. Upavaasa: 23-Aug-26 | Parana today: 06:18 AM to 09:03 AM,30,2026-08-23,ekadashi_cycle_scanner.py,legacy_ekadashi_messages,APPROVED,2026-08-22T21:30:44-04:00,shravana_putrada_ekadashi_messages.csv
2026-08-24,geoname:6173331,geoname:6173331|city:vancouver,Vancouver,British Columbia,Canada,America/Los_Angeles,6173331,EKADASHI,Shravana Putrada Ekadashi,EKADASHI_2026_08_23_SHRAVANA_PUTRADA_EKADASHI,Normal Ekadashi,NORMAL,PARANA,Shravana Putrada Ekadashi,Upavaasa: 23-Aug-26 | Parana today: 06:18 AM to 09:05 AM,**Perform Parana today** between 06:18 AM and 09:05 AM. Upavaasa was observed on 23-Aug-26.,Shravana Putrada Ekadashi. Perform Parana today between 06:18 AM and 09:05 AM. Upavaasa was observed on 23-Aug-26. Upavaasa: 23-Aug-26 | Parana today: 06:18 AM to 09:05 AM,30,2026-08-23,ekadashi_cycle_scanner.py,legacy_ekadashi_messages,APPROVED,2026-08-22T21:30:44-04:00,shravana_putrada_ekadashi_messages.csv
2026-08-24,geoname:6182962,geoname:6182962|city:windsor,Windsor,Ontario,Canada,America/New_York,6182962,EKADASHI,Shravana Putrada Ekadashi,EKADASHI_2026_08_23_SHRAVANA_PUTRADA_EKADASHI,Normal Ekadashi,NORMAL,PARANA,Shravana Putrada Ekadashi,Upavaasa: 23-Aug-26 | Parana today: 06:49 AM to 09:31 AM,**Perform Parana today** between 06:49 AM and 09:31 AM. Upavaasa was observed on 23-Aug-26.,Shravana Putrada Ekadashi. Perform Parana today between 06:49 AM and 09:31 AM. Upavaasa was observed on 23-Aug-26. Upavaasa: 23-Aug-26 | Parana today: 06:49 AM to 09:31 AM,30,2026-08-23,ekadashi_cycle_scanner.py,legacy_ekadashi_messages,APPROVED,2026-08-22T21:30:44-04:00,shravana_putrada_ekadashi_messages.csv
2026-08-25,geoname:1253102,geoname:1253102|city:visakhapatnam,Visakhapatnam,Andra Pradesh,India,Asia/Kolkata,1253102,EKADASHI,Shravana Putrada Ekadashi,EKADASHI_2026_08_23_SHRAVANA_PUTRADA_EKADASHI,Dwadashi Dwaya,DWADASHI_DWAYA,PARANA,Shravana Putrada Ekadashi,Upavaasa: 23-Aug-26 and 24-Aug-26 | Parana today: 05:42 AM to 06:20 AM,**Perform Parana today** between 05:42 AM and 06:20 AM. Upavaasa was observed on 23-Aug-26 and 24-Aug-26.,Shravana Putrada Ekadashi. Perform Parana today between 05:42 AM and 06:20 AM. Upavaasa was observed on 23-Aug-26 and 24-Aug-26. Upavaasa: 23-Aug-26 and 24-Aug-26 | Parana today: 05:42 AM to 06:20 AM,30,2026-08-23,ekadashi_cycle_scanner.py,legacy_ekadashi_messages,APPROVED,2026-08-22T21:30:44-04:00,shravana_putrada_ekadashi_messages.csv
2026-08-25,geoname:1253405,geoname:1253405|city:varanasi,Varanasi,Uttar Pradesh,India,Asia/Kolkata,1253405,EKADASHI,Shravana Putrada Ekadashi,EKADASHI_2026_08_23_SHRAVANA_PUTRADA_EKADASHI,Dwadashi Dwaya,DWADASHI_DWAYA,PARANA,Shravana Putrada Ekadashi,Upavaasa: 23-Aug-26 and 24-Aug-26 | Parana today: 05:36 AM to 06:20 AM,**Perform Parana today** between 05:36 AM and 06:20 AM. Upavaasa was observed on 23-Aug-26 and 24-Aug-26.,Shravana Putrada Ekadashi. Perform Parana today between 05:36 AM and 06:20 AM. Upavaasa was observed on 23-Aug-26 and 24-Aug-26. Upavaasa: 23-Aug-26 and 24-Aug-26 | Parana today: 05:36 AM to 06:20 AM,30,2026-08-23,ekadashi_cycle_scanner.py,legacy_ekadashi_messages,APPROVED,2026-08-22T21:30:44-04:00,shravana_putrada_ekadashi_messages.csv
2026-08-25,geoname:1253573,geoname:1253573|city:vadodara,Vadodara,Gujarat,India,Asia/Kolkata,1253573,EKADASHI,Shravana Putrada Ekadashi,EKADASHI_2026_08_23_SHRAVANA_PUTRADA_EKADASHI,Dwadashi Dwaya,DWADASHI_DWAYA,PARANA,Shravana Putrada Ekadashi,Upavaasa: 23-Aug-26 and 24-Aug-26 | Parana today: 06:18 AM to 06:20 AM,**Perform Parana today** between 06:18 AM and 06:20 AM. Upavaasa was observed on 23-Aug-26 and 24-Aug-26.,Shravana Putrada Ekadashi. Perform Parana today between 06:18 AM and 06:20 AM. Upavaasa was observed on 23-Aug-26 and 24-Aug-26. Upavaasa: 23-Aug-26 and 24-Aug-26 | Parana today: 06:18 AM to 06:20 AM,30,2026-08-23,ekadashi_cycle_scanner.py,legacy_ekadashi_messages,APPROVED,2026-08-22T21:30:44-04:00,shravana_putrada_ekadashi_messages.csv
2026-08-25,geoname:1253952,geoname:1253952|city:udupi,Udupi,Karnataka,India,Asia/Kolkata,1253952,EKADASHI,Shravana Putrada Ekadashi,EKADASHI_2026_08_23_SHRAVANA_PUTRADA_EKADASHI,Dwadashi Dwaya,DWADASHI_DWAYA,PARANA,Shravana Putrada Ekadashi,Upavaasa: 23-Aug-26 and 24-Aug-26 | Parana today: 06:19 AM to 06:20 AM,**Perform Parana today** between 06:19 AM and 06:20 AM. Upavaasa was observed on 23-Aug-26 and 24-Aug-26.,Shravana Putrada Ekadashi. Perform Parana today between 06:19 AM and 06:20 AM. Upavaasa was observed on 23-Aug-26 and 24-Aug-26. Upavaasa: 23-Aug-26 and 24-Aug-26 | Parana today: 06:19 AM to 06:20 AM,30,2026-08-23,ekadashi_cycle_scanner.py,legacy_ekadashi_messages,APPROVED,2026-08-22T21:30:44-04:00,shravana_putrada_ekadashi_messages.csv
2026-08-25,geoname:1254163,geoname:1254163|city:thiruvananthapuram,Thiruvananthapuram,Kerala,India,Asia/Kolkata,1254163,EKADASHI,Shravana Putrada Ekadashi,EKADASHI_2026_08_23_SHRAVANA_PUTRADA_EKADASHI,Dwadashi Dwaya,DWADASHI_DWAYA,PARANA,Shravana Putrada Ekadashi,Upavaasa: 23-Aug-26 and 24-Aug-26 | Parana today: 06:14 AM to 06:20 AM,**Perform Parana today** between 06:14 AM and 06:20 AM. Upavaasa was observed on 23-Aug-26 and 24-Aug-26.,Shravana Putrada Ekadashi. Perform Parana today between 06:14 AM and 06:20 AM. Upavaasa was observed on 23-Aug-26 and 24-Aug-26. Upavaasa: 23-Aug-26 and 24-Aug-26 | Parana today: 06:14 AM to 06:20 AM,30,2026-08-23,ekadashi_cycle_scanner.py,legacy_ekadashi_messages,APPROVED,2026-08-22T21:30:44-04:00,shravana_putrada_ekadashi_messages.csv
2026-08-25,geoname:1254360,geoname:1254360|city:tirupati,Tirupati,Andhra Pradesh,India,Asia/Kolkata,1254360,EKADASHI,Shravana Putrada Ekadashi,EKADASHI_2026_08_23_SHRAVANA_PUTRADA_EKADASHI,Dwadashi Dwaya,DWADASHI_DWAYA,PARANA,Shravana Putrada Ekadashi,Upavaasa: 23-Aug-26 and 24-Aug-26 | Parana today: 06:00 AM to 06:20 AM,**Perform Parana today** between 06:00 AM and 06:20 AM. Upavaasa was observed on 23-Aug-26 and 24-Aug-26.,Shravana Putrada Ekadashi. Perform Parana today between 06:00 AM and 06:20 AM. Upavaasa was observed on 23-Aug-26 and 24-Aug-26. Upavaasa: 23-Aug-26 and 24-Aug-26 | Parana today: 06:00 AM to 06:20 AM,30,2026-08-23,ekadashi_cycle_scanner.py,legacy_ekadashi_messages,APPROVED,2026-08-22T21:30:44-04:00,shravana_putrada_ekadashi_messages.csv
2026-08-25,geoname:1254388,geoname:1254388|city:srirangam,Srirangam,Tamil Nadu,India,Asia/Kolkata,1254388,EKADASHI,Shravana Putrada Ekadashi,EKADASHI_2026_08_23_SHRAVANA_PUTRADA_EKADASHI,Dwadashi Dwaya,DWADASHI_DWAYA,PARANA,Shravana Putrada Ekadashi,Upavaasa: 23-Aug-26 and 24-Aug-26 | Parana today: 06:06 AM to 06:20 AM,**Perform Parana today** between 06:06 AM and 06:20 AM. Upavaasa was observed on 23-Aug-26 and 24-Aug-26.,Shravana Putrada Ekadashi. Perform Parana today between 06:06 AM and 06:20 AM. Upavaasa was observed on 23-Aug-26 and 24-Aug-26. Upavaasa: 23-Aug-26 and 24-Aug-26 | Parana today: 06:06 AM to 06:20 AM,30,2026-08-23,ekadashi_cycle_scanner.py,legacy_ekadashi_messages,APPROVED,2026-08-22T21:30:44-04:00,shravana_putrada_ekadashi_messages.csv
2026-08-25,geoname:1255634,geoname:1255634|city:srinagar,Srinagar,Jammu and Kashmir,India,Asia/Kolkata,1255634,EKADASHI,Shravana Putrada Ekadashi,EKADASHI_2026_08_23_SHRAVANA_PUTRADA_EKADASHI,Dwadashi Dwaya,DWADASHI_DWAYA,PARANA,Shravana Putrada Ekadashi,Upavaasa: 23-Aug-26 and 24-Aug-26 | Parana today: 05:59 AM to 06:20 AM,**Perform Parana today** between 05:59 AM and 06:20 AM. Upavaasa was observed on 23-Aug-26 and 24-Aug-26.,Shravana Putrada Ekadashi. Perform Parana today between 05:59 AM and 06:20 AM. Upavaasa was observed on 23-Aug-26 and 24-Aug-26. Upavaasa: 23-Aug-26 and 24-Aug-26 | Parana today: 05:59 AM to 06:20 AM,30,2026-08-23,ekadashi_cycle_scanner.py,legacy_ekadashi_messages,APPROVED,2026-08-22T21:30:44-04:00,shravana_putrada_ekadashi_messages.csv
2026-08-25,geoname:1256287,geoname:1256287|city:silchar,Silchar,Assam,India,Asia/Kolkata,1256287,EKADASHI,Shravana Putrada Ekadashi,EKADASHI_2026_08_23_SHRAVANA_PUTRADA_EKADASHI,Dwadashi Dwaya,DWADASHI_DWAYA,PARANA,Shravana Putrada Ekadashi,Upavaasa: 23-Aug-26 and 24-Aug-26 | Parana today: 04:57 AM to 06:20 AM,**Perform Parana today** between 04:57 AM and 06:20 AM. Upavaasa was observed on 23-Aug-26 and 24-Aug-26.,Shravana Putrada Ekadashi. Perform Parana today between 04:57 AM and 06:20 AM. Upavaasa was observed on 23-Aug-26 and 24-Aug-26. Upavaasa: 23-Aug-26 and 24-Aug-26 | Parana today: 04:57 AM to 06:20 AM,30,2026-08-23,ekadashi_cycle_scanner.py,legacy_ekadashi_messages,APPROVED,2026-08-22T21:30:44-04:00,shravana_putrada_ekadashi_messages.csv
2026-08-25,geoname:1256525,geoname:1256525|city:shiliguri,Shiliguri,West Bengal,India,Asia/Kolkata,1256525,EKADASHI,Shravana Putrada Ekadashi,EKADASHI_2026_08_23_SHRAVANA_PUTRADA_EKADASHI,Dwadashi Dwaya,DWADASHI_DWAYA,PARANA,Shravana Putrada Ekadashi,Upavaasa: 23-Aug-26 and 24-Aug-26 | Parana today: 05:13 AM to 06:20 AM,**Perform Parana today** between 05:13 AM and 06:20 AM. Upavaasa was observed on 23-Aug-26 and 24-Aug-26.,Shravana Putrada Ekadashi. Perform Parana today between 05:13 AM and 06:20 AM. Upavaasa was observed on 23-Aug-26 and 24-Aug-26. Upavaasa: 23-Aug-26 and 24-Aug-26 | Parana today: 05:13 AM to 06:20 AM,30,2026-08-23,ekadashi_cycle_scanner.py,legacy_ekadashi_messages,APPROVED,2026-08-22T21:30:44-04:00,shravana_putrada_ekadashi_messages.csv
2026-08-25,geoname:1259229,geoname:1259229|city:pune,Pune,Maharashtra,India,Asia/Kolkata,1259229,EKADASHI,Shravana Putrada Ekadashi,EKADASHI_2026_08_23_SHRAVANA_PUTRADA_EKADASHI,Dwadashi Dwaya,DWADASHI_DWAYA,PARANA,Shravana Putrada Ekadashi,Upavaasa: 23-Aug-26 and 24-Aug-26 | Parana today: 06:19 AM to 06:20 AM,**Perform Parana today** between 06:19 AM and 06:20 AM. Upavaasa was observed on 23-Aug-26 and 24-Aug-26.,Shravana Putrada Ekadashi. Perform Parana today between 06:19 AM and 06:20 AM. Upavaasa was observed on 23-Aug-26 and 24-Aug-26. Upavaasa: 23-Aug-26 and 24-Aug-26 | Parana today: 06:19 AM to 06:20 AM,30,2026-08-23,ekadashi_cycle_scanner.py,legacy_ekadashi_messages,APPROVED,2026-08-22T21:30:44-04:00,shravana_putrada_ekadashi_messages.csv
2026-08-25,geoname:1260546,geoname:1260546|city:pandharpur,Pandharpur,Maharashtra,India,Asia/Kolkata,1260546,EKADASHI,Shravana Putrada Ekadashi,EKADASHI_2026_08_23_SHRAVANA_PUTRADA_EKADASHI,Dwadashi Dwaya,DWADASHI_DWAYA,PARANA,Shravana Putrada Ekadashi,Upavaasa: 23-Aug-26 and 24-Aug-26 | Parana today: 06:13 AM to 06:20 AM,**Perform Parana today** between 06:13 AM and 06:20 AM. Upavaasa was observed on 23-Aug-26 and 24-Aug-26.,Shravana Putrada Ekadashi. Perform Parana today between 06:13 AM and 06:20 AM. Upavaasa was observed on 23-Aug-26 and 24-Aug-26. Upavaasa: 23-Aug-26 and 24-Aug-26 | Parana today: 06:13 AM to 06:20 AM,30,2026-08-23,ekadashi_cycle_scanner.py,legacy_ekadashi_messages,APPROVED,2026-08-22T21:30:44-04:00,shravana_putrada_ekadashi_messages.csv
2026-08-25,geoname:1262180,geoname:1262180|city:nagpur,Nagpur,Maharashtra,India,Asia/Kolkata,1262180,EKADASHI,Shravana Putrada Ekadashi,EKADASHI_2026_08_23_SHRAVANA_PUTRADA_EKADASHI,Dwadashi Dwaya,DWADASHI_DWAYA,PARANA,Shravana Putrada Ekadashi,Upavaasa: 23-Aug-26 and 24-Aug-26 | Parana today: 05:55 AM to 06:20 AM,**Perform Parana today** between 05:55 AM and 06:20 AM. Upavaasa was observed on 23-Aug-26 and 24-Aug-26.,Shravana Putrada Ekadashi. Perform Parana today between 05:55 AM and 06:20 AM. Upavaasa was observed on 23-Aug-26 and 24-Aug-26. Upavaasa: 23-Aug-26 and 24-Aug-26 | Parana today: 05:55 AM to 06:20 AM,30,2026-08-23,ekadashi_cycle_scanner.py,legacy_ekadashi_messages,APPROVED,2026-08-22T21:30:44-04:00,shravana_putrada_ekadashi_messages.csv
2026-08-25,geoname:1262321,geoname:1262321|city:mysuru,Mysuru,Karnataka,India,Asia/Kolkata,1262321,EKADASHI,Shravana Putrada Ekadashi,EKADASHI_2026_08_23_SHRAVANA_PUTRADA_EKADASHI,Dwadashi Dwaya,DWADASHI_DWAYA,PARANA,Shravana Putrada Ekadashi,Upavaasa: 23-Aug-26 and 24-Aug-26 | Parana today: 06:13 AM to 06:20 AM,**Perform Parana today** between 06:13 AM and 06:20 AM. Upavaasa was observed on 23-Aug-26 and 24-Aug-26.,Shravana Putrada Ekadashi. Perform Parana today between 06:13 AM and 06:20 AM. Upavaasa was observed on 23-Aug-26 and 24-Aug-26. Upavaasa: 23-Aug-26 and 24-Aug-26 | Parana today: 06:13 AM to 06:20 AM,30,2026-08-23,ekadashi_cycle_scanner.py,legacy_ekadashi_messages,APPROVED,2026-08-22T21:30:44-04:00,shravana_putrada_ekadashi_messages.csv
2026-08-25,geoname:1262321,geoname:1262321|city:t_narasipura,T Narasipura,Karnataka,India,Asia/Kolkata,1262321,EKADASHI,Shravana Putrada Ekadashi,EKADASHI_2026_08_23_SHRAVANA_PUTRADA_EKADASHI,Dwadashi Dwaya,DWADASHI_DWAYA,PARANA,Shravana Putrada Ekadashi,Upavaasa: 23-Aug-26 and 24-Aug-26 | Parana today: 06:13 AM to 06:20 AM,**Perform Parana today** between 06:13 AM and 06:20 AM. Upavaasa was observed on 23-Aug-26 and 24-Aug-26.,Shravana Putrada Ekadashi. Perform Parana today between 06:13 AM and 06:20 AM. Upavaasa was observed on 23-Aug-26 and 24-Aug-26. Upavaasa: 23-Aug-26 and 24-Aug-26 | Parana today: 06:13 AM to 06:20 AM,30,2026-08-23,ekadashi_cycle_scanner.py,legacy_ekadashi_messages,APPROVED,2026-08-22T21:30:44-04:00,shravana_putrada_ekadashi_messages.csv
2026-08-25,geoname:1263780,geoname:1263780|city:mangalore,Mangalore,Karnataka,India,Asia/Kolkata,1263780,EKADASHI,Shravana Putrada Ekadashi,EKADASHI_2026_08_23_SHRAVANA_PUTRADA_EKADASHI,Dwadashi Dwaya,DWADASHI_DWAYA,PARANA,Shravana Putrada Ekadashi,Upavaasa: 23-Aug-26 and 24-Aug-26 | Parana today: 06:19 AM to 06:20 AM,**Perform Parana today** between 06:19 AM and 06:20 AM. Upavaasa was observed on 23-Aug-26 and 24-Aug-26.,Shravana Putrada Ekadashi. Perform Parana today between 06:19 AM and 06:20 AM. Upavaasa was observed on 23-Aug-26 and 24-Aug-26. Upavaasa: 23-Aug-26 and 24-Aug-26 | Parana today: 06:19 AM to 06:20 AM,30,2026-08-23,ekadashi_cycle_scanner.py,legacy_ekadashi_messages,APPROVED,2026-08-22T21:30:44-04:00,shravana_putrada_ekadashi_messages.csv
2026-08-25,geoname:1264521,geoname:1264521|city:madurai,Madurai,Tamil Nadu,India,Asia/Kolkata,1264521,EKADASHI,Shravana Putrada Ekadashi,EKADASHI_2026_08_23_SHRAVANA_PUTRADA_EKADASHI,Dwadashi Dwaya,DWADASHI_DWAYA,PARANA,Shravana Putrada Ekadashi,Upavaasa: 23-Aug-26 and 24-Aug-26 | Parana today: 06:09 AM to 06:20 AM,**Perform Parana today** between 06:09 AM and 06:20 AM. Upavaasa was observed on 23-Aug-26 and 24-Aug-26.,Shravana Putrada Ekadashi. Perform Parana today between 06:09 AM and 06:20 AM. Upavaasa was observed on 23-Aug-26 and 24-Aug-26. Upavaasa: 23-Aug-26 and 24-Aug-26 | Parana today: 06:09 AM to 06:20 AM,30,2026-08-23,ekadashi_cycle_scanner.py,legacy_ekadashi_messages,APPROVED,2026-08-22T21:30:44-04:00,shravana_putrada_ekadashi_messages.csv
2026-08-25,geoname:1264527,geoname:1264527|city:chennai,Chennai,Tamil Nadu,India,Asia/Kolkata,1264527,EKADASHI,Shravana Putrada Ekadashi,EKADASHI_2026_08_23_SHRAVANA_PUTRADA_EKADASHI,Dwadashi Dwaya,DWADASHI_DWAYA,PARANA,Shravana Putrada Ekadashi,Upavaasa: 23-Aug-26 and 24-Aug-26 | Parana today: 05:57 AM to 06:20 AM,**Perform Parana today** between 05:57 AM and 06:20 AM. Upavaasa was observed on 23-Aug-26 and 24-Aug-26.,Shravana Putrada Ekadashi. Perform Parana today between 05:57 AM and 06:20 AM. Upavaasa was observed on 23-Aug-26 and 24-Aug-26. Upavaasa: 23-Aug-26 and 24-Aug-26 | Parana today: 05:57 AM to 06:20 AM,30,2026-08-23,ekadashi_cycle_scanner.py,legacy_ekadashi_messages,APPROVED,2026-08-22T21:30:44-04:00,shravana_putrada_ekadashi_messages.csv
2026-08-25,geoname:1264733,geoname:1264733|city:lucknow,Lucknow,Uttar Pradesh,India,Asia/Kolkata,1264733,EKADASHI,Shravana Putrada Ekadashi,EKADASHI_2026_08_23_SHRAVANA_PUTRADA_EKADASHI,Dwadashi Dwaya,DWADASHI_DWAYA,PARANA,Shravana Putrada Ekadashi,Upavaasa: 23-Aug-26 and 24-Aug-26 | Parana today: 05:42 AM to 06:20 AM,**Perform Parana today** between 05:42 AM and 06:20 AM. Upavaasa was observed on 23-Aug-26 and 24-Aug-26.,Shravana Putrada Ekadashi. Perform Parana today between 05:42 AM and 06:20 AM. Upavaasa was observed on 23-Aug-26 and 24-Aug-26. Upavaasa: 23-Aug-26 and 24-Aug-26 | Parana today: 05:42 AM to 06:20 AM,30,2026-08-23,ekadashi_cycle_scanner.py,legacy_ekadashi_messages,APPROVED,2026-08-22T21:30:44-04:00,shravana_putrada_ekadashi_messages.csv
2026-08-25,geoname:1265683,geoname:1265683|city:kumbakonam,Kumbakonam,Tamil Nadu,India,Asia/Kolkata,1265683,EKADASHI,Shravana Putrada Ekadashi,EKADASHI_2026_08_23_SHRAVANA_PUTRADA_EKADASHI,Dwadashi Dwaya,DWADASHI_DWAYA,PARANA,Shravana Putrada Ekadashi,Upavaasa: 23-Aug-26 and 24-Aug-26 | Parana today: 06:03 AM to 06:20 AM,**Perform Parana today** between 06:03 AM and 06:20 AM. Upavaasa was observed on 23-Aug-26 and 24-Aug-26.,Shravana Putrada Ekadashi. Perform Parana today between 06:03 AM and 06:20 AM. Upavaasa was observed on 23-Aug-26 and 24-Aug-26. Upavaasa: 23-Aug-26 and 24-Aug-26 | Parana today: 06:03 AM to 06:20 AM,30,2026-08-23,ekadashi_cycle_scanner.py,legacy_ekadashi_messages,APPROVED,2026-08-22T21:30:44-04:00,shravana_putrada_ekadashi_messages.csv
2026-08-25,geoname:1266285,geoname:1266285|city:kolhapur,Kolhapur,Maharashtra,India,Asia/Kolkata,1266285,EKADASHI,Shravana Putrada Ekadashi,EKADASHI_2026_08_23_SHRAVANA_PUTRADA_EKADASHI,Dwadashi Dwaya,DWADASHI_DWAYA,PARANA,Shravana Putrada Ekadashi,Upavaasa: 23-Aug-26 and 24-Aug-26 | Parana today: 06:19 AM to 06:20 AM,**Perform Parana today** between 06:19 AM and 06:20 AM. Upavaasa was observed on 23-Aug-26 and 24-Aug-26.,Shravana Putrada Ekadashi. Perform Parana today between 06:19 AM and 06:20 AM. Upavaasa was observed on 23-Aug-26 and 24-Aug-26. Upavaasa: 23-Aug-26 and 24-Aug-26 | Parana today: 06:19 AM to 06:20 AM,30,2026-08-23,ekadashi_cycle_scanner.py,legacy_ekadashi_messages,APPROVED,2026-08-22T21:30:44-04:00,shravana_putrada_ekadashi_messages.csv
2026-08-25,geoname:1268159,geoname:1268159|city:kanchipuram,Kanchipuram,Tamil Nadu,India,Asia/Kolkata,1268159,EKADASHI,Shravana Putrada Ekadashi,EKADASHI_2026_08_23_SHRAVANA_PUTRADA_EKADASHI,Dwadashi Dwaya,DWADASHI_DWAYA,PARANA,Shravana Putrada Ekadashi,Upavaasa: 23-Aug-26 and 24-Aug-26 | Parana today: 06:00 AM to 06:20 AM,**Perform Parana today** between 06:00 AM and 06:20 AM. Upavaasa was observed on 23-Aug-26 and 24-Aug-26.,Shravana Putrada Ekadashi. Perform Parana today between 06:00 AM and 06:20 AM. Upavaasa was observed on 23-Aug-26 and 24-Aug-26. Upavaasa: 23-Aug-26 and 24-Aug-26 | Parana today: 06:00 AM to 06:20 AM,30,2026-08-23,ekadashi_cycle_scanner.py,legacy_ekadashi_messages,APPROVED,2026-08-22T21:30:44-04:00,shravana_putrada_ekadashi_messages.csv
2026-08-25,geoname:1269655,geoname:1269655|city:itanagar,Itanagar,Arunachal Pradesh,India,Asia/Kolkata,1269655,EKADASHI,Shravana Putrada Ekadashi,EKADASHI_2026_08_23_SHRAVANA_PUTRADA_EKADASHI,Dwadashi Dwaya,DWADASHI_DWAYA,PARANA,Shravana Putrada Ekadashi,Upavaasa: 23-Aug-26 and 24-Aug-26 | Parana today: 04:51 AM to 06:20 AM,**Perform Parana today** between 04:51 AM and 06:20 AM. Upavaasa was observed on 23-Aug-26 and 24-Aug-26.,Shravana Putrada Ekadashi. Perform Parana today between 04:51 AM and 06:20 AM. Upavaasa was observed on 23-Aug-26 and 24-Aug-26. Upavaasa: 23-Aug-26 and 24-Aug-26 | Parana today: 04:51 AM to 06:20 AM,30,2026-08-23,ekadashi_cycle_scanner.py,legacy_ekadashi_messages,APPROVED,2026-08-22T21:30:44-04:00,shravana_putrada_ekadashi_messages.csv
2026-08-25,geoname:1269771,geoname:1269771|city:imphal,Imphal,Manipur,India,Asia/Kolkata,1269771,EKADASHI,Shravana Putrada Ekadashi,EKADASHI_2026_08_23_SHRAVANA_PUTRADA_EKADASHI,Dwadashi Dwaya,DWADASHI_DWAYA,PARANA,Shravana Putrada Ekadashi,Upavaasa: 23-Aug-26 and 24-Aug-26 | Parana today: 04:52 AM to 06:20 AM,**Perform Parana today** between 04:52 AM and 06:20 AM. Upavaasa was observed on 23-Aug-26 and 24-Aug-26.,Shravana Putrada Ekadashi. Perform Parana today between 04:52 AM and 06:20 AM. Upavaasa was observed on 23-Aug-26 and 24-Aug-26. Upavaasa: 23-Aug-26 and 24-Aug-26 | Parana today: 04:52 AM to 06:20 AM,30,2026-08-23,ekadashi_cycle_scanner.py,legacy_ekadashi_messages,APPROVED,2026-08-22T21:30:44-04:00,shravana_putrada_ekadashi_messages.csv
2026-08-25,geoname:1269843,geoname:1269843|city:hyderabad,Hyderabad,Telangana,India,Asia/Kolkata,1269843,EKADASHI,Shravana Putrada Ekadashi,EKADASHI_2026_08_23_SHRAVANA_PUTRADA_EKADASHI,Dwadashi Dwaya,DWADASHI_DWAYA,PARANA,Shravana Putrada Ekadashi,Upavaasa: 23-Aug-26 and 24-Aug-26 | Parana today: 06:01 AM to 06:20 AM,**Perform Parana today** between 06:01 AM and 06:20 AM. Upavaasa was observed on 23-Aug-26 and 24-Aug-26.,Shravana Putrada Ekadashi. Perform Parana today between 06:01 AM and 06:20 AM. Upavaasa was observed on 23-Aug-26 and 24-Aug-26. Upavaasa: 23-Aug-26 and 24-Aug-26 | Parana today: 06:01 AM to 06:20 AM,30,2026-08-23,ekadashi_cycle_scanner.py,legacy_ekadashi_messages,APPROVED,2026-08-22T21:30:44-04:00,shravana_putrada_ekadashi_messages.csv
2026-08-25,geoname:1269920,geoname:1269920|city:hubli,Hubli,Karnataka,India,Asia/Kolkata,1269920,EKADASHI,Shravana Putrada Ekadashi,EKADASHI_2026_08_23_SHRAVANA_PUTRADA_EKADASHI,Dwadashi Dwaya,DWADASHI_DWAYA,PARANA,Shravana Putrada Ekadashi,Upavaasa: 23-Aug-26 and 24-Aug-26 | Parana today: 06:16 AM to 06:20 AM,**Perform Parana today** between 06:16 AM and 06:20 AM. Upavaasa was observed on 23-Aug-26 and 24-Aug-26.,Shravana Putrada Ekadashi. Perform Parana today between 06:16 AM and 06:20 AM. Upavaasa was observed on 23-Aug-26 and 24-Aug-26. Upavaasa: 23-Aug-26 and 24-Aug-26 | Parana today: 06:16 AM to 06:20 AM,30,2026-08-23,ekadashi_cycle_scanner.py,legacy_ekadashi_messages,APPROVED,2026-08-22T21:30:44-04:00,shravana_putrada_ekadashi_messages.csv
2026-08-25,geoname:1270603,geoname:1270603|city:guruvayur,Guruvayur,Kerala,India,Asia/Kolkata,1270603,EKADASHI,Shravana Putrada Ekadashi,EKADASHI_2026_08_23_SHRAVANA_PUTRADA_EKADASHI,Dwadashi Dwaya,DWADASHI_DWAYA,PARANA,Shravana Putrada Ekadashi,Upavaasa: 23-Aug-26 and 24-Aug-26 | Parana today: 06:16 AM to 06:20 AM,**Perform Parana today** between 06:16 AM and 06:20 AM. Upavaasa was observed on 23-Aug-26 and 24-Aug-26.,Shravana Putrada Ekadashi. Perform Parana today between 06:16 AM and 06:20 AM. Upavaasa was observed on 23-Aug-26 and 24-Aug-26. Upavaasa: 23-Aug-26 and 24-Aug-26 | Parana today: 06:16 AM to 06:20 AM,30,2026-08-23,ekadashi_cycle_scanner.py,legacy_ekadashi_messages,APPROVED,2026-08-22T21:30:44-04:00,shravana_putrada_ekadashi_messages.csv
2026-08-25,geoname:1271476,geoname:1271476|city:guwahati,Guwahati,Assam,India,Asia/Kolkata,1271476,EKADASHI,Shravana Putrada Ekadashi,EKADASHI_2026_08_23_SHRAVANA_PUTRADA_EKADASHI,Dwadashi Dwaya,DWADASHI_DWAYA,PARANA,Shravana Putrada Ekadashi,Upavaasa: 23-Aug-26 and 24-Aug-26 | Parana today: 05:00 AM to 06:20 AM,**Perform Parana today** between 05:00 AM and 06:20 AM. Upavaasa was observed on 23-Aug-26 and 24-Aug-26.,Shravana Putrada Ekadashi. Perform Parana today between 05:00 AM and 06:20 AM. Upavaasa was observed on 23-Aug-26 and 24-Aug-26. Upavaasa: 23-Aug-26 and 24-Aug-26 | Parana today: 05:00 AM to 06:20 AM,30,2026-08-23,ekadashi_cycle_scanner.py,legacy_ekadashi_messages,APPROVED,2026-08-22T21:30:44-04:00,shravana_putrada_ekadashi_messages.csv
2026-08-25,geoname:1271631,geoname:1271631|city:gangtok,Gangtok,Sikkim,India,Asia/Kolkata,1271631,EKADASHI,Shravana Putrada Ekadashi,EKADASHI_2026_08_23_SHRAVANA_PUTRADA_EKADASHI,Dwadashi Dwaya,DWADASHI_DWAYA,PARANA,Shravana Putrada Ekadashi,Upavaasa: 23-Aug-26 and 24-Aug-26 | Parana today: 05:11 AM to 06:20 AM,**Perform Parana today** between 05:11 AM and 06:20 AM. Upavaasa was observed on 23-Aug-26 and 24-Aug-26.,Shravana Putrada Ekadashi. Perform Parana today between 05:11 AM and 06:20 AM. Upavaasa was observed on 23-Aug-26 and 24-Aug-26. Upavaasa: 23-Aug-26 and 24-Aug-26 | Parana today: 05:11 AM to 06:20 AM,30,2026-08-23,ekadashi_cycle_scanner.py,legacy_ekadashi_messages,APPROVED,2026-08-22T21:30:44-04:00,shravana_putrada_ekadashi_messages.csv
2026-08-25,geoname:1272552,geoname:1272552|city:dimapur,Dimapur,Nagaland,India,Asia/Kolkata,1272552,EKADASHI,Shravana Putrada Ekadashi,EKADASHI_2026_08_23_SHRAVANA_PUTRADA_EKADASHI,Dwadashi Dwaya,DWADASHI_DWAYA,PARANA,Shravana Putrada Ekadashi,Upavaasa: 23-Aug-26 and 24-Aug-26 | Parana today: 04:52 AM to 06:20 AM,**Perform Parana today** between 04:52 AM and 06:20 AM. Upavaasa was observed on 23-Aug-26 and 24-Aug-26.,Shravana Putrada Ekadashi. Perform Parana today between 04:52 AM and 06:20 AM. Upavaasa was observed on 23-Aug-26 and 24-Aug-26. Upavaasa: 23-Aug-26 and 24-Aug-26 | Parana today: 04:52 AM to 06:20 AM,30,2026-08-23,ekadashi_cycle_scanner.py,legacy_ekadashi_messages,APPROVED,2026-08-22T21:30:44-04:00,shravana_putrada_ekadashi_messages.csv
2026-08-25,geoname:1272648,geoname:1272648|city:dibrugarh,Dibrugarh,Assam,India,Asia/Kolkata,1272648,EKADASHI,Shravana Putrada Ekadashi,EKADASHI_2026_08_23_SHRAVANA_PUTRADA_EKADASHI,Dwadashi Dwaya,DWADASHI_DWAYA,PARANA,Shravana Putrada Ekadashi,Upavaasa: 23-Aug-26 and 24-Aug-26 | Parana today: 04:46 AM to 06:20 AM,**Perform Parana today** between 04:46 AM and 06:20 AM. Upavaasa was observed on 23-Aug-26 and 24-Aug-26.,Shravana Putrada Ekadashi. Perform Parana today between 04:46 AM and 06:20 AM. Upavaasa was observed on 23-Aug-26 and 24-Aug-26. Upavaasa: 23-Aug-26 and 24-Aug-26 | Parana today: 04:46 AM to 06:20 AM,30,2026-08-23,ekadashi_cycle_scanner.py,legacy_ekadashi_messages,APPROVED,2026-08-22T21:30:44-04:00,shravana_putrada_ekadashi_messages.csv
2026-08-25,geoname:1274256,geoname:1274256|city:chidambaram,Chidambaram,Tamil Nadu,India,Asia/Kolkata,1274256,EKADASHI,Shravana Putrada Ekadashi,EKADASHI_2026_08_23_SHRAVANA_PUTRADA_EKADASHI,Dwadashi Dwaya,DWADASHI_DWAYA,PARANA,Shravana Putrada Ekadashi,Upavaasa: 23-Aug-26 and 24-Aug-26 | Parana today: 06:01 AM to 06:20 AM,**Perform Parana today** between 06:01 AM and 06:20 AM. Upavaasa was observed on 23-Aug-26 and 24-Aug-26.,Shravana Putrada Ekadashi. Perform Parana today between 06:01 AM and 06:20 AM. Upavaasa was observed on 23-Aug-26 and 24-Aug-26. Upavaasa: 23-Aug-26 and 24-Aug-26 | Parana today: 06:01 AM to 06:20 AM,30,2026-08-23,ekadashi_cycle_scanner.py,legacy_ekadashi_messages,APPROVED,2026-08-22T21:30:44-04:00,shravana_putrada_ekadashi_messages.csv
2026-08-25,geoname:1275004,geoname:1275004|city:kolkata,Kolkata,West Bengal,India,Asia/Kolkata,1275004,EKADASHI,Shravana Putrada Ekadashi,EKADASHI_2026_08_23_SHRAVANA_PUTRADA_EKADASHI,Dwadashi Dwaya,DWADASHI_DWAYA,PARANA,Shravana Putrada Ekadashi,Upavaasa: 23-Aug-26 and 24-Aug-26 | Parana today: 05:17 AM to 06:20 AM,**Perform Parana today** between 05:17 AM and 06:20 AM. Upavaasa was observed on 23-Aug-26 and 24-Aug-26.,Shravana Putrada Ekadashi. Perform Parana today between 05:17 AM and 06:20 AM. Upavaasa was observed on 23-Aug-26 and 24-Aug-26. Upavaasa: 23-Aug-26 and 24-Aug-26 | Parana today: 05:17 AM to 06:20 AM,30,2026-08-23,ekadashi_cycle_scanner.py,legacy_ekadashi_messages,APPROVED,2026-08-22T21:30:44-04:00,shravana_putrada_ekadashi_messages.csv
2026-08-25,geoname:1275817,geoname:1275817|city:bhubaneswar,Bhubaneswar,Odisha,India,Asia/Kolkata,1275817,EKADASHI,Shravana Putrada Ekadashi,EKADASHI_2026_08_23_SHRAVANA_PUTRADA_EKADASHI,Dwadashi Dwaya,DWADASHI_DWAYA,PARANA,Shravana Putrada Ekadashi,Upavaasa: 23-Aug-26 and 24-Aug-26 | Parana today: 05:29 AM to 06:20 AM,**Perform Parana today** between 05:29 AM and 06:20 AM. Upavaasa was observed on 23-Aug-26 and 24-Aug-26.,Shravana Putrada Ekadashi. Perform Parana today between 05:29 AM and 06:20 AM. Upavaasa was observed on 23-Aug-26 and 24-Aug-26. Upavaasa: 23-Aug-26 and 24-Aug-26 | Parana today: 05:29 AM to 06:20 AM,30,2026-08-23,ekadashi_cycle_scanner.py,legacy_ekadashi_messages,APPROVED,2026-08-22T21:30:44-04:00,shravana_putrada_ekadashi_messages.csv
2026-08-25,geoname:1275841,geoname:1275841|city:bhopal,Bhopal,Madhya Pradesh,India,Asia/Kolkata,1275841,EKADASHI,Shravana Putrada Ekadashi,EKADASHI_2026_08_23_SHRAVANA_PUTRADA_EKADASHI,Dwadashi Dwaya,DWADASHI_DWAYA,PARANA,Shravana Putrada Ekadashi,Upavaasa: 23-Aug-26 and 24-Aug-26 | Parana today: 06:00 AM to 06:20 AM,**Perform Parana today** between 06:00 AM and 06:20 AM. Upavaasa was observed on 23-Aug-26 and 24-Aug-26.,Shravana Putrada Ekadashi. Perform Parana today between 06:00 AM and 06:20 AM. Upavaasa was observed on 23-Aug-26 and 24-Aug-26. Upavaasa: 23-Aug-26 and 24-Aug-26 | Parana today: 06:00 AM to 06:20 AM,30,2026-08-23,ekadashi_cycle_scanner.py,legacy_ekadashi_messages,APPROVED,2026-08-22T21:30:44-04:00,shravana_putrada_ekadashi_messages.csv
2026-08-25,geoname:1276533,geoname:1276533|city:belgaum,Belgaum,Karnataka,India,Asia/Kolkata,1276533,EKADASHI,Shravana Putrada Ekadashi,EKADASHI_2026_08_23_SHRAVANA_PUTRADA_EKADASHI,Dwadashi Dwaya,DWADASHI_DWAYA,PARANA,Shravana Putrada Ekadashi,Upavaasa: 23-Aug-26 and 24-Aug-26 | Parana today: 06:18 AM to 06:20 AM,**Perform Parana today** between 06:18 AM and 06:20 AM. Upavaasa was observed on 23-Aug-26 and 24-Aug-26.,Shravana Putrada Ekadashi. Perform Parana today between 06:18 AM and 06:20 AM. Upavaasa was observed on 23-Aug-26 and 24-Aug-26. Upavaasa: 23-Aug-26 and 24-Aug-26 | Parana today: 06:18 AM to 06:20 AM,30,2026-08-23,ekadashi_cycle_scanner.py,legacy_ekadashi_messages,APPROVED,2026-08-22T21:30:44-04:00,shravana_putrada_ekadashi_messages.csv
2026-08-25,geoname:1277333,geoname:1277333|city:bengaluru,Bengaluru,Karnataka,India,Asia/Kolkata,1277333,EKADASHI,Shravana Putrada Ekadashi,EKADASHI_2026_08_23_SHRAVANA_PUTRADA_EKADASHI,Dwadashi Dwaya,DWADASHI_DWAYA,PARANA,Shravana Putrada Ekadashi,Upavaasa: 23-Aug-26 and 24-Aug-26 | Parana today: 06:08 AM to 06:20 AM,**Perform Parana today** between 06:08 AM and 06:20 AM. Upavaasa was observed on 23-Aug-26 and 24-Aug-26.,Shravana Putrada Ekadashi. Perform Parana today between 06:08 AM and 06:20 AM. Upavaasa was observed on 23-Aug-26 and 24-Aug-26. Upavaasa: 23-Aug-26 and 24-Aug-26 | Parana today: 06:08 AM to 06:20 AM,30,2026-08-23,ekadashi_cycle_scanner.py,legacy_ekadashi_messages,APPROVED,2026-08-22T21:30:44-04:00,shravana_putrada_ekadashi_messages.csv
2026-08-25,geoname:1278094,geoname:1278094|city:ayodhya,Ayodhya,Uttar Pradesh,India,Asia/Kolkata,1278094,EKADASHI,Shravana Putrada Ekadashi,EKADASHI_2026_08_23_SHRAVANA_PUTRADA_EKADASHI,Dwadashi Dwaya,DWADASHI_DWAYA,PARANA,Shravana Putrada Ekadashi,Upavaasa: 23-Aug-26 and 24-Aug-26 | Parana today: 05:37 AM to 06:20 AM,**Perform Parana today** between 05:37 AM and 06:20 AM. Upavaasa was observed on 23-Aug-26 and 24-Aug-26.,Shravana Putrada Ekadashi. Perform Parana today between 05:37 AM and 06:20 AM. Upavaasa was observed on 23-Aug-26 and 24-Aug-26. Upavaasa: 23-Aug-26 and 24-Aug-26 | Parana today: 05:37 AM to 06:20 AM,30,2026-08-23,ekadashi_cycle_scanner.py,legacy_ekadashi_messages,APPROVED,2026-08-22T21:30:44-04:00,shravana_putrada_ekadashi_messages.csv
2026-08-25,geoname:1278994,geoname:1278994|city:prayagraj,Prayagraj,Uttar Pradesh,India,Asia/Kolkata,1278994,EKADASHI,Shravana Putrada Ekadashi,EKADASHI_2026_08_23_SHRAVANA_PUTRADA_EKADASHI,Dwadashi Dwaya,DWADASHI_DWAYA,PARANA,Shravana Putrada Ekadashi,Upavaasa: 23-Aug-26 and 24-Aug-26 | Parana today: 05:40 AM to 06:20 AM,**Perform Parana today** between 05:40 AM and 06:20 AM. Upavaasa was observed on 23-Aug-26 and 24-Aug-26.,Shravana Putrada Ekadashi. Perform Parana today between 05:40 AM and 06:20 AM. Upavaasa was observed on 23-Aug-26 and 24-Aug-26. Upavaasa: 23-Aug-26 and 24-Aug-26 | Parana today: 05:40 AM to 06:20 AM,30,2026-08-23,ekadashi_cycle_scanner.py,legacy_ekadashi_messages,APPROVED,2026-08-22T21:30:44-04:00,shravana_putrada_ekadashi_messages.csv
2026-08-25,geoname:1279186,geoname:1279186|city:aizawl,Aizawl,Mizoram,India,Asia/Kolkata,1279186,EKADASHI,Shravana Putrada Ekadashi,EKADASHI_2026_08_23_SHRAVANA_PUTRADA_EKADASHI,Dwadashi Dwaya,DWADASHI_DWAYA,PARANA,Shravana Putrada Ekadashi,Upavaasa: 23-Aug-26 and 24-Aug-26 | Parana today: 04:58 AM to 06:20 AM,**Perform Parana today** between 04:58 AM and 06:20 AM. Upavaasa was observed on 23-Aug-26 and 24-Aug-26.,Shravana Putrada Ekadashi. Perform Parana today between 04:58 AM and 06:20 AM. Upavaasa was observed on 23-Aug-26 and 24-Aug-26. Upavaasa: 23-Aug-26 and 24-Aug-26 | Parana today: 04:58 AM to 06:20 AM,30,2026-08-23,ekadashi_cycle_scanner.py,legacy_ekadashi_messages,APPROVED,2026-08-22T21:30:44-04:00,shravana_putrada_ekadashi_messages.csv
2026-08-25,geoname:1279290,geoname:1279290|city:agartala,Agartala,Tripura,India,Asia/Kolkata,1279290,EKADASHI,Shravana Putrada Ekadashi,EKADASHI_2026_08_23_SHRAVANA_PUTRADA_EKADASHI,Dwadashi Dwaya,DWADASHI_DWAYA,PARANA,Shravana Putrada Ekadashi,Upavaasa: 23-Aug-26 and 24-Aug-26 | Parana today: 05:04 AM to 06:20 AM,**Perform Parana today** between 05:04 AM and 06:20 AM. Upavaasa was observed on 23-Aug-26 and 24-Aug-26.,Shravana Putrada Ekadashi. Perform Parana today between 05:04 AM and 06:20 AM. Upavaasa was observed on 23-Aug-26 and 24-Aug-26. Upavaasa: 23-Aug-26 and 24-Aug-26 | Parana today: 05:04 AM to 06:20 AM,30,2026-08-23,ekadashi_cycle_scanner.py,legacy_ekadashi_messages,APPROVED,2026-08-22T21:30:44-04:00,shravana_putrada_ekadashi_messages.csv
2026-08-25,geoname:1835848,geoname:1835848|city:seoul,Seoul,Seoul,South Korea,Asia/Seoul,1835848,EKADASHI,Shravana Putrada Ekadashi,EKADASHI_2026_08_23_SHRAVANA_PUTRADA_EKADASHI,Dashami Viddha -> Valid Ekadashi,DASHAMI_VIDDHA_THEN_VALID_EKADASHI,PARANA,Shravana Putrada Ekadashi,Upavaasa: 24-Aug-26 | Parana today: 05:56 AM to 08:35 AM,**Perform Parana today** between 05:56 AM and 08:35 AM. Upavaasa was observed on 24-Aug-26.,Shravana Putrada Ekadashi. Perform Parana today between 05:56 AM and 08:35 AM. Upavaasa was observed on 24-Aug-26. Upavaasa: 24-Aug-26 | Parana today: 05:56 AM to 08:35 AM,30,2026-08-23,ekadashi_cycle_scanner.py,legacy_ekadashi_messages,APPROVED,2026-08-22T21:30:44-04:00,shravana_putrada_ekadashi_messages.csv
2026-08-25,geoname:2063523,geoname:2063523|city:perth,Perth,Western Australia,Australia,Australia/Perth,2063523,EKADASHI,Shravana Putrada Ekadashi,EKADASHI_2026_08_23_SHRAVANA_PUTRADA_EKADASHI,Ekadashi Dwaya,EKADASHI_DWAYA,PARANA,Shravana Putrada Ekadashi,Upavaasa: 23-Aug-26 and 24-Aug-26 | Parana today: 06:42 AM to 08:50 AM,**Perform Parana today** between 06:42 AM and 08:50 AM. Upavaasa was observed on 23-Aug-26 and 24-Aug-26.,Shravana Putrada Ekadashi. Perform Parana today between 06:42 AM and 08:50 AM. Upavaasa was observed on 23-Aug-26 and 24-Aug-26. Upavaasa: 23-Aug-26 and 24-Aug-26 | Parana today: 06:42 AM to 08:50 AM,30,2026-08-23,ekadashi_cycle_scanner.py,legacy_ekadashi_messages,APPROVED,2026-08-22T21:30:44-04:00,shravana_putrada_ekadashi_messages.csv
2026-08-25,geoname:2078025,geoname:2078025|city:adelaide,Adelaide,South Australia,Australia,Australia/Adelaide,2078025,EKADASHI,Shravana Putrada Ekadashi,EKADASHI_2026_08_23_SHRAVANA_PUTRADA_EKADASHI,Dashami Viddha -> Valid Ekadashi,DASHAMI_VIDDHA_THEN_VALID_EKADASHI,PARANA,Shravana Putrada Ekadashi,Upavaasa: 24-Aug-26 | Parana today: 06:44 AM to 08:57 AM,**Perform Parana today** between 06:44 AM and 08:57 AM. Upavaasa was observed on 24-Aug-26.,Shravana Putrada Ekadashi. Perform Parana today between 06:44 AM and 08:57 AM. Upavaasa was observed on 24-Aug-26. Upavaasa: 24-Aug-26 | Parana today: 06:44 AM to 08:57 AM,30,2026-08-23,ekadashi_cycle_scanner.py,legacy_ekadashi_messages,APPROVED,2026-08-22T21:30:44-04:00,shravana_putrada_ekadashi_messages.csv
2026-08-25,geoname:2147714,geoname:2147714|city:sydney,Sydney,New South Wales,Australia,Australia/Sydney,2147714,EKADASHI,Shravana Putrada Ekadashi,EKADASHI_2026_08_23_SHRAVANA_PUTRADA_EKADASHI,Normal Ekadashi,NORMAL,PARANA,Shravana Putrada Ekadashi,Upavaasa: 24-Aug-26 | Parana today: 06:23 AM to 08:37 AM,**Perform Parana today** between 06:23 AM and 08:37 AM. Upavaasa was observed on 24-Aug-26.,Shravana Putrada Ekadashi. Perform Parana today between 06:23 AM and 08:37 AM. Upavaasa was observed on 24-Aug-26. Upavaasa: 24-Aug-26 | Parana today: 06:23 AM to 08:37 AM,30,2026-08-23,ekadashi_cycle_scanner.py,legacy_ekadashi_messages,APPROVED,2026-08-22T21:30:44-04:00,shravana_putrada_ekadashi_messages.csv
2026-08-25,geoname:2158177,geoname:2158177|city:melbourne,Melbourne,Victoria,Australia,Australia/Melbourne,2158177,EKADASHI,Shravana Putrada Ekadashi,EKADASHI_2026_08_23_SHRAVANA_PUTRADA_EKADASHI,Dashami Viddha -> Valid Ekadashi,DASHAMI_VIDDHA_THEN_VALID_EKADASHI,PARANA,Shravana Putrada Ekadashi,Upavaasa: 24-Aug-26 | Parana today: 06:52 AM to 09:04 AM,**Perform Parana today** between 06:52 AM and 09:04 AM. Upavaasa was observed on 24-Aug-26.,Shravana Putrada Ekadashi. Perform Parana today between 06:52 AM and 09:04 AM. Upavaasa was observed on 24-Aug-26. Upavaasa: 24-Aug-26 | Parana today: 06:52 AM to 09:04 AM,30,2026-08-23,ekadashi_cycle_scanner.py,legacy_ekadashi_messages,APPROVED,2026-08-22T21:30:44-04:00,shravana_putrada_ekadashi_messages.csv
2026-08-25,geoname:2172517,geoname:2172517|city:canberra,Canberra,Australian Capital Territory,Australia,Australia/Sydney,2172517,EKADASHI,Shravana Putrada Ekadashi,EKADASHI_2026_08_23_SHRAVANA_PUTRADA_EKADASHI,Dashami Viddha -> Valid Ekadashi,DASHAMI_VIDDHA_THEN_VALID_EKADASHI,PARANA,Shravana Putrada Ekadashi,Upavaasa: 24-Aug-26 | Parana today: 06:33 AM to 08:46 AM,**Perform Parana today** between 06:33 AM and 08:46 AM. Upavaasa was observed on 24-Aug-26.,Shravana Putrada Ekadashi. Perform Parana today between 06:33 AM and 08:46 AM. Upavaasa was observed on 24-Aug-26. Upavaasa: 24-Aug-26 | Parana today: 06:33 AM to 08:46 AM,30,2026-08-23,ekadashi_cycle_scanner.py,legacy_ekadashi_messages,APPROVED,2026-08-22T21:30:44-04:00,shravana_putrada_ekadashi_messages.csv
2026-08-25,geoname:2174003,geoname:2174003|city:brisbane,Brisbane,Queensland,Australia,Australia/Brisbane,2174003,EKADASHI,Shravana Putrada Ekadashi,EKADASHI_2026_08_23_SHRAVANA_PUTRADA_EKADASHI,Normal Ekadashi,NORMAL,PARANA,Shravana Putrada Ekadashi,Upavaasa: 24-Aug-26 | Parana today: 06:09 AM to 08:25 AM,**Perform Parana today** between 06:09 AM and 08:25 AM. Upavaasa was observed on 24-Aug-26.,Shravana Putrada Ekadashi. Perform Parana today between 06:09 AM and 08:25 AM. Upavaasa was observed on 24-Aug-26. Upavaasa: 24-Aug-26 | Parana today: 06:09 AM to 08:25 AM,30,2026-08-23,ekadashi_cycle_scanner.py,legacy_ekadashi_messages,APPROVED,2026-08-22T21:30:44-04:00,shravana_putrada_ekadashi_messages.csv
2026-08-25,geoname:2179537,geoname:2179537|city:wellington,Wellington,Wellington,New Zealand,Pacific/Auckland,2179537,EKADASHI,Shravana Putrada Ekadashi,EKADASHI_2026_08_23_SHRAVANA_PUTRADA_EKADASHI,Normal Ekadashi,NORMAL,PARANA,Shravana Putrada Ekadashi,Upavaasa: 24-Aug-26 | Parana today: 06:57 AM to 09:07 AM,**Perform Parana today** between 06:57 AM and 09:07 AM. Upavaasa was observed on 24-Aug-26.,Shravana Putrada Ekadashi. Perform Parana today between 06:57 AM and 09:07 AM. Upavaasa was observed on 24-Aug-26. Upavaasa: 24-Aug-26 | Parana today: 06:57 AM to 09:07 AM,30,2026-08-23,ekadashi_cycle_scanner.py,legacy_ekadashi_messages,APPROVED,2026-08-22T21:30:44-04:00,shravana_putrada_ekadashi_messages.csv
2026-08-25,geoname:2192362,geoname:2192362|city:christchurch,Christchurch,Canterbury,New Zealand,Pacific/Auckland,2192362,EKADASHI,Shravana Putrada Ekadashi,EKADASHI_2026_08_23_SHRAVANA_PUTRADA_EKADASHI,Normal Ekadashi,NORMAL,PARANA,Shravana Putrada Ekadashi,Upavaasa: 24-Aug-26 | Parana today: 07:09 AM to 09:18 AM,**Perform Parana today** between 07:09 AM and 09:18 AM. Upavaasa was observed on 24-Aug-26.,Shravana Putrada Ekadashi. Perform Parana today between 07:09 AM and 09:18 AM. Upavaasa was observed on 24-Aug-26. Upavaasa: 24-Aug-26 | Parana today: 07:09 AM to 09:18 AM,30,2026-08-23,ekadashi_cycle_scanner.py,legacy_ekadashi_messages,APPROVED,2026-08-22T21:30:44-04:00,shravana_putrada_ekadashi_messages.csv
2026-08-25,geoname:2193733,geoname:2193733|city:auckland,Auckland,Auckland,New Zealand,Pacific/Auckland,2193733,EKADASHI,Shravana Putrada Ekadashi,EKADASHI_2026_08_23_SHRAVANA_PUTRADA_EKADASHI,Normal Ekadashi,NORMAL,PARANA,Shravana Putrada Ekadashi,Upavaasa: 24-Aug-26 | Parana today: 06:52 AM to 09:05 AM,**Perform Parana today** between 06:52 AM and 09:05 AM. Upavaasa was observed on 24-Aug-26.,Shravana Putrada Ekadashi. Perform Parana today between 06:52 AM and 09:05 AM. Upavaasa was observed on 24-Aug-26. Upavaasa: 24-Aug-26 | Parana today: 06:52 AM to 09:05 AM,30,2026-08-23,ekadashi_cycle_scanner.py,legacy_ekadashi_messages,APPROVED,2026-08-22T21:30:44-04:00,shravana_putrada_ekadashi_messages.csv
2026-08-27,geoname:4167147,geoname:4167147|city:orlando,Orlando,Florida,United States,America/New_York,4167147,GRAHANA,Chandra Grahan *Anshika,GRAHANA_2026_08_CHANDRA_GRAHAN_ANSHIKA,CHANDRA_GRAHANA,DRIK_LOCAL_GRAHANA_VISIBLE,OBSERVANCE,Chandra Grahan *Anshika,"Sutak Begins - 10:14 AM | Sutak Ends - 01:51 AM, Aug 28 | Eclipse Start - 10:34 PM | Eclipse End - 01:51 AM, Aug 28",,"Chandra Grahan *Anshika. Sutak Begins - 10:14 AM | Sutak Ends - 01:51 AM, Aug 28 | Eclipse Start - 10:34 PM | Eclipse End - 01:51 AM, Aug 28",20,2026-08-27,grahana_engine.py,GRAHANA_V2_2_CITY_CONTEXT_THEN_DISCOVERY_URL,APPROVED,2026-08-22T21:30:44-04:00,grahana_messages.csv
2026-08-27,geoname:4174757,geoname:4174757|city:tampa,Tampa,Florida,United States,America/New_York,4174757,GRAHANA,Chandra Grahan *Anshika,GRAHANA_2026_08_CHANDRA_GRAHAN_ANSHIKA,CHANDRA_GRAHANA,DRIK_LOCAL_GRAHANA_VISIBLE,OBSERVANCE,Chandra Grahan *Anshika,"Sutak Begins - 10:19 AM | Sutak Ends - 01:51 AM, Aug 28 | Eclipse Start - 10:34 PM | Eclipse End - 01:51 AM, Aug 28",,"Chandra Grahan *Anshika. Sutak Begins - 10:19 AM | Sutak Ends - 01:51 AM, Aug 28 | Eclipse Start - 10:34 PM | Eclipse End - 01:51 AM, Aug 28",20,2026-08-27,grahana_engine.py,GRAHANA_V2_2_CITY_CONTEXT_THEN_DISCOVERY_URL,APPROVED,2026-08-22T21:30:44-04:00,grahana_messages.csv
2026-08-27,geoname:4180439,geoname:4180439|city:atlanta,Atlanta,Georgia,United States,America/New_York,4180439,GRAHANA,Chandra Grahan *Anshika,GRAHANA_2026_08_CHANDRA_GRAHAN_ANSHIKA,CHANDRA_GRAHANA,DRIK_LOCAL_GRAHANA_VISIBLE,OBSERVANCE,Chandra Grahan *Anshika,"Sutak Begins - 10:23 AM | Sutak Ends - 01:51 AM, Aug 28 | Eclipse Start - 10:34 PM | Eclipse End - 01:51 AM, Aug 28",,"Chandra Grahan *Anshika. Sutak Begins - 10:23 AM | Sutak Ends - 01:51 AM, Aug 28 | Eclipse Start - 10:34 PM | Eclipse End - 01:51 AM, Aug 28",20,2026-08-27,grahana_engine.py,GRAHANA_V2_2_CITY_CONTEXT_THEN_DISCOVERY_URL,APPROVED,2026-08-22T21:30:44-04:00,grahana_messages.csv
2026-08-27,geoname:4256038,geoname:4256038|city:columbus,Columbus,Indiana,United States,America/Indiana/Indianapolis,4256038,GRAHANA,Chandra Grahan *Anshika,GRAHANA_2026_08_CHANDRA_GRAHAN_ANSHIKA,CHANDRA_GRAHANA,DRIK_LOCAL_GRAHANA_VISIBLE,OBSERVANCE,Chandra Grahan *Anshika,"Sutak Begins - 10:26 AM | Sutak Ends - 01:51 AM, Aug 28 | Eclipse Start - 10:34 PM | Eclipse End - 01:51 AM, Aug 28",,"Chandra Grahan *Anshika. Sutak Begins - 10:26 AM | Sutak Ends - 01:51 AM, Aug 28 | Eclipse Start - 10:34 PM | Eclipse End - 01:51 AM, Aug 28",20,2026-08-27,grahana_engine.py,GRAHANA_V2_2_CITY_CONTEXT_THEN_DISCOVERY_URL,APPROVED,2026-08-22T21:30:44-04:00,grahana_messages.csv
2026-08-27,geoname:4347778,geoname:4347778|city:baltimore,Baltimore,Maryland,United States,America/New_York,4347778,GRAHANA,Chandra Grahan *Anshika,GRAHANA_2026_08_CHANDRA_GRAHAN_ANSHIKA,CHANDRA_GRAHANA,DRIK_LOCAL_GRAHANA_VISIBLE,OBSERVANCE,Chandra Grahan *Anshika,"Sutak Begins - 01:08 PM | Sutak Ends - 01:51 AM, Aug 28 | Eclipse Start - 10:34 PM | Eclipse End - 01:51 AM, Aug 28",,"Chandra Grahan *Anshika. Sutak Begins - 01:08 PM | Sutak Ends - 01:51 AM, Aug 28 | Eclipse Start - 10:34 PM | Eclipse End - 01:51 AM, Aug 28",20,2026-08-27,grahana_engine.py,GRAHANA_V2_2_CITY_CONTEXT_THEN_DISCOVERY_URL,APPROVED,2026-08-22T21:30:44-04:00,grahana_messages.csv
2026-08-27,geoname:4460243,geoname:4460243|city:charlotte,Charlotte,North Carolina,United States,America/New_York,4460243,GRAHANA,Chandra Grahan *Anshika,GRAHANA_2026_08_CHANDRA_GRAHAN_ANSHIKA,CHANDRA_GRAHANA,DRIK_LOCAL_GRAHANA_VISIBLE,OBSERVANCE,Chandra Grahan *Anshika,"Sutak Begins - 10:08 AM | Sutak Ends - 01:51 AM, Aug 28 | Eclipse Start - 10:34 PM | Eclipse End - 01:51 AM, Aug 28",,"Chandra Grahan *Anshika. Sutak Begins - 10:08 AM | Sutak Ends - 01:51 AM, Aug 28 | Eclipse Start - 10:34 PM | Eclipse End - 01:51 AM, Aug 28",20,2026-08-27,grahana_engine.py,GRAHANA_V2_2_CITY_CONTEXT_THEN_DISCOVERY_URL,APPROVED,2026-08-22T21:30:44-04:00,grahana_messages.csv
2026-08-27,geoname:4487042,geoname:4487042|city:raleigh,Raleigh,North Carolina,United States,America/New_York,4487042,GRAHANA,Chandra Grahan *Anshika,GRAHANA_2026_08_CHANDRA_GRAHAN_ANSHIKA,CHANDRA_GRAHANA,DRIK_LOCAL_GRAHANA_VISIBLE,OBSERVANCE,Chandra Grahan *Anshika,"Sutak Begins - 01:16 PM | Sutak Ends - 01:51 AM, Aug 28 | Eclipse Start - 10:34 PM | Eclipse End - 01:51 AM, Aug 28",,"Chandra Grahan *Anshika. Sutak Begins - 01:16 PM | Sutak Ends - 01:51 AM, Aug 28 | Eclipse Start - 10:34 PM | Eclipse End - 01:51 AM, Aug 28",20,2026-08-27,grahana_engine.py,GRAHANA_V2_2_CITY_CONTEXT_THEN_DISCOVERY_URL,APPROVED,2026-08-22T21:30:44-04:00,grahana_messages.csv
2026-08-27,geoname:4508722,geoname:4508722|city:cincinnati,Cincinnati,Ohio,United States,America/New_York,4508722,GRAHANA,Chandra Grahan *Anshika,GRAHANA_2026_08_CHANDRA_GRAHAN_ANSHIKA,CHANDRA_GRAHANA,DRIK_LOCAL_GRAHANA_VISIBLE,OBSERVANCE,Chandra Grahan *Anshika,"Sutak Begins - 10:21 AM | Sutak Ends - 01:51 AM, Aug 28 | Eclipse Start - 10:34 PM | Eclipse End - 01:51 AM, Aug 28",,"Chandra Grahan *Anshika. Sutak Begins - 10:21 AM | Sutak Ends - 01:51 AM, Aug 28 | Eclipse Start - 10:34 PM | Eclipse End - 01:51 AM, Aug 28",20,2026-08-27,grahana_engine.py,GRAHANA_V2_2_CITY_CONTEXT_THEN_DISCOVERY_URL,APPROVED,2026-08-22T21:30:44-04:00,grahana_messages.csv
2026-08-27,geoname:4509177,geoname:4509177|city:columbus,Columbus,Ohio,United States,America/New_York,4509177,GRAHANA,Chandra Grahan *Anshika,GRAHANA_2026_08_CHANDRA_GRAHAN_ANSHIKA,CHANDRA_GRAHANA,DRIK_LOCAL_GRAHANA_VISIBLE,OBSERVANCE,Chandra Grahan *Anshika,"Sutak Begins - 10:14 AM | Sutak Ends - 01:51 AM, Aug 28 | Eclipse Start - 10:34 PM | Eclipse End - 01:51 AM, Aug 28",,"Chandra Grahan *Anshika. Sutak Begins - 10:14 AM | Sutak Ends - 01:51 AM, Aug 28 | Eclipse Start - 10:34 PM | Eclipse End - 01:51 AM, Aug 28",20,2026-08-27,grahana_engine.py,GRAHANA_V2_2_CITY_CONTEXT_THEN_DISCOVERY_URL,APPROVED,2026-08-22T21:30:44-04:00,grahana_messages.csv
2026-08-27,geoname:4560349,geoname:4560349|city:philadelphia,Philadelphia,Pennsylvania,United States,America/New_York,4560349,GRAHANA,Chandra Grahan *Anshika,GRAHANA_2026_08_CHANDRA_GRAHAN_ANSHIKA,CHANDRA_GRAHANA,DRIK_LOCAL_GRAHANA_VISIBLE,OBSERVANCE,Chandra Grahan *Anshika,"Sutak Begins - 01:02 PM | Sutak Ends - 01:51 AM, Aug 28 | Eclipse Start - 10:34 PM | Eclipse End - 01:51 AM, Aug 28",,"Chandra Grahan *Anshika. Sutak Begins - 01:02 PM | Sutak Ends - 01:51 AM, Aug 28 | Eclipse Start - 10:34 PM | Eclipse End - 01:51 AM, Aug 28",20,2026-08-27,grahana_engine.py,GRAHANA_V2_2_CITY_CONTEXT_THEN_DISCOVERY_URL,APPROVED,2026-08-22T21:30:44-04:00,grahana_messages.csv
2026-08-27,geoname:4634946,geoname:4634946|city:knoxville,Knoxville,Tennessee,United States,America/New_York,4634946,GRAHANA,Chandra Grahan *Anshika,GRAHANA_2026_08_CHANDRA_GRAHAN_ANSHIKA,CHANDRA_GRAHANA,DRIK_LOCAL_GRAHANA_VISIBLE,OBSERVANCE,Chandra Grahan *Anshika,"Sutak Begins - 10:20 AM | Sutak Ends - 01:51 AM, Aug 28 | Eclipse Start - 10:34 PM | Eclipse End - 01:51 AM, Aug 28",,"Chandra Grahan *Anshika. Sutak Begins - 10:20 AM | Sutak Ends - 01:51 AM, Aug 28 | Eclipse Start - 10:34 PM | Eclipse End - 01:51 AM, Aug 28",20,2026-08-27,grahana_engine.py,GRAHANA_V2_2_CITY_CONTEXT_THEN_DISCOVERY_URL,APPROVED,2026-08-22T21:30:44-04:00,grahana_messages.csv
2026-08-27,geoname:4644585,geoname:4644585|city:nashville,Nashville,Tennessee,United States,America/Chicago,4644585,GRAHANA,Chandra Grahan *Anshika,GRAHANA_2026_08_CHANDRA_GRAHAN_ANSHIKA,CHANDRA_GRAHANA,DRIK_LOCAL_GRAHANA_VISIBLE,OBSERVANCE,Chandra Grahan *Anshika,"Sutak Begins - 09:32 AM | Sutak Ends - 12:51 AM, Aug 28 | Eclipse Start - 09:34 PM | Eclipse End - 12:51 AM, Aug 28",,"Chandra Grahan *Anshika. Sutak Begins - 09:32 AM | Sutak Ends - 12:51 AM, Aug 28 | Eclipse Start - 09:34 PM | Eclipse End - 12:51 AM, Aug 28",20,2026-08-27,grahana_engine.py,GRAHANA_V2_2_CITY_CONTEXT_THEN_DISCOVERY_URL,APPROVED,2026-08-22T21:30:44-04:00,grahana_messages.csv
2026-08-27,geoname:4684888,geoname:4684888|city:dallas,Dallas,Texas,United States,America/Chicago,4684888,GRAHANA,Chandra Grahan *Anshika,GRAHANA_2026_08_CHANDRA_GRAHAN_ANSHIKA,CHANDRA_GRAHANA,DRIK_LOCAL_GRAHANA_VISIBLE,OBSERVANCE,Chandra Grahan *Anshika,"Sutak Begins - 10:14 AM | Sutak Ends - 12:51 AM, Aug 28 | Eclipse Start - 09:34 PM | Eclipse End - 12:51 AM, Aug 28",,"Chandra Grahan *Anshika. Sutak Begins - 10:14 AM | Sutak Ends - 12:51 AM, Aug 28 | Eclipse Start - 09:34 PM | Eclipse End - 12:51 AM, Aug 28",20,2026-08-27,grahana_engine.py,GRAHANA_V2_2_CITY_CONTEXT_THEN_DISCOVERY_URL,APPROVED,2026-08-22T21:30:44-04:00,grahana_messages.csv
2026-08-27,geoname:4699066,geoname:4699066|city:houston,Houston,Texas,United States,America/Chicago,4699066,GRAHANA,Chandra Grahan *Anshika,GRAHANA_2026_08_CHANDRA_GRAHAN_ANSHIKA,CHANDRA_GRAHANA,DRIK_LOCAL_GRAHANA_VISIBLE,OBSERVANCE,Chandra Grahan *Anshika,"Sutak Begins - 10:09 AM | Sutak Ends - 12:51 AM, Aug 28 | Eclipse Start - 09:34 PM | Eclipse End - 12:51 AM, Aug 28",,"Chandra Grahan *Anshika. Sutak Begins - 10:09 AM | Sutak Ends - 12:51 AM, Aug 28 | Eclipse Start - 09:34 PM | Eclipse End - 12:51 AM, Aug 28",20,2026-08-27,grahana_engine.py,GRAHANA_V2_2_CITY_CONTEXT_THEN_DISCOVERY_URL,APPROVED,2026-08-22T21:30:44-04:00,grahana_messages.csv
2026-08-27,geoname:4781708,geoname:4781708|city:richmond,Richmond,Virginia,United States,America/New_York,4781708,GRAHANA,Chandra Grahan *Anshika,GRAHANA_2026_08_CHANDRA_GRAHAN_ANSHIKA,CHANDRA_GRAHANA,DRIK_LOCAL_GRAHANA_VISIBLE,OBSERVANCE,Chandra Grahan *Anshika,"Sutak Begins - 01:11 PM | Sutak Ends - 01:51 AM, Aug 28 | Eclipse Start - 10:34 PM | Eclipse End - 01:51 AM, Aug 28",,"Chandra Grahan *Anshika. Sutak Begins - 01:11 PM | Sutak Ends - 01:51 AM, Aug 28 | Eclipse Start - 10:34 PM | Eclipse End - 01:51 AM, Aug 28",20,2026-08-27,grahana_engine.py,GRAHANA_V2_2_CITY_CONTEXT_THEN_DISCOVERY_URL,APPROVED,2026-08-22T21:30:44-04:00,grahana_messages.csv
2026-08-27,geoname:4887398,geoname:4887398|city:chicago,Chicago,Illinois,United States,America/Chicago,4887398,GRAHANA,Chandra Grahan *Anshika,GRAHANA_2026_08_CHANDRA_GRAHAN_ANSHIKA,CHANDRA_GRAHANA,DRIK_LOCAL_GRAHANA_VISIBLE,OBSERVANCE,Chandra Grahan *Anshika,"Sutak Begins - 09:32 AM | Sutak Ends - 12:51 AM, Aug 28 | Eclipse Start - 09:34 PM | Eclipse End - 12:51 AM, Aug 28",,"Chandra Grahan *Anshika. Sutak Begins - 09:32 AM | Sutak Ends - 12:51 AM, Aug 28 | Eclipse Start - 09:34 PM | Eclipse End - 12:51 AM, Aug 28",20,2026-08-27,grahana_engine.py,GRAHANA_V2_2_CITY_CONTEXT_THEN_DISCOVERY_URL,APPROVED,2026-08-22T21:30:44-04:00,grahana_messages.csv
2026-08-27,geoname:4922462,geoname:4922462|city:lafayette,Lafayette,Indiana,United States,America/Indiana/Indianapolis,4922462,GRAHANA,Chandra Grahan *Anshika,GRAHANA_2026_08_CHANDRA_GRAHAN_ANSHIKA,CHANDRA_GRAHANA,DRIK_LOCAL_GRAHANA_VISIBLE,OBSERVANCE,Chandra Grahan *Anshika,"Sutak Begins - 10:29 AM | Sutak Ends - 01:51 AM, Aug 28 | Eclipse Start - 10:34 PM | Eclipse End - 01:51 AM, Aug 28",,"Chandra Grahan *Anshika. Sutak Begins - 10:29 AM | Sutak Ends - 01:51 AM, Aug 28 | Eclipse Start - 10:34 PM | Eclipse End - 01:51 AM, Aug 28",20,2026-08-27,grahana_engine.py,GRAHANA_V2_2_CITY_CONTEXT_THEN_DISCOVERY_URL,APPROVED,2026-08-22T21:30:44-04:00,grahana_messages.csv
2026-08-27,geoname:5099836,geoname:5099836|city:new_jersey,New Jersey,New Jersey,United States,America/New_York,5099836,GRAHANA,Chandra Grahan *Anshika,GRAHANA_2026_08_CHANDRA_GRAHAN_ANSHIKA,CHANDRA_GRAHANA,DRIK_LOCAL_GRAHANA_VISIBLE,OBSERVANCE,Chandra Grahan *Anshika,"Sutak Begins - 12:57 PM | Sutak Ends - 01:51 AM, Aug 28 | Eclipse Start - 10:34 PM | Eclipse End - 01:51 AM, Aug 28",,"Chandra Grahan *Anshika. Sutak Begins - 12:57 PM | Sutak Ends - 01:51 AM, Aug 28 | Eclipse Start - 10:34 PM | Eclipse End - 01:51 AM, Aug 28",20,2026-08-27,grahana_engine.py,GRAHANA_V2_2_CITY_CONTEXT_THEN_DISCOVERY_URL,APPROVED,2026-08-22T21:30:44-04:00,grahana_messages.csv
2026-08-27,geoname:5108728,geoname:5108728|city:belfast,Belfast,New York,United States,America/New_York,5108728,GRAHANA,Chandra Grahan *Anshika,GRAHANA_2026_08_CHANDRA_GRAHAN_ANSHIKA,CHANDRA_GRAHANA,DRIK_LOCAL_GRAHANA_VISIBLE,OBSERVANCE,Chandra Grahan *Anshika,"Sutak Begins - 01:13 PM | Sutak Ends - 01:51 AM, Aug 28 | Eclipse Start - 10:34 PM | Eclipse End - 01:51 AM, Aug 28",,"Chandra Grahan *Anshika. Sutak Begins - 01:13 PM | Sutak Ends - 01:51 AM, Aug 28 | Eclipse Start - 10:34 PM | Eclipse End - 01:51 AM, Aug 28",20,2026-08-27,grahana_engine.py,GRAHANA_V2_2_CITY_CONTEXT_THEN_DISCOVERY_URL,APPROVED,2026-08-22T21:30:44-04:00,grahana_messages.csv
2026-08-27,geoname:5110629,geoname:5110629|city:buffalo,Buffalo,New York,United States,America/New_York,5110629,GRAHANA,Chandra Grahan *Anshika,GRAHANA_2026_08_CHANDRA_GRAHAN_ANSHIKA,CHANDRA_GRAHANA,DRIK_LOCAL_GRAHANA_VISIBLE,OBSERVANCE,Chandra Grahan *Anshika,"Sutak Begins - 09:56 AM | Sutak Ends - 01:51 AM, Aug 28 | Eclipse Start - 10:34 PM | Eclipse End - 01:51 AM, Aug 28",,"Chandra Grahan *Anshika. Sutak Begins - 09:56 AM | Sutak Ends - 01:51 AM, Aug 28 | Eclipse Start - 10:34 PM | Eclipse End - 01:51 AM, Aug 28",20,2026-08-27,grahana_engine.py,GRAHANA_V2_2_CITY_CONTEXT_THEN_DISCOVERY_URL,APPROVED,2026-08-22T21:30:44-04:00,grahana_messages.csv
2026-08-27,geoname:5119251,geoname:5119251|city:greece,Greece,New York,United States,America/New_York,5119251,GRAHANA,Chandra Grahan *Anshika,GRAHANA_2026_08_CHANDRA_GRAHAN_ANSHIKA,CHANDRA_GRAHANA,DRIK_LOCAL_GRAHANA_VISIBLE,OBSERVANCE,Chandra Grahan *Anshika,"Sutak Begins - 01:12 PM | Sutak Ends - 01:51 AM, Aug 28 | Eclipse Start - 10:34 PM | Eclipse End - 01:51 AM, Aug 28",,"Chandra Grahan *Anshika. Sutak Begins - 01:12 PM | Sutak Ends - 01:51 AM, Aug 28 | Eclipse Start - 10:34 PM | Eclipse End - 01:51 AM, Aug 28",20,2026-08-27,grahana_engine.py,GRAHANA_V2_2_CITY_CONTEXT_THEN_DISCOVERY_URL,APPROVED,2026-08-22T21:30:44-04:00,grahana_messages.csv
2026-08-27,geoname:5128581,geoname:5128581|city:new_york,New York,New York,United States,America/New_York,5128581,GRAHANA,Chandra Grahan *Anshika,GRAHANA_2026_08_CHANDRA_GRAHAN_ANSHIKA,CHANDRA_GRAHANA,DRIK_LOCAL_GRAHANA_VISIBLE,OBSERVANCE,Chandra Grahan *Anshika,"Sutak Begins - 12:57 PM | Sutak Ends - 01:51 AM, Aug 28 | Eclipse Start - 10:34 PM | Eclipse End - 01:51 AM, Aug 28",,"Chandra Grahan *Anshika. Sutak Begins - 12:57 PM | Sutak Ends - 01:51 AM, Aug 28 | Eclipse Start - 10:34 PM | Eclipse End - 01:51 AM, Aug 28",20,2026-08-27,grahana_engine.py,GRAHANA_V2_2_CITY_CONTEXT_THEN_DISCOVERY_URL,APPROVED,2026-08-22T21:30:44-04:00,grahana_messages.csv
2026-08-27,geoname:5131614,geoname:5131614|city:pittsford,Pittsford,New York,United States,America/New_York,5131614,GRAHANA,Chandra Grahan *Anshika,GRAHANA_2026_08_CHANDRA_GRAHAN_ANSHIKA,CHANDRA_GRAHANA,DRIK_LOCAL_GRAHANA_VISIBLE,OBSERVANCE,Chandra Grahan *Anshika,"Sutak Begins - 01:11 PM | Sutak Ends - 01:51 AM, Aug 28 | Eclipse Start - 10:34 PM | Eclipse End - 01:51 AM, Aug 28",,"Chandra Grahan *Anshika. Sutak Begins - 01:11 PM | Sutak Ends - 01:51 AM, Aug 28 | Eclipse Start - 10:34 PM | Eclipse End - 01:51 AM, Aug 28",20,2026-08-27,grahana_engine.py,GRAHANA_V2_2_CITY_CONTEXT_THEN_DISCOVERY_URL,APPROVED,2026-08-22T21:30:44-04:00,grahana_messages.csv
2026-08-27,geoname:5134086,geoname:5134086|city:rochester,Rochester,New York,United States,America/New_York,5134086,GRAHANA,Chandra Grahan *Anshika,GRAHANA_2026_08_CHANDRA_GRAHAN_ANSHIKA,CHANDRA_GRAHANA,DRIK_LOCAL_GRAHANA_VISIBLE,OBSERVANCE,Chandra Grahan *Anshika,"Sutak Begins - 01:12 PM | Sutak Ends - 01:51 AM, Aug 28 | Eclipse Start - 10:34 PM | Eclipse End - 01:51 AM, Aug 28",,"Chandra Grahan *Anshika. Sutak Begins - 01:12 PM | Sutak Ends - 01:51 AM, Aug 28 | Eclipse Start - 10:34 PM | Eclipse End - 01:51 AM, Aug 28",20,2026-08-27,grahana_engine.py,GRAHANA_V2_2_CITY_CONTEXT_THEN_DISCOVERY_URL,APPROVED,2026-08-22T21:30:44-04:00,grahana_messages.csv
2026-08-27,geoname:5139865,geoname:5139865|city:stonybrook,Stonybrook,New York,United States,America/New_York,5139865,GRAHANA,Chandra Grahan *Anshika,GRAHANA_2026_08_CHANDRA_GRAHAN_ANSHIKA,CHANDRA_GRAHANA,DRIK_LOCAL_GRAHANA_VISIBLE,OBSERVANCE,Chandra Grahan *Anshika,"Sutak Begins - 12:54 PM | Sutak Ends - 01:51 AM, Aug 28 | Eclipse Start - 10:34 PM | Eclipse End - 01:51 AM, Aug 28",,"Chandra Grahan *Anshika. Sutak Begins - 12:54 PM | Sutak Ends - 01:51 AM, Aug 28 | Eclipse Start - 10:34 PM | Eclipse End - 01:51 AM, Aug 28",20,2026-08-27,grahana_engine.py,GRAHANA_V2_2_CITY_CONTEXT_THEN_DISCOVERY_URL,APPROVED,2026-08-22T21:30:44-04:00,grahana_messages.csv
2026-08-27,geoname:5140405,geoname:5140405|city:syracuse,Syracuse,New York,United States,America/New_York,5140405,GRAHANA,Chandra Grahan *Anshika,GRAHANA_2026_08_CHANDRA_GRAHAN_ANSHIKA,CHANDRA_GRAHANA,DRIK_LOCAL_GRAHANA_VISIBLE,OBSERVANCE,Chandra Grahan *Anshika,"Sutak Begins - 01:06 PM | Sutak Ends - 01:51 AM, Aug 28 | Eclipse Start - 10:34 PM | Eclipse End - 01:51 AM, Aug 28",,"Chandra Grahan *Anshika. Sutak Begins - 01:06 PM | Sutak Ends - 01:51 AM, Aug 28 | Eclipse Start - 10:34 PM | Eclipse End - 01:51 AM, Aug 28",20,2026-08-27,grahana_engine.py,GRAHANA_V2_2_CITY_CONTEXT_THEN_DISCOVERY_URL,APPROVED,2026-08-22T21:30:44-04:00,grahana_messages.csv
2026-08-27,geoname:5150529,geoname:5150529|city:cleveland,Cleveland,Ohio,United States,America/New_York,5150529,GRAHANA,Chandra Grahan *Anshika,GRAHANA_2026_08_CHANDRA_GRAHAN_ANSHIKA,CHANDRA_GRAHANA,DRIK_LOCAL_GRAHANA_VISIBLE,OBSERVANCE,Chandra Grahan *Anshika,"Sutak Begins - 10:08 AM | Sutak Ends - 01:51 AM, Aug 28 | Eclipse Start - 10:34 PM | Eclipse End - 01:51 AM, Aug 28",,"Chandra Grahan *Anshika. Sutak Begins - 10:08 AM | Sutak Ends - 01:51 AM, Aug 28 | Eclipse Start - 10:34 PM | Eclipse End - 01:51 AM, Aug 28",20,2026-08-27,grahana_engine.py,GRAHANA_V2_2_CITY_CONTEXT_THEN_DISCOVERY_URL,APPROVED,2026-08-22T21:30:44-04:00,grahana_messages.csv
2026-08-27,geoname:5308655,geoname:5308655|city:phoenix,Phoenix,Arizona,United States,America/Phoenix,5308655,GRAHANA,Chandra Grahan *Anshika,GRAHANA_2026_08_CHANDRA_GRAHAN_ANSHIKA,CHANDRA_GRAHANA,DRIK_LOCAL_GRAHANA_VISIBLE,OBSERVANCE,Chandra Grahan *Anshika,Sutak Begins - 09:14 AM | Sutak Ends - 10:51 PM | Eclipse Start - 07:34 PM | Eclipse End - 10:51 PM,,Chandra Grahan *Anshika. Sutak Begins - 09:14 AM | Sutak Ends - 10:51 PM | Eclipse Start - 07:34 PM | Eclipse End - 10:51 PM,20,2026-08-27,grahana_engine.py,GRAHANA_V2_2_CITY_CONTEXT_THEN_DISCOVERY_URL,APPROVED,2026-08-22T21:30:44-04:00,grahana_messages.csv
2026-08-27,geoname:5368361,geoname:5368361|city:los_angeles,Los Angeles,California,United States,America/Los_Angeles,5368361,GRAHANA,Chandra Grahan *Anshika,GRAHANA_2026_08_CHANDRA_GRAHAN_ANSHIKA,CHANDRA_GRAHANA,DRIK_LOCAL_GRAHANA_VISIBLE,OBSERVANCE,Chandra Grahan *Anshika,Sutak Begins - 09:39 AM | Sutak Ends - 10:51 PM | Eclipse Start - 07:34 PM | Eclipse End - 10:51 PM,,Chandra Grahan *Anshika. Sutak Begins - 09:39 AM | Sutak Ends - 10:51 PM | Eclipse Start - 07:34 PM | Eclipse End - 10:51 PM,20,2026-08-27,grahana_engine.py,GRAHANA_V2_2_CITY_CONTEXT_THEN_DISCOVERY_URL,APPROVED,2026-08-22T21:30:44-04:00,grahana_messages.csv
2026-08-27,geoname:5383527,geoname:5383527|city:placentia,Placentia,California,United States,America/Los_Angeles,5383527,GRAHANA,Chandra Grahan *Anshika,GRAHANA_2026_08_CHANDRA_GRAHAN_ANSHIKA,CHANDRA_GRAHANA,DRIK_LOCAL_GRAHANA_VISIBLE,OBSERVANCE,Chandra Grahan *Anshika,Sutak Begins - 09:37 AM | Sutak Ends - 10:51 PM | Eclipse Start - 07:34 PM | Eclipse End - 10:51 PM,,Chandra Grahan *Anshika. Sutak Begins - 09:37 AM | Sutak Ends - 10:51 PM | Eclipse Start - 07:34 PM | Eclipse End - 10:51 PM,20,2026-08-27,grahana_engine.py,GRAHANA_V2_2_CITY_CONTEXT_THEN_DISCOVERY_URL,APPROVED,2026-08-22T21:30:44-04:00,grahana_messages.csv
2026-08-27,geoname:5391959,geoname:5391959|city:san_francisco,San Francisco,California,United States,America/Los_Angeles,5391959,GRAHANA,Chandra Grahan *Anshika,GRAHANA_2026_08_CHANDRA_GRAHAN_ANSHIKA,CHANDRA_GRAHANA,DRIK_LOCAL_GRAHANA_VISIBLE,OBSERVANCE,Chandra Grahan *Anshika,Sutak Begins - 06:36 AM | Sutak Ends - 10:51 PM | Eclipse Start - 07:43 PM | Eclipse End - 10:51 PM,,Chandra Grahan *Anshika. Sutak Begins - 06:36 AM | Sutak Ends - 10:51 PM | Eclipse Start - 07:43 PM | Eclipse End - 10:51 PM,20,2026-08-27,grahana_engine.py,GRAHANA_V2_2_CITY_CONTEXT_THEN_DISCOVERY_URL,APPROVED,2026-08-22T21:30:44-04:00,grahana_messages.csv
2026-08-27,geoname:5809844,geoname:5809844|city:seattle,Seattle,Washington,United States,America/Los_Angeles,5809844,GRAHANA,Chandra Grahan *Anshika,GRAHANA_2026_08_CHANDRA_GRAHAN_ANSHIKA,CHANDRA_GRAHANA,DRIK_LOCAL_GRAHANA_VISIBLE,OBSERVANCE,Chandra Grahan *Anshika,Sutak Begins - 06:22 AM | Sutak Ends - 10:51 PM | Eclipse Start - 07:56 PM | Eclipse End - 10:51 PM,,Chandra Grahan *Anshika. Sutak Begins - 06:22 AM | Sutak Ends - 10:51 PM | Eclipse Start - 07:56 PM | Eclipse End - 10:51 PM,20,2026-08-27,grahana_engine.py,GRAHANA_V2_2_CITY_CONTEXT_THEN_DISCOVERY_URL,APPROVED,2026-08-22T21:30:44-04:00,grahana_messages.csv
2026-08-27,geoname:6173331,geoname:6173331|city:vancouver,Vancouver,British Columbia,Canada,America/Los_Angeles,6173331,GRAHANA,Chandra Grahan *Anshika,GRAHANA_2026_08_CHANDRA_GRAHAN_ANSHIKA,CHANDRA_GRAHANA,DRIK_LOCAL_GRAHANA_VISIBLE,OBSERVANCE,Chandra Grahan *Anshika,Sutak Begins - 06:22 AM | Sutak Ends - 10:51 PM | Eclipse Start - 08:02 PM | Eclipse End - 10:51 PM,,Chandra Grahan *Anshika. Sutak Begins - 06:22 AM | Sutak Ends - 10:51 PM | Eclipse Start - 08:02 PM | Eclipse End - 10:51 PM,20,2026-08-27,grahana_engine.py,GRAHANA_V2_2_CITY_CONTEXT_THEN_DISCOVERY_URL,APPROVED,2026-08-22T21:30:44-04:00,grahana_messages.csv
2026-08-27,geoname:6182962,geoname:6182962|city:windsor,Windsor,Ontario,Canada,America/New_York,6182962,GRAHANA,Chandra Grahan *Anshika,GRAHANA_2026_08_CHANDRA_GRAHAN_ANSHIKA,CHANDRA_GRAHANA,DRIK_LOCAL_GRAHANA_VISIBLE,OBSERVANCE,Chandra Grahan *Anshika,"Sutak Begins - 10:13 AM | Sutak Ends - 01:51 AM, Aug 28 | Eclipse Start - 10:34 PM | Eclipse End - 01:51 AM, Aug 28",,"Chandra Grahan *Anshika. Sutak Begins - 10:13 AM | Sutak Ends - 01:51 AM, Aug 28 | Eclipse Start - 10:34 PM | Eclipse End - 01:51 AM, Aug 28",20,2026-08-27,grahana_engine.py,GRAHANA_V2_2_CITY_CONTEXT_THEN_DISCOVERY_URL,APPROVED,2026-08-22T21:30:44-04:00,grahana_messages.csv
2026-08-28,geoname:1253102,geoname:1253102|city:visakhapatnam,Visakhapatnam,Andra Pradesh,India,Asia/Kolkata,1253102,GRAHANA,Chandra Grahan *Anshika,GRAHANA_2026_08_CHANDRA_GRAHAN_ANSHIKA,CHANDRA_GRAHANA,DRIK_LOCAL_GRAHANA_NOT_VISIBLE,NOT_APPLICABLE,Chandra Grahan *Anshika,Not Applicable - Eclipse is not locally visible; Sutak is not applicable.,,Chandra Grahan *Anshika. Not Applicable - Eclipse is not locally visible; Sutak is not applicable.,5,2026-08-28,grahana_engine.py,GRAHANA_V2_2_CITY_CONTEXT_THEN_DISCOVERY_URL,APPROVED,2026-08-22T21:30:44-04:00,grahana_messages.csv
2026-08-28,geoname:1253102,geoname:1253102|city:visakhapatnam,Visakhapatnam,Andra Pradesh,India,Asia/Kolkata,1253102,VARAMAHALAKSHMI,Varamahalakshmi Vrata,VARAMAHALAKSHMI_2026_08_VARAMAHALAKSHMI_VRATA,STANDARD_MONTH_FESTIVAL,MONTH_PANCHANG_DISCOVERY_DATE,OBSERVANCE,Varamahalakshmi Vrata,,,Varamahalakshmi Vrata is observed today.,20,2026-08-28,standard_festival_engine.py,VARAMAHALAKSHMI_V2_0_DISCOVERY_EVIDENCE,APPROVED,2026-08-22T21:30:45-04:00,varamahalakshmi_messages.csv
2026-08-28,geoname:1253405,geoname:1253405|city:varanasi,Varanasi,Uttar Pradesh,India,Asia/Kolkata,1253405,GRAHANA,Chandra Grahan *Anshika,GRAHANA_2026_08_CHANDRA_GRAHAN_ANSHIKA,CHANDRA_GRAHANA,DRIK_LOCAL_GRAHANA_NOT_VISIBLE,NOT_APPLICABLE,Chandra Grahan *Anshika,Not Applicable - Eclipse is not locally visible; Sutak is not applicable.,,Chandra Grahan *Anshika. Not Applicable - Eclipse is not locally visible; Sutak is not applicable.,5,2026-08-28,grahana_engine.py,GRAHANA_V2_2_CITY_CONTEXT_THEN_DISCOVERY_URL,APPROVED,2026-08-22T21:30:44-04:00,grahana_messages.csv
2026-08-28,geoname:1253405,geoname:1253405|city:varanasi,Varanasi,Uttar Pradesh,India,Asia/Kolkata,1253405,VARAMAHALAKSHMI,Varamahalakshmi Vrata,VARAMAHALAKSHMI_2026_08_VARAMAHALAKSHMI_VRATA,STANDARD_MONTH_FESTIVAL,MONTH_PANCHANG_DISCOVERY_DATE,OBSERVANCE,Varamahalakshmi Vrata,,,Varamahalakshmi Vrata is observed today.,20,2026-08-28,standard_festival_engine.py,VARAMAHALAKSHMI_V2_0_DISCOVERY_EVIDENCE,APPROVED,2026-08-22T21:30:45-04:00,varamahalakshmi_messages.csv
2026-08-28,geoname:1253573,geoname:1253573|city:vadodara,Vadodara,Gujarat,India,Asia/Kolkata,1253573,GRAHANA,Chandra Grahan *Anshika,GRAHANA_2026_08_CHANDRA_GRAHAN_ANSHIKA,CHANDRA_GRAHANA,DRIK_LOCAL_GRAHANA_NOT_VISIBLE,NOT_APPLICABLE,Chandra Grahan *Anshika,Not Applicable - Eclipse is not locally visible; Sutak is not applicable.,,Chandra Grahan *Anshika. Not Applicable - Eclipse is not locally visible; Sutak is not applicable.,5,2026-08-28,grahana_engine.py,GRAHANA_V2_2_CITY_CONTEXT_THEN_DISCOVERY_URL,APPROVED,2026-08-22T21:30:44-04:00,grahana_messages.csv
2026-08-28,geoname:1253573,geoname:1253573|city:vadodara,Vadodara,Gujarat,India,Asia/Kolkata,1253573,VARAMAHALAKSHMI,Varamahalakshmi Vrata,VARAMAHALAKSHMI_2026_08_VARAMAHALAKSHMI_VRATA,STANDARD_MONTH_FESTIVAL,MONTH_PANCHANG_DISCOVERY_DATE,OBSERVANCE,Varamahalakshmi Vrata,,,Varamahalakshmi Vrata is observed today.,20,2026-08-28,standard_festival_engine.py,VARAMAHALAKSHMI_V2_0_DISCOVERY_EVIDENCE,APPROVED,2026-08-22T21:30:45-04:00,varamahalakshmi_messages.csv
2026-08-28,geoname:1253952,geoname:1253952|city:udupi,Udupi,Karnataka,India,Asia/Kolkata,1253952,GRAHANA,Chandra Grahan *Anshika,GRAHANA_2026_08_CHANDRA_GRAHAN_ANSHIKA,CHANDRA_GRAHANA,DRIK_LOCAL_GRAHANA_NOT_VISIBLE,NOT_APPLICABLE,Chandra Grahan *Anshika,Not Applicable - Eclipse is not locally visible; Sutak is not applicable.,,Chandra Grahan *Anshika. Not Applicable - Eclipse is not locally visible; Sutak is not applicable.,5,2026-08-28,grahana_engine.py,GRAHANA_V2_2_CITY_CONTEXT_THEN_DISCOVERY_URL,APPROVED,2026-08-22T21:30:44-04:00,grahana_messages.csv
2026-08-28,geoname:1253952,geoname:1253952|city:udupi,Udupi,Karnataka,India,Asia/Kolkata,1253952,VARAMAHALAKSHMI,Varamahalakshmi Vrata,VARAMAHALAKSHMI_2026_08_VARAMAHALAKSHMI_VRATA,STANDARD_MONTH_FESTIVAL,MONTH_PANCHANG_DISCOVERY_DATE,OBSERVANCE,Varamahalakshmi Vrata,,,Varamahalakshmi Vrata is observed today.,20,2026-08-28,standard_festival_engine.py,VARAMAHALAKSHMI_V2_0_DISCOVERY_EVIDENCE,APPROVED,2026-08-22T21:30:45-04:00,varamahalakshmi_messages.csv
2026-08-28,geoname:1254163,geoname:1254163|city:thiruvananthapuram,Thiruvananthapuram,Kerala,India,Asia/Kolkata,1254163,GRAHANA,Chandra Grahan *Anshika,GRAHANA_2026_08_CHANDRA_GRAHAN_ANSHIKA,CHANDRA_GRAHANA,DRIK_LOCAL_GRAHANA_NOT_VISIBLE,NOT_APPLICABLE,Chandra Grahan *Anshika,Not Applicable - Eclipse is not locally visible; Sutak is not applicable.,,Chandra Grahan *Anshika. Not Applicable - Eclipse is not locally visible; Sutak is not applicable.,5,2026-08-28,grahana_engine.py,GRAHANA_V2_2_CITY_CONTEXT_THEN_DISCOVERY_URL,APPROVED,2026-08-22T21:30:44-04:00,grahana_messages.csv
2026-08-28,geoname:1254163,geoname:1254163|city:thiruvananthapuram,Thiruvananthapuram,Kerala,India,Asia/Kolkata,1254163,VARAMAHALAKSHMI,Varamahalakshmi Vrata,VARAMAHALAKSHMI_2026_08_VARAMAHALAKSHMI_VRATA,STANDARD_MONTH_FESTIVAL,MONTH_PANCHANG_DISCOVERY_DATE,OBSERVANCE,Varamahalakshmi Vrata,,,Varamahalakshmi Vrata is observed today.,20,2026-08-28,standard_festival_engine.py,VARAMAHALAKSHMI_V2_0_DISCOVERY_EVIDENCE,APPROVED,2026-08-22T21:30:45-04:00,varamahalakshmi_messages.csv
2026-08-28,geoname:1254360,geoname:1254360|city:tirupati,Tirupati,Andhra Pradesh,India,Asia/Kolkata,1254360,GRAHANA,Chandra Grahan *Anshika,GRAHANA_2026_08_CHANDRA_GRAHAN_ANSHIKA,CHANDRA_GRAHANA,DRIK_LOCAL_GRAHANA_NOT_VISIBLE,NOT_APPLICABLE,Chandra Grahan *Anshika,Not Applicable - Eclipse is not locally visible; Sutak is not applicable.,,Chandra Grahan *Anshika. Not Applicable - Eclipse is not locally visible; Sutak is not applicable.,5,2026-08-28,grahana_engine.py,GRAHANA_V2_2_CITY_CONTEXT_THEN_DISCOVERY_URL,APPROVED,2026-08-22T21:30:44-04:00,grahana_messages.csv
2026-08-28,geoname:1254360,geoname:1254360|city:tirupati,Tirupati,Andhra Pradesh,India,Asia/Kolkata,1254360,VARAMAHALAKSHMI,Varamahalakshmi Vrata,VARAMAHALAKSHMI_2026_08_VARAMAHALAKSHMI_VRATA,STANDARD_MONTH_FESTIVAL,MONTH_PANCHANG_DISCOVERY_DATE,OBSERVANCE,Varamahalakshmi Vrata,,,Varamahalakshmi Vrata is observed today.,20,2026-08-28,standard_festival_engine.py,VARAMAHALAKSHMI_V2_0_DISCOVERY_EVIDENCE,APPROVED,2026-08-22T21:30:45-04:00,varamahalakshmi_messages.csv
2026-08-28,geoname:1254388,geoname:1254388|city:srirangam,Srirangam,Tamil Nadu,India,Asia/Kolkata,1254388,GRAHANA,Chandra Grahan *Anshika,GRAHANA_2026_08_CHANDRA_GRAHAN_ANSHIKA,CHANDRA_GRAHANA,DRIK_LOCAL_GRAHANA_NOT_VISIBLE,NOT_APPLICABLE,Chandra Grahan *Anshika,Not Applicable - Eclipse is not locally visible; Sutak is not applicable.,,Chandra Grahan *Anshika. Not Applicable - Eclipse is not locally visible; Sutak is not applicable.,5,2026-08-28,grahana_engine.py,GRAHANA_V2_2_CITY_CONTEXT_THEN_DISCOVERY_URL,APPROVED,2026-08-22T21:30:44-04:00,grahana_messages.csv
2026-08-28,geoname:1254388,geoname:1254388|city:srirangam,Srirangam,Tamil Nadu,India,Asia/Kolkata,1254388,VARAMAHALAKSHMI,Varamahalakshmi Vrata,VARAMAHALAKSHMI_2026_08_VARAMAHALAKSHMI_VRATA,STANDARD_MONTH_FESTIVAL,MONTH_PANCHANG_DISCOVERY_DATE,OBSERVANCE,Varamahalakshmi Vrata,,,Varamahalakshmi Vrata is observed today.,20,2026-08-28,standard_festival_engine.py,VARAMAHALAKSHMI_V2_0_DISCOVERY_EVIDENCE,APPROVED,2026-08-22T21:30:45-04:00,varamahalakshmi_messages.csv
2026-08-28,geoname:1255364,geoname:1255364|city:surat,Surat,Gujarat,India,Asia/Kolkata,1255364,GRAHANA,Chandra Grahan *Anshika,GRAHANA_2026_08_CHANDRA_GRAHAN_ANSHIKA,CHANDRA_GRAHANA,DRIK_LOCAL_GRAHANA_NOT_VISIBLE,NOT_APPLICABLE,Chandra Grahan *Anshika,Not Applicable - Eclipse is not locally visible; Sutak is not applicable.,,Chandra Grahan *Anshika. Not Applicable - Eclipse is not locally visible; Sutak is not applicable.,5,2026-08-28,grahana_engine.py,GRAHANA_V2_2_CITY_CONTEXT_THEN_DISCOVERY_URL,APPROVED,2026-08-22T21:30:44-04:00,grahana_messages.csv
2026-08-28,geoname:1255364,geoname:1255364|city:surat,Surat,Gujarat,India,Asia/Kolkata,1255364,VARAMAHALAKSHMI,Varamahalakshmi Vrata,VARAMAHALAKSHMI_2026_08_VARAMAHALAKSHMI_VRATA,STANDARD_MONTH_FESTIVAL,MONTH_PANCHANG_DISCOVERY_DATE,OBSERVANCE,Varamahalakshmi Vrata,,,Varamahalakshmi Vrata is observed today.,20,2026-08-28,standard_festival_engine.py,VARAMAHALAKSHMI_V2_0_DISCOVERY_EVIDENCE,APPROVED,2026-08-22T21:30:45-04:00,varamahalakshmi_messages.csv
2026-08-28,geoname:1255634,geoname:1255634|city:srinagar,Srinagar,Jammu and Kashmir,India,Asia/Kolkata,1255634,GRAHANA,Chandra Grahan *Anshika,GRAHANA_2026_08_CHANDRA_GRAHAN_ANSHIKA,CHANDRA_GRAHANA,DRIK_LOCAL_GRAHANA_NOT_VISIBLE,NOT_APPLICABLE,Chandra Grahan *Anshika,Not Applicable - Eclipse is not locally visible; Sutak is not applicable.,,Chandra Grahan *Anshika. Not Applicable - Eclipse is not locally visible; Sutak is not applicable.,5,2026-08-28,grahana_engine.py,GRAHANA_V2_2_CITY_CONTEXT_THEN_DISCOVERY_URL,APPROVED,2026-08-22T21:30:44-04:00,grahana_messages.csv
2026-08-28,geoname:1255634,geoname:1255634|city:srinagar,Srinagar,Jammu and Kashmir,India,Asia/Kolkata,1255634,VARAMAHALAKSHMI,Varamahalakshmi Vrata,VARAMAHALAKSHMI_2026_08_VARAMAHALAKSHMI_VRATA,STANDARD_MONTH_FESTIVAL,MONTH_PANCHANG_DISCOVERY_DATE,OBSERVANCE,Varamahalakshmi Vrata,,,Varamahalakshmi Vrata is observed today.,20,2026-08-28,standard_festival_engine.py,VARAMAHALAKSHMI_V2_0_DISCOVERY_EVIDENCE,APPROVED,2026-08-22T21:30:45-04:00,varamahalakshmi_messages.csv
2026-08-28,geoname:1256287,geoname:1256287|city:silchar,Silchar,Assam,India,Asia/Kolkata,1256287,GRAHANA,Chandra Grahan *Anshika,GRAHANA_2026_08_CHANDRA_GRAHAN_ANSHIKA,CHANDRA_GRAHANA,DRIK_LOCAL_GRAHANA_NOT_VISIBLE,NOT_APPLICABLE,Chandra Grahan *Anshika,Not Applicable - Eclipse is not locally visible; Sutak is not applicable.,,Chandra Grahan *Anshika. Not Applicable - Eclipse is not locally visible; Sutak is not applicable.,5,2026-08-28,grahana_engine.py,GRAHANA_V2_2_CITY_CONTEXT_THEN_DISCOVERY_URL,APPROVED,2026-08-22T21:30:44-04:00,grahana_messages.csv
2026-08-28,geoname:1256287,geoname:1256287|city:silchar,Silchar,Assam,India,Asia/Kolkata,1256287,VARAMAHALAKSHMI,Varamahalakshmi Vrata,VARAMAHALAKSHMI_2026_08_VARAMAHALAKSHMI_VRATA,STANDARD_MONTH_FESTIVAL,MONTH_PANCHANG_DISCOVERY_DATE,OBSERVANCE,Varamahalakshmi Vrata,,,Varamahalakshmi Vrata is observed today.,20,2026-08-28,standard_festival_engine.py,VARAMAHALAKSHMI_V2_0_DISCOVERY_EVIDENCE,APPROVED,2026-08-22T21:30:45-04:00,varamahalakshmi_messages.csv
2026-08-28,geoname:1256525,geoname:1256525|city:shiliguri,Shiliguri,West Bengal,India,Asia/Kolkata,1256525,GRAHANA,Chandra Grahan *Anshika,GRAHANA_2026_08_CHANDRA_GRAHAN_ANSHIKA,CHANDRA_GRAHANA,DRIK_LOCAL_GRAHANA_NOT_VISIBLE,NOT_APPLICABLE,Chandra Grahan *Anshika,Not Applicable - Eclipse is not locally visible; Sutak is not applicable.,,Chandra Grahan *Anshika. Not Applicable - Eclipse is not locally visible; Sutak is not applicable.,5,2026-08-28,grahana_engine.py,GRAHANA_V2_2_CITY_CONTEXT_THEN_DISCOVERY_URL,APPROVED,2026-08-22T21:30:44-04:00,grahana_messages.csv
2026-08-28,geoname:1256525,geoname:1256525|city:shiliguri,Shiliguri,West Bengal,India,Asia/Kolkata,1256525,VARAMAHALAKSHMI,Varamahalakshmi Vrata,VARAMAHALAKSHMI_2026_08_VARAMAHALAKSHMI_VRATA,STANDARD_MONTH_FESTIVAL,MONTH_PANCHANG_DISCOVERY_DATE,OBSERVANCE,Varamahalakshmi Vrata,,,Varamahalakshmi Vrata is observed today.,20,2026-08-28,standard_festival_engine.py,VARAMAHALAKSHMI_V2_0_DISCOVERY_EVIDENCE,APPROVED,2026-08-22T21:30:45-04:00,varamahalakshmi_messages.csv
2026-08-28,geoname:1259229,geoname:1259229|city:pune,Pune,Maharashtra,India,Asia/Kolkata,1259229,GRAHANA,Chandra Grahan *Anshika,GRAHANA_2026_08_CHANDRA_GRAHAN_ANSHIKA,CHANDRA_GRAHANA,DRIK_LOCAL_GRAHANA_NOT_VISIBLE,NOT_APPLICABLE,Chandra Grahan *Anshika,Not Applicable - Eclipse is not locally visible; Sutak is not applicable.,,Chandra Grahan *Anshika. Not Applicable - Eclipse is not locally visible; Sutak is not applicable.,5,2026-08-28,grahana_engine.py,GRAHANA_V2_2_CITY_CONTEXT_THEN_DISCOVERY_URL,APPROVED,2026-08-22T21:30:44-04:00,grahana_messages.csv
2026-08-28,geoname:1259229,geoname:1259229|city:pune,Pune,Maharashtra,India,Asia/Kolkata,1259229,VARAMAHALAKSHMI,Varamahalakshmi Vrata,VARAMAHALAKSHMI_2026_08_VARAMAHALAKSHMI_VRATA,STANDARD_MONTH_FESTIVAL,MONTH_PANCHANG_DISCOVERY_DATE,OBSERVANCE,Varamahalakshmi Vrata,,,Varamahalakshmi Vrata is observed today.,20,2026-08-28,standard_festival_engine.py,VARAMAHALAKSHMI_V2_0_DISCOVERY_EVIDENCE,APPROVED,2026-08-22T21:30:45-04:00,varamahalakshmi_messages.csv
2026-08-28,geoname:1260546,geoname:1260546|city:pandharpur,Pandharpur,Maharashtra,India,Asia/Kolkata,1260546,GRAHANA,Chandra Grahan *Anshika,GRAHANA_2026_08_CHANDRA_GRAHAN_ANSHIKA,CHANDRA_GRAHANA,DRIK_LOCAL_GRAHANA_NOT_VISIBLE,NOT_APPLICABLE,Chandra Grahan *Anshika,Not Applicable - Eclipse is not locally visible; Sutak is not applicable.,,Chandra Grahan *Anshika. Not Applicable - Eclipse is not locally visible; Sutak is not applicable.,5,2026-08-28,grahana_engine.py,GRAHANA_V2_2_CITY_CONTEXT_THEN_DISCOVERY_URL,APPROVED,2026-08-22T21:30:44-04:00,grahana_messages.csv
2026-08-28,geoname:1260546,geoname:1260546|city:pandharpur,Pandharpur,Maharashtra,India,Asia/Kolkata,1260546,VARAMAHALAKSHMI,Varamahalakshmi Vrata,VARAMAHALAKSHMI_2026_08_VARAMAHALAKSHMI_VRATA,STANDARD_MONTH_FESTIVAL,MONTH_PANCHANG_DISCOVERY_DATE,OBSERVANCE,Varamahalakshmi Vrata,,,Varamahalakshmi Vrata is observed today.,20,2026-08-28,standard_festival_engine.py,VARAMAHALAKSHMI_V2_0_DISCOVERY_EVIDENCE,APPROVED,2026-08-22T21:30:45-04:00,varamahalakshmi_messages.csv
2026-08-28,geoname:1262180,geoname:1262180|city:nagpur,Nagpur,Maharashtra,India,Asia/Kolkata,1262180,GRAHANA,Chandra Grahan *Anshika,GRAHANA_2026_08_CHANDRA_GRAHAN_ANSHIKA,CHANDRA_GRAHANA,DRIK_LOCAL_GRAHANA_NOT_VISIBLE,NOT_APPLICABLE,Chandra Grahan *Anshika,Not Applicable - Eclipse is not locally visible; Sutak is not applicable.,,Chandra Grahan *Anshika. Not Applicable - Eclipse is not locally visible; Sutak is not applicable.,5,2026-08-28,grahana_engine.py,GRAHANA_V2_2_CITY_CONTEXT_THEN_DISCOVERY_URL,APPROVED,2026-08-22T21:30:44-04:00,grahana_messages.csv
2026-08-28,geoname:1262180,geoname:1262180|city:nagpur,Nagpur,Maharashtra,India,Asia/Kolkata,1262180,VARAMAHALAKSHMI,Varamahalakshmi Vrata,VARAMAHALAKSHMI_2026_08_VARAMAHALAKSHMI_VRATA,STANDARD_MONTH_FESTIVAL,MONTH_PANCHANG_DISCOVERY_DATE,OBSERVANCE,Varamahalakshmi Vrata,,,Varamahalakshmi Vrata is observed today.,20,2026-08-28,standard_festival_engine.py,VARAMAHALAKSHMI_V2_0_DISCOVERY_EVIDENCE,APPROVED,2026-08-22T21:30:45-04:00,varamahalakshmi_messages.csv
2026-08-28,geoname:1262321,geoname:1262321|city:mysuru,Mysuru,Karnataka,India,Asia/Kolkata,1262321,GRAHANA,Chandra Grahan *Anshika,GRAHANA_2026_08_CHANDRA_GRAHAN_ANSHIKA,CHANDRA_GRAHANA,DRIK_LOCAL_GRAHANA_NOT_VISIBLE,NOT_APPLICABLE,Chandra Grahan *Anshika,Not Applicable - Eclipse is not locally visible; Sutak is not applicable.,,Chandra Grahan *Anshika. Not Applicable - Eclipse is not locally visible; Sutak is not applicable.,5,2026-08-28,grahana_engine.py,GRAHANA_V2_2_CITY_CONTEXT_THEN_DISCOVERY_URL,APPROVED,2026-08-22T21:30:44-04:00,grahana_messages.csv
2026-08-28,geoname:1262321,geoname:1262321|city:mysuru,Mysuru,Karnataka,India,Asia/Kolkata,1262321,VARAMAHALAKSHMI,Varamahalakshmi Vrata,VARAMAHALAKSHMI_2026_08_VARAMAHALAKSHMI_VRATA,STANDARD_MONTH_FESTIVAL,MONTH_PANCHANG_DISCOVERY_DATE,OBSERVANCE,Varamahalakshmi Vrata,,,Varamahalakshmi Vrata is observed today.,20,2026-08-28,standard_festival_engine.py,VARAMAHALAKSHMI_V2_0_DISCOVERY_EVIDENCE,APPROVED,2026-08-22T21:30:45-04:00,varamahalakshmi_messages.csv
2026-08-28,geoname:1262321,geoname:1262321|city:t_narasipura,T Narasipura,Karnataka,India,Asia/Kolkata,1262321,GRAHANA,Chandra Grahan *Anshika,GRAHANA_2026_08_CHANDRA_GRAHAN_ANSHIKA,CHANDRA_GRAHANA,DRIK_LOCAL_GRAHANA_NOT_VISIBLE,NOT_APPLICABLE,Chandra Grahan *Anshika,Not Applicable - Eclipse is not locally visible; Sutak is not applicable.,,Chandra Grahan *Anshika. Not Applicable - Eclipse is not locally visible; Sutak is not applicable.,5,2026-08-28,grahana_engine.py,GRAHANA_V2_2_CITY_CONTEXT_THEN_DISCOVERY_URL,APPROVED,2026-08-22T21:30:44-04:00,grahana_messages.csv
2026-08-28,geoname:1262321,geoname:1262321|city:t_narasipura,T Narasipura,Karnataka,India,Asia/Kolkata,1262321,VARAMAHALAKSHMI,Varamahalakshmi Vrata,VARAMAHALAKSHMI_2026_08_VARAMAHALAKSHMI_VRATA,STANDARD_MONTH_FESTIVAL,MONTH_PANCHANG_DISCOVERY_DATE,OBSERVANCE,Varamahalakshmi Vrata,,,Varamahalakshmi Vrata is observed today.,20,2026-08-28,standard_festival_engine.py,VARAMAHALAKSHMI_V2_0_DISCOVERY_EVIDENCE,APPROVED,2026-08-22T21:30:45-04:00,varamahalakshmi_messages.csv
2026-08-28,geoname:1263780,geoname:1263780|city:mangalore,Mangalore,Karnataka,India,Asia/Kolkata,1263780,GRAHANA,Chandra Grahan *Anshika,GRAHANA_2026_08_CHANDRA_GRAHAN_ANSHIKA,CHANDRA_GRAHANA,DRIK_LOCAL_GRAHANA_NOT_VISIBLE,NOT_APPLICABLE,Chandra Grahan *Anshika,Not Applicable - Eclipse is not locally visible; Sutak is not applicable.,,Chandra Grahan *Anshika. Not Applicable - Eclipse is not locally visible; Sutak is not applicable.,5,2026-08-28,grahana_engine.py,GRAHANA_V2_2_CITY_CONTEXT_THEN_DISCOVERY_URL,APPROVED,2026-08-22T21:30:44-04:00,grahana_messages.csv
2026-08-28,geoname:1263780,geoname:1263780|city:mangalore,Mangalore,Karnataka,India,Asia/Kolkata,1263780,VARAMAHALAKSHMI,Varamahalakshmi Vrata,VARAMAHALAKSHMI_2026_08_VARAMAHALAKSHMI_VRATA,STANDARD_MONTH_FESTIVAL,MONTH_PANCHANG_DISCOVERY_DATE,OBSERVANCE,Varamahalakshmi Vrata,,,Varamahalakshmi Vrata is observed today.,20,2026-08-28,standard_festival_engine.py,VARAMAHALAKSHMI_V2_0_DISCOVERY_EVIDENCE,APPROVED,2026-08-22T21:30:45-04:00,varamahalakshmi_messages.csv
2026-08-28,geoname:1264521,geoname:1264521|city:madurai,Madurai,Tamil Nadu,India,Asia/Kolkata,1264521,GRAHANA,Chandra Grahan *Anshika,GRAHANA_2026_08_CHANDRA_GRAHAN_ANSHIKA,CHANDRA_GRAHANA,DRIK_LOCAL_GRAHANA_NOT_VISIBLE,NOT_APPLICABLE,Chandra Grahan *Anshika,Not Applicable - Eclipse is not locally visible; Sutak is not applicable.,,Chandra Grahan *Anshika. Not Applicable - Eclipse is not locally visible; Sutak is not applicable.,5,2026-08-28,grahana_engine.py,GRAHANA_V2_2_CITY_CONTEXT_THEN_DISCOVERY_URL,APPROVED,2026-08-22T21:30:44-04:00,grahana_messages.csv
2026-08-28,geoname:1264521,geoname:1264521|city:madurai,Madurai,Tamil Nadu,India,Asia/Kolkata,1264521,VARAMAHALAKSHMI,Varamahalakshmi Vrata,VARAMAHALAKSHMI_2026_08_VARAMAHALAKSHMI_VRATA,STANDARD_MONTH_FESTIVAL,MONTH_PANCHANG_DISCOVERY_DATE,OBSERVANCE,Varamahalakshmi Vrata,,,Varamahalakshmi Vrata is observed today.,20,2026-08-28,standard_festival_engine.py,VARAMAHALAKSHMI_V2_0_DISCOVERY_EVIDENCE,APPROVED,2026-08-22T21:30:45-04:00,varamahalakshmi_messages.csv
2026-08-28,geoname:1264527,geoname:1264527|city:chennai,Chennai,Tamil Nadu,India,Asia/Kolkata,1264527,GRAHANA,Chandra Grahan *Anshika,GRAHANA_2026_08_CHANDRA_GRAHAN_ANSHIKA,CHANDRA_GRAHANA,DRIK_LOCAL_GRAHANA_NOT_VISIBLE,NOT_APPLICABLE,Chandra Grahan *Anshika,Not Applicable - Eclipse is not locally visible; Sutak is not applicable.,,Chandra Grahan *Anshika. Not Applicable - Eclipse is not locally visible; Sutak is not applicable.,5,2026-08-28,grahana_engine.py,GRAHANA_V2_2_CITY_CONTEXT_THEN_DISCOVERY_URL,APPROVED,2026-08-22T21:30:44-04:00,grahana_messages.csv
2026-08-28,geoname:1264527,geoname:1264527|city:chennai,Chennai,Tamil Nadu,India,Asia/Kolkata,1264527,VARAMAHALAKSHMI,Varamahalakshmi Vrata,VARAMAHALAKSHMI_2026_08_VARAMAHALAKSHMI_VRATA,STANDARD_MONTH_FESTIVAL,MONTH_PANCHANG_DISCOVERY_DATE,OBSERVANCE,Varamahalakshmi Vrata,,,Varamahalakshmi Vrata is observed today.,20,2026-08-28,standard_festival_engine.py,VARAMAHALAKSHMI_V2_0_DISCOVERY_EVIDENCE,APPROVED,2026-08-22T21:30:45-04:00,varamahalakshmi_messages.csv
2026-08-28,geoname:1264733,geoname:1264733|city:lucknow,Lucknow,Uttar Pradesh,India,Asia/Kolkata,1264733,GRAHANA,Chandra Grahan *Anshika,GRAHANA_2026_08_CHANDRA_GRAHAN_ANSHIKA,CHANDRA_GRAHANA,DRIK_LOCAL_GRAHANA_NOT_VISIBLE,NOT_APPLICABLE,Chandra Grahan *Anshika,Not Applicable - Eclipse is not locally visible; Sutak is not applicable.,,Chandra Grahan *Anshika. Not Applicable - Eclipse is not locally visible; Sutak is not applicable.,5,2026-08-28,grahana_engine.py,GRAHANA_V2_2_CITY_CONTEXT_THEN_DISCOVERY_URL,APPROVED,2026-08-22T21:30:44-04:00,grahana_messages.csv
2026-08-28,geoname:1264733,geoname:1264733|city:lucknow,Lucknow,Uttar Pradesh,India,Asia/Kolkata,1264733,VARAMAHALAKSHMI,Varamahalakshmi Vrata,VARAMAHALAKSHMI_2026_08_VARAMAHALAKSHMI_VRATA,STANDARD_MONTH_FESTIVAL,MONTH_PANCHANG_DISCOVERY_DATE,OBSERVANCE,Varamahalakshmi Vrata,,,Varamahalakshmi Vrata is observed today.,20,2026-08-28,standard_festival_engine.py,VARAMAHALAKSHMI_V2_0_DISCOVERY_EVIDENCE,APPROVED,2026-08-22T21:30:45-04:00,varamahalakshmi_messages.csv
2026-08-28,geoname:1265683,geoname:1265683|city:kumbakonam,Kumbakonam,Tamil Nadu,India,Asia/Kolkata,1265683,GRAHANA,Chandra Grahan *Anshika,GRAHANA_2026_08_CHANDRA_GRAHAN_ANSHIKA,CHANDRA_GRAHANA,DRIK_LOCAL_GRAHANA_NOT_VISIBLE,NOT_APPLICABLE,Chandra Grahan *Anshika,Not Applicable - Eclipse is not locally visible; Sutak is not applicable.,,Chandra Grahan *Anshika. Not Applicable - Eclipse is not locally visible; Sutak is not applicable.,5,2026-08-28,grahana_engine.py,GRAHANA_V2_2_CITY_CONTEXT_THEN_DISCOVERY_URL,APPROVED,2026-08-22T21:30:44-04:00,grahana_messages.csv
2026-08-28,geoname:1265683,geoname:1265683|city:kumbakonam,Kumbakonam,Tamil Nadu,India,Asia/Kolkata,1265683,VARAMAHALAKSHMI,Varamahalakshmi Vrata,VARAMAHALAKSHMI_2026_08_VARAMAHALAKSHMI_VRATA,STANDARD_MONTH_FESTIVAL,MONTH_PANCHANG_DISCOVERY_DATE,OBSERVANCE,Varamahalakshmi Vrata,,,Varamahalakshmi Vrata is observed today.,20,2026-08-28,standard_festival_engine.py,VARAMAHALAKSHMI_V2_0_DISCOVERY_EVIDENCE,APPROVED,2026-08-22T21:30:45-04:00,varamahalakshmi_messages.csv
2026-08-28,geoname:1266285,geoname:1266285|city:kolhapur,Kolhapur,Maharashtra,India,Asia/Kolkata,1266285,GRAHANA,Chandra Grahan *Anshika,GRAHANA_2026_08_CHANDRA_GRAHAN_ANSHIKA,CHANDRA_GRAHANA,DRIK_LOCAL_GRAHANA_NOT_VISIBLE,NOT_APPLICABLE,Chandra Grahan *Anshika,Not Applicable - Eclipse is not locally visible; Sutak is not applicable.,,Chandra Grahan *Anshika. Not Applicable - Eclipse is not locally visible; Sutak is not applicable.,5,2026-08-28,grahana_engine.py,GRAHANA_V2_2_CITY_CONTEXT_THEN_DISCOVERY_URL,APPROVED,2026-08-22T21:30:44-04:00,grahana_messages.csv
2026-08-28,geoname:1266285,geoname:1266285|city:kolhapur,Kolhapur,Maharashtra,India,Asia/Kolkata,1266285,VARAMAHALAKSHMI,Varamahalakshmi Vrata,VARAMAHALAKSHMI_2026_08_VARAMAHALAKSHMI_VRATA,STANDARD_MONTH_FESTIVAL,MONTH_PANCHANG_DISCOVERY_DATE,OBSERVANCE,Varamahalakshmi Vrata,,,Varamahalakshmi Vrata is observed today.,20,2026-08-28,standard_festival_engine.py,VARAMAHALAKSHMI_V2_0_DISCOVERY_EVIDENCE,APPROVED,2026-08-22T21:30:45-04:00,varamahalakshmi_messages.csv
2026-08-28,geoname:1268159,geoname:1268159|city:kanchipuram,Kanchipuram,Tamil Nadu,India,Asia/Kolkata,1268159,GRAHANA,Chandra Grahan *Anshika,GRAHANA_2026_08_CHANDRA_GRAHAN_ANSHIKA,CHANDRA_GRAHANA,DRIK_LOCAL_GRAHANA_NOT_VISIBLE,NOT_APPLICABLE,Chandra Grahan *Anshika,Not Applicable - Eclipse is not locally visible; Sutak is not applicable.,,Chandra Grahan *Anshika. Not Applicable - Eclipse is not locally visible; Sutak is not applicable.,5,2026-08-28,grahana_engine.py,GRAHANA_V2_2_CITY_CONTEXT_THEN_DISCOVERY_URL,APPROVED,2026-08-22T21:30:44-04:00,grahana_messages.csv
2026-08-28,geoname:1268159,geoname:1268159|city:kanchipuram,Kanchipuram,Tamil Nadu,India,Asia/Kolkata,1268159,VARAMAHALAKSHMI,Varamahalakshmi Vrata,VARAMAHALAKSHMI_2026_08_VARAMAHALAKSHMI_VRATA,STANDARD_MONTH_FESTIVAL,MONTH_PANCHANG_DISCOVERY_DATE,OBSERVANCE,Varamahalakshmi Vrata,,,Varamahalakshmi Vrata is observed today.,20,2026-08-28,standard_festival_engine.py,VARAMAHALAKSHMI_V2_0_DISCOVERY_EVIDENCE,APPROVED,2026-08-22T21:30:45-04:00,varamahalakshmi_messages.csv
2026-08-28,geoname:1269655,geoname:1269655|city:itanagar,Itanagar,Arunachal Pradesh,India,Asia/Kolkata,1269655,GRAHANA,Chandra Grahan *Anshika,GRAHANA_2026_08_CHANDRA_GRAHAN_ANSHIKA,CHANDRA_GRAHANA,DRIK_LOCAL_GRAHANA_NOT_VISIBLE,NOT_APPLICABLE,Chandra Grahan *Anshika,Not Applicable - Eclipse is not locally visible; Sutak is not applicable.,,Chandra Grahan *Anshika. Not Applicable - Eclipse is not locally visible; Sutak is not applicable.,5,2026-08-28,grahana_engine.py,GRAHANA_V2_2_CITY_CONTEXT_THEN_DISCOVERY_URL,APPROVED,2026-08-22T21:30:44-04:00,grahana_messages.csv
2026-08-28,geoname:1269655,geoname:1269655|city:itanagar,Itanagar,Arunachal Pradesh,India,Asia/Kolkata,1269655,VARAMAHALAKSHMI,Varamahalakshmi Vrata,VARAMAHALAKSHMI_2026_08_VARAMAHALAKSHMI_VRATA,STANDARD_MONTH_FESTIVAL,MONTH_PANCHANG_DISCOVERY_DATE,OBSERVANCE,Varamahalakshmi Vrata,,,Varamahalakshmi Vrata is observed today.,20,2026-08-28,standard_festival_engine.py,VARAMAHALAKSHMI_V2_0_DISCOVERY_EVIDENCE,APPROVED,2026-08-22T21:30:45-04:00,varamahalakshmi_messages.csv
2026-08-28,geoname:1269771,geoname:1269771|city:imphal,Imphal,Manipur,India,Asia/Kolkata,1269771,GRAHANA,Chandra Grahan *Anshika,GRAHANA_2026_08_CHANDRA_GRAHAN_ANSHIKA,CHANDRA_GRAHANA,DRIK_LOCAL_GRAHANA_NOT_VISIBLE,NOT_APPLICABLE,Chandra Grahan *Anshika,Not Applicable - Eclipse is not locally visible; Sutak is not applicable.,,Chandra Grahan *Anshika. Not Applicable - Eclipse is not locally visible; Sutak is not applicable.,5,2026-08-28,grahana_engine.py,GRAHANA_V2_2_CITY_CONTEXT_THEN_DISCOVERY_URL,APPROVED,2026-08-22T21:30:44-04:00,grahana_messages.csv
2026-08-28,geoname:1269771,geoname:1269771|city:imphal,Imphal,Manipur,India,Asia/Kolkata,1269771,VARAMAHALAKSHMI,Varamahalakshmi Vrata,VARAMAHALAKSHMI_2026_08_VARAMAHALAKSHMI_VRATA,STANDARD_MONTH_FESTIVAL,MONTH_PANCHANG_DISCOVERY_DATE,OBSERVANCE,Varamahalakshmi Vrata,,,Varamahalakshmi Vrata is observed today.,20,2026-08-28,standard_festival_engine.py,VARAMAHALAKSHMI_V2_0_DISCOVERY_EVIDENCE,APPROVED,2026-08-22T21:30:45-04:00,varamahalakshmi_messages.csv
2026-08-28,geoname:1269843,geoname:1269843|city:hyderabad,Hyderabad,Telangana,India,Asia/Kolkata,1269843,GRAHANA,Chandra Grahan *Anshika,GRAHANA_2026_08_CHANDRA_GRAHAN_ANSHIKA,CHANDRA_GRAHANA,DRIK_LOCAL_GRAHANA_NOT_VISIBLE,NOT_APPLICABLE,Chandra Grahan *Anshika,Not Applicable - Eclipse is not locally visible; Sutak is not applicable.,,Chandra Grahan *Anshika. Not Applicable - Eclipse is not locally visible; Sutak is not applicable.,5,2026-08-28,grahana_engine.py,GRAHANA_V2_2_CITY_CONTEXT_THEN_DISCOVERY_URL,APPROVED,2026-08-22T21:30:44-04:00,grahana_messages.csv
2026-08-28,geoname:1269843,geoname:1269843|city:hyderabad,Hyderabad,Telangana,India,Asia/Kolkata,1269843,VARAMAHALAKSHMI,Varamahalakshmi Vrata,VARAMAHALAKSHMI_2026_08_VARAMAHALAKSHMI_VRATA,STANDARD_MONTH_FESTIVAL,MONTH_PANCHANG_DISCOVERY_DATE,OBSERVANCE,Varamahalakshmi Vrata,,,Varamahalakshmi Vrata is observed today.,20,2026-08-28,standard_festival_engine.py,VARAMAHALAKSHMI_V2_0_DISCOVERY_EVIDENCE,APPROVED,2026-08-22T21:30:45-04:00,varamahalakshmi_messages.csv
2026-08-28,geoname:1269920,geoname:1269920|city:hubli,Hubli,Karnataka,India,Asia/Kolkata,1269920,GRAHANA,Chandra Grahan *Anshika,GRAHANA_2026_08_CHANDRA_GRAHAN_ANSHIKA,CHANDRA_GRAHANA,DRIK_LOCAL_GRAHANA_NOT_VISIBLE,NOT_APPLICABLE,Chandra Grahan *Anshika,Not Applicable - Eclipse is not locally visible; Sutak is not applicable.,,Chandra Grahan *Anshika. Not Applicable - Eclipse is not locally visible; Sutak is not applicable.,5,2026-08-28,grahana_engine.py,GRAHANA_V2_2_CITY_CONTEXT_THEN_DISCOVERY_URL,APPROVED,2026-08-22T21:30:44-04:00,grahana_messages.csv
2026-08-28,geoname:1269920,geoname:1269920|city:hubli,Hubli,Karnataka,India,Asia/Kolkata,1269920,VARAMAHALAKSHMI,Varamahalakshmi Vrata,VARAMAHALAKSHMI_2026_08_VARAMAHALAKSHMI_VRATA,STANDARD_MONTH_FESTIVAL,MONTH_PANCHANG_DISCOVERY_DATE,OBSERVANCE,Varamahalakshmi Vrata,,,Varamahalakshmi Vrata is observed today.,20,2026-08-28,standard_festival_engine.py,VARAMAHALAKSHMI_V2_0_DISCOVERY_EVIDENCE,APPROVED,2026-08-22T21:30:45-04:00,varamahalakshmi_messages.csv
2026-08-28,geoname:1270603,geoname:1270603|city:guruvayur,Guruvayur,Kerala,India,Asia/Kolkata,1270603,GRAHANA,Chandra Grahan *Anshika,GRAHANA_2026_08_CHANDRA_GRAHAN_ANSHIKA,CHANDRA_GRAHANA,DRIK_LOCAL_GRAHANA_NOT_VISIBLE,NOT_APPLICABLE,Chandra Grahan *Anshika,Not Applicable - Eclipse is not locally visible; Sutak is not applicable.,,Chandra Grahan *Anshika. Not Applicable - Eclipse is not locally visible; Sutak is not applicable.,5,2026-08-28,grahana_engine.py,GRAHANA_V2_2_CITY_CONTEXT_THEN_DISCOVERY_URL,APPROVED,2026-08-22T21:30:44-04:00,grahana_messages.csv
2026-08-28,geoname:1270603,geoname:1270603|city:guruvayur,Guruvayur,Kerala,India,Asia/Kolkata,1270603,VARAMAHALAKSHMI,Varamahalakshmi Vrata,VARAMAHALAKSHMI_2026_08_VARAMAHALAKSHMI_VRATA,STANDARD_MONTH_FESTIVAL,MONTH_PANCHANG_DISCOVERY_DATE,OBSERVANCE,Varamahalakshmi Vrata,,,Varamahalakshmi Vrata is observed today.,20,2026-08-28,standard_festival_engine.py,VARAMAHALAKSHMI_V2_0_DISCOVERY_EVIDENCE,APPROVED,2026-08-22T21:30:45-04:00,varamahalakshmi_messages.csv
2026-08-28,geoname:1271476,geoname:1271476|city:guwahati,Guwahati,Assam,India,Asia/Kolkata,1271476,GRAHANA,Chandra Grahan *Anshika,GRAHANA_2026_08_CHANDRA_GRAHAN_ANSHIKA,CHANDRA_GRAHANA,DRIK_LOCAL_GRAHANA_NOT_VISIBLE,NOT_APPLICABLE,Chandra Grahan *Anshika,Not Applicable - Eclipse is not locally visible; Sutak is not applicable.,,Chandra Grahan *Anshika. Not Applicable - Eclipse is not locally visible; Sutak is not applicable.,5,2026-08-28,grahana_engine.py,GRAHANA_V2_2_CITY_CONTEXT_THEN_DISCOVERY_URL,APPROVED,2026-08-22T21:30:44-04:00,grahana_messages.csv
2026-08-28,geoname:1271476,geoname:1271476|city:guwahati,Guwahati,Assam,India,Asia/Kolkata,1271476,VARAMAHALAKSHMI,Varamahalakshmi Vrata,VARAMAHALAKSHMI_2026_08_VARAMAHALAKSHMI_VRATA,STANDARD_MONTH_FESTIVAL,MONTH_PANCHANG_DISCOVERY_DATE,OBSERVANCE,Varamahalakshmi Vrata,,,Varamahalakshmi Vrata is observed today.,20,2026-08-28,standard_festival_engine.py,VARAMAHALAKSHMI_V2_0_DISCOVERY_EVIDENCE,APPROVED,2026-08-22T21:30:45-04:00,varamahalakshmi_messages.csv
2026-08-28,geoname:1271631,geoname:1271631|city:gangtok,Gangtok,Sikkim,India,Asia/Kolkata,1271631,GRAHANA,Chandra Grahan *Anshika,GRAHANA_2026_08_CHANDRA_GRAHAN_ANSHIKA,CHANDRA_GRAHANA,DRIK_LOCAL_GRAHANA_NOT_VISIBLE,NOT_APPLICABLE,Chandra Grahan *Anshika,Not Applicable - Eclipse is not locally visible; Sutak is not applicable.,,Chandra Grahan *Anshika. Not Applicable - Eclipse is not locally visible; Sutak is not applicable.,5,2026-08-28,grahana_engine.py,GRAHANA_V2_2_CITY_CONTEXT_THEN_DISCOVERY_URL,APPROVED,2026-08-22T21:30:44-04:00,grahana_messages.csv
2026-08-28,geoname:1271631,geoname:1271631|city:gangtok,Gangtok,Sikkim,India,Asia/Kolkata,1271631,VARAMAHALAKSHMI,Varamahalakshmi Vrata,VARAMAHALAKSHMI_2026_08_VARAMAHALAKSHMI_VRATA,STANDARD_MONTH_FESTIVAL,MONTH_PANCHANG_DISCOVERY_DATE,OBSERVANCE,Varamahalakshmi Vrata,,,Varamahalakshmi Vrata is observed today.,20,2026-08-28,standard_festival_engine.py,VARAMAHALAKSHMI_V2_0_DISCOVERY_EVIDENCE,APPROVED,2026-08-22T21:30:45-04:00,varamahalakshmi_messages.csv
2026-08-28,geoname:1272552,geoname:1272552|city:dimapur,Dimapur,Nagaland,India,Asia/Kolkata,1272552,GRAHANA,Chandra Grahan *Anshika,GRAHANA_2026_08_CHANDRA_GRAHAN_ANSHIKA,CHANDRA_GRAHANA,DRIK_LOCAL_GRAHANA_NOT_VISIBLE,NOT_APPLICABLE,Chandra Grahan *Anshika,Not Applicable - Eclipse is not locally visible; Sutak is not applicable.,,Chandra Grahan *Anshika. Not Applicable - Eclipse is not locally visible; Sutak is not applicable.,5,2026-08-28,grahana_engine.py,GRAHANA_V2_2_CITY_CONTEXT_THEN_DISCOVERY_URL,APPROVED,2026-08-22T21:30:44-04:00,grahana_messages.csv
2026-08-28,geoname:1272552,geoname:1272552|city:dimapur,Dimapur,Nagaland,India,Asia/Kolkata,1272552,VARAMAHALAKSHMI,Varamahalakshmi Vrata,VARAMAHALAKSHMI_2026_08_VARAMAHALAKSHMI_VRATA,STANDARD_MONTH_FESTIVAL,MONTH_PANCHANG_DISCOVERY_DATE,OBSERVANCE,Varamahalakshmi Vrata,,,Varamahalakshmi Vrata is observed today.,20,2026-08-28,standard_festival_engine.py,VARAMAHALAKSHMI_V2_0_DISCOVERY_EVIDENCE,APPROVED,2026-08-22T21:30:45-04:00,varamahalakshmi_messages.csv
2026-08-28,geoname:1272648,geoname:1272648|city:dibrugarh,Dibrugarh,Assam,India,Asia/Kolkata,1272648,GRAHANA,Chandra Grahan *Anshika,GRAHANA_2026_08_CHANDRA_GRAHAN_ANSHIKA,CHANDRA_GRAHANA,DRIK_LOCAL_GRAHANA_NOT_VISIBLE,NOT_APPLICABLE,Chandra Grahan *Anshika,Not Applicable - Eclipse is not locally visible; Sutak is not applicable.,,Chandra Grahan *Anshika. Not Applicable - Eclipse is not locally visible; Sutak is not applicable.,5,2026-08-28,grahana_engine.py,GRAHANA_V2_2_CITY_CONTEXT_THEN_DISCOVERY_URL,APPROVED,2026-08-22T21:30:44-04:00,grahana_messages.csv
2026-08-28,geoname:1272648,geoname:1272648|city:dibrugarh,Dibrugarh,Assam,India,Asia/Kolkata,1272648,VARAMAHALAKSHMI,Varamahalakshmi Vrata,VARAMAHALAKSHMI_2026_08_VARAMAHALAKSHMI_VRATA,STANDARD_MONTH_FESTIVAL,MONTH_PANCHANG_DISCOVERY_DATE,OBSERVANCE,Varamahalakshmi Vrata,,,Varamahalakshmi Vrata is observed today.,20,2026-08-28,standard_festival_engine.py,VARAMAHALAKSHMI_V2_0_DISCOVERY_EVIDENCE,APPROVED,2026-08-22T21:30:45-04:00,varamahalakshmi_messages.csv
2026-08-28,geoname:1274256,geoname:1274256|city:chidambaram,Chidambaram,Tamil Nadu,India,Asia/Kolkata,1274256,GRAHANA,Chandra Grahan *Anshika,GRAHANA_2026_08_CHANDRA_GRAHAN_ANSHIKA,CHANDRA_GRAHANA,DRIK_LOCAL_GRAHANA_NOT_VISIBLE,NOT_APPLICABLE,Chandra Grahan *Anshika,Not Applicable - Eclipse is not locally visible; Sutak is not applicable.,,Chandra Grahan *Anshika. Not Applicable - Eclipse is not locally visible; Sutak is not applicable.,5,2026-08-28,grahana_engine.py,GRAHANA_V2_2_CITY_CONTEXT_THEN_DISCOVERY_URL,APPROVED,2026-08-22T21:30:44-04:00,grahana_messages.csv
2026-08-28,geoname:1274256,geoname:1274256|city:chidambaram,Chidambaram,Tamil Nadu,India,Asia/Kolkata,1274256,VARAMAHALAKSHMI,Varamahalakshmi Vrata,VARAMAHALAKSHMI_2026_08_VARAMAHALAKSHMI_VRATA,STANDARD_MONTH_FESTIVAL,MONTH_PANCHANG_DISCOVERY_DATE,OBSERVANCE,Varamahalakshmi Vrata,,,Varamahalakshmi Vrata is observed today.,20,2026-08-28,standard_festival_engine.py,VARAMAHALAKSHMI_V2_0_DISCOVERY_EVIDENCE,APPROVED,2026-08-22T21:30:45-04:00,varamahalakshmi_messages.csv
2026-08-28,geoname:1275004,geoname:1275004|city:kolkata,Kolkata,West Bengal,India,Asia/Kolkata,1275004,GRAHANA,Chandra Grahan *Anshika,GRAHANA_2026_08_CHANDRA_GRAHAN_ANSHIKA,CHANDRA_GRAHANA,DRIK_LOCAL_GRAHANA_NOT_VISIBLE,NOT_APPLICABLE,Chandra Grahan *Anshika,Not Applicable - Eclipse is not locally visible; Sutak is not applicable.,,Chandra Grahan *Anshika. Not Applicable - Eclipse is not locally visible; Sutak is not applicable.,5,2026-08-28,grahana_engine.py,GRAHANA_V2_2_CITY_CONTEXT_THEN_DISCOVERY_URL,APPROVED,2026-08-22T21:30:44-04:00,grahana_messages.csv
2026-08-28,geoname:1275004,geoname:1275004|city:kolkata,Kolkata,West Bengal,India,Asia/Kolkata,1275004,VARAMAHALAKSHMI,Varamahalakshmi Vrata,VARAMAHALAKSHMI_2026_08_VARAMAHALAKSHMI_VRATA,STANDARD_MONTH_FESTIVAL,MONTH_PANCHANG_DISCOVERY_DATE,OBSERVANCE,Varamahalakshmi Vrata,,,Varamahalakshmi Vrata is observed today.,20,2026-08-28,standard_festival_engine.py,VARAMAHALAKSHMI_V2_0_DISCOVERY_EVIDENCE,APPROVED,2026-08-22T21:30:45-04:00,varamahalakshmi_messages.csv
2026-08-28,geoname:1275339,geoname:1275339|city:mumbai,Mumbai,Maharashtra,India,Asia/Kolkata,1275339,GRAHANA,Chandra Grahan *Anshika,GRAHANA_2026_08_CHANDRA_GRAHAN_ANSHIKA,CHANDRA_GRAHANA,DRIK_LOCAL_GRAHANA_NOT_VISIBLE,NOT_APPLICABLE,Chandra Grahan *Anshika,Not Applicable - Eclipse is not locally visible; Sutak is not applicable.,,Chandra Grahan *Anshika. Not Applicable - Eclipse is not locally visible; Sutak is not applicable.,5,2026-08-28,grahana_engine.py,GRAHANA_V2_2_CITY_CONTEXT_THEN_DISCOVERY_URL,APPROVED,2026-08-22T21:30:44-04:00,grahana_messages.csv
2026-08-28,geoname:1275339,geoname:1275339|city:mumbai,Mumbai,Maharashtra,India,Asia/Kolkata,1275339,VARAMAHALAKSHMI,Varamahalakshmi Vrata,VARAMAHALAKSHMI_2026_08_VARAMAHALAKSHMI_VRATA,STANDARD_MONTH_FESTIVAL,MONTH_PANCHANG_DISCOVERY_DATE,OBSERVANCE,Varamahalakshmi Vrata,,,Varamahalakshmi Vrata is observed today.,20,2026-08-28,standard_festival_engine.py,VARAMAHALAKSHMI_V2_0_DISCOVERY_EVIDENCE,APPROVED,2026-08-22T21:30:45-04:00,varamahalakshmi_messages.csv
2026-08-28,geoname:1275817,geoname:1275817|city:bhubaneswar,Bhubaneswar,Odisha,India,Asia/Kolkata,1275817,GRAHANA,Chandra Grahan *Anshika,GRAHANA_2026_08_CHANDRA_GRAHAN_ANSHIKA,CHANDRA_GRAHANA,DRIK_LOCAL_GRAHANA_NOT_VISIBLE,NOT_APPLICABLE,Chandra Grahan *Anshika,Not Applicable - Eclipse is not locally visible; Sutak is not applicable.,,Chandra Grahan *Anshika. Not Applicable - Eclipse is not locally visible; Sutak is not applicable.,5,2026-08-28,grahana_engine.py,GRAHANA_V2_2_CITY_CONTEXT_THEN_DISCOVERY_URL,APPROVED,2026-08-22T21:30:44-04:00,grahana_messages.csv
2026-08-28,geoname:1275817,geoname:1275817|city:bhubaneswar,Bhubaneswar,Odisha,India,Asia/Kolkata,1275817,VARAMAHALAKSHMI,Varamahalakshmi Vrata,VARAMAHALAKSHMI_2026_08_VARAMAHALAKSHMI_VRATA,STANDARD_MONTH_FESTIVAL,MONTH_PANCHANG_DISCOVERY_DATE,OBSERVANCE,Varamahalakshmi Vrata,,,Varamahalakshmi Vrata is observed today.,20,2026-08-28,standard_festival_engine.py,VARAMAHALAKSHMI_V2_0_DISCOVERY_EVIDENCE,APPROVED,2026-08-22T21:30:45-04:00,varamahalakshmi_messages.csv
2026-08-28,geoname:1275841,geoname:1275841|city:bhopal,Bhopal,Madhya Pradesh,India,Asia/Kolkata,1275841,GRAHANA,Chandra Grahan *Anshika,GRAHANA_2026_08_CHANDRA_GRAHAN_ANSHIKA,CHANDRA_GRAHANA,DRIK_LOCAL_GRAHANA_NOT_VISIBLE,NOT_APPLICABLE,Chandra Grahan *Anshika,Not Applicable - Eclipse is not locally visible; Sutak is not applicable.,,Chandra Grahan *Anshika. Not Applicable - Eclipse is not locally visible; Sutak is not applicable.,5,2026-08-28,grahana_engine.py,GRAHANA_V2_2_CITY_CONTEXT_THEN_DISCOVERY_URL,APPROVED,2026-08-22T21:30:44-04:00,grahana_messages.csv
2026-08-28,geoname:1275841,geoname:1275841|city:bhopal,Bhopal,Madhya Pradesh,India,Asia/Kolkata,1275841,VARAMAHALAKSHMI,Varamahalakshmi Vrata,VARAMAHALAKSHMI_2026_08_VARAMAHALAKSHMI_VRATA,STANDARD_MONTH_FESTIVAL,MONTH_PANCHANG_DISCOVERY_DATE,OBSERVANCE,Varamahalakshmi Vrata,,,Varamahalakshmi Vrata is observed today.,20,2026-08-28,standard_festival_engine.py,VARAMAHALAKSHMI_V2_0_DISCOVERY_EVIDENCE,APPROVED,2026-08-22T21:30:45-04:00,varamahalakshmi_messages.csv
2026-08-28,geoname:1276533,geoname:1276533|city:belgaum,Belgaum,Karnataka,India,Asia/Kolkata,1276533,GRAHANA,Chandra Grahan *Anshika,GRAHANA_2026_08_CHANDRA_GRAHAN_ANSHIKA,CHANDRA_GRAHANA,DRIK_LOCAL_GRAHANA_NOT_VISIBLE,NOT_APPLICABLE,Chandra Grahan *Anshika,Not Applicable - Eclipse is not locally visible; Sutak is not applicable.,,Chandra Grahan *Anshika. Not Applicable - Eclipse is not locally visible; Sutak is not applicable.,5,2026-08-28,grahana_engine.py,GRAHANA_V2_2_CITY_CONTEXT_THEN_DISCOVERY_URL,APPROVED,2026-08-22T21:30:44-04:00,grahana_messages.csv
2026-08-28,geoname:1276533,geoname:1276533|city:belgaum,Belgaum,Karnataka,India,Asia/Kolkata,1276533,VARAMAHALAKSHMI,Varamahalakshmi Vrata,VARAMAHALAKSHMI_2026_08_VARAMAHALAKSHMI_VRATA,STANDARD_MONTH_FESTIVAL,MONTH_PANCHANG_DISCOVERY_DATE,OBSERVANCE,Varamahalakshmi Vrata,,,Varamahalakshmi Vrata is observed today.,20,2026-08-28,standard_festival_engine.py,VARAMAHALAKSHMI_V2_0_DISCOVERY_EVIDENCE,APPROVED,2026-08-22T21:30:45-04:00,varamahalakshmi_messages.csv
2026-08-28,geoname:1277333,geoname:1277333|city:bengaluru,Bengaluru,Karnataka,India,Asia/Kolkata,1277333,GRAHANA,Chandra Grahan *Anshika,GRAHANA_2026_08_CHANDRA_GRAHAN_ANSHIKA,CHANDRA_GRAHANA,DRIK_LOCAL_GRAHANA_NOT_VISIBLE,NOT_APPLICABLE,Chandra Grahan *Anshika,Not Applicable - Eclipse is not locally visible; Sutak is not applicable.,,Chandra Grahan *Anshika. Not Applicable - Eclipse is not locally visible; Sutak is not applicable.,5,2026-08-28,grahana_engine.py,GRAHANA_V2_2_CITY_CONTEXT_THEN_DISCOVERY_URL,APPROVED,2026-08-22T21:30:44-04:00,grahana_messages.csv
2026-08-28,geoname:1277333,geoname:1277333|city:bengaluru,Bengaluru,Karnataka,India,Asia/Kolkata,1277333,VARAMAHALAKSHMI,Varamahalakshmi Vrata,VARAMAHALAKSHMI_2026_08_VARAMAHALAKSHMI_VRATA,STANDARD_MONTH_FESTIVAL,MONTH_PANCHANG_DISCOVERY_DATE,OBSERVANCE,Varamahalakshmi Vrata,,,Varamahalakshmi Vrata is observed today.,20,2026-08-28,standard_festival_engine.py,VARAMAHALAKSHMI_V2_0_DISCOVERY_EVIDENCE,APPROVED,2026-08-22T21:30:45-04:00,varamahalakshmi_messages.csv
2026-08-28,geoname:1278094,geoname:1278094|city:ayodhya,Ayodhya,Uttar Pradesh,India,Asia/Kolkata,1278094,GRAHANA,Chandra Grahan *Anshika,GRAHANA_2026_08_CHANDRA_GRAHAN_ANSHIKA,CHANDRA_GRAHANA,DRIK_LOCAL_GRAHANA_NOT_VISIBLE,NOT_APPLICABLE,Chandra Grahan *Anshika,Not Applicable - Eclipse is not locally visible; Sutak is not applicable.,,Chandra Grahan *Anshika. Not Applicable - Eclipse is not locally visible; Sutak is not applicable.,5,2026-08-28,grahana_engine.py,GRAHANA_V2_2_CITY_CONTEXT_THEN_DISCOVERY_URL,APPROVED,2026-08-22T21:30:44-04:00,grahana_messages.csv
2026-08-28,geoname:1278094,geoname:1278094|city:ayodhya,Ayodhya,Uttar Pradesh,India,Asia/Kolkata,1278094,VARAMAHALAKSHMI,Varamahalakshmi Vrata,VARAMAHALAKSHMI_2026_08_VARAMAHALAKSHMI_VRATA,STANDARD_MONTH_FESTIVAL,MONTH_PANCHANG_DISCOVERY_DATE,OBSERVANCE,Varamahalakshmi Vrata,,,Varamahalakshmi Vrata is observed today.,20,2026-08-28,standard_festival_engine.py,VARAMAHALAKSHMI_V2_0_DISCOVERY_EVIDENCE,APPROVED,2026-08-22T21:30:45-04:00,varamahalakshmi_messages.csv
2026-08-28,geoname:1278994,geoname:1278994|city:prayagraj,Prayagraj,Uttar Pradesh,India,Asia/Kolkata,1278994,GRAHANA,Chandra Grahan *Anshika,GRAHANA_2026_08_CHANDRA_GRAHAN_ANSHIKA,CHANDRA_GRAHANA,DRIK_LOCAL_GRAHANA_NOT_VISIBLE,NOT_APPLICABLE,Chandra Grahan *Anshika,Not Applicable - Eclipse is not locally visible; Sutak is not applicable.,,Chandra Grahan *Anshika. Not Applicable - Eclipse is not locally visible; Sutak is not applicable.,5,2026-08-28,grahana_engine.py,GRAHANA_V2_2_CITY_CONTEXT_THEN_DISCOVERY_URL,APPROVED,2026-08-22T21:30:44-04:00,grahana_messages.csv
2026-08-28,geoname:1278994,geoname:1278994|city:prayagraj,Prayagraj,Uttar Pradesh,India,Asia/Kolkata,1278994,VARAMAHALAKSHMI,Varamahalakshmi Vrata,VARAMAHALAKSHMI_2026_08_VARAMAHALAKSHMI_VRATA,STANDARD_MONTH_FESTIVAL,MONTH_PANCHANG_DISCOVERY_DATE,OBSERVANCE,Varamahalakshmi Vrata,,,Varamahalakshmi Vrata is observed today.,20,2026-08-28,standard_festival_engine.py,VARAMAHALAKSHMI_V2_0_DISCOVERY_EVIDENCE,APPROVED,2026-08-22T21:30:45-04:00,varamahalakshmi_messages.csv
2026-08-28,geoname:1279186,geoname:1279186|city:aizawl,Aizawl,Mizoram,India,Asia/Kolkata,1279186,GRAHANA,Chandra Grahan *Anshika,GRAHANA_2026_08_CHANDRA_GRAHAN_ANSHIKA,CHANDRA_GRAHANA,DRIK_LOCAL_GRAHANA_NOT_VISIBLE,NOT_APPLICABLE,Chandra Grahan *Anshika,Not Applicable - Eclipse is not locally visible; Sutak is not applicable.,,Chandra Grahan *Anshika. Not Applicable - Eclipse is not locally visible; Sutak is not applicable.,5,2026-08-28,grahana_engine.py,GRAHANA_V2_2_CITY_CONTEXT_THEN_DISCOVERY_URL,APPROVED,2026-08-22T21:30:44-04:00,grahana_messages.csv
2026-08-28,geoname:1279186,geoname:1279186|city:aizawl,Aizawl,Mizoram,India,Asia/Kolkata,1279186,VARAMAHALAKSHMI,Varamahalakshmi Vrata,VARAMAHALAKSHMI_2026_08_VARAMAHALAKSHMI_VRATA,STANDARD_MONTH_FESTIVAL,MONTH_PANCHANG_DISCOVERY_DATE,OBSERVANCE,Varamahalakshmi Vrata,,,Varamahalakshmi Vrata is observed today.,20,2026-08-28,standard_festival_engine.py,VARAMAHALAKSHMI_V2_0_DISCOVERY_EVIDENCE,APPROVED,2026-08-22T21:30:45-04:00,varamahalakshmi_messages.csv
2026-08-28,geoname:1279290,geoname:1279290|city:agartala,Agartala,Tripura,India,Asia/Kolkata,1279290,GRAHANA,Chandra Grahan *Anshika,GRAHANA_2026_08_CHANDRA_GRAHAN_ANSHIKA,CHANDRA_GRAHANA,DRIK_LOCAL_GRAHANA_NOT_VISIBLE,NOT_APPLICABLE,Chandra Grahan *Anshika,Not Applicable - Eclipse is not locally visible; Sutak is not applicable.,,Chandra Grahan *Anshika. Not Applicable - Eclipse is not locally visible; Sutak is not applicable.,5,2026-08-28,grahana_engine.py,GRAHANA_V2_2_CITY_CONTEXT_THEN_DISCOVERY_URL,APPROVED,2026-08-22T21:30:44-04:00,grahana_messages.csv
2026-08-28,geoname:1279290,geoname:1279290|city:agartala,Agartala,Tripura,India,Asia/Kolkata,1279290,VARAMAHALAKSHMI,Varamahalakshmi Vrata,VARAMAHALAKSHMI_2026_08_VARAMAHALAKSHMI_VRATA,STANDARD_MONTH_FESTIVAL,MONTH_PANCHANG_DISCOVERY_DATE,OBSERVANCE,Varamahalakshmi Vrata,,,Varamahalakshmi Vrata is observed today.,20,2026-08-28,standard_festival_engine.py,VARAMAHALAKSHMI_V2_0_DISCOVERY_EVIDENCE,APPROVED,2026-08-22T21:30:45-04:00,varamahalakshmi_messages.csv
2026-08-28,geoname:1835848,geoname:1835848|city:seoul,Seoul,Seoul,South Korea,Asia/Seoul,1835848,GRAHANA,Chandra Grahan *Anshika,GRAHANA_2026_08_CHANDRA_GRAHAN_ANSHIKA,CHANDRA_GRAHANA,DRIK_LOCAL_GRAHANA_NOT_VISIBLE,NOT_APPLICABLE,Chandra Grahan *Anshika,Not Applicable - Eclipse is not locally visible; Sutak is not applicable.,,Chandra Grahan *Anshika. Not Applicable - Eclipse is not locally visible; Sutak is not applicable.,5,2026-08-28,grahana_engine.py,GRAHANA_V2_2_CITY_CONTEXT_THEN_DISCOVERY_URL,APPROVED,2026-08-22T21:30:44-04:00,grahana_messages.csv
2026-08-28,geoname:1835848,geoname:1835848|city:seoul,Seoul,Seoul,South Korea,Asia/Seoul,1835848,VARAMAHALAKSHMI,Varamahalakshmi Vrata,VARAMAHALAKSHMI_2026_08_VARAMAHALAKSHMI_VRATA,STANDARD_MONTH_FESTIVAL,MONTH_PANCHANG_DISCOVERY_DATE,OBSERVANCE,Varamahalakshmi Vrata,,,Varamahalakshmi Vrata is observed today.,20,2026-08-28,standard_festival_engine.py,VARAMAHALAKSHMI_V2_0_DISCOVERY_EVIDENCE,APPROVED,2026-08-22T21:30:45-04:00,varamahalakshmi_messages.csv
2026-08-28,geoname:2063523,geoname:2063523|city:perth,Perth,Western Australia,Australia,Australia/Perth,2063523,GRAHANA,Chandra Grahan *Anshika,GRAHANA_2026_08_CHANDRA_GRAHAN_ANSHIKA,CHANDRA_GRAHANA,DRIK_LOCAL_GRAHANA_NOT_VISIBLE,NOT_APPLICABLE,Chandra Grahan *Anshika,Not Applicable - Eclipse is not locally visible; Sutak is not applicable.,,Chandra Grahan *Anshika. Not Applicable - Eclipse is not locally visible; Sutak is not applicable.,5,2026-08-28,grahana_engine.py,GRAHANA_V2_2_CITY_CONTEXT_THEN_DISCOVERY_URL,APPROVED,2026-08-22T21:30:44-04:00,grahana_messages.csv
2026-08-28,geoname:2063523,geoname:2063523|city:perth,Perth,Western Australia,Australia,Australia/Perth,2063523,VARAMAHALAKSHMI,Varamahalakshmi Vrata,VARAMAHALAKSHMI_2026_08_VARAMAHALAKSHMI_VRATA,STANDARD_MONTH_FESTIVAL,MONTH_PANCHANG_DISCOVERY_DATE,OBSERVANCE,Varamahalakshmi Vrata,,,Varamahalakshmi Vrata is observed today.,20,2026-08-28,standard_festival_engine.py,VARAMAHALAKSHMI_V2_0_DISCOVERY_EVIDENCE,APPROVED,2026-08-22T21:30:45-04:00,varamahalakshmi_messages.csv
2026-08-28,geoname:2078025,geoname:2078025|city:adelaide,Adelaide,South Australia,Australia,Australia/Adelaide,2078025,GRAHANA,Chandra Grahan *Anshika,GRAHANA_2026_08_CHANDRA_GRAHAN_ANSHIKA,CHANDRA_GRAHANA,DRIK_LOCAL_GRAHANA_NOT_VISIBLE,NOT_APPLICABLE,Chandra Grahan *Anshika,Not Applicable - Eclipse is not locally visible; Sutak is not applicable.,,Chandra Grahan *Anshika. Not Applicable - Eclipse is not locally visible; Sutak is not applicable.,5,2026-08-28,grahana_engine.py,GRAHANA_V2_2_CITY_CONTEXT_THEN_DISCOVERY_URL,APPROVED,2026-08-22T21:30:44-04:00,grahana_messages.csv
2026-08-28,geoname:2078025,geoname:2078025|city:adelaide,Adelaide,South Australia,Australia,Australia/Adelaide,2078025,VARAMAHALAKSHMI,Varamahalakshmi Vrata,VARAMAHALAKSHMI_2026_08_VARAMAHALAKSHMI_VRATA,STANDARD_MONTH_FESTIVAL,MONTH_PANCHANG_DISCOVERY_DATE,OBSERVANCE,Varamahalakshmi Vrata,,,Varamahalakshmi Vrata is observed today.,20,2026-08-28,standard_festival_engine.py,VARAMAHALAKSHMI_V2_0_DISCOVERY_EVIDENCE,APPROVED,2026-08-22T21:30:45-04:00,varamahalakshmi_messages.csv
2026-08-28,geoname:2147714,geoname:2147714|city:sydney,Sydney,New South Wales,Australia,Australia/Sydney,2147714,GRAHANA,Chandra Grahan *Anshika,GRAHANA_2026_08_CHANDRA_GRAHAN_ANSHIKA,CHANDRA_GRAHANA,DRIK_LOCAL_GRAHANA_NOT_VISIBLE,NOT_APPLICABLE,Chandra Grahan *Anshika,Not Applicable - Eclipse is not locally visible; Sutak is not applicable.,,Chandra Grahan *Anshika. Not Applicable - Eclipse is not locally visible; Sutak is not applicable.,5,2026-08-28,grahana_engine.py,GRAHANA_V2_2_CITY_CONTEXT_THEN_DISCOVERY_URL,APPROVED,2026-08-22T21:30:44-04:00,grahana_messages.csv
2026-08-28,geoname:2147714,geoname:2147714|city:sydney,Sydney,New South Wales,Australia,Australia/Sydney,2147714,VARAMAHALAKSHMI,Varamahalakshmi Vrata,VARAMAHALAKSHMI_2026_08_VARAMAHALAKSHMI_VRATA,STANDARD_MONTH_FESTIVAL,MONTH_PANCHANG_DISCOVERY_DATE,OBSERVANCE,Varamahalakshmi Vrata,,,Varamahalakshmi Vrata is observed today.,20,2026-08-28,standard_festival_engine.py,VARAMAHALAKSHMI_V2_0_DISCOVERY_EVIDENCE,APPROVED,2026-08-22T21:30:45-04:00,varamahalakshmi_messages.csv
2026-08-28,geoname:2158177,geoname:2158177|city:melbourne,Melbourne,Victoria,Australia,Australia/Melbourne,2158177,GRAHANA,Chandra Grahan *Anshika,GRAHANA_2026_08_CHANDRA_GRAHAN_ANSHIKA,CHANDRA_GRAHANA,DRIK_LOCAL_GRAHANA_NOT_VISIBLE,NOT_APPLICABLE,Chandra Grahan *Anshika,Not Applicable - Eclipse is not locally visible; Sutak is not applicable.,,Chandra Grahan *Anshika. Not Applicable - Eclipse is not locally visible; Sutak is not applicable.,5,2026-08-28,grahana_engine.py,GRAHANA_V2_2_CITY_CONTEXT_THEN_DISCOVERY_URL,APPROVED,2026-08-22T21:30:44-04:00,grahana_messages.csv
2026-08-28,geoname:2158177,geoname:2158177|city:melbourne,Melbourne,Victoria,Australia,Australia/Melbourne,2158177,VARAMAHALAKSHMI,Varamahalakshmi Vrata,VARAMAHALAKSHMI_2026_08_VARAMAHALAKSHMI_VRATA,STANDARD_MONTH_FESTIVAL,MONTH_PANCHANG_DISCOVERY_DATE,OBSERVANCE,Varamahalakshmi Vrata,,,Varamahalakshmi Vrata is observed today.,20,2026-08-28,standard_festival_engine.py,VARAMAHALAKSHMI_V2_0_DISCOVERY_EVIDENCE,APPROVED,2026-08-22T21:30:45-04:00,varamahalakshmi_messages.csv
2026-08-28,geoname:2172517,geoname:2172517|city:canberra,Canberra,Australian Capital Territory,Australia,Australia/Sydney,2172517,GRAHANA,Chandra Grahan *Anshika,GRAHANA_2026_08_CHANDRA_GRAHAN_ANSHIKA,CHANDRA_GRAHANA,DRIK_LOCAL_GRAHANA_NOT_VISIBLE,NOT_APPLICABLE,Chandra Grahan *Anshika,Not Applicable - Eclipse is not locally visible; Sutak is not applicable.,,Chandra Grahan *Anshika. Not Applicable - Eclipse is not locally visible; Sutak is not applicable.,5,2026-08-28,grahana_engine.py,GRAHANA_V2_2_CITY_CONTEXT_THEN_DISCOVERY_URL,APPROVED,2026-08-22T21:30:44-04:00,grahana_messages.csv
2026-08-28,geoname:2172517,geoname:2172517|city:canberra,Canberra,Australian Capital Territory,Australia,Australia/Sydney,2172517,VARAMAHALAKSHMI,Varamahalakshmi Vrata,VARAMAHALAKSHMI_2026_08_VARAMAHALAKSHMI_VRATA,STANDARD_MONTH_FESTIVAL,MONTH_PANCHANG_DISCOVERY_DATE,OBSERVANCE,Varamahalakshmi Vrata,,,Varamahalakshmi Vrata is observed today.,20,2026-08-28,standard_festival_engine.py,VARAMAHALAKSHMI_V2_0_DISCOVERY_EVIDENCE,APPROVED,2026-08-22T21:30:45-04:00,varamahalakshmi_messages.csv
2026-08-28,geoname:2174003,geoname:2174003|city:brisbane,Brisbane,Queensland,Australia,Australia/Brisbane,2174003,GRAHANA,Chandra Grahan *Anshika,GRAHANA_2026_08_CHANDRA_GRAHAN_ANSHIKA,CHANDRA_GRAHANA,DRIK_LOCAL_GRAHANA_NOT_VISIBLE,NOT_APPLICABLE,Chandra Grahan *Anshika,Not Applicable - Eclipse is not locally visible; Sutak is not applicable.,,Chandra Grahan *Anshika. Not Applicable - Eclipse is not locally visible; Sutak is not applicable.,5,2026-08-28,grahana_engine.py,GRAHANA_V2_2_CITY_CONTEXT_THEN_DISCOVERY_URL,APPROVED,2026-08-22T21:30:44-04:00,grahana_messages.csv
2026-08-28,geoname:2174003,geoname:2174003|city:brisbane,Brisbane,Queensland,Australia,Australia/Brisbane,2174003,VARAMAHALAKSHMI,Varamahalakshmi Vrata,VARAMAHALAKSHMI_2026_08_VARAMAHALAKSHMI_VRATA,STANDARD_MONTH_FESTIVAL,MONTH_PANCHANG_DISCOVERY_DATE,OBSERVANCE,Varamahalakshmi Vrata,,,Varamahalakshmi Vrata is observed today.,20,2026-08-28,standard_festival_engine.py,VARAMAHALAKSHMI_V2_0_DISCOVERY_EVIDENCE,APPROVED,2026-08-22T21:30:45-04:00,varamahalakshmi_messages.csv
2026-08-28,geoname:2179537,geoname:2179537|city:wellington,Wellington,Wellington,New Zealand,Pacific/Auckland,2179537,GRAHANA,Chandra Grahan *Anshika,GRAHANA_2026_08_CHANDRA_GRAHAN_ANSHIKA,CHANDRA_GRAHANA,DRIK_LOCAL_GRAHANA_NOT_VISIBLE,NOT_APPLICABLE,Chandra Grahan *Anshika,Not Applicable - Eclipse is not locally visible; Sutak is not applicable.,,Chandra Grahan *Anshika. Not Applicable - Eclipse is not locally visible; Sutak is not applicable.,5,2026-08-28,grahana_engine.py,GRAHANA_V2_2_CITY_CONTEXT_THEN_DISCOVERY_URL,APPROVED,2026-08-22T21:30:44-04:00,grahana_messages.csv
2026-08-28,geoname:2179537,geoname:2179537|city:wellington,Wellington,Wellington,New Zealand,Pacific/Auckland,2179537,VARAMAHALAKSHMI,Varamahalakshmi Vrata,VARAMAHALAKSHMI_2026_08_VARAMAHALAKSHMI_VRATA,STANDARD_MONTH_FESTIVAL,MONTH_PANCHANG_DISCOVERY_DATE,OBSERVANCE,Varamahalakshmi Vrata,,,Varamahalakshmi Vrata is observed today.,20,2026-08-28,standard_festival_engine.py,VARAMAHALAKSHMI_V2_0_DISCOVERY_EVIDENCE,APPROVED,2026-08-22T21:30:45-04:00,varamahalakshmi_messages.csv
2026-08-28,geoname:2192362,geoname:2192362|city:christchurch,Christchurch,Canterbury,New Zealand,Pacific/Auckland,2192362,GRAHANA,Chandra Grahan *Anshika,GRAHANA_2026_08_CHANDRA_GRAHAN_ANSHIKA,CHANDRA_GRAHANA,DRIK_LOCAL_GRAHANA_NOT_VISIBLE,NOT_APPLICABLE,Chandra Grahan *Anshika,Not Applicable - Eclipse is not locally visible; Sutak is not applicable.,,Chandra Grahan *Anshika. Not Applicable - Eclipse is not locally visible; Sutak is not applicable.,5,2026-08-28,grahana_engine.py,GRAHANA_V2_2_CITY_CONTEXT_THEN_DISCOVERY_URL,APPROVED,2026-08-22T21:30:44-04:00,grahana_messages.csv
2026-08-28,geoname:2192362,geoname:2192362|city:christchurch,Christchurch,Canterbury,New Zealand,Pacific/Auckland,2192362,VARAMAHALAKSHMI,Varamahalakshmi Vrata,VARAMAHALAKSHMI_2026_08_VARAMAHALAKSHMI_VRATA,STANDARD_MONTH_FESTIVAL,MONTH_PANCHANG_DISCOVERY_DATE,OBSERVANCE,Varamahalakshmi Vrata,,,Varamahalakshmi Vrata is observed today.,20,2026-08-28,standard_festival_engine.py,VARAMAHALAKSHMI_V2_0_DISCOVERY_EVIDENCE,APPROVED,2026-08-22T21:30:45-04:00,varamahalakshmi_messages.csv
2026-08-28,geoname:2193733,geoname:2193733|city:auckland,Auckland,Auckland,New Zealand,Pacific/Auckland,2193733,GRAHANA,Chandra Grahan *Anshika,GRAHANA_2026_08_CHANDRA_GRAHAN_ANSHIKA,CHANDRA_GRAHANA,DRIK_LOCAL_GRAHANA_NOT_VISIBLE,NOT_APPLICABLE,Chandra Grahan *Anshika,Not Applicable - Eclipse is not locally visible; Sutak is not applicable.,,Chandra Grahan *Anshika. Not Applicable - Eclipse is not locally visible; Sutak is not applicable.,5,2026-08-28,grahana_engine.py,GRAHANA_V2_2_CITY_CONTEXT_THEN_DISCOVERY_URL,APPROVED,2026-08-22T21:30:44-04:00,grahana_messages.csv
2026-08-28,geoname:2193733,geoname:2193733|city:auckland,Auckland,Auckland,New Zealand,Pacific/Auckland,2193733,VARAMAHALAKSHMI,Varamahalakshmi Vrata,VARAMAHALAKSHMI_2026_08_VARAMAHALAKSHMI_VRATA,STANDARD_MONTH_FESTIVAL,MONTH_PANCHANG_DISCOVERY_DATE,OBSERVANCE,Varamahalakshmi Vrata,,,Varamahalakshmi Vrata is observed today.,20,2026-08-28,standard_festival_engine.py,VARAMAHALAKSHMI_V2_0_DISCOVERY_EVIDENCE,APPROVED,2026-08-22T21:30:45-04:00,varamahalakshmi_messages.csv
2026-08-28,geoname:2643743,geoname:2643743|city:london,London,London,United Kingdom,Europe/London,2643743,GRAHANA,Chandra Grahan *Anshika,GRAHANA_2026_08_CHANDRA_GRAHAN_ANSHIKA,CHANDRA_GRAHANA,DRIK_LOCAL_GRAHANA_VISIBLE,OBSERVANCE,Chandra Grahan *Anshika,"Sutak Begins - 04:30 PM, Aug 27 | Sutak Ends - 06:10 AM | Eclipse Start - 03:34 AM | Eclipse End - 06:10 AM",,"Chandra Grahan *Anshika. Sutak Begins - 04:30 PM, Aug 27 | Sutak Ends - 06:10 AM | Eclipse Start - 03:34 AM | Eclipse End - 06:10 AM",20,2026-08-28,grahana_engine.py,GRAHANA_V2_2_CITY_CONTEXT_THEN_DISCOVERY_URL,APPROVED,2026-08-22T21:30:44-04:00,grahana_messages.csv
2026-08-28,geoname:2657896,geoname:2657896|city:zurich,Zurich,Zurich,Switzerland,Europe/Zurich,2657896,GRAHANA,Chandra Grahan *Anshika,GRAHANA_2026_08_CHANDRA_GRAHAN_ANSHIKA,CHANDRA_GRAHANA,DRIK_LOCAL_GRAHANA_VISIBLE,OBSERVANCE,Chandra Grahan *Anshika,"Sutak Begins - 08:16 PM, Aug 27 | Sutak Ends - 06:41 AM | Eclipse Start - 04:34 AM | Eclipse End - 06:41 AM",,"Chandra Grahan *Anshika. Sutak Begins - 08:16 PM, Aug 27 | Sutak Ends - 06:41 AM | Eclipse Start - 04:34 AM | Eclipse End - 06:41 AM",20,2026-08-28,grahana_engine.py,GRAHANA_V2_2_CITY_CONTEXT_THEN_DISCOVERY_URL,APPROVED,2026-08-22T21:30:44-04:00,grahana_messages.csv
2026-08-28,geoname:290030,geoname:290030|city:doha,Doha,Baladīyat ad Dawḩah,Qatar,Asia/Qatar,290030,GRAHANA,Chandra Grahan *Anshika,GRAHANA_2026_08_CHANDRA_GRAHAN_ANSHIKA,CHANDRA_GRAHANA,DRIK_LOCAL_GRAHANA_NOT_VISIBLE,NOT_APPLICABLE,Chandra Grahan *Anshika,Not Applicable - Eclipse is not locally visible; Sutak is not applicable.,,Chandra Grahan *Anshika. Not Applicable - Eclipse is not locally visible; Sutak is not applicable.,5,2026-08-28,grahana_engine.py,GRAHANA_V2_2_CITY_CONTEXT_THEN_DISCOVERY_URL,APPROVED,2026-08-22T21:30:44-04:00,grahana_messages.csv
2026-08-28,geoname:290030,geoname:290030|city:doha,Doha,Baladīyat ad Dawḩah,Qatar,Asia/Qatar,290030,VARAMAHALAKSHMI,Varamahalakshmi Vrata,VARAMAHALAKSHMI_2026_08_VARAMAHALAKSHMI_VRATA,STANDARD_MONTH_FESTIVAL,MONTH_PANCHANG_DISCOVERY_DATE,OBSERVANCE,Varamahalakshmi Vrata,,,Varamahalakshmi Vrata is observed today.,20,2026-08-28,standard_festival_engine.py,VARAMAHALAKSHMI_V2_0_DISCOVERY_EVIDENCE,APPROVED,2026-08-22T21:30:45-04:00,varamahalakshmi_messages.csv
2026-08-28,geoname:292223,geoname:292223|city:dubai,Dubai,Dubai,United Arab Emirates,Asia/Dubai,292223,GRAHANA,Chandra Grahan *Anshika,GRAHANA_2026_08_CHANDRA_GRAHAN_ANSHIKA,CHANDRA_GRAHANA,DRIK_LOCAL_GRAHANA_NOT_VISIBLE,NOT_APPLICABLE,Chandra Grahan *Anshika,Not Applicable - Eclipse is not locally visible; Sutak is not applicable.,,Chandra Grahan *Anshika. Not Applicable - Eclipse is not locally visible; Sutak is not applicable.,5,2026-08-28,grahana_engine.py,GRAHANA_V2_2_CITY_CONTEXT_THEN_DISCOVERY_URL,APPROVED,2026-08-22T21:30:44-04:00,grahana_messages.csv
2026-08-28,geoname:292223,geoname:292223|city:dubai,Dubai,Dubai,United Arab Emirates,Asia/Dubai,292223,VARAMAHALAKSHMI,Varamahalakshmi Vrata,VARAMAHALAKSHMI_2026_08_VARAMAHALAKSHMI_VRATA,STANDARD_MONTH_FESTIVAL,MONTH_PANCHANG_DISCOVERY_DATE,OBSERVANCE,Varamahalakshmi Vrata,,,Varamahalakshmi Vrata is observed today.,20,2026-08-28,standard_festival_engine.py,VARAMAHALAKSHMI_V2_0_DISCOVERY_EVIDENCE,APPROVED,2026-08-22T21:30:45-04:00,varamahalakshmi_messages.csv
2026-08-28,geoname:2928751,geoname:2928751|city:esslingen,Esslingen,Esslingen,Germany,Europe/Berlin,2928751,GRAHANA,Chandra Grahan *Anshika,GRAHANA_2026_08_CHANDRA_GRAHAN_ANSHIKA,CHANDRA_GRAHANA,DRIK_LOCAL_GRAHANA_VISIBLE,OBSERVANCE,Chandra Grahan *Anshika,"Sutak Begins - 08:15 PM, Aug 27 | Sutak Ends - 06:36 AM | Eclipse Start - 04:34 AM | Eclipse End - 06:36 AM",,"Chandra Grahan *Anshika. Sutak Begins - 08:15 PM, Aug 27 | Sutak Ends - 06:36 AM | Eclipse Start - 04:34 AM | Eclipse End - 06:36 AM",20,2026-08-28,grahana_engine.py,GRAHANA_V2_2_CITY_CONTEXT_THEN_DISCOVERY_URL,APPROVED,2026-08-22T21:30:44-04:00,grahana_messages.csv
