City,State/Region,Country,Timezone,Place Key,Geoname ID,Ekadashi Name,Anchor Date,Audit Flow Message,Sunrise Tithi Sequence,Sunrise Nakshatra Sequence,Dashami End / Ekadashi Start,Ekadashi End / Dwadashi Start,Dwadashi End / Trayodashi Start,First Ekadashi Sunrise Date,First Ekadashi Sunrise,First Ekadashi Arunodaya,Valid Ekadashi Sunrise Dates,Dashami Viddha Sunrise Dates,Ekadashi Sunrise Evaluation,First Valid Ekadashi Sunrise Date,First Valid Ekadashi Sunrise,First Valid Ekadashi Arunodaya,First Dwadashi Sunrise Date,Dwadashi Sunrise Nakshatra,Dwadashi Q1 End / Hari Vasara End,Scan Start,Scan End,Dates Used,Fresh Scans This City,Completeness Status,Missing Parameters,Error,Ekadashi Type,Condition Code,Classification Explanation,Classification Flags,Upavaasa Date 1,Upavaasa Date 2,Parana Date,Parana Tithi Rule,Parana Branch,Parana Start,Parana End,Parana Note
Windsor,Ontario,Canada,America/New_York,geoname:6182962,6182962,Kamika Ekadashi,2026-08-08,"Kamika Ekadashi - Windsor. Dashami ends and Ekadashi begins on 2026-08-08 04:29:00 AM EDT. On 08-Aug-26, Sooryodaya is 06:32 AM and Arunodaya is 04:56 AM. Ekadashi is present at sunrise and had begun before Arunodaya, so this is a valid Ekadashi sunrise. Ekadashi ends on 2026-08-09 01:34:00 AM EDT and does not remain through another sunrise. Ekadashi ends and Dwadashi begins on 2026-08-09 01:34:00 AM EDT. Dwadashi is present at Sooryodaya on 09-Aug-26 (Sooryodaya 06:33 AM). Dwadashi ends and Trayodashi begins on 2026-08-09 10:30:00 PM EDT. Therefore the Upavaasa is observed on 08-Aug-26. For Parana on 09-Aug-26, Sooryodaya is 06:33 AM, Pratah Kala ends at 09:23 AM, Dwadashi ends at 2026-08-09 10:30:00 PM EDT, and Hari Vasara ends at 2026-08-09 06:48:00 AM EDT. Hari Vasara ends after Sooryodaya, at 06:48 AM, but still within Pratah Kala. Therefore Parana cannot start at sunrise and starts at Hari Vasara end (06:48 AM). Pratah Kala ends at 09:23 AM, before Dwadashi ends; therefore Pratah Kala end is the limiting end time. Hence Parana is 06:48 AM to 09:23 AM.",2026-08-07:Navami | 2026-08-08:Ekadashi | 2026-08-09:Dwadashi,2026-08-07:Krittika | 2026-08-08:Rohini | 2026-08-09:Ardra,2026-08-08 04:29:00 AM EDT,2026-08-09 01:34:00 AM EDT,2026-08-09 10:30:00 PM EDT,2026-08-08,06:32 AM,2026-08-08 04:56:00 AM EDT,2026-08-08,,2026-08-08:VALID (start 2026-08-08 04:29:00 AM EDT < Arunodaya 2026-08-08 04:56:00 AM EDT),2026-08-08,06:32 AM,2026-08-08 04:56:00 AM EDT,2026-08-09,Ardra,2026-08-09 06:48:00 AM EDT,2026-08-07,2026-08-09,2026-08-07 | 2026-08-08 | 2026-08-09,3,COMPLETE,,,Normal Ekadashi,NORMAL,Ekadashi began before Arunodaya and has one valid Ekadashi sunrise. No two-day exception is triggered.,2026-08-08:VALID (start 2026-08-08 04:29:00 AM EDT < Arunodaya 2026-08-08 04:56:00 AM EDT),2026-08-08,,2026-08-09,DWADASHI,PRATAH,2026-08-09 06:48:00 AM EDT,2026-08-09 09:22:36 AM EDT,Hari Vasara ends during Pratah; Parana begins after Hari Vasara and ends at Pratah end.
London,London,United Kingdom,Europe/London,geoname:2643743,2643743,Kamika Ekadashi,2026-08-08,"Kamika Ekadashi - London. Dashami ends and Ekadashi begins on 2026-08-08 09:29:00 AM BST. On 09-Aug-26, Sooryodaya is 05:36 AM and Arunodaya is 04:00 AM. Ekadashi is present at sunrise and had begun before Arunodaya, so this is a valid Ekadashi sunrise. Ekadashi ends on 2026-08-09 06:34:00 AM BST and does not remain through another sunrise. Ekadashi ends and Dwadashi begins on 2026-08-09 06:34:00 AM BST. Dwadashi ends and Trayodashi begins on 2026-08-10 03:30:00 AM BST. Therefore the Upavaasa is observed on 09-Aug-26. For Parana on 10-Aug-26, Sooryodaya is 05:38 AM, Pratah Kala ends at 08:37 AM, Dwadashi ends at 2026-08-10 03:30:00 AM BST, and Hari Vasara ends at 2026-08-09 11:48:00 AM BST. Dwadashi has already ended before Sooryodaya. Therefore Parana starts at Sooryodaya (05:38 AM) and continues to the end of Pratah Kala (08:37 AM). Hence Parana is 05:38 AM to 08:37 AM.",2026-08-08:Dashami | 2026-08-09:Ekadashi | 2026-08-10:Trayodashi,2026-08-08:Rohini | 2026-08-09:Mrigashirsha | 2026-08-10:Ardra,2026-08-08 09:29:00 AM BST,2026-08-09 06:34:00 AM BST,2026-08-10 03:30:00 AM BST,2026-08-09,05:36 AM,2026-08-09 04:00:00 AM BST,2026-08-09,,2026-08-09:VALID (start 2026-08-08 09:29:00 AM BST < Arunodaya 2026-08-09 04:00:00 AM BST),2026-08-09,05:36 AM,2026-08-09 04:00:00 AM BST,,,2026-08-09 11:48:00 AM BST,2026-08-08,2026-08-10,2026-08-08 | 2026-08-09 | 2026-08-10,3,COMPLETE,,,Normal Ekadashi,NORMAL,Ekadashi began before Arunodaya and has one valid Ekadashi sunrise. No two-day exception is triggered.,2026-08-09:VALID (start 2026-08-08 09:29:00 AM BST < Arunodaya 2026-08-09 04:00:00 AM BST),2026-08-09,,2026-08-10,DWADASHI,DWADASHI_OVER_BEFORE_SUNRISE,2026-08-10 05:38:00 AM BST,2026-08-10 08:37:00 AM BST,Dwadashi ended before sunrise; Parana is sunrise to Pratah end.
Belgaum,Karnataka,India,Asia/Kolkata,geoname:1276533,1276533,Kamika Ekadashi,2026-08-08,"Kamika Ekadashi - Belgaum. Dashami ends and Ekadashi begins on 2026-08-08 01:59:00 PM IST. On 09-Aug-26, Sooryodaya is 06:15 AM and Arunodaya is 04:39 AM. Ekadashi is present at sunrise and had begun before Arunodaya, so this is a valid Ekadashi sunrise. Ekadashi ends on 2026-08-09 11:04:00 AM IST and does not remain through another sunrise. Ekadashi ends and Dwadashi begins on 2026-08-09 11:04:00 AM IST. Dwadashi is present at Sooryodaya on 10-Aug-26 (Sooryodaya 06:16 AM). Dwadashi ends and Trayodashi begins on 2026-08-10 08:00:00 AM IST. Therefore the Upavaasa is observed on 09-Aug-26. For Parana on 10-Aug-26, Sooryodaya is 06:16 AM, Pratah Kala ends at 08:49 AM, Dwadashi ends at 2026-08-10 08:00:00 AM IST, and Hari Vasara ends at 2026-08-09 04:18:00 PM IST. Hari Vasara ends before Sooryodaya, so there is no Hari-Vasara delay; Parana starts at Sooryodaya (06:16 AM). Dwadashi ends at 08:00 AM, before Pratah Kala ends at 08:49 AM; therefore Dwadashi end is the limiting end time. Hence Parana is 06:16 AM to 08:00 AM.",2026-08-08:Dashami | 2026-08-09:Ekadashi | 2026-08-10:Dwadashi,2026-08-08:Rohini | 2026-08-09:Mrigashirsha | 2026-08-10:Ardra,2026-08-08 01:59:00 PM IST,2026-08-09 11:04:00 AM IST,2026-08-10 08:00:00 AM IST,2026-08-09,06:15 AM,2026-08-09 04:39:00 AM IST,2026-08-09,,2026-08-09:VALID (start 2026-08-08 01:59:00 PM IST < Arunodaya 2026-08-09 04:39:00 AM IST),2026-08-09,06:15 AM,2026-08-09 04:39:00 AM IST,2026-08-10,Ardra,2026-08-09 04:18:00 PM IST,2026-08-08,2026-08-10,2026-08-08 | 2026-08-09 | 2026-08-10,3,COMPLETE,,,Normal Ekadashi,NORMAL,Ekadashi began before Arunodaya and has one valid Ekadashi sunrise. No two-day exception is triggered.,2026-08-09:VALID (start 2026-08-08 01:59:00 PM IST < Arunodaya 2026-08-09 04:39:00 AM IST),2026-08-09,,2026-08-10,DWADASHI,PRATAH,2026-08-10 06:16:00 AM IST,2026-08-10 08:00:00 AM IST,Hari Vasara ended before Parana-day sunrise; Parana is sunrise to Pratah end.
Hubli,Karnataka,India,Asia/Kolkata,geoname:1269920,1269920,Kamika Ekadashi,2026-08-08,"Kamika Ekadashi - Hubli. Dashami ends and Ekadashi begins on 2026-08-08 01:59:00 PM IST. On 09-Aug-26, Sooryodaya is 06:13 AM and Arunodaya is 04:37 AM. Ekadashi is present at sunrise and had begun before Arunodaya, so this is a valid Ekadashi sunrise. Ekadashi ends on 2026-08-09 11:04:00 AM IST and does not remain through another sunrise. Ekadashi ends and Dwadashi begins on 2026-08-09 11:04:00 AM IST. Dwadashi is present at Sooryodaya on 10-Aug-26 (Sooryodaya 06:14 AM). Dwadashi ends and Trayodashi begins on 2026-08-10 08:00:00 AM IST. Therefore the Upavaasa is observed on 09-Aug-26. For Parana on 10-Aug-26, Sooryodaya is 06:14 AM, Pratah Kala ends at 08:46 AM, Dwadashi ends at 2026-08-10 08:00:00 AM IST, and Hari Vasara ends at 2026-08-09 04:18:00 PM IST. Hari Vasara ends before Sooryodaya, so there is no Hari-Vasara delay; Parana starts at Sooryodaya (06:14 AM). Dwadashi ends at 08:00 AM, before Pratah Kala ends at 08:46 AM; therefore Dwadashi end is the limiting end time. Hence Parana is 06:14 AM to 08:00 AM.",2026-08-08:Dashami | 2026-08-09:Ekadashi | 2026-08-10:Dwadashi,2026-08-08:Rohini | 2026-08-09:Mrigashirsha | 2026-08-10:Ardra,2026-08-08 01:59:00 PM IST,2026-08-09 11:04:00 AM IST,2026-08-10 08:00:00 AM IST,2026-08-09,06:13 AM,2026-08-09 04:37:00 AM IST,2026-08-09,,2026-08-09:VALID (start 2026-08-08 01:59:00 PM IST < Arunodaya 2026-08-09 04:37:00 AM IST),2026-08-09,06:13 AM,2026-08-09 04:37:00 AM IST,2026-08-10,Ardra,2026-08-09 04:18:00 PM IST,2026-08-08,2026-08-10,2026-08-08 | 2026-08-09 | 2026-08-10,3,COMPLETE,,,Normal Ekadashi,NORMAL,Ekadashi began before Arunodaya and has one valid Ekadashi sunrise. No two-day exception is triggered.,2026-08-09:VALID (start 2026-08-08 01:59:00 PM IST < Arunodaya 2026-08-09 04:37:00 AM IST),2026-08-09,,2026-08-10,DWADASHI,PRATAH,2026-08-10 06:14:00 AM IST,2026-08-10 08:00:00 AM IST,Hari Vasara ended before Parana-day sunrise; Parana is sunrise to Pratah end.
Vancouver,British Columbia,Canada,America/Los_Angeles,geoname:6173331,6173331,Kamika Ekadashi,2026-08-08,"Kamika Ekadashi - Vancouver. Dashami ends and Ekadashi begins on 2026-08-08 01:29:00 AM PDT. On 08-Aug-26, Sooryodaya is 05:55 AM and Arunodaya is 04:19 AM. Ekadashi is present at sunrise and had begun before Arunodaya, so this is a valid Ekadashi sunrise. Ekadashi ends on 2026-08-08 10:34:00 PM PDT and does not remain through another sunrise. Ekadashi ends and Dwadashi begins on 2026-08-08 10:34:00 PM PDT. Dwadashi is present at Sooryodaya on 09-Aug-26 (Sooryodaya 05:56 AM). Dwadashi ends and Trayodashi begins on 2026-08-09 07:30:00 PM PDT. Therefore the Upavaasa is observed on 08-Aug-26. For Parana on 09-Aug-26, Sooryodaya is 05:56 AM, Pratah Kala ends at 08:53 AM, Dwadashi ends at 2026-08-09 07:30:00 PM PDT, and Hari Vasara ends at 2026-08-09 03:48:00 AM PDT. Hari Vasara ends before Sooryodaya, so there is no Hari-Vasara delay; Parana starts at Sooryodaya (05:56 AM). Pratah Kala ends at 08:53 AM, before Dwadashi ends; therefore Pratah Kala end is the limiting end time. Hence Parana is 05:56 AM to 08:53 AM.",2026-08-07:Dashami | 2026-08-08:Ekadashi | 2026-08-09:Dwadashi,2026-08-07:Krittika | 2026-08-08:Mrigashirsha | 2026-08-09:Ardra,2026-08-08 01:29:00 AM PDT,2026-08-08 10:34:00 PM PDT,2026-08-09 07:30:00 PM PDT,2026-08-08,05:55 AM,2026-08-08 04:19:00 AM PDT,2026-08-08,,2026-08-08:VALID (start 2026-08-08 01:29:00 AM PDT < Arunodaya 2026-08-08 04:19:00 AM PDT),2026-08-08,05:55 AM,2026-08-08 04:19:00 AM PDT,2026-08-09,Ardra,2026-08-09 03:48:00 AM PDT,2026-08-07,2026-08-09,2026-08-07 | 2026-08-08 | 2026-08-09,3,COMPLETE,,,Normal Ekadashi,NORMAL,Ekadashi began before Arunodaya and has one valid Ekadashi sunrise. No two-day exception is triggered.,2026-08-08:VALID (start 2026-08-08 01:29:00 AM PDT < Arunodaya 2026-08-08 04:19:00 AM PDT),2026-08-08,,2026-08-09,DWADASHI,PRATAH,2026-08-09 05:56:00 AM PDT,2026-08-09 08:52:36 AM PDT,Hari Vasara ended before Parana-day sunrise; Parana is sunrise to Pratah end.
Belfast,New York,United States,America/New_York,geoname:5108728,5108728,Kamika Ekadashi,2026-08-08,"Kamika Ekadashi - Belfast. Dashami ends and Ekadashi begins on 2026-08-08 04:29:00 AM EDT. On 08-Aug-26, Sooryodaya is 06:12 AM and Arunodaya is 04:36 AM. Ekadashi is present at sunrise and had begun before Arunodaya, so this is a valid Ekadashi sunrise. Ekadashi ends on 2026-08-09 01:34:00 AM EDT and does not remain through another sunrise. Ekadashi ends and Dwadashi begins on 2026-08-09 01:34:00 AM EDT. Dwadashi is present at Sooryodaya on 09-Aug-26 (Sooryodaya 06:13 AM). Dwadashi ends and Trayodashi begins on 2026-08-09 10:30:00 PM EDT. Therefore the Upavaasa is observed on 08-Aug-26. For Parana on 09-Aug-26, Sooryodaya is 06:13 AM, Pratah Kala ends at 09:03 AM, Dwadashi ends at 2026-08-09 10:30:00 PM EDT, and Hari Vasara ends at 2026-08-09 06:48:00 AM EDT. Hari Vasara ends after Sooryodaya, at 06:48 AM, but still within Pratah Kala. Therefore Parana cannot start at sunrise and starts at Hari Vasara end (06:48 AM). Pratah Kala ends at 09:03 AM, before Dwadashi ends; therefore Pratah Kala end is the limiting end time. Hence Parana is 06:48 AM to 09:03 AM.",2026-08-07:Navami | 2026-08-08:Ekadashi | 2026-08-09:Dwadashi,2026-08-07:Krittika | 2026-08-08:Rohini | 2026-08-09:Ardra,2026-08-08 04:29:00 AM EDT,2026-08-09 01:34:00 AM EDT,2026-08-09 10:30:00 PM EDT,2026-08-08,06:12 AM,2026-08-08 04:36:00 AM EDT,2026-08-08,,2026-08-08:VALID (start 2026-08-08 04:29:00 AM EDT < Arunodaya 2026-08-08 04:36:00 AM EDT),2026-08-08,06:12 AM,2026-08-08 04:36:00 AM EDT,2026-08-09,Ardra,2026-08-09 06:48:00 AM EDT,2026-08-07,2026-08-09,2026-08-07 | 2026-08-08 | 2026-08-09,3,COMPLETE,,,Normal Ekadashi,NORMAL,Ekadashi began before Arunodaya and has one valid Ekadashi sunrise. No two-day exception is triggered.,2026-08-08:VALID (start 2026-08-08 04:29:00 AM EDT < Arunodaya 2026-08-08 04:36:00 AM EDT),2026-08-08,,2026-08-09,DWADASHI,PRATAH,2026-08-09 06:48:00 AM EDT,2026-08-09 09:02:36 AM EDT,Hari Vasara ends during Pratah; Parana begins after Hari Vasara and ends at Pratah end.
Seoul,Seoul,South Korea,Asia/Seoul,geoname:1835848,1835848,Kamika Ekadashi,2026-08-08,"Kamika Ekadashi - Seoul. Dashami ends and Ekadashi begins on 2026-08-08 05:29:00 PM KST. On 09-Aug-26, Sooryodaya is 05:42 AM and Arunodaya is 04:06 AM. Ekadashi is present at sunrise and had begun before Arunodaya, so this is a valid Ekadashi sunrise. Ekadashi ends on 2026-08-09 02:34:00 PM KST and does not remain through another sunrise. Ekadashi ends and Dwadashi begins on 2026-08-09 02:34:00 PM KST. Dwadashi is present at Sooryodaya on 10-Aug-26 (Sooryodaya 05:43 AM). Dwadashi ends and Trayodashi begins on 2026-08-10 11:30:00 AM KST. Therefore the Upavaasa is observed on 09-Aug-26. For Parana on 10-Aug-26, Sooryodaya is 05:43 AM, Pratah Kala ends at 08:29 AM, Dwadashi ends at 2026-08-10 11:30:00 AM KST, and Hari Vasara ends at 2026-08-09 07:48:00 PM KST. Hari Vasara ends before Sooryodaya, so there is no Hari-Vasara delay; Parana starts at Sooryodaya (05:43 AM). Pratah Kala ends at 08:29 AM, before Dwadashi ends; therefore Pratah Kala end is the limiting end time. Hence Parana is 05:43 AM to 08:29 AM.",2026-08-08:Dashami | 2026-08-09:Ekadashi | 2026-08-10:Dwadashi,2026-08-08:Rohini | 2026-08-09:Mrigashirsha | 2026-08-10:Ardra,2026-08-08 05:29:00 PM KST,2026-08-09 02:34:00 PM KST,2026-08-10 11:30:00 AM KST,2026-08-09,05:42 AM,2026-08-09 04:06:00 AM KST,2026-08-09,,2026-08-09:VALID (start 2026-08-08 05:29:00 PM KST < Arunodaya 2026-08-09 04:06:00 AM KST),2026-08-09,05:42 AM,2026-08-09 04:06:00 AM KST,2026-08-10,Ardra,2026-08-09 07:48:00 PM KST,2026-08-08,2026-08-10,2026-08-08 | 2026-08-09 | 2026-08-10,3,COMPLETE,,,Normal Ekadashi,NORMAL,Ekadashi began before Arunodaya and has one valid Ekadashi sunrise. No two-day exception is triggered.,2026-08-09:VALID (start 2026-08-08 05:29:00 PM KST < Arunodaya 2026-08-09 04:06:00 AM KST),2026-08-09,,2026-08-10,DWADASHI,PRATAH,2026-08-10 05:43:00 AM KST,2026-08-10 08:28:36 AM KST,Hari Vasara ended before Parana-day sunrise; Parana is sunrise to Pratah end.
Auckland,Auckland,New Zealand,Pacific/Auckland,geoname:2193733,2193733,Kamika Ekadashi,2026-08-08,"Kamika Ekadashi - Auckland. Dashami ends and Ekadashi begins on 2026-08-08 08:29:00 PM NZST. On 09-Aug-26, Sooryodaya is 07:12 AM and Arunodaya is 05:36 AM. Ekadashi is present at sunrise and had begun before Arunodaya, so this is a valid Ekadashi sunrise. Ekadashi ends on 2026-08-09 05:34:00 PM NZST and does not remain through another sunrise. Ekadashi ends and Dwadashi begins on 2026-08-09 05:34:00 PM NZST. Dwadashi is present at Sooryodaya on 10-Aug-26 (Sooryodaya 07:10 AM). Dwadashi ends and Trayodashi begins on 2026-08-10 02:30:00 PM NZST. Therefore the Upavaasa is observed on 09-Aug-26. For Parana on 10-Aug-26, Sooryodaya is 07:10 AM, Pratah Kala ends at 09:17 AM, Dwadashi ends at 2026-08-10 02:30:00 PM NZST, and Hari Vasara ends at 2026-08-09 10:48:00 PM NZST. Hari Vasara ends before Sooryodaya, so there is no Hari-Vasara delay; Parana starts at Sooryodaya (07:10 AM). Pratah Kala ends at 09:17 AM, before Dwadashi ends; therefore Pratah Kala end is the limiting end time. Hence Parana is 07:10 AM to 09:17 AM.",2026-08-08:Dashami | 2026-08-09:Ekadashi | 2026-08-10:Dwadashi,2026-08-08:Rohini | 2026-08-09:Mrigashirsha | 2026-08-10:Ardra,2026-08-08 08:29:00 PM NZST,2026-08-09 05:34:00 PM NZST,2026-08-10 02:30:00 PM NZST,2026-08-09,07:12 AM,2026-08-09 05:36:00 AM NZST,2026-08-09,,2026-08-09:VALID (start 2026-08-08 08:29:00 PM NZST < Arunodaya 2026-08-09 05:36:00 AM NZST),2026-08-09,07:12 AM,2026-08-09 05:36:00 AM NZST,2026-08-10,Ardra,2026-08-09 10:48:00 PM NZST,2026-08-08,2026-08-10,2026-08-08 | 2026-08-09 | 2026-08-10,3,COMPLETE,,,Normal Ekadashi,NORMAL,Ekadashi began before Arunodaya and has one valid Ekadashi sunrise. No two-day exception is triggered.,2026-08-09:VALID (start 2026-08-08 08:29:00 PM NZST < Arunodaya 2026-08-09 05:36:00 AM NZST),2026-08-09,,2026-08-10,DWADASHI,PRATAH,2026-08-10 07:10:00 AM NZST,2026-08-10 09:16:36 AM NZST,Hari Vasara ended before Parana-day sunrise; Parana is sunrise to Pratah end.
Wellington,Wellington,New Zealand,Pacific/Auckland,geoname:2179537,2179537,Kamika Ekadashi,2026-08-08,"Kamika Ekadashi - Wellington. Dashami ends and Ekadashi begins on 2026-08-08 08:29:00 PM NZST. On 09-Aug-26, Sooryodaya is 07:20 AM and Arunodaya is 05:44 AM. Ekadashi is present at sunrise and had begun before Arunodaya, so this is a valid Ekadashi sunrise. Ekadashi ends on 2026-08-09 05:34:00 PM NZST and does not remain through another sunrise. Ekadashi ends and Dwadashi begins on 2026-08-09 05:34:00 PM NZST. Dwadashi is present at Sooryodaya on 10-Aug-26 (Sooryodaya 07:19 AM). Dwadashi ends and Trayodashi begins on 2026-08-10 02:30:00 PM NZST. Therefore the Upavaasa is observed on 09-Aug-26. For Parana on 10-Aug-26, Sooryodaya is 07:19 AM, Pratah Kala ends at 09:22 AM, Dwadashi ends at 2026-08-10 02:30:00 PM NZST, and Hari Vasara ends at 2026-08-09 10:48:00 PM NZST. Hari Vasara ends before Sooryodaya, so there is no Hari-Vasara delay; Parana starts at Sooryodaya (07:19 AM). Pratah Kala ends at 09:22 AM, before Dwadashi ends; therefore Pratah Kala end is the limiting end time. Hence Parana is 07:19 AM to 09:22 AM.",2026-08-08:Dashami | 2026-08-09:Ekadashi | 2026-08-10:Dwadashi,2026-08-08:Rohini | 2026-08-09:Mrigashirsha | 2026-08-10:Ardra,2026-08-08 08:29:00 PM NZST,2026-08-09 05:34:00 PM NZST,2026-08-10 02:30:00 PM NZST,2026-08-09,07:20 AM,2026-08-09 05:44:00 AM NZST,2026-08-09,,2026-08-09:VALID (start 2026-08-08 08:29:00 PM NZST < Arunodaya 2026-08-09 05:44:00 AM NZST),2026-08-09,07:20 AM,2026-08-09 05:44:00 AM NZST,2026-08-10,Ardra,2026-08-09 10:48:00 PM NZST,2026-08-08,2026-08-10,2026-08-08 | 2026-08-09 | 2026-08-10,3,COMPLETE,,,Normal Ekadashi,NORMAL,Ekadashi began before Arunodaya and has one valid Ekadashi sunrise. No two-day exception is triggered.,2026-08-09:VALID (start 2026-08-08 08:29:00 PM NZST < Arunodaya 2026-08-09 05:44:00 AM NZST),2026-08-09,,2026-08-10,DWADASHI,PRATAH,2026-08-10 07:19:00 AM NZST,2026-08-10 09:22:00 AM NZST,Hari Vasara ended before Parana-day sunrise; Parana is sunrise to Pratah end.
Christchurch,Canterbury,New Zealand,Pacific/Auckland,geoname:2192362,2192362,Kamika Ekadashi,2026-08-08,"Kamika Ekadashi - Christchurch. Dashami ends and Ekadashi begins on 2026-08-08 08:29:00 PM NZST. On 09-Aug-26, Sooryodaya is 07:33 AM and Arunodaya is 05:57 AM. Ekadashi is present at sunrise and had begun before Arunodaya, so this is a valid Ekadashi sunrise. Ekadashi ends on 2026-08-09 05:34:00 PM NZST and does not remain through another sunrise. Ekadashi ends and Dwadashi begins on 2026-08-09 05:34:00 PM NZST. Dwadashi is present at Sooryodaya on 10-Aug-26 (Sooryodaya 07:32 AM). Dwadashi ends and Trayodashi begins on 2026-08-10 02:30:00 PM NZST. Therefore the Upavaasa is observed on 09-Aug-26. For Parana on 10-Aug-26, Sooryodaya is 07:32 AM, Pratah Kala ends at 09:33 AM, Dwadashi ends at 2026-08-10 02:30:00 PM NZST, and Hari Vasara ends at 2026-08-09 10:48:00 PM NZST. Hari Vasara ends before Sooryodaya, so there is no Hari-Vasara delay; Parana starts at Sooryodaya (07:32 AM). Pratah Kala ends at 09:33 AM, before Dwadashi ends; therefore Pratah Kala end is the limiting end time. Hence Parana is 07:32 AM to 09:33 AM.",2026-08-08:Dashami | 2026-08-09:Ekadashi | 2026-08-10:Dwadashi,2026-08-08:Rohini | 2026-08-09:Mrigashirsha | 2026-08-10:Ardra,2026-08-08 08:29:00 PM NZST,2026-08-09 05:34:00 PM NZST,2026-08-10 02:30:00 PM NZST,2026-08-09,07:33 AM,2026-08-09 05:57:00 AM NZST,2026-08-09,,2026-08-09:VALID (start 2026-08-08 08:29:00 PM NZST < Arunodaya 2026-08-09 05:57:00 AM NZST),2026-08-09,07:33 AM,2026-08-09 05:57:00 AM NZST,2026-08-10,Ardra,2026-08-09 10:48:00 PM NZST,2026-08-08,2026-08-10,2026-08-08 | 2026-08-09 | 2026-08-10,3,COMPLETE,,,Normal Ekadashi,NORMAL,Ekadashi began before Arunodaya and has one valid Ekadashi sunrise. No two-day exception is triggered.,2026-08-09:VALID (start 2026-08-08 08:29:00 PM NZST < Arunodaya 2026-08-09 05:57:00 AM NZST),2026-08-09,,2026-08-10,DWADASHI,PRATAH,2026-08-10 07:32:00 AM NZST,2026-08-10 09:33:12 AM NZST,Hari Vasara ended before Parana-day sunrise; Parana is sunrise to Pratah end.
Agartala,Tripura,India,Asia/Kolkata,geoname:1279290,1279290,Kamika Ekadashi,2026-08-08,"Kamika Ekadashi - Agartala. Dashami ends and Ekadashi begins on 2026-08-08 01:59:00 PM IST. On 09-Aug-26, Sooryodaya is 04:58 AM and Arunodaya is 03:22 AM. Ekadashi is present at sunrise and had begun before Arunodaya, so this is a valid Ekadashi sunrise. Ekadashi ends on 2026-08-09 11:04:00 AM IST and does not remain through another sunrise. Ekadashi ends and Dwadashi begins on 2026-08-09 11:04:00 AM IST. Dwadashi is present at Sooryodaya on 10-Aug-26 (Sooryodaya 04:58 AM). Dwadashi ends and Trayodashi begins on 2026-08-10 08:00:00 AM IST. Therefore the Upavaasa is observed on 09-Aug-26. For Parana on 10-Aug-26, Sooryodaya is 04:58 AM, Pratah Kala ends at 07:35 AM, Dwadashi ends at 2026-08-10 08:00:00 AM IST, and Hari Vasara ends at 2026-08-09 04:18:00 PM IST. Hari Vasara ends before Sooryodaya, so there is no Hari-Vasara delay; Parana starts at Sooryodaya (04:58 AM). Pratah Kala ends at 07:35 AM, before Dwadashi ends; therefore Pratah Kala end is the limiting end time. Hence Parana is 04:58 AM to 07:35 AM.",2026-08-08:Dashami | 2026-08-09:Ekadashi | 2026-08-10:Dwadashi,2026-08-08:Rohini | 2026-08-09:Mrigashirsha | 2026-08-10:Ardra,2026-08-08 01:59:00 PM IST,2026-08-09 11:04:00 AM IST,2026-08-10 08:00:00 AM IST,2026-08-09,04:58 AM,2026-08-09 03:22:00 AM IST,2026-08-09,,2026-08-09:VALID (start 2026-08-08 01:59:00 PM IST < Arunodaya 2026-08-09 03:22:00 AM IST),2026-08-09,04:58 AM,2026-08-09 03:22:00 AM IST,2026-08-10,Ardra,2026-08-09 04:18:00 PM IST,2026-08-08,2026-08-10,2026-08-08 | 2026-08-09 | 2026-08-10,3,COMPLETE,,,Normal Ekadashi,NORMAL,Ekadashi began before Arunodaya and has one valid Ekadashi sunrise. No two-day exception is triggered.,2026-08-09:VALID (start 2026-08-08 01:59:00 PM IST < Arunodaya 2026-08-09 03:22:00 AM IST),2026-08-09,,2026-08-10,DWADASHI,PRATAH,2026-08-10 04:58:00 AM IST,2026-08-10 07:34:48 AM IST,Hari Vasara ended before Parana-day sunrise; Parana is sunrise to Pratah end.
Guwahati,Assam,India,Asia/Kolkata,geoname:1271476,1271476,Kamika Ekadashi,2026-08-08,"Kamika Ekadashi - Guwahati. Dashami ends and Ekadashi begins on 2026-08-08 01:59:00 PM IST. On 09-Aug-26, Sooryodaya is 04:52 AM and Arunodaya is 03:16 AM. Ekadashi is present at sunrise and had begun before Arunodaya, so this is a valid Ekadashi sunrise. Ekadashi ends on 2026-08-09 11:04:00 AM IST and does not remain through another sunrise. Ekadashi ends and Dwadashi begins on 2026-08-09 11:04:00 AM IST. Dwadashi is present at Sooryodaya on 10-Aug-26 (Sooryodaya 04:53 AM). Dwadashi ends and Trayodashi begins on 2026-08-10 08:00:00 AM IST. Therefore the Upavaasa is observed on 09-Aug-26. For Parana on 10-Aug-26, Sooryodaya is 04:53 AM, Pratah Kala ends at 07:31 AM, Dwadashi ends at 2026-08-10 08:00:00 AM IST, and Hari Vasara ends at 2026-08-09 04:18:00 PM IST. Hari Vasara ends before Sooryodaya, so there is no Hari-Vasara delay; Parana starts at Sooryodaya (04:53 AM). Pratah Kala ends at 07:31 AM, before Dwadashi ends; therefore Pratah Kala end is the limiting end time. Hence Parana is 04:53 AM to 07:31 AM.",2026-08-08:Dashami | 2026-08-09:Ekadashi | 2026-08-10:Dwadashi,2026-08-08:Rohini | 2026-08-09:Mrigashirsha | 2026-08-10:Ardra,2026-08-08 01:59:00 PM IST,2026-08-09 11:04:00 AM IST,2026-08-10 08:00:00 AM IST,2026-08-09,04:52 AM,2026-08-09 03:16:00 AM IST,2026-08-09,,2026-08-09:VALID (start 2026-08-08 01:59:00 PM IST < Arunodaya 2026-08-09 03:16:00 AM IST),2026-08-09,04:52 AM,2026-08-09 03:16:00 AM IST,2026-08-10,Ardra,2026-08-09 04:18:00 PM IST,2026-08-08,2026-08-10,2026-08-08 | 2026-08-09 | 2026-08-10,3,COMPLETE,,,Normal Ekadashi,NORMAL,Ekadashi began before Arunodaya and has one valid Ekadashi sunrise. No two-day exception is triggered.,2026-08-09:VALID (start 2026-08-08 01:59:00 PM IST < Arunodaya 2026-08-09 03:16:00 AM IST),2026-08-09,,2026-08-10,DWADASHI,PRATAH,2026-08-10 04:53:00 AM IST,2026-08-10 07:31:12 AM IST,Hari Vasara ended before Parana-day sunrise; Parana is sunrise to Pratah end.
Shiliguri,West Bengal,India,Asia/Kolkata,geoname:1256525,1256525,Kamika Ekadashi,2026-08-08,"Kamika Ekadashi - Shiliguri. Dashami ends and Ekadashi begins on 2026-08-08 01:59:00 PM IST. On 09-Aug-26, Sooryodaya is 05:05 AM and Arunodaya is 03:29 AM. Ekadashi is present at sunrise and had begun before Arunodaya, so this is a valid Ekadashi sunrise. Ekadashi ends on 2026-08-09 11:04:00 AM IST and does not remain through another sunrise. Ekadashi ends and Dwadashi begins on 2026-08-09 11:04:00 AM IST. Dwadashi is present at Sooryodaya on 10-Aug-26 (Sooryodaya 05:05 AM). Dwadashi ends and Trayodashi begins on 2026-08-10 08:00:00 AM IST. Therefore the Upavaasa is observed on 09-Aug-26. For Parana on 10-Aug-26, Sooryodaya is 05:05 AM, Pratah Kala ends at 07:44 AM, Dwadashi ends at 2026-08-10 08:00:00 AM IST, and Hari Vasara ends at 2026-08-09 04:18:00 PM IST. Hari Vasara ends before Sooryodaya, so there is no Hari-Vasara delay; Parana starts at Sooryodaya (05:05 AM). Pratah Kala ends at 07:44 AM, before Dwadashi ends; therefore Pratah Kala end is the limiting end time. Hence Parana is 05:05 AM to 07:44 AM.",2026-08-08:Dashami | 2026-08-09:Ekadashi | 2026-08-10:Dwadashi,2026-08-08:Rohini | 2026-08-09:Mrigashirsha | 2026-08-10:Ardra,2026-08-08 01:59:00 PM IST,2026-08-09 11:04:00 AM IST,2026-08-10 08:00:00 AM IST,2026-08-09,05:05 AM,2026-08-09 03:29:00 AM IST,2026-08-09,,2026-08-09:VALID (start 2026-08-08 01:59:00 PM IST < Arunodaya 2026-08-09 03:29:00 AM IST),2026-08-09,05:05 AM,2026-08-09 03:29:00 AM IST,2026-08-10,Ardra,2026-08-09 04:18:00 PM IST,2026-08-08,2026-08-10,2026-08-08 | 2026-08-09 | 2026-08-10,3,COMPLETE,,,Normal Ekadashi,NORMAL,Ekadashi began before Arunodaya and has one valid Ekadashi sunrise. No two-day exception is triggered.,2026-08-09:VALID (start 2026-08-08 01:59:00 PM IST < Arunodaya 2026-08-09 03:29:00 AM IST),2026-08-09,,2026-08-10,DWADASHI,PRATAH,2026-08-10 05:05:00 AM IST,2026-08-10 07:43:36 AM IST,Hari Vasara ended before Parana-day sunrise; Parana is sunrise to Pratah end.
Aizawl,Mizoram,India,Asia/Kolkata,geoname:1279186,1279186,Kamika Ekadashi,2026-08-08,"Kamika Ekadashi - Aizawl. Dashami ends and Ekadashi begins on 2026-08-08 01:59:00 PM IST. On 09-Aug-26, Sooryodaya is 04:52 AM and Arunodaya is 03:16 AM. Ekadashi is present at sunrise and had begun before Arunodaya, so this is a valid Ekadashi sunrise. Ekadashi ends on 2026-08-09 11:04:00 AM IST and does not remain through another sunrise. Ekadashi ends and Dwadashi begins on 2026-08-09 11:04:00 AM IST. Dwadashi is present at Sooryodaya on 10-Aug-26 (Sooryodaya 04:52 AM). Dwadashi ends and Trayodashi begins on 2026-08-10 08:00:00 AM IST. Therefore the Upavaasa is observed on 09-Aug-26. For Parana on 10-Aug-26, Sooryodaya is 04:52 AM, Pratah Kala ends at 07:29 AM, Dwadashi ends at 2026-08-10 08:00:00 AM IST, and Hari Vasara ends at 2026-08-09 04:18:00 PM IST. Hari Vasara ends before Sooryodaya, so there is no Hari-Vasara delay; Parana starts at Sooryodaya (04:52 AM). Pratah Kala ends at 07:29 AM, before Dwadashi ends; therefore Pratah Kala end is the limiting end time. Hence Parana is 04:52 AM to 07:29 AM.",2026-08-08:Dashami | 2026-08-09:Ekadashi | 2026-08-10:Dwadashi,2026-08-08:Rohini | 2026-08-09:Mrigashirsha | 2026-08-10:Ardra,2026-08-08 01:59:00 PM IST,2026-08-09 11:04:00 AM IST,2026-08-10 08:00:00 AM IST,2026-08-09,04:52 AM,2026-08-09 03:16:00 AM IST,2026-08-09,,2026-08-09:VALID (start 2026-08-08 01:59:00 PM IST < Arunodaya 2026-08-09 03:16:00 AM IST),2026-08-09,04:52 AM,2026-08-09 03:16:00 AM IST,2026-08-10,Ardra,2026-08-09 04:18:00 PM IST,2026-08-08,2026-08-10,2026-08-08 | 2026-08-09 | 2026-08-10,3,COMPLETE,,,Normal Ekadashi,NORMAL,Ekadashi began before Arunodaya and has one valid Ekadashi sunrise. No two-day exception is triggered.,2026-08-09:VALID (start 2026-08-08 01:59:00 PM IST < Arunodaya 2026-08-09 03:16:00 AM IST),2026-08-09,,2026-08-10,DWADASHI,PRATAH,2026-08-10 04:52:00 AM IST,2026-08-10 07:28:48 AM IST,Hari Vasara ended before Parana-day sunrise; Parana is sunrise to Pratah end.
Gangtok,Sikkim,India,Asia/Kolkata,geoname:1271631,1271631,Kamika Ekadashi,2026-08-08,"Kamika Ekadashi - Gangtok. Dashami ends and Ekadashi begins on 2026-08-08 01:59:00 PM IST. On 09-Aug-26, Sooryodaya is 05:03 AM and Arunodaya is 03:27 AM. Ekadashi is present at sunrise and had begun before Arunodaya, so this is a valid Ekadashi sunrise. Ekadashi ends on 2026-08-09 11:04:00 AM IST and does not remain through another sunrise. Ekadashi ends and Dwadashi begins on 2026-08-09 11:04:00 AM IST. Dwadashi is present at Sooryodaya on 10-Aug-26 (Sooryodaya 05:04 AM). Dwadashi ends and Trayodashi begins on 2026-08-10 08:00:00 AM IST. Therefore the Upavaasa is observed on 09-Aug-26. For Parana on 10-Aug-26, Sooryodaya is 05:04 AM, Pratah Kala ends at 07:43 AM, Dwadashi ends at 2026-08-10 08:00:00 AM IST, and Hari Vasara ends at 2026-08-09 04:18:00 PM IST. Hari Vasara ends before Sooryodaya, so there is no Hari-Vasara delay; Parana starts at Sooryodaya (05:04 AM). Pratah Kala ends at 07:43 AM, before Dwadashi ends; therefore Pratah Kala end is the limiting end time. Hence Parana is 05:04 AM to 07:43 AM.",2026-08-08:Dashami | 2026-08-09:Ekadashi | 2026-08-10:Dwadashi,2026-08-08:Rohini | 2026-08-09:Mrigashirsha | 2026-08-10:Ardra,2026-08-08 01:59:00 PM IST,2026-08-09 11:04:00 AM IST,2026-08-10 08:00:00 AM IST,2026-08-09,05:03 AM,2026-08-09 03:27:00 AM IST,2026-08-09,,2026-08-09:VALID (start 2026-08-08 01:59:00 PM IST < Arunodaya 2026-08-09 03:27:00 AM IST),2026-08-09,05:03 AM,2026-08-09 03:27:00 AM IST,2026-08-10,Ardra,2026-08-09 04:18:00 PM IST,2026-08-08,2026-08-10,2026-08-08 | 2026-08-09 | 2026-08-10,3,COMPLETE,,,Normal Ekadashi,NORMAL,Ekadashi began before Arunodaya and has one valid Ekadashi sunrise. No two-day exception is triggered.,2026-08-09:VALID (start 2026-08-08 01:59:00 PM IST < Arunodaya 2026-08-09 03:27:00 AM IST),2026-08-09,,2026-08-10,DWADASHI,PRATAH,2026-08-10 05:04:00 AM IST,2026-08-10 07:42:48 AM IST,Hari Vasara ended before Parana-day sunrise; Parana is sunrise to Pratah end.
Silchar,Assam,India,Asia/Kolkata,geoname:1256287,1256287,Kamika Ekadashi,2026-08-08,"Kamika Ekadashi - Silchar. Dashami ends and Ekadashi begins on 2026-08-08 01:59:00 PM IST. On 09-Aug-26, Sooryodaya is 04:50 AM and Arunodaya is 03:14 AM. Ekadashi is present at sunrise and had begun before Arunodaya, so this is a valid Ekadashi sunrise. Ekadashi ends on 2026-08-09 11:04:00 AM IST and does not remain through another sunrise. Ekadashi ends and Dwadashi begins on 2026-08-09 11:04:00 AM IST. Dwadashi is present at Sooryodaya on 10-Aug-26 (Sooryodaya 04:51 AM). Dwadashi ends and Trayodashi begins on 2026-08-10 08:00:00 AM IST. Therefore the Upavaasa is observed on 09-Aug-26. For Parana on 10-Aug-26, Sooryodaya is 04:51 AM, Pratah Kala ends at 07:28 AM, Dwadashi ends at 2026-08-10 08:00:00 AM IST, and Hari Vasara ends at 2026-08-09 04:18:00 PM IST. Hari Vasara ends before Sooryodaya, so there is no Hari-Vasara delay; Parana starts at Sooryodaya (04:51 AM). Pratah Kala ends at 07:28 AM, before Dwadashi ends; therefore Pratah Kala end is the limiting end time. Hence Parana is 04:51 AM to 07:28 AM.",2026-08-08:Dashami | 2026-08-09:Ekadashi | 2026-08-10:Dwadashi,2026-08-08:Rohini | 2026-08-09:Mrigashirsha | 2026-08-10:Ardra,2026-08-08 01:59:00 PM IST,2026-08-09 11:04:00 AM IST,2026-08-10 08:00:00 AM IST,2026-08-09,04:50 AM,2026-08-09 03:14:00 AM IST,2026-08-09,,2026-08-09:VALID (start 2026-08-08 01:59:00 PM IST < Arunodaya 2026-08-09 03:14:00 AM IST),2026-08-09,04:50 AM,2026-08-09 03:14:00 AM IST,2026-08-10,Ardra,2026-08-09 04:18:00 PM IST,2026-08-08,2026-08-10,2026-08-08 | 2026-08-09 | 2026-08-10,3,COMPLETE,,,Normal Ekadashi,NORMAL,Ekadashi began before Arunodaya and has one valid Ekadashi sunrise. No two-day exception is triggered.,2026-08-09:VALID (start 2026-08-08 01:59:00 PM IST < Arunodaya 2026-08-09 03:14:00 AM IST),2026-08-09,,2026-08-10,DWADASHI,PRATAH,2026-08-10 04:51:00 AM IST,2026-08-10 07:28:12 AM IST,Hari Vasara ended before Parana-day sunrise; Parana is sunrise to Pratah end.
Dibrugarh,Assam,India,Asia/Kolkata,geoname:1272648,1272648,Kamika Ekadashi,2026-08-08,"Kamika Ekadashi - Dibrugarh. Dashami ends and Ekadashi begins on 2026-08-08 01:59:00 PM IST. On 09-Aug-26, Sooryodaya is 04:38 AM and Arunodaya is 03:02 AM. Ekadashi is present at sunrise and had begun before Arunodaya, so this is a valid Ekadashi sunrise. Ekadashi ends on 2026-08-09 11:04:00 AM IST and does not remain through another sunrise. Ekadashi ends and Dwadashi begins on 2026-08-09 11:04:00 AM IST. Dwadashi is present at Sooryodaya on 10-Aug-26 (Sooryodaya 04:38 AM). Dwadashi ends and Trayodashi begins on 2026-08-10 08:00:00 AM IST. Therefore the Upavaasa is observed on 09-Aug-26. For Parana on 10-Aug-26, Sooryodaya is 04:38 AM, Pratah Kala ends at 07:17 AM, Dwadashi ends at 2026-08-10 08:00:00 AM IST, and Hari Vasara ends at 2026-08-09 04:18:00 PM IST. Hari Vasara ends before Sooryodaya, so there is no Hari-Vasara delay; Parana starts at Sooryodaya (04:38 AM). Pratah Kala ends at 07:17 AM, before Dwadashi ends; therefore Pratah Kala end is the limiting end time. Hence Parana is 04:38 AM to 07:17 AM.",2026-08-08:Dashami | 2026-08-09:Ekadashi | 2026-08-10:Dwadashi,2026-08-08:Rohini | 2026-08-09:Mrigashirsha | 2026-08-10:Ardra,2026-08-08 01:59:00 PM IST,2026-08-09 11:04:00 AM IST,2026-08-10 08:00:00 AM IST,2026-08-09,04:38 AM,2026-08-09 03:02:00 AM IST,2026-08-09,,2026-08-09:VALID (start 2026-08-08 01:59:00 PM IST < Arunodaya 2026-08-09 03:02:00 AM IST),2026-08-09,04:38 AM,2026-08-09 03:02:00 AM IST,2026-08-10,Ardra,2026-08-09 04:18:00 PM IST,2026-08-08,2026-08-10,2026-08-08 | 2026-08-09 | 2026-08-10,3,COMPLETE,,,Normal Ekadashi,NORMAL,Ekadashi began before Arunodaya and has one valid Ekadashi sunrise. No two-day exception is triggered.,2026-08-09:VALID (start 2026-08-08 01:59:00 PM IST < Arunodaya 2026-08-09 03:02:00 AM IST),2026-08-09,,2026-08-10,DWADASHI,PRATAH,2026-08-10 04:38:00 AM IST,2026-08-10 07:17:00 AM IST,Hari Vasara ended before Parana-day sunrise; Parana is sunrise to Pratah end.
Imphal,Manipur,India,Asia/Kolkata,geoname:1269771,1269771,Kamika Ekadashi,2026-08-08,"Kamika Ekadashi - Imphal. Dashami ends and Ekadashi begins on 2026-08-08 01:59:00 PM IST. On 09-Aug-26, Sooryodaya is 04:46 AM and Arunodaya is 03:10 AM. Ekadashi is present at sunrise and had begun before Arunodaya, so this is a valid Ekadashi sunrise. Ekadashi ends on 2026-08-09 11:04:00 AM IST and does not remain through another sunrise. Ekadashi ends and Dwadashi begins on 2026-08-09 11:04:00 AM IST. Dwadashi is present at Sooryodaya on 10-Aug-26 (Sooryodaya 04:46 AM). Dwadashi ends and Trayodashi begins on 2026-08-10 08:00:00 AM IST. Therefore the Upavaasa is observed on 09-Aug-26. For Parana on 10-Aug-26, Sooryodaya is 04:46 AM, Pratah Kala ends at 07:23 AM, Dwadashi ends at 2026-08-10 08:00:00 AM IST, and Hari Vasara ends at 2026-08-09 04:18:00 PM IST. Hari Vasara ends before Sooryodaya, so there is no Hari-Vasara delay; Parana starts at Sooryodaya (04:46 AM). Pratah Kala ends at 07:23 AM, before Dwadashi ends; therefore Pratah Kala end is the limiting end time. Hence Parana is 04:46 AM to 07:23 AM.",2026-08-08:Dashami | 2026-08-09:Ekadashi | 2026-08-10:Dwadashi,2026-08-08:Rohini | 2026-08-09:Mrigashirsha | 2026-08-10:Ardra,2026-08-08 01:59:00 PM IST,2026-08-09 11:04:00 AM IST,2026-08-10 08:00:00 AM IST,2026-08-09,04:46 AM,2026-08-09 03:10:00 AM IST,2026-08-09,,2026-08-09:VALID (start 2026-08-08 01:59:00 PM IST < Arunodaya 2026-08-09 03:10:00 AM IST),2026-08-09,04:46 AM,2026-08-09 03:10:00 AM IST,2026-08-10,Ardra,2026-08-09 04:18:00 PM IST,2026-08-08,2026-08-10,2026-08-08 | 2026-08-09 | 2026-08-10,3,COMPLETE,,,Normal Ekadashi,NORMAL,Ekadashi began before Arunodaya and has one valid Ekadashi sunrise. No two-day exception is triggered.,2026-08-09:VALID (start 2026-08-08 01:59:00 PM IST < Arunodaya 2026-08-09 03:10:00 AM IST),2026-08-09,,2026-08-10,DWADASHI,PRATAH,2026-08-10 04:46:00 AM IST,2026-08-10 07:23:24 AM IST,Hari Vasara ended before Parana-day sunrise; Parana is sunrise to Pratah end.
Dimapur,Nagaland,India,Asia/Kolkata,geoname:1272552,1272552,Kamika Ekadashi,2026-08-08,"Kamika Ekadashi - Dimapur. Dashami ends and Ekadashi begins on 2026-08-08 01:59:00 PM IST. On 09-Aug-26, Sooryodaya is 04:45 AM and Arunodaya is 03:09 AM. Ekadashi is present at sunrise and had begun before Arunodaya, so this is a valid Ekadashi sunrise. Ekadashi ends on 2026-08-09 11:04:00 AM IST and does not remain through another sunrise. Ekadashi ends and Dwadashi begins on 2026-08-09 11:04:00 AM IST. Dwadashi is present at Sooryodaya on 10-Aug-26 (Sooryodaya 04:45 AM). Dwadashi ends and Trayodashi begins on 2026-08-10 08:00:00 AM IST. Therefore the Upavaasa is observed on 09-Aug-26. For Parana on 10-Aug-26, Sooryodaya is 04:45 AM, Pratah Kala ends at 07:23 AM, Dwadashi ends at 2026-08-10 08:00:00 AM IST, and Hari Vasara ends at 2026-08-09 04:18:00 PM IST. Hari Vasara ends before Sooryodaya, so there is no Hari-Vasara delay; Parana starts at Sooryodaya (04:45 AM). Pratah Kala ends at 07:23 AM, before Dwadashi ends; therefore Pratah Kala end is the limiting end time. Hence Parana is 04:45 AM to 07:23 AM.",2026-08-08:Dashami | 2026-08-09:Ekadashi | 2026-08-10:Dwadashi,2026-08-08:Rohini | 2026-08-09:Mrigashirsha | 2026-08-10:Ardra,2026-08-08 01:59:00 PM IST,2026-08-09 11:04:00 AM IST,2026-08-10 08:00:00 AM IST,2026-08-09,04:45 AM,2026-08-09 03:09:00 AM IST,2026-08-09,,2026-08-09:VALID (start 2026-08-08 01:59:00 PM IST < Arunodaya 2026-08-09 03:09:00 AM IST),2026-08-09,04:45 AM,2026-08-09 03:09:00 AM IST,2026-08-10,Ardra,2026-08-09 04:18:00 PM IST,2026-08-08,2026-08-10,2026-08-08 | 2026-08-09 | 2026-08-10,3,COMPLETE,,,Normal Ekadashi,NORMAL,Ekadashi began before Arunodaya and has one valid Ekadashi sunrise. No two-day exception is triggered.,2026-08-09:VALID (start 2026-08-08 01:59:00 PM IST < Arunodaya 2026-08-09 03:09:00 AM IST),2026-08-09,,2026-08-10,DWADASHI,PRATAH,2026-08-10 04:45:00 AM IST,2026-08-10 07:23:00 AM IST,Hari Vasara ended before Parana-day sunrise; Parana is sunrise to Pratah end.
Itanagar,Arunachal Pradesh,India,Asia/Kolkata,geoname:1269655,1269655,Kamika Ekadashi,2026-08-08,"Kamika Ekadashi - Itanagar. Dashami ends and Ekadashi begins on 2026-08-08 01:59:00 PM IST. On 09-Aug-26, Sooryodaya is 04:44 AM and Arunodaya is 03:08 AM. Ekadashi is present at sunrise and had begun before Arunodaya, so this is a valid Ekadashi sunrise. Ekadashi ends on 2026-08-09 11:04:00 AM IST and does not remain through another sunrise. Ekadashi ends and Dwadashi begins on 2026-08-09 11:04:00 AM IST. Dwadashi is present at Sooryodaya on 10-Aug-26 (Sooryodaya 04:44 AM). Dwadashi ends and Trayodashi begins on 2026-08-10 08:00:00 AM IST. Therefore the Upavaasa is observed on 09-Aug-26. For Parana on 10-Aug-26, Sooryodaya is 04:44 AM, Pratah Kala ends at 07:23 AM, Dwadashi ends at 2026-08-10 08:00:00 AM IST, and Hari Vasara ends at 2026-08-09 04:18:00 PM IST. Hari Vasara ends before Sooryodaya, so there is no Hari-Vasara delay; Parana starts at Sooryodaya (04:44 AM). Pratah Kala ends at 07:23 AM, before Dwadashi ends; therefore Pratah Kala end is the limiting end time. Hence Parana is 04:44 AM to 07:23 AM.",2026-08-08:Dashami | 2026-08-09:Ekadashi | 2026-08-10:Dwadashi,2026-08-08:Rohini | 2026-08-09:Mrigashirsha | 2026-08-10:Ardra,2026-08-08 01:59:00 PM IST,2026-08-09 11:04:00 AM IST,2026-08-10 08:00:00 AM IST,2026-08-09,04:44 AM,2026-08-09 03:08:00 AM IST,2026-08-09,,2026-08-09:VALID (start 2026-08-08 01:59:00 PM IST < Arunodaya 2026-08-09 03:08:00 AM IST),2026-08-09,04:44 AM,2026-08-09 03:08:00 AM IST,2026-08-10,Ardra,2026-08-09 04:18:00 PM IST,2026-08-08,2026-08-10,2026-08-08 | 2026-08-09 | 2026-08-10,3,COMPLETE,,,Normal Ekadashi,NORMAL,Ekadashi began before Arunodaya and has one valid Ekadashi sunrise. No two-day exception is triggered.,2026-08-09:VALID (start 2026-08-08 01:59:00 PM IST < Arunodaya 2026-08-09 03:08:00 AM IST),2026-08-09,,2026-08-10,DWADASHI,PRATAH,2026-08-10 04:44:00 AM IST,2026-08-10 07:22:36 AM IST,Hari Vasara ended before Parana-day sunrise; Parana is sunrise to Pratah end.
Madurai,Tamil Nadu,India,Asia/Kolkata,geoname:1264521,1264521,Kamika Ekadashi,2026-08-08,"Kamika Ekadashi - Madurai. Dashami ends and Ekadashi begins on 2026-08-08 01:59:00 PM IST. On 09-Aug-26, Sooryodaya is 06:08 AM and Arunodaya is 04:32 AM. Ekadashi is present at sunrise and had begun before Arunodaya, so this is a valid Ekadashi sunrise. Ekadashi ends on 2026-08-09 11:04:00 AM IST and does not remain through another sunrise. Ekadashi ends and Dwadashi begins on 2026-08-09 11:04:00 AM IST. Dwadashi is present at Sooryodaya on 10-Aug-26 (Sooryodaya 06:08 AM). Dwadashi ends and Trayodashi begins on 2026-08-10 08:00:00 AM IST. Therefore the Upavaasa is observed on 09-Aug-26. For Parana on 10-Aug-26, Sooryodaya is 06:08 AM, Pratah Kala ends at 08:38 AM, Dwadashi ends at 2026-08-10 08:00:00 AM IST, and Hari Vasara ends at 2026-08-09 04:18:00 PM IST. Hari Vasara ends before Sooryodaya, so there is no Hari-Vasara delay; Parana starts at Sooryodaya (06:08 AM). Dwadashi ends at 08:00 AM, before Pratah Kala ends at 08:38 AM; therefore Dwadashi end is the limiting end time. Hence Parana is 06:08 AM to 08:00 AM.",2026-08-08:Dashami | 2026-08-09:Ekadashi | 2026-08-10:Dwadashi,2026-08-08:Rohini | 2026-08-09:Mrigashirsha | 2026-08-10:Ardra,2026-08-08 01:59:00 PM IST,2026-08-09 11:04:00 AM IST,2026-08-10 08:00:00 AM IST,2026-08-09,06:08 AM,2026-08-09 04:32:00 AM IST,2026-08-09,,2026-08-09:VALID (start 2026-08-08 01:59:00 PM IST < Arunodaya 2026-08-09 04:32:00 AM IST),2026-08-09,06:08 AM,2026-08-09 04:32:00 AM IST,2026-08-10,Ardra,2026-08-09 04:18:00 PM IST,2026-08-08,2026-08-10,2026-08-08 | 2026-08-09 | 2026-08-10,3,COMPLETE,,,Normal Ekadashi,NORMAL,Ekadashi began before Arunodaya and has one valid Ekadashi sunrise. No two-day exception is triggered.,2026-08-09:VALID (start 2026-08-08 01:59:00 PM IST < Arunodaya 2026-08-09 04:32:00 AM IST),2026-08-09,,2026-08-10,DWADASHI,PRATAH,2026-08-10 06:08:00 AM IST,2026-08-10 08:00:00 AM IST,Hari Vasara ended before Parana-day sunrise; Parana is sunrise to Pratah end.
Kumbakonam,Tamil Nadu,India,Asia/Kolkata,geoname:1265683,1265683,Kamika Ekadashi,2026-08-08,"Kamika Ekadashi - Kumbakonam. Dashami ends and Ekadashi begins on 2026-08-08 01:59:00 PM IST. On 09-Aug-26, Sooryodaya is 06:02 AM and Arunodaya is 04:26 AM. Ekadashi is present at sunrise and had begun before Arunodaya, so this is a valid Ekadashi sunrise. Ekadashi ends on 2026-08-09 11:04:00 AM IST and does not remain through another sunrise. Ekadashi ends and Dwadashi begins on 2026-08-09 11:04:00 AM IST. Dwadashi is present at Sooryodaya on 10-Aug-26 (Sooryodaya 06:02 AM). Dwadashi ends and Trayodashi begins on 2026-08-10 08:00:00 AM IST. Therefore the Upavaasa is observed on 09-Aug-26. For Parana on 10-Aug-26, Sooryodaya is 06:02 AM, Pratah Kala ends at 08:32 AM, Dwadashi ends at 2026-08-10 08:00:00 AM IST, and Hari Vasara ends at 2026-08-09 04:18:00 PM IST. Hari Vasara ends before Sooryodaya, so there is no Hari-Vasara delay; Parana starts at Sooryodaya (06:02 AM). Dwadashi ends at 08:00 AM, before Pratah Kala ends at 08:32 AM; therefore Dwadashi end is the limiting end time. Hence Parana is 06:02 AM to 08:00 AM.",2026-08-08:Dashami | 2026-08-09:Ekadashi | 2026-08-10:Dwadashi,2026-08-08:Rohini | 2026-08-09:Mrigashirsha | 2026-08-10:Ardra,2026-08-08 01:59:00 PM IST,2026-08-09 11:04:00 AM IST,2026-08-10 08:00:00 AM IST,2026-08-09,06:02 AM,2026-08-09 04:26:00 AM IST,2026-08-09,,2026-08-09:VALID (start 2026-08-08 01:59:00 PM IST < Arunodaya 2026-08-09 04:26:00 AM IST),2026-08-09,06:02 AM,2026-08-09 04:26:00 AM IST,2026-08-10,Ardra,2026-08-09 04:18:00 PM IST,2026-08-08,2026-08-10,2026-08-08 | 2026-08-09 | 2026-08-10,3,COMPLETE,,,Normal Ekadashi,NORMAL,Ekadashi began before Arunodaya and has one valid Ekadashi sunrise. No two-day exception is triggered.,2026-08-09:VALID (start 2026-08-08 01:59:00 PM IST < Arunodaya 2026-08-09 04:26:00 AM IST),2026-08-09,,2026-08-10,DWADASHI,PRATAH,2026-08-10 06:02:00 AM IST,2026-08-10 08:00:00 AM IST,Hari Vasara ended before Parana-day sunrise; Parana is sunrise to Pratah end.
Chidambaram,Tamil Nadu,India,Asia/Kolkata,geoname:1274256,1274256,Kamika Ekadashi,2026-08-08,"Kamika Ekadashi - Chidambaram. Dashami ends and Ekadashi begins on 2026-08-08 01:59:00 PM IST. On 09-Aug-26, Sooryodaya is 06:00 AM and Arunodaya is 04:24 AM. Ekadashi is present at sunrise and had begun before Arunodaya, so this is a valid Ekadashi sunrise. Ekadashi ends on 2026-08-09 11:04:00 AM IST and does not remain through another sunrise. Ekadashi ends and Dwadashi begins on 2026-08-09 11:04:00 AM IST. Dwadashi is present at Sooryodaya on 10-Aug-26 (Sooryodaya 06:00 AM). Dwadashi ends and Trayodashi begins on 2026-08-10 08:00:00 AM IST. Therefore the Upavaasa is observed on 09-Aug-26. For Parana on 10-Aug-26, Sooryodaya is 06:00 AM, Pratah Kala ends at 08:31 AM, Dwadashi ends at 2026-08-10 08:00:00 AM IST, and Hari Vasara ends at 2026-08-09 04:18:00 PM IST. Hari Vasara ends before Sooryodaya, so there is no Hari-Vasara delay; Parana starts at Sooryodaya (06:00 AM). Dwadashi ends at 08:00 AM, before Pratah Kala ends at 08:31 AM; therefore Dwadashi end is the limiting end time. Hence Parana is 06:00 AM to 08:00 AM.",2026-08-08:Dashami | 2026-08-09:Ekadashi | 2026-08-10:Dwadashi,2026-08-08:Rohini | 2026-08-09:Mrigashirsha | 2026-08-10:Ardra,2026-08-08 01:59:00 PM IST,2026-08-09 11:04:00 AM IST,2026-08-10 08:00:00 AM IST,2026-08-09,06:00 AM,2026-08-09 04:24:00 AM IST,2026-08-09,,2026-08-09:VALID (start 2026-08-08 01:59:00 PM IST < Arunodaya 2026-08-09 04:24:00 AM IST),2026-08-09,06:00 AM,2026-08-09 04:24:00 AM IST,2026-08-10,Ardra,2026-08-09 04:18:00 PM IST,2026-08-08,2026-08-10,2026-08-08 | 2026-08-09 | 2026-08-10,3,COMPLETE,,,Normal Ekadashi,NORMAL,Ekadashi began before Arunodaya and has one valid Ekadashi sunrise. No two-day exception is triggered.,2026-08-09:VALID (start 2026-08-08 01:59:00 PM IST < Arunodaya 2026-08-09 04:24:00 AM IST),2026-08-09,,2026-08-10,DWADASHI,PRATAH,2026-08-10 06:00:00 AM IST,2026-08-10 08:00:00 AM IST,Hari Vasara ended before Parana-day sunrise; Parana is sunrise to Pratah end.
Kanchipuram,Tamil Nadu,India,Asia/Kolkata,geoname:1268159,1268159,Kamika Ekadashi,2026-08-08,"Kamika Ekadashi - Kanchipuram. Dashami ends and Ekadashi begins on 2026-08-08 01:59:00 PM IST. On 09-Aug-26, Sooryodaya is 05:58 AM and Arunodaya is 04:22 AM. Ekadashi is present at sunrise and had begun before Arunodaya, so this is a valid Ekadashi sunrise. Ekadashi ends on 2026-08-09 11:04:00 AM IST and does not remain through another sunrise. Ekadashi ends and Dwadashi begins on 2026-08-09 11:04:00 AM IST. Dwadashi is present at Sooryodaya on 10-Aug-26 (Sooryodaya 05:58 AM). Dwadashi ends and Trayodashi begins on 2026-08-10 08:00:00 AM IST. Therefore the Upavaasa is observed on 09-Aug-26. For Parana on 10-Aug-26, Sooryodaya is 05:58 AM, Pratah Kala ends at 08:29 AM, Dwadashi ends at 2026-08-10 08:00:00 AM IST, and Hari Vasara ends at 2026-08-09 04:18:00 PM IST. Hari Vasara ends before Sooryodaya, so there is no Hari-Vasara delay; Parana starts at Sooryodaya (05:58 AM). Dwadashi ends at 08:00 AM, before Pratah Kala ends at 08:29 AM; therefore Dwadashi end is the limiting end time. Hence Parana is 05:58 AM to 08:00 AM.",2026-08-08:Dashami | 2026-08-09:Ekadashi | 2026-08-10:Dwadashi,2026-08-08:Rohini | 2026-08-09:Mrigashirsha | 2026-08-10:Ardra,2026-08-08 01:59:00 PM IST,2026-08-09 11:04:00 AM IST,2026-08-10 08:00:00 AM IST,2026-08-09,05:58 AM,2026-08-09 04:22:00 AM IST,2026-08-09,,2026-08-09:VALID (start 2026-08-08 01:59:00 PM IST < Arunodaya 2026-08-09 04:22:00 AM IST),2026-08-09,05:58 AM,2026-08-09 04:22:00 AM IST,2026-08-10,Ardra,2026-08-09 04:18:00 PM IST,2026-08-08,2026-08-10,2026-08-08 | 2026-08-09 | 2026-08-10,3,COMPLETE,,,Normal Ekadashi,NORMAL,Ekadashi began before Arunodaya and has one valid Ekadashi sunrise. No two-day exception is triggered.,2026-08-09:VALID (start 2026-08-08 01:59:00 PM IST < Arunodaya 2026-08-09 04:22:00 AM IST),2026-08-09,,2026-08-10,DWADASHI,PRATAH,2026-08-10 05:58:00 AM IST,2026-08-10 08:00:00 AM IST,Hari Vasara ended before Parana-day sunrise; Parana is sunrise to Pratah end.
Srirangam,Tamil Nadu,India,Asia/Kolkata,geoname:1254388,1254388,Kamika Ekadashi,2026-08-08,"Kamika Ekadashi - Srirangam. Dashami ends and Ekadashi begins on 2026-08-08 01:59:00 PM IST. On 09-Aug-26, Sooryodaya is 06:05 AM and Arunodaya is 04:29 AM. Ekadashi is present at sunrise and had begun before Arunodaya, so this is a valid Ekadashi sunrise. Ekadashi ends on 2026-08-09 11:04:00 AM IST and does not remain through another sunrise. Ekadashi ends and Dwadashi begins on 2026-08-09 11:04:00 AM IST. Dwadashi is present at Sooryodaya on 10-Aug-26 (Sooryodaya 06:05 AM). Dwadashi ends and Trayodashi begins on 2026-08-10 08:00:00 AM IST. Therefore the Upavaasa is observed on 09-Aug-26. For Parana on 10-Aug-26, Sooryodaya is 06:05 AM, Pratah Kala ends at 08:35 AM, Dwadashi ends at 2026-08-10 08:00:00 AM IST, and Hari Vasara ends at 2026-08-09 04:18:00 PM IST. Hari Vasara ends before Sooryodaya, so there is no Hari-Vasara delay; Parana starts at Sooryodaya (06:05 AM). Dwadashi ends at 08:00 AM, before Pratah Kala ends at 08:35 AM; therefore Dwadashi end is the limiting end time. Hence Parana is 06:05 AM to 08:00 AM.",2026-08-08:Dashami | 2026-08-09:Ekadashi | 2026-08-10:Dwadashi,2026-08-08:Rohini | 2026-08-09:Mrigashirsha | 2026-08-10:Ardra,2026-08-08 01:59:00 PM IST,2026-08-09 11:04:00 AM IST,2026-08-10 08:00:00 AM IST,2026-08-09,06:05 AM,2026-08-09 04:29:00 AM IST,2026-08-09,,2026-08-09:VALID (start 2026-08-08 01:59:00 PM IST < Arunodaya 2026-08-09 04:29:00 AM IST),2026-08-09,06:05 AM,2026-08-09 04:29:00 AM IST,2026-08-10,Ardra,2026-08-09 04:18:00 PM IST,2026-08-08,2026-08-10,2026-08-08 | 2026-08-09 | 2026-08-10,3,COMPLETE,,,Normal Ekadashi,NORMAL,Ekadashi began before Arunodaya and has one valid Ekadashi sunrise. No two-day exception is triggered.,2026-08-09:VALID (start 2026-08-08 01:59:00 PM IST < Arunodaya 2026-08-09 04:29:00 AM IST),2026-08-09,,2026-08-10,DWADASHI,PRATAH,2026-08-10 06:05:00 AM IST,2026-08-10 08:00:00 AM IST,Hari Vasara ended before Parana-day sunrise; Parana is sunrise to Pratah end.
Guruvayur,Kerala,India,Asia/Kolkata,geoname:1270603,1270603,Kamika Ekadashi,2026-08-08,"Kamika Ekadashi - Guruvayur. Dashami ends and Ekadashi begins on 2026-08-08 01:59:00 PM IST. On 09-Aug-26, Sooryodaya is 06:16 AM and Arunodaya is 04:40 AM. Ekadashi is present at sunrise and had begun before Arunodaya, so this is a valid Ekadashi sunrise. Ekadashi ends on 2026-08-09 11:04:00 AM IST and does not remain through another sunrise. Ekadashi ends and Dwadashi begins on 2026-08-09 11:04:00 AM IST. Dwadashi is present at Sooryodaya on 10-Aug-26 (Sooryodaya 06:16 AM). Dwadashi ends and Trayodashi begins on 2026-08-10 08:00:00 AM IST. Therefore the Upavaasa is observed on 09-Aug-26. For Parana on 10-Aug-26, Sooryodaya is 06:16 AM, Pratah Kala ends at 08:46 AM, Dwadashi ends at 2026-08-10 08:00:00 AM IST, and Hari Vasara ends at 2026-08-09 04:18:00 PM IST. Hari Vasara ends before Sooryodaya, so there is no Hari-Vasara delay; Parana starts at Sooryodaya (06:16 AM). Dwadashi ends at 08:00 AM, before Pratah Kala ends at 08:46 AM; therefore Dwadashi end is the limiting end time. Hence Parana is 06:16 AM to 08:00 AM.",2026-08-08:Dashami | 2026-08-09:Ekadashi | 2026-08-10:Dwadashi,2026-08-08:Rohini | 2026-08-09:Mrigashirsha | 2026-08-10:Ardra,2026-08-08 01:59:00 PM IST,2026-08-09 11:04:00 AM IST,2026-08-10 08:00:00 AM IST,2026-08-09,06:16 AM,2026-08-09 04:40:00 AM IST,2026-08-09,,2026-08-09:VALID (start 2026-08-08 01:59:00 PM IST < Arunodaya 2026-08-09 04:40:00 AM IST),2026-08-09,06:16 AM,2026-08-09 04:40:00 AM IST,2026-08-10,Ardra,2026-08-09 04:18:00 PM IST,2026-08-08,2026-08-10,2026-08-08 | 2026-08-09 | 2026-08-10,3,COMPLETE,,,Normal Ekadashi,NORMAL,Ekadashi began before Arunodaya and has one valid Ekadashi sunrise. No two-day exception is triggered.,2026-08-09:VALID (start 2026-08-08 01:59:00 PM IST < Arunodaya 2026-08-09 04:40:00 AM IST),2026-08-09,,2026-08-10,DWADASHI,PRATAH,2026-08-10 06:16:00 AM IST,2026-08-10 08:00:00 AM IST,Hari Vasara ended before Parana-day sunrise; Parana is sunrise to Pratah end.
Pandharpur,Maharashtra,India,Asia/Kolkata,geoname:1260546,1260546,Kamika Ekadashi,2026-08-08,"Kamika Ekadashi - Pandharpur. Dashami ends and Ekadashi begins on 2026-08-08 01:59:00 PM IST. On 09-Aug-26, Sooryodaya is 06:10 AM and Arunodaya is 04:34 AM. Ekadashi is present at sunrise and had begun before Arunodaya, so this is a valid Ekadashi sunrise. Ekadashi ends on 2026-08-09 11:04:00 AM IST and does not remain through another sunrise. Ekadashi ends and Dwadashi begins on 2026-08-09 11:04:00 AM IST. Dwadashi is present at Sooryodaya on 10-Aug-26 (Sooryodaya 06:10 AM). Dwadashi ends and Trayodashi begins on 2026-08-10 08:00:00 AM IST. Therefore the Upavaasa is observed on 09-Aug-26. For Parana on 10-Aug-26, Sooryodaya is 06:10 AM, Pratah Kala ends at 08:44 AM, Dwadashi ends at 2026-08-10 08:00:00 AM IST, and Hari Vasara ends at 2026-08-09 04:18:00 PM IST. Hari Vasara ends before Sooryodaya, so there is no Hari-Vasara delay; Parana starts at Sooryodaya (06:10 AM). Dwadashi ends at 08:00 AM, before Pratah Kala ends at 08:44 AM; therefore Dwadashi end is the limiting end time. Hence Parana is 06:10 AM to 08:00 AM.",2026-08-08:Dashami | 2026-08-09:Ekadashi | 2026-08-10:Dwadashi,2026-08-08:Rohini | 2026-08-09:Mrigashirsha | 2026-08-10:Ardra,2026-08-08 01:59:00 PM IST,2026-08-09 11:04:00 AM IST,2026-08-10 08:00:00 AM IST,2026-08-09,06:10 AM,2026-08-09 04:34:00 AM IST,2026-08-09,,2026-08-09:VALID (start 2026-08-08 01:59:00 PM IST < Arunodaya 2026-08-09 04:34:00 AM IST),2026-08-09,06:10 AM,2026-08-09 04:34:00 AM IST,2026-08-10,Ardra,2026-08-09 04:18:00 PM IST,2026-08-08,2026-08-10,2026-08-08 | 2026-08-09 | 2026-08-10,3,COMPLETE,,,Normal Ekadashi,NORMAL,Ekadashi began before Arunodaya and has one valid Ekadashi sunrise. No two-day exception is triggered.,2026-08-09:VALID (start 2026-08-08 01:59:00 PM IST < Arunodaya 2026-08-09 04:34:00 AM IST),2026-08-09,,2026-08-10,DWADASHI,PRATAH,2026-08-10 06:10:00 AM IST,2026-08-10 08:00:00 AM IST,Hari Vasara ended before Parana-day sunrise; Parana is sunrise to Pratah end.
Kolhapur,Maharashtra,India,Asia/Kolkata,geoname:1266285,1266285,Kamika Ekadashi,2026-08-08,"Kamika Ekadashi - Kolhapur. Dashami ends and Ekadashi begins on 2026-08-08 01:59:00 PM IST. On 09-Aug-26, Sooryodaya is 06:15 AM and Arunodaya is 04:39 AM. Ekadashi is present at sunrise and had begun before Arunodaya, so this is a valid Ekadashi sunrise. Ekadashi ends on 2026-08-09 11:04:00 AM IST and does not remain through another sunrise. Ekadashi ends and Dwadashi begins on 2026-08-09 11:04:00 AM IST. Dwadashi is present at Sooryodaya on 10-Aug-26 (Sooryodaya 06:16 AM). Dwadashi ends and Trayodashi begins on 2026-08-10 08:00:00 AM IST. Therefore the Upavaasa is observed on 09-Aug-26. For Parana on 10-Aug-26, Sooryodaya is 06:16 AM, Pratah Kala ends at 08:49 AM, Dwadashi ends at 2026-08-10 08:00:00 AM IST, and Hari Vasara ends at 2026-08-09 04:18:00 PM IST. Hari Vasara ends before Sooryodaya, so there is no Hari-Vasara delay; Parana starts at Sooryodaya (06:16 AM). Dwadashi ends at 08:00 AM, before Pratah Kala ends at 08:49 AM; therefore Dwadashi end is the limiting end time. Hence Parana is 06:16 AM to 08:00 AM.",2026-08-08:Dashami | 2026-08-09:Ekadashi | 2026-08-10:Dwadashi,2026-08-08:Rohini | 2026-08-09:Mrigashirsha | 2026-08-10:Ardra,2026-08-08 01:59:00 PM IST,2026-08-09 11:04:00 AM IST,2026-08-10 08:00:00 AM IST,2026-08-09,06:15 AM,2026-08-09 04:39:00 AM IST,2026-08-09,,2026-08-09:VALID (start 2026-08-08 01:59:00 PM IST < Arunodaya 2026-08-09 04:39:00 AM IST),2026-08-09,06:15 AM,2026-08-09 04:39:00 AM IST,2026-08-10,Ardra,2026-08-09 04:18:00 PM IST,2026-08-08,2026-08-10,2026-08-08 | 2026-08-09 | 2026-08-10,3,COMPLETE,,,Normal Ekadashi,NORMAL,Ekadashi began before Arunodaya and has one valid Ekadashi sunrise. No two-day exception is triggered.,2026-08-09:VALID (start 2026-08-08 01:59:00 PM IST < Arunodaya 2026-08-09 04:39:00 AM IST),2026-08-09,,2026-08-10,DWADASHI,PRATAH,2026-08-10 06:16:00 AM IST,2026-08-10 08:00:00 AM IST,Hari Vasara ended before Parana-day sunrise; Parana is sunrise to Pratah end.
Nagpur,Maharashtra,India,Asia/Kolkata,geoname:1262180,1262180,Kamika Ekadashi,2026-08-08,"Kamika Ekadashi - Nagpur. Dashami ends and Ekadashi begins on 2026-08-08 01:59:00 PM IST. On 09-Aug-26, Sooryodaya is 05:50 AM and Arunodaya is 04:14 AM. Ekadashi is present at sunrise and had begun before Arunodaya, so this is a valid Ekadashi sunrise. Ekadashi ends on 2026-08-09 11:04:00 AM IST and does not remain through another sunrise. Ekadashi ends and Dwadashi begins on 2026-08-09 11:04:00 AM IST. Dwadashi is present at Sooryodaya on 10-Aug-26 (Sooryodaya 05:51 AM). Dwadashi ends and Trayodashi begins on 2026-08-10 08:00:00 AM IST. Therefore the Upavaasa is observed on 09-Aug-26. For Parana on 10-Aug-26, Sooryodaya is 05:51 AM, Pratah Kala ends at 08:26 AM, Dwadashi ends at 2026-08-10 08:00:00 AM IST, and Hari Vasara ends at 2026-08-09 04:18:00 PM IST. Hari Vasara ends before Sooryodaya, so there is no Hari-Vasara delay; Parana starts at Sooryodaya (05:51 AM). Dwadashi ends at 08:00 AM, before Pratah Kala ends at 08:26 AM; therefore Dwadashi end is the limiting end time. Hence Parana is 05:51 AM to 08:00 AM.",2026-08-08:Dashami | 2026-08-09:Ekadashi | 2026-08-10:Dwadashi,2026-08-08:Rohini | 2026-08-09:Mrigashirsha | 2026-08-10:Ardra,2026-08-08 01:59:00 PM IST,2026-08-09 11:04:00 AM IST,2026-08-10 08:00:00 AM IST,2026-08-09,05:50 AM,2026-08-09 04:14:00 AM IST,2026-08-09,,2026-08-09:VALID (start 2026-08-08 01:59:00 PM IST < Arunodaya 2026-08-09 04:14:00 AM IST),2026-08-09,05:50 AM,2026-08-09 04:14:00 AM IST,2026-08-10,Ardra,2026-08-09 04:18:00 PM IST,2026-08-08,2026-08-10,2026-08-08 | 2026-08-09 | 2026-08-10,3,COMPLETE,,,Normal Ekadashi,NORMAL,Ekadashi began before Arunodaya and has one valid Ekadashi sunrise. No two-day exception is triggered.,2026-08-09:VALID (start 2026-08-08 01:59:00 PM IST < Arunodaya 2026-08-09 04:14:00 AM IST),2026-08-09,,2026-08-10,DWADASHI,PRATAH,2026-08-10 05:51:00 AM IST,2026-08-10 08:00:00 AM IST,Hari Vasara ended before Parana-day sunrise; Parana is sunrise to Pratah end.
Visakhapatnam,Andra Pradesh,India,Asia/Kolkata,geoname:1253102,1253102,Kamika Ekadashi,2026-08-08,"Kamika Ekadashi - Visakhapatnam. Dashami ends and Ekadashi begins on 2026-08-08 01:59:00 PM IST. On 09-Aug-26, Sooryodaya is 05:38 AM and Arunodaya is 04:02 AM. Ekadashi is present at sunrise and had begun before Arunodaya, so this is a valid Ekadashi sunrise. Ekadashi ends on 2026-08-09 11:04:00 AM IST and does not remain through another sunrise. Ekadashi ends and Dwadashi begins on 2026-08-09 11:04:00 AM IST. Dwadashi is present at Sooryodaya on 10-Aug-26 (Sooryodaya 05:39 AM). Dwadashi ends and Trayodashi begins on 2026-08-10 08:00:00 AM IST. Therefore the Upavaasa is observed on 09-Aug-26. For Parana on 10-Aug-26, Sooryodaya is 05:39 AM, Pratah Kala ends at 08:12 AM, Dwadashi ends at 2026-08-10 08:00:00 AM IST, and Hari Vasara ends at 2026-08-09 04:18:00 PM IST. Hari Vasara ends before Sooryodaya, so there is no Hari-Vasara delay; Parana starts at Sooryodaya (05:39 AM). Dwadashi ends at 08:00 AM, before Pratah Kala ends at 08:12 AM; therefore Dwadashi end is the limiting end time. Hence Parana is 05:39 AM to 08:00 AM.",2026-08-08:Dashami | 2026-08-09:Ekadashi | 2026-08-10:Dwadashi,2026-08-08:Rohini | 2026-08-09:Mrigashirsha | 2026-08-10:Ardra,2026-08-08 01:59:00 PM IST,2026-08-09 11:04:00 AM IST,2026-08-10 08:00:00 AM IST,2026-08-09,05:38 AM,2026-08-09 04:02:00 AM IST,2026-08-09,,2026-08-09:VALID (start 2026-08-08 01:59:00 PM IST < Arunodaya 2026-08-09 04:02:00 AM IST),2026-08-09,05:38 AM,2026-08-09 04:02:00 AM IST,2026-08-10,Ardra,2026-08-09 04:18:00 PM IST,2026-08-08,2026-08-10,2026-08-08 | 2026-08-09 | 2026-08-10,3,COMPLETE,,,Normal Ekadashi,NORMAL,Ekadashi began before Arunodaya and has one valid Ekadashi sunrise. No two-day exception is triggered.,2026-08-09:VALID (start 2026-08-08 01:59:00 PM IST < Arunodaya 2026-08-09 04:02:00 AM IST),2026-08-09,,2026-08-10,DWADASHI,PRATAH,2026-08-10 05:39:00 AM IST,2026-08-10 08:00:00 AM IST,Hari Vasara ended before Parana-day sunrise; Parana is sunrise to Pratah end.
Dubai,Dubai,United Arab Emirates,Asia/Dubai,geoname:292223,292223,Kamika Ekadashi,2026-08-08,"Kamika Ekadashi - Dubai. Dashami ends and Ekadashi begins on 2026-08-08 12:29:00 PM +04. On 09-Aug-26, Sooryodaya is 05:50 AM and Arunodaya is 04:14 AM. Ekadashi is present at sunrise and had begun before Arunodaya, so this is a valid Ekadashi sunrise. Ekadashi ends on 2026-08-09 09:34:00 AM +04 and does not remain through another sunrise. Ekadashi ends and Dwadashi begins on 2026-08-09 09:34:00 AM +04. Dwadashi is present at Sooryodaya on 10-Aug-26 (Sooryodaya 05:51 AM). Dwadashi ends and Trayodashi begins on 2026-08-10 06:30:00 AM +04. Therefore the Upavaasa is observed on 09-Aug-26. For Parana on 10-Aug-26, Sooryodaya is 05:51 AM, Pratah Kala ends at 08:28 AM, Dwadashi ends at 2026-08-10 06:30:00 AM +04, and Hari Vasara ends at 2026-08-09 02:48:00 PM +04. Hari Vasara ends before Sooryodaya, so there is no Hari-Vasara delay; Parana starts at Sooryodaya (05:51 AM). Dwadashi ends at 06:30 AM, before Pratah Kala ends at 08:28 AM; therefore Dwadashi end is the limiting end time. Hence Parana is 05:51 AM to 06:30 AM.",2026-08-08:Dashami | 2026-08-09:Ekadashi | 2026-08-10:Dwadashi,2026-08-08:Rohini | 2026-08-09:Mrigashirsha | 2026-08-10:Ardra,2026-08-08 12:29:00 PM +04,2026-08-09 09:34:00 AM +04,2026-08-10 06:30:00 AM +04,2026-08-09,05:50 AM,2026-08-09 04:14:00 AM +04,2026-08-09,,2026-08-09:VALID (start 2026-08-08 12:29:00 PM +04 < Arunodaya 2026-08-09 04:14:00 AM +04),2026-08-09,05:50 AM,2026-08-09 04:14:00 AM +04,2026-08-10,Ardra,2026-08-09 02:48:00 PM +04,2026-08-08,2026-08-10,2026-08-08 | 2026-08-09 | 2026-08-10,3,COMPLETE,,,Normal Ekadashi,NORMAL,Ekadashi began before Arunodaya and has one valid Ekadashi sunrise. No two-day exception is triggered.,2026-08-09:VALID (start 2026-08-08 12:29:00 PM +04 < Arunodaya 2026-08-09 04:14:00 AM +04),2026-08-09,,2026-08-10,DWADASHI,PRATAH,2026-08-10 05:51:00 AM +04,2026-08-10 06:30:00 AM +04,Hari Vasara ended before Parana-day sunrise; Parana is sunrise to Pratah end.
Doha,Baladīyat ad Dawḩah,Qatar,Asia/Qatar,geoname:290030,290030,Kamika Ekadashi,2026-08-08,"Kamika Ekadashi - Doha. Dashami ends and Ekadashi begins on 2026-08-08 11:29:00 AM +03. On 09-Aug-26, Sooryodaya is 05:05 AM and Arunodaya is 03:29 AM. Ekadashi is present at sunrise and had begun before Arunodaya, so this is a valid Ekadashi sunrise. Ekadashi ends on 2026-08-09 08:34:00 AM +03 and does not remain through another sunrise. Ekadashi ends and Dwadashi begins on 2026-08-09 08:34:00 AM +03. Dwadashi is present at Sooryodaya on 10-Aug-26 (Sooryodaya 05:05 AM). Dwadashi ends and Trayodashi begins on 2026-08-10 05:30:00 AM +03. Therefore the Upavaasa is observed on 09-Aug-26. For Parana on 10-Aug-26, Sooryodaya is 05:05 AM, Pratah Kala ends at 07:43 AM, Dwadashi ends at 2026-08-10 05:30:00 AM +03, and Hari Vasara ends at 2026-08-09 01:48:00 PM +03. Hari Vasara ends before Sooryodaya, so there is no Hari-Vasara delay; Parana starts at Sooryodaya (05:05 AM). Dwadashi ends at 05:30 AM, before Pratah Kala ends at 07:43 AM; therefore Dwadashi end is the limiting end time. Hence Parana is 05:05 AM to 05:30 AM.",2026-08-08:Dashami | 2026-08-09:Ekadashi | 2026-08-10:Dwadashi,2026-08-08:Rohini | 2026-08-09:Mrigashirsha | 2026-08-10:Ardra,2026-08-08 11:29:00 AM +03,2026-08-09 08:34:00 AM +03,2026-08-10 05:30:00 AM +03,2026-08-09,05:05 AM,2026-08-09 03:29:00 AM +03,2026-08-09,,2026-08-09:VALID (start 2026-08-08 11:29:00 AM +03 < Arunodaya 2026-08-09 03:29:00 AM +03),2026-08-09,05:05 AM,2026-08-09 03:29:00 AM +03,2026-08-10,Ardra,2026-08-09 01:48:00 PM +03,2026-08-08,2026-08-10,2026-08-08 | 2026-08-09 | 2026-08-10,3,COMPLETE,,,Normal Ekadashi,NORMAL,Ekadashi began before Arunodaya and has one valid Ekadashi sunrise. No two-day exception is triggered.,2026-08-09:VALID (start 2026-08-08 11:29:00 AM +03 < Arunodaya 2026-08-09 03:29:00 AM +03),2026-08-09,,2026-08-10,DWADASHI,PRATAH,2026-08-10 05:05:00 AM +03,2026-08-10 05:30:00 AM +03,Hari Vasara ended before Parana-day sunrise; Parana is sunrise to Pratah end.
Zurich,Zurich,Switzerland,Europe/Zurich,geoname:2657896,2657896,Kamika Ekadashi,2026-08-08,"Kamika Ekadashi - Zurich. Dashami ends and Ekadashi begins on 2026-08-08 10:29:00 AM CEST. On 09-Aug-26, Sooryodaya is 06:14 AM and Arunodaya is 04:38 AM. Ekadashi is present at sunrise and had begun before Arunodaya, so this is a valid Ekadashi sunrise. Ekadashi ends on 2026-08-09 07:34:00 AM CEST and does not remain through another sunrise. Ekadashi ends and Dwadashi begins on 2026-08-09 07:34:00 AM CEST. Dwadashi ends and Trayodashi begins on 2026-08-10 04:30:00 AM CEST. Therefore the Upavaasa is observed on 09-Aug-26. For Parana on 10-Aug-26, Sooryodaya is 06:15 AM, Pratah Kala ends at 09:09 AM, Dwadashi ends at 2026-08-10 04:30:00 AM CEST, and Hari Vasara ends at 2026-08-09 12:48:00 PM CEST. Dwadashi has already ended before Sooryodaya. Therefore Parana starts at Sooryodaya (06:15 AM) and continues to the end of Pratah Kala (09:09 AM). Hence Parana is 06:15 AM to 09:09 AM.",2026-08-08:Dashami | 2026-08-09:Ekadashi | 2026-08-10:Trayodashi,2026-08-08:Rohini | 2026-08-09:Mrigashirsha | 2026-08-10:Ardra,2026-08-08 10:29:00 AM CEST,2026-08-09 07:34:00 AM CEST,2026-08-10 04:30:00 AM CEST,2026-08-09,06:14 AM,2026-08-09 04:38:00 AM CEST,2026-08-09,,2026-08-09:VALID (start 2026-08-08 10:29:00 AM CEST < Arunodaya 2026-08-09 04:38:00 AM CEST),2026-08-09,06:14 AM,2026-08-09 04:38:00 AM CEST,,,2026-08-09 12:48:00 PM CEST,2026-08-08,2026-08-10,2026-08-08 | 2026-08-09 | 2026-08-10,3,COMPLETE,,,Normal Ekadashi,NORMAL,Ekadashi began before Arunodaya and has one valid Ekadashi sunrise. No two-day exception is triggered.,2026-08-09:VALID (start 2026-08-08 10:29:00 AM CEST < Arunodaya 2026-08-09 04:38:00 AM CEST),2026-08-09,,2026-08-10,DWADASHI,DWADASHI_OVER_BEFORE_SUNRISE,2026-08-10 06:15:00 AM CEST,2026-08-10 09:09:12 AM CEST,Dwadashi ended before sunrise; Parana is sunrise to Pratah end.
Esslingen,Esslingen,Germany,Europe/Berlin,geoname:2928751,2928751,Kamika Ekadashi,2026-08-08,"Kamika Ekadashi - Esslingen. Dashami ends and Ekadashi begins on 2026-08-08 10:29:00 AM CEST. On 09-Aug-26, Sooryodaya is 06:07 AM and Arunodaya is 04:31 AM. Ekadashi is present at sunrise and had begun before Arunodaya, so this is a valid Ekadashi sunrise. Ekadashi ends on 2026-08-09 07:34:00 AM CEST and does not remain through another sunrise. Ekadashi ends and Dwadashi begins on 2026-08-09 07:34:00 AM CEST. Dwadashi ends and Trayodashi begins on 2026-08-10 04:30:00 AM CEST. Therefore the Upavaasa is observed on 09-Aug-26. For Parana on 10-Aug-26, Sooryodaya is 06:09 AM, Pratah Kala ends at 09:05 AM, Dwadashi ends at 2026-08-10 04:30:00 AM CEST, and Hari Vasara ends at 2026-08-09 12:48:00 PM CEST. Dwadashi has already ended before Sooryodaya. Therefore Parana starts at Sooryodaya (06:09 AM) and continues to the end of Pratah Kala (09:05 AM). Hence Parana is 06:09 AM to 09:05 AM.",2026-08-08:Dashami | 2026-08-09:Ekadashi | 2026-08-10:Trayodashi,2026-08-08:Rohini | 2026-08-09:Mrigashirsha | 2026-08-10:Ardra,2026-08-08 10:29:00 AM CEST,2026-08-09 07:34:00 AM CEST,2026-08-10 04:30:00 AM CEST,2026-08-09,06:07 AM,2026-08-09 04:31:00 AM CEST,2026-08-09,,2026-08-09:VALID (start 2026-08-08 10:29:00 AM CEST < Arunodaya 2026-08-09 04:31:00 AM CEST),2026-08-09,06:07 AM,2026-08-09 04:31:00 AM CEST,,,2026-08-09 12:48:00 PM CEST,2026-08-08,2026-08-10,2026-08-08 | 2026-08-09 | 2026-08-10,3,COMPLETE,,,Normal Ekadashi,NORMAL,Ekadashi began before Arunodaya and has one valid Ekadashi sunrise. No two-day exception is triggered.,2026-08-09:VALID (start 2026-08-08 10:29:00 AM CEST < Arunodaya 2026-08-09 04:31:00 AM CEST),2026-08-09,,2026-08-10,DWADASHI,DWADASHI_OVER_BEFORE_SUNRISE,2026-08-10 06:09:00 AM CEST,2026-08-10 09:04:36 AM CEST,Dwadashi ended before sunrise; Parana is sunrise to Pratah end.
Ayodhya,Uttar Pradesh,India,Asia/Kolkata,geoname:1278094,1278094,Kamika Ekadashi,2026-08-08,"Kamika Ekadashi - Ayodhya. Dashami ends and Ekadashi begins on 2026-08-08 01:59:00 PM IST. On 09-Aug-26, Sooryodaya is 05:30 AM and Arunodaya is 03:54 AM. Ekadashi is present at sunrise and had begun before Arunodaya, so this is a valid Ekadashi sunrise. Ekadashi ends on 2026-08-09 11:04:00 AM IST and does not remain through another sunrise. Ekadashi ends and Dwadashi begins on 2026-08-09 11:04:00 AM IST. Dwadashi is present at Sooryodaya on 10-Aug-26 (Sooryodaya 05:30 AM). Dwadashi ends and Trayodashi begins on 2026-08-10 08:00:00 AM IST. Therefore the Upavaasa is observed on 09-Aug-26. For Parana on 10-Aug-26, Sooryodaya is 05:30 AM, Pratah Kala ends at 08:09 AM, Dwadashi ends at 2026-08-10 08:00:00 AM IST, and Hari Vasara ends at 2026-08-09 04:18:00 PM IST. Hari Vasara ends before Sooryodaya, so there is no Hari-Vasara delay; Parana starts at Sooryodaya (05:30 AM). Dwadashi ends at 08:00 AM, before Pratah Kala ends at 08:09 AM; therefore Dwadashi end is the limiting end time. Hence Parana is 05:30 AM to 08:00 AM.",2026-08-08:Dashami | 2026-08-09:Ekadashi | 2026-08-10:Dwadashi,2026-08-08:Rohini | 2026-08-09:Mrigashirsha | 2026-08-10:Ardra,2026-08-08 01:59:00 PM IST,2026-08-09 11:04:00 AM IST,2026-08-10 08:00:00 AM IST,2026-08-09,05:30 AM,2026-08-09 03:54:00 AM IST,2026-08-09,,2026-08-09:VALID (start 2026-08-08 01:59:00 PM IST < Arunodaya 2026-08-09 03:54:00 AM IST),2026-08-09,05:30 AM,2026-08-09 03:54:00 AM IST,2026-08-10,Ardra,2026-08-09 04:18:00 PM IST,2026-08-08,2026-08-10,2026-08-08 | 2026-08-09 | 2026-08-10,3,COMPLETE,,,Normal Ekadashi,NORMAL,Ekadashi began before Arunodaya and has one valid Ekadashi sunrise. No two-day exception is triggered.,2026-08-09:VALID (start 2026-08-08 01:59:00 PM IST < Arunodaya 2026-08-09 03:54:00 AM IST),2026-08-09,,2026-08-10,DWADASHI,PRATAH,2026-08-10 05:30:00 AM IST,2026-08-10 08:00:00 AM IST,Hari Vasara ended before Parana-day sunrise; Parana is sunrise to Pratah end.
Pittsford,New York,United States,America/New_York,geoname:5131614,5131614,Kamika Ekadashi,2026-08-08,"Kamika Ekadashi - Pittsford. Dashami ends and Ekadashi begins on 2026-08-08 04:29:00 AM EDT. On 08-Aug-26, Sooryodaya is 06:08 AM and Arunodaya is 04:32 AM. Ekadashi is present at sunrise and had begun before Arunodaya, so this is a valid Ekadashi sunrise. Ekadashi ends on 2026-08-09 01:34:00 AM EDT and does not remain through another sunrise. Ekadashi ends and Dwadashi begins on 2026-08-09 01:34:00 AM EDT. Dwadashi is present at Sooryodaya on 09-Aug-26 (Sooryodaya 06:09 AM). Dwadashi ends and Trayodashi begins on 2026-08-09 10:30:00 PM EDT. Therefore the Upavaasa is observed on 08-Aug-26. For Parana on 09-Aug-26, Sooryodaya is 06:09 AM, Pratah Kala ends at 08:59 AM, Dwadashi ends at 2026-08-09 10:30:00 PM EDT, and Hari Vasara ends at 2026-08-09 06:48:00 AM EDT. Hari Vasara ends after Sooryodaya, at 06:48 AM, but still within Pratah Kala. Therefore Parana cannot start at sunrise and starts at Hari Vasara end (06:48 AM). Pratah Kala ends at 08:59 AM, before Dwadashi ends; therefore Pratah Kala end is the limiting end time. Hence Parana is 06:48 AM to 08:59 AM.",2026-08-07:Navami | 2026-08-08:Ekadashi | 2026-08-09:Dwadashi,2026-08-07:Krittika | 2026-08-08:Rohini | 2026-08-09:Ardra,2026-08-08 04:29:00 AM EDT,2026-08-09 01:34:00 AM EDT,2026-08-09 10:30:00 PM EDT,2026-08-08,06:08 AM,2026-08-08 04:32:00 AM EDT,2026-08-08,,2026-08-08:VALID (start 2026-08-08 04:29:00 AM EDT < Arunodaya 2026-08-08 04:32:00 AM EDT),2026-08-08,06:08 AM,2026-08-08 04:32:00 AM EDT,2026-08-09,Ardra,2026-08-09 06:48:00 AM EDT,2026-08-07,2026-08-09,2026-08-07 | 2026-08-08 | 2026-08-09,3,COMPLETE,,,Normal Ekadashi,NORMAL,Ekadashi began before Arunodaya and has one valid Ekadashi sunrise. No two-day exception is triggered.,2026-08-08:VALID (start 2026-08-08 04:29:00 AM EDT < Arunodaya 2026-08-08 04:32:00 AM EDT),2026-08-08,,2026-08-09,DWADASHI,PRATAH,2026-08-09 06:48:00 AM EDT,2026-08-09 08:59:24 AM EDT,Hari Vasara ends during Pratah; Parana begins after Hari Vasara and ends at Pratah end.
Greece,New York,United States,America/New_York,geoname:5119251,5119251,Kamika Ekadashi,2026-08-08,"Kamika Ekadashi - Greece. Dashami ends and Ekadashi begins on 2026-08-08 04:29:00 AM EDT. On 08-Aug-26, Sooryodaya is 06:09 AM and Arunodaya is 04:33 AM. Ekadashi is present at sunrise and had begun before Arunodaya, so this is a valid Ekadashi sunrise. Ekadashi ends on 2026-08-09 01:34:00 AM EDT and does not remain through another sunrise. Ekadashi ends and Dwadashi begins on 2026-08-09 01:34:00 AM EDT. Dwadashi is present at Sooryodaya on 09-Aug-26 (Sooryodaya 06:10 AM). Dwadashi ends and Trayodashi begins on 2026-08-09 10:30:00 PM EDT. Therefore the Upavaasa is observed on 08-Aug-26. For Parana on 09-Aug-26, Sooryodaya is 06:10 AM, Pratah Kala ends at 09:00 AM, Dwadashi ends at 2026-08-09 10:30:00 PM EDT, and Hari Vasara ends at 2026-08-09 06:48:00 AM EDT. Hari Vasara ends after Sooryodaya, at 06:48 AM, but still within Pratah Kala. Therefore Parana cannot start at sunrise and starts at Hari Vasara end (06:48 AM). Pratah Kala ends at 09:00 AM, before Dwadashi ends; therefore Pratah Kala end is the limiting end time. Hence Parana is 06:48 AM to 09:00 AM.",2026-08-07:Navami | 2026-08-08:Ekadashi | 2026-08-09:Dwadashi,2026-08-07:Krittika | 2026-08-08:Rohini | 2026-08-09:Ardra,2026-08-08 04:29:00 AM EDT,2026-08-09 01:34:00 AM EDT,2026-08-09 10:30:00 PM EDT,2026-08-08,06:09 AM,2026-08-08 04:33:00 AM EDT,2026-08-08,,2026-08-08:VALID (start 2026-08-08 04:29:00 AM EDT < Arunodaya 2026-08-08 04:33:00 AM EDT),2026-08-08,06:09 AM,2026-08-08 04:33:00 AM EDT,2026-08-09,Ardra,2026-08-09 06:48:00 AM EDT,2026-08-07,2026-08-09,2026-08-07 | 2026-08-08 | 2026-08-09,3,COMPLETE,,,Normal Ekadashi,NORMAL,Ekadashi began before Arunodaya and has one valid Ekadashi sunrise. No two-day exception is triggered.,2026-08-08:VALID (start 2026-08-08 04:29:00 AM EDT < Arunodaya 2026-08-08 04:33:00 AM EDT),2026-08-08,,2026-08-09,DWADASHI,PRATAH,2026-08-09 06:48:00 AM EDT,2026-08-09 09:00:24 AM EDT,Hari Vasara ends during Pratah; Parana begins after Hari Vasara and ends at Pratah end.
Syracuse,New York,United States,America/New_York,geoname:5140405,5140405,Kamika Ekadashi,2026-08-08,"Kamika Ekadashi - Syracuse. Dashami ends and Ekadashi begins on 2026-08-08 04:29:00 AM EDT. On 08-Aug-26, Sooryodaya is 06:03 AM and Arunodaya is 04:27 AM. Ekadashi is present at sunrise, but it began during Arunodaya, so this sunrise is Dashami Viddha and no Upavaasa is observed on this day. Ekadashi ends on 2026-08-09 01:34:00 AM EDT and does not remain through another sunrise. Ekadashi ends and Dwadashi begins on 2026-08-09 01:34:00 AM EDT. Dwadashi is present at Sooryodaya on 09-Aug-26 (Sooryodaya 06:04 AM). Dwadashi ends and Trayodashi begins on 2026-08-09 10:30:00 PM EDT. Therefore the Upavaasa is observed on 09-Aug-26. For Parana on 10-Aug-26, Sooryodaya is 06:05 AM, Pratah Kala ends at 08:55 AM, Dwadashi ends at 2026-08-09 10:30:00 PM EDT, and Hari Vasara ends at 2026-08-09 06:48:00 AM EDT. Because the Upavaasa itself was observed on Dwadashi, Hari Vasara is not used to delay the Parana start on the following morning. Dwadashi has already ended before Sooryodaya, so Parana starts at Sooryodaya (06:05 AM). Since Dwadashi is already over, the available morning limit is the end of Pratah Kala (08:55 AM). Hence Parana is 06:05 AM to 08:55 AM.",2026-08-07:Navami | 2026-08-08:Ekadashi | 2026-08-09:Dwadashi | 2026-08-10:Trayodashi,2026-08-07:Krittika | 2026-08-08:Rohini | 2026-08-09:Ardra | 2026-08-10:Punarvasu,2026-08-08 04:29:00 AM EDT,2026-08-09 01:34:00 AM EDT,2026-08-09 10:30:00 PM EDT,2026-08-08,06:03 AM,2026-08-08 04:27:00 AM EDT,,2026-08-08,2026-08-08:VIDDHA (Arunodaya 2026-08-08 04:27:00 AM EDT <= start 2026-08-08 04:29:00 AM EDT <= sunrise 2026-08-08 06:03:00 AM EDT),,,,2026-08-09,Ardra,2026-08-09 06:48:00 AM EDT,2026-08-07,2026-08-10,2026-08-07 | 2026-08-08 | 2026-08-09 | 2026-08-10,4,COMPLETE,,,Dashami Viddha Ekadashi,DASHAMI_VIDDHA,"Ekadashi is present at sunrise, but every Ekadashi sunrise is Dashami Viddha; no later valid Ekadashi sunrise occurs. Therefore Upavaasa shifts to Dwadashi and Parana is on the following morning.",2026-08-08:VIDDHA (Arunodaya 2026-08-08 04:27:00 AM EDT <= start 2026-08-08 04:29:00 AM EDT <= sunrise 2026-08-08 06:03:00 AM EDT),2026-08-09,,2026-08-10,POST_DWADASHI_UPAVASA,POST_DWADASHI_FAST_DWADASHI_OVER_BEFORE_SUNRISE,2026-08-10 06:05:00 AM EDT,2026-08-10 08:54:48 AM EDT,Dwadashi ended before Parana-day sunrise; Parana is sunrise to Pratah end.
Columbus,Indiana,United States,America/Indiana/Indianapolis,geoname:4256038,4256038,Kamika Ekadashi,2026-08-08,"Kamika Ekadashi - Columbus. Dashami ends and Ekadashi begins on 2026-08-08 04:29:00 AM EDT. On 08-Aug-26, Sooryodaya is 06:50 AM and Arunodaya is 05:14 AM. Ekadashi is present at sunrise and had begun before Arunodaya, so this is a valid Ekadashi sunrise. Ekadashi ends on 2026-08-09 01:34:00 AM EDT and does not remain through another sunrise. Ekadashi ends and Dwadashi begins on 2026-08-09 01:34:00 AM EDT. Dwadashi is present at Sooryodaya on 09-Aug-26 (Sooryodaya 06:51 AM). Dwadashi ends and Trayodashi begins on 2026-08-09 10:30:00 PM EDT. Therefore the Upavaasa is observed on 08-Aug-26. For Parana on 09-Aug-26, Sooryodaya is 06:51 AM, Pratah Kala ends at 09:38 AM, Dwadashi ends at 2026-08-09 10:30:00 PM EDT, and Hari Vasara ends at 2026-08-09 06:48:00 AM EDT. Hari Vasara ends before Sooryodaya, so there is no Hari-Vasara delay; Parana starts at Sooryodaya (06:51 AM). Pratah Kala ends at 09:38 AM, before Dwadashi ends; therefore Pratah Kala end is the limiting end time. Hence Parana is 06:51 AM to 09:38 AM.",2026-08-07:Navami | 2026-08-08:Ekadashi | 2026-08-09:Dwadashi,2026-08-07:Krittika | 2026-08-08:Rohini | 2026-08-09:Ardra,2026-08-08 04:29:00 AM EDT,2026-08-09 01:34:00 AM EDT,2026-08-09 10:30:00 PM EDT,2026-08-08,06:50 AM,2026-08-08 05:14:00 AM EDT,2026-08-08,,2026-08-08:VALID (start 2026-08-08 04:29:00 AM EDT < Arunodaya 2026-08-08 05:14:00 AM EDT),2026-08-08,06:50 AM,2026-08-08 05:14:00 AM EDT,2026-08-09,Ardra,2026-08-09 06:48:00 AM EDT,2026-08-07,2026-08-09,2026-08-07 | 2026-08-08 | 2026-08-09,3,COMPLETE,,,Normal Ekadashi,NORMAL,Ekadashi began before Arunodaya and has one valid Ekadashi sunrise. No two-day exception is triggered.,2026-08-08:VALID (start 2026-08-08 04:29:00 AM EDT < Arunodaya 2026-08-08 05:14:00 AM EDT),2026-08-08,,2026-08-09,DWADASHI,PRATAH,2026-08-09 06:51:00 AM EDT,2026-08-09 09:38:00 AM EDT,Hari Vasara ended before Parana-day sunrise; Parana is sunrise to Pratah end.
Raleigh,North Carolina,United States,America/New_York,geoname:4487042,4487042,Kamika Ekadashi,2026-08-08,"Kamika Ekadashi - Raleigh. Dashami ends and Ekadashi begins on 2026-08-08 04:29:00 AM EDT. On 08-Aug-26, Sooryodaya is 06:28 AM and Arunodaya is 04:52 AM. Ekadashi is present at sunrise and had begun before Arunodaya, so this is a valid Ekadashi sunrise. Ekadashi ends on 2026-08-09 01:34:00 AM EDT and does not remain through another sunrise. Ekadashi ends and Dwadashi begins on 2026-08-09 01:34:00 AM EDT. Dwadashi is present at Sooryodaya on 09-Aug-26 (Sooryodaya 06:29 AM). Dwadashi ends and Trayodashi begins on 2026-08-09 10:30:00 PM EDT. Therefore the Upavaasa is observed on 08-Aug-26. For Parana on 09-Aug-26, Sooryodaya is 06:29 AM, Pratah Kala ends at 09:13 AM, Dwadashi ends at 2026-08-09 10:30:00 PM EDT, and Hari Vasara ends at 2026-08-09 06:48:00 AM EDT. Hari Vasara ends after Sooryodaya, at 06:48 AM, but still within Pratah Kala. Therefore Parana cannot start at sunrise and starts at Hari Vasara end (06:48 AM). Pratah Kala ends at 09:13 AM, before Dwadashi ends; therefore Pratah Kala end is the limiting end time. Hence Parana is 06:48 AM to 09:13 AM.",2026-08-07:Navami | 2026-08-08:Ekadashi | 2026-08-09:Dwadashi,2026-08-07:Krittika | 2026-08-08:Rohini | 2026-08-09:Ardra,2026-08-08 04:29:00 AM EDT,2026-08-09 01:34:00 AM EDT,2026-08-09 10:30:00 PM EDT,2026-08-08,06:28 AM,2026-08-08 04:52:00 AM EDT,2026-08-08,,2026-08-08:VALID (start 2026-08-08 04:29:00 AM EDT < Arunodaya 2026-08-08 04:52:00 AM EDT),2026-08-08,06:28 AM,2026-08-08 04:52:00 AM EDT,2026-08-09,Ardra,2026-08-09 06:48:00 AM EDT,2026-08-07,2026-08-09,2026-08-07 | 2026-08-08 | 2026-08-09,3,COMPLETE,,,Normal Ekadashi,NORMAL,Ekadashi began before Arunodaya and has one valid Ekadashi sunrise. No two-day exception is triggered.,2026-08-08:VALID (start 2026-08-08 04:29:00 AM EDT < Arunodaya 2026-08-08 04:52:00 AM EDT),2026-08-08,,2026-08-09,DWADASHI,PRATAH,2026-08-09 06:48:00 AM EDT,2026-08-09 09:13:24 AM EDT,Hari Vasara ends during Pratah; Parana begins after Hari Vasara and ends at Pratah end.
Charlotte,North Carolina,United States,America/New_York,geoname:4460243,4460243,Kamika Ekadashi,2026-08-08,"Kamika Ekadashi - Charlotte. Dashami ends and Ekadashi begins on 2026-08-08 04:29:00 AM EDT. On 08-Aug-26, Sooryodaya is 06:38 AM and Arunodaya is 05:02 AM. Ekadashi is present at sunrise and had begun before Arunodaya, so this is a valid Ekadashi sunrise. Ekadashi ends on 2026-08-09 01:34:00 AM EDT and does not remain through another sunrise. Ekadashi ends and Dwadashi begins on 2026-08-09 01:34:00 AM EDT. Dwadashi is present at Sooryodaya on 09-Aug-26 (Sooryodaya 06:39 AM). Dwadashi ends and Trayodashi begins on 2026-08-09 10:30:00 PM EDT. Therefore the Upavaasa is observed on 08-Aug-26. For Parana on 09-Aug-26, Sooryodaya is 06:39 AM, Pratah Kala ends at 09:23 AM, Dwadashi ends at 2026-08-09 10:30:00 PM EDT, and Hari Vasara ends at 2026-08-09 06:48:00 AM EDT. Hari Vasara ends after Sooryodaya, at 06:48 AM, but still within Pratah Kala. Therefore Parana cannot start at sunrise and starts at Hari Vasara end (06:48 AM). Pratah Kala ends at 09:23 AM, before Dwadashi ends; therefore Pratah Kala end is the limiting end time. Hence Parana is 06:48 AM to 09:23 AM.",2026-08-07:Navami | 2026-08-08:Ekadashi | 2026-08-09:Dwadashi,2026-08-07:Krittika | 2026-08-08:Rohini | 2026-08-09:Ardra,2026-08-08 04:29:00 AM EDT,2026-08-09 01:34:00 AM EDT,2026-08-09 10:30:00 PM EDT,2026-08-08,06:38 AM,2026-08-08 05:02:00 AM EDT,2026-08-08,,2026-08-08:VALID (start 2026-08-08 04:29:00 AM EDT < Arunodaya 2026-08-08 05:02:00 AM EDT),2026-08-08,06:38 AM,2026-08-08 05:02:00 AM EDT,2026-08-09,Ardra,2026-08-09 06:48:00 AM EDT,2026-08-07,2026-08-09,2026-08-07 | 2026-08-08 | 2026-08-09,3,COMPLETE,,,Normal Ekadashi,NORMAL,Ekadashi began before Arunodaya and has one valid Ekadashi sunrise. No two-day exception is triggered.,2026-08-08:VALID (start 2026-08-08 04:29:00 AM EDT < Arunodaya 2026-08-08 05:02:00 AM EDT),2026-08-08,,2026-08-09,DWADASHI,PRATAH,2026-08-09 06:48:00 AM EDT,2026-08-09 09:23:00 AM EDT,Hari Vasara ends during Pratah; Parana begins after Hari Vasara and ends at Pratah end.
Bengaluru,Karnataka,India,Asia/Kolkata,geoname:1277333,1277333,Kamika Ekadashi,2026-08-08,"Kamika Ekadashi - Bengaluru. Dashami ends and Ekadashi begins on 2026-08-08 01:59:00 PM IST. On 09-Aug-26, Sooryodaya is 06:07 AM and Arunodaya is 04:31 AM. Ekadashi is present at sunrise and had begun before Arunodaya, so this is a valid Ekadashi sunrise. Ekadashi ends on 2026-08-09 11:04:00 AM IST and does not remain through another sunrise. Ekadashi ends and Dwadashi begins on 2026-08-09 11:04:00 AM IST. Dwadashi is present at Sooryodaya on 10-Aug-26 (Sooryodaya 06:07 AM). Dwadashi ends and Trayodashi begins on 2026-08-10 08:00:00 AM IST. Therefore the Upavaasa is observed on 09-Aug-26. For Parana on 10-Aug-26, Sooryodaya is 06:07 AM, Pratah Kala ends at 08:38 AM, Dwadashi ends at 2026-08-10 08:00:00 AM IST, and Hari Vasara ends at 2026-08-09 04:18:00 PM IST. Hari Vasara ends before Sooryodaya, so there is no Hari-Vasara delay; Parana starts at Sooryodaya (06:07 AM). Dwadashi ends at 08:00 AM, before Pratah Kala ends at 08:38 AM; therefore Dwadashi end is the limiting end time. Hence Parana is 06:07 AM to 08:00 AM.",2026-08-08:Dashami | 2026-08-09:Ekadashi | 2026-08-10:Dwadashi,2026-08-08:Rohini | 2026-08-09:Mrigashirsha | 2026-08-10:Ardra,2026-08-08 01:59:00 PM IST,2026-08-09 11:04:00 AM IST,2026-08-10 08:00:00 AM IST,2026-08-09,06:07 AM,2026-08-09 04:31:00 AM IST,2026-08-09,,2026-08-09:VALID (start 2026-08-08 01:59:00 PM IST < Arunodaya 2026-08-09 04:31:00 AM IST),2026-08-09,06:07 AM,2026-08-09 04:31:00 AM IST,2026-08-10,Ardra,2026-08-09 04:18:00 PM IST,2026-08-08,2026-08-10,2026-08-08 | 2026-08-09 | 2026-08-10,3,COMPLETE,,,Normal Ekadashi,NORMAL,Ekadashi began before Arunodaya and has one valid Ekadashi sunrise. No two-day exception is triggered.,2026-08-09:VALID (start 2026-08-08 01:59:00 PM IST < Arunodaya 2026-08-09 04:31:00 AM IST),2026-08-09,,2026-08-10,DWADASHI,PRATAH,2026-08-10 06:07:00 AM IST,2026-08-10 08:00:00 AM IST,Hari Vasara ended before Parana-day sunrise; Parana is sunrise to Pratah end.
Mysuru,Karnataka,India,Asia/Kolkata,geoname:1262321,1262321,Kamika Ekadashi,2026-08-08,"Kamika Ekadashi - Mysuru. Dashami ends and Ekadashi begins on 2026-08-08 01:59:00 PM IST. On 09-Aug-26, Sooryodaya is 06:11 AM and Arunodaya is 04:35 AM. Ekadashi is present at sunrise and had begun before Arunodaya, so this is a valid Ekadashi sunrise. Ekadashi ends on 2026-08-09 11:04:00 AM IST and does not remain through another sunrise. Ekadashi ends and Dwadashi begins on 2026-08-09 11:04:00 AM IST. Dwadashi is present at Sooryodaya on 10-Aug-26 (Sooryodaya 06:11 AM). Dwadashi ends and Trayodashi begins on 2026-08-10 08:00:00 AM IST. Therefore the Upavaasa is observed on 09-Aug-26. For Parana on 10-Aug-26, Sooryodaya is 06:11 AM, Pratah Kala ends at 08:42 AM, Dwadashi ends at 2026-08-10 08:00:00 AM IST, and Hari Vasara ends at 2026-08-09 04:18:00 PM IST. Hari Vasara ends before Sooryodaya, so there is no Hari-Vasara delay; Parana starts at Sooryodaya (06:11 AM). Dwadashi ends at 08:00 AM, before Pratah Kala ends at 08:42 AM; therefore Dwadashi end is the limiting end time. Hence Parana is 06:11 AM to 08:00 AM.",2026-08-08:Dashami | 2026-08-09:Ekadashi | 2026-08-10:Dwadashi,2026-08-08:Rohini | 2026-08-09:Mrigashirsha | 2026-08-10:Ardra,2026-08-08 01:59:00 PM IST,2026-08-09 11:04:00 AM IST,2026-08-10 08:00:00 AM IST,2026-08-09,06:11 AM,2026-08-09 04:35:00 AM IST,2026-08-09,,2026-08-09:VALID (start 2026-08-08 01:59:00 PM IST < Arunodaya 2026-08-09 04:35:00 AM IST),2026-08-09,06:11 AM,2026-08-09 04:35:00 AM IST,2026-08-10,Ardra,2026-08-09 04:18:00 PM IST,2026-08-08,2026-08-10,2026-08-08 | 2026-08-09 | 2026-08-10,3,COMPLETE,,,Normal Ekadashi,NORMAL,Ekadashi began before Arunodaya and has one valid Ekadashi sunrise. No two-day exception is triggered.,2026-08-09:VALID (start 2026-08-08 01:59:00 PM IST < Arunodaya 2026-08-09 04:35:00 AM IST),2026-08-09,,2026-08-10,DWADASHI,PRATAH,2026-08-10 06:11:00 AM IST,2026-08-10 08:00:00 AM IST,Hari Vasara ended before Parana-day sunrise; Parana is sunrise to Pratah end.
T Narasipura,Karnataka,India,Asia/Kolkata,geoname:1262321,1262321,Kamika Ekadashi,2026-08-08,"Kamika Ekadashi - T Narasipura. Dashami ends and Ekadashi begins on 2026-08-08 01:59:00 PM IST. On 09-Aug-26, Sooryodaya is 06:11 AM and Arunodaya is 04:35 AM. Ekadashi is present at sunrise and had begun before Arunodaya, so this is a valid Ekadashi sunrise. Ekadashi ends on 2026-08-09 11:04:00 AM IST and does not remain through another sunrise. Ekadashi ends and Dwadashi begins on 2026-08-09 11:04:00 AM IST. Dwadashi is present at Sooryodaya on 10-Aug-26 (Sooryodaya 06:11 AM). Dwadashi ends and Trayodashi begins on 2026-08-10 08:00:00 AM IST. Therefore the Upavaasa is observed on 09-Aug-26. For Parana on 10-Aug-26, Sooryodaya is 06:11 AM, Pratah Kala ends at 08:42 AM, Dwadashi ends at 2026-08-10 08:00:00 AM IST, and Hari Vasara ends at 2026-08-09 04:18:00 PM IST. Hari Vasara ends before Sooryodaya, so there is no Hari-Vasara delay; Parana starts at Sooryodaya (06:11 AM). Dwadashi ends at 08:00 AM, before Pratah Kala ends at 08:42 AM; therefore Dwadashi end is the limiting end time. Hence Parana is 06:11 AM to 08:00 AM.",2026-08-08:Dashami | 2026-08-09:Ekadashi | 2026-08-10:Dwadashi,2026-08-08:Rohini | 2026-08-09:Mrigashirsha | 2026-08-10:Ardra,2026-08-08 01:59:00 PM IST,2026-08-09 11:04:00 AM IST,2026-08-10 08:00:00 AM IST,2026-08-09,06:11 AM,2026-08-09 04:35:00 AM IST,2026-08-09,,2026-08-09:VALID (start 2026-08-08 01:59:00 PM IST < Arunodaya 2026-08-09 04:35:00 AM IST),2026-08-09,06:11 AM,2026-08-09 04:35:00 AM IST,2026-08-10,Ardra,2026-08-09 04:18:00 PM IST,2026-08-08,2026-08-10,2026-08-08 | 2026-08-09 | 2026-08-10,0,COMPLETE,,,Normal Ekadashi,NORMAL,Ekadashi began before Arunodaya and has one valid Ekadashi sunrise. No two-day exception is triggered.,2026-08-09:VALID (start 2026-08-08 01:59:00 PM IST < Arunodaya 2026-08-09 04:35:00 AM IST),2026-08-09,,2026-08-10,DWADASHI,PRATAH,2026-08-10 06:11:00 AM IST,2026-08-10 08:00:00 AM IST,Hari Vasara ended before Parana-day sunrise; Parana is sunrise to Pratah end.
Mangalore,Karnataka,India,Asia/Kolkata,geoname:1263780,1263780,Kamika Ekadashi,2026-08-08,"Kamika Ekadashi - Mangalore. Dashami ends and Ekadashi begins on 2026-08-08 01:59:00 PM IST. On 09-Aug-26, Sooryodaya is 06:18 AM and Arunodaya is 04:42 AM. Ekadashi is present at sunrise and had begun before Arunodaya, so this is a valid Ekadashi sunrise. Ekadashi ends on 2026-08-09 11:04:00 AM IST and does not remain through another sunrise. Ekadashi ends and Dwadashi begins on 2026-08-09 11:04:00 AM IST. Dwadashi is present at Sooryodaya on 10-Aug-26 (Sooryodaya 06:18 AM). Dwadashi ends and Trayodashi begins on 2026-08-10 08:00:00 AM IST. Therefore the Upavaasa is observed on 09-Aug-26. For Parana on 10-Aug-26, Sooryodaya is 06:18 AM, Pratah Kala ends at 08:49 AM, Dwadashi ends at 2026-08-10 08:00:00 AM IST, and Hari Vasara ends at 2026-08-09 04:18:00 PM IST. Hari Vasara ends before Sooryodaya, so there is no Hari-Vasara delay; Parana starts at Sooryodaya (06:18 AM). Dwadashi ends at 08:00 AM, before Pratah Kala ends at 08:49 AM; therefore Dwadashi end is the limiting end time. Hence Parana is 06:18 AM to 08:00 AM.",2026-08-08:Dashami | 2026-08-09:Ekadashi | 2026-08-10:Dwadashi,2026-08-08:Rohini | 2026-08-09:Mrigashirsha | 2026-08-10:Ardra,2026-08-08 01:59:00 PM IST,2026-08-09 11:04:00 AM IST,2026-08-10 08:00:00 AM IST,2026-08-09,06:18 AM,2026-08-09 04:42:00 AM IST,2026-08-09,,2026-08-09:VALID (start 2026-08-08 01:59:00 PM IST < Arunodaya 2026-08-09 04:42:00 AM IST),2026-08-09,06:18 AM,2026-08-09 04:42:00 AM IST,2026-08-10,Ardra,2026-08-09 04:18:00 PM IST,2026-08-08,2026-08-10,2026-08-08 | 2026-08-09 | 2026-08-10,3,COMPLETE,,,Normal Ekadashi,NORMAL,Ekadashi began before Arunodaya and has one valid Ekadashi sunrise. No two-day exception is triggered.,2026-08-09:VALID (start 2026-08-08 01:59:00 PM IST < Arunodaya 2026-08-09 04:42:00 AM IST),2026-08-09,,2026-08-10,DWADASHI,PRATAH,2026-08-10 06:18:00 AM IST,2026-08-10 08:00:00 AM IST,Hari Vasara ended before Parana-day sunrise; Parana is sunrise to Pratah end.
Udupi,Karnataka,India,Asia/Kolkata,geoname:1253952,1253952,Kamika Ekadashi,2026-08-08,"Kamika Ekadashi - Udupi. Dashami ends and Ekadashi begins on 2026-08-08 01:59:00 PM IST. On 09-Aug-26, Sooryodaya is 06:18 AM and Arunodaya is 04:42 AM. Ekadashi is present at sunrise and had begun before Arunodaya, so this is a valid Ekadashi sunrise. Ekadashi ends on 2026-08-09 11:04:00 AM IST and does not remain through another sunrise. Ekadashi ends and Dwadashi begins on 2026-08-09 11:04:00 AM IST. Dwadashi is present at Sooryodaya on 10-Aug-26 (Sooryodaya 06:18 AM). Dwadashi ends and Trayodashi begins on 2026-08-10 08:00:00 AM IST. Therefore the Upavaasa is observed on 09-Aug-26. For Parana on 10-Aug-26, Sooryodaya is 06:18 AM, Pratah Kala ends at 08:49 AM, Dwadashi ends at 2026-08-10 08:00:00 AM IST, and Hari Vasara ends at 2026-08-09 04:18:00 PM IST. Hari Vasara ends before Sooryodaya, so there is no Hari-Vasara delay; Parana starts at Sooryodaya (06:18 AM). Dwadashi ends at 08:00 AM, before Pratah Kala ends at 08:49 AM; therefore Dwadashi end is the limiting end time. Hence Parana is 06:18 AM to 08:00 AM.",2026-08-08:Dashami | 2026-08-09:Ekadashi | 2026-08-10:Dwadashi,2026-08-08:Rohini | 2026-08-09:Mrigashirsha | 2026-08-10:Ardra,2026-08-08 01:59:00 PM IST,2026-08-09 11:04:00 AM IST,2026-08-10 08:00:00 AM IST,2026-08-09,06:18 AM,2026-08-09 04:42:00 AM IST,2026-08-09,,2026-08-09:VALID (start 2026-08-08 01:59:00 PM IST < Arunodaya 2026-08-09 04:42:00 AM IST),2026-08-09,06:18 AM,2026-08-09 04:42:00 AM IST,2026-08-10,Ardra,2026-08-09 04:18:00 PM IST,2026-08-08,2026-08-10,2026-08-08 | 2026-08-09 | 2026-08-10,3,COMPLETE,,,Normal Ekadashi,NORMAL,Ekadashi began before Arunodaya and has one valid Ekadashi sunrise. No two-day exception is triggered.,2026-08-09:VALID (start 2026-08-08 01:59:00 PM IST < Arunodaya 2026-08-09 04:42:00 AM IST),2026-08-09,,2026-08-10,DWADASHI,PRATAH,2026-08-10 06:18:00 AM IST,2026-08-10 08:00:00 AM IST,Hari Vasara ended before Parana-day sunrise; Parana is sunrise to Pratah end.
Surat,Gujarat,India,Asia/Kolkata,geoname:1255364,1255364,Kamika Ekadashi,2026-08-08,"Kamika Ekadashi - Surat. Dashami ends and Ekadashi begins on 2026-08-08 01:59:00 PM IST. On 09-Aug-26, Sooryodaya is 06:15 AM and Arunodaya is 04:39 AM. Ekadashi is present at sunrise and had begun before Arunodaya, so this is a valid Ekadashi sunrise. Ekadashi ends on 2026-08-09 11:04:00 AM IST and does not remain through another sunrise. Ekadashi ends and Dwadashi begins on 2026-08-09 11:04:00 AM IST. Dwadashi is present at Sooryodaya on 10-Aug-26 (Sooryodaya 06:15 AM). Dwadashi ends and Trayodashi begins on 2026-08-10 08:00:00 AM IST. Therefore the Upavaasa is observed on 09-Aug-26. For Parana on 10-Aug-26, Sooryodaya is 06:15 AM, Pratah Kala ends at 08:50 AM, Dwadashi ends at 2026-08-10 08:00:00 AM IST, and Hari Vasara ends at 2026-08-09 04:18:00 PM IST. Hari Vasara ends before Sooryodaya, so there is no Hari-Vasara delay; Parana starts at Sooryodaya (06:15 AM). Dwadashi ends at 08:00 AM, before Pratah Kala ends at 08:50 AM; therefore Dwadashi end is the limiting end time. Hence Parana is 06:15 AM to 08:00 AM.",2026-08-08:Dashami | 2026-08-09:Ekadashi | 2026-08-10:Dwadashi,2026-08-08:Rohini | 2026-08-09:Mrigashirsha | 2026-08-10:Ardra,2026-08-08 01:59:00 PM IST,2026-08-09 11:04:00 AM IST,2026-08-10 08:00:00 AM IST,2026-08-09,06:15 AM,2026-08-09 04:39:00 AM IST,2026-08-09,,2026-08-09:VALID (start 2026-08-08 01:59:00 PM IST < Arunodaya 2026-08-09 04:39:00 AM IST),2026-08-09,06:15 AM,2026-08-09 04:39:00 AM IST,2026-08-10,Ardra,2026-08-09 04:18:00 PM IST,2026-08-08,2026-08-10,2026-08-08 | 2026-08-09 | 2026-08-10,3,COMPLETE,,,Normal Ekadashi,NORMAL,Ekadashi began before Arunodaya and has one valid Ekadashi sunrise. No two-day exception is triggered.,2026-08-09:VALID (start 2026-08-08 01:59:00 PM IST < Arunodaya 2026-08-09 04:39:00 AM IST),2026-08-09,,2026-08-10,DWADASHI,PRATAH,2026-08-10 06:15:00 AM IST,2026-08-10 08:00:00 AM IST,Hari Vasara ended before Parana-day sunrise; Parana is sunrise to Pratah end.
Pune,Maharashtra,India,Asia/Kolkata,geoname:1259229,1259229,Kamika Ekadashi,2026-08-08,"Kamika Ekadashi - Pune. Dashami ends and Ekadashi begins on 2026-08-08 01:59:00 PM IST. On 09-Aug-26, Sooryodaya is 06:15 AM and Arunodaya is 04:39 AM. Ekadashi is present at sunrise and had begun before Arunodaya, so this is a valid Ekadashi sunrise. Ekadashi ends on 2026-08-09 11:04:00 AM IST and does not remain through another sunrise. Ekadashi ends and Dwadashi begins on 2026-08-09 11:04:00 AM IST. Dwadashi is present at Sooryodaya on 10-Aug-26 (Sooryodaya 06:15 AM). Dwadashi ends and Trayodashi begins on 2026-08-10 08:00:00 AM IST. Therefore the Upavaasa is observed on 09-Aug-26. For Parana on 10-Aug-26, Sooryodaya is 06:15 AM, Pratah Kala ends at 08:49 AM, Dwadashi ends at 2026-08-10 08:00:00 AM IST, and Hari Vasara ends at 2026-08-09 04:18:00 PM IST. Hari Vasara ends before Sooryodaya, so there is no Hari-Vasara delay; Parana starts at Sooryodaya (06:15 AM). Dwadashi ends at 08:00 AM, before Pratah Kala ends at 08:49 AM; therefore Dwadashi end is the limiting end time. Hence Parana is 06:15 AM to 08:00 AM.",2026-08-08:Dashami | 2026-08-09:Ekadashi | 2026-08-10:Dwadashi,2026-08-08:Rohini | 2026-08-09:Mrigashirsha | 2026-08-10:Ardra,2026-08-08 01:59:00 PM IST,2026-08-09 11:04:00 AM IST,2026-08-10 08:00:00 AM IST,2026-08-09,06:15 AM,2026-08-09 04:39:00 AM IST,2026-08-09,,2026-08-09:VALID (start 2026-08-08 01:59:00 PM IST < Arunodaya 2026-08-09 04:39:00 AM IST),2026-08-09,06:15 AM,2026-08-09 04:39:00 AM IST,2026-08-10,Ardra,2026-08-09 04:18:00 PM IST,2026-08-08,2026-08-10,2026-08-08 | 2026-08-09 | 2026-08-10,3,COMPLETE,,,Normal Ekadashi,NORMAL,Ekadashi began before Arunodaya and has one valid Ekadashi sunrise. No two-day exception is triggered.,2026-08-09:VALID (start 2026-08-08 01:59:00 PM IST < Arunodaya 2026-08-09 04:39:00 AM IST),2026-08-09,,2026-08-10,DWADASHI,PRATAH,2026-08-10 06:15:00 AM IST,2026-08-10 08:00:00 AM IST,Hari Vasara ended before Parana-day sunrise; Parana is sunrise to Pratah end.
Vadodara,Gujarat,India,Asia/Kolkata,geoname:1253573,1253573,Kamika Ekadashi,2026-08-08,"Kamika Ekadashi - Vadodara. Dashami ends and Ekadashi begins on 2026-08-08 01:59:00 PM IST. On 09-Aug-26, Sooryodaya is 06:12 AM and Arunodaya is 04:36 AM. Ekadashi is present at sunrise and had begun before Arunodaya, so this is a valid Ekadashi sunrise. Ekadashi ends on 2026-08-09 11:04:00 AM IST and does not remain through another sunrise. Ekadashi ends and Dwadashi begins on 2026-08-09 11:04:00 AM IST. Dwadashi is present at Sooryodaya on 10-Aug-26 (Sooryodaya 06:13 AM). Dwadashi ends and Trayodashi begins on 2026-08-10 08:00:00 AM IST. Therefore the Upavaasa is observed on 09-Aug-26. For Parana on 10-Aug-26, Sooryodaya is 06:13 AM, Pratah Kala ends at 08:49 AM, Dwadashi ends at 2026-08-10 08:00:00 AM IST, and Hari Vasara ends at 2026-08-09 04:18:00 PM IST. Hari Vasara ends before Sooryodaya, so there is no Hari-Vasara delay; Parana starts at Sooryodaya (06:13 AM). Dwadashi ends at 08:00 AM, before Pratah Kala ends at 08:49 AM; therefore Dwadashi end is the limiting end time. Hence Parana is 06:13 AM to 08:00 AM.",2026-08-08:Dashami | 2026-08-09:Ekadashi | 2026-08-10:Dwadashi,2026-08-08:Rohini | 2026-08-09:Mrigashirsha | 2026-08-10:Ardra,2026-08-08 01:59:00 PM IST,2026-08-09 11:04:00 AM IST,2026-08-10 08:00:00 AM IST,2026-08-09,06:12 AM,2026-08-09 04:36:00 AM IST,2026-08-09,,2026-08-09:VALID (start 2026-08-08 01:59:00 PM IST < Arunodaya 2026-08-09 04:36:00 AM IST),2026-08-09,06:12 AM,2026-08-09 04:36:00 AM IST,2026-08-10,Ardra,2026-08-09 04:18:00 PM IST,2026-08-08,2026-08-10,2026-08-08 | 2026-08-09 | 2026-08-10,3,COMPLETE,,,Normal Ekadashi,NORMAL,Ekadashi began before Arunodaya and has one valid Ekadashi sunrise. No two-day exception is triggered.,2026-08-09:VALID (start 2026-08-08 01:59:00 PM IST < Arunodaya 2026-08-09 04:36:00 AM IST),2026-08-09,,2026-08-10,DWADASHI,PRATAH,2026-08-10 06:13:00 AM IST,2026-08-10 08:00:00 AM IST,Hari Vasara ended before Parana-day sunrise; Parana is sunrise to Pratah end.
Hyderabad,Telangana,India,Asia/Kolkata,geoname:1269843,1269843,Kamika Ekadashi,2026-08-08,"Kamika Ekadashi - Hyderabad. Dashami ends and Ekadashi begins on 2026-08-08 01:59:00 PM IST. On 09-Aug-26, Sooryodaya is 05:58 AM and Arunodaya is 04:22 AM. Ekadashi is present at sunrise and had begun before Arunodaya, so this is a valid Ekadashi sunrise. Ekadashi ends on 2026-08-09 11:04:00 AM IST and does not remain through another sunrise. Ekadashi ends and Dwadashi begins on 2026-08-09 11:04:00 AM IST. Dwadashi is present at Sooryodaya on 10-Aug-26 (Sooryodaya 05:58 AM). Dwadashi ends and Trayodashi begins on 2026-08-10 08:00:00 AM IST. Therefore the Upavaasa is observed on 09-Aug-26. For Parana on 10-Aug-26, Sooryodaya is 05:58 AM, Pratah Kala ends at 08:31 AM, Dwadashi ends at 2026-08-10 08:00:00 AM IST, and Hari Vasara ends at 2026-08-09 04:18:00 PM IST. Hari Vasara ends before Sooryodaya, so there is no Hari-Vasara delay; Parana starts at Sooryodaya (05:58 AM). Dwadashi ends at 08:00 AM, before Pratah Kala ends at 08:31 AM; therefore Dwadashi end is the limiting end time. Hence Parana is 05:58 AM to 08:00 AM.",2026-08-08:Dashami | 2026-08-09:Ekadashi | 2026-08-10:Dwadashi,2026-08-08:Rohini | 2026-08-09:Mrigashirsha | 2026-08-10:Ardra,2026-08-08 01:59:00 PM IST,2026-08-09 11:04:00 AM IST,2026-08-10 08:00:00 AM IST,2026-08-09,05:58 AM,2026-08-09 04:22:00 AM IST,2026-08-09,,2026-08-09:VALID (start 2026-08-08 01:59:00 PM IST < Arunodaya 2026-08-09 04:22:00 AM IST),2026-08-09,05:58 AM,2026-08-09 04:22:00 AM IST,2026-08-10,Ardra,2026-08-09 04:18:00 PM IST,2026-08-08,2026-08-10,2026-08-08 | 2026-08-09 | 2026-08-10,3,COMPLETE,,,Normal Ekadashi,NORMAL,Ekadashi began before Arunodaya and has one valid Ekadashi sunrise. No two-day exception is triggered.,2026-08-09:VALID (start 2026-08-08 01:59:00 PM IST < Arunodaya 2026-08-09 04:22:00 AM IST),2026-08-09,,2026-08-10,DWADASHI,PRATAH,2026-08-10 05:58:00 AM IST,2026-08-10 08:00:00 AM IST,Hari Vasara ended before Parana-day sunrise; Parana is sunrise to Pratah end.
Rochester,New York,United States,America/New_York,geoname:5134086,5134086,Kamika Ekadashi,2026-08-08,"Kamika Ekadashi - Rochester. Dashami ends and Ekadashi begins on 2026-08-08 04:29:00 AM EDT. On 08-Aug-26, Sooryodaya is 06:09 AM and Arunodaya is 04:33 AM. Ekadashi is present at sunrise and had begun before Arunodaya, so this is a valid Ekadashi sunrise. Ekadashi ends on 2026-08-09 01:34:00 AM EDT and does not remain through another sunrise. Ekadashi ends and Dwadashi begins on 2026-08-09 01:34:00 AM EDT. Dwadashi is present at Sooryodaya on 09-Aug-26 (Sooryodaya 06:10 AM). Dwadashi ends and Trayodashi begins on 2026-08-09 10:30:00 PM EDT. Therefore the Upavaasa is observed on 08-Aug-26. For Parana on 09-Aug-26, Sooryodaya is 06:10 AM, Pratah Kala ends at 09:00 AM, Dwadashi ends at 2026-08-09 10:30:00 PM EDT, and Hari Vasara ends at 2026-08-09 06:48:00 AM EDT. Hari Vasara ends after Sooryodaya, at 06:48 AM, but still within Pratah Kala. Therefore Parana cannot start at sunrise and starts at Hari Vasara end (06:48 AM). Pratah Kala ends at 09:00 AM, before Dwadashi ends; therefore Pratah Kala end is the limiting end time. Hence Parana is 06:48 AM to 09:00 AM.",2026-08-07:Navami | 2026-08-08:Ekadashi | 2026-08-09:Dwadashi,2026-08-07:Krittika | 2026-08-08:Rohini | 2026-08-09:Ardra,2026-08-08 04:29:00 AM EDT,2026-08-09 01:34:00 AM EDT,2026-08-09 10:30:00 PM EDT,2026-08-08,06:09 AM,2026-08-08 04:33:00 AM EDT,2026-08-08,,2026-08-08:VALID (start 2026-08-08 04:29:00 AM EDT < Arunodaya 2026-08-08 04:33:00 AM EDT),2026-08-08,06:09 AM,2026-08-08 04:33:00 AM EDT,2026-08-09,Ardra,2026-08-09 06:48:00 AM EDT,2026-08-07,2026-08-09,2026-08-07 | 2026-08-08 | 2026-08-09,3,COMPLETE,,,Normal Ekadashi,NORMAL,Ekadashi began before Arunodaya and has one valid Ekadashi sunrise. No two-day exception is triggered.,2026-08-08:VALID (start 2026-08-08 04:29:00 AM EDT < Arunodaya 2026-08-08 04:33:00 AM EDT),2026-08-08,,2026-08-09,DWADASHI,PRATAH,2026-08-09 06:48:00 AM EDT,2026-08-09 09:00:24 AM EDT,Hari Vasara ends during Pratah; Parana begins after Hari Vasara and ends at Pratah end.
Stonybrook,New York,United States,America/New_York,geoname:5139865,5139865,Kamika Ekadashi,2026-08-08,"Kamika Ekadashi - Stonybrook. Dashami ends and Ekadashi begins on 2026-08-08 04:29:00 AM EDT. On 08-Aug-26, Sooryodaya is 05:56 AM and Arunodaya is 04:20 AM. Ekadashi is present at sunrise, but it began during Arunodaya, so this sunrise is Dashami Viddha and no Upavaasa is observed on this day. Ekadashi ends on 2026-08-09 01:34:00 AM EDT and does not remain through another sunrise. Ekadashi ends and Dwadashi begins on 2026-08-09 01:34:00 AM EDT. Dwadashi is present at Sooryodaya on 09-Aug-26 (Sooryodaya 05:57 AM). Dwadashi ends and Trayodashi begins on 2026-08-09 10:30:00 PM EDT. Therefore the Upavaasa is observed on 09-Aug-26. For Parana on 10-Aug-26, Sooryodaya is 05:58 AM, Pratah Kala ends at 08:46 AM, Dwadashi ends at 2026-08-09 10:30:00 PM EDT, and Hari Vasara ends at 2026-08-09 06:48:00 AM EDT. Because the Upavaasa itself was observed on Dwadashi, Hari Vasara is not used to delay the Parana start on the following morning. Dwadashi has already ended before Sooryodaya, so Parana starts at Sooryodaya (05:58 AM). Since Dwadashi is already over, the available morning limit is the end of Pratah Kala (08:46 AM). Hence Parana is 05:58 AM to 08:46 AM.",2026-08-07:Navami | 2026-08-08:Ekadashi | 2026-08-09:Dwadashi | 2026-08-10:Trayodashi,2026-08-07:Krittika | 2026-08-08:Rohini | 2026-08-09:Ardra | 2026-08-10:Punarvasu,2026-08-08 04:29:00 AM EDT,2026-08-09 01:34:00 AM EDT,2026-08-09 10:30:00 PM EDT,2026-08-08,05:56 AM,2026-08-08 04:20:00 AM EDT,,2026-08-08,2026-08-08:VIDDHA (Arunodaya 2026-08-08 04:20:00 AM EDT <= start 2026-08-08 04:29:00 AM EDT <= sunrise 2026-08-08 05:56:00 AM EDT),,,,2026-08-09,Ardra,2026-08-09 06:48:00 AM EDT,2026-08-07,2026-08-10,2026-08-07 | 2026-08-08 | 2026-08-09 | 2026-08-10,4,COMPLETE,,,Dashami Viddha Ekadashi,DASHAMI_VIDDHA,"Ekadashi is present at sunrise, but every Ekadashi sunrise is Dashami Viddha; no later valid Ekadashi sunrise occurs. Therefore Upavaasa shifts to Dwadashi and Parana is on the following morning.",2026-08-08:VIDDHA (Arunodaya 2026-08-08 04:20:00 AM EDT <= start 2026-08-08 04:29:00 AM EDT <= sunrise 2026-08-08 05:56:00 AM EDT),2026-08-09,,2026-08-10,POST_DWADASHI_UPAVASA,POST_DWADASHI_FAST_DWADASHI_OVER_BEFORE_SUNRISE,2026-08-10 05:58:00 AM EDT,2026-08-10 08:46:00 AM EDT,Dwadashi ended before Parana-day sunrise; Parana is sunrise to Pratah end.
Lafayette,Indiana,United States,America/Indiana/Indianapolis,geoname:4922462,4922462,Kamika Ekadashi,2026-08-08,"Kamika Ekadashi - Lafayette. Dashami ends and Ekadashi begins on 2026-08-08 04:29:00 AM EDT. On 08-Aug-26, Sooryodaya is 06:52 AM and Arunodaya is 05:16 AM. Ekadashi is present at sunrise and had begun before Arunodaya, so this is a valid Ekadashi sunrise. Ekadashi ends on 2026-08-09 01:34:00 AM EDT and does not remain through another sunrise. Ekadashi ends and Dwadashi begins on 2026-08-09 01:34:00 AM EDT. Dwadashi is present at Sooryodaya on 09-Aug-26 (Sooryodaya 06:53 AM). Dwadashi ends and Trayodashi begins on 2026-08-09 10:30:00 PM EDT. Therefore the Upavaasa is observed on 08-Aug-26. For Parana on 09-Aug-26, Sooryodaya is 06:53 AM, Pratah Kala ends at 09:41 AM, Dwadashi ends at 2026-08-09 10:30:00 PM EDT, and Hari Vasara ends at 2026-08-09 06:48:00 AM EDT. Hari Vasara ends before Sooryodaya, so there is no Hari-Vasara delay; Parana starts at Sooryodaya (06:53 AM). Pratah Kala ends at 09:41 AM, before Dwadashi ends; therefore Pratah Kala end is the limiting end time. Hence Parana is 06:53 AM to 09:41 AM.",2026-08-07:Navami | 2026-08-08:Ekadashi | 2026-08-09:Dwadashi,2026-08-07:Krittika | 2026-08-08:Rohini | 2026-08-09:Ardra,2026-08-08 04:29:00 AM EDT,2026-08-09 01:34:00 AM EDT,2026-08-09 10:30:00 PM EDT,2026-08-08,06:52 AM,2026-08-08 05:16:00 AM EDT,2026-08-08,,2026-08-08:VALID (start 2026-08-08 04:29:00 AM EDT < Arunodaya 2026-08-08 05:16:00 AM EDT),2026-08-08,06:52 AM,2026-08-08 05:16:00 AM EDT,2026-08-09,Ardra,2026-08-09 06:48:00 AM EDT,2026-08-07,2026-08-09,2026-08-07 | 2026-08-08 | 2026-08-09,3,COMPLETE,,,Normal Ekadashi,NORMAL,Ekadashi began before Arunodaya and has one valid Ekadashi sunrise. No two-day exception is triggered.,2026-08-08:VALID (start 2026-08-08 04:29:00 AM EDT < Arunodaya 2026-08-08 05:16:00 AM EDT),2026-08-08,,2026-08-09,DWADASHI,PRATAH,2026-08-09 06:53:00 AM EDT,2026-08-09 09:41:00 AM EDT,Hari Vasara ended before Parana-day sunrise; Parana is sunrise to Pratah end.
Chicago,Illinois,United States,America/Chicago,geoname:4887398,4887398,Kamika Ekadashi,2026-08-08,"Kamika Ekadashi - Chicago. Dashami ends and Ekadashi begins on 2026-08-08 03:29:00 AM CDT. On 08-Aug-26, Sooryodaya is 05:52 AM and Arunodaya is 04:16 AM. Ekadashi is present at sunrise and had begun before Arunodaya, so this is a valid Ekadashi sunrise. Ekadashi ends on 2026-08-09 12:34:00 AM CDT and does not remain through another sunrise. Ekadashi ends and Dwadashi begins on 2026-08-09 12:34:00 AM CDT. Dwadashi is present at Sooryodaya on 09-Aug-26 (Sooryodaya 05:53 AM). Dwadashi ends and Trayodashi begins on 2026-08-09 09:30:00 PM CDT. Therefore the Upavaasa is observed on 08-Aug-26. For Parana on 09-Aug-26, Sooryodaya is 05:53 AM, Pratah Kala ends at 08:42 AM, Dwadashi ends at 2026-08-09 09:30:00 PM CDT, and Hari Vasara ends at 2026-08-09 05:48:00 AM CDT. Hari Vasara ends before Sooryodaya, so there is no Hari-Vasara delay; Parana starts at Sooryodaya (05:53 AM). Pratah Kala ends at 08:42 AM, before Dwadashi ends; therefore Pratah Kala end is the limiting end time. Hence Parana is 05:53 AM to 08:42 AM.",2026-08-07:Navami | 2026-08-08:Ekadashi | 2026-08-09:Dwadashi,2026-08-07:Krittika | 2026-08-08:Rohini | 2026-08-09:Ardra,2026-08-08 03:29:00 AM CDT,2026-08-09 12:34:00 AM CDT,2026-08-09 09:30:00 PM CDT,2026-08-08,05:52 AM,2026-08-08 04:16:00 AM CDT,2026-08-08,,2026-08-08:VALID (start 2026-08-08 03:29:00 AM CDT < Arunodaya 2026-08-08 04:16:00 AM CDT),2026-08-08,05:52 AM,2026-08-08 04:16:00 AM CDT,2026-08-09,Ardra,2026-08-09 05:48:00 AM CDT,2026-08-07,2026-08-09,2026-08-07 | 2026-08-08 | 2026-08-09,3,COMPLETE,,,Normal Ekadashi,NORMAL,Ekadashi began before Arunodaya and has one valid Ekadashi sunrise. No two-day exception is triggered.,2026-08-08:VALID (start 2026-08-08 03:29:00 AM CDT < Arunodaya 2026-08-08 04:16:00 AM CDT),2026-08-08,,2026-08-09,DWADASHI,PRATAH,2026-08-09 05:53:00 AM CDT,2026-08-09 08:42:12 AM CDT,Hari Vasara ended before Parana-day sunrise; Parana is sunrise to Pratah end.
Dallas,Texas,United States,America/Chicago,geoname:4684888,4684888,Kamika Ekadashi,2026-08-08,"Kamika Ekadashi - Dallas. Dashami ends and Ekadashi begins on 2026-08-08 03:29:00 AM CDT. On 08-Aug-26, Sooryodaya is 06:46 AM and Arunodaya is 05:10 AM. Ekadashi is present at sunrise and had begun before Arunodaya, so this is a valid Ekadashi sunrise. Ekadashi ends on 2026-08-09 12:34:00 AM CDT and does not remain through another sunrise. Ekadashi ends and Dwadashi begins on 2026-08-09 12:34:00 AM CDT. Dwadashi is present at Sooryodaya on 09-Aug-26 (Sooryodaya 06:47 AM). Dwadashi ends and Trayodashi begins on 2026-08-09 09:30:00 PM CDT. Therefore the Upavaasa is observed on 08-Aug-26. For Parana on 09-Aug-26, Sooryodaya is 06:47 AM, Pratah Kala ends at 09:29 AM, Dwadashi ends at 2026-08-09 09:30:00 PM CDT, and Hari Vasara ends at 2026-08-09 05:48:00 AM CDT. Hari Vasara ends before Sooryodaya, so there is no Hari-Vasara delay; Parana starts at Sooryodaya (06:47 AM). Pratah Kala ends at 09:29 AM, before Dwadashi ends; therefore Pratah Kala end is the limiting end time. Hence Parana is 06:47 AM to 09:29 AM.",2026-08-07:Dashami | 2026-08-08:Ekadashi | 2026-08-09:Dwadashi,2026-08-07:Krittika | 2026-08-08:Mrigashirsha | 2026-08-09:Ardra,2026-08-08 03:29:00 AM CDT,2026-08-09 12:34:00 AM CDT,2026-08-09 09:30:00 PM CDT,2026-08-08,06:46 AM,2026-08-08 05:10:00 AM CDT,2026-08-08,,2026-08-08:VALID (start 2026-08-08 03:29:00 AM CDT < Arunodaya 2026-08-08 05:10:00 AM CDT),2026-08-08,06:46 AM,2026-08-08 05:10:00 AM CDT,2026-08-09,Ardra,2026-08-09 05:48:00 AM CDT,2026-08-07,2026-08-09,2026-08-07 | 2026-08-08 | 2026-08-09,3,COMPLETE,,,Normal Ekadashi,NORMAL,Ekadashi began before Arunodaya and has one valid Ekadashi sunrise. No two-day exception is triggered.,2026-08-08:VALID (start 2026-08-08 03:29:00 AM CDT < Arunodaya 2026-08-08 05:10:00 AM CDT),2026-08-08,,2026-08-09,DWADASHI,PRATAH,2026-08-09 06:47:00 AM CDT,2026-08-09 09:29:12 AM CDT,Hari Vasara ended before Parana-day sunrise; Parana is sunrise to Pratah end.
Houston,Texas,United States,America/Chicago,geoname:4699066,4699066,Kamika Ekadashi,2026-08-08,"Kamika Ekadashi - Houston. Dashami ends and Ekadashi begins on 2026-08-08 03:29:00 AM CDT. On 08-Aug-26, Sooryodaya is 06:45 AM and Arunodaya is 05:09 AM. Ekadashi is present at sunrise and had begun before Arunodaya, so this is a valid Ekadashi sunrise. Ekadashi ends on 2026-08-09 12:34:00 AM CDT and does not remain through another sunrise. Ekadashi ends and Dwadashi begins on 2026-08-09 12:34:00 AM CDT. Dwadashi is present at Sooryodaya on 09-Aug-26 (Sooryodaya 06:46 AM). Dwadashi ends and Trayodashi begins on 2026-08-09 09:30:00 PM CDT. Therefore the Upavaasa is observed on 08-Aug-26. For Parana on 09-Aug-26, Sooryodaya is 06:46 AM, Pratah Kala ends at 09:26 AM, Dwadashi ends at 2026-08-09 09:30:00 PM CDT, and Hari Vasara ends at 2026-08-09 05:48:00 AM CDT. Hari Vasara ends before Sooryodaya, so there is no Hari-Vasara delay; Parana starts at Sooryodaya (06:46 AM). Pratah Kala ends at 09:26 AM, before Dwadashi ends; therefore Pratah Kala end is the limiting end time. Hence Parana is 06:46 AM to 09:26 AM.",2026-08-07:Dashami | 2026-08-08:Ekadashi | 2026-08-09:Dwadashi,2026-08-07:Krittika | 2026-08-08:Mrigashirsha | 2026-08-09:Ardra,2026-08-08 03:29:00 AM CDT,2026-08-09 12:34:00 AM CDT,2026-08-09 09:30:00 PM CDT,2026-08-08,06:45 AM,2026-08-08 05:09:00 AM CDT,2026-08-08,,2026-08-08:VALID (start 2026-08-08 03:29:00 AM CDT < Arunodaya 2026-08-08 05:09:00 AM CDT),2026-08-08,06:45 AM,2026-08-08 05:09:00 AM CDT,2026-08-09,Ardra,2026-08-09 05:48:00 AM CDT,2026-08-07,2026-08-09,2026-08-07 | 2026-08-08 | 2026-08-09,3,COMPLETE,,,Normal Ekadashi,NORMAL,Ekadashi began before Arunodaya and has one valid Ekadashi sunrise. No two-day exception is triggered.,2026-08-08:VALID (start 2026-08-08 03:29:00 AM CDT < Arunodaya 2026-08-08 05:09:00 AM CDT),2026-08-08,,2026-08-09,DWADASHI,PRATAH,2026-08-09 06:46:00 AM CDT,2026-08-09 09:26:24 AM CDT,Hari Vasara ended before Parana-day sunrise; Parana is sunrise to Pratah end.
Phoenix,Arizona,United States,America/Phoenix,geoname:5308655,5308655,Kamika Ekadashi,2026-08-08,"Kamika Ekadashi - Phoenix. Dashami ends and Ekadashi begins on 2026-08-08 01:29:00 AM MST. On 08-Aug-26, Sooryodaya is 05:46 AM and Arunodaya is 04:10 AM. Ekadashi is present at sunrise and had begun before Arunodaya, so this is a valid Ekadashi sunrise. Ekadashi ends on 2026-08-08 10:34:00 PM MST and does not remain through another sunrise. Ekadashi ends and Dwadashi begins on 2026-08-08 10:34:00 PM MST. Dwadashi is present at Sooryodaya on 09-Aug-26 (Sooryodaya 05:47 AM). Dwadashi ends and Trayodashi begins on 2026-08-09 07:30:00 PM MST. Therefore the Upavaasa is observed on 08-Aug-26. For Parana on 09-Aug-26, Sooryodaya is 05:47 AM, Pratah Kala ends at 08:30 AM, Dwadashi ends at 2026-08-09 07:30:00 PM MST, and Hari Vasara ends at 2026-08-09 03:48:00 AM MST. Hari Vasara ends before Sooryodaya, so there is no Hari-Vasara delay; Parana starts at Sooryodaya (05:47 AM). Pratah Kala ends at 08:30 AM, before Dwadashi ends; therefore Pratah Kala end is the limiting end time. Hence Parana is 05:47 AM to 08:30 AM.",2026-08-07:Dashami | 2026-08-08:Ekadashi | 2026-08-09:Dwadashi,2026-08-07:Krittika | 2026-08-08:Mrigashirsha | 2026-08-09:Ardra,2026-08-08 01:29:00 AM MST,2026-08-08 10:34:00 PM MST,2026-08-09 07:30:00 PM MST,2026-08-08,05:46 AM,2026-08-08 04:10:00 AM MST,2026-08-08,,2026-08-08:VALID (start 2026-08-08 01:29:00 AM MST < Arunodaya 2026-08-08 04:10:00 AM MST),2026-08-08,05:46 AM,2026-08-08 04:10:00 AM MST,2026-08-09,Ardra,2026-08-09 03:48:00 AM MST,2026-08-07,2026-08-09,2026-08-07 | 2026-08-08 | 2026-08-09,3,COMPLETE,,,Normal Ekadashi,NORMAL,Ekadashi began before Arunodaya and has one valid Ekadashi sunrise. No two-day exception is triggered.,2026-08-08:VALID (start 2026-08-08 01:29:00 AM MST < Arunodaya 2026-08-08 04:10:00 AM MST),2026-08-08,,2026-08-09,DWADASHI,PRATAH,2026-08-09 05:47:00 AM MST,2026-08-09 08:29:36 AM MST,Hari Vasara ended before Parana-day sunrise; Parana is sunrise to Pratah end.
San Francisco,California,United States,America/Los_Angeles,geoname:5391959,5391959,Kamika Ekadashi,2026-08-08,"Kamika Ekadashi - San Francisco. Dashami ends and Ekadashi begins on 2026-08-08 01:29:00 AM PDT. On 08-Aug-26, Sooryodaya is 06:19 AM and Arunodaya is 04:43 AM. Ekadashi is present at sunrise and had begun before Arunodaya, so this is a valid Ekadashi sunrise. Ekadashi ends on 2026-08-08 10:34:00 PM PDT and does not remain through another sunrise. Ekadashi ends and Dwadashi begins on 2026-08-08 10:34:00 PM PDT. Dwadashi is present at Sooryodaya on 09-Aug-26 (Sooryodaya 06:20 AM). Dwadashi ends and Trayodashi begins on 2026-08-09 07:30:00 PM PDT. Therefore the Upavaasa is observed on 08-Aug-26. For Parana on 09-Aug-26, Sooryodaya is 06:20 AM, Pratah Kala ends at 09:06 AM, Dwadashi ends at 2026-08-09 07:30:00 PM PDT, and Hari Vasara ends at 2026-08-09 03:48:00 AM PDT. Hari Vasara ends before Sooryodaya, so there is no Hari-Vasara delay; Parana starts at Sooryodaya (06:20 AM). Pratah Kala ends at 09:06 AM, before Dwadashi ends; therefore Pratah Kala end is the limiting end time. Hence Parana is 06:20 AM to 09:06 AM.",2026-08-07:Dashami | 2026-08-08:Ekadashi | 2026-08-09:Dwadashi,2026-08-07:Rohini | 2026-08-08:Mrigashirsha | 2026-08-09:Ardra,2026-08-08 01:29:00 AM PDT,2026-08-08 10:34:00 PM PDT,2026-08-09 07:30:00 PM PDT,2026-08-08,06:19 AM,2026-08-08 04:43:00 AM PDT,2026-08-08,,2026-08-08:VALID (start 2026-08-08 01:29:00 AM PDT < Arunodaya 2026-08-08 04:43:00 AM PDT),2026-08-08,06:19 AM,2026-08-08 04:43:00 AM PDT,2026-08-09,Ardra,2026-08-09 03:48:00 AM PDT,2026-08-07,2026-08-09,2026-08-07 | 2026-08-08 | 2026-08-09,3,COMPLETE,,,Normal Ekadashi,NORMAL,Ekadashi began before Arunodaya and has one valid Ekadashi sunrise. No two-day exception is triggered.,2026-08-08:VALID (start 2026-08-08 01:29:00 AM PDT < Arunodaya 2026-08-08 04:43:00 AM PDT),2026-08-08,,2026-08-09,DWADASHI,PRATAH,2026-08-09 06:20:00 AM PDT,2026-08-09 09:06:00 AM PDT,Hari Vasara ended before Parana-day sunrise; Parana is sunrise to Pratah end.
Los Angeles,California,United States,America/Los_Angeles,geoname:5368361,5368361,Kamika Ekadashi,2026-08-08,"Kamika Ekadashi - Los Angeles. Dashami ends and Ekadashi begins on 2026-08-08 01:29:00 AM PDT. On 08-Aug-26, Sooryodaya is 06:10 AM and Arunodaya is 04:34 AM. Ekadashi is present at sunrise and had begun before Arunodaya, so this is a valid Ekadashi sunrise. Ekadashi ends on 2026-08-08 10:34:00 PM PDT and does not remain through another sunrise. Ekadashi ends and Dwadashi begins on 2026-08-08 10:34:00 PM PDT. Dwadashi is present at Sooryodaya on 09-Aug-26 (Sooryodaya 06:10 AM). Dwadashi ends and Trayodashi begins on 2026-08-09 07:30:00 PM PDT. Therefore the Upavaasa is observed on 08-Aug-26. For Parana on 09-Aug-26, Sooryodaya is 06:10 AM, Pratah Kala ends at 08:53 AM, Dwadashi ends at 2026-08-09 07:30:00 PM PDT, and Hari Vasara ends at 2026-08-09 03:48:00 AM PDT. Hari Vasara ends before Sooryodaya, so there is no Hari-Vasara delay; Parana starts at Sooryodaya (06:10 AM). Pratah Kala ends at 08:53 AM, before Dwadashi ends; therefore Pratah Kala end is the limiting end time. Hence Parana is 06:10 AM to 08:53 AM.",2026-08-07:Dashami | 2026-08-08:Ekadashi | 2026-08-09:Dwadashi,2026-08-07:Krittika | 2026-08-08:Mrigashirsha | 2026-08-09:Ardra,2026-08-08 01:29:00 AM PDT,2026-08-08 10:34:00 PM PDT,2026-08-09 07:30:00 PM PDT,2026-08-08,06:10 AM,2026-08-08 04:34:00 AM PDT,2026-08-08,,2026-08-08:VALID (start 2026-08-08 01:29:00 AM PDT < Arunodaya 2026-08-08 04:34:00 AM PDT),2026-08-08,06:10 AM,2026-08-08 04:34:00 AM PDT,2026-08-09,Ardra,2026-08-09 03:48:00 AM PDT,2026-08-07,2026-08-09,2026-08-07 | 2026-08-08 | 2026-08-09,3,COMPLETE,,,Normal Ekadashi,NORMAL,Ekadashi began before Arunodaya and has one valid Ekadashi sunrise. No two-day exception is triggered.,2026-08-08:VALID (start 2026-08-08 01:29:00 AM PDT < Arunodaya 2026-08-08 04:34:00 AM PDT),2026-08-08,,2026-08-09,DWADASHI,PRATAH,2026-08-09 06:10:00 AM PDT,2026-08-09 08:53:12 AM PDT,Hari Vasara ended before Parana-day sunrise; Parana is sunrise to Pratah end.
Seattle,Washington,United States,America/Los_Angeles,geoname:5809844,5809844,Kamika Ekadashi,2026-08-08,"Kamika Ekadashi - Seattle. Dashami ends and Ekadashi begins on 2026-08-08 01:29:00 AM PDT. On 08-Aug-26, Sooryodaya is 05:56 AM and Arunodaya is 04:20 AM. Ekadashi is present at sunrise and had begun before Arunodaya, so this is a valid Ekadashi sunrise. Ekadashi ends on 2026-08-08 10:34:00 PM PDT and does not remain through another sunrise. Ekadashi ends and Dwadashi begins on 2026-08-08 10:34:00 PM PDT. Dwadashi is present at Sooryodaya on 09-Aug-26 (Sooryodaya 05:58 AM). Dwadashi ends and Trayodashi begins on 2026-08-09 07:30:00 PM PDT. Therefore the Upavaasa is observed on 08-Aug-26. For Parana on 09-Aug-26, Sooryodaya is 05:58 AM, Pratah Kala ends at 08:53 AM, Dwadashi ends at 2026-08-09 07:30:00 PM PDT, and Hari Vasara ends at 2026-08-09 03:48:00 AM PDT. Hari Vasara ends before Sooryodaya, so there is no Hari-Vasara delay; Parana starts at Sooryodaya (05:58 AM). Pratah Kala ends at 08:53 AM, before Dwadashi ends; therefore Pratah Kala end is the limiting end time. Hence Parana is 05:58 AM to 08:53 AM.",2026-08-07:Dashami | 2026-08-08:Ekadashi | 2026-08-09:Dwadashi,2026-08-07:Krittika | 2026-08-08:Mrigashirsha | 2026-08-09:Ardra,2026-08-08 01:29:00 AM PDT,2026-08-08 10:34:00 PM PDT,2026-08-09 07:30:00 PM PDT,2026-08-08,05:56 AM,2026-08-08 04:20:00 AM PDT,2026-08-08,,2026-08-08:VALID (start 2026-08-08 01:29:00 AM PDT < Arunodaya 2026-08-08 04:20:00 AM PDT),2026-08-08,05:56 AM,2026-08-08 04:20:00 AM PDT,2026-08-09,Ardra,2026-08-09 03:48:00 AM PDT,2026-08-07,2026-08-09,2026-08-07 | 2026-08-08 | 2026-08-09,3,COMPLETE,,,Normal Ekadashi,NORMAL,Ekadashi began before Arunodaya and has one valid Ekadashi sunrise. No two-day exception is triggered.,2026-08-08:VALID (start 2026-08-08 01:29:00 AM PDT < Arunodaya 2026-08-08 04:20:00 AM PDT),2026-08-08,,2026-08-09,DWADASHI,PRATAH,2026-08-09 05:58:00 AM PDT,2026-08-09 08:52:36 AM PDT,Hari Vasara ended before Parana-day sunrise; Parana is sunrise to Pratah end.
Tampa,Florida,United States,America/New_York,geoname:4174757,4174757,Kamika Ekadashi,2026-08-08,"Kamika Ekadashi - Tampa. Dashami ends and Ekadashi begins on 2026-08-08 04:29:00 AM EDT. On 08-Aug-26, Sooryodaya is 06:56 AM and Arunodaya is 05:20 AM. Ekadashi is present at sunrise and had begun before Arunodaya, so this is a valid Ekadashi sunrise. Ekadashi ends on 2026-08-09 01:34:00 AM EDT and does not remain through another sunrise. Ekadashi ends and Dwadashi begins on 2026-08-09 01:34:00 AM EDT. Dwadashi is present at Sooryodaya on 09-Aug-26 (Sooryodaya 06:57 AM). Dwadashi ends and Trayodashi begins on 2026-08-09 10:30:00 PM EDT. Therefore the Upavaasa is observed on 08-Aug-26. For Parana on 09-Aug-26, Sooryodaya is 06:57 AM, Pratah Kala ends at 09:36 AM, Dwadashi ends at 2026-08-09 10:30:00 PM EDT, and Hari Vasara ends at 2026-08-09 06:48:00 AM EDT. Hari Vasara ends before Sooryodaya, so there is no Hari-Vasara delay; Parana starts at Sooryodaya (06:57 AM). Pratah Kala ends at 09:36 AM, before Dwadashi ends; therefore Pratah Kala end is the limiting end time. Hence Parana is 06:57 AM to 09:36 AM.",2026-08-07:Navami | 2026-08-08:Ekadashi | 2026-08-09:Dwadashi,2026-08-07:Krittika | 2026-08-08:Rohini | 2026-08-09:Ardra,2026-08-08 04:29:00 AM EDT,2026-08-09 01:34:00 AM EDT,2026-08-09 10:30:00 PM EDT,2026-08-08,06:56 AM,2026-08-08 05:20:00 AM EDT,2026-08-08,,2026-08-08:VALID (start 2026-08-08 04:29:00 AM EDT < Arunodaya 2026-08-08 05:20:00 AM EDT),2026-08-08,06:56 AM,2026-08-08 05:20:00 AM EDT,2026-08-09,Ardra,2026-08-09 06:48:00 AM EDT,2026-08-07,2026-08-09,2026-08-07 | 2026-08-08 | 2026-08-09,3,COMPLETE,,,Normal Ekadashi,NORMAL,Ekadashi began before Arunodaya and has one valid Ekadashi sunrise. No two-day exception is triggered.,2026-08-08:VALID (start 2026-08-08 04:29:00 AM EDT < Arunodaya 2026-08-08 05:20:00 AM EDT),2026-08-08,,2026-08-09,DWADASHI,PRATAH,2026-08-09 06:57:00 AM EDT,2026-08-09 09:36:12 AM EDT,Hari Vasara ended before Parana-day sunrise; Parana is sunrise to Pratah end.
Orlando,Florida,United States,America/New_York,geoname:4167147,4167147,Kamika Ekadashi,2026-08-08,"Kamika Ekadashi - Orlando. Dashami ends and Ekadashi begins on 2026-08-08 04:29:00 AM EDT. On 08-Aug-26, Sooryodaya is 06:51 AM and Arunodaya is 05:15 AM. Ekadashi is present at sunrise and had begun before Arunodaya, so this is a valid Ekadashi sunrise. Ekadashi ends on 2026-08-09 01:34:00 AM EDT and does not remain through another sunrise. Ekadashi ends and Dwadashi begins on 2026-08-09 01:34:00 AM EDT. Dwadashi is present at Sooryodaya on 09-Aug-26 (Sooryodaya 06:52 AM). Dwadashi ends and Trayodashi begins on 2026-08-09 10:30:00 PM EDT. Therefore the Upavaasa is observed on 08-Aug-26. For Parana on 09-Aug-26, Sooryodaya is 06:52 AM, Pratah Kala ends at 09:32 AM, Dwadashi ends at 2026-08-09 10:30:00 PM EDT, and Hari Vasara ends at 2026-08-09 06:48:00 AM EDT. Hari Vasara ends before Sooryodaya, so there is no Hari-Vasara delay; Parana starts at Sooryodaya (06:52 AM). Pratah Kala ends at 09:32 AM, before Dwadashi ends; therefore Pratah Kala end is the limiting end time. Hence Parana is 06:52 AM to 09:32 AM.",2026-08-07:Navami | 2026-08-08:Ekadashi | 2026-08-09:Dwadashi,2026-08-07:Krittika | 2026-08-08:Rohini | 2026-08-09:Ardra,2026-08-08 04:29:00 AM EDT,2026-08-09 01:34:00 AM EDT,2026-08-09 10:30:00 PM EDT,2026-08-08,06:51 AM,2026-08-08 05:15:00 AM EDT,2026-08-08,,2026-08-08:VALID (start 2026-08-08 04:29:00 AM EDT < Arunodaya 2026-08-08 05:15:00 AM EDT),2026-08-08,06:51 AM,2026-08-08 05:15:00 AM EDT,2026-08-09,Ardra,2026-08-09 06:48:00 AM EDT,2026-08-07,2026-08-09,2026-08-07 | 2026-08-08 | 2026-08-09,3,COMPLETE,,,Normal Ekadashi,NORMAL,Ekadashi began before Arunodaya and has one valid Ekadashi sunrise. No two-day exception is triggered.,2026-08-08:VALID (start 2026-08-08 04:29:00 AM EDT < Arunodaya 2026-08-08 05:15:00 AM EDT),2026-08-08,,2026-08-09,DWADASHI,PRATAH,2026-08-09 06:52:00 AM EDT,2026-08-09 09:31:36 AM EDT,Hari Vasara ended before Parana-day sunrise; Parana is sunrise to Pratah end.
Richmond,Virginia,United States,America/New_York,geoname:4781708,4781708,Kamika Ekadashi,2026-08-08,"Kamika Ekadashi - Richmond. Dashami ends and Ekadashi begins on 2026-08-08 04:29:00 AM EDT. On 08-Aug-26, Sooryodaya is 06:20 AM and Arunodaya is 04:44 AM. Ekadashi is present at sunrise and had begun before Arunodaya, so this is a valid Ekadashi sunrise. Ekadashi ends on 2026-08-09 01:34:00 AM EDT and does not remain through another sunrise. Ekadashi ends and Dwadashi begins on 2026-08-09 01:34:00 AM EDT. Dwadashi is present at Sooryodaya on 09-Aug-26 (Sooryodaya 06:21 AM). Dwadashi ends and Trayodashi begins on 2026-08-09 10:30:00 PM EDT. Therefore the Upavaasa is observed on 08-Aug-26. For Parana on 09-Aug-26, Sooryodaya is 06:21 AM, Pratah Kala ends at 09:07 AM, Dwadashi ends at 2026-08-09 10:30:00 PM EDT, and Hari Vasara ends at 2026-08-09 06:48:00 AM EDT. Hari Vasara ends after Sooryodaya, at 06:48 AM, but still within Pratah Kala. Therefore Parana cannot start at sunrise and starts at Hari Vasara end (06:48 AM). Pratah Kala ends at 09:07 AM, before Dwadashi ends; therefore Pratah Kala end is the limiting end time. Hence Parana is 06:48 AM to 09:07 AM.",2026-08-07:Navami | 2026-08-08:Ekadashi | 2026-08-09:Dwadashi,2026-08-07:Krittika | 2026-08-08:Rohini | 2026-08-09:Ardra,2026-08-08 04:29:00 AM EDT,2026-08-09 01:34:00 AM EDT,2026-08-09 10:30:00 PM EDT,2026-08-08,06:20 AM,2026-08-08 04:44:00 AM EDT,2026-08-08,,2026-08-08:VALID (start 2026-08-08 04:29:00 AM EDT < Arunodaya 2026-08-08 04:44:00 AM EDT),2026-08-08,06:20 AM,2026-08-08 04:44:00 AM EDT,2026-08-09,Ardra,2026-08-09 06:48:00 AM EDT,2026-08-07,2026-08-09,2026-08-07 | 2026-08-08 | 2026-08-09,3,COMPLETE,,,Normal Ekadashi,NORMAL,Ekadashi began before Arunodaya and has one valid Ekadashi sunrise. No two-day exception is triggered.,2026-08-08:VALID (start 2026-08-08 04:29:00 AM EDT < Arunodaya 2026-08-08 04:44:00 AM EDT),2026-08-08,,2026-08-09,DWADASHI,PRATAH,2026-08-09 06:48:00 AM EDT,2026-08-09 09:06:36 AM EDT,Hari Vasara ends during Pratah; Parana begins after Hari Vasara and ends at Pratah end.
Baltimore,Maryland,United States,America/New_York,geoname:4347778,4347778,Kamika Ekadashi,2026-08-08,"Kamika Ekadashi - Baltimore. Dashami ends and Ekadashi begins on 2026-08-08 04:29:00 AM EDT. On 08-Aug-26, Sooryodaya is 06:13 AM and Arunodaya is 04:37 AM. Ekadashi is present at sunrise and had begun before Arunodaya, so this is a valid Ekadashi sunrise. Ekadashi ends on 2026-08-09 01:34:00 AM EDT and does not remain through another sunrise. Ekadashi ends and Dwadashi begins on 2026-08-09 01:34:00 AM EDT. Dwadashi is present at Sooryodaya on 09-Aug-26 (Sooryodaya 06:14 AM). Dwadashi ends and Trayodashi begins on 2026-08-09 10:30:00 PM EDT. Therefore the Upavaasa is observed on 08-Aug-26. For Parana on 09-Aug-26, Sooryodaya is 06:14 AM, Pratah Kala ends at 09:01 AM, Dwadashi ends at 2026-08-09 10:30:00 PM EDT, and Hari Vasara ends at 2026-08-09 06:48:00 AM EDT. Hari Vasara ends after Sooryodaya, at 06:48 AM, but still within Pratah Kala. Therefore Parana cannot start at sunrise and starts at Hari Vasara end (06:48 AM). Pratah Kala ends at 09:01 AM, before Dwadashi ends; therefore Pratah Kala end is the limiting end time. Hence Parana is 06:48 AM to 09:01 AM.",2026-08-07:Navami | 2026-08-08:Ekadashi | 2026-08-09:Dwadashi,2026-08-07:Krittika | 2026-08-08:Rohini | 2026-08-09:Ardra,2026-08-08 04:29:00 AM EDT,2026-08-09 01:34:00 AM EDT,2026-08-09 10:30:00 PM EDT,2026-08-08,06:13 AM,2026-08-08 04:37:00 AM EDT,2026-08-08,,2026-08-08:VALID (start 2026-08-08 04:29:00 AM EDT < Arunodaya 2026-08-08 04:37:00 AM EDT),2026-08-08,06:13 AM,2026-08-08 04:37:00 AM EDT,2026-08-09,Ardra,2026-08-09 06:48:00 AM EDT,2026-08-07,2026-08-09,2026-08-07 | 2026-08-08 | 2026-08-09,3,COMPLETE,,,Normal Ekadashi,NORMAL,Ekadashi began before Arunodaya and has one valid Ekadashi sunrise. No two-day exception is triggered.,2026-08-08:VALID (start 2026-08-08 04:29:00 AM EDT < Arunodaya 2026-08-08 04:37:00 AM EDT),2026-08-08,,2026-08-09,DWADASHI,PRATAH,2026-08-09 06:48:00 AM EDT,2026-08-09 09:01:00 AM EDT,Hari Vasara ends during Pratah; Parana begins after Hari Vasara and ends at Pratah end.
Philadelphia,Pennsylvania,United States,America/New_York,geoname:4560349,4560349,Kamika Ekadashi,2026-08-08,"Kamika Ekadashi - Philadelphia. Dashami ends and Ekadashi begins on 2026-08-08 04:29:00 AM EDT. On 08-Aug-26, Sooryodaya is 06:06 AM and Arunodaya is 04:30 AM. Ekadashi is present at sunrise and had begun before Arunodaya, so this is a valid Ekadashi sunrise. Ekadashi ends on 2026-08-09 01:34:00 AM EDT and does not remain through another sunrise. Ekadashi ends and Dwadashi begins on 2026-08-09 01:34:00 AM EDT. Dwadashi is present at Sooryodaya on 09-Aug-26 (Sooryodaya 06:07 AM). Dwadashi ends and Trayodashi begins on 2026-08-09 10:30:00 PM EDT. Therefore the Upavaasa is observed on 08-Aug-26. For Parana on 09-Aug-26, Sooryodaya is 06:07 AM, Pratah Kala ends at 08:55 AM, Dwadashi ends at 2026-08-09 10:30:00 PM EDT, and Hari Vasara ends at 2026-08-09 06:48:00 AM EDT. Hari Vasara ends after Sooryodaya, at 06:48 AM, but still within Pratah Kala. Therefore Parana cannot start at sunrise and starts at Hari Vasara end (06:48 AM). Pratah Kala ends at 08:55 AM, before Dwadashi ends; therefore Pratah Kala end is the limiting end time. Hence Parana is 06:48 AM to 08:55 AM.",2026-08-07:Navami | 2026-08-08:Ekadashi | 2026-08-09:Dwadashi,2026-08-07:Krittika | 2026-08-08:Rohini | 2026-08-09:Ardra,2026-08-08 04:29:00 AM EDT,2026-08-09 01:34:00 AM EDT,2026-08-09 10:30:00 PM EDT,2026-08-08,06:06 AM,2026-08-08 04:30:00 AM EDT,2026-08-08,,2026-08-08:VALID (start 2026-08-08 04:29:00 AM EDT < Arunodaya 2026-08-08 04:30:00 AM EDT),2026-08-08,06:06 AM,2026-08-08 04:30:00 AM EDT,2026-08-09,Ardra,2026-08-09 06:48:00 AM EDT,2026-08-07,2026-08-09,2026-08-07 | 2026-08-08 | 2026-08-09,3,COMPLETE,,,Normal Ekadashi,NORMAL,Ekadashi began before Arunodaya and has one valid Ekadashi sunrise. No two-day exception is triggered.,2026-08-08:VALID (start 2026-08-08 04:29:00 AM EDT < Arunodaya 2026-08-08 04:30:00 AM EDT),2026-08-08,,2026-08-09,DWADASHI,PRATAH,2026-08-09 06:48:00 AM EDT,2026-08-09 08:54:36 AM EDT,Hari Vasara ends during Pratah; Parana begins after Hari Vasara and ends at Pratah end.
New York,New York,United States,America/New_York,geoname:5128581,5128581,Kamika Ekadashi,2026-08-08,"Kamika Ekadashi - New York. Dashami ends and Ekadashi begins on 2026-08-08 04:29:00 AM EDT. On 08-Aug-26, Sooryodaya is 06:00 AM and Arunodaya is 04:24 AM. Ekadashi is present at sunrise, but it began during Arunodaya, so this sunrise is Dashami Viddha and no Upavaasa is observed on this day. Ekadashi ends on 2026-08-09 01:34:00 AM EDT and does not remain through another sunrise. Ekadashi ends and Dwadashi begins on 2026-08-09 01:34:00 AM EDT. Dwadashi is present at Sooryodaya on 09-Aug-26 (Sooryodaya 06:01 AM). Dwadashi ends and Trayodashi begins on 2026-08-09 10:30:00 PM EDT. Therefore the Upavaasa is observed on 09-Aug-26. For Parana on 10-Aug-26, Sooryodaya is 06:02 AM, Pratah Kala ends at 08:50 AM, Dwadashi ends at 2026-08-09 10:30:00 PM EDT, and Hari Vasara ends at 2026-08-09 06:48:00 AM EDT. Because the Upavaasa itself was observed on Dwadashi, Hari Vasara is not used to delay the Parana start on the following morning. Dwadashi has already ended before Sooryodaya, so Parana starts at Sooryodaya (06:02 AM). Since Dwadashi is already over, the available morning limit is the end of Pratah Kala (08:50 AM). Hence Parana is 06:02 AM to 08:50 AM.",2026-08-07:Navami | 2026-08-08:Ekadashi | 2026-08-09:Dwadashi | 2026-08-10:Trayodashi,2026-08-07:Krittika | 2026-08-08:Rohini | 2026-08-09:Ardra | 2026-08-10:Punarvasu,2026-08-08 04:29:00 AM EDT,2026-08-09 01:34:00 AM EDT,2026-08-09 10:30:00 PM EDT,2026-08-08,06:00 AM,2026-08-08 04:24:00 AM EDT,,2026-08-08,2026-08-08:VIDDHA (Arunodaya 2026-08-08 04:24:00 AM EDT <= start 2026-08-08 04:29:00 AM EDT <= sunrise 2026-08-08 06:00:00 AM EDT),,,,2026-08-09,Ardra,2026-08-09 06:48:00 AM EDT,2026-08-07,2026-08-10,2026-08-07 | 2026-08-08 | 2026-08-09 | 2026-08-10,4,COMPLETE,,,Dashami Viddha Ekadashi,DASHAMI_VIDDHA,"Ekadashi is present at sunrise, but every Ekadashi sunrise is Dashami Viddha; no later valid Ekadashi sunrise occurs. Therefore Upavaasa shifts to Dwadashi and Parana is on the following morning.",2026-08-08:VIDDHA (Arunodaya 2026-08-08 04:24:00 AM EDT <= start 2026-08-08 04:29:00 AM EDT <= sunrise 2026-08-08 06:00:00 AM EDT),2026-08-09,,2026-08-10,POST_DWADASHI_UPAVASA,POST_DWADASHI_FAST_DWADASHI_OVER_BEFORE_SUNRISE,2026-08-10 06:02:00 AM EDT,2026-08-10 08:49:48 AM EDT,Dwadashi ended before Parana-day sunrise; Parana is sunrise to Pratah end.
New Jersey,New Jersey,United States,America/New_York,geoname:5099836,5099836,Kamika Ekadashi,2026-08-08,"Kamika Ekadashi - New Jersey. Dashami ends and Ekadashi begins on 2026-08-08 04:29:00 AM EDT. On 08-Aug-26, Sooryodaya is 06:00 AM and Arunodaya is 04:24 AM. Ekadashi is present at sunrise, but it began during Arunodaya, so this sunrise is Dashami Viddha and no Upavaasa is observed on this day. Ekadashi ends on 2026-08-09 01:34:00 AM EDT and does not remain through another sunrise. Ekadashi ends and Dwadashi begins on 2026-08-09 01:34:00 AM EDT. Dwadashi is present at Sooryodaya on 09-Aug-26 (Sooryodaya 06:01 AM). Dwadashi ends and Trayodashi begins on 2026-08-09 10:30:00 PM EDT. Therefore the Upavaasa is observed on 09-Aug-26. For Parana on 10-Aug-26, Sooryodaya is 06:02 AM, Pratah Kala ends at 08:50 AM, Dwadashi ends at 2026-08-09 10:30:00 PM EDT, and Hari Vasara ends at 2026-08-09 06:48:00 AM EDT. Because the Upavaasa itself was observed on Dwadashi, Hari Vasara is not used to delay the Parana start on the following morning. Dwadashi has already ended before Sooryodaya, so Parana starts at Sooryodaya (06:02 AM). Since Dwadashi is already over, the available morning limit is the end of Pratah Kala (08:50 AM). Hence Parana is 06:02 AM to 08:50 AM.",2026-08-07:Navami | 2026-08-08:Ekadashi | 2026-08-09:Dwadashi | 2026-08-10:Trayodashi,2026-08-07:Krittika | 2026-08-08:Rohini | 2026-08-09:Ardra | 2026-08-10:Punarvasu,2026-08-08 04:29:00 AM EDT,2026-08-09 01:34:00 AM EDT,2026-08-09 10:30:00 PM EDT,2026-08-08,06:00 AM,2026-08-08 04:24:00 AM EDT,,2026-08-08,2026-08-08:VIDDHA (Arunodaya 2026-08-08 04:24:00 AM EDT <= start 2026-08-08 04:29:00 AM EDT <= sunrise 2026-08-08 06:00:00 AM EDT),,,,2026-08-09,Ardra,2026-08-09 06:48:00 AM EDT,2026-08-07,2026-08-10,2026-08-07 | 2026-08-08 | 2026-08-09 | 2026-08-10,4,COMPLETE,,,Dashami Viddha Ekadashi,DASHAMI_VIDDHA,"Ekadashi is present at sunrise, but every Ekadashi sunrise is Dashami Viddha; no later valid Ekadashi sunrise occurs. Therefore Upavaasa shifts to Dwadashi and Parana is on the following morning.",2026-08-08:VIDDHA (Arunodaya 2026-08-08 04:24:00 AM EDT <= start 2026-08-08 04:29:00 AM EDT <= sunrise 2026-08-08 06:00:00 AM EDT),2026-08-09,,2026-08-10,POST_DWADASHI_UPAVASA,POST_DWADASHI_FAST_DWADASHI_OVER_BEFORE_SUNRISE,2026-08-10 06:02:00 AM EDT,2026-08-10 08:49:48 AM EDT,Dwadashi ended before Parana-day sunrise; Parana is sunrise to Pratah end.
Buffalo,New York,United States,America/New_York,geoname:5110629,5110629,Kamika Ekadashi,2026-08-08,"Kamika Ekadashi - Buffalo. Dashami ends and Ekadashi begins on 2026-08-08 04:29:00 AM EDT. On 08-Aug-26, Sooryodaya is 06:14 AM and Arunodaya is 04:38 AM. Ekadashi is present at sunrise and had begun before Arunodaya, so this is a valid Ekadashi sunrise. Ekadashi ends on 2026-08-09 01:34:00 AM EDT and does not remain through another sunrise. Ekadashi ends and Dwadashi begins on 2026-08-09 01:34:00 AM EDT. Dwadashi is present at Sooryodaya on 09-Aug-26 (Sooryodaya 06:15 AM). Dwadashi ends and Trayodashi begins on 2026-08-09 10:30:00 PM EDT. Therefore the Upavaasa is observed on 08-Aug-26. For Parana on 09-Aug-26, Sooryodaya is 06:15 AM, Pratah Kala ends at 09:05 AM, Dwadashi ends at 2026-08-09 10:30:00 PM EDT, and Hari Vasara ends at 2026-08-09 06:48:00 AM EDT. Hari Vasara ends after Sooryodaya, at 06:48 AM, but still within Pratah Kala. Therefore Parana cannot start at sunrise and starts at Hari Vasara end (06:48 AM). Pratah Kala ends at 09:05 AM, before Dwadashi ends; therefore Pratah Kala end is the limiting end time. Hence Parana is 06:48 AM to 09:05 AM.",2026-08-07:Navami | 2026-08-08:Ekadashi | 2026-08-09:Dwadashi,2026-08-07:Krittika | 2026-08-08:Rohini | 2026-08-09:Ardra,2026-08-08 04:29:00 AM EDT,2026-08-09 01:34:00 AM EDT,2026-08-09 10:30:00 PM EDT,2026-08-08,06:14 AM,2026-08-08 04:38:00 AM EDT,2026-08-08,,2026-08-08:VALID (start 2026-08-08 04:29:00 AM EDT < Arunodaya 2026-08-08 04:38:00 AM EDT),2026-08-08,06:14 AM,2026-08-08 04:38:00 AM EDT,2026-08-09,Ardra,2026-08-09 06:48:00 AM EDT,2026-08-07,2026-08-09,2026-08-07 | 2026-08-08 | 2026-08-09,3,COMPLETE,,,Normal Ekadashi,NORMAL,Ekadashi began before Arunodaya and has one valid Ekadashi sunrise. No two-day exception is triggered.,2026-08-08:VALID (start 2026-08-08 04:29:00 AM EDT < Arunodaya 2026-08-08 04:38:00 AM EDT),2026-08-08,,2026-08-09,DWADASHI,PRATAH,2026-08-09 06:48:00 AM EDT,2026-08-09 09:05:12 AM EDT,Hari Vasara ends during Pratah; Parana begins after Hari Vasara and ends at Pratah end.
Cleveland,Ohio,United States,America/New_York,geoname:5150529,5150529,Kamika Ekadashi,2026-08-08,"Kamika Ekadashi - Cleveland. Dashami ends and Ekadashi begins on 2026-08-08 04:29:00 AM EDT. On 08-Aug-26, Sooryodaya is 06:29 AM and Arunodaya is 04:53 AM. Ekadashi is present at sunrise and had begun before Arunodaya, so this is a valid Ekadashi sunrise. Ekadashi ends on 2026-08-09 01:34:00 AM EDT and does not remain through another sunrise. Ekadashi ends and Dwadashi begins on 2026-08-09 01:34:00 AM EDT. Dwadashi is present at Sooryodaya on 09-Aug-26 (Sooryodaya 06:30 AM). Dwadashi ends and Trayodashi begins on 2026-08-09 10:30:00 PM EDT. Therefore the Upavaasa is observed on 08-Aug-26. For Parana on 09-Aug-26, Sooryodaya is 06:30 AM, Pratah Kala ends at 09:19 AM, Dwadashi ends at 2026-08-09 10:30:00 PM EDT, and Hari Vasara ends at 2026-08-09 06:48:00 AM EDT. Hari Vasara ends after Sooryodaya, at 06:48 AM, but still within Pratah Kala. Therefore Parana cannot start at sunrise and starts at Hari Vasara end (06:48 AM). Pratah Kala ends at 09:19 AM, before Dwadashi ends; therefore Pratah Kala end is the limiting end time. Hence Parana is 06:48 AM to 09:19 AM.",2026-08-07:Navami | 2026-08-08:Ekadashi | 2026-08-09:Dwadashi,2026-08-07:Krittika | 2026-08-08:Rohini | 2026-08-09:Ardra,2026-08-08 04:29:00 AM EDT,2026-08-09 01:34:00 AM EDT,2026-08-09 10:30:00 PM EDT,2026-08-08,06:29 AM,2026-08-08 04:53:00 AM EDT,2026-08-08,,2026-08-08:VALID (start 2026-08-08 04:29:00 AM EDT < Arunodaya 2026-08-08 04:53:00 AM EDT),2026-08-08,06:29 AM,2026-08-08 04:53:00 AM EDT,2026-08-09,Ardra,2026-08-09 06:48:00 AM EDT,2026-08-07,2026-08-09,2026-08-07 | 2026-08-08 | 2026-08-09,3,COMPLETE,,,Normal Ekadashi,NORMAL,Ekadashi began before Arunodaya and has one valid Ekadashi sunrise. No two-day exception is triggered.,2026-08-08:VALID (start 2026-08-08 04:29:00 AM EDT < Arunodaya 2026-08-08 04:53:00 AM EDT),2026-08-08,,2026-08-09,DWADASHI,PRATAH,2026-08-09 06:48:00 AM EDT,2026-08-09 09:18:48 AM EDT,Hari Vasara ends during Pratah; Parana begins after Hari Vasara and ends at Pratah end.
Columbus,Ohio,United States,America/New_York,geoname:4509177,4509177,Kamika Ekadashi,2026-08-08,"Kamika Ekadashi - Columbus. Dashami ends and Ekadashi begins on 2026-08-08 04:29:00 AM EDT. On 08-Aug-26, Sooryodaya is 06:37 AM and Arunodaya is 05:01 AM. Ekadashi is present at sunrise and had begun before Arunodaya, so this is a valid Ekadashi sunrise. Ekadashi ends on 2026-08-09 01:34:00 AM EDT and does not remain through another sunrise. Ekadashi ends and Dwadashi begins on 2026-08-09 01:34:00 AM EDT. Dwadashi is present at Sooryodaya on 09-Aug-26 (Sooryodaya 06:38 AM). Dwadashi ends and Trayodashi begins on 2026-08-09 10:30:00 PM EDT. Therefore the Upavaasa is observed on 08-Aug-26. For Parana on 09-Aug-26, Sooryodaya is 06:38 AM, Pratah Kala ends at 09:26 AM, Dwadashi ends at 2026-08-09 10:30:00 PM EDT, and Hari Vasara ends at 2026-08-09 06:48:00 AM EDT. Hari Vasara ends after Sooryodaya, at 06:48 AM, but still within Pratah Kala. Therefore Parana cannot start at sunrise and starts at Hari Vasara end (06:48 AM). Pratah Kala ends at 09:26 AM, before Dwadashi ends; therefore Pratah Kala end is the limiting end time. Hence Parana is 06:48 AM to 09:26 AM.",2026-08-07:Navami | 2026-08-08:Ekadashi | 2026-08-09:Dwadashi,2026-08-07:Krittika | 2026-08-08:Rohini | 2026-08-09:Ardra,2026-08-08 04:29:00 AM EDT,2026-08-09 01:34:00 AM EDT,2026-08-09 10:30:00 PM EDT,2026-08-08,06:37 AM,2026-08-08 05:01:00 AM EDT,2026-08-08,,2026-08-08:VALID (start 2026-08-08 04:29:00 AM EDT < Arunodaya 2026-08-08 05:01:00 AM EDT),2026-08-08,06:37 AM,2026-08-08 05:01:00 AM EDT,2026-08-09,Ardra,2026-08-09 06:48:00 AM EDT,2026-08-07,2026-08-09,2026-08-07 | 2026-08-08 | 2026-08-09,3,COMPLETE,,,Normal Ekadashi,NORMAL,Ekadashi began before Arunodaya and has one valid Ekadashi sunrise. No two-day exception is triggered.,2026-08-08:VALID (start 2026-08-08 04:29:00 AM EDT < Arunodaya 2026-08-08 05:01:00 AM EDT),2026-08-08,,2026-08-09,DWADASHI,PRATAH,2026-08-09 06:48:00 AM EDT,2026-08-09 09:25:36 AM EDT,Hari Vasara ends during Pratah; Parana begins after Hari Vasara and ends at Pratah end.
Cincinnati,Ohio,United States,America/New_York,geoname:4508722,4508722,Kamika Ekadashi,2026-08-08,"Kamika Ekadashi - Cincinnati. Dashami ends and Ekadashi begins on 2026-08-08 04:29:00 AM EDT. On 08-Aug-26, Sooryodaya is 06:45 AM and Arunodaya is 05:09 AM. Ekadashi is present at sunrise and had begun before Arunodaya, so this is a valid Ekadashi sunrise. Ekadashi ends on 2026-08-09 01:34:00 AM EDT and does not remain through another sunrise. Ekadashi ends and Dwadashi begins on 2026-08-09 01:34:00 AM EDT. Dwadashi is present at Sooryodaya on 09-Aug-26 (Sooryodaya 06:46 AM). Dwadashi ends and Trayodashi begins on 2026-08-09 10:30:00 PM EDT. Therefore the Upavaasa is observed on 08-Aug-26. For Parana on 09-Aug-26, Sooryodaya is 06:46 AM, Pratah Kala ends at 09:33 AM, Dwadashi ends at 2026-08-09 10:30:00 PM EDT, and Hari Vasara ends at 2026-08-09 06:48:00 AM EDT. Hari Vasara ends after Sooryodaya, at 06:48 AM, but still within Pratah Kala. Therefore Parana cannot start at sunrise and starts at Hari Vasara end (06:48 AM). Pratah Kala ends at 09:33 AM, before Dwadashi ends; therefore Pratah Kala end is the limiting end time. Hence Parana is 06:48 AM to 09:33 AM.",2026-08-07:Navami | 2026-08-08:Ekadashi | 2026-08-09:Dwadashi,2026-08-07:Krittika | 2026-08-08:Rohini | 2026-08-09:Ardra,2026-08-08 04:29:00 AM EDT,2026-08-09 01:34:00 AM EDT,2026-08-09 10:30:00 PM EDT,2026-08-08,06:45 AM,2026-08-08 05:09:00 AM EDT,2026-08-08,,2026-08-08:VALID (start 2026-08-08 04:29:00 AM EDT < Arunodaya 2026-08-08 05:09:00 AM EDT),2026-08-08,06:45 AM,2026-08-08 05:09:00 AM EDT,2026-08-09,Ardra,2026-08-09 06:48:00 AM EDT,2026-08-07,2026-08-09,2026-08-07 | 2026-08-08 | 2026-08-09,3,COMPLETE,,,Normal Ekadashi,NORMAL,Ekadashi began before Arunodaya and has one valid Ekadashi sunrise. No two-day exception is triggered.,2026-08-08:VALID (start 2026-08-08 04:29:00 AM EDT < Arunodaya 2026-08-08 05:09:00 AM EDT),2026-08-08,,2026-08-09,DWADASHI,PRATAH,2026-08-09 06:48:00 AM EDT,2026-08-09 09:33:00 AM EDT,Hari Vasara ends during Pratah; Parana begins after Hari Vasara and ends at Pratah end.
Knoxville,Tennessee,United States,America/New_York,geoname:4634946,4634946,Kamika Ekadashi,2026-08-08,"Kamika Ekadashi - Knoxville. Dashami ends and Ekadashi begins on 2026-08-08 04:29:00 AM EDT. On 08-Aug-26, Sooryodaya is 06:49 AM and Arunodaya is 05:13 AM. Ekadashi is present at sunrise and had begun before Arunodaya, so this is a valid Ekadashi sunrise. Ekadashi ends on 2026-08-09 01:34:00 AM EDT and does not remain through another sunrise. Ekadashi ends and Dwadashi begins on 2026-08-09 01:34:00 AM EDT. Dwadashi is present at Sooryodaya on 09-Aug-26 (Sooryodaya 06:50 AM). Dwadashi ends and Trayodashi begins on 2026-08-09 10:30:00 PM EDT. Therefore the Upavaasa is observed on 08-Aug-26. For Parana on 09-Aug-26, Sooryodaya is 06:50 AM, Pratah Kala ends at 09:34 AM, Dwadashi ends at 2026-08-09 10:30:00 PM EDT, and Hari Vasara ends at 2026-08-09 06:48:00 AM EDT. Hari Vasara ends before Sooryodaya, so there is no Hari-Vasara delay; Parana starts at Sooryodaya (06:50 AM). Pratah Kala ends at 09:34 AM, before Dwadashi ends; therefore Pratah Kala end is the limiting end time. Hence Parana is 06:50 AM to 09:34 AM.",2026-08-07:Navami | 2026-08-08:Ekadashi | 2026-08-09:Dwadashi,2026-08-07:Krittika | 2026-08-08:Rohini | 2026-08-09:Ardra,2026-08-08 04:29:00 AM EDT,2026-08-09 01:34:00 AM EDT,2026-08-09 10:30:00 PM EDT,2026-08-08,06:49 AM,2026-08-08 05:13:00 AM EDT,2026-08-08,,2026-08-08:VALID (start 2026-08-08 04:29:00 AM EDT < Arunodaya 2026-08-08 05:13:00 AM EDT),2026-08-08,06:49 AM,2026-08-08 05:13:00 AM EDT,2026-08-09,Ardra,2026-08-09 06:48:00 AM EDT,2026-08-07,2026-08-09,2026-08-07 | 2026-08-08 | 2026-08-09,3,COMPLETE,,,Normal Ekadashi,NORMAL,Ekadashi began before Arunodaya and has one valid Ekadashi sunrise. No two-day exception is triggered.,2026-08-08:VALID (start 2026-08-08 04:29:00 AM EDT < Arunodaya 2026-08-08 05:13:00 AM EDT),2026-08-08,,2026-08-09,DWADASHI,PRATAH,2026-08-09 06:50:00 AM EDT,2026-08-09 09:34:24 AM EDT,Hari Vasara ended before Parana-day sunrise; Parana is sunrise to Pratah end.
Nashville,Tennessee,United States,America/Chicago,geoname:4644585,4644585,Kamika Ekadashi,2026-08-08,"Kamika Ekadashi - Nashville. Dashami ends and Ekadashi begins on 2026-08-08 03:29:00 AM CDT. On 08-Aug-26, Sooryodaya is 06:00 AM and Arunodaya is 04:24 AM. Ekadashi is present at sunrise and had begun before Arunodaya, so this is a valid Ekadashi sunrise. Ekadashi ends on 2026-08-09 12:34:00 AM CDT and does not remain through another sunrise. Ekadashi ends and Dwadashi begins on 2026-08-09 12:34:00 AM CDT. Dwadashi is present at Sooryodaya on 09-Aug-26 (Sooryodaya 06:01 AM). Dwadashi ends and Trayodashi begins on 2026-08-09 09:30:00 PM CDT. Therefore the Upavaasa is observed on 08-Aug-26. For Parana on 09-Aug-26, Sooryodaya is 06:01 AM, Pratah Kala ends at 08:46 AM, Dwadashi ends at 2026-08-09 09:30:00 PM CDT, and Hari Vasara ends at 2026-08-09 05:48:00 AM CDT. Hari Vasara ends before Sooryodaya, so there is no Hari-Vasara delay; Parana starts at Sooryodaya (06:01 AM). Pratah Kala ends at 08:46 AM, before Dwadashi ends; therefore Pratah Kala end is the limiting end time. Hence Parana is 06:01 AM to 08:46 AM.",2026-08-07:Navami | 2026-08-08:Ekadashi | 2026-08-09:Dwadashi,2026-08-07:Krittika | 2026-08-08:Rohini | 2026-08-09:Ardra,2026-08-08 03:29:00 AM CDT,2026-08-09 12:34:00 AM CDT,2026-08-09 09:30:00 PM CDT,2026-08-08,06:00 AM,2026-08-08 04:24:00 AM CDT,2026-08-08,,2026-08-08:VALID (start 2026-08-08 03:29:00 AM CDT < Arunodaya 2026-08-08 04:24:00 AM CDT),2026-08-08,06:00 AM,2026-08-08 04:24:00 AM CDT,2026-08-09,Ardra,2026-08-09 05:48:00 AM CDT,2026-08-07,2026-08-09,2026-08-07 | 2026-08-08 | 2026-08-09,3,COMPLETE,,,Normal Ekadashi,NORMAL,Ekadashi began before Arunodaya and has one valid Ekadashi sunrise. No two-day exception is triggered.,2026-08-08:VALID (start 2026-08-08 03:29:00 AM CDT < Arunodaya 2026-08-08 04:24:00 AM CDT),2026-08-08,,2026-08-09,DWADASHI,PRATAH,2026-08-09 06:01:00 AM CDT,2026-08-09 08:45:36 AM CDT,Hari Vasara ended before Parana-day sunrise; Parana is sunrise to Pratah end.
Placentia,California,United States,America/Los_Angeles,geoname:5383527,5383527,Kamika Ekadashi,2026-08-08,"Kamika Ekadashi - Placentia. Dashami ends and Ekadashi begins on 2026-08-08 01:29:00 AM PDT. On 08-Aug-26, Sooryodaya is 06:08 AM and Arunodaya is 04:32 AM. Ekadashi is present at sunrise and had begun before Arunodaya, so this is a valid Ekadashi sunrise. Ekadashi ends on 2026-08-08 10:34:00 PM PDT and does not remain through another sunrise. Ekadashi ends and Dwadashi begins on 2026-08-08 10:34:00 PM PDT. Dwadashi is present at Sooryodaya on 09-Aug-26 (Sooryodaya 06:09 AM). Dwadashi ends and Trayodashi begins on 2026-08-09 07:30:00 PM PDT. Therefore the Upavaasa is observed on 08-Aug-26. For Parana on 09-Aug-26, Sooryodaya is 06:09 AM, Pratah Kala ends at 08:52 AM, Dwadashi ends at 2026-08-09 07:30:00 PM PDT, and Hari Vasara ends at 2026-08-09 03:48:00 AM PDT. Hari Vasara ends before Sooryodaya, so there is no Hari-Vasara delay; Parana starts at Sooryodaya (06:09 AM). Pratah Kala ends at 08:52 AM, before Dwadashi ends; therefore Pratah Kala end is the limiting end time. Hence Parana is 06:09 AM to 08:52 AM.",2026-08-07:Dashami | 2026-08-08:Ekadashi | 2026-08-09:Dwadashi,2026-08-07:Krittika | 2026-08-08:Mrigashirsha | 2026-08-09:Ardra,2026-08-08 01:29:00 AM PDT,2026-08-08 10:34:00 PM PDT,2026-08-09 07:30:00 PM PDT,2026-08-08,06:08 AM,2026-08-08 04:32:00 AM PDT,2026-08-08,,2026-08-08:VALID (start 2026-08-08 01:29:00 AM PDT < Arunodaya 2026-08-08 04:32:00 AM PDT),2026-08-08,06:08 AM,2026-08-08 04:32:00 AM PDT,2026-08-09,Ardra,2026-08-09 03:48:00 AM PDT,2026-08-07,2026-08-09,2026-08-07 | 2026-08-08 | 2026-08-09,3,COMPLETE,,,Normal Ekadashi,NORMAL,Ekadashi began before Arunodaya and has one valid Ekadashi sunrise. No two-day exception is triggered.,2026-08-08:VALID (start 2026-08-08 01:29:00 AM PDT < Arunodaya 2026-08-08 04:32:00 AM PDT),2026-08-08,,2026-08-09,DWADASHI,PRATAH,2026-08-09 06:09:00 AM PDT,2026-08-09 08:52:00 AM PDT,Hari Vasara ended before Parana-day sunrise; Parana is sunrise to Pratah end.
Atlanta,Georgia,United States,America/New_York,geoname:4180439,4180439,Kamika Ekadashi,2026-08-08,"Kamika Ekadashi - Atlanta. Dashami ends and Ekadashi begins on 2026-08-08 04:29:00 AM EDT. On 08-Aug-26, Sooryodaya is 06:55 AM and Arunodaya is 05:19 AM. Ekadashi is present at sunrise and had begun before Arunodaya, so this is a valid Ekadashi sunrise. Ekadashi ends on 2026-08-09 01:34:00 AM EDT and does not remain through another sunrise. Ekadashi ends and Dwadashi begins on 2026-08-09 01:34:00 AM EDT. Dwadashi is present at Sooryodaya on 09-Aug-26 (Sooryodaya 06:55 AM). Dwadashi ends and Trayodashi begins on 2026-08-09 10:30:00 PM EDT. Therefore the Upavaasa is observed on 08-Aug-26. For Parana on 09-Aug-26, Sooryodaya is 06:55 AM, Pratah Kala ends at 09:38 AM, Dwadashi ends at 2026-08-09 10:30:00 PM EDT, and Hari Vasara ends at 2026-08-09 06:48:00 AM EDT. Hari Vasara ends before Sooryodaya, so there is no Hari-Vasara delay; Parana starts at Sooryodaya (06:55 AM). Pratah Kala ends at 09:38 AM, before Dwadashi ends; therefore Pratah Kala end is the limiting end time. Hence Parana is 06:55 AM to 09:38 AM.",2026-08-07:Navami | 2026-08-08:Ekadashi | 2026-08-09:Dwadashi,2026-08-07:Krittika | 2026-08-08:Rohini | 2026-08-09:Ardra,2026-08-08 04:29:00 AM EDT,2026-08-09 01:34:00 AM EDT,2026-08-09 10:30:00 PM EDT,2026-08-08,06:55 AM,2026-08-08 05:19:00 AM EDT,2026-08-08,,2026-08-08:VALID (start 2026-08-08 04:29:00 AM EDT < Arunodaya 2026-08-08 05:19:00 AM EDT),2026-08-08,06:55 AM,2026-08-08 05:19:00 AM EDT,2026-08-09,Ardra,2026-08-09 06:48:00 AM EDT,2026-08-07,2026-08-09,2026-08-07 | 2026-08-08 | 2026-08-09,3,COMPLETE,,,Normal Ekadashi,NORMAL,Ekadashi began before Arunodaya and has one valid Ekadashi sunrise. No two-day exception is triggered.,2026-08-08:VALID (start 2026-08-08 04:29:00 AM EDT < Arunodaya 2026-08-08 05:19:00 AM EDT),2026-08-08,,2026-08-09,DWADASHI,PRATAH,2026-08-09 06:55:00 AM EDT,2026-08-09 09:38:00 AM EDT,Hari Vasara ended before Parana-day sunrise; Parana is sunrise to Pratah end.
Chennai,Tamil Nadu,India,Asia/Kolkata,geoname:1264527,1264527,Kamika Ekadashi,2026-08-08,"Kamika Ekadashi - Chennai. Dashami ends and Ekadashi begins on 2026-08-08 01:59:00 PM IST. On 09-Aug-26, Sooryodaya is 05:56 AM and Arunodaya is 04:20 AM. Ekadashi is present at sunrise and had begun before Arunodaya, so this is a valid Ekadashi sunrise. Ekadashi ends on 2026-08-09 11:04:00 AM IST and does not remain through another sunrise. Ekadashi ends and Dwadashi begins on 2026-08-09 11:04:00 AM IST. Dwadashi is present at Sooryodaya on 10-Aug-26 (Sooryodaya 05:56 AM). Dwadashi ends and Trayodashi begins on 2026-08-10 08:00:00 AM IST. Therefore the Upavaasa is observed on 09-Aug-26. For Parana on 10-Aug-26, Sooryodaya is 05:56 AM, Pratah Kala ends at 08:27 AM, Dwadashi ends at 2026-08-10 08:00:00 AM IST, and Hari Vasara ends at 2026-08-09 04:18:00 PM IST. Hari Vasara ends before Sooryodaya, so there is no Hari-Vasara delay; Parana starts at Sooryodaya (05:56 AM). Dwadashi ends at 08:00 AM, before Pratah Kala ends at 08:27 AM; therefore Dwadashi end is the limiting end time. Hence Parana is 05:56 AM to 08:00 AM.",2026-08-08:Dashami | 2026-08-09:Ekadashi | 2026-08-10:Dwadashi,2026-08-08:Rohini | 2026-08-09:Mrigashirsha | 2026-08-10:Ardra,2026-08-08 01:59:00 PM IST,2026-08-09 11:04:00 AM IST,2026-08-10 08:00:00 AM IST,2026-08-09,05:56 AM,2026-08-09 04:20:00 AM IST,2026-08-09,,2026-08-09:VALID (start 2026-08-08 01:59:00 PM IST < Arunodaya 2026-08-09 04:20:00 AM IST),2026-08-09,05:56 AM,2026-08-09 04:20:00 AM IST,2026-08-10,Ardra,2026-08-09 04:18:00 PM IST,2026-08-08,2026-08-10,2026-08-08 | 2026-08-09 | 2026-08-10,3,COMPLETE,,,Normal Ekadashi,NORMAL,Ekadashi began before Arunodaya and has one valid Ekadashi sunrise. No two-day exception is triggered.,2026-08-09:VALID (start 2026-08-08 01:59:00 PM IST < Arunodaya 2026-08-09 04:20:00 AM IST),2026-08-09,,2026-08-10,DWADASHI,PRATAH,2026-08-10 05:56:00 AM IST,2026-08-10 08:00:00 AM IST,Hari Vasara ended before Parana-day sunrise; Parana is sunrise to Pratah end.
Thiruvananthapuram,Kerala,India,Asia/Kolkata,geoname:1254163,1254163,Kamika Ekadashi,2026-08-08,"Kamika Ekadashi - Thiruvananthapuram. Dashami ends and Ekadashi begins on 2026-08-08 01:59:00 PM IST. On 09-Aug-26, Sooryodaya is 06:15 AM and Arunodaya is 04:39 AM. Ekadashi is present at sunrise and had begun before Arunodaya, so this is a valid Ekadashi sunrise. Ekadashi ends on 2026-08-09 11:04:00 AM IST and does not remain through another sunrise. Ekadashi ends and Dwadashi begins on 2026-08-09 11:04:00 AM IST. Dwadashi is present at Sooryodaya on 10-Aug-26 (Sooryodaya 06:15 AM). Dwadashi ends and Trayodashi begins on 2026-08-10 08:00:00 AM IST. Therefore the Upavaasa is observed on 09-Aug-26. For Parana on 10-Aug-26, Sooryodaya is 06:15 AM, Pratah Kala ends at 08:44 AM, Dwadashi ends at 2026-08-10 08:00:00 AM IST, and Hari Vasara ends at 2026-08-09 04:18:00 PM IST. Hari Vasara ends before Sooryodaya, so there is no Hari-Vasara delay; Parana starts at Sooryodaya (06:15 AM). Dwadashi ends at 08:00 AM, before Pratah Kala ends at 08:44 AM; therefore Dwadashi end is the limiting end time. Hence Parana is 06:15 AM to 08:00 AM.",2026-08-08:Dashami | 2026-08-09:Ekadashi | 2026-08-10:Dwadashi,2026-08-08:Rohini | 2026-08-09:Mrigashirsha | 2026-08-10:Ardra,2026-08-08 01:59:00 PM IST,2026-08-09 11:04:00 AM IST,2026-08-10 08:00:00 AM IST,2026-08-09,06:15 AM,2026-08-09 04:39:00 AM IST,2026-08-09,,2026-08-09:VALID (start 2026-08-08 01:59:00 PM IST < Arunodaya 2026-08-09 04:39:00 AM IST),2026-08-09,06:15 AM,2026-08-09 04:39:00 AM IST,2026-08-10,Ardra,2026-08-09 04:18:00 PM IST,2026-08-08,2026-08-10,2026-08-08 | 2026-08-09 | 2026-08-10,3,COMPLETE,,,Normal Ekadashi,NORMAL,Ekadashi began before Arunodaya and has one valid Ekadashi sunrise. No two-day exception is triggered.,2026-08-09:VALID (start 2026-08-08 01:59:00 PM IST < Arunodaya 2026-08-09 04:39:00 AM IST),2026-08-09,,2026-08-10,DWADASHI,PRATAH,2026-08-10 06:15:00 AM IST,2026-08-10 08:00:00 AM IST,Hari Vasara ended before Parana-day sunrise; Parana is sunrise to Pratah end.
Mumbai,Maharashtra,India,Asia/Kolkata,geoname:1275339,1275339,Kamika Ekadashi,2026-08-08,"Kamika Ekadashi - Mumbai. Dashami ends and Ekadashi begins on 2026-08-08 01:59:00 PM IST. On 09-Aug-26, Sooryodaya is 06:18 AM and Arunodaya is 04:42 AM. Ekadashi is present at sunrise and had begun before Arunodaya, so this is a valid Ekadashi sunrise. Ekadashi ends on 2026-08-09 11:04:00 AM IST and does not remain through another sunrise. Ekadashi ends and Dwadashi begins on 2026-08-09 11:04:00 AM IST. Dwadashi is present at Sooryodaya on 10-Aug-26 (Sooryodaya 06:18 AM). Dwadashi ends and Trayodashi begins on 2026-08-10 08:00:00 AM IST. Therefore the Upavaasa is observed on 09-Aug-26. For Parana on 10-Aug-26, Sooryodaya is 06:18 AM, Pratah Kala ends at 08:52 AM, Dwadashi ends at 2026-08-10 08:00:00 AM IST, and Hari Vasara ends at 2026-08-09 04:18:00 PM IST. Hari Vasara ends before Sooryodaya, so there is no Hari-Vasara delay; Parana starts at Sooryodaya (06:18 AM). Dwadashi ends at 08:00 AM, before Pratah Kala ends at 08:52 AM; therefore Dwadashi end is the limiting end time. Hence Parana is 06:18 AM to 08:00 AM.",2026-08-08:Dashami | 2026-08-09:Ekadashi | 2026-08-10:Dwadashi,2026-08-08:Rohini | 2026-08-09:Mrigashirsha | 2026-08-10:Ardra,2026-08-08 01:59:00 PM IST,2026-08-09 11:04:00 AM IST,2026-08-10 08:00:00 AM IST,2026-08-09,06:18 AM,2026-08-09 04:42:00 AM IST,2026-08-09,,2026-08-09:VALID (start 2026-08-08 01:59:00 PM IST < Arunodaya 2026-08-09 04:42:00 AM IST),2026-08-09,06:18 AM,2026-08-09 04:42:00 AM IST,2026-08-10,Ardra,2026-08-09 04:18:00 PM IST,2026-08-08,2026-08-10,2026-08-08 | 2026-08-09 | 2026-08-10,3,COMPLETE,,,Normal Ekadashi,NORMAL,Ekadashi began before Arunodaya and has one valid Ekadashi sunrise. No two-day exception is triggered.,2026-08-09:VALID (start 2026-08-08 01:59:00 PM IST < Arunodaya 2026-08-09 04:42:00 AM IST),2026-08-09,,2026-08-10,DWADASHI,PRATAH,2026-08-10 06:18:00 AM IST,2026-08-10 08:00:00 AM IST,Hari Vasara ended before Parana-day sunrise; Parana is sunrise to Pratah end.
Kolkata,West Bengal,India,Asia/Kolkata,geoname:1275004,1275004,Kamika Ekadashi,2026-08-08,"Kamika Ekadashi - Kolkata. Dashami ends and Ekadashi begins on 2026-08-08 01:59:00 PM IST. On 09-Aug-26, Sooryodaya is 05:11 AM and Arunodaya is 03:35 AM. Ekadashi is present at sunrise and had begun before Arunodaya, so this is a valid Ekadashi sunrise. Ekadashi ends on 2026-08-09 11:04:00 AM IST and does not remain through another sunrise. Ekadashi ends and Dwadashi begins on 2026-08-09 11:04:00 AM IST. Dwadashi is present at Sooryodaya on 10-Aug-26 (Sooryodaya 05:12 AM). Dwadashi ends and Trayodashi begins on 2026-08-10 08:00:00 AM IST. Therefore the Upavaasa is observed on 09-Aug-26. For Parana on 10-Aug-26, Sooryodaya is 05:12 AM, Pratah Kala ends at 07:48 AM, Dwadashi ends at 2026-08-10 08:00:00 AM IST, and Hari Vasara ends at 2026-08-09 04:18:00 PM IST. Hari Vasara ends before Sooryodaya, so there is no Hari-Vasara delay; Parana starts at Sooryodaya (05:12 AM). Pratah Kala ends at 07:48 AM, before Dwadashi ends; therefore Pratah Kala end is the limiting end time. Hence Parana is 05:12 AM to 07:48 AM.",2026-08-08:Dashami | 2026-08-09:Ekadashi | 2026-08-10:Dwadashi,2026-08-08:Rohini | 2026-08-09:Mrigashirsha | 2026-08-10:Ardra,2026-08-08 01:59:00 PM IST,2026-08-09 11:04:00 AM IST,2026-08-10 08:00:00 AM IST,2026-08-09,05:11 AM,2026-08-09 03:35:00 AM IST,2026-08-09,,2026-08-09:VALID (start 2026-08-08 01:59:00 PM IST < Arunodaya 2026-08-09 03:35:00 AM IST),2026-08-09,05:11 AM,2026-08-09 03:35:00 AM IST,2026-08-10,Ardra,2026-08-09 04:18:00 PM IST,2026-08-08,2026-08-10,2026-08-08 | 2026-08-09 | 2026-08-10,3,COMPLETE,,,Normal Ekadashi,NORMAL,Ekadashi began before Arunodaya and has one valid Ekadashi sunrise. No two-day exception is triggered.,2026-08-09:VALID (start 2026-08-08 01:59:00 PM IST < Arunodaya 2026-08-09 03:35:00 AM IST),2026-08-09,,2026-08-10,DWADASHI,PRATAH,2026-08-10 05:12:00 AM IST,2026-08-10 07:48:00 AM IST,Hari Vasara ended before Parana-day sunrise; Parana is sunrise to Pratah end.
Bhubaneswar,Odisha,India,Asia/Kolkata,geoname:1275817,1275817,Kamika Ekadashi,2026-08-08,"Kamika Ekadashi - Bhubaneswar. Dashami ends and Ekadashi begins on 2026-08-08 01:59:00 PM IST. On 09-Aug-26, Sooryodaya is 05:24 AM and Arunodaya is 03:48 AM. Ekadashi is present at sunrise and had begun before Arunodaya, so this is a valid Ekadashi sunrise. Ekadashi ends on 2026-08-09 11:04:00 AM IST and does not remain through another sunrise. Ekadashi ends and Dwadashi begins on 2026-08-09 11:04:00 AM IST. Dwadashi is present at Sooryodaya on 10-Aug-26 (Sooryodaya 05:25 AM). Dwadashi ends and Trayodashi begins on 2026-08-10 08:00:00 AM IST. Therefore the Upavaasa is observed on 09-Aug-26. For Parana on 10-Aug-26, Sooryodaya is 05:25 AM, Pratah Kala ends at 08:00 AM, Dwadashi ends at 2026-08-10 08:00:00 AM IST, and Hari Vasara ends at 2026-08-09 04:18:00 PM IST. Hari Vasara ends before Sooryodaya, so there is no Hari-Vasara delay; Parana starts at Sooryodaya (05:25 AM). Pratah Kala ends at 08:00 AM, before Dwadashi ends; therefore Pratah Kala end is the limiting end time. Hence Parana is 05:25 AM to 08:00 AM.",2026-08-08:Dashami | 2026-08-09:Ekadashi | 2026-08-10:Dwadashi,2026-08-08:Rohini | 2026-08-09:Mrigashirsha | 2026-08-10:Ardra,2026-08-08 01:59:00 PM IST,2026-08-09 11:04:00 AM IST,2026-08-10 08:00:00 AM IST,2026-08-09,05:24 AM,2026-08-09 03:48:00 AM IST,2026-08-09,,2026-08-09:VALID (start 2026-08-08 01:59:00 PM IST < Arunodaya 2026-08-09 03:48:00 AM IST),2026-08-09,05:24 AM,2026-08-09 03:48:00 AM IST,2026-08-10,Ardra,2026-08-09 04:18:00 PM IST,2026-08-08,2026-08-10,2026-08-08 | 2026-08-09 | 2026-08-10,3,COMPLETE,,,Normal Ekadashi,NORMAL,Ekadashi began before Arunodaya and has one valid Ekadashi sunrise. No two-day exception is triggered.,2026-08-09:VALID (start 2026-08-08 01:59:00 PM IST < Arunodaya 2026-08-09 03:48:00 AM IST),2026-08-09,,2026-08-10,DWADASHI,PRATAH,2026-08-10 05:25:00 AM IST,2026-08-10 07:59:48 AM IST,Hari Vasara ended before Parana-day sunrise; Parana is sunrise to Pratah end.
Tirupati,Andhra Pradesh,India,Asia/Kolkata,geoname:1254360,1254360,Kamika Ekadashi,2026-08-08,"Kamika Ekadashi - Tirupati. Dashami ends and Ekadashi begins on 2026-08-08 01:59:00 PM IST. On 09-Aug-26, Sooryodaya is 05:58 AM and Arunodaya is 04:22 AM. Ekadashi is present at sunrise and had begun before Arunodaya, so this is a valid Ekadashi sunrise. Ekadashi ends on 2026-08-09 11:04:00 AM IST and does not remain through another sunrise. Ekadashi ends and Dwadashi begins on 2026-08-09 11:04:00 AM IST. Dwadashi is present at Sooryodaya on 10-Aug-26 (Sooryodaya 05:59 AM). Dwadashi ends and Trayodashi begins on 2026-08-10 08:00:00 AM IST. Therefore the Upavaasa is observed on 09-Aug-26. For Parana on 10-Aug-26, Sooryodaya is 05:59 AM, Pratah Kala ends at 08:31 AM, Dwadashi ends at 2026-08-10 08:00:00 AM IST, and Hari Vasara ends at 2026-08-09 04:18:00 PM IST. Hari Vasara ends before Sooryodaya, so there is no Hari-Vasara delay; Parana starts at Sooryodaya (05:59 AM). Dwadashi ends at 08:00 AM, before Pratah Kala ends at 08:31 AM; therefore Dwadashi end is the limiting end time. Hence Parana is 05:59 AM to 08:00 AM.",2026-08-08:Dashami | 2026-08-09:Ekadashi | 2026-08-10:Dwadashi,2026-08-08:Rohini | 2026-08-09:Mrigashirsha | 2026-08-10:Ardra,2026-08-08 01:59:00 PM IST,2026-08-09 11:04:00 AM IST,2026-08-10 08:00:00 AM IST,2026-08-09,05:58 AM,2026-08-09 04:22:00 AM IST,2026-08-09,,2026-08-09:VALID (start 2026-08-08 01:59:00 PM IST < Arunodaya 2026-08-09 04:22:00 AM IST),2026-08-09,05:58 AM,2026-08-09 04:22:00 AM IST,2026-08-10,Ardra,2026-08-09 04:18:00 PM IST,2026-08-08,2026-08-10,2026-08-08 | 2026-08-09 | 2026-08-10,3,COMPLETE,,,Normal Ekadashi,NORMAL,Ekadashi began before Arunodaya and has one valid Ekadashi sunrise. No two-day exception is triggered.,2026-08-09:VALID (start 2026-08-08 01:59:00 PM IST < Arunodaya 2026-08-09 04:22:00 AM IST),2026-08-09,,2026-08-10,DWADASHI,PRATAH,2026-08-10 05:59:00 AM IST,2026-08-10 08:00:00 AM IST,Hari Vasara ended before Parana-day sunrise; Parana is sunrise to Pratah end.
Bhopal,Madhya Pradesh,India,Asia/Kolkata,geoname:1275841,1275841,Kamika Ekadashi,2026-08-08,"Kamika Ekadashi - Bhopal. Dashami ends and Ekadashi begins on 2026-08-08 01:59:00 PM IST. On 09-Aug-26, Sooryodaya is 05:54 AM and Arunodaya is 04:18 AM. Ekadashi is present at sunrise and had begun before Arunodaya, so this is a valid Ekadashi sunrise. Ekadashi ends on 2026-08-09 11:04:00 AM IST and does not remain through another sunrise. Ekadashi ends and Dwadashi begins on 2026-08-09 11:04:00 AM IST. Dwadashi is present at Sooryodaya on 10-Aug-26 (Sooryodaya 05:54 AM). Dwadashi ends and Trayodashi begins on 2026-08-10 08:00:00 AM IST. Therefore the Upavaasa is observed on 09-Aug-26. For Parana on 10-Aug-26, Sooryodaya is 05:54 AM, Pratah Kala ends at 08:31 AM, Dwadashi ends at 2026-08-10 08:00:00 AM IST, and Hari Vasara ends at 2026-08-09 04:18:00 PM IST. Hari Vasara ends before Sooryodaya, so there is no Hari-Vasara delay; Parana starts at Sooryodaya (05:54 AM). Dwadashi ends at 08:00 AM, before Pratah Kala ends at 08:31 AM; therefore Dwadashi end is the limiting end time. Hence Parana is 05:54 AM to 08:00 AM.",2026-08-08:Dashami | 2026-08-09:Ekadashi | 2026-08-10:Dwadashi,2026-08-08:Rohini | 2026-08-09:Mrigashirsha | 2026-08-10:Ardra,2026-08-08 01:59:00 PM IST,2026-08-09 11:04:00 AM IST,2026-08-10 08:00:00 AM IST,2026-08-09,05:54 AM,2026-08-09 04:18:00 AM IST,2026-08-09,,2026-08-09:VALID (start 2026-08-08 01:59:00 PM IST < Arunodaya 2026-08-09 04:18:00 AM IST),2026-08-09,05:54 AM,2026-08-09 04:18:00 AM IST,2026-08-10,Ardra,2026-08-09 04:18:00 PM IST,2026-08-08,2026-08-10,2026-08-08 | 2026-08-09 | 2026-08-10,3,COMPLETE,,,Normal Ekadashi,NORMAL,Ekadashi began before Arunodaya and has one valid Ekadashi sunrise. No two-day exception is triggered.,2026-08-09:VALID (start 2026-08-08 01:59:00 PM IST < Arunodaya 2026-08-09 04:18:00 AM IST),2026-08-09,,2026-08-10,DWADASHI,PRATAH,2026-08-10 05:54:00 AM IST,2026-08-10 08:00:00 AM IST,Hari Vasara ended before Parana-day sunrise; Parana is sunrise to Pratah end.
Varanasi,Uttar Pradesh,India,Asia/Kolkata,geoname:1253405,1253405,Kamika Ekadashi,2026-08-08,"Kamika Ekadashi - Varanasi. Dashami ends and Ekadashi begins on 2026-08-08 01:59:00 PM IST. On 09-Aug-26, Sooryodaya is 05:29 AM and Arunodaya is 03:53 AM. Ekadashi is present at sunrise and had begun before Arunodaya, so this is a valid Ekadashi sunrise. Ekadashi ends on 2026-08-09 11:04:00 AM IST and does not remain through another sunrise. Ekadashi ends and Dwadashi begins on 2026-08-09 11:04:00 AM IST. Dwadashi is present at Sooryodaya on 10-Aug-26 (Sooryodaya 05:29 AM). Dwadashi ends and Trayodashi begins on 2026-08-10 08:00:00 AM IST. Therefore the Upavaasa is observed on 09-Aug-26. For Parana on 10-Aug-26, Sooryodaya is 05:29 AM, Pratah Kala ends at 08:07 AM, Dwadashi ends at 2026-08-10 08:00:00 AM IST, and Hari Vasara ends at 2026-08-09 04:18:00 PM IST. Hari Vasara ends before Sooryodaya, so there is no Hari-Vasara delay; Parana starts at Sooryodaya (05:29 AM). Dwadashi ends at 08:00 AM, before Pratah Kala ends at 08:07 AM; therefore Dwadashi end is the limiting end time. Hence Parana is 05:29 AM to 08:00 AM.",2026-08-08:Dashami | 2026-08-09:Ekadashi | 2026-08-10:Dwadashi,2026-08-08:Rohini | 2026-08-09:Mrigashirsha | 2026-08-10:Ardra,2026-08-08 01:59:00 PM IST,2026-08-09 11:04:00 AM IST,2026-08-10 08:00:00 AM IST,2026-08-09,05:29 AM,2026-08-09 03:53:00 AM IST,2026-08-09,,2026-08-09:VALID (start 2026-08-08 01:59:00 PM IST < Arunodaya 2026-08-09 03:53:00 AM IST),2026-08-09,05:29 AM,2026-08-09 03:53:00 AM IST,2026-08-10,Ardra,2026-08-09 04:18:00 PM IST,2026-08-08,2026-08-10,2026-08-08 | 2026-08-09 | 2026-08-10,3,COMPLETE,,,Normal Ekadashi,NORMAL,Ekadashi began before Arunodaya and has one valid Ekadashi sunrise. No two-day exception is triggered.,2026-08-09:VALID (start 2026-08-08 01:59:00 PM IST < Arunodaya 2026-08-09 03:53:00 AM IST),2026-08-09,,2026-08-10,DWADASHI,PRATAH,2026-08-10 05:29:00 AM IST,2026-08-10 08:00:00 AM IST,Hari Vasara ended before Parana-day sunrise; Parana is sunrise to Pratah end.
Prayagraj,Uttar Pradesh,India,Asia/Kolkata,geoname:1278994,1278994,Kamika Ekadashi,2026-08-08,"Kamika Ekadashi - Prayagraj. Dashami ends and Ekadashi begins on 2026-08-08 01:59:00 PM IST. On 09-Aug-26, Sooryodaya is 05:33 AM and Arunodaya is 03:57 AM. Ekadashi is present at sunrise and had begun before Arunodaya, so this is a valid Ekadashi sunrise. Ekadashi ends on 2026-08-09 11:04:00 AM IST and does not remain through another sunrise. Ekadashi ends and Dwadashi begins on 2026-08-09 11:04:00 AM IST. Dwadashi is present at Sooryodaya on 10-Aug-26 (Sooryodaya 05:34 AM). Dwadashi ends and Trayodashi begins on 2026-08-10 08:00:00 AM IST. Therefore the Upavaasa is observed on 09-Aug-26. For Parana on 10-Aug-26, Sooryodaya is 05:34 AM, Pratah Kala ends at 08:12 AM, Dwadashi ends at 2026-08-10 08:00:00 AM IST, and Hari Vasara ends at 2026-08-09 04:18:00 PM IST. Hari Vasara ends before Sooryodaya, so there is no Hari-Vasara delay; Parana starts at Sooryodaya (05:34 AM). Dwadashi ends at 08:00 AM, before Pratah Kala ends at 08:12 AM; therefore Dwadashi end is the limiting end time. Hence Parana is 05:34 AM to 08:00 AM.",2026-08-08:Dashami | 2026-08-09:Ekadashi | 2026-08-10:Dwadashi,2026-08-08:Rohini | 2026-08-09:Mrigashirsha | 2026-08-10:Ardra,2026-08-08 01:59:00 PM IST,2026-08-09 11:04:00 AM IST,2026-08-10 08:00:00 AM IST,2026-08-09,05:33 AM,2026-08-09 03:57:00 AM IST,2026-08-09,,2026-08-09:VALID (start 2026-08-08 01:59:00 PM IST < Arunodaya 2026-08-09 03:57:00 AM IST),2026-08-09,05:33 AM,2026-08-09 03:57:00 AM IST,2026-08-10,Ardra,2026-08-09 04:18:00 PM IST,2026-08-08,2026-08-10,2026-08-08 | 2026-08-09 | 2026-08-10,3,COMPLETE,,,Normal Ekadashi,NORMAL,Ekadashi began before Arunodaya and has one valid Ekadashi sunrise. No two-day exception is triggered.,2026-08-09:VALID (start 2026-08-08 01:59:00 PM IST < Arunodaya 2026-08-09 03:57:00 AM IST),2026-08-09,,2026-08-10,DWADASHI,PRATAH,2026-08-10 05:34:00 AM IST,2026-08-10 08:00:00 AM IST,Hari Vasara ended before Parana-day sunrise; Parana is sunrise to Pratah end.
Lucknow,Uttar Pradesh,India,Asia/Kolkata,geoname:1264733,1264733,Kamika Ekadashi,2026-08-08,"Kamika Ekadashi - Lucknow. Dashami ends and Ekadashi begins on 2026-08-08 01:59:00 PM IST. On 09-Aug-26, Sooryodaya is 05:35 AM and Arunodaya is 03:59 AM. Ekadashi is present at sunrise and had begun before Arunodaya, so this is a valid Ekadashi sunrise. Ekadashi ends on 2026-08-09 11:04:00 AM IST and does not remain through another sunrise. Ekadashi ends and Dwadashi begins on 2026-08-09 11:04:00 AM IST. Dwadashi is present at Sooryodaya on 10-Aug-26 (Sooryodaya 05:35 AM). Dwadashi ends and Trayodashi begins on 2026-08-10 08:00:00 AM IST. Therefore the Upavaasa is observed on 09-Aug-26. For Parana on 10-Aug-26, Sooryodaya is 05:35 AM, Pratah Kala ends at 08:14 AM, Dwadashi ends at 2026-08-10 08:00:00 AM IST, and Hari Vasara ends at 2026-08-09 04:18:00 PM IST. Hari Vasara ends before Sooryodaya, so there is no Hari-Vasara delay; Parana starts at Sooryodaya (05:35 AM). Dwadashi ends at 08:00 AM, before Pratah Kala ends at 08:14 AM; therefore Dwadashi end is the limiting end time. Hence Parana is 05:35 AM to 08:00 AM.",2026-08-08:Dashami | 2026-08-09:Ekadashi | 2026-08-10:Dwadashi,2026-08-08:Rohini | 2026-08-09:Mrigashirsha | 2026-08-10:Ardra,2026-08-08 01:59:00 PM IST,2026-08-09 11:04:00 AM IST,2026-08-10 08:00:00 AM IST,2026-08-09,05:35 AM,2026-08-09 03:59:00 AM IST,2026-08-09,,2026-08-09:VALID (start 2026-08-08 01:59:00 PM IST < Arunodaya 2026-08-09 03:59:00 AM IST),2026-08-09,05:35 AM,2026-08-09 03:59:00 AM IST,2026-08-10,Ardra,2026-08-09 04:18:00 PM IST,2026-08-08,2026-08-10,2026-08-08 | 2026-08-09 | 2026-08-10,3,COMPLETE,,,Normal Ekadashi,NORMAL,Ekadashi began before Arunodaya and has one valid Ekadashi sunrise. No two-day exception is triggered.,2026-08-09:VALID (start 2026-08-08 01:59:00 PM IST < Arunodaya 2026-08-09 03:59:00 AM IST),2026-08-09,,2026-08-10,DWADASHI,PRATAH,2026-08-10 05:35:00 AM IST,2026-08-10 08:00:00 AM IST,Hari Vasara ended before Parana-day sunrise; Parana is sunrise to Pratah end.
Srinagar,Jammu and Kashmir,India,Asia/Kolkata,geoname:1255634,1255634,Kamika Ekadashi,2026-08-08,"Kamika Ekadashi - Srinagar. Dashami ends and Ekadashi begins on 2026-08-08 01:59:00 PM IST. On 09-Aug-26, Sooryodaya is 05:48 AM and Arunodaya is 04:12 AM. Ekadashi is present at sunrise and had begun before Arunodaya, so this is a valid Ekadashi sunrise. Ekadashi ends on 2026-08-09 11:04:00 AM IST and does not remain through another sunrise. Ekadashi ends and Dwadashi begins on 2026-08-09 11:04:00 AM IST. Dwadashi is present at Sooryodaya on 10-Aug-26 (Sooryodaya 05:48 AM). Dwadashi ends and Trayodashi begins on 2026-08-10 08:00:00 AM IST. Therefore the Upavaasa is observed on 09-Aug-26. For Parana on 10-Aug-26, Sooryodaya is 05:48 AM, Pratah Kala ends at 08:31 AM, Dwadashi ends at 2026-08-10 08:00:00 AM IST, and Hari Vasara ends at 2026-08-09 04:18:00 PM IST. Hari Vasara ends before Sooryodaya, so there is no Hari-Vasara delay; Parana starts at Sooryodaya (05:48 AM). Dwadashi ends at 08:00 AM, before Pratah Kala ends at 08:31 AM; therefore Dwadashi end is the limiting end time. Hence Parana is 05:48 AM to 08:00 AM.",2026-08-08:Dashami | 2026-08-09:Ekadashi | 2026-08-10:Dwadashi,2026-08-08:Rohini | 2026-08-09:Mrigashirsha | 2026-08-10:Ardra,2026-08-08 01:59:00 PM IST,2026-08-09 11:04:00 AM IST,2026-08-10 08:00:00 AM IST,2026-08-09,05:48 AM,2026-08-09 04:12:00 AM IST,2026-08-09,,2026-08-09:VALID (start 2026-08-08 01:59:00 PM IST < Arunodaya 2026-08-09 04:12:00 AM IST),2026-08-09,05:48 AM,2026-08-09 04:12:00 AM IST,2026-08-10,Ardra,2026-08-09 04:18:00 PM IST,2026-08-08,2026-08-10,2026-08-08 | 2026-08-09 | 2026-08-10,3,COMPLETE,,,Normal Ekadashi,NORMAL,Ekadashi began before Arunodaya and has one valid Ekadashi sunrise. No two-day exception is triggered.,2026-08-09:VALID (start 2026-08-08 01:59:00 PM IST < Arunodaya 2026-08-09 04:12:00 AM IST),2026-08-09,,2026-08-10,DWADASHI,PRATAH,2026-08-10 05:48:00 AM IST,2026-08-10 08:00:00 AM IST,Hari Vasara ended before Parana-day sunrise; Parana is sunrise to Pratah end.
Brisbane,Queensland,Australia,Australia/Brisbane,geoname:2174003,2174003,Kamika Ekadashi,2026-08-08,"Kamika Ekadashi - Brisbane. Dashami ends and Ekadashi begins on 2026-08-08 06:29:00 PM AEST. On 09-Aug-26, Sooryodaya is 06:24 AM and Arunodaya is 04:48 AM. Ekadashi is present at sunrise and had begun before Arunodaya, so this is a valid Ekadashi sunrise. Ekadashi ends on 2026-08-09 03:34:00 PM AEST and does not remain through another sunrise. Ekadashi ends and Dwadashi begins on 2026-08-09 03:34:00 PM AEST. Dwadashi is present at Sooryodaya on 10-Aug-26 (Sooryodaya 06:23 AM). Dwadashi ends and Trayodashi begins on 2026-08-10 12:30:00 PM AEST. Therefore the Upavaasa is observed on 09-Aug-26. For Parana on 10-Aug-26, Sooryodaya is 06:23 AM, Pratah Kala ends at 08:35 AM, Dwadashi ends at 2026-08-10 12:30:00 PM AEST, and Hari Vasara ends at 2026-08-09 08:48:00 PM AEST. Hari Vasara ends before Sooryodaya, so there is no Hari-Vasara delay; Parana starts at Sooryodaya (06:23 AM). Pratah Kala ends at 08:35 AM, before Dwadashi ends; therefore Pratah Kala end is the limiting end time. Hence Parana is 06:23 AM to 08:35 AM.",2026-08-08:Dashami | 2026-08-09:Ekadashi | 2026-08-10:Dwadashi,2026-08-08:Rohini | 2026-08-09:Mrigashirsha | 2026-08-10:Ardra,2026-08-08 06:29:00 PM AEST,2026-08-09 03:34:00 PM AEST,2026-08-10 12:30:00 PM AEST,2026-08-09,06:24 AM,2026-08-09 04:48:00 AM AEST,2026-08-09,,2026-08-09:VALID (start 2026-08-08 06:29:00 PM AEST < Arunodaya 2026-08-09 04:48:00 AM AEST),2026-08-09,06:24 AM,2026-08-09 04:48:00 AM AEST,2026-08-10,Ardra,2026-08-09 08:48:00 PM AEST,2026-08-08,2026-08-10,2026-08-08 | 2026-08-09 | 2026-08-10,3,COMPLETE,,,Normal Ekadashi,NORMAL,Ekadashi began before Arunodaya and has one valid Ekadashi sunrise. No two-day exception is triggered.,2026-08-09:VALID (start 2026-08-08 06:29:00 PM AEST < Arunodaya 2026-08-09 04:48:00 AM AEST),2026-08-09,,2026-08-10,DWADASHI,PRATAH,2026-08-10 06:23:00 AM AEST,2026-08-10 08:35:12 AM AEST,Hari Vasara ended before Parana-day sunrise; Parana is sunrise to Pratah end.
Melbourne,Victoria,Australia,Australia/Melbourne,geoname:2158177,2158177,Kamika Ekadashi,2026-08-08,"Kamika Ekadashi - Melbourne. Dashami ends and Ekadashi begins on 2026-08-08 06:29:00 PM AEST. On 09-Aug-26, Sooryodaya is 07:12 AM and Arunodaya is 05:36 AM. Ekadashi is present at sunrise and had begun before Arunodaya, so this is a valid Ekadashi sunrise. Ekadashi ends on 2026-08-09 03:34:00 PM AEST and does not remain through another sunrise. Ekadashi ends and Dwadashi begins on 2026-08-09 03:34:00 PM AEST. Dwadashi is present at Sooryodaya on 10-Aug-26 (Sooryodaya 07:11 AM). Dwadashi ends and Trayodashi begins on 2026-08-10 12:30:00 PM AEST. Therefore the Upavaasa is observed on 09-Aug-26. For Parana on 10-Aug-26, Sooryodaya is 07:11 AM, Pratah Kala ends at 09:17 AM, Dwadashi ends at 2026-08-10 12:30:00 PM AEST, and Hari Vasara ends at 2026-08-09 08:48:00 PM AEST. Hari Vasara ends before Sooryodaya, so there is no Hari-Vasara delay; Parana starts at Sooryodaya (07:11 AM). Pratah Kala ends at 09:17 AM, before Dwadashi ends; therefore Pratah Kala end is the limiting end time. Hence Parana is 07:11 AM to 09:17 AM.",2026-08-08:Dashami | 2026-08-09:Ekadashi | 2026-08-10:Dwadashi,2026-08-08:Rohini | 2026-08-09:Mrigashirsha | 2026-08-10:Ardra,2026-08-08 06:29:00 PM AEST,2026-08-09 03:34:00 PM AEST,2026-08-10 12:30:00 PM AEST,2026-08-09,07:12 AM,2026-08-09 05:36:00 AM AEST,2026-08-09,,2026-08-09:VALID (start 2026-08-08 06:29:00 PM AEST < Arunodaya 2026-08-09 05:36:00 AM AEST),2026-08-09,07:12 AM,2026-08-09 05:36:00 AM AEST,2026-08-10,Ardra,2026-08-09 08:48:00 PM AEST,2026-08-08,2026-08-10,2026-08-08 | 2026-08-09 | 2026-08-10,3,COMPLETE,,,Normal Ekadashi,NORMAL,Ekadashi began before Arunodaya and has one valid Ekadashi sunrise. No two-day exception is triggered.,2026-08-09:VALID (start 2026-08-08 06:29:00 PM AEST < Arunodaya 2026-08-09 05:36:00 AM AEST),2026-08-09,,2026-08-10,DWADASHI,PRATAH,2026-08-10 07:11:00 AM AEST,2026-08-10 09:16:48 AM AEST,Hari Vasara ended before Parana-day sunrise; Parana is sunrise to Pratah end.
Adelaide,South Australia,Australia,Australia/Adelaide,geoname:2078025,2078025,Kamika Ekadashi,2026-08-08,"Kamika Ekadashi - Adelaide. Dashami ends and Ekadashi begins on 2026-08-08 05:59:00 PM ACST. On 09-Aug-26, Sooryodaya is 07:03 AM and Arunodaya is 05:27 AM. Ekadashi is present at sunrise and had begun before Arunodaya, so this is a valid Ekadashi sunrise. Ekadashi ends on 2026-08-09 03:04:00 PM ACST and does not remain through another sunrise. Ekadashi ends and Dwadashi begins on 2026-08-09 03:04:00 PM ACST. Dwadashi is present at Sooryodaya on 10-Aug-26 (Sooryodaya 07:02 AM). Dwadashi ends and Trayodashi begins on 2026-08-10 12:00:00 PM ACST. Therefore the Upavaasa is observed on 09-Aug-26. For Parana on 10-Aug-26, Sooryodaya is 07:02 AM, Pratah Kala ends at 09:10 AM, Dwadashi ends at 2026-08-10 12:00:00 PM ACST, and Hari Vasara ends at 2026-08-09 08:18:00 PM ACST. Hari Vasara ends before Sooryodaya, so there is no Hari-Vasara delay; Parana starts at Sooryodaya (07:02 AM). Pratah Kala ends at 09:10 AM, before Dwadashi ends; therefore Pratah Kala end is the limiting end time. Hence Parana is 07:02 AM to 09:10 AM.",2026-08-08:Dashami | 2026-08-09:Ekadashi | 2026-08-10:Dwadashi,2026-08-08:Rohini | 2026-08-09:Mrigashirsha | 2026-08-10:Ardra,2026-08-08 05:59:00 PM ACST,2026-08-09 03:04:00 PM ACST,2026-08-10 12:00:00 PM ACST,2026-08-09,07:03 AM,2026-08-09 05:27:00 AM ACST,2026-08-09,,2026-08-09:VALID (start 2026-08-08 05:59:00 PM ACST < Arunodaya 2026-08-09 05:27:00 AM ACST),2026-08-09,07:03 AM,2026-08-09 05:27:00 AM ACST,2026-08-10,Ardra,2026-08-09 08:18:00 PM ACST,2026-08-08,2026-08-10,2026-08-08 | 2026-08-09 | 2026-08-10,3,COMPLETE,,,Normal Ekadashi,NORMAL,Ekadashi began before Arunodaya and has one valid Ekadashi sunrise. No two-day exception is triggered.,2026-08-09:VALID (start 2026-08-08 05:59:00 PM ACST < Arunodaya 2026-08-09 05:27:00 AM ACST),2026-08-09,,2026-08-10,DWADASHI,PRATAH,2026-08-10 07:02:00 AM ACST,2026-08-10 09:09:48 AM ACST,Hari Vasara ended before Parana-day sunrise; Parana is sunrise to Pratah end.
Perth,Western Australia,Australia,Australia/Perth,geoname:2063523,2063523,Kamika Ekadashi,2026-08-08,"Kamika Ekadashi - Perth. Dashami ends and Ekadashi begins on 2026-08-08 04:29:00 PM AWST. On 09-Aug-26, Sooryodaya is 06:59 AM and Arunodaya is 05:23 AM. Ekadashi is present at sunrise and had begun before Arunodaya, so this is a valid Ekadashi sunrise. Ekadashi ends on 2026-08-09 01:34:00 PM AWST and does not remain through another sunrise. Ekadashi ends and Dwadashi begins on 2026-08-09 01:34:00 PM AWST. Dwadashi is present at Sooryodaya on 10-Aug-26 (Sooryodaya 06:58 AM). Dwadashi ends and Trayodashi begins on 2026-08-10 10:30:00 AM AWST. Therefore the Upavaasa is observed on 09-Aug-26. For Parana on 10-Aug-26, Sooryodaya is 06:58 AM, Pratah Kala ends at 09:08 AM, Dwadashi ends at 2026-08-10 10:30:00 AM AWST, and Hari Vasara ends at 2026-08-09 06:48:00 PM AWST. Hari Vasara ends before Sooryodaya, so there is no Hari-Vasara delay; Parana starts at Sooryodaya (06:58 AM). Pratah Kala ends at 09:08 AM, before Dwadashi ends; therefore Pratah Kala end is the limiting end time. Hence Parana is 06:58 AM to 09:08 AM.",2026-08-08:Dashami | 2026-08-09:Ekadashi | 2026-08-10:Dwadashi,2026-08-08:Rohini | 2026-08-09:Mrigashirsha | 2026-08-10:Ardra,2026-08-08 04:29:00 PM AWST,2026-08-09 01:34:00 PM AWST,2026-08-10 10:30:00 AM AWST,2026-08-09,06:59 AM,2026-08-09 05:23:00 AM AWST,2026-08-09,,2026-08-09:VALID (start 2026-08-08 04:29:00 PM AWST < Arunodaya 2026-08-09 05:23:00 AM AWST),2026-08-09,06:59 AM,2026-08-09 05:23:00 AM AWST,2026-08-10,Ardra,2026-08-09 06:48:00 PM AWST,2026-08-08,2026-08-10,2026-08-08 | 2026-08-09 | 2026-08-10,3,COMPLETE,,,Normal Ekadashi,NORMAL,Ekadashi began before Arunodaya and has one valid Ekadashi sunrise. No two-day exception is triggered.,2026-08-09:VALID (start 2026-08-08 04:29:00 PM AWST < Arunodaya 2026-08-09 05:23:00 AM AWST),2026-08-09,,2026-08-10,DWADASHI,PRATAH,2026-08-10 06:58:00 AM AWST,2026-08-10 09:07:36 AM AWST,Hari Vasara ended before Parana-day sunrise; Parana is sunrise to Pratah end.
Canberra,Australian Capital Territory,Australia,Australia/Sydney,geoname:2172517,2172517,Kamika Ekadashi,2026-08-08,"Kamika Ekadashi - Canberra. Dashami ends and Ekadashi begins on 2026-08-08 06:29:00 PM AEST. On 09-Aug-26, Sooryodaya is 06:51 AM and Arunodaya is 05:15 AM. Ekadashi is present at sunrise and had begun before Arunodaya, so this is a valid Ekadashi sunrise. Ekadashi ends on 2026-08-09 03:34:00 PM AEST and does not remain through another sunrise. Ekadashi ends and Dwadashi begins on 2026-08-09 03:34:00 PM AEST. Dwadashi is present at Sooryodaya on 10-Aug-26 (Sooryodaya 06:50 AM). Dwadashi ends and Trayodashi begins on 2026-08-10 12:30:00 PM AEST. Therefore the Upavaasa is observed on 09-Aug-26. For Parana on 10-Aug-26, Sooryodaya is 06:50 AM, Pratah Kala ends at 08:58 AM, Dwadashi ends at 2026-08-10 12:30:00 PM AEST, and Hari Vasara ends at 2026-08-09 08:48:00 PM AEST. Hari Vasara ends before Sooryodaya, so there is no Hari-Vasara delay; Parana starts at Sooryodaya (06:50 AM). Pratah Kala ends at 08:58 AM, before Dwadashi ends; therefore Pratah Kala end is the limiting end time. Hence Parana is 06:50 AM to 08:58 AM.",2026-08-08:Dashami | 2026-08-09:Ekadashi | 2026-08-10:Dwadashi,2026-08-08:Rohini | 2026-08-09:Mrigashirsha | 2026-08-10:Ardra,2026-08-08 06:29:00 PM AEST,2026-08-09 03:34:00 PM AEST,2026-08-10 12:30:00 PM AEST,2026-08-09,06:51 AM,2026-08-09 05:15:00 AM AEST,2026-08-09,,2026-08-09:VALID (start 2026-08-08 06:29:00 PM AEST < Arunodaya 2026-08-09 05:15:00 AM AEST),2026-08-09,06:51 AM,2026-08-09 05:15:00 AM AEST,2026-08-10,Ardra,2026-08-09 08:48:00 PM AEST,2026-08-08,2026-08-10,2026-08-08 | 2026-08-09 | 2026-08-10,3,COMPLETE,,,Normal Ekadashi,NORMAL,Ekadashi began before Arunodaya and has one valid Ekadashi sunrise. No two-day exception is triggered.,2026-08-09:VALID (start 2026-08-08 06:29:00 PM AEST < Arunodaya 2026-08-09 05:15:00 AM AEST),2026-08-09,,2026-08-10,DWADASHI,PRATAH,2026-08-10 06:50:00 AM AEST,2026-08-10 08:57:36 AM AEST,Hari Vasara ended before Parana-day sunrise; Parana is sunrise to Pratah end.
Sydney,New South Wales,Australia,Australia/Sydney,geoname:2147714,2147714,Kamika Ekadashi,2026-08-08,"Kamika Ekadashi - Sydney. Dashami ends and Ekadashi begins on 2026-08-08 06:29:00 PM AEST. On 09-Aug-26, Sooryodaya is 06:41 AM and Arunodaya is 05:05 AM. Ekadashi is present at sunrise and had begun before Arunodaya, so this is a valid Ekadashi sunrise. Ekadashi ends on 2026-08-09 03:34:00 PM AEST and does not remain through another sunrise. Ekadashi ends and Dwadashi begins on 2026-08-09 03:34:00 PM AEST. Dwadashi is present at Sooryodaya on 10-Aug-26 (Sooryodaya 06:40 AM). Dwadashi ends and Trayodashi begins on 2026-08-10 12:30:00 PM AEST. Therefore the Upavaasa is observed on 09-Aug-26. For Parana on 10-Aug-26, Sooryodaya is 06:40 AM, Pratah Kala ends at 08:48 AM, Dwadashi ends at 2026-08-10 12:30:00 PM AEST, and Hari Vasara ends at 2026-08-09 08:48:00 PM AEST. Hari Vasara ends before Sooryodaya, so there is no Hari-Vasara delay; Parana starts at Sooryodaya (06:40 AM). Pratah Kala ends at 08:48 AM, before Dwadashi ends; therefore Pratah Kala end is the limiting end time. Hence Parana is 06:40 AM to 08:48 AM.",2026-08-08:Dashami | 2026-08-09:Ekadashi | 2026-08-10:Dwadashi,2026-08-08:Rohini | 2026-08-09:Mrigashirsha | 2026-08-10:Ardra,2026-08-08 06:29:00 PM AEST,2026-08-09 03:34:00 PM AEST,2026-08-10 12:30:00 PM AEST,2026-08-09,06:41 AM,2026-08-09 05:05:00 AM AEST,2026-08-09,,2026-08-09:VALID (start 2026-08-08 06:29:00 PM AEST < Arunodaya 2026-08-09 05:05:00 AM AEST),2026-08-09,06:41 AM,2026-08-09 05:05:00 AM AEST,2026-08-10,Ardra,2026-08-09 08:48:00 PM AEST,2026-08-08,2026-08-10,2026-08-08 | 2026-08-09 | 2026-08-10,3,COMPLETE,,,Normal Ekadashi,NORMAL,Ekadashi began before Arunodaya and has one valid Ekadashi sunrise. No two-day exception is triggered.,2026-08-09:VALID (start 2026-08-08 06:29:00 PM AEST < Arunodaya 2026-08-09 05:05:00 AM AEST),2026-08-09,,2026-08-10,DWADASHI,PRATAH,2026-08-10 06:40:00 AM AEST,2026-08-10 08:48:24 AM AEST,Hari Vasara ended before Parana-day sunrise; Parana is sunrise to Pratah end.
