Place Key,City,State/Region,Country,Timezone,Geoname ID,Ekadashi Name,Ekadashi Type,Condition Code,Upavaasa Date 1,Upavaasa Date 2,Parana Date,Parana Start,Parana End,Parana Branch,Parana Tithi Rule,Hari Vasara End,Cycle Anchor,Completeness Status,Date,Action Role,Special Events,Special Event Details,Note,Message
geoname:4180439,Atlanta,Georgia,United States,America/New_York,4180439,Kamika Ekadashi,Normal Ekadashi,NORMAL,2026-08-08,,2026-08-09,06:55 AM,09:38 AM,PRATAH,DWADASHI,06:48 AM,2026-08-08,COMPLETE,2026-08-08,UPAVASA_DAY_1,Kamika Ekadashi,"Upavaasa: 08-Aug-26 | Parana: 09-Aug-26, 06:55 AM to 09:38 AM",Normal Ekadashi. **Observe Upavaasa today.** Ekadashi began before Arunodaya and no two-day exception applies.,"Kamika Ekadashi. Normal Ekadashi. Observe Upavaasa today. Ekadashi began before Arunodaya and no two-day exception applies. Upavaasa: 08-Aug-26 | Parana: 09-Aug-26, 06:55 AM to 09:38 AM"
geoname:4347778,Baltimore,Maryland,United States,America/New_York,4347778,Kamika Ekadashi,Normal Ekadashi,NORMAL,2026-08-08,,2026-08-09,06:48 AM,09:01 AM,PRATAH,DWADASHI,06:48 AM,2026-08-08,COMPLETE,2026-08-08,UPAVASA_DAY_1,Kamika Ekadashi,"Upavaasa: 08-Aug-26 | Parana: 09-Aug-26, 06:48 AM to 09:01 AM",Normal Ekadashi. **Observe Upavaasa today.** Ekadashi began before Arunodaya and no two-day exception applies.,"Kamika Ekadashi. Normal Ekadashi. Observe Upavaasa today. Ekadashi began before Arunodaya and no two-day exception applies. Upavaasa: 08-Aug-26 | Parana: 09-Aug-26, 06:48 AM to 09:01 AM"
geoname:5108728,Belfast,New York,United States,America/New_York,5108728,Kamika Ekadashi,Normal Ekadashi,NORMAL,2026-08-08,,2026-08-09,06:48 AM,09:03 AM,PRATAH,DWADASHI,06:48 AM,2026-08-08,COMPLETE,2026-08-08,UPAVASA_DAY_1,Kamika Ekadashi,"Upavaasa: 08-Aug-26 | Parana: 09-Aug-26, 06:48 AM to 09:03 AM",Normal Ekadashi. **Observe Upavaasa today.** Ekadashi began before Arunodaya and no two-day exception applies.,"Kamika Ekadashi. Normal Ekadashi. Observe Upavaasa today. Ekadashi began before Arunodaya and no two-day exception applies. Upavaasa: 08-Aug-26 | Parana: 09-Aug-26, 06:48 AM to 09:03 AM"
geoname:5110629,Buffalo,New York,United States,America/New_York,5110629,Kamika Ekadashi,Normal Ekadashi,NORMAL,2026-08-08,,2026-08-09,06:48 AM,09:05 AM,PRATAH,DWADASHI,06:48 AM,2026-08-08,COMPLETE,2026-08-08,UPAVASA_DAY_1,Kamika Ekadashi,"Upavaasa: 08-Aug-26 | Parana: 09-Aug-26, 06:48 AM to 09:05 AM",Normal Ekadashi. **Observe Upavaasa today.** Ekadashi began before Arunodaya and no two-day exception applies.,"Kamika Ekadashi. Normal Ekadashi. Observe Upavaasa today. Ekadashi began before Arunodaya and no two-day exception applies. Upavaasa: 08-Aug-26 | Parana: 09-Aug-26, 06:48 AM to 09:05 AM"
geoname:4460243,Charlotte,North Carolina,United States,America/New_York,4460243,Kamika Ekadashi,Normal Ekadashi,NORMAL,2026-08-08,,2026-08-09,06:48 AM,09:23 AM,PRATAH,DWADASHI,06:48 AM,2026-08-08,COMPLETE,2026-08-08,UPAVASA_DAY_1,Kamika Ekadashi,"Upavaasa: 08-Aug-26 | Parana: 09-Aug-26, 06:48 AM to 09:23 AM",Normal Ekadashi. **Observe Upavaasa today.** Ekadashi began before Arunodaya and no two-day exception applies.,"Kamika Ekadashi. Normal Ekadashi. Observe Upavaasa today. Ekadashi began before Arunodaya and no two-day exception applies. Upavaasa: 08-Aug-26 | Parana: 09-Aug-26, 06:48 AM to 09:23 AM"
geoname:4887398,Chicago,Illinois,United States,America/Chicago,4887398,Kamika Ekadashi,Normal Ekadashi,NORMAL,2026-08-08,,2026-08-09,05:53 AM,08:42 AM,PRATAH,DWADASHI,05:48 AM,2026-08-08,COMPLETE,2026-08-08,UPAVASA_DAY_1,Kamika Ekadashi,"Upavaasa: 08-Aug-26 | Parana: 09-Aug-26, 05:53 AM to 08:42 AM",Normal Ekadashi. **Observe Upavaasa today.** Ekadashi began before Arunodaya and no two-day exception applies.,"Kamika Ekadashi. Normal Ekadashi. Observe Upavaasa today. Ekadashi began before Arunodaya and no two-day exception applies. Upavaasa: 08-Aug-26 | Parana: 09-Aug-26, 05:53 AM to 08:42 AM"
geoname:4508722,Cincinnati,Ohio,United States,America/New_York,4508722,Kamika Ekadashi,Normal Ekadashi,NORMAL,2026-08-08,,2026-08-09,06:48 AM,09:33 AM,PRATAH,DWADASHI,06:48 AM,2026-08-08,COMPLETE,2026-08-08,UPAVASA_DAY_1,Kamika Ekadashi,"Upavaasa: 08-Aug-26 | Parana: 09-Aug-26, 06:48 AM to 09:33 AM",Normal Ekadashi. **Observe Upavaasa today.** Ekadashi began before Arunodaya and no two-day exception applies.,"Kamika Ekadashi. Normal Ekadashi. Observe Upavaasa today. Ekadashi began before Arunodaya and no two-day exception applies. Upavaasa: 08-Aug-26 | Parana: 09-Aug-26, 06:48 AM to 09:33 AM"
geoname:5150529,Cleveland,Ohio,United States,America/New_York,5150529,Kamika Ekadashi,Normal Ekadashi,NORMAL,2026-08-08,,2026-08-09,06:48 AM,09:19 AM,PRATAH,DWADASHI,06:48 AM,2026-08-08,COMPLETE,2026-08-08,UPAVASA_DAY_1,Kamika Ekadashi,"Upavaasa: 08-Aug-26 | Parana: 09-Aug-26, 06:48 AM to 09:19 AM",Normal Ekadashi. **Observe Upavaasa today.** Ekadashi began before Arunodaya and no two-day exception applies.,"Kamika Ekadashi. Normal Ekadashi. Observe Upavaasa today. Ekadashi began before Arunodaya and no two-day exception applies. Upavaasa: 08-Aug-26 | Parana: 09-Aug-26, 06:48 AM to 09:19 AM"
geoname:4256038,Columbus,Indiana,United States,America/Indiana/Indianapolis,4256038,Kamika Ekadashi,Normal Ekadashi,NORMAL,2026-08-08,,2026-08-09,06:51 AM,09:38 AM,PRATAH,DWADASHI,06:48 AM,2026-08-08,COMPLETE,2026-08-08,UPAVASA_DAY_1,Kamika Ekadashi,"Upavaasa: 08-Aug-26 | Parana: 09-Aug-26, 06:51 AM to 09:38 AM",Normal Ekadashi. **Observe Upavaasa today.** Ekadashi began before Arunodaya and no two-day exception applies.,"Kamika Ekadashi. Normal Ekadashi. Observe Upavaasa today. Ekadashi began before Arunodaya and no two-day exception applies. Upavaasa: 08-Aug-26 | Parana: 09-Aug-26, 06:51 AM to 09:38 AM"
geoname:4509177,Columbus,Ohio,United States,America/New_York,4509177,Kamika Ekadashi,Normal Ekadashi,NORMAL,2026-08-08,,2026-08-09,06:48 AM,09:26 AM,PRATAH,DWADASHI,06:48 AM,2026-08-08,COMPLETE,2026-08-08,UPAVASA_DAY_1,Kamika Ekadashi,"Upavaasa: 08-Aug-26 | Parana: 09-Aug-26, 06:48 AM to 09:26 AM",Normal Ekadashi. **Observe Upavaasa today.** Ekadashi began before Arunodaya and no two-day exception applies.,"Kamika Ekadashi. Normal Ekadashi. Observe Upavaasa today. Ekadashi began before Arunodaya and no two-day exception applies. Upavaasa: 08-Aug-26 | Parana: 09-Aug-26, 06:48 AM to 09:26 AM"
geoname:4684888,Dallas,Texas,United States,America/Chicago,4684888,Kamika Ekadashi,Normal Ekadashi,NORMAL,2026-08-08,,2026-08-09,06:47 AM,09:29 AM,PRATAH,DWADASHI,05:48 AM,2026-08-08,COMPLETE,2026-08-08,UPAVASA_DAY_1,Kamika Ekadashi,"Upavaasa: 08-Aug-26 | Parana: 09-Aug-26, 06:47 AM to 09:29 AM",Normal Ekadashi. **Observe Upavaasa today.** Ekadashi began before Arunodaya and no two-day exception applies.,"Kamika Ekadashi. Normal Ekadashi. Observe Upavaasa today. Ekadashi began before Arunodaya and no two-day exception applies. Upavaasa: 08-Aug-26 | Parana: 09-Aug-26, 06:47 AM to 09:29 AM"
geoname:5119251,Greece,New York,United States,America/New_York,5119251,Kamika Ekadashi,Normal Ekadashi,NORMAL,2026-08-08,,2026-08-09,06:48 AM,09:00 AM,PRATAH,DWADASHI,06:48 AM,2026-08-08,COMPLETE,2026-08-08,UPAVASA_DAY_1,Kamika Ekadashi,"Upavaasa: 08-Aug-26 | Parana: 09-Aug-26, 06:48 AM to 09:00 AM",Normal Ekadashi. **Observe Upavaasa today.** Ekadashi began before Arunodaya and no two-day exception applies.,"Kamika Ekadashi. Normal Ekadashi. Observe Upavaasa today. Ekadashi began before Arunodaya and no two-day exception applies. Upavaasa: 08-Aug-26 | Parana: 09-Aug-26, 06:48 AM to 09:00 AM"
geoname:4699066,Houston,Texas,United States,America/Chicago,4699066,Kamika Ekadashi,Normal Ekadashi,NORMAL,2026-08-08,,2026-08-09,06:46 AM,09:26 AM,PRATAH,DWADASHI,05:48 AM,2026-08-08,COMPLETE,2026-08-08,UPAVASA_DAY_1,Kamika Ekadashi,"Upavaasa: 08-Aug-26 | Parana: 09-Aug-26, 06:46 AM to 09:26 AM",Normal Ekadashi. **Observe Upavaasa today.** Ekadashi began before Arunodaya and no two-day exception applies.,"Kamika Ekadashi. Normal Ekadashi. Observe Upavaasa today. Ekadashi began before Arunodaya and no two-day exception applies. Upavaasa: 08-Aug-26 | Parana: 09-Aug-26, 06:46 AM to 09:26 AM"
geoname:4634946,Knoxville,Tennessee,United States,America/New_York,4634946,Kamika Ekadashi,Normal Ekadashi,NORMAL,2026-08-08,,2026-08-09,06:50 AM,09:34 AM,PRATAH,DWADASHI,06:48 AM,2026-08-08,COMPLETE,2026-08-08,UPAVASA_DAY_1,Kamika Ekadashi,"Upavaasa: 08-Aug-26 | Parana: 09-Aug-26, 06:50 AM to 09:34 AM",Normal Ekadashi. **Observe Upavaasa today.** Ekadashi began before Arunodaya and no two-day exception applies.,"Kamika Ekadashi. Normal Ekadashi. Observe Upavaasa today. Ekadashi began before Arunodaya and no two-day exception applies. Upavaasa: 08-Aug-26 | Parana: 09-Aug-26, 06:50 AM to 09:34 AM"
geoname:4922462,Lafayette,Indiana,United States,America/Indiana/Indianapolis,4922462,Kamika Ekadashi,Normal Ekadashi,NORMAL,2026-08-08,,2026-08-09,06:53 AM,09:41 AM,PRATAH,DWADASHI,06:48 AM,2026-08-08,COMPLETE,2026-08-08,UPAVASA_DAY_1,Kamika Ekadashi,"Upavaasa: 08-Aug-26 | Parana: 09-Aug-26, 06:53 AM to 09:41 AM",Normal Ekadashi. **Observe Upavaasa today.** Ekadashi began before Arunodaya and no two-day exception applies.,"Kamika Ekadashi. Normal Ekadashi. Observe Upavaasa today. Ekadashi began before Arunodaya and no two-day exception applies. Upavaasa: 08-Aug-26 | Parana: 09-Aug-26, 06:53 AM to 09:41 AM"
geoname:5368361,Los Angeles,California,United States,America/Los_Angeles,5368361,Kamika Ekadashi,Normal Ekadashi,NORMAL,2026-08-08,,2026-08-09,06:10 AM,08:53 AM,PRATAH,DWADASHI,03:48 AM,2026-08-08,COMPLETE,2026-08-08,UPAVASA_DAY_1,Kamika Ekadashi,"Upavaasa: 08-Aug-26 | Parana: 09-Aug-26, 06:10 AM to 08:53 AM",Normal Ekadashi. **Observe Upavaasa today.** Ekadashi began before Arunodaya and no two-day exception applies.,"Kamika Ekadashi. Normal Ekadashi. Observe Upavaasa today. Ekadashi began before Arunodaya and no two-day exception applies. Upavaasa: 08-Aug-26 | Parana: 09-Aug-26, 06:10 AM to 08:53 AM"
geoname:4644585,Nashville,Tennessee,United States,America/Chicago,4644585,Kamika Ekadashi,Normal Ekadashi,NORMAL,2026-08-08,,2026-08-09,06:01 AM,08:46 AM,PRATAH,DWADASHI,05:48 AM,2026-08-08,COMPLETE,2026-08-08,UPAVASA_DAY_1,Kamika Ekadashi,"Upavaasa: 08-Aug-26 | Parana: 09-Aug-26, 06:01 AM to 08:46 AM",Normal Ekadashi. **Observe Upavaasa today.** Ekadashi began before Arunodaya and no two-day exception applies.,"Kamika Ekadashi. Normal Ekadashi. Observe Upavaasa today. Ekadashi began before Arunodaya and no two-day exception applies. Upavaasa: 08-Aug-26 | Parana: 09-Aug-26, 06:01 AM to 08:46 AM"
geoname:5099836,New Jersey,New Jersey,United States,America/New_York,5099836,Kamika Ekadashi,Dashami Viddha Ekadashi,DASHAMI_VIDDHA,2026-08-09,,2026-08-10,06:02 AM,08:50 AM,POST_DWADASHI_FAST_DWADASHI_OVER_BEFORE_SUNRISE,POST_DWADASHI_UPAVASA,06:48 AM,2026-08-08,COMPLETE,2026-08-08,VIDDHA_NO_FAST,Kamika Ekadashi,"Upavaasa: 09-Aug-26 | Parana: 10-Aug-26, 06:02 AM to 08:50 AM",**Do not observe Upavaasa today.** Today's Ekadashi sunrise is Dashami Viddha because Ekadashi began during Arunodaya. No later valid Ekadashi sunrise occurs; observe Upavaasa on 09-Aug-26 on Dwadashi.,"Kamika Ekadashi. Do not observe Upavaasa today. Today's Ekadashi sunrise is Dashami Viddha because Ekadashi began during Arunodaya. No later valid Ekadashi sunrise occurs; observe Upavaasa on 09-Aug-26 on Dwadashi. Upavaasa: 09-Aug-26 | Parana: 10-Aug-26, 06:02 AM to 08:50 AM"
geoname:5128581,New York,New York,United States,America/New_York,5128581,Kamika Ekadashi,Dashami Viddha Ekadashi,DASHAMI_VIDDHA,2026-08-09,,2026-08-10,06:02 AM,08:50 AM,POST_DWADASHI_FAST_DWADASHI_OVER_BEFORE_SUNRISE,POST_DWADASHI_UPAVASA,06:48 AM,2026-08-08,COMPLETE,2026-08-08,VIDDHA_NO_FAST,Kamika Ekadashi,"Upavaasa: 09-Aug-26 | Parana: 10-Aug-26, 06:02 AM to 08:50 AM",**Do not observe Upavaasa today.** Today's Ekadashi sunrise is Dashami Viddha because Ekadashi began during Arunodaya. No later valid Ekadashi sunrise occurs; observe Upavaasa on 09-Aug-26 on Dwadashi.,"Kamika Ekadashi. Do not observe Upavaasa today. Today's Ekadashi sunrise is Dashami Viddha because Ekadashi began during Arunodaya. No later valid Ekadashi sunrise occurs; observe Upavaasa on 09-Aug-26 on Dwadashi. Upavaasa: 09-Aug-26 | Parana: 10-Aug-26, 06:02 AM to 08:50 AM"
geoname:4167147,Orlando,Florida,United States,America/New_York,4167147,Kamika Ekadashi,Normal Ekadashi,NORMAL,2026-08-08,,2026-08-09,06:52 AM,09:32 AM,PRATAH,DWADASHI,06:48 AM,2026-08-08,COMPLETE,2026-08-08,UPAVASA_DAY_1,Kamika Ekadashi,"Upavaasa: 08-Aug-26 | Parana: 09-Aug-26, 06:52 AM to 09:32 AM",Normal Ekadashi. **Observe Upavaasa today.** Ekadashi began before Arunodaya and no two-day exception applies.,"Kamika Ekadashi. Normal Ekadashi. Observe Upavaasa today. Ekadashi began before Arunodaya and no two-day exception applies. Upavaasa: 08-Aug-26 | Parana: 09-Aug-26, 06:52 AM to 09:32 AM"
geoname:4560349,Philadelphia,Pennsylvania,United States,America/New_York,4560349,Kamika Ekadashi,Normal Ekadashi,NORMAL,2026-08-08,,2026-08-09,06:48 AM,08:55 AM,PRATAH,DWADASHI,06:48 AM,2026-08-08,COMPLETE,2026-08-08,UPAVASA_DAY_1,Kamika Ekadashi,"Upavaasa: 08-Aug-26 | Parana: 09-Aug-26, 06:48 AM to 08:55 AM",Normal Ekadashi. **Observe Upavaasa today.** Ekadashi began before Arunodaya and no two-day exception applies.,"Kamika Ekadashi. Normal Ekadashi. Observe Upavaasa today. Ekadashi began before Arunodaya and no two-day exception applies. Upavaasa: 08-Aug-26 | Parana: 09-Aug-26, 06:48 AM to 08:55 AM"
geoname:5308655,Phoenix,Arizona,United States,America/Phoenix,5308655,Kamika Ekadashi,Normal Ekadashi,NORMAL,2026-08-08,,2026-08-09,05:47 AM,08:30 AM,PRATAH,DWADASHI,03:48 AM,2026-08-08,COMPLETE,2026-08-08,UPAVASA_DAY_1,Kamika Ekadashi,"Upavaasa: 08-Aug-26 | Parana: 09-Aug-26, 05:47 AM to 08:30 AM",Normal Ekadashi. **Observe Upavaasa today.** Ekadashi began before Arunodaya and no two-day exception applies.,"Kamika Ekadashi. Normal Ekadashi. Observe Upavaasa today. Ekadashi began before Arunodaya and no two-day exception applies. Upavaasa: 08-Aug-26 | Parana: 09-Aug-26, 05:47 AM to 08:30 AM"
geoname:5131614,Pittsford,New York,United States,America/New_York,5131614,Kamika Ekadashi,Normal Ekadashi,NORMAL,2026-08-08,,2026-08-09,06:48 AM,08:59 AM,PRATAH,DWADASHI,06:48 AM,2026-08-08,COMPLETE,2026-08-08,UPAVASA_DAY_1,Kamika Ekadashi,"Upavaasa: 08-Aug-26 | Parana: 09-Aug-26, 06:48 AM to 08:59 AM",Normal Ekadashi. **Observe Upavaasa today.** Ekadashi began before Arunodaya and no two-day exception applies.,"Kamika Ekadashi. Normal Ekadashi. Observe Upavaasa today. Ekadashi began before Arunodaya and no two-day exception applies. Upavaasa: 08-Aug-26 | Parana: 09-Aug-26, 06:48 AM to 08:59 AM"
geoname:5383527,Placentia,California,United States,America/Los_Angeles,5383527,Kamika Ekadashi,Normal Ekadashi,NORMAL,2026-08-08,,2026-08-09,06:09 AM,08:52 AM,PRATAH,DWADASHI,03:48 AM,2026-08-08,COMPLETE,2026-08-08,UPAVASA_DAY_1,Kamika Ekadashi,"Upavaasa: 08-Aug-26 | Parana: 09-Aug-26, 06:09 AM to 08:52 AM",Normal Ekadashi. **Observe Upavaasa today.** Ekadashi began before Arunodaya and no two-day exception applies.,"Kamika Ekadashi. Normal Ekadashi. Observe Upavaasa today. Ekadashi began before Arunodaya and no two-day exception applies. Upavaasa: 08-Aug-26 | Parana: 09-Aug-26, 06:09 AM to 08:52 AM"
geoname:4487042,Raleigh,North Carolina,United States,America/New_York,4487042,Kamika Ekadashi,Normal Ekadashi,NORMAL,2026-08-08,,2026-08-09,06:48 AM,09:13 AM,PRATAH,DWADASHI,06:48 AM,2026-08-08,COMPLETE,2026-08-08,UPAVASA_DAY_1,Kamika Ekadashi,"Upavaasa: 08-Aug-26 | Parana: 09-Aug-26, 06:48 AM to 09:13 AM",Normal Ekadashi. **Observe Upavaasa today.** Ekadashi began before Arunodaya and no two-day exception applies.,"Kamika Ekadashi. Normal Ekadashi. Observe Upavaasa today. Ekadashi began before Arunodaya and no two-day exception applies. Upavaasa: 08-Aug-26 | Parana: 09-Aug-26, 06:48 AM to 09:13 AM"
geoname:4781708,Richmond,Virginia,United States,America/New_York,4781708,Kamika Ekadashi,Normal Ekadashi,NORMAL,2026-08-08,,2026-08-09,06:48 AM,09:07 AM,PRATAH,DWADASHI,06:48 AM,2026-08-08,COMPLETE,2026-08-08,UPAVASA_DAY_1,Kamika Ekadashi,"Upavaasa: 08-Aug-26 | Parana: 09-Aug-26, 06:48 AM to 09:07 AM",Normal Ekadashi. **Observe Upavaasa today.** Ekadashi began before Arunodaya and no two-day exception applies.,"Kamika Ekadashi. Normal Ekadashi. Observe Upavaasa today. Ekadashi began before Arunodaya and no two-day exception applies. Upavaasa: 08-Aug-26 | Parana: 09-Aug-26, 06:48 AM to 09:07 AM"
geoname:5134086,Rochester,New York,United States,America/New_York,5134086,Kamika Ekadashi,Normal Ekadashi,NORMAL,2026-08-08,,2026-08-09,06:48 AM,09:00 AM,PRATAH,DWADASHI,06:48 AM,2026-08-08,COMPLETE,2026-08-08,UPAVASA_DAY_1,Kamika Ekadashi,"Upavaasa: 08-Aug-26 | Parana: 09-Aug-26, 06:48 AM to 09:00 AM",Normal Ekadashi. **Observe Upavaasa today.** Ekadashi began before Arunodaya and no two-day exception applies.,"Kamika Ekadashi. Normal Ekadashi. Observe Upavaasa today. Ekadashi began before Arunodaya and no two-day exception applies. Upavaasa: 08-Aug-26 | Parana: 09-Aug-26, 06:48 AM to 09:00 AM"
geoname:5391959,San Francisco,California,United States,America/Los_Angeles,5391959,Kamika Ekadashi,Normal Ekadashi,NORMAL,2026-08-08,,2026-08-09,06:20 AM,09:06 AM,PRATAH,DWADASHI,03:48 AM,2026-08-08,COMPLETE,2026-08-08,UPAVASA_DAY_1,Kamika Ekadashi,"Upavaasa: 08-Aug-26 | Parana: 09-Aug-26, 06:20 AM to 09:06 AM",Normal Ekadashi. **Observe Upavaasa today.** Ekadashi began before Arunodaya and no two-day exception applies.,"Kamika Ekadashi. Normal Ekadashi. Observe Upavaasa today. Ekadashi began before Arunodaya and no two-day exception applies. Upavaasa: 08-Aug-26 | Parana: 09-Aug-26, 06:20 AM to 09:06 AM"
geoname:5809844,Seattle,Washington,United States,America/Los_Angeles,5809844,Kamika Ekadashi,Normal Ekadashi,NORMAL,2026-08-08,,2026-08-09,05:58 AM,08:53 AM,PRATAH,DWADASHI,03:48 AM,2026-08-08,COMPLETE,2026-08-08,UPAVASA_DAY_1,Kamika Ekadashi,"Upavaasa: 08-Aug-26 | Parana: 09-Aug-26, 05:58 AM to 08:53 AM",Normal Ekadashi. **Observe Upavaasa today.** Ekadashi began before Arunodaya and no two-day exception applies.,"Kamika Ekadashi. Normal Ekadashi. Observe Upavaasa today. Ekadashi began before Arunodaya and no two-day exception applies. Upavaasa: 08-Aug-26 | Parana: 09-Aug-26, 05:58 AM to 08:53 AM"
geoname:5139865,Stonybrook,New York,United States,America/New_York,5139865,Kamika Ekadashi,Dashami Viddha Ekadashi,DASHAMI_VIDDHA,2026-08-09,,2026-08-10,05:58 AM,08:46 AM,POST_DWADASHI_FAST_DWADASHI_OVER_BEFORE_SUNRISE,POST_DWADASHI_UPAVASA,06:48 AM,2026-08-08,COMPLETE,2026-08-08,VIDDHA_NO_FAST,Kamika Ekadashi,"Upavaasa: 09-Aug-26 | Parana: 10-Aug-26, 05:58 AM to 08:46 AM",**Do not observe Upavaasa today.** Today's Ekadashi sunrise is Dashami Viddha because Ekadashi began during Arunodaya. No later valid Ekadashi sunrise occurs; observe Upavaasa on 09-Aug-26 on Dwadashi.,"Kamika Ekadashi. Do not observe Upavaasa today. Today's Ekadashi sunrise is Dashami Viddha because Ekadashi began during Arunodaya. No later valid Ekadashi sunrise occurs; observe Upavaasa on 09-Aug-26 on Dwadashi. Upavaasa: 09-Aug-26 | Parana: 10-Aug-26, 05:58 AM to 08:46 AM"
geoname:5140405,Syracuse,New York,United States,America/New_York,5140405,Kamika Ekadashi,Dashami Viddha Ekadashi,DASHAMI_VIDDHA,2026-08-09,,2026-08-10,06:05 AM,08:55 AM,POST_DWADASHI_FAST_DWADASHI_OVER_BEFORE_SUNRISE,POST_DWADASHI_UPAVASA,06:48 AM,2026-08-08,COMPLETE,2026-08-08,VIDDHA_NO_FAST,Kamika Ekadashi,"Upavaasa: 09-Aug-26 | Parana: 10-Aug-26, 06:05 AM to 08:55 AM",**Do not observe Upavaasa today.** Today's Ekadashi sunrise is Dashami Viddha because Ekadashi began during Arunodaya. No later valid Ekadashi sunrise occurs; observe Upavaasa on 09-Aug-26 on Dwadashi.,"Kamika Ekadashi. Do not observe Upavaasa today. Today's Ekadashi sunrise is Dashami Viddha because Ekadashi began during Arunodaya. No later valid Ekadashi sunrise occurs; observe Upavaasa on 09-Aug-26 on Dwadashi. Upavaasa: 09-Aug-26 | Parana: 10-Aug-26, 06:05 AM to 08:55 AM"
geoname:4174757,Tampa,Florida,United States,America/New_York,4174757,Kamika Ekadashi,Normal Ekadashi,NORMAL,2026-08-08,,2026-08-09,06:57 AM,09:36 AM,PRATAH,DWADASHI,06:48 AM,2026-08-08,COMPLETE,2026-08-08,UPAVASA_DAY_1,Kamika Ekadashi,"Upavaasa: 08-Aug-26 | Parana: 09-Aug-26, 06:57 AM to 09:36 AM",Normal Ekadashi. **Observe Upavaasa today.** Ekadashi began before Arunodaya and no two-day exception applies.,"Kamika Ekadashi. Normal Ekadashi. Observe Upavaasa today. Ekadashi began before Arunodaya and no two-day exception applies. Upavaasa: 08-Aug-26 | Parana: 09-Aug-26, 06:57 AM to 09:36 AM"
geoname:6173331,Vancouver,British Columbia,Canada,America/Los_Angeles,6173331,Kamika Ekadashi,Normal Ekadashi,NORMAL,2026-08-08,,2026-08-09,05:56 AM,08:53 AM,PRATAH,DWADASHI,03:48 AM,2026-08-08,COMPLETE,2026-08-08,UPAVASA_DAY_1,Kamika Ekadashi,"Upavaasa: 08-Aug-26 | Parana: 09-Aug-26, 05:56 AM to 08:53 AM",Normal Ekadashi. **Observe Upavaasa today.** Ekadashi began before Arunodaya and no two-day exception applies.,"Kamika Ekadashi. Normal Ekadashi. Observe Upavaasa today. Ekadashi began before Arunodaya and no two-day exception applies. Upavaasa: 08-Aug-26 | Parana: 09-Aug-26, 05:56 AM to 08:53 AM"
geoname:6182962,Windsor,Ontario,Canada,America/New_York,6182962,Kamika Ekadashi,Normal Ekadashi,NORMAL,2026-08-08,,2026-08-09,06:48 AM,09:23 AM,PRATAH,DWADASHI,06:48 AM,2026-08-08,COMPLETE,2026-08-08,UPAVASA_DAY_1,Kamika Ekadashi,"Upavaasa: 08-Aug-26 | Parana: 09-Aug-26, 06:48 AM to 09:23 AM",Normal Ekadashi. **Observe Upavaasa today.** Ekadashi began before Arunodaya and no two-day exception applies.,"Kamika Ekadashi. Normal Ekadashi. Observe Upavaasa today. Ekadashi began before Arunodaya and no two-day exception applies. Upavaasa: 08-Aug-26 | Parana: 09-Aug-26, 06:48 AM to 09:23 AM"
geoname:2078025,Adelaide,South Australia,Australia,Australia/Adelaide,2078025,Kamika Ekadashi,Normal Ekadashi,NORMAL,2026-08-09,,2026-08-10,07:02 AM,09:10 AM,PRATAH,DWADASHI,08:18 PM,2026-08-08,COMPLETE,2026-08-09,UPAVASA_DAY_1,Kamika Ekadashi,"Upavaasa: 09-Aug-26 | Parana: 10-Aug-26, 07:02 AM to 09:10 AM",Normal Ekadashi. **Observe Upavaasa today.** Ekadashi began before Arunodaya and no two-day exception applies.,"Kamika Ekadashi. Normal Ekadashi. Observe Upavaasa today. Ekadashi began before Arunodaya and no two-day exception applies. Upavaasa: 09-Aug-26 | Parana: 10-Aug-26, 07:02 AM to 09:10 AM"
geoname:1279290,Agartala,Tripura,India,Asia/Kolkata,1279290,Kamika Ekadashi,Normal Ekadashi,NORMAL,2026-08-09,,2026-08-10,04:58 AM,07:35 AM,PRATAH,DWADASHI,04:18 PM,2026-08-08,COMPLETE,2026-08-09,UPAVASA_DAY_1,Kamika Ekadashi,"Upavaasa: 09-Aug-26 | Parana: 10-Aug-26, 04:58 AM to 07:35 AM",Normal Ekadashi. **Observe Upavaasa today.** Ekadashi began before Arunodaya and no two-day exception applies.,"Kamika Ekadashi. Normal Ekadashi. Observe Upavaasa today. Ekadashi began before Arunodaya and no two-day exception applies. Upavaasa: 09-Aug-26 | Parana: 10-Aug-26, 04:58 AM to 07:35 AM"
geoname:1279186,Aizawl,Mizoram,India,Asia/Kolkata,1279186,Kamika Ekadashi,Normal Ekadashi,NORMAL,2026-08-09,,2026-08-10,04:52 AM,07:29 AM,PRATAH,DWADASHI,04:18 PM,2026-08-08,COMPLETE,2026-08-09,UPAVASA_DAY_1,Kamika Ekadashi,"Upavaasa: 09-Aug-26 | Parana: 10-Aug-26, 04:52 AM to 07:29 AM",Normal Ekadashi. **Observe Upavaasa today.** Ekadashi began before Arunodaya and no two-day exception applies.,"Kamika Ekadashi. Normal Ekadashi. Observe Upavaasa today. Ekadashi began before Arunodaya and no two-day exception applies. Upavaasa: 09-Aug-26 | Parana: 10-Aug-26, 04:52 AM to 07:29 AM"
geoname:4180439,Atlanta,Georgia,United States,America/New_York,4180439,Kamika Ekadashi,Normal Ekadashi,NORMAL,2026-08-08,,2026-08-09,06:55 AM,09:38 AM,PRATAH,DWADASHI,06:48 AM,2026-08-08,COMPLETE,2026-08-09,PARANA,Kamika Ekadashi,Upavaasa: 08-Aug-26 | Parana today: 06:55 AM to 09:38 AM,**Perform Parana today** between 06:55 AM and 09:38 AM. Upavaasa was observed on 08-Aug-26.,Kamika Ekadashi. Perform Parana today between 06:55 AM and 09:38 AM. Upavaasa was observed on 08-Aug-26. Upavaasa: 08-Aug-26 | Parana today: 06:55 AM to 09:38 AM
geoname:2193733,Auckland,Auckland,New Zealand,Pacific/Auckland,2193733,Kamika Ekadashi,Normal Ekadashi,NORMAL,2026-08-09,,2026-08-10,07:10 AM,09:17 AM,PRATAH,DWADASHI,10:48 PM,2026-08-08,COMPLETE,2026-08-09,UPAVASA_DAY_1,Kamika Ekadashi,"Upavaasa: 09-Aug-26 | Parana: 10-Aug-26, 07:10 AM to 09:17 AM",Normal Ekadashi. **Observe Upavaasa today.** Ekadashi began before Arunodaya and no two-day exception applies.,"Kamika Ekadashi. Normal Ekadashi. Observe Upavaasa today. Ekadashi began before Arunodaya and no two-day exception applies. Upavaasa: 09-Aug-26 | Parana: 10-Aug-26, 07:10 AM to 09:17 AM"
geoname:1278094,Ayodhya,Uttar Pradesh,India,Asia/Kolkata,1278094,Kamika Ekadashi,Normal Ekadashi,NORMAL,2026-08-09,,2026-08-10,05:30 AM,08:00 AM,PRATAH,DWADASHI,04:18 PM,2026-08-08,COMPLETE,2026-08-09,UPAVASA_DAY_1,Kamika Ekadashi,"Upavaasa: 09-Aug-26 | Parana: 10-Aug-26, 05:30 AM to 08:00 AM",Normal Ekadashi. **Observe Upavaasa today.** Ekadashi began before Arunodaya and no two-day exception applies.,"Kamika Ekadashi. Normal Ekadashi. Observe Upavaasa today. Ekadashi began before Arunodaya and no two-day exception applies. Upavaasa: 09-Aug-26 | Parana: 10-Aug-26, 05:30 AM to 08:00 AM"
geoname:4347778,Baltimore,Maryland,United States,America/New_York,4347778,Kamika Ekadashi,Normal Ekadashi,NORMAL,2026-08-08,,2026-08-09,06:48 AM,09:01 AM,PRATAH,DWADASHI,06:48 AM,2026-08-08,COMPLETE,2026-08-09,PARANA,Kamika Ekadashi,Upavaasa: 08-Aug-26 | Parana today: 06:48 AM to 09:01 AM,**Perform Parana today** between 06:48 AM and 09:01 AM. Upavaasa was observed on 08-Aug-26.,Kamika Ekadashi. Perform Parana today between 06:48 AM and 09:01 AM. Upavaasa was observed on 08-Aug-26. Upavaasa: 08-Aug-26 | Parana today: 06:48 AM to 09:01 AM
geoname:5108728,Belfast,New York,United States,America/New_York,5108728,Kamika Ekadashi,Normal Ekadashi,NORMAL,2026-08-08,,2026-08-09,06:48 AM,09:03 AM,PRATAH,DWADASHI,06:48 AM,2026-08-08,COMPLETE,2026-08-09,PARANA,Kamika Ekadashi,Upavaasa: 08-Aug-26 | Parana today: 06:48 AM to 09:03 AM,**Perform Parana today** between 06:48 AM and 09:03 AM. Upavaasa was observed on 08-Aug-26.,Kamika Ekadashi. Perform Parana today between 06:48 AM and 09:03 AM. Upavaasa was observed on 08-Aug-26. Upavaasa: 08-Aug-26 | Parana today: 06:48 AM to 09:03 AM
geoname:1276533,Belgaum,Karnataka,India,Asia/Kolkata,1276533,Kamika Ekadashi,Normal Ekadashi,NORMAL,2026-08-09,,2026-08-10,06:16 AM,08:00 AM,PRATAH,DWADASHI,04:18 PM,2026-08-08,COMPLETE,2026-08-09,UPAVASA_DAY_1,Kamika Ekadashi,"Upavaasa: 09-Aug-26 | Parana: 10-Aug-26, 06:16 AM to 08:00 AM",Normal Ekadashi. **Observe Upavaasa today.** Ekadashi began before Arunodaya and no two-day exception applies.,"Kamika Ekadashi. Normal Ekadashi. Observe Upavaasa today. Ekadashi began before Arunodaya and no two-day exception applies. Upavaasa: 09-Aug-26 | Parana: 10-Aug-26, 06:16 AM to 08:00 AM"
geoname:1277333,Bengaluru,Karnataka,India,Asia/Kolkata,1277333,Kamika Ekadashi,Normal Ekadashi,NORMAL,2026-08-09,,2026-08-10,06:07 AM,08:00 AM,PRATAH,DWADASHI,04:18 PM,2026-08-08,COMPLETE,2026-08-09,UPAVASA_DAY_1,Kamika Ekadashi,"Upavaasa: 09-Aug-26 | Parana: 10-Aug-26, 06:07 AM to 08:00 AM",Normal Ekadashi. **Observe Upavaasa today.** Ekadashi began before Arunodaya and no two-day exception applies.,"Kamika Ekadashi. Normal Ekadashi. Observe Upavaasa today. Ekadashi began before Arunodaya and no two-day exception applies. Upavaasa: 09-Aug-26 | Parana: 10-Aug-26, 06:07 AM to 08:00 AM"
geoname:1275841,Bhopal,Madhya Pradesh,India,Asia/Kolkata,1275841,Kamika Ekadashi,Normal Ekadashi,NORMAL,2026-08-09,,2026-08-10,05:54 AM,08:00 AM,PRATAH,DWADASHI,04:18 PM,2026-08-08,COMPLETE,2026-08-09,UPAVASA_DAY_1,Kamika Ekadashi,"Upavaasa: 09-Aug-26 | Parana: 10-Aug-26, 05:54 AM to 08:00 AM",Normal Ekadashi. **Observe Upavaasa today.** Ekadashi began before Arunodaya and no two-day exception applies.,"Kamika Ekadashi. Normal Ekadashi. Observe Upavaasa today. Ekadashi began before Arunodaya and no two-day exception applies. Upavaasa: 09-Aug-26 | Parana: 10-Aug-26, 05:54 AM to 08:00 AM"
geoname:1275817,Bhubaneswar,Odisha,India,Asia/Kolkata,1275817,Kamika Ekadashi,Normal Ekadashi,NORMAL,2026-08-09,,2026-08-10,05:25 AM,08:00 AM,PRATAH,DWADASHI,04:18 PM,2026-08-08,COMPLETE,2026-08-09,UPAVASA_DAY_1,Kamika Ekadashi,"Upavaasa: 09-Aug-26 | Parana: 10-Aug-26, 05:25 AM to 08:00 AM",Normal Ekadashi. **Observe Upavaasa today.** Ekadashi began before Arunodaya and no two-day exception applies.,"Kamika Ekadashi. Normal Ekadashi. Observe Upavaasa today. Ekadashi began before Arunodaya and no two-day exception applies. Upavaasa: 09-Aug-26 | Parana: 10-Aug-26, 05:25 AM to 08:00 AM"
geoname:2174003,Brisbane,Queensland,Australia,Australia/Brisbane,2174003,Kamika Ekadashi,Normal Ekadashi,NORMAL,2026-08-09,,2026-08-10,06:23 AM,08:35 AM,PRATAH,DWADASHI,08:48 PM,2026-08-08,COMPLETE,2026-08-09,UPAVASA_DAY_1,Kamika Ekadashi,"Upavaasa: 09-Aug-26 | Parana: 10-Aug-26, 06:23 AM to 08:35 AM",Normal Ekadashi. **Observe Upavaasa today.** Ekadashi began before Arunodaya and no two-day exception applies.,"Kamika Ekadashi. Normal Ekadashi. Observe Upavaasa today. Ekadashi began before Arunodaya and no two-day exception applies. Upavaasa: 09-Aug-26 | Parana: 10-Aug-26, 06:23 AM to 08:35 AM"
geoname:5110629,Buffalo,New York,United States,America/New_York,5110629,Kamika Ekadashi,Normal Ekadashi,NORMAL,2026-08-08,,2026-08-09,06:48 AM,09:05 AM,PRATAH,DWADASHI,06:48 AM,2026-08-08,COMPLETE,2026-08-09,PARANA,Kamika Ekadashi,Upavaasa: 08-Aug-26 | Parana today: 06:48 AM to 09:05 AM,**Perform Parana today** between 06:48 AM and 09:05 AM. Upavaasa was observed on 08-Aug-26.,Kamika Ekadashi. Perform Parana today between 06:48 AM and 09:05 AM. Upavaasa was observed on 08-Aug-26. Upavaasa: 08-Aug-26 | Parana today: 06:48 AM to 09:05 AM
geoname:2172517,Canberra,Australian Capital Territory,Australia,Australia/Sydney,2172517,Kamika Ekadashi,Normal Ekadashi,NORMAL,2026-08-09,,2026-08-10,06:50 AM,08:58 AM,PRATAH,DWADASHI,08:48 PM,2026-08-08,COMPLETE,2026-08-09,UPAVASA_DAY_1,Kamika Ekadashi,"Upavaasa: 09-Aug-26 | Parana: 10-Aug-26, 06:50 AM to 08:58 AM",Normal Ekadashi. **Observe Upavaasa today.** Ekadashi began before Arunodaya and no two-day exception applies.,"Kamika Ekadashi. Normal Ekadashi. Observe Upavaasa today. Ekadashi began before Arunodaya and no two-day exception applies. Upavaasa: 09-Aug-26 | Parana: 10-Aug-26, 06:50 AM to 08:58 AM"
geoname:4460243,Charlotte,North Carolina,United States,America/New_York,4460243,Kamika Ekadashi,Normal Ekadashi,NORMAL,2026-08-08,,2026-08-09,06:48 AM,09:23 AM,PRATAH,DWADASHI,06:48 AM,2026-08-08,COMPLETE,2026-08-09,PARANA,Kamika Ekadashi,Upavaasa: 08-Aug-26 | Parana today: 06:48 AM to 09:23 AM,**Perform Parana today** between 06:48 AM and 09:23 AM. Upavaasa was observed on 08-Aug-26.,Kamika Ekadashi. Perform Parana today between 06:48 AM and 09:23 AM. Upavaasa was observed on 08-Aug-26. Upavaasa: 08-Aug-26 | Parana today: 06:48 AM to 09:23 AM
geoname:1264527,Chennai,Tamil Nadu,India,Asia/Kolkata,1264527,Kamika Ekadashi,Normal Ekadashi,NORMAL,2026-08-09,,2026-08-10,05:56 AM,08:00 AM,PRATAH,DWADASHI,04:18 PM,2026-08-08,COMPLETE,2026-08-09,UPAVASA_DAY_1,Kamika Ekadashi,"Upavaasa: 09-Aug-26 | Parana: 10-Aug-26, 05:56 AM to 08:00 AM",Normal Ekadashi. **Observe Upavaasa today.** Ekadashi began before Arunodaya and no two-day exception applies.,"Kamika Ekadashi. Normal Ekadashi. Observe Upavaasa today. Ekadashi began before Arunodaya and no two-day exception applies. Upavaasa: 09-Aug-26 | Parana: 10-Aug-26, 05:56 AM to 08:00 AM"
geoname:4887398,Chicago,Illinois,United States,America/Chicago,4887398,Kamika Ekadashi,Normal Ekadashi,NORMAL,2026-08-08,,2026-08-09,05:53 AM,08:42 AM,PRATAH,DWADASHI,05:48 AM,2026-08-08,COMPLETE,2026-08-09,PARANA,Kamika Ekadashi,Upavaasa: 08-Aug-26 | Parana today: 05:53 AM to 08:42 AM,**Perform Parana today** between 05:53 AM and 08:42 AM. Upavaasa was observed on 08-Aug-26.,Kamika Ekadashi. Perform Parana today between 05:53 AM and 08:42 AM. Upavaasa was observed on 08-Aug-26. Upavaasa: 08-Aug-26 | Parana today: 05:53 AM to 08:42 AM
geoname:1274256,Chidambaram,Tamil Nadu,India,Asia/Kolkata,1274256,Kamika Ekadashi,Normal Ekadashi,NORMAL,2026-08-09,,2026-08-10,06:00 AM,08:00 AM,PRATAH,DWADASHI,04:18 PM,2026-08-08,COMPLETE,2026-08-09,UPAVASA_DAY_1,Kamika Ekadashi,"Upavaasa: 09-Aug-26 | Parana: 10-Aug-26, 06:00 AM to 08:00 AM",Normal Ekadashi. **Observe Upavaasa today.** Ekadashi began before Arunodaya and no two-day exception applies.,"Kamika Ekadashi. Normal Ekadashi. Observe Upavaasa today. Ekadashi began before Arunodaya and no two-day exception applies. Upavaasa: 09-Aug-26 | Parana: 10-Aug-26, 06:00 AM to 08:00 AM"
geoname:2192362,Christchurch,Canterbury,New Zealand,Pacific/Auckland,2192362,Kamika Ekadashi,Normal Ekadashi,NORMAL,2026-08-09,,2026-08-10,07:32 AM,09:33 AM,PRATAH,DWADASHI,10:48 PM,2026-08-08,COMPLETE,2026-08-09,UPAVASA_DAY_1,Kamika Ekadashi,"Upavaasa: 09-Aug-26 | Parana: 10-Aug-26, 07:32 AM to 09:33 AM",Normal Ekadashi. **Observe Upavaasa today.** Ekadashi began before Arunodaya and no two-day exception applies.,"Kamika Ekadashi. Normal Ekadashi. Observe Upavaasa today. Ekadashi began before Arunodaya and no two-day exception applies. Upavaasa: 09-Aug-26 | Parana: 10-Aug-26, 07:32 AM to 09:33 AM"
geoname:4508722,Cincinnati,Ohio,United States,America/New_York,4508722,Kamika Ekadashi,Normal Ekadashi,NORMAL,2026-08-08,,2026-08-09,06:48 AM,09:33 AM,PRATAH,DWADASHI,06:48 AM,2026-08-08,COMPLETE,2026-08-09,PARANA,Kamika Ekadashi,Upavaasa: 08-Aug-26 | Parana today: 06:48 AM to 09:33 AM,**Perform Parana today** between 06:48 AM and 09:33 AM. Upavaasa was observed on 08-Aug-26.,Kamika Ekadashi. Perform Parana today between 06:48 AM and 09:33 AM. Upavaasa was observed on 08-Aug-26. Upavaasa: 08-Aug-26 | Parana today: 06:48 AM to 09:33 AM
geoname:5150529,Cleveland,Ohio,United States,America/New_York,5150529,Kamika Ekadashi,Normal Ekadashi,NORMAL,2026-08-08,,2026-08-09,06:48 AM,09:19 AM,PRATAH,DWADASHI,06:48 AM,2026-08-08,COMPLETE,2026-08-09,PARANA,Kamika Ekadashi,Upavaasa: 08-Aug-26 | Parana today: 06:48 AM to 09:19 AM,**Perform Parana today** between 06:48 AM and 09:19 AM. Upavaasa was observed on 08-Aug-26.,Kamika Ekadashi. Perform Parana today between 06:48 AM and 09:19 AM. Upavaasa was observed on 08-Aug-26. Upavaasa: 08-Aug-26 | Parana today: 06:48 AM to 09:19 AM
geoname:4256038,Columbus,Indiana,United States,America/Indiana/Indianapolis,4256038,Kamika Ekadashi,Normal Ekadashi,NORMAL,2026-08-08,,2026-08-09,06:51 AM,09:38 AM,PRATAH,DWADASHI,06:48 AM,2026-08-08,COMPLETE,2026-08-09,PARANA,Kamika Ekadashi,Upavaasa: 08-Aug-26 | Parana today: 06:51 AM to 09:38 AM,**Perform Parana today** between 06:51 AM and 09:38 AM. Upavaasa was observed on 08-Aug-26.,Kamika Ekadashi. Perform Parana today between 06:51 AM and 09:38 AM. Upavaasa was observed on 08-Aug-26. Upavaasa: 08-Aug-26 | Parana today: 06:51 AM to 09:38 AM
geoname:4509177,Columbus,Ohio,United States,America/New_York,4509177,Kamika Ekadashi,Normal Ekadashi,NORMAL,2026-08-08,,2026-08-09,06:48 AM,09:26 AM,PRATAH,DWADASHI,06:48 AM,2026-08-08,COMPLETE,2026-08-09,PARANA,Kamika Ekadashi,Upavaasa: 08-Aug-26 | Parana today: 06:48 AM to 09:26 AM,**Perform Parana today** between 06:48 AM and 09:26 AM. Upavaasa was observed on 08-Aug-26.,Kamika Ekadashi. Perform Parana today between 06:48 AM and 09:26 AM. Upavaasa was observed on 08-Aug-26. Upavaasa: 08-Aug-26 | Parana today: 06:48 AM to 09:26 AM
geoname:4684888,Dallas,Texas,United States,America/Chicago,4684888,Kamika Ekadashi,Normal Ekadashi,NORMAL,2026-08-08,,2026-08-09,06:47 AM,09:29 AM,PRATAH,DWADASHI,05:48 AM,2026-08-08,COMPLETE,2026-08-09,PARANA,Kamika Ekadashi,Upavaasa: 08-Aug-26 | Parana today: 06:47 AM to 09:29 AM,**Perform Parana today** between 06:47 AM and 09:29 AM. Upavaasa was observed on 08-Aug-26.,Kamika Ekadashi. Perform Parana today between 06:47 AM and 09:29 AM. Upavaasa was observed on 08-Aug-26. Upavaasa: 08-Aug-26 | Parana today: 06:47 AM to 09:29 AM
geoname:1272648,Dibrugarh,Assam,India,Asia/Kolkata,1272648,Kamika Ekadashi,Normal Ekadashi,NORMAL,2026-08-09,,2026-08-10,04:38 AM,07:17 AM,PRATAH,DWADASHI,04:18 PM,2026-08-08,COMPLETE,2026-08-09,UPAVASA_DAY_1,Kamika Ekadashi,"Upavaasa: 09-Aug-26 | Parana: 10-Aug-26, 04:38 AM to 07:17 AM",Normal Ekadashi. **Observe Upavaasa today.** Ekadashi began before Arunodaya and no two-day exception applies.,"Kamika Ekadashi. Normal Ekadashi. Observe Upavaasa today. Ekadashi began before Arunodaya and no two-day exception applies. Upavaasa: 09-Aug-26 | Parana: 10-Aug-26, 04:38 AM to 07:17 AM"
geoname:1272552,Dimapur,Nagaland,India,Asia/Kolkata,1272552,Kamika Ekadashi,Normal Ekadashi,NORMAL,2026-08-09,,2026-08-10,04:45 AM,07:23 AM,PRATAH,DWADASHI,04:18 PM,2026-08-08,COMPLETE,2026-08-09,UPAVASA_DAY_1,Kamika Ekadashi,"Upavaasa: 09-Aug-26 | Parana: 10-Aug-26, 04:45 AM to 07:23 AM",Normal Ekadashi. **Observe Upavaasa today.** Ekadashi began before Arunodaya and no two-day exception applies.,"Kamika Ekadashi. Normal Ekadashi. Observe Upavaasa today. Ekadashi began before Arunodaya and no two-day exception applies. Upavaasa: 09-Aug-26 | Parana: 10-Aug-26, 04:45 AM to 07:23 AM"
geoname:290030,Doha,Baladīyat ad Dawḩah,Qatar,Asia/Qatar,290030,Kamika Ekadashi,Normal Ekadashi,NORMAL,2026-08-09,,2026-08-10,05:05 AM,05:30 AM,PRATAH,DWADASHI,01:48 PM,2026-08-08,COMPLETE,2026-08-09,UPAVASA_DAY_1,Kamika Ekadashi,"Upavaasa: 09-Aug-26 | Parana: 10-Aug-26, 05:05 AM to 05:30 AM",Normal Ekadashi. **Observe Upavaasa today.** Ekadashi began before Arunodaya and no two-day exception applies.,"Kamika Ekadashi. Normal Ekadashi. Observe Upavaasa today. Ekadashi began before Arunodaya and no two-day exception applies. Upavaasa: 09-Aug-26 | Parana: 10-Aug-26, 05:05 AM to 05:30 AM"
geoname:292223,Dubai,Dubai,United Arab Emirates,Asia/Dubai,292223,Kamika Ekadashi,Normal Ekadashi,NORMAL,2026-08-09,,2026-08-10,05:51 AM,06:30 AM,PRATAH,DWADASHI,02:48 PM,2026-08-08,COMPLETE,2026-08-09,UPAVASA_DAY_1,Kamika Ekadashi,"Upavaasa: 09-Aug-26 | Parana: 10-Aug-26, 05:51 AM to 06:30 AM",Normal Ekadashi. **Observe Upavaasa today.** Ekadashi began before Arunodaya and no two-day exception applies.,"Kamika Ekadashi. Normal Ekadashi. Observe Upavaasa today. Ekadashi began before Arunodaya and no two-day exception applies. Upavaasa: 09-Aug-26 | Parana: 10-Aug-26, 05:51 AM to 06:30 AM"
geoname:2928751,Esslingen,Esslingen,Germany,Europe/Berlin,2928751,Kamika Ekadashi,Normal Ekadashi,NORMAL,2026-08-09,,2026-08-10,06:09 AM,09:05 AM,DWADASHI_OVER_BEFORE_SUNRISE,DWADASHI,12:48 PM,2026-08-08,COMPLETE,2026-08-09,UPAVASA_DAY_1,Kamika Ekadashi,"Upavaasa: 09-Aug-26 | Parana: 10-Aug-26, 06:09 AM to 09:05 AM",Normal Ekadashi. **Observe Upavaasa today.** Ekadashi began before Arunodaya and no two-day exception applies.,"Kamika Ekadashi. Normal Ekadashi. Observe Upavaasa today. Ekadashi began before Arunodaya and no two-day exception applies. Upavaasa: 09-Aug-26 | Parana: 10-Aug-26, 06:09 AM to 09:05 AM"
geoname:1271631,Gangtok,Sikkim,India,Asia/Kolkata,1271631,Kamika Ekadashi,Normal Ekadashi,NORMAL,2026-08-09,,2026-08-10,05:04 AM,07:43 AM,PRATAH,DWADASHI,04:18 PM,2026-08-08,COMPLETE,2026-08-09,UPAVASA_DAY_1,Kamika Ekadashi,"Upavaasa: 09-Aug-26 | Parana: 10-Aug-26, 05:04 AM to 07:43 AM",Normal Ekadashi. **Observe Upavaasa today.** Ekadashi began before Arunodaya and no two-day exception applies.,"Kamika Ekadashi. Normal Ekadashi. Observe Upavaasa today. Ekadashi began before Arunodaya and no two-day exception applies. Upavaasa: 09-Aug-26 | Parana: 10-Aug-26, 05:04 AM to 07:43 AM"
geoname:5119251,Greece,New York,United States,America/New_York,5119251,Kamika Ekadashi,Normal Ekadashi,NORMAL,2026-08-08,,2026-08-09,06:48 AM,09:00 AM,PRATAH,DWADASHI,06:48 AM,2026-08-08,COMPLETE,2026-08-09,PARANA,Kamika Ekadashi,Upavaasa: 08-Aug-26 | Parana today: 06:48 AM to 09:00 AM,**Perform Parana today** between 06:48 AM and 09:00 AM. Upavaasa was observed on 08-Aug-26.,Kamika Ekadashi. Perform Parana today between 06:48 AM and 09:00 AM. Upavaasa was observed on 08-Aug-26. Upavaasa: 08-Aug-26 | Parana today: 06:48 AM to 09:00 AM
geoname:1270603,Guruvayur,Kerala,India,Asia/Kolkata,1270603,Kamika Ekadashi,Normal Ekadashi,NORMAL,2026-08-09,,2026-08-10,06:16 AM,08:00 AM,PRATAH,DWADASHI,04:18 PM,2026-08-08,COMPLETE,2026-08-09,UPAVASA_DAY_1,Kamika Ekadashi,"Upavaasa: 09-Aug-26 | Parana: 10-Aug-26, 06:16 AM to 08:00 AM",Normal Ekadashi. **Observe Upavaasa today.** Ekadashi began before Arunodaya and no two-day exception applies.,"Kamika Ekadashi. Normal Ekadashi. Observe Upavaasa today. Ekadashi began before Arunodaya and no two-day exception applies. Upavaasa: 09-Aug-26 | Parana: 10-Aug-26, 06:16 AM to 08:00 AM"
geoname:1271476,Guwahati,Assam,India,Asia/Kolkata,1271476,Kamika Ekadashi,Normal Ekadashi,NORMAL,2026-08-09,,2026-08-10,04:53 AM,07:31 AM,PRATAH,DWADASHI,04:18 PM,2026-08-08,COMPLETE,2026-08-09,UPAVASA_DAY_1,Kamika Ekadashi,"Upavaasa: 09-Aug-26 | Parana: 10-Aug-26, 04:53 AM to 07:31 AM",Normal Ekadashi. **Observe Upavaasa today.** Ekadashi began before Arunodaya and no two-day exception applies.,"Kamika Ekadashi. Normal Ekadashi. Observe Upavaasa today. Ekadashi began before Arunodaya and no two-day exception applies. Upavaasa: 09-Aug-26 | Parana: 10-Aug-26, 04:53 AM to 07:31 AM"
geoname:4699066,Houston,Texas,United States,America/Chicago,4699066,Kamika Ekadashi,Normal Ekadashi,NORMAL,2026-08-08,,2026-08-09,06:46 AM,09:26 AM,PRATAH,DWADASHI,05:48 AM,2026-08-08,COMPLETE,2026-08-09,PARANA,Kamika Ekadashi,Upavaasa: 08-Aug-26 | Parana today: 06:46 AM to 09:26 AM,**Perform Parana today** between 06:46 AM and 09:26 AM. Upavaasa was observed on 08-Aug-26.,Kamika Ekadashi. Perform Parana today between 06:46 AM and 09:26 AM. Upavaasa was observed on 08-Aug-26. Upavaasa: 08-Aug-26 | Parana today: 06:46 AM to 09:26 AM
geoname:1269920,Hubli,Karnataka,India,Asia/Kolkata,1269920,Kamika Ekadashi,Normal Ekadashi,NORMAL,2026-08-09,,2026-08-10,06:14 AM,08:00 AM,PRATAH,DWADASHI,04:18 PM,2026-08-08,COMPLETE,2026-08-09,UPAVASA_DAY_1,Kamika Ekadashi,"Upavaasa: 09-Aug-26 | Parana: 10-Aug-26, 06:14 AM to 08:00 AM",Normal Ekadashi. **Observe Upavaasa today.** Ekadashi began before Arunodaya and no two-day exception applies.,"Kamika Ekadashi. Normal Ekadashi. Observe Upavaasa today. Ekadashi began before Arunodaya and no two-day exception applies. Upavaasa: 09-Aug-26 | Parana: 10-Aug-26, 06:14 AM to 08:00 AM"
geoname:1269843,Hyderabad,Telangana,India,Asia/Kolkata,1269843,Kamika Ekadashi,Normal Ekadashi,NORMAL,2026-08-09,,2026-08-10,05:58 AM,08:00 AM,PRATAH,DWADASHI,04:18 PM,2026-08-08,COMPLETE,2026-08-09,UPAVASA_DAY_1,Kamika Ekadashi,"Upavaasa: 09-Aug-26 | Parana: 10-Aug-26, 05:58 AM to 08:00 AM",Normal Ekadashi. **Observe Upavaasa today.** Ekadashi began before Arunodaya and no two-day exception applies.,"Kamika Ekadashi. Normal Ekadashi. Observe Upavaasa today. Ekadashi began before Arunodaya and no two-day exception applies. Upavaasa: 09-Aug-26 | Parana: 10-Aug-26, 05:58 AM to 08:00 AM"
geoname:1269771,Imphal,Manipur,India,Asia/Kolkata,1269771,Kamika Ekadashi,Normal Ekadashi,NORMAL,2026-08-09,,2026-08-10,04:46 AM,07:23 AM,PRATAH,DWADASHI,04:18 PM,2026-08-08,COMPLETE,2026-08-09,UPAVASA_DAY_1,Kamika Ekadashi,"Upavaasa: 09-Aug-26 | Parana: 10-Aug-26, 04:46 AM to 07:23 AM",Normal Ekadashi. **Observe Upavaasa today.** Ekadashi began before Arunodaya and no two-day exception applies.,"Kamika Ekadashi. Normal Ekadashi. Observe Upavaasa today. Ekadashi began before Arunodaya and no two-day exception applies. Upavaasa: 09-Aug-26 | Parana: 10-Aug-26, 04:46 AM to 07:23 AM"
geoname:1269655,Itanagar,Arunachal Pradesh,India,Asia/Kolkata,1269655,Kamika Ekadashi,Normal Ekadashi,NORMAL,2026-08-09,,2026-08-10,04:44 AM,07:23 AM,PRATAH,DWADASHI,04:18 PM,2026-08-08,COMPLETE,2026-08-09,UPAVASA_DAY_1,Kamika Ekadashi,"Upavaasa: 09-Aug-26 | Parana: 10-Aug-26, 04:44 AM to 07:23 AM",Normal Ekadashi. **Observe Upavaasa today.** Ekadashi began before Arunodaya and no two-day exception applies.,"Kamika Ekadashi. Normal Ekadashi. Observe Upavaasa today. Ekadashi began before Arunodaya and no two-day exception applies. Upavaasa: 09-Aug-26 | Parana: 10-Aug-26, 04:44 AM to 07:23 AM"
geoname:1268159,Kanchipuram,Tamil Nadu,India,Asia/Kolkata,1268159,Kamika Ekadashi,Normal Ekadashi,NORMAL,2026-08-09,,2026-08-10,05:58 AM,08:00 AM,PRATAH,DWADASHI,04:18 PM,2026-08-08,COMPLETE,2026-08-09,UPAVASA_DAY_1,Kamika Ekadashi,"Upavaasa: 09-Aug-26 | Parana: 10-Aug-26, 05:58 AM to 08:00 AM",Normal Ekadashi. **Observe Upavaasa today.** Ekadashi began before Arunodaya and no two-day exception applies.,"Kamika Ekadashi. Normal Ekadashi. Observe Upavaasa today. Ekadashi began before Arunodaya and no two-day exception applies. Upavaasa: 09-Aug-26 | Parana: 10-Aug-26, 05:58 AM to 08:00 AM"
geoname:4634946,Knoxville,Tennessee,United States,America/New_York,4634946,Kamika Ekadashi,Normal Ekadashi,NORMAL,2026-08-08,,2026-08-09,06:50 AM,09:34 AM,PRATAH,DWADASHI,06:48 AM,2026-08-08,COMPLETE,2026-08-09,PARANA,Kamika Ekadashi,Upavaasa: 08-Aug-26 | Parana today: 06:50 AM to 09:34 AM,**Perform Parana today** between 06:50 AM and 09:34 AM. Upavaasa was observed on 08-Aug-26.,Kamika Ekadashi. Perform Parana today between 06:50 AM and 09:34 AM. Upavaasa was observed on 08-Aug-26. Upavaasa: 08-Aug-26 | Parana today: 06:50 AM to 09:34 AM
geoname:1266285,Kolhapur,Maharashtra,India,Asia/Kolkata,1266285,Kamika Ekadashi,Normal Ekadashi,NORMAL,2026-08-09,,2026-08-10,06:16 AM,08:00 AM,PRATAH,DWADASHI,04:18 PM,2026-08-08,COMPLETE,2026-08-09,UPAVASA_DAY_1,Kamika Ekadashi,"Upavaasa: 09-Aug-26 | Parana: 10-Aug-26, 06:16 AM to 08:00 AM",Normal Ekadashi. **Observe Upavaasa today.** Ekadashi began before Arunodaya and no two-day exception applies.,"Kamika Ekadashi. Normal Ekadashi. Observe Upavaasa today. Ekadashi began before Arunodaya and no two-day exception applies. Upavaasa: 09-Aug-26 | Parana: 10-Aug-26, 06:16 AM to 08:00 AM"
geoname:1275004,Kolkata,West Bengal,India,Asia/Kolkata,1275004,Kamika Ekadashi,Normal Ekadashi,NORMAL,2026-08-09,,2026-08-10,05:12 AM,07:48 AM,PRATAH,DWADASHI,04:18 PM,2026-08-08,COMPLETE,2026-08-09,UPAVASA_DAY_1,Kamika Ekadashi,"Upavaasa: 09-Aug-26 | Parana: 10-Aug-26, 05:12 AM to 07:48 AM",Normal Ekadashi. **Observe Upavaasa today.** Ekadashi began before Arunodaya and no two-day exception applies.,"Kamika Ekadashi. Normal Ekadashi. Observe Upavaasa today. Ekadashi began before Arunodaya and no two-day exception applies. Upavaasa: 09-Aug-26 | Parana: 10-Aug-26, 05:12 AM to 07:48 AM"
geoname:1265683,Kumbakonam,Tamil Nadu,India,Asia/Kolkata,1265683,Kamika Ekadashi,Normal Ekadashi,NORMAL,2026-08-09,,2026-08-10,06:02 AM,08:00 AM,PRATAH,DWADASHI,04:18 PM,2026-08-08,COMPLETE,2026-08-09,UPAVASA_DAY_1,Kamika Ekadashi,"Upavaasa: 09-Aug-26 | Parana: 10-Aug-26, 06:02 AM to 08:00 AM",Normal Ekadashi. **Observe Upavaasa today.** Ekadashi began before Arunodaya and no two-day exception applies.,"Kamika Ekadashi. Normal Ekadashi. Observe Upavaasa today. Ekadashi began before Arunodaya and no two-day exception applies. Upavaasa: 09-Aug-26 | Parana: 10-Aug-26, 06:02 AM to 08:00 AM"
geoname:4922462,Lafayette,Indiana,United States,America/Indiana/Indianapolis,4922462,Kamika Ekadashi,Normal Ekadashi,NORMAL,2026-08-08,,2026-08-09,06:53 AM,09:41 AM,PRATAH,DWADASHI,06:48 AM,2026-08-08,COMPLETE,2026-08-09,PARANA,Kamika Ekadashi,Upavaasa: 08-Aug-26 | Parana today: 06:53 AM to 09:41 AM,**Perform Parana today** between 06:53 AM and 09:41 AM. Upavaasa was observed on 08-Aug-26.,Kamika Ekadashi. Perform Parana today between 06:53 AM and 09:41 AM. Upavaasa was observed on 08-Aug-26. Upavaasa: 08-Aug-26 | Parana today: 06:53 AM to 09:41 AM
geoname:2643743,London,London,United Kingdom,Europe/London,2643743,Kamika Ekadashi,Normal Ekadashi,NORMAL,2026-08-09,,2026-08-10,05:38 AM,08:37 AM,DWADASHI_OVER_BEFORE_SUNRISE,DWADASHI,11:48 AM,2026-08-08,COMPLETE,2026-08-09,UPAVASA_DAY_1,Kamika Ekadashi,"Upavaasa: 09-Aug-26 | Parana: 10-Aug-26, 05:38 AM to 08:37 AM",Normal Ekadashi. **Observe Upavaasa today.** Ekadashi began before Arunodaya and no two-day exception applies.,"Kamika Ekadashi. Normal Ekadashi. Observe Upavaasa today. Ekadashi began before Arunodaya and no two-day exception applies. Upavaasa: 09-Aug-26 | Parana: 10-Aug-26, 05:38 AM to 08:37 AM"
geoname:5368361,Los Angeles,California,United States,America/Los_Angeles,5368361,Kamika Ekadashi,Normal Ekadashi,NORMAL,2026-08-08,,2026-08-09,06:10 AM,08:53 AM,PRATAH,DWADASHI,03:48 AM,2026-08-08,COMPLETE,2026-08-09,PARANA,Kamika Ekadashi,Upavaasa: 08-Aug-26 | Parana today: 06:10 AM to 08:53 AM,**Perform Parana today** between 06:10 AM and 08:53 AM. Upavaasa was observed on 08-Aug-26.,Kamika Ekadashi. Perform Parana today between 06:10 AM and 08:53 AM. Upavaasa was observed on 08-Aug-26. Upavaasa: 08-Aug-26 | Parana today: 06:10 AM to 08:53 AM
geoname:1264733,Lucknow,Uttar Pradesh,India,Asia/Kolkata,1264733,Kamika Ekadashi,Normal Ekadashi,NORMAL,2026-08-09,,2026-08-10,05:35 AM,08:00 AM,PRATAH,DWADASHI,04:18 PM,2026-08-08,COMPLETE,2026-08-09,UPAVASA_DAY_1,Kamika Ekadashi,"Upavaasa: 09-Aug-26 | Parana: 10-Aug-26, 05:35 AM to 08:00 AM",Normal Ekadashi. **Observe Upavaasa today.** Ekadashi began before Arunodaya and no two-day exception applies.,"Kamika Ekadashi. Normal Ekadashi. Observe Upavaasa today. Ekadashi began before Arunodaya and no two-day exception applies. Upavaasa: 09-Aug-26 | Parana: 10-Aug-26, 05:35 AM to 08:00 AM"
geoname:1264521,Madurai,Tamil Nadu,India,Asia/Kolkata,1264521,Kamika Ekadashi,Normal Ekadashi,NORMAL,2026-08-09,,2026-08-10,06:08 AM,08:00 AM,PRATAH,DWADASHI,04:18 PM,2026-08-08,COMPLETE,2026-08-09,UPAVASA_DAY_1,Kamika Ekadashi,"Upavaasa: 09-Aug-26 | Parana: 10-Aug-26, 06:08 AM to 08:00 AM",Normal Ekadashi. **Observe Upavaasa today.** Ekadashi began before Arunodaya and no two-day exception applies.,"Kamika Ekadashi. Normal Ekadashi. Observe Upavaasa today. Ekadashi began before Arunodaya and no two-day exception applies. Upavaasa: 09-Aug-26 | Parana: 10-Aug-26, 06:08 AM to 08:00 AM"
geoname:1263780,Mangalore,Karnataka,India,Asia/Kolkata,1263780,Kamika Ekadashi,Normal Ekadashi,NORMAL,2026-08-09,,2026-08-10,06:18 AM,08:00 AM,PRATAH,DWADASHI,04:18 PM,2026-08-08,COMPLETE,2026-08-09,UPAVASA_DAY_1,Kamika Ekadashi,"Upavaasa: 09-Aug-26 | Parana: 10-Aug-26, 06:18 AM to 08:00 AM",Normal Ekadashi. **Observe Upavaasa today.** Ekadashi began before Arunodaya and no two-day exception applies.,"Kamika Ekadashi. Normal Ekadashi. Observe Upavaasa today. Ekadashi began before Arunodaya and no two-day exception applies. Upavaasa: 09-Aug-26 | Parana: 10-Aug-26, 06:18 AM to 08:00 AM"
geoname:2158177,Melbourne,Victoria,Australia,Australia/Melbourne,2158177,Kamika Ekadashi,Normal Ekadashi,NORMAL,2026-08-09,,2026-08-10,07:11 AM,09:17 AM,PRATAH,DWADASHI,08:48 PM,2026-08-08,COMPLETE,2026-08-09,UPAVASA_DAY_1,Kamika Ekadashi,"Upavaasa: 09-Aug-26 | Parana: 10-Aug-26, 07:11 AM to 09:17 AM",Normal Ekadashi. **Observe Upavaasa today.** Ekadashi began before Arunodaya and no two-day exception applies.,"Kamika Ekadashi. Normal Ekadashi. Observe Upavaasa today. Ekadashi began before Arunodaya and no two-day exception applies. Upavaasa: 09-Aug-26 | Parana: 10-Aug-26, 07:11 AM to 09:17 AM"
geoname:1275339,Mumbai,Maharashtra,India,Asia/Kolkata,1275339,Kamika Ekadashi,Normal Ekadashi,NORMAL,2026-08-09,,2026-08-10,06:18 AM,08:00 AM,PRATAH,DWADASHI,04:18 PM,2026-08-08,COMPLETE,2026-08-09,UPAVASA_DAY_1,Kamika Ekadashi,"Upavaasa: 09-Aug-26 | Parana: 10-Aug-26, 06:18 AM to 08:00 AM",Normal Ekadashi. **Observe Upavaasa today.** Ekadashi began before Arunodaya and no two-day exception applies.,"Kamika Ekadashi. Normal Ekadashi. Observe Upavaasa today. Ekadashi began before Arunodaya and no two-day exception applies. Upavaasa: 09-Aug-26 | Parana: 10-Aug-26, 06:18 AM to 08:00 AM"
geoname:1262321,Mysuru,Karnataka,India,Asia/Kolkata,1262321,Kamika Ekadashi,Normal Ekadashi,NORMAL,2026-08-09,,2026-08-10,06:11 AM,08:00 AM,PRATAH,DWADASHI,04:18 PM,2026-08-08,COMPLETE,2026-08-09,UPAVASA_DAY_1,Kamika Ekadashi,"Upavaasa: 09-Aug-26 | Parana: 10-Aug-26, 06:11 AM to 08:00 AM",Normal Ekadashi. **Observe Upavaasa today.** Ekadashi began before Arunodaya and no two-day exception applies.,"Kamika Ekadashi. Normal Ekadashi. Observe Upavaasa today. Ekadashi began before Arunodaya and no two-day exception applies. Upavaasa: 09-Aug-26 | Parana: 10-Aug-26, 06:11 AM to 08:00 AM"
geoname:1262180,Nagpur,Maharashtra,India,Asia/Kolkata,1262180,Kamika Ekadashi,Normal Ekadashi,NORMAL,2026-08-09,,2026-08-10,05:51 AM,08:00 AM,PRATAH,DWADASHI,04:18 PM,2026-08-08,COMPLETE,2026-08-09,UPAVASA_DAY_1,Kamika Ekadashi,"Upavaasa: 09-Aug-26 | Parana: 10-Aug-26, 05:51 AM to 08:00 AM",Normal Ekadashi. **Observe Upavaasa today.** Ekadashi began before Arunodaya and no two-day exception applies.,"Kamika Ekadashi. Normal Ekadashi. Observe Upavaasa today. Ekadashi began before Arunodaya and no two-day exception applies. Upavaasa: 09-Aug-26 | Parana: 10-Aug-26, 05:51 AM to 08:00 AM"
geoname:4644585,Nashville,Tennessee,United States,America/Chicago,4644585,Kamika Ekadashi,Normal Ekadashi,NORMAL,2026-08-08,,2026-08-09,06:01 AM,08:46 AM,PRATAH,DWADASHI,05:48 AM,2026-08-08,COMPLETE,2026-08-09,PARANA,Kamika Ekadashi,Upavaasa: 08-Aug-26 | Parana today: 06:01 AM to 08:46 AM,**Perform Parana today** between 06:01 AM and 08:46 AM. Upavaasa was observed on 08-Aug-26.,Kamika Ekadashi. Perform Parana today between 06:01 AM and 08:46 AM. Upavaasa was observed on 08-Aug-26. Upavaasa: 08-Aug-26 | Parana today: 06:01 AM to 08:46 AM
geoname:5099836,New Jersey,New Jersey,United States,America/New_York,5099836,Kamika Ekadashi,Dashami Viddha Ekadashi,DASHAMI_VIDDHA,2026-08-09,,2026-08-10,06:02 AM,08:50 AM,POST_DWADASHI_FAST_DWADASHI_OVER_BEFORE_SUNRISE,POST_DWADASHI_UPAVASA,06:48 AM,2026-08-08,COMPLETE,2026-08-09,UPAVASA_DAY_1,Kamika Ekadashi,"Upavaasa: 09-Aug-26 | Parana: 10-Aug-26, 06:02 AM to 08:50 AM",The Ekadashi sunrise was Dashami Viddha and no later valid Ekadashi sunrise occurred. **Observe Upavaasa today on Dwadashi.**,"Kamika Ekadashi. The Ekadashi sunrise was Dashami Viddha and no later valid Ekadashi sunrise occurred. Observe Upavaasa today on Dwadashi. Upavaasa: 09-Aug-26 | Parana: 10-Aug-26, 06:02 AM to 08:50 AM"
geoname:5128581,New York,New York,United States,America/New_York,5128581,Kamika Ekadashi,Dashami Viddha Ekadashi,DASHAMI_VIDDHA,2026-08-09,,2026-08-10,06:02 AM,08:50 AM,POST_DWADASHI_FAST_DWADASHI_OVER_BEFORE_SUNRISE,POST_DWADASHI_UPAVASA,06:48 AM,2026-08-08,COMPLETE,2026-08-09,UPAVASA_DAY_1,Kamika Ekadashi,"Upavaasa: 09-Aug-26 | Parana: 10-Aug-26, 06:02 AM to 08:50 AM",The Ekadashi sunrise was Dashami Viddha and no later valid Ekadashi sunrise occurred. **Observe Upavaasa today on Dwadashi.**,"Kamika Ekadashi. The Ekadashi sunrise was Dashami Viddha and no later valid Ekadashi sunrise occurred. Observe Upavaasa today on Dwadashi. Upavaasa: 09-Aug-26 | Parana: 10-Aug-26, 06:02 AM to 08:50 AM"
geoname:4167147,Orlando,Florida,United States,America/New_York,4167147,Kamika Ekadashi,Normal Ekadashi,NORMAL,2026-08-08,,2026-08-09,06:52 AM,09:32 AM,PRATAH,DWADASHI,06:48 AM,2026-08-08,COMPLETE,2026-08-09,PARANA,Kamika Ekadashi,Upavaasa: 08-Aug-26 | Parana today: 06:52 AM to 09:32 AM,**Perform Parana today** between 06:52 AM and 09:32 AM. Upavaasa was observed on 08-Aug-26.,Kamika Ekadashi. Perform Parana today between 06:52 AM and 09:32 AM. Upavaasa was observed on 08-Aug-26. Upavaasa: 08-Aug-26 | Parana today: 06:52 AM to 09:32 AM
geoname:1260546,Pandharpur,Maharashtra,India,Asia/Kolkata,1260546,Kamika Ekadashi,Normal Ekadashi,NORMAL,2026-08-09,,2026-08-10,06:10 AM,08:00 AM,PRATAH,DWADASHI,04:18 PM,2026-08-08,COMPLETE,2026-08-09,UPAVASA_DAY_1,Kamika Ekadashi,"Upavaasa: 09-Aug-26 | Parana: 10-Aug-26, 06:10 AM to 08:00 AM",Normal Ekadashi. **Observe Upavaasa today.** Ekadashi began before Arunodaya and no two-day exception applies.,"Kamika Ekadashi. Normal Ekadashi. Observe Upavaasa today. Ekadashi began before Arunodaya and no two-day exception applies. Upavaasa: 09-Aug-26 | Parana: 10-Aug-26, 06:10 AM to 08:00 AM"
geoname:2063523,Perth,Western Australia,Australia,Australia/Perth,2063523,Kamika Ekadashi,Normal Ekadashi,NORMAL,2026-08-09,,2026-08-10,06:58 AM,09:08 AM,PRATAH,DWADASHI,06:48 PM,2026-08-08,COMPLETE,2026-08-09,UPAVASA_DAY_1,Kamika Ekadashi,"Upavaasa: 09-Aug-26 | Parana: 10-Aug-26, 06:58 AM to 09:08 AM",Normal Ekadashi. **Observe Upavaasa today.** Ekadashi began before Arunodaya and no two-day exception applies.,"Kamika Ekadashi. Normal Ekadashi. Observe Upavaasa today. Ekadashi began before Arunodaya and no two-day exception applies. Upavaasa: 09-Aug-26 | Parana: 10-Aug-26, 06:58 AM to 09:08 AM"
geoname:4560349,Philadelphia,Pennsylvania,United States,America/New_York,4560349,Kamika Ekadashi,Normal Ekadashi,NORMAL,2026-08-08,,2026-08-09,06:48 AM,08:55 AM,PRATAH,DWADASHI,06:48 AM,2026-08-08,COMPLETE,2026-08-09,PARANA,Kamika Ekadashi,Upavaasa: 08-Aug-26 | Parana today: 06:48 AM to 08:55 AM,**Perform Parana today** between 06:48 AM and 08:55 AM. Upavaasa was observed on 08-Aug-26.,Kamika Ekadashi. Perform Parana today between 06:48 AM and 08:55 AM. Upavaasa was observed on 08-Aug-26. Upavaasa: 08-Aug-26 | Parana today: 06:48 AM to 08:55 AM
geoname:5308655,Phoenix,Arizona,United States,America/Phoenix,5308655,Kamika Ekadashi,Normal Ekadashi,NORMAL,2026-08-08,,2026-08-09,05:47 AM,08:30 AM,PRATAH,DWADASHI,03:48 AM,2026-08-08,COMPLETE,2026-08-09,PARANA,Kamika Ekadashi,Upavaasa: 08-Aug-26 | Parana today: 05:47 AM to 08:30 AM,**Perform Parana today** between 05:47 AM and 08:30 AM. Upavaasa was observed on 08-Aug-26.,Kamika Ekadashi. Perform Parana today between 05:47 AM and 08:30 AM. Upavaasa was observed on 08-Aug-26. Upavaasa: 08-Aug-26 | Parana today: 05:47 AM to 08:30 AM
geoname:5131614,Pittsford,New York,United States,America/New_York,5131614,Kamika Ekadashi,Normal Ekadashi,NORMAL,2026-08-08,,2026-08-09,06:48 AM,08:59 AM,PRATAH,DWADASHI,06:48 AM,2026-08-08,COMPLETE,2026-08-09,PARANA,Kamika Ekadashi,Upavaasa: 08-Aug-26 | Parana today: 06:48 AM to 08:59 AM,**Perform Parana today** between 06:48 AM and 08:59 AM. Upavaasa was observed on 08-Aug-26.,Kamika Ekadashi. Perform Parana today between 06:48 AM and 08:59 AM. Upavaasa was observed on 08-Aug-26. Upavaasa: 08-Aug-26 | Parana today: 06:48 AM to 08:59 AM
geoname:5383527,Placentia,California,United States,America/Los_Angeles,5383527,Kamika Ekadashi,Normal Ekadashi,NORMAL,2026-08-08,,2026-08-09,06:09 AM,08:52 AM,PRATAH,DWADASHI,03:48 AM,2026-08-08,COMPLETE,2026-08-09,PARANA,Kamika Ekadashi,Upavaasa: 08-Aug-26 | Parana today: 06:09 AM to 08:52 AM,**Perform Parana today** between 06:09 AM and 08:52 AM. Upavaasa was observed on 08-Aug-26.,Kamika Ekadashi. Perform Parana today between 06:09 AM and 08:52 AM. Upavaasa was observed on 08-Aug-26. Upavaasa: 08-Aug-26 | Parana today: 06:09 AM to 08:52 AM
geoname:1278994,Prayagraj,Uttar Pradesh,India,Asia/Kolkata,1278994,Kamika Ekadashi,Normal Ekadashi,NORMAL,2026-08-09,,2026-08-10,05:34 AM,08:00 AM,PRATAH,DWADASHI,04:18 PM,2026-08-08,COMPLETE,2026-08-09,UPAVASA_DAY_1,Kamika Ekadashi,"Upavaasa: 09-Aug-26 | Parana: 10-Aug-26, 05:34 AM to 08:00 AM",Normal Ekadashi. **Observe Upavaasa today.** Ekadashi began before Arunodaya and no two-day exception applies.,"Kamika Ekadashi. Normal Ekadashi. Observe Upavaasa today. Ekadashi began before Arunodaya and no two-day exception applies. Upavaasa: 09-Aug-26 | Parana: 10-Aug-26, 05:34 AM to 08:00 AM"
geoname:1259229,Pune,Maharashtra,India,Asia/Kolkata,1259229,Kamika Ekadashi,Normal Ekadashi,NORMAL,2026-08-09,,2026-08-10,06:15 AM,08:00 AM,PRATAH,DWADASHI,04:18 PM,2026-08-08,COMPLETE,2026-08-09,UPAVASA_DAY_1,Kamika Ekadashi,"Upavaasa: 09-Aug-26 | Parana: 10-Aug-26, 06:15 AM to 08:00 AM",Normal Ekadashi. **Observe Upavaasa today.** Ekadashi began before Arunodaya and no two-day exception applies.,"Kamika Ekadashi. Normal Ekadashi. Observe Upavaasa today. Ekadashi began before Arunodaya and no two-day exception applies. Upavaasa: 09-Aug-26 | Parana: 10-Aug-26, 06:15 AM to 08:00 AM"
geoname:4487042,Raleigh,North Carolina,United States,America/New_York,4487042,Kamika Ekadashi,Normal Ekadashi,NORMAL,2026-08-08,,2026-08-09,06:48 AM,09:13 AM,PRATAH,DWADASHI,06:48 AM,2026-08-08,COMPLETE,2026-08-09,PARANA,Kamika Ekadashi,Upavaasa: 08-Aug-26 | Parana today: 06:48 AM to 09:13 AM,**Perform Parana today** between 06:48 AM and 09:13 AM. Upavaasa was observed on 08-Aug-26.,Kamika Ekadashi. Perform Parana today between 06:48 AM and 09:13 AM. Upavaasa was observed on 08-Aug-26. Upavaasa: 08-Aug-26 | Parana today: 06:48 AM to 09:13 AM
geoname:4781708,Richmond,Virginia,United States,America/New_York,4781708,Kamika Ekadashi,Normal Ekadashi,NORMAL,2026-08-08,,2026-08-09,06:48 AM,09:07 AM,PRATAH,DWADASHI,06:48 AM,2026-08-08,COMPLETE,2026-08-09,PARANA,Kamika Ekadashi,Upavaasa: 08-Aug-26 | Parana today: 06:48 AM to 09:07 AM,**Perform Parana today** between 06:48 AM and 09:07 AM. Upavaasa was observed on 08-Aug-26.,Kamika Ekadashi. Perform Parana today between 06:48 AM and 09:07 AM. Upavaasa was observed on 08-Aug-26. Upavaasa: 08-Aug-26 | Parana today: 06:48 AM to 09:07 AM
geoname:5134086,Rochester,New York,United States,America/New_York,5134086,Kamika Ekadashi,Normal Ekadashi,NORMAL,2026-08-08,,2026-08-09,06:48 AM,09:00 AM,PRATAH,DWADASHI,06:48 AM,2026-08-08,COMPLETE,2026-08-09,PARANA,Kamika Ekadashi,Upavaasa: 08-Aug-26 | Parana today: 06:48 AM to 09:00 AM,**Perform Parana today** between 06:48 AM and 09:00 AM. Upavaasa was observed on 08-Aug-26.,Kamika Ekadashi. Perform Parana today between 06:48 AM and 09:00 AM. Upavaasa was observed on 08-Aug-26. Upavaasa: 08-Aug-26 | Parana today: 06:48 AM to 09:00 AM
geoname:5391959,San Francisco,California,United States,America/Los_Angeles,5391959,Kamika Ekadashi,Normal Ekadashi,NORMAL,2026-08-08,,2026-08-09,06:20 AM,09:06 AM,PRATAH,DWADASHI,03:48 AM,2026-08-08,COMPLETE,2026-08-09,PARANA,Kamika Ekadashi,Upavaasa: 08-Aug-26 | Parana today: 06:20 AM to 09:06 AM,**Perform Parana today** between 06:20 AM and 09:06 AM. Upavaasa was observed on 08-Aug-26.,Kamika Ekadashi. Perform Parana today between 06:20 AM and 09:06 AM. Upavaasa was observed on 08-Aug-26. Upavaasa: 08-Aug-26 | Parana today: 06:20 AM to 09:06 AM
geoname:5809844,Seattle,Washington,United States,America/Los_Angeles,5809844,Kamika Ekadashi,Normal Ekadashi,NORMAL,2026-08-08,,2026-08-09,05:58 AM,08:53 AM,PRATAH,DWADASHI,03:48 AM,2026-08-08,COMPLETE,2026-08-09,PARANA,Kamika Ekadashi,Upavaasa: 08-Aug-26 | Parana today: 05:58 AM to 08:53 AM,**Perform Parana today** between 05:58 AM and 08:53 AM. Upavaasa was observed on 08-Aug-26.,Kamika Ekadashi. Perform Parana today between 05:58 AM and 08:53 AM. Upavaasa was observed on 08-Aug-26. Upavaasa: 08-Aug-26 | Parana today: 05:58 AM to 08:53 AM
geoname:1835848,Seoul,Seoul,South Korea,Asia/Seoul,1835848,Kamika Ekadashi,Normal Ekadashi,NORMAL,2026-08-09,,2026-08-10,05:43 AM,08:29 AM,PRATAH,DWADASHI,07:48 PM,2026-08-08,COMPLETE,2026-08-09,UPAVASA_DAY_1,Kamika Ekadashi,"Upavaasa: 09-Aug-26 | Parana: 10-Aug-26, 05:43 AM to 08:29 AM",Normal Ekadashi. **Observe Upavaasa today.** Ekadashi began before Arunodaya and no two-day exception applies.,"Kamika Ekadashi. Normal Ekadashi. Observe Upavaasa today. Ekadashi began before Arunodaya and no two-day exception applies. Upavaasa: 09-Aug-26 | Parana: 10-Aug-26, 05:43 AM to 08:29 AM"
geoname:1256525,Shiliguri,West Bengal,India,Asia/Kolkata,1256525,Kamika Ekadashi,Normal Ekadashi,NORMAL,2026-08-09,,2026-08-10,05:05 AM,07:44 AM,PRATAH,DWADASHI,04:18 PM,2026-08-08,COMPLETE,2026-08-09,UPAVASA_DAY_1,Kamika Ekadashi,"Upavaasa: 09-Aug-26 | Parana: 10-Aug-26, 05:05 AM to 07:44 AM",Normal Ekadashi. **Observe Upavaasa today.** Ekadashi began before Arunodaya and no two-day exception applies.,"Kamika Ekadashi. Normal Ekadashi. Observe Upavaasa today. Ekadashi began before Arunodaya and no two-day exception applies. Upavaasa: 09-Aug-26 | Parana: 10-Aug-26, 05:05 AM to 07:44 AM"
geoname:1256287,Silchar,Assam,India,Asia/Kolkata,1256287,Kamika Ekadashi,Normal Ekadashi,NORMAL,2026-08-09,,2026-08-10,04:51 AM,07:28 AM,PRATAH,DWADASHI,04:18 PM,2026-08-08,COMPLETE,2026-08-09,UPAVASA_DAY_1,Kamika Ekadashi,"Upavaasa: 09-Aug-26 | Parana: 10-Aug-26, 04:51 AM to 07:28 AM",Normal Ekadashi. **Observe Upavaasa today.** Ekadashi began before Arunodaya and no two-day exception applies.,"Kamika Ekadashi. Normal Ekadashi. Observe Upavaasa today. Ekadashi began before Arunodaya and no two-day exception applies. Upavaasa: 09-Aug-26 | Parana: 10-Aug-26, 04:51 AM to 07:28 AM"
geoname:1255634,Srinagar,Jammu and Kashmir,India,Asia/Kolkata,1255634,Kamika Ekadashi,Normal Ekadashi,NORMAL,2026-08-09,,2026-08-10,05:48 AM,08:00 AM,PRATAH,DWADASHI,04:18 PM,2026-08-08,COMPLETE,2026-08-09,UPAVASA_DAY_1,Kamika Ekadashi,"Upavaasa: 09-Aug-26 | Parana: 10-Aug-26, 05:48 AM to 08:00 AM",Normal Ekadashi. **Observe Upavaasa today.** Ekadashi began before Arunodaya and no two-day exception applies.,"Kamika Ekadashi. Normal Ekadashi. Observe Upavaasa today. Ekadashi began before Arunodaya and no two-day exception applies. Upavaasa: 09-Aug-26 | Parana: 10-Aug-26, 05:48 AM to 08:00 AM"
geoname:1254388,Srirangam,Tamil Nadu,India,Asia/Kolkata,1254388,Kamika Ekadashi,Normal Ekadashi,NORMAL,2026-08-09,,2026-08-10,06:05 AM,08:00 AM,PRATAH,DWADASHI,04:18 PM,2026-08-08,COMPLETE,2026-08-09,UPAVASA_DAY_1,Kamika Ekadashi,"Upavaasa: 09-Aug-26 | Parana: 10-Aug-26, 06:05 AM to 08:00 AM",Normal Ekadashi. **Observe Upavaasa today.** Ekadashi began before Arunodaya and no two-day exception applies.,"Kamika Ekadashi. Normal Ekadashi. Observe Upavaasa today. Ekadashi began before Arunodaya and no two-day exception applies. Upavaasa: 09-Aug-26 | Parana: 10-Aug-26, 06:05 AM to 08:00 AM"
geoname:5139865,Stonybrook,New York,United States,America/New_York,5139865,Kamika Ekadashi,Dashami Viddha Ekadashi,DASHAMI_VIDDHA,2026-08-09,,2026-08-10,05:58 AM,08:46 AM,POST_DWADASHI_FAST_DWADASHI_OVER_BEFORE_SUNRISE,POST_DWADASHI_UPAVASA,06:48 AM,2026-08-08,COMPLETE,2026-08-09,UPAVASA_DAY_1,Kamika Ekadashi,"Upavaasa: 09-Aug-26 | Parana: 10-Aug-26, 05:58 AM to 08:46 AM",The Ekadashi sunrise was Dashami Viddha and no later valid Ekadashi sunrise occurred. **Observe Upavaasa today on Dwadashi.**,"Kamika Ekadashi. The Ekadashi sunrise was Dashami Viddha and no later valid Ekadashi sunrise occurred. Observe Upavaasa today on Dwadashi. Upavaasa: 09-Aug-26 | Parana: 10-Aug-26, 05:58 AM to 08:46 AM"
geoname:1255364,Surat,Gujarat,India,Asia/Kolkata,1255364,Kamika Ekadashi,Normal Ekadashi,NORMAL,2026-08-09,,2026-08-10,06:15 AM,08:00 AM,PRATAH,DWADASHI,04:18 PM,2026-08-08,COMPLETE,2026-08-09,UPAVASA_DAY_1,Kamika Ekadashi,"Upavaasa: 09-Aug-26 | Parana: 10-Aug-26, 06:15 AM to 08:00 AM",Normal Ekadashi. **Observe Upavaasa today.** Ekadashi began before Arunodaya and no two-day exception applies.,"Kamika Ekadashi. Normal Ekadashi. Observe Upavaasa today. Ekadashi began before Arunodaya and no two-day exception applies. Upavaasa: 09-Aug-26 | Parana: 10-Aug-26, 06:15 AM to 08:00 AM"
geoname:2147714,Sydney,New South Wales,Australia,Australia/Sydney,2147714,Kamika Ekadashi,Normal Ekadashi,NORMAL,2026-08-09,,2026-08-10,06:40 AM,08:48 AM,PRATAH,DWADASHI,08:48 PM,2026-08-08,COMPLETE,2026-08-09,UPAVASA_DAY_1,Kamika Ekadashi,"Upavaasa: 09-Aug-26 | Parana: 10-Aug-26, 06:40 AM to 08:48 AM",Normal Ekadashi. **Observe Upavaasa today.** Ekadashi began before Arunodaya and no two-day exception applies.,"Kamika Ekadashi. Normal Ekadashi. Observe Upavaasa today. Ekadashi began before Arunodaya and no two-day exception applies. Upavaasa: 09-Aug-26 | Parana: 10-Aug-26, 06:40 AM to 08:48 AM"
geoname:5140405,Syracuse,New York,United States,America/New_York,5140405,Kamika Ekadashi,Dashami Viddha Ekadashi,DASHAMI_VIDDHA,2026-08-09,,2026-08-10,06:05 AM,08:55 AM,POST_DWADASHI_FAST_DWADASHI_OVER_BEFORE_SUNRISE,POST_DWADASHI_UPAVASA,06:48 AM,2026-08-08,COMPLETE,2026-08-09,UPAVASA_DAY_1,Kamika Ekadashi,"Upavaasa: 09-Aug-26 | Parana: 10-Aug-26, 06:05 AM to 08:55 AM",The Ekadashi sunrise was Dashami Viddha and no later valid Ekadashi sunrise occurred. **Observe Upavaasa today on Dwadashi.**,"Kamika Ekadashi. The Ekadashi sunrise was Dashami Viddha and no later valid Ekadashi sunrise occurred. Observe Upavaasa today on Dwadashi. Upavaasa: 09-Aug-26 | Parana: 10-Aug-26, 06:05 AM to 08:55 AM"
geoname:1262321,T Narasipura,Karnataka,India,Asia/Kolkata,1262321,Kamika Ekadashi,Normal Ekadashi,NORMAL,2026-08-09,,2026-08-10,06:11 AM,08:00 AM,PRATAH,DWADASHI,04:18 PM,2026-08-08,COMPLETE,2026-08-09,UPAVASA_DAY_1,Kamika Ekadashi,"Upavaasa: 09-Aug-26 | Parana: 10-Aug-26, 06:11 AM to 08:00 AM",Normal Ekadashi. **Observe Upavaasa today.** Ekadashi began before Arunodaya and no two-day exception applies.,"Kamika Ekadashi. Normal Ekadashi. Observe Upavaasa today. Ekadashi began before Arunodaya and no two-day exception applies. Upavaasa: 09-Aug-26 | Parana: 10-Aug-26, 06:11 AM to 08:00 AM"
geoname:4174757,Tampa,Florida,United States,America/New_York,4174757,Kamika Ekadashi,Normal Ekadashi,NORMAL,2026-08-08,,2026-08-09,06:57 AM,09:36 AM,PRATAH,DWADASHI,06:48 AM,2026-08-08,COMPLETE,2026-08-09,PARANA,Kamika Ekadashi,Upavaasa: 08-Aug-26 | Parana today: 06:57 AM to 09:36 AM,**Perform Parana today** between 06:57 AM and 09:36 AM. Upavaasa was observed on 08-Aug-26.,Kamika Ekadashi. Perform Parana today between 06:57 AM and 09:36 AM. Upavaasa was observed on 08-Aug-26. Upavaasa: 08-Aug-26 | Parana today: 06:57 AM to 09:36 AM
geoname:1254163,Thiruvananthapuram,Kerala,India,Asia/Kolkata,1254163,Kamika Ekadashi,Normal Ekadashi,NORMAL,2026-08-09,,2026-08-10,06:15 AM,08:00 AM,PRATAH,DWADASHI,04:18 PM,2026-08-08,COMPLETE,2026-08-09,UPAVASA_DAY_1,Kamika Ekadashi,"Upavaasa: 09-Aug-26 | Parana: 10-Aug-26, 06:15 AM to 08:00 AM",Normal Ekadashi. **Observe Upavaasa today.** Ekadashi began before Arunodaya and no two-day exception applies.,"Kamika Ekadashi. Normal Ekadashi. Observe Upavaasa today. Ekadashi began before Arunodaya and no two-day exception applies. Upavaasa: 09-Aug-26 | Parana: 10-Aug-26, 06:15 AM to 08:00 AM"
geoname:1254360,Tirupati,Andhra Pradesh,India,Asia/Kolkata,1254360,Kamika Ekadashi,Normal Ekadashi,NORMAL,2026-08-09,,2026-08-10,05:59 AM,08:00 AM,PRATAH,DWADASHI,04:18 PM,2026-08-08,COMPLETE,2026-08-09,UPAVASA_DAY_1,Kamika Ekadashi,"Upavaasa: 09-Aug-26 | Parana: 10-Aug-26, 05:59 AM to 08:00 AM",Normal Ekadashi. **Observe Upavaasa today.** Ekadashi began before Arunodaya and no two-day exception applies.,"Kamika Ekadashi. Normal Ekadashi. Observe Upavaasa today. Ekadashi began before Arunodaya and no two-day exception applies. Upavaasa: 09-Aug-26 | Parana: 10-Aug-26, 05:59 AM to 08:00 AM"
geoname:1253952,Udupi,Karnataka,India,Asia/Kolkata,1253952,Kamika Ekadashi,Normal Ekadashi,NORMAL,2026-08-09,,2026-08-10,06:18 AM,08:00 AM,PRATAH,DWADASHI,04:18 PM,2026-08-08,COMPLETE,2026-08-09,UPAVASA_DAY_1,Kamika Ekadashi,"Upavaasa: 09-Aug-26 | Parana: 10-Aug-26, 06:18 AM to 08:00 AM",Normal Ekadashi. **Observe Upavaasa today.** Ekadashi began before Arunodaya and no two-day exception applies.,"Kamika Ekadashi. Normal Ekadashi. Observe Upavaasa today. Ekadashi began before Arunodaya and no two-day exception applies. Upavaasa: 09-Aug-26 | Parana: 10-Aug-26, 06:18 AM to 08:00 AM"
geoname:1253573,Vadodara,Gujarat,India,Asia/Kolkata,1253573,Kamika Ekadashi,Normal Ekadashi,NORMAL,2026-08-09,,2026-08-10,06:13 AM,08:00 AM,PRATAH,DWADASHI,04:18 PM,2026-08-08,COMPLETE,2026-08-09,UPAVASA_DAY_1,Kamika Ekadashi,"Upavaasa: 09-Aug-26 | Parana: 10-Aug-26, 06:13 AM to 08:00 AM",Normal Ekadashi. **Observe Upavaasa today.** Ekadashi began before Arunodaya and no two-day exception applies.,"Kamika Ekadashi. Normal Ekadashi. Observe Upavaasa today. Ekadashi began before Arunodaya and no two-day exception applies. Upavaasa: 09-Aug-26 | Parana: 10-Aug-26, 06:13 AM to 08:00 AM"
geoname:6173331,Vancouver,British Columbia,Canada,America/Los_Angeles,6173331,Kamika Ekadashi,Normal Ekadashi,NORMAL,2026-08-08,,2026-08-09,05:56 AM,08:53 AM,PRATAH,DWADASHI,03:48 AM,2026-08-08,COMPLETE,2026-08-09,PARANA,Kamika Ekadashi,Upavaasa: 08-Aug-26 | Parana today: 05:56 AM to 08:53 AM,**Perform Parana today** between 05:56 AM and 08:53 AM. Upavaasa was observed on 08-Aug-26.,Kamika Ekadashi. Perform Parana today between 05:56 AM and 08:53 AM. Upavaasa was observed on 08-Aug-26. Upavaasa: 08-Aug-26 | Parana today: 05:56 AM to 08:53 AM
geoname:1253405,Varanasi,Uttar Pradesh,India,Asia/Kolkata,1253405,Kamika Ekadashi,Normal Ekadashi,NORMAL,2026-08-09,,2026-08-10,05:29 AM,08:00 AM,PRATAH,DWADASHI,04:18 PM,2026-08-08,COMPLETE,2026-08-09,UPAVASA_DAY_1,Kamika Ekadashi,"Upavaasa: 09-Aug-26 | Parana: 10-Aug-26, 05:29 AM to 08:00 AM",Normal Ekadashi. **Observe Upavaasa today.** Ekadashi began before Arunodaya and no two-day exception applies.,"Kamika Ekadashi. Normal Ekadashi. Observe Upavaasa today. Ekadashi began before Arunodaya and no two-day exception applies. Upavaasa: 09-Aug-26 | Parana: 10-Aug-26, 05:29 AM to 08:00 AM"
geoname:1253102,Visakhapatnam,Andra Pradesh,India,Asia/Kolkata,1253102,Kamika Ekadashi,Normal Ekadashi,NORMAL,2026-08-09,,2026-08-10,05:39 AM,08:00 AM,PRATAH,DWADASHI,04:18 PM,2026-08-08,COMPLETE,2026-08-09,UPAVASA_DAY_1,Kamika Ekadashi,"Upavaasa: 09-Aug-26 | Parana: 10-Aug-26, 05:39 AM to 08:00 AM",Normal Ekadashi. **Observe Upavaasa today.** Ekadashi began before Arunodaya and no two-day exception applies.,"Kamika Ekadashi. Normal Ekadashi. Observe Upavaasa today. Ekadashi began before Arunodaya and no two-day exception applies. Upavaasa: 09-Aug-26 | Parana: 10-Aug-26, 05:39 AM to 08:00 AM"
geoname:2179537,Wellington,Wellington,New Zealand,Pacific/Auckland,2179537,Kamika Ekadashi,Normal Ekadashi,NORMAL,2026-08-09,,2026-08-10,07:19 AM,09:22 AM,PRATAH,DWADASHI,10:48 PM,2026-08-08,COMPLETE,2026-08-09,UPAVASA_DAY_1,Kamika Ekadashi,"Upavaasa: 09-Aug-26 | Parana: 10-Aug-26, 07:19 AM to 09:22 AM",Normal Ekadashi. **Observe Upavaasa today.** Ekadashi began before Arunodaya and no two-day exception applies.,"Kamika Ekadashi. Normal Ekadashi. Observe Upavaasa today. Ekadashi began before Arunodaya and no two-day exception applies. Upavaasa: 09-Aug-26 | Parana: 10-Aug-26, 07:19 AM to 09:22 AM"
geoname:6182962,Windsor,Ontario,Canada,America/New_York,6182962,Kamika Ekadashi,Normal Ekadashi,NORMAL,2026-08-08,,2026-08-09,06:48 AM,09:23 AM,PRATAH,DWADASHI,06:48 AM,2026-08-08,COMPLETE,2026-08-09,PARANA,Kamika Ekadashi,Upavaasa: 08-Aug-26 | Parana today: 06:48 AM to 09:23 AM,**Perform Parana today** between 06:48 AM and 09:23 AM. Upavaasa was observed on 08-Aug-26.,Kamika Ekadashi. Perform Parana today between 06:48 AM and 09:23 AM. Upavaasa was observed on 08-Aug-26. Upavaasa: 08-Aug-26 | Parana today: 06:48 AM to 09:23 AM
geoname:2657896,Zurich,Zurich,Switzerland,Europe/Zurich,2657896,Kamika Ekadashi,Normal Ekadashi,NORMAL,2026-08-09,,2026-08-10,06:15 AM,09:09 AM,DWADASHI_OVER_BEFORE_SUNRISE,DWADASHI,12:48 PM,2026-08-08,COMPLETE,2026-08-09,UPAVASA_DAY_1,Kamika Ekadashi,"Upavaasa: 09-Aug-26 | Parana: 10-Aug-26, 06:15 AM to 09:09 AM",Normal Ekadashi. **Observe Upavaasa today.** Ekadashi began before Arunodaya and no two-day exception applies.,"Kamika Ekadashi. Normal Ekadashi. Observe Upavaasa today. Ekadashi began before Arunodaya and no two-day exception applies. Upavaasa: 09-Aug-26 | Parana: 10-Aug-26, 06:15 AM to 09:09 AM"
geoname:2078025,Adelaide,South Australia,Australia,Australia/Adelaide,2078025,Kamika Ekadashi,Normal Ekadashi,NORMAL,2026-08-09,,2026-08-10,07:02 AM,09:10 AM,PRATAH,DWADASHI,08:18 PM,2026-08-08,COMPLETE,2026-08-10,PARANA,Kamika Ekadashi,Upavaasa: 09-Aug-26 | Parana today: 07:02 AM to 09:10 AM,**Perform Parana today** between 07:02 AM and 09:10 AM. Upavaasa was observed on 09-Aug-26.,Kamika Ekadashi. Perform Parana today between 07:02 AM and 09:10 AM. Upavaasa was observed on 09-Aug-26. Upavaasa: 09-Aug-26 | Parana today: 07:02 AM to 09:10 AM
geoname:1279290,Agartala,Tripura,India,Asia/Kolkata,1279290,Kamika Ekadashi,Normal Ekadashi,NORMAL,2026-08-09,,2026-08-10,04:58 AM,07:35 AM,PRATAH,DWADASHI,04:18 PM,2026-08-08,COMPLETE,2026-08-10,PARANA,Kamika Ekadashi,Upavaasa: 09-Aug-26 | Parana today: 04:58 AM to 07:35 AM,**Perform Parana today** between 04:58 AM and 07:35 AM. Upavaasa was observed on 09-Aug-26.,Kamika Ekadashi. Perform Parana today between 04:58 AM and 07:35 AM. Upavaasa was observed on 09-Aug-26. Upavaasa: 09-Aug-26 | Parana today: 04:58 AM to 07:35 AM
geoname:1279186,Aizawl,Mizoram,India,Asia/Kolkata,1279186,Kamika Ekadashi,Normal Ekadashi,NORMAL,2026-08-09,,2026-08-10,04:52 AM,07:29 AM,PRATAH,DWADASHI,04:18 PM,2026-08-08,COMPLETE,2026-08-10,PARANA,Kamika Ekadashi,Upavaasa: 09-Aug-26 | Parana today: 04:52 AM to 07:29 AM,**Perform Parana today** between 04:52 AM and 07:29 AM. Upavaasa was observed on 09-Aug-26.,Kamika Ekadashi. Perform Parana today between 04:52 AM and 07:29 AM. Upavaasa was observed on 09-Aug-26. Upavaasa: 09-Aug-26 | Parana today: 04:52 AM to 07:29 AM
geoname:2193733,Auckland,Auckland,New Zealand,Pacific/Auckland,2193733,Kamika Ekadashi,Normal Ekadashi,NORMAL,2026-08-09,,2026-08-10,07:10 AM,09:17 AM,PRATAH,DWADASHI,10:48 PM,2026-08-08,COMPLETE,2026-08-10,PARANA,Kamika Ekadashi,Upavaasa: 09-Aug-26 | Parana today: 07:10 AM to 09:17 AM,**Perform Parana today** between 07:10 AM and 09:17 AM. Upavaasa was observed on 09-Aug-26.,Kamika Ekadashi. Perform Parana today between 07:10 AM and 09:17 AM. Upavaasa was observed on 09-Aug-26. Upavaasa: 09-Aug-26 | Parana today: 07:10 AM to 09:17 AM
geoname:1278094,Ayodhya,Uttar Pradesh,India,Asia/Kolkata,1278094,Kamika Ekadashi,Normal Ekadashi,NORMAL,2026-08-09,,2026-08-10,05:30 AM,08:00 AM,PRATAH,DWADASHI,04:18 PM,2026-08-08,COMPLETE,2026-08-10,PARANA,Kamika Ekadashi,Upavaasa: 09-Aug-26 | Parana today: 05:30 AM to 08:00 AM,**Perform Parana today** between 05:30 AM and 08:00 AM. Upavaasa was observed on 09-Aug-26.,Kamika Ekadashi. Perform Parana today between 05:30 AM and 08:00 AM. Upavaasa was observed on 09-Aug-26. Upavaasa: 09-Aug-26 | Parana today: 05:30 AM to 08:00 AM
geoname:1276533,Belgaum,Karnataka,India,Asia/Kolkata,1276533,Kamika Ekadashi,Normal Ekadashi,NORMAL,2026-08-09,,2026-08-10,06:16 AM,08:00 AM,PRATAH,DWADASHI,04:18 PM,2026-08-08,COMPLETE,2026-08-10,PARANA,Kamika Ekadashi,Upavaasa: 09-Aug-26 | Parana today: 06:16 AM to 08:00 AM,**Perform Parana today** between 06:16 AM and 08:00 AM. Upavaasa was observed on 09-Aug-26.,Kamika Ekadashi. Perform Parana today between 06:16 AM and 08:00 AM. Upavaasa was observed on 09-Aug-26. Upavaasa: 09-Aug-26 | Parana today: 06:16 AM to 08:00 AM
geoname:1277333,Bengaluru,Karnataka,India,Asia/Kolkata,1277333,Kamika Ekadashi,Normal Ekadashi,NORMAL,2026-08-09,,2026-08-10,06:07 AM,08:00 AM,PRATAH,DWADASHI,04:18 PM,2026-08-08,COMPLETE,2026-08-10,PARANA,Kamika Ekadashi,Upavaasa: 09-Aug-26 | Parana today: 06:07 AM to 08:00 AM,**Perform Parana today** between 06:07 AM and 08:00 AM. Upavaasa was observed on 09-Aug-26.,Kamika Ekadashi. Perform Parana today between 06:07 AM and 08:00 AM. Upavaasa was observed on 09-Aug-26. Upavaasa: 09-Aug-26 | Parana today: 06:07 AM to 08:00 AM
geoname:1275841,Bhopal,Madhya Pradesh,India,Asia/Kolkata,1275841,Kamika Ekadashi,Normal Ekadashi,NORMAL,2026-08-09,,2026-08-10,05:54 AM,08:00 AM,PRATAH,DWADASHI,04:18 PM,2026-08-08,COMPLETE,2026-08-10,PARANA,Kamika Ekadashi,Upavaasa: 09-Aug-26 | Parana today: 05:54 AM to 08:00 AM,**Perform Parana today** between 05:54 AM and 08:00 AM. Upavaasa was observed on 09-Aug-26.,Kamika Ekadashi. Perform Parana today between 05:54 AM and 08:00 AM. Upavaasa was observed on 09-Aug-26. Upavaasa: 09-Aug-26 | Parana today: 05:54 AM to 08:00 AM
geoname:1275817,Bhubaneswar,Odisha,India,Asia/Kolkata,1275817,Kamika Ekadashi,Normal Ekadashi,NORMAL,2026-08-09,,2026-08-10,05:25 AM,08:00 AM,PRATAH,DWADASHI,04:18 PM,2026-08-08,COMPLETE,2026-08-10,PARANA,Kamika Ekadashi,Upavaasa: 09-Aug-26 | Parana today: 05:25 AM to 08:00 AM,**Perform Parana today** between 05:25 AM and 08:00 AM. Upavaasa was observed on 09-Aug-26.,Kamika Ekadashi. Perform Parana today between 05:25 AM and 08:00 AM. Upavaasa was observed on 09-Aug-26. Upavaasa: 09-Aug-26 | Parana today: 05:25 AM to 08:00 AM
geoname:2174003,Brisbane,Queensland,Australia,Australia/Brisbane,2174003,Kamika Ekadashi,Normal Ekadashi,NORMAL,2026-08-09,,2026-08-10,06:23 AM,08:35 AM,PRATAH,DWADASHI,08:48 PM,2026-08-08,COMPLETE,2026-08-10,PARANA,Kamika Ekadashi,Upavaasa: 09-Aug-26 | Parana today: 06:23 AM to 08:35 AM,**Perform Parana today** between 06:23 AM and 08:35 AM. Upavaasa was observed on 09-Aug-26.,Kamika Ekadashi. Perform Parana today between 06:23 AM and 08:35 AM. Upavaasa was observed on 09-Aug-26. Upavaasa: 09-Aug-26 | Parana today: 06:23 AM to 08:35 AM
geoname:2172517,Canberra,Australian Capital Territory,Australia,Australia/Sydney,2172517,Kamika Ekadashi,Normal Ekadashi,NORMAL,2026-08-09,,2026-08-10,06:50 AM,08:58 AM,PRATAH,DWADASHI,08:48 PM,2026-08-08,COMPLETE,2026-08-10,PARANA,Kamika Ekadashi,Upavaasa: 09-Aug-26 | Parana today: 06:50 AM to 08:58 AM,**Perform Parana today** between 06:50 AM and 08:58 AM. Upavaasa was observed on 09-Aug-26.,Kamika Ekadashi. Perform Parana today between 06:50 AM and 08:58 AM. Upavaasa was observed on 09-Aug-26. Upavaasa: 09-Aug-26 | Parana today: 06:50 AM to 08:58 AM
geoname:1264527,Chennai,Tamil Nadu,India,Asia/Kolkata,1264527,Kamika Ekadashi,Normal Ekadashi,NORMAL,2026-08-09,,2026-08-10,05:56 AM,08:00 AM,PRATAH,DWADASHI,04:18 PM,2026-08-08,COMPLETE,2026-08-10,PARANA,Kamika Ekadashi,Upavaasa: 09-Aug-26 | Parana today: 05:56 AM to 08:00 AM,**Perform Parana today** between 05:56 AM and 08:00 AM. Upavaasa was observed on 09-Aug-26.,Kamika Ekadashi. Perform Parana today between 05:56 AM and 08:00 AM. Upavaasa was observed on 09-Aug-26. Upavaasa: 09-Aug-26 | Parana today: 05:56 AM to 08:00 AM
geoname:1274256,Chidambaram,Tamil Nadu,India,Asia/Kolkata,1274256,Kamika Ekadashi,Normal Ekadashi,NORMAL,2026-08-09,,2026-08-10,06:00 AM,08:00 AM,PRATAH,DWADASHI,04:18 PM,2026-08-08,COMPLETE,2026-08-10,PARANA,Kamika Ekadashi,Upavaasa: 09-Aug-26 | Parana today: 06:00 AM to 08:00 AM,**Perform Parana today** between 06:00 AM and 08:00 AM. Upavaasa was observed on 09-Aug-26.,Kamika Ekadashi. Perform Parana today between 06:00 AM and 08:00 AM. Upavaasa was observed on 09-Aug-26. Upavaasa: 09-Aug-26 | Parana today: 06:00 AM to 08:00 AM
geoname:2192362,Christchurch,Canterbury,New Zealand,Pacific/Auckland,2192362,Kamika Ekadashi,Normal Ekadashi,NORMAL,2026-08-09,,2026-08-10,07:32 AM,09:33 AM,PRATAH,DWADASHI,10:48 PM,2026-08-08,COMPLETE,2026-08-10,PARANA,Kamika Ekadashi,Upavaasa: 09-Aug-26 | Parana today: 07:32 AM to 09:33 AM,**Perform Parana today** between 07:32 AM and 09:33 AM. Upavaasa was observed on 09-Aug-26.,Kamika Ekadashi. Perform Parana today between 07:32 AM and 09:33 AM. Upavaasa was observed on 09-Aug-26. Upavaasa: 09-Aug-26 | Parana today: 07:32 AM to 09:33 AM
geoname:1272648,Dibrugarh,Assam,India,Asia/Kolkata,1272648,Kamika Ekadashi,Normal Ekadashi,NORMAL,2026-08-09,,2026-08-10,04:38 AM,07:17 AM,PRATAH,DWADASHI,04:18 PM,2026-08-08,COMPLETE,2026-08-10,PARANA,Kamika Ekadashi,Upavaasa: 09-Aug-26 | Parana today: 04:38 AM to 07:17 AM,**Perform Parana today** between 04:38 AM and 07:17 AM. Upavaasa was observed on 09-Aug-26.,Kamika Ekadashi. Perform Parana today between 04:38 AM and 07:17 AM. Upavaasa was observed on 09-Aug-26. Upavaasa: 09-Aug-26 | Parana today: 04:38 AM to 07:17 AM
geoname:1272552,Dimapur,Nagaland,India,Asia/Kolkata,1272552,Kamika Ekadashi,Normal Ekadashi,NORMAL,2026-08-09,,2026-08-10,04:45 AM,07:23 AM,PRATAH,DWADASHI,04:18 PM,2026-08-08,COMPLETE,2026-08-10,PARANA,Kamika Ekadashi,Upavaasa: 09-Aug-26 | Parana today: 04:45 AM to 07:23 AM,**Perform Parana today** between 04:45 AM and 07:23 AM. Upavaasa was observed on 09-Aug-26.,Kamika Ekadashi. Perform Parana today between 04:45 AM and 07:23 AM. Upavaasa was observed on 09-Aug-26. Upavaasa: 09-Aug-26 | Parana today: 04:45 AM to 07:23 AM
geoname:290030,Doha,Baladīyat ad Dawḩah,Qatar,Asia/Qatar,290030,Kamika Ekadashi,Normal Ekadashi,NORMAL,2026-08-09,,2026-08-10,05:05 AM,05:30 AM,PRATAH,DWADASHI,01:48 PM,2026-08-08,COMPLETE,2026-08-10,PARANA,Kamika Ekadashi,Upavaasa: 09-Aug-26 | Parana today: 05:05 AM to 05:30 AM,**Perform Parana today** between 05:05 AM and 05:30 AM. Upavaasa was observed on 09-Aug-26.,Kamika Ekadashi. Perform Parana today between 05:05 AM and 05:30 AM. Upavaasa was observed on 09-Aug-26. Upavaasa: 09-Aug-26 | Parana today: 05:05 AM to 05:30 AM
geoname:292223,Dubai,Dubai,United Arab Emirates,Asia/Dubai,292223,Kamika Ekadashi,Normal Ekadashi,NORMAL,2026-08-09,,2026-08-10,05:51 AM,06:30 AM,PRATAH,DWADASHI,02:48 PM,2026-08-08,COMPLETE,2026-08-10,PARANA,Kamika Ekadashi,Upavaasa: 09-Aug-26 | Parana today: 05:51 AM to 06:30 AM,**Perform Parana today** between 05:51 AM and 06:30 AM. Upavaasa was observed on 09-Aug-26.,Kamika Ekadashi. Perform Parana today between 05:51 AM and 06:30 AM. Upavaasa was observed on 09-Aug-26. Upavaasa: 09-Aug-26 | Parana today: 05:51 AM to 06:30 AM
geoname:2928751,Esslingen,Esslingen,Germany,Europe/Berlin,2928751,Kamika Ekadashi,Normal Ekadashi,NORMAL,2026-08-09,,2026-08-10,06:09 AM,09:05 AM,DWADASHI_OVER_BEFORE_SUNRISE,DWADASHI,12:48 PM,2026-08-08,COMPLETE,2026-08-10,PARANA,Kamika Ekadashi,Upavaasa: 09-Aug-26 | Parana today: 06:09 AM to 09:05 AM,**Perform Parana today** between 06:09 AM and 09:05 AM. Upavaasa was observed on 09-Aug-26.,Kamika Ekadashi. Perform Parana today between 06:09 AM and 09:05 AM. Upavaasa was observed on 09-Aug-26. Upavaasa: 09-Aug-26 | Parana today: 06:09 AM to 09:05 AM
geoname:1271631,Gangtok,Sikkim,India,Asia/Kolkata,1271631,Kamika Ekadashi,Normal Ekadashi,NORMAL,2026-08-09,,2026-08-10,05:04 AM,07:43 AM,PRATAH,DWADASHI,04:18 PM,2026-08-08,COMPLETE,2026-08-10,PARANA,Kamika Ekadashi,Upavaasa: 09-Aug-26 | Parana today: 05:04 AM to 07:43 AM,**Perform Parana today** between 05:04 AM and 07:43 AM. Upavaasa was observed on 09-Aug-26.,Kamika Ekadashi. Perform Parana today between 05:04 AM and 07:43 AM. Upavaasa was observed on 09-Aug-26. Upavaasa: 09-Aug-26 | Parana today: 05:04 AM to 07:43 AM
geoname:1270603,Guruvayur,Kerala,India,Asia/Kolkata,1270603,Kamika Ekadashi,Normal Ekadashi,NORMAL,2026-08-09,,2026-08-10,06:16 AM,08:00 AM,PRATAH,DWADASHI,04:18 PM,2026-08-08,COMPLETE,2026-08-10,PARANA,Kamika Ekadashi,Upavaasa: 09-Aug-26 | Parana today: 06:16 AM to 08:00 AM,**Perform Parana today** between 06:16 AM and 08:00 AM. Upavaasa was observed on 09-Aug-26.,Kamika Ekadashi. Perform Parana today between 06:16 AM and 08:00 AM. Upavaasa was observed on 09-Aug-26. Upavaasa: 09-Aug-26 | Parana today: 06:16 AM to 08:00 AM
geoname:1271476,Guwahati,Assam,India,Asia/Kolkata,1271476,Kamika Ekadashi,Normal Ekadashi,NORMAL,2026-08-09,,2026-08-10,04:53 AM,07:31 AM,PRATAH,DWADASHI,04:18 PM,2026-08-08,COMPLETE,2026-08-10,PARANA,Kamika Ekadashi,Upavaasa: 09-Aug-26 | Parana today: 04:53 AM to 07:31 AM,**Perform Parana today** between 04:53 AM and 07:31 AM. Upavaasa was observed on 09-Aug-26.,Kamika Ekadashi. Perform Parana today between 04:53 AM and 07:31 AM. Upavaasa was observed on 09-Aug-26. Upavaasa: 09-Aug-26 | Parana today: 04:53 AM to 07:31 AM
geoname:1269920,Hubli,Karnataka,India,Asia/Kolkata,1269920,Kamika Ekadashi,Normal Ekadashi,NORMAL,2026-08-09,,2026-08-10,06:14 AM,08:00 AM,PRATAH,DWADASHI,04:18 PM,2026-08-08,COMPLETE,2026-08-10,PARANA,Kamika Ekadashi,Upavaasa: 09-Aug-26 | Parana today: 06:14 AM to 08:00 AM,**Perform Parana today** between 06:14 AM and 08:00 AM. Upavaasa was observed on 09-Aug-26.,Kamika Ekadashi. Perform Parana today between 06:14 AM and 08:00 AM. Upavaasa was observed on 09-Aug-26. Upavaasa: 09-Aug-26 | Parana today: 06:14 AM to 08:00 AM
geoname:1269843,Hyderabad,Telangana,India,Asia/Kolkata,1269843,Kamika Ekadashi,Normal Ekadashi,NORMAL,2026-08-09,,2026-08-10,05:58 AM,08:00 AM,PRATAH,DWADASHI,04:18 PM,2026-08-08,COMPLETE,2026-08-10,PARANA,Kamika Ekadashi,Upavaasa: 09-Aug-26 | Parana today: 05:58 AM to 08:00 AM,**Perform Parana today** between 05:58 AM and 08:00 AM. Upavaasa was observed on 09-Aug-26.,Kamika Ekadashi. Perform Parana today between 05:58 AM and 08:00 AM. Upavaasa was observed on 09-Aug-26. Upavaasa: 09-Aug-26 | Parana today: 05:58 AM to 08:00 AM
geoname:1269771,Imphal,Manipur,India,Asia/Kolkata,1269771,Kamika Ekadashi,Normal Ekadashi,NORMAL,2026-08-09,,2026-08-10,04:46 AM,07:23 AM,PRATAH,DWADASHI,04:18 PM,2026-08-08,COMPLETE,2026-08-10,PARANA,Kamika Ekadashi,Upavaasa: 09-Aug-26 | Parana today: 04:46 AM to 07:23 AM,**Perform Parana today** between 04:46 AM and 07:23 AM. Upavaasa was observed on 09-Aug-26.,Kamika Ekadashi. Perform Parana today between 04:46 AM and 07:23 AM. Upavaasa was observed on 09-Aug-26. Upavaasa: 09-Aug-26 | Parana today: 04:46 AM to 07:23 AM
geoname:1269655,Itanagar,Arunachal Pradesh,India,Asia/Kolkata,1269655,Kamika Ekadashi,Normal Ekadashi,NORMAL,2026-08-09,,2026-08-10,04:44 AM,07:23 AM,PRATAH,DWADASHI,04:18 PM,2026-08-08,COMPLETE,2026-08-10,PARANA,Kamika Ekadashi,Upavaasa: 09-Aug-26 | Parana today: 04:44 AM to 07:23 AM,**Perform Parana today** between 04:44 AM and 07:23 AM. Upavaasa was observed on 09-Aug-26.,Kamika Ekadashi. Perform Parana today between 04:44 AM and 07:23 AM. Upavaasa was observed on 09-Aug-26. Upavaasa: 09-Aug-26 | Parana today: 04:44 AM to 07:23 AM
geoname:1268159,Kanchipuram,Tamil Nadu,India,Asia/Kolkata,1268159,Kamika Ekadashi,Normal Ekadashi,NORMAL,2026-08-09,,2026-08-10,05:58 AM,08:00 AM,PRATAH,DWADASHI,04:18 PM,2026-08-08,COMPLETE,2026-08-10,PARANA,Kamika Ekadashi,Upavaasa: 09-Aug-26 | Parana today: 05:58 AM to 08:00 AM,**Perform Parana today** between 05:58 AM and 08:00 AM. Upavaasa was observed on 09-Aug-26.,Kamika Ekadashi. Perform Parana today between 05:58 AM and 08:00 AM. Upavaasa was observed on 09-Aug-26. Upavaasa: 09-Aug-26 | Parana today: 05:58 AM to 08:00 AM
geoname:1266285,Kolhapur,Maharashtra,India,Asia/Kolkata,1266285,Kamika Ekadashi,Normal Ekadashi,NORMAL,2026-08-09,,2026-08-10,06:16 AM,08:00 AM,PRATAH,DWADASHI,04:18 PM,2026-08-08,COMPLETE,2026-08-10,PARANA,Kamika Ekadashi,Upavaasa: 09-Aug-26 | Parana today: 06:16 AM to 08:00 AM,**Perform Parana today** between 06:16 AM and 08:00 AM. Upavaasa was observed on 09-Aug-26.,Kamika Ekadashi. Perform Parana today between 06:16 AM and 08:00 AM. Upavaasa was observed on 09-Aug-26. Upavaasa: 09-Aug-26 | Parana today: 06:16 AM to 08:00 AM
geoname:1275004,Kolkata,West Bengal,India,Asia/Kolkata,1275004,Kamika Ekadashi,Normal Ekadashi,NORMAL,2026-08-09,,2026-08-10,05:12 AM,07:48 AM,PRATAH,DWADASHI,04:18 PM,2026-08-08,COMPLETE,2026-08-10,PARANA,Kamika Ekadashi,Upavaasa: 09-Aug-26 | Parana today: 05:12 AM to 07:48 AM,**Perform Parana today** between 05:12 AM and 07:48 AM. Upavaasa was observed on 09-Aug-26.,Kamika Ekadashi. Perform Parana today between 05:12 AM and 07:48 AM. Upavaasa was observed on 09-Aug-26. Upavaasa: 09-Aug-26 | Parana today: 05:12 AM to 07:48 AM
geoname:1265683,Kumbakonam,Tamil Nadu,India,Asia/Kolkata,1265683,Kamika Ekadashi,Normal Ekadashi,NORMAL,2026-08-09,,2026-08-10,06:02 AM,08:00 AM,PRATAH,DWADASHI,04:18 PM,2026-08-08,COMPLETE,2026-08-10,PARANA,Kamika Ekadashi,Upavaasa: 09-Aug-26 | Parana today: 06:02 AM to 08:00 AM,**Perform Parana today** between 06:02 AM and 08:00 AM. Upavaasa was observed on 09-Aug-26.,Kamika Ekadashi. Perform Parana today between 06:02 AM and 08:00 AM. Upavaasa was observed on 09-Aug-26. Upavaasa: 09-Aug-26 | Parana today: 06:02 AM to 08:00 AM
geoname:2643743,London,London,United Kingdom,Europe/London,2643743,Kamika Ekadashi,Normal Ekadashi,NORMAL,2026-08-09,,2026-08-10,05:38 AM,08:37 AM,DWADASHI_OVER_BEFORE_SUNRISE,DWADASHI,11:48 AM,2026-08-08,COMPLETE,2026-08-10,PARANA,Kamika Ekadashi,Upavaasa: 09-Aug-26 | Parana today: 05:38 AM to 08:37 AM,**Perform Parana today** between 05:38 AM and 08:37 AM. Upavaasa was observed on 09-Aug-26.,Kamika Ekadashi. Perform Parana today between 05:38 AM and 08:37 AM. Upavaasa was observed on 09-Aug-26. Upavaasa: 09-Aug-26 | Parana today: 05:38 AM to 08:37 AM
geoname:1264733,Lucknow,Uttar Pradesh,India,Asia/Kolkata,1264733,Kamika Ekadashi,Normal Ekadashi,NORMAL,2026-08-09,,2026-08-10,05:35 AM,08:00 AM,PRATAH,DWADASHI,04:18 PM,2026-08-08,COMPLETE,2026-08-10,PARANA,Kamika Ekadashi,Upavaasa: 09-Aug-26 | Parana today: 05:35 AM to 08:00 AM,**Perform Parana today** between 05:35 AM and 08:00 AM. Upavaasa was observed on 09-Aug-26.,Kamika Ekadashi. Perform Parana today between 05:35 AM and 08:00 AM. Upavaasa was observed on 09-Aug-26. Upavaasa: 09-Aug-26 | Parana today: 05:35 AM to 08:00 AM
geoname:1264521,Madurai,Tamil Nadu,India,Asia/Kolkata,1264521,Kamika Ekadashi,Normal Ekadashi,NORMAL,2026-08-09,,2026-08-10,06:08 AM,08:00 AM,PRATAH,DWADASHI,04:18 PM,2026-08-08,COMPLETE,2026-08-10,PARANA,Kamika Ekadashi,Upavaasa: 09-Aug-26 | Parana today: 06:08 AM to 08:00 AM,**Perform Parana today** between 06:08 AM and 08:00 AM. Upavaasa was observed on 09-Aug-26.,Kamika Ekadashi. Perform Parana today between 06:08 AM and 08:00 AM. Upavaasa was observed on 09-Aug-26. Upavaasa: 09-Aug-26 | Parana today: 06:08 AM to 08:00 AM
geoname:1263780,Mangalore,Karnataka,India,Asia/Kolkata,1263780,Kamika Ekadashi,Normal Ekadashi,NORMAL,2026-08-09,,2026-08-10,06:18 AM,08:00 AM,PRATAH,DWADASHI,04:18 PM,2026-08-08,COMPLETE,2026-08-10,PARANA,Kamika Ekadashi,Upavaasa: 09-Aug-26 | Parana today: 06:18 AM to 08:00 AM,**Perform Parana today** between 06:18 AM and 08:00 AM. Upavaasa was observed on 09-Aug-26.,Kamika Ekadashi. Perform Parana today between 06:18 AM and 08:00 AM. Upavaasa was observed on 09-Aug-26. Upavaasa: 09-Aug-26 | Parana today: 06:18 AM to 08:00 AM
geoname:2158177,Melbourne,Victoria,Australia,Australia/Melbourne,2158177,Kamika Ekadashi,Normal Ekadashi,NORMAL,2026-08-09,,2026-08-10,07:11 AM,09:17 AM,PRATAH,DWADASHI,08:48 PM,2026-08-08,COMPLETE,2026-08-10,PARANA,Kamika Ekadashi,Upavaasa: 09-Aug-26 | Parana today: 07:11 AM to 09:17 AM,**Perform Parana today** between 07:11 AM and 09:17 AM. Upavaasa was observed on 09-Aug-26.,Kamika Ekadashi. Perform Parana today between 07:11 AM and 09:17 AM. Upavaasa was observed on 09-Aug-26. Upavaasa: 09-Aug-26 | Parana today: 07:11 AM to 09:17 AM
geoname:1275339,Mumbai,Maharashtra,India,Asia/Kolkata,1275339,Kamika Ekadashi,Normal Ekadashi,NORMAL,2026-08-09,,2026-08-10,06:18 AM,08:00 AM,PRATAH,DWADASHI,04:18 PM,2026-08-08,COMPLETE,2026-08-10,PARANA,Kamika Ekadashi,Upavaasa: 09-Aug-26 | Parana today: 06:18 AM to 08:00 AM,**Perform Parana today** between 06:18 AM and 08:00 AM. Upavaasa was observed on 09-Aug-26.,Kamika Ekadashi. Perform Parana today between 06:18 AM and 08:00 AM. Upavaasa was observed on 09-Aug-26. Upavaasa: 09-Aug-26 | Parana today: 06:18 AM to 08:00 AM
geoname:1262321,Mysuru,Karnataka,India,Asia/Kolkata,1262321,Kamika Ekadashi,Normal Ekadashi,NORMAL,2026-08-09,,2026-08-10,06:11 AM,08:00 AM,PRATAH,DWADASHI,04:18 PM,2026-08-08,COMPLETE,2026-08-10,PARANA,Kamika Ekadashi,Upavaasa: 09-Aug-26 | Parana today: 06:11 AM to 08:00 AM,**Perform Parana today** between 06:11 AM and 08:00 AM. Upavaasa was observed on 09-Aug-26.,Kamika Ekadashi. Perform Parana today between 06:11 AM and 08:00 AM. Upavaasa was observed on 09-Aug-26. Upavaasa: 09-Aug-26 | Parana today: 06:11 AM to 08:00 AM
geoname:1262180,Nagpur,Maharashtra,India,Asia/Kolkata,1262180,Kamika Ekadashi,Normal Ekadashi,NORMAL,2026-08-09,,2026-08-10,05:51 AM,08:00 AM,PRATAH,DWADASHI,04:18 PM,2026-08-08,COMPLETE,2026-08-10,PARANA,Kamika Ekadashi,Upavaasa: 09-Aug-26 | Parana today: 05:51 AM to 08:00 AM,**Perform Parana today** between 05:51 AM and 08:00 AM. Upavaasa was observed on 09-Aug-26.,Kamika Ekadashi. Perform Parana today between 05:51 AM and 08:00 AM. Upavaasa was observed on 09-Aug-26. Upavaasa: 09-Aug-26 | Parana today: 05:51 AM to 08:00 AM
geoname:5099836,New Jersey,New Jersey,United States,America/New_York,5099836,Kamika Ekadashi,Dashami Viddha Ekadashi,DASHAMI_VIDDHA,2026-08-09,,2026-08-10,06:02 AM,08:50 AM,POST_DWADASHI_FAST_DWADASHI_OVER_BEFORE_SUNRISE,POST_DWADASHI_UPAVASA,06:48 AM,2026-08-08,COMPLETE,2026-08-10,PARANA,Kamika Ekadashi,Upavaasa: 09-Aug-26 | Parana today: 06:02 AM to 08:50 AM,**Perform Parana today** between 06:02 AM and 08:50 AM. Upavaasa was observed on 09-Aug-26.,Kamika Ekadashi. Perform Parana today between 06:02 AM and 08:50 AM. Upavaasa was observed on 09-Aug-26. Upavaasa: 09-Aug-26 | Parana today: 06:02 AM to 08:50 AM
geoname:5128581,New York,New York,United States,America/New_York,5128581,Kamika Ekadashi,Dashami Viddha Ekadashi,DASHAMI_VIDDHA,2026-08-09,,2026-08-10,06:02 AM,08:50 AM,POST_DWADASHI_FAST_DWADASHI_OVER_BEFORE_SUNRISE,POST_DWADASHI_UPAVASA,06:48 AM,2026-08-08,COMPLETE,2026-08-10,PARANA,Kamika Ekadashi,Upavaasa: 09-Aug-26 | Parana today: 06:02 AM to 08:50 AM,**Perform Parana today** between 06:02 AM and 08:50 AM. Upavaasa was observed on 09-Aug-26.,Kamika Ekadashi. Perform Parana today between 06:02 AM and 08:50 AM. Upavaasa was observed on 09-Aug-26. Upavaasa: 09-Aug-26 | Parana today: 06:02 AM to 08:50 AM
geoname:1260546,Pandharpur,Maharashtra,India,Asia/Kolkata,1260546,Kamika Ekadashi,Normal Ekadashi,NORMAL,2026-08-09,,2026-08-10,06:10 AM,08:00 AM,PRATAH,DWADASHI,04:18 PM,2026-08-08,COMPLETE,2026-08-10,PARANA,Kamika Ekadashi,Upavaasa: 09-Aug-26 | Parana today: 06:10 AM to 08:00 AM,**Perform Parana today** between 06:10 AM and 08:00 AM. Upavaasa was observed on 09-Aug-26.,Kamika Ekadashi. Perform Parana today between 06:10 AM and 08:00 AM. Upavaasa was observed on 09-Aug-26. Upavaasa: 09-Aug-26 | Parana today: 06:10 AM to 08:00 AM
geoname:2063523,Perth,Western Australia,Australia,Australia/Perth,2063523,Kamika Ekadashi,Normal Ekadashi,NORMAL,2026-08-09,,2026-08-10,06:58 AM,09:08 AM,PRATAH,DWADASHI,06:48 PM,2026-08-08,COMPLETE,2026-08-10,PARANA,Kamika Ekadashi,Upavaasa: 09-Aug-26 | Parana today: 06:58 AM to 09:08 AM,**Perform Parana today** between 06:58 AM and 09:08 AM. Upavaasa was observed on 09-Aug-26.,Kamika Ekadashi. Perform Parana today between 06:58 AM and 09:08 AM. Upavaasa was observed on 09-Aug-26. Upavaasa: 09-Aug-26 | Parana today: 06:58 AM to 09:08 AM
geoname:1278994,Prayagraj,Uttar Pradesh,India,Asia/Kolkata,1278994,Kamika Ekadashi,Normal Ekadashi,NORMAL,2026-08-09,,2026-08-10,05:34 AM,08:00 AM,PRATAH,DWADASHI,04:18 PM,2026-08-08,COMPLETE,2026-08-10,PARANA,Kamika Ekadashi,Upavaasa: 09-Aug-26 | Parana today: 05:34 AM to 08:00 AM,**Perform Parana today** between 05:34 AM and 08:00 AM. Upavaasa was observed on 09-Aug-26.,Kamika Ekadashi. Perform Parana today between 05:34 AM and 08:00 AM. Upavaasa was observed on 09-Aug-26. Upavaasa: 09-Aug-26 | Parana today: 05:34 AM to 08:00 AM
geoname:1259229,Pune,Maharashtra,India,Asia/Kolkata,1259229,Kamika Ekadashi,Normal Ekadashi,NORMAL,2026-08-09,,2026-08-10,06:15 AM,08:00 AM,PRATAH,DWADASHI,04:18 PM,2026-08-08,COMPLETE,2026-08-10,PARANA,Kamika Ekadashi,Upavaasa: 09-Aug-26 | Parana today: 06:15 AM to 08:00 AM,**Perform Parana today** between 06:15 AM and 08:00 AM. Upavaasa was observed on 09-Aug-26.,Kamika Ekadashi. Perform Parana today between 06:15 AM and 08:00 AM. Upavaasa was observed on 09-Aug-26. Upavaasa: 09-Aug-26 | Parana today: 06:15 AM to 08:00 AM
geoname:1835848,Seoul,Seoul,South Korea,Asia/Seoul,1835848,Kamika Ekadashi,Normal Ekadashi,NORMAL,2026-08-09,,2026-08-10,05:43 AM,08:29 AM,PRATAH,DWADASHI,07:48 PM,2026-08-08,COMPLETE,2026-08-10,PARANA,Kamika Ekadashi,Upavaasa: 09-Aug-26 | Parana today: 05:43 AM to 08:29 AM,**Perform Parana today** between 05:43 AM and 08:29 AM. Upavaasa was observed on 09-Aug-26.,Kamika Ekadashi. Perform Parana today between 05:43 AM and 08:29 AM. Upavaasa was observed on 09-Aug-26. Upavaasa: 09-Aug-26 | Parana today: 05:43 AM to 08:29 AM
geoname:1256525,Shiliguri,West Bengal,India,Asia/Kolkata,1256525,Kamika Ekadashi,Normal Ekadashi,NORMAL,2026-08-09,,2026-08-10,05:05 AM,07:44 AM,PRATAH,DWADASHI,04:18 PM,2026-08-08,COMPLETE,2026-08-10,PARANA,Kamika Ekadashi,Upavaasa: 09-Aug-26 | Parana today: 05:05 AM to 07:44 AM,**Perform Parana today** between 05:05 AM and 07:44 AM. Upavaasa was observed on 09-Aug-26.,Kamika Ekadashi. Perform Parana today between 05:05 AM and 07:44 AM. Upavaasa was observed on 09-Aug-26. Upavaasa: 09-Aug-26 | Parana today: 05:05 AM to 07:44 AM
geoname:1256287,Silchar,Assam,India,Asia/Kolkata,1256287,Kamika Ekadashi,Normal Ekadashi,NORMAL,2026-08-09,,2026-08-10,04:51 AM,07:28 AM,PRATAH,DWADASHI,04:18 PM,2026-08-08,COMPLETE,2026-08-10,PARANA,Kamika Ekadashi,Upavaasa: 09-Aug-26 | Parana today: 04:51 AM to 07:28 AM,**Perform Parana today** between 04:51 AM and 07:28 AM. Upavaasa was observed on 09-Aug-26.,Kamika Ekadashi. Perform Parana today between 04:51 AM and 07:28 AM. Upavaasa was observed on 09-Aug-26. Upavaasa: 09-Aug-26 | Parana today: 04:51 AM to 07:28 AM
geoname:1255634,Srinagar,Jammu and Kashmir,India,Asia/Kolkata,1255634,Kamika Ekadashi,Normal Ekadashi,NORMAL,2026-08-09,,2026-08-10,05:48 AM,08:00 AM,PRATAH,DWADASHI,04:18 PM,2026-08-08,COMPLETE,2026-08-10,PARANA,Kamika Ekadashi,Upavaasa: 09-Aug-26 | Parana today: 05:48 AM to 08:00 AM,**Perform Parana today** between 05:48 AM and 08:00 AM. Upavaasa was observed on 09-Aug-26.,Kamika Ekadashi. Perform Parana today between 05:48 AM and 08:00 AM. Upavaasa was observed on 09-Aug-26. Upavaasa: 09-Aug-26 | Parana today: 05:48 AM to 08:00 AM
geoname:1254388,Srirangam,Tamil Nadu,India,Asia/Kolkata,1254388,Kamika Ekadashi,Normal Ekadashi,NORMAL,2026-08-09,,2026-08-10,06:05 AM,08:00 AM,PRATAH,DWADASHI,04:18 PM,2026-08-08,COMPLETE,2026-08-10,PARANA,Kamika Ekadashi,Upavaasa: 09-Aug-26 | Parana today: 06:05 AM to 08:00 AM,**Perform Parana today** between 06:05 AM and 08:00 AM. Upavaasa was observed on 09-Aug-26.,Kamika Ekadashi. Perform Parana today between 06:05 AM and 08:00 AM. Upavaasa was observed on 09-Aug-26. Upavaasa: 09-Aug-26 | Parana today: 06:05 AM to 08:00 AM
geoname:5139865,Stonybrook,New York,United States,America/New_York,5139865,Kamika Ekadashi,Dashami Viddha Ekadashi,DASHAMI_VIDDHA,2026-08-09,,2026-08-10,05:58 AM,08:46 AM,POST_DWADASHI_FAST_DWADASHI_OVER_BEFORE_SUNRISE,POST_DWADASHI_UPAVASA,06:48 AM,2026-08-08,COMPLETE,2026-08-10,PARANA,Kamika Ekadashi,Upavaasa: 09-Aug-26 | Parana today: 05:58 AM to 08:46 AM,**Perform Parana today** between 05:58 AM and 08:46 AM. Upavaasa was observed on 09-Aug-26.,Kamika Ekadashi. Perform Parana today between 05:58 AM and 08:46 AM. Upavaasa was observed on 09-Aug-26. Upavaasa: 09-Aug-26 | Parana today: 05:58 AM to 08:46 AM
geoname:1255364,Surat,Gujarat,India,Asia/Kolkata,1255364,Kamika Ekadashi,Normal Ekadashi,NORMAL,2026-08-09,,2026-08-10,06:15 AM,08:00 AM,PRATAH,DWADASHI,04:18 PM,2026-08-08,COMPLETE,2026-08-10,PARANA,Kamika Ekadashi,Upavaasa: 09-Aug-26 | Parana today: 06:15 AM to 08:00 AM,**Perform Parana today** between 06:15 AM and 08:00 AM. Upavaasa was observed on 09-Aug-26.,Kamika Ekadashi. Perform Parana today between 06:15 AM and 08:00 AM. Upavaasa was observed on 09-Aug-26. Upavaasa: 09-Aug-26 | Parana today: 06:15 AM to 08:00 AM
geoname:2147714,Sydney,New South Wales,Australia,Australia/Sydney,2147714,Kamika Ekadashi,Normal Ekadashi,NORMAL,2026-08-09,,2026-08-10,06:40 AM,08:48 AM,PRATAH,DWADASHI,08:48 PM,2026-08-08,COMPLETE,2026-08-10,PARANA,Kamika Ekadashi,Upavaasa: 09-Aug-26 | Parana today: 06:40 AM to 08:48 AM,**Perform Parana today** between 06:40 AM and 08:48 AM. Upavaasa was observed on 09-Aug-26.,Kamika Ekadashi. Perform Parana today between 06:40 AM and 08:48 AM. Upavaasa was observed on 09-Aug-26. Upavaasa: 09-Aug-26 | Parana today: 06:40 AM to 08:48 AM
geoname:5140405,Syracuse,New York,United States,America/New_York,5140405,Kamika Ekadashi,Dashami Viddha Ekadashi,DASHAMI_VIDDHA,2026-08-09,,2026-08-10,06:05 AM,08:55 AM,POST_DWADASHI_FAST_DWADASHI_OVER_BEFORE_SUNRISE,POST_DWADASHI_UPAVASA,06:48 AM,2026-08-08,COMPLETE,2026-08-10,PARANA,Kamika Ekadashi,Upavaasa: 09-Aug-26 | Parana today: 06:05 AM to 08:55 AM,**Perform Parana today** between 06:05 AM and 08:55 AM. Upavaasa was observed on 09-Aug-26.,Kamika Ekadashi. Perform Parana today between 06:05 AM and 08:55 AM. Upavaasa was observed on 09-Aug-26. Upavaasa: 09-Aug-26 | Parana today: 06:05 AM to 08:55 AM
geoname:1262321,T Narasipura,Karnataka,India,Asia/Kolkata,1262321,Kamika Ekadashi,Normal Ekadashi,NORMAL,2026-08-09,,2026-08-10,06:11 AM,08:00 AM,PRATAH,DWADASHI,04:18 PM,2026-08-08,COMPLETE,2026-08-10,PARANA,Kamika Ekadashi,Upavaasa: 09-Aug-26 | Parana today: 06:11 AM to 08:00 AM,**Perform Parana today** between 06:11 AM and 08:00 AM. Upavaasa was observed on 09-Aug-26.,Kamika Ekadashi. Perform Parana today between 06:11 AM and 08:00 AM. Upavaasa was observed on 09-Aug-26. Upavaasa: 09-Aug-26 | Parana today: 06:11 AM to 08:00 AM
geoname:1254163,Thiruvananthapuram,Kerala,India,Asia/Kolkata,1254163,Kamika Ekadashi,Normal Ekadashi,NORMAL,2026-08-09,,2026-08-10,06:15 AM,08:00 AM,PRATAH,DWADASHI,04:18 PM,2026-08-08,COMPLETE,2026-08-10,PARANA,Kamika Ekadashi,Upavaasa: 09-Aug-26 | Parana today: 06:15 AM to 08:00 AM,**Perform Parana today** between 06:15 AM and 08:00 AM. Upavaasa was observed on 09-Aug-26.,Kamika Ekadashi. Perform Parana today between 06:15 AM and 08:00 AM. Upavaasa was observed on 09-Aug-26. Upavaasa: 09-Aug-26 | Parana today: 06:15 AM to 08:00 AM
geoname:1254360,Tirupati,Andhra Pradesh,India,Asia/Kolkata,1254360,Kamika Ekadashi,Normal Ekadashi,NORMAL,2026-08-09,,2026-08-10,05:59 AM,08:00 AM,PRATAH,DWADASHI,04:18 PM,2026-08-08,COMPLETE,2026-08-10,PARANA,Kamika Ekadashi,Upavaasa: 09-Aug-26 | Parana today: 05:59 AM to 08:00 AM,**Perform Parana today** between 05:59 AM and 08:00 AM. Upavaasa was observed on 09-Aug-26.,Kamika Ekadashi. Perform Parana today between 05:59 AM and 08:00 AM. Upavaasa was observed on 09-Aug-26. Upavaasa: 09-Aug-26 | Parana today: 05:59 AM to 08:00 AM
geoname:1253952,Udupi,Karnataka,India,Asia/Kolkata,1253952,Kamika Ekadashi,Normal Ekadashi,NORMAL,2026-08-09,,2026-08-10,06:18 AM,08:00 AM,PRATAH,DWADASHI,04:18 PM,2026-08-08,COMPLETE,2026-08-10,PARANA,Kamika Ekadashi,Upavaasa: 09-Aug-26 | Parana today: 06:18 AM to 08:00 AM,**Perform Parana today** between 06:18 AM and 08:00 AM. Upavaasa was observed on 09-Aug-26.,Kamika Ekadashi. Perform Parana today between 06:18 AM and 08:00 AM. Upavaasa was observed on 09-Aug-26. Upavaasa: 09-Aug-26 | Parana today: 06:18 AM to 08:00 AM
geoname:1253573,Vadodara,Gujarat,India,Asia/Kolkata,1253573,Kamika Ekadashi,Normal Ekadashi,NORMAL,2026-08-09,,2026-08-10,06:13 AM,08:00 AM,PRATAH,DWADASHI,04:18 PM,2026-08-08,COMPLETE,2026-08-10,PARANA,Kamika Ekadashi,Upavaasa: 09-Aug-26 | Parana today: 06:13 AM to 08:00 AM,**Perform Parana today** between 06:13 AM and 08:00 AM. Upavaasa was observed on 09-Aug-26.,Kamika Ekadashi. Perform Parana today between 06:13 AM and 08:00 AM. Upavaasa was observed on 09-Aug-26. Upavaasa: 09-Aug-26 | Parana today: 06:13 AM to 08:00 AM
geoname:1253405,Varanasi,Uttar Pradesh,India,Asia/Kolkata,1253405,Kamika Ekadashi,Normal Ekadashi,NORMAL,2026-08-09,,2026-08-10,05:29 AM,08:00 AM,PRATAH,DWADASHI,04:18 PM,2026-08-08,COMPLETE,2026-08-10,PARANA,Kamika Ekadashi,Upavaasa: 09-Aug-26 | Parana today: 05:29 AM to 08:00 AM,**Perform Parana today** between 05:29 AM and 08:00 AM. Upavaasa was observed on 09-Aug-26.,Kamika Ekadashi. Perform Parana today between 05:29 AM and 08:00 AM. Upavaasa was observed on 09-Aug-26. Upavaasa: 09-Aug-26 | Parana today: 05:29 AM to 08:00 AM
geoname:1253102,Visakhapatnam,Andra Pradesh,India,Asia/Kolkata,1253102,Kamika Ekadashi,Normal Ekadashi,NORMAL,2026-08-09,,2026-08-10,05:39 AM,08:00 AM,PRATAH,DWADASHI,04:18 PM,2026-08-08,COMPLETE,2026-08-10,PARANA,Kamika Ekadashi,Upavaasa: 09-Aug-26 | Parana today: 05:39 AM to 08:00 AM,**Perform Parana today** between 05:39 AM and 08:00 AM. Upavaasa was observed on 09-Aug-26.,Kamika Ekadashi. Perform Parana today between 05:39 AM and 08:00 AM. Upavaasa was observed on 09-Aug-26. Upavaasa: 09-Aug-26 | Parana today: 05:39 AM to 08:00 AM
geoname:2179537,Wellington,Wellington,New Zealand,Pacific/Auckland,2179537,Kamika Ekadashi,Normal Ekadashi,NORMAL,2026-08-09,,2026-08-10,07:19 AM,09:22 AM,PRATAH,DWADASHI,10:48 PM,2026-08-08,COMPLETE,2026-08-10,PARANA,Kamika Ekadashi,Upavaasa: 09-Aug-26 | Parana today: 07:19 AM to 09:22 AM,**Perform Parana today** between 07:19 AM and 09:22 AM. Upavaasa was observed on 09-Aug-26.,Kamika Ekadashi. Perform Parana today between 07:19 AM and 09:22 AM. Upavaasa was observed on 09-Aug-26. Upavaasa: 09-Aug-26 | Parana today: 07:19 AM to 09:22 AM
geoname:2657896,Zurich,Zurich,Switzerland,Europe/Zurich,2657896,Kamika Ekadashi,Normal Ekadashi,NORMAL,2026-08-09,,2026-08-10,06:15 AM,09:09 AM,DWADASHI_OVER_BEFORE_SUNRISE,DWADASHI,12:48 PM,2026-08-08,COMPLETE,2026-08-10,PARANA,Kamika Ekadashi,Upavaasa: 09-Aug-26 | Parana today: 06:15 AM to 09:09 AM,**Perform Parana today** between 06:15 AM and 09:09 AM. Upavaasa was observed on 09-Aug-26.,Kamika Ekadashi. Perform Parana today between 06:15 AM and 09:09 AM. Upavaasa was observed on 09-Aug-26. Upavaasa: 09-Aug-26 | Parana today: 06:15 AM to 09:09 AM
