Place Key,City,State/Region,Country,Timezone,Geoname ID,Ekadashi Name,Ekadashi Type,Condition Code,Upavaasa Date 1,Upavaasa Date 2,Parana Date,Parana Start,Parana End,Parana Branch,Parana Tithi Rule,Hari Vasara End,Cycle Anchor,Completeness Status,Date,Action Role,Special Events,Special Event Details,Note,Message
geoname:2078025,Adelaide,South Australia,Australia,Australia/Adelaide,2078025,Shravana Putrada Ekadashi,Dashami Viddha -> Valid Ekadashi,DASHAMI_VIDDHA_THEN_VALID_EKADASHI,2026-08-24,,2026-08-25,06:44 AM,08:57 AM,PRATAH,DWADASHI,02:49 PM,2026-08-23,COMPLETE,2026-08-23,VIDDHA_NO_FAST,Shravana Putrada Ekadashi,"Upavaasa: 24-Aug-26 | Parana: 25-Aug-26, 06:44 AM to 08:57 AM",**Do not observe Upavaasa today.** Today's Ekadashi sunrise is Dashami Viddha because Ekadashi began during Arunodaya. Ekadashi continues to a valid sunrise on 24-Aug-26; observe Upavaasa on that date.,"Shravana Putrada Ekadashi. Do not observe Upavaasa today. Today's Ekadashi sunrise is Dashami Viddha because Ekadashi began during Arunodaya. Ekadashi continues to a valid sunrise on 24-Aug-26; observe Upavaasa on that date. Upavaasa: 24-Aug-26 | Parana: 25-Aug-26, 06:44 AM to 08:57 AM"
geoname:1279290,Agartala,Tripura,India,Asia/Kolkata,1279290,Shravana Putrada Ekadashi,Dwadashi Dwaya,DWADASHI_DWAYA,2026-08-23,2026-08-24,2026-08-25,05:04 AM,06:20 AM,POST_DWADASHI_FAST_DWADASHI_ENDS_IN_PRATAH,POST_DWADASHI_UPAVASA,10:49 AM,2026-08-23,COMPLETE,2026-08-23,UPAVASA_DAY_1,Shravana Putrada Ekadashi,"Upavaasa: 23-Aug-26 and 24-Aug-26 | Parana: 25-Aug-26, 05:04 AM to 06:20 AM",A valid Ekadashi sunrise is followed by Dwadashi at two consecutive sunrises. **Observe Upavaasa today and continue tomorrow.**,"Shravana Putrada Ekadashi. A valid Ekadashi sunrise is followed by Dwadashi at two consecutive sunrises. Observe Upavaasa today and continue tomorrow. Upavaasa: 23-Aug-26 and 24-Aug-26 | Parana: 25-Aug-26, 05:04 AM to 06:20 AM"
geoname:1279186,Aizawl,Mizoram,India,Asia/Kolkata,1279186,Shravana Putrada Ekadashi,Dwadashi Dwaya,DWADASHI_DWAYA,2026-08-23,2026-08-24,2026-08-25,04:58 AM,06:20 AM,POST_DWADASHI_FAST_DWADASHI_ENDS_IN_PRATAH,POST_DWADASHI_UPAVASA,10:49 AM,2026-08-23,COMPLETE,2026-08-23,UPAVASA_DAY_1,Shravana Putrada Ekadashi,"Upavaasa: 23-Aug-26 and 24-Aug-26 | Parana: 25-Aug-26, 04:58 AM to 06:20 AM",A valid Ekadashi sunrise is followed by Dwadashi at two consecutive sunrises. **Observe Upavaasa today and continue tomorrow.**,"Shravana Putrada Ekadashi. A valid Ekadashi sunrise is followed by Dwadashi at two consecutive sunrises. Observe Upavaasa today and continue tomorrow. Upavaasa: 23-Aug-26 and 24-Aug-26 | Parana: 25-Aug-26, 04:58 AM to 06:20 AM"
geoname:4180439,Atlanta,Georgia,United States,America/New_York,4180439,Shravana Putrada Ekadashi,Normal Ekadashi,NORMAL,2026-08-23,,2026-08-24,07:06 AM,09:43 AM,PRATAH,DWADASHI,01:19 AM,2026-08-23,COMPLETE,2026-08-23,UPAVASA_DAY_1,Shravana Putrada Ekadashi,"Upavaasa: 23-Aug-26 | Parana: 24-Aug-26, 07:06 AM to 09:43 AM",Normal Ekadashi. **Observe Upavaasa today.** Ekadashi began before Arunodaya and no two-day exception applies.,"Shravana Putrada Ekadashi. Normal Ekadashi. Observe Upavaasa today. Ekadashi began before Arunodaya and no two-day exception applies. Upavaasa: 23-Aug-26 | Parana: 24-Aug-26, 07:06 AM to 09:43 AM"
geoname:1278094,Ayodhya,Uttar Pradesh,India,Asia/Kolkata,1278094,Shravana Putrada Ekadashi,Dwadashi Dwaya,DWADASHI_DWAYA,2026-08-23,2026-08-24,2026-08-25,05:37 AM,06:20 AM,POST_DWADASHI_FAST_DWADASHI_ENDS_IN_PRATAH,POST_DWADASHI_UPAVASA,10:49 AM,2026-08-23,COMPLETE,2026-08-23,UPAVASA_DAY_1,Shravana Putrada Ekadashi,"Upavaasa: 23-Aug-26 and 24-Aug-26 | Parana: 25-Aug-26, 05:37 AM to 06:20 AM",A valid Ekadashi sunrise is followed by Dwadashi at two consecutive sunrises. **Observe Upavaasa today and continue tomorrow.**,"Shravana Putrada Ekadashi. A valid Ekadashi sunrise is followed by Dwadashi at two consecutive sunrises. Observe Upavaasa today and continue tomorrow. Upavaasa: 23-Aug-26 and 24-Aug-26 | Parana: 25-Aug-26, 05:37 AM to 06:20 AM"
geoname:4347778,Baltimore,Maryland,United States,America/New_York,4347778,Shravana Putrada Ekadashi,Normal Ekadashi,NORMAL,2026-08-23,,2026-08-24,06:28 AM,09:08 AM,PRATAH,DWADASHI,01:19 AM,2026-08-23,COMPLETE,2026-08-23,UPAVASA_DAY_1,Shravana Putrada Ekadashi,"Upavaasa: 23-Aug-26 | Parana: 24-Aug-26, 06:28 AM to 09:08 AM",Normal Ekadashi. **Observe Upavaasa today.** Ekadashi began before Arunodaya and no two-day exception applies.,"Shravana Putrada Ekadashi. Normal Ekadashi. Observe Upavaasa today. Ekadashi began before Arunodaya and no two-day exception applies. Upavaasa: 23-Aug-26 | Parana: 24-Aug-26, 06:28 AM to 09:08 AM"
geoname:5108728,Belfast,New York,United States,America/New_York,5108728,Shravana Putrada Ekadashi,Normal Ekadashi,NORMAL,2026-08-23,,2026-08-24,06:29 AM,09:11 AM,PRATAH,DWADASHI,01:19 AM,2026-08-23,COMPLETE,2026-08-23,UPAVASA_DAY_1,Shravana Putrada Ekadashi,"Upavaasa: 23-Aug-26 | Parana: 24-Aug-26, 06:29 AM to 09:11 AM",Normal Ekadashi. **Observe Upavaasa today.** Ekadashi began before Arunodaya and no two-day exception applies.,"Shravana Putrada Ekadashi. Normal Ekadashi. Observe Upavaasa today. Ekadashi began before Arunodaya and no two-day exception applies. Upavaasa: 23-Aug-26 | Parana: 24-Aug-26, 06:29 AM to 09:11 AM"
geoname:1276533,Belgaum,Karnataka,India,Asia/Kolkata,1276533,Shravana Putrada Ekadashi,Dwadashi Dwaya,DWADASHI_DWAYA,2026-08-23,2026-08-24,2026-08-25,06:18 AM,06:20 AM,POST_DWADASHI_FAST_DWADASHI_ENDS_IN_PRATAH,POST_DWADASHI_UPAVASA,10:49 AM,2026-08-23,COMPLETE,2026-08-23,UPAVASA_DAY_1,Shravana Putrada Ekadashi,"Upavaasa: 23-Aug-26 and 24-Aug-26 | Parana: 25-Aug-26, 06:18 AM to 06:20 AM",A valid Ekadashi sunrise is followed by Dwadashi at two consecutive sunrises. **Observe Upavaasa today and continue tomorrow.**,"Shravana Putrada Ekadashi. A valid Ekadashi sunrise is followed by Dwadashi at two consecutive sunrises. Observe Upavaasa today and continue tomorrow. Upavaasa: 23-Aug-26 and 24-Aug-26 | Parana: 25-Aug-26, 06:18 AM to 06:20 AM"
geoname:1277333,Bengaluru,Karnataka,India,Asia/Kolkata,1277333,Shravana Putrada Ekadashi,Dwadashi Dwaya,DWADASHI_DWAYA,2026-08-23,2026-08-24,2026-08-25,06:08 AM,06:20 AM,POST_DWADASHI_FAST_DWADASHI_ENDS_IN_PRATAH,POST_DWADASHI_UPAVASA,10:49 AM,2026-08-23,COMPLETE,2026-08-23,UPAVASA_DAY_1,Shravana Putrada Ekadashi,"Upavaasa: 23-Aug-26 and 24-Aug-26 | Parana: 25-Aug-26, 06:08 AM to 06:20 AM",A valid Ekadashi sunrise is followed by Dwadashi at two consecutive sunrises. **Observe Upavaasa today and continue tomorrow.**,"Shravana Putrada Ekadashi. A valid Ekadashi sunrise is followed by Dwadashi at two consecutive sunrises. Observe Upavaasa today and continue tomorrow. Upavaasa: 23-Aug-26 and 24-Aug-26 | Parana: 25-Aug-26, 06:08 AM to 06:20 AM"
geoname:1275841,Bhopal,Madhya Pradesh,India,Asia/Kolkata,1275841,Shravana Putrada Ekadashi,Dwadashi Dwaya,DWADASHI_DWAYA,2026-08-23,2026-08-24,2026-08-25,06:00 AM,06:20 AM,POST_DWADASHI_FAST_DWADASHI_ENDS_IN_PRATAH,POST_DWADASHI_UPAVASA,10:49 AM,2026-08-23,COMPLETE,2026-08-23,UPAVASA_DAY_1,Shravana Putrada Ekadashi,"Upavaasa: 23-Aug-26 and 24-Aug-26 | Parana: 25-Aug-26, 06:00 AM to 06:20 AM",A valid Ekadashi sunrise is followed by Dwadashi at two consecutive sunrises. **Observe Upavaasa today and continue tomorrow.**,"Shravana Putrada Ekadashi. A valid Ekadashi sunrise is followed by Dwadashi at two consecutive sunrises. Observe Upavaasa today and continue tomorrow. Upavaasa: 23-Aug-26 and 24-Aug-26 | Parana: 25-Aug-26, 06:00 AM to 06:20 AM"
geoname:1275817,Bhubaneswar,Odisha,India,Asia/Kolkata,1275817,Shravana Putrada Ekadashi,Dwadashi Dwaya,DWADASHI_DWAYA,2026-08-23,2026-08-24,2026-08-25,05:29 AM,06:20 AM,POST_DWADASHI_FAST_DWADASHI_ENDS_IN_PRATAH,POST_DWADASHI_UPAVASA,10:49 AM,2026-08-23,COMPLETE,2026-08-23,UPAVASA_DAY_1,Shravana Putrada Ekadashi,"Upavaasa: 23-Aug-26 and 24-Aug-26 | Parana: 25-Aug-26, 05:29 AM to 06:20 AM",A valid Ekadashi sunrise is followed by Dwadashi at two consecutive sunrises. **Observe Upavaasa today and continue tomorrow.**,"Shravana Putrada Ekadashi. A valid Ekadashi sunrise is followed by Dwadashi at two consecutive sunrises. Observe Upavaasa today and continue tomorrow. Upavaasa: 23-Aug-26 and 24-Aug-26 | Parana: 25-Aug-26, 05:29 AM to 06:20 AM"
geoname:5110629,Buffalo,New York,United States,America/New_York,5110629,Shravana Putrada Ekadashi,Normal Ekadashi,NORMAL,2026-08-23,,2026-08-24,06:32 AM,09:14 AM,PRATAH,DWADASHI,01:19 AM,2026-08-23,COMPLETE,2026-08-23,UPAVASA_DAY_1,Shravana Putrada Ekadashi,"Upavaasa: 23-Aug-26 | Parana: 24-Aug-26, 06:32 AM to 09:14 AM",Normal Ekadashi. **Observe Upavaasa today.** Ekadashi began before Arunodaya and no two-day exception applies.,"Shravana Putrada Ekadashi. Normal Ekadashi. Observe Upavaasa today. Ekadashi began before Arunodaya and no two-day exception applies. Upavaasa: 23-Aug-26 | Parana: 24-Aug-26, 06:32 AM to 09:14 AM"
geoname:2172517,Canberra,Australian Capital Territory,Australia,Australia/Sydney,2172517,Shravana Putrada Ekadashi,Dashami Viddha -> Valid Ekadashi,DASHAMI_VIDDHA_THEN_VALID_EKADASHI,2026-08-24,,2026-08-25,06:33 AM,08:46 AM,PRATAH,DWADASHI,03:19 PM,2026-08-23,COMPLETE,2026-08-23,VIDDHA_NO_FAST,Shravana Putrada Ekadashi,"Upavaasa: 24-Aug-26 | Parana: 25-Aug-26, 06:33 AM to 08:46 AM",**Do not observe Upavaasa today.** Today's Ekadashi sunrise is Dashami Viddha because Ekadashi began during Arunodaya. Ekadashi continues to a valid sunrise on 24-Aug-26; observe Upavaasa on that date.,"Shravana Putrada Ekadashi. Do not observe Upavaasa today. Today's Ekadashi sunrise is Dashami Viddha because Ekadashi began during Arunodaya. Ekadashi continues to a valid sunrise on 24-Aug-26; observe Upavaasa on that date. Upavaasa: 24-Aug-26 | Parana: 25-Aug-26, 06:33 AM to 08:46 AM"
geoname:4460243,Charlotte,North Carolina,United States,America/New_York,4460243,Shravana Putrada Ekadashi,Normal Ekadashi,NORMAL,2026-08-23,,2026-08-24,06:50 AM,09:28 AM,PRATAH,DWADASHI,01:19 AM,2026-08-23,COMPLETE,2026-08-23,UPAVASA_DAY_1,Shravana Putrada Ekadashi,"Upavaasa: 23-Aug-26 | Parana: 24-Aug-26, 06:50 AM to 09:28 AM",Normal Ekadashi. **Observe Upavaasa today.** Ekadashi began before Arunodaya and no two-day exception applies.,"Shravana Putrada Ekadashi. Normal Ekadashi. Observe Upavaasa today. Ekadashi began before Arunodaya and no two-day exception applies. Upavaasa: 23-Aug-26 | Parana: 24-Aug-26, 06:50 AM to 09:28 AM"
geoname:1264527,Chennai,Tamil Nadu,India,Asia/Kolkata,1264527,Shravana Putrada Ekadashi,Dwadashi Dwaya,DWADASHI_DWAYA,2026-08-23,2026-08-24,2026-08-25,05:57 AM,06:20 AM,POST_DWADASHI_FAST_DWADASHI_ENDS_IN_PRATAH,POST_DWADASHI_UPAVASA,10:49 AM,2026-08-23,COMPLETE,2026-08-23,UPAVASA_DAY_1,Shravana Putrada Ekadashi,"Upavaasa: 23-Aug-26 and 24-Aug-26 | Parana: 25-Aug-26, 05:57 AM to 06:20 AM",A valid Ekadashi sunrise is followed by Dwadashi at two consecutive sunrises. **Observe Upavaasa today and continue tomorrow.**,"Shravana Putrada Ekadashi. A valid Ekadashi sunrise is followed by Dwadashi at two consecutive sunrises. Observe Upavaasa today and continue tomorrow. Upavaasa: 23-Aug-26 and 24-Aug-26 | Parana: 25-Aug-26, 05:57 AM to 06:20 AM"
geoname:4887398,Chicago,Illinois,United States,America/Chicago,4887398,Shravana Putrada Ekadashi,Normal Ekadashi,NORMAL,2026-08-23,,2026-08-24,06:08 AM,08:50 AM,PRATAH,DWADASHI,12:19 AM,2026-08-23,COMPLETE,2026-08-23,UPAVASA_DAY_1,Shravana Putrada Ekadashi,"Upavaasa: 23-Aug-26 | Parana: 24-Aug-26, 06:08 AM to 08:50 AM",Normal Ekadashi. **Observe Upavaasa today.** Ekadashi began before Arunodaya and no two-day exception applies.,"Shravana Putrada Ekadashi. Normal Ekadashi. Observe Upavaasa today. Ekadashi began before Arunodaya and no two-day exception applies. Upavaasa: 23-Aug-26 | Parana: 24-Aug-26, 06:08 AM to 08:50 AM"
geoname:1274256,Chidambaram,Tamil Nadu,India,Asia/Kolkata,1274256,Shravana Putrada Ekadashi,Dwadashi Dwaya,DWADASHI_DWAYA,2026-08-23,2026-08-24,2026-08-25,06:01 AM,06:20 AM,POST_DWADASHI_FAST_DWADASHI_ENDS_IN_PRATAH,POST_DWADASHI_UPAVASA,10:49 AM,2026-08-23,COMPLETE,2026-08-23,UPAVASA_DAY_1,Shravana Putrada Ekadashi,"Upavaasa: 23-Aug-26 and 24-Aug-26 | Parana: 25-Aug-26, 06:01 AM to 06:20 AM",A valid Ekadashi sunrise is followed by Dwadashi at two consecutive sunrises. **Observe Upavaasa today and continue tomorrow.**,"Shravana Putrada Ekadashi. A valid Ekadashi sunrise is followed by Dwadashi at two consecutive sunrises. Observe Upavaasa today and continue tomorrow. Upavaasa: 23-Aug-26 and 24-Aug-26 | Parana: 25-Aug-26, 06:01 AM to 06:20 AM"
geoname:4508722,Cincinnati,Ohio,United States,America/New_York,4508722,Shravana Putrada Ekadashi,Normal Ekadashi,NORMAL,2026-08-23,,2026-08-24,07:00 AM,09:40 AM,PRATAH,DWADASHI,01:19 AM,2026-08-23,COMPLETE,2026-08-23,UPAVASA_DAY_1,Shravana Putrada Ekadashi,"Upavaasa: 23-Aug-26 | Parana: 24-Aug-26, 07:00 AM to 09:40 AM",Normal Ekadashi. **Observe Upavaasa today.** Ekadashi began before Arunodaya and no two-day exception applies.,"Shravana Putrada Ekadashi. Normal Ekadashi. Observe Upavaasa today. Ekadashi began before Arunodaya and no two-day exception applies. Upavaasa: 23-Aug-26 | Parana: 24-Aug-26, 07:00 AM to 09:40 AM"
geoname:5150529,Cleveland,Ohio,United States,America/New_York,5150529,Shravana Putrada Ekadashi,Normal Ekadashi,NORMAL,2026-08-23,,2026-08-24,06:45 AM,09:27 AM,PRATAH,DWADASHI,01:19 AM,2026-08-23,COMPLETE,2026-08-23,UPAVASA_DAY_1,Shravana Putrada Ekadashi,"Upavaasa: 23-Aug-26 | Parana: 24-Aug-26, 06:45 AM to 09:27 AM",Normal Ekadashi. **Observe Upavaasa today.** Ekadashi began before Arunodaya and no two-day exception applies.,"Shravana Putrada Ekadashi. Normal Ekadashi. Observe Upavaasa today. Ekadashi began before Arunodaya and no two-day exception applies. Upavaasa: 23-Aug-26 | Parana: 24-Aug-26, 06:45 AM to 09:27 AM"
geoname:4256038,Columbus,Indiana,United States,America/Indiana/Indianapolis,4256038,Shravana Putrada Ekadashi,Normal Ekadashi,NORMAL,2026-08-23,,2026-08-24,07:05 AM,09:45 AM,PRATAH,DWADASHI,01:19 AM,2026-08-23,COMPLETE,2026-08-23,UPAVASA_DAY_1,Shravana Putrada Ekadashi,"Upavaasa: 23-Aug-26 | Parana: 24-Aug-26, 07:05 AM to 09:45 AM",Normal Ekadashi. **Observe Upavaasa today.** Ekadashi began before Arunodaya and no two-day exception applies.,"Shravana Putrada Ekadashi. Normal Ekadashi. Observe Upavaasa today. Ekadashi began before Arunodaya and no two-day exception applies. Upavaasa: 23-Aug-26 | Parana: 24-Aug-26, 07:05 AM to 09:45 AM"
geoname:4509177,Columbus,Ohio,United States,America/New_York,4509177,Shravana Putrada Ekadashi,Normal Ekadashi,NORMAL,2026-08-23,,2026-08-24,06:52 AM,09:33 AM,PRATAH,DWADASHI,01:19 AM,2026-08-23,COMPLETE,2026-08-23,UPAVASA_DAY_1,Shravana Putrada Ekadashi,"Upavaasa: 23-Aug-26 | Parana: 24-Aug-26, 06:52 AM to 09:33 AM",Normal Ekadashi. **Observe Upavaasa today.** Ekadashi began before Arunodaya and no two-day exception applies.,"Shravana Putrada Ekadashi. Normal Ekadashi. Observe Upavaasa today. Ekadashi began before Arunodaya and no two-day exception applies. Upavaasa: 23-Aug-26 | Parana: 24-Aug-26, 06:52 AM to 09:33 AM"
geoname:4684888,Dallas,Texas,United States,America/Chicago,4684888,Shravana Putrada Ekadashi,Normal Ekadashi,NORMAL,2026-08-23,,2026-08-24,06:57 AM,09:34 AM,PRATAH,DWADASHI,12:19 AM,2026-08-23,COMPLETE,2026-08-23,UPAVASA_DAY_1,Shravana Putrada Ekadashi,"Upavaasa: 23-Aug-26 | Parana: 24-Aug-26, 06:57 AM to 09:34 AM",Normal Ekadashi. **Observe Upavaasa today.** Ekadashi began before Arunodaya and no two-day exception applies.,"Shravana Putrada Ekadashi. Normal Ekadashi. Observe Upavaasa today. Ekadashi began before Arunodaya and no two-day exception applies. Upavaasa: 23-Aug-26 | Parana: 24-Aug-26, 06:57 AM to 09:34 AM"
geoname:1272648,Dibrugarh,Assam,India,Asia/Kolkata,1272648,Shravana Putrada Ekadashi,Dwadashi Dwaya,DWADASHI_DWAYA,2026-08-23,2026-08-24,2026-08-25,04:46 AM,06:20 AM,POST_DWADASHI_FAST_DWADASHI_ENDS_IN_PRATAH,POST_DWADASHI_UPAVASA,10:49 AM,2026-08-23,COMPLETE,2026-08-23,UPAVASA_DAY_1,Shravana Putrada Ekadashi,"Upavaasa: 23-Aug-26 and 24-Aug-26 | Parana: 25-Aug-26, 04:46 AM to 06:20 AM",A valid Ekadashi sunrise is followed by Dwadashi at two consecutive sunrises. **Observe Upavaasa today and continue tomorrow.**,"Shravana Putrada Ekadashi. A valid Ekadashi sunrise is followed by Dwadashi at two consecutive sunrises. Observe Upavaasa today and continue tomorrow. Upavaasa: 23-Aug-26 and 24-Aug-26 | Parana: 25-Aug-26, 04:46 AM to 06:20 AM"
geoname:1272552,Dimapur,Nagaland,India,Asia/Kolkata,1272552,Shravana Putrada Ekadashi,Dwadashi Dwaya,DWADASHI_DWAYA,2026-08-23,2026-08-24,2026-08-25,04:52 AM,06:20 AM,POST_DWADASHI_FAST_DWADASHI_ENDS_IN_PRATAH,POST_DWADASHI_UPAVASA,10:49 AM,2026-08-23,COMPLETE,2026-08-23,UPAVASA_DAY_1,Shravana Putrada Ekadashi,"Upavaasa: 23-Aug-26 and 24-Aug-26 | Parana: 25-Aug-26, 04:52 AM to 06:20 AM",A valid Ekadashi sunrise is followed by Dwadashi at two consecutive sunrises. **Observe Upavaasa today and continue tomorrow.**,"Shravana Putrada Ekadashi. A valid Ekadashi sunrise is followed by Dwadashi at two consecutive sunrises. Observe Upavaasa today and continue tomorrow. Upavaasa: 23-Aug-26 and 24-Aug-26 | Parana: 25-Aug-26, 04:52 AM to 06:20 AM"
geoname:290030,Doha,Baladīyat ad Dawḩah,Qatar,Asia/Qatar,290030,Shravana Putrada Ekadashi,Normal Ekadashi,NORMAL,2026-08-23,,2026-08-24,12:53 PM,03:27 PM,APARAHNA,DWADASHI,08:19 AM,2026-08-23,COMPLETE,2026-08-23,UPAVASA_DAY_1,Shravana Putrada Ekadashi,"Upavaasa: 23-Aug-26 | Parana: 24-Aug-26, 12:53 PM to 03:27 PM",Normal Ekadashi. **Observe Upavaasa today.** Ekadashi began before Arunodaya and no two-day exception applies.,"Shravana Putrada Ekadashi. Normal Ekadashi. Observe Upavaasa today. Ekadashi began before Arunodaya and no two-day exception applies. Upavaasa: 23-Aug-26 | Parana: 24-Aug-26, 12:53 PM to 03:27 PM"
geoname:292223,Dubai,Dubai,United Arab Emirates,Asia/Dubai,292223,Shravana Putrada Ekadashi,Normal Ekadashi,NORMAL,2026-08-23,,2026-08-24,01:38 PM,04:12 PM,APARAHNA,DWADASHI,09:19 AM,2026-08-23,COMPLETE,2026-08-23,UPAVASA_DAY_1,Shravana Putrada Ekadashi,"Upavaasa: 23-Aug-26 | Parana: 24-Aug-26, 01:38 PM to 04:12 PM",Normal Ekadashi. **Observe Upavaasa today.** Ekadashi began before Arunodaya and no two-day exception applies.,"Shravana Putrada Ekadashi. Normal Ekadashi. Observe Upavaasa today. Ekadashi began before Arunodaya and no two-day exception applies. Upavaasa: 23-Aug-26 | Parana: 24-Aug-26, 01:38 PM to 04:12 PM"
geoname:2928751,Esslingen,Esslingen,Germany,Europe/Berlin,2928751,Shravana Putrada Ekadashi,Normal Ekadashi,NORMAL,2026-08-23,,2026-08-24,07:19 AM,09:15 AM,PRATAH,DWADASHI,07:19 AM,2026-08-23,COMPLETE,2026-08-23,UPAVASA_DAY_1,Shravana Putrada Ekadashi,"Upavaasa: 23-Aug-26 | Parana: 24-Aug-26, 07:19 AM to 09:15 AM",Normal Ekadashi. **Observe Upavaasa today.** Ekadashi began before Arunodaya and no two-day exception applies.,"Shravana Putrada Ekadashi. Normal Ekadashi. Observe Upavaasa today. Ekadashi began before Arunodaya and no two-day exception applies. Upavaasa: 23-Aug-26 | Parana: 24-Aug-26, 07:19 AM to 09:15 AM"
geoname:1271631,Gangtok,Sikkim,India,Asia/Kolkata,1271631,Shravana Putrada Ekadashi,Dwadashi Dwaya,DWADASHI_DWAYA,2026-08-23,2026-08-24,2026-08-25,05:11 AM,06:20 AM,POST_DWADASHI_FAST_DWADASHI_ENDS_IN_PRATAH,POST_DWADASHI_UPAVASA,10:49 AM,2026-08-23,COMPLETE,2026-08-23,UPAVASA_DAY_1,Shravana Putrada Ekadashi,"Upavaasa: 23-Aug-26 and 24-Aug-26 | Parana: 25-Aug-26, 05:11 AM to 06:20 AM",A valid Ekadashi sunrise is followed by Dwadashi at two consecutive sunrises. **Observe Upavaasa today and continue tomorrow.**,"Shravana Putrada Ekadashi. A valid Ekadashi sunrise is followed by Dwadashi at two consecutive sunrises. Observe Upavaasa today and continue tomorrow. Upavaasa: 23-Aug-26 and 24-Aug-26 | Parana: 25-Aug-26, 05:11 AM to 06:20 AM"
geoname:5119251,Greece,New York,United States,America/New_York,5119251,Shravana Putrada Ekadashi,Normal Ekadashi,NORMAL,2026-08-23,,2026-08-24,06:26 AM,09:09 AM,PRATAH,DWADASHI,01:19 AM,2026-08-23,COMPLETE,2026-08-23,UPAVASA_DAY_1,Shravana Putrada Ekadashi,"Upavaasa: 23-Aug-26 | Parana: 24-Aug-26, 06:26 AM to 09:09 AM",Normal Ekadashi. **Observe Upavaasa today.** Ekadashi began before Arunodaya and no two-day exception applies.,"Shravana Putrada Ekadashi. Normal Ekadashi. Observe Upavaasa today. Ekadashi began before Arunodaya and no two-day exception applies. Upavaasa: 23-Aug-26 | Parana: 24-Aug-26, 06:26 AM to 09:09 AM"
geoname:1270603,Guruvayur,Kerala,India,Asia/Kolkata,1270603,Shravana Putrada Ekadashi,Dwadashi Dwaya,DWADASHI_DWAYA,2026-08-23,2026-08-24,2026-08-25,06:16 AM,06:20 AM,POST_DWADASHI_FAST_DWADASHI_ENDS_IN_PRATAH,POST_DWADASHI_UPAVASA,10:49 AM,2026-08-23,COMPLETE,2026-08-23,UPAVASA_DAY_1,Shravana Putrada Ekadashi,"Upavaasa: 23-Aug-26 and 24-Aug-26 | Parana: 25-Aug-26, 06:16 AM to 06:20 AM",A valid Ekadashi sunrise is followed by Dwadashi at two consecutive sunrises. **Observe Upavaasa today and continue tomorrow.**,"Shravana Putrada Ekadashi. A valid Ekadashi sunrise is followed by Dwadashi at two consecutive sunrises. Observe Upavaasa today and continue tomorrow. Upavaasa: 23-Aug-26 and 24-Aug-26 | Parana: 25-Aug-26, 06:16 AM to 06:20 AM"
geoname:1271476,Guwahati,Assam,India,Asia/Kolkata,1271476,Shravana Putrada Ekadashi,Dwadashi Dwaya,DWADASHI_DWAYA,2026-08-23,2026-08-24,2026-08-25,05:00 AM,06:20 AM,POST_DWADASHI_FAST_DWADASHI_ENDS_IN_PRATAH,POST_DWADASHI_UPAVASA,10:49 AM,2026-08-23,COMPLETE,2026-08-23,UPAVASA_DAY_1,Shravana Putrada Ekadashi,"Upavaasa: 23-Aug-26 and 24-Aug-26 | Parana: 25-Aug-26, 05:00 AM to 06:20 AM",A valid Ekadashi sunrise is followed by Dwadashi at two consecutive sunrises. **Observe Upavaasa today and continue tomorrow.**,"Shravana Putrada Ekadashi. A valid Ekadashi sunrise is followed by Dwadashi at two consecutive sunrises. Observe Upavaasa today and continue tomorrow. Upavaasa: 23-Aug-26 and 24-Aug-26 | Parana: 25-Aug-26, 05:00 AM to 06:20 AM"
geoname:4699066,Houston,Texas,United States,America/Chicago,4699066,Shravana Putrada Ekadashi,Normal Ekadashi,NORMAL,2026-08-23,,2026-08-24,06:54 AM,09:30 AM,PRATAH,DWADASHI,12:19 AM,2026-08-23,COMPLETE,2026-08-23,UPAVASA_DAY_1,Shravana Putrada Ekadashi,"Upavaasa: 23-Aug-26 | Parana: 24-Aug-26, 06:54 AM to 09:30 AM",Normal Ekadashi. **Observe Upavaasa today.** Ekadashi began before Arunodaya and no two-day exception applies.,"Shravana Putrada Ekadashi. Normal Ekadashi. Observe Upavaasa today. Ekadashi began before Arunodaya and no two-day exception applies. Upavaasa: 23-Aug-26 | Parana: 24-Aug-26, 06:54 AM to 09:30 AM"
geoname:1269920,Hubli,Karnataka,India,Asia/Kolkata,1269920,Shravana Putrada Ekadashi,Dwadashi Dwaya,DWADASHI_DWAYA,2026-08-23,2026-08-24,2026-08-25,06:16 AM,06:20 AM,POST_DWADASHI_FAST_DWADASHI_ENDS_IN_PRATAH,POST_DWADASHI_UPAVASA,10:49 AM,2026-08-23,COMPLETE,2026-08-23,UPAVASA_DAY_1,Shravana Putrada Ekadashi,"Upavaasa: 23-Aug-26 and 24-Aug-26 | Parana: 25-Aug-26, 06:16 AM to 06:20 AM",A valid Ekadashi sunrise is followed by Dwadashi at two consecutive sunrises. **Observe Upavaasa today and continue tomorrow.**,"Shravana Putrada Ekadashi. A valid Ekadashi sunrise is followed by Dwadashi at two consecutive sunrises. Observe Upavaasa today and continue tomorrow. Upavaasa: 23-Aug-26 and 24-Aug-26 | Parana: 25-Aug-26, 06:16 AM to 06:20 AM"
geoname:1269843,Hyderabad,Telangana,India,Asia/Kolkata,1269843,Shravana Putrada Ekadashi,Dwadashi Dwaya,DWADASHI_DWAYA,2026-08-23,2026-08-24,2026-08-25,06:01 AM,06:20 AM,POST_DWADASHI_FAST_DWADASHI_ENDS_IN_PRATAH,POST_DWADASHI_UPAVASA,10:49 AM,2026-08-23,COMPLETE,2026-08-23,UPAVASA_DAY_1,Shravana Putrada Ekadashi,"Upavaasa: 23-Aug-26 and 24-Aug-26 | Parana: 25-Aug-26, 06:01 AM to 06:20 AM",A valid Ekadashi sunrise is followed by Dwadashi at two consecutive sunrises. **Observe Upavaasa today and continue tomorrow.**,"Shravana Putrada Ekadashi. A valid Ekadashi sunrise is followed by Dwadashi at two consecutive sunrises. Observe Upavaasa today and continue tomorrow. Upavaasa: 23-Aug-26 and 24-Aug-26 | Parana: 25-Aug-26, 06:01 AM to 06:20 AM"
geoname:1269771,Imphal,Manipur,India,Asia/Kolkata,1269771,Shravana Putrada Ekadashi,Dwadashi Dwaya,DWADASHI_DWAYA,2026-08-23,2026-08-24,2026-08-25,04:52 AM,06:20 AM,POST_DWADASHI_FAST_DWADASHI_ENDS_IN_PRATAH,POST_DWADASHI_UPAVASA,10:49 AM,2026-08-23,COMPLETE,2026-08-23,UPAVASA_DAY_1,Shravana Putrada Ekadashi,"Upavaasa: 23-Aug-26 and 24-Aug-26 | Parana: 25-Aug-26, 04:52 AM to 06:20 AM",A valid Ekadashi sunrise is followed by Dwadashi at two consecutive sunrises. **Observe Upavaasa today and continue tomorrow.**,"Shravana Putrada Ekadashi. A valid Ekadashi sunrise is followed by Dwadashi at two consecutive sunrises. Observe Upavaasa today and continue tomorrow. Upavaasa: 23-Aug-26 and 24-Aug-26 | Parana: 25-Aug-26, 04:52 AM to 06:20 AM"
geoname:1269655,Itanagar,Arunachal Pradesh,India,Asia/Kolkata,1269655,Shravana Putrada Ekadashi,Dwadashi Dwaya,DWADASHI_DWAYA,2026-08-23,2026-08-24,2026-08-25,04:51 AM,06:20 AM,POST_DWADASHI_FAST_DWADASHI_ENDS_IN_PRATAH,POST_DWADASHI_UPAVASA,10:49 AM,2026-08-23,COMPLETE,2026-08-23,UPAVASA_DAY_1,Shravana Putrada Ekadashi,"Upavaasa: 23-Aug-26 and 24-Aug-26 | Parana: 25-Aug-26, 04:51 AM to 06:20 AM",A valid Ekadashi sunrise is followed by Dwadashi at two consecutive sunrises. **Observe Upavaasa today and continue tomorrow.**,"Shravana Putrada Ekadashi. A valid Ekadashi sunrise is followed by Dwadashi at two consecutive sunrises. Observe Upavaasa today and continue tomorrow. Upavaasa: 23-Aug-26 and 24-Aug-26 | Parana: 25-Aug-26, 04:51 AM to 06:20 AM"
geoname:1268159,Kanchipuram,Tamil Nadu,India,Asia/Kolkata,1268159,Shravana Putrada Ekadashi,Dwadashi Dwaya,DWADASHI_DWAYA,2026-08-23,2026-08-24,2026-08-25,06:00 AM,06:20 AM,POST_DWADASHI_FAST_DWADASHI_ENDS_IN_PRATAH,POST_DWADASHI_UPAVASA,10:49 AM,2026-08-23,COMPLETE,2026-08-23,UPAVASA_DAY_1,Shravana Putrada Ekadashi,"Upavaasa: 23-Aug-26 and 24-Aug-26 | Parana: 25-Aug-26, 06:00 AM to 06:20 AM",A valid Ekadashi sunrise is followed by Dwadashi at two consecutive sunrises. **Observe Upavaasa today and continue tomorrow.**,"Shravana Putrada Ekadashi. A valid Ekadashi sunrise is followed by Dwadashi at two consecutive sunrises. Observe Upavaasa today and continue tomorrow. Upavaasa: 23-Aug-26 and 24-Aug-26 | Parana: 25-Aug-26, 06:00 AM to 06:20 AM"
geoname:4634946,Knoxville,Tennessee,United States,America/New_York,4634946,Shravana Putrada Ekadashi,Normal Ekadashi,NORMAL,2026-08-23,,2026-08-24,07:01 AM,09:40 AM,PRATAH,DWADASHI,01:19 AM,2026-08-23,COMPLETE,2026-08-23,UPAVASA_DAY_1,Shravana Putrada Ekadashi,"Upavaasa: 23-Aug-26 | Parana: 24-Aug-26, 07:01 AM to 09:40 AM",Normal Ekadashi. **Observe Upavaasa today.** Ekadashi began before Arunodaya and no two-day exception applies.,"Shravana Putrada Ekadashi. Normal Ekadashi. Observe Upavaasa today. Ekadashi began before Arunodaya and no two-day exception applies. Upavaasa: 23-Aug-26 | Parana: 24-Aug-26, 07:01 AM to 09:40 AM"
geoname:1266285,Kolhapur,Maharashtra,India,Asia/Kolkata,1266285,Shravana Putrada Ekadashi,Dwadashi Dwaya,DWADASHI_DWAYA,2026-08-23,2026-08-24,2026-08-25,06:19 AM,06:20 AM,POST_DWADASHI_FAST_DWADASHI_ENDS_IN_PRATAH,POST_DWADASHI_UPAVASA,10:49 AM,2026-08-23,COMPLETE,2026-08-23,UPAVASA_DAY_1,Shravana Putrada Ekadashi,"Upavaasa: 23-Aug-26 and 24-Aug-26 | Parana: 25-Aug-26, 06:19 AM to 06:20 AM",A valid Ekadashi sunrise is followed by Dwadashi at two consecutive sunrises. **Observe Upavaasa today and continue tomorrow.**,"Shravana Putrada Ekadashi. A valid Ekadashi sunrise is followed by Dwadashi at two consecutive sunrises. Observe Upavaasa today and continue tomorrow. Upavaasa: 23-Aug-26 and 24-Aug-26 | Parana: 25-Aug-26, 06:19 AM to 06:20 AM"
geoname:1275004,Kolkata,West Bengal,India,Asia/Kolkata,1275004,Shravana Putrada Ekadashi,Dwadashi Dwaya,DWADASHI_DWAYA,2026-08-23,2026-08-24,2026-08-25,05:17 AM,06:20 AM,POST_DWADASHI_FAST_DWADASHI_ENDS_IN_PRATAH,POST_DWADASHI_UPAVASA,10:49 AM,2026-08-23,COMPLETE,2026-08-23,UPAVASA_DAY_1,Shravana Putrada Ekadashi,"Upavaasa: 23-Aug-26 and 24-Aug-26 | Parana: 25-Aug-26, 05:17 AM to 06:20 AM",A valid Ekadashi sunrise is followed by Dwadashi at two consecutive sunrises. **Observe Upavaasa today and continue tomorrow.**,"Shravana Putrada Ekadashi. A valid Ekadashi sunrise is followed by Dwadashi at two consecutive sunrises. Observe Upavaasa today and continue tomorrow. Upavaasa: 23-Aug-26 and 24-Aug-26 | Parana: 25-Aug-26, 05:17 AM to 06:20 AM"
geoname:1265683,Kumbakonam,Tamil Nadu,India,Asia/Kolkata,1265683,Shravana Putrada Ekadashi,Dwadashi Dwaya,DWADASHI_DWAYA,2026-08-23,2026-08-24,2026-08-25,06:03 AM,06:20 AM,POST_DWADASHI_FAST_DWADASHI_ENDS_IN_PRATAH,POST_DWADASHI_UPAVASA,10:49 AM,2026-08-23,COMPLETE,2026-08-23,UPAVASA_DAY_1,Shravana Putrada Ekadashi,"Upavaasa: 23-Aug-26 and 24-Aug-26 | Parana: 25-Aug-26, 06:03 AM to 06:20 AM",A valid Ekadashi sunrise is followed by Dwadashi at two consecutive sunrises. **Observe Upavaasa today and continue tomorrow.**,"Shravana Putrada Ekadashi. A valid Ekadashi sunrise is followed by Dwadashi at two consecutive sunrises. Observe Upavaasa today and continue tomorrow. Upavaasa: 23-Aug-26 and 24-Aug-26 | Parana: 25-Aug-26, 06:03 AM to 06:20 AM"
geoname:4922462,Lafayette,Indiana,United States,America/Indiana/Indianapolis,4922462,Shravana Putrada Ekadashi,Normal Ekadashi,NORMAL,2026-08-23,,2026-08-24,07:07 AM,09:48 AM,PRATAH,DWADASHI,01:19 AM,2026-08-23,COMPLETE,2026-08-23,UPAVASA_DAY_1,Shravana Putrada Ekadashi,"Upavaasa: 23-Aug-26 | Parana: 24-Aug-26, 07:07 AM to 09:48 AM",Normal Ekadashi. **Observe Upavaasa today.** Ekadashi began before Arunodaya and no two-day exception applies.,"Shravana Putrada Ekadashi. Normal Ekadashi. Observe Upavaasa today. Ekadashi began before Arunodaya and no two-day exception applies. Upavaasa: 23-Aug-26 | Parana: 24-Aug-26, 07:07 AM to 09:48 AM"
geoname:2643743,London,London,United Kingdom,Europe/London,2643743,Shravana Putrada Ekadashi,Normal Ekadashi,NORMAL,2026-08-23,,2026-08-24,06:19 AM,08:49 AM,PRATAH,DWADASHI,06:19 AM,2026-08-23,COMPLETE,2026-08-23,UPAVASA_DAY_1,Shravana Putrada Ekadashi,"Upavaasa: 23-Aug-26 | Parana: 24-Aug-26, 06:19 AM to 08:49 AM",Normal Ekadashi. **Observe Upavaasa today.** Ekadashi began before Arunodaya and no two-day exception applies.,"Shravana Putrada Ekadashi. Normal Ekadashi. Observe Upavaasa today. Ekadashi began before Arunodaya and no two-day exception applies. Upavaasa: 23-Aug-26 | Parana: 24-Aug-26, 06:19 AM to 08:49 AM"
geoname:5368361,Los Angeles,California,United States,America/Los_Angeles,5368361,Shravana Putrada Ekadashi,Normal Ekadashi,NORMAL,2026-08-23,,2026-08-24,06:21 AM,08:59 AM,PRATAH,DWADASHI,10:19 PM,2026-08-23,COMPLETE,2026-08-23,UPAVASA_DAY_1,Shravana Putrada Ekadashi,"Upavaasa: 23-Aug-26 | Parana: 24-Aug-26, 06:21 AM to 08:59 AM",Normal Ekadashi. **Observe Upavaasa today.** Ekadashi began before Arunodaya and no two-day exception applies.,"Shravana Putrada Ekadashi. Normal Ekadashi. Observe Upavaasa today. Ekadashi began before Arunodaya and no two-day exception applies. Upavaasa: 23-Aug-26 | Parana: 24-Aug-26, 06:21 AM to 08:59 AM"
geoname:1264733,Lucknow,Uttar Pradesh,India,Asia/Kolkata,1264733,Shravana Putrada Ekadashi,Dwadashi Dwaya,DWADASHI_DWAYA,2026-08-23,2026-08-24,2026-08-25,05:42 AM,06:20 AM,POST_DWADASHI_FAST_DWADASHI_ENDS_IN_PRATAH,POST_DWADASHI_UPAVASA,10:49 AM,2026-08-23,COMPLETE,2026-08-23,UPAVASA_DAY_1,Shravana Putrada Ekadashi,"Upavaasa: 23-Aug-26 and 24-Aug-26 | Parana: 25-Aug-26, 05:42 AM to 06:20 AM",A valid Ekadashi sunrise is followed by Dwadashi at two consecutive sunrises. **Observe Upavaasa today and continue tomorrow.**,"Shravana Putrada Ekadashi. A valid Ekadashi sunrise is followed by Dwadashi at two consecutive sunrises. Observe Upavaasa today and continue tomorrow. Upavaasa: 23-Aug-26 and 24-Aug-26 | Parana: 25-Aug-26, 05:42 AM to 06:20 AM"
geoname:1264521,Madurai,Tamil Nadu,India,Asia/Kolkata,1264521,Shravana Putrada Ekadashi,Dwadashi Dwaya,DWADASHI_DWAYA,2026-08-23,2026-08-24,2026-08-25,06:09 AM,06:20 AM,POST_DWADASHI_FAST_DWADASHI_ENDS_IN_PRATAH,POST_DWADASHI_UPAVASA,10:49 AM,2026-08-23,COMPLETE,2026-08-23,UPAVASA_DAY_1,Shravana Putrada Ekadashi,"Upavaasa: 23-Aug-26 and 24-Aug-26 | Parana: 25-Aug-26, 06:09 AM to 06:20 AM",A valid Ekadashi sunrise is followed by Dwadashi at two consecutive sunrises. **Observe Upavaasa today and continue tomorrow.**,"Shravana Putrada Ekadashi. A valid Ekadashi sunrise is followed by Dwadashi at two consecutive sunrises. Observe Upavaasa today and continue tomorrow. Upavaasa: 23-Aug-26 and 24-Aug-26 | Parana: 25-Aug-26, 06:09 AM to 06:20 AM"
geoname:1263780,Mangalore,Karnataka,India,Asia/Kolkata,1263780,Shravana Putrada Ekadashi,Dwadashi Dwaya,DWADASHI_DWAYA,2026-08-23,2026-08-24,2026-08-25,06:19 AM,06:20 AM,POST_DWADASHI_FAST_DWADASHI_ENDS_IN_PRATAH,POST_DWADASHI_UPAVASA,10:49 AM,2026-08-23,COMPLETE,2026-08-23,UPAVASA_DAY_1,Shravana Putrada Ekadashi,"Upavaasa: 23-Aug-26 and 24-Aug-26 | Parana: 25-Aug-26, 06:19 AM to 06:20 AM",A valid Ekadashi sunrise is followed by Dwadashi at two consecutive sunrises. **Observe Upavaasa today and continue tomorrow.**,"Shravana Putrada Ekadashi. A valid Ekadashi sunrise is followed by Dwadashi at two consecutive sunrises. Observe Upavaasa today and continue tomorrow. Upavaasa: 23-Aug-26 and 24-Aug-26 | Parana: 25-Aug-26, 06:19 AM to 06:20 AM"
geoname:2158177,Melbourne,Victoria,Australia,Australia/Melbourne,2158177,Shravana Putrada Ekadashi,Dashami Viddha -> Valid Ekadashi,DASHAMI_VIDDHA_THEN_VALID_EKADASHI,2026-08-24,,2026-08-25,06:52 AM,09:04 AM,PRATAH,DWADASHI,03:19 PM,2026-08-23,COMPLETE,2026-08-23,VIDDHA_NO_FAST,Shravana Putrada Ekadashi,"Upavaasa: 24-Aug-26 | Parana: 25-Aug-26, 06:52 AM to 09:04 AM",**Do not observe Upavaasa today.** Today's Ekadashi sunrise is Dashami Viddha because Ekadashi began during Arunodaya. Ekadashi continues to a valid sunrise on 24-Aug-26; observe Upavaasa on that date.,"Shravana Putrada Ekadashi. Do not observe Upavaasa today. Today's Ekadashi sunrise is Dashami Viddha because Ekadashi began during Arunodaya. Ekadashi continues to a valid sunrise on 24-Aug-26; observe Upavaasa on that date. Upavaasa: 24-Aug-26 | Parana: 25-Aug-26, 06:52 AM to 09:04 AM"
geoname:1275339,Mumbai,Maharashtra,India,Asia/Kolkata,1275339,Shravana Putrada Ekadashi,Normal Ekadashi,NORMAL,2026-08-23,,2026-08-24,01:57 PM,04:28 PM,APARAHNA,DWADASHI,10:49 AM,2026-08-23,COMPLETE,2026-08-23,UPAVASA_DAY_1,Shravana Putrada Ekadashi,"Upavaasa: 23-Aug-26 | Parana: 24-Aug-26, 01:57 PM to 04:28 PM",Normal Ekadashi. **Observe Upavaasa today.** Ekadashi began before Arunodaya and no two-day exception applies.,"Shravana Putrada Ekadashi. Normal Ekadashi. Observe Upavaasa today. Ekadashi began before Arunodaya and no two-day exception applies. Upavaasa: 23-Aug-26 | Parana: 24-Aug-26, 01:57 PM to 04:28 PM"
geoname:1262321,Mysuru,Karnataka,India,Asia/Kolkata,1262321,Shravana Putrada Ekadashi,Dwadashi Dwaya,DWADASHI_DWAYA,2026-08-23,2026-08-24,2026-08-25,06:13 AM,06:20 AM,POST_DWADASHI_FAST_DWADASHI_ENDS_IN_PRATAH,POST_DWADASHI_UPAVASA,10:49 AM,2026-08-23,COMPLETE,2026-08-23,UPAVASA_DAY_1,Shravana Putrada Ekadashi,"Upavaasa: 23-Aug-26 and 24-Aug-26 | Parana: 25-Aug-26, 06:13 AM to 06:20 AM",A valid Ekadashi sunrise is followed by Dwadashi at two consecutive sunrises. **Observe Upavaasa today and continue tomorrow.**,"Shravana Putrada Ekadashi. A valid Ekadashi sunrise is followed by Dwadashi at two consecutive sunrises. Observe Upavaasa today and continue tomorrow. Upavaasa: 23-Aug-26 and 24-Aug-26 | Parana: 25-Aug-26, 06:13 AM to 06:20 AM"
geoname:1262180,Nagpur,Maharashtra,India,Asia/Kolkata,1262180,Shravana Putrada Ekadashi,Dwadashi Dwaya,DWADASHI_DWAYA,2026-08-23,2026-08-24,2026-08-25,05:55 AM,06:20 AM,POST_DWADASHI_FAST_DWADASHI_ENDS_IN_PRATAH,POST_DWADASHI_UPAVASA,10:49 AM,2026-08-23,COMPLETE,2026-08-23,UPAVASA_DAY_1,Shravana Putrada Ekadashi,"Upavaasa: 23-Aug-26 and 24-Aug-26 | Parana: 25-Aug-26, 05:55 AM to 06:20 AM",A valid Ekadashi sunrise is followed by Dwadashi at two consecutive sunrises. **Observe Upavaasa today and continue tomorrow.**,"Shravana Putrada Ekadashi. A valid Ekadashi sunrise is followed by Dwadashi at two consecutive sunrises. Observe Upavaasa today and continue tomorrow. Upavaasa: 23-Aug-26 and 24-Aug-26 | Parana: 25-Aug-26, 05:55 AM to 06:20 AM"
geoname:4644585,Nashville,Tennessee,United States,America/Chicago,4644585,Shravana Putrada Ekadashi,Normal Ekadashi,NORMAL,2026-08-23,,2026-08-24,06:13 AM,08:52 AM,PRATAH,DWADASHI,12:19 AM,2026-08-23,COMPLETE,2026-08-23,UPAVASA_DAY_1,Shravana Putrada Ekadashi,"Upavaasa: 23-Aug-26 | Parana: 24-Aug-26, 06:13 AM to 08:52 AM",Normal Ekadashi. **Observe Upavaasa today.** Ekadashi began before Arunodaya and no two-day exception applies.,"Shravana Putrada Ekadashi. Normal Ekadashi. Observe Upavaasa today. Ekadashi began before Arunodaya and no two-day exception applies. Upavaasa: 23-Aug-26 | Parana: 24-Aug-26, 06:13 AM to 08:52 AM"
geoname:5099836,New Jersey,New Jersey,United States,America/New_York,5099836,Shravana Putrada Ekadashi,Normal Ekadashi,NORMAL,2026-08-23,,2026-08-24,06:16 AM,08:57 AM,PRATAH,DWADASHI,01:19 AM,2026-08-23,COMPLETE,2026-08-23,UPAVASA_DAY_1,Shravana Putrada Ekadashi,"Upavaasa: 23-Aug-26 | Parana: 24-Aug-26, 06:16 AM to 08:57 AM",Normal Ekadashi. **Observe Upavaasa today.** Ekadashi began before Arunodaya and no two-day exception applies.,"Shravana Putrada Ekadashi. Normal Ekadashi. Observe Upavaasa today. Ekadashi began before Arunodaya and no two-day exception applies. Upavaasa: 23-Aug-26 | Parana: 24-Aug-26, 06:16 AM to 08:57 AM"
geoname:5128581,New York,New York,United States,America/New_York,5128581,Shravana Putrada Ekadashi,Normal Ekadashi,NORMAL,2026-08-23,,2026-08-24,06:15 AM,08:56 AM,PRATAH,DWADASHI,01:19 AM,2026-08-23,COMPLETE,2026-08-23,UPAVASA_DAY_1,Shravana Putrada Ekadashi,"Upavaasa: 23-Aug-26 | Parana: 24-Aug-26, 06:15 AM to 08:56 AM",Normal Ekadashi. **Observe Upavaasa today.** Ekadashi began before Arunodaya and no two-day exception applies.,"Shravana Putrada Ekadashi. Normal Ekadashi. Observe Upavaasa today. Ekadashi began before Arunodaya and no two-day exception applies. Upavaasa: 23-Aug-26 | Parana: 24-Aug-26, 06:15 AM to 08:56 AM"
geoname:4167147,Orlando,Florida,United States,America/New_York,4167147,Shravana Putrada Ekadashi,Normal Ekadashi,NORMAL,2026-08-23,,2026-08-24,07:00 AM,09:35 AM,PRATAH,DWADASHI,01:19 AM,2026-08-23,COMPLETE,2026-08-23,UPAVASA_DAY_1,Shravana Putrada Ekadashi,"Upavaasa: 23-Aug-26 | Parana: 24-Aug-26, 07:00 AM to 09:35 AM",Normal Ekadashi. **Observe Upavaasa today.** Ekadashi began before Arunodaya and no two-day exception applies.,"Shravana Putrada Ekadashi. Normal Ekadashi. Observe Upavaasa today. Ekadashi began before Arunodaya and no two-day exception applies. Upavaasa: 23-Aug-26 | Parana: 24-Aug-26, 07:00 AM to 09:35 AM"
geoname:1260546,Pandharpur,Maharashtra,India,Asia/Kolkata,1260546,Shravana Putrada Ekadashi,Dwadashi Dwaya,DWADASHI_DWAYA,2026-08-23,2026-08-24,2026-08-25,06:13 AM,06:20 AM,POST_DWADASHI_FAST_DWADASHI_ENDS_IN_PRATAH,POST_DWADASHI_UPAVASA,10:49 AM,2026-08-23,COMPLETE,2026-08-23,UPAVASA_DAY_1,Shravana Putrada Ekadashi,"Upavaasa: 23-Aug-26 and 24-Aug-26 | Parana: 25-Aug-26, 06:13 AM to 06:20 AM",A valid Ekadashi sunrise is followed by Dwadashi at two consecutive sunrises. **Observe Upavaasa today and continue tomorrow.**,"Shravana Putrada Ekadashi. A valid Ekadashi sunrise is followed by Dwadashi at two consecutive sunrises. Observe Upavaasa today and continue tomorrow. Upavaasa: 23-Aug-26 and 24-Aug-26 | Parana: 25-Aug-26, 06:13 AM to 06:20 AM"
geoname:2063523,Perth,Western Australia,Australia,Australia/Perth,2063523,Shravana Putrada Ekadashi,Ekadashi Dwaya,EKADASHI_DWAYA,2026-08-23,2026-08-24,2026-08-25,06:42 AM,08:50 AM,PRATAH,DWADASHI,01:19 PM,2026-08-23,COMPLETE,2026-08-23,UPAVASA_DAY_1,Shravana Putrada Ekadashi,"Upavaasa: 23-Aug-26 and 24-Aug-26 | Parana: 25-Aug-26, 06:42 AM to 08:50 AM",Ekadashi is valid at two consecutive sunrises. **Observe Upavaasa today and continue tomorrow.**,"Shravana Putrada Ekadashi. Ekadashi is valid at two consecutive sunrises. Observe Upavaasa today and continue tomorrow. Upavaasa: 23-Aug-26 and 24-Aug-26 | Parana: 25-Aug-26, 06:42 AM to 08:50 AM"
geoname:4560349,Philadelphia,Pennsylvania,United States,America/New_York,4560349,Shravana Putrada Ekadashi,Normal Ekadashi,NORMAL,2026-08-23,,2026-08-24,06:21 AM,09:02 AM,PRATAH,DWADASHI,01:19 AM,2026-08-23,COMPLETE,2026-08-23,UPAVASA_DAY_1,Shravana Putrada Ekadashi,"Upavaasa: 23-Aug-26 | Parana: 24-Aug-26, 06:21 AM to 09:02 AM",Normal Ekadashi. **Observe Upavaasa today.** Ekadashi began before Arunodaya and no two-day exception applies.,"Shravana Putrada Ekadashi. Normal Ekadashi. Observe Upavaasa today. Ekadashi began before Arunodaya and no two-day exception applies. Upavaasa: 23-Aug-26 | Parana: 24-Aug-26, 06:21 AM to 09:02 AM"
geoname:5308655,Phoenix,Arizona,United States,America/Phoenix,5308655,Shravana Putrada Ekadashi,Normal Ekadashi,NORMAL,2026-08-23,,2026-08-24,05:57 AM,08:34 AM,PRATAH,DWADASHI,10:19 PM,2026-08-23,COMPLETE,2026-08-23,UPAVASA_DAY_1,Shravana Putrada Ekadashi,"Upavaasa: 23-Aug-26 | Parana: 24-Aug-26, 05:57 AM to 08:34 AM",Normal Ekadashi. **Observe Upavaasa today.** Ekadashi began before Arunodaya and no two-day exception applies.,"Shravana Putrada Ekadashi. Normal Ekadashi. Observe Upavaasa today. Ekadashi began before Arunodaya and no two-day exception applies. Upavaasa: 23-Aug-26 | Parana: 24-Aug-26, 05:57 AM to 08:34 AM"
geoname:5131614,Pittsford,New York,United States,America/New_York,5131614,Shravana Putrada Ekadashi,Normal Ekadashi,NORMAL,2026-08-23,,2026-08-24,06:26 AM,09:08 AM,PRATAH,DWADASHI,01:19 AM,2026-08-23,COMPLETE,2026-08-23,UPAVASA_DAY_1,Shravana Putrada Ekadashi,"Upavaasa: 23-Aug-26 | Parana: 24-Aug-26, 06:26 AM to 09:08 AM",Normal Ekadashi. **Observe Upavaasa today.** Ekadashi began before Arunodaya and no two-day exception applies.,"Shravana Putrada Ekadashi. Normal Ekadashi. Observe Upavaasa today. Ekadashi began before Arunodaya and no two-day exception applies. Upavaasa: 23-Aug-26 | Parana: 24-Aug-26, 06:26 AM to 09:08 AM"
geoname:5383527,Placentia,California,United States,America/Los_Angeles,5383527,Shravana Putrada Ekadashi,Normal Ekadashi,NORMAL,2026-08-23,,2026-08-24,06:20 AM,08:57 AM,PRATAH,DWADASHI,10:19 PM,2026-08-23,COMPLETE,2026-08-23,UPAVASA_DAY_1,Shravana Putrada Ekadashi,"Upavaasa: 23-Aug-26 | Parana: 24-Aug-26, 06:20 AM to 08:57 AM",Normal Ekadashi. **Observe Upavaasa today.** Ekadashi began before Arunodaya and no two-day exception applies.,"Shravana Putrada Ekadashi. Normal Ekadashi. Observe Upavaasa today. Ekadashi began before Arunodaya and no two-day exception applies. Upavaasa: 23-Aug-26 | Parana: 24-Aug-26, 06:20 AM to 08:57 AM"
geoname:1278994,Prayagraj,Uttar Pradesh,India,Asia/Kolkata,1278994,Shravana Putrada Ekadashi,Dwadashi Dwaya,DWADASHI_DWAYA,2026-08-23,2026-08-24,2026-08-25,05:40 AM,06:20 AM,POST_DWADASHI_FAST_DWADASHI_ENDS_IN_PRATAH,POST_DWADASHI_UPAVASA,10:49 AM,2026-08-23,COMPLETE,2026-08-23,UPAVASA_DAY_1,Shravana Putrada Ekadashi,"Upavaasa: 23-Aug-26 and 24-Aug-26 | Parana: 25-Aug-26, 05:40 AM to 06:20 AM",A valid Ekadashi sunrise is followed by Dwadashi at two consecutive sunrises. **Observe Upavaasa today and continue tomorrow.**,"Shravana Putrada Ekadashi. A valid Ekadashi sunrise is followed by Dwadashi at two consecutive sunrises. Observe Upavaasa today and continue tomorrow. Upavaasa: 23-Aug-26 and 24-Aug-26 | Parana: 25-Aug-26, 05:40 AM to 06:20 AM"
geoname:1259229,Pune,Maharashtra,India,Asia/Kolkata,1259229,Shravana Putrada Ekadashi,Dwadashi Dwaya,DWADASHI_DWAYA,2026-08-23,2026-08-24,2026-08-25,06:19 AM,06:20 AM,POST_DWADASHI_FAST_DWADASHI_ENDS_IN_PRATAH,POST_DWADASHI_UPAVASA,10:49 AM,2026-08-23,COMPLETE,2026-08-23,UPAVASA_DAY_1,Shravana Putrada Ekadashi,"Upavaasa: 23-Aug-26 and 24-Aug-26 | Parana: 25-Aug-26, 06:19 AM to 06:20 AM",A valid Ekadashi sunrise is followed by Dwadashi at two consecutive sunrises. **Observe Upavaasa today and continue tomorrow.**,"Shravana Putrada Ekadashi. A valid Ekadashi sunrise is followed by Dwadashi at two consecutive sunrises. Observe Upavaasa today and continue tomorrow. Upavaasa: 23-Aug-26 and 24-Aug-26 | Parana: 25-Aug-26, 06:19 AM to 06:20 AM"
geoname:4487042,Raleigh,North Carolina,United States,America/New_York,4487042,Shravana Putrada Ekadashi,Normal Ekadashi,NORMAL,2026-08-23,,2026-08-24,06:41 AM,09:19 AM,PRATAH,DWADASHI,01:19 AM,2026-08-23,COMPLETE,2026-08-23,UPAVASA_DAY_1,Shravana Putrada Ekadashi,"Upavaasa: 23-Aug-26 | Parana: 24-Aug-26, 06:41 AM to 09:19 AM",Normal Ekadashi. **Observe Upavaasa today.** Ekadashi began before Arunodaya and no two-day exception applies.,"Shravana Putrada Ekadashi. Normal Ekadashi. Observe Upavaasa today. Ekadashi began before Arunodaya and no two-day exception applies. Upavaasa: 23-Aug-26 | Parana: 24-Aug-26, 06:41 AM to 09:19 AM"
geoname:4781708,Richmond,Virginia,United States,America/New_York,4781708,Shravana Putrada Ekadashi,Normal Ekadashi,NORMAL,2026-08-23,,2026-08-24,06:34 AM,09:13 AM,PRATAH,DWADASHI,01:19 AM,2026-08-23,COMPLETE,2026-08-23,UPAVASA_DAY_1,Shravana Putrada Ekadashi,"Upavaasa: 23-Aug-26 | Parana: 24-Aug-26, 06:34 AM to 09:13 AM",Normal Ekadashi. **Observe Upavaasa today.** Ekadashi began before Arunodaya and no two-day exception applies.,"Shravana Putrada Ekadashi. Normal Ekadashi. Observe Upavaasa today. Ekadashi began before Arunodaya and no two-day exception applies. Upavaasa: 23-Aug-26 | Parana: 24-Aug-26, 06:34 AM to 09:13 AM"
geoname:5134086,Rochester,New York,United States,America/New_York,5134086,Shravana Putrada Ekadashi,Normal Ekadashi,NORMAL,2026-08-23,,2026-08-24,06:26 AM,09:09 AM,PRATAH,DWADASHI,01:19 AM,2026-08-23,COMPLETE,2026-08-23,UPAVASA_DAY_1,Shravana Putrada Ekadashi,"Upavaasa: 23-Aug-26 | Parana: 24-Aug-26, 06:26 AM to 09:09 AM",Normal Ekadashi. **Observe Upavaasa today.** Ekadashi began before Arunodaya and no two-day exception applies.,"Shravana Putrada Ekadashi. Normal Ekadashi. Observe Upavaasa today. Ekadashi began before Arunodaya and no two-day exception applies. Upavaasa: 23-Aug-26 | Parana: 24-Aug-26, 06:26 AM to 09:09 AM"
geoname:5391959,San Francisco,California,United States,America/Los_Angeles,5391959,Shravana Putrada Ekadashi,Normal Ekadashi,NORMAL,2026-08-23,,2026-08-24,06:33 AM,09:12 AM,PRATAH,DWADASHI,10:19 PM,2026-08-23,COMPLETE,2026-08-23,UPAVASA_DAY_1,Shravana Putrada Ekadashi,"Upavaasa: 23-Aug-26 | Parana: 24-Aug-26, 06:33 AM to 09:12 AM",Normal Ekadashi. **Observe Upavaasa today.** Ekadashi began before Arunodaya and no two-day exception applies.,"Shravana Putrada Ekadashi. Normal Ekadashi. Observe Upavaasa today. Ekadashi began before Arunodaya and no two-day exception applies. Upavaasa: 23-Aug-26 | Parana: 24-Aug-26, 06:33 AM to 09:12 AM"
geoname:5809844,Seattle,Washington,United States,America/Los_Angeles,5809844,Shravana Putrada Ekadashi,Normal Ekadashi,NORMAL,2026-08-23,,2026-08-24,06:18 AM,09:03 AM,PRATAH,DWADASHI,10:19 PM,2026-08-23,COMPLETE,2026-08-23,UPAVASA_DAY_1,Shravana Putrada Ekadashi,"Upavaasa: 23-Aug-26 | Parana: 24-Aug-26, 06:18 AM to 09:03 AM",Normal Ekadashi. **Observe Upavaasa today.** Ekadashi began before Arunodaya and no two-day exception applies.,"Shravana Putrada Ekadashi. Normal Ekadashi. Observe Upavaasa today. Ekadashi began before Arunodaya and no two-day exception applies. Upavaasa: 23-Aug-26 | Parana: 24-Aug-26, 06:18 AM to 09:03 AM"
geoname:1835848,Seoul,Seoul,South Korea,Asia/Seoul,1835848,Shravana Putrada Ekadashi,Dashami Viddha -> Valid Ekadashi,DASHAMI_VIDDHA_THEN_VALID_EKADASHI,2026-08-24,,2026-08-25,05:56 AM,08:35 AM,PRATAH,DWADASHI,02:19 PM,2026-08-23,COMPLETE,2026-08-23,VIDDHA_NO_FAST,Shravana Putrada Ekadashi,"Upavaasa: 24-Aug-26 | Parana: 25-Aug-26, 05:56 AM to 08:35 AM",**Do not observe Upavaasa today.** Today's Ekadashi sunrise is Dashami Viddha because Ekadashi began during Arunodaya. Ekadashi continues to a valid sunrise on 24-Aug-26; observe Upavaasa on that date.,"Shravana Putrada Ekadashi. Do not observe Upavaasa today. Today's Ekadashi sunrise is Dashami Viddha because Ekadashi began during Arunodaya. Ekadashi continues to a valid sunrise on 24-Aug-26; observe Upavaasa on that date. Upavaasa: 24-Aug-26 | Parana: 25-Aug-26, 05:56 AM to 08:35 AM"
geoname:1256525,Shiliguri,West Bengal,India,Asia/Kolkata,1256525,Shravana Putrada Ekadashi,Dwadashi Dwaya,DWADASHI_DWAYA,2026-08-23,2026-08-24,2026-08-25,05:13 AM,06:20 AM,POST_DWADASHI_FAST_DWADASHI_ENDS_IN_PRATAH,POST_DWADASHI_UPAVASA,10:49 AM,2026-08-23,COMPLETE,2026-08-23,UPAVASA_DAY_1,Shravana Putrada Ekadashi,"Upavaasa: 23-Aug-26 and 24-Aug-26 | Parana: 25-Aug-26, 05:13 AM to 06:20 AM",A valid Ekadashi sunrise is followed by Dwadashi at two consecutive sunrises. **Observe Upavaasa today and continue tomorrow.**,"Shravana Putrada Ekadashi. A valid Ekadashi sunrise is followed by Dwadashi at two consecutive sunrises. Observe Upavaasa today and continue tomorrow. Upavaasa: 23-Aug-26 and 24-Aug-26 | Parana: 25-Aug-26, 05:13 AM to 06:20 AM"
geoname:1256287,Silchar,Assam,India,Asia/Kolkata,1256287,Shravana Putrada Ekadashi,Dwadashi Dwaya,DWADASHI_DWAYA,2026-08-23,2026-08-24,2026-08-25,04:57 AM,06:20 AM,POST_DWADASHI_FAST_DWADASHI_ENDS_IN_PRATAH,POST_DWADASHI_UPAVASA,10:49 AM,2026-08-23,COMPLETE,2026-08-23,UPAVASA_DAY_1,Shravana Putrada Ekadashi,"Upavaasa: 23-Aug-26 and 24-Aug-26 | Parana: 25-Aug-26, 04:57 AM to 06:20 AM",A valid Ekadashi sunrise is followed by Dwadashi at two consecutive sunrises. **Observe Upavaasa today and continue tomorrow.**,"Shravana Putrada Ekadashi. A valid Ekadashi sunrise is followed by Dwadashi at two consecutive sunrises. Observe Upavaasa today and continue tomorrow. Upavaasa: 23-Aug-26 and 24-Aug-26 | Parana: 25-Aug-26, 04:57 AM to 06:20 AM"
geoname:1255634,Srinagar,Jammu and Kashmir,India,Asia/Kolkata,1255634,Shravana Putrada Ekadashi,Dwadashi Dwaya,DWADASHI_DWAYA,2026-08-23,2026-08-24,2026-08-25,05:59 AM,06:20 AM,POST_DWADASHI_FAST_DWADASHI_ENDS_IN_PRATAH,POST_DWADASHI_UPAVASA,10:49 AM,2026-08-23,COMPLETE,2026-08-23,UPAVASA_DAY_1,Shravana Putrada Ekadashi,"Upavaasa: 23-Aug-26 and 24-Aug-26 | Parana: 25-Aug-26, 05:59 AM to 06:20 AM",A valid Ekadashi sunrise is followed by Dwadashi at two consecutive sunrises. **Observe Upavaasa today and continue tomorrow.**,"Shravana Putrada Ekadashi. A valid Ekadashi sunrise is followed by Dwadashi at two consecutive sunrises. Observe Upavaasa today and continue tomorrow. Upavaasa: 23-Aug-26 and 24-Aug-26 | Parana: 25-Aug-26, 05:59 AM to 06:20 AM"
geoname:1254388,Srirangam,Tamil Nadu,India,Asia/Kolkata,1254388,Shravana Putrada Ekadashi,Dwadashi Dwaya,DWADASHI_DWAYA,2026-08-23,2026-08-24,2026-08-25,06:06 AM,06:20 AM,POST_DWADASHI_FAST_DWADASHI_ENDS_IN_PRATAH,POST_DWADASHI_UPAVASA,10:49 AM,2026-08-23,COMPLETE,2026-08-23,UPAVASA_DAY_1,Shravana Putrada Ekadashi,"Upavaasa: 23-Aug-26 and 24-Aug-26 | Parana: 25-Aug-26, 06:06 AM to 06:20 AM",A valid Ekadashi sunrise is followed by Dwadashi at two consecutive sunrises. **Observe Upavaasa today and continue tomorrow.**,"Shravana Putrada Ekadashi. A valid Ekadashi sunrise is followed by Dwadashi at two consecutive sunrises. Observe Upavaasa today and continue tomorrow. Upavaasa: 23-Aug-26 and 24-Aug-26 | Parana: 25-Aug-26, 06:06 AM to 06:20 AM"
geoname:5139865,Stonybrook,New York,United States,America/New_York,5139865,Shravana Putrada Ekadashi,Normal Ekadashi,NORMAL,2026-08-23,,2026-08-24,06:12 AM,08:53 AM,PRATAH,DWADASHI,01:19 AM,2026-08-23,COMPLETE,2026-08-23,UPAVASA_DAY_1,Shravana Putrada Ekadashi,"Upavaasa: 23-Aug-26 | Parana: 24-Aug-26, 06:12 AM to 08:53 AM",Normal Ekadashi. **Observe Upavaasa today.** Ekadashi began before Arunodaya and no two-day exception applies.,"Shravana Putrada Ekadashi. Normal Ekadashi. Observe Upavaasa today. Ekadashi began before Arunodaya and no two-day exception applies. Upavaasa: 23-Aug-26 | Parana: 24-Aug-26, 06:12 AM to 08:53 AM"
geoname:1255364,Surat,Gujarat,India,Asia/Kolkata,1255364,Shravana Putrada Ekadashi,Normal Ekadashi,NORMAL,2026-08-23,,2026-08-24,01:57 PM,04:30 PM,APARAHNA,DWADASHI,10:49 AM,2026-08-23,COMPLETE,2026-08-23,UPAVASA_DAY_1,Shravana Putrada Ekadashi,"Upavaasa: 23-Aug-26 | Parana: 24-Aug-26, 01:57 PM to 04:30 PM",Normal Ekadashi. **Observe Upavaasa today.** Ekadashi began before Arunodaya and no two-day exception applies.,"Shravana Putrada Ekadashi. Normal Ekadashi. Observe Upavaasa today. Ekadashi began before Arunodaya and no two-day exception applies. Upavaasa: 23-Aug-26 | Parana: 24-Aug-26, 01:57 PM to 04:30 PM"
geoname:5140405,Syracuse,New York,United States,America/New_York,5140405,Shravana Putrada Ekadashi,Normal Ekadashi,NORMAL,2026-08-23,,2026-08-24,06:20 AM,09:03 AM,PRATAH,DWADASHI,01:19 AM,2026-08-23,COMPLETE,2026-08-23,UPAVASA_DAY_1,Shravana Putrada Ekadashi,"Upavaasa: 23-Aug-26 | Parana: 24-Aug-26, 06:20 AM to 09:03 AM",Normal Ekadashi. **Observe Upavaasa today.** Ekadashi began before Arunodaya and no two-day exception applies.,"Shravana Putrada Ekadashi. Normal Ekadashi. Observe Upavaasa today. Ekadashi began before Arunodaya and no two-day exception applies. Upavaasa: 23-Aug-26 | Parana: 24-Aug-26, 06:20 AM to 09:03 AM"
geoname:1262321,T Narasipura,Karnataka,India,Asia/Kolkata,1262321,Shravana Putrada Ekadashi,Dwadashi Dwaya,DWADASHI_DWAYA,2026-08-23,2026-08-24,2026-08-25,06:13 AM,06:20 AM,POST_DWADASHI_FAST_DWADASHI_ENDS_IN_PRATAH,POST_DWADASHI_UPAVASA,10:49 AM,2026-08-23,COMPLETE,2026-08-23,UPAVASA_DAY_1,Shravana Putrada Ekadashi,"Upavaasa: 23-Aug-26 and 24-Aug-26 | Parana: 25-Aug-26, 06:13 AM to 06:20 AM",A valid Ekadashi sunrise is followed by Dwadashi at two consecutive sunrises. **Observe Upavaasa today and continue tomorrow.**,"Shravana Putrada Ekadashi. A valid Ekadashi sunrise is followed by Dwadashi at two consecutive sunrises. Observe Upavaasa today and continue tomorrow. Upavaasa: 23-Aug-26 and 24-Aug-26 | Parana: 25-Aug-26, 06:13 AM to 06:20 AM"
geoname:4174757,Tampa,Florida,United States,America/New_York,4174757,Shravana Putrada Ekadashi,Normal Ekadashi,NORMAL,2026-08-23,,2026-08-24,07:05 AM,09:40 AM,PRATAH,DWADASHI,01:19 AM,2026-08-23,COMPLETE,2026-08-23,UPAVASA_DAY_1,Shravana Putrada Ekadashi,"Upavaasa: 23-Aug-26 | Parana: 24-Aug-26, 07:05 AM to 09:40 AM",Normal Ekadashi. **Observe Upavaasa today.** Ekadashi began before Arunodaya and no two-day exception applies.,"Shravana Putrada Ekadashi. Normal Ekadashi. Observe Upavaasa today. Ekadashi began before Arunodaya and no two-day exception applies. Upavaasa: 23-Aug-26 | Parana: 24-Aug-26, 07:05 AM to 09:40 AM"
geoname:1254163,Thiruvananthapuram,Kerala,India,Asia/Kolkata,1254163,Shravana Putrada Ekadashi,Dwadashi Dwaya,DWADASHI_DWAYA,2026-08-23,2026-08-24,2026-08-25,06:14 AM,06:20 AM,POST_DWADASHI_FAST_DWADASHI_ENDS_IN_PRATAH,POST_DWADASHI_UPAVASA,10:49 AM,2026-08-23,COMPLETE,2026-08-23,UPAVASA_DAY_1,Shravana Putrada Ekadashi,"Upavaasa: 23-Aug-26 and 24-Aug-26 | Parana: 25-Aug-26, 06:14 AM to 06:20 AM",A valid Ekadashi sunrise is followed by Dwadashi at two consecutive sunrises. **Observe Upavaasa today and continue tomorrow.**,"Shravana Putrada Ekadashi. A valid Ekadashi sunrise is followed by Dwadashi at two consecutive sunrises. Observe Upavaasa today and continue tomorrow. Upavaasa: 23-Aug-26 and 24-Aug-26 | Parana: 25-Aug-26, 06:14 AM to 06:20 AM"
geoname:1254360,Tirupati,Andhra Pradesh,India,Asia/Kolkata,1254360,Shravana Putrada Ekadashi,Dwadashi Dwaya,DWADASHI_DWAYA,2026-08-23,2026-08-24,2026-08-25,06:00 AM,06:20 AM,POST_DWADASHI_FAST_DWADASHI_ENDS_IN_PRATAH,POST_DWADASHI_UPAVASA,10:49 AM,2026-08-23,COMPLETE,2026-08-23,UPAVASA_DAY_1,Shravana Putrada Ekadashi,"Upavaasa: 23-Aug-26 and 24-Aug-26 | Parana: 25-Aug-26, 06:00 AM to 06:20 AM",A valid Ekadashi sunrise is followed by Dwadashi at two consecutive sunrises. **Observe Upavaasa today and continue tomorrow.**,"Shravana Putrada Ekadashi. A valid Ekadashi sunrise is followed by Dwadashi at two consecutive sunrises. Observe Upavaasa today and continue tomorrow. Upavaasa: 23-Aug-26 and 24-Aug-26 | Parana: 25-Aug-26, 06:00 AM to 06:20 AM"
geoname:1253952,Udupi,Karnataka,India,Asia/Kolkata,1253952,Shravana Putrada Ekadashi,Dwadashi Dwaya,DWADASHI_DWAYA,2026-08-23,2026-08-24,2026-08-25,06:19 AM,06:20 AM,POST_DWADASHI_FAST_DWADASHI_ENDS_IN_PRATAH,POST_DWADASHI_UPAVASA,10:49 AM,2026-08-23,COMPLETE,2026-08-23,UPAVASA_DAY_1,Shravana Putrada Ekadashi,"Upavaasa: 23-Aug-26 and 24-Aug-26 | Parana: 25-Aug-26, 06:19 AM to 06:20 AM",A valid Ekadashi sunrise is followed by Dwadashi at two consecutive sunrises. **Observe Upavaasa today and continue tomorrow.**,"Shravana Putrada Ekadashi. A valid Ekadashi sunrise is followed by Dwadashi at two consecutive sunrises. Observe Upavaasa today and continue tomorrow. Upavaasa: 23-Aug-26 and 24-Aug-26 | Parana: 25-Aug-26, 06:19 AM to 06:20 AM"
geoname:1253573,Vadodara,Gujarat,India,Asia/Kolkata,1253573,Shravana Putrada Ekadashi,Dwadashi Dwaya,DWADASHI_DWAYA,2026-08-23,2026-08-24,2026-08-25,06:18 AM,06:20 AM,POST_DWADASHI_FAST_DWADASHI_ENDS_IN_PRATAH,POST_DWADASHI_UPAVASA,10:49 AM,2026-08-23,COMPLETE,2026-08-23,UPAVASA_DAY_1,Shravana Putrada Ekadashi,"Upavaasa: 23-Aug-26 and 24-Aug-26 | Parana: 25-Aug-26, 06:18 AM to 06:20 AM",A valid Ekadashi sunrise is followed by Dwadashi at two consecutive sunrises. **Observe Upavaasa today and continue tomorrow.**,"Shravana Putrada Ekadashi. A valid Ekadashi sunrise is followed by Dwadashi at two consecutive sunrises. Observe Upavaasa today and continue tomorrow. Upavaasa: 23-Aug-26 and 24-Aug-26 | Parana: 25-Aug-26, 06:18 AM to 06:20 AM"
geoname:6173331,Vancouver,British Columbia,Canada,America/Los_Angeles,6173331,Shravana Putrada Ekadashi,Normal Ekadashi,NORMAL,2026-08-23,,2026-08-24,06:18 AM,09:05 AM,PRATAH,DWADASHI,10:19 PM,2026-08-23,COMPLETE,2026-08-23,UPAVASA_DAY_1,Shravana Putrada Ekadashi,"Upavaasa: 23-Aug-26 | Parana: 24-Aug-26, 06:18 AM to 09:05 AM",Normal Ekadashi. **Observe Upavaasa today.** Ekadashi began before Arunodaya and no two-day exception applies.,"Shravana Putrada Ekadashi. Normal Ekadashi. Observe Upavaasa today. Ekadashi began before Arunodaya and no two-day exception applies. Upavaasa: 23-Aug-26 | Parana: 24-Aug-26, 06:18 AM to 09:05 AM"
geoname:1253405,Varanasi,Uttar Pradesh,India,Asia/Kolkata,1253405,Shravana Putrada Ekadashi,Dwadashi Dwaya,DWADASHI_DWAYA,2026-08-23,2026-08-24,2026-08-25,05:36 AM,06:20 AM,POST_DWADASHI_FAST_DWADASHI_ENDS_IN_PRATAH,POST_DWADASHI_UPAVASA,10:49 AM,2026-08-23,COMPLETE,2026-08-23,UPAVASA_DAY_1,Shravana Putrada Ekadashi,"Upavaasa: 23-Aug-26 and 24-Aug-26 | Parana: 25-Aug-26, 05:36 AM to 06:20 AM",A valid Ekadashi sunrise is followed by Dwadashi at two consecutive sunrises. **Observe Upavaasa today and continue tomorrow.**,"Shravana Putrada Ekadashi. A valid Ekadashi sunrise is followed by Dwadashi at two consecutive sunrises. Observe Upavaasa today and continue tomorrow. Upavaasa: 23-Aug-26 and 24-Aug-26 | Parana: 25-Aug-26, 05:36 AM to 06:20 AM"
geoname:1253102,Visakhapatnam,Andra Pradesh,India,Asia/Kolkata,1253102,Shravana Putrada Ekadashi,Dwadashi Dwaya,DWADASHI_DWAYA,2026-08-23,2026-08-24,2026-08-25,05:42 AM,06:20 AM,POST_DWADASHI_FAST_DWADASHI_ENDS_IN_PRATAH,POST_DWADASHI_UPAVASA,10:49 AM,2026-08-23,COMPLETE,2026-08-23,UPAVASA_DAY_1,Shravana Putrada Ekadashi,"Upavaasa: 23-Aug-26 and 24-Aug-26 | Parana: 25-Aug-26, 05:42 AM to 06:20 AM",A valid Ekadashi sunrise is followed by Dwadashi at two consecutive sunrises. **Observe Upavaasa today and continue tomorrow.**,"Shravana Putrada Ekadashi. A valid Ekadashi sunrise is followed by Dwadashi at two consecutive sunrises. Observe Upavaasa today and continue tomorrow. Upavaasa: 23-Aug-26 and 24-Aug-26 | Parana: 25-Aug-26, 05:42 AM to 06:20 AM"
geoname:6182962,Windsor,Ontario,Canada,America/New_York,6182962,Shravana Putrada Ekadashi,Normal Ekadashi,NORMAL,2026-08-23,,2026-08-24,06:49 AM,09:31 AM,PRATAH,DWADASHI,01:19 AM,2026-08-23,COMPLETE,2026-08-23,UPAVASA_DAY_1,Shravana Putrada Ekadashi,"Upavaasa: 23-Aug-26 | Parana: 24-Aug-26, 06:49 AM to 09:31 AM",Normal Ekadashi. **Observe Upavaasa today.** Ekadashi began before Arunodaya and no two-day exception applies.,"Shravana Putrada Ekadashi. Normal Ekadashi. Observe Upavaasa today. Ekadashi began before Arunodaya and no two-day exception applies. Upavaasa: 23-Aug-26 | Parana: 24-Aug-26, 06:49 AM to 09:31 AM"
geoname:2657896,Zurich,Zurich,Switzerland,Europe/Zurich,2657896,Shravana Putrada Ekadashi,Normal Ekadashi,NORMAL,2026-08-23,,2026-08-24,07:19 AM,09:20 AM,PRATAH,DWADASHI,07:19 AM,2026-08-23,COMPLETE,2026-08-23,UPAVASA_DAY_1,Shravana Putrada Ekadashi,"Upavaasa: 23-Aug-26 | Parana: 24-Aug-26, 07:19 AM to 09:20 AM",Normal Ekadashi. **Observe Upavaasa today.** Ekadashi began before Arunodaya and no two-day exception applies.,"Shravana Putrada Ekadashi. Normal Ekadashi. Observe Upavaasa today. Ekadashi began before Arunodaya and no two-day exception applies. Upavaasa: 23-Aug-26 | Parana: 24-Aug-26, 07:19 AM to 09:20 AM"
geoname:2078025,Adelaide,South Australia,Australia,Australia/Adelaide,2078025,Shravana Putrada Ekadashi,Dashami Viddha -> Valid Ekadashi,DASHAMI_VIDDHA_THEN_VALID_EKADASHI,2026-08-24,,2026-08-25,06:44 AM,08:57 AM,PRATAH,DWADASHI,02:49 PM,2026-08-23,COMPLETE,2026-08-24,UPAVASA_DAY_1,Shravana Putrada Ekadashi,"Upavaasa: 24-Aug-26 | Parana: 25-Aug-26, 06:44 AM to 08:57 AM",The previous Ekadashi sunrise was Dashami Viddha and was not a fasting day. Ekadashi continues and is valid at today's sunrise. **Observe Upavaasa today.**,"Shravana Putrada Ekadashi. The previous Ekadashi sunrise was Dashami Viddha and was not a fasting day. Ekadashi continues and is valid at today's sunrise. Observe Upavaasa today. Upavaasa: 24-Aug-26 | Parana: 25-Aug-26, 06:44 AM to 08:57 AM"
geoname:1279290,Agartala,Tripura,India,Asia/Kolkata,1279290,Shravana Putrada Ekadashi,Dwadashi Dwaya,DWADASHI_DWAYA,2026-08-23,2026-08-24,2026-08-25,05:04 AM,06:20 AM,POST_DWADASHI_FAST_DWADASHI_ENDS_IN_PRATAH,POST_DWADASHI_UPAVASA,10:49 AM,2026-08-23,COMPLETE,2026-08-24,UPAVASA_DAY_2,Shravana Putrada Ekadashi,"Upavaasa: 23-Aug-26 and 24-Aug-26 | Parana: 25-Aug-26, 05:04 AM to 06:20 AM",Dwadashi continues through another sunrise in this Dwadashi Dwaya cycle. **Continue the Upavaasa today.** This is the second day of the two-day Upavaasa.,"Shravana Putrada Ekadashi. Dwadashi continues through another sunrise in this Dwadashi Dwaya cycle. Continue the Upavaasa today. This is the second day of the two-day Upavaasa. Upavaasa: 23-Aug-26 and 24-Aug-26 | Parana: 25-Aug-26, 05:04 AM to 06:20 AM"
geoname:1279186,Aizawl,Mizoram,India,Asia/Kolkata,1279186,Shravana Putrada Ekadashi,Dwadashi Dwaya,DWADASHI_DWAYA,2026-08-23,2026-08-24,2026-08-25,04:58 AM,06:20 AM,POST_DWADASHI_FAST_DWADASHI_ENDS_IN_PRATAH,POST_DWADASHI_UPAVASA,10:49 AM,2026-08-23,COMPLETE,2026-08-24,UPAVASA_DAY_2,Shravana Putrada Ekadashi,"Upavaasa: 23-Aug-26 and 24-Aug-26 | Parana: 25-Aug-26, 04:58 AM to 06:20 AM",Dwadashi continues through another sunrise in this Dwadashi Dwaya cycle. **Continue the Upavaasa today.** This is the second day of the two-day Upavaasa.,"Shravana Putrada Ekadashi. Dwadashi continues through another sunrise in this Dwadashi Dwaya cycle. Continue the Upavaasa today. This is the second day of the two-day Upavaasa. Upavaasa: 23-Aug-26 and 24-Aug-26 | Parana: 25-Aug-26, 04:58 AM to 06:20 AM"
geoname:4180439,Atlanta,Georgia,United States,America/New_York,4180439,Shravana Putrada Ekadashi,Normal Ekadashi,NORMAL,2026-08-23,,2026-08-24,07:06 AM,09:43 AM,PRATAH,DWADASHI,01:19 AM,2026-08-23,COMPLETE,2026-08-24,PARANA,Shravana Putrada Ekadashi,Upavaasa: 23-Aug-26 | Parana today: 07:06 AM to 09:43 AM,**Perform Parana today** between 07:06 AM and 09:43 AM. Upavaasa was observed on 23-Aug-26.,Shravana Putrada Ekadashi. Perform Parana today between 07:06 AM and 09:43 AM. Upavaasa was observed on 23-Aug-26. Upavaasa: 23-Aug-26 | Parana today: 07:06 AM to 09:43 AM
geoname:2193733,Auckland,Auckland,New Zealand,Pacific/Auckland,2193733,Shravana Putrada Ekadashi,Normal Ekadashi,NORMAL,2026-08-24,,2026-08-25,06:52 AM,09:05 AM,PRATAH,DWADASHI,05:19 PM,2026-08-23,COMPLETE,2026-08-24,UPAVASA_DAY_1,Shravana Putrada Ekadashi,"Upavaasa: 24-Aug-26 | Parana: 25-Aug-26, 06:52 AM to 09:05 AM",Normal Ekadashi. **Observe Upavaasa today.** Ekadashi began before Arunodaya and no two-day exception applies.,"Shravana Putrada Ekadashi. Normal Ekadashi. Observe Upavaasa today. Ekadashi began before Arunodaya and no two-day exception applies. Upavaasa: 24-Aug-26 | Parana: 25-Aug-26, 06:52 AM to 09:05 AM"
geoname:1278094,Ayodhya,Uttar Pradesh,India,Asia/Kolkata,1278094,Shravana Putrada Ekadashi,Dwadashi Dwaya,DWADASHI_DWAYA,2026-08-23,2026-08-24,2026-08-25,05:37 AM,06:20 AM,POST_DWADASHI_FAST_DWADASHI_ENDS_IN_PRATAH,POST_DWADASHI_UPAVASA,10:49 AM,2026-08-23,COMPLETE,2026-08-24,UPAVASA_DAY_2,Shravana Putrada Ekadashi,"Upavaasa: 23-Aug-26 and 24-Aug-26 | Parana: 25-Aug-26, 05:37 AM to 06:20 AM",Dwadashi continues through another sunrise in this Dwadashi Dwaya cycle. **Continue the Upavaasa today.** This is the second day of the two-day Upavaasa.,"Shravana Putrada Ekadashi. Dwadashi continues through another sunrise in this Dwadashi Dwaya cycle. Continue the Upavaasa today. This is the second day of the two-day Upavaasa. Upavaasa: 23-Aug-26 and 24-Aug-26 | Parana: 25-Aug-26, 05:37 AM to 06:20 AM"
geoname:4347778,Baltimore,Maryland,United States,America/New_York,4347778,Shravana Putrada Ekadashi,Normal Ekadashi,NORMAL,2026-08-23,,2026-08-24,06:28 AM,09:08 AM,PRATAH,DWADASHI,01:19 AM,2026-08-23,COMPLETE,2026-08-24,PARANA,Shravana Putrada Ekadashi,Upavaasa: 23-Aug-26 | Parana today: 06:28 AM to 09:08 AM,**Perform Parana today** between 06:28 AM and 09:08 AM. Upavaasa was observed on 23-Aug-26.,Shravana Putrada Ekadashi. Perform Parana today between 06:28 AM and 09:08 AM. Upavaasa was observed on 23-Aug-26. Upavaasa: 23-Aug-26 | Parana today: 06:28 AM to 09:08 AM
geoname:5108728,Belfast,New York,United States,America/New_York,5108728,Shravana Putrada Ekadashi,Normal Ekadashi,NORMAL,2026-08-23,,2026-08-24,06:29 AM,09:11 AM,PRATAH,DWADASHI,01:19 AM,2026-08-23,COMPLETE,2026-08-24,PARANA,Shravana Putrada Ekadashi,Upavaasa: 23-Aug-26 | Parana today: 06:29 AM to 09:11 AM,**Perform Parana today** between 06:29 AM and 09:11 AM. Upavaasa was observed on 23-Aug-26.,Shravana Putrada Ekadashi. Perform Parana today between 06:29 AM and 09:11 AM. Upavaasa was observed on 23-Aug-26. Upavaasa: 23-Aug-26 | Parana today: 06:29 AM to 09:11 AM
geoname:1276533,Belgaum,Karnataka,India,Asia/Kolkata,1276533,Shravana Putrada Ekadashi,Dwadashi Dwaya,DWADASHI_DWAYA,2026-08-23,2026-08-24,2026-08-25,06:18 AM,06:20 AM,POST_DWADASHI_FAST_DWADASHI_ENDS_IN_PRATAH,POST_DWADASHI_UPAVASA,10:49 AM,2026-08-23,COMPLETE,2026-08-24,UPAVASA_DAY_2,Shravana Putrada Ekadashi,"Upavaasa: 23-Aug-26 and 24-Aug-26 | Parana: 25-Aug-26, 06:18 AM to 06:20 AM",Dwadashi continues through another sunrise in this Dwadashi Dwaya cycle. **Continue the Upavaasa today.** This is the second day of the two-day Upavaasa.,"Shravana Putrada Ekadashi. Dwadashi continues through another sunrise in this Dwadashi Dwaya cycle. Continue the Upavaasa today. This is the second day of the two-day Upavaasa. Upavaasa: 23-Aug-26 and 24-Aug-26 | Parana: 25-Aug-26, 06:18 AM to 06:20 AM"
geoname:1277333,Bengaluru,Karnataka,India,Asia/Kolkata,1277333,Shravana Putrada Ekadashi,Dwadashi Dwaya,DWADASHI_DWAYA,2026-08-23,2026-08-24,2026-08-25,06:08 AM,06:20 AM,POST_DWADASHI_FAST_DWADASHI_ENDS_IN_PRATAH,POST_DWADASHI_UPAVASA,10:49 AM,2026-08-23,COMPLETE,2026-08-24,UPAVASA_DAY_2,Shravana Putrada Ekadashi,"Upavaasa: 23-Aug-26 and 24-Aug-26 | Parana: 25-Aug-26, 06:08 AM to 06:20 AM",Dwadashi continues through another sunrise in this Dwadashi Dwaya cycle. **Continue the Upavaasa today.** This is the second day of the two-day Upavaasa.,"Shravana Putrada Ekadashi. Dwadashi continues through another sunrise in this Dwadashi Dwaya cycle. Continue the Upavaasa today. This is the second day of the two-day Upavaasa. Upavaasa: 23-Aug-26 and 24-Aug-26 | Parana: 25-Aug-26, 06:08 AM to 06:20 AM"
geoname:1275841,Bhopal,Madhya Pradesh,India,Asia/Kolkata,1275841,Shravana Putrada Ekadashi,Dwadashi Dwaya,DWADASHI_DWAYA,2026-08-23,2026-08-24,2026-08-25,06:00 AM,06:20 AM,POST_DWADASHI_FAST_DWADASHI_ENDS_IN_PRATAH,POST_DWADASHI_UPAVASA,10:49 AM,2026-08-23,COMPLETE,2026-08-24,UPAVASA_DAY_2,Shravana Putrada Ekadashi,"Upavaasa: 23-Aug-26 and 24-Aug-26 | Parana: 25-Aug-26, 06:00 AM to 06:20 AM",Dwadashi continues through another sunrise in this Dwadashi Dwaya cycle. **Continue the Upavaasa today.** This is the second day of the two-day Upavaasa.,"Shravana Putrada Ekadashi. Dwadashi continues through another sunrise in this Dwadashi Dwaya cycle. Continue the Upavaasa today. This is the second day of the two-day Upavaasa. Upavaasa: 23-Aug-26 and 24-Aug-26 | Parana: 25-Aug-26, 06:00 AM to 06:20 AM"
geoname:1275817,Bhubaneswar,Odisha,India,Asia/Kolkata,1275817,Shravana Putrada Ekadashi,Dwadashi Dwaya,DWADASHI_DWAYA,2026-08-23,2026-08-24,2026-08-25,05:29 AM,06:20 AM,POST_DWADASHI_FAST_DWADASHI_ENDS_IN_PRATAH,POST_DWADASHI_UPAVASA,10:49 AM,2026-08-23,COMPLETE,2026-08-24,UPAVASA_DAY_2,Shravana Putrada Ekadashi,"Upavaasa: 23-Aug-26 and 24-Aug-26 | Parana: 25-Aug-26, 05:29 AM to 06:20 AM",Dwadashi continues through another sunrise in this Dwadashi Dwaya cycle. **Continue the Upavaasa today.** This is the second day of the two-day Upavaasa.,"Shravana Putrada Ekadashi. Dwadashi continues through another sunrise in this Dwadashi Dwaya cycle. Continue the Upavaasa today. This is the second day of the two-day Upavaasa. Upavaasa: 23-Aug-26 and 24-Aug-26 | Parana: 25-Aug-26, 05:29 AM to 06:20 AM"
geoname:2174003,Brisbane,Queensland,Australia,Australia/Brisbane,2174003,Shravana Putrada Ekadashi,Normal Ekadashi,NORMAL,2026-08-24,,2026-08-25,06:09 AM,08:25 AM,PRATAH,DWADASHI,03:19 PM,2026-08-23,COMPLETE,2026-08-24,UPAVASA_DAY_1,Shravana Putrada Ekadashi,"Upavaasa: 24-Aug-26 | Parana: 25-Aug-26, 06:09 AM to 08:25 AM",Normal Ekadashi. **Observe Upavaasa today.** Ekadashi began before Arunodaya and no two-day exception applies.,"Shravana Putrada Ekadashi. Normal Ekadashi. Observe Upavaasa today. Ekadashi began before Arunodaya and no two-day exception applies. Upavaasa: 24-Aug-26 | Parana: 25-Aug-26, 06:09 AM to 08:25 AM"
geoname:5110629,Buffalo,New York,United States,America/New_York,5110629,Shravana Putrada Ekadashi,Normal Ekadashi,NORMAL,2026-08-23,,2026-08-24,06:32 AM,09:14 AM,PRATAH,DWADASHI,01:19 AM,2026-08-23,COMPLETE,2026-08-24,PARANA,Shravana Putrada Ekadashi,Upavaasa: 23-Aug-26 | Parana today: 06:32 AM to 09:14 AM,**Perform Parana today** between 06:32 AM and 09:14 AM. Upavaasa was observed on 23-Aug-26.,Shravana Putrada Ekadashi. Perform Parana today between 06:32 AM and 09:14 AM. Upavaasa was observed on 23-Aug-26. Upavaasa: 23-Aug-26 | Parana today: 06:32 AM to 09:14 AM
geoname:2172517,Canberra,Australian Capital Territory,Australia,Australia/Sydney,2172517,Shravana Putrada Ekadashi,Dashami Viddha -> Valid Ekadashi,DASHAMI_VIDDHA_THEN_VALID_EKADASHI,2026-08-24,,2026-08-25,06:33 AM,08:46 AM,PRATAH,DWADASHI,03:19 PM,2026-08-23,COMPLETE,2026-08-24,UPAVASA_DAY_1,Shravana Putrada Ekadashi,"Upavaasa: 24-Aug-26 | Parana: 25-Aug-26, 06:33 AM to 08:46 AM",The previous Ekadashi sunrise was Dashami Viddha and was not a fasting day. Ekadashi continues and is valid at today's sunrise. **Observe Upavaasa today.**,"Shravana Putrada Ekadashi. The previous Ekadashi sunrise was Dashami Viddha and was not a fasting day. Ekadashi continues and is valid at today's sunrise. Observe Upavaasa today. Upavaasa: 24-Aug-26 | Parana: 25-Aug-26, 06:33 AM to 08:46 AM"
geoname:4460243,Charlotte,North Carolina,United States,America/New_York,4460243,Shravana Putrada Ekadashi,Normal Ekadashi,NORMAL,2026-08-23,,2026-08-24,06:50 AM,09:28 AM,PRATAH,DWADASHI,01:19 AM,2026-08-23,COMPLETE,2026-08-24,PARANA,Shravana Putrada Ekadashi,Upavaasa: 23-Aug-26 | Parana today: 06:50 AM to 09:28 AM,**Perform Parana today** between 06:50 AM and 09:28 AM. Upavaasa was observed on 23-Aug-26.,Shravana Putrada Ekadashi. Perform Parana today between 06:50 AM and 09:28 AM. Upavaasa was observed on 23-Aug-26. Upavaasa: 23-Aug-26 | Parana today: 06:50 AM to 09:28 AM
geoname:1264527,Chennai,Tamil Nadu,India,Asia/Kolkata,1264527,Shravana Putrada Ekadashi,Dwadashi Dwaya,DWADASHI_DWAYA,2026-08-23,2026-08-24,2026-08-25,05:57 AM,06:20 AM,POST_DWADASHI_FAST_DWADASHI_ENDS_IN_PRATAH,POST_DWADASHI_UPAVASA,10:49 AM,2026-08-23,COMPLETE,2026-08-24,UPAVASA_DAY_2,Shravana Putrada Ekadashi,"Upavaasa: 23-Aug-26 and 24-Aug-26 | Parana: 25-Aug-26, 05:57 AM to 06:20 AM",Dwadashi continues through another sunrise in this Dwadashi Dwaya cycle. **Continue the Upavaasa today.** This is the second day of the two-day Upavaasa.,"Shravana Putrada Ekadashi. Dwadashi continues through another sunrise in this Dwadashi Dwaya cycle. Continue the Upavaasa today. This is the second day of the two-day Upavaasa. Upavaasa: 23-Aug-26 and 24-Aug-26 | Parana: 25-Aug-26, 05:57 AM to 06:20 AM"
geoname:4887398,Chicago,Illinois,United States,America/Chicago,4887398,Shravana Putrada Ekadashi,Normal Ekadashi,NORMAL,2026-08-23,,2026-08-24,06:08 AM,08:50 AM,PRATAH,DWADASHI,12:19 AM,2026-08-23,COMPLETE,2026-08-24,PARANA,Shravana Putrada Ekadashi,Upavaasa: 23-Aug-26 | Parana today: 06:08 AM to 08:50 AM,**Perform Parana today** between 06:08 AM and 08:50 AM. Upavaasa was observed on 23-Aug-26.,Shravana Putrada Ekadashi. Perform Parana today between 06:08 AM and 08:50 AM. Upavaasa was observed on 23-Aug-26. Upavaasa: 23-Aug-26 | Parana today: 06:08 AM to 08:50 AM
geoname:1274256,Chidambaram,Tamil Nadu,India,Asia/Kolkata,1274256,Shravana Putrada Ekadashi,Dwadashi Dwaya,DWADASHI_DWAYA,2026-08-23,2026-08-24,2026-08-25,06:01 AM,06:20 AM,POST_DWADASHI_FAST_DWADASHI_ENDS_IN_PRATAH,POST_DWADASHI_UPAVASA,10:49 AM,2026-08-23,COMPLETE,2026-08-24,UPAVASA_DAY_2,Shravana Putrada Ekadashi,"Upavaasa: 23-Aug-26 and 24-Aug-26 | Parana: 25-Aug-26, 06:01 AM to 06:20 AM",Dwadashi continues through another sunrise in this Dwadashi Dwaya cycle. **Continue the Upavaasa today.** This is the second day of the two-day Upavaasa.,"Shravana Putrada Ekadashi. Dwadashi continues through another sunrise in this Dwadashi Dwaya cycle. Continue the Upavaasa today. This is the second day of the two-day Upavaasa. Upavaasa: 23-Aug-26 and 24-Aug-26 | Parana: 25-Aug-26, 06:01 AM to 06:20 AM"
geoname:2192362,Christchurch,Canterbury,New Zealand,Pacific/Auckland,2192362,Shravana Putrada Ekadashi,Normal Ekadashi,NORMAL,2026-08-24,,2026-08-25,07:09 AM,09:18 AM,PRATAH,DWADASHI,05:19 PM,2026-08-23,COMPLETE,2026-08-24,UPAVASA_DAY_1,Shravana Putrada Ekadashi,"Upavaasa: 24-Aug-26 | Parana: 25-Aug-26, 07:09 AM to 09:18 AM",Normal Ekadashi. **Observe Upavaasa today.** Ekadashi began before Arunodaya and no two-day exception applies.,"Shravana Putrada Ekadashi. Normal Ekadashi. Observe Upavaasa today. Ekadashi began before Arunodaya and no two-day exception applies. Upavaasa: 24-Aug-26 | Parana: 25-Aug-26, 07:09 AM to 09:18 AM"
geoname:4508722,Cincinnati,Ohio,United States,America/New_York,4508722,Shravana Putrada Ekadashi,Normal Ekadashi,NORMAL,2026-08-23,,2026-08-24,07:00 AM,09:40 AM,PRATAH,DWADASHI,01:19 AM,2026-08-23,COMPLETE,2026-08-24,PARANA,Shravana Putrada Ekadashi,Upavaasa: 23-Aug-26 | Parana today: 07:00 AM to 09:40 AM,**Perform Parana today** between 07:00 AM and 09:40 AM. Upavaasa was observed on 23-Aug-26.,Shravana Putrada Ekadashi. Perform Parana today between 07:00 AM and 09:40 AM. Upavaasa was observed on 23-Aug-26. Upavaasa: 23-Aug-26 | Parana today: 07:00 AM to 09:40 AM
geoname:5150529,Cleveland,Ohio,United States,America/New_York,5150529,Shravana Putrada Ekadashi,Normal Ekadashi,NORMAL,2026-08-23,,2026-08-24,06:45 AM,09:27 AM,PRATAH,DWADASHI,01:19 AM,2026-08-23,COMPLETE,2026-08-24,PARANA,Shravana Putrada Ekadashi,Upavaasa: 23-Aug-26 | Parana today: 06:45 AM to 09:27 AM,**Perform Parana today** between 06:45 AM and 09:27 AM. Upavaasa was observed on 23-Aug-26.,Shravana Putrada Ekadashi. Perform Parana today between 06:45 AM and 09:27 AM. Upavaasa was observed on 23-Aug-26. Upavaasa: 23-Aug-26 | Parana today: 06:45 AM to 09:27 AM
geoname:4256038,Columbus,Indiana,United States,America/Indiana/Indianapolis,4256038,Shravana Putrada Ekadashi,Normal Ekadashi,NORMAL,2026-08-23,,2026-08-24,07:05 AM,09:45 AM,PRATAH,DWADASHI,01:19 AM,2026-08-23,COMPLETE,2026-08-24,PARANA,Shravana Putrada Ekadashi,Upavaasa: 23-Aug-26 | Parana today: 07:05 AM to 09:45 AM,**Perform Parana today** between 07:05 AM and 09:45 AM. Upavaasa was observed on 23-Aug-26.,Shravana Putrada Ekadashi. Perform Parana today between 07:05 AM and 09:45 AM. Upavaasa was observed on 23-Aug-26. Upavaasa: 23-Aug-26 | Parana today: 07:05 AM to 09:45 AM
geoname:4509177,Columbus,Ohio,United States,America/New_York,4509177,Shravana Putrada Ekadashi,Normal Ekadashi,NORMAL,2026-08-23,,2026-08-24,06:52 AM,09:33 AM,PRATAH,DWADASHI,01:19 AM,2026-08-23,COMPLETE,2026-08-24,PARANA,Shravana Putrada Ekadashi,Upavaasa: 23-Aug-26 | Parana today: 06:52 AM to 09:33 AM,**Perform Parana today** between 06:52 AM and 09:33 AM. Upavaasa was observed on 23-Aug-26.,Shravana Putrada Ekadashi. Perform Parana today between 06:52 AM and 09:33 AM. Upavaasa was observed on 23-Aug-26. Upavaasa: 23-Aug-26 | Parana today: 06:52 AM to 09:33 AM
geoname:4684888,Dallas,Texas,United States,America/Chicago,4684888,Shravana Putrada Ekadashi,Normal Ekadashi,NORMAL,2026-08-23,,2026-08-24,06:57 AM,09:34 AM,PRATAH,DWADASHI,12:19 AM,2026-08-23,COMPLETE,2026-08-24,PARANA,Shravana Putrada Ekadashi,Upavaasa: 23-Aug-26 | Parana today: 06:57 AM to 09:34 AM,**Perform Parana today** between 06:57 AM and 09:34 AM. Upavaasa was observed on 23-Aug-26.,Shravana Putrada Ekadashi. Perform Parana today between 06:57 AM and 09:34 AM. Upavaasa was observed on 23-Aug-26. Upavaasa: 23-Aug-26 | Parana today: 06:57 AM to 09:34 AM
geoname:1272648,Dibrugarh,Assam,India,Asia/Kolkata,1272648,Shravana Putrada Ekadashi,Dwadashi Dwaya,DWADASHI_DWAYA,2026-08-23,2026-08-24,2026-08-25,04:46 AM,06:20 AM,POST_DWADASHI_FAST_DWADASHI_ENDS_IN_PRATAH,POST_DWADASHI_UPAVASA,10:49 AM,2026-08-23,COMPLETE,2026-08-24,UPAVASA_DAY_2,Shravana Putrada Ekadashi,"Upavaasa: 23-Aug-26 and 24-Aug-26 | Parana: 25-Aug-26, 04:46 AM to 06:20 AM",Dwadashi continues through another sunrise in this Dwadashi Dwaya cycle. **Continue the Upavaasa today.** This is the second day of the two-day Upavaasa.,"Shravana Putrada Ekadashi. Dwadashi continues through another sunrise in this Dwadashi Dwaya cycle. Continue the Upavaasa today. This is the second day of the two-day Upavaasa. Upavaasa: 23-Aug-26 and 24-Aug-26 | Parana: 25-Aug-26, 04:46 AM to 06:20 AM"
geoname:1272552,Dimapur,Nagaland,India,Asia/Kolkata,1272552,Shravana Putrada Ekadashi,Dwadashi Dwaya,DWADASHI_DWAYA,2026-08-23,2026-08-24,2026-08-25,04:52 AM,06:20 AM,POST_DWADASHI_FAST_DWADASHI_ENDS_IN_PRATAH,POST_DWADASHI_UPAVASA,10:49 AM,2026-08-23,COMPLETE,2026-08-24,UPAVASA_DAY_2,Shravana Putrada Ekadashi,"Upavaasa: 23-Aug-26 and 24-Aug-26 | Parana: 25-Aug-26, 04:52 AM to 06:20 AM",Dwadashi continues through another sunrise in this Dwadashi Dwaya cycle. **Continue the Upavaasa today.** This is the second day of the two-day Upavaasa.,"Shravana Putrada Ekadashi. Dwadashi continues through another sunrise in this Dwadashi Dwaya cycle. Continue the Upavaasa today. This is the second day of the two-day Upavaasa. Upavaasa: 23-Aug-26 and 24-Aug-26 | Parana: 25-Aug-26, 04:52 AM to 06:20 AM"
geoname:290030,Doha,Baladīyat ad Dawḩah,Qatar,Asia/Qatar,290030,Shravana Putrada Ekadashi,Normal Ekadashi,NORMAL,2026-08-23,,2026-08-24,12:53 PM,03:27 PM,APARAHNA,DWADASHI,08:19 AM,2026-08-23,COMPLETE,2026-08-24,PARANA,Shravana Putrada Ekadashi,Upavaasa: 23-Aug-26 | Parana today: 12:53 PM to 03:27 PM,**Perform Parana today** between 12:53 PM and 03:27 PM. Upavaasa was observed on 23-Aug-26.,Shravana Putrada Ekadashi. Perform Parana today between 12:53 PM and 03:27 PM. Upavaasa was observed on 23-Aug-26. Upavaasa: 23-Aug-26 | Parana today: 12:53 PM to 03:27 PM
geoname:292223,Dubai,Dubai,United Arab Emirates,Asia/Dubai,292223,Shravana Putrada Ekadashi,Normal Ekadashi,NORMAL,2026-08-23,,2026-08-24,01:38 PM,04:12 PM,APARAHNA,DWADASHI,09:19 AM,2026-08-23,COMPLETE,2026-08-24,PARANA,Shravana Putrada Ekadashi,Upavaasa: 23-Aug-26 | Parana today: 01:38 PM to 04:12 PM,**Perform Parana today** between 01:38 PM and 04:12 PM. Upavaasa was observed on 23-Aug-26.,Shravana Putrada Ekadashi. Perform Parana today between 01:38 PM and 04:12 PM. Upavaasa was observed on 23-Aug-26. Upavaasa: 23-Aug-26 | Parana today: 01:38 PM to 04:12 PM
geoname:2928751,Esslingen,Esslingen,Germany,Europe/Berlin,2928751,Shravana Putrada Ekadashi,Normal Ekadashi,NORMAL,2026-08-23,,2026-08-24,07:19 AM,09:15 AM,PRATAH,DWADASHI,07:19 AM,2026-08-23,COMPLETE,2026-08-24,PARANA,Shravana Putrada Ekadashi,Upavaasa: 23-Aug-26 | Parana today: 07:19 AM to 09:15 AM,**Perform Parana today** between 07:19 AM and 09:15 AM. Upavaasa was observed on 23-Aug-26.,Shravana Putrada Ekadashi. Perform Parana today between 07:19 AM and 09:15 AM. Upavaasa was observed on 23-Aug-26. Upavaasa: 23-Aug-26 | Parana today: 07:19 AM to 09:15 AM
geoname:1271631,Gangtok,Sikkim,India,Asia/Kolkata,1271631,Shravana Putrada Ekadashi,Dwadashi Dwaya,DWADASHI_DWAYA,2026-08-23,2026-08-24,2026-08-25,05:11 AM,06:20 AM,POST_DWADASHI_FAST_DWADASHI_ENDS_IN_PRATAH,POST_DWADASHI_UPAVASA,10:49 AM,2026-08-23,COMPLETE,2026-08-24,UPAVASA_DAY_2,Shravana Putrada Ekadashi,"Upavaasa: 23-Aug-26 and 24-Aug-26 | Parana: 25-Aug-26, 05:11 AM to 06:20 AM",Dwadashi continues through another sunrise in this Dwadashi Dwaya cycle. **Continue the Upavaasa today.** This is the second day of the two-day Upavaasa.,"Shravana Putrada Ekadashi. Dwadashi continues through another sunrise in this Dwadashi Dwaya cycle. Continue the Upavaasa today. This is the second day of the two-day Upavaasa. Upavaasa: 23-Aug-26 and 24-Aug-26 | Parana: 25-Aug-26, 05:11 AM to 06:20 AM"
geoname:5119251,Greece,New York,United States,America/New_York,5119251,Shravana Putrada Ekadashi,Normal Ekadashi,NORMAL,2026-08-23,,2026-08-24,06:26 AM,09:09 AM,PRATAH,DWADASHI,01:19 AM,2026-08-23,COMPLETE,2026-08-24,PARANA,Shravana Putrada Ekadashi,Upavaasa: 23-Aug-26 | Parana today: 06:26 AM to 09:09 AM,**Perform Parana today** between 06:26 AM and 09:09 AM. Upavaasa was observed on 23-Aug-26.,Shravana Putrada Ekadashi. Perform Parana today between 06:26 AM and 09:09 AM. Upavaasa was observed on 23-Aug-26. Upavaasa: 23-Aug-26 | Parana today: 06:26 AM to 09:09 AM
geoname:1270603,Guruvayur,Kerala,India,Asia/Kolkata,1270603,Shravana Putrada Ekadashi,Dwadashi Dwaya,DWADASHI_DWAYA,2026-08-23,2026-08-24,2026-08-25,06:16 AM,06:20 AM,POST_DWADASHI_FAST_DWADASHI_ENDS_IN_PRATAH,POST_DWADASHI_UPAVASA,10:49 AM,2026-08-23,COMPLETE,2026-08-24,UPAVASA_DAY_2,Shravana Putrada Ekadashi,"Upavaasa: 23-Aug-26 and 24-Aug-26 | Parana: 25-Aug-26, 06:16 AM to 06:20 AM",Dwadashi continues through another sunrise in this Dwadashi Dwaya cycle. **Continue the Upavaasa today.** This is the second day of the two-day Upavaasa.,"Shravana Putrada Ekadashi. Dwadashi continues through another sunrise in this Dwadashi Dwaya cycle. Continue the Upavaasa today. This is the second day of the two-day Upavaasa. Upavaasa: 23-Aug-26 and 24-Aug-26 | Parana: 25-Aug-26, 06:16 AM to 06:20 AM"
geoname:1271476,Guwahati,Assam,India,Asia/Kolkata,1271476,Shravana Putrada Ekadashi,Dwadashi Dwaya,DWADASHI_DWAYA,2026-08-23,2026-08-24,2026-08-25,05:00 AM,06:20 AM,POST_DWADASHI_FAST_DWADASHI_ENDS_IN_PRATAH,POST_DWADASHI_UPAVASA,10:49 AM,2026-08-23,COMPLETE,2026-08-24,UPAVASA_DAY_2,Shravana Putrada Ekadashi,"Upavaasa: 23-Aug-26 and 24-Aug-26 | Parana: 25-Aug-26, 05:00 AM to 06:20 AM",Dwadashi continues through another sunrise in this Dwadashi Dwaya cycle. **Continue the Upavaasa today.** This is the second day of the two-day Upavaasa.,"Shravana Putrada Ekadashi. Dwadashi continues through another sunrise in this Dwadashi Dwaya cycle. Continue the Upavaasa today. This is the second day of the two-day Upavaasa. Upavaasa: 23-Aug-26 and 24-Aug-26 | Parana: 25-Aug-26, 05:00 AM to 06:20 AM"
geoname:4699066,Houston,Texas,United States,America/Chicago,4699066,Shravana Putrada Ekadashi,Normal Ekadashi,NORMAL,2026-08-23,,2026-08-24,06:54 AM,09:30 AM,PRATAH,DWADASHI,12:19 AM,2026-08-23,COMPLETE,2026-08-24,PARANA,Shravana Putrada Ekadashi,Upavaasa: 23-Aug-26 | Parana today: 06:54 AM to 09:30 AM,**Perform Parana today** between 06:54 AM and 09:30 AM. Upavaasa was observed on 23-Aug-26.,Shravana Putrada Ekadashi. Perform Parana today between 06:54 AM and 09:30 AM. Upavaasa was observed on 23-Aug-26. Upavaasa: 23-Aug-26 | Parana today: 06:54 AM to 09:30 AM
geoname:1269920,Hubli,Karnataka,India,Asia/Kolkata,1269920,Shravana Putrada Ekadashi,Dwadashi Dwaya,DWADASHI_DWAYA,2026-08-23,2026-08-24,2026-08-25,06:16 AM,06:20 AM,POST_DWADASHI_FAST_DWADASHI_ENDS_IN_PRATAH,POST_DWADASHI_UPAVASA,10:49 AM,2026-08-23,COMPLETE,2026-08-24,UPAVASA_DAY_2,Shravana Putrada Ekadashi,"Upavaasa: 23-Aug-26 and 24-Aug-26 | Parana: 25-Aug-26, 06:16 AM to 06:20 AM",Dwadashi continues through another sunrise in this Dwadashi Dwaya cycle. **Continue the Upavaasa today.** This is the second day of the two-day Upavaasa.,"Shravana Putrada Ekadashi. Dwadashi continues through another sunrise in this Dwadashi Dwaya cycle. Continue the Upavaasa today. This is the second day of the two-day Upavaasa. Upavaasa: 23-Aug-26 and 24-Aug-26 | Parana: 25-Aug-26, 06:16 AM to 06:20 AM"
geoname:1269843,Hyderabad,Telangana,India,Asia/Kolkata,1269843,Shravana Putrada Ekadashi,Dwadashi Dwaya,DWADASHI_DWAYA,2026-08-23,2026-08-24,2026-08-25,06:01 AM,06:20 AM,POST_DWADASHI_FAST_DWADASHI_ENDS_IN_PRATAH,POST_DWADASHI_UPAVASA,10:49 AM,2026-08-23,COMPLETE,2026-08-24,UPAVASA_DAY_2,Shravana Putrada Ekadashi,"Upavaasa: 23-Aug-26 and 24-Aug-26 | Parana: 25-Aug-26, 06:01 AM to 06:20 AM",Dwadashi continues through another sunrise in this Dwadashi Dwaya cycle. **Continue the Upavaasa today.** This is the second day of the two-day Upavaasa.,"Shravana Putrada Ekadashi. Dwadashi continues through another sunrise in this Dwadashi Dwaya cycle. Continue the Upavaasa today. This is the second day of the two-day Upavaasa. Upavaasa: 23-Aug-26 and 24-Aug-26 | Parana: 25-Aug-26, 06:01 AM to 06:20 AM"
geoname:1269771,Imphal,Manipur,India,Asia/Kolkata,1269771,Shravana Putrada Ekadashi,Dwadashi Dwaya,DWADASHI_DWAYA,2026-08-23,2026-08-24,2026-08-25,04:52 AM,06:20 AM,POST_DWADASHI_FAST_DWADASHI_ENDS_IN_PRATAH,POST_DWADASHI_UPAVASA,10:49 AM,2026-08-23,COMPLETE,2026-08-24,UPAVASA_DAY_2,Shravana Putrada Ekadashi,"Upavaasa: 23-Aug-26 and 24-Aug-26 | Parana: 25-Aug-26, 04:52 AM to 06:20 AM",Dwadashi continues through another sunrise in this Dwadashi Dwaya cycle. **Continue the Upavaasa today.** This is the second day of the two-day Upavaasa.,"Shravana Putrada Ekadashi. Dwadashi continues through another sunrise in this Dwadashi Dwaya cycle. Continue the Upavaasa today. This is the second day of the two-day Upavaasa. Upavaasa: 23-Aug-26 and 24-Aug-26 | Parana: 25-Aug-26, 04:52 AM to 06:20 AM"
geoname:1269655,Itanagar,Arunachal Pradesh,India,Asia/Kolkata,1269655,Shravana Putrada Ekadashi,Dwadashi Dwaya,DWADASHI_DWAYA,2026-08-23,2026-08-24,2026-08-25,04:51 AM,06:20 AM,POST_DWADASHI_FAST_DWADASHI_ENDS_IN_PRATAH,POST_DWADASHI_UPAVASA,10:49 AM,2026-08-23,COMPLETE,2026-08-24,UPAVASA_DAY_2,Shravana Putrada Ekadashi,"Upavaasa: 23-Aug-26 and 24-Aug-26 | Parana: 25-Aug-26, 04:51 AM to 06:20 AM",Dwadashi continues through another sunrise in this Dwadashi Dwaya cycle. **Continue the Upavaasa today.** This is the second day of the two-day Upavaasa.,"Shravana Putrada Ekadashi. Dwadashi continues through another sunrise in this Dwadashi Dwaya cycle. Continue the Upavaasa today. This is the second day of the two-day Upavaasa. Upavaasa: 23-Aug-26 and 24-Aug-26 | Parana: 25-Aug-26, 04:51 AM to 06:20 AM"
geoname:1268159,Kanchipuram,Tamil Nadu,India,Asia/Kolkata,1268159,Shravana Putrada Ekadashi,Dwadashi Dwaya,DWADASHI_DWAYA,2026-08-23,2026-08-24,2026-08-25,06:00 AM,06:20 AM,POST_DWADASHI_FAST_DWADASHI_ENDS_IN_PRATAH,POST_DWADASHI_UPAVASA,10:49 AM,2026-08-23,COMPLETE,2026-08-24,UPAVASA_DAY_2,Shravana Putrada Ekadashi,"Upavaasa: 23-Aug-26 and 24-Aug-26 | Parana: 25-Aug-26, 06:00 AM to 06:20 AM",Dwadashi continues through another sunrise in this Dwadashi Dwaya cycle. **Continue the Upavaasa today.** This is the second day of the two-day Upavaasa.,"Shravana Putrada Ekadashi. Dwadashi continues through another sunrise in this Dwadashi Dwaya cycle. Continue the Upavaasa today. This is the second day of the two-day Upavaasa. Upavaasa: 23-Aug-26 and 24-Aug-26 | Parana: 25-Aug-26, 06:00 AM to 06:20 AM"
geoname:4634946,Knoxville,Tennessee,United States,America/New_York,4634946,Shravana Putrada Ekadashi,Normal Ekadashi,NORMAL,2026-08-23,,2026-08-24,07:01 AM,09:40 AM,PRATAH,DWADASHI,01:19 AM,2026-08-23,COMPLETE,2026-08-24,PARANA,Shravana Putrada Ekadashi,Upavaasa: 23-Aug-26 | Parana today: 07:01 AM to 09:40 AM,**Perform Parana today** between 07:01 AM and 09:40 AM. Upavaasa was observed on 23-Aug-26.,Shravana Putrada Ekadashi. Perform Parana today between 07:01 AM and 09:40 AM. Upavaasa was observed on 23-Aug-26. Upavaasa: 23-Aug-26 | Parana today: 07:01 AM to 09:40 AM
geoname:1266285,Kolhapur,Maharashtra,India,Asia/Kolkata,1266285,Shravana Putrada Ekadashi,Dwadashi Dwaya,DWADASHI_DWAYA,2026-08-23,2026-08-24,2026-08-25,06:19 AM,06:20 AM,POST_DWADASHI_FAST_DWADASHI_ENDS_IN_PRATAH,POST_DWADASHI_UPAVASA,10:49 AM,2026-08-23,COMPLETE,2026-08-24,UPAVASA_DAY_2,Shravana Putrada Ekadashi,"Upavaasa: 23-Aug-26 and 24-Aug-26 | Parana: 25-Aug-26, 06:19 AM to 06:20 AM",Dwadashi continues through another sunrise in this Dwadashi Dwaya cycle. **Continue the Upavaasa today.** This is the second day of the two-day Upavaasa.,"Shravana Putrada Ekadashi. Dwadashi continues through another sunrise in this Dwadashi Dwaya cycle. Continue the Upavaasa today. This is the second day of the two-day Upavaasa. Upavaasa: 23-Aug-26 and 24-Aug-26 | Parana: 25-Aug-26, 06:19 AM to 06:20 AM"
geoname:1275004,Kolkata,West Bengal,India,Asia/Kolkata,1275004,Shravana Putrada Ekadashi,Dwadashi Dwaya,DWADASHI_DWAYA,2026-08-23,2026-08-24,2026-08-25,05:17 AM,06:20 AM,POST_DWADASHI_FAST_DWADASHI_ENDS_IN_PRATAH,POST_DWADASHI_UPAVASA,10:49 AM,2026-08-23,COMPLETE,2026-08-24,UPAVASA_DAY_2,Shravana Putrada Ekadashi,"Upavaasa: 23-Aug-26 and 24-Aug-26 | Parana: 25-Aug-26, 05:17 AM to 06:20 AM",Dwadashi continues through another sunrise in this Dwadashi Dwaya cycle. **Continue the Upavaasa today.** This is the second day of the two-day Upavaasa.,"Shravana Putrada Ekadashi. Dwadashi continues through another sunrise in this Dwadashi Dwaya cycle. Continue the Upavaasa today. This is the second day of the two-day Upavaasa. Upavaasa: 23-Aug-26 and 24-Aug-26 | Parana: 25-Aug-26, 05:17 AM to 06:20 AM"
geoname:1265683,Kumbakonam,Tamil Nadu,India,Asia/Kolkata,1265683,Shravana Putrada Ekadashi,Dwadashi Dwaya,DWADASHI_DWAYA,2026-08-23,2026-08-24,2026-08-25,06:03 AM,06:20 AM,POST_DWADASHI_FAST_DWADASHI_ENDS_IN_PRATAH,POST_DWADASHI_UPAVASA,10:49 AM,2026-08-23,COMPLETE,2026-08-24,UPAVASA_DAY_2,Shravana Putrada Ekadashi,"Upavaasa: 23-Aug-26 and 24-Aug-26 | Parana: 25-Aug-26, 06:03 AM to 06:20 AM",Dwadashi continues through another sunrise in this Dwadashi Dwaya cycle. **Continue the Upavaasa today.** This is the second day of the two-day Upavaasa.,"Shravana Putrada Ekadashi. Dwadashi continues through another sunrise in this Dwadashi Dwaya cycle. Continue the Upavaasa today. This is the second day of the two-day Upavaasa. Upavaasa: 23-Aug-26 and 24-Aug-26 | Parana: 25-Aug-26, 06:03 AM to 06:20 AM"
geoname:4922462,Lafayette,Indiana,United States,America/Indiana/Indianapolis,4922462,Shravana Putrada Ekadashi,Normal Ekadashi,NORMAL,2026-08-23,,2026-08-24,07:07 AM,09:48 AM,PRATAH,DWADASHI,01:19 AM,2026-08-23,COMPLETE,2026-08-24,PARANA,Shravana Putrada Ekadashi,Upavaasa: 23-Aug-26 | Parana today: 07:07 AM to 09:48 AM,**Perform Parana today** between 07:07 AM and 09:48 AM. Upavaasa was observed on 23-Aug-26.,Shravana Putrada Ekadashi. Perform Parana today between 07:07 AM and 09:48 AM. Upavaasa was observed on 23-Aug-26. Upavaasa: 23-Aug-26 | Parana today: 07:07 AM to 09:48 AM
geoname:2643743,London,London,United Kingdom,Europe/London,2643743,Shravana Putrada Ekadashi,Normal Ekadashi,NORMAL,2026-08-23,,2026-08-24,06:19 AM,08:49 AM,PRATAH,DWADASHI,06:19 AM,2026-08-23,COMPLETE,2026-08-24,PARANA,Shravana Putrada Ekadashi,Upavaasa: 23-Aug-26 | Parana today: 06:19 AM to 08:49 AM,**Perform Parana today** between 06:19 AM and 08:49 AM. Upavaasa was observed on 23-Aug-26.,Shravana Putrada Ekadashi. Perform Parana today between 06:19 AM and 08:49 AM. Upavaasa was observed on 23-Aug-26. Upavaasa: 23-Aug-26 | Parana today: 06:19 AM to 08:49 AM
geoname:5368361,Los Angeles,California,United States,America/Los_Angeles,5368361,Shravana Putrada Ekadashi,Normal Ekadashi,NORMAL,2026-08-23,,2026-08-24,06:21 AM,08:59 AM,PRATAH,DWADASHI,10:19 PM,2026-08-23,COMPLETE,2026-08-24,PARANA,Shravana Putrada Ekadashi,Upavaasa: 23-Aug-26 | Parana today: 06:21 AM to 08:59 AM,**Perform Parana today** between 06:21 AM and 08:59 AM. Upavaasa was observed on 23-Aug-26.,Shravana Putrada Ekadashi. Perform Parana today between 06:21 AM and 08:59 AM. Upavaasa was observed on 23-Aug-26. Upavaasa: 23-Aug-26 | Parana today: 06:21 AM to 08:59 AM
geoname:1264733,Lucknow,Uttar Pradesh,India,Asia/Kolkata,1264733,Shravana Putrada Ekadashi,Dwadashi Dwaya,DWADASHI_DWAYA,2026-08-23,2026-08-24,2026-08-25,05:42 AM,06:20 AM,POST_DWADASHI_FAST_DWADASHI_ENDS_IN_PRATAH,POST_DWADASHI_UPAVASA,10:49 AM,2026-08-23,COMPLETE,2026-08-24,UPAVASA_DAY_2,Shravana Putrada Ekadashi,"Upavaasa: 23-Aug-26 and 24-Aug-26 | Parana: 25-Aug-26, 05:42 AM to 06:20 AM",Dwadashi continues through another sunrise in this Dwadashi Dwaya cycle. **Continue the Upavaasa today.** This is the second day of the two-day Upavaasa.,"Shravana Putrada Ekadashi. Dwadashi continues through another sunrise in this Dwadashi Dwaya cycle. Continue the Upavaasa today. This is the second day of the two-day Upavaasa. Upavaasa: 23-Aug-26 and 24-Aug-26 | Parana: 25-Aug-26, 05:42 AM to 06:20 AM"
geoname:1264521,Madurai,Tamil Nadu,India,Asia/Kolkata,1264521,Shravana Putrada Ekadashi,Dwadashi Dwaya,DWADASHI_DWAYA,2026-08-23,2026-08-24,2026-08-25,06:09 AM,06:20 AM,POST_DWADASHI_FAST_DWADASHI_ENDS_IN_PRATAH,POST_DWADASHI_UPAVASA,10:49 AM,2026-08-23,COMPLETE,2026-08-24,UPAVASA_DAY_2,Shravana Putrada Ekadashi,"Upavaasa: 23-Aug-26 and 24-Aug-26 | Parana: 25-Aug-26, 06:09 AM to 06:20 AM",Dwadashi continues through another sunrise in this Dwadashi Dwaya cycle. **Continue the Upavaasa today.** This is the second day of the two-day Upavaasa.,"Shravana Putrada Ekadashi. Dwadashi continues through another sunrise in this Dwadashi Dwaya cycle. Continue the Upavaasa today. This is the second day of the two-day Upavaasa. Upavaasa: 23-Aug-26 and 24-Aug-26 | Parana: 25-Aug-26, 06:09 AM to 06:20 AM"
geoname:1263780,Mangalore,Karnataka,India,Asia/Kolkata,1263780,Shravana Putrada Ekadashi,Dwadashi Dwaya,DWADASHI_DWAYA,2026-08-23,2026-08-24,2026-08-25,06:19 AM,06:20 AM,POST_DWADASHI_FAST_DWADASHI_ENDS_IN_PRATAH,POST_DWADASHI_UPAVASA,10:49 AM,2026-08-23,COMPLETE,2026-08-24,UPAVASA_DAY_2,Shravana Putrada Ekadashi,"Upavaasa: 23-Aug-26 and 24-Aug-26 | Parana: 25-Aug-26, 06:19 AM to 06:20 AM",Dwadashi continues through another sunrise in this Dwadashi Dwaya cycle. **Continue the Upavaasa today.** This is the second day of the two-day Upavaasa.,"Shravana Putrada Ekadashi. Dwadashi continues through another sunrise in this Dwadashi Dwaya cycle. Continue the Upavaasa today. This is the second day of the two-day Upavaasa. Upavaasa: 23-Aug-26 and 24-Aug-26 | Parana: 25-Aug-26, 06:19 AM to 06:20 AM"
geoname:2158177,Melbourne,Victoria,Australia,Australia/Melbourne,2158177,Shravana Putrada Ekadashi,Dashami Viddha -> Valid Ekadashi,DASHAMI_VIDDHA_THEN_VALID_EKADASHI,2026-08-24,,2026-08-25,06:52 AM,09:04 AM,PRATAH,DWADASHI,03:19 PM,2026-08-23,COMPLETE,2026-08-24,UPAVASA_DAY_1,Shravana Putrada Ekadashi,"Upavaasa: 24-Aug-26 | Parana: 25-Aug-26, 06:52 AM to 09:04 AM",The previous Ekadashi sunrise was Dashami Viddha and was not a fasting day. Ekadashi continues and is valid at today's sunrise. **Observe Upavaasa today.**,"Shravana Putrada Ekadashi. The previous Ekadashi sunrise was Dashami Viddha and was not a fasting day. Ekadashi continues and is valid at today's sunrise. Observe Upavaasa today. Upavaasa: 24-Aug-26 | Parana: 25-Aug-26, 06:52 AM to 09:04 AM"
geoname:1275339,Mumbai,Maharashtra,India,Asia/Kolkata,1275339,Shravana Putrada Ekadashi,Normal Ekadashi,NORMAL,2026-08-23,,2026-08-24,01:57 PM,04:28 PM,APARAHNA,DWADASHI,10:49 AM,2026-08-23,COMPLETE,2026-08-24,PARANA,Shravana Putrada Ekadashi,Upavaasa: 23-Aug-26 | Parana today: 01:57 PM to 04:28 PM,**Perform Parana today** between 01:57 PM and 04:28 PM. Upavaasa was observed on 23-Aug-26.,Shravana Putrada Ekadashi. Perform Parana today between 01:57 PM and 04:28 PM. Upavaasa was observed on 23-Aug-26. Upavaasa: 23-Aug-26 | Parana today: 01:57 PM to 04:28 PM
geoname:1262321,Mysuru,Karnataka,India,Asia/Kolkata,1262321,Shravana Putrada Ekadashi,Dwadashi Dwaya,DWADASHI_DWAYA,2026-08-23,2026-08-24,2026-08-25,06:13 AM,06:20 AM,POST_DWADASHI_FAST_DWADASHI_ENDS_IN_PRATAH,POST_DWADASHI_UPAVASA,10:49 AM,2026-08-23,COMPLETE,2026-08-24,UPAVASA_DAY_2,Shravana Putrada Ekadashi,"Upavaasa: 23-Aug-26 and 24-Aug-26 | Parana: 25-Aug-26, 06:13 AM to 06:20 AM",Dwadashi continues through another sunrise in this Dwadashi Dwaya cycle. **Continue the Upavaasa today.** This is the second day of the two-day Upavaasa.,"Shravana Putrada Ekadashi. Dwadashi continues through another sunrise in this Dwadashi Dwaya cycle. Continue the Upavaasa today. This is the second day of the two-day Upavaasa. Upavaasa: 23-Aug-26 and 24-Aug-26 | Parana: 25-Aug-26, 06:13 AM to 06:20 AM"
geoname:1262180,Nagpur,Maharashtra,India,Asia/Kolkata,1262180,Shravana Putrada Ekadashi,Dwadashi Dwaya,DWADASHI_DWAYA,2026-08-23,2026-08-24,2026-08-25,05:55 AM,06:20 AM,POST_DWADASHI_FAST_DWADASHI_ENDS_IN_PRATAH,POST_DWADASHI_UPAVASA,10:49 AM,2026-08-23,COMPLETE,2026-08-24,UPAVASA_DAY_2,Shravana Putrada Ekadashi,"Upavaasa: 23-Aug-26 and 24-Aug-26 | Parana: 25-Aug-26, 05:55 AM to 06:20 AM",Dwadashi continues through another sunrise in this Dwadashi Dwaya cycle. **Continue the Upavaasa today.** This is the second day of the two-day Upavaasa.,"Shravana Putrada Ekadashi. Dwadashi continues through another sunrise in this Dwadashi Dwaya cycle. Continue the Upavaasa today. This is the second day of the two-day Upavaasa. Upavaasa: 23-Aug-26 and 24-Aug-26 | Parana: 25-Aug-26, 05:55 AM to 06:20 AM"
geoname:4644585,Nashville,Tennessee,United States,America/Chicago,4644585,Shravana Putrada Ekadashi,Normal Ekadashi,NORMAL,2026-08-23,,2026-08-24,06:13 AM,08:52 AM,PRATAH,DWADASHI,12:19 AM,2026-08-23,COMPLETE,2026-08-24,PARANA,Shravana Putrada Ekadashi,Upavaasa: 23-Aug-26 | Parana today: 06:13 AM to 08:52 AM,**Perform Parana today** between 06:13 AM and 08:52 AM. Upavaasa was observed on 23-Aug-26.,Shravana Putrada Ekadashi. Perform Parana today between 06:13 AM and 08:52 AM. Upavaasa was observed on 23-Aug-26. Upavaasa: 23-Aug-26 | Parana today: 06:13 AM to 08:52 AM
geoname:5099836,New Jersey,New Jersey,United States,America/New_York,5099836,Shravana Putrada Ekadashi,Normal Ekadashi,NORMAL,2026-08-23,,2026-08-24,06:16 AM,08:57 AM,PRATAH,DWADASHI,01:19 AM,2026-08-23,COMPLETE,2026-08-24,PARANA,Shravana Putrada Ekadashi,Upavaasa: 23-Aug-26 | Parana today: 06:16 AM to 08:57 AM,**Perform Parana today** between 06:16 AM and 08:57 AM. Upavaasa was observed on 23-Aug-26.,Shravana Putrada Ekadashi. Perform Parana today between 06:16 AM and 08:57 AM. Upavaasa was observed on 23-Aug-26. Upavaasa: 23-Aug-26 | Parana today: 06:16 AM to 08:57 AM
geoname:5128581,New York,New York,United States,America/New_York,5128581,Shravana Putrada Ekadashi,Normal Ekadashi,NORMAL,2026-08-23,,2026-08-24,06:15 AM,08:56 AM,PRATAH,DWADASHI,01:19 AM,2026-08-23,COMPLETE,2026-08-24,PARANA,Shravana Putrada Ekadashi,Upavaasa: 23-Aug-26 | Parana today: 06:15 AM to 08:56 AM,**Perform Parana today** between 06:15 AM and 08:56 AM. Upavaasa was observed on 23-Aug-26.,Shravana Putrada Ekadashi. Perform Parana today between 06:15 AM and 08:56 AM. Upavaasa was observed on 23-Aug-26. Upavaasa: 23-Aug-26 | Parana today: 06:15 AM to 08:56 AM
geoname:4167147,Orlando,Florida,United States,America/New_York,4167147,Shravana Putrada Ekadashi,Normal Ekadashi,NORMAL,2026-08-23,,2026-08-24,07:00 AM,09:35 AM,PRATAH,DWADASHI,01:19 AM,2026-08-23,COMPLETE,2026-08-24,PARANA,Shravana Putrada Ekadashi,Upavaasa: 23-Aug-26 | Parana today: 07:00 AM to 09:35 AM,**Perform Parana today** between 07:00 AM and 09:35 AM. Upavaasa was observed on 23-Aug-26.,Shravana Putrada Ekadashi. Perform Parana today between 07:00 AM and 09:35 AM. Upavaasa was observed on 23-Aug-26. Upavaasa: 23-Aug-26 | Parana today: 07:00 AM to 09:35 AM
geoname:1260546,Pandharpur,Maharashtra,India,Asia/Kolkata,1260546,Shravana Putrada Ekadashi,Dwadashi Dwaya,DWADASHI_DWAYA,2026-08-23,2026-08-24,2026-08-25,06:13 AM,06:20 AM,POST_DWADASHI_FAST_DWADASHI_ENDS_IN_PRATAH,POST_DWADASHI_UPAVASA,10:49 AM,2026-08-23,COMPLETE,2026-08-24,UPAVASA_DAY_2,Shravana Putrada Ekadashi,"Upavaasa: 23-Aug-26 and 24-Aug-26 | Parana: 25-Aug-26, 06:13 AM to 06:20 AM",Dwadashi continues through another sunrise in this Dwadashi Dwaya cycle. **Continue the Upavaasa today.** This is the second day of the two-day Upavaasa.,"Shravana Putrada Ekadashi. Dwadashi continues through another sunrise in this Dwadashi Dwaya cycle. Continue the Upavaasa today. This is the second day of the two-day Upavaasa. Upavaasa: 23-Aug-26 and 24-Aug-26 | Parana: 25-Aug-26, 06:13 AM to 06:20 AM"
geoname:2063523,Perth,Western Australia,Australia,Australia/Perth,2063523,Shravana Putrada Ekadashi,Ekadashi Dwaya,EKADASHI_DWAYA,2026-08-23,2026-08-24,2026-08-25,06:42 AM,08:50 AM,PRATAH,DWADASHI,01:19 PM,2026-08-23,COMPLETE,2026-08-24,UPAVASA_DAY_2,Shravana Putrada Ekadashi,"Upavaasa: 23-Aug-26 and 24-Aug-26 | Parana: 25-Aug-26, 06:42 AM to 08:50 AM",Ekadashi is valid at a second consecutive sunrise. **Continue the Upavaasa today.** This is the second day of the two-day Upavaasa.,"Shravana Putrada Ekadashi. Ekadashi is valid at a second consecutive sunrise. Continue the Upavaasa today. This is the second day of the two-day Upavaasa. Upavaasa: 23-Aug-26 and 24-Aug-26 | Parana: 25-Aug-26, 06:42 AM to 08:50 AM"
geoname:4560349,Philadelphia,Pennsylvania,United States,America/New_York,4560349,Shravana Putrada Ekadashi,Normal Ekadashi,NORMAL,2026-08-23,,2026-08-24,06:21 AM,09:02 AM,PRATAH,DWADASHI,01:19 AM,2026-08-23,COMPLETE,2026-08-24,PARANA,Shravana Putrada Ekadashi,Upavaasa: 23-Aug-26 | Parana today: 06:21 AM to 09:02 AM,**Perform Parana today** between 06:21 AM and 09:02 AM. Upavaasa was observed on 23-Aug-26.,Shravana Putrada Ekadashi. Perform Parana today between 06:21 AM and 09:02 AM. Upavaasa was observed on 23-Aug-26. Upavaasa: 23-Aug-26 | Parana today: 06:21 AM to 09:02 AM
geoname:5308655,Phoenix,Arizona,United States,America/Phoenix,5308655,Shravana Putrada Ekadashi,Normal Ekadashi,NORMAL,2026-08-23,,2026-08-24,05:57 AM,08:34 AM,PRATAH,DWADASHI,10:19 PM,2026-08-23,COMPLETE,2026-08-24,PARANA,Shravana Putrada Ekadashi,Upavaasa: 23-Aug-26 | Parana today: 05:57 AM to 08:34 AM,**Perform Parana today** between 05:57 AM and 08:34 AM. Upavaasa was observed on 23-Aug-26.,Shravana Putrada Ekadashi. Perform Parana today between 05:57 AM and 08:34 AM. Upavaasa was observed on 23-Aug-26. Upavaasa: 23-Aug-26 | Parana today: 05:57 AM to 08:34 AM
geoname:5131614,Pittsford,New York,United States,America/New_York,5131614,Shravana Putrada Ekadashi,Normal Ekadashi,NORMAL,2026-08-23,,2026-08-24,06:26 AM,09:08 AM,PRATAH,DWADASHI,01:19 AM,2026-08-23,COMPLETE,2026-08-24,PARANA,Shravana Putrada Ekadashi,Upavaasa: 23-Aug-26 | Parana today: 06:26 AM to 09:08 AM,**Perform Parana today** between 06:26 AM and 09:08 AM. Upavaasa was observed on 23-Aug-26.,Shravana Putrada Ekadashi. Perform Parana today between 06:26 AM and 09:08 AM. Upavaasa was observed on 23-Aug-26. Upavaasa: 23-Aug-26 | Parana today: 06:26 AM to 09:08 AM
geoname:5383527,Placentia,California,United States,America/Los_Angeles,5383527,Shravana Putrada Ekadashi,Normal Ekadashi,NORMAL,2026-08-23,,2026-08-24,06:20 AM,08:57 AM,PRATAH,DWADASHI,10:19 PM,2026-08-23,COMPLETE,2026-08-24,PARANA,Shravana Putrada Ekadashi,Upavaasa: 23-Aug-26 | Parana today: 06:20 AM to 08:57 AM,**Perform Parana today** between 06:20 AM and 08:57 AM. Upavaasa was observed on 23-Aug-26.,Shravana Putrada Ekadashi. Perform Parana today between 06:20 AM and 08:57 AM. Upavaasa was observed on 23-Aug-26. Upavaasa: 23-Aug-26 | Parana today: 06:20 AM to 08:57 AM
geoname:1278994,Prayagraj,Uttar Pradesh,India,Asia/Kolkata,1278994,Shravana Putrada Ekadashi,Dwadashi Dwaya,DWADASHI_DWAYA,2026-08-23,2026-08-24,2026-08-25,05:40 AM,06:20 AM,POST_DWADASHI_FAST_DWADASHI_ENDS_IN_PRATAH,POST_DWADASHI_UPAVASA,10:49 AM,2026-08-23,COMPLETE,2026-08-24,UPAVASA_DAY_2,Shravana Putrada Ekadashi,"Upavaasa: 23-Aug-26 and 24-Aug-26 | Parana: 25-Aug-26, 05:40 AM to 06:20 AM",Dwadashi continues through another sunrise in this Dwadashi Dwaya cycle. **Continue the Upavaasa today.** This is the second day of the two-day Upavaasa.,"Shravana Putrada Ekadashi. Dwadashi continues through another sunrise in this Dwadashi Dwaya cycle. Continue the Upavaasa today. This is the second day of the two-day Upavaasa. Upavaasa: 23-Aug-26 and 24-Aug-26 | Parana: 25-Aug-26, 05:40 AM to 06:20 AM"
geoname:1259229,Pune,Maharashtra,India,Asia/Kolkata,1259229,Shravana Putrada Ekadashi,Dwadashi Dwaya,DWADASHI_DWAYA,2026-08-23,2026-08-24,2026-08-25,06:19 AM,06:20 AM,POST_DWADASHI_FAST_DWADASHI_ENDS_IN_PRATAH,POST_DWADASHI_UPAVASA,10:49 AM,2026-08-23,COMPLETE,2026-08-24,UPAVASA_DAY_2,Shravana Putrada Ekadashi,"Upavaasa: 23-Aug-26 and 24-Aug-26 | Parana: 25-Aug-26, 06:19 AM to 06:20 AM",Dwadashi continues through another sunrise in this Dwadashi Dwaya cycle. **Continue the Upavaasa today.** This is the second day of the two-day Upavaasa.,"Shravana Putrada Ekadashi. Dwadashi continues through another sunrise in this Dwadashi Dwaya cycle. Continue the Upavaasa today. This is the second day of the two-day Upavaasa. Upavaasa: 23-Aug-26 and 24-Aug-26 | Parana: 25-Aug-26, 06:19 AM to 06:20 AM"
geoname:4487042,Raleigh,North Carolina,United States,America/New_York,4487042,Shravana Putrada Ekadashi,Normal Ekadashi,NORMAL,2026-08-23,,2026-08-24,06:41 AM,09:19 AM,PRATAH,DWADASHI,01:19 AM,2026-08-23,COMPLETE,2026-08-24,PARANA,Shravana Putrada Ekadashi,Upavaasa: 23-Aug-26 | Parana today: 06:41 AM to 09:19 AM,**Perform Parana today** between 06:41 AM and 09:19 AM. Upavaasa was observed on 23-Aug-26.,Shravana Putrada Ekadashi. Perform Parana today between 06:41 AM and 09:19 AM. Upavaasa was observed on 23-Aug-26. Upavaasa: 23-Aug-26 | Parana today: 06:41 AM to 09:19 AM
geoname:4781708,Richmond,Virginia,United States,America/New_York,4781708,Shravana Putrada Ekadashi,Normal Ekadashi,NORMAL,2026-08-23,,2026-08-24,06:34 AM,09:13 AM,PRATAH,DWADASHI,01:19 AM,2026-08-23,COMPLETE,2026-08-24,PARANA,Shravana Putrada Ekadashi,Upavaasa: 23-Aug-26 | Parana today: 06:34 AM to 09:13 AM,**Perform Parana today** between 06:34 AM and 09:13 AM. Upavaasa was observed on 23-Aug-26.,Shravana Putrada Ekadashi. Perform Parana today between 06:34 AM and 09:13 AM. Upavaasa was observed on 23-Aug-26. Upavaasa: 23-Aug-26 | Parana today: 06:34 AM to 09:13 AM
geoname:5134086,Rochester,New York,United States,America/New_York,5134086,Shravana Putrada Ekadashi,Normal Ekadashi,NORMAL,2026-08-23,,2026-08-24,06:26 AM,09:09 AM,PRATAH,DWADASHI,01:19 AM,2026-08-23,COMPLETE,2026-08-24,PARANA,Shravana Putrada Ekadashi,Upavaasa: 23-Aug-26 | Parana today: 06:26 AM to 09:09 AM,**Perform Parana today** between 06:26 AM and 09:09 AM. Upavaasa was observed on 23-Aug-26.,Shravana Putrada Ekadashi. Perform Parana today between 06:26 AM and 09:09 AM. Upavaasa was observed on 23-Aug-26. Upavaasa: 23-Aug-26 | Parana today: 06:26 AM to 09:09 AM
geoname:5391959,San Francisco,California,United States,America/Los_Angeles,5391959,Shravana Putrada Ekadashi,Normal Ekadashi,NORMAL,2026-08-23,,2026-08-24,06:33 AM,09:12 AM,PRATAH,DWADASHI,10:19 PM,2026-08-23,COMPLETE,2026-08-24,PARANA,Shravana Putrada Ekadashi,Upavaasa: 23-Aug-26 | Parana today: 06:33 AM to 09:12 AM,**Perform Parana today** between 06:33 AM and 09:12 AM. Upavaasa was observed on 23-Aug-26.,Shravana Putrada Ekadashi. Perform Parana today between 06:33 AM and 09:12 AM. Upavaasa was observed on 23-Aug-26. Upavaasa: 23-Aug-26 | Parana today: 06:33 AM to 09:12 AM
geoname:5809844,Seattle,Washington,United States,America/Los_Angeles,5809844,Shravana Putrada Ekadashi,Normal Ekadashi,NORMAL,2026-08-23,,2026-08-24,06:18 AM,09:03 AM,PRATAH,DWADASHI,10:19 PM,2026-08-23,COMPLETE,2026-08-24,PARANA,Shravana Putrada Ekadashi,Upavaasa: 23-Aug-26 | Parana today: 06:18 AM to 09:03 AM,**Perform Parana today** between 06:18 AM and 09:03 AM. Upavaasa was observed on 23-Aug-26.,Shravana Putrada Ekadashi. Perform Parana today between 06:18 AM and 09:03 AM. Upavaasa was observed on 23-Aug-26. Upavaasa: 23-Aug-26 | Parana today: 06:18 AM to 09:03 AM
geoname:1835848,Seoul,Seoul,South Korea,Asia/Seoul,1835848,Shravana Putrada Ekadashi,Dashami Viddha -> Valid Ekadashi,DASHAMI_VIDDHA_THEN_VALID_EKADASHI,2026-08-24,,2026-08-25,05:56 AM,08:35 AM,PRATAH,DWADASHI,02:19 PM,2026-08-23,COMPLETE,2026-08-24,UPAVASA_DAY_1,Shravana Putrada Ekadashi,"Upavaasa: 24-Aug-26 | Parana: 25-Aug-26, 05:56 AM to 08:35 AM",The previous Ekadashi sunrise was Dashami Viddha and was not a fasting day. Ekadashi continues and is valid at today's sunrise. **Observe Upavaasa today.**,"Shravana Putrada Ekadashi. The previous Ekadashi sunrise was Dashami Viddha and was not a fasting day. Ekadashi continues and is valid at today's sunrise. Observe Upavaasa today. Upavaasa: 24-Aug-26 | Parana: 25-Aug-26, 05:56 AM to 08:35 AM"
geoname:1256525,Shiliguri,West Bengal,India,Asia/Kolkata,1256525,Shravana Putrada Ekadashi,Dwadashi Dwaya,DWADASHI_DWAYA,2026-08-23,2026-08-24,2026-08-25,05:13 AM,06:20 AM,POST_DWADASHI_FAST_DWADASHI_ENDS_IN_PRATAH,POST_DWADASHI_UPAVASA,10:49 AM,2026-08-23,COMPLETE,2026-08-24,UPAVASA_DAY_2,Shravana Putrada Ekadashi,"Upavaasa: 23-Aug-26 and 24-Aug-26 | Parana: 25-Aug-26, 05:13 AM to 06:20 AM",Dwadashi continues through another sunrise in this Dwadashi Dwaya cycle. **Continue the Upavaasa today.** This is the second day of the two-day Upavaasa.,"Shravana Putrada Ekadashi. Dwadashi continues through another sunrise in this Dwadashi Dwaya cycle. Continue the Upavaasa today. This is the second day of the two-day Upavaasa. Upavaasa: 23-Aug-26 and 24-Aug-26 | Parana: 25-Aug-26, 05:13 AM to 06:20 AM"
geoname:1256287,Silchar,Assam,India,Asia/Kolkata,1256287,Shravana Putrada Ekadashi,Dwadashi Dwaya,DWADASHI_DWAYA,2026-08-23,2026-08-24,2026-08-25,04:57 AM,06:20 AM,POST_DWADASHI_FAST_DWADASHI_ENDS_IN_PRATAH,POST_DWADASHI_UPAVASA,10:49 AM,2026-08-23,COMPLETE,2026-08-24,UPAVASA_DAY_2,Shravana Putrada Ekadashi,"Upavaasa: 23-Aug-26 and 24-Aug-26 | Parana: 25-Aug-26, 04:57 AM to 06:20 AM",Dwadashi continues through another sunrise in this Dwadashi Dwaya cycle. **Continue the Upavaasa today.** This is the second day of the two-day Upavaasa.,"Shravana Putrada Ekadashi. Dwadashi continues through another sunrise in this Dwadashi Dwaya cycle. Continue the Upavaasa today. This is the second day of the two-day Upavaasa. Upavaasa: 23-Aug-26 and 24-Aug-26 | Parana: 25-Aug-26, 04:57 AM to 06:20 AM"
geoname:1255634,Srinagar,Jammu and Kashmir,India,Asia/Kolkata,1255634,Shravana Putrada Ekadashi,Dwadashi Dwaya,DWADASHI_DWAYA,2026-08-23,2026-08-24,2026-08-25,05:59 AM,06:20 AM,POST_DWADASHI_FAST_DWADASHI_ENDS_IN_PRATAH,POST_DWADASHI_UPAVASA,10:49 AM,2026-08-23,COMPLETE,2026-08-24,UPAVASA_DAY_2,Shravana Putrada Ekadashi,"Upavaasa: 23-Aug-26 and 24-Aug-26 | Parana: 25-Aug-26, 05:59 AM to 06:20 AM",Dwadashi continues through another sunrise in this Dwadashi Dwaya cycle. **Continue the Upavaasa today.** This is the second day of the two-day Upavaasa.,"Shravana Putrada Ekadashi. Dwadashi continues through another sunrise in this Dwadashi Dwaya cycle. Continue the Upavaasa today. This is the second day of the two-day Upavaasa. Upavaasa: 23-Aug-26 and 24-Aug-26 | Parana: 25-Aug-26, 05:59 AM to 06:20 AM"
geoname:1254388,Srirangam,Tamil Nadu,India,Asia/Kolkata,1254388,Shravana Putrada Ekadashi,Dwadashi Dwaya,DWADASHI_DWAYA,2026-08-23,2026-08-24,2026-08-25,06:06 AM,06:20 AM,POST_DWADASHI_FAST_DWADASHI_ENDS_IN_PRATAH,POST_DWADASHI_UPAVASA,10:49 AM,2026-08-23,COMPLETE,2026-08-24,UPAVASA_DAY_2,Shravana Putrada Ekadashi,"Upavaasa: 23-Aug-26 and 24-Aug-26 | Parana: 25-Aug-26, 06:06 AM to 06:20 AM",Dwadashi continues through another sunrise in this Dwadashi Dwaya cycle. **Continue the Upavaasa today.** This is the second day of the two-day Upavaasa.,"Shravana Putrada Ekadashi. Dwadashi continues through another sunrise in this Dwadashi Dwaya cycle. Continue the Upavaasa today. This is the second day of the two-day Upavaasa. Upavaasa: 23-Aug-26 and 24-Aug-26 | Parana: 25-Aug-26, 06:06 AM to 06:20 AM"
geoname:5139865,Stonybrook,New York,United States,America/New_York,5139865,Shravana Putrada Ekadashi,Normal Ekadashi,NORMAL,2026-08-23,,2026-08-24,06:12 AM,08:53 AM,PRATAH,DWADASHI,01:19 AM,2026-08-23,COMPLETE,2026-08-24,PARANA,Shravana Putrada Ekadashi,Upavaasa: 23-Aug-26 | Parana today: 06:12 AM to 08:53 AM,**Perform Parana today** between 06:12 AM and 08:53 AM. Upavaasa was observed on 23-Aug-26.,Shravana Putrada Ekadashi. Perform Parana today between 06:12 AM and 08:53 AM. Upavaasa was observed on 23-Aug-26. Upavaasa: 23-Aug-26 | Parana today: 06:12 AM to 08:53 AM
geoname:1255364,Surat,Gujarat,India,Asia/Kolkata,1255364,Shravana Putrada Ekadashi,Normal Ekadashi,NORMAL,2026-08-23,,2026-08-24,01:57 PM,04:30 PM,APARAHNA,DWADASHI,10:49 AM,2026-08-23,COMPLETE,2026-08-24,PARANA,Shravana Putrada Ekadashi,Upavaasa: 23-Aug-26 | Parana today: 01:57 PM to 04:30 PM,**Perform Parana today** between 01:57 PM and 04:30 PM. Upavaasa was observed on 23-Aug-26.,Shravana Putrada Ekadashi. Perform Parana today between 01:57 PM and 04:30 PM. Upavaasa was observed on 23-Aug-26. Upavaasa: 23-Aug-26 | Parana today: 01:57 PM to 04:30 PM
geoname:2147714,Sydney,New South Wales,Australia,Australia/Sydney,2147714,Shravana Putrada Ekadashi,Normal Ekadashi,NORMAL,2026-08-24,,2026-08-25,06:23 AM,08:37 AM,PRATAH,DWADASHI,03:19 PM,2026-08-23,COMPLETE,2026-08-24,UPAVASA_DAY_1,Shravana Putrada Ekadashi,"Upavaasa: 24-Aug-26 | Parana: 25-Aug-26, 06:23 AM to 08:37 AM",Normal Ekadashi. **Observe Upavaasa today.** Ekadashi began before Arunodaya and no two-day exception applies.,"Shravana Putrada Ekadashi. Normal Ekadashi. Observe Upavaasa today. Ekadashi began before Arunodaya and no two-day exception applies. Upavaasa: 24-Aug-26 | Parana: 25-Aug-26, 06:23 AM to 08:37 AM"
geoname:5140405,Syracuse,New York,United States,America/New_York,5140405,Shravana Putrada Ekadashi,Normal Ekadashi,NORMAL,2026-08-23,,2026-08-24,06:20 AM,09:03 AM,PRATAH,DWADASHI,01:19 AM,2026-08-23,COMPLETE,2026-08-24,PARANA,Shravana Putrada Ekadashi,Upavaasa: 23-Aug-26 | Parana today: 06:20 AM to 09:03 AM,**Perform Parana today** between 06:20 AM and 09:03 AM. Upavaasa was observed on 23-Aug-26.,Shravana Putrada Ekadashi. Perform Parana today between 06:20 AM and 09:03 AM. Upavaasa was observed on 23-Aug-26. Upavaasa: 23-Aug-26 | Parana today: 06:20 AM to 09:03 AM
geoname:1262321,T Narasipura,Karnataka,India,Asia/Kolkata,1262321,Shravana Putrada Ekadashi,Dwadashi Dwaya,DWADASHI_DWAYA,2026-08-23,2026-08-24,2026-08-25,06:13 AM,06:20 AM,POST_DWADASHI_FAST_DWADASHI_ENDS_IN_PRATAH,POST_DWADASHI_UPAVASA,10:49 AM,2026-08-23,COMPLETE,2026-08-24,UPAVASA_DAY_2,Shravana Putrada Ekadashi,"Upavaasa: 23-Aug-26 and 24-Aug-26 | Parana: 25-Aug-26, 06:13 AM to 06:20 AM",Dwadashi continues through another sunrise in this Dwadashi Dwaya cycle. **Continue the Upavaasa today.** This is the second day of the two-day Upavaasa.,"Shravana Putrada Ekadashi. Dwadashi continues through another sunrise in this Dwadashi Dwaya cycle. Continue the Upavaasa today. This is the second day of the two-day Upavaasa. Upavaasa: 23-Aug-26 and 24-Aug-26 | Parana: 25-Aug-26, 06:13 AM to 06:20 AM"
geoname:4174757,Tampa,Florida,United States,America/New_York,4174757,Shravana Putrada Ekadashi,Normal Ekadashi,NORMAL,2026-08-23,,2026-08-24,07:05 AM,09:40 AM,PRATAH,DWADASHI,01:19 AM,2026-08-23,COMPLETE,2026-08-24,PARANA,Shravana Putrada Ekadashi,Upavaasa: 23-Aug-26 | Parana today: 07:05 AM to 09:40 AM,**Perform Parana today** between 07:05 AM and 09:40 AM. Upavaasa was observed on 23-Aug-26.,Shravana Putrada Ekadashi. Perform Parana today between 07:05 AM and 09:40 AM. Upavaasa was observed on 23-Aug-26. Upavaasa: 23-Aug-26 | Parana today: 07:05 AM to 09:40 AM
geoname:1254163,Thiruvananthapuram,Kerala,India,Asia/Kolkata,1254163,Shravana Putrada Ekadashi,Dwadashi Dwaya,DWADASHI_DWAYA,2026-08-23,2026-08-24,2026-08-25,06:14 AM,06:20 AM,POST_DWADASHI_FAST_DWADASHI_ENDS_IN_PRATAH,POST_DWADASHI_UPAVASA,10:49 AM,2026-08-23,COMPLETE,2026-08-24,UPAVASA_DAY_2,Shravana Putrada Ekadashi,"Upavaasa: 23-Aug-26 and 24-Aug-26 | Parana: 25-Aug-26, 06:14 AM to 06:20 AM",Dwadashi continues through another sunrise in this Dwadashi Dwaya cycle. **Continue the Upavaasa today.** This is the second day of the two-day Upavaasa.,"Shravana Putrada Ekadashi. Dwadashi continues through another sunrise in this Dwadashi Dwaya cycle. Continue the Upavaasa today. This is the second day of the two-day Upavaasa. Upavaasa: 23-Aug-26 and 24-Aug-26 | Parana: 25-Aug-26, 06:14 AM to 06:20 AM"
geoname:1254360,Tirupati,Andhra Pradesh,India,Asia/Kolkata,1254360,Shravana Putrada Ekadashi,Dwadashi Dwaya,DWADASHI_DWAYA,2026-08-23,2026-08-24,2026-08-25,06:00 AM,06:20 AM,POST_DWADASHI_FAST_DWADASHI_ENDS_IN_PRATAH,POST_DWADASHI_UPAVASA,10:49 AM,2026-08-23,COMPLETE,2026-08-24,UPAVASA_DAY_2,Shravana Putrada Ekadashi,"Upavaasa: 23-Aug-26 and 24-Aug-26 | Parana: 25-Aug-26, 06:00 AM to 06:20 AM",Dwadashi continues through another sunrise in this Dwadashi Dwaya cycle. **Continue the Upavaasa today.** This is the second day of the two-day Upavaasa.,"Shravana Putrada Ekadashi. Dwadashi continues through another sunrise in this Dwadashi Dwaya cycle. Continue the Upavaasa today. This is the second day of the two-day Upavaasa. Upavaasa: 23-Aug-26 and 24-Aug-26 | Parana: 25-Aug-26, 06:00 AM to 06:20 AM"
geoname:1253952,Udupi,Karnataka,India,Asia/Kolkata,1253952,Shravana Putrada Ekadashi,Dwadashi Dwaya,DWADASHI_DWAYA,2026-08-23,2026-08-24,2026-08-25,06:19 AM,06:20 AM,POST_DWADASHI_FAST_DWADASHI_ENDS_IN_PRATAH,POST_DWADASHI_UPAVASA,10:49 AM,2026-08-23,COMPLETE,2026-08-24,UPAVASA_DAY_2,Shravana Putrada Ekadashi,"Upavaasa: 23-Aug-26 and 24-Aug-26 | Parana: 25-Aug-26, 06:19 AM to 06:20 AM",Dwadashi continues through another sunrise in this Dwadashi Dwaya cycle. **Continue the Upavaasa today.** This is the second day of the two-day Upavaasa.,"Shravana Putrada Ekadashi. Dwadashi continues through another sunrise in this Dwadashi Dwaya cycle. Continue the Upavaasa today. This is the second day of the two-day Upavaasa. Upavaasa: 23-Aug-26 and 24-Aug-26 | Parana: 25-Aug-26, 06:19 AM to 06:20 AM"
geoname:1253573,Vadodara,Gujarat,India,Asia/Kolkata,1253573,Shravana Putrada Ekadashi,Dwadashi Dwaya,DWADASHI_DWAYA,2026-08-23,2026-08-24,2026-08-25,06:18 AM,06:20 AM,POST_DWADASHI_FAST_DWADASHI_ENDS_IN_PRATAH,POST_DWADASHI_UPAVASA,10:49 AM,2026-08-23,COMPLETE,2026-08-24,UPAVASA_DAY_2,Shravana Putrada Ekadashi,"Upavaasa: 23-Aug-26 and 24-Aug-26 | Parana: 25-Aug-26, 06:18 AM to 06:20 AM",Dwadashi continues through another sunrise in this Dwadashi Dwaya cycle. **Continue the Upavaasa today.** This is the second day of the two-day Upavaasa.,"Shravana Putrada Ekadashi. Dwadashi continues through another sunrise in this Dwadashi Dwaya cycle. Continue the Upavaasa today. This is the second day of the two-day Upavaasa. Upavaasa: 23-Aug-26 and 24-Aug-26 | Parana: 25-Aug-26, 06:18 AM to 06:20 AM"
geoname:6173331,Vancouver,British Columbia,Canada,America/Los_Angeles,6173331,Shravana Putrada Ekadashi,Normal Ekadashi,NORMAL,2026-08-23,,2026-08-24,06:18 AM,09:05 AM,PRATAH,DWADASHI,10:19 PM,2026-08-23,COMPLETE,2026-08-24,PARANA,Shravana Putrada Ekadashi,Upavaasa: 23-Aug-26 | Parana today: 06:18 AM to 09:05 AM,**Perform Parana today** between 06:18 AM and 09:05 AM. Upavaasa was observed on 23-Aug-26.,Shravana Putrada Ekadashi. Perform Parana today between 06:18 AM and 09:05 AM. Upavaasa was observed on 23-Aug-26. Upavaasa: 23-Aug-26 | Parana today: 06:18 AM to 09:05 AM
geoname:1253405,Varanasi,Uttar Pradesh,India,Asia/Kolkata,1253405,Shravana Putrada Ekadashi,Dwadashi Dwaya,DWADASHI_DWAYA,2026-08-23,2026-08-24,2026-08-25,05:36 AM,06:20 AM,POST_DWADASHI_FAST_DWADASHI_ENDS_IN_PRATAH,POST_DWADASHI_UPAVASA,10:49 AM,2026-08-23,COMPLETE,2026-08-24,UPAVASA_DAY_2,Shravana Putrada Ekadashi,"Upavaasa: 23-Aug-26 and 24-Aug-26 | Parana: 25-Aug-26, 05:36 AM to 06:20 AM",Dwadashi continues through another sunrise in this Dwadashi Dwaya cycle. **Continue the Upavaasa today.** This is the second day of the two-day Upavaasa.,"Shravana Putrada Ekadashi. Dwadashi continues through another sunrise in this Dwadashi Dwaya cycle. Continue the Upavaasa today. This is the second day of the two-day Upavaasa. Upavaasa: 23-Aug-26 and 24-Aug-26 | Parana: 25-Aug-26, 05:36 AM to 06:20 AM"
geoname:1253102,Visakhapatnam,Andra Pradesh,India,Asia/Kolkata,1253102,Shravana Putrada Ekadashi,Dwadashi Dwaya,DWADASHI_DWAYA,2026-08-23,2026-08-24,2026-08-25,05:42 AM,06:20 AM,POST_DWADASHI_FAST_DWADASHI_ENDS_IN_PRATAH,POST_DWADASHI_UPAVASA,10:49 AM,2026-08-23,COMPLETE,2026-08-24,UPAVASA_DAY_2,Shravana Putrada Ekadashi,"Upavaasa: 23-Aug-26 and 24-Aug-26 | Parana: 25-Aug-26, 05:42 AM to 06:20 AM",Dwadashi continues through another sunrise in this Dwadashi Dwaya cycle. **Continue the Upavaasa today.** This is the second day of the two-day Upavaasa.,"Shravana Putrada Ekadashi. Dwadashi continues through another sunrise in this Dwadashi Dwaya cycle. Continue the Upavaasa today. This is the second day of the two-day Upavaasa. Upavaasa: 23-Aug-26 and 24-Aug-26 | Parana: 25-Aug-26, 05:42 AM to 06:20 AM"
geoname:2179537,Wellington,Wellington,New Zealand,Pacific/Auckland,2179537,Shravana Putrada Ekadashi,Normal Ekadashi,NORMAL,2026-08-24,,2026-08-25,06:57 AM,09:07 AM,PRATAH,DWADASHI,05:19 PM,2026-08-23,COMPLETE,2026-08-24,UPAVASA_DAY_1,Shravana Putrada Ekadashi,"Upavaasa: 24-Aug-26 | Parana: 25-Aug-26, 06:57 AM to 09:07 AM",Normal Ekadashi. **Observe Upavaasa today.** Ekadashi began before Arunodaya and no two-day exception applies.,"Shravana Putrada Ekadashi. Normal Ekadashi. Observe Upavaasa today. Ekadashi began before Arunodaya and no two-day exception applies. Upavaasa: 24-Aug-26 | Parana: 25-Aug-26, 06:57 AM to 09:07 AM"
geoname:6182962,Windsor,Ontario,Canada,America/New_York,6182962,Shravana Putrada Ekadashi,Normal Ekadashi,NORMAL,2026-08-23,,2026-08-24,06:49 AM,09:31 AM,PRATAH,DWADASHI,01:19 AM,2026-08-23,COMPLETE,2026-08-24,PARANA,Shravana Putrada Ekadashi,Upavaasa: 23-Aug-26 | Parana today: 06:49 AM to 09:31 AM,**Perform Parana today** between 06:49 AM and 09:31 AM. Upavaasa was observed on 23-Aug-26.,Shravana Putrada Ekadashi. Perform Parana today between 06:49 AM and 09:31 AM. Upavaasa was observed on 23-Aug-26. Upavaasa: 23-Aug-26 | Parana today: 06:49 AM to 09:31 AM
geoname:2657896,Zurich,Zurich,Switzerland,Europe/Zurich,2657896,Shravana Putrada Ekadashi,Normal Ekadashi,NORMAL,2026-08-23,,2026-08-24,07:19 AM,09:20 AM,PRATAH,DWADASHI,07:19 AM,2026-08-23,COMPLETE,2026-08-24,PARANA,Shravana Putrada Ekadashi,Upavaasa: 23-Aug-26 | Parana today: 07:19 AM to 09:20 AM,**Perform Parana today** between 07:19 AM and 09:20 AM. Upavaasa was observed on 23-Aug-26.,Shravana Putrada Ekadashi. Perform Parana today between 07:19 AM and 09:20 AM. Upavaasa was observed on 23-Aug-26. Upavaasa: 23-Aug-26 | Parana today: 07:19 AM to 09:20 AM
geoname:2078025,Adelaide,South Australia,Australia,Australia/Adelaide,2078025,Shravana Putrada Ekadashi,Dashami Viddha -> Valid Ekadashi,DASHAMI_VIDDHA_THEN_VALID_EKADASHI,2026-08-24,,2026-08-25,06:44 AM,08:57 AM,PRATAH,DWADASHI,02:49 PM,2026-08-23,COMPLETE,2026-08-25,PARANA,Shravana Putrada Ekadashi,Upavaasa: 24-Aug-26 | Parana today: 06:44 AM to 08:57 AM,**Perform Parana today** between 06:44 AM and 08:57 AM. Upavaasa was observed on 24-Aug-26.,Shravana Putrada Ekadashi. Perform Parana today between 06:44 AM and 08:57 AM. Upavaasa was observed on 24-Aug-26. Upavaasa: 24-Aug-26 | Parana today: 06:44 AM to 08:57 AM
geoname:1279290,Agartala,Tripura,India,Asia/Kolkata,1279290,Shravana Putrada Ekadashi,Dwadashi Dwaya,DWADASHI_DWAYA,2026-08-23,2026-08-24,2026-08-25,05:04 AM,06:20 AM,POST_DWADASHI_FAST_DWADASHI_ENDS_IN_PRATAH,POST_DWADASHI_UPAVASA,10:49 AM,2026-08-23,COMPLETE,2026-08-25,PARANA,Shravana Putrada Ekadashi,Upavaasa: 23-Aug-26 and 24-Aug-26 | Parana today: 05:04 AM to 06:20 AM,**Perform Parana today** between 05:04 AM and 06:20 AM. Upavaasa was observed on 23-Aug-26 and 24-Aug-26.,Shravana Putrada Ekadashi. Perform Parana today between 05:04 AM and 06:20 AM. Upavaasa was observed on 23-Aug-26 and 24-Aug-26. Upavaasa: 23-Aug-26 and 24-Aug-26 | Parana today: 05:04 AM to 06:20 AM
geoname:1279186,Aizawl,Mizoram,India,Asia/Kolkata,1279186,Shravana Putrada Ekadashi,Dwadashi Dwaya,DWADASHI_DWAYA,2026-08-23,2026-08-24,2026-08-25,04:58 AM,06:20 AM,POST_DWADASHI_FAST_DWADASHI_ENDS_IN_PRATAH,POST_DWADASHI_UPAVASA,10:49 AM,2026-08-23,COMPLETE,2026-08-25,PARANA,Shravana Putrada Ekadashi,Upavaasa: 23-Aug-26 and 24-Aug-26 | Parana today: 04:58 AM to 06:20 AM,**Perform Parana today** between 04:58 AM and 06:20 AM. Upavaasa was observed on 23-Aug-26 and 24-Aug-26.,Shravana Putrada Ekadashi. Perform Parana today between 04:58 AM and 06:20 AM. Upavaasa was observed on 23-Aug-26 and 24-Aug-26. Upavaasa: 23-Aug-26 and 24-Aug-26 | Parana today: 04:58 AM to 06:20 AM
geoname:2193733,Auckland,Auckland,New Zealand,Pacific/Auckland,2193733,Shravana Putrada Ekadashi,Normal Ekadashi,NORMAL,2026-08-24,,2026-08-25,06:52 AM,09:05 AM,PRATAH,DWADASHI,05:19 PM,2026-08-23,COMPLETE,2026-08-25,PARANA,Shravana Putrada Ekadashi,Upavaasa: 24-Aug-26 | Parana today: 06:52 AM to 09:05 AM,**Perform Parana today** between 06:52 AM and 09:05 AM. Upavaasa was observed on 24-Aug-26.,Shravana Putrada Ekadashi. Perform Parana today between 06:52 AM and 09:05 AM. Upavaasa was observed on 24-Aug-26. Upavaasa: 24-Aug-26 | Parana today: 06:52 AM to 09:05 AM
geoname:1278094,Ayodhya,Uttar Pradesh,India,Asia/Kolkata,1278094,Shravana Putrada Ekadashi,Dwadashi Dwaya,DWADASHI_DWAYA,2026-08-23,2026-08-24,2026-08-25,05:37 AM,06:20 AM,POST_DWADASHI_FAST_DWADASHI_ENDS_IN_PRATAH,POST_DWADASHI_UPAVASA,10:49 AM,2026-08-23,COMPLETE,2026-08-25,PARANA,Shravana Putrada Ekadashi,Upavaasa: 23-Aug-26 and 24-Aug-26 | Parana today: 05:37 AM to 06:20 AM,**Perform Parana today** between 05:37 AM and 06:20 AM. Upavaasa was observed on 23-Aug-26 and 24-Aug-26.,Shravana Putrada Ekadashi. Perform Parana today between 05:37 AM and 06:20 AM. Upavaasa was observed on 23-Aug-26 and 24-Aug-26. Upavaasa: 23-Aug-26 and 24-Aug-26 | Parana today: 05:37 AM to 06:20 AM
geoname:1276533,Belgaum,Karnataka,India,Asia/Kolkata,1276533,Shravana Putrada Ekadashi,Dwadashi Dwaya,DWADASHI_DWAYA,2026-08-23,2026-08-24,2026-08-25,06:18 AM,06:20 AM,POST_DWADASHI_FAST_DWADASHI_ENDS_IN_PRATAH,POST_DWADASHI_UPAVASA,10:49 AM,2026-08-23,COMPLETE,2026-08-25,PARANA,Shravana Putrada Ekadashi,Upavaasa: 23-Aug-26 and 24-Aug-26 | Parana today: 06:18 AM to 06:20 AM,**Perform Parana today** between 06:18 AM and 06:20 AM. Upavaasa was observed on 23-Aug-26 and 24-Aug-26.,Shravana Putrada Ekadashi. Perform Parana today between 06:18 AM and 06:20 AM. Upavaasa was observed on 23-Aug-26 and 24-Aug-26. Upavaasa: 23-Aug-26 and 24-Aug-26 | Parana today: 06:18 AM to 06:20 AM
geoname:1277333,Bengaluru,Karnataka,India,Asia/Kolkata,1277333,Shravana Putrada Ekadashi,Dwadashi Dwaya,DWADASHI_DWAYA,2026-08-23,2026-08-24,2026-08-25,06:08 AM,06:20 AM,POST_DWADASHI_FAST_DWADASHI_ENDS_IN_PRATAH,POST_DWADASHI_UPAVASA,10:49 AM,2026-08-23,COMPLETE,2026-08-25,PARANA,Shravana Putrada Ekadashi,Upavaasa: 23-Aug-26 and 24-Aug-26 | Parana today: 06:08 AM to 06:20 AM,**Perform Parana today** between 06:08 AM and 06:20 AM. Upavaasa was observed on 23-Aug-26 and 24-Aug-26.,Shravana Putrada Ekadashi. Perform Parana today between 06:08 AM and 06:20 AM. Upavaasa was observed on 23-Aug-26 and 24-Aug-26. Upavaasa: 23-Aug-26 and 24-Aug-26 | Parana today: 06:08 AM to 06:20 AM
geoname:1275841,Bhopal,Madhya Pradesh,India,Asia/Kolkata,1275841,Shravana Putrada Ekadashi,Dwadashi Dwaya,DWADASHI_DWAYA,2026-08-23,2026-08-24,2026-08-25,06:00 AM,06:20 AM,POST_DWADASHI_FAST_DWADASHI_ENDS_IN_PRATAH,POST_DWADASHI_UPAVASA,10:49 AM,2026-08-23,COMPLETE,2026-08-25,PARANA,Shravana Putrada Ekadashi,Upavaasa: 23-Aug-26 and 24-Aug-26 | Parana today: 06:00 AM to 06:20 AM,**Perform Parana today** between 06:00 AM and 06:20 AM. Upavaasa was observed on 23-Aug-26 and 24-Aug-26.,Shravana Putrada Ekadashi. Perform Parana today between 06:00 AM and 06:20 AM. Upavaasa was observed on 23-Aug-26 and 24-Aug-26. Upavaasa: 23-Aug-26 and 24-Aug-26 | Parana today: 06:00 AM to 06:20 AM
geoname:1275817,Bhubaneswar,Odisha,India,Asia/Kolkata,1275817,Shravana Putrada Ekadashi,Dwadashi Dwaya,DWADASHI_DWAYA,2026-08-23,2026-08-24,2026-08-25,05:29 AM,06:20 AM,POST_DWADASHI_FAST_DWADASHI_ENDS_IN_PRATAH,POST_DWADASHI_UPAVASA,10:49 AM,2026-08-23,COMPLETE,2026-08-25,PARANA,Shravana Putrada Ekadashi,Upavaasa: 23-Aug-26 and 24-Aug-26 | Parana today: 05:29 AM to 06:20 AM,**Perform Parana today** between 05:29 AM and 06:20 AM. Upavaasa was observed on 23-Aug-26 and 24-Aug-26.,Shravana Putrada Ekadashi. Perform Parana today between 05:29 AM and 06:20 AM. Upavaasa was observed on 23-Aug-26 and 24-Aug-26. Upavaasa: 23-Aug-26 and 24-Aug-26 | Parana today: 05:29 AM to 06:20 AM
geoname:2174003,Brisbane,Queensland,Australia,Australia/Brisbane,2174003,Shravana Putrada Ekadashi,Normal Ekadashi,NORMAL,2026-08-24,,2026-08-25,06:09 AM,08:25 AM,PRATAH,DWADASHI,03:19 PM,2026-08-23,COMPLETE,2026-08-25,PARANA,Shravana Putrada Ekadashi,Upavaasa: 24-Aug-26 | Parana today: 06:09 AM to 08:25 AM,**Perform Parana today** between 06:09 AM and 08:25 AM. Upavaasa was observed on 24-Aug-26.,Shravana Putrada Ekadashi. Perform Parana today between 06:09 AM and 08:25 AM. Upavaasa was observed on 24-Aug-26. Upavaasa: 24-Aug-26 | Parana today: 06:09 AM to 08:25 AM
geoname:2172517,Canberra,Australian Capital Territory,Australia,Australia/Sydney,2172517,Shravana Putrada Ekadashi,Dashami Viddha -> Valid Ekadashi,DASHAMI_VIDDHA_THEN_VALID_EKADASHI,2026-08-24,,2026-08-25,06:33 AM,08:46 AM,PRATAH,DWADASHI,03:19 PM,2026-08-23,COMPLETE,2026-08-25,PARANA,Shravana Putrada Ekadashi,Upavaasa: 24-Aug-26 | Parana today: 06:33 AM to 08:46 AM,**Perform Parana today** between 06:33 AM and 08:46 AM. Upavaasa was observed on 24-Aug-26.,Shravana Putrada Ekadashi. Perform Parana today between 06:33 AM and 08:46 AM. Upavaasa was observed on 24-Aug-26. Upavaasa: 24-Aug-26 | Parana today: 06:33 AM to 08:46 AM
geoname:1264527,Chennai,Tamil Nadu,India,Asia/Kolkata,1264527,Shravana Putrada Ekadashi,Dwadashi Dwaya,DWADASHI_DWAYA,2026-08-23,2026-08-24,2026-08-25,05:57 AM,06:20 AM,POST_DWADASHI_FAST_DWADASHI_ENDS_IN_PRATAH,POST_DWADASHI_UPAVASA,10:49 AM,2026-08-23,COMPLETE,2026-08-25,PARANA,Shravana Putrada Ekadashi,Upavaasa: 23-Aug-26 and 24-Aug-26 | Parana today: 05:57 AM to 06:20 AM,**Perform Parana today** between 05:57 AM and 06:20 AM. Upavaasa was observed on 23-Aug-26 and 24-Aug-26.,Shravana Putrada Ekadashi. Perform Parana today between 05:57 AM and 06:20 AM. Upavaasa was observed on 23-Aug-26 and 24-Aug-26. Upavaasa: 23-Aug-26 and 24-Aug-26 | Parana today: 05:57 AM to 06:20 AM
geoname:1274256,Chidambaram,Tamil Nadu,India,Asia/Kolkata,1274256,Shravana Putrada Ekadashi,Dwadashi Dwaya,DWADASHI_DWAYA,2026-08-23,2026-08-24,2026-08-25,06:01 AM,06:20 AM,POST_DWADASHI_FAST_DWADASHI_ENDS_IN_PRATAH,POST_DWADASHI_UPAVASA,10:49 AM,2026-08-23,COMPLETE,2026-08-25,PARANA,Shravana Putrada Ekadashi,Upavaasa: 23-Aug-26 and 24-Aug-26 | Parana today: 06:01 AM to 06:20 AM,**Perform Parana today** between 06:01 AM and 06:20 AM. Upavaasa was observed on 23-Aug-26 and 24-Aug-26.,Shravana Putrada Ekadashi. Perform Parana today between 06:01 AM and 06:20 AM. Upavaasa was observed on 23-Aug-26 and 24-Aug-26. Upavaasa: 23-Aug-26 and 24-Aug-26 | Parana today: 06:01 AM to 06:20 AM
geoname:2192362,Christchurch,Canterbury,New Zealand,Pacific/Auckland,2192362,Shravana Putrada Ekadashi,Normal Ekadashi,NORMAL,2026-08-24,,2026-08-25,07:09 AM,09:18 AM,PRATAH,DWADASHI,05:19 PM,2026-08-23,COMPLETE,2026-08-25,PARANA,Shravana Putrada Ekadashi,Upavaasa: 24-Aug-26 | Parana today: 07:09 AM to 09:18 AM,**Perform Parana today** between 07:09 AM and 09:18 AM. Upavaasa was observed on 24-Aug-26.,Shravana Putrada Ekadashi. Perform Parana today between 07:09 AM and 09:18 AM. Upavaasa was observed on 24-Aug-26. Upavaasa: 24-Aug-26 | Parana today: 07:09 AM to 09:18 AM
geoname:1272648,Dibrugarh,Assam,India,Asia/Kolkata,1272648,Shravana Putrada Ekadashi,Dwadashi Dwaya,DWADASHI_DWAYA,2026-08-23,2026-08-24,2026-08-25,04:46 AM,06:20 AM,POST_DWADASHI_FAST_DWADASHI_ENDS_IN_PRATAH,POST_DWADASHI_UPAVASA,10:49 AM,2026-08-23,COMPLETE,2026-08-25,PARANA,Shravana Putrada Ekadashi,Upavaasa: 23-Aug-26 and 24-Aug-26 | Parana today: 04:46 AM to 06:20 AM,**Perform Parana today** between 04:46 AM and 06:20 AM. Upavaasa was observed on 23-Aug-26 and 24-Aug-26.,Shravana Putrada Ekadashi. Perform Parana today between 04:46 AM and 06:20 AM. Upavaasa was observed on 23-Aug-26 and 24-Aug-26. Upavaasa: 23-Aug-26 and 24-Aug-26 | Parana today: 04:46 AM to 06:20 AM
geoname:1272552,Dimapur,Nagaland,India,Asia/Kolkata,1272552,Shravana Putrada Ekadashi,Dwadashi Dwaya,DWADASHI_DWAYA,2026-08-23,2026-08-24,2026-08-25,04:52 AM,06:20 AM,POST_DWADASHI_FAST_DWADASHI_ENDS_IN_PRATAH,POST_DWADASHI_UPAVASA,10:49 AM,2026-08-23,COMPLETE,2026-08-25,PARANA,Shravana Putrada Ekadashi,Upavaasa: 23-Aug-26 and 24-Aug-26 | Parana today: 04:52 AM to 06:20 AM,**Perform Parana today** between 04:52 AM and 06:20 AM. Upavaasa was observed on 23-Aug-26 and 24-Aug-26.,Shravana Putrada Ekadashi. Perform Parana today between 04:52 AM and 06:20 AM. Upavaasa was observed on 23-Aug-26 and 24-Aug-26. Upavaasa: 23-Aug-26 and 24-Aug-26 | Parana today: 04:52 AM to 06:20 AM
geoname:1271631,Gangtok,Sikkim,India,Asia/Kolkata,1271631,Shravana Putrada Ekadashi,Dwadashi Dwaya,DWADASHI_DWAYA,2026-08-23,2026-08-24,2026-08-25,05:11 AM,06:20 AM,POST_DWADASHI_FAST_DWADASHI_ENDS_IN_PRATAH,POST_DWADASHI_UPAVASA,10:49 AM,2026-08-23,COMPLETE,2026-08-25,PARANA,Shravana Putrada Ekadashi,Upavaasa: 23-Aug-26 and 24-Aug-26 | Parana today: 05:11 AM to 06:20 AM,**Perform Parana today** between 05:11 AM and 06:20 AM. Upavaasa was observed on 23-Aug-26 and 24-Aug-26.,Shravana Putrada Ekadashi. Perform Parana today between 05:11 AM and 06:20 AM. Upavaasa was observed on 23-Aug-26 and 24-Aug-26. Upavaasa: 23-Aug-26 and 24-Aug-26 | Parana today: 05:11 AM to 06:20 AM
geoname:1270603,Guruvayur,Kerala,India,Asia/Kolkata,1270603,Shravana Putrada Ekadashi,Dwadashi Dwaya,DWADASHI_DWAYA,2026-08-23,2026-08-24,2026-08-25,06:16 AM,06:20 AM,POST_DWADASHI_FAST_DWADASHI_ENDS_IN_PRATAH,POST_DWADASHI_UPAVASA,10:49 AM,2026-08-23,COMPLETE,2026-08-25,PARANA,Shravana Putrada Ekadashi,Upavaasa: 23-Aug-26 and 24-Aug-26 | Parana today: 06:16 AM to 06:20 AM,**Perform Parana today** between 06:16 AM and 06:20 AM. Upavaasa was observed on 23-Aug-26 and 24-Aug-26.,Shravana Putrada Ekadashi. Perform Parana today between 06:16 AM and 06:20 AM. Upavaasa was observed on 23-Aug-26 and 24-Aug-26. Upavaasa: 23-Aug-26 and 24-Aug-26 | Parana today: 06:16 AM to 06:20 AM
geoname:1271476,Guwahati,Assam,India,Asia/Kolkata,1271476,Shravana Putrada Ekadashi,Dwadashi Dwaya,DWADASHI_DWAYA,2026-08-23,2026-08-24,2026-08-25,05:00 AM,06:20 AM,POST_DWADASHI_FAST_DWADASHI_ENDS_IN_PRATAH,POST_DWADASHI_UPAVASA,10:49 AM,2026-08-23,COMPLETE,2026-08-25,PARANA,Shravana Putrada Ekadashi,Upavaasa: 23-Aug-26 and 24-Aug-26 | Parana today: 05:00 AM to 06:20 AM,**Perform Parana today** between 05:00 AM and 06:20 AM. Upavaasa was observed on 23-Aug-26 and 24-Aug-26.,Shravana Putrada Ekadashi. Perform Parana today between 05:00 AM and 06:20 AM. Upavaasa was observed on 23-Aug-26 and 24-Aug-26. Upavaasa: 23-Aug-26 and 24-Aug-26 | Parana today: 05:00 AM to 06:20 AM
geoname:1269920,Hubli,Karnataka,India,Asia/Kolkata,1269920,Shravana Putrada Ekadashi,Dwadashi Dwaya,DWADASHI_DWAYA,2026-08-23,2026-08-24,2026-08-25,06:16 AM,06:20 AM,POST_DWADASHI_FAST_DWADASHI_ENDS_IN_PRATAH,POST_DWADASHI_UPAVASA,10:49 AM,2026-08-23,COMPLETE,2026-08-25,PARANA,Shravana Putrada Ekadashi,Upavaasa: 23-Aug-26 and 24-Aug-26 | Parana today: 06:16 AM to 06:20 AM,**Perform Parana today** between 06:16 AM and 06:20 AM. Upavaasa was observed on 23-Aug-26 and 24-Aug-26.,Shravana Putrada Ekadashi. Perform Parana today between 06:16 AM and 06:20 AM. Upavaasa was observed on 23-Aug-26 and 24-Aug-26. Upavaasa: 23-Aug-26 and 24-Aug-26 | Parana today: 06:16 AM to 06:20 AM
geoname:1269843,Hyderabad,Telangana,India,Asia/Kolkata,1269843,Shravana Putrada Ekadashi,Dwadashi Dwaya,DWADASHI_DWAYA,2026-08-23,2026-08-24,2026-08-25,06:01 AM,06:20 AM,POST_DWADASHI_FAST_DWADASHI_ENDS_IN_PRATAH,POST_DWADASHI_UPAVASA,10:49 AM,2026-08-23,COMPLETE,2026-08-25,PARANA,Shravana Putrada Ekadashi,Upavaasa: 23-Aug-26 and 24-Aug-26 | Parana today: 06:01 AM to 06:20 AM,**Perform Parana today** between 06:01 AM and 06:20 AM. Upavaasa was observed on 23-Aug-26 and 24-Aug-26.,Shravana Putrada Ekadashi. Perform Parana today between 06:01 AM and 06:20 AM. Upavaasa was observed on 23-Aug-26 and 24-Aug-26. Upavaasa: 23-Aug-26 and 24-Aug-26 | Parana today: 06:01 AM to 06:20 AM
geoname:1269771,Imphal,Manipur,India,Asia/Kolkata,1269771,Shravana Putrada Ekadashi,Dwadashi Dwaya,DWADASHI_DWAYA,2026-08-23,2026-08-24,2026-08-25,04:52 AM,06:20 AM,POST_DWADASHI_FAST_DWADASHI_ENDS_IN_PRATAH,POST_DWADASHI_UPAVASA,10:49 AM,2026-08-23,COMPLETE,2026-08-25,PARANA,Shravana Putrada Ekadashi,Upavaasa: 23-Aug-26 and 24-Aug-26 | Parana today: 04:52 AM to 06:20 AM,**Perform Parana today** between 04:52 AM and 06:20 AM. Upavaasa was observed on 23-Aug-26 and 24-Aug-26.,Shravana Putrada Ekadashi. Perform Parana today between 04:52 AM and 06:20 AM. Upavaasa was observed on 23-Aug-26 and 24-Aug-26. Upavaasa: 23-Aug-26 and 24-Aug-26 | Parana today: 04:52 AM to 06:20 AM
geoname:1269655,Itanagar,Arunachal Pradesh,India,Asia/Kolkata,1269655,Shravana Putrada Ekadashi,Dwadashi Dwaya,DWADASHI_DWAYA,2026-08-23,2026-08-24,2026-08-25,04:51 AM,06:20 AM,POST_DWADASHI_FAST_DWADASHI_ENDS_IN_PRATAH,POST_DWADASHI_UPAVASA,10:49 AM,2026-08-23,COMPLETE,2026-08-25,PARANA,Shravana Putrada Ekadashi,Upavaasa: 23-Aug-26 and 24-Aug-26 | Parana today: 04:51 AM to 06:20 AM,**Perform Parana today** between 04:51 AM and 06:20 AM. Upavaasa was observed on 23-Aug-26 and 24-Aug-26.,Shravana Putrada Ekadashi. Perform Parana today between 04:51 AM and 06:20 AM. Upavaasa was observed on 23-Aug-26 and 24-Aug-26. Upavaasa: 23-Aug-26 and 24-Aug-26 | Parana today: 04:51 AM to 06:20 AM
geoname:1268159,Kanchipuram,Tamil Nadu,India,Asia/Kolkata,1268159,Shravana Putrada Ekadashi,Dwadashi Dwaya,DWADASHI_DWAYA,2026-08-23,2026-08-24,2026-08-25,06:00 AM,06:20 AM,POST_DWADASHI_FAST_DWADASHI_ENDS_IN_PRATAH,POST_DWADASHI_UPAVASA,10:49 AM,2026-08-23,COMPLETE,2026-08-25,PARANA,Shravana Putrada Ekadashi,Upavaasa: 23-Aug-26 and 24-Aug-26 | Parana today: 06:00 AM to 06:20 AM,**Perform Parana today** between 06:00 AM and 06:20 AM. Upavaasa was observed on 23-Aug-26 and 24-Aug-26.,Shravana Putrada Ekadashi. Perform Parana today between 06:00 AM and 06:20 AM. Upavaasa was observed on 23-Aug-26 and 24-Aug-26. Upavaasa: 23-Aug-26 and 24-Aug-26 | Parana today: 06:00 AM to 06:20 AM
geoname:1266285,Kolhapur,Maharashtra,India,Asia/Kolkata,1266285,Shravana Putrada Ekadashi,Dwadashi Dwaya,DWADASHI_DWAYA,2026-08-23,2026-08-24,2026-08-25,06:19 AM,06:20 AM,POST_DWADASHI_FAST_DWADASHI_ENDS_IN_PRATAH,POST_DWADASHI_UPAVASA,10:49 AM,2026-08-23,COMPLETE,2026-08-25,PARANA,Shravana Putrada Ekadashi,Upavaasa: 23-Aug-26 and 24-Aug-26 | Parana today: 06:19 AM to 06:20 AM,**Perform Parana today** between 06:19 AM and 06:20 AM. Upavaasa was observed on 23-Aug-26 and 24-Aug-26.,Shravana Putrada Ekadashi. Perform Parana today between 06:19 AM and 06:20 AM. Upavaasa was observed on 23-Aug-26 and 24-Aug-26. Upavaasa: 23-Aug-26 and 24-Aug-26 | Parana today: 06:19 AM to 06:20 AM
geoname:1275004,Kolkata,West Bengal,India,Asia/Kolkata,1275004,Shravana Putrada Ekadashi,Dwadashi Dwaya,DWADASHI_DWAYA,2026-08-23,2026-08-24,2026-08-25,05:17 AM,06:20 AM,POST_DWADASHI_FAST_DWADASHI_ENDS_IN_PRATAH,POST_DWADASHI_UPAVASA,10:49 AM,2026-08-23,COMPLETE,2026-08-25,PARANA,Shravana Putrada Ekadashi,Upavaasa: 23-Aug-26 and 24-Aug-26 | Parana today: 05:17 AM to 06:20 AM,**Perform Parana today** between 05:17 AM and 06:20 AM. Upavaasa was observed on 23-Aug-26 and 24-Aug-26.,Shravana Putrada Ekadashi. Perform Parana today between 05:17 AM and 06:20 AM. Upavaasa was observed on 23-Aug-26 and 24-Aug-26. Upavaasa: 23-Aug-26 and 24-Aug-26 | Parana today: 05:17 AM to 06:20 AM
geoname:1265683,Kumbakonam,Tamil Nadu,India,Asia/Kolkata,1265683,Shravana Putrada Ekadashi,Dwadashi Dwaya,DWADASHI_DWAYA,2026-08-23,2026-08-24,2026-08-25,06:03 AM,06:20 AM,POST_DWADASHI_FAST_DWADASHI_ENDS_IN_PRATAH,POST_DWADASHI_UPAVASA,10:49 AM,2026-08-23,COMPLETE,2026-08-25,PARANA,Shravana Putrada Ekadashi,Upavaasa: 23-Aug-26 and 24-Aug-26 | Parana today: 06:03 AM to 06:20 AM,**Perform Parana today** between 06:03 AM and 06:20 AM. Upavaasa was observed on 23-Aug-26 and 24-Aug-26.,Shravana Putrada Ekadashi. Perform Parana today between 06:03 AM and 06:20 AM. Upavaasa was observed on 23-Aug-26 and 24-Aug-26. Upavaasa: 23-Aug-26 and 24-Aug-26 | Parana today: 06:03 AM to 06:20 AM
geoname:1264733,Lucknow,Uttar Pradesh,India,Asia/Kolkata,1264733,Shravana Putrada Ekadashi,Dwadashi Dwaya,DWADASHI_DWAYA,2026-08-23,2026-08-24,2026-08-25,05:42 AM,06:20 AM,POST_DWADASHI_FAST_DWADASHI_ENDS_IN_PRATAH,POST_DWADASHI_UPAVASA,10:49 AM,2026-08-23,COMPLETE,2026-08-25,PARANA,Shravana Putrada Ekadashi,Upavaasa: 23-Aug-26 and 24-Aug-26 | Parana today: 05:42 AM to 06:20 AM,**Perform Parana today** between 05:42 AM and 06:20 AM. Upavaasa was observed on 23-Aug-26 and 24-Aug-26.,Shravana Putrada Ekadashi. Perform Parana today between 05:42 AM and 06:20 AM. Upavaasa was observed on 23-Aug-26 and 24-Aug-26. Upavaasa: 23-Aug-26 and 24-Aug-26 | Parana today: 05:42 AM to 06:20 AM
geoname:1264521,Madurai,Tamil Nadu,India,Asia/Kolkata,1264521,Shravana Putrada Ekadashi,Dwadashi Dwaya,DWADASHI_DWAYA,2026-08-23,2026-08-24,2026-08-25,06:09 AM,06:20 AM,POST_DWADASHI_FAST_DWADASHI_ENDS_IN_PRATAH,POST_DWADASHI_UPAVASA,10:49 AM,2026-08-23,COMPLETE,2026-08-25,PARANA,Shravana Putrada Ekadashi,Upavaasa: 23-Aug-26 and 24-Aug-26 | Parana today: 06:09 AM to 06:20 AM,**Perform Parana today** between 06:09 AM and 06:20 AM. Upavaasa was observed on 23-Aug-26 and 24-Aug-26.,Shravana Putrada Ekadashi. Perform Parana today between 06:09 AM and 06:20 AM. Upavaasa was observed on 23-Aug-26 and 24-Aug-26. Upavaasa: 23-Aug-26 and 24-Aug-26 | Parana today: 06:09 AM to 06:20 AM
geoname:1263780,Mangalore,Karnataka,India,Asia/Kolkata,1263780,Shravana Putrada Ekadashi,Dwadashi Dwaya,DWADASHI_DWAYA,2026-08-23,2026-08-24,2026-08-25,06:19 AM,06:20 AM,POST_DWADASHI_FAST_DWADASHI_ENDS_IN_PRATAH,POST_DWADASHI_UPAVASA,10:49 AM,2026-08-23,COMPLETE,2026-08-25,PARANA,Shravana Putrada Ekadashi,Upavaasa: 23-Aug-26 and 24-Aug-26 | Parana today: 06:19 AM to 06:20 AM,**Perform Parana today** between 06:19 AM and 06:20 AM. Upavaasa was observed on 23-Aug-26 and 24-Aug-26.,Shravana Putrada Ekadashi. Perform Parana today between 06:19 AM and 06:20 AM. Upavaasa was observed on 23-Aug-26 and 24-Aug-26. Upavaasa: 23-Aug-26 and 24-Aug-26 | Parana today: 06:19 AM to 06:20 AM
geoname:2158177,Melbourne,Victoria,Australia,Australia/Melbourne,2158177,Shravana Putrada Ekadashi,Dashami Viddha -> Valid Ekadashi,DASHAMI_VIDDHA_THEN_VALID_EKADASHI,2026-08-24,,2026-08-25,06:52 AM,09:04 AM,PRATAH,DWADASHI,03:19 PM,2026-08-23,COMPLETE,2026-08-25,PARANA,Shravana Putrada Ekadashi,Upavaasa: 24-Aug-26 | Parana today: 06:52 AM to 09:04 AM,**Perform Parana today** between 06:52 AM and 09:04 AM. Upavaasa was observed on 24-Aug-26.,Shravana Putrada Ekadashi. Perform Parana today between 06:52 AM and 09:04 AM. Upavaasa was observed on 24-Aug-26. Upavaasa: 24-Aug-26 | Parana today: 06:52 AM to 09:04 AM
geoname:1262321,Mysuru,Karnataka,India,Asia/Kolkata,1262321,Shravana Putrada Ekadashi,Dwadashi Dwaya,DWADASHI_DWAYA,2026-08-23,2026-08-24,2026-08-25,06:13 AM,06:20 AM,POST_DWADASHI_FAST_DWADASHI_ENDS_IN_PRATAH,POST_DWADASHI_UPAVASA,10:49 AM,2026-08-23,COMPLETE,2026-08-25,PARANA,Shravana Putrada Ekadashi,Upavaasa: 23-Aug-26 and 24-Aug-26 | Parana today: 06:13 AM to 06:20 AM,**Perform Parana today** between 06:13 AM and 06:20 AM. Upavaasa was observed on 23-Aug-26 and 24-Aug-26.,Shravana Putrada Ekadashi. Perform Parana today between 06:13 AM and 06:20 AM. Upavaasa was observed on 23-Aug-26 and 24-Aug-26. Upavaasa: 23-Aug-26 and 24-Aug-26 | Parana today: 06:13 AM to 06:20 AM
geoname:1262180,Nagpur,Maharashtra,India,Asia/Kolkata,1262180,Shravana Putrada Ekadashi,Dwadashi Dwaya,DWADASHI_DWAYA,2026-08-23,2026-08-24,2026-08-25,05:55 AM,06:20 AM,POST_DWADASHI_FAST_DWADASHI_ENDS_IN_PRATAH,POST_DWADASHI_UPAVASA,10:49 AM,2026-08-23,COMPLETE,2026-08-25,PARANA,Shravana Putrada Ekadashi,Upavaasa: 23-Aug-26 and 24-Aug-26 | Parana today: 05:55 AM to 06:20 AM,**Perform Parana today** between 05:55 AM and 06:20 AM. Upavaasa was observed on 23-Aug-26 and 24-Aug-26.,Shravana Putrada Ekadashi. Perform Parana today between 05:55 AM and 06:20 AM. Upavaasa was observed on 23-Aug-26 and 24-Aug-26. Upavaasa: 23-Aug-26 and 24-Aug-26 | Parana today: 05:55 AM to 06:20 AM
geoname:1260546,Pandharpur,Maharashtra,India,Asia/Kolkata,1260546,Shravana Putrada Ekadashi,Dwadashi Dwaya,DWADASHI_DWAYA,2026-08-23,2026-08-24,2026-08-25,06:13 AM,06:20 AM,POST_DWADASHI_FAST_DWADASHI_ENDS_IN_PRATAH,POST_DWADASHI_UPAVASA,10:49 AM,2026-08-23,COMPLETE,2026-08-25,PARANA,Shravana Putrada Ekadashi,Upavaasa: 23-Aug-26 and 24-Aug-26 | Parana today: 06:13 AM to 06:20 AM,**Perform Parana today** between 06:13 AM and 06:20 AM. Upavaasa was observed on 23-Aug-26 and 24-Aug-26.,Shravana Putrada Ekadashi. Perform Parana today between 06:13 AM and 06:20 AM. Upavaasa was observed on 23-Aug-26 and 24-Aug-26. Upavaasa: 23-Aug-26 and 24-Aug-26 | Parana today: 06:13 AM to 06:20 AM
geoname:2063523,Perth,Western Australia,Australia,Australia/Perth,2063523,Shravana Putrada Ekadashi,Ekadashi Dwaya,EKADASHI_DWAYA,2026-08-23,2026-08-24,2026-08-25,06:42 AM,08:50 AM,PRATAH,DWADASHI,01:19 PM,2026-08-23,COMPLETE,2026-08-25,PARANA,Shravana Putrada Ekadashi,Upavaasa: 23-Aug-26 and 24-Aug-26 | Parana today: 06:42 AM to 08:50 AM,**Perform Parana today** between 06:42 AM and 08:50 AM. Upavaasa was observed on 23-Aug-26 and 24-Aug-26.,Shravana Putrada Ekadashi. Perform Parana today between 06:42 AM and 08:50 AM. Upavaasa was observed on 23-Aug-26 and 24-Aug-26. Upavaasa: 23-Aug-26 and 24-Aug-26 | Parana today: 06:42 AM to 08:50 AM
geoname:1278994,Prayagraj,Uttar Pradesh,India,Asia/Kolkata,1278994,Shravana Putrada Ekadashi,Dwadashi Dwaya,DWADASHI_DWAYA,2026-08-23,2026-08-24,2026-08-25,05:40 AM,06:20 AM,POST_DWADASHI_FAST_DWADASHI_ENDS_IN_PRATAH,POST_DWADASHI_UPAVASA,10:49 AM,2026-08-23,COMPLETE,2026-08-25,PARANA,Shravana Putrada Ekadashi,Upavaasa: 23-Aug-26 and 24-Aug-26 | Parana today: 05:40 AM to 06:20 AM,**Perform Parana today** between 05:40 AM and 06:20 AM. Upavaasa was observed on 23-Aug-26 and 24-Aug-26.,Shravana Putrada Ekadashi. Perform Parana today between 05:40 AM and 06:20 AM. Upavaasa was observed on 23-Aug-26 and 24-Aug-26. Upavaasa: 23-Aug-26 and 24-Aug-26 | Parana today: 05:40 AM to 06:20 AM
geoname:1259229,Pune,Maharashtra,India,Asia/Kolkata,1259229,Shravana Putrada Ekadashi,Dwadashi Dwaya,DWADASHI_DWAYA,2026-08-23,2026-08-24,2026-08-25,06:19 AM,06:20 AM,POST_DWADASHI_FAST_DWADASHI_ENDS_IN_PRATAH,POST_DWADASHI_UPAVASA,10:49 AM,2026-08-23,COMPLETE,2026-08-25,PARANA,Shravana Putrada Ekadashi,Upavaasa: 23-Aug-26 and 24-Aug-26 | Parana today: 06:19 AM to 06:20 AM,**Perform Parana today** between 06:19 AM and 06:20 AM. Upavaasa was observed on 23-Aug-26 and 24-Aug-26.,Shravana Putrada Ekadashi. Perform Parana today between 06:19 AM and 06:20 AM. Upavaasa was observed on 23-Aug-26 and 24-Aug-26. Upavaasa: 23-Aug-26 and 24-Aug-26 | Parana today: 06:19 AM to 06:20 AM
geoname:1835848,Seoul,Seoul,South Korea,Asia/Seoul,1835848,Shravana Putrada Ekadashi,Dashami Viddha -> Valid Ekadashi,DASHAMI_VIDDHA_THEN_VALID_EKADASHI,2026-08-24,,2026-08-25,05:56 AM,08:35 AM,PRATAH,DWADASHI,02:19 PM,2026-08-23,COMPLETE,2026-08-25,PARANA,Shravana Putrada Ekadashi,Upavaasa: 24-Aug-26 | Parana today: 05:56 AM to 08:35 AM,**Perform Parana today** between 05:56 AM and 08:35 AM. Upavaasa was observed on 24-Aug-26.,Shravana Putrada Ekadashi. Perform Parana today between 05:56 AM and 08:35 AM. Upavaasa was observed on 24-Aug-26. Upavaasa: 24-Aug-26 | Parana today: 05:56 AM to 08:35 AM
geoname:1256525,Shiliguri,West Bengal,India,Asia/Kolkata,1256525,Shravana Putrada Ekadashi,Dwadashi Dwaya,DWADASHI_DWAYA,2026-08-23,2026-08-24,2026-08-25,05:13 AM,06:20 AM,POST_DWADASHI_FAST_DWADASHI_ENDS_IN_PRATAH,POST_DWADASHI_UPAVASA,10:49 AM,2026-08-23,COMPLETE,2026-08-25,PARANA,Shravana Putrada Ekadashi,Upavaasa: 23-Aug-26 and 24-Aug-26 | Parana today: 05:13 AM to 06:20 AM,**Perform Parana today** between 05:13 AM and 06:20 AM. Upavaasa was observed on 23-Aug-26 and 24-Aug-26.,Shravana Putrada Ekadashi. Perform Parana today between 05:13 AM and 06:20 AM. Upavaasa was observed on 23-Aug-26 and 24-Aug-26. Upavaasa: 23-Aug-26 and 24-Aug-26 | Parana today: 05:13 AM to 06:20 AM
geoname:1256287,Silchar,Assam,India,Asia/Kolkata,1256287,Shravana Putrada Ekadashi,Dwadashi Dwaya,DWADASHI_DWAYA,2026-08-23,2026-08-24,2026-08-25,04:57 AM,06:20 AM,POST_DWADASHI_FAST_DWADASHI_ENDS_IN_PRATAH,POST_DWADASHI_UPAVASA,10:49 AM,2026-08-23,COMPLETE,2026-08-25,PARANA,Shravana Putrada Ekadashi,Upavaasa: 23-Aug-26 and 24-Aug-26 | Parana today: 04:57 AM to 06:20 AM,**Perform Parana today** between 04:57 AM and 06:20 AM. Upavaasa was observed on 23-Aug-26 and 24-Aug-26.,Shravana Putrada Ekadashi. Perform Parana today between 04:57 AM and 06:20 AM. Upavaasa was observed on 23-Aug-26 and 24-Aug-26. Upavaasa: 23-Aug-26 and 24-Aug-26 | Parana today: 04:57 AM to 06:20 AM
geoname:1255634,Srinagar,Jammu and Kashmir,India,Asia/Kolkata,1255634,Shravana Putrada Ekadashi,Dwadashi Dwaya,DWADASHI_DWAYA,2026-08-23,2026-08-24,2026-08-25,05:59 AM,06:20 AM,POST_DWADASHI_FAST_DWADASHI_ENDS_IN_PRATAH,POST_DWADASHI_UPAVASA,10:49 AM,2026-08-23,COMPLETE,2026-08-25,PARANA,Shravana Putrada Ekadashi,Upavaasa: 23-Aug-26 and 24-Aug-26 | Parana today: 05:59 AM to 06:20 AM,**Perform Parana today** between 05:59 AM and 06:20 AM. Upavaasa was observed on 23-Aug-26 and 24-Aug-26.,Shravana Putrada Ekadashi. Perform Parana today between 05:59 AM and 06:20 AM. Upavaasa was observed on 23-Aug-26 and 24-Aug-26. Upavaasa: 23-Aug-26 and 24-Aug-26 | Parana today: 05:59 AM to 06:20 AM
geoname:1254388,Srirangam,Tamil Nadu,India,Asia/Kolkata,1254388,Shravana Putrada Ekadashi,Dwadashi Dwaya,DWADASHI_DWAYA,2026-08-23,2026-08-24,2026-08-25,06:06 AM,06:20 AM,POST_DWADASHI_FAST_DWADASHI_ENDS_IN_PRATAH,POST_DWADASHI_UPAVASA,10:49 AM,2026-08-23,COMPLETE,2026-08-25,PARANA,Shravana Putrada Ekadashi,Upavaasa: 23-Aug-26 and 24-Aug-26 | Parana today: 06:06 AM to 06:20 AM,**Perform Parana today** between 06:06 AM and 06:20 AM. Upavaasa was observed on 23-Aug-26 and 24-Aug-26.,Shravana Putrada Ekadashi. Perform Parana today between 06:06 AM and 06:20 AM. Upavaasa was observed on 23-Aug-26 and 24-Aug-26. Upavaasa: 23-Aug-26 and 24-Aug-26 | Parana today: 06:06 AM to 06:20 AM
geoname:2147714,Sydney,New South Wales,Australia,Australia/Sydney,2147714,Shravana Putrada Ekadashi,Normal Ekadashi,NORMAL,2026-08-24,,2026-08-25,06:23 AM,08:37 AM,PRATAH,DWADASHI,03:19 PM,2026-08-23,COMPLETE,2026-08-25,PARANA,Shravana Putrada Ekadashi,Upavaasa: 24-Aug-26 | Parana today: 06:23 AM to 08:37 AM,**Perform Parana today** between 06:23 AM and 08:37 AM. Upavaasa was observed on 24-Aug-26.,Shravana Putrada Ekadashi. Perform Parana today between 06:23 AM and 08:37 AM. Upavaasa was observed on 24-Aug-26. Upavaasa: 24-Aug-26 | Parana today: 06:23 AM to 08:37 AM
geoname:1262321,T Narasipura,Karnataka,India,Asia/Kolkata,1262321,Shravana Putrada Ekadashi,Dwadashi Dwaya,DWADASHI_DWAYA,2026-08-23,2026-08-24,2026-08-25,06:13 AM,06:20 AM,POST_DWADASHI_FAST_DWADASHI_ENDS_IN_PRATAH,POST_DWADASHI_UPAVASA,10:49 AM,2026-08-23,COMPLETE,2026-08-25,PARANA,Shravana Putrada Ekadashi,Upavaasa: 23-Aug-26 and 24-Aug-26 | Parana today: 06:13 AM to 06:20 AM,**Perform Parana today** between 06:13 AM and 06:20 AM. Upavaasa was observed on 23-Aug-26 and 24-Aug-26.,Shravana Putrada Ekadashi. Perform Parana today between 06:13 AM and 06:20 AM. Upavaasa was observed on 23-Aug-26 and 24-Aug-26. Upavaasa: 23-Aug-26 and 24-Aug-26 | Parana today: 06:13 AM to 06:20 AM
geoname:1254163,Thiruvananthapuram,Kerala,India,Asia/Kolkata,1254163,Shravana Putrada Ekadashi,Dwadashi Dwaya,DWADASHI_DWAYA,2026-08-23,2026-08-24,2026-08-25,06:14 AM,06:20 AM,POST_DWADASHI_FAST_DWADASHI_ENDS_IN_PRATAH,POST_DWADASHI_UPAVASA,10:49 AM,2026-08-23,COMPLETE,2026-08-25,PARANA,Shravana Putrada Ekadashi,Upavaasa: 23-Aug-26 and 24-Aug-26 | Parana today: 06:14 AM to 06:20 AM,**Perform Parana today** between 06:14 AM and 06:20 AM. Upavaasa was observed on 23-Aug-26 and 24-Aug-26.,Shravana Putrada Ekadashi. Perform Parana today between 06:14 AM and 06:20 AM. Upavaasa was observed on 23-Aug-26 and 24-Aug-26. Upavaasa: 23-Aug-26 and 24-Aug-26 | Parana today: 06:14 AM to 06:20 AM
geoname:1254360,Tirupati,Andhra Pradesh,India,Asia/Kolkata,1254360,Shravana Putrada Ekadashi,Dwadashi Dwaya,DWADASHI_DWAYA,2026-08-23,2026-08-24,2026-08-25,06:00 AM,06:20 AM,POST_DWADASHI_FAST_DWADASHI_ENDS_IN_PRATAH,POST_DWADASHI_UPAVASA,10:49 AM,2026-08-23,COMPLETE,2026-08-25,PARANA,Shravana Putrada Ekadashi,Upavaasa: 23-Aug-26 and 24-Aug-26 | Parana today: 06:00 AM to 06:20 AM,**Perform Parana today** between 06:00 AM and 06:20 AM. Upavaasa was observed on 23-Aug-26 and 24-Aug-26.,Shravana Putrada Ekadashi. Perform Parana today between 06:00 AM and 06:20 AM. Upavaasa was observed on 23-Aug-26 and 24-Aug-26. Upavaasa: 23-Aug-26 and 24-Aug-26 | Parana today: 06:00 AM to 06:20 AM
geoname:1253952,Udupi,Karnataka,India,Asia/Kolkata,1253952,Shravana Putrada Ekadashi,Dwadashi Dwaya,DWADASHI_DWAYA,2026-08-23,2026-08-24,2026-08-25,06:19 AM,06:20 AM,POST_DWADASHI_FAST_DWADASHI_ENDS_IN_PRATAH,POST_DWADASHI_UPAVASA,10:49 AM,2026-08-23,COMPLETE,2026-08-25,PARANA,Shravana Putrada Ekadashi,Upavaasa: 23-Aug-26 and 24-Aug-26 | Parana today: 06:19 AM to 06:20 AM,**Perform Parana today** between 06:19 AM and 06:20 AM. Upavaasa was observed on 23-Aug-26 and 24-Aug-26.,Shravana Putrada Ekadashi. Perform Parana today between 06:19 AM and 06:20 AM. Upavaasa was observed on 23-Aug-26 and 24-Aug-26. Upavaasa: 23-Aug-26 and 24-Aug-26 | Parana today: 06:19 AM to 06:20 AM
geoname:1253573,Vadodara,Gujarat,India,Asia/Kolkata,1253573,Shravana Putrada Ekadashi,Dwadashi Dwaya,DWADASHI_DWAYA,2026-08-23,2026-08-24,2026-08-25,06:18 AM,06:20 AM,POST_DWADASHI_FAST_DWADASHI_ENDS_IN_PRATAH,POST_DWADASHI_UPAVASA,10:49 AM,2026-08-23,COMPLETE,2026-08-25,PARANA,Shravana Putrada Ekadashi,Upavaasa: 23-Aug-26 and 24-Aug-26 | Parana today: 06:18 AM to 06:20 AM,**Perform Parana today** between 06:18 AM and 06:20 AM. Upavaasa was observed on 23-Aug-26 and 24-Aug-26.,Shravana Putrada Ekadashi. Perform Parana today between 06:18 AM and 06:20 AM. Upavaasa was observed on 23-Aug-26 and 24-Aug-26. Upavaasa: 23-Aug-26 and 24-Aug-26 | Parana today: 06:18 AM to 06:20 AM
geoname:1253405,Varanasi,Uttar Pradesh,India,Asia/Kolkata,1253405,Shravana Putrada Ekadashi,Dwadashi Dwaya,DWADASHI_DWAYA,2026-08-23,2026-08-24,2026-08-25,05:36 AM,06:20 AM,POST_DWADASHI_FAST_DWADASHI_ENDS_IN_PRATAH,POST_DWADASHI_UPAVASA,10:49 AM,2026-08-23,COMPLETE,2026-08-25,PARANA,Shravana Putrada Ekadashi,Upavaasa: 23-Aug-26 and 24-Aug-26 | Parana today: 05:36 AM to 06:20 AM,**Perform Parana today** between 05:36 AM and 06:20 AM. Upavaasa was observed on 23-Aug-26 and 24-Aug-26.,Shravana Putrada Ekadashi. Perform Parana today between 05:36 AM and 06:20 AM. Upavaasa was observed on 23-Aug-26 and 24-Aug-26. Upavaasa: 23-Aug-26 and 24-Aug-26 | Parana today: 05:36 AM to 06:20 AM
geoname:1253102,Visakhapatnam,Andra Pradesh,India,Asia/Kolkata,1253102,Shravana Putrada Ekadashi,Dwadashi Dwaya,DWADASHI_DWAYA,2026-08-23,2026-08-24,2026-08-25,05:42 AM,06:20 AM,POST_DWADASHI_FAST_DWADASHI_ENDS_IN_PRATAH,POST_DWADASHI_UPAVASA,10:49 AM,2026-08-23,COMPLETE,2026-08-25,PARANA,Shravana Putrada Ekadashi,Upavaasa: 23-Aug-26 and 24-Aug-26 | Parana today: 05:42 AM to 06:20 AM,**Perform Parana today** between 05:42 AM and 06:20 AM. Upavaasa was observed on 23-Aug-26 and 24-Aug-26.,Shravana Putrada Ekadashi. Perform Parana today between 05:42 AM and 06:20 AM. Upavaasa was observed on 23-Aug-26 and 24-Aug-26. Upavaasa: 23-Aug-26 and 24-Aug-26 | Parana today: 05:42 AM to 06:20 AM
geoname:2179537,Wellington,Wellington,New Zealand,Pacific/Auckland,2179537,Shravana Putrada Ekadashi,Normal Ekadashi,NORMAL,2026-08-24,,2026-08-25,06:57 AM,09:07 AM,PRATAH,DWADASHI,05:19 PM,2026-08-23,COMPLETE,2026-08-25,PARANA,Shravana Putrada Ekadashi,Upavaasa: 24-Aug-26 | Parana today: 06:57 AM to 09:07 AM,**Perform Parana today** between 06:57 AM and 09:07 AM. Upavaasa was observed on 24-Aug-26.,Shravana Putrada Ekadashi. Perform Parana today between 06:57 AM and 09:07 AM. Upavaasa was observed on 24-Aug-26. Upavaasa: 24-Aug-26 | Parana today: 06:57 AM to 09:07 AM
