City,State/Region,Country,Timezone,Place Key,Geoname ID,Ekadashi Name,Anchor Date,Audit Flow Message,Sunrise Tithi Sequence,Sunrise Nakshatra Sequence,Dashami End / Ekadashi Start,Ekadashi End / Dwadashi Start,Dwadashi End / Trayodashi Start,First Ekadashi Sunrise Date,First Ekadashi Sunrise,First Ekadashi Arunodaya,Valid Ekadashi Sunrise Dates,Dashami Viddha Sunrise Dates,Ekadashi Sunrise Evaluation,First Valid Ekadashi Sunrise Date,First Valid Ekadashi Sunrise,First Valid Ekadashi Arunodaya,First Dwadashi Sunrise Date,Dwadashi Sunrise Nakshatra,Dwadashi Q1 End / Hari Vasara End,Scan Start,Scan End,Dates Used,Fresh Scans This City,Completeness Status,Missing Parameters,Error,Ekadashi Type,Condition Code,Classification Explanation,Classification Flags,Upavaasa Date 1,Upavaasa Date 2,Parana Date,Parana Tithi Rule,Parana Branch,Parana Start,Parana End,Parana Note
Windsor,Ontario,Canada,America/New_York,geoname:6182962,6182962,Shravana Putrada Ekadashi,2026-08-23,"Shravana Putrada Ekadashi - Windsor. Dashami ends and Ekadashi begins on 2026-08-22 04:30:00 PM EDT. On 23-Aug-26, Sooryodaya is 06:48 AM and Arunodaya is 05:12 AM. Ekadashi is present at sunrise and had begun before Arunodaya, so this is a valid Ekadashi sunrise. Ekadashi ends on 2026-08-23 06:48:00 PM EDT and does not remain through another sunrise. Ekadashi ends and Dwadashi begins on 2026-08-23 06:48:00 PM EDT. Dwadashi is present at Sooryodaya on 24-Aug-26 (Sooryodaya 06:49 AM). Dwadashi ends and Trayodashi begins on 2026-08-24 08:50:00 PM EDT. Therefore the Upavaasa is observed on 23-Aug-26. For Parana on 24-Aug-26, Sooryodaya is 06:49 AM, Pratah Kala ends at 09:31 AM, Dwadashi ends at 2026-08-24 08:50:00 PM EDT, and Hari Vasara ends at 2026-08-24 01:18:30 AM EDT. Hari Vasara ends before Sooryodaya, so there is no Hari-Vasara delay; Parana starts at Sooryodaya (06:49 AM). Pratah Kala ends at 09:31 AM, before Dwadashi ends; therefore Pratah Kala end is the limiting end time. Hence Parana is 06:49 AM to 09:31 AM.",2026-08-22:Dashami | 2026-08-23:Ekadashi | 2026-08-24:Dwadashi,2026-08-22:Mula | 2026-08-23:Mula | 2026-08-24:Purva Ashadha,2026-08-22 04:30:00 PM EDT,2026-08-23 06:48:00 PM EDT,2026-08-24 08:50:00 PM EDT,2026-08-23,06:48 AM,2026-08-23 05:12:00 AM EDT,2026-08-23,,2026-08-23:VALID (start 2026-08-22 04:30:00 PM EDT < Arunodaya 2026-08-23 05:12:00 AM EDT),2026-08-23,06:48 AM,2026-08-23 05:12:00 AM EDT,2026-08-24,Purva Ashadha,2026-08-24 01:18:30 AM EDT,2026-08-22,2026-08-24,2026-08-22 | 2026-08-23 | 2026-08-24,0,COMPLETE,,,Normal Ekadashi,NORMAL,Ekadashi began before Arunodaya and has one valid Ekadashi sunrise. No two-day exception is triggered.,2026-08-23:VALID (start 2026-08-22 04:30:00 PM EDT < Arunodaya 2026-08-23 05:12:00 AM EDT),2026-08-23,,2026-08-24,DWADASHI,PRATAH,2026-08-24 06:49:00 AM EDT,2026-08-24 09:31:00 AM EDT,Hari Vasara ended before Parana-day sunrise; Parana is sunrise to Pratah end.
London,London,United Kingdom,Europe/London,geoname:2643743,2643743,Shravana Putrada Ekadashi,2026-08-23,"Shravana Putrada Ekadashi - London. Dashami ends and Ekadashi begins on 2026-08-22 09:30:00 PM BST. On 23-Aug-26, Sooryodaya is 05:59 AM and Arunodaya is 04:23 AM. Ekadashi is present at sunrise and had begun before Arunodaya, so this is a valid Ekadashi sunrise. Ekadashi ends on 2026-08-23 11:48:00 PM BST and does not remain through another sunrise. Ekadashi ends and Dwadashi begins on 2026-08-23 11:48:00 PM BST. Dwadashi is present at Sooryodaya on 24-Aug-26 (Sooryodaya 06:00 AM). Dwadashi ends and Trayodashi begins on 2026-08-25 01:50:00 AM BST. Therefore the Upavaasa is observed on 23-Aug-26. For Parana on 24-Aug-26, Sooryodaya is 06:00 AM, Pratah Kala ends at 08:49 AM, Dwadashi ends at 2026-08-25 01:50:00 AM BST, and Hari Vasara ends at 2026-08-24 06:18:30 AM BST. Hari Vasara ends after Sooryodaya, at 06:19 AM, but still within Pratah Kala. Therefore Parana cannot start at sunrise and starts at Hari Vasara end (06:19 AM). Pratah Kala ends at 08:49 AM, before Dwadashi ends; therefore Pratah Kala end is the limiting end time. Hence Parana is 06:19 AM to 08:49 AM.",2026-08-22:Dashami | 2026-08-23:Ekadashi | 2026-08-24:Dwadashi | 2026-08-25:Trayodashi,2026-08-22:Jyeshtha | 2026-08-23:Mula | 2026-08-24:Purva Ashadha | 2026-08-25:Uttara Ashadha,2026-08-22 09:30:00 PM BST,2026-08-23 11:48:00 PM BST,2026-08-25 01:50:00 AM BST,2026-08-23,05:59 AM,2026-08-23 04:23:00 AM BST,2026-08-23,,2026-08-23:VALID (start 2026-08-22 09:30:00 PM BST < Arunodaya 2026-08-23 04:23:00 AM BST),2026-08-23,05:59 AM,2026-08-23 04:23:00 AM BST,2026-08-24,Purva Ashadha,2026-08-24 06:18:30 AM BST,2026-08-22,2026-08-25,2026-08-22 | 2026-08-23 | 2026-08-24 | 2026-08-25,0,COMPLETE,,,Normal Ekadashi,NORMAL,Ekadashi began before Arunodaya and has one valid Ekadashi sunrise. No two-day exception is triggered.,2026-08-23:VALID (start 2026-08-22 09:30:00 PM BST < Arunodaya 2026-08-23 04:23:00 AM BST),2026-08-23,,2026-08-24,DWADASHI,PRATAH,2026-08-24 06:18:30 AM BST,2026-08-24 08:48:48 AM BST,Hari Vasara ends during Pratah; Parana begins after Hari Vasara and ends at Pratah end.
Belgaum,Karnataka,India,Asia/Kolkata,geoname:1276533,1276533,Shravana Putrada Ekadashi,2026-08-23,"Shravana Putrada Ekadashi - Belgaum. Dashami ends and Ekadashi begins on 2026-08-23 02:00:00 AM IST. On 23-Aug-26, Sooryodaya is 06:18 AM and Arunodaya is 04:42 AM. Ekadashi is present at sunrise and had begun before Arunodaya, so this is a valid Ekadashi sunrise. Ekadashi ends on 2026-08-24 04:18:00 AM IST and does not remain through another sunrise. Ekadashi ends and Dwadashi begins on 2026-08-24 04:18:00 AM IST. Dwadashi is present at Sooryodaya on 24-Aug-26 (Sooryodaya 06:18 AM). Dwadashi extends to the next sunrise also, so it is again present at Sooryodaya on 25-Aug-26 (Sooryodaya 06:18 AM). Dwadashi ends and Trayodashi begins on 2026-08-25 06:20:00 AM IST. Therefore the Upavaasa is observed on 23-Aug-26 and 24-Aug-26. For Parana on 25-Aug-26, Sooryodaya is 06:18 AM, Pratah Kala ends at 08:48 AM, Dwadashi ends at 2026-08-25 06:20:00 AM IST, and Hari Vasara ends at 2026-08-24 10:48:30 AM IST. Because the Upavaasa itself was observed on Dwadashi, Hari Vasara is not used to delay the Parana start on the following morning. Dwadashi is still present at Sooryodaya, so Parana starts at Sooryodaya (06:18 AM). Dwadashi ends at 06:20 AM, before Pratah Kala ends at 08:48 AM; therefore Dwadashi end is the limiting end time. Hence Parana is 06:18 AM to 06:20 AM.",2026-08-22:Dashami | 2026-08-23:Ekadashi | 2026-08-24:Dwadashi | 2026-08-25:Dwadashi,2026-08-22:Jyeshtha | 2026-08-23:Mula | 2026-08-24:Purva Ashadha | 2026-08-25:Uttara Ashadha,2026-08-23 02:00:00 AM IST,2026-08-24 04:18:00 AM IST,2026-08-25 06:20:00 AM IST,2026-08-23,06:18 AM,2026-08-23 04:42:00 AM IST,2026-08-23,,2026-08-23:VALID (start 2026-08-23 02:00:00 AM IST < Arunodaya 2026-08-23 04:42:00 AM IST),2026-08-23,06:18 AM,2026-08-23 04:42:00 AM IST,2026-08-24,Purva Ashadha,2026-08-24 10:48:30 AM IST,2026-08-22,2026-08-25,2026-08-22 | 2026-08-23 | 2026-08-24 | 2026-08-25,0,COMPLETE,,,Dwadashi Dwaya,DWADASHI_DWAYA,A valid Ekadashi sunrise is followed by Dwadashi at two consecutive sunrises. Observe Upavaasa on the valid Ekadashi day and on the first Dwadashi day; Parana is on the following morning.,2026-08-23:VALID (start 2026-08-23 02:00:00 AM IST < Arunodaya 2026-08-23 04:42:00 AM IST),2026-08-23,2026-08-24,2026-08-25,POST_DWADASHI_UPAVASA,POST_DWADASHI_FAST_DWADASHI_ENDS_IN_PRATAH,2026-08-25 06:18:00 AM IST,2026-08-25 06:20:00 AM IST,Dwadashi is present at Parana-day sunrise and ends during Pratah; Parana is sunrise to Dwadashi end.
Hubli,Karnataka,India,Asia/Kolkata,geoname:1269920,1269920,Shravana Putrada Ekadashi,2026-08-23,"Shravana Putrada Ekadashi - Hubli. Dashami ends and Ekadashi begins on 2026-08-23 02:00:00 AM IST. On 23-Aug-26, Sooryodaya is 06:16 AM and Arunodaya is 04:40 AM. Ekadashi is present at sunrise and had begun before Arunodaya, so this is a valid Ekadashi sunrise. Ekadashi ends on 2026-08-24 04:18:00 AM IST and does not remain through another sunrise. Ekadashi ends and Dwadashi begins on 2026-08-24 04:18:00 AM IST. Dwadashi is present at Sooryodaya on 24-Aug-26 (Sooryodaya 06:16 AM). Dwadashi extends to the next sunrise also, so it is again present at Sooryodaya on 25-Aug-26 (Sooryodaya 06:16 AM). Dwadashi ends and Trayodashi begins on 2026-08-25 06:20:00 AM IST. Therefore the Upavaasa is observed on 23-Aug-26 and 24-Aug-26. For Parana on 25-Aug-26, Sooryodaya is 06:16 AM, Pratah Kala ends at 08:46 AM, Dwadashi ends at 2026-08-25 06:20:00 AM IST, and Hari Vasara ends at 2026-08-24 10:48:30 AM IST. Because the Upavaasa itself was observed on Dwadashi, Hari Vasara is not used to delay the Parana start on the following morning. Dwadashi is still present at Sooryodaya, so Parana starts at Sooryodaya (06:16 AM). Dwadashi ends at 06:20 AM, before Pratah Kala ends at 08:46 AM; therefore Dwadashi end is the limiting end time. Hence Parana is 06:16 AM to 06:20 AM.",2026-08-22:Dashami | 2026-08-23:Ekadashi | 2026-08-24:Dwadashi | 2026-08-25:Dwadashi,2026-08-22:Jyeshtha | 2026-08-23:Mula | 2026-08-24:Purva Ashadha | 2026-08-25:Uttara Ashadha,2026-08-23 02:00:00 AM IST,2026-08-24 04:18:00 AM IST,2026-08-25 06:20:00 AM IST,2026-08-23,06:16 AM,2026-08-23 04:40:00 AM IST,2026-08-23,,2026-08-23:VALID (start 2026-08-23 02:00:00 AM IST < Arunodaya 2026-08-23 04:40:00 AM IST),2026-08-23,06:16 AM,2026-08-23 04:40:00 AM IST,2026-08-24,Purva Ashadha,2026-08-24 10:48:30 AM IST,2026-08-22,2026-08-25,2026-08-22 | 2026-08-23 | 2026-08-24 | 2026-08-25,0,COMPLETE,,,Dwadashi Dwaya,DWADASHI_DWAYA,A valid Ekadashi sunrise is followed by Dwadashi at two consecutive sunrises. Observe Upavaasa on the valid Ekadashi day and on the first Dwadashi day; Parana is on the following morning.,2026-08-23:VALID (start 2026-08-23 02:00:00 AM IST < Arunodaya 2026-08-23 04:40:00 AM IST),2026-08-23,2026-08-24,2026-08-25,POST_DWADASHI_UPAVASA,POST_DWADASHI_FAST_DWADASHI_ENDS_IN_PRATAH,2026-08-25 06:16:00 AM IST,2026-08-25 06:20:00 AM IST,Dwadashi is present at Parana-day sunrise and ends during Pratah; Parana is sunrise to Dwadashi end.
Vancouver,British Columbia,Canada,America/Los_Angeles,geoname:6173331,6173331,Shravana Putrada Ekadashi,2026-08-23,"Shravana Putrada Ekadashi - Vancouver. Dashami ends and Ekadashi begins on 2026-08-22 01:30:00 PM PDT. On 23-Aug-26, Sooryodaya is 06:16 AM and Arunodaya is 04:40 AM. Ekadashi is present at sunrise and had begun before Arunodaya, so this is a valid Ekadashi sunrise. Ekadashi ends on 2026-08-23 03:48:00 PM PDT and does not remain through another sunrise. Ekadashi ends and Dwadashi begins on 2026-08-23 03:48:00 PM PDT. Dwadashi is present at Sooryodaya on 24-Aug-26 (Sooryodaya 06:18 AM). Dwadashi ends and Trayodashi begins on 2026-08-24 05:50:00 PM PDT. Therefore the Upavaasa is observed on 23-Aug-26. For Parana on 24-Aug-26, Sooryodaya is 06:18 AM, Pratah Kala ends at 09:05 AM, Dwadashi ends at 2026-08-24 05:50:00 PM PDT, and Hari Vasara ends at 2026-08-23 10:18:30 PM PDT. Hari Vasara ends before Sooryodaya, so there is no Hari-Vasara delay; Parana starts at Sooryodaya (06:18 AM). Pratah Kala ends at 09:05 AM, before Dwadashi ends; therefore Pratah Kala end is the limiting end time. Hence Parana is 06:18 AM to 09:05 AM.",2026-08-22:Dashami | 2026-08-23:Ekadashi | 2026-08-24:Dwadashi,2026-08-22:Mula | 2026-08-23:Purva Ashadha | 2026-08-24:Purva Ashadha,2026-08-22 01:30:00 PM PDT,2026-08-23 03:48:00 PM PDT,2026-08-24 05:50:00 PM PDT,2026-08-23,06:16 AM,2026-08-23 04:40:00 AM PDT,2026-08-23,,2026-08-23:VALID (start 2026-08-22 01:30:00 PM PDT < Arunodaya 2026-08-23 04:40:00 AM PDT),2026-08-23,06:16 AM,2026-08-23 04:40:00 AM PDT,2026-08-24,Purva Ashadha,2026-08-23 10:18:30 PM PDT,2026-08-22,2026-08-24,2026-08-22 | 2026-08-23 | 2026-08-24,0,COMPLETE,,,Normal Ekadashi,NORMAL,Ekadashi began before Arunodaya and has one valid Ekadashi sunrise. No two-day exception is triggered.,2026-08-23:VALID (start 2026-08-22 01:30:00 PM PDT < Arunodaya 2026-08-23 04:40:00 AM PDT),2026-08-23,,2026-08-24,DWADASHI,PRATAH,2026-08-24 06:18:00 AM PDT,2026-08-24 09:04:36 AM PDT,Hari Vasara ended before Parana-day sunrise; Parana is sunrise to Pratah end.
Belfast,New York,United States,America/New_York,geoname:5108728,5108728,Shravana Putrada Ekadashi,2026-08-23,"Shravana Putrada Ekadashi - Belfast. Dashami ends and Ekadashi begins on 2026-08-22 04:30:00 PM EDT. On 23-Aug-26, Sooryodaya is 06:28 AM and Arunodaya is 04:52 AM. Ekadashi is present at sunrise and had begun before Arunodaya, so this is a valid Ekadashi sunrise. Ekadashi ends on 2026-08-23 06:48:00 PM EDT and does not remain through another sunrise. Ekadashi ends and Dwadashi begins on 2026-08-23 06:48:00 PM EDT. Dwadashi is present at Sooryodaya on 24-Aug-26 (Sooryodaya 06:29 AM). Dwadashi ends and Trayodashi begins on 2026-08-24 08:50:00 PM EDT. Therefore the Upavaasa is observed on 23-Aug-26. For Parana on 24-Aug-26, Sooryodaya is 06:29 AM, Pratah Kala ends at 09:11 AM, Dwadashi ends at 2026-08-24 08:50:00 PM EDT, and Hari Vasara ends at 2026-08-24 01:18:30 AM EDT. Hari Vasara ends before Sooryodaya, so there is no Hari-Vasara delay; Parana starts at Sooryodaya (06:29 AM). Pratah Kala ends at 09:11 AM, before Dwadashi ends; therefore Pratah Kala end is the limiting end time. Hence Parana is 06:29 AM to 09:11 AM.",2026-08-22:Dashami | 2026-08-23:Ekadashi | 2026-08-24:Dwadashi,2026-08-22:Mula | 2026-08-23:Mula | 2026-08-24:Purva Ashadha,2026-08-22 04:30:00 PM EDT,2026-08-23 06:48:00 PM EDT,2026-08-24 08:50:00 PM EDT,2026-08-23,06:28 AM,2026-08-23 04:52:00 AM EDT,2026-08-23,,2026-08-23:VALID (start 2026-08-22 04:30:00 PM EDT < Arunodaya 2026-08-23 04:52:00 AM EDT),2026-08-23,06:28 AM,2026-08-23 04:52:00 AM EDT,2026-08-24,Purva Ashadha,2026-08-24 01:18:30 AM EDT,2026-08-22,2026-08-24,2026-08-22 | 2026-08-23 | 2026-08-24,0,COMPLETE,,,Normal Ekadashi,NORMAL,Ekadashi began before Arunodaya and has one valid Ekadashi sunrise. No two-day exception is triggered.,2026-08-23:VALID (start 2026-08-22 04:30:00 PM EDT < Arunodaya 2026-08-23 04:52:00 AM EDT),2026-08-23,,2026-08-24,DWADASHI,PRATAH,2026-08-24 06:29:00 AM EDT,2026-08-24 09:11:00 AM EDT,Hari Vasara ended before Parana-day sunrise; Parana is sunrise to Pratah end.
Seoul,Seoul,South Korea,Asia/Seoul,geoname:1835848,1835848,Shravana Putrada Ekadashi,2026-08-23,"Shravana Putrada Ekadashi - Seoul. Dashami ends and Ekadashi begins on 2026-08-23 05:30:00 AM KST. On 23-Aug-26, Sooryodaya is 05:54 AM and Arunodaya is 04:18 AM. Ekadashi is present at sunrise, but it began during Arunodaya, so this sunrise is Dashami Viddha and no Upavaasa is observed on this day. On 24-Aug-26, Sooryodaya is 05:55 AM and Arunodaya is 04:19 AM. Ekadashi is present at sunrise and had begun before Arunodaya, so this is a valid Ekadashi sunrise. Ekadashi extends to the next sunrise also, so it is still present at Sooryodaya on 24-Aug-26. Ekadashi ends and Dwadashi begins on 2026-08-24 07:48:00 AM KST. Dwadashi is present at Sooryodaya on 25-Aug-26 (Sooryodaya 05:56 AM). Dwadashi ends and Trayodashi begins on 2026-08-25 09:50:00 AM KST. Therefore the Upavaasa is observed on 24-Aug-26. For Parana on 25-Aug-26, Sooryodaya is 05:56 AM, Pratah Kala ends at 08:35 AM, Dwadashi ends at 2026-08-25 09:50:00 AM KST, and Hari Vasara ends at 2026-08-24 02:18:30 PM KST. Hari Vasara ends before Sooryodaya, so there is no Hari-Vasara delay; Parana starts at Sooryodaya (05:56 AM). Pratah Kala ends at 08:35 AM, before Dwadashi ends; therefore Pratah Kala end is the limiting end time. Hence Parana is 05:56 AM to 08:35 AM.",2026-08-22:Dashami | 2026-08-23:Ekadashi | 2026-08-24:Ekadashi | 2026-08-25:Dwadashi,2026-08-22:Jyeshtha | 2026-08-23:Mula | 2026-08-24:Purva Ashadha | 2026-08-25:Uttara Ashadha,2026-08-23 05:30:00 AM KST,2026-08-24 07:48:00 AM KST,2026-08-25 09:50:00 AM KST,2026-08-23,05:54 AM,2026-08-23 04:18:00 AM KST,2026-08-24,2026-08-23,2026-08-23:VIDDHA (Arunodaya 2026-08-23 04:18:00 AM KST <= start 2026-08-23 05:30:00 AM KST <= sunrise 2026-08-23 05:54:00 AM KST) | 2026-08-24:VALID (start 2026-08-23 05:30:00 AM KST < Arunodaya 2026-08-24 04:19:00 AM KST),2026-08-24,05:55 AM,2026-08-24 04:19:00 AM KST,2026-08-25,Uttara Ashadha,2026-08-24 02:18:30 PM KST,2026-08-22,2026-08-25,2026-08-22 | 2026-08-23 | 2026-08-24 | 2026-08-25,0,COMPLETE,,,Dashami Viddha -> Valid Ekadashi,DASHAMI_VIDDHA_THEN_VALID_EKADASHI,The first Ekadashi sunrise is Dashami Viddha and is not a fasting day. Ekadashi continues to a later sunrise where it had already begun before Arunodaya; that later Ekadashi sunrise is the valid Upavaasa day. Parana is on the following Dwadashi morning.,2026-08-23:VIDDHA (Arunodaya 2026-08-23 04:18:00 AM KST <= start 2026-08-23 05:30:00 AM KST <= sunrise 2026-08-23 05:54:00 AM KST) | 2026-08-24:VALID (start 2026-08-23 05:30:00 AM KST < Arunodaya 2026-08-24 04:19:00 AM KST),2026-08-24,,2026-08-25,DWADASHI,PRATAH,2026-08-25 05:56:00 AM KST,2026-08-25 08:35:12 AM KST,Hari Vasara ended before Parana-day sunrise; Parana is sunrise to Pratah end.
Auckland,Auckland,New Zealand,Pacific/Auckland,geoname:2193733,2193733,Shravana Putrada Ekadashi,2026-08-23,"Shravana Putrada Ekadashi - Auckland. Dashami ends and Ekadashi begins on 2026-08-23 08:30:00 AM NZST. On 24-Aug-26, Sooryodaya is 06:53 AM and Arunodaya is 05:17 AM. Ekadashi is present at sunrise and had begun before Arunodaya, so this is a valid Ekadashi sunrise. Ekadashi ends on 2026-08-24 10:48:00 AM NZST and does not remain through another sunrise. Ekadashi ends and Dwadashi begins on 2026-08-24 10:48:00 AM NZST. Dwadashi is present at Sooryodaya on 25-Aug-26 (Sooryodaya 06:52 AM). Dwadashi ends and Trayodashi begins on 2026-08-25 12:50:00 PM NZST. Therefore the Upavaasa is observed on 24-Aug-26. For Parana on 25-Aug-26, Sooryodaya is 06:52 AM, Pratah Kala ends at 09:05 AM, Dwadashi ends at 2026-08-25 12:50:00 PM NZST, and Hari Vasara ends at 2026-08-24 05:18:30 PM NZST. Hari Vasara ends before Sooryodaya, so there is no Hari-Vasara delay; Parana starts at Sooryodaya (06:52 AM). Pratah Kala ends at 09:05 AM, before Dwadashi ends; therefore Pratah Kala end is the limiting end time. Hence Parana is 06:52 AM to 09:05 AM.",2026-08-23:Dashami | 2026-08-24:Ekadashi | 2026-08-25:Dwadashi,2026-08-23:Mula | 2026-08-24:Purva Ashadha | 2026-08-25:Uttara Ashadha,2026-08-23 08:30:00 AM NZST,2026-08-24 10:48:00 AM NZST,2026-08-25 12:50:00 PM NZST,2026-08-24,06:53 AM,2026-08-24 05:17:00 AM NZST,2026-08-24,,2026-08-24:VALID (start 2026-08-23 08:30:00 AM NZST < Arunodaya 2026-08-24 05:17:00 AM NZST),2026-08-24,06:53 AM,2026-08-24 05:17:00 AM NZST,2026-08-25,Uttara Ashadha,2026-08-24 05:18:30 PM NZST,2026-08-23,2026-08-25,2026-08-23 | 2026-08-24 | 2026-08-25,0,COMPLETE,,,Normal Ekadashi,NORMAL,Ekadashi began before Arunodaya and has one valid Ekadashi sunrise. No two-day exception is triggered.,2026-08-24:VALID (start 2026-08-23 08:30:00 AM NZST < Arunodaya 2026-08-24 05:17:00 AM NZST),2026-08-24,,2026-08-25,DWADASHI,PRATAH,2026-08-25 06:52:00 AM NZST,2026-08-25 09:04:36 AM NZST,Hari Vasara ended before Parana-day sunrise; Parana is sunrise to Pratah end.
Wellington,Wellington,New Zealand,Pacific/Auckland,geoname:2179537,2179537,Shravana Putrada Ekadashi,2026-08-23,"Shravana Putrada Ekadashi - Wellington. Dashami ends and Ekadashi begins on 2026-08-23 08:30:00 AM NZST. On 24-Aug-26, Sooryodaya is 06:59 AM and Arunodaya is 05:23 AM. Ekadashi is present at sunrise and had begun before Arunodaya, so this is a valid Ekadashi sunrise. Ekadashi ends on 2026-08-24 10:48:00 AM NZST and does not remain through another sunrise. Ekadashi ends and Dwadashi begins on 2026-08-24 10:48:00 AM NZST. Dwadashi is present at Sooryodaya on 25-Aug-26 (Sooryodaya 06:57 AM). Dwadashi ends and Trayodashi begins on 2026-08-25 12:50:00 PM NZST. Therefore the Upavaasa is observed on 24-Aug-26. For Parana on 25-Aug-26, Sooryodaya is 06:57 AM, Pratah Kala ends at 09:07 AM, Dwadashi ends at 2026-08-25 12:50:00 PM NZST, and Hari Vasara ends at 2026-08-24 05:18:30 PM NZST. Hari Vasara ends before Sooryodaya, so there is no Hari-Vasara delay; Parana starts at Sooryodaya (06:57 AM). Pratah Kala ends at 09:07 AM, before Dwadashi ends; therefore Pratah Kala end is the limiting end time. Hence Parana is 06:57 AM to 09:07 AM.",2026-08-23:Dashami | 2026-08-24:Ekadashi | 2026-08-25:Dwadashi,2026-08-23:Mula | 2026-08-24:Purva Ashadha | 2026-08-25:Uttara Ashadha,2026-08-23 08:30:00 AM NZST,2026-08-24 10:48:00 AM NZST,2026-08-25 12:50:00 PM NZST,2026-08-24,06:59 AM,2026-08-24 05:23:00 AM NZST,2026-08-24,,2026-08-24:VALID (start 2026-08-23 08:30:00 AM NZST < Arunodaya 2026-08-24 05:23:00 AM NZST),2026-08-24,06:59 AM,2026-08-24 05:23:00 AM NZST,2026-08-25,Uttara Ashadha,2026-08-24 05:18:30 PM NZST,2026-08-23,2026-08-25,2026-08-23 | 2026-08-24 | 2026-08-25,0,COMPLETE,,,Normal Ekadashi,NORMAL,Ekadashi began before Arunodaya and has one valid Ekadashi sunrise. No two-day exception is triggered.,2026-08-24:VALID (start 2026-08-23 08:30:00 AM NZST < Arunodaya 2026-08-24 05:23:00 AM NZST),2026-08-24,,2026-08-25,DWADASHI,PRATAH,2026-08-25 06:57:00 AM NZST,2026-08-25 09:07:24 AM NZST,Hari Vasara ended before Parana-day sunrise; Parana is sunrise to Pratah end.
Christchurch,Canterbury,New Zealand,Pacific/Auckland,geoname:2192362,2192362,Shravana Putrada Ekadashi,2026-08-23,"Shravana Putrada Ekadashi - Christchurch. Dashami ends and Ekadashi begins on 2026-08-23 08:30:00 AM NZST. On 24-Aug-26, Sooryodaya is 07:11 AM and Arunodaya is 05:35 AM. Ekadashi is present at sunrise and had begun before Arunodaya, so this is a valid Ekadashi sunrise. Ekadashi ends on 2026-08-24 10:48:00 AM NZST and does not remain through another sunrise. Ekadashi ends and Dwadashi begins on 2026-08-24 10:48:00 AM NZST. Dwadashi is present at Sooryodaya on 25-Aug-26 (Sooryodaya 07:09 AM). Dwadashi ends and Trayodashi begins on 2026-08-25 12:50:00 PM NZST. Therefore the Upavaasa is observed on 24-Aug-26. For Parana on 25-Aug-26, Sooryodaya is 07:09 AM, Pratah Kala ends at 09:18 AM, Dwadashi ends at 2026-08-25 12:50:00 PM NZST, and Hari Vasara ends at 2026-08-24 05:18:30 PM NZST. Hari Vasara ends before Sooryodaya, so there is no Hari-Vasara delay; Parana starts at Sooryodaya (07:09 AM). Pratah Kala ends at 09:18 AM, before Dwadashi ends; therefore Pratah Kala end is the limiting end time. Hence Parana is 07:09 AM to 09:18 AM.",2026-08-23:Dashami | 2026-08-24:Ekadashi | 2026-08-25:Dwadashi,2026-08-23:Mula | 2026-08-24:Purva Ashadha | 2026-08-25:Uttara Ashadha,2026-08-23 08:30:00 AM NZST,2026-08-24 10:48:00 AM NZST,2026-08-25 12:50:00 PM NZST,2026-08-24,07:11 AM,2026-08-24 05:35:00 AM NZST,2026-08-24,,2026-08-24:VALID (start 2026-08-23 08:30:00 AM NZST < Arunodaya 2026-08-24 05:35:00 AM NZST),2026-08-24,07:11 AM,2026-08-24 05:35:00 AM NZST,2026-08-25,Uttara Ashadha,2026-08-24 05:18:30 PM NZST,2026-08-23,2026-08-25,2026-08-23 | 2026-08-24 | 2026-08-25,0,COMPLETE,,,Normal Ekadashi,NORMAL,Ekadashi began before Arunodaya and has one valid Ekadashi sunrise. No two-day exception is triggered.,2026-08-24:VALID (start 2026-08-23 08:30:00 AM NZST < Arunodaya 2026-08-24 05:35:00 AM NZST),2026-08-24,,2026-08-25,DWADASHI,PRATAH,2026-08-25 07:09:00 AM NZST,2026-08-25 09:18:12 AM NZST,Hari Vasara ended before Parana-day sunrise; Parana is sunrise to Pratah end.
Agartala,Tripura,India,Asia/Kolkata,geoname:1279290,1279290,Shravana Putrada Ekadashi,2026-08-23,"Shravana Putrada Ekadashi - Agartala. Dashami ends and Ekadashi begins on 2026-08-23 02:00:00 AM IST. On 23-Aug-26, Sooryodaya is 05:03 AM and Arunodaya is 03:27 AM. Ekadashi is present at sunrise and had begun before Arunodaya, so this is a valid Ekadashi sunrise. Ekadashi ends on 2026-08-24 04:18:00 AM IST and does not remain through another sunrise. Ekadashi ends and Dwadashi begins on 2026-08-24 04:18:00 AM IST. Dwadashi is present at Sooryodaya on 24-Aug-26 (Sooryodaya 05:04 AM). Dwadashi extends to the next sunrise also, so it is again present at Sooryodaya on 25-Aug-26 (Sooryodaya 05:04 AM). Dwadashi ends and Trayodashi begins on 2026-08-25 06:20:00 AM IST. Therefore the Upavaasa is observed on 23-Aug-26 and 24-Aug-26. For Parana on 25-Aug-26, Sooryodaya is 05:04 AM, Pratah Kala ends at 07:37 AM, Dwadashi ends at 2026-08-25 06:20:00 AM IST, and Hari Vasara ends at 2026-08-24 10:48:30 AM IST. Because the Upavaasa itself was observed on Dwadashi, Hari Vasara is not used to delay the Parana start on the following morning. Dwadashi is still present at Sooryodaya, so Parana starts at Sooryodaya (05:04 AM). Dwadashi ends at 06:20 AM, before Pratah Kala ends at 07:37 AM; therefore Dwadashi end is the limiting end time. Hence Parana is 05:04 AM to 06:20 AM.",2026-08-22:Dashami | 2026-08-23:Ekadashi | 2026-08-24:Dwadashi | 2026-08-25:Dwadashi,2026-08-22:Jyeshtha | 2026-08-23:Mula | 2026-08-24:Purva Ashadha | 2026-08-25:Uttara Ashadha,2026-08-23 02:00:00 AM IST,2026-08-24 04:18:00 AM IST,2026-08-25 06:20:00 AM IST,2026-08-23,05:03 AM,2026-08-23 03:27:00 AM IST,2026-08-23,,2026-08-23:VALID (start 2026-08-23 02:00:00 AM IST < Arunodaya 2026-08-23 03:27:00 AM IST),2026-08-23,05:03 AM,2026-08-23 03:27:00 AM IST,2026-08-24,Purva Ashadha,2026-08-24 10:48:30 AM IST,2026-08-22,2026-08-25,2026-08-22 | 2026-08-23 | 2026-08-24 | 2026-08-25,0,COMPLETE,,,Dwadashi Dwaya,DWADASHI_DWAYA,A valid Ekadashi sunrise is followed by Dwadashi at two consecutive sunrises. Observe Upavaasa on the valid Ekadashi day and on the first Dwadashi day; Parana is on the following morning.,2026-08-23:VALID (start 2026-08-23 02:00:00 AM IST < Arunodaya 2026-08-23 03:27:00 AM IST),2026-08-23,2026-08-24,2026-08-25,POST_DWADASHI_UPAVASA,POST_DWADASHI_FAST_DWADASHI_ENDS_IN_PRATAH,2026-08-25 05:04:00 AM IST,2026-08-25 06:20:00 AM IST,Dwadashi is present at Parana-day sunrise and ends during Pratah; Parana is sunrise to Dwadashi end.
Guwahati,Assam,India,Asia/Kolkata,geoname:1271476,1271476,Shravana Putrada Ekadashi,2026-08-23,"Shravana Putrada Ekadashi - Guwahati. Dashami ends and Ekadashi begins on 2026-08-23 02:00:00 AM IST. On 23-Aug-26, Sooryodaya is 04:59 AM and Arunodaya is 03:23 AM. Ekadashi is present at sunrise and had begun before Arunodaya, so this is a valid Ekadashi sunrise. Ekadashi ends on 2026-08-24 04:18:00 AM IST and does not remain through another sunrise. Ekadashi ends and Dwadashi begins on 2026-08-24 04:18:00 AM IST. Dwadashi is present at Sooryodaya on 24-Aug-26 (Sooryodaya 04:59 AM). Dwadashi extends to the next sunrise also, so it is again present at Sooryodaya on 25-Aug-26 (Sooryodaya 05:00 AM). Dwadashi ends and Trayodashi begins on 2026-08-25 06:20:00 AM IST. Therefore the Upavaasa is observed on 23-Aug-26 and 24-Aug-26. For Parana on 25-Aug-26, Sooryodaya is 05:00 AM, Pratah Kala ends at 07:34 AM, Dwadashi ends at 2026-08-25 06:20:00 AM IST, and Hari Vasara ends at 2026-08-24 10:48:30 AM IST. Because the Upavaasa itself was observed on Dwadashi, Hari Vasara is not used to delay the Parana start on the following morning. Dwadashi is still present at Sooryodaya, so Parana starts at Sooryodaya (05:00 AM). Dwadashi ends at 06:20 AM, before Pratah Kala ends at 07:34 AM; therefore Dwadashi end is the limiting end time. Hence Parana is 05:00 AM to 06:20 AM.",2026-08-22:Dashami | 2026-08-23:Ekadashi | 2026-08-24:Dwadashi | 2026-08-25:Dwadashi,2026-08-22:Jyeshtha | 2026-08-23:Mula | 2026-08-24:Purva Ashadha | 2026-08-25:Uttara Ashadha,2026-08-23 02:00:00 AM IST,2026-08-24 04:18:00 AM IST,2026-08-25 06:20:00 AM IST,2026-08-23,04:59 AM,2026-08-23 03:23:00 AM IST,2026-08-23,,2026-08-23:VALID (start 2026-08-23 02:00:00 AM IST < Arunodaya 2026-08-23 03:23:00 AM IST),2026-08-23,04:59 AM,2026-08-23 03:23:00 AM IST,2026-08-24,Purva Ashadha,2026-08-24 10:48:30 AM IST,2026-08-22,2026-08-25,2026-08-22 | 2026-08-23 | 2026-08-24 | 2026-08-25,0,COMPLETE,,,Dwadashi Dwaya,DWADASHI_DWAYA,A valid Ekadashi sunrise is followed by Dwadashi at two consecutive sunrises. Observe Upavaasa on the valid Ekadashi day and on the first Dwadashi day; Parana is on the following morning.,2026-08-23:VALID (start 2026-08-23 02:00:00 AM IST < Arunodaya 2026-08-23 03:23:00 AM IST),2026-08-23,2026-08-24,2026-08-25,POST_DWADASHI_UPAVASA,POST_DWADASHI_FAST_DWADASHI_ENDS_IN_PRATAH,2026-08-25 05:00:00 AM IST,2026-08-25 06:20:00 AM IST,Dwadashi is present at Parana-day sunrise and ends during Pratah; Parana is sunrise to Dwadashi end.
Shiliguri,West Bengal,India,Asia/Kolkata,geoname:1256525,1256525,Shravana Putrada Ekadashi,2026-08-23,"Shravana Putrada Ekadashi - Shiliguri. Dashami ends and Ekadashi begins on 2026-08-23 02:00:00 AM IST. On 23-Aug-26, Sooryodaya is 05:12 AM and Arunodaya is 03:36 AM. Ekadashi is present at sunrise and had begun before Arunodaya, so this is a valid Ekadashi sunrise. Ekadashi ends on 2026-08-24 04:18:00 AM IST and does not remain through another sunrise. Ekadashi ends and Dwadashi begins on 2026-08-24 04:18:00 AM IST. Dwadashi is present at Sooryodaya on 24-Aug-26 (Sooryodaya 05:12 AM). Dwadashi extends to the next sunrise also, so it is again present at Sooryodaya on 25-Aug-26 (Sooryodaya 05:13 AM). Dwadashi ends and Trayodashi begins on 2026-08-25 06:20:00 AM IST. Therefore the Upavaasa is observed on 23-Aug-26 and 24-Aug-26. For Parana on 25-Aug-26, Sooryodaya is 05:13 AM, Pratah Kala ends at 07:47 AM, Dwadashi ends at 2026-08-25 06:20:00 AM IST, and Hari Vasara ends at 2026-08-24 10:48:30 AM IST. Because the Upavaasa itself was observed on Dwadashi, Hari Vasara is not used to delay the Parana start on the following morning. Dwadashi is still present at Sooryodaya, so Parana starts at Sooryodaya (05:13 AM). Dwadashi ends at 06:20 AM, before Pratah Kala ends at 07:47 AM; therefore Dwadashi end is the limiting end time. Hence Parana is 05:13 AM to 06:20 AM.",2026-08-22:Dashami | 2026-08-23:Ekadashi | 2026-08-24:Dwadashi | 2026-08-25:Dwadashi,2026-08-22:Jyeshtha | 2026-08-23:Mula | 2026-08-24:Purva Ashadha | 2026-08-25:Uttara Ashadha,2026-08-23 02:00:00 AM IST,2026-08-24 04:18:00 AM IST,2026-08-25 06:20:00 AM IST,2026-08-23,05:12 AM,2026-08-23 03:36:00 AM IST,2026-08-23,,2026-08-23:VALID (start 2026-08-23 02:00:00 AM IST < Arunodaya 2026-08-23 03:36:00 AM IST),2026-08-23,05:12 AM,2026-08-23 03:36:00 AM IST,2026-08-24,Purva Ashadha,2026-08-24 10:48:30 AM IST,2026-08-22,2026-08-25,2026-08-22 | 2026-08-23 | 2026-08-24 | 2026-08-25,0,COMPLETE,,,Dwadashi Dwaya,DWADASHI_DWAYA,A valid Ekadashi sunrise is followed by Dwadashi at two consecutive sunrises. Observe Upavaasa on the valid Ekadashi day and on the first Dwadashi day; Parana is on the following morning.,2026-08-23:VALID (start 2026-08-23 02:00:00 AM IST < Arunodaya 2026-08-23 03:36:00 AM IST),2026-08-23,2026-08-24,2026-08-25,POST_DWADASHI_UPAVASA,POST_DWADASHI_FAST_DWADASHI_ENDS_IN_PRATAH,2026-08-25 05:13:00 AM IST,2026-08-25 06:20:00 AM IST,Dwadashi is present at Parana-day sunrise and ends during Pratah; Parana is sunrise to Dwadashi end.
Aizawl,Mizoram,India,Asia/Kolkata,geoname:1279186,1279186,Shravana Putrada Ekadashi,2026-08-23,"Shravana Putrada Ekadashi - Aizawl. Dashami ends and Ekadashi begins on 2026-08-23 02:00:00 AM IST. On 23-Aug-26, Sooryodaya is 04:58 AM and Arunodaya is 03:22 AM. Ekadashi is present at sunrise and had begun before Arunodaya, so this is a valid Ekadashi sunrise. Ekadashi ends on 2026-08-24 04:18:00 AM IST and does not remain through another sunrise. Ekadashi ends and Dwadashi begins on 2026-08-24 04:18:00 AM IST. Dwadashi is present at Sooryodaya on 24-Aug-26 (Sooryodaya 04:58 AM). Dwadashi extends to the next sunrise also, so it is again present at Sooryodaya on 25-Aug-26 (Sooryodaya 04:58 AM). Dwadashi ends and Trayodashi begins on 2026-08-25 06:20:00 AM IST. Therefore the Upavaasa is observed on 23-Aug-26 and 24-Aug-26. For Parana on 25-Aug-26, Sooryodaya is 04:58 AM, Pratah Kala ends at 07:31 AM, Dwadashi ends at 2026-08-25 06:20:00 AM IST, and Hari Vasara ends at 2026-08-24 10:48:30 AM IST. Because the Upavaasa itself was observed on Dwadashi, Hari Vasara is not used to delay the Parana start on the following morning. Dwadashi is still present at Sooryodaya, so Parana starts at Sooryodaya (04:58 AM). Dwadashi ends at 06:20 AM, before Pratah Kala ends at 07:31 AM; therefore Dwadashi end is the limiting end time. Hence Parana is 04:58 AM to 06:20 AM.",2026-08-22:Dashami | 2026-08-23:Ekadashi | 2026-08-24:Dwadashi | 2026-08-25:Dwadashi,2026-08-22:Jyeshtha | 2026-08-23:Mula | 2026-08-24:Purva Ashadha | 2026-08-25:Uttara Ashadha,2026-08-23 02:00:00 AM IST,2026-08-24 04:18:00 AM IST,2026-08-25 06:20:00 AM IST,2026-08-23,04:58 AM,2026-08-23 03:22:00 AM IST,2026-08-23,,2026-08-23:VALID (start 2026-08-23 02:00:00 AM IST < Arunodaya 2026-08-23 03:22:00 AM IST),2026-08-23,04:58 AM,2026-08-23 03:22:00 AM IST,2026-08-24,Purva Ashadha,2026-08-24 10:48:30 AM IST,2026-08-22,2026-08-25,2026-08-22 | 2026-08-23 | 2026-08-24 | 2026-08-25,0,COMPLETE,,,Dwadashi Dwaya,DWADASHI_DWAYA,A valid Ekadashi sunrise is followed by Dwadashi at two consecutive sunrises. Observe Upavaasa on the valid Ekadashi day and on the first Dwadashi day; Parana is on the following morning.,2026-08-23:VALID (start 2026-08-23 02:00:00 AM IST < Arunodaya 2026-08-23 03:22:00 AM IST),2026-08-23,2026-08-24,2026-08-25,POST_DWADASHI_UPAVASA,POST_DWADASHI_FAST_DWADASHI_ENDS_IN_PRATAH,2026-08-25 04:58:00 AM IST,2026-08-25 06:20:00 AM IST,Dwadashi is present at Parana-day sunrise and ends during Pratah; Parana is sunrise to Dwadashi end.
Gangtok,Sikkim,India,Asia/Kolkata,geoname:1271631,1271631,Shravana Putrada Ekadashi,2026-08-23,"Shravana Putrada Ekadashi - Gangtok. Dashami ends and Ekadashi begins on 2026-08-23 02:00:00 AM IST. On 23-Aug-26, Sooryodaya is 05:10 AM and Arunodaya is 03:34 AM. Ekadashi is present at sunrise and had begun before Arunodaya, so this is a valid Ekadashi sunrise. Ekadashi ends on 2026-08-24 04:18:00 AM IST and does not remain through another sunrise. Ekadashi ends and Dwadashi begins on 2026-08-24 04:18:00 AM IST. Dwadashi is present at Sooryodaya on 24-Aug-26 (Sooryodaya 05:11 AM). Dwadashi extends to the next sunrise also, so it is again present at Sooryodaya on 25-Aug-26 (Sooryodaya 05:11 AM). Dwadashi ends and Trayodashi begins on 2026-08-25 06:20:00 AM IST. Therefore the Upavaasa is observed on 23-Aug-26 and 24-Aug-26. For Parana on 25-Aug-26, Sooryodaya is 05:11 AM, Pratah Kala ends at 07:46 AM, Dwadashi ends at 2026-08-25 06:20:00 AM IST, and Hari Vasara ends at 2026-08-24 10:48:30 AM IST. Because the Upavaasa itself was observed on Dwadashi, Hari Vasara is not used to delay the Parana start on the following morning. Dwadashi is still present at Sooryodaya, so Parana starts at Sooryodaya (05:11 AM). Dwadashi ends at 06:20 AM, before Pratah Kala ends at 07:46 AM; therefore Dwadashi end is the limiting end time. Hence Parana is 05:11 AM to 06:20 AM.",2026-08-22:Dashami | 2026-08-23:Ekadashi | 2026-08-24:Dwadashi | 2026-08-25:Dwadashi,2026-08-22:Jyeshtha | 2026-08-23:Mula | 2026-08-24:Purva Ashadha | 2026-08-25:Uttara Ashadha,2026-08-23 02:00:00 AM IST,2026-08-24 04:18:00 AM IST,2026-08-25 06:20:00 AM IST,2026-08-23,05:10 AM,2026-08-23 03:34:00 AM IST,2026-08-23,,2026-08-23:VALID (start 2026-08-23 02:00:00 AM IST < Arunodaya 2026-08-23 03:34:00 AM IST),2026-08-23,05:10 AM,2026-08-23 03:34:00 AM IST,2026-08-24,Purva Ashadha,2026-08-24 10:48:30 AM IST,2026-08-22,2026-08-25,2026-08-22 | 2026-08-23 | 2026-08-24 | 2026-08-25,0,COMPLETE,,,Dwadashi Dwaya,DWADASHI_DWAYA,A valid Ekadashi sunrise is followed by Dwadashi at two consecutive sunrises. Observe Upavaasa on the valid Ekadashi day and on the first Dwadashi day; Parana is on the following morning.,2026-08-23:VALID (start 2026-08-23 02:00:00 AM IST < Arunodaya 2026-08-23 03:34:00 AM IST),2026-08-23,2026-08-24,2026-08-25,POST_DWADASHI_UPAVASA,POST_DWADASHI_FAST_DWADASHI_ENDS_IN_PRATAH,2026-08-25 05:11:00 AM IST,2026-08-25 06:20:00 AM IST,Dwadashi is present at Parana-day sunrise and ends during Pratah; Parana is sunrise to Dwadashi end.
Silchar,Assam,India,Asia/Kolkata,geoname:1256287,1256287,Shravana Putrada Ekadashi,2026-08-23,"Shravana Putrada Ekadashi - Silchar. Dashami ends and Ekadashi begins on 2026-08-23 02:00:00 AM IST. On 23-Aug-26, Sooryodaya is 04:56 AM and Arunodaya is 03:20 AM. Ekadashi is present at sunrise and had begun before Arunodaya, so this is a valid Ekadashi sunrise. Ekadashi ends on 2026-08-24 04:18:00 AM IST and does not remain through another sunrise. Ekadashi ends and Dwadashi begins on 2026-08-24 04:18:00 AM IST. Dwadashi is present at Sooryodaya on 24-Aug-26 (Sooryodaya 04:57 AM). Dwadashi extends to the next sunrise also, so it is again present at Sooryodaya on 25-Aug-26 (Sooryodaya 04:57 AM). Dwadashi ends and Trayodashi begins on 2026-08-25 06:20:00 AM IST. Therefore the Upavaasa is observed on 23-Aug-26 and 24-Aug-26. For Parana on 25-Aug-26, Sooryodaya is 04:57 AM, Pratah Kala ends at 07:31 AM, Dwadashi ends at 2026-08-25 06:20:00 AM IST, and Hari Vasara ends at 2026-08-24 10:48:30 AM IST. Because the Upavaasa itself was observed on Dwadashi, Hari Vasara is not used to delay the Parana start on the following morning. Dwadashi is still present at Sooryodaya, so Parana starts at Sooryodaya (04:57 AM). Dwadashi ends at 06:20 AM, before Pratah Kala ends at 07:31 AM; therefore Dwadashi end is the limiting end time. Hence Parana is 04:57 AM to 06:20 AM.",2026-08-22:Dashami | 2026-08-23:Ekadashi | 2026-08-24:Dwadashi | 2026-08-25:Dwadashi,2026-08-22:Jyeshtha | 2026-08-23:Mula | 2026-08-24:Purva Ashadha | 2026-08-25:Uttara Ashadha,2026-08-23 02:00:00 AM IST,2026-08-24 04:18:00 AM IST,2026-08-25 06:20:00 AM IST,2026-08-23,04:56 AM,2026-08-23 03:20:00 AM IST,2026-08-23,,2026-08-23:VALID (start 2026-08-23 02:00:00 AM IST < Arunodaya 2026-08-23 03:20:00 AM IST),2026-08-23,04:56 AM,2026-08-23 03:20:00 AM IST,2026-08-24,Purva Ashadha,2026-08-24 10:48:30 AM IST,2026-08-22,2026-08-25,2026-08-22 | 2026-08-23 | 2026-08-24 | 2026-08-25,0,COMPLETE,,,Dwadashi Dwaya,DWADASHI_DWAYA,A valid Ekadashi sunrise is followed by Dwadashi at two consecutive sunrises. Observe Upavaasa on the valid Ekadashi day and on the first Dwadashi day; Parana is on the following morning.,2026-08-23:VALID (start 2026-08-23 02:00:00 AM IST < Arunodaya 2026-08-23 03:20:00 AM IST),2026-08-23,2026-08-24,2026-08-25,POST_DWADASHI_UPAVASA,POST_DWADASHI_FAST_DWADASHI_ENDS_IN_PRATAH,2026-08-25 04:57:00 AM IST,2026-08-25 06:20:00 AM IST,Dwadashi is present at Parana-day sunrise and ends during Pratah; Parana is sunrise to Dwadashi end.
Dibrugarh,Assam,India,Asia/Kolkata,geoname:1272648,1272648,Shravana Putrada Ekadashi,2026-08-23,"Shravana Putrada Ekadashi - Dibrugarh. Dashami ends and Ekadashi begins on 2026-08-23 02:00:00 AM IST. On 23-Aug-26, Sooryodaya is 04:45 AM and Arunodaya is 03:09 AM. Ekadashi is present at sunrise and had begun before Arunodaya, so this is a valid Ekadashi sunrise. Ekadashi ends on 2026-08-24 04:18:00 AM IST and does not remain through another sunrise. Ekadashi ends and Dwadashi begins on 2026-08-24 04:18:00 AM IST. Dwadashi is present at Sooryodaya on 24-Aug-26 (Sooryodaya 04:45 AM). Dwadashi extends to the next sunrise also, so it is again present at Sooryodaya on 25-Aug-26 (Sooryodaya 04:46 AM). Dwadashi ends and Trayodashi begins on 2026-08-25 06:20:00 AM IST. Therefore the Upavaasa is observed on 23-Aug-26 and 24-Aug-26. For Parana on 25-Aug-26, Sooryodaya is 04:46 AM, Pratah Kala ends at 07:21 AM, Dwadashi ends at 2026-08-25 06:20:00 AM IST, and Hari Vasara ends at 2026-08-24 10:48:30 AM IST. Because the Upavaasa itself was observed on Dwadashi, Hari Vasara is not used to delay the Parana start on the following morning. Dwadashi is still present at Sooryodaya, so Parana starts at Sooryodaya (04:46 AM). Dwadashi ends at 06:20 AM, before Pratah Kala ends at 07:21 AM; therefore Dwadashi end is the limiting end time. Hence Parana is 04:46 AM to 06:20 AM.",2026-08-22:Dashami | 2026-08-23:Ekadashi | 2026-08-24:Dwadashi | 2026-08-25:Dwadashi,2026-08-22:Jyeshtha | 2026-08-23:Mula | 2026-08-24:Purva Ashadha | 2026-08-25:Uttara Ashadha,2026-08-23 02:00:00 AM IST,2026-08-24 04:18:00 AM IST,2026-08-25 06:20:00 AM IST,2026-08-23,04:45 AM,2026-08-23 03:09:00 AM IST,2026-08-23,,2026-08-23:VALID (start 2026-08-23 02:00:00 AM IST < Arunodaya 2026-08-23 03:09:00 AM IST),2026-08-23,04:45 AM,2026-08-23 03:09:00 AM IST,2026-08-24,Purva Ashadha,2026-08-24 10:48:30 AM IST,2026-08-22,2026-08-25,2026-08-22 | 2026-08-23 | 2026-08-24 | 2026-08-25,0,COMPLETE,,,Dwadashi Dwaya,DWADASHI_DWAYA,A valid Ekadashi sunrise is followed by Dwadashi at two consecutive sunrises. Observe Upavaasa on the valid Ekadashi day and on the first Dwadashi day; Parana is on the following morning.,2026-08-23:VALID (start 2026-08-23 02:00:00 AM IST < Arunodaya 2026-08-23 03:09:00 AM IST),2026-08-23,2026-08-24,2026-08-25,POST_DWADASHI_UPAVASA,POST_DWADASHI_FAST_DWADASHI_ENDS_IN_PRATAH,2026-08-25 04:46:00 AM IST,2026-08-25 06:20:00 AM IST,Dwadashi is present at Parana-day sunrise and ends during Pratah; Parana is sunrise to Dwadashi end.
Imphal,Manipur,India,Asia/Kolkata,geoname:1269771,1269771,Shravana Putrada Ekadashi,2026-08-23,"Shravana Putrada Ekadashi - Imphal. Dashami ends and Ekadashi begins on 2026-08-23 02:00:00 AM IST. On 23-Aug-26, Sooryodaya is 04:52 AM and Arunodaya is 03:16 AM. Ekadashi is present at sunrise and had begun before Arunodaya, so this is a valid Ekadashi sunrise. Ekadashi ends on 2026-08-24 04:18:00 AM IST and does not remain through another sunrise. Ekadashi ends and Dwadashi begins on 2026-08-24 04:18:00 AM IST. Dwadashi is present at Sooryodaya on 24-Aug-26 (Sooryodaya 04:52 AM). Dwadashi extends to the next sunrise also, so it is again present at Sooryodaya on 25-Aug-26 (Sooryodaya 04:52 AM). Dwadashi ends and Trayodashi begins on 2026-08-25 06:20:00 AM IST. Therefore the Upavaasa is observed on 23-Aug-26 and 24-Aug-26. For Parana on 25-Aug-26, Sooryodaya is 04:52 AM, Pratah Kala ends at 07:26 AM, Dwadashi ends at 2026-08-25 06:20:00 AM IST, and Hari Vasara ends at 2026-08-24 10:48:30 AM IST. Because the Upavaasa itself was observed on Dwadashi, Hari Vasara is not used to delay the Parana start on the following morning. Dwadashi is still present at Sooryodaya, so Parana starts at Sooryodaya (04:52 AM). Dwadashi ends at 06:20 AM, before Pratah Kala ends at 07:26 AM; therefore Dwadashi end is the limiting end time. Hence Parana is 04:52 AM to 06:20 AM.",2026-08-22:Dashami | 2026-08-23:Ekadashi | 2026-08-24:Dwadashi | 2026-08-25:Dwadashi,2026-08-22:Jyeshtha | 2026-08-23:Mula | 2026-08-24:Purva Ashadha | 2026-08-25:Uttara Ashadha,2026-08-23 02:00:00 AM IST,2026-08-24 04:18:00 AM IST,2026-08-25 06:20:00 AM IST,2026-08-23,04:52 AM,2026-08-23 03:16:00 AM IST,2026-08-23,,2026-08-23:VALID (start 2026-08-23 02:00:00 AM IST < Arunodaya 2026-08-23 03:16:00 AM IST),2026-08-23,04:52 AM,2026-08-23 03:16:00 AM IST,2026-08-24,Purva Ashadha,2026-08-24 10:48:30 AM IST,2026-08-22,2026-08-25,2026-08-22 | 2026-08-23 | 2026-08-24 | 2026-08-25,0,COMPLETE,,,Dwadashi Dwaya,DWADASHI_DWAYA,A valid Ekadashi sunrise is followed by Dwadashi at two consecutive sunrises. Observe Upavaasa on the valid Ekadashi day and on the first Dwadashi day; Parana is on the following morning.,2026-08-23:VALID (start 2026-08-23 02:00:00 AM IST < Arunodaya 2026-08-23 03:16:00 AM IST),2026-08-23,2026-08-24,2026-08-25,POST_DWADASHI_UPAVASA,POST_DWADASHI_FAST_DWADASHI_ENDS_IN_PRATAH,2026-08-25 04:52:00 AM IST,2026-08-25 06:20:00 AM IST,Dwadashi is present at Parana-day sunrise and ends during Pratah; Parana is sunrise to Dwadashi end.
Dimapur,Nagaland,India,Asia/Kolkata,geoname:1272552,1272552,Shravana Putrada Ekadashi,2026-08-23,"Shravana Putrada Ekadashi - Dimapur. Dashami ends and Ekadashi begins on 2026-08-23 02:00:00 AM IST. On 23-Aug-26, Sooryodaya is 04:51 AM and Arunodaya is 03:15 AM. Ekadashi is present at sunrise and had begun before Arunodaya, so this is a valid Ekadashi sunrise. Ekadashi ends on 2026-08-24 04:18:00 AM IST and does not remain through another sunrise. Ekadashi ends and Dwadashi begins on 2026-08-24 04:18:00 AM IST. Dwadashi is present at Sooryodaya on 24-Aug-26 (Sooryodaya 04:52 AM). Dwadashi extends to the next sunrise also, so it is again present at Sooryodaya on 25-Aug-26 (Sooryodaya 04:52 AM). Dwadashi ends and Trayodashi begins on 2026-08-25 06:20:00 AM IST. Therefore the Upavaasa is observed on 23-Aug-26 and 24-Aug-26. For Parana on 25-Aug-26, Sooryodaya is 04:52 AM, Pratah Kala ends at 07:26 AM, Dwadashi ends at 2026-08-25 06:20:00 AM IST, and Hari Vasara ends at 2026-08-24 10:48:30 AM IST. Because the Upavaasa itself was observed on Dwadashi, Hari Vasara is not used to delay the Parana start on the following morning. Dwadashi is still present at Sooryodaya, so Parana starts at Sooryodaya (04:52 AM). Dwadashi ends at 06:20 AM, before Pratah Kala ends at 07:26 AM; therefore Dwadashi end is the limiting end time. Hence Parana is 04:52 AM to 06:20 AM.",2026-08-22:Dashami | 2026-08-23:Ekadashi | 2026-08-24:Dwadashi | 2026-08-25:Dwadashi,2026-08-22:Jyeshtha | 2026-08-23:Mula | 2026-08-24:Purva Ashadha | 2026-08-25:Uttara Ashadha,2026-08-23 02:00:00 AM IST,2026-08-24 04:18:00 AM IST,2026-08-25 06:20:00 AM IST,2026-08-23,04:51 AM,2026-08-23 03:15:00 AM IST,2026-08-23,,2026-08-23:VALID (start 2026-08-23 02:00:00 AM IST < Arunodaya 2026-08-23 03:15:00 AM IST),2026-08-23,04:51 AM,2026-08-23 03:15:00 AM IST,2026-08-24,Purva Ashadha,2026-08-24 10:48:30 AM IST,2026-08-22,2026-08-25,2026-08-22 | 2026-08-23 | 2026-08-24 | 2026-08-25,0,COMPLETE,,,Dwadashi Dwaya,DWADASHI_DWAYA,A valid Ekadashi sunrise is followed by Dwadashi at two consecutive sunrises. Observe Upavaasa on the valid Ekadashi day and on the first Dwadashi day; Parana is on the following morning.,2026-08-23:VALID (start 2026-08-23 02:00:00 AM IST < Arunodaya 2026-08-23 03:15:00 AM IST),2026-08-23,2026-08-24,2026-08-25,POST_DWADASHI_UPAVASA,POST_DWADASHI_FAST_DWADASHI_ENDS_IN_PRATAH,2026-08-25 04:52:00 AM IST,2026-08-25 06:20:00 AM IST,Dwadashi is present at Parana-day sunrise and ends during Pratah; Parana is sunrise to Dwadashi end.
Itanagar,Arunachal Pradesh,India,Asia/Kolkata,geoname:1269655,1269655,Shravana Putrada Ekadashi,2026-08-23,"Shravana Putrada Ekadashi - Itanagar. Dashami ends and Ekadashi begins on 2026-08-23 02:00:00 AM IST. On 23-Aug-26, Sooryodaya is 04:51 AM and Arunodaya is 03:15 AM. Ekadashi is present at sunrise and had begun before Arunodaya, so this is a valid Ekadashi sunrise. Ekadashi ends on 2026-08-24 04:18:00 AM IST and does not remain through another sunrise. Ekadashi ends and Dwadashi begins on 2026-08-24 04:18:00 AM IST. Dwadashi is present at Sooryodaya on 24-Aug-26 (Sooryodaya 04:51 AM). Dwadashi extends to the next sunrise also, so it is again present at Sooryodaya on 25-Aug-26 (Sooryodaya 04:51 AM). Dwadashi ends and Trayodashi begins on 2026-08-25 06:20:00 AM IST. Therefore the Upavaasa is observed on 23-Aug-26 and 24-Aug-26. For Parana on 25-Aug-26, Sooryodaya is 04:51 AM, Pratah Kala ends at 07:25 AM, Dwadashi ends at 2026-08-25 06:20:00 AM IST, and Hari Vasara ends at 2026-08-24 10:48:30 AM IST. Because the Upavaasa itself was observed on Dwadashi, Hari Vasara is not used to delay the Parana start on the following morning. Dwadashi is still present at Sooryodaya, so Parana starts at Sooryodaya (04:51 AM). Dwadashi ends at 06:20 AM, before Pratah Kala ends at 07:25 AM; therefore Dwadashi end is the limiting end time. Hence Parana is 04:51 AM to 06:20 AM.",2026-08-22:Dashami | 2026-08-23:Ekadashi | 2026-08-24:Dwadashi | 2026-08-25:Dwadashi,2026-08-22:Jyeshtha | 2026-08-23:Mula | 2026-08-24:Purva Ashadha | 2026-08-25:Uttara Ashadha,2026-08-23 02:00:00 AM IST,2026-08-24 04:18:00 AM IST,2026-08-25 06:20:00 AM IST,2026-08-23,04:51 AM,2026-08-23 03:15:00 AM IST,2026-08-23,,2026-08-23:VALID (start 2026-08-23 02:00:00 AM IST < Arunodaya 2026-08-23 03:15:00 AM IST),2026-08-23,04:51 AM,2026-08-23 03:15:00 AM IST,2026-08-24,Purva Ashadha,2026-08-24 10:48:30 AM IST,2026-08-22,2026-08-25,2026-08-22 | 2026-08-23 | 2026-08-24 | 2026-08-25,0,COMPLETE,,,Dwadashi Dwaya,DWADASHI_DWAYA,A valid Ekadashi sunrise is followed by Dwadashi at two consecutive sunrises. Observe Upavaasa on the valid Ekadashi day and on the first Dwadashi day; Parana is on the following morning.,2026-08-23:VALID (start 2026-08-23 02:00:00 AM IST < Arunodaya 2026-08-23 03:15:00 AM IST),2026-08-23,2026-08-24,2026-08-25,POST_DWADASHI_UPAVASA,POST_DWADASHI_FAST_DWADASHI_ENDS_IN_PRATAH,2026-08-25 04:51:00 AM IST,2026-08-25 06:20:00 AM IST,Dwadashi is present at Parana-day sunrise and ends during Pratah; Parana is sunrise to Dwadashi end.
Madurai,Tamil Nadu,India,Asia/Kolkata,geoname:1264521,1264521,Shravana Putrada Ekadashi,2026-08-23,"Shravana Putrada Ekadashi - Madurai. Dashami ends and Ekadashi begins on 2026-08-23 02:00:00 AM IST. On 23-Aug-26, Sooryodaya is 06:09 AM and Arunodaya is 04:33 AM. Ekadashi is present at sunrise and had begun before Arunodaya, so this is a valid Ekadashi sunrise. Ekadashi ends on 2026-08-24 04:18:00 AM IST and does not remain through another sunrise. Ekadashi ends and Dwadashi begins on 2026-08-24 04:18:00 AM IST. Dwadashi is present at Sooryodaya on 24-Aug-26 (Sooryodaya 06:09 AM). Dwadashi extends to the next sunrise also, so it is again present at Sooryodaya on 25-Aug-26 (Sooryodaya 06:09 AM). Dwadashi ends and Trayodashi begins on 2026-08-25 06:20:00 AM IST. Therefore the Upavaasa is observed on 23-Aug-26 and 24-Aug-26. For Parana on 25-Aug-26, Sooryodaya is 06:09 AM, Pratah Kala ends at 08:37 AM, Dwadashi ends at 2026-08-25 06:20:00 AM IST, and Hari Vasara ends at 2026-08-24 10:48:30 AM IST. Because the Upavaasa itself was observed on Dwadashi, Hari Vasara is not used to delay the Parana start on the following morning. Dwadashi is still present at Sooryodaya, so Parana starts at Sooryodaya (06:09 AM). Dwadashi ends at 06:20 AM, before Pratah Kala ends at 08:37 AM; therefore Dwadashi end is the limiting end time. Hence Parana is 06:09 AM to 06:20 AM.",2026-08-22:Dashami | 2026-08-23:Ekadashi | 2026-08-24:Dwadashi | 2026-08-25:Dwadashi,2026-08-22:Jyeshtha | 2026-08-23:Mula | 2026-08-24:Purva Ashadha | 2026-08-25:Uttara Ashadha,2026-08-23 02:00:00 AM IST,2026-08-24 04:18:00 AM IST,2026-08-25 06:20:00 AM IST,2026-08-23,06:09 AM,2026-08-23 04:33:00 AM IST,2026-08-23,,2026-08-23:VALID (start 2026-08-23 02:00:00 AM IST < Arunodaya 2026-08-23 04:33:00 AM IST),2026-08-23,06:09 AM,2026-08-23 04:33:00 AM IST,2026-08-24,Purva Ashadha,2026-08-24 10:48:30 AM IST,2026-08-22,2026-08-25,2026-08-22 | 2026-08-23 | 2026-08-24 | 2026-08-25,0,COMPLETE,,,Dwadashi Dwaya,DWADASHI_DWAYA,A valid Ekadashi sunrise is followed by Dwadashi at two consecutive sunrises. Observe Upavaasa on the valid Ekadashi day and on the first Dwadashi day; Parana is on the following morning.,2026-08-23:VALID (start 2026-08-23 02:00:00 AM IST < Arunodaya 2026-08-23 04:33:00 AM IST),2026-08-23,2026-08-24,2026-08-25,POST_DWADASHI_UPAVASA,POST_DWADASHI_FAST_DWADASHI_ENDS_IN_PRATAH,2026-08-25 06:09:00 AM IST,2026-08-25 06:20:00 AM IST,Dwadashi is present at Parana-day sunrise and ends during Pratah; Parana is sunrise to Dwadashi end.
Kumbakonam,Tamil Nadu,India,Asia/Kolkata,geoname:1265683,1265683,Shravana Putrada Ekadashi,2026-08-23,"Shravana Putrada Ekadashi - Kumbakonam. Dashami ends and Ekadashi begins on 2026-08-23 02:00:00 AM IST. On 23-Aug-26, Sooryodaya is 06:03 AM and Arunodaya is 04:27 AM. Ekadashi is present at sunrise and had begun before Arunodaya, so this is a valid Ekadashi sunrise. Ekadashi ends on 2026-08-24 04:18:00 AM IST and does not remain through another sunrise. Ekadashi ends and Dwadashi begins on 2026-08-24 04:18:00 AM IST. Dwadashi is present at Sooryodaya on 24-Aug-26 (Sooryodaya 06:03 AM). Dwadashi extends to the next sunrise also, so it is again present at Sooryodaya on 25-Aug-26 (Sooryodaya 06:03 AM). Dwadashi ends and Trayodashi begins on 2026-08-25 06:20:00 AM IST. Therefore the Upavaasa is observed on 23-Aug-26 and 24-Aug-26. For Parana on 25-Aug-26, Sooryodaya is 06:03 AM, Pratah Kala ends at 08:32 AM, Dwadashi ends at 2026-08-25 06:20:00 AM IST, and Hari Vasara ends at 2026-08-24 10:48:30 AM IST. Because the Upavaasa itself was observed on Dwadashi, Hari Vasara is not used to delay the Parana start on the following morning. Dwadashi is still present at Sooryodaya, so Parana starts at Sooryodaya (06:03 AM). Dwadashi ends at 06:20 AM, before Pratah Kala ends at 08:32 AM; therefore Dwadashi end is the limiting end time. Hence Parana is 06:03 AM to 06:20 AM.",2026-08-22:Dashami | 2026-08-23:Ekadashi | 2026-08-24:Dwadashi | 2026-08-25:Dwadashi,2026-08-22:Jyeshtha | 2026-08-23:Mula | 2026-08-24:Purva Ashadha | 2026-08-25:Uttara Ashadha,2026-08-23 02:00:00 AM IST,2026-08-24 04:18:00 AM IST,2026-08-25 06:20:00 AM IST,2026-08-23,06:03 AM,2026-08-23 04:27:00 AM IST,2026-08-23,,2026-08-23:VALID (start 2026-08-23 02:00:00 AM IST < Arunodaya 2026-08-23 04:27:00 AM IST),2026-08-23,06:03 AM,2026-08-23 04:27:00 AM IST,2026-08-24,Purva Ashadha,2026-08-24 10:48:30 AM IST,2026-08-22,2026-08-25,2026-08-22 | 2026-08-23 | 2026-08-24 | 2026-08-25,0,COMPLETE,,,Dwadashi Dwaya,DWADASHI_DWAYA,A valid Ekadashi sunrise is followed by Dwadashi at two consecutive sunrises. Observe Upavaasa on the valid Ekadashi day and on the first Dwadashi day; Parana is on the following morning.,2026-08-23:VALID (start 2026-08-23 02:00:00 AM IST < Arunodaya 2026-08-23 04:27:00 AM IST),2026-08-23,2026-08-24,2026-08-25,POST_DWADASHI_UPAVASA,POST_DWADASHI_FAST_DWADASHI_ENDS_IN_PRATAH,2026-08-25 06:03:00 AM IST,2026-08-25 06:20:00 AM IST,Dwadashi is present at Parana-day sunrise and ends during Pratah; Parana is sunrise to Dwadashi end.
Chidambaram,Tamil Nadu,India,Asia/Kolkata,geoname:1274256,1274256,Shravana Putrada Ekadashi,2026-08-23,"Shravana Putrada Ekadashi - Chidambaram. Dashami ends and Ekadashi begins on 2026-08-23 02:00:00 AM IST. On 23-Aug-26, Sooryodaya is 06:01 AM and Arunodaya is 04:25 AM. Ekadashi is present at sunrise and had begun before Arunodaya, so this is a valid Ekadashi sunrise. Ekadashi ends on 2026-08-24 04:18:00 AM IST and does not remain through another sunrise. Ekadashi ends and Dwadashi begins on 2026-08-24 04:18:00 AM IST. Dwadashi is present at Sooryodaya on 24-Aug-26 (Sooryodaya 06:01 AM). Dwadashi extends to the next sunrise also, so it is again present at Sooryodaya on 25-Aug-26 (Sooryodaya 06:01 AM). Dwadashi ends and Trayodashi begins on 2026-08-25 06:20:00 AM IST. Therefore the Upavaasa is observed on 23-Aug-26 and 24-Aug-26. For Parana on 25-Aug-26, Sooryodaya is 06:01 AM, Pratah Kala ends at 08:30 AM, Dwadashi ends at 2026-08-25 06:20:00 AM IST, and Hari Vasara ends at 2026-08-24 10:48:30 AM IST. Because the Upavaasa itself was observed on Dwadashi, Hari Vasara is not used to delay the Parana start on the following morning. Dwadashi is still present at Sooryodaya, so Parana starts at Sooryodaya (06:01 AM). Dwadashi ends at 06:20 AM, before Pratah Kala ends at 08:30 AM; therefore Dwadashi end is the limiting end time. Hence Parana is 06:01 AM to 06:20 AM.",2026-08-22:Dashami | 2026-08-23:Ekadashi | 2026-08-24:Dwadashi | 2026-08-25:Dwadashi,2026-08-22:Jyeshtha | 2026-08-23:Mula | 2026-08-24:Purva Ashadha | 2026-08-25:Uttara Ashadha,2026-08-23 02:00:00 AM IST,2026-08-24 04:18:00 AM IST,2026-08-25 06:20:00 AM IST,2026-08-23,06:01 AM,2026-08-23 04:25:00 AM IST,2026-08-23,,2026-08-23:VALID (start 2026-08-23 02:00:00 AM IST < Arunodaya 2026-08-23 04:25:00 AM IST),2026-08-23,06:01 AM,2026-08-23 04:25:00 AM IST,2026-08-24,Purva Ashadha,2026-08-24 10:48:30 AM IST,2026-08-22,2026-08-25,2026-08-22 | 2026-08-23 | 2026-08-24 | 2026-08-25,0,COMPLETE,,,Dwadashi Dwaya,DWADASHI_DWAYA,A valid Ekadashi sunrise is followed by Dwadashi at two consecutive sunrises. Observe Upavaasa on the valid Ekadashi day and on the first Dwadashi day; Parana is on the following morning.,2026-08-23:VALID (start 2026-08-23 02:00:00 AM IST < Arunodaya 2026-08-23 04:25:00 AM IST),2026-08-23,2026-08-24,2026-08-25,POST_DWADASHI_UPAVASA,POST_DWADASHI_FAST_DWADASHI_ENDS_IN_PRATAH,2026-08-25 06:01:00 AM IST,2026-08-25 06:20:00 AM IST,Dwadashi is present at Parana-day sunrise and ends during Pratah; Parana is sunrise to Dwadashi end.
Kanchipuram,Tamil Nadu,India,Asia/Kolkata,geoname:1268159,1268159,Shravana Putrada Ekadashi,2026-08-23,"Shravana Putrada Ekadashi - Kanchipuram. Dashami ends and Ekadashi begins on 2026-08-23 02:00:00 AM IST. On 23-Aug-26, Sooryodaya is 06:00 AM and Arunodaya is 04:24 AM. Ekadashi is present at sunrise and had begun before Arunodaya, so this is a valid Ekadashi sunrise. Ekadashi ends on 2026-08-24 04:18:00 AM IST and does not remain through another sunrise. Ekadashi ends and Dwadashi begins on 2026-08-24 04:18:00 AM IST. Dwadashi is present at Sooryodaya on 24-Aug-26 (Sooryodaya 06:00 AM). Dwadashi extends to the next sunrise also, so it is again present at Sooryodaya on 25-Aug-26 (Sooryodaya 06:00 AM). Dwadashi ends and Trayodashi begins on 2026-08-25 06:20:00 AM IST. Therefore the Upavaasa is observed on 23-Aug-26 and 24-Aug-26. For Parana on 25-Aug-26, Sooryodaya is 06:00 AM, Pratah Kala ends at 08:29 AM, Dwadashi ends at 2026-08-25 06:20:00 AM IST, and Hari Vasara ends at 2026-08-24 10:48:30 AM IST. Because the Upavaasa itself was observed on Dwadashi, Hari Vasara is not used to delay the Parana start on the following morning. Dwadashi is still present at Sooryodaya, so Parana starts at Sooryodaya (06:00 AM). Dwadashi ends at 06:20 AM, before Pratah Kala ends at 08:29 AM; therefore Dwadashi end is the limiting end time. Hence Parana is 06:00 AM to 06:20 AM.",2026-08-22:Dashami | 2026-08-23:Ekadashi | 2026-08-24:Dwadashi | 2026-08-25:Dwadashi,2026-08-22:Jyeshtha | 2026-08-23:Mula | 2026-08-24:Purva Ashadha | 2026-08-25:Uttara Ashadha,2026-08-23 02:00:00 AM IST,2026-08-24 04:18:00 AM IST,2026-08-25 06:20:00 AM IST,2026-08-23,06:00 AM,2026-08-23 04:24:00 AM IST,2026-08-23,,2026-08-23:VALID (start 2026-08-23 02:00:00 AM IST < Arunodaya 2026-08-23 04:24:00 AM IST),2026-08-23,06:00 AM,2026-08-23 04:24:00 AM IST,2026-08-24,Purva Ashadha,2026-08-24 10:48:30 AM IST,2026-08-22,2026-08-25,2026-08-22 | 2026-08-23 | 2026-08-24 | 2026-08-25,0,COMPLETE,,,Dwadashi Dwaya,DWADASHI_DWAYA,A valid Ekadashi sunrise is followed by Dwadashi at two consecutive sunrises. Observe Upavaasa on the valid Ekadashi day and on the first Dwadashi day; Parana is on the following morning.,2026-08-23:VALID (start 2026-08-23 02:00:00 AM IST < Arunodaya 2026-08-23 04:24:00 AM IST),2026-08-23,2026-08-24,2026-08-25,POST_DWADASHI_UPAVASA,POST_DWADASHI_FAST_DWADASHI_ENDS_IN_PRATAH,2026-08-25 06:00:00 AM IST,2026-08-25 06:20:00 AM IST,Dwadashi is present at Parana-day sunrise and ends during Pratah; Parana is sunrise to Dwadashi end.
Srirangam,Tamil Nadu,India,Asia/Kolkata,geoname:1254388,1254388,Shravana Putrada Ekadashi,2026-08-23,"Shravana Putrada Ekadashi - Srirangam. Dashami ends and Ekadashi begins on 2026-08-23 02:00:00 AM IST. On 23-Aug-26, Sooryodaya is 06:06 AM and Arunodaya is 04:30 AM. Ekadashi is present at sunrise and had begun before Arunodaya, so this is a valid Ekadashi sunrise. Ekadashi ends on 2026-08-24 04:18:00 AM IST and does not remain through another sunrise. Ekadashi ends and Dwadashi begins on 2026-08-24 04:18:00 AM IST. Dwadashi is present at Sooryodaya on 24-Aug-26 (Sooryodaya 06:06 AM). Dwadashi extends to the next sunrise also, so it is again present at Sooryodaya on 25-Aug-26 (Sooryodaya 06:06 AM). Dwadashi ends and Trayodashi begins on 2026-08-25 06:20:00 AM IST. Therefore the Upavaasa is observed on 23-Aug-26 and 24-Aug-26. For Parana on 25-Aug-26, Sooryodaya is 06:06 AM, Pratah Kala ends at 08:35 AM, Dwadashi ends at 2026-08-25 06:20:00 AM IST, and Hari Vasara ends at 2026-08-24 10:48:30 AM IST. Because the Upavaasa itself was observed on Dwadashi, Hari Vasara is not used to delay the Parana start on the following morning. Dwadashi is still present at Sooryodaya, so Parana starts at Sooryodaya (06:06 AM). Dwadashi ends at 06:20 AM, before Pratah Kala ends at 08:35 AM; therefore Dwadashi end is the limiting end time. Hence Parana is 06:06 AM to 06:20 AM.",2026-08-22:Dashami | 2026-08-23:Ekadashi | 2026-08-24:Dwadashi | 2026-08-25:Dwadashi,2026-08-22:Jyeshtha | 2026-08-23:Mula | 2026-08-24:Purva Ashadha | 2026-08-25:Uttara Ashadha,2026-08-23 02:00:00 AM IST,2026-08-24 04:18:00 AM IST,2026-08-25 06:20:00 AM IST,2026-08-23,06:06 AM,2026-08-23 04:30:00 AM IST,2026-08-23,,2026-08-23:VALID (start 2026-08-23 02:00:00 AM IST < Arunodaya 2026-08-23 04:30:00 AM IST),2026-08-23,06:06 AM,2026-08-23 04:30:00 AM IST,2026-08-24,Purva Ashadha,2026-08-24 10:48:30 AM IST,2026-08-22,2026-08-25,2026-08-22 | 2026-08-23 | 2026-08-24 | 2026-08-25,0,COMPLETE,,,Dwadashi Dwaya,DWADASHI_DWAYA,A valid Ekadashi sunrise is followed by Dwadashi at two consecutive sunrises. Observe Upavaasa on the valid Ekadashi day and on the first Dwadashi day; Parana is on the following morning.,2026-08-23:VALID (start 2026-08-23 02:00:00 AM IST < Arunodaya 2026-08-23 04:30:00 AM IST),2026-08-23,2026-08-24,2026-08-25,POST_DWADASHI_UPAVASA,POST_DWADASHI_FAST_DWADASHI_ENDS_IN_PRATAH,2026-08-25 06:06:00 AM IST,2026-08-25 06:20:00 AM IST,Dwadashi is present at Parana-day sunrise and ends during Pratah; Parana is sunrise to Dwadashi end.
Guruvayur,Kerala,India,Asia/Kolkata,geoname:1270603,1270603,Shravana Putrada Ekadashi,2026-08-23,"Shravana Putrada Ekadashi - Guruvayur. Dashami ends and Ekadashi begins on 2026-08-23 02:00:00 AM IST. On 23-Aug-26, Sooryodaya is 06:16 AM and Arunodaya is 04:40 AM. Ekadashi is present at sunrise and had begun before Arunodaya, so this is a valid Ekadashi sunrise. Ekadashi ends on 2026-08-24 04:18:00 AM IST and does not remain through another sunrise. Ekadashi ends and Dwadashi begins on 2026-08-24 04:18:00 AM IST. Dwadashi is present at Sooryodaya on 24-Aug-26 (Sooryodaya 06:16 AM). Dwadashi extends to the next sunrise also, so it is again present at Sooryodaya on 25-Aug-26 (Sooryodaya 06:16 AM). Dwadashi ends and Trayodashi begins on 2026-08-25 06:20:00 AM IST. Therefore the Upavaasa is observed on 23-Aug-26 and 24-Aug-26. For Parana on 25-Aug-26, Sooryodaya is 06:16 AM, Pratah Kala ends at 08:45 AM, Dwadashi ends at 2026-08-25 06:20:00 AM IST, and Hari Vasara ends at 2026-08-24 10:48:30 AM IST. Because the Upavaasa itself was observed on Dwadashi, Hari Vasara is not used to delay the Parana start on the following morning. Dwadashi is still present at Sooryodaya, so Parana starts at Sooryodaya (06:16 AM). Dwadashi ends at 06:20 AM, before Pratah Kala ends at 08:45 AM; therefore Dwadashi end is the limiting end time. Hence Parana is 06:16 AM to 06:20 AM.",2026-08-22:Dashami | 2026-08-23:Ekadashi | 2026-08-24:Dwadashi | 2026-08-25:Dwadashi,2026-08-22:Jyeshtha | 2026-08-23:Mula | 2026-08-24:Purva Ashadha | 2026-08-25:Uttara Ashadha,2026-08-23 02:00:00 AM IST,2026-08-24 04:18:00 AM IST,2026-08-25 06:20:00 AM IST,2026-08-23,06:16 AM,2026-08-23 04:40:00 AM IST,2026-08-23,,2026-08-23:VALID (start 2026-08-23 02:00:00 AM IST < Arunodaya 2026-08-23 04:40:00 AM IST),2026-08-23,06:16 AM,2026-08-23 04:40:00 AM IST,2026-08-24,Purva Ashadha,2026-08-24 10:48:30 AM IST,2026-08-22,2026-08-25,2026-08-22 | 2026-08-23 | 2026-08-24 | 2026-08-25,0,COMPLETE,,,Dwadashi Dwaya,DWADASHI_DWAYA,A valid Ekadashi sunrise is followed by Dwadashi at two consecutive sunrises. Observe Upavaasa on the valid Ekadashi day and on the first Dwadashi day; Parana is on the following morning.,2026-08-23:VALID (start 2026-08-23 02:00:00 AM IST < Arunodaya 2026-08-23 04:40:00 AM IST),2026-08-23,2026-08-24,2026-08-25,POST_DWADASHI_UPAVASA,POST_DWADASHI_FAST_DWADASHI_ENDS_IN_PRATAH,2026-08-25 06:16:00 AM IST,2026-08-25 06:20:00 AM IST,Dwadashi is present at Parana-day sunrise and ends during Pratah; Parana is sunrise to Dwadashi end.
Pandharpur,Maharashtra,India,Asia/Kolkata,geoname:1260546,1260546,Shravana Putrada Ekadashi,2026-08-23,"Shravana Putrada Ekadashi - Pandharpur. Dashami ends and Ekadashi begins on 2026-08-23 02:00:00 AM IST. On 23-Aug-26, Sooryodaya is 06:13 AM and Arunodaya is 04:37 AM. Ekadashi is present at sunrise and had begun before Arunodaya, so this is a valid Ekadashi sunrise. Ekadashi ends on 2026-08-24 04:18:00 AM IST and does not remain through another sunrise. Ekadashi ends and Dwadashi begins on 2026-08-24 04:18:00 AM IST. Dwadashi is present at Sooryodaya on 24-Aug-26 (Sooryodaya 06:13 AM). Dwadashi extends to the next sunrise also, so it is again present at Sooryodaya on 25-Aug-26 (Sooryodaya 06:13 AM). Dwadashi ends and Trayodashi begins on 2026-08-25 06:20:00 AM IST. Therefore the Upavaasa is observed on 23-Aug-26 and 24-Aug-26. For Parana on 25-Aug-26, Sooryodaya is 06:13 AM, Pratah Kala ends at 08:44 AM, Dwadashi ends at 2026-08-25 06:20:00 AM IST, and Hari Vasara ends at 2026-08-24 10:48:30 AM IST. Because the Upavaasa itself was observed on Dwadashi, Hari Vasara is not used to delay the Parana start on the following morning. Dwadashi is still present at Sooryodaya, so Parana starts at Sooryodaya (06:13 AM). Dwadashi ends at 06:20 AM, before Pratah Kala ends at 08:44 AM; therefore Dwadashi end is the limiting end time. Hence Parana is 06:13 AM to 06:20 AM.",2026-08-22:Dashami | 2026-08-23:Ekadashi | 2026-08-24:Dwadashi | 2026-08-25:Dwadashi,2026-08-22:Jyeshtha | 2026-08-23:Mula | 2026-08-24:Purva Ashadha | 2026-08-25:Uttara Ashadha,2026-08-23 02:00:00 AM IST,2026-08-24 04:18:00 AM IST,2026-08-25 06:20:00 AM IST,2026-08-23,06:13 AM,2026-08-23 04:37:00 AM IST,2026-08-23,,2026-08-23:VALID (start 2026-08-23 02:00:00 AM IST < Arunodaya 2026-08-23 04:37:00 AM IST),2026-08-23,06:13 AM,2026-08-23 04:37:00 AM IST,2026-08-24,Purva Ashadha,2026-08-24 10:48:30 AM IST,2026-08-22,2026-08-25,2026-08-22 | 2026-08-23 | 2026-08-24 | 2026-08-25,0,COMPLETE,,,Dwadashi Dwaya,DWADASHI_DWAYA,A valid Ekadashi sunrise is followed by Dwadashi at two consecutive sunrises. Observe Upavaasa on the valid Ekadashi day and on the first Dwadashi day; Parana is on the following morning.,2026-08-23:VALID (start 2026-08-23 02:00:00 AM IST < Arunodaya 2026-08-23 04:37:00 AM IST),2026-08-23,2026-08-24,2026-08-25,POST_DWADASHI_UPAVASA,POST_DWADASHI_FAST_DWADASHI_ENDS_IN_PRATAH,2026-08-25 06:13:00 AM IST,2026-08-25 06:20:00 AM IST,Dwadashi is present at Parana-day sunrise and ends during Pratah; Parana is sunrise to Dwadashi end.
Kolhapur,Maharashtra,India,Asia/Kolkata,geoname:1266285,1266285,Shravana Putrada Ekadashi,2026-08-23,"Shravana Putrada Ekadashi - Kolhapur. Dashami ends and Ekadashi begins on 2026-08-23 02:00:00 AM IST. On 23-Aug-26, Sooryodaya is 06:18 AM and Arunodaya is 04:42 AM. Ekadashi is present at sunrise and had begun before Arunodaya, so this is a valid Ekadashi sunrise. Ekadashi ends on 2026-08-24 04:18:00 AM IST and does not remain through another sunrise. Ekadashi ends and Dwadashi begins on 2026-08-24 04:18:00 AM IST. Dwadashi is present at Sooryodaya on 24-Aug-26 (Sooryodaya 06:18 AM). Dwadashi extends to the next sunrise also, so it is again present at Sooryodaya on 25-Aug-26 (Sooryodaya 06:19 AM). Dwadashi ends and Trayodashi begins on 2026-08-25 06:20:00 AM IST. Therefore the Upavaasa is observed on 23-Aug-26 and 24-Aug-26. For Parana on 25-Aug-26, Sooryodaya is 06:19 AM, Pratah Kala ends at 08:50 AM, Dwadashi ends at 2026-08-25 06:20:00 AM IST, and Hari Vasara ends at 2026-08-24 10:48:30 AM IST. Because the Upavaasa itself was observed on Dwadashi, Hari Vasara is not used to delay the Parana start on the following morning. Dwadashi is still present at Sooryodaya, so Parana starts at Sooryodaya (06:19 AM). Dwadashi ends at 06:20 AM, before Pratah Kala ends at 08:50 AM; therefore Dwadashi end is the limiting end time. Hence Parana is 06:19 AM to 06:20 AM.",2026-08-22:Dashami | 2026-08-23:Ekadashi | 2026-08-24:Dwadashi | 2026-08-25:Dwadashi,2026-08-22:Jyeshtha | 2026-08-23:Mula | 2026-08-24:Purva Ashadha | 2026-08-25:Uttara Ashadha,2026-08-23 02:00:00 AM IST,2026-08-24 04:18:00 AM IST,2026-08-25 06:20:00 AM IST,2026-08-23,06:18 AM,2026-08-23 04:42:00 AM IST,2026-08-23,,2026-08-23:VALID (start 2026-08-23 02:00:00 AM IST < Arunodaya 2026-08-23 04:42:00 AM IST),2026-08-23,06:18 AM,2026-08-23 04:42:00 AM IST,2026-08-24,Purva Ashadha,2026-08-24 10:48:30 AM IST,2026-08-22,2026-08-25,2026-08-22 | 2026-08-23 | 2026-08-24 | 2026-08-25,0,COMPLETE,,,Dwadashi Dwaya,DWADASHI_DWAYA,A valid Ekadashi sunrise is followed by Dwadashi at two consecutive sunrises. Observe Upavaasa on the valid Ekadashi day and on the first Dwadashi day; Parana is on the following morning.,2026-08-23:VALID (start 2026-08-23 02:00:00 AM IST < Arunodaya 2026-08-23 04:42:00 AM IST),2026-08-23,2026-08-24,2026-08-25,POST_DWADASHI_UPAVASA,POST_DWADASHI_FAST_DWADASHI_ENDS_IN_PRATAH,2026-08-25 06:19:00 AM IST,2026-08-25 06:20:00 AM IST,Dwadashi is present at Parana-day sunrise and ends during Pratah; Parana is sunrise to Dwadashi end.
Nagpur,Maharashtra,India,Asia/Kolkata,geoname:1262180,1262180,Shravana Putrada Ekadashi,2026-08-23,"Shravana Putrada Ekadashi - Nagpur. Dashami ends and Ekadashi begins on 2026-08-23 02:00:00 AM IST. On 23-Aug-26, Sooryodaya is 05:55 AM and Arunodaya is 04:19 AM. Ekadashi is present at sunrise and had begun before Arunodaya, so this is a valid Ekadashi sunrise. Ekadashi ends on 2026-08-24 04:18:00 AM IST and does not remain through another sunrise. Ekadashi ends and Dwadashi begins on 2026-08-24 04:18:00 AM IST. Dwadashi is present at Sooryodaya on 24-Aug-26 (Sooryodaya 05:55 AM). Dwadashi extends to the next sunrise also, so it is again present at Sooryodaya on 25-Aug-26 (Sooryodaya 05:55 AM). Dwadashi ends and Trayodashi begins on 2026-08-25 06:20:00 AM IST. Therefore the Upavaasa is observed on 23-Aug-26 and 24-Aug-26. For Parana on 25-Aug-26, Sooryodaya is 05:55 AM, Pratah Kala ends at 08:27 AM, Dwadashi ends at 2026-08-25 06:20:00 AM IST, and Hari Vasara ends at 2026-08-24 10:48:30 AM IST. Because the Upavaasa itself was observed on Dwadashi, Hari Vasara is not used to delay the Parana start on the following morning. Dwadashi is still present at Sooryodaya, so Parana starts at Sooryodaya (05:55 AM). Dwadashi ends at 06:20 AM, before Pratah Kala ends at 08:27 AM; therefore Dwadashi end is the limiting end time. Hence Parana is 05:55 AM to 06:20 AM.",2026-08-22:Dashami | 2026-08-23:Ekadashi | 2026-08-24:Dwadashi | 2026-08-25:Dwadashi,2026-08-22:Jyeshtha | 2026-08-23:Mula | 2026-08-24:Purva Ashadha | 2026-08-25:Uttara Ashadha,2026-08-23 02:00:00 AM IST,2026-08-24 04:18:00 AM IST,2026-08-25 06:20:00 AM IST,2026-08-23,05:55 AM,2026-08-23 04:19:00 AM IST,2026-08-23,,2026-08-23:VALID (start 2026-08-23 02:00:00 AM IST < Arunodaya 2026-08-23 04:19:00 AM IST),2026-08-23,05:55 AM,2026-08-23 04:19:00 AM IST,2026-08-24,Purva Ashadha,2026-08-24 10:48:30 AM IST,2026-08-22,2026-08-25,2026-08-22 | 2026-08-23 | 2026-08-24 | 2026-08-25,0,COMPLETE,,,Dwadashi Dwaya,DWADASHI_DWAYA,A valid Ekadashi sunrise is followed by Dwadashi at two consecutive sunrises. Observe Upavaasa on the valid Ekadashi day and on the first Dwadashi day; Parana is on the following morning.,2026-08-23:VALID (start 2026-08-23 02:00:00 AM IST < Arunodaya 2026-08-23 04:19:00 AM IST),2026-08-23,2026-08-24,2026-08-25,POST_DWADASHI_UPAVASA,POST_DWADASHI_FAST_DWADASHI_ENDS_IN_PRATAH,2026-08-25 05:55:00 AM IST,2026-08-25 06:20:00 AM IST,Dwadashi is present at Parana-day sunrise and ends during Pratah; Parana is sunrise to Dwadashi end.
Visakhapatnam,Andra Pradesh,India,Asia/Kolkata,geoname:1253102,1253102,Shravana Putrada Ekadashi,2026-08-23,"Shravana Putrada Ekadashi - Visakhapatnam. Dashami ends and Ekadashi begins on 2026-08-23 02:00:00 AM IST. On 23-Aug-26, Sooryodaya is 05:41 AM and Arunodaya is 04:05 AM. Ekadashi is present at sunrise and had begun before Arunodaya, so this is a valid Ekadashi sunrise. Ekadashi ends on 2026-08-24 04:18:00 AM IST and does not remain through another sunrise. Ekadashi ends and Dwadashi begins on 2026-08-24 04:18:00 AM IST. Dwadashi is present at Sooryodaya on 24-Aug-26 (Sooryodaya 05:42 AM). Dwadashi extends to the next sunrise also, so it is again present at Sooryodaya on 25-Aug-26 (Sooryodaya 05:42 AM). Dwadashi ends and Trayodashi begins on 2026-08-25 06:20:00 AM IST. Therefore the Upavaasa is observed on 23-Aug-26 and 24-Aug-26. For Parana on 25-Aug-26, Sooryodaya is 05:42 AM, Pratah Kala ends at 08:13 AM, Dwadashi ends at 2026-08-25 06:20:00 AM IST, and Hari Vasara ends at 2026-08-24 10:48:30 AM IST. Because the Upavaasa itself was observed on Dwadashi, Hari Vasara is not used to delay the Parana start on the following morning. Dwadashi is still present at Sooryodaya, so Parana starts at Sooryodaya (05:42 AM). Dwadashi ends at 06:20 AM, before Pratah Kala ends at 08:13 AM; therefore Dwadashi end is the limiting end time. Hence Parana is 05:42 AM to 06:20 AM.",2026-08-22:Dashami | 2026-08-23:Ekadashi | 2026-08-24:Dwadashi | 2026-08-25:Dwadashi,2026-08-22:Jyeshtha | 2026-08-23:Mula | 2026-08-24:Purva Ashadha | 2026-08-25:Uttara Ashadha,2026-08-23 02:00:00 AM IST,2026-08-24 04:18:00 AM IST,2026-08-25 06:20:00 AM IST,2026-08-23,05:41 AM,2026-08-23 04:05:00 AM IST,2026-08-23,,2026-08-23:VALID (start 2026-08-23 02:00:00 AM IST < Arunodaya 2026-08-23 04:05:00 AM IST),2026-08-23,05:41 AM,2026-08-23 04:05:00 AM IST,2026-08-24,Purva Ashadha,2026-08-24 10:48:30 AM IST,2026-08-22,2026-08-25,2026-08-22 | 2026-08-23 | 2026-08-24 | 2026-08-25,0,COMPLETE,,,Dwadashi Dwaya,DWADASHI_DWAYA,A valid Ekadashi sunrise is followed by Dwadashi at two consecutive sunrises. Observe Upavaasa on the valid Ekadashi day and on the first Dwadashi day; Parana is on the following morning.,2026-08-23:VALID (start 2026-08-23 02:00:00 AM IST < Arunodaya 2026-08-23 04:05:00 AM IST),2026-08-23,2026-08-24,2026-08-25,POST_DWADASHI_UPAVASA,POST_DWADASHI_FAST_DWADASHI_ENDS_IN_PRATAH,2026-08-25 05:42:00 AM IST,2026-08-25 06:20:00 AM IST,Dwadashi is present at Parana-day sunrise and ends during Pratah; Parana is sunrise to Dwadashi end.
Dubai,Dubai,United Arab Emirates,Asia/Dubai,geoname:292223,292223,Shravana Putrada Ekadashi,2026-08-23,"Shravana Putrada Ekadashi - Dubai. Dashami ends and Ekadashi begins on 2026-08-23 12:30:00 AM +04. On 23-Aug-26, Sooryodaya is 05:56 AM and Arunodaya is 04:20 AM. Ekadashi is present at sunrise and had begun before Arunodaya, so this is a valid Ekadashi sunrise. Ekadashi ends on 2026-08-24 02:48:00 AM +04 and does not remain through another sunrise. Ekadashi ends and Dwadashi begins on 2026-08-24 02:48:00 AM +04. Dwadashi is present at Sooryodaya on 24-Aug-26 (Sooryodaya 05:57 AM). Dwadashi ends and Trayodashi begins on 2026-08-25 04:50:00 AM +04. Therefore the Upavaasa is observed on 23-Aug-26. For Parana on 24-Aug-26, Sooryodaya is 05:57 AM, Pratah Kala ends at 08:31 AM, Dwadashi ends at 2026-08-25 04:50:00 AM +04, and Hari Vasara ends at 2026-08-24 09:18:30 AM +04. Hari Vasara does not clear within the usable Pratah window, so Pratah is missed. Madhyahna is skipped. Aparahna runs from 01:38 PM to 04:12 PM. Hari Vasara has already ended before Aparahna begins, so Parana starts at Aparahna start (01:38 PM). Aparahna ends at 04:12 PM, before Dwadashi ends; therefore Aparahna end is the limiting end time. Hence Parana is 01:38 PM to 04:12 PM.",2026-08-22:Dashami | 2026-08-23:Ekadashi | 2026-08-24:Dwadashi | 2026-08-25:Trayodashi,2026-08-22:Jyeshtha | 2026-08-23:Mula | 2026-08-24:Purva Ashadha | 2026-08-25:Uttara Ashadha,2026-08-23 12:30:00 AM +04,2026-08-24 02:48:00 AM +04,2026-08-25 04:50:00 AM +04,2026-08-23,05:56 AM,2026-08-23 04:20:00 AM +04,2026-08-23,,2026-08-23:VALID (start 2026-08-23 12:30:00 AM +04 < Arunodaya 2026-08-23 04:20:00 AM +04),2026-08-23,05:56 AM,2026-08-23 04:20:00 AM +04,2026-08-24,Purva Ashadha,2026-08-24 09:18:30 AM +04,2026-08-22,2026-08-25,2026-08-22 | 2026-08-23 | 2026-08-24 | 2026-08-25,0,COMPLETE,,,Normal Ekadashi,NORMAL,Ekadashi began before Arunodaya and has one valid Ekadashi sunrise. No two-day exception is triggered.,2026-08-23:VALID (start 2026-08-23 12:30:00 AM +04 < Arunodaya 2026-08-23 04:20:00 AM +04),2026-08-23,,2026-08-24,DWADASHI,APARAHNA,2026-08-24 01:38:24 PM +04,2026-08-24 04:12:12 PM +04,Pratah is unavailable; Madhyahna is skipped and Aparahna is used.
Doha,Baladīyat ad Dawḩah,Qatar,Asia/Qatar,geoname:290030,290030,Shravana Putrada Ekadashi,2026-08-23,"Shravana Putrada Ekadashi - Doha. Dashami ends and Ekadashi begins on 2026-08-22 11:30:00 PM +03. On 23-Aug-26, Sooryodaya is 05:11 AM and Arunodaya is 03:35 AM. Ekadashi is present at sunrise and had begun before Arunodaya, so this is a valid Ekadashi sunrise. Ekadashi ends on 2026-08-24 01:48:00 AM +03 and does not remain through another sunrise. Ekadashi ends and Dwadashi begins on 2026-08-24 01:48:00 AM +03. Dwadashi is present at Sooryodaya on 24-Aug-26 (Sooryodaya 05:11 AM). Dwadashi ends and Trayodashi begins on 2026-08-25 03:50:00 AM +03. Therefore the Upavaasa is observed on 23-Aug-26. For Parana on 24-Aug-26, Sooryodaya is 05:11 AM, Pratah Kala ends at 07:45 AM, Dwadashi ends at 2026-08-25 03:50:00 AM +03, and Hari Vasara ends at 2026-08-24 08:18:30 AM +03. Hari Vasara does not clear within the usable Pratah window, so Pratah is missed. Madhyahna is skipped. Aparahna runs from 12:53 PM to 03:27 PM. Hari Vasara has already ended before Aparahna begins, so Parana starts at Aparahna start (12:53 PM). Aparahna ends at 03:27 PM, before Dwadashi ends; therefore Aparahna end is the limiting end time. Hence Parana is 12:53 PM to 03:27 PM.",2026-08-22:Dashami | 2026-08-23:Ekadashi | 2026-08-24:Dwadashi | 2026-08-25:Trayodashi,2026-08-22:Jyeshtha | 2026-08-23:Mula | 2026-08-24:Purva Ashadha | 2026-08-25:Uttara Ashadha,2026-08-22 11:30:00 PM +03,2026-08-24 01:48:00 AM +03,2026-08-25 03:50:00 AM +03,2026-08-23,05:11 AM,2026-08-23 03:35:00 AM +03,2026-08-23,,2026-08-23:VALID (start 2026-08-22 11:30:00 PM +03 < Arunodaya 2026-08-23 03:35:00 AM +03),2026-08-23,05:11 AM,2026-08-23 03:35:00 AM +03,2026-08-24,Purva Ashadha,2026-08-24 08:18:30 AM +03,2026-08-22,2026-08-25,2026-08-22 | 2026-08-23 | 2026-08-24 | 2026-08-25,0,COMPLETE,,,Normal Ekadashi,NORMAL,Ekadashi began before Arunodaya and has one valid Ekadashi sunrise. No two-day exception is triggered.,2026-08-23:VALID (start 2026-08-22 11:30:00 PM +03 < Arunodaya 2026-08-23 03:35:00 AM +03),2026-08-23,,2026-08-24,DWADASHI,APARAHNA,2026-08-24 12:53:00 PM +03,2026-08-24 03:27:00 PM +03,Pratah is unavailable; Madhyahna is skipped and Aparahna is used.
Zurich,Zurich,Switzerland,Europe/Zurich,geoname:2657896,2657896,Shravana Putrada Ekadashi,2026-08-23,"Shravana Putrada Ekadashi - Zurich. Dashami ends and Ekadashi begins on 2026-08-22 10:30:00 PM CEST. On 23-Aug-26, Sooryodaya is 06:33 AM and Arunodaya is 04:57 AM. Ekadashi is present at sunrise and had begun before Arunodaya, so this is a valid Ekadashi sunrise. Ekadashi ends on 2026-08-24 12:48:00 AM CEST and does not remain through another sunrise. Ekadashi ends and Dwadashi begins on 2026-08-24 12:48:00 AM CEST. Dwadashi is present at Sooryodaya on 24-Aug-26 (Sooryodaya 06:34 AM). Dwadashi ends and Trayodashi begins on 2026-08-25 02:50:00 AM CEST. Therefore the Upavaasa is observed on 23-Aug-26. For Parana on 24-Aug-26, Sooryodaya is 06:34 AM, Pratah Kala ends at 09:20 AM, Dwadashi ends at 2026-08-25 02:50:00 AM CEST, and Hari Vasara ends at 2026-08-24 07:18:30 AM CEST. Hari Vasara ends after Sooryodaya, at 07:19 AM, but still within Pratah Kala. Therefore Parana cannot start at sunrise and starts at Hari Vasara end (07:19 AM). Pratah Kala ends at 09:20 AM, before Dwadashi ends; therefore Pratah Kala end is the limiting end time. Hence Parana is 07:19 AM to 09:20 AM.",2026-08-22:Dashami | 2026-08-23:Ekadashi | 2026-08-24:Dwadashi | 2026-08-25:Trayodashi,2026-08-22:Jyeshtha | 2026-08-23:Mula | 2026-08-24:Purva Ashadha | 2026-08-25:Uttara Ashadha,2026-08-22 10:30:00 PM CEST,2026-08-24 12:48:00 AM CEST,2026-08-25 02:50:00 AM CEST,2026-08-23,06:33 AM,2026-08-23 04:57:00 AM CEST,2026-08-23,,2026-08-23:VALID (start 2026-08-22 10:30:00 PM CEST < Arunodaya 2026-08-23 04:57:00 AM CEST),2026-08-23,06:33 AM,2026-08-23 04:57:00 AM CEST,2026-08-24,Purva Ashadha,2026-08-24 07:18:30 AM CEST,2026-08-22,2026-08-25,2026-08-22 | 2026-08-23 | 2026-08-24 | 2026-08-25,0,COMPLETE,,,Normal Ekadashi,NORMAL,Ekadashi began before Arunodaya and has one valid Ekadashi sunrise. No two-day exception is triggered.,2026-08-23:VALID (start 2026-08-22 10:30:00 PM CEST < Arunodaya 2026-08-23 04:57:00 AM CEST),2026-08-23,,2026-08-24,DWADASHI,PRATAH,2026-08-24 07:18:30 AM CEST,2026-08-24 09:19:36 AM CEST,Hari Vasara ends during Pratah; Parana begins after Hari Vasara and ends at Pratah end.
Esslingen,Esslingen,Germany,Europe/Berlin,geoname:2928751,2928751,Shravana Putrada Ekadashi,2026-08-23,"Shravana Putrada Ekadashi - Esslingen. Dashami ends and Ekadashi begins on 2026-08-22 10:30:00 PM CEST. On 23-Aug-26, Sooryodaya is 06:27 AM and Arunodaya is 04:51 AM. Ekadashi is present at sunrise and had begun before Arunodaya, so this is a valid Ekadashi sunrise. Ekadashi ends on 2026-08-24 12:48:00 AM CEST and does not remain through another sunrise. Ekadashi ends and Dwadashi begins on 2026-08-24 12:48:00 AM CEST. Dwadashi is present at Sooryodaya on 24-Aug-26 (Sooryodaya 06:28 AM). Dwadashi ends and Trayodashi begins on 2026-08-25 02:50:00 AM CEST. Therefore the Upavaasa is observed on 23-Aug-26. For Parana on 24-Aug-26, Sooryodaya is 06:28 AM, Pratah Kala ends at 09:15 AM, Dwadashi ends at 2026-08-25 02:50:00 AM CEST, and Hari Vasara ends at 2026-08-24 07:18:30 AM CEST. Hari Vasara ends after Sooryodaya, at 07:19 AM, but still within Pratah Kala. Therefore Parana cannot start at sunrise and starts at Hari Vasara end (07:19 AM). Pratah Kala ends at 09:15 AM, before Dwadashi ends; therefore Pratah Kala end is the limiting end time. Hence Parana is 07:19 AM to 09:15 AM.",2026-08-22:Dashami | 2026-08-23:Ekadashi | 2026-08-24:Dwadashi | 2026-08-25:Trayodashi,2026-08-22:Jyeshtha | 2026-08-23:Mula | 2026-08-24:Purva Ashadha | 2026-08-25:Uttara Ashadha,2026-08-22 10:30:00 PM CEST,2026-08-24 12:48:00 AM CEST,2026-08-25 02:50:00 AM CEST,2026-08-23,06:27 AM,2026-08-23 04:51:00 AM CEST,2026-08-23,,2026-08-23:VALID (start 2026-08-22 10:30:00 PM CEST < Arunodaya 2026-08-23 04:51:00 AM CEST),2026-08-23,06:27 AM,2026-08-23 04:51:00 AM CEST,2026-08-24,Purva Ashadha,2026-08-24 07:18:30 AM CEST,2026-08-22,2026-08-25,2026-08-22 | 2026-08-23 | 2026-08-24 | 2026-08-25,0,COMPLETE,,,Normal Ekadashi,NORMAL,Ekadashi began before Arunodaya and has one valid Ekadashi sunrise. No two-day exception is triggered.,2026-08-23:VALID (start 2026-08-22 10:30:00 PM CEST < Arunodaya 2026-08-23 04:51:00 AM CEST),2026-08-23,,2026-08-24,DWADASHI,PRATAH,2026-08-24 07:18:30 AM CEST,2026-08-24 09:14:36 AM CEST,Hari Vasara ends during Pratah; Parana begins after Hari Vasara and ends at Pratah end.
Ayodhya,Uttar Pradesh,India,Asia/Kolkata,geoname:1278094,1278094,Shravana Putrada Ekadashi,2026-08-23,"Shravana Putrada Ekadashi - Ayodhya. Dashami ends and Ekadashi begins on 2026-08-23 02:00:00 AM IST. On 23-Aug-26, Sooryodaya is 05:36 AM and Arunodaya is 04:00 AM. Ekadashi is present at sunrise and had begun before Arunodaya, so this is a valid Ekadashi sunrise. Ekadashi ends on 2026-08-24 04:18:00 AM IST and does not remain through another sunrise. Ekadashi ends and Dwadashi begins on 2026-08-24 04:18:00 AM IST. Dwadashi is present at Sooryodaya on 24-Aug-26 (Sooryodaya 05:37 AM). Dwadashi extends to the next sunrise also, so it is again present at Sooryodaya on 25-Aug-26 (Sooryodaya 05:37 AM). Dwadashi ends and Trayodashi begins on 2026-08-25 06:20:00 AM IST. Therefore the Upavaasa is observed on 23-Aug-26 and 24-Aug-26. For Parana on 25-Aug-26, Sooryodaya is 05:37 AM, Pratah Kala ends at 08:11 AM, Dwadashi ends at 2026-08-25 06:20:00 AM IST, and Hari Vasara ends at 2026-08-24 10:48:30 AM IST. Because the Upavaasa itself was observed on Dwadashi, Hari Vasara is not used to delay the Parana start on the following morning. Dwadashi is still present at Sooryodaya, so Parana starts at Sooryodaya (05:37 AM). Dwadashi ends at 06:20 AM, before Pratah Kala ends at 08:11 AM; therefore Dwadashi end is the limiting end time. Hence Parana is 05:37 AM to 06:20 AM.",2026-08-22:Dashami | 2026-08-23:Ekadashi | 2026-08-24:Dwadashi | 2026-08-25:Dwadashi,2026-08-22:Jyeshtha | 2026-08-23:Mula | 2026-08-24:Purva Ashadha | 2026-08-25:Uttara Ashadha,2026-08-23 02:00:00 AM IST,2026-08-24 04:18:00 AM IST,2026-08-25 06:20:00 AM IST,2026-08-23,05:36 AM,2026-08-23 04:00:00 AM IST,2026-08-23,,2026-08-23:VALID (start 2026-08-23 02:00:00 AM IST < Arunodaya 2026-08-23 04:00:00 AM IST),2026-08-23,05:36 AM,2026-08-23 04:00:00 AM IST,2026-08-24,Purva Ashadha,2026-08-24 10:48:30 AM IST,2026-08-22,2026-08-25,2026-08-22 | 2026-08-23 | 2026-08-24 | 2026-08-25,0,COMPLETE,,,Dwadashi Dwaya,DWADASHI_DWAYA,A valid Ekadashi sunrise is followed by Dwadashi at two consecutive sunrises. Observe Upavaasa on the valid Ekadashi day and on the first Dwadashi day; Parana is on the following morning.,2026-08-23:VALID (start 2026-08-23 02:00:00 AM IST < Arunodaya 2026-08-23 04:00:00 AM IST),2026-08-23,2026-08-24,2026-08-25,POST_DWADASHI_UPAVASA,POST_DWADASHI_FAST_DWADASHI_ENDS_IN_PRATAH,2026-08-25 05:37:00 AM IST,2026-08-25 06:20:00 AM IST,Dwadashi is present at Parana-day sunrise and ends during Pratah; Parana is sunrise to Dwadashi end.
Pittsford,New York,United States,America/New_York,geoname:5131614,5131614,Shravana Putrada Ekadashi,2026-08-23,"Shravana Putrada Ekadashi - Pittsford. Dashami ends and Ekadashi begins on 2026-08-22 04:30:00 PM EDT. On 23-Aug-26, Sooryodaya is 06:25 AM and Arunodaya is 04:49 AM. Ekadashi is present at sunrise and had begun before Arunodaya, so this is a valid Ekadashi sunrise. Ekadashi ends on 2026-08-23 06:48:00 PM EDT and does not remain through another sunrise. Ekadashi ends and Dwadashi begins on 2026-08-23 06:48:00 PM EDT. Dwadashi is present at Sooryodaya on 24-Aug-26 (Sooryodaya 06:26 AM). Dwadashi ends and Trayodashi begins on 2026-08-24 08:50:00 PM EDT. Therefore the Upavaasa is observed on 23-Aug-26. For Parana on 24-Aug-26, Sooryodaya is 06:26 AM, Pratah Kala ends at 09:08 AM, Dwadashi ends at 2026-08-24 08:50:00 PM EDT, and Hari Vasara ends at 2026-08-24 01:18:30 AM EDT. Hari Vasara ends before Sooryodaya, so there is no Hari-Vasara delay; Parana starts at Sooryodaya (06:26 AM). Pratah Kala ends at 09:08 AM, before Dwadashi ends; therefore Pratah Kala end is the limiting end time. Hence Parana is 06:26 AM to 09:08 AM.",2026-08-22:Dashami | 2026-08-23:Ekadashi | 2026-08-24:Dwadashi,2026-08-22:Mula | 2026-08-23:Mula | 2026-08-24:Purva Ashadha,2026-08-22 04:30:00 PM EDT,2026-08-23 06:48:00 PM EDT,2026-08-24 08:50:00 PM EDT,2026-08-23,06:25 AM,2026-08-23 04:49:00 AM EDT,2026-08-23,,2026-08-23:VALID (start 2026-08-22 04:30:00 PM EDT < Arunodaya 2026-08-23 04:49:00 AM EDT),2026-08-23,06:25 AM,2026-08-23 04:49:00 AM EDT,2026-08-24,Purva Ashadha,2026-08-24 01:18:30 AM EDT,2026-08-22,2026-08-24,2026-08-22 | 2026-08-23 | 2026-08-24,0,COMPLETE,,,Normal Ekadashi,NORMAL,Ekadashi began before Arunodaya and has one valid Ekadashi sunrise. No two-day exception is triggered.,2026-08-23:VALID (start 2026-08-22 04:30:00 PM EDT < Arunodaya 2026-08-23 04:49:00 AM EDT),2026-08-23,,2026-08-24,DWADASHI,PRATAH,2026-08-24 06:26:00 AM EDT,2026-08-24 09:08:24 AM EDT,Hari Vasara ended before Parana-day sunrise; Parana is sunrise to Pratah end.
Greece,New York,United States,America/New_York,geoname:5119251,5119251,Shravana Putrada Ekadashi,2026-08-23,"Shravana Putrada Ekadashi - Greece. Dashami ends and Ekadashi begins on 2026-08-22 04:30:00 PM EDT. On 23-Aug-26, Sooryodaya is 06:25 AM and Arunodaya is 04:49 AM. Ekadashi is present at sunrise and had begun before Arunodaya, so this is a valid Ekadashi sunrise. Ekadashi ends on 2026-08-23 06:48:00 PM EDT and does not remain through another sunrise. Ekadashi ends and Dwadashi begins on 2026-08-23 06:48:00 PM EDT. Dwadashi is present at Sooryodaya on 24-Aug-26 (Sooryodaya 06:26 AM). Dwadashi ends and Trayodashi begins on 2026-08-24 08:50:00 PM EDT. Therefore the Upavaasa is observed on 23-Aug-26. For Parana on 24-Aug-26, Sooryodaya is 06:26 AM, Pratah Kala ends at 09:09 AM, Dwadashi ends at 2026-08-24 08:50:00 PM EDT, and Hari Vasara ends at 2026-08-24 01:18:30 AM EDT. Hari Vasara ends before Sooryodaya, so there is no Hari-Vasara delay; Parana starts at Sooryodaya (06:26 AM). Pratah Kala ends at 09:09 AM, before Dwadashi ends; therefore Pratah Kala end is the limiting end time. Hence Parana is 06:26 AM to 09:09 AM.",2026-08-22:Dashami | 2026-08-23:Ekadashi | 2026-08-24:Dwadashi,2026-08-22:Mula | 2026-08-23:Mula | 2026-08-24:Purva Ashadha,2026-08-22 04:30:00 PM EDT,2026-08-23 06:48:00 PM EDT,2026-08-24 08:50:00 PM EDT,2026-08-23,06:25 AM,2026-08-23 04:49:00 AM EDT,2026-08-23,,2026-08-23:VALID (start 2026-08-22 04:30:00 PM EDT < Arunodaya 2026-08-23 04:49:00 AM EDT),2026-08-23,06:25 AM,2026-08-23 04:49:00 AM EDT,2026-08-24,Purva Ashadha,2026-08-24 01:18:30 AM EDT,2026-08-22,2026-08-24,2026-08-22 | 2026-08-23 | 2026-08-24,0,COMPLETE,,,Normal Ekadashi,NORMAL,Ekadashi began before Arunodaya and has one valid Ekadashi sunrise. No two-day exception is triggered.,2026-08-23:VALID (start 2026-08-22 04:30:00 PM EDT < Arunodaya 2026-08-23 04:49:00 AM EDT),2026-08-23,,2026-08-24,DWADASHI,PRATAH,2026-08-24 06:26:00 AM EDT,2026-08-24 09:08:36 AM EDT,Hari Vasara ended before Parana-day sunrise; Parana is sunrise to Pratah end.
Syracuse,New York,United States,America/New_York,geoname:5140405,5140405,Shravana Putrada Ekadashi,2026-08-23,"Shravana Putrada Ekadashi - Syracuse. Dashami ends and Ekadashi begins on 2026-08-22 04:30:00 PM EDT. On 23-Aug-26, Sooryodaya is 06:19 AM and Arunodaya is 04:43 AM. Ekadashi is present at sunrise and had begun before Arunodaya, so this is a valid Ekadashi sunrise. Ekadashi ends on 2026-08-23 06:48:00 PM EDT and does not remain through another sunrise. Ekadashi ends and Dwadashi begins on 2026-08-23 06:48:00 PM EDT. Dwadashi is present at Sooryodaya on 24-Aug-26 (Sooryodaya 06:20 AM). Dwadashi ends and Trayodashi begins on 2026-08-24 08:50:00 PM EDT. Therefore the Upavaasa is observed on 23-Aug-26. For Parana on 24-Aug-26, Sooryodaya is 06:20 AM, Pratah Kala ends at 09:03 AM, Dwadashi ends at 2026-08-24 08:50:00 PM EDT, and Hari Vasara ends at 2026-08-24 01:18:30 AM EDT. Hari Vasara ends before Sooryodaya, so there is no Hari-Vasara delay; Parana starts at Sooryodaya (06:20 AM). Pratah Kala ends at 09:03 AM, before Dwadashi ends; therefore Pratah Kala end is the limiting end time. Hence Parana is 06:20 AM to 09:03 AM.",2026-08-22:Dashami | 2026-08-23:Ekadashi | 2026-08-24:Dwadashi,2026-08-22:Mula | 2026-08-23:Mula | 2026-08-24:Purva Ashadha,2026-08-22 04:30:00 PM EDT,2026-08-23 06:48:00 PM EDT,2026-08-24 08:50:00 PM EDT,2026-08-23,06:19 AM,2026-08-23 04:43:00 AM EDT,2026-08-23,,2026-08-23:VALID (start 2026-08-22 04:30:00 PM EDT < Arunodaya 2026-08-23 04:43:00 AM EDT),2026-08-23,06:19 AM,2026-08-23 04:43:00 AM EDT,2026-08-24,Purva Ashadha,2026-08-24 01:18:30 AM EDT,2026-08-22,2026-08-24,2026-08-22 | 2026-08-23 | 2026-08-24,0,COMPLETE,,,Normal Ekadashi,NORMAL,Ekadashi began before Arunodaya and has one valid Ekadashi sunrise. No two-day exception is triggered.,2026-08-23:VALID (start 2026-08-22 04:30:00 PM EDT < Arunodaya 2026-08-23 04:43:00 AM EDT),2026-08-23,,2026-08-24,DWADASHI,PRATAH,2026-08-24 06:20:00 AM EDT,2026-08-24 09:02:36 AM EDT,Hari Vasara ended before Parana-day sunrise; Parana is sunrise to Pratah end.
Columbus,Indiana,United States,America/Indiana/Indianapolis,geoname:4256038,4256038,Shravana Putrada Ekadashi,2026-08-23,"Shravana Putrada Ekadashi - Columbus. Dashami ends and Ekadashi begins on 2026-08-22 04:30:00 PM EDT. On 23-Aug-26, Sooryodaya is 07:04 AM and Arunodaya is 05:28 AM. Ekadashi is present at sunrise and had begun before Arunodaya, so this is a valid Ekadashi sunrise. Ekadashi ends on 2026-08-23 06:48:00 PM EDT and does not remain through another sunrise. Ekadashi ends and Dwadashi begins on 2026-08-23 06:48:00 PM EDT. Dwadashi is present at Sooryodaya on 24-Aug-26 (Sooryodaya 07:05 AM). Dwadashi ends and Trayodashi begins on 2026-08-24 08:50:00 PM EDT. Therefore the Upavaasa is observed on 23-Aug-26. For Parana on 24-Aug-26, Sooryodaya is 07:05 AM, Pratah Kala ends at 09:45 AM, Dwadashi ends at 2026-08-24 08:50:00 PM EDT, and Hari Vasara ends at 2026-08-24 01:18:30 AM EDT. Hari Vasara ends before Sooryodaya, so there is no Hari-Vasara delay; Parana starts at Sooryodaya (07:05 AM). Pratah Kala ends at 09:45 AM, before Dwadashi ends; therefore Pratah Kala end is the limiting end time. Hence Parana is 07:05 AM to 09:45 AM.",2026-08-22:Dashami | 2026-08-23:Ekadashi | 2026-08-24:Dwadashi,2026-08-22:Mula | 2026-08-23:Mula | 2026-08-24:Purva Ashadha,2026-08-22 04:30:00 PM EDT,2026-08-23 06:48:00 PM EDT,2026-08-24 08:50:00 PM EDT,2026-08-23,07:04 AM,2026-08-23 05:28:00 AM EDT,2026-08-23,,2026-08-23:VALID (start 2026-08-22 04:30:00 PM EDT < Arunodaya 2026-08-23 05:28:00 AM EDT),2026-08-23,07:04 AM,2026-08-23 05:28:00 AM EDT,2026-08-24,Purva Ashadha,2026-08-24 01:18:30 AM EDT,2026-08-22,2026-08-24,2026-08-22 | 2026-08-23 | 2026-08-24,0,COMPLETE,,,Normal Ekadashi,NORMAL,Ekadashi began before Arunodaya and has one valid Ekadashi sunrise. No two-day exception is triggered.,2026-08-23:VALID (start 2026-08-22 04:30:00 PM EDT < Arunodaya 2026-08-23 05:28:00 AM EDT),2026-08-23,,2026-08-24,DWADASHI,PRATAH,2026-08-24 07:05:00 AM EDT,2026-08-24 09:45:12 AM EDT,Hari Vasara ended before Parana-day sunrise; Parana is sunrise to Pratah end.
Raleigh,North Carolina,United States,America/New_York,geoname:4487042,4487042,Shravana Putrada Ekadashi,2026-08-23,"Shravana Putrada Ekadashi - Raleigh. Dashami ends and Ekadashi begins on 2026-08-22 04:30:00 PM EDT. On 23-Aug-26, Sooryodaya is 06:40 AM and Arunodaya is 05:04 AM. Ekadashi is present at sunrise and had begun before Arunodaya, so this is a valid Ekadashi sunrise. Ekadashi ends on 2026-08-23 06:48:00 PM EDT and does not remain through another sunrise. Ekadashi ends and Dwadashi begins on 2026-08-23 06:48:00 PM EDT. Dwadashi is present at Sooryodaya on 24-Aug-26 (Sooryodaya 06:41 AM). Dwadashi ends and Trayodashi begins on 2026-08-24 08:50:00 PM EDT. Therefore the Upavaasa is observed on 23-Aug-26. For Parana on 24-Aug-26, Sooryodaya is 06:41 AM, Pratah Kala ends at 09:19 AM, Dwadashi ends at 2026-08-24 08:50:00 PM EDT, and Hari Vasara ends at 2026-08-24 01:18:30 AM EDT. Hari Vasara ends before Sooryodaya, so there is no Hari-Vasara delay; Parana starts at Sooryodaya (06:41 AM). Pratah Kala ends at 09:19 AM, before Dwadashi ends; therefore Pratah Kala end is the limiting end time. Hence Parana is 06:41 AM to 09:19 AM.",2026-08-22:Dashami | 2026-08-23:Ekadashi | 2026-08-24:Dwadashi,2026-08-22:Mula | 2026-08-23:Mula | 2026-08-24:Purva Ashadha,2026-08-22 04:30:00 PM EDT,2026-08-23 06:48:00 PM EDT,2026-08-24 08:50:00 PM EDT,2026-08-23,06:40 AM,2026-08-23 05:04:00 AM EDT,2026-08-23,,2026-08-23:VALID (start 2026-08-22 04:30:00 PM EDT < Arunodaya 2026-08-23 05:04:00 AM EDT),2026-08-23,06:40 AM,2026-08-23 05:04:00 AM EDT,2026-08-24,Purva Ashadha,2026-08-24 01:18:30 AM EDT,2026-08-22,2026-08-24,2026-08-22 | 2026-08-23 | 2026-08-24,0,COMPLETE,,,Normal Ekadashi,NORMAL,Ekadashi began before Arunodaya and has one valid Ekadashi sunrise. No two-day exception is triggered.,2026-08-23:VALID (start 2026-08-22 04:30:00 PM EDT < Arunodaya 2026-08-23 05:04:00 AM EDT),2026-08-23,,2026-08-24,DWADASHI,PRATAH,2026-08-24 06:41:00 AM EDT,2026-08-24 09:19:24 AM EDT,Hari Vasara ended before Parana-day sunrise; Parana is sunrise to Pratah end.
Charlotte,North Carolina,United States,America/New_York,geoname:4460243,4460243,Shravana Putrada Ekadashi,2026-08-23,"Shravana Putrada Ekadashi - Charlotte. Dashami ends and Ekadashi begins on 2026-08-22 04:30:00 PM EDT. On 23-Aug-26, Sooryodaya is 06:49 AM and Arunodaya is 05:13 AM. Ekadashi is present at sunrise and had begun before Arunodaya, so this is a valid Ekadashi sunrise. Ekadashi ends on 2026-08-23 06:48:00 PM EDT and does not remain through another sunrise. Ekadashi ends and Dwadashi begins on 2026-08-23 06:48:00 PM EDT. Dwadashi is present at Sooryodaya on 24-Aug-26 (Sooryodaya 06:50 AM). Dwadashi ends and Trayodashi begins on 2026-08-24 08:50:00 PM EDT. Therefore the Upavaasa is observed on 23-Aug-26. For Parana on 24-Aug-26, Sooryodaya is 06:50 AM, Pratah Kala ends at 09:28 AM, Dwadashi ends at 2026-08-24 08:50:00 PM EDT, and Hari Vasara ends at 2026-08-24 01:18:30 AM EDT. Hari Vasara ends before Sooryodaya, so there is no Hari-Vasara delay; Parana starts at Sooryodaya (06:50 AM). Pratah Kala ends at 09:28 AM, before Dwadashi ends; therefore Pratah Kala end is the limiting end time. Hence Parana is 06:50 AM to 09:28 AM.",2026-08-22:Dashami | 2026-08-23:Ekadashi | 2026-08-24:Dwadashi,2026-08-22:Mula | 2026-08-23:Mula | 2026-08-24:Purva Ashadha,2026-08-22 04:30:00 PM EDT,2026-08-23 06:48:00 PM EDT,2026-08-24 08:50:00 PM EDT,2026-08-23,06:49 AM,2026-08-23 05:13:00 AM EDT,2026-08-23,,2026-08-23:VALID (start 2026-08-22 04:30:00 PM EDT < Arunodaya 2026-08-23 05:13:00 AM EDT),2026-08-23,06:49 AM,2026-08-23 05:13:00 AM EDT,2026-08-24,Purva Ashadha,2026-08-24 01:18:30 AM EDT,2026-08-22,2026-08-24,2026-08-22 | 2026-08-23 | 2026-08-24,0,COMPLETE,,,Normal Ekadashi,NORMAL,Ekadashi began before Arunodaya and has one valid Ekadashi sunrise. No two-day exception is triggered.,2026-08-23:VALID (start 2026-08-22 04:30:00 PM EDT < Arunodaya 2026-08-23 05:13:00 AM EDT),2026-08-23,,2026-08-24,DWADASHI,PRATAH,2026-08-24 06:50:00 AM EDT,2026-08-24 09:28:12 AM EDT,Hari Vasara ended before Parana-day sunrise; Parana is sunrise to Pratah end.
Bengaluru,Karnataka,India,Asia/Kolkata,geoname:1277333,1277333,Shravana Putrada Ekadashi,2026-08-23,"Shravana Putrada Ekadashi - Bengaluru. Dashami ends and Ekadashi begins on 2026-08-23 02:00:00 AM IST. On 23-Aug-26, Sooryodaya is 06:08 AM and Arunodaya is 04:32 AM. Ekadashi is present at sunrise and had begun before Arunodaya, so this is a valid Ekadashi sunrise. Ekadashi ends on 2026-08-24 04:18:00 AM IST and does not remain through another sunrise. Ekadashi ends and Dwadashi begins on 2026-08-24 04:18:00 AM IST. Dwadashi is present at Sooryodaya on 24-Aug-26 (Sooryodaya 06:08 AM). Dwadashi extends to the next sunrise also, so it is again present at Sooryodaya on 25-Aug-26 (Sooryodaya 06:08 AM). Dwadashi ends and Trayodashi begins on 2026-08-25 06:20:00 AM IST. Therefore the Upavaasa is observed on 23-Aug-26 and 24-Aug-26. For Parana on 25-Aug-26, Sooryodaya is 06:08 AM, Pratah Kala ends at 08:37 AM, Dwadashi ends at 2026-08-25 06:20:00 AM IST, and Hari Vasara ends at 2026-08-24 10:48:30 AM IST. Because the Upavaasa itself was observed on Dwadashi, Hari Vasara is not used to delay the Parana start on the following morning. Dwadashi is still present at Sooryodaya, so Parana starts at Sooryodaya (06:08 AM). Dwadashi ends at 06:20 AM, before Pratah Kala ends at 08:37 AM; therefore Dwadashi end is the limiting end time. Hence Parana is 06:08 AM to 06:20 AM.",2026-08-22:Dashami | 2026-08-23:Ekadashi | 2026-08-24:Dwadashi | 2026-08-25:Dwadashi,2026-08-22:Jyeshtha | 2026-08-23:Mula | 2026-08-24:Purva Ashadha | 2026-08-25:Uttara Ashadha,2026-08-23 02:00:00 AM IST,2026-08-24 04:18:00 AM IST,2026-08-25 06:20:00 AM IST,2026-08-23,06:08 AM,2026-08-23 04:32:00 AM IST,2026-08-23,,2026-08-23:VALID (start 2026-08-23 02:00:00 AM IST < Arunodaya 2026-08-23 04:32:00 AM IST),2026-08-23,06:08 AM,2026-08-23 04:32:00 AM IST,2026-08-24,Purva Ashadha,2026-08-24 10:48:30 AM IST,2026-08-22,2026-08-25,2026-08-22 | 2026-08-23 | 2026-08-24 | 2026-08-25,0,COMPLETE,,,Dwadashi Dwaya,DWADASHI_DWAYA,A valid Ekadashi sunrise is followed by Dwadashi at two consecutive sunrises. Observe Upavaasa on the valid Ekadashi day and on the first Dwadashi day; Parana is on the following morning.,2026-08-23:VALID (start 2026-08-23 02:00:00 AM IST < Arunodaya 2026-08-23 04:32:00 AM IST),2026-08-23,2026-08-24,2026-08-25,POST_DWADASHI_UPAVASA,POST_DWADASHI_FAST_DWADASHI_ENDS_IN_PRATAH,2026-08-25 06:08:00 AM IST,2026-08-25 06:20:00 AM IST,Dwadashi is present at Parana-day sunrise and ends during Pratah; Parana is sunrise to Dwadashi end.
Mysuru,Karnataka,India,Asia/Kolkata,geoname:1262321,1262321,Shravana Putrada Ekadashi,2026-08-23,"Shravana Putrada Ekadashi - Mysuru. Dashami ends and Ekadashi begins on 2026-08-23 02:00:00 AM IST. On 23-Aug-26, Sooryodaya is 06:13 AM and Arunodaya is 04:37 AM. Ekadashi is present at sunrise and had begun before Arunodaya, so this is a valid Ekadashi sunrise. Ekadashi ends on 2026-08-24 04:18:00 AM IST and does not remain through another sunrise. Ekadashi ends and Dwadashi begins on 2026-08-24 04:18:00 AM IST. Dwadashi is present at Sooryodaya on 24-Aug-26 (Sooryodaya 06:13 AM). Dwadashi extends to the next sunrise also, so it is again present at Sooryodaya on 25-Aug-26 (Sooryodaya 06:13 AM). Dwadashi ends and Trayodashi begins on 2026-08-25 06:20:00 AM IST. Therefore the Upavaasa is observed on 23-Aug-26 and 24-Aug-26. For Parana on 25-Aug-26, Sooryodaya is 06:13 AM, Pratah Kala ends at 08:42 AM, Dwadashi ends at 2026-08-25 06:20:00 AM IST, and Hari Vasara ends at 2026-08-24 10:48:30 AM IST. Because the Upavaasa itself was observed on Dwadashi, Hari Vasara is not used to delay the Parana start on the following morning. Dwadashi is still present at Sooryodaya, so Parana starts at Sooryodaya (06:13 AM). Dwadashi ends at 06:20 AM, before Pratah Kala ends at 08:42 AM; therefore Dwadashi end is the limiting end time. Hence Parana is 06:13 AM to 06:20 AM.",2026-08-22:Dashami | 2026-08-23:Ekadashi | 2026-08-24:Dwadashi | 2026-08-25:Dwadashi,2026-08-22:Jyeshtha | 2026-08-23:Mula | 2026-08-24:Purva Ashadha | 2026-08-25:Uttara Ashadha,2026-08-23 02:00:00 AM IST,2026-08-24 04:18:00 AM IST,2026-08-25 06:20:00 AM IST,2026-08-23,06:13 AM,2026-08-23 04:37:00 AM IST,2026-08-23,,2026-08-23:VALID (start 2026-08-23 02:00:00 AM IST < Arunodaya 2026-08-23 04:37:00 AM IST),2026-08-23,06:13 AM,2026-08-23 04:37:00 AM IST,2026-08-24,Purva Ashadha,2026-08-24 10:48:30 AM IST,2026-08-22,2026-08-25,2026-08-22 | 2026-08-23 | 2026-08-24 | 2026-08-25,0,COMPLETE,,,Dwadashi Dwaya,DWADASHI_DWAYA,A valid Ekadashi sunrise is followed by Dwadashi at two consecutive sunrises. Observe Upavaasa on the valid Ekadashi day and on the first Dwadashi day; Parana is on the following morning.,2026-08-23:VALID (start 2026-08-23 02:00:00 AM IST < Arunodaya 2026-08-23 04:37:00 AM IST),2026-08-23,2026-08-24,2026-08-25,POST_DWADASHI_UPAVASA,POST_DWADASHI_FAST_DWADASHI_ENDS_IN_PRATAH,2026-08-25 06:13:00 AM IST,2026-08-25 06:20:00 AM IST,Dwadashi is present at Parana-day sunrise and ends during Pratah; Parana is sunrise to Dwadashi end.
T Narasipura,Karnataka,India,Asia/Kolkata,geoname:1262321,1262321,Shravana Putrada Ekadashi,2026-08-23,"Shravana Putrada Ekadashi - T Narasipura. Dashami ends and Ekadashi begins on 2026-08-23 02:00:00 AM IST. On 23-Aug-26, Sooryodaya is 06:13 AM and Arunodaya is 04:37 AM. Ekadashi is present at sunrise and had begun before Arunodaya, so this is a valid Ekadashi sunrise. Ekadashi ends on 2026-08-24 04:18:00 AM IST and does not remain through another sunrise. Ekadashi ends and Dwadashi begins on 2026-08-24 04:18:00 AM IST. Dwadashi is present at Sooryodaya on 24-Aug-26 (Sooryodaya 06:13 AM). Dwadashi extends to the next sunrise also, so it is again present at Sooryodaya on 25-Aug-26 (Sooryodaya 06:13 AM). Dwadashi ends and Trayodashi begins on 2026-08-25 06:20:00 AM IST. Therefore the Upavaasa is observed on 23-Aug-26 and 24-Aug-26. For Parana on 25-Aug-26, Sooryodaya is 06:13 AM, Pratah Kala ends at 08:42 AM, Dwadashi ends at 2026-08-25 06:20:00 AM IST, and Hari Vasara ends at 2026-08-24 10:48:30 AM IST. Because the Upavaasa itself was observed on Dwadashi, Hari Vasara is not used to delay the Parana start on the following morning. Dwadashi is still present at Sooryodaya, so Parana starts at Sooryodaya (06:13 AM). Dwadashi ends at 06:20 AM, before Pratah Kala ends at 08:42 AM; therefore Dwadashi end is the limiting end time. Hence Parana is 06:13 AM to 06:20 AM.",2026-08-22:Dashami | 2026-08-23:Ekadashi | 2026-08-24:Dwadashi | 2026-08-25:Dwadashi,2026-08-22:Jyeshtha | 2026-08-23:Mula | 2026-08-24:Purva Ashadha | 2026-08-25:Uttara Ashadha,2026-08-23 02:00:00 AM IST,2026-08-24 04:18:00 AM IST,2026-08-25 06:20:00 AM IST,2026-08-23,06:13 AM,2026-08-23 04:37:00 AM IST,2026-08-23,,2026-08-23:VALID (start 2026-08-23 02:00:00 AM IST < Arunodaya 2026-08-23 04:37:00 AM IST),2026-08-23,06:13 AM,2026-08-23 04:37:00 AM IST,2026-08-24,Purva Ashadha,2026-08-24 10:48:30 AM IST,2026-08-22,2026-08-25,2026-08-22 | 2026-08-23 | 2026-08-24 | 2026-08-25,0,COMPLETE,,,Dwadashi Dwaya,DWADASHI_DWAYA,A valid Ekadashi sunrise is followed by Dwadashi at two consecutive sunrises. Observe Upavaasa on the valid Ekadashi day and on the first Dwadashi day; Parana is on the following morning.,2026-08-23:VALID (start 2026-08-23 02:00:00 AM IST < Arunodaya 2026-08-23 04:37:00 AM IST),2026-08-23,2026-08-24,2026-08-25,POST_DWADASHI_UPAVASA,POST_DWADASHI_FAST_DWADASHI_ENDS_IN_PRATAH,2026-08-25 06:13:00 AM IST,2026-08-25 06:20:00 AM IST,Dwadashi is present at Parana-day sunrise and ends during Pratah; Parana is sunrise to Dwadashi end.
Mangalore,Karnataka,India,Asia/Kolkata,geoname:1263780,1263780,Shravana Putrada Ekadashi,2026-08-23,"Shravana Putrada Ekadashi - Mangalore. Dashami ends and Ekadashi begins on 2026-08-23 02:00:00 AM IST. On 23-Aug-26, Sooryodaya is 06:19 AM and Arunodaya is 04:43 AM. Ekadashi is present at sunrise and had begun before Arunodaya, so this is a valid Ekadashi sunrise. Ekadashi ends on 2026-08-24 04:18:00 AM IST and does not remain through another sunrise. Ekadashi ends and Dwadashi begins on 2026-08-24 04:18:00 AM IST. Dwadashi is present at Sooryodaya on 24-Aug-26 (Sooryodaya 06:19 AM). Dwadashi extends to the next sunrise also, so it is again present at Sooryodaya on 25-Aug-26 (Sooryodaya 06:19 AM). Dwadashi ends and Trayodashi begins on 2026-08-25 06:20:00 AM IST. Therefore the Upavaasa is observed on 23-Aug-26 and 24-Aug-26. For Parana on 25-Aug-26, Sooryodaya is 06:19 AM, Pratah Kala ends at 08:48 AM, Dwadashi ends at 2026-08-25 06:20:00 AM IST, and Hari Vasara ends at 2026-08-24 10:48:30 AM IST. Because the Upavaasa itself was observed on Dwadashi, Hari Vasara is not used to delay the Parana start on the following morning. Dwadashi is still present at Sooryodaya, so Parana starts at Sooryodaya (06:19 AM). Dwadashi ends at 06:20 AM, before Pratah Kala ends at 08:48 AM; therefore Dwadashi end is the limiting end time. Hence Parana is 06:19 AM to 06:20 AM.",2026-08-22:Dashami | 2026-08-23:Ekadashi | 2026-08-24:Dwadashi | 2026-08-25:Dwadashi,2026-08-22:Jyeshtha | 2026-08-23:Mula | 2026-08-24:Purva Ashadha | 2026-08-25:Uttara Ashadha,2026-08-23 02:00:00 AM IST,2026-08-24 04:18:00 AM IST,2026-08-25 06:20:00 AM IST,2026-08-23,06:19 AM,2026-08-23 04:43:00 AM IST,2026-08-23,,2026-08-23:VALID (start 2026-08-23 02:00:00 AM IST < Arunodaya 2026-08-23 04:43:00 AM IST),2026-08-23,06:19 AM,2026-08-23 04:43:00 AM IST,2026-08-24,Purva Ashadha,2026-08-24 10:48:30 AM IST,2026-08-22,2026-08-25,2026-08-22 | 2026-08-23 | 2026-08-24 | 2026-08-25,0,COMPLETE,,,Dwadashi Dwaya,DWADASHI_DWAYA,A valid Ekadashi sunrise is followed by Dwadashi at two consecutive sunrises. Observe Upavaasa on the valid Ekadashi day and on the first Dwadashi day; Parana is on the following morning.,2026-08-23:VALID (start 2026-08-23 02:00:00 AM IST < Arunodaya 2026-08-23 04:43:00 AM IST),2026-08-23,2026-08-24,2026-08-25,POST_DWADASHI_UPAVASA,POST_DWADASHI_FAST_DWADASHI_ENDS_IN_PRATAH,2026-08-25 06:19:00 AM IST,2026-08-25 06:20:00 AM IST,Dwadashi is present at Parana-day sunrise and ends during Pratah; Parana is sunrise to Dwadashi end.
Udupi,Karnataka,India,Asia/Kolkata,geoname:1253952,1253952,Shravana Putrada Ekadashi,2026-08-23,"Shravana Putrada Ekadashi - Udupi. Dashami ends and Ekadashi begins on 2026-08-23 02:00:00 AM IST. On 23-Aug-26, Sooryodaya is 06:19 AM and Arunodaya is 04:43 AM. Ekadashi is present at sunrise and had begun before Arunodaya, so this is a valid Ekadashi sunrise. Ekadashi ends on 2026-08-24 04:18:00 AM IST and does not remain through another sunrise. Ekadashi ends and Dwadashi begins on 2026-08-24 04:18:00 AM IST. Dwadashi is present at Sooryodaya on 24-Aug-26 (Sooryodaya 06:19 AM). Dwadashi extends to the next sunrise also, so it is again present at Sooryodaya on 25-Aug-26 (Sooryodaya 06:19 AM). Dwadashi ends and Trayodashi begins on 2026-08-25 06:20:00 AM IST. Therefore the Upavaasa is observed on 23-Aug-26 and 24-Aug-26. For Parana on 25-Aug-26, Sooryodaya is 06:19 AM, Pratah Kala ends at 08:49 AM, Dwadashi ends at 2026-08-25 06:20:00 AM IST, and Hari Vasara ends at 2026-08-24 10:48:30 AM IST. Because the Upavaasa itself was observed on Dwadashi, Hari Vasara is not used to delay the Parana start on the following morning. Dwadashi is still present at Sooryodaya, so Parana starts at Sooryodaya (06:19 AM). Dwadashi ends at 06:20 AM, before Pratah Kala ends at 08:49 AM; therefore Dwadashi end is the limiting end time. Hence Parana is 06:19 AM to 06:20 AM.",2026-08-22:Dashami | 2026-08-23:Ekadashi | 2026-08-24:Dwadashi | 2026-08-25:Dwadashi,2026-08-22:Jyeshtha | 2026-08-23:Mula | 2026-08-24:Purva Ashadha | 2026-08-25:Uttara Ashadha,2026-08-23 02:00:00 AM IST,2026-08-24 04:18:00 AM IST,2026-08-25 06:20:00 AM IST,2026-08-23,06:19 AM,2026-08-23 04:43:00 AM IST,2026-08-23,,2026-08-23:VALID (start 2026-08-23 02:00:00 AM IST < Arunodaya 2026-08-23 04:43:00 AM IST),2026-08-23,06:19 AM,2026-08-23 04:43:00 AM IST,2026-08-24,Purva Ashadha,2026-08-24 10:48:30 AM IST,2026-08-22,2026-08-25,2026-08-22 | 2026-08-23 | 2026-08-24 | 2026-08-25,0,COMPLETE,,,Dwadashi Dwaya,DWADASHI_DWAYA,A valid Ekadashi sunrise is followed by Dwadashi at two consecutive sunrises. Observe Upavaasa on the valid Ekadashi day and on the first Dwadashi day; Parana is on the following morning.,2026-08-23:VALID (start 2026-08-23 02:00:00 AM IST < Arunodaya 2026-08-23 04:43:00 AM IST),2026-08-23,2026-08-24,2026-08-25,POST_DWADASHI_UPAVASA,POST_DWADASHI_FAST_DWADASHI_ENDS_IN_PRATAH,2026-08-25 06:19:00 AM IST,2026-08-25 06:20:00 AM IST,Dwadashi is present at Parana-day sunrise and ends during Pratah; Parana is sunrise to Dwadashi end.
Surat,Gujarat,India,Asia/Kolkata,geoname:1255364,1255364,Shravana Putrada Ekadashi,2026-08-23,"Shravana Putrada Ekadashi - Surat. Dashami ends and Ekadashi begins on 2026-08-23 02:00:00 AM IST. On 23-Aug-26, Sooryodaya is 06:20 AM and Arunodaya is 04:44 AM. Ekadashi is present at sunrise and had begun before Arunodaya, so this is a valid Ekadashi sunrise. Ekadashi ends on 2026-08-24 04:18:00 AM IST and does not remain through another sunrise. Ekadashi ends and Dwadashi begins on 2026-08-24 04:18:00 AM IST. Dwadashi is present at Sooryodaya on 24-Aug-26 (Sooryodaya 06:20 AM). Dwadashi extends to the next sunrise also, so it is again present at Sooryodaya on 25-Aug-26 (Sooryodaya 06:20 AM). Dwadashi ends and Trayodashi begins on 2026-08-25 06:20:00 AM IST. Therefore the Upavaasa is observed on 23-Aug-26. For Parana on 24-Aug-26, Sooryodaya is 06:20 AM, Pratah Kala ends at 08:52 AM, Dwadashi ends at 2026-08-25 06:20:00 AM IST, and Hari Vasara ends at 2026-08-24 10:48:30 AM IST. Hari Vasara does not clear within the usable Pratah window, so Pratah is missed. Madhyahna is skipped. Aparahna runs from 01:57 PM to 04:30 PM. Hari Vasara has already ended before Aparahna begins, so Parana starts at Aparahna start (01:57 PM). Aparahna ends at 04:30 PM, before Dwadashi ends; therefore Aparahna end is the limiting end time. Hence Parana is 01:57 PM to 04:30 PM.",2026-08-22:Dashami | 2026-08-23:Ekadashi | 2026-08-24:Dwadashi | 2026-08-25:Dwadashi,2026-08-22:Jyeshtha | 2026-08-23:Mula | 2026-08-24:Purva Ashadha | 2026-08-25:Uttara Ashadha,2026-08-23 02:00:00 AM IST,2026-08-24 04:18:00 AM IST,2026-08-25 06:20:00 AM IST,2026-08-23,06:20 AM,2026-08-23 04:44:00 AM IST,2026-08-23,,2026-08-23:VALID (start 2026-08-23 02:00:00 AM IST < Arunodaya 2026-08-23 04:44:00 AM IST),2026-08-23,06:20 AM,2026-08-23 04:44:00 AM IST,2026-08-24,Purva Ashadha,2026-08-24 10:48:30 AM IST,2026-08-22,2026-08-25,2026-08-22 | 2026-08-23 | 2026-08-24 | 2026-08-25,0,COMPLETE,,,Normal Ekadashi,NORMAL,Ekadashi began before Arunodaya and has one valid Ekadashi sunrise. No two-day exception is triggered.,2026-08-23:VALID (start 2026-08-23 02:00:00 AM IST < Arunodaya 2026-08-23 04:44:00 AM IST),2026-08-23,,2026-08-24,DWADASHI,APARAHNA,2026-08-24 01:57:12 PM IST,2026-08-24 04:29:36 PM IST,Pratah is unavailable; Madhyahna is skipped and Aparahna is used.
Pune,Maharashtra,India,Asia/Kolkata,geoname:1259229,1259229,Shravana Putrada Ekadashi,2026-08-23,"Shravana Putrada Ekadashi - Pune. Dashami ends and Ekadashi begins on 2026-08-23 02:00:00 AM IST. On 23-Aug-26, Sooryodaya is 06:18 AM and Arunodaya is 04:42 AM. Ekadashi is present at sunrise and had begun before Arunodaya, so this is a valid Ekadashi sunrise. Ekadashi ends on 2026-08-24 04:18:00 AM IST and does not remain through another sunrise. Ekadashi ends and Dwadashi begins on 2026-08-24 04:18:00 AM IST. Dwadashi is present at Sooryodaya on 24-Aug-26 (Sooryodaya 06:18 AM). Dwadashi extends to the next sunrise also, so it is again present at Sooryodaya on 25-Aug-26 (Sooryodaya 06:19 AM). Dwadashi ends and Trayodashi begins on 2026-08-25 06:20:00 AM IST. Therefore the Upavaasa is observed on 23-Aug-26 and 24-Aug-26. For Parana on 25-Aug-26, Sooryodaya is 06:19 AM, Pratah Kala ends at 08:50 AM, Dwadashi ends at 2026-08-25 06:20:00 AM IST, and Hari Vasara ends at 2026-08-24 10:48:30 AM IST. Because the Upavaasa itself was observed on Dwadashi, Hari Vasara is not used to delay the Parana start on the following morning. Dwadashi is still present at Sooryodaya, so Parana starts at Sooryodaya (06:19 AM). Dwadashi ends at 06:20 AM, before Pratah Kala ends at 08:50 AM; therefore Dwadashi end is the limiting end time. Hence Parana is 06:19 AM to 06:20 AM.",2026-08-22:Dashami | 2026-08-23:Ekadashi | 2026-08-24:Dwadashi | 2026-08-25:Dwadashi,2026-08-22:Jyeshtha | 2026-08-23:Mula | 2026-08-24:Purva Ashadha | 2026-08-25:Uttara Ashadha,2026-08-23 02:00:00 AM IST,2026-08-24 04:18:00 AM IST,2026-08-25 06:20:00 AM IST,2026-08-23,06:18 AM,2026-08-23 04:42:00 AM IST,2026-08-23,,2026-08-23:VALID (start 2026-08-23 02:00:00 AM IST < Arunodaya 2026-08-23 04:42:00 AM IST),2026-08-23,06:18 AM,2026-08-23 04:42:00 AM IST,2026-08-24,Purva Ashadha,2026-08-24 10:48:30 AM IST,2026-08-22,2026-08-25,2026-08-22 | 2026-08-23 | 2026-08-24 | 2026-08-25,0,COMPLETE,,,Dwadashi Dwaya,DWADASHI_DWAYA,A valid Ekadashi sunrise is followed by Dwadashi at two consecutive sunrises. Observe Upavaasa on the valid Ekadashi day and on the first Dwadashi day; Parana is on the following morning.,2026-08-23:VALID (start 2026-08-23 02:00:00 AM IST < Arunodaya 2026-08-23 04:42:00 AM IST),2026-08-23,2026-08-24,2026-08-25,POST_DWADASHI_UPAVASA,POST_DWADASHI_FAST_DWADASHI_ENDS_IN_PRATAH,2026-08-25 06:19:00 AM IST,2026-08-25 06:20:00 AM IST,Dwadashi is present at Parana-day sunrise and ends during Pratah; Parana is sunrise to Dwadashi end.
Vadodara,Gujarat,India,Asia/Kolkata,geoname:1253573,1253573,Shravana Putrada Ekadashi,2026-08-23,"Shravana Putrada Ekadashi - Vadodara. Dashami ends and Ekadashi begins on 2026-08-23 02:00:00 AM IST. On 23-Aug-26, Sooryodaya is 06:17 AM and Arunodaya is 04:41 AM. Ekadashi is present at sunrise and had begun before Arunodaya, so this is a valid Ekadashi sunrise. Ekadashi ends on 2026-08-24 04:18:00 AM IST and does not remain through another sunrise. Ekadashi ends and Dwadashi begins on 2026-08-24 04:18:00 AM IST. Dwadashi is present at Sooryodaya on 24-Aug-26 (Sooryodaya 06:17 AM). Dwadashi extends to the next sunrise also, so it is again present at Sooryodaya on 25-Aug-26 (Sooryodaya 06:18 AM). Dwadashi ends and Trayodashi begins on 2026-08-25 06:20:00 AM IST. Therefore the Upavaasa is observed on 23-Aug-26 and 24-Aug-26. For Parana on 25-Aug-26, Sooryodaya is 06:18 AM, Pratah Kala ends at 08:51 AM, Dwadashi ends at 2026-08-25 06:20:00 AM IST, and Hari Vasara ends at 2026-08-24 10:48:30 AM IST. Because the Upavaasa itself was observed on Dwadashi, Hari Vasara is not used to delay the Parana start on the following morning. Dwadashi is still present at Sooryodaya, so Parana starts at Sooryodaya (06:18 AM). Dwadashi ends at 06:20 AM, before Pratah Kala ends at 08:51 AM; therefore Dwadashi end is the limiting end time. Hence Parana is 06:18 AM to 06:20 AM.",2026-08-22:Dashami | 2026-08-23:Ekadashi | 2026-08-24:Dwadashi | 2026-08-25:Dwadashi,2026-08-22:Jyeshtha | 2026-08-23:Mula | 2026-08-24:Purva Ashadha | 2026-08-25:Uttara Ashadha,2026-08-23 02:00:00 AM IST,2026-08-24 04:18:00 AM IST,2026-08-25 06:20:00 AM IST,2026-08-23,06:17 AM,2026-08-23 04:41:00 AM IST,2026-08-23,,2026-08-23:VALID (start 2026-08-23 02:00:00 AM IST < Arunodaya 2026-08-23 04:41:00 AM IST),2026-08-23,06:17 AM,2026-08-23 04:41:00 AM IST,2026-08-24,Purva Ashadha,2026-08-24 10:48:30 AM IST,2026-08-22,2026-08-25,2026-08-22 | 2026-08-23 | 2026-08-24 | 2026-08-25,0,COMPLETE,,,Dwadashi Dwaya,DWADASHI_DWAYA,A valid Ekadashi sunrise is followed by Dwadashi at two consecutive sunrises. Observe Upavaasa on the valid Ekadashi day and on the first Dwadashi day; Parana is on the following morning.,2026-08-23:VALID (start 2026-08-23 02:00:00 AM IST < Arunodaya 2026-08-23 04:41:00 AM IST),2026-08-23,2026-08-24,2026-08-25,POST_DWADASHI_UPAVASA,POST_DWADASHI_FAST_DWADASHI_ENDS_IN_PRATAH,2026-08-25 06:18:00 AM IST,2026-08-25 06:20:00 AM IST,Dwadashi is present at Parana-day sunrise and ends during Pratah; Parana is sunrise to Dwadashi end.
Hyderabad,Telangana,India,Asia/Kolkata,geoname:1269843,1269843,Shravana Putrada Ekadashi,2026-08-23,"Shravana Putrada Ekadashi - Hyderabad. Dashami ends and Ekadashi begins on 2026-08-23 02:00:00 AM IST. On 23-Aug-26, Sooryodaya is 06:01 AM and Arunodaya is 04:25 AM. Ekadashi is present at sunrise and had begun before Arunodaya, so this is a valid Ekadashi sunrise. Ekadashi ends on 2026-08-24 04:18:00 AM IST and does not remain through another sunrise. Ekadashi ends and Dwadashi begins on 2026-08-24 04:18:00 AM IST. Dwadashi is present at Sooryodaya on 24-Aug-26 (Sooryodaya 06:01 AM). Dwadashi extends to the next sunrise also, so it is again present at Sooryodaya on 25-Aug-26 (Sooryodaya 06:01 AM). Dwadashi ends and Trayodashi begins on 2026-08-25 06:20:00 AM IST. Therefore the Upavaasa is observed on 23-Aug-26 and 24-Aug-26. For Parana on 25-Aug-26, Sooryodaya is 06:01 AM, Pratah Kala ends at 08:32 AM, Dwadashi ends at 2026-08-25 06:20:00 AM IST, and Hari Vasara ends at 2026-08-24 10:48:30 AM IST. Because the Upavaasa itself was observed on Dwadashi, Hari Vasara is not used to delay the Parana start on the following morning. Dwadashi is still present at Sooryodaya, so Parana starts at Sooryodaya (06:01 AM). Dwadashi ends at 06:20 AM, before Pratah Kala ends at 08:32 AM; therefore Dwadashi end is the limiting end time. Hence Parana is 06:01 AM to 06:20 AM.",2026-08-22:Dashami | 2026-08-23:Ekadashi | 2026-08-24:Dwadashi | 2026-08-25:Dwadashi,2026-08-22:Jyeshtha | 2026-08-23:Mula | 2026-08-24:Purva Ashadha | 2026-08-25:Uttara Ashadha,2026-08-23 02:00:00 AM IST,2026-08-24 04:18:00 AM IST,2026-08-25 06:20:00 AM IST,2026-08-23,06:01 AM,2026-08-23 04:25:00 AM IST,2026-08-23,,2026-08-23:VALID (start 2026-08-23 02:00:00 AM IST < Arunodaya 2026-08-23 04:25:00 AM IST),2026-08-23,06:01 AM,2026-08-23 04:25:00 AM IST,2026-08-24,Purva Ashadha,2026-08-24 10:48:30 AM IST,2026-08-22,2026-08-25,2026-08-22 | 2026-08-23 | 2026-08-24 | 2026-08-25,0,COMPLETE,,,Dwadashi Dwaya,DWADASHI_DWAYA,A valid Ekadashi sunrise is followed by Dwadashi at two consecutive sunrises. Observe Upavaasa on the valid Ekadashi day and on the first Dwadashi day; Parana is on the following morning.,2026-08-23:VALID (start 2026-08-23 02:00:00 AM IST < Arunodaya 2026-08-23 04:25:00 AM IST),2026-08-23,2026-08-24,2026-08-25,POST_DWADASHI_UPAVASA,POST_DWADASHI_FAST_DWADASHI_ENDS_IN_PRATAH,2026-08-25 06:01:00 AM IST,2026-08-25 06:20:00 AM IST,Dwadashi is present at Parana-day sunrise and ends during Pratah; Parana is sunrise to Dwadashi end.
Rochester,New York,United States,America/New_York,geoname:5134086,5134086,Shravana Putrada Ekadashi,2026-08-23,"Shravana Putrada Ekadashi - Rochester. Dashami ends and Ekadashi begins on 2026-08-22 04:30:00 PM EDT. On 23-Aug-26, Sooryodaya is 06:25 AM and Arunodaya is 04:49 AM. Ekadashi is present at sunrise and had begun before Arunodaya, so this is a valid Ekadashi sunrise. Ekadashi ends on 2026-08-23 06:48:00 PM EDT and does not remain through another sunrise. Ekadashi ends and Dwadashi begins on 2026-08-23 06:48:00 PM EDT. Dwadashi is present at Sooryodaya on 24-Aug-26 (Sooryodaya 06:26 AM). Dwadashi ends and Trayodashi begins on 2026-08-24 08:50:00 PM EDT. Therefore the Upavaasa is observed on 23-Aug-26. For Parana on 24-Aug-26, Sooryodaya is 06:26 AM, Pratah Kala ends at 09:09 AM, Dwadashi ends at 2026-08-24 08:50:00 PM EDT, and Hari Vasara ends at 2026-08-24 01:18:30 AM EDT. Hari Vasara ends before Sooryodaya, so there is no Hari-Vasara delay; Parana starts at Sooryodaya (06:26 AM). Pratah Kala ends at 09:09 AM, before Dwadashi ends; therefore Pratah Kala end is the limiting end time. Hence Parana is 06:26 AM to 09:09 AM.",2026-08-22:Dashami | 2026-08-23:Ekadashi | 2026-08-24:Dwadashi,2026-08-22:Mula | 2026-08-23:Mula | 2026-08-24:Purva Ashadha,2026-08-22 04:30:00 PM EDT,2026-08-23 06:48:00 PM EDT,2026-08-24 08:50:00 PM EDT,2026-08-23,06:25 AM,2026-08-23 04:49:00 AM EDT,2026-08-23,,2026-08-23:VALID (start 2026-08-22 04:30:00 PM EDT < Arunodaya 2026-08-23 04:49:00 AM EDT),2026-08-23,06:25 AM,2026-08-23 04:49:00 AM EDT,2026-08-24,Purva Ashadha,2026-08-24 01:18:30 AM EDT,2026-08-22,2026-08-24,2026-08-22 | 2026-08-23 | 2026-08-24,0,COMPLETE,,,Normal Ekadashi,NORMAL,Ekadashi began before Arunodaya and has one valid Ekadashi sunrise. No two-day exception is triggered.,2026-08-23:VALID (start 2026-08-22 04:30:00 PM EDT < Arunodaya 2026-08-23 04:49:00 AM EDT),2026-08-23,,2026-08-24,DWADASHI,PRATAH,2026-08-24 06:26:00 AM EDT,2026-08-24 09:08:36 AM EDT,Hari Vasara ended before Parana-day sunrise; Parana is sunrise to Pratah end.
Stonybrook,New York,United States,America/New_York,geoname:5139865,5139865,Shravana Putrada Ekadashi,2026-08-23,"Shravana Putrada Ekadashi - Stonybrook. Dashami ends and Ekadashi begins on 2026-08-22 04:30:00 PM EDT. On 23-Aug-26, Sooryodaya is 06:11 AM and Arunodaya is 04:35 AM. Ekadashi is present at sunrise and had begun before Arunodaya, so this is a valid Ekadashi sunrise. Ekadashi ends on 2026-08-23 06:48:00 PM EDT and does not remain through another sunrise. Ekadashi ends and Dwadashi begins on 2026-08-23 06:48:00 PM EDT. Dwadashi is present at Sooryodaya on 24-Aug-26 (Sooryodaya 06:12 AM). Dwadashi ends and Trayodashi begins on 2026-08-24 08:50:00 PM EDT. Therefore the Upavaasa is observed on 23-Aug-26. For Parana on 24-Aug-26, Sooryodaya is 06:12 AM, Pratah Kala ends at 08:53 AM, Dwadashi ends at 2026-08-24 08:50:00 PM EDT, and Hari Vasara ends at 2026-08-24 01:18:30 AM EDT. Hari Vasara ends before Sooryodaya, so there is no Hari-Vasara delay; Parana starts at Sooryodaya (06:12 AM). Pratah Kala ends at 08:53 AM, before Dwadashi ends; therefore Pratah Kala end is the limiting end time. Hence Parana is 06:12 AM to 08:53 AM.",2026-08-22:Dashami | 2026-08-23:Ekadashi | 2026-08-24:Dwadashi,2026-08-22:Mula | 2026-08-23:Mula | 2026-08-24:Purva Ashadha,2026-08-22 04:30:00 PM EDT,2026-08-23 06:48:00 PM EDT,2026-08-24 08:50:00 PM EDT,2026-08-23,06:11 AM,2026-08-23 04:35:00 AM EDT,2026-08-23,,2026-08-23:VALID (start 2026-08-22 04:30:00 PM EDT < Arunodaya 2026-08-23 04:35:00 AM EDT),2026-08-23,06:11 AM,2026-08-23 04:35:00 AM EDT,2026-08-24,Purva Ashadha,2026-08-24 01:18:30 AM EDT,2026-08-22,2026-08-24,2026-08-22 | 2026-08-23 | 2026-08-24,0,COMPLETE,,,Normal Ekadashi,NORMAL,Ekadashi began before Arunodaya and has one valid Ekadashi sunrise. No two-day exception is triggered.,2026-08-23:VALID (start 2026-08-22 04:30:00 PM EDT < Arunodaya 2026-08-23 04:35:00 AM EDT),2026-08-23,,2026-08-24,DWADASHI,PRATAH,2026-08-24 06:12:00 AM EDT,2026-08-24 08:53:12 AM EDT,Hari Vasara ended before Parana-day sunrise; Parana is sunrise to Pratah end.
Lafayette,Indiana,United States,America/Indiana/Indianapolis,geoname:4922462,4922462,Shravana Putrada Ekadashi,2026-08-23,"Shravana Putrada Ekadashi - Lafayette. Dashami ends and Ekadashi begins on 2026-08-22 04:30:00 PM EDT. On 23-Aug-26, Sooryodaya is 07:06 AM and Arunodaya is 05:30 AM. Ekadashi is present at sunrise and had begun before Arunodaya, so this is a valid Ekadashi sunrise. Ekadashi ends on 2026-08-23 06:48:00 PM EDT and does not remain through another sunrise. Ekadashi ends and Dwadashi begins on 2026-08-23 06:48:00 PM EDT. Dwadashi is present at Sooryodaya on 24-Aug-26 (Sooryodaya 07:07 AM). Dwadashi ends and Trayodashi begins on 2026-08-24 08:50:00 PM EDT. Therefore the Upavaasa is observed on 23-Aug-26. For Parana on 24-Aug-26, Sooryodaya is 07:07 AM, Pratah Kala ends at 09:48 AM, Dwadashi ends at 2026-08-24 08:50:00 PM EDT, and Hari Vasara ends at 2026-08-24 01:18:30 AM EDT. Hari Vasara ends before Sooryodaya, so there is no Hari-Vasara delay; Parana starts at Sooryodaya (07:07 AM). Pratah Kala ends at 09:48 AM, before Dwadashi ends; therefore Pratah Kala end is the limiting end time. Hence Parana is 07:07 AM to 09:48 AM.",2026-08-22:Dashami | 2026-08-23:Ekadashi | 2026-08-24:Dwadashi,2026-08-22:Mula | 2026-08-23:Mula | 2026-08-24:Purva Ashadha,2026-08-22 04:30:00 PM EDT,2026-08-23 06:48:00 PM EDT,2026-08-24 08:50:00 PM EDT,2026-08-23,07:06 AM,2026-08-23 05:30:00 AM EDT,2026-08-23,,2026-08-23:VALID (start 2026-08-22 04:30:00 PM EDT < Arunodaya 2026-08-23 05:30:00 AM EDT),2026-08-23,07:06 AM,2026-08-23 05:30:00 AM EDT,2026-08-24,Purva Ashadha,2026-08-24 01:18:30 AM EDT,2026-08-22,2026-08-24,2026-08-22 | 2026-08-23 | 2026-08-24,0,COMPLETE,,,Normal Ekadashi,NORMAL,Ekadashi began before Arunodaya and has one valid Ekadashi sunrise. No two-day exception is triggered.,2026-08-23:VALID (start 2026-08-22 04:30:00 PM EDT < Arunodaya 2026-08-23 05:30:00 AM EDT),2026-08-23,,2026-08-24,DWADASHI,PRATAH,2026-08-24 07:07:00 AM EDT,2026-08-24 09:48:00 AM EDT,Hari Vasara ended before Parana-day sunrise; Parana is sunrise to Pratah end.
Chicago,Illinois,United States,America/Chicago,geoname:4887398,4887398,Shravana Putrada Ekadashi,2026-08-23,"Shravana Putrada Ekadashi - Chicago. Dashami ends and Ekadashi begins on 2026-08-22 03:30:00 PM CDT. On 23-Aug-26, Sooryodaya is 06:07 AM and Arunodaya is 04:31 AM. Ekadashi is present at sunrise and had begun before Arunodaya, so this is a valid Ekadashi sunrise. Ekadashi ends on 2026-08-23 05:48:00 PM CDT and does not remain through another sunrise. Ekadashi ends and Dwadashi begins on 2026-08-23 05:48:00 PM CDT. Dwadashi is present at Sooryodaya on 24-Aug-26 (Sooryodaya 06:08 AM). Dwadashi ends and Trayodashi begins on 2026-08-24 07:50:00 PM CDT. Therefore the Upavaasa is observed on 23-Aug-26. For Parana on 24-Aug-26, Sooryodaya is 06:08 AM, Pratah Kala ends at 08:50 AM, Dwadashi ends at 2026-08-24 07:50:00 PM CDT, and Hari Vasara ends at 2026-08-24 12:18:30 AM CDT. Hari Vasara ends before Sooryodaya, so there is no Hari-Vasara delay; Parana starts at Sooryodaya (06:08 AM). Pratah Kala ends at 08:50 AM, before Dwadashi ends; therefore Pratah Kala end is the limiting end time. Hence Parana is 06:08 AM to 08:50 AM.",2026-08-22:Dashami | 2026-08-23:Ekadashi | 2026-08-24:Dwadashi,2026-08-22:Mula | 2026-08-23:Mula | 2026-08-24:Purva Ashadha,2026-08-22 03:30:00 PM CDT,2026-08-23 05:48:00 PM CDT,2026-08-24 07:50:00 PM CDT,2026-08-23,06:07 AM,2026-08-23 04:31:00 AM CDT,2026-08-23,,2026-08-23:VALID (start 2026-08-22 03:30:00 PM CDT < Arunodaya 2026-08-23 04:31:00 AM CDT),2026-08-23,06:07 AM,2026-08-23 04:31:00 AM CDT,2026-08-24,Purva Ashadha,2026-08-24 12:18:30 AM CDT,2026-08-22,2026-08-24,2026-08-22 | 2026-08-23 | 2026-08-24,0,COMPLETE,,,Normal Ekadashi,NORMAL,Ekadashi began before Arunodaya and has one valid Ekadashi sunrise. No two-day exception is triggered.,2026-08-23:VALID (start 2026-08-22 03:30:00 PM CDT < Arunodaya 2026-08-23 04:31:00 AM CDT),2026-08-23,,2026-08-24,DWADASHI,PRATAH,2026-08-24 06:08:00 AM CDT,2026-08-24 08:49:48 AM CDT,Hari Vasara ended before Parana-day sunrise; Parana is sunrise to Pratah end.
Dallas,Texas,United States,America/Chicago,geoname:4684888,4684888,Shravana Putrada Ekadashi,2026-08-23,"Shravana Putrada Ekadashi - Dallas. Dashami ends and Ekadashi begins on 2026-08-22 03:30:00 PM CDT. On 23-Aug-26, Sooryodaya is 06:56 AM and Arunodaya is 05:20 AM. Ekadashi is present at sunrise and had begun before Arunodaya, so this is a valid Ekadashi sunrise. Ekadashi ends on 2026-08-23 05:48:00 PM CDT and does not remain through another sunrise. Ekadashi ends and Dwadashi begins on 2026-08-23 05:48:00 PM CDT. Dwadashi is present at Sooryodaya on 24-Aug-26 (Sooryodaya 06:57 AM). Dwadashi ends and Trayodashi begins on 2026-08-24 07:50:00 PM CDT. Therefore the Upavaasa is observed on 23-Aug-26. For Parana on 24-Aug-26, Sooryodaya is 06:57 AM, Pratah Kala ends at 09:34 AM, Dwadashi ends at 2026-08-24 07:50:00 PM CDT, and Hari Vasara ends at 2026-08-24 12:18:30 AM CDT. Hari Vasara ends before Sooryodaya, so there is no Hari-Vasara delay; Parana starts at Sooryodaya (06:57 AM). Pratah Kala ends at 09:34 AM, before Dwadashi ends; therefore Pratah Kala end is the limiting end time. Hence Parana is 06:57 AM to 09:34 AM.",2026-08-22:Dashami | 2026-08-23:Ekadashi | 2026-08-24:Dwadashi,2026-08-22:Mula | 2026-08-23:Mula | 2026-08-24:Purva Ashadha,2026-08-22 03:30:00 PM CDT,2026-08-23 05:48:00 PM CDT,2026-08-24 07:50:00 PM CDT,2026-08-23,06:56 AM,2026-08-23 05:20:00 AM CDT,2026-08-23,,2026-08-23:VALID (start 2026-08-22 03:30:00 PM CDT < Arunodaya 2026-08-23 05:20:00 AM CDT),2026-08-23,06:56 AM,2026-08-23 05:20:00 AM CDT,2026-08-24,Purva Ashadha,2026-08-24 12:18:30 AM CDT,2026-08-22,2026-08-24,2026-08-22 | 2026-08-23 | 2026-08-24,0,COMPLETE,,,Normal Ekadashi,NORMAL,Ekadashi began before Arunodaya and has one valid Ekadashi sunrise. No two-day exception is triggered.,2026-08-23:VALID (start 2026-08-22 03:30:00 PM CDT < Arunodaya 2026-08-23 05:20:00 AM CDT),2026-08-23,,2026-08-24,DWADASHI,PRATAH,2026-08-24 06:57:00 AM CDT,2026-08-24 09:34:00 AM CDT,Hari Vasara ended before Parana-day sunrise; Parana is sunrise to Pratah end.
Houston,Texas,United States,America/Chicago,geoname:4699066,4699066,Shravana Putrada Ekadashi,2026-08-23,"Shravana Putrada Ekadashi - Houston. Dashami ends and Ekadashi begins on 2026-08-22 03:30:00 PM CDT. On 23-Aug-26, Sooryodaya is 06:54 AM and Arunodaya is 05:18 AM. Ekadashi is present at sunrise and had begun before Arunodaya, so this is a valid Ekadashi sunrise. Ekadashi ends on 2026-08-23 05:48:00 PM CDT and does not remain through another sunrise. Ekadashi ends and Dwadashi begins on 2026-08-23 05:48:00 PM CDT. Dwadashi is present at Sooryodaya on 24-Aug-26 (Sooryodaya 06:54 AM). Dwadashi ends and Trayodashi begins on 2026-08-24 07:50:00 PM CDT. Therefore the Upavaasa is observed on 23-Aug-26. For Parana on 24-Aug-26, Sooryodaya is 06:54 AM, Pratah Kala ends at 09:30 AM, Dwadashi ends at 2026-08-24 07:50:00 PM CDT, and Hari Vasara ends at 2026-08-24 12:18:30 AM CDT. Hari Vasara ends before Sooryodaya, so there is no Hari-Vasara delay; Parana starts at Sooryodaya (06:54 AM). Pratah Kala ends at 09:30 AM, before Dwadashi ends; therefore Pratah Kala end is the limiting end time. Hence Parana is 06:54 AM to 09:30 AM.",2026-08-22:Dashami | 2026-08-23:Ekadashi | 2026-08-24:Dwadashi,2026-08-22:Mula | 2026-08-23:Mula | 2026-08-24:Purva Ashadha,2026-08-22 03:30:00 PM CDT,2026-08-23 05:48:00 PM CDT,2026-08-24 07:50:00 PM CDT,2026-08-23,06:54 AM,2026-08-23 05:18:00 AM CDT,2026-08-23,,2026-08-23:VALID (start 2026-08-22 03:30:00 PM CDT < Arunodaya 2026-08-23 05:18:00 AM CDT),2026-08-23,06:54 AM,2026-08-23 05:18:00 AM CDT,2026-08-24,Purva Ashadha,2026-08-24 12:18:30 AM CDT,2026-08-22,2026-08-24,2026-08-22 | 2026-08-23 | 2026-08-24,0,COMPLETE,,,Normal Ekadashi,NORMAL,Ekadashi began before Arunodaya and has one valid Ekadashi sunrise. No two-day exception is triggered.,2026-08-23:VALID (start 2026-08-22 03:30:00 PM CDT < Arunodaya 2026-08-23 05:18:00 AM CDT),2026-08-23,,2026-08-24,DWADASHI,PRATAH,2026-08-24 06:54:00 AM CDT,2026-08-24 09:29:48 AM CDT,Hari Vasara ended before Parana-day sunrise; Parana is sunrise to Pratah end.
Phoenix,Arizona,United States,America/Phoenix,geoname:5308655,5308655,Shravana Putrada Ekadashi,2026-08-23,"Shravana Putrada Ekadashi - Phoenix. Dashami ends and Ekadashi begins on 2026-08-22 01:30:00 PM MST. On 23-Aug-26, Sooryodaya is 05:57 AM and Arunodaya is 04:21 AM. Ekadashi is present at sunrise and had begun before Arunodaya, so this is a valid Ekadashi sunrise. Ekadashi ends on 2026-08-23 03:48:00 PM MST and does not remain through another sunrise. Ekadashi ends and Dwadashi begins on 2026-08-23 03:48:00 PM MST. Dwadashi is present at Sooryodaya on 24-Aug-26 (Sooryodaya 05:57 AM). Dwadashi ends and Trayodashi begins on 2026-08-24 05:50:00 PM MST. Therefore the Upavaasa is observed on 23-Aug-26. For Parana on 24-Aug-26, Sooryodaya is 05:57 AM, Pratah Kala ends at 08:34 AM, Dwadashi ends at 2026-08-24 05:50:00 PM MST, and Hari Vasara ends at 2026-08-23 10:18:30 PM MST. Hari Vasara ends before Sooryodaya, so there is no Hari-Vasara delay; Parana starts at Sooryodaya (05:57 AM). Pratah Kala ends at 08:34 AM, before Dwadashi ends; therefore Pratah Kala end is the limiting end time. Hence Parana is 05:57 AM to 08:34 AM.",2026-08-22:Dashami | 2026-08-23:Ekadashi | 2026-08-24:Dwadashi,2026-08-22:Mula | 2026-08-23:Purva Ashadha | 2026-08-24:Purva Ashadha,2026-08-22 01:30:00 PM MST,2026-08-23 03:48:00 PM MST,2026-08-24 05:50:00 PM MST,2026-08-23,05:57 AM,2026-08-23 04:21:00 AM MST,2026-08-23,,2026-08-23:VALID (start 2026-08-22 01:30:00 PM MST < Arunodaya 2026-08-23 04:21:00 AM MST),2026-08-23,05:57 AM,2026-08-23 04:21:00 AM MST,2026-08-24,Purva Ashadha,2026-08-23 10:18:30 PM MST,2026-08-22,2026-08-24,2026-08-22 | 2026-08-23 | 2026-08-24,0,COMPLETE,,,Normal Ekadashi,NORMAL,Ekadashi began before Arunodaya and has one valid Ekadashi sunrise. No two-day exception is triggered.,2026-08-23:VALID (start 2026-08-22 01:30:00 PM MST < Arunodaya 2026-08-23 04:21:00 AM MST),2026-08-23,,2026-08-24,DWADASHI,PRATAH,2026-08-24 05:57:00 AM MST,2026-08-24 08:34:24 AM MST,Hari Vasara ended before Parana-day sunrise; Parana is sunrise to Pratah end.
San Francisco,California,United States,America/Los_Angeles,geoname:5391959,5391959,Shravana Putrada Ekadashi,2026-08-23,"Shravana Putrada Ekadashi - San Francisco. Dashami ends and Ekadashi begins on 2026-08-22 01:30:00 PM PDT. On 23-Aug-26, Sooryodaya is 06:32 AM and Arunodaya is 04:56 AM. Ekadashi is present at sunrise and had begun before Arunodaya, so this is a valid Ekadashi sunrise. Ekadashi ends on 2026-08-23 03:48:00 PM PDT and does not remain through another sunrise. Ekadashi ends and Dwadashi begins on 2026-08-23 03:48:00 PM PDT. Dwadashi is present at Sooryodaya on 24-Aug-26 (Sooryodaya 06:33 AM). Dwadashi ends and Trayodashi begins on 2026-08-24 05:50:00 PM PDT. Therefore the Upavaasa is observed on 23-Aug-26. For Parana on 24-Aug-26, Sooryodaya is 06:33 AM, Pratah Kala ends at 09:12 AM, Dwadashi ends at 2026-08-24 05:50:00 PM PDT, and Hari Vasara ends at 2026-08-23 10:18:30 PM PDT. Hari Vasara ends before Sooryodaya, so there is no Hari-Vasara delay; Parana starts at Sooryodaya (06:33 AM). Pratah Kala ends at 09:12 AM, before Dwadashi ends; therefore Pratah Kala end is the limiting end time. Hence Parana is 06:33 AM to 09:12 AM.",2026-08-22:Dashami | 2026-08-23:Ekadashi | 2026-08-24:Dwadashi,2026-08-22:Mula | 2026-08-23:Purva Ashadha | 2026-08-24:Purva Ashadha,2026-08-22 01:30:00 PM PDT,2026-08-23 03:48:00 PM PDT,2026-08-24 05:50:00 PM PDT,2026-08-23,06:32 AM,2026-08-23 04:56:00 AM PDT,2026-08-23,,2026-08-23:VALID (start 2026-08-22 01:30:00 PM PDT < Arunodaya 2026-08-23 04:56:00 AM PDT),2026-08-23,06:32 AM,2026-08-23 04:56:00 AM PDT,2026-08-24,Purva Ashadha,2026-08-23 10:18:30 PM PDT,2026-08-22,2026-08-24,2026-08-22 | 2026-08-23 | 2026-08-24,0,COMPLETE,,,Normal Ekadashi,NORMAL,Ekadashi began before Arunodaya and has one valid Ekadashi sunrise. No two-day exception is triggered.,2026-08-23:VALID (start 2026-08-22 01:30:00 PM PDT < Arunodaya 2026-08-23 04:56:00 AM PDT),2026-08-23,,2026-08-24,DWADASHI,PRATAH,2026-08-24 06:33:00 AM PDT,2026-08-24 09:12:24 AM PDT,Hari Vasara ended before Parana-day sunrise; Parana is sunrise to Pratah end.
Los Angeles,California,United States,America/Los_Angeles,geoname:5368361,5368361,Shravana Putrada Ekadashi,2026-08-23,"Shravana Putrada Ekadashi - Los Angeles. Dashami ends and Ekadashi begins on 2026-08-22 01:30:00 PM PDT. On 23-Aug-26, Sooryodaya is 06:20 AM and Arunodaya is 04:44 AM. Ekadashi is present at sunrise and had begun before Arunodaya, so this is a valid Ekadashi sunrise. Ekadashi ends on 2026-08-23 03:48:00 PM PDT and does not remain through another sunrise. Ekadashi ends and Dwadashi begins on 2026-08-23 03:48:00 PM PDT. Dwadashi is present at Sooryodaya on 24-Aug-26 (Sooryodaya 06:21 AM). Dwadashi ends and Trayodashi begins on 2026-08-24 05:50:00 PM PDT. Therefore the Upavaasa is observed on 23-Aug-26. For Parana on 24-Aug-26, Sooryodaya is 06:21 AM, Pratah Kala ends at 08:59 AM, Dwadashi ends at 2026-08-24 05:50:00 PM PDT, and Hari Vasara ends at 2026-08-23 10:18:30 PM PDT. Hari Vasara ends before Sooryodaya, so there is no Hari-Vasara delay; Parana starts at Sooryodaya (06:21 AM). Pratah Kala ends at 08:59 AM, before Dwadashi ends; therefore Pratah Kala end is the limiting end time. Hence Parana is 06:21 AM to 08:59 AM.",2026-08-22:Dashami | 2026-08-23:Ekadashi | 2026-08-24:Dwadashi,2026-08-22:Mula | 2026-08-23:Purva Ashadha | 2026-08-24:Purva Ashadha,2026-08-22 01:30:00 PM PDT,2026-08-23 03:48:00 PM PDT,2026-08-24 05:50:00 PM PDT,2026-08-23,06:20 AM,2026-08-23 04:44:00 AM PDT,2026-08-23,,2026-08-23:VALID (start 2026-08-22 01:30:00 PM PDT < Arunodaya 2026-08-23 04:44:00 AM PDT),2026-08-23,06:20 AM,2026-08-23 04:44:00 AM PDT,2026-08-24,Purva Ashadha,2026-08-23 10:18:30 PM PDT,2026-08-22,2026-08-24,2026-08-22 | 2026-08-23 | 2026-08-24,0,COMPLETE,,,Normal Ekadashi,NORMAL,Ekadashi began before Arunodaya and has one valid Ekadashi sunrise. No two-day exception is triggered.,2026-08-23:VALID (start 2026-08-22 01:30:00 PM PDT < Arunodaya 2026-08-23 04:44:00 AM PDT),2026-08-23,,2026-08-24,DWADASHI,PRATAH,2026-08-24 06:21:00 AM PDT,2026-08-24 08:58:36 AM PDT,Hari Vasara ended before Parana-day sunrise; Parana is sunrise to Pratah end.
Seattle,Washington,United States,America/Los_Angeles,geoname:5809844,5809844,Shravana Putrada Ekadashi,2026-08-23,"Shravana Putrada Ekadashi - Seattle. Dashami ends and Ekadashi begins on 2026-08-22 01:30:00 PM PDT. On 23-Aug-26, Sooryodaya is 06:16 AM and Arunodaya is 04:40 AM. Ekadashi is present at sunrise and had begun before Arunodaya, so this is a valid Ekadashi sunrise. Ekadashi ends on 2026-08-23 03:48:00 PM PDT and does not remain through another sunrise. Ekadashi ends and Dwadashi begins on 2026-08-23 03:48:00 PM PDT. Dwadashi is present at Sooryodaya on 24-Aug-26 (Sooryodaya 06:18 AM). Dwadashi ends and Trayodashi begins on 2026-08-24 05:50:00 PM PDT. Therefore the Upavaasa is observed on 23-Aug-26. For Parana on 24-Aug-26, Sooryodaya is 06:18 AM, Pratah Kala ends at 09:03 AM, Dwadashi ends at 2026-08-24 05:50:00 PM PDT, and Hari Vasara ends at 2026-08-23 10:18:30 PM PDT. Hari Vasara ends before Sooryodaya, so there is no Hari-Vasara delay; Parana starts at Sooryodaya (06:18 AM). Pratah Kala ends at 09:03 AM, before Dwadashi ends; therefore Pratah Kala end is the limiting end time. Hence Parana is 06:18 AM to 09:03 AM.",2026-08-22:Dashami | 2026-08-23:Ekadashi | 2026-08-24:Dwadashi,2026-08-22:Mula | 2026-08-23:Purva Ashadha | 2026-08-24:Purva Ashadha,2026-08-22 01:30:00 PM PDT,2026-08-23 03:48:00 PM PDT,2026-08-24 05:50:00 PM PDT,2026-08-23,06:16 AM,2026-08-23 04:40:00 AM PDT,2026-08-23,,2026-08-23:VALID (start 2026-08-22 01:30:00 PM PDT < Arunodaya 2026-08-23 04:40:00 AM PDT),2026-08-23,06:16 AM,2026-08-23 04:40:00 AM PDT,2026-08-24,Purva Ashadha,2026-08-23 10:18:30 PM PDT,2026-08-22,2026-08-24,2026-08-22 | 2026-08-23 | 2026-08-24,0,COMPLETE,,,Normal Ekadashi,NORMAL,Ekadashi began before Arunodaya and has one valid Ekadashi sunrise. No two-day exception is triggered.,2026-08-23:VALID (start 2026-08-22 01:30:00 PM PDT < Arunodaya 2026-08-23 04:40:00 AM PDT),2026-08-23,,2026-08-24,DWADASHI,PRATAH,2026-08-24 06:18:00 AM PDT,2026-08-24 09:03:24 AM PDT,Hari Vasara ended before Parana-day sunrise; Parana is sunrise to Pratah end.
Tampa,Florida,United States,America/New_York,geoname:4174757,4174757,Shravana Putrada Ekadashi,2026-08-23,"Shravana Putrada Ekadashi - Tampa. Dashami ends and Ekadashi begins on 2026-08-22 04:30:00 PM EDT. On 23-Aug-26, Sooryodaya is 07:04 AM and Arunodaya is 05:28 AM. Ekadashi is present at sunrise and had begun before Arunodaya, so this is a valid Ekadashi sunrise. Ekadashi ends on 2026-08-23 06:48:00 PM EDT and does not remain through another sunrise. Ekadashi ends and Dwadashi begins on 2026-08-23 06:48:00 PM EDT. Dwadashi is present at Sooryodaya on 24-Aug-26 (Sooryodaya 07:05 AM). Dwadashi ends and Trayodashi begins on 2026-08-24 08:50:00 PM EDT. Therefore the Upavaasa is observed on 23-Aug-26. For Parana on 24-Aug-26, Sooryodaya is 07:05 AM, Pratah Kala ends at 09:40 AM, Dwadashi ends at 2026-08-24 08:50:00 PM EDT, and Hari Vasara ends at 2026-08-24 01:18:30 AM EDT. Hari Vasara ends before Sooryodaya, so there is no Hari-Vasara delay; Parana starts at Sooryodaya (07:05 AM). Pratah Kala ends at 09:40 AM, before Dwadashi ends; therefore Pratah Kala end is the limiting end time. Hence Parana is 07:05 AM to 09:40 AM.",2026-08-22:Dashami | 2026-08-23:Ekadashi | 2026-08-24:Dwadashi,2026-08-22:Mula | 2026-08-23:Mula | 2026-08-24:Purva Ashadha,2026-08-22 04:30:00 PM EDT,2026-08-23 06:48:00 PM EDT,2026-08-24 08:50:00 PM EDT,2026-08-23,07:04 AM,2026-08-23 05:28:00 AM EDT,2026-08-23,,2026-08-23:VALID (start 2026-08-22 04:30:00 PM EDT < Arunodaya 2026-08-23 05:28:00 AM EDT),2026-08-23,07:04 AM,2026-08-23 05:28:00 AM EDT,2026-08-24,Purva Ashadha,2026-08-24 01:18:30 AM EDT,2026-08-22,2026-08-24,2026-08-22 | 2026-08-23 | 2026-08-24,0,COMPLETE,,,Normal Ekadashi,NORMAL,Ekadashi began before Arunodaya and has one valid Ekadashi sunrise. No two-day exception is triggered.,2026-08-23:VALID (start 2026-08-22 04:30:00 PM EDT < Arunodaya 2026-08-23 05:28:00 AM EDT),2026-08-23,,2026-08-24,DWADASHI,PRATAH,2026-08-24 07:05:00 AM EDT,2026-08-24 09:39:48 AM EDT,Hari Vasara ended before Parana-day sunrise; Parana is sunrise to Pratah end.
Orlando,Florida,United States,America/New_York,geoname:4167147,4167147,Shravana Putrada Ekadashi,2026-08-23,"Shravana Putrada Ekadashi - Orlando. Dashami ends and Ekadashi begins on 2026-08-22 04:30:00 PM EDT. On 23-Aug-26, Sooryodaya is 06:59 AM and Arunodaya is 05:23 AM. Ekadashi is present at sunrise and had begun before Arunodaya, so this is a valid Ekadashi sunrise. Ekadashi ends on 2026-08-23 06:48:00 PM EDT and does not remain through another sunrise. Ekadashi ends and Dwadashi begins on 2026-08-23 06:48:00 PM EDT. Dwadashi is present at Sooryodaya on 24-Aug-26 (Sooryodaya 07:00 AM). Dwadashi ends and Trayodashi begins on 2026-08-24 08:50:00 PM EDT. Therefore the Upavaasa is observed on 23-Aug-26. For Parana on 24-Aug-26, Sooryodaya is 07:00 AM, Pratah Kala ends at 09:35 AM, Dwadashi ends at 2026-08-24 08:50:00 PM EDT, and Hari Vasara ends at 2026-08-24 01:18:30 AM EDT. Hari Vasara ends before Sooryodaya, so there is no Hari-Vasara delay; Parana starts at Sooryodaya (07:00 AM). Pratah Kala ends at 09:35 AM, before Dwadashi ends; therefore Pratah Kala end is the limiting end time. Hence Parana is 07:00 AM to 09:35 AM.",2026-08-22:Dashami | 2026-08-23:Ekadashi | 2026-08-24:Dwadashi,2026-08-22:Mula | 2026-08-23:Mula | 2026-08-24:Purva Ashadha,2026-08-22 04:30:00 PM EDT,2026-08-23 06:48:00 PM EDT,2026-08-24 08:50:00 PM EDT,2026-08-23,06:59 AM,2026-08-23 05:23:00 AM EDT,2026-08-23,,2026-08-23:VALID (start 2026-08-22 04:30:00 PM EDT < Arunodaya 2026-08-23 05:23:00 AM EDT),2026-08-23,06:59 AM,2026-08-23 05:23:00 AM EDT,2026-08-24,Purva Ashadha,2026-08-24 01:18:30 AM EDT,2026-08-22,2026-08-24,2026-08-22 | 2026-08-23 | 2026-08-24,0,COMPLETE,,,Normal Ekadashi,NORMAL,Ekadashi began before Arunodaya and has one valid Ekadashi sunrise. No two-day exception is triggered.,2026-08-23:VALID (start 2026-08-22 04:30:00 PM EDT < Arunodaya 2026-08-23 05:23:00 AM EDT),2026-08-23,,2026-08-24,DWADASHI,PRATAH,2026-08-24 07:00:00 AM EDT,2026-08-24 09:35:12 AM EDT,Hari Vasara ended before Parana-day sunrise; Parana is sunrise to Pratah end.
Richmond,Virginia,United States,America/New_York,geoname:4781708,4781708,Shravana Putrada Ekadashi,2026-08-23,"Shravana Putrada Ekadashi - Richmond. Dashami ends and Ekadashi begins on 2026-08-22 04:30:00 PM EDT. On 23-Aug-26, Sooryodaya is 06:33 AM and Arunodaya is 04:57 AM. Ekadashi is present at sunrise and had begun before Arunodaya, so this is a valid Ekadashi sunrise. Ekadashi ends on 2026-08-23 06:48:00 PM EDT and does not remain through another sunrise. Ekadashi ends and Dwadashi begins on 2026-08-23 06:48:00 PM EDT. Dwadashi is present at Sooryodaya on 24-Aug-26 (Sooryodaya 06:34 AM). Dwadashi ends and Trayodashi begins on 2026-08-24 08:50:00 PM EDT. Therefore the Upavaasa is observed on 23-Aug-26. For Parana on 24-Aug-26, Sooryodaya is 06:34 AM, Pratah Kala ends at 09:13 AM, Dwadashi ends at 2026-08-24 08:50:00 PM EDT, and Hari Vasara ends at 2026-08-24 01:18:30 AM EDT. Hari Vasara ends before Sooryodaya, so there is no Hari-Vasara delay; Parana starts at Sooryodaya (06:34 AM). Pratah Kala ends at 09:13 AM, before Dwadashi ends; therefore Pratah Kala end is the limiting end time. Hence Parana is 06:34 AM to 09:13 AM.",2026-08-22:Dashami | 2026-08-23:Ekadashi | 2026-08-24:Dwadashi,2026-08-22:Mula | 2026-08-23:Mula | 2026-08-24:Purva Ashadha,2026-08-22 04:30:00 PM EDT,2026-08-23 06:48:00 PM EDT,2026-08-24 08:50:00 PM EDT,2026-08-23,06:33 AM,2026-08-23 04:57:00 AM EDT,2026-08-23,,2026-08-23:VALID (start 2026-08-22 04:30:00 PM EDT < Arunodaya 2026-08-23 04:57:00 AM EDT),2026-08-23,06:33 AM,2026-08-23 04:57:00 AM EDT,2026-08-24,Purva Ashadha,2026-08-24 01:18:30 AM EDT,2026-08-22,2026-08-24,2026-08-22 | 2026-08-23 | 2026-08-24,0,COMPLETE,,,Normal Ekadashi,NORMAL,Ekadashi began before Arunodaya and has one valid Ekadashi sunrise. No two-day exception is triggered.,2026-08-23:VALID (start 2026-08-22 04:30:00 PM EDT < Arunodaya 2026-08-23 04:57:00 AM EDT),2026-08-23,,2026-08-24,DWADASHI,PRATAH,2026-08-24 06:34:00 AM EDT,2026-08-24 09:13:12 AM EDT,Hari Vasara ended before Parana-day sunrise; Parana is sunrise to Pratah end.
Baltimore,Maryland,United States,America/New_York,geoname:4347778,4347778,Shravana Putrada Ekadashi,2026-08-23,"Shravana Putrada Ekadashi - Baltimore. Dashami ends and Ekadashi begins on 2026-08-22 04:30:00 PM EDT. On 23-Aug-26, Sooryodaya is 06:27 AM and Arunodaya is 04:51 AM. Ekadashi is present at sunrise and had begun before Arunodaya, so this is a valid Ekadashi sunrise. Ekadashi ends on 2026-08-23 06:48:00 PM EDT and does not remain through another sunrise. Ekadashi ends and Dwadashi begins on 2026-08-23 06:48:00 PM EDT. Dwadashi is present at Sooryodaya on 24-Aug-26 (Sooryodaya 06:28 AM). Dwadashi ends and Trayodashi begins on 2026-08-24 08:50:00 PM EDT. Therefore the Upavaasa is observed on 23-Aug-26. For Parana on 24-Aug-26, Sooryodaya is 06:28 AM, Pratah Kala ends at 09:08 AM, Dwadashi ends at 2026-08-24 08:50:00 PM EDT, and Hari Vasara ends at 2026-08-24 01:18:30 AM EDT. Hari Vasara ends before Sooryodaya, so there is no Hari-Vasara delay; Parana starts at Sooryodaya (06:28 AM). Pratah Kala ends at 09:08 AM, before Dwadashi ends; therefore Pratah Kala end is the limiting end time. Hence Parana is 06:28 AM to 09:08 AM.",2026-08-22:Dashami | 2026-08-23:Ekadashi | 2026-08-24:Dwadashi,2026-08-22:Mula | 2026-08-23:Mula | 2026-08-24:Purva Ashadha,2026-08-22 04:30:00 PM EDT,2026-08-23 06:48:00 PM EDT,2026-08-24 08:50:00 PM EDT,2026-08-23,06:27 AM,2026-08-23 04:51:00 AM EDT,2026-08-23,,2026-08-23:VALID (start 2026-08-22 04:30:00 PM EDT < Arunodaya 2026-08-23 04:51:00 AM EDT),2026-08-23,06:27 AM,2026-08-23 04:51:00 AM EDT,2026-08-24,Purva Ashadha,2026-08-24 01:18:30 AM EDT,2026-08-22,2026-08-24,2026-08-22 | 2026-08-23 | 2026-08-24,0,COMPLETE,,,Normal Ekadashi,NORMAL,Ekadashi began before Arunodaya and has one valid Ekadashi sunrise. No two-day exception is triggered.,2026-08-23:VALID (start 2026-08-22 04:30:00 PM EDT < Arunodaya 2026-08-23 04:51:00 AM EDT),2026-08-23,,2026-08-24,DWADASHI,PRATAH,2026-08-24 06:28:00 AM EDT,2026-08-24 09:08:12 AM EDT,Hari Vasara ended before Parana-day sunrise; Parana is sunrise to Pratah end.
Philadelphia,Pennsylvania,United States,America/New_York,geoname:4560349,4560349,Shravana Putrada Ekadashi,2026-08-23,"Shravana Putrada Ekadashi - Philadelphia. Dashami ends and Ekadashi begins on 2026-08-22 04:30:00 PM EDT. On 23-Aug-26, Sooryodaya is 06:20 AM and Arunodaya is 04:44 AM. Ekadashi is present at sunrise and had begun before Arunodaya, so this is a valid Ekadashi sunrise. Ekadashi ends on 2026-08-23 06:48:00 PM EDT and does not remain through another sunrise. Ekadashi ends and Dwadashi begins on 2026-08-23 06:48:00 PM EDT. Dwadashi is present at Sooryodaya on 24-Aug-26 (Sooryodaya 06:21 AM). Dwadashi ends and Trayodashi begins on 2026-08-24 08:50:00 PM EDT. Therefore the Upavaasa is observed on 23-Aug-26. For Parana on 24-Aug-26, Sooryodaya is 06:21 AM, Pratah Kala ends at 09:02 AM, Dwadashi ends at 2026-08-24 08:50:00 PM EDT, and Hari Vasara ends at 2026-08-24 01:18:30 AM EDT. Hari Vasara ends before Sooryodaya, so there is no Hari-Vasara delay; Parana starts at Sooryodaya (06:21 AM). Pratah Kala ends at 09:02 AM, before Dwadashi ends; therefore Pratah Kala end is the limiting end time. Hence Parana is 06:21 AM to 09:02 AM.",2026-08-22:Dashami | 2026-08-23:Ekadashi | 2026-08-24:Dwadashi,2026-08-22:Mula | 2026-08-23:Mula | 2026-08-24:Purva Ashadha,2026-08-22 04:30:00 PM EDT,2026-08-23 06:48:00 PM EDT,2026-08-24 08:50:00 PM EDT,2026-08-23,06:20 AM,2026-08-23 04:44:00 AM EDT,2026-08-23,,2026-08-23:VALID (start 2026-08-22 04:30:00 PM EDT < Arunodaya 2026-08-23 04:44:00 AM EDT),2026-08-23,06:20 AM,2026-08-23 04:44:00 AM EDT,2026-08-24,Purva Ashadha,2026-08-24 01:18:30 AM EDT,2026-08-22,2026-08-24,2026-08-22 | 2026-08-23 | 2026-08-24,0,COMPLETE,,,Normal Ekadashi,NORMAL,Ekadashi began before Arunodaya and has one valid Ekadashi sunrise. No two-day exception is triggered.,2026-08-23:VALID (start 2026-08-22 04:30:00 PM EDT < Arunodaya 2026-08-23 04:44:00 AM EDT),2026-08-23,,2026-08-24,DWADASHI,PRATAH,2026-08-24 06:21:00 AM EDT,2026-08-24 09:01:36 AM EDT,Hari Vasara ended before Parana-day sunrise; Parana is sunrise to Pratah end.
New York,New York,United States,America/New_York,geoname:5128581,5128581,Shravana Putrada Ekadashi,2026-08-23,"Shravana Putrada Ekadashi - New York. Dashami ends and Ekadashi begins on 2026-08-22 04:30:00 PM EDT. On 23-Aug-26, Sooryodaya is 06:14 AM and Arunodaya is 04:38 AM. Ekadashi is present at sunrise and had begun before Arunodaya, so this is a valid Ekadashi sunrise. Ekadashi ends on 2026-08-23 06:48:00 PM EDT and does not remain through another sunrise. Ekadashi ends and Dwadashi begins on 2026-08-23 06:48:00 PM EDT. Dwadashi is present at Sooryodaya on 24-Aug-26 (Sooryodaya 06:15 AM). Dwadashi ends and Trayodashi begins on 2026-08-24 08:50:00 PM EDT. Therefore the Upavaasa is observed on 23-Aug-26. For Parana on 24-Aug-26, Sooryodaya is 06:15 AM, Pratah Kala ends at 08:56 AM, Dwadashi ends at 2026-08-24 08:50:00 PM EDT, and Hari Vasara ends at 2026-08-24 01:18:30 AM EDT. Hari Vasara ends before Sooryodaya, so there is no Hari-Vasara delay; Parana starts at Sooryodaya (06:15 AM). Pratah Kala ends at 08:56 AM, before Dwadashi ends; therefore Pratah Kala end is the limiting end time. Hence Parana is 06:15 AM to 08:56 AM.",2026-08-22:Dashami | 2026-08-23:Ekadashi | 2026-08-24:Dwadashi,2026-08-22:Mula | 2026-08-23:Mula | 2026-08-24:Purva Ashadha,2026-08-22 04:30:00 PM EDT,2026-08-23 06:48:00 PM EDT,2026-08-24 08:50:00 PM EDT,2026-08-23,06:14 AM,2026-08-23 04:38:00 AM EDT,2026-08-23,,2026-08-23:VALID (start 2026-08-22 04:30:00 PM EDT < Arunodaya 2026-08-23 04:38:00 AM EDT),2026-08-23,06:14 AM,2026-08-23 04:38:00 AM EDT,2026-08-24,Purva Ashadha,2026-08-24 01:18:30 AM EDT,2026-08-22,2026-08-24,2026-08-22 | 2026-08-23 | 2026-08-24,0,COMPLETE,,,Normal Ekadashi,NORMAL,Ekadashi began before Arunodaya and has one valid Ekadashi sunrise. No two-day exception is triggered.,2026-08-23:VALID (start 2026-08-22 04:30:00 PM EDT < Arunodaya 2026-08-23 04:38:00 AM EDT),2026-08-23,,2026-08-24,DWADASHI,PRATAH,2026-08-24 06:15:00 AM EDT,2026-08-24 08:56:12 AM EDT,Hari Vasara ended before Parana-day sunrise; Parana is sunrise to Pratah end.
New Jersey,New Jersey,United States,America/New_York,geoname:5099836,5099836,Shravana Putrada Ekadashi,2026-08-23,"Shravana Putrada Ekadashi - New Jersey. Dashami ends and Ekadashi begins on 2026-08-22 04:30:00 PM EDT. On 23-Aug-26, Sooryodaya is 06:15 AM and Arunodaya is 04:39 AM. Ekadashi is present at sunrise and had begun before Arunodaya, so this is a valid Ekadashi sunrise. Ekadashi ends on 2026-08-23 06:48:00 PM EDT and does not remain through another sunrise. Ekadashi ends and Dwadashi begins on 2026-08-23 06:48:00 PM EDT. Dwadashi is present at Sooryodaya on 24-Aug-26 (Sooryodaya 06:16 AM). Dwadashi ends and Trayodashi begins on 2026-08-24 08:50:00 PM EDT. Therefore the Upavaasa is observed on 23-Aug-26. For Parana on 24-Aug-26, Sooryodaya is 06:16 AM, Pratah Kala ends at 08:57 AM, Dwadashi ends at 2026-08-24 08:50:00 PM EDT, and Hari Vasara ends at 2026-08-24 01:18:30 AM EDT. Hari Vasara ends before Sooryodaya, so there is no Hari-Vasara delay; Parana starts at Sooryodaya (06:16 AM). Pratah Kala ends at 08:57 AM, before Dwadashi ends; therefore Pratah Kala end is the limiting end time. Hence Parana is 06:16 AM to 08:57 AM.",2026-08-22:Dashami | 2026-08-23:Ekadashi | 2026-08-24:Dwadashi,2026-08-22:Mula | 2026-08-23:Mula | 2026-08-24:Purva Ashadha,2026-08-22 04:30:00 PM EDT,2026-08-23 06:48:00 PM EDT,2026-08-24 08:50:00 PM EDT,2026-08-23,06:15 AM,2026-08-23 04:39:00 AM EDT,2026-08-23,,2026-08-23:VALID (start 2026-08-22 04:30:00 PM EDT < Arunodaya 2026-08-23 04:39:00 AM EDT),2026-08-23,06:15 AM,2026-08-23 04:39:00 AM EDT,2026-08-24,Purva Ashadha,2026-08-24 01:18:30 AM EDT,2026-08-22,2026-08-24,2026-08-22 | 2026-08-23 | 2026-08-24,0,COMPLETE,,,Normal Ekadashi,NORMAL,Ekadashi began before Arunodaya and has one valid Ekadashi sunrise. No two-day exception is triggered.,2026-08-23:VALID (start 2026-08-22 04:30:00 PM EDT < Arunodaya 2026-08-23 04:39:00 AM EDT),2026-08-23,,2026-08-24,DWADASHI,PRATAH,2026-08-24 06:16:00 AM EDT,2026-08-24 08:57:00 AM EDT,Hari Vasara ended before Parana-day sunrise; Parana is sunrise to Pratah end.
Buffalo,New York,United States,America/New_York,geoname:5110629,5110629,Shravana Putrada Ekadashi,2026-08-23,"Shravana Putrada Ekadashi - Buffalo. Dashami ends and Ekadashi begins on 2026-08-22 04:30:00 PM EDT. On 23-Aug-26, Sooryodaya is 06:31 AM and Arunodaya is 04:55 AM. Ekadashi is present at sunrise and had begun before Arunodaya, so this is a valid Ekadashi sunrise. Ekadashi ends on 2026-08-23 06:48:00 PM EDT and does not remain through another sunrise. Ekadashi ends and Dwadashi begins on 2026-08-23 06:48:00 PM EDT. Dwadashi is present at Sooryodaya on 24-Aug-26 (Sooryodaya 06:32 AM). Dwadashi ends and Trayodashi begins on 2026-08-24 08:50:00 PM EDT. Therefore the Upavaasa is observed on 23-Aug-26. For Parana on 24-Aug-26, Sooryodaya is 06:32 AM, Pratah Kala ends at 09:14 AM, Dwadashi ends at 2026-08-24 08:50:00 PM EDT, and Hari Vasara ends at 2026-08-24 01:18:30 AM EDT. Hari Vasara ends before Sooryodaya, so there is no Hari-Vasara delay; Parana starts at Sooryodaya (06:32 AM). Pratah Kala ends at 09:14 AM, before Dwadashi ends; therefore Pratah Kala end is the limiting end time. Hence Parana is 06:32 AM to 09:14 AM.",2026-08-22:Dashami | 2026-08-23:Ekadashi | 2026-08-24:Dwadashi,2026-08-22:Mula | 2026-08-23:Mula | 2026-08-24:Purva Ashadha,2026-08-22 04:30:00 PM EDT,2026-08-23 06:48:00 PM EDT,2026-08-24 08:50:00 PM EDT,2026-08-23,06:31 AM,2026-08-23 04:55:00 AM EDT,2026-08-23,,2026-08-23:VALID (start 2026-08-22 04:30:00 PM EDT < Arunodaya 2026-08-23 04:55:00 AM EDT),2026-08-23,06:31 AM,2026-08-23 04:55:00 AM EDT,2026-08-24,Purva Ashadha,2026-08-24 01:18:30 AM EDT,2026-08-22,2026-08-24,2026-08-22 | 2026-08-23 | 2026-08-24,0,COMPLETE,,,Normal Ekadashi,NORMAL,Ekadashi began before Arunodaya and has one valid Ekadashi sunrise. No two-day exception is triggered.,2026-08-23:VALID (start 2026-08-22 04:30:00 PM EDT < Arunodaya 2026-08-23 04:55:00 AM EDT),2026-08-23,,2026-08-24,DWADASHI,PRATAH,2026-08-24 06:32:00 AM EDT,2026-08-24 09:14:12 AM EDT,Hari Vasara ended before Parana-day sunrise; Parana is sunrise to Pratah end.
Cleveland,Ohio,United States,America/New_York,geoname:5150529,5150529,Shravana Putrada Ekadashi,2026-08-23,"Shravana Putrada Ekadashi - Cleveland. Dashami ends and Ekadashi begins on 2026-08-22 04:30:00 PM EDT. On 23-Aug-26, Sooryodaya is 06:44 AM and Arunodaya is 05:08 AM. Ekadashi is present at sunrise and had begun before Arunodaya, so this is a valid Ekadashi sunrise. Ekadashi ends on 2026-08-23 06:48:00 PM EDT and does not remain through another sunrise. Ekadashi ends and Dwadashi begins on 2026-08-23 06:48:00 PM EDT. Dwadashi is present at Sooryodaya on 24-Aug-26 (Sooryodaya 06:45 AM). Dwadashi ends and Trayodashi begins on 2026-08-24 08:50:00 PM EDT. Therefore the Upavaasa is observed on 23-Aug-26. For Parana on 24-Aug-26, Sooryodaya is 06:45 AM, Pratah Kala ends at 09:27 AM, Dwadashi ends at 2026-08-24 08:50:00 PM EDT, and Hari Vasara ends at 2026-08-24 01:18:30 AM EDT. Hari Vasara ends before Sooryodaya, so there is no Hari-Vasara delay; Parana starts at Sooryodaya (06:45 AM). Pratah Kala ends at 09:27 AM, before Dwadashi ends; therefore Pratah Kala end is the limiting end time. Hence Parana is 06:45 AM to 09:27 AM.",2026-08-22:Dashami | 2026-08-23:Ekadashi | 2026-08-24:Dwadashi,2026-08-22:Mula | 2026-08-23:Mula | 2026-08-24:Purva Ashadha,2026-08-22 04:30:00 PM EDT,2026-08-23 06:48:00 PM EDT,2026-08-24 08:50:00 PM EDT,2026-08-23,06:44 AM,2026-08-23 05:08:00 AM EDT,2026-08-23,,2026-08-23:VALID (start 2026-08-22 04:30:00 PM EDT < Arunodaya 2026-08-23 05:08:00 AM EDT),2026-08-23,06:44 AM,2026-08-23 05:08:00 AM EDT,2026-08-24,Purva Ashadha,2026-08-24 01:18:30 AM EDT,2026-08-22,2026-08-24,2026-08-22 | 2026-08-23 | 2026-08-24,0,COMPLETE,,,Normal Ekadashi,NORMAL,Ekadashi began before Arunodaya and has one valid Ekadashi sunrise. No two-day exception is triggered.,2026-08-23:VALID (start 2026-08-22 04:30:00 PM EDT < Arunodaya 2026-08-23 05:08:00 AM EDT),2026-08-23,,2026-08-24,DWADASHI,PRATAH,2026-08-24 06:45:00 AM EDT,2026-08-24 09:26:36 AM EDT,Hari Vasara ended before Parana-day sunrise; Parana is sunrise to Pratah end.
Columbus,Ohio,United States,America/New_York,geoname:4509177,4509177,Shravana Putrada Ekadashi,2026-08-23,"Shravana Putrada Ekadashi - Columbus. Dashami ends and Ekadashi begins on 2026-08-22 04:30:00 PM EDT. On 23-Aug-26, Sooryodaya is 06:51 AM and Arunodaya is 05:15 AM. Ekadashi is present at sunrise and had begun before Arunodaya, so this is a valid Ekadashi sunrise. Ekadashi ends on 2026-08-23 06:48:00 PM EDT and does not remain through another sunrise. Ekadashi ends and Dwadashi begins on 2026-08-23 06:48:00 PM EDT. Dwadashi is present at Sooryodaya on 24-Aug-26 (Sooryodaya 06:52 AM). Dwadashi ends and Trayodashi begins on 2026-08-24 08:50:00 PM EDT. Therefore the Upavaasa is observed on 23-Aug-26. For Parana on 24-Aug-26, Sooryodaya is 06:52 AM, Pratah Kala ends at 09:33 AM, Dwadashi ends at 2026-08-24 08:50:00 PM EDT, and Hari Vasara ends at 2026-08-24 01:18:30 AM EDT. Hari Vasara ends before Sooryodaya, so there is no Hari-Vasara delay; Parana starts at Sooryodaya (06:52 AM). Pratah Kala ends at 09:33 AM, before Dwadashi ends; therefore Pratah Kala end is the limiting end time. Hence Parana is 06:52 AM to 09:33 AM.",2026-08-22:Dashami | 2026-08-23:Ekadashi | 2026-08-24:Dwadashi,2026-08-22:Mula | 2026-08-23:Mula | 2026-08-24:Purva Ashadha,2026-08-22 04:30:00 PM EDT,2026-08-23 06:48:00 PM EDT,2026-08-24 08:50:00 PM EDT,2026-08-23,06:51 AM,2026-08-23 05:15:00 AM EDT,2026-08-23,,2026-08-23:VALID (start 2026-08-22 04:30:00 PM EDT < Arunodaya 2026-08-23 05:15:00 AM EDT),2026-08-23,06:51 AM,2026-08-23 05:15:00 AM EDT,2026-08-24,Purva Ashadha,2026-08-24 01:18:30 AM EDT,2026-08-22,2026-08-24,2026-08-22 | 2026-08-23 | 2026-08-24,0,COMPLETE,,,Normal Ekadashi,NORMAL,Ekadashi began before Arunodaya and has one valid Ekadashi sunrise. No two-day exception is triggered.,2026-08-23:VALID (start 2026-08-22 04:30:00 PM EDT < Arunodaya 2026-08-23 05:15:00 AM EDT),2026-08-23,,2026-08-24,DWADASHI,PRATAH,2026-08-24 06:52:00 AM EDT,2026-08-24 09:32:48 AM EDT,Hari Vasara ended before Parana-day sunrise; Parana is sunrise to Pratah end.
Cincinnati,Ohio,United States,America/New_York,geoname:4508722,4508722,Shravana Putrada Ekadashi,2026-08-23,"Shravana Putrada Ekadashi - Cincinnati. Dashami ends and Ekadashi begins on 2026-08-22 04:30:00 PM EDT. On 23-Aug-26, Sooryodaya is 06:59 AM and Arunodaya is 05:23 AM. Ekadashi is present at sunrise and had begun before Arunodaya, so this is a valid Ekadashi sunrise. Ekadashi ends on 2026-08-23 06:48:00 PM EDT and does not remain through another sunrise. Ekadashi ends and Dwadashi begins on 2026-08-23 06:48:00 PM EDT. Dwadashi is present at Sooryodaya on 24-Aug-26 (Sooryodaya 07:00 AM). Dwadashi ends and Trayodashi begins on 2026-08-24 08:50:00 PM EDT. Therefore the Upavaasa is observed on 23-Aug-26. For Parana on 24-Aug-26, Sooryodaya is 07:00 AM, Pratah Kala ends at 09:40 AM, Dwadashi ends at 2026-08-24 08:50:00 PM EDT, and Hari Vasara ends at 2026-08-24 01:18:30 AM EDT. Hari Vasara ends before Sooryodaya, so there is no Hari-Vasara delay; Parana starts at Sooryodaya (07:00 AM). Pratah Kala ends at 09:40 AM, before Dwadashi ends; therefore Pratah Kala end is the limiting end time. Hence Parana is 07:00 AM to 09:40 AM.",2026-08-22:Dashami | 2026-08-23:Ekadashi | 2026-08-24:Dwadashi,2026-08-22:Mula | 2026-08-23:Mula | 2026-08-24:Purva Ashadha,2026-08-22 04:30:00 PM EDT,2026-08-23 06:48:00 PM EDT,2026-08-24 08:50:00 PM EDT,2026-08-23,06:59 AM,2026-08-23 05:23:00 AM EDT,2026-08-23,,2026-08-23:VALID (start 2026-08-22 04:30:00 PM EDT < Arunodaya 2026-08-23 05:23:00 AM EDT),2026-08-23,06:59 AM,2026-08-23 05:23:00 AM EDT,2026-08-24,Purva Ashadha,2026-08-24 01:18:30 AM EDT,2026-08-22,2026-08-24,2026-08-22 | 2026-08-23 | 2026-08-24,0,COMPLETE,,,Normal Ekadashi,NORMAL,Ekadashi began before Arunodaya and has one valid Ekadashi sunrise. No two-day exception is triggered.,2026-08-23:VALID (start 2026-08-22 04:30:00 PM EDT < Arunodaya 2026-08-23 05:23:00 AM EDT),2026-08-23,,2026-08-24,DWADASHI,PRATAH,2026-08-24 07:00:00 AM EDT,2026-08-24 09:40:12 AM EDT,Hari Vasara ended before Parana-day sunrise; Parana is sunrise to Pratah end.
Knoxville,Tennessee,United States,America/New_York,geoname:4634946,4634946,Shravana Putrada Ekadashi,2026-08-23,"Shravana Putrada Ekadashi - Knoxville. Dashami ends and Ekadashi begins on 2026-08-22 04:30:00 PM EDT. On 23-Aug-26, Sooryodaya is 07:01 AM and Arunodaya is 05:25 AM. Ekadashi is present at sunrise and had begun before Arunodaya, so this is a valid Ekadashi sunrise. Ekadashi ends on 2026-08-23 06:48:00 PM EDT and does not remain through another sunrise. Ekadashi ends and Dwadashi begins on 2026-08-23 06:48:00 PM EDT. Dwadashi is present at Sooryodaya on 24-Aug-26 (Sooryodaya 07:01 AM). Dwadashi ends and Trayodashi begins on 2026-08-24 08:50:00 PM EDT. Therefore the Upavaasa is observed on 23-Aug-26. For Parana on 24-Aug-26, Sooryodaya is 07:01 AM, Pratah Kala ends at 09:40 AM, Dwadashi ends at 2026-08-24 08:50:00 PM EDT, and Hari Vasara ends at 2026-08-24 01:18:30 AM EDT. Hari Vasara ends before Sooryodaya, so there is no Hari-Vasara delay; Parana starts at Sooryodaya (07:01 AM). Pratah Kala ends at 09:40 AM, before Dwadashi ends; therefore Pratah Kala end is the limiting end time. Hence Parana is 07:01 AM to 09:40 AM.",2026-08-22:Dashami | 2026-08-23:Ekadashi | 2026-08-24:Dwadashi,2026-08-22:Mula | 2026-08-23:Mula | 2026-08-24:Purva Ashadha,2026-08-22 04:30:00 PM EDT,2026-08-23 06:48:00 PM EDT,2026-08-24 08:50:00 PM EDT,2026-08-23,07:01 AM,2026-08-23 05:25:00 AM EDT,2026-08-23,,2026-08-23:VALID (start 2026-08-22 04:30:00 PM EDT < Arunodaya 2026-08-23 05:25:00 AM EDT),2026-08-23,07:01 AM,2026-08-23 05:25:00 AM EDT,2026-08-24,Purva Ashadha,2026-08-24 01:18:30 AM EDT,2026-08-22,2026-08-24,2026-08-22 | 2026-08-23 | 2026-08-24,0,COMPLETE,,,Normal Ekadashi,NORMAL,Ekadashi began before Arunodaya and has one valid Ekadashi sunrise. No two-day exception is triggered.,2026-08-23:VALID (start 2026-08-22 04:30:00 PM EDT < Arunodaya 2026-08-23 05:25:00 AM EDT),2026-08-23,,2026-08-24,DWADASHI,PRATAH,2026-08-24 07:01:00 AM EDT,2026-08-24 09:39:36 AM EDT,Hari Vasara ended before Parana-day sunrise; Parana is sunrise to Pratah end.
Nashville,Tennessee,United States,America/Chicago,geoname:4644585,4644585,Shravana Putrada Ekadashi,2026-08-23,"Shravana Putrada Ekadashi - Nashville. Dashami ends and Ekadashi begins on 2026-08-22 03:30:00 PM CDT. On 23-Aug-26, Sooryodaya is 06:12 AM and Arunodaya is 04:36 AM. Ekadashi is present at sunrise and had begun before Arunodaya, so this is a valid Ekadashi sunrise. Ekadashi ends on 2026-08-23 05:48:00 PM CDT and does not remain through another sunrise. Ekadashi ends and Dwadashi begins on 2026-08-23 05:48:00 PM CDT. Dwadashi is present at Sooryodaya on 24-Aug-26 (Sooryodaya 06:13 AM). Dwadashi ends and Trayodashi begins on 2026-08-24 07:50:00 PM CDT. Therefore the Upavaasa is observed on 23-Aug-26. For Parana on 24-Aug-26, Sooryodaya is 06:13 AM, Pratah Kala ends at 08:52 AM, Dwadashi ends at 2026-08-24 07:50:00 PM CDT, and Hari Vasara ends at 2026-08-24 12:18:30 AM CDT. Hari Vasara ends before Sooryodaya, so there is no Hari-Vasara delay; Parana starts at Sooryodaya (06:13 AM). Pratah Kala ends at 08:52 AM, before Dwadashi ends; therefore Pratah Kala end is the limiting end time. Hence Parana is 06:13 AM to 08:52 AM.",2026-08-22:Dashami | 2026-08-23:Ekadashi | 2026-08-24:Dwadashi,2026-08-22:Mula | 2026-08-23:Mula | 2026-08-24:Purva Ashadha,2026-08-22 03:30:00 PM CDT,2026-08-23 05:48:00 PM CDT,2026-08-24 07:50:00 PM CDT,2026-08-23,06:12 AM,2026-08-23 04:36:00 AM CDT,2026-08-23,,2026-08-23:VALID (start 2026-08-22 03:30:00 PM CDT < Arunodaya 2026-08-23 04:36:00 AM CDT),2026-08-23,06:12 AM,2026-08-23 04:36:00 AM CDT,2026-08-24,Purva Ashadha,2026-08-24 12:18:30 AM CDT,2026-08-22,2026-08-24,2026-08-22 | 2026-08-23 | 2026-08-24,0,COMPLETE,,,Normal Ekadashi,NORMAL,Ekadashi began before Arunodaya and has one valid Ekadashi sunrise. No two-day exception is triggered.,2026-08-23:VALID (start 2026-08-22 03:30:00 PM CDT < Arunodaya 2026-08-23 04:36:00 AM CDT),2026-08-23,,2026-08-24,DWADASHI,PRATAH,2026-08-24 06:13:00 AM CDT,2026-08-24 08:51:36 AM CDT,Hari Vasara ended before Parana-day sunrise; Parana is sunrise to Pratah end.
Placentia,California,United States,America/Los_Angeles,geoname:5383527,5383527,Shravana Putrada Ekadashi,2026-08-23,"Shravana Putrada Ekadashi - Placentia. Dashami ends and Ekadashi begins on 2026-08-22 01:30:00 PM PDT. On 23-Aug-26, Sooryodaya is 06:19 AM and Arunodaya is 04:43 AM. Ekadashi is present at sunrise and had begun before Arunodaya, so this is a valid Ekadashi sunrise. Ekadashi ends on 2026-08-23 03:48:00 PM PDT and does not remain through another sunrise. Ekadashi ends and Dwadashi begins on 2026-08-23 03:48:00 PM PDT. Dwadashi is present at Sooryodaya on 24-Aug-26 (Sooryodaya 06:20 AM). Dwadashi ends and Trayodashi begins on 2026-08-24 05:50:00 PM PDT. Therefore the Upavaasa is observed on 23-Aug-26. For Parana on 24-Aug-26, Sooryodaya is 06:20 AM, Pratah Kala ends at 08:57 AM, Dwadashi ends at 2026-08-24 05:50:00 PM PDT, and Hari Vasara ends at 2026-08-23 10:18:30 PM PDT. Hari Vasara ends before Sooryodaya, so there is no Hari-Vasara delay; Parana starts at Sooryodaya (06:20 AM). Pratah Kala ends at 08:57 AM, before Dwadashi ends; therefore Pratah Kala end is the limiting end time. Hence Parana is 06:20 AM to 08:57 AM.",2026-08-22:Dashami | 2026-08-23:Ekadashi | 2026-08-24:Dwadashi,2026-08-22:Mula | 2026-08-23:Purva Ashadha | 2026-08-24:Purva Ashadha,2026-08-22 01:30:00 PM PDT,2026-08-23 03:48:00 PM PDT,2026-08-24 05:50:00 PM PDT,2026-08-23,06:19 AM,2026-08-23 04:43:00 AM PDT,2026-08-23,,2026-08-23:VALID (start 2026-08-22 01:30:00 PM PDT < Arunodaya 2026-08-23 04:43:00 AM PDT),2026-08-23,06:19 AM,2026-08-23 04:43:00 AM PDT,2026-08-24,Purva Ashadha,2026-08-23 10:18:30 PM PDT,2026-08-22,2026-08-24,2026-08-22 | 2026-08-23 | 2026-08-24,0,COMPLETE,,,Normal Ekadashi,NORMAL,Ekadashi began before Arunodaya and has one valid Ekadashi sunrise. No two-day exception is triggered.,2026-08-23:VALID (start 2026-08-22 01:30:00 PM PDT < Arunodaya 2026-08-23 04:43:00 AM PDT),2026-08-23,,2026-08-24,DWADASHI,PRATAH,2026-08-24 06:20:00 AM PDT,2026-08-24 08:57:24 AM PDT,Hari Vasara ended before Parana-day sunrise; Parana is sunrise to Pratah end.
Atlanta,Georgia,United States,America/New_York,geoname:4180439,4180439,Shravana Putrada Ekadashi,2026-08-23,"Shravana Putrada Ekadashi - Atlanta. Dashami ends and Ekadashi begins on 2026-08-22 04:30:00 PM EDT. On 23-Aug-26, Sooryodaya is 07:05 AM and Arunodaya is 05:29 AM. Ekadashi is present at sunrise and had begun before Arunodaya, so this is a valid Ekadashi sunrise. Ekadashi ends on 2026-08-23 06:48:00 PM EDT and does not remain through another sunrise. Ekadashi ends and Dwadashi begins on 2026-08-23 06:48:00 PM EDT. Dwadashi is present at Sooryodaya on 24-Aug-26 (Sooryodaya 07:06 AM). Dwadashi ends and Trayodashi begins on 2026-08-24 08:50:00 PM EDT. Therefore the Upavaasa is observed on 23-Aug-26. For Parana on 24-Aug-26, Sooryodaya is 07:06 AM, Pratah Kala ends at 09:43 AM, Dwadashi ends at 2026-08-24 08:50:00 PM EDT, and Hari Vasara ends at 2026-08-24 01:18:30 AM EDT. Hari Vasara ends before Sooryodaya, so there is no Hari-Vasara delay; Parana starts at Sooryodaya (07:06 AM). Pratah Kala ends at 09:43 AM, before Dwadashi ends; therefore Pratah Kala end is the limiting end time. Hence Parana is 07:06 AM to 09:43 AM.",2026-08-22:Dashami | 2026-08-23:Ekadashi | 2026-08-24:Dwadashi,2026-08-22:Mula | 2026-08-23:Mula | 2026-08-24:Purva Ashadha,2026-08-22 04:30:00 PM EDT,2026-08-23 06:48:00 PM EDT,2026-08-24 08:50:00 PM EDT,2026-08-23,07:05 AM,2026-08-23 05:29:00 AM EDT,2026-08-23,,2026-08-23:VALID (start 2026-08-22 04:30:00 PM EDT < Arunodaya 2026-08-23 05:29:00 AM EDT),2026-08-23,07:05 AM,2026-08-23 05:29:00 AM EDT,2026-08-24,Purva Ashadha,2026-08-24 01:18:30 AM EDT,2026-08-22,2026-08-24,2026-08-22 | 2026-08-23 | 2026-08-24,0,COMPLETE,,,Normal Ekadashi,NORMAL,Ekadashi began before Arunodaya and has one valid Ekadashi sunrise. No two-day exception is triggered.,2026-08-23:VALID (start 2026-08-22 04:30:00 PM EDT < Arunodaya 2026-08-23 05:29:00 AM EDT),2026-08-23,,2026-08-24,DWADASHI,PRATAH,2026-08-24 07:06:00 AM EDT,2026-08-24 09:43:24 AM EDT,Hari Vasara ended before Parana-day sunrise; Parana is sunrise to Pratah end.
Chennai,Tamil Nadu,India,Asia/Kolkata,geoname:1264527,1264527,Shravana Putrada Ekadashi,2026-08-23,"Shravana Putrada Ekadashi - Chennai. Dashami ends and Ekadashi begins on 2026-08-23 02:00:00 AM IST. On 23-Aug-26, Sooryodaya is 05:57 AM and Arunodaya is 04:21 AM. Ekadashi is present at sunrise and had begun before Arunodaya, so this is a valid Ekadashi sunrise. Ekadashi ends on 2026-08-24 04:18:00 AM IST and does not remain through another sunrise. Ekadashi ends and Dwadashi begins on 2026-08-24 04:18:00 AM IST. Dwadashi is present at Sooryodaya on 24-Aug-26 (Sooryodaya 05:57 AM). Dwadashi extends to the next sunrise also, so it is again present at Sooryodaya on 25-Aug-26 (Sooryodaya 05:57 AM). Dwadashi ends and Trayodashi begins on 2026-08-25 06:20:00 AM IST. Therefore the Upavaasa is observed on 23-Aug-26 and 24-Aug-26. For Parana on 25-Aug-26, Sooryodaya is 05:57 AM, Pratah Kala ends at 08:26 AM, Dwadashi ends at 2026-08-25 06:20:00 AM IST, and Hari Vasara ends at 2026-08-24 10:48:30 AM IST. Because the Upavaasa itself was observed on Dwadashi, Hari Vasara is not used to delay the Parana start on the following morning. Dwadashi is still present at Sooryodaya, so Parana starts at Sooryodaya (05:57 AM). Dwadashi ends at 06:20 AM, before Pratah Kala ends at 08:26 AM; therefore Dwadashi end is the limiting end time. Hence Parana is 05:57 AM to 06:20 AM.",2026-08-22:Dashami | 2026-08-23:Ekadashi | 2026-08-24:Dwadashi | 2026-08-25:Dwadashi,2026-08-22:Jyeshtha | 2026-08-23:Mula | 2026-08-24:Purva Ashadha | 2026-08-25:Uttara Ashadha,2026-08-23 02:00:00 AM IST,2026-08-24 04:18:00 AM IST,2026-08-25 06:20:00 AM IST,2026-08-23,05:57 AM,2026-08-23 04:21:00 AM IST,2026-08-23,,2026-08-23:VALID (start 2026-08-23 02:00:00 AM IST < Arunodaya 2026-08-23 04:21:00 AM IST),2026-08-23,05:57 AM,2026-08-23 04:21:00 AM IST,2026-08-24,Purva Ashadha,2026-08-24 10:48:30 AM IST,2026-08-22,2026-08-25,2026-08-22 | 2026-08-23 | 2026-08-24 | 2026-08-25,0,COMPLETE,,,Dwadashi Dwaya,DWADASHI_DWAYA,A valid Ekadashi sunrise is followed by Dwadashi at two consecutive sunrises. Observe Upavaasa on the valid Ekadashi day and on the first Dwadashi day; Parana is on the following morning.,2026-08-23:VALID (start 2026-08-23 02:00:00 AM IST < Arunodaya 2026-08-23 04:21:00 AM IST),2026-08-23,2026-08-24,2026-08-25,POST_DWADASHI_UPAVASA,POST_DWADASHI_FAST_DWADASHI_ENDS_IN_PRATAH,2026-08-25 05:57:00 AM IST,2026-08-25 06:20:00 AM IST,Dwadashi is present at Parana-day sunrise and ends during Pratah; Parana is sunrise to Dwadashi end.
Thiruvananthapuram,Kerala,India,Asia/Kolkata,geoname:1254163,1254163,Shravana Putrada Ekadashi,2026-08-23,"Shravana Putrada Ekadashi - Thiruvananthapuram. Dashami ends and Ekadashi begins on 2026-08-23 02:00:00 AM IST. On 23-Aug-26, Sooryodaya is 06:15 AM and Arunodaya is 04:39 AM. Ekadashi is present at sunrise and had begun before Arunodaya, so this is a valid Ekadashi sunrise. Ekadashi ends on 2026-08-24 04:18:00 AM IST and does not remain through another sunrise. Ekadashi ends and Dwadashi begins on 2026-08-24 04:18:00 AM IST. Dwadashi is present at Sooryodaya on 24-Aug-26 (Sooryodaya 06:14 AM). Dwadashi extends to the next sunrise also, so it is again present at Sooryodaya on 25-Aug-26 (Sooryodaya 06:14 AM). Dwadashi ends and Trayodashi begins on 2026-08-25 06:20:00 AM IST. Therefore the Upavaasa is observed on 23-Aug-26 and 24-Aug-26. For Parana on 25-Aug-26, Sooryodaya is 06:14 AM, Pratah Kala ends at 08:42 AM, Dwadashi ends at 2026-08-25 06:20:00 AM IST, and Hari Vasara ends at 2026-08-24 10:48:30 AM IST. Because the Upavaasa itself was observed on Dwadashi, Hari Vasara is not used to delay the Parana start on the following morning. Dwadashi is still present at Sooryodaya, so Parana starts at Sooryodaya (06:14 AM). Dwadashi ends at 06:20 AM, before Pratah Kala ends at 08:42 AM; therefore Dwadashi end is the limiting end time. Hence Parana is 06:14 AM to 06:20 AM.",2026-08-22:Dashami | 2026-08-23:Ekadashi | 2026-08-24:Dwadashi | 2026-08-25:Dwadashi,2026-08-22:Jyeshtha | 2026-08-23:Mula | 2026-08-24:Purva Ashadha | 2026-08-25:Uttara Ashadha,2026-08-23 02:00:00 AM IST,2026-08-24 04:18:00 AM IST,2026-08-25 06:20:00 AM IST,2026-08-23,06:15 AM,2026-08-23 04:39:00 AM IST,2026-08-23,,2026-08-23:VALID (start 2026-08-23 02:00:00 AM IST < Arunodaya 2026-08-23 04:39:00 AM IST),2026-08-23,06:15 AM,2026-08-23 04:39:00 AM IST,2026-08-24,Purva Ashadha,2026-08-24 10:48:30 AM IST,2026-08-22,2026-08-25,2026-08-22 | 2026-08-23 | 2026-08-24 | 2026-08-25,0,COMPLETE,,,Dwadashi Dwaya,DWADASHI_DWAYA,A valid Ekadashi sunrise is followed by Dwadashi at two consecutive sunrises. Observe Upavaasa on the valid Ekadashi day and on the first Dwadashi day; Parana is on the following morning.,2026-08-23:VALID (start 2026-08-23 02:00:00 AM IST < Arunodaya 2026-08-23 04:39:00 AM IST),2026-08-23,2026-08-24,2026-08-25,POST_DWADASHI_UPAVASA,POST_DWADASHI_FAST_DWADASHI_ENDS_IN_PRATAH,2026-08-25 06:14:00 AM IST,2026-08-25 06:20:00 AM IST,Dwadashi is present at Parana-day sunrise and ends during Pratah; Parana is sunrise to Dwadashi end.
Mumbai,Maharashtra,India,Asia/Kolkata,geoname:1275339,1275339,Shravana Putrada Ekadashi,2026-08-23,"Shravana Putrada Ekadashi - Mumbai. Dashami ends and Ekadashi begins on 2026-08-23 02:00:00 AM IST. On 23-Aug-26, Sooryodaya is 06:21 AM and Arunodaya is 04:45 AM. Ekadashi is present at sunrise and had begun before Arunodaya, so this is a valid Ekadashi sunrise. Ekadashi ends on 2026-08-24 04:18:00 AM IST and does not remain through another sunrise. Ekadashi ends and Dwadashi begins on 2026-08-24 04:18:00 AM IST. Dwadashi is present at Sooryodaya on 24-Aug-26 (Sooryodaya 06:22 AM). Dwadashi ends and Trayodashi begins on 2026-08-25 06:20:00 AM IST. Therefore the Upavaasa is observed on 23-Aug-26. For Parana on 24-Aug-26, Sooryodaya is 06:22 AM, Pratah Kala ends at 08:54 AM, Dwadashi ends at 2026-08-25 06:20:00 AM IST, and Hari Vasara ends at 2026-08-24 10:48:30 AM IST. Hari Vasara does not clear within the usable Pratah window, so Pratah is missed. Madhyahna is skipped. Aparahna runs from 01:57 PM to 04:28 PM. Hari Vasara has already ended before Aparahna begins, so Parana starts at Aparahna start (01:57 PM). Aparahna ends at 04:28 PM, before Dwadashi ends; therefore Aparahna end is the limiting end time. Hence Parana is 01:57 PM to 04:28 PM.",2026-08-22:Dashami | 2026-08-23:Ekadashi | 2026-08-24:Dwadashi | 2026-08-25:Trayodashi,2026-08-22:Jyeshtha | 2026-08-23:Mula | 2026-08-24:Purva Ashadha | 2026-08-25:Uttara Ashadha,2026-08-23 02:00:00 AM IST,2026-08-24 04:18:00 AM IST,2026-08-25 06:20:00 AM IST,2026-08-23,06:21 AM,2026-08-23 04:45:00 AM IST,2026-08-23,,2026-08-23:VALID (start 2026-08-23 02:00:00 AM IST < Arunodaya 2026-08-23 04:45:00 AM IST),2026-08-23,06:21 AM,2026-08-23 04:45:00 AM IST,2026-08-24,Purva Ashadha,2026-08-24 10:48:30 AM IST,2026-08-22,2026-08-25,2026-08-22 | 2026-08-23 | 2026-08-24 | 2026-08-25,0,COMPLETE,,,Normal Ekadashi,NORMAL,Ekadashi began before Arunodaya and has one valid Ekadashi sunrise. No two-day exception is triggered.,2026-08-23:VALID (start 2026-08-23 02:00:00 AM IST < Arunodaya 2026-08-23 04:45:00 AM IST),2026-08-23,,2026-08-24,DWADASHI,APARAHNA,2026-08-24 01:56:48 PM IST,2026-08-24 04:28:24 PM IST,Pratah is unavailable; Madhyahna is skipped and Aparahna is used.
Kolkata,West Bengal,India,Asia/Kolkata,geoname:1275004,1275004,Shravana Putrada Ekadashi,2026-08-23,"Shravana Putrada Ekadashi - Kolkata. Dashami ends and Ekadashi begins on 2026-08-23 02:00:00 AM IST. On 23-Aug-26, Sooryodaya is 05:16 AM and Arunodaya is 03:40 AM. Ekadashi is present at sunrise and had begun before Arunodaya, so this is a valid Ekadashi sunrise. Ekadashi ends on 2026-08-24 04:18:00 AM IST and does not remain through another sunrise. Ekadashi ends and Dwadashi begins on 2026-08-24 04:18:00 AM IST. Dwadashi is present at Sooryodaya on 24-Aug-26 (Sooryodaya 05:16 AM). Dwadashi extends to the next sunrise also, so it is again present at Sooryodaya on 25-Aug-26 (Sooryodaya 05:17 AM). Dwadashi ends and Trayodashi begins on 2026-08-25 06:20:00 AM IST. Therefore the Upavaasa is observed on 23-Aug-26 and 24-Aug-26. For Parana on 25-Aug-26, Sooryodaya is 05:17 AM, Pratah Kala ends at 07:50 AM, Dwadashi ends at 2026-08-25 06:20:00 AM IST, and Hari Vasara ends at 2026-08-24 10:48:30 AM IST. Because the Upavaasa itself was observed on Dwadashi, Hari Vasara is not used to delay the Parana start on the following morning. Dwadashi is still present at Sooryodaya, so Parana starts at Sooryodaya (05:17 AM). Dwadashi ends at 06:20 AM, before Pratah Kala ends at 07:50 AM; therefore Dwadashi end is the limiting end time. Hence Parana is 05:17 AM to 06:20 AM.",2026-08-22:Dashami | 2026-08-23:Ekadashi | 2026-08-24:Dwadashi | 2026-08-25:Dwadashi,2026-08-22:Jyeshtha | 2026-08-23:Mula | 2026-08-24:Purva Ashadha | 2026-08-25:Uttara Ashadha,2026-08-23 02:00:00 AM IST,2026-08-24 04:18:00 AM IST,2026-08-25 06:20:00 AM IST,2026-08-23,05:16 AM,2026-08-23 03:40:00 AM IST,2026-08-23,,2026-08-23:VALID (start 2026-08-23 02:00:00 AM IST < Arunodaya 2026-08-23 03:40:00 AM IST),2026-08-23,05:16 AM,2026-08-23 03:40:00 AM IST,2026-08-24,Purva Ashadha,2026-08-24 10:48:30 AM IST,2026-08-22,2026-08-25,2026-08-22 | 2026-08-23 | 2026-08-24 | 2026-08-25,0,COMPLETE,,,Dwadashi Dwaya,DWADASHI_DWAYA,A valid Ekadashi sunrise is followed by Dwadashi at two consecutive sunrises. Observe Upavaasa on the valid Ekadashi day and on the first Dwadashi day; Parana is on the following morning.,2026-08-23:VALID (start 2026-08-23 02:00:00 AM IST < Arunodaya 2026-08-23 03:40:00 AM IST),2026-08-23,2026-08-24,2026-08-25,POST_DWADASHI_UPAVASA,POST_DWADASHI_FAST_DWADASHI_ENDS_IN_PRATAH,2026-08-25 05:17:00 AM IST,2026-08-25 06:20:00 AM IST,Dwadashi is present at Parana-day sunrise and ends during Pratah; Parana is sunrise to Dwadashi end.
Bhubaneswar,Odisha,India,Asia/Kolkata,geoname:1275817,1275817,Shravana Putrada Ekadashi,2026-08-23,"Shravana Putrada Ekadashi - Bhubaneswar. Dashami ends and Ekadashi begins on 2026-08-23 02:00:00 AM IST. On 23-Aug-26, Sooryodaya is 05:28 AM and Arunodaya is 03:52 AM. Ekadashi is present at sunrise and had begun before Arunodaya, so this is a valid Ekadashi sunrise. Ekadashi ends on 2026-08-24 04:18:00 AM IST and does not remain through another sunrise. Ekadashi ends and Dwadashi begins on 2026-08-24 04:18:00 AM IST. Dwadashi is present at Sooryodaya on 24-Aug-26 (Sooryodaya 05:29 AM). Dwadashi extends to the next sunrise also, so it is again present at Sooryodaya on 25-Aug-26 (Sooryodaya 05:29 AM). Dwadashi ends and Trayodashi begins on 2026-08-25 06:20:00 AM IST. Therefore the Upavaasa is observed on 23-Aug-26 and 24-Aug-26. For Parana on 25-Aug-26, Sooryodaya is 05:29 AM, Pratah Kala ends at 08:01 AM, Dwadashi ends at 2026-08-25 06:20:00 AM IST, and Hari Vasara ends at 2026-08-24 10:48:30 AM IST. Because the Upavaasa itself was observed on Dwadashi, Hari Vasara is not used to delay the Parana start on the following morning. Dwadashi is still present at Sooryodaya, so Parana starts at Sooryodaya (05:29 AM). Dwadashi ends at 06:20 AM, before Pratah Kala ends at 08:01 AM; therefore Dwadashi end is the limiting end time. Hence Parana is 05:29 AM to 06:20 AM.",2026-08-22:Dashami | 2026-08-23:Ekadashi | 2026-08-24:Dwadashi | 2026-08-25:Dwadashi,2026-08-22:Jyeshtha | 2026-08-23:Mula | 2026-08-24:Purva Ashadha | 2026-08-25:Uttara Ashadha,2026-08-23 02:00:00 AM IST,2026-08-24 04:18:00 AM IST,2026-08-25 06:20:00 AM IST,2026-08-23,05:28 AM,2026-08-23 03:52:00 AM IST,2026-08-23,,2026-08-23:VALID (start 2026-08-23 02:00:00 AM IST < Arunodaya 2026-08-23 03:52:00 AM IST),2026-08-23,05:28 AM,2026-08-23 03:52:00 AM IST,2026-08-24,Purva Ashadha,2026-08-24 10:48:30 AM IST,2026-08-22,2026-08-25,2026-08-22 | 2026-08-23 | 2026-08-24 | 2026-08-25,0,COMPLETE,,,Dwadashi Dwaya,DWADASHI_DWAYA,A valid Ekadashi sunrise is followed by Dwadashi at two consecutive sunrises. Observe Upavaasa on the valid Ekadashi day and on the first Dwadashi day; Parana is on the following morning.,2026-08-23:VALID (start 2026-08-23 02:00:00 AM IST < Arunodaya 2026-08-23 03:52:00 AM IST),2026-08-23,2026-08-24,2026-08-25,POST_DWADASHI_UPAVASA,POST_DWADASHI_FAST_DWADASHI_ENDS_IN_PRATAH,2026-08-25 05:29:00 AM IST,2026-08-25 06:20:00 AM IST,Dwadashi is present at Parana-day sunrise and ends during Pratah; Parana is sunrise to Dwadashi end.
Tirupati,Andhra Pradesh,India,Asia/Kolkata,geoname:1254360,1254360,Shravana Putrada Ekadashi,2026-08-23,"Shravana Putrada Ekadashi - Tirupati. Dashami ends and Ekadashi begins on 2026-08-23 02:00:00 AM IST. On 23-Aug-26, Sooryodaya is 06:00 AM and Arunodaya is 04:24 AM. Ekadashi is present at sunrise and had begun before Arunodaya, so this is a valid Ekadashi sunrise. Ekadashi ends on 2026-08-24 04:18:00 AM IST and does not remain through another sunrise. Ekadashi ends and Dwadashi begins on 2026-08-24 04:18:00 AM IST. Dwadashi is present at Sooryodaya on 24-Aug-26 (Sooryodaya 06:00 AM). Dwadashi extends to the next sunrise also, so it is again present at Sooryodaya on 25-Aug-26 (Sooryodaya 06:00 AM). Dwadashi ends and Trayodashi begins on 2026-08-25 06:20:00 AM IST. Therefore the Upavaasa is observed on 23-Aug-26 and 24-Aug-26. For Parana on 25-Aug-26, Sooryodaya is 06:00 AM, Pratah Kala ends at 08:30 AM, Dwadashi ends at 2026-08-25 06:20:00 AM IST, and Hari Vasara ends at 2026-08-24 10:48:30 AM IST. Because the Upavaasa itself was observed on Dwadashi, Hari Vasara is not used to delay the Parana start on the following morning. Dwadashi is still present at Sooryodaya, so Parana starts at Sooryodaya (06:00 AM). Dwadashi ends at 06:20 AM, before Pratah Kala ends at 08:30 AM; therefore Dwadashi end is the limiting end time. Hence Parana is 06:00 AM to 06:20 AM.",2026-08-22:Dashami | 2026-08-23:Ekadashi | 2026-08-24:Dwadashi | 2026-08-25:Dwadashi,2026-08-22:Jyeshtha | 2026-08-23:Mula | 2026-08-24:Purva Ashadha | 2026-08-25:Uttara Ashadha,2026-08-23 02:00:00 AM IST,2026-08-24 04:18:00 AM IST,2026-08-25 06:20:00 AM IST,2026-08-23,06:00 AM,2026-08-23 04:24:00 AM IST,2026-08-23,,2026-08-23:VALID (start 2026-08-23 02:00:00 AM IST < Arunodaya 2026-08-23 04:24:00 AM IST),2026-08-23,06:00 AM,2026-08-23 04:24:00 AM IST,2026-08-24,Purva Ashadha,2026-08-24 10:48:30 AM IST,2026-08-22,2026-08-25,2026-08-22 | 2026-08-23 | 2026-08-24 | 2026-08-25,0,COMPLETE,,,Dwadashi Dwaya,DWADASHI_DWAYA,A valid Ekadashi sunrise is followed by Dwadashi at two consecutive sunrises. Observe Upavaasa on the valid Ekadashi day and on the first Dwadashi day; Parana is on the following morning.,2026-08-23:VALID (start 2026-08-23 02:00:00 AM IST < Arunodaya 2026-08-23 04:24:00 AM IST),2026-08-23,2026-08-24,2026-08-25,POST_DWADASHI_UPAVASA,POST_DWADASHI_FAST_DWADASHI_ENDS_IN_PRATAH,2026-08-25 06:00:00 AM IST,2026-08-25 06:20:00 AM IST,Dwadashi is present at Parana-day sunrise and ends during Pratah; Parana is sunrise to Dwadashi end.
Bhopal,Madhya Pradesh,India,Asia/Kolkata,geoname:1275841,1275841,Shravana Putrada Ekadashi,2026-08-23,"Shravana Putrada Ekadashi - Bhopal. Dashami ends and Ekadashi begins on 2026-08-23 02:00:00 AM IST. On 23-Aug-26, Sooryodaya is 05:59 AM and Arunodaya is 04:23 AM. Ekadashi is present at sunrise and had begun before Arunodaya, so this is a valid Ekadashi sunrise. Ekadashi ends on 2026-08-24 04:18:00 AM IST and does not remain through another sunrise. Ekadashi ends and Dwadashi begins on 2026-08-24 04:18:00 AM IST. Dwadashi is present at Sooryodaya on 24-Aug-26 (Sooryodaya 06:00 AM). Dwadashi extends to the next sunrise also, so it is again present at Sooryodaya on 25-Aug-26 (Sooryodaya 06:00 AM). Dwadashi ends and Trayodashi begins on 2026-08-25 06:20:00 AM IST. Therefore the Upavaasa is observed on 23-Aug-26 and 24-Aug-26. For Parana on 25-Aug-26, Sooryodaya is 06:00 AM, Pratah Kala ends at 08:33 AM, Dwadashi ends at 2026-08-25 06:20:00 AM IST, and Hari Vasara ends at 2026-08-24 10:48:30 AM IST. Because the Upavaasa itself was observed on Dwadashi, Hari Vasara is not used to delay the Parana start on the following morning. Dwadashi is still present at Sooryodaya, so Parana starts at Sooryodaya (06:00 AM). Dwadashi ends at 06:20 AM, before Pratah Kala ends at 08:33 AM; therefore Dwadashi end is the limiting end time. Hence Parana is 06:00 AM to 06:20 AM.",2026-08-22:Dashami | 2026-08-23:Ekadashi | 2026-08-24:Dwadashi | 2026-08-25:Dwadashi,2026-08-22:Jyeshtha | 2026-08-23:Mula | 2026-08-24:Purva Ashadha | 2026-08-25:Uttara Ashadha,2026-08-23 02:00:00 AM IST,2026-08-24 04:18:00 AM IST,2026-08-25 06:20:00 AM IST,2026-08-23,05:59 AM,2026-08-23 04:23:00 AM IST,2026-08-23,,2026-08-23:VALID (start 2026-08-23 02:00:00 AM IST < Arunodaya 2026-08-23 04:23:00 AM IST),2026-08-23,05:59 AM,2026-08-23 04:23:00 AM IST,2026-08-24,Purva Ashadha,2026-08-24 10:48:30 AM IST,2026-08-22,2026-08-25,2026-08-22 | 2026-08-23 | 2026-08-24 | 2026-08-25,0,COMPLETE,,,Dwadashi Dwaya,DWADASHI_DWAYA,A valid Ekadashi sunrise is followed by Dwadashi at two consecutive sunrises. Observe Upavaasa on the valid Ekadashi day and on the first Dwadashi day; Parana is on the following morning.,2026-08-23:VALID (start 2026-08-23 02:00:00 AM IST < Arunodaya 2026-08-23 04:23:00 AM IST),2026-08-23,2026-08-24,2026-08-25,POST_DWADASHI_UPAVASA,POST_DWADASHI_FAST_DWADASHI_ENDS_IN_PRATAH,2026-08-25 06:00:00 AM IST,2026-08-25 06:20:00 AM IST,Dwadashi is present at Parana-day sunrise and ends during Pratah; Parana is sunrise to Dwadashi end.
Varanasi,Uttar Pradesh,India,Asia/Kolkata,geoname:1253405,1253405,Shravana Putrada Ekadashi,2026-08-23,"Shravana Putrada Ekadashi - Varanasi. Dashami ends and Ekadashi begins on 2026-08-23 02:00:00 AM IST. On 23-Aug-26, Sooryodaya is 05:35 AM and Arunodaya is 03:59 AM. Ekadashi is present at sunrise and had begun before Arunodaya, so this is a valid Ekadashi sunrise. Ekadashi ends on 2026-08-24 04:18:00 AM IST and does not remain through another sunrise. Ekadashi ends and Dwadashi begins on 2026-08-24 04:18:00 AM IST. Dwadashi is present at Sooryodaya on 24-Aug-26 (Sooryodaya 05:35 AM). Dwadashi extends to the next sunrise also, so it is again present at Sooryodaya on 25-Aug-26 (Sooryodaya 05:36 AM). Dwadashi ends and Trayodashi begins on 2026-08-25 06:20:00 AM IST. Therefore the Upavaasa is observed on 23-Aug-26 and 24-Aug-26. For Parana on 25-Aug-26, Sooryodaya is 05:36 AM, Pratah Kala ends at 08:10 AM, Dwadashi ends at 2026-08-25 06:20:00 AM IST, and Hari Vasara ends at 2026-08-24 10:48:30 AM IST. Because the Upavaasa itself was observed on Dwadashi, Hari Vasara is not used to delay the Parana start on the following morning. Dwadashi is still present at Sooryodaya, so Parana starts at Sooryodaya (05:36 AM). Dwadashi ends at 06:20 AM, before Pratah Kala ends at 08:10 AM; therefore Dwadashi end is the limiting end time. Hence Parana is 05:36 AM to 06:20 AM.",2026-08-22:Dashami | 2026-08-23:Ekadashi | 2026-08-24:Dwadashi | 2026-08-25:Dwadashi,2026-08-22:Jyeshtha | 2026-08-23:Mula | 2026-08-24:Purva Ashadha | 2026-08-25:Uttara Ashadha,2026-08-23 02:00:00 AM IST,2026-08-24 04:18:00 AM IST,2026-08-25 06:20:00 AM IST,2026-08-23,05:35 AM,2026-08-23 03:59:00 AM IST,2026-08-23,,2026-08-23:VALID (start 2026-08-23 02:00:00 AM IST < Arunodaya 2026-08-23 03:59:00 AM IST),2026-08-23,05:35 AM,2026-08-23 03:59:00 AM IST,2026-08-24,Purva Ashadha,2026-08-24 10:48:30 AM IST,2026-08-22,2026-08-25,2026-08-22 | 2026-08-23 | 2026-08-24 | 2026-08-25,0,COMPLETE,,,Dwadashi Dwaya,DWADASHI_DWAYA,A valid Ekadashi sunrise is followed by Dwadashi at two consecutive sunrises. Observe Upavaasa on the valid Ekadashi day and on the first Dwadashi day; Parana is on the following morning.,2026-08-23:VALID (start 2026-08-23 02:00:00 AM IST < Arunodaya 2026-08-23 03:59:00 AM IST),2026-08-23,2026-08-24,2026-08-25,POST_DWADASHI_UPAVASA,POST_DWADASHI_FAST_DWADASHI_ENDS_IN_PRATAH,2026-08-25 05:36:00 AM IST,2026-08-25 06:20:00 AM IST,Dwadashi is present at Parana-day sunrise and ends during Pratah; Parana is sunrise to Dwadashi end.
Prayagraj,Uttar Pradesh,India,Asia/Kolkata,geoname:1278994,1278994,Shravana Putrada Ekadashi,2026-08-23,"Shravana Putrada Ekadashi - Prayagraj. Dashami ends and Ekadashi begins on 2026-08-23 02:00:00 AM IST. On 23-Aug-26, Sooryodaya is 05:39 AM and Arunodaya is 04:03 AM. Ekadashi is present at sunrise and had begun before Arunodaya, so this is a valid Ekadashi sunrise. Ekadashi ends on 2026-08-24 04:18:00 AM IST and does not remain through another sunrise. Ekadashi ends and Dwadashi begins on 2026-08-24 04:18:00 AM IST. Dwadashi is present at Sooryodaya on 24-Aug-26 (Sooryodaya 05:40 AM). Dwadashi extends to the next sunrise also, so it is again present at Sooryodaya on 25-Aug-26 (Sooryodaya 05:40 AM). Dwadashi ends and Trayodashi begins on 2026-08-25 06:20:00 AM IST. Therefore the Upavaasa is observed on 23-Aug-26 and 24-Aug-26. For Parana on 25-Aug-26, Sooryodaya is 05:40 AM, Pratah Kala ends at 08:14 AM, Dwadashi ends at 2026-08-25 06:20:00 AM IST, and Hari Vasara ends at 2026-08-24 10:48:30 AM IST. Because the Upavaasa itself was observed on Dwadashi, Hari Vasara is not used to delay the Parana start on the following morning. Dwadashi is still present at Sooryodaya, so Parana starts at Sooryodaya (05:40 AM). Dwadashi ends at 06:20 AM, before Pratah Kala ends at 08:14 AM; therefore Dwadashi end is the limiting end time. Hence Parana is 05:40 AM to 06:20 AM.",2026-08-22:Dashami | 2026-08-23:Ekadashi | 2026-08-24:Dwadashi | 2026-08-25:Dwadashi,2026-08-22:Jyeshtha | 2026-08-23:Mula | 2026-08-24:Purva Ashadha | 2026-08-25:Uttara Ashadha,2026-08-23 02:00:00 AM IST,2026-08-24 04:18:00 AM IST,2026-08-25 06:20:00 AM IST,2026-08-23,05:39 AM,2026-08-23 04:03:00 AM IST,2026-08-23,,2026-08-23:VALID (start 2026-08-23 02:00:00 AM IST < Arunodaya 2026-08-23 04:03:00 AM IST),2026-08-23,05:39 AM,2026-08-23 04:03:00 AM IST,2026-08-24,Purva Ashadha,2026-08-24 10:48:30 AM IST,2026-08-22,2026-08-25,2026-08-22 | 2026-08-23 | 2026-08-24 | 2026-08-25,0,COMPLETE,,,Dwadashi Dwaya,DWADASHI_DWAYA,A valid Ekadashi sunrise is followed by Dwadashi at two consecutive sunrises. Observe Upavaasa on the valid Ekadashi day and on the first Dwadashi day; Parana is on the following morning.,2026-08-23:VALID (start 2026-08-23 02:00:00 AM IST < Arunodaya 2026-08-23 04:03:00 AM IST),2026-08-23,2026-08-24,2026-08-25,POST_DWADASHI_UPAVASA,POST_DWADASHI_FAST_DWADASHI_ENDS_IN_PRATAH,2026-08-25 05:40:00 AM IST,2026-08-25 06:20:00 AM IST,Dwadashi is present at Parana-day sunrise and ends during Pratah; Parana is sunrise to Dwadashi end.
Lucknow,Uttar Pradesh,India,Asia/Kolkata,geoname:1264733,1264733,Shravana Putrada Ekadashi,2026-08-23,"Shravana Putrada Ekadashi - Lucknow. Dashami ends and Ekadashi begins on 2026-08-23 02:00:00 AM IST. On 23-Aug-26, Sooryodaya is 05:42 AM and Arunodaya is 04:06 AM. Ekadashi is present at sunrise and had begun before Arunodaya, so this is a valid Ekadashi sunrise. Ekadashi ends on 2026-08-24 04:18:00 AM IST and does not remain through another sunrise. Ekadashi ends and Dwadashi begins on 2026-08-24 04:18:00 AM IST. Dwadashi is present at Sooryodaya on 24-Aug-26 (Sooryodaya 05:42 AM). Dwadashi extends to the next sunrise also, so it is again present at Sooryodaya on 25-Aug-26 (Sooryodaya 05:42 AM). Dwadashi ends and Trayodashi begins on 2026-08-25 06:20:00 AM IST. Therefore the Upavaasa is observed on 23-Aug-26 and 24-Aug-26. For Parana on 25-Aug-26, Sooryodaya is 05:42 AM, Pratah Kala ends at 08:16 AM, Dwadashi ends at 2026-08-25 06:20:00 AM IST, and Hari Vasara ends at 2026-08-24 10:48:30 AM IST. Because the Upavaasa itself was observed on Dwadashi, Hari Vasara is not used to delay the Parana start on the following morning. Dwadashi is still present at Sooryodaya, so Parana starts at Sooryodaya (05:42 AM). Dwadashi ends at 06:20 AM, before Pratah Kala ends at 08:16 AM; therefore Dwadashi end is the limiting end time. Hence Parana is 05:42 AM to 06:20 AM.",2026-08-22:Dashami | 2026-08-23:Ekadashi | 2026-08-24:Dwadashi | 2026-08-25:Dwadashi,2026-08-22:Jyeshtha | 2026-08-23:Mula | 2026-08-24:Purva Ashadha | 2026-08-25:Uttara Ashadha,2026-08-23 02:00:00 AM IST,2026-08-24 04:18:00 AM IST,2026-08-25 06:20:00 AM IST,2026-08-23,05:42 AM,2026-08-23 04:06:00 AM IST,2026-08-23,,2026-08-23:VALID (start 2026-08-23 02:00:00 AM IST < Arunodaya 2026-08-23 04:06:00 AM IST),2026-08-23,05:42 AM,2026-08-23 04:06:00 AM IST,2026-08-24,Purva Ashadha,2026-08-24 10:48:30 AM IST,2026-08-22,2026-08-25,2026-08-22 | 2026-08-23 | 2026-08-24 | 2026-08-25,0,COMPLETE,,,Dwadashi Dwaya,DWADASHI_DWAYA,A valid Ekadashi sunrise is followed by Dwadashi at two consecutive sunrises. Observe Upavaasa on the valid Ekadashi day and on the first Dwadashi day; Parana is on the following morning.,2026-08-23:VALID (start 2026-08-23 02:00:00 AM IST < Arunodaya 2026-08-23 04:06:00 AM IST),2026-08-23,2026-08-24,2026-08-25,POST_DWADASHI_UPAVASA,POST_DWADASHI_FAST_DWADASHI_ENDS_IN_PRATAH,2026-08-25 05:42:00 AM IST,2026-08-25 06:20:00 AM IST,Dwadashi is present at Parana-day sunrise and ends during Pratah; Parana is sunrise to Dwadashi end.
Srinagar,Jammu and Kashmir,India,Asia/Kolkata,geoname:1255634,1255634,Shravana Putrada Ekadashi,2026-08-23,"Shravana Putrada Ekadashi - Srinagar. Dashami ends and Ekadashi begins on 2026-08-23 02:00:00 AM IST. On 23-Aug-26, Sooryodaya is 05:58 AM and Arunodaya is 04:22 AM. Ekadashi is present at sunrise and had begun before Arunodaya, so this is a valid Ekadashi sunrise. Ekadashi ends on 2026-08-24 04:18:00 AM IST and does not remain through another sunrise. Ekadashi ends and Dwadashi begins on 2026-08-24 04:18:00 AM IST. Dwadashi is present at Sooryodaya on 24-Aug-26 (Sooryodaya 05:58 AM). Dwadashi extends to the next sunrise also, so it is again present at Sooryodaya on 25-Aug-26 (Sooryodaya 05:59 AM). Dwadashi ends and Trayodashi begins on 2026-08-25 06:20:00 AM IST. Therefore the Upavaasa is observed on 23-Aug-26 and 24-Aug-26. For Parana on 25-Aug-26, Sooryodaya is 05:59 AM, Pratah Kala ends at 08:36 AM, Dwadashi ends at 2026-08-25 06:20:00 AM IST, and Hari Vasara ends at 2026-08-24 10:48:30 AM IST. Because the Upavaasa itself was observed on Dwadashi, Hari Vasara is not used to delay the Parana start on the following morning. Dwadashi is still present at Sooryodaya, so Parana starts at Sooryodaya (05:59 AM). Dwadashi ends at 06:20 AM, before Pratah Kala ends at 08:36 AM; therefore Dwadashi end is the limiting end time. Hence Parana is 05:59 AM to 06:20 AM.",2026-08-22:Dashami | 2026-08-23:Ekadashi | 2026-08-24:Dwadashi | 2026-08-25:Dwadashi,2026-08-22:Jyeshtha | 2026-08-23:Mula | 2026-08-24:Purva Ashadha | 2026-08-25:Uttara Ashadha,2026-08-23 02:00:00 AM IST,2026-08-24 04:18:00 AM IST,2026-08-25 06:20:00 AM IST,2026-08-23,05:58 AM,2026-08-23 04:22:00 AM IST,2026-08-23,,2026-08-23:VALID (start 2026-08-23 02:00:00 AM IST < Arunodaya 2026-08-23 04:22:00 AM IST),2026-08-23,05:58 AM,2026-08-23 04:22:00 AM IST,2026-08-24,Purva Ashadha,2026-08-24 10:48:30 AM IST,2026-08-22,2026-08-25,2026-08-22 | 2026-08-23 | 2026-08-24 | 2026-08-25,0,COMPLETE,,,Dwadashi Dwaya,DWADASHI_DWAYA,A valid Ekadashi sunrise is followed by Dwadashi at two consecutive sunrises. Observe Upavaasa on the valid Ekadashi day and on the first Dwadashi day; Parana is on the following morning.,2026-08-23:VALID (start 2026-08-23 02:00:00 AM IST < Arunodaya 2026-08-23 04:22:00 AM IST),2026-08-23,2026-08-24,2026-08-25,POST_DWADASHI_UPAVASA,POST_DWADASHI_FAST_DWADASHI_ENDS_IN_PRATAH,2026-08-25 05:59:00 AM IST,2026-08-25 06:20:00 AM IST,Dwadashi is present at Parana-day sunrise and ends during Pratah; Parana is sunrise to Dwadashi end.
Brisbane,Queensland,Australia,Australia/Brisbane,geoname:2174003,2174003,Shravana Putrada Ekadashi,2026-08-23,"Shravana Putrada Ekadashi - Brisbane. Dashami ends and Ekadashi begins on 2026-08-23 06:30:00 AM AEST. On 24-Aug-26, Sooryodaya is 06:10 AM and Arunodaya is 04:34 AM. Ekadashi is present at sunrise and had begun before Arunodaya, so this is a valid Ekadashi sunrise. Ekadashi ends on 2026-08-24 08:48:00 AM AEST and does not remain through another sunrise. Ekadashi ends and Dwadashi begins on 2026-08-24 08:48:00 AM AEST. Dwadashi is present at Sooryodaya on 25-Aug-26 (Sooryodaya 06:09 AM). Dwadashi ends and Trayodashi begins on 2026-08-25 10:50:00 AM AEST. Therefore the Upavaasa is observed on 24-Aug-26. For Parana on 25-Aug-26, Sooryodaya is 06:09 AM, Pratah Kala ends at 08:25 AM, Dwadashi ends at 2026-08-25 10:50:00 AM AEST, and Hari Vasara ends at 2026-08-24 03:18:30 PM AEST. Hari Vasara ends before Sooryodaya, so there is no Hari-Vasara delay; Parana starts at Sooryodaya (06:09 AM). Pratah Kala ends at 08:25 AM, before Dwadashi ends; therefore Pratah Kala end is the limiting end time. Hence Parana is 06:09 AM to 08:25 AM.",2026-08-23:Dashami | 2026-08-24:Ekadashi | 2026-08-25:Dwadashi,2026-08-23:Mula | 2026-08-24:Purva Ashadha | 2026-08-25:Uttara Ashadha,2026-08-23 06:30:00 AM AEST,2026-08-24 08:48:00 AM AEST,2026-08-25 10:50:00 AM AEST,2026-08-24,06:10 AM,2026-08-24 04:34:00 AM AEST,2026-08-24,,2026-08-24:VALID (start 2026-08-23 06:30:00 AM AEST < Arunodaya 2026-08-24 04:34:00 AM AEST),2026-08-24,06:10 AM,2026-08-24 04:34:00 AM AEST,2026-08-25,Uttara Ashadha,2026-08-24 03:18:30 PM AEST,2026-08-23,2026-08-25,2026-08-23 | 2026-08-24 | 2026-08-25,0,COMPLETE,,,Normal Ekadashi,NORMAL,Ekadashi began before Arunodaya and has one valid Ekadashi sunrise. No two-day exception is triggered.,2026-08-24:VALID (start 2026-08-23 06:30:00 AM AEST < Arunodaya 2026-08-24 04:34:00 AM AEST),2026-08-24,,2026-08-25,DWADASHI,PRATAH,2026-08-25 06:09:00 AM AEST,2026-08-25 08:25:24 AM AEST,Hari Vasara ended before Parana-day sunrise; Parana is sunrise to Pratah end.
Melbourne,Victoria,Australia,Australia/Melbourne,geoname:2158177,2158177,Shravana Putrada Ekadashi,2026-08-23,"Shravana Putrada Ekadashi - Melbourne. Dashami ends and Ekadashi begins on 2026-08-23 06:30:00 AM AEST. On 23-Aug-26, Sooryodaya is 06:55 AM and Arunodaya is 05:19 AM. Ekadashi is present at sunrise, but it began during Arunodaya, so this sunrise is Dashami Viddha and no Upavaasa is observed on this day. On 24-Aug-26, Sooryodaya is 06:54 AM and Arunodaya is 05:18 AM. Ekadashi is present at sunrise and had begun before Arunodaya, so this is a valid Ekadashi sunrise. Ekadashi extends to the next sunrise also, so it is still present at Sooryodaya on 24-Aug-26. Ekadashi ends and Dwadashi begins on 2026-08-24 08:48:00 AM AEST. Dwadashi is present at Sooryodaya on 25-Aug-26 (Sooryodaya 06:52 AM). Dwadashi ends and Trayodashi begins on 2026-08-25 10:50:00 AM AEST. Therefore the Upavaasa is observed on 24-Aug-26. For Parana on 25-Aug-26, Sooryodaya is 06:52 AM, Pratah Kala ends at 09:04 AM, Dwadashi ends at 2026-08-25 10:50:00 AM AEST, and Hari Vasara ends at 2026-08-24 03:18:30 PM AEST. Hari Vasara ends before Sooryodaya, so there is no Hari-Vasara delay; Parana starts at Sooryodaya (06:52 AM). Pratah Kala ends at 09:04 AM, before Dwadashi ends; therefore Pratah Kala end is the limiting end time. Hence Parana is 06:52 AM to 09:04 AM.",2026-08-22:Dashami | 2026-08-23:Ekadashi | 2026-08-24:Ekadashi | 2026-08-25:Dwadashi,2026-08-22:Jyeshtha | 2026-08-23:Mula | 2026-08-24:Purva Ashadha | 2026-08-25:Uttara Ashadha,2026-08-23 06:30:00 AM AEST,2026-08-24 08:48:00 AM AEST,2026-08-25 10:50:00 AM AEST,2026-08-23,06:55 AM,2026-08-23 05:19:00 AM AEST,2026-08-24,2026-08-23,2026-08-23:VIDDHA (Arunodaya 2026-08-23 05:19:00 AM AEST <= start 2026-08-23 06:30:00 AM AEST <= sunrise 2026-08-23 06:55:00 AM AEST) | 2026-08-24:VALID (start 2026-08-23 06:30:00 AM AEST < Arunodaya 2026-08-24 05:18:00 AM AEST),2026-08-24,06:54 AM,2026-08-24 05:18:00 AM AEST,2026-08-25,Uttara Ashadha,2026-08-24 03:18:30 PM AEST,2026-08-22,2026-08-25,2026-08-22 | 2026-08-23 | 2026-08-24 | 2026-08-25,0,COMPLETE,,,Dashami Viddha -> Valid Ekadashi,DASHAMI_VIDDHA_THEN_VALID_EKADASHI,The first Ekadashi sunrise is Dashami Viddha and is not a fasting day. Ekadashi continues to a later sunrise where it had already begun before Arunodaya; that later Ekadashi sunrise is the valid Upavaasa day. Parana is on the following Dwadashi morning.,2026-08-23:VIDDHA (Arunodaya 2026-08-23 05:19:00 AM AEST <= start 2026-08-23 06:30:00 AM AEST <= sunrise 2026-08-23 06:55:00 AM AEST) | 2026-08-24:VALID (start 2026-08-23 06:30:00 AM AEST < Arunodaya 2026-08-24 05:18:00 AM AEST),2026-08-24,,2026-08-25,DWADASHI,PRATAH,2026-08-25 06:52:00 AM AEST,2026-08-25 09:04:12 AM AEST,Hari Vasara ended before Parana-day sunrise; Parana is sunrise to Pratah end.
Adelaide,South Australia,Australia,Australia/Adelaide,geoname:2078025,2078025,Shravana Putrada Ekadashi,2026-08-23,"Shravana Putrada Ekadashi - Adelaide. Dashami ends and Ekadashi begins on 2026-08-23 06:00:00 AM ACST. On 23-Aug-26, Sooryodaya is 06:47 AM and Arunodaya is 05:11 AM. Ekadashi is present at sunrise, but it began during Arunodaya, so this sunrise is Dashami Viddha and no Upavaasa is observed on this day. On 24-Aug-26, Sooryodaya is 06:46 AM and Arunodaya is 05:10 AM. Ekadashi is present at sunrise and had begun before Arunodaya, so this is a valid Ekadashi sunrise. Ekadashi extends to the next sunrise also, so it is still present at Sooryodaya on 24-Aug-26. Ekadashi ends and Dwadashi begins on 2026-08-24 08:18:00 AM ACST. Dwadashi is present at Sooryodaya on 25-Aug-26 (Sooryodaya 06:44 AM). Dwadashi ends and Trayodashi begins on 2026-08-25 10:20:00 AM ACST. Therefore the Upavaasa is observed on 24-Aug-26. For Parana on 25-Aug-26, Sooryodaya is 06:44 AM, Pratah Kala ends at 08:57 AM, Dwadashi ends at 2026-08-25 10:20:00 AM ACST, and Hari Vasara ends at 2026-08-24 02:48:30 PM ACST. Hari Vasara ends before Sooryodaya, so there is no Hari-Vasara delay; Parana starts at Sooryodaya (06:44 AM). Pratah Kala ends at 08:57 AM, before Dwadashi ends; therefore Pratah Kala end is the limiting end time. Hence Parana is 06:44 AM to 08:57 AM.",2026-08-22:Dashami | 2026-08-23:Ekadashi | 2026-08-24:Ekadashi | 2026-08-25:Dwadashi,2026-08-22:Jyeshtha | 2026-08-23:Mula | 2026-08-24:Purva Ashadha | 2026-08-25:Uttara Ashadha,2026-08-23 06:00:00 AM ACST,2026-08-24 08:18:00 AM ACST,2026-08-25 10:20:00 AM ACST,2026-08-23,06:47 AM,2026-08-23 05:11:00 AM ACST,2026-08-24,2026-08-23,2026-08-23:VIDDHA (Arunodaya 2026-08-23 05:11:00 AM ACST <= start 2026-08-23 06:00:00 AM ACST <= sunrise 2026-08-23 06:47:00 AM ACST) | 2026-08-24:VALID (start 2026-08-23 06:00:00 AM ACST < Arunodaya 2026-08-24 05:10:00 AM ACST),2026-08-24,06:46 AM,2026-08-24 05:10:00 AM ACST,2026-08-25,Uttara Ashadha,2026-08-24 02:48:30 PM ACST,2026-08-22,2026-08-25,2026-08-22 | 2026-08-23 | 2026-08-24 | 2026-08-25,0,COMPLETE,,,Dashami Viddha -> Valid Ekadashi,DASHAMI_VIDDHA_THEN_VALID_EKADASHI,The first Ekadashi sunrise is Dashami Viddha and is not a fasting day. Ekadashi continues to a later sunrise where it had already begun before Arunodaya; that later Ekadashi sunrise is the valid Upavaasa day. Parana is on the following Dwadashi morning.,2026-08-23:VIDDHA (Arunodaya 2026-08-23 05:11:00 AM ACST <= start 2026-08-23 06:00:00 AM ACST <= sunrise 2026-08-23 06:47:00 AM ACST) | 2026-08-24:VALID (start 2026-08-23 06:00:00 AM ACST < Arunodaya 2026-08-24 05:10:00 AM ACST),2026-08-24,,2026-08-25,DWADASHI,PRATAH,2026-08-25 06:44:00 AM ACST,2026-08-25 08:57:24 AM ACST,Hari Vasara ended before Parana-day sunrise; Parana is sunrise to Pratah end.
Perth,Western Australia,Australia,Australia/Perth,geoname:2063523,2063523,Shravana Putrada Ekadashi,2026-08-23,"Shravana Putrada Ekadashi - Perth. Dashami ends and Ekadashi begins on 2026-08-23 04:30:00 AM AWST. On 23-Aug-26, Sooryodaya is 06:44 AM and Arunodaya is 05:08 AM. Ekadashi is present at sunrise and had begun before Arunodaya, so this is a valid Ekadashi sunrise. On 24-Aug-26, Sooryodaya is 06:43 AM and Arunodaya is 05:07 AM. Ekadashi is present at sunrise and had begun before Arunodaya, so this is a valid Ekadashi sunrise. Ekadashi extends to the next sunrise also, so it is still present at Sooryodaya on 24-Aug-26. Ekadashi ends and Dwadashi begins on 2026-08-24 06:48:00 AM AWST. Dwadashi is present at Sooryodaya on 25-Aug-26 (Sooryodaya 06:42 AM). Dwadashi ends and Trayodashi begins on 2026-08-25 08:50:00 AM AWST. Therefore the Upavaasa is observed on 23-Aug-26 and 24-Aug-26. For Parana on 25-Aug-26, Sooryodaya is 06:42 AM, Pratah Kala ends at 08:57 AM, Dwadashi ends at 2026-08-25 08:50:00 AM AWST, and Hari Vasara ends at 2026-08-24 01:18:30 PM AWST. Hari Vasara ends before Sooryodaya, so there is no Hari-Vasara delay; Parana starts at Sooryodaya (06:42 AM). Dwadashi ends at 08:50 AM, before Pratah Kala ends at 08:57 AM; therefore Dwadashi end is the limiting end time. Hence Parana is 06:42 AM to 08:50 AM.",2026-08-22:Dashami | 2026-08-23:Ekadashi | 2026-08-24:Ekadashi | 2026-08-25:Dwadashi,2026-08-22:Jyeshtha | 2026-08-23:Mula | 2026-08-24:Purva Ashadha | 2026-08-25:Uttara Ashadha,2026-08-23 04:30:00 AM AWST,2026-08-24 06:48:00 AM AWST,2026-08-25 08:50:00 AM AWST,2026-08-23,06:44 AM,2026-08-23 05:08:00 AM AWST,2026-08-23 | 2026-08-24,,2026-08-23:VALID (start 2026-08-23 04:30:00 AM AWST < Arunodaya 2026-08-23 05:08:00 AM AWST) | 2026-08-24:VALID (start 2026-08-23 04:30:00 AM AWST < Arunodaya 2026-08-24 05:07:00 AM AWST),2026-08-23,06:44 AM,2026-08-23 05:08:00 AM AWST,2026-08-25,Uttara Ashadha,2026-08-24 01:18:30 PM AWST,2026-08-22,2026-08-25,2026-08-22 | 2026-08-23 | 2026-08-24 | 2026-08-25,0,COMPLETE,,,Ekadashi Dwaya,EKADASHI_DWAYA,Ekadashi Tithi is valid at two consecutive sunrises. Observe Upavaasa on both valid Ekadashi days and Parana on Dwadashi.,2026-08-23:VALID (start 2026-08-23 04:30:00 AM AWST < Arunodaya 2026-08-23 05:08:00 AM AWST) | 2026-08-24:VALID (start 2026-08-23 04:30:00 AM AWST < Arunodaya 2026-08-24 05:07:00 AM AWST),2026-08-23,2026-08-24,2026-08-25,DWADASHI,PRATAH,2026-08-25 06:42:00 AM AWST,2026-08-25 08:50:00 AM AWST,Hari Vasara ended before Parana-day sunrise; Parana is sunrise to Pratah end.
Canberra,Australian Capital Territory,Australia,Australia/Sydney,geoname:2172517,2172517,Shravana Putrada Ekadashi,2026-08-23,"Shravana Putrada Ekadashi - Canberra. Dashami ends and Ekadashi begins on 2026-08-23 06:30:00 AM AEST. On 23-Aug-26, Sooryodaya is 06:35 AM and Arunodaya is 04:59 AM. Ekadashi is present at sunrise, but it began during Arunodaya, so this sunrise is Dashami Viddha and no Upavaasa is observed on this day. On 24-Aug-26, Sooryodaya is 06:34 AM and Arunodaya is 04:58 AM. Ekadashi is present at sunrise and had begun before Arunodaya, so this is a valid Ekadashi sunrise. Ekadashi extends to the next sunrise also, so it is still present at Sooryodaya on 24-Aug-26. Ekadashi ends and Dwadashi begins on 2026-08-24 08:48:00 AM AEST. Dwadashi is present at Sooryodaya on 25-Aug-26 (Sooryodaya 06:33 AM). Dwadashi ends and Trayodashi begins on 2026-08-25 10:50:00 AM AEST. Therefore the Upavaasa is observed on 24-Aug-26. For Parana on 25-Aug-26, Sooryodaya is 06:33 AM, Pratah Kala ends at 08:46 AM, Dwadashi ends at 2026-08-25 10:50:00 AM AEST, and Hari Vasara ends at 2026-08-24 03:18:30 PM AEST. Hari Vasara ends before Sooryodaya, so there is no Hari-Vasara delay; Parana starts at Sooryodaya (06:33 AM). Pratah Kala ends at 08:46 AM, before Dwadashi ends; therefore Pratah Kala end is the limiting end time. Hence Parana is 06:33 AM to 08:46 AM.",2026-08-22:Dashami | 2026-08-23:Ekadashi | 2026-08-24:Ekadashi | 2026-08-25:Dwadashi,2026-08-22:Jyeshtha | 2026-08-23:Mula | 2026-08-24:Purva Ashadha | 2026-08-25:Uttara Ashadha,2026-08-23 06:30:00 AM AEST,2026-08-24 08:48:00 AM AEST,2026-08-25 10:50:00 AM AEST,2026-08-23,06:35 AM,2026-08-23 04:59:00 AM AEST,2026-08-24,2026-08-23,2026-08-23:VIDDHA (Arunodaya 2026-08-23 04:59:00 AM AEST <= start 2026-08-23 06:30:00 AM AEST <= sunrise 2026-08-23 06:35:00 AM AEST) | 2026-08-24:VALID (start 2026-08-23 06:30:00 AM AEST < Arunodaya 2026-08-24 04:58:00 AM AEST),2026-08-24,06:34 AM,2026-08-24 04:58:00 AM AEST,2026-08-25,Uttara Ashadha,2026-08-24 03:18:30 PM AEST,2026-08-22,2026-08-25,2026-08-22 | 2026-08-23 | 2026-08-24 | 2026-08-25,0,COMPLETE,,,Dashami Viddha -> Valid Ekadashi,DASHAMI_VIDDHA_THEN_VALID_EKADASHI,The first Ekadashi sunrise is Dashami Viddha and is not a fasting day. Ekadashi continues to a later sunrise where it had already begun before Arunodaya; that later Ekadashi sunrise is the valid Upavaasa day. Parana is on the following Dwadashi morning.,2026-08-23:VIDDHA (Arunodaya 2026-08-23 04:59:00 AM AEST <= start 2026-08-23 06:30:00 AM AEST <= sunrise 2026-08-23 06:35:00 AM AEST) | 2026-08-24:VALID (start 2026-08-23 06:30:00 AM AEST < Arunodaya 2026-08-24 04:58:00 AM AEST),2026-08-24,,2026-08-25,DWADASHI,PRATAH,2026-08-25 06:33:00 AM AEST,2026-08-25 08:46:12 AM AEST,Hari Vasara ended before Parana-day sunrise; Parana is sunrise to Pratah end.
Sydney,New South Wales,Australia,Australia/Sydney,geoname:2147714,2147714,Shravana Putrada Ekadashi,2026-08-23,"Shravana Putrada Ekadashi - Sydney. Dashami ends and Ekadashi begins on 2026-08-23 06:30:00 AM AEST. On 24-Aug-26, Sooryodaya is 06:24 AM and Arunodaya is 04:48 AM. Ekadashi is present at sunrise and had begun before Arunodaya, so this is a valid Ekadashi sunrise. Ekadashi ends on 2026-08-24 08:48:00 AM AEST and does not remain through another sunrise. Ekadashi ends and Dwadashi begins on 2026-08-24 08:48:00 AM AEST. Dwadashi is present at Sooryodaya on 25-Aug-26 (Sooryodaya 06:23 AM). Dwadashi ends and Trayodashi begins on 2026-08-25 10:50:00 AM AEST. Therefore the Upavaasa is observed on 24-Aug-26. For Parana on 25-Aug-26, Sooryodaya is 06:23 AM, Pratah Kala ends at 08:37 AM, Dwadashi ends at 2026-08-25 10:50:00 AM AEST, and Hari Vasara ends at 2026-08-24 03:18:30 PM AEST. Hari Vasara ends before Sooryodaya, so there is no Hari-Vasara delay; Parana starts at Sooryodaya (06:23 AM). Pratah Kala ends at 08:37 AM, before Dwadashi ends; therefore Pratah Kala end is the limiting end time. Hence Parana is 06:23 AM to 08:37 AM.",2026-08-23:Dashami | 2026-08-24:Ekadashi | 2026-08-25:Dwadashi,2026-08-23:Mula | 2026-08-24:Purva Ashadha | 2026-08-25:Uttara Ashadha,2026-08-23 06:30:00 AM AEST,2026-08-24 08:48:00 AM AEST,2026-08-25 10:50:00 AM AEST,2026-08-24,06:24 AM,2026-08-24 04:48:00 AM AEST,2026-08-24,,2026-08-24:VALID (start 2026-08-23 06:30:00 AM AEST < Arunodaya 2026-08-24 04:48:00 AM AEST),2026-08-24,06:24 AM,2026-08-24 04:48:00 AM AEST,2026-08-25,Uttara Ashadha,2026-08-24 03:18:30 PM AEST,2026-08-23,2026-08-25,2026-08-23 | 2026-08-24 | 2026-08-25,2,COMPLETE,,,Normal Ekadashi,NORMAL,Ekadashi began before Arunodaya and has one valid Ekadashi sunrise. No two-day exception is triggered.,2026-08-24:VALID (start 2026-08-23 06:30:00 AM AEST < Arunodaya 2026-08-24 04:48:00 AM AEST),2026-08-24,,2026-08-25,DWADASHI,PRATAH,2026-08-25 06:23:00 AM AEST,2026-08-25 08:36:48 AM AEST,Hari Vasara ended before Parana-day sunrise; Parana is sunrise to Pratah end.
