Date,Location Key,City,State/Region,Country,Timezone,Geoname ID,Special Events,Special Event Details,Note,Snapshot Source
2026-08-08,geoname:4167147|city:orlando,Orlando,Florida,United States,America/New_York,4167147,Kamika Ekadashi,"AruNodaya: 8 August 2026, 05:15:00 AM | Tithi start: 8 August 2026, 04:29:00 AM | Tithi end: 9 August 2026, 01:34:00 AM | Upavaasa date: 08-Aug-26 | Parana date: On 9th Aug, Parana Time - 06:52 AM to 09:31 AM",,2026-08-08_EDT.txt
2026-08-08,geoname:4174757|city:tampa,Tampa,Florida,United States,America/New_York,4174757,Kamika Ekadashi,"AruNodaya: 8 August 2026, 05:20:00 AM | Tithi start: 8 August 2026, 04:29:00 AM | Tithi end: 9 August 2026, 01:34:00 AM | Upavaasa date: 08-Aug-26 | Parana date: On 9th Aug, Parana Time - 06:57 AM to 09:36 AM",,2026-08-08_EDT.txt
2026-08-08,geoname:4180439|city:atlanta,Atlanta,Georgia,United States,America/New_York,4180439,Kamika Ekadashi,"AruNodaya: 8 August 2026, 05:19:00 AM | Tithi start: 8 August 2026, 04:29:00 AM | Tithi end: 9 August 2026, 01:34:00 AM | Upavaasa date: 08-Aug-26 | Parana date: On 9th Aug, Parana Time - 06:55 AM to 09:38 AM",,2026-08-08_EDT.txt
2026-08-08,geoname:4256038|city:columbus,Columbus,Indiana,United States,America/Indiana/Indianapolis,4256038,Kamika Ekadashi,"AruNodaya: 8 August 2026, 05:14:00 AM | Tithi start: 8 August 2026, 04:29:00 AM | Tithi end: 9 August 2026, 01:34:00 AM | Upavaasa date: 08-Aug-26 | Parana date: On 9th Aug, Parana Time - 06:51 AM to 09:38 AM",,2026-08-08_EDT.txt
2026-08-08,geoname:4347778|city:baltimore,Baltimore,Maryland,United States,America/New_York,4347778,Kamika Ekadashi,"AruNodaya: 8 August 2026, 04:37:00 AM | Tithi start: 8 August 2026, 04:29:00 AM | Tithi end: 9 August 2026, 01:34:00 AM | Upavaasa date: 08-Aug-26 | Parana date: On 9th Aug, Parana Time - 06:48 AM to 09:01 AM | Hari Vasara end: On Parana Day Hari Vasara End Moment - 06:48 AM",,2026-08-08_EDT.txt
2026-08-08,geoname:4460243|city:charlotte,Charlotte,North Carolina,United States,America/New_York,4460243,Kamika Ekadashi,"AruNodaya: 8 August 2026, 05:02:00 AM | Tithi start: 8 August 2026, 04:29:00 AM | Tithi end: 9 August 2026, 01:34:00 AM | Upavaasa date: 08-Aug-26 | Parana date: On 9th Aug, Parana Time - 06:48 AM to 09:23 AM | Hari Vasara end: On Parana Day Hari Vasara End Moment - 06:48 AM",,2026-08-08_EDT.txt
2026-08-08,geoname:4487042|city:raleigh,Raleigh,North Carolina,United States,America/New_York,4487042,Kamika Ekadashi,"AruNodaya: 8 August 2026, 04:52:00 AM | Tithi start: 8 August 2026, 04:29:00 AM | Tithi end: 9 August 2026, 01:34:00 AM | Upavaasa date: 08-Aug-26 | Parana date: On 9th Aug, Parana Time - 06:48 AM to 09:13 AM | Hari Vasara end: On Parana Day Hari Vasara End Moment - 06:48 AM",,2026-08-08_EDT.txt
2026-08-08,geoname:4508722|city:cincinnati,Cincinnati,Ohio,United States,America/New_York,4508722,Kamika Ekadashi,"AruNodaya: 8 August 2026, 05:09:00 AM | Tithi start: 8 August 2026, 04:29:00 AM | Tithi end: 9 August 2026, 01:34:00 AM | Upavaasa date: 08-Aug-26 | Parana date: On 9th Aug, Parana Time - 06:48 AM to 09:33 AM | Hari Vasara end: On Parana Day Hari Vasara End Moment - 06:48 AM",,2026-08-08_EDT.txt
2026-08-08,geoname:4509177|city:columbus,Columbus,Ohio,United States,America/New_York,4509177,Kamika Ekadashi,"AruNodaya: 8 August 2026, 05:01:00 AM | Tithi start: 8 August 2026, 04:29:00 AM | Tithi end: 9 August 2026, 01:34:00 AM | Upavaasa date: 08-Aug-26 | Parana date: On 9th Aug, Parana Time - 06:48 AM to 09:26 AM | Hari Vasara end: On Parana Day Hari Vasara End Moment - 06:48 AM",,2026-08-08_EDT.txt
2026-08-08,geoname:4560349|city:philadelphia,Philadelphia,Pennsylvania,United States,America/New_York,4560349,Kamika Ekadashi,"AruNodaya: 8 August 2026, 04:30:00 AM | Tithi start: 8 August 2026, 04:29:00 AM | Tithi end: 9 August 2026, 01:34:00 AM | Upavaasa date: 08-Aug-26 | Parana date: On 9th Aug, Parana Time - 06:48 AM to 08:54 AM | Hari Vasara end: On Parana Day Hari Vasara End Moment - 06:48 AM",,2026-08-08_EDT.txt
2026-08-08,geoname:4634946|city:knoxville,Knoxville,Tennessee,United States,America/New_York,4634946,Kamika Ekadashi,"AruNodaya: 8 August 2026, 05:13:00 AM | Tithi start: 8 August 2026, 04:29:00 AM | Tithi end: 9 August 2026, 01:34:00 AM | Upavaasa date: 08-Aug-26 | Parana date: On 9th Aug, Parana Time - 06:50 AM to 09:34 AM",,2026-08-08_EDT.txt
2026-08-08,geoname:4644585|city:nashville,Nashville,Tennessee,United States,America/Chicago,4644585,Kamika Ekadashi,"AruNodaya: 8 August 2026, 04:24:00 AM | Tithi start: 8 August 2026, 03:29:00 AM | Tithi end: 9 August 2026, 12:34:00 AM | Upavaasa date: 08-Aug-26 | Parana date: On 9th Aug, Parana Time - 06:01 AM to 08:45 AM",,2026-08-08_CDT.txt
2026-08-08,geoname:4684888|city:dallas,Dallas,Texas,United States,America/Chicago,4684888,Kamika Ekadashi,"AruNodaya: 8 August 2026, 05:10:00 AM | Tithi start: 8 August 2026, 03:29:00 AM | Tithi end: 9 August 2026, 12:34:00 AM | Upavaasa date: 08-Aug-26 | Parana date: On 9th Aug, Parana Time - 06:47 AM to 09:29 AM",,2026-08-08_CDT.txt
2026-08-08,geoname:4699066|city:houston,Houston,Texas,United States,America/Chicago,4699066,Kamika Ekadashi,"AruNodaya: 8 August 2026, 05:09:00 AM | Tithi start: 8 August 2026, 03:29:00 AM | Tithi end: 9 August 2026, 12:34:00 AM | Upavaasa date: 08-Aug-26 | Parana date: On 9th Aug, Parana Time - 06:46 AM to 09:26 AM",,2026-08-08_CDT.txt
2026-08-08,geoname:4781708|city:richmond,Richmond,Virginia,United States,America/New_York,4781708,Kamika Ekadashi,"AruNodaya: 8 August 2026, 04:44:00 AM | Tithi start: 8 August 2026, 04:29:00 AM | Tithi end: 9 August 2026, 01:34:00 AM | Upavaasa date: 08-Aug-26 | Parana date: On 9th Aug, Parana Time - 06:48 AM to 09:06 AM | Hari Vasara end: On Parana Day Hari Vasara End Moment - 06:48 AM",,2026-08-08_EDT.txt
2026-08-08,geoname:4887398|city:chicago,Chicago,Illinois,United States,America/Chicago,4887398,Kamika Ekadashi,"AruNodaya: 8 August 2026, 04:16:00 AM | Tithi start: 8 August 2026, 03:29:00 AM | Tithi end: 9 August 2026, 12:34:00 AM | Upavaasa date: 08-Aug-26 | Parana date: On 9th Aug, Parana Time - 05:53 AM to 08:42 AM",,2026-08-08_CDT.txt
2026-08-08,geoname:4922462|city:lafayette,Lafayette,Indiana,United States,America/Indiana/Indianapolis,4922462,Kamika Ekadashi,"AruNodaya: 8 August 2026, 05:16:00 AM | Tithi start: 8 August 2026, 04:29:00 AM | Tithi end: 9 August 2026, 01:34:00 AM | Upavaasa date: 08-Aug-26 | Parana date: On 9th Aug, Parana Time - 06:53 AM to 09:41 AM",,2026-08-08_EDT.txt
2026-08-08,geoname:5099836|city:new_jersey,New Jersey,New Jersey,United States,America/New_York,5099836,,,"In the EDT time zone, Ekadashi Tithi is present at sunrise on 08 August 2026, but it did not begin before AruNodaya. Therefore, Ekadashi Upavaasa should not be observed on 08 August 2026, as it is Dashami Viddha. Kindly observe Upavaasa on 09 August 2026 and refer to the 10 August 2026 Panchanga for the Parana time.",2026-08-08_EDT.txt
2026-08-08,geoname:5110629|city:buffalo,Buffalo,New York,United States,America/New_York,5110629,Kamika Ekadashi,"AruNodaya: 8 August 2026, 04:38:00 AM | Tithi start: 8 August 2026, 04:29:00 AM | Tithi end: 9 August 2026, 01:34:00 AM | Upavaasa date: 08-Aug-26 | Parana date: On 9th Aug, Parana Time - 06:48 AM to 09:05 AM | Hari Vasara end: On Parana Day Hari Vasara End Moment - 06:48 AM",,2026-08-08_EDT.txt
2026-08-08,geoname:5119251|city:greece,Greece,New York,United States,America/New_York,5119251,Kamika Ekadashi,"AruNodaya: 8 August 2026, 04:33:00 AM | Tithi start: 8 August 2026, 04:29:00 AM | Tithi end: 9 August 2026, 01:34:00 AM | Upavaasa date: 08-Aug-26 | Parana date: On 9th Aug, Parana Time - 06:48 AM to 09:00 AM | Hari Vasara end: On Parana Day Hari Vasara End Moment - 06:48 AM",,2026-08-08_EDT.txt
2026-08-08,geoname:5128581|city:new_york,New York,New York,United States,America/New_York,5128581,,,"In the EDT time zone, Ekadashi Tithi is present at sunrise on 08 August 2026, but it did not begin before AruNodaya. Therefore, Ekadashi Upavaasa should not be observed on 08 August 2026, as it is Dashami Viddha. Kindly observe Upavaasa on 09 August 2026 and refer to the 10 August 2026 Panchanga for the Parana time.",2026-08-08_EDT.txt
2026-08-08,geoname:5131614|city:pittsford,Pittsford,New York,United States,America/New_York,5131614,Kamika Ekadashi,"AruNodaya: 8 August 2026, 04:32:00 AM | Tithi start: 8 August 2026, 04:29:00 AM | Tithi end: 9 August 2026, 01:34:00 AM | Upavaasa date: 08-Aug-26 | Parana date: On 9th Aug, Parana Time - 06:48 AM to 09:00 AM | Hari Vasara end: On Parana Day Hari Vasara End Moment - 06:48 AM",,2026-08-08_EDT.txt
2026-08-08,geoname:5134086|city:rochester,Rochester,New York,United States,America/New_York,5134086,Kamika Ekadashi,"AruNodaya: 8 August 2026, 04:33:00 AM | Tithi start: 8 August 2026, 04:29:00 AM | Tithi end: 9 August 2026, 01:34:00 AM | Upavaasa date: 08-Aug-26 | Parana date: On 9th Aug, Parana Time - 06:48 AM to 09:00 AM | Hari Vasara end: On Parana Day Hari Vasara End Moment - 06:48 AM",,2026-08-08_EDT.txt
2026-08-08,geoname:5139865|city:stonybrook,Stonybrook,New York,United States,America/New_York,5139865,,,"In the EDT time zone, Ekadashi Tithi is present at sunrise on 08 August 2026, but it did not begin before AruNodaya. Therefore, Ekadashi Upavaasa should not be observed on 08 August 2026, as it is Dashami Viddha. Kindly observe Upavaasa on 09 August 2026 and refer to the 10 August 2026 Panchanga for the Parana time.",2026-08-08_EDT.txt
2026-08-08,geoname:5140405|city:syracuse,Syracuse,New York,United States,America/New_York,5140405,,,"In the EDT time zone, Ekadashi Tithi is present at sunrise on 08 August 2026, but it did not begin before AruNodaya. Therefore, Ekadashi Upavaasa should not be observed on 08 August 2026, as it is Dashami Viddha. Kindly observe Upavaasa on 09 August 2026 and refer to the 10 August 2026 Panchanga for the Parana time.",2026-08-08_EDT.txt
2026-08-08,geoname:5150529|city:cleveland,Cleveland,Ohio,United States,America/New_York,5150529,Kamika Ekadashi,"AruNodaya: 8 August 2026, 04:53:00 AM | Tithi start: 8 August 2026, 04:29:00 AM | Tithi end: 9 August 2026, 01:34:00 AM | Upavaasa date: 08-Aug-26 | Parana date: On 9th Aug, Parana Time - 06:48 AM to 09:19 AM | Hari Vasara end: On Parana Day Hari Vasara End Moment - 06:48 AM",,2026-08-08_EDT.txt
2026-08-08,geoname:5308655|city:phoenix,Phoenix,Arizona,United States,America/Phoenix,5308655,Kamika Ekadashi,"AruNodaya: 8 August 2026, 04:10:00 AM | Tithi start: 8 August 2026, 01:29:00 AM | Tithi end: 8 August 2026, 10:34:00 PM | Upavaasa date: 08-Aug-26 | Parana date: On 9th Aug, Parana Time - 05:47 AM to 08:29 AM",,2026-08-08_MST.txt
2026-08-08,geoname:5368361|city:los_angeles,Los Angeles,California,United States,America/Los_Angeles,5368361,Kamika Ekadashi,"AruNodaya: 8 August 2026, 04:34:00 AM | Tithi start: 8 August 2026, 01:29:00 AM | Tithi end: 8 August 2026, 10:34:00 PM | Upavaasa date: 08-Aug-26 | Parana date: On 9th Aug, Parana Time - 06:10 AM to 08:54 AM",,2026-08-08_PDT.txt
2026-08-08,geoname:5383527|city:placentia,Placentia,California,United States,America/Los_Angeles,5383527,Kamika Ekadashi,"AruNodaya: 8 August 2026, 04:32:00 AM | Tithi start: 8 August 2026, 01:29:00 AM | Tithi end: 8 August 2026, 10:34:00 PM | Upavaasa date: 08-Aug-26 | Parana date: On 9th Aug, Parana Time - 06:09 AM to 08:52 AM",,2026-08-08_PDT.txt
2026-08-08,geoname:5391959|city:san_francisco,San Francisco,California,United States,America/Los_Angeles,5391959,Kamika Ekadashi,"AruNodaya: 8 August 2026, 04:43:00 AM | Tithi start: 8 August 2026, 01:29:00 AM | Tithi end: 8 August 2026, 10:34:00 PM | Upavaasa date: 08-Aug-26 | Parana date: On 9th Aug, Parana Time - 06:20 AM to 09:06 AM",,2026-08-08_PDT.txt
2026-08-08,geoname:5809844|city:seattle,Seattle,Washington,United States,America/Los_Angeles,5809844,Kamika Ekadashi,"AruNodaya: 8 August 2026, 04:20:00 AM | Tithi start: 8 August 2026, 01:29:00 AM | Tithi end: 8 August 2026, 10:34:00 PM | Upavaasa date: 08-Aug-26 | Parana date: On 9th Aug, Parana Time - 05:58 AM to 08:52 AM",,2026-08-08_PDT.txt
2026-08-09,geoname:1253102|city:visakhapatnam,Visakhapatnam,Andra Pradesh,India,Asia/Kolkata,1253102,Kamika Ekadashi,"AruNodaya: 9 August 2026, 04:02:00 AM | Tithi start: 8 August 2026, 01:59:00 PM | Tithi end: 9 August 2026, 11:04:00 AM | Upavaasa date: 09-Aug-26 | Parana date: On 10th Aug, Parana Time - 05:39 AM to 08:00 AM",,2026-08-09_IST.txt
2026-08-09,geoname:1253405|city:varanasi,Varanasi,Uttar Pradesh,India,Asia/Kolkata,1253405,Kamika Ekadashi,"AruNodaya: 9 August 2026, 03:53:00 AM | Tithi start: 8 August 2026, 01:59:00 PM | Tithi end: 9 August 2026, 11:04:00 AM | Upavaasa date: 09-Aug-26 | Parana date: On 10th Aug, Parana Time - 05:29 AM to 08:00 AM",,2026-08-09_IST.txt
2026-08-09,geoname:1253573|city:vadodara,Vadodara,Gujarat,India,Asia/Kolkata,1253573,Kamika Ekadashi,"AruNodaya: 9 August 2026, 04:36:00 AM | Tithi start: 8 August 2026, 01:59:00 PM | Tithi end: 9 August 2026, 11:04:00 AM | Upavaasa date: 09-Aug-26 | Parana date: On 10th Aug, Parana Time - 06:13 AM to 08:00 AM",,2026-08-09_IST.txt
2026-08-09,geoname:1253952|city:udupi,Udupi,Karnataka,India,Asia/Kolkata,1253952,Kamika Ekadashi,"AruNodaya: 9 August 2026, 04:42:00 AM | Tithi start: 8 August 2026, 01:59:00 PM | Tithi end: 9 August 2026, 11:04:00 AM | Upavaasa date: 09-Aug-26 | Parana date: On 10th Aug, Parana Time - 06:18 AM to 08:00 AM",,2026-08-09_IST.txt
2026-08-09,geoname:1254163|city:thiruvananthapuram,Thiruvananthapuram,Kerala,India,Asia/Kolkata,1254163,Kamika Ekadashi,"AruNodaya: 9 August 2026, 04:39:00 AM | Tithi start: 8 August 2026, 01:59:00 PM | Tithi end: 9 August 2026, 11:04:00 AM | Upavaasa date: 09-Aug-26 | Parana date: On 10th Aug, Parana Time - 06:15 AM to 08:00 AM",,2026-08-09_IST.txt
2026-08-09,geoname:1254360|city:tirupati,Tirupati,Andhra Pradesh,India,Asia/Kolkata,1254360,Kamika Ekadashi,"AruNodaya: 9 August 2026, 04:22:00 AM | Tithi start: 8 August 2026, 01:59:00 PM | Tithi end: 9 August 2026, 11:04:00 AM | Upavaasa date: 09-Aug-26 | Parana date: On 10th Aug, Parana Time - 05:59 AM to 08:00 AM",,2026-08-09_IST.txt
2026-08-09,geoname:1254388|city:srirangam,Srirangam,Tamil Nadu,India,Asia/Kolkata,1254388,Kamika Ekadashi,"AruNodaya: 9 August 2026, 04:29:00 AM | Tithi start: 8 August 2026, 01:59:00 PM | Tithi end: 9 August 2026, 11:04:00 AM | Upavaasa date: 09-Aug-26 | Parana date: On 10th Aug, Parana Time - 06:05 AM to 08:00 AM",,2026-08-09_IST.txt
2026-08-09,geoname:1255364|city:surat,Surat,Gujarat,India,Asia/Kolkata,1255364,Kamika Ekadashi,"AruNodaya: 9 August 2026, 04:39:00 AM | Tithi start: 8 August 2026, 01:59:00 PM | Tithi end: 9 August 2026, 11:04:00 AM | Upavaasa date: 09-Aug-26 | Parana date: On 10th Aug, Parana Time - 06:15 AM to 08:00 AM",,2026-08-09_IST.txt
2026-08-09,geoname:1255634|city:srinagar,Srinagar,Jammu and Kashmir,India,Asia/Kolkata,1255634,Kamika Ekadashi,"AruNodaya: 9 August 2026, 04:12:00 AM | Tithi start: 8 August 2026, 01:59:00 PM | Tithi end: 9 August 2026, 11:04:00 AM | Upavaasa date: 09-Aug-26 | Parana date: On 10th Aug, Parana Time - 05:48 AM to 08:00 AM",,2026-08-09_IST.txt
2026-08-09,geoname:1256287|city:silchar,Silchar,Assam,India,Asia/Kolkata,1256287,Kamika Ekadashi,"AruNodaya: 9 August 2026, 03:14:00 AM | Tithi start: 8 August 2026, 01:59:00 PM | Tithi end: 9 August 2026, 11:04:00 AM | Upavaasa date: 09-Aug-26 | Parana date: On 10th Aug, Parana Time - 04:51 AM to 07:28 AM",,2026-08-09_IST.txt
2026-08-09,geoname:1256525|city:shiliguri,Shiliguri,West Bengal,India,Asia/Kolkata,1256525,Kamika Ekadashi,"AruNodaya: 9 August 2026, 03:29:00 AM | Tithi start: 8 August 2026, 01:59:00 PM | Tithi end: 9 August 2026, 11:04:00 AM | Upavaasa date: 09-Aug-26 | Parana date: On 10th Aug, Parana Time - 05:05 AM to 07:44 AM",,2026-08-09_IST.txt
2026-08-09,geoname:1259229|city:pune,Pune,Maharashtra,India,Asia/Kolkata,1259229,Kamika Ekadashi,"AruNodaya: 9 August 2026, 04:39:00 AM | Tithi start: 8 August 2026, 01:59:00 PM | Tithi end: 9 August 2026, 11:04:00 AM | Upavaasa date: 09-Aug-26 | Parana date: On 10th Aug, Parana Time - 06:15 AM to 08:00 AM",,2026-08-09_IST.txt
2026-08-09,geoname:1260546|city:pandharpur,Pandharpur,Maharashtra,India,Asia/Kolkata,1260546,Kamika Ekadashi,"AruNodaya: 9 August 2026, 04:34:00 AM | Tithi start: 8 August 2026, 01:59:00 PM | Tithi end: 9 August 2026, 11:04:00 AM | Upavaasa date: 09-Aug-26 | Parana date: On 10th Aug, Parana Time - 06:10 AM to 08:00 AM",,2026-08-09_IST.txt
2026-08-09,geoname:1262180|city:nagpur,Nagpur,Maharashtra,India,Asia/Kolkata,1262180,Kamika Ekadashi,"AruNodaya: 9 August 2026, 04:14:00 AM | Tithi start: 8 August 2026, 01:59:00 PM | Tithi end: 9 August 2026, 11:04:00 AM | Upavaasa date: 09-Aug-26 | Parana date: On 10th Aug, Parana Time - 05:51 AM to 08:00 AM",,2026-08-09_IST.txt
2026-08-09,geoname:1262321|city:mysuru,Mysuru,Karnataka,India,Asia/Kolkata,1262321,Kamika Ekadashi,"AruNodaya: 9 August 2026, 04:35:00 AM | Tithi start: 8 August 2026, 01:59:00 PM | Tithi end: 9 August 2026, 11:04:00 AM | Upavaasa date: 09-Aug-26 | Parana date: On 10th Aug, Parana Time - 06:11 AM to 08:00 AM",,2026-08-09_IST.txt
2026-08-09,geoname:1262321|city:t_narasipura,T Narasipura,Karnataka,India,Asia/Kolkata,1262321,Kamika Ekadashi,"AruNodaya: 9 August 2026, 04:35:00 AM | Tithi start: 8 August 2026, 01:59:00 PM | Tithi end: 9 August 2026, 11:04:00 AM | Upavaasa date: 09-Aug-26 | Parana date: On 10th Aug, Parana Time - 06:11 AM to 08:00 AM",,2026-08-09_IST.txt
2026-08-09,geoname:1263780|city:mangalore,Mangalore,Karnataka,India,Asia/Kolkata,1263780,Kamika Ekadashi,"AruNodaya: 9 August 2026, 04:42:00 AM | Tithi start: 8 August 2026, 01:59:00 PM | Tithi end: 9 August 2026, 11:04:00 AM | Upavaasa date: 09-Aug-26 | Parana date: On 10th Aug, Parana Time - 06:18 AM to 08:00 AM",,2026-08-09_IST.txt
2026-08-09,geoname:1264521|city:madurai,Madurai,Tamil Nadu,India,Asia/Kolkata,1264521,Kamika Ekadashi,"AruNodaya: 9 August 2026, 04:32:00 AM | Tithi start: 8 August 2026, 01:59:00 PM | Tithi end: 9 August 2026, 11:04:00 AM | Upavaasa date: 09-Aug-26 | Parana date: On 10th Aug, Parana Time - 06:08 AM to 08:00 AM",,2026-08-09_IST.txt
2026-08-09,geoname:1264527|city:chennai,Chennai,Tamil Nadu,India,Asia/Kolkata,1264527,Kamika Ekadashi,"AruNodaya: 9 August 2026, 04:20:00 AM | Tithi start: 8 August 2026, 01:59:00 PM | Tithi end: 9 August 2026, 11:04:00 AM | Upavaasa date: 09-Aug-26 | Parana date: On 10th Aug, Parana Time - 05:56 AM to 08:00 AM",,2026-08-09_IST.txt
2026-08-09,geoname:1264733|city:lucknow,Lucknow,Uttar Pradesh,India,Asia/Kolkata,1264733,Kamika Ekadashi,"AruNodaya: 9 August 2026, 03:59:00 AM | Tithi start: 8 August 2026, 01:59:00 PM | Tithi end: 9 August 2026, 11:04:00 AM | Upavaasa date: 09-Aug-26 | Parana date: On 10th Aug, Parana Time - 05:35 AM to 08:00 AM",,2026-08-09_IST.txt
2026-08-09,geoname:1265683|city:kumbakonam,Kumbakonam,Tamil Nadu,India,Asia/Kolkata,1265683,Kamika Ekadashi,"AruNodaya: 9 August 2026, 04:26:00 AM | Tithi start: 8 August 2026, 01:59:00 PM | Tithi end: 9 August 2026, 11:04:00 AM | Upavaasa date: 09-Aug-26 | Parana date: On 10th Aug, Parana Time - 06:02 AM to 08:00 AM",,2026-08-09_IST.txt
2026-08-09,geoname:1266285|city:kolhapur,Kolhapur,Maharashtra,India,Asia/Kolkata,1266285,Kamika Ekadashi,"AruNodaya: 9 August 2026, 04:39:00 AM | Tithi start: 8 August 2026, 01:59:00 PM | Tithi end: 9 August 2026, 11:04:00 AM | Upavaasa date: 09-Aug-26 | Parana date: On 10th Aug, Parana Time - 06:16 AM to 08:00 AM",,2026-08-09_IST.txt
2026-08-09,geoname:1268159|city:kanchipuram,Kanchipuram,Tamil Nadu,India,Asia/Kolkata,1268159,Kamika Ekadashi,"AruNodaya: 9 August 2026, 04:22:00 AM | Tithi start: 8 August 2026, 01:59:00 PM | Tithi end: 9 August 2026, 11:04:00 AM | Upavaasa date: 09-Aug-26 | Parana date: On 10th Aug, Parana Time - 05:58 AM to 08:00 AM",,2026-08-09_IST.txt
2026-08-09,geoname:1269655|city:itanagar,Itanagar,Arunachal Pradesh,India,Asia/Kolkata,1269655,Kamika Ekadashi,"AruNodaya: 9 August 2026, 03:08:00 AM | Tithi start: 8 August 2026, 01:59:00 PM | Tithi end: 9 August 2026, 11:04:00 AM | Upavaasa date: 09-Aug-26 | Parana date: On 10th Aug, Parana Time - 04:44 AM to 07:23 AM",,2026-08-09_IST.txt
2026-08-09,geoname:1269771|city:imphal,Imphal,Manipur,India,Asia/Kolkata,1269771,Kamika Ekadashi,"AruNodaya: 9 August 2026, 03:10:00 AM | Tithi start: 8 August 2026, 01:59:00 PM | Tithi end: 9 August 2026, 11:04:00 AM | Upavaasa date: 09-Aug-26 | Parana date: On 10th Aug, Parana Time - 04:46 AM to 07:23 AM",,2026-08-09_IST.txt
2026-08-09,geoname:1269843|city:hyderabad,Hyderabad,Telangana,India,Asia/Kolkata,1269843,Kamika Ekadashi,"AruNodaya: 9 August 2026, 04:22:00 AM | Tithi start: 8 August 2026, 01:59:00 PM | Tithi end: 9 August 2026, 11:04:00 AM | Upavaasa date: 09-Aug-26 | Parana date: On 10th Aug, Parana Time - 05:58 AM to 08:00 AM",,2026-08-09_IST.txt
2026-08-09,geoname:1270603|city:guruvayur,Guruvayur,Kerala,India,Asia/Kolkata,1270603,Kamika Ekadashi,"AruNodaya: 9 August 2026, 04:40:00 AM | Tithi start: 8 August 2026, 01:59:00 PM | Tithi end: 9 August 2026, 11:04:00 AM | Upavaasa date: 09-Aug-26 | Parana date: On 10th Aug, Parana Time - 06:16 AM to 08:00 AM",,2026-08-09_IST.txt
2026-08-09,geoname:1271476|city:guwahati,Guwahati,Assam,India,Asia/Kolkata,1271476,Kamika Ekadashi,"AruNodaya: 9 August 2026, 03:16:00 AM | Tithi start: 8 August 2026, 01:59:00 PM | Tithi end: 9 August 2026, 11:04:00 AM | Upavaasa date: 09-Aug-26 | Parana date: On 10th Aug, Parana Time - 04:53 AM to 07:31 AM",,2026-08-09_IST.txt
2026-08-09,geoname:1271631|city:gangtok,Gangtok,Sikkim,India,Asia/Kolkata,1271631,Kamika Ekadashi,"AruNodaya: 9 August 2026, 03:27:00 AM | Tithi start: 8 August 2026, 01:59:00 PM | Tithi end: 9 August 2026, 11:04:00 AM | Upavaasa date: 09-Aug-26 | Parana date: On 10th Aug, Parana Time - 05:04 AM to 07:43 AM",,2026-08-09_IST.txt
2026-08-09,geoname:1272552|city:dimapur,Dimapur,Nagaland,India,Asia/Kolkata,1272552,Kamika Ekadashi,"AruNodaya: 9 August 2026, 03:09:00 AM | Tithi start: 8 August 2026, 01:59:00 PM | Tithi end: 9 August 2026, 11:04:00 AM | Upavaasa date: 09-Aug-26 | Parana date: On 10th Aug, Parana Time - 04:45 AM to 07:23 AM",,2026-08-09_IST.txt
2026-08-09,geoname:1272648|city:dibrugarh,Dibrugarh,Assam,India,Asia/Kolkata,1272648,Kamika Ekadashi,"AruNodaya: 9 August 2026, 03:02:00 AM | Tithi start: 8 August 2026, 01:59:00 PM | Tithi end: 9 August 2026, 11:04:00 AM | Upavaasa date: 09-Aug-26 | Parana date: On 10th Aug, Parana Time - 04:38 AM to 07:17 AM",,2026-08-09_IST.txt
2026-08-09,geoname:1274256|city:chidambaram,Chidambaram,Tamil Nadu,India,Asia/Kolkata,1274256,Kamika Ekadashi,"AruNodaya: 9 August 2026, 04:24:00 AM | Tithi start: 8 August 2026, 01:59:00 PM | Tithi end: 9 August 2026, 11:04:00 AM | Upavaasa date: 09-Aug-26 | Parana date: On 10th Aug, Parana Time - 06:00 AM to 08:00 AM",,2026-08-09_IST.txt
2026-08-09,geoname:1275004|city:kolkata,Kolkata,West Bengal,India,Asia/Kolkata,1275004,Kamika Ekadashi,"AruNodaya: 9 August 2026, 03:35:00 AM | Tithi start: 8 August 2026, 01:59:00 PM | Tithi end: 9 August 2026, 11:04:00 AM | Upavaasa date: 09-Aug-26 | Parana date: On 10th Aug, Parana Time - 05:12 AM to 07:48 AM",,2026-08-09_IST.txt
2026-08-09,geoname:1275339|city:mumbai,Mumbai,Maharashtra,India,Asia/Kolkata,1275339,Kamika Ekadashi,"AruNodaya: 9 August 2026, 04:42:00 AM | Tithi start: 8 August 2026, 01:59:00 PM | Tithi end: 9 August 2026, 11:04:00 AM | Upavaasa date: 09-Aug-26 | Parana date: On 10th Aug, Parana Time - 06:18 AM to 08:00 AM",,2026-08-09_IST.txt
2026-08-09,geoname:1275817|city:bhubaneswar,Bhubaneswar,Odisha,India,Asia/Kolkata,1275817,Kamika Ekadashi,"AruNodaya: 9 August 2026, 03:48:00 AM | Tithi start: 8 August 2026, 01:59:00 PM | Tithi end: 9 August 2026, 11:04:00 AM | Upavaasa date: 09-Aug-26 | Parana date: On 10th Aug, Parana Time - 05:25 AM to 08:00 AM",,2026-08-09_IST.txt
2026-08-09,geoname:1275841|city:bhopal,Bhopal,Madhya Pradesh,India,Asia/Kolkata,1275841,Kamika Ekadashi,"AruNodaya: 9 August 2026, 04:18:00 AM | Tithi start: 8 August 2026, 01:59:00 PM | Tithi end: 9 August 2026, 11:04:00 AM | Upavaasa date: 09-Aug-26 | Parana date: On 10th Aug, Parana Time - 05:54 AM to 08:00 AM",,2026-08-09_IST.txt
2026-08-09,geoname:1277333|city:bengaluru,Bengaluru,Karnataka,India,Asia/Kolkata,1277333,Kamika Ekadashi,"AruNodaya: 9 August 2026, 04:31:00 AM | Tithi start: 8 August 2026, 01:59:00 PM | Tithi end: 9 August 2026, 11:04:00 AM | Upavaasa date: 09-Aug-26 | Parana date: On 10th Aug, Parana Time - 06:07 AM to 08:00 AM",,2026-08-09_IST.txt
2026-08-09,geoname:1278094|city:ayodhya,Ayodhya,Uttar Pradesh,India,Asia/Kolkata,1278094,Kamika Ekadashi,"AruNodaya: 9 August 2026, 03:54:00 AM | Tithi start: 8 August 2026, 01:59:00 PM | Tithi end: 9 August 2026, 11:04:00 AM | Upavaasa date: 09-Aug-26 | Parana date: On 10th Aug, Parana Time - 05:30 AM to 08:00 AM",,2026-08-09_IST.txt
2026-08-09,geoname:1278994|city:prayagraj,Prayagraj,Uttar Pradesh,India,Asia/Kolkata,1278994,Kamika Ekadashi,"AruNodaya: 9 August 2026, 03:57:00 AM | Tithi start: 8 August 2026, 01:59:00 PM | Tithi end: 9 August 2026, 11:04:00 AM | Upavaasa date: 09-Aug-26 | Parana date: On 10th Aug, Parana Time - 05:34 AM to 08:00 AM",,2026-08-09_IST.txt
2026-08-09,geoname:1279186|city:aizawl,Aizawl,Mizoram,India,Asia/Kolkata,1279186,Kamika Ekadashi,"AruNodaya: 9 August 2026, 03:16:00 AM | Tithi start: 8 August 2026, 01:59:00 PM | Tithi end: 9 August 2026, 11:04:00 AM | Upavaasa date: 09-Aug-26 | Parana date: On 10th Aug, Parana Time - 04:52 AM to 07:29 AM",,2026-08-09_IST.txt
2026-08-09,geoname:1279290|city:agartala,Agartala,Tripura,India,Asia/Kolkata,1279290,Kamika Ekadashi,"AruNodaya: 9 August 2026, 03:22:00 AM | Tithi start: 8 August 2026, 01:59:00 PM | Tithi end: 9 August 2026, 11:04:00 AM | Upavaasa date: 09-Aug-26 | Parana date: On 10th Aug, Parana Time - 04:58 AM to 07:35 AM",,2026-08-09_IST.txt
2026-08-09,geoname:1835848|city:seoul,Seoul,Seoul,South Korea,Asia/Seoul,1835848,Kamika Ekadashi,"AruNodaya: 9 August 2026, 04:06:00 AM | Tithi start: 8 August 2026, 05:29:00 PM | Tithi end: 9 August 2026, 02:34:00 PM | Upavaasa date: 09-Aug-26 | Parana date: On 10th Aug, Parana Time - 05:43 AM to 08:29 AM",,2026-08-09_KST.txt
2026-08-09,geoname:2063523|city:perth,Perth,Western Australia,Australia,Australia/Perth,2063523,Kamika Ekadashi,"AruNodaya: 9 August 2026, 05:23:00 AM | Tithi start: 8 August 2026, 04:29:00 PM | Tithi end: 9 August 2026, 01:34:00 PM | Upavaasa date: 09-Aug-26 | Parana date: On 10th Aug, Parana Time - 06:58 AM to 09:08 AM",,2026-08-09_AWST.txt
2026-08-09,geoname:2078025|city:adelaide,Adelaide,South Australia,Australia,Australia/Adelaide,2078025,Kamika Ekadashi,"AruNodaya: 9 August 2026, 05:27:00 AM | Tithi start: 8 August 2026, 05:59:00 PM | Tithi end: 9 August 2026, 03:04:00 PM | Upavaasa date: 09-Aug-26 | Parana date: On 10th Aug, Parana Time - 07:02 AM to 09:10 AM",,2026-08-09_ACST.txt
2026-08-09,geoname:2147714|city:sydney,Sydney,New South Wales,Australia,Australia/Sydney,2147714,Kamika Ekadashi,"AruNodaya: 9 August 2026, 05:05:00 AM | Tithi start: 8 August 2026, 06:29:00 PM | Tithi end: 9 August 2026, 03:34:00 PM | Upavaasa date: 09-Aug-26 | Parana date: On 10th Aug, Parana Time - 06:40 AM to 08:48 AM",,2026-08-09_AEST.txt
2026-08-09,geoname:2158177|city:melbourne,Melbourne,Victoria,Australia,Australia/Melbourne,2158177,Kamika Ekadashi,"AruNodaya: 9 August 2026, 05:36:00 AM | Tithi start: 8 August 2026, 06:29:00 PM | Tithi end: 9 August 2026, 03:34:00 PM | Upavaasa date: 09-Aug-26 | Parana date: On 10th Aug, Parana Time - 07:11 AM to 09:17 AM",,2026-08-09_AEST.txt
2026-08-09,geoname:2172517|city:canberra,Canberra,Australian Capital Territory,Australia,Australia/Sydney,2172517,Kamika Ekadashi,"AruNodaya: 9 August 2026, 05:15:00 AM | Tithi start: 8 August 2026, 06:29:00 PM | Tithi end: 9 August 2026, 03:34:00 PM | Upavaasa date: 09-Aug-26 | Parana date: On 10th Aug, Parana Time - 06:50 AM to 08:58 AM",,2026-08-09_AEST.txt
2026-08-09,geoname:2174003|city:brisbane,Brisbane,Queensland,Australia,Australia/Brisbane,2174003,Kamika Ekadashi,"AruNodaya: 9 August 2026, 04:48:00 AM | Tithi start: 8 August 2026, 06:29:00 PM | Tithi end: 9 August 2026, 03:34:00 PM | Upavaasa date: 09-Aug-26 | Parana date: On 10th Aug, Parana Time - 06:23 AM to 08:35 AM",,2026-08-09_AEST.txt
2026-08-09,geoname:2179537|city:wellington,Wellington,Wellington,New Zealand,Pacific/Auckland,2179537,Kamika Ekadashi,"AruNodaya: 9 August 2026, 05:44:00 AM | Tithi start: 8 August 2026, 08:29:00 PM | Tithi end: 9 August 2026, 05:34:00 PM | Upavaasa date: 09-Aug-26 | Parana date: On 10th Aug, Parana Time - 07:19 AM to 09:22 AM",,2026-08-09_NZST.txt
2026-08-09,geoname:2192362|city:christchurch,Christchurch,Canterbury,New Zealand,Pacific/Auckland,2192362,Kamika Ekadashi,"AruNodaya: 9 August 2026, 05:57:00 AM | Tithi start: 8 August 2026, 08:29:00 PM | Tithi end: 9 August 2026, 05:34:00 PM | Upavaasa date: 09-Aug-26 | Parana date: On 10th Aug, Parana Time - 07:32 AM to 09:33 AM",,2026-08-09_NZST.txt
2026-08-09,geoname:2193733|city:auckland,Auckland,Auckland,New Zealand,Pacific/Auckland,2193733,Kamika Ekadashi,"AruNodaya: 9 August 2026, 05:36:00 AM | Tithi start: 8 August 2026, 08:29:00 PM | Tithi end: 9 August 2026, 05:34:00 PM | Upavaasa date: 09-Aug-26 | Parana date: On 10th Aug, Parana Time - 07:10 AM to 09:17 AM",,2026-08-09_NZST.txt
2026-08-09,geoname:2657896|city:zurich,Zurich,Zurich,Switzerland,Europe/Zurich,2657896,Gauna Kamika Ekadashi,"AruNodaya: 9 August 2026, 04:38:00 AM | Tithi start: 8 August 2026, 10:29:00 AM | Tithi end: 9 August 2026, 07:34:00 AM | Upavaasa date: 09-Aug-26 | Parana date: On 10th Aug, Parana Time for Gauna Ekadashi - 06:15 AM to 09:10 AM | On Parana Day Dwadashi would be over before Sunrise",,2026-08-09_CEST.txt
2026-08-09,geoname:290030|city:doha,Doha,Baladīyat ad Dawḩah,Qatar,Asia/Qatar,290030,Kamika Ekadashi,"AruNodaya: 9 August 2026, 03:29:00 AM | Tithi start: 8 August 2026, 11:29:00 AM | Tithi end: 9 August 2026, 08:34:00 AM | Upavaasa date: 09-Aug-26 | Parana date: On 10th Aug, Parana Time - 05:05 AM to 05:30 AM",,2026-08-09_AST.txt
2026-08-09,geoname:292223|city:dubai,Dubai,Dubai,United Arab Emirates,Asia/Dubai,292223,Kamika Ekadashi,"AruNodaya: 9 August 2026, 04:14:00 AM | Tithi start: 8 August 2026, 12:29:00 PM | Tithi end: 9 August 2026, 09:34:00 AM | Upavaasa date: 09-Aug-26 | Parana date: On 10th Aug, Parana Time - 05:51 AM to 06:30 AM",,2026-08-09_GST.txt
2026-08-09,geoname:2928751|city:esslingen,Esslingen,Esslingen,Germany,Europe/Berlin,2928751,Gauna Kamika Ekadashi,"AruNodaya: 9 August 2026, 04:31:00 AM | Tithi start: 8 August 2026, 10:29:00 AM | Tithi end: 9 August 2026, 07:34:00 AM | Upavaasa date: 09-Aug-26 | Parana date: On 10th Aug, Parana Time for Gauna Ekadashi - 06:09 AM to 09:04 AM | On Parana Day Dwadashi would be over before Sunrise",,2026-08-09_CEST.txt
2026-08-09,geoname:4167147|city:orlando,Orlando,Florida,United States,America/New_York,4167147,Kamika Ekadashi Parana,"Parana for Upavaasa observed on 08-Aug-26 | Parana date: On 9th Aug, Parana Time - 06:52 AM to 09:31 AM",,2026-08-09_EDT.txt
2026-08-09,geoname:4174757|city:tampa,Tampa,Florida,United States,America/New_York,4174757,Kamika Ekadashi Parana,"Parana for Upavaasa observed on 08-Aug-26 | Parana date: On 9th Aug, Parana Time - 06:57 AM to 09:36 AM",,2026-08-09_EDT.txt
2026-08-09,geoname:4180439|city:atlanta,Atlanta,Georgia,United States,America/New_York,4180439,Kamika Ekadashi Parana,"Parana for Upavaasa observed on 08-Aug-26 | Parana date: On 9th Aug, Parana Time - 06:55 AM to 09:38 AM",,2026-08-09_EDT.txt
2026-08-09,geoname:4256038|city:columbus,Columbus,Indiana,United States,America/Indiana/Indianapolis,4256038,Kamika Ekadashi Parana,"Parana for Upavaasa observed on 08-Aug-26 | Parana date: On 9th Aug, Parana Time - 06:51 AM to 09:38 AM",,2026-08-09_EDT.txt
2026-08-09,geoname:4347778|city:baltimore,Baltimore,Maryland,United States,America/New_York,4347778,Kamika Ekadashi Parana,"Parana for Upavaasa observed on 08-Aug-26 | Parana date: On 9th Aug, Parana Time - 06:48 AM to 09:01 AM | Hari Vasara end: On Parana Day Hari Vasara End Moment - 06:48 AM",,2026-08-09_EDT.txt
2026-08-09,geoname:4460243|city:charlotte,Charlotte,North Carolina,United States,America/New_York,4460243,Kamika Ekadashi Parana,"Parana for Upavaasa observed on 08-Aug-26 | Parana date: On 9th Aug, Parana Time - 06:48 AM to 09:23 AM | Hari Vasara end: On Parana Day Hari Vasara End Moment - 06:48 AM",,2026-08-09_EDT.txt
2026-08-09,geoname:4487042|city:raleigh,Raleigh,North Carolina,United States,America/New_York,4487042,Kamika Ekadashi Parana,"Parana for Upavaasa observed on 08-Aug-26 | Parana date: On 9th Aug, Parana Time - 06:48 AM to 09:13 AM | Hari Vasara end: On Parana Day Hari Vasara End Moment - 06:48 AM",,2026-08-09_EDT.txt
2026-08-09,geoname:4508722|city:cincinnati,Cincinnati,Ohio,United States,America/New_York,4508722,Kamika Ekadashi Parana,"Parana for Upavaasa observed on 08-Aug-26 | Parana date: On 9th Aug, Parana Time - 06:48 AM to 09:33 AM | Hari Vasara end: On Parana Day Hari Vasara End Moment - 06:48 AM",,2026-08-09_EDT.txt
2026-08-09,geoname:4509177|city:columbus,Columbus,Ohio,United States,America/New_York,4509177,Kamika Ekadashi Parana,"Parana for Upavaasa observed on 08-Aug-26 | Parana date: On 9th Aug, Parana Time - 06:48 AM to 09:26 AM | Hari Vasara end: On Parana Day Hari Vasara End Moment - 06:48 AM",,2026-08-09_EDT.txt
2026-08-09,geoname:4560349|city:philadelphia,Philadelphia,Pennsylvania,United States,America/New_York,4560349,Kamika Ekadashi Parana,"Parana for Upavaasa observed on 08-Aug-26 | Parana date: On 9th Aug, Parana Time - 06:48 AM to 08:54 AM | Hari Vasara end: On Parana Day Hari Vasara End Moment - 06:48 AM",,2026-08-09_EDT.txt
2026-08-09,geoname:4634946|city:knoxville,Knoxville,Tennessee,United States,America/New_York,4634946,Kamika Ekadashi Parana,"Parana for Upavaasa observed on 08-Aug-26 | Parana date: On 9th Aug, Parana Time - 06:50 AM to 09:34 AM",,2026-08-09_EDT.txt
2026-08-09,geoname:4644585|city:nashville,Nashville,Tennessee,United States,America/Chicago,4644585,Kamika Ekadashi Parana,"Parana for Upavaasa observed on 08-Aug-26 | Parana date: On 9th Aug, Parana Time - 06:01 AM to 08:45 AM",,2026-08-09_CDT.txt
2026-08-09,geoname:4684888|city:dallas,Dallas,Texas,United States,America/Chicago,4684888,Kamika Ekadashi Parana,"Parana for Upavaasa observed on 08-Aug-26 | Parana date: On 9th Aug, Parana Time - 06:47 AM to 09:29 AM",,2026-08-09_CDT.txt
2026-08-09,geoname:4699066|city:houston,Houston,Texas,United States,America/Chicago,4699066,Kamika Ekadashi Parana,"Parana for Upavaasa observed on 08-Aug-26 | Parana date: On 9th Aug, Parana Time - 06:46 AM to 09:26 AM",,2026-08-09_CDT.txt
2026-08-09,geoname:4781708|city:richmond,Richmond,Virginia,United States,America/New_York,4781708,Kamika Ekadashi Parana,"Parana for Upavaasa observed on 08-Aug-26 | Parana date: On 9th Aug, Parana Time - 06:48 AM to 09:06 AM | Hari Vasara end: On Parana Day Hari Vasara End Moment - 06:48 AM",,2026-08-09_EDT.txt
2026-08-09,geoname:4887398|city:chicago,Chicago,Illinois,United States,America/Chicago,4887398,Kamika Ekadashi Parana,"Parana for Upavaasa observed on 08-Aug-26 | Parana date: On 9th Aug, Parana Time - 05:53 AM to 08:42 AM",,2026-08-09_CDT.txt
2026-08-09,geoname:4922462|city:lafayette,Lafayette,Indiana,United States,America/Indiana/Indianapolis,4922462,Kamika Ekadashi Parana,"Parana for Upavaasa observed on 08-Aug-26 | Parana date: On 9th Aug, Parana Time - 06:53 AM to 09:41 AM",,2026-08-09_EDT.txt
2026-08-09,geoname:5099836|city:new_jersey,New Jersey,New Jersey,United States,America/New_York,5099836,Kamika Ekadashi,Upavaasa date: 09-Aug-26. Parana should be performed after Sunrise and Pooja on 10 August 2026,,2026-08-09_EDT.txt
2026-08-09,geoname:5108728|city:belfast,Belfast,New York,United States,America/New_York,5108728,Kamika Ekadashi Parana,"Parana for Upavaasa observed on 08-Aug-26 | Parana date: On 9th Aug, Parana Time - 06:48 AM to 09:03 AM | Hari Vasara end: On Parana Day Hari Vasara End Moment - 06:48 AM",,2026-08-09_EDT.txt
2026-08-09,geoname:5110629|city:buffalo,Buffalo,New York,United States,America/New_York,5110629,Kamika Ekadashi Parana,"Parana for Upavaasa observed on 08-Aug-26 | Parana date: On 9th Aug, Parana Time - 06:48 AM to 09:05 AM | Hari Vasara end: On Parana Day Hari Vasara End Moment - 06:48 AM",,2026-08-09_EDT.txt
2026-08-09,geoname:5119251|city:greece,Greece,New York,United States,America/New_York,5119251,Kamika Ekadashi Parana,"Parana for Upavaasa observed on 08-Aug-26 | Parana date: On 9th Aug, Parana Time - 06:48 AM to 09:00 AM | Hari Vasara end: On Parana Day Hari Vasara End Moment - 06:48 AM",,2026-08-09_EDT.txt
2026-08-09,geoname:5128581|city:new_york,New York,New York,United States,America/New_York,5128581,Kamika Ekadashi,Upavaasa date: 09-Aug-26. Parana should be performed after Sunrise and Pooja on 10 August 2026,,2026-08-09_EDT.txt
2026-08-09,geoname:5131614|city:pittsford,Pittsford,New York,United States,America/New_York,5131614,Kamika Ekadashi Parana,"Parana for Upavaasa observed on 08-Aug-26 | Parana date: On 9th Aug, Parana Time - 06:48 AM to 09:00 AM | Hari Vasara end: On Parana Day Hari Vasara End Moment - 06:48 AM",,2026-08-09_EDT.txt
2026-08-09,geoname:5134086|city:rochester,Rochester,New York,United States,America/New_York,5134086,Kamika Ekadashi Parana,"Parana for Upavaasa observed on 08-Aug-26 | Parana date: On 9th Aug, Parana Time - 06:48 AM to 09:00 AM | Hari Vasara end: On Parana Day Hari Vasara End Moment - 06:48 AM",,2026-08-09_EDT.txt
2026-08-09,geoname:5139865|city:stonybrook,Stonybrook,New York,United States,America/New_York,5139865,Kamika Ekadashi,Upavaasa date: 09-Aug-26. Parana should be performed after Sunrise and Pooja on 10 August 2026,,2026-08-09_EDT.txt
2026-08-09,geoname:5140405|city:syracuse,Syracuse,New York,United States,America/New_York,5140405,Kamika Ekadashi,Upavaasa date: 09-Aug-26. Parana should be performed after Sunrise and Pooja on 10 August 2026,,2026-08-09_EDT.txt
2026-08-09,geoname:5150529|city:cleveland,Cleveland,Ohio,United States,America/New_York,5150529,Kamika Ekadashi Parana,"Parana for Upavaasa observed on 08-Aug-26 | Parana date: On 9th Aug, Parana Time - 06:48 AM to 09:19 AM | Hari Vasara end: On Parana Day Hari Vasara End Moment - 06:48 AM",,2026-08-09_EDT.txt
2026-08-09,geoname:5308655|city:phoenix,Phoenix,Arizona,United States,America/Phoenix,5308655,Kamika Ekadashi Parana,"Parana for Upavaasa observed on 08-Aug-26 | Parana date: On 9th Aug, Parana Time - 05:47 AM to 08:29 AM",,2026-08-09_MST.txt
2026-08-09,geoname:5368361|city:los_angeles,Los Angeles,California,United States,America/Los_Angeles,5368361,Kamika Ekadashi Parana,"Parana for Upavaasa observed on 08-Aug-26 | Parana date: On 9th Aug, Parana Time - 06:10 AM to 08:54 AM",,2026-08-09_PDT.txt
2026-08-09,geoname:5383527|city:placentia,Placentia,California,United States,America/Los_Angeles,5383527,Kamika Ekadashi Parana,"Parana for Upavaasa observed on 08-Aug-26 | Parana date: On 9th Aug, Parana Time - 06:09 AM to 08:52 AM",,2026-08-09_PDT.txt
2026-08-09,geoname:5391959|city:san_francisco,San Francisco,California,United States,America/Los_Angeles,5391959,Kamika Ekadashi Parana,"Parana for Upavaasa observed on 08-Aug-26 | Parana date: On 9th Aug, Parana Time - 06:20 AM to 09:06 AM",,2026-08-09_PDT.txt
2026-08-09,geoname:5809844|city:seattle,Seattle,Washington,United States,America/Los_Angeles,5809844,Kamika Ekadashi Parana,"Parana for Upavaasa observed on 08-Aug-26 | Parana date: On 9th Aug, Parana Time - 05:58 AM to 08:52 AM",,2026-08-09_PDT.txt
2026-08-09,geoname:6173331|city:vancouver,Vancouver,British Columbia,Canada,America/Los_Angeles,6173331,Kamika Ekadashi Parana,"Parana for Upavaasa observed on 08-Aug-26 | Parana date: On 9th Aug, Parana Time - 05:56 AM to 08:53 AM",,2026-08-09_PDT.txt
2026-08-10,geoname:1253102|city:visakhapatnam,Visakhapatnam,Andra Pradesh,India,Asia/Kolkata,1253102,Kamika Ekadashi Parana,"Parana for Upavaasa observed on 09-Aug-26 | Parana date: On 10th Aug, Parana Time - 05:39 AM to 08:00 AM",,2026-08-10_IST.txt
2026-08-10,geoname:1253405|city:varanasi,Varanasi,Uttar Pradesh,India,Asia/Kolkata,1253405,Kamika Ekadashi Parana,"Parana for Upavaasa observed on 09-Aug-26 | Parana date: On 10th Aug, Parana Time - 05:29 AM to 08:00 AM",,2026-08-10_IST.txt
2026-08-10,geoname:1253573|city:vadodara,Vadodara,Gujarat,India,Asia/Kolkata,1253573,Kamika Ekadashi Parana,"Parana for Upavaasa observed on 09-Aug-26 | Parana date: On 10th Aug, Parana Time - 06:13 AM to 08:00 AM",,2026-08-10_IST.txt
2026-08-10,geoname:1253952|city:udupi,Udupi,Karnataka,India,Asia/Kolkata,1253952,Kamika Ekadashi Parana,"Parana for Upavaasa observed on 09-Aug-26 | Parana date: On 10th Aug, Parana Time - 06:18 AM to 08:00 AM",,2026-08-10_IST.txt
2026-08-10,geoname:1254163|city:thiruvananthapuram,Thiruvananthapuram,Kerala,India,Asia/Kolkata,1254163,Kamika Ekadashi Parana,"Parana for Upavaasa observed on 09-Aug-26 | Parana date: On 10th Aug, Parana Time - 06:15 AM to 08:00 AM",,2026-08-10_IST.txt
2026-08-10,geoname:1254360|city:tirupati,Tirupati,Andhra Pradesh,India,Asia/Kolkata,1254360,Kamika Ekadashi Parana,"Parana for Upavaasa observed on 09-Aug-26 | Parana date: On 10th Aug, Parana Time - 05:59 AM to 08:00 AM",,2026-08-10_IST.txt
2026-08-10,geoname:1254388|city:srirangam,Srirangam,Tamil Nadu,India,Asia/Kolkata,1254388,Kamika Ekadashi Parana,"Parana for Upavaasa observed on 09-Aug-26 | Parana date: On 10th Aug, Parana Time - 06:05 AM to 08:00 AM",,2026-08-10_IST.txt
2026-08-10,geoname:1255364|city:surat,Surat,Gujarat,India,Asia/Kolkata,1255364,Kamika Ekadashi Parana,"Parana for Upavaasa observed on 09-Aug-26 | Parana date: On 10th Aug, Parana Time - 06:15 AM to 08:00 AM",,2026-08-10_IST.txt
2026-08-10,geoname:1255634|city:srinagar,Srinagar,Jammu and Kashmir,India,Asia/Kolkata,1255634,Kamika Ekadashi Parana,"Parana for Upavaasa observed on 09-Aug-26 | Parana date: On 10th Aug, Parana Time - 05:48 AM to 08:00 AM",,2026-08-10_IST.txt
2026-08-10,geoname:1256287|city:silchar,Silchar,Assam,India,Asia/Kolkata,1256287,Kamika Ekadashi Parana,"Parana for Upavaasa observed on 09-Aug-26 | Parana date: On 10th Aug, Parana Time - 04:51 AM to 07:28 AM",,2026-08-10_IST.txt
2026-08-10,geoname:1256525|city:shiliguri,Shiliguri,West Bengal,India,Asia/Kolkata,1256525,Kamika Ekadashi Parana,"Parana for Upavaasa observed on 09-Aug-26 | Parana date: On 10th Aug, Parana Time - 05:05 AM to 07:44 AM",,2026-08-10_IST.txt
2026-08-10,geoname:1259229|city:pune,Pune,Maharashtra,India,Asia/Kolkata,1259229,Kamika Ekadashi Parana,"Parana for Upavaasa observed on 09-Aug-26 | Parana date: On 10th Aug, Parana Time - 06:15 AM to 08:00 AM",,2026-08-10_IST.txt
2026-08-10,geoname:1260546|city:pandharpur,Pandharpur,Maharashtra,India,Asia/Kolkata,1260546,Kamika Ekadashi Parana,"Parana for Upavaasa observed on 09-Aug-26 | Parana date: On 10th Aug, Parana Time - 06:10 AM to 08:00 AM",,2026-08-10_IST.txt
2026-08-10,geoname:1262180|city:nagpur,Nagpur,Maharashtra,India,Asia/Kolkata,1262180,Kamika Ekadashi Parana,"Parana for Upavaasa observed on 09-Aug-26 | Parana date: On 10th Aug, Parana Time - 05:51 AM to 08:00 AM",,2026-08-10_IST.txt
2026-08-10,geoname:1262321|city:mysuru,Mysuru,Karnataka,India,Asia/Kolkata,1262321,Kamika Ekadashi Parana,"Parana for Upavaasa observed on 09-Aug-26 | Parana date: On 10th Aug, Parana Time - 06:11 AM to 08:00 AM",,2026-08-10_IST.txt
2026-08-10,geoname:1262321|city:t_narasipura,T Narasipura,Karnataka,India,Asia/Kolkata,1262321,Kamika Ekadashi Parana,"Parana for Upavaasa observed on 09-Aug-26 | Parana date: On 10th Aug, Parana Time - 06:11 AM to 08:00 AM",,2026-08-10_IST.txt
2026-08-10,geoname:1263780|city:mangalore,Mangalore,Karnataka,India,Asia/Kolkata,1263780,Kamika Ekadashi Parana,"Parana for Upavaasa observed on 09-Aug-26 | Parana date: On 10th Aug, Parana Time - 06:18 AM to 08:00 AM",,2026-08-10_IST.txt
2026-08-10,geoname:1264521|city:madurai,Madurai,Tamil Nadu,India,Asia/Kolkata,1264521,Kamika Ekadashi Parana,"Parana for Upavaasa observed on 09-Aug-26 | Parana date: On 10th Aug, Parana Time - 06:08 AM to 08:00 AM",,2026-08-10_IST.txt
2026-08-10,geoname:1264527|city:chennai,Chennai,Tamil Nadu,India,Asia/Kolkata,1264527,Kamika Ekadashi Parana,"Parana for Upavaasa observed on 09-Aug-26 | Parana date: On 10th Aug, Parana Time - 05:56 AM to 08:00 AM",,2026-08-10_IST.txt
2026-08-10,geoname:1264733|city:lucknow,Lucknow,Uttar Pradesh,India,Asia/Kolkata,1264733,Kamika Ekadashi Parana,"Parana for Upavaasa observed on 09-Aug-26 | Parana date: On 10th Aug, Parana Time - 05:35 AM to 08:00 AM",,2026-08-10_IST.txt
2026-08-10,geoname:1265683|city:kumbakonam,Kumbakonam,Tamil Nadu,India,Asia/Kolkata,1265683,Kamika Ekadashi Parana,"Parana for Upavaasa observed on 09-Aug-26 | Parana date: On 10th Aug, Parana Time - 06:02 AM to 08:00 AM",,2026-08-10_IST.txt
2026-08-10,geoname:1266285|city:kolhapur,Kolhapur,Maharashtra,India,Asia/Kolkata,1266285,Kamika Ekadashi Parana,"Parana for Upavaasa observed on 09-Aug-26 | Parana date: On 10th Aug, Parana Time - 06:16 AM to 08:00 AM",,2026-08-10_IST.txt
2026-08-10,geoname:1268159|city:kanchipuram,Kanchipuram,Tamil Nadu,India,Asia/Kolkata,1268159,Kamika Ekadashi Parana,"Parana for Upavaasa observed on 09-Aug-26 | Parana date: On 10th Aug, Parana Time - 05:58 AM to 08:00 AM",,2026-08-10_IST.txt
2026-08-10,geoname:1269655|city:itanagar,Itanagar,Arunachal Pradesh,India,Asia/Kolkata,1269655,Kamika Ekadashi Parana,"Parana for Upavaasa observed on 09-Aug-26 | Parana date: On 10th Aug, Parana Time - 04:44 AM to 07:23 AM",,2026-08-10_IST.txt
2026-08-10,geoname:1269771|city:imphal,Imphal,Manipur,India,Asia/Kolkata,1269771,Kamika Ekadashi Parana,"Parana for Upavaasa observed on 09-Aug-26 | Parana date: On 10th Aug, Parana Time - 04:46 AM to 07:23 AM",,2026-08-10_IST.txt
2026-08-10,geoname:1269843|city:hyderabad,Hyderabad,Telangana,India,Asia/Kolkata,1269843,Kamika Ekadashi Parana,"Parana for Upavaasa observed on 09-Aug-26 | Parana date: On 10th Aug, Parana Time - 05:58 AM to 08:00 AM",,2026-08-10_IST.txt
2026-08-10,geoname:1270603|city:guruvayur,Guruvayur,Kerala,India,Asia/Kolkata,1270603,Kamika Ekadashi Parana,"Parana for Upavaasa observed on 09-Aug-26 | Parana date: On 10th Aug, Parana Time - 06:16 AM to 08:00 AM",,2026-08-10_IST.txt
2026-08-10,geoname:1271476|city:guwahati,Guwahati,Assam,India,Asia/Kolkata,1271476,Kamika Ekadashi Parana,"Parana for Upavaasa observed on 09-Aug-26 | Parana date: On 10th Aug, Parana Time - 04:53 AM to 07:31 AM",,2026-08-10_IST.txt
2026-08-10,geoname:1271631|city:gangtok,Gangtok,Sikkim,India,Asia/Kolkata,1271631,Kamika Ekadashi Parana,"Parana for Upavaasa observed on 09-Aug-26 | Parana date: On 10th Aug, Parana Time - 05:04 AM to 07:43 AM",,2026-08-10_IST.txt
2026-08-10,geoname:1272552|city:dimapur,Dimapur,Nagaland,India,Asia/Kolkata,1272552,Kamika Ekadashi Parana,"Parana for Upavaasa observed on 09-Aug-26 | Parana date: On 10th Aug, Parana Time - 04:45 AM to 07:23 AM",,2026-08-10_IST.txt
2026-08-10,geoname:1272648|city:dibrugarh,Dibrugarh,Assam,India,Asia/Kolkata,1272648,Kamika Ekadashi Parana,"Parana for Upavaasa observed on 09-Aug-26 | Parana date: On 10th Aug, Parana Time - 04:38 AM to 07:17 AM",,2026-08-10_IST.txt
2026-08-10,geoname:1274256|city:chidambaram,Chidambaram,Tamil Nadu,India,Asia/Kolkata,1274256,Kamika Ekadashi Parana,"Parana for Upavaasa observed on 09-Aug-26 | Parana date: On 10th Aug, Parana Time - 06:00 AM to 08:00 AM",,2026-08-10_IST.txt
2026-08-10,geoname:1275004|city:kolkata,Kolkata,West Bengal,India,Asia/Kolkata,1275004,Kamika Ekadashi Parana,"Parana for Upavaasa observed on 09-Aug-26 | Parana date: On 10th Aug, Parana Time - 05:12 AM to 07:48 AM",,2026-08-10_IST.txt
2026-08-10,geoname:1275339|city:mumbai,Mumbai,Maharashtra,India,Asia/Kolkata,1275339,Kamika Ekadashi Parana,"Parana for Upavaasa observed on 09-Aug-26 | Parana date: On 10th Aug, Parana Time - 06:18 AM to 08:00 AM",,2026-08-10_IST.txt
2026-08-10,geoname:1275817|city:bhubaneswar,Bhubaneswar,Odisha,India,Asia/Kolkata,1275817,Kamika Ekadashi Parana,"Parana for Upavaasa observed on 09-Aug-26 | Parana date: On 10th Aug, Parana Time - 05:25 AM to 08:00 AM",,2026-08-10_IST.txt
2026-08-10,geoname:1275841|city:bhopal,Bhopal,Madhya Pradesh,India,Asia/Kolkata,1275841,Kamika Ekadashi Parana,"Parana for Upavaasa observed on 09-Aug-26 | Parana date: On 10th Aug, Parana Time - 05:54 AM to 08:00 AM",,2026-08-10_IST.txt
2026-08-10,geoname:1277333|city:bengaluru,Bengaluru,Karnataka,India,Asia/Kolkata,1277333,Kamika Ekadashi Parana,"Parana for Upavaasa observed on 09-Aug-26 | Parana date: On 10th Aug, Parana Time - 06:07 AM to 08:00 AM",,2026-08-10_IST.txt
2026-08-10,geoname:1278094|city:ayodhya,Ayodhya,Uttar Pradesh,India,Asia/Kolkata,1278094,Kamika Ekadashi Parana,"Parana for Upavaasa observed on 09-Aug-26 | Parana date: On 10th Aug, Parana Time - 05:30 AM to 08:00 AM",,2026-08-10_IST.txt
2026-08-10,geoname:1278994|city:prayagraj,Prayagraj,Uttar Pradesh,India,Asia/Kolkata,1278994,Kamika Ekadashi Parana,"Parana for Upavaasa observed on 09-Aug-26 | Parana date: On 10th Aug, Parana Time - 05:34 AM to 08:00 AM",,2026-08-10_IST.txt
2026-08-10,geoname:1279186|city:aizawl,Aizawl,Mizoram,India,Asia/Kolkata,1279186,Kamika Ekadashi Parana,"Parana for Upavaasa observed on 09-Aug-26 | Parana date: On 10th Aug, Parana Time - 04:52 AM to 07:29 AM",,2026-08-10_IST.txt
2026-08-10,geoname:1279290|city:agartala,Agartala,Tripura,India,Asia/Kolkata,1279290,Kamika Ekadashi Parana,"Parana for Upavaasa observed on 09-Aug-26 | Parana date: On 10th Aug, Parana Time - 04:58 AM to 07:35 AM",,2026-08-10_IST.txt
2026-08-10,geoname:1835848|city:seoul,Seoul,Seoul,South Korea,Asia/Seoul,1835848,Kamika Ekadashi Parana,"Parana for Upavaasa observed on 09-Aug-26 | Parana date: On 10th Aug, Parana Time - 05:43 AM to 08:29 AM",,2026-08-10_KST.txt
2026-08-10,geoname:2063523|city:perth,Perth,Western Australia,Australia,Australia/Perth,2063523,Kamika Ekadashi Parana,"Parana for Upavaasa observed on 09-Aug-26 | Parana date: On 10th Aug, Parana Time - 06:58 AM to 09:08 AM",,2026-08-10_AWST.txt
2026-08-10,geoname:2078025|city:adelaide,Adelaide,South Australia,Australia,Australia/Adelaide,2078025,Kamika Ekadashi Parana,"Parana for Upavaasa observed on 09-Aug-26 | Parana date: On 10th Aug, Parana Time - 07:02 AM to 09:10 AM",,2026-08-10_ACST.txt
2026-08-10,geoname:2147714|city:sydney,Sydney,New South Wales,Australia,Australia/Sydney,2147714,Kamika Ekadashi Parana,"Parana for Upavaasa observed on 09-Aug-26 | Parana date: On 10th Aug, Parana Time - 06:40 AM to 08:48 AM",,2026-08-10_AEST.txt
2026-08-10,geoname:2158177|city:melbourne,Melbourne,Victoria,Australia,Australia/Melbourne,2158177,Kamika Ekadashi Parana,"Parana for Upavaasa observed on 09-Aug-26 | Parana date: On 10th Aug, Parana Time - 07:11 AM to 09:17 AM",,2026-08-10_AEST.txt
2026-08-10,geoname:2172517|city:canberra,Canberra,Australian Capital Territory,Australia,Australia/Sydney,2172517,Kamika Ekadashi Parana,"Parana for Upavaasa observed on 09-Aug-26 | Parana date: On 10th Aug, Parana Time - 06:50 AM to 08:58 AM",,2026-08-10_AEST.txt
2026-08-10,geoname:2174003|city:brisbane,Brisbane,Queensland,Australia,Australia/Brisbane,2174003,Kamika Ekadashi Parana,"Parana for Upavaasa observed on 09-Aug-26 | Parana date: On 10th Aug, Parana Time - 06:23 AM to 08:35 AM",,2026-08-10_AEST.txt
2026-08-10,geoname:2179537|city:wellington,Wellington,Wellington,New Zealand,Pacific/Auckland,2179537,Kamika Ekadashi Parana,"Parana for Upavaasa observed on 09-Aug-26 | Parana date: On 10th Aug, Parana Time - 07:19 AM to 09:22 AM",,2026-08-10_NZST.txt
2026-08-10,geoname:2192362|city:christchurch,Christchurch,Canterbury,New Zealand,Pacific/Auckland,2192362,Kamika Ekadashi Parana,"Parana for Upavaasa observed on 09-Aug-26 | Parana date: On 10th Aug, Parana Time - 07:32 AM to 09:33 AM",,2026-08-10_NZST.txt
2026-08-10,geoname:2193733|city:auckland,Auckland,Auckland,New Zealand,Pacific/Auckland,2193733,Kamika Ekadashi Parana,"Parana for Upavaasa observed on 09-Aug-26 | Parana date: On 10th Aug, Parana Time - 07:10 AM to 09:17 AM",,2026-08-10_NZST.txt
2026-08-10,geoname:2657896|city:zurich,Zurich,Zurich,Switzerland,Europe/Zurich,2657896,Gauna Kamika Ekadashi Parana,"Parana for Upavaasa observed on 09-Aug-26 | Parana date: On 10th Aug, Parana Time for Gauna Ekadashi - 06:15 AM to 09:10 AM | On Parana Day Dwadashi would be over before Sunrise",Parana details are shown because Ekadashi Upavaasa was observed on the previous Dwadashi date.,2026-08-10_CEST.txt
2026-08-10,geoname:290030|city:doha,Doha,Baladīyat ad Dawḩah,Qatar,Asia/Qatar,290030,Kamika Ekadashi Parana,"Parana for Upavaasa observed on 09-Aug-26 | Parana date: On 10th Aug, Parana Time - 05:05 AM to 05:30 AM",,2026-08-10_AST.txt
2026-08-10,geoname:292223|city:dubai,Dubai,Dubai,United Arab Emirates,Asia/Dubai,292223,Kamika Ekadashi Parana,"Parana for Upavaasa observed on 09-Aug-26 | Parana date: On 10th Aug, Parana Time - 05:51 AM to 06:30 AM",,2026-08-10_GST.txt
2026-08-10,geoname:2928751|city:esslingen,Esslingen,Esslingen,Germany,Europe/Berlin,2928751,Gauna Kamika Ekadashi Parana,"Parana for Upavaasa observed on 09-Aug-26 | Parana date: On 10th Aug, Parana Time for Gauna Ekadashi - 06:09 AM to 09:04 AM | On Parana Day Dwadashi would be over before Sunrise",Parana details are shown because Ekadashi Upavaasa was observed on the previous Dwadashi date.,2026-08-10_CEST.txt
2026-08-10,geoname:5099836|city:new_jersey,New Jersey,New Jersey,United States,America/New_York,5099836,Kamika Ekadashi Parana,Parana should be performed after Sunrise and Pooja,,2026-08-10_EDT.txt
2026-08-10,geoname:5128581|city:new_york,New York,New York,United States,America/New_York,5128581,Kamika Ekadashi Parana,Parana should be performed after Sunrise and Pooja,,2026-08-10_EDT.txt
2026-08-10,geoname:5139865|city:stonybrook,Stonybrook,New York,United States,America/New_York,5139865,Kamika Ekadashi Parana,Parana should be performed after Sunrise and Pooja,,2026-08-10_EDT.txt
2026-08-10,geoname:5140405|city:syracuse,Syracuse,New York,United States,America/New_York,5140405,Kamika Ekadashi Parana,Parana should be performed after Sunrise and Pooja,,2026-08-10_EDT.txt
2026-08-12,geoname:1253102|city:visakhapatnam,Visakhapatnam,Andra Pradesh,India,Asia/Kolkata,1253102,Surya Grahan *Purna,Surya Grahan *Purna: Sutak Begins - Not Applicable | Sutak Ends - Not Applicable,,2026-08-12_IST.txt
2026-08-12,geoname:1253405|city:varanasi,Varanasi,Uttar Pradesh,India,Asia/Kolkata,1253405,Surya Grahan *Purna,Surya Grahan *Purna: Sutak Begins - Not Applicable | Sutak Ends - Not Applicable,,2026-08-12_IST.txt
2026-08-12,geoname:1253573|city:vadodara,Vadodara,Gujarat,India,Asia/Kolkata,1253573,Surya Grahan *Purna,Surya Grahan *Purna: Sutak Begins - Not Applicable | Sutak Ends - Not Applicable,,2026-08-12_IST.txt
2026-08-12,geoname:1253952|city:udupi,Udupi,Karnataka,India,Asia/Kolkata,1253952,Surya Grahan *Purna,Surya Grahan *Purna: Sutak Begins - Not Applicable | Sutak Ends - Not Applicable,,2026-08-12_IST.txt
2026-08-12,geoname:1254163|city:thiruvananthapuram,Thiruvananthapuram,Kerala,India,Asia/Kolkata,1254163,Surya Grahan *Purna,Surya Grahan *Purna: Sutak Begins - Not Applicable | Sutak Ends - Not Applicable,,2026-08-12_IST.txt
2026-08-12,geoname:1254360|city:tirupati,Tirupati,Andhra Pradesh,India,Asia/Kolkata,1254360,Surya Grahan *Purna,Surya Grahan *Purna: Sutak Begins - Not Applicable | Sutak Ends - Not Applicable,,2026-08-12_IST.txt
2026-08-12,geoname:1254388|city:srirangam,Srirangam,Tamil Nadu,India,Asia/Kolkata,1254388,Surya Grahan *Purna,Surya Grahan *Purna: Sutak Begins - Not Applicable | Sutak Ends - Not Applicable,,2026-08-12_IST.txt
2026-08-12,geoname:1255364|city:surat,Surat,Gujarat,India,Asia/Kolkata,1255364,Surya Grahan *Purna,Surya Grahan *Purna: Sutak Begins - Not Applicable | Sutak Ends - Not Applicable,,2026-08-12_IST.txt
2026-08-12,geoname:1255634|city:srinagar,Srinagar,Jammu and Kashmir,India,Asia/Kolkata,1255634,Surya Grahan *Purna,Surya Grahan *Purna: Sutak Begins - Not Applicable | Sutak Ends - Not Applicable,,2026-08-12_IST.txt
2026-08-12,geoname:1256287|city:silchar,Silchar,Assam,India,Asia/Kolkata,1256287,Surya Grahan *Purna,Surya Grahan *Purna: Sutak Begins - Not Applicable | Sutak Ends - Not Applicable,,2026-08-12_IST.txt
2026-08-12,geoname:1256525|city:shiliguri,Shiliguri,West Bengal,India,Asia/Kolkata,1256525,Surya Grahan *Purna,Surya Grahan *Purna: Sutak Begins - Not Applicable | Sutak Ends - Not Applicable,,2026-08-12_IST.txt
2026-08-12,geoname:1259229|city:pune,Pune,Maharashtra,India,Asia/Kolkata,1259229,Surya Grahan *Purna,Surya Grahan *Purna: Sutak Begins - Not Applicable | Sutak Ends - Not Applicable,,2026-08-12_IST.txt
2026-08-12,geoname:1260546|city:pandharpur,Pandharpur,Maharashtra,India,Asia/Kolkata,1260546,Surya Grahan *Purna,Surya Grahan *Purna: Sutak Begins - Not Applicable | Sutak Ends - Not Applicable,,2026-08-12_IST.txt
2026-08-12,geoname:1262180|city:nagpur,Nagpur,Maharashtra,India,Asia/Kolkata,1262180,Surya Grahan *Purna,Surya Grahan *Purna: Sutak Begins - Not Applicable | Sutak Ends - Not Applicable,,2026-08-12_IST.txt
2026-08-12,geoname:1262321|city:mysuru,Mysuru,Karnataka,India,Asia/Kolkata,1262321,Surya Grahan *Purna,Surya Grahan *Purna: Sutak Begins - Not Applicable | Sutak Ends - Not Applicable,,2026-08-12_IST.txt
2026-08-12,geoname:1262321|city:t_narasipura,T Narasipura,Karnataka,India,Asia/Kolkata,1262321,Surya Grahan *Purna,Surya Grahan *Purna: Sutak Begins - Not Applicable | Sutak Ends - Not Applicable,,2026-08-12_IST.txt
2026-08-12,geoname:1263780|city:mangalore,Mangalore,Karnataka,India,Asia/Kolkata,1263780,Surya Grahan *Purna,Surya Grahan *Purna: Sutak Begins - Not Applicable | Sutak Ends - Not Applicable,,2026-08-12_IST.txt
2026-08-12,geoname:1264521|city:madurai,Madurai,Tamil Nadu,India,Asia/Kolkata,1264521,Surya Grahan *Purna,Surya Grahan *Purna: Sutak Begins - Not Applicable | Sutak Ends - Not Applicable,,2026-08-12_IST.txt
2026-08-12,geoname:1264527|city:chennai,Chennai,Tamil Nadu,India,Asia/Kolkata,1264527,Surya Grahan *Purna,Surya Grahan *Purna: Sutak Begins - Not Applicable | Sutak Ends - Not Applicable,,2026-08-12_IST.txt
2026-08-12,geoname:1264733|city:lucknow,Lucknow,Uttar Pradesh,India,Asia/Kolkata,1264733,Surya Grahan *Purna,Surya Grahan *Purna: Sutak Begins - Not Applicable | Sutak Ends - Not Applicable,,2026-08-12_IST.txt
2026-08-12,geoname:1265683|city:kumbakonam,Kumbakonam,Tamil Nadu,India,Asia/Kolkata,1265683,Surya Grahan *Purna,Surya Grahan *Purna: Sutak Begins - Not Applicable | Sutak Ends - Not Applicable,,2026-08-12_IST.txt
2026-08-12,geoname:1266285|city:kolhapur,Kolhapur,Maharashtra,India,Asia/Kolkata,1266285,Surya Grahan *Purna,Surya Grahan *Purna: Sutak Begins - Not Applicable | Sutak Ends - Not Applicable,,2026-08-12_IST.txt
2026-08-12,geoname:1268159|city:kanchipuram,Kanchipuram,Tamil Nadu,India,Asia/Kolkata,1268159,Surya Grahan *Purna,Surya Grahan *Purna: Sutak Begins - Not Applicable | Sutak Ends - Not Applicable,,2026-08-12_IST.txt
2026-08-12,geoname:1269843|city:hyderabad,Hyderabad,Telangana,India,Asia/Kolkata,1269843,Surya Grahan *Purna,Surya Grahan *Purna: Sutak Begins - Not Applicable | Sutak Ends - Not Applicable,,2026-08-12_IST.txt
2026-08-12,geoname:1269920|city:hubli,Hubli,Karnataka,India,Asia/Kolkata,1269920,Surya Grahan *Purna,Surya Grahan *Purna: Sutak Begins - Not Applicable | Sutak Ends - Not Applicable,,2026-08-12_IST.txt
2026-08-12,geoname:1270603|city:guruvayur,Guruvayur,Kerala,India,Asia/Kolkata,1270603,Surya Grahan *Purna,Surya Grahan *Purna: Sutak Begins - Not Applicable | Sutak Ends - Not Applicable,,2026-08-12_IST.txt
2026-08-12,geoname:1271476|city:guwahati,Guwahati,Assam,India,Asia/Kolkata,1271476,Surya Grahan *Purna,Surya Grahan *Purna: Sutak Begins - Not Applicable | Sutak Ends - Not Applicable,,2026-08-12_IST.txt
2026-08-12,geoname:1271631|city:gangtok,Gangtok,Sikkim,India,Asia/Kolkata,1271631,Surya Grahan *Purna,Surya Grahan *Purna: Sutak Begins - Not Applicable | Sutak Ends - Not Applicable,,2026-08-12_IST.txt
2026-08-12,geoname:1274256|city:chidambaram,Chidambaram,Tamil Nadu,India,Asia/Kolkata,1274256,Surya Grahan *Purna,Surya Grahan *Purna: Sutak Begins - Not Applicable | Sutak Ends - Not Applicable,,2026-08-12_IST.txt
2026-08-12,geoname:1275004|city:kolkata,Kolkata,West Bengal,India,Asia/Kolkata,1275004,Surya Grahan *Purna,Surya Grahan *Purna: Sutak Begins - Not Applicable | Sutak Ends - Not Applicable,,2026-08-12_IST.txt
2026-08-12,geoname:1275339|city:mumbai,Mumbai,Maharashtra,India,Asia/Kolkata,1275339,Surya Grahan *Purna,Surya Grahan *Purna: Sutak Begins - Not Applicable | Sutak Ends - Not Applicable,,2026-08-12_IST.txt
2026-08-12,geoname:1275817|city:bhubaneswar,Bhubaneswar,Odisha,India,Asia/Kolkata,1275817,Surya Grahan *Purna,Surya Grahan *Purna: Sutak Begins - Not Applicable | Sutak Ends - Not Applicable,,2026-08-12_IST.txt
2026-08-12,geoname:1275841|city:bhopal,Bhopal,Madhya Pradesh,India,Asia/Kolkata,1275841,Surya Grahan *Purna,Surya Grahan *Purna: Sutak Begins - Not Applicable | Sutak Ends - Not Applicable,,2026-08-12_IST.txt
2026-08-12,geoname:1276533|city:belgaum,Belgaum,Karnataka,India,Asia/Kolkata,1276533,Surya Grahan *Purna,Surya Grahan *Purna: Sutak Begins - Not Applicable | Sutak Ends - Not Applicable,,2026-08-12_IST.txt
2026-08-12,geoname:1277333|city:bengaluru,Bengaluru,Karnataka,India,Asia/Kolkata,1277333,Surya Grahan *Purna,Surya Grahan *Purna: Sutak Begins - Not Applicable | Sutak Ends - Not Applicable,,2026-08-12_IST.txt
2026-08-12,geoname:1278094|city:ayodhya,Ayodhya,Uttar Pradesh,India,Asia/Kolkata,1278094,Surya Grahan *Purna,Surya Grahan *Purna: Sutak Begins - Not Applicable | Sutak Ends - Not Applicable,,2026-08-12_IST.txt
2026-08-12,geoname:1278994|city:prayagraj,Prayagraj,Uttar Pradesh,India,Asia/Kolkata,1278994,Surya Grahan *Purna,Surya Grahan *Purna: Sutak Begins - Not Applicable | Sutak Ends - Not Applicable,,2026-08-12_IST.txt
2026-08-12,geoname:1279186|city:aizawl,Aizawl,Mizoram,India,Asia/Kolkata,1279186,Surya Grahan *Purna,Surya Grahan *Purna: Sutak Begins - Not Applicable | Sutak Ends - Not Applicable,,2026-08-12_IST.txt
2026-08-12,geoname:1279290|city:agartala,Agartala,Tripura,India,Asia/Kolkata,1279290,Surya Grahan *Purna,Surya Grahan *Purna: Sutak Begins - Not Applicable | Sutak Ends - Not Applicable,,2026-08-12_IST.txt
2026-08-12,geoname:2643743|city:london,London,London,United Kingdom,Europe/London,2643743,Surya Grahan *Purna,Surya Grahan *Purna: Sutak Begins - 03:24 AM | Sutak Ends - 08:06 PM | Eclipse Start - 06:17 PM | Maximum Eclipse - 07:13 PM | Eclipse End - 08:06 PM,,2026-08-12_BST.txt
2026-08-12,geoname:2657896|city:zurich,Zurich,Zurich,Switzerland,Europe/Zurich,2657896,Surya Grahan *Purna,Surya Grahan *Purna: Sutak Begins - 03:55 AM | Sutak Ends - 08:43 PM | Eclipse Start - 07:24 PM | Maximum Eclipse - 08:17 PM,,2026-08-12_CEST.txt
2026-08-12,geoname:290030|city:doha,Doha,Baladīyat ad Dawḩah,Qatar,Asia/Qatar,290030,Surya Grahan *Purna,Surya Grahan *Purna: Sutak Begins - Not Applicable | Sutak Ends - Not Applicable,,2026-08-12_AST.txt
2026-08-12,geoname:292223|city:dubai,Dubai,Dubai,United Arab Emirates,Asia/Dubai,292223,Surya Grahan *Purna,Surya Grahan *Purna: Sutak Begins - Not Applicable | Sutak Ends - Not Applicable,,2026-08-12_GST.txt
2026-08-12,geoname:2928751|city:esslingen,Esslingen,Esslingen,Germany,Europe/Berlin,2928751,Surya Grahan *Purna,Surya Grahan *Purna: Sutak Begins - 03:50 AM | Sutak Ends - 08:43 PM | Eclipse Start - 07:22 PM | Maximum Eclipse - 08:15 PM,,2026-08-12_CEST.txt
2026-08-12,geoname:4167147|city:orlando,Orlando,Florida,United States,America/New_York,4167147,Surya Grahan *Purna,Surya Grahan *Purna: Sutak Begins - Not Applicable | Sutak Ends - Not Applicable,,2026-08-12_EDT.txt
2026-08-12,geoname:4174757|city:tampa,Tampa,Florida,United States,America/New_York,4174757,Surya Grahan *Purna,Surya Grahan *Purna: Sutak Begins - Not Applicable | Sutak Ends - Not Applicable,,2026-08-12_EDT.txt
2026-08-12,geoname:4180439|city:atlanta,Atlanta,Georgia,United States,America/New_York,4180439,Surya Grahan *Purna,Surya Grahan *Purna: Sutak Begins - Not Applicable | Sutak Ends - Not Applicable,,2026-08-12_EDT.txt
2026-08-12,geoname:4256038|city:columbus,Columbus,Indiana,United States,America/Indiana/Indianapolis,4256038,Surya Grahan *Purna,Surya Grahan *Purna: Sutak Begins - Not Applicable | Sutak Ends - Not Applicable,,2026-08-12_EDT.txt
2026-08-12,geoname:4347778|city:baltimore,Baltimore,Maryland,United States,America/New_York,4347778,Surya Grahan *Purna,Surya Grahan *Purna: Sutak Begins - 01:12 AM | Sutak Ends - 02:28 PM | Eclipse Start - 01:15 PM | Maximum Eclipse - 01:52 PM | Eclipse End - 02:28 PM,,2026-08-12_EDT.txt
2026-08-12,geoname:4460243|city:charlotte,Charlotte,North Carolina,United States,America/New_York,4460243,Surya Grahan *Purna,Surya Grahan *Purna: Sutak Begins - Not Applicable | Sutak Ends - Not Applicable,,2026-08-12_EDT.txt
2026-08-12,geoname:4487042|city:raleigh,Raleigh,North Carolina,United States,America/New_York,4487042,Surya Grahan *Purna,Surya Grahan *Purna: Sutak Begins - Not Applicable | Sutak Ends - Not Applicable,,2026-08-12_EDT.txt
2026-08-12,geoname:4508722|city:cincinnati,Cincinnati,Ohio,United States,America/New_York,4508722,Surya Grahan *Purna,Surya Grahan *Purna: Sutak Begins - Not Applicable | Sutak Ends - Not Applicable,,2026-08-12_EDT.txt
2026-08-12,geoname:4509177|city:columbus,Columbus,Ohio,United States,America/New_York,4509177,Surya Grahan *Purna,"Surya Grahan *Purna: Sutak Begins - 11:06 PM, Aug 11 | Sutak Ends - 01:58 PM | Eclipse Start - 01:21 PM | Maximum Eclipse - 01:39 PM | Eclipse End - 01:58 PM",,2026-08-12_EDT.txt
2026-08-12,geoname:4560349|city:philadelphia,Philadelphia,Pennsylvania,United States,America/New_York,4560349,Surya Grahan *Purna,Surya Grahan *Purna: Sutak Begins - 01:06 AM | Sutak Ends - 02:34 PM | Eclipse Start - 01:11 PM | Maximum Eclipse - 01:53 PM | Eclipse End - 02:34 PM,,2026-08-12_EDT.txt
2026-08-12,geoname:4634946|city:knoxville,Knoxville,Tennessee,United States,America/New_York,4634946,Surya Grahan *Purna,Surya Grahan *Purna: Sutak Begins - Not Applicable | Sutak Ends - Not Applicable,,2026-08-12_EDT.txt
2026-08-12,geoname:4644585|city:nashville,Nashville,Tennessee,United States,America/Chicago,4644585,Surya Grahan *Purna,Surya Grahan *Purna: Sutak Begins - Not Applicable | Sutak Ends - Not Applicable,,2026-08-12_CDT.txt
2026-08-12,geoname:4684888|city:dallas,Dallas,Texas,United States,America/Chicago,4684888,Surya Grahan *Purna,Surya Grahan *Purna: Sutak Begins - Not Applicable | Sutak Ends - Not Applicable,,2026-08-12_CDT.txt
2026-08-12,geoname:4699066|city:houston,Houston,Texas,United States,America/Chicago,4699066,Surya Grahan *Purna,Surya Grahan *Purna: Sutak Begins - Not Applicable | Sutak Ends - Not Applicable,,2026-08-12_CDT.txt
2026-08-12,geoname:4781708|city:richmond,Richmond,Virginia,United States,America/New_York,4781708,Surya Grahan *Purna,Surya Grahan *Purna: Sutak Begins - 01:15 AM | Sutak Ends - 02:21 PM | Eclipse Start - 01:27 PM | Maximum Eclipse - 01:54 PM | Eclipse End - 02:21 PM,,2026-08-12_EDT.txt
2026-08-12,geoname:4887398|city:chicago,Chicago,Illinois,United States,America/Chicago,4887398,Surya Grahan *Purna,"Surya Grahan *Purna: Sutak Begins - 10:26 PM, Aug 11 | Sutak Ends - 12:37 PM | Eclipse Start - 12:18 PM | Maximum Eclipse - 12:27 PM | Eclipse End - 12:37 PM",,2026-08-12_CDT.txt
2026-08-12,geoname:4922462|city:lafayette,Lafayette,Indiana,United States,America/Indiana/Indianapolis,4922462,Surya Grahan *Purna,Surya Grahan *Purna: Sutak Begins - Not Applicable | Sutak Ends - Not Applicable,,2026-08-12_EDT.txt
2026-08-12,geoname:5099836|city:new_jersey,New Jersey,New Jersey,United States,America/New_York,5099836,Surya Grahan *Purna,Surya Grahan *Purna: Sutak Begins - 01:02 AM | Sutak Ends - 02:38 PM | Eclipse Start - 01:07 PM | Maximum Eclipse - 01:53 PM | Eclipse End - 02:38 PM,,2026-08-12_EDT.txt
2026-08-12,geoname:5108728|city:belfast,Belfast,New York,United States,America/New_York,5108728,Surya Grahan *Purna,"Surya Grahan *Purna: Sutak Begins - 10:48 PM, Aug 11 | Sutak Ends - 02:26 PM | Eclipse Start - 01:01 PM | Maximum Eclipse - 01:44 PM | Eclipse End - 02:26 PM",,2026-08-12_EDT.txt
2026-08-12,geoname:5110629|city:buffalo,Buffalo,New York,United States,America/New_York,5110629,Surya Grahan *Purna,"Surya Grahan *Purna: Sutak Begins - 10:52 PM, Aug 11 | Sutak Ends - 02:23 PM | Eclipse Start - 12:58 PM | Maximum Eclipse - 01:41 PM | Eclipse End - 02:23 PM",,2026-08-12_EDT.txt
2026-08-12,geoname:5119251|city:greece,Greece,New York,United States,America/New_York,5119251,Surya Grahan *Purna,"Surya Grahan *Purna: Sutak Begins - 10:48 PM, Aug 11 | Sutak Ends - 02:27 PM | Eclipse Start - 12:57 PM | Maximum Eclipse - 01:43 PM | Eclipse End - 02:27 PM",,2026-08-12_EDT.txt
2026-08-12,geoname:5128581|city:new_york,New York,New York,United States,America/New_York,5128581,Surya Grahan *Purna,Surya Grahan *Purna: Sutak Begins - 01:01 AM | Sutak Ends - 02:38 PM | Eclipse Start - 01:07 PM | Maximum Eclipse - 01:53 PM | Eclipse End - 02:38 PM,,2026-08-12_EDT.txt
2026-08-12,geoname:5131614|city:pittsford,Pittsford,New York,United States,America/New_York,5131614,Surya Grahan *Purna,"Surya Grahan *Purna: Sutak Begins - 10:47 PM, Aug 11 | Sutak Ends - 02:28 PM | Eclipse Start - 12:57 PM | Maximum Eclipse - 01:43 PM | Eclipse End - 02:28 PM",,2026-08-12_EDT.txt
2026-08-12,geoname:5134086|city:rochester,Rochester,New York,United States,America/New_York,5134086,Surya Grahan *Purna,"Surya Grahan *Purna: Sutak Begins - 10:47 PM, Aug 11 | Sutak Ends - 02:28 PM | Eclipse Start - 12:57 PM | Maximum Eclipse - 01:43 PM | Eclipse End - 02:28 PM",,2026-08-12_EDT.txt
2026-08-12,geoname:5139865|city:stonybrook,Stonybrook,New York,United States,America/New_York,5139865,Surya Grahan *Purna,Surya Grahan *Purna: Sutak Begins - 12:58 AM | Sutak Ends - 02:40 PM | Eclipse Start - 01:06 PM | Maximum Eclipse - 01:54 PM | Eclipse End - 02:40 PM,,2026-08-12_EDT.txt
2026-08-12,geoname:5140405|city:syracuse,Syracuse,New York,United States,America/New_York,5140405,Surya Grahan *Purna,"Surya Grahan *Purna: Sutak Begins - 10:41 PM, Aug 11 | Sutak Ends - 02:32 PM | Eclipse Start - 12:58 PM | Maximum Eclipse - 01:45 PM | Eclipse End - 02:32 PM",,2026-08-12_EDT.txt
2026-08-12,geoname:5150529|city:cleveland,Cleveland,Ohio,United States,America/New_York,5150529,Surya Grahan *Purna,"Surya Grahan *Purna: Sutak Begins - 11:02 PM, Aug 11 | Sutak Ends - 02:11 PM | Eclipse Start - 01:07 PM | Maximum Eclipse - 01:39 PM | Eclipse End - 02:11 PM",,2026-08-12_EDT.txt
2026-08-12,geoname:5308655|city:phoenix,Phoenix,Arizona,United States,America/Phoenix,5308655,Surya Grahan *Purna,Surya Grahan *Purna: Sutak Begins - Not Applicable | Sutak Ends - Not Applicable,,2026-08-12_MST.txt
2026-08-12,geoname:5368361|city:los_angeles,Los Angeles,California,United States,America/Los_Angeles,5368361,Surya Grahan *Purna,Surya Grahan *Purna: Sutak Begins - Not Applicable | Sutak Ends - Not Applicable,,2026-08-12_PDT.txt
2026-08-12,geoname:5383527|city:placentia,Placentia,California,United States,America/Los_Angeles,5383527,Surya Grahan *Purna,Surya Grahan *Purna: Sutak Begins - Not Applicable | Sutak Ends - Not Applicable,,2026-08-12_PDT.txt
2026-08-12,geoname:5391959|city:san_francisco,San Francisco,California,United States,America/Los_Angeles,5391959,Surya Grahan *Purna,Surya Grahan *Purna: Sutak Begins - Not Applicable | Sutak Ends - Not Applicable,,2026-08-12_PDT.txt
2026-08-12,geoname:5809844|city:seattle,Seattle,Washington,United States,America/Los_Angeles,5809844,Surya Grahan *Purna,Surya Grahan *Purna: Sutak Begins - Not Applicable | Sutak Ends - Not Applicable,,2026-08-12_PDT.txt
2026-08-12,geoname:6173331|city:vancouver,Vancouver,British Columbia,Canada,America/Los_Angeles,6173331,Surya Grahan *Purna,Surya Grahan *Purna: Sutak Begins - Not Applicable | Sutak Ends - Not Applicable,,2026-08-12_PDT.txt
2026-08-13,geoname:1269655|city:itanagar,Itanagar,Arunachal Pradesh,India,Asia/Kolkata,1269655,Surya Grahan *Purna,Surya Grahan *Purna: Sutak Begins - Not Applicable | Sutak Ends - Not Applicable,,2026-08-13_IST.txt
2026-08-13,geoname:1269771|city:imphal,Imphal,Manipur,India,Asia/Kolkata,1269771,Surya Grahan *Purna,Surya Grahan *Purna: Sutak Begins - Not Applicable | Sutak Ends - Not Applicable,,2026-08-13_IST.txt
2026-08-13,geoname:1272552|city:dimapur,Dimapur,Nagaland,India,Asia/Kolkata,1272552,Surya Grahan *Purna,Surya Grahan *Purna: Sutak Begins - Not Applicable | Sutak Ends - Not Applicable,,2026-08-13_IST.txt
2026-08-13,geoname:1272648|city:dibrugarh,Dibrugarh,Assam,India,Asia/Kolkata,1272648,Surya Grahan *Purna,Surya Grahan *Purna: Sutak Begins - Not Applicable | Sutak Ends - Not Applicable,,2026-08-13_IST.txt
2026-08-13,geoname:1835848|city:seoul,Seoul,Seoul,South Korea,Asia/Seoul,1835848,Surya Grahan *Purna,Surya Grahan *Purna: Sutak Begins - Not Applicable | Sutak Ends - Not Applicable,,2026-08-13_KST.txt
2026-08-13,geoname:2063523|city:perth,Perth,Western Australia,Australia,Australia/Perth,2063523,Surya Grahan *Purna,Surya Grahan *Purna: Sutak Begins - Not Applicable | Sutak Ends - Not Applicable,,2026-08-13_AWST.txt
2026-08-13,geoname:2078025|city:adelaide,Adelaide,South Australia,Australia,Australia/Adelaide,2078025,Surya Grahan *Purna,Surya Grahan *Purna: Sutak Begins - Not Applicable | Sutak Ends - Not Applicable,,2026-08-13_ACST.txt
2026-08-13,geoname:2147714|city:sydney,Sydney,New South Wales,Australia,Australia/Sydney,2147714,Surya Grahan *Purna,Surya Grahan *Purna: Sutak Begins - Not Applicable | Sutak Ends - Not Applicable,,2026-08-13_AEST.txt
2026-08-13,geoname:2158177|city:melbourne,Melbourne,Victoria,Australia,Australia/Melbourne,2158177,Surya Grahan *Purna,Surya Grahan *Purna: Sutak Begins - Not Applicable | Sutak Ends - Not Applicable,,2026-08-13_AEST.txt
2026-08-13,geoname:2172517|city:canberra,Canberra,Australian Capital Territory,Australia,Australia/Sydney,2172517,Surya Grahan *Purna,Surya Grahan *Purna: Sutak Begins - Not Applicable | Sutak Ends - Not Applicable,,2026-08-13_AEST.txt
2026-08-13,geoname:2174003|city:brisbane,Brisbane,Queensland,Australia,Australia/Brisbane,2174003,Surya Grahan *Purna,Surya Grahan *Purna: Sutak Begins - Not Applicable | Sutak Ends - Not Applicable,,2026-08-13_AEST.txt
2026-08-13,geoname:2179537|city:wellington,Wellington,Wellington,New Zealand,Pacific/Auckland,2179537,Surya Grahan *Purna,Surya Grahan *Purna: Sutak Begins - Not Applicable | Sutak Ends - Not Applicable,,2026-08-13_NZST.txt
2026-08-13,geoname:2192362|city:christchurch,Christchurch,Canterbury,New Zealand,Pacific/Auckland,2192362,Surya Grahan *Purna,Surya Grahan *Purna: Sutak Begins - Not Applicable | Sutak Ends - Not Applicable,,2026-08-13_NZST.txt
2026-08-13,geoname:2193733|city:auckland,Auckland,Auckland,New Zealand,Pacific/Auckland,2193733,Surya Grahan *Purna,Surya Grahan *Purna: Sutak Begins - Not Applicable | Sutak Ends - Not Applicable,,2026-08-13_NZST.txt
2026-08-16,geoname:4167147|city:orlando,Orlando,Florida,United States,America/New_York,4167147,Nag Panchami; Simha Sankranti,Simha Sankranti: Simha Sankranti Moment - 10:34 PM | Simha Sankranti Punya Kala - 01:30 PM to 08:04 PM | Simha Sankranti Maha Punya Kala - 05:52 PM to 08:04 PM,,2026-08-16_EDT.txt
2026-08-16,geoname:4174757|city:tampa,Tampa,Florida,United States,America/New_York,4174757,Nag Panchami; Simha Sankranti,Simha Sankranti: Simha Sankranti Moment - 10:34 PM | Simha Sankranti Punya Kala - 01:34 PM to 08:07 PM | Simha Sankranti Maha Punya Kala - 05:56 PM to 08:07 PM,,2026-08-16_EDT.txt
2026-08-16,geoname:4180439|city:atlanta,Atlanta,Georgia,United States,America/New_York,4180439,Nag Panchami; Simha Sankranti,Simha Sankranti: Simha Sankranti Moment - 10:34 PM | Simha Sankranti Punya Kala - 01:42 PM to 08:23 PM | Simha Sankranti Maha Punya Kala - 06:09 PM to 08:23 PM,,2026-08-16_EDT.txt
2026-08-16,geoname:4256038|city:columbus,Columbus,Indiana,United States,America/Indiana/Indianapolis,4256038,Nag Panchami; Simha Sankranti,Simha Sankranti: Simha Sankranti Moment - 10:34 PM | Simha Sankranti Punya Kala - 01:48 PM to 08:37 PM | Simha Sankranti Maha Punya Kala - 06:21 PM to 08:37 PM,,2026-08-16_EDT.txt
2026-08-16,geoname:4347778|city:baltimore,Baltimore,Maryland,United States,America/New_York,4347778,Nag Panchami; Simha Sankranti,Simha Sankranti: Simha Sankranti Moment - 10:34 PM | Simha Sankranti Punya Kala - 01:10 PM to 08:00 PM | Simha Sankranti Maha Punya Kala - 05:44 PM to 08:00 PM,,2026-08-16_EDT.txt
2026-08-16,geoname:4460243|city:charlotte,Charlotte,North Carolina,United States,America/New_York,4460243,Nag Panchami; Simha Sankranti,Simha Sankranti: Simha Sankranti Moment - 10:34 PM | Simha Sankranti Punya Kala - 01:27 PM to 08:11 PM | Simha Sankranti Maha Punya Kala - 05:56 PM to 08:11 PM,,2026-08-16_EDT.txt
2026-08-16,geoname:4487042|city:raleigh,Raleigh,North Carolina,United States,America/New_York,4487042,Nag Panchami; Simha Sankranti,Simha Sankranti: Simha Sankranti Moment - 10:34 PM | Simha Sankranti Punya Kala - 01:19 PM to 08:03 PM | Simha Sankranti Maha Punya Kala - 05:48 PM to 08:03 PM,,2026-08-16_EDT.txt
2026-08-16,geoname:4508722|city:cincinnati,Cincinnati,Ohio,United States,America/New_York,4508722,Nag Panchami; Simha Sankranti,Simha Sankranti: Simha Sankranti Moment - 10:34 PM | Simha Sankranti Punya Kala - 01:42 PM to 08:32 PM | Simha Sankranti Maha Punya Kala - 06:15 PM to 08:32 PM,,2026-08-16_EDT.txt
2026-08-16,geoname:4509177|city:columbus,Columbus,Ohio,United States,America/New_York,4509177,Nag Panchami; Simha Sankranti,Simha Sankranti: Simha Sankranti Moment - 10:34 PM | Simha Sankranti Punya Kala - 01:36 PM to 08:27 PM | Simha Sankranti Maha Punya Kala - 06:10 PM to 08:27 PM,,2026-08-16_EDT.txt
2026-08-16,geoname:4560349|city:philadelphia,Philadelphia,Pennsylvania,United States,America/New_York,4560349,Nag Panchami; Simha Sankranti,Simha Sankranti: Simha Sankranti Moment - 10:34 PM | Simha Sankranti Punya Kala - 01:05 PM to 07:56 PM | Simha Sankranti Maha Punya Kala - 05:39 PM to 07:56 PM,,2026-08-16_EDT.txt
2026-08-16,geoname:4634946|city:knoxville,Knoxville,Tennessee,United States,America/New_York,4634946,Nag Panchami; Simha Sankranti,Simha Sankranti: Simha Sankranti Moment - 10:34 PM | Simha Sankranti Punya Kala - 01:40 PM to 08:24 PM | Simha Sankranti Maha Punya Kala - 06:09 PM to 08:24 PM,,2026-08-16_EDT.txt
2026-08-16,geoname:4644585|city:nashville,Nashville,Tennessee,United States,America/Chicago,4644585,Nag Panchami; Simha Sankranti,Simha Sankranti: Simha Sankranti Moment - 09:34 PM | Simha Sankranti Punya Kala - 12:51 PM to 07:36 PM | Simha Sankranti Maha Punya Kala - 05:21 PM to 07:36 PM,,2026-08-16_CDT.txt
2026-08-16,geoname:4684888|city:dallas,Dallas,Texas,United States,America/Chicago,4684888,Nag Panchami; Simha Sankranti,Simha Sankranti: Simha Sankranti Moment - 09:34 PM | Simha Sankranti Punya Kala - 01:31 PM to 08:11 PM | Simha Sankranti Maha Punya Kala - 05:58 PM to 08:11 PM,,2026-08-16_CDT.txt
2026-08-16,geoname:4699066|city:houston,Houston,Texas,United States,America/Chicago,4699066,Nag Panchami; Simha Sankranti,Simha Sankranti: Simha Sankranti Moment - 09:34 PM | Simha Sankranti Punya Kala - 01:26 PM to 08:01 PM | Simha Sankranti Maha Punya Kala - 05:49 PM to 08:01 PM,,2026-08-16_CDT.txt
2026-08-16,geoname:4781708|city:richmond,Richmond,Virginia,United States,America/New_York,4781708,Nag Panchami; Simha Sankranti,Simha Sankranti: Simha Sankranti Moment - 10:34 PM | Simha Sankranti Punya Kala - 01:14 PM to 08:01 PM | Simha Sankranti Maha Punya Kala - 05:45 PM to 08:01 PM,,2026-08-16_EDT.txt
2026-08-16,geoname:4887398|city:chicago,Chicago,Illinois,United States,America/Chicago,4887398,Nag Panchami; Simha Sankranti,Simha Sankranti: Simha Sankranti Moment - 09:34 PM | Simha Sankranti Punya Kala - 12:55 PM to 07:49 PM | Simha Sankranti Maha Punya Kala - 05:31 PM to 07:49 PM,,2026-08-16_CDT.txt
2026-08-16,geoname:4922462|city:lafayette,Lafayette,Indiana,United States,America/Indiana/Indianapolis,4922462,Nag Panchami; Simha Sankranti,Simha Sankranti: Simha Sankranti Moment - 10:34 PM | Simha Sankranti Punya Kala - 01:51 PM to 08:43 PM | Simha Sankranti Maha Punya Kala - 06:26 PM to 08:43 PM,,2026-08-16_EDT.txt
2026-08-16,geoname:5099836|city:new_jersey,New Jersey,New Jersey,United States,America/New_York,5099836,Nag Panchami; Simha Sankranti,Simha Sankranti: Simha Sankranti Moment - 10:34 PM | Simha Sankranti Punya Kala - 01:00 PM to 07:53 PM | Simha Sankranti Maha Punya Kala - 05:35 PM to 07:53 PM,,2026-08-16_EDT.txt
2026-08-16,geoname:5108728|city:belfast,Belfast,New York,United States,America/New_York,5108728,Nag Panchami; Simha Sankranti,Simha Sankranti: Simha Sankranti Moment - 10:34 PM | Simha Sankranti Punya Kala - 01:16 PM to 08:11 PM | Simha Sankranti Maha Punya Kala - 05:53 PM to 08:11 PM,,2026-08-16_EDT.txt
2026-08-16,geoname:5110629|city:buffalo,Buffalo,New York,United States,America/New_York,5110629,Nag Panchami; Simha Sankranti,Simha Sankranti: Simha Sankranti Moment - 10:34 PM | Simha Sankranti Punya Kala - 01:19 PM to 08:16 PM | Simha Sankranti Maha Punya Kala - 05:57 PM to 08:16 PM,,2026-08-16_EDT.txt
2026-08-16,geoname:5119251|city:greece,Greece,New York,United States,America/New_York,5119251,Nag Panchami; Simha Sankranti,Simha Sankranti: Simha Sankranti Moment - 10:34 PM | Simha Sankranti Punya Kala - 01:15 PM to 08:12 PM | Simha Sankranti Maha Punya Kala - 05:53 PM to 08:12 PM,,2026-08-16_EDT.txt
2026-08-16,geoname:5128581|city:new_york,New York,New York,United States,America/New_York,5128581,Nag Panchami; Simha Sankranti,Simha Sankranti: Simha Sankranti Moment - 10:34 PM | Simha Sankranti Punya Kala - 01:00 PM to 07:53 PM | Simha Sankranti Maha Punya Kala - 05:35 PM to 07:53 PM,,2026-08-16_EDT.txt
2026-08-16,geoname:5131614|city:pittsford,Pittsford,New York,United States,America/New_York,5131614,Nag Panchami; Simha Sankranti,Simha Sankranti: Simha Sankranti Moment - 10:34 PM | Simha Sankranti Punya Kala - 01:14 PM to 08:11 PM | Simha Sankranti Maha Punya Kala - 05:52 PM to 08:11 PM,,2026-08-16_EDT.txt
2026-08-16,geoname:5134086|city:rochester,Rochester,New York,United States,America/New_York,5134086,Nag Panchami; Simha Sankranti,Simha Sankranti: Simha Sankranti Moment - 10:34 PM | Simha Sankranti Punya Kala - 01:14 PM to 08:11 PM | Simha Sankranti Maha Punya Kala - 05:52 PM to 08:11 PM,,2026-08-16_EDT.txt
2026-08-16,geoname:5139865|city:stonybrook,Stonybrook,New York,United States,America/New_York,5139865,Nag Panchami; Simha Sankranti,Simha Sankranti: Simha Sankranti Moment - 10:34 PM | Simha Sankranti Punya Kala - 12:57 PM to 07:49 PM | Simha Sankranti Maha Punya Kala - 05:32 PM to 07:49 PM,,2026-08-16_EDT.txt
2026-08-16,geoname:5140405|city:syracuse,Syracuse,New York,United States,America/New_York,5140405,Nag Panchami; Simha Sankranti,Simha Sankranti: Simha Sankranti Moment - 10:34 PM | Simha Sankranti Punya Kala - 01:09 PM to 08:05 PM | Simha Sankranti Maha Punya Kala - 05:46 PM to 08:05 PM,,2026-08-16_EDT.txt
2026-08-16,geoname:5150529|city:cleveland,Cleveland,Ohio,United States,America/New_York,5150529,Nag Panchami; Simha Sankranti,Simha Sankranti: Simha Sankranti Moment - 10:34 PM | Simha Sankranti Punya Kala - 01:31 PM to 08:25 PM | Simha Sankranti Maha Punya Kala - 06:07 PM to 08:25 PM,,2026-08-16_EDT.txt
2026-08-16,geoname:5308655|city:phoenix,Phoenix,Arizona,United States,America/Phoenix,5308655,Nag Panchami; Simha Sankranti,Simha Sankranti: Simha Sankranti Moment - 07:34 PM | Simha Sankranti Punya Kala - 12:32 PM to 07:13 PM | Simha Sankranti Maha Punya Kala - 04:59 PM to 07:13 PM,,2026-08-16_MST.txt
2026-08-16,geoname:5368361|city:los_angeles,Los Angeles,California,United States,America/Los_Angeles,5368361,Nag Panchami; Simha Sankranti,Simha Sankranti: Simha Sankranti Moment - 07:34 PM | Simha Sankranti Punya Kala - 12:25 PM to 07:34 PM | Simha Sankranti Maha Punya Kala - 05:20 PM to 07:34 PM,,2026-08-16_PDT.txt
2026-08-16,geoname:5383527|city:placentia,Placentia,California,United States,America/Los_Angeles,5383527,Nag Panchami; Simha Sankranti,Simha Sankranti: Simha Sankranti Moment - 07:34 PM | Simha Sankranti Punya Kala - 12:26 PM to 07:34 PM | Simha Sankranti Maha Punya Kala - 05:20 PM to 07:34 PM,,2026-08-16_PDT.txt
2026-08-16,geoname:5391959|city:san_francisco,San Francisco,California,United States,America/Los_Angeles,5391959,Nag Panchami; Simha Sankranti,Simha Sankranti: Simha Sankranti Moment - 07:34 PM | Simha Sankranti Punya Kala - 12:19 PM to 07:34 PM | Simha Sankranti Maha Punya Kala - 05:18 PM to 07:34 PM,,2026-08-16_PDT.txt
2026-08-16,geoname:5809844|city:seattle,Seattle,Washington,United States,America/Los_Angeles,5809844,Nag Panchami; Simha Sankranti,Simha Sankranti: Simha Sankranti Moment - 07:34 PM | Simha Sankranti Punya Kala - 11:59 AM to 07:34 PM | Simha Sankranti Maha Punya Kala - 05:12 PM to 07:34 PM,,2026-08-16_PDT.txt
2026-08-16,geoname:6173331|city:vancouver,Vancouver,British Columbia,Canada,America/Los_Angeles,6173331,Nag Panchami; Simha Sankranti,Simha Sankranti: Simha Sankranti Moment - 07:34 PM | Simha Sankranti Punya Kala - 11:55 AM to 07:34 PM | Simha Sankranti Maha Punya Kala - 05:10 PM to 07:34 PM,,2026-08-16_PDT.txt
2026-08-17,geoname:1253102|city:visakhapatnam,Visakhapatnam,Andra Pradesh,India,Asia/Kolkata,1253102,Nag Panchami; Simha Sankranti,Simha Sankranti: Simha Sankranti Moment - 08:04 AM | Simha Sankranti Punya Kala - 05:40 AM to 08:04 AM | Simha Sankranti Maha Punya Kala - 05:57 AM to 08:04 AM,,2026-08-17_IST.txt
2026-08-17,geoname:1253405|city:varanasi,Varanasi,Uttar Pradesh,India,Asia/Kolkata,1253405,Nag Panchami; Simha Sankranti,Simha Sankranti: Simha Sankranti Moment - 08:04 AM | Simha Sankranti Punya Kala - 05:32 AM to 08:04 AM | Simha Sankranti Maha Punya Kala - 05:54 AM to 08:04 AM,,2026-08-17_IST.txt
2026-08-17,geoname:1253573|city:vadodara,Vadodara,Gujarat,India,Asia/Kolkata,1253573,Nag Panchami; Simha Sankranti,Simha Sankranti: Simha Sankranti Moment - 08:04 AM | Simha Sankranti Punya Kala - 06:15 AM to 08:04 AM | Simha Sankranti Maha Punya Kala - 06:15 AM to 08:04 AM,,2026-08-17_IST.txt
2026-08-17,geoname:1253952|city:udupi,Udupi,Karnataka,India,Asia/Kolkata,1253952,Nag Panchami; Simha Sankranti,Simha Sankranti: Simha Sankranti Moment - 08:04 AM | Simha Sankranti Punya Kala - 06:19 AM to 08:04 AM | Simha Sankranti Maha Punya Kala - 06:19 AM to 08:04 AM,,2026-08-17_IST.txt
2026-08-17,geoname:1254163|city:thiruvananthapuram,Thiruvananthapuram,Kerala,India,Asia/Kolkata,1254163,Nag Panchami; Simha Sankranti,Simha Sankranti: Simha Sankranti Moment - 08:04 AM | Simha Sankranti Punya Kala - 06:15 AM to 08:04 AM | Simha Sankranti Maha Punya Kala - 06:15 AM to 08:04 AM,,2026-08-17_IST.txt
2026-08-17,geoname:1254360|city:tirupati,Tirupati,Andhra Pradesh,India,Asia/Kolkata,1254360,Nag Panchami; Simha Sankranti,Simha Sankranti: Simha Sankranti Moment - 08:04 AM | Simha Sankranti Punya Kala - 06:00 AM to 08:04 AM | Simha Sankranti Maha Punya Kala - 06:00 AM to 08:04 AM,,2026-08-17_IST.txt
2026-08-17,geoname:1254388|city:srirangam,Srirangam,Tamil Nadu,India,Asia/Kolkata,1254388,Nag Panchami; Simha Sankranti,Simha Sankranti: Simha Sankranti Moment - 08:04 AM | Simha Sankranti Punya Kala - 06:05 AM to 08:04 AM | Simha Sankranti Maha Punya Kala - 06:05 AM to 08:04 AM,,2026-08-17_IST.txt
2026-08-17,geoname:1255364|city:surat,Surat,Gujarat,India,Asia/Kolkata,1255364,Nag Panchami; Simha Sankranti,Simha Sankranti: Simha Sankranti Moment - 08:04 AM | Simha Sankranti Punya Kala - 06:18 AM to 08:04 AM | Simha Sankranti Maha Punya Kala - 06:18 AM to 08:04 AM,,2026-08-17_IST.txt
2026-08-17,geoname:1255634|city:srinagar,Srinagar,Jammu and Kashmir,India,Asia/Kolkata,1255634,Nag Panchami; Simha Sankranti,Simha Sankranti: Simha Sankranti Moment - 08:04 AM | Simha Sankranti Punya Kala - 05:53 AM to 08:04 AM | Simha Sankranti Maha Punya Kala - 05:53 AM to 08:04 AM,,2026-08-17_IST.txt
2026-08-17,geoname:1256287|city:silchar,Silchar,Assam,India,Asia/Kolkata,1256287,Nag Panchami; Simha Sankranti,Simha Sankranti: Simha Sankranti Moment - 08:04 AM | Simha Sankranti Punya Kala - 04:54 AM to 08:04 AM | Simha Sankranti Maha Punya Kala - 05:54 AM to 08:04 AM,,2026-08-17_IST.txt
2026-08-17,geoname:1256525|city:shiliguri,Shiliguri,West Bengal,India,Asia/Kolkata,1256525,Nag Panchami; Simha Sankranti,Simha Sankranti: Simha Sankranti Moment - 08:04 AM | Simha Sankranti Punya Kala - 05:09 AM to 08:04 AM | Simha Sankranti Maha Punya Kala - 05:53 AM to 08:04 AM,,2026-08-17_IST.txt
2026-08-17,geoname:1259229|city:pune,Pune,Maharashtra,India,Asia/Kolkata,1259229,Nag Panchami; Simha Sankranti,Simha Sankranti: Simha Sankranti Moment - 08:04 AM | Simha Sankranti Punya Kala - 06:17 AM to 08:04 AM | Simha Sankranti Maha Punya Kala - 06:17 AM to 08:04 AM,,2026-08-17_IST.txt
2026-08-17,geoname:1260546|city:pandharpur,Pandharpur,Maharashtra,India,Asia/Kolkata,1260546,Nag Panchami; Simha Sankranti,Simha Sankranti: Simha Sankranti Moment - 08:04 AM | Simha Sankranti Punya Kala - 06:12 AM to 08:04 AM | Simha Sankranti Maha Punya Kala - 06:12 AM to 08:04 AM,,2026-08-17_IST.txt
2026-08-17,geoname:1262180|city:nagpur,Nagpur,Maharashtra,India,Asia/Kolkata,1262180,Nag Panchami; Simha Sankranti,Simha Sankranti: Simha Sankranti Moment - 08:04 AM | Simha Sankranti Punya Kala - 05:53 AM to 08:04 AM | Simha Sankranti Maha Punya Kala - 05:55 AM to 08:04 AM,,2026-08-17_IST.txt
2026-08-17,geoname:1262321|city:mysuru,Mysuru,Karnataka,India,Asia/Kolkata,1262321,Nag Panchami; Simha Sankranti,Simha Sankranti: Simha Sankranti Moment - 08:04 AM | Simha Sankranti Punya Kala - 06:12 AM to 08:04 AM | Simha Sankranti Maha Punya Kala - 06:12 AM to 08:04 AM,,2026-08-17_IST.txt
2026-08-17,geoname:1262321|city:t_narasipura,T Narasipura,Karnataka,India,Asia/Kolkata,1262321,Nag Panchami; Simha Sankranti,Simha Sankranti: Simha Sankranti Moment - 08:04 AM | Simha Sankranti Punya Kala - 06:12 AM to 08:04 AM | Simha Sankranti Maha Punya Kala - 06:12 AM to 08:04 AM,,2026-08-17_IST.txt
2026-08-17,geoname:1263780|city:mangalore,Mangalore,Karnataka,India,Asia/Kolkata,1263780,Nag Panchami; Simha Sankranti,Simha Sankranti: Simha Sankranti Moment - 08:04 AM | Simha Sankranti Punya Kala - 06:19 AM to 08:04 AM | Simha Sankranti Maha Punya Kala - 06:19 AM to 08:04 AM,,2026-08-17_IST.txt
2026-08-17,geoname:1264521|city:madurai,Madurai,Tamil Nadu,India,Asia/Kolkata,1264521,Nag Panchami; Simha Sankranti,Simha Sankranti: Simha Sankranti Moment - 08:04 AM | Simha Sankranti Punya Kala - 06:09 AM to 08:04 AM | Simha Sankranti Maha Punya Kala - 06:09 AM to 08:04 AM,,2026-08-17_IST.txt
2026-08-17,geoname:1264527|city:chennai,Chennai,Tamil Nadu,India,Asia/Kolkata,1264527,Nag Panchami; Simha Sankranti,Simha Sankranti: Simha Sankranti Moment - 08:04 AM | Simha Sankranti Punya Kala - 05:57 AM to 08:04 AM | Simha Sankranti Maha Punya Kala - 05:58 AM to 08:04 AM,,2026-08-17_IST.txt
2026-08-17,geoname:1264733|city:lucknow,Lucknow,Uttar Pradesh,India,Asia/Kolkata,1264733,Nag Panchami; Simha Sankranti,Simha Sankranti: Simha Sankranti Moment - 08:04 AM | Simha Sankranti Punya Kala - 05:39 AM to 08:04 AM | Simha Sankranti Maha Punya Kala - 05:53 AM to 08:04 AM,,2026-08-17_IST.txt
2026-08-17,geoname:1265683|city:kumbakonam,Kumbakonam,Tamil Nadu,India,Asia/Kolkata,1265683,Nag Panchami; Simha Sankranti,Simha Sankranti: Simha Sankranti Moment - 08:04 AM | Simha Sankranti Punya Kala - 06:02 AM to 08:04 AM | Simha Sankranti Maha Punya Kala - 06:02 AM to 08:04 AM,,2026-08-17_IST.txt
2026-08-17,geoname:1266285|city:kolhapur,Kolhapur,Maharashtra,India,Asia/Kolkata,1266285,Nag Panchami; Simha Sankranti,Simha Sankranti: Simha Sankranti Moment - 08:04 AM | Simha Sankranti Punya Kala - 06:17 AM to 08:04 AM | Simha Sankranti Maha Punya Kala - 06:17 AM to 08:04 AM,,2026-08-17_IST.txt
2026-08-17,geoname:1268159|city:kanchipuram,Kanchipuram,Tamil Nadu,India,Asia/Kolkata,1268159,Nag Panchami; Simha Sankranti,Simha Sankranti: Simha Sankranti Moment - 08:04 AM | Simha Sankranti Punya Kala - 05:59 AM to 08:04 AM | Simha Sankranti Maha Punya Kala - 05:59 AM to 08:04 AM,,2026-08-17_IST.txt
2026-08-17,geoname:1269655|city:itanagar,Itanagar,Arunachal Pradesh,India,Asia/Kolkata,1269655,Nag Panchami; Simha Sankranti,Simha Sankranti: Simha Sankranti Moment - 08:04 AM | Simha Sankranti Punya Kala - 04:48 AM to 08:04 AM | Simha Sankranti Maha Punya Kala - 05:53 AM to 08:04 AM,,2026-08-17_IST.txt
2026-08-17,geoname:1269771|city:imphal,Imphal,Manipur,India,Asia/Kolkata,1269771,Nag Panchami; Simha Sankranti,Simha Sankranti: Simha Sankranti Moment - 08:04 AM | Simha Sankranti Punya Kala - 04:49 AM to 08:04 AM | Simha Sankranti Maha Punya Kala - 05:54 AM to 08:04 AM,,2026-08-17_IST.txt
2026-08-17,geoname:1269843|city:hyderabad,Hyderabad,Telangana,India,Asia/Kolkata,1269843,Nag Panchami; Simha Sankranti,Simha Sankranti: Simha Sankranti Moment - 08:04 AM | Simha Sankranti Punya Kala - 06:00 AM to 08:04 AM | Simha Sankranti Maha Punya Kala - 06:00 AM to 08:04 AM,,2026-08-17_IST.txt
2026-08-17,geoname:1269920|city:hubli,Hubli,Karnataka,India,Asia/Kolkata,1269920,Nag Panchami; Simha Sankranti,Simha Sankranti: Simha Sankranti Moment - 08:04 AM | Simha Sankranti Punya Kala - 06:15 AM to 08:04 AM | Simha Sankranti Maha Punya Kala - 06:15 AM to 08:04 AM,,2026-08-17_IST.txt
2026-08-17,geoname:1270603|city:guruvayur,Guruvayur,Kerala,India,Asia/Kolkata,1270603,Nag Panchami; Simha Sankranti,Simha Sankranti: Simha Sankranti Moment - 08:04 AM | Simha Sankranti Punya Kala - 06:16 AM to 08:04 AM | Simha Sankranti Maha Punya Kala - 06:16 AM to 08:04 AM,,2026-08-17_IST.txt
2026-08-17,geoname:1271476|city:guwahati,Guwahati,Assam,India,Asia/Kolkata,1271476,Nag Panchami; Simha Sankranti,Simha Sankranti: Simha Sankranti Moment - 08:04 AM | Simha Sankranti Punya Kala - 04:56 AM to 08:04 AM | Simha Sankranti Maha Punya Kala - 05:53 AM to 08:04 AM,,2026-08-17_IST.txt
2026-08-17,geoname:1271631|city:gangtok,Gangtok,Sikkim,India,Asia/Kolkata,1271631,Nag Panchami; Simha Sankranti,Simha Sankranti: Simha Sankranti Moment - 08:04 AM | Simha Sankranti Punya Kala - 05:07 AM to 08:04 AM | Simha Sankranti Maha Punya Kala - 05:53 AM to 08:04 AM,,2026-08-17_IST.txt
2026-08-17,geoname:1272552|city:dimapur,Dimapur,Nagaland,India,Asia/Kolkata,1272552,Nag Panchami; Simha Sankranti,Simha Sankranti: Simha Sankranti Moment - 08:04 AM | Simha Sankranti Punya Kala - 04:49 AM to 08:04 AM | Simha Sankranti Maha Punya Kala - 05:54 AM to 08:04 AM,,2026-08-17_IST.txt
2026-08-17,geoname:1272648|city:dibrugarh,Dibrugarh,Assam,India,Asia/Kolkata,1272648,Nag Panchami; Simha Sankranti,Simha Sankranti: Simha Sankranti Moment - 08:04 AM | Simha Sankranti Punya Kala - 04:42 AM to 08:04 AM | Simha Sankranti Maha Punya Kala - 05:53 AM to 08:04 AM,,2026-08-17_IST.txt
2026-08-17,geoname:1274256|city:chidambaram,Chidambaram,Tamil Nadu,India,Asia/Kolkata,1274256,Nag Panchami; Simha Sankranti,Simha Sankranti: Simha Sankranti Moment - 08:04 AM | Simha Sankranti Punya Kala - 06:01 AM to 08:04 AM | Simha Sankranti Maha Punya Kala - 06:01 AM to 08:04 AM,,2026-08-17_IST.txt
2026-08-17,geoname:1275004|city:kolkata,Kolkata,West Bengal,India,Asia/Kolkata,1275004,Nag Panchami; Simha Sankranti,Simha Sankranti: Simha Sankranti Moment - 08:04 AM | Simha Sankranti Punya Kala - 05:14 AM to 08:04 AM | Simha Sankranti Maha Punya Kala - 05:55 AM to 08:04 AM,,2026-08-17_IST.txt
2026-08-17,geoname:1275339|city:mumbai,Mumbai,Maharashtra,India,Asia/Kolkata,1275339,Nag Panchami; Simha Sankranti,Simha Sankranti: Simha Sankranti Moment - 08:04 AM | Simha Sankranti Punya Kala - 06:20 AM to 08:04 AM | Simha Sankranti Maha Punya Kala - 06:20 AM to 08:04 AM,,2026-08-17_IST.txt
2026-08-17,geoname:1275817|city:bhubaneswar,Bhubaneswar,Odisha,India,Asia/Kolkata,1275817,Nag Panchami; Simha Sankranti,Simha Sankranti: Simha Sankranti Moment - 08:04 AM | Simha Sankranti Punya Kala - 05:27 AM to 08:04 AM | Simha Sankranti Maha Punya Kala - 05:56 AM to 08:04 AM,,2026-08-17_IST.txt
2026-08-17,geoname:1275841|city:bhopal,Bhopal,Madhya Pradesh,India,Asia/Kolkata,1275841,Nag Panchami; Simha Sankranti,Simha Sankranti: Simha Sankranti Moment - 08:04 AM | Simha Sankranti Punya Kala - 05:57 AM to 08:04 AM | Simha Sankranti Maha Punya Kala - 05:57 AM to 08:04 AM,,2026-08-17_IST.txt
2026-08-17,geoname:1276533|city:belgaum,Belgaum,Karnataka,India,Asia/Kolkata,1276533,Nag Panchami; Simha Sankranti,Simha Sankranti: Simha Sankranti Moment - 08:04 AM | Simha Sankranti Punya Kala - 06:17 AM to 08:04 AM | Simha Sankranti Maha Punya Kala - 06:17 AM to 08:04 AM,,2026-08-17_IST.txt
2026-08-17,geoname:1277333|city:bengaluru,Bengaluru,Karnataka,India,Asia/Kolkata,1277333,Nag Panchami; Simha Sankranti,Simha Sankranti: Simha Sankranti Moment - 08:04 AM | Simha Sankranti Punya Kala - 06:08 AM to 08:04 AM | Simha Sankranti Maha Punya Kala - 06:08 AM to 08:04 AM,,2026-08-17_IST.txt
2026-08-17,geoname:1278094|city:ayodhya,Ayodhya,Uttar Pradesh,India,Asia/Kolkata,1278094,Nag Panchami; Simha Sankranti,Simha Sankranti: Simha Sankranti Moment - 08:04 AM | Simha Sankranti Punya Kala - 05:34 AM to 08:04 AM | Simha Sankranti Maha Punya Kala - 05:53 AM to 08:04 AM,,2026-08-17_IST.txt
2026-08-17,geoname:1278994|city:prayagraj,Prayagraj,Uttar Pradesh,India,Asia/Kolkata,1278994,Nag Panchami; Simha Sankranti,Simha Sankranti: Simha Sankranti Moment - 08:04 AM | Simha Sankranti Punya Kala - 05:37 AM to 08:04 AM | Simha Sankranti Maha Punya Kala - 05:54 AM to 08:04 AM,,2026-08-17_IST.txt
2026-08-17,geoname:1279186|city:aizawl,Aizawl,Mizoram,India,Asia/Kolkata,1279186,Nag Panchami; Simha Sankranti,Simha Sankranti: Simha Sankranti Moment - 08:04 AM | Simha Sankranti Punya Kala - 04:55 AM to 08:04 AM | Simha Sankranti Maha Punya Kala - 05:54 AM to 08:04 AM,,2026-08-17_IST.txt
2026-08-17,geoname:1279290|city:agartala,Agartala,Tripura,India,Asia/Kolkata,1279290,Nag Panchami; Simha Sankranti,Simha Sankranti: Simha Sankranti Moment - 08:04 AM | Simha Sankranti Punya Kala - 05:01 AM to 08:04 AM | Simha Sankranti Maha Punya Kala - 05:54 AM to 08:04 AM,,2026-08-17_IST.txt
2026-08-17,geoname:1835848|city:seoul,Seoul,Seoul,South Korea,Asia/Seoul,1835848,Nag Panchami; Simha Sankranti,Simha Sankranti: Simha Sankranti Moment - 11:34 AM | Simha Sankranti Punya Kala - 05:49 AM to 11:34 AM | Simha Sankranti Maha Punya Kala - 09:18 AM to 11:34 AM,,2026-08-17_KST.txt
2026-08-17,geoname:2063523|city:perth,Perth,Western Australia,Australia,Australia/Perth,2063523,Nag Panchami; Simha Sankranti,Simha Sankranti: Simha Sankranti Moment - 10:34 AM | Simha Sankranti Punya Kala - 06:51 AM to 10:34 AM | Simha Sankranti Maha Punya Kala - 08:44 AM to 10:34 AM,,2026-08-17_AWST.txt
2026-08-17,geoname:2078025|city:adelaide,Adelaide,South Australia,Australia,Australia/Adelaide,2078025,Nag Panchami; Simha Sankranti,Simha Sankranti: Simha Sankranti Moment - 12:04 PM | Simha Sankranti Punya Kala - 06:54 AM to 12:04 PM | Simha Sankranti Maha Punya Kala - 10:15 AM to 12:04 PM,,2026-08-17_ACST.txt
2026-08-17,geoname:2147714|city:sydney,Sydney,New South Wales,Australia,Australia/Sydney,2147714,Nag Panchami; Simha Sankranti,Simha Sankranti: Simha Sankranti Moment - 12:34 PM | Simha Sankranti Punya Kala - 06:45 AM to 12:34 PM | Simha Sankranti Maha Punya Kala - 10:45 AM to 12:34 PM,,2026-08-17_AEST.txt
2026-08-17,geoname:2158177|city:melbourne,Melbourne,Victoria,Australia,Australia/Melbourne,2158177,Nag Panchami; Simha Sankranti,Simha Sankranti: Simha Sankranti Moment - 12:34 PM | Simha Sankranti Punya Kala - 07:03 AM to 12:34 PM | Simha Sankranti Maha Punya Kala - 10:46 AM to 12:34 PM,,2026-08-17_AEST.txt
2026-08-17,geoname:2172517|city:canberra,Canberra,Australian Capital Territory,Australia,Australia/Sydney,2172517,Nag Panchami; Simha Sankranti,Simha Sankranti: Simha Sankranti Moment - 12:34 PM | Simha Sankranti Punya Kala - 06:47 AM to 12:34 PM | Simha Sankranti Maha Punya Kala - 10:45 AM to 12:34 PM,,2026-08-17_AEST.txt
2026-08-17,geoname:2174003|city:brisbane,Brisbane,Queensland,Australia,Australia/Brisbane,2174003,Nag Panchami; Simha Sankranti,Simha Sankranti: Simha Sankranti Moment - 12:34 PM | Simha Sankranti Punya Kala - 06:36 AM to 12:34 PM | Simha Sankranti Maha Punya Kala - 10:42 AM to 12:34 PM,,2026-08-17_AEST.txt
2026-08-17,geoname:2179537|city:wellington,Wellington,Wellington,New Zealand,Pacific/Auckland,2179537,Nag Panchami; Simha Sankranti,Simha Sankranti: Simha Sankranti Moment - 02:34 PM | Simha Sankranti Punya Kala - 08:57 AM to 02:34 PM | Simha Sankranti Maha Punya Kala - 12:48 PM to 02:34 PM,,2026-08-17_NZST.txt
2026-08-17,geoname:2192362|city:christchurch,Christchurch,Canterbury,New Zealand,Pacific/Auckland,2192362,Nag Panchami; Simha Sankranti,Simha Sankranti: Simha Sankranti Moment - 02:34 PM | Simha Sankranti Punya Kala - 09:01 AM to 02:34 PM | Simha Sankranti Maha Punya Kala - 12:50 PM to 02:34 PM,,2026-08-17_NZST.txt
2026-08-17,geoname:2193733|city:auckland,Auckland,Auckland,New Zealand,Pacific/Auckland,2193733,Nag Panchami; Simha Sankranti,Simha Sankranti: Simha Sankranti Moment - 02:34 PM | Simha Sankranti Punya Kala - 08:49 AM to 02:34 PM | Simha Sankranti Maha Punya Kala - 12:46 PM to 02:34 PM,,2026-08-17_NZST.txt
2026-08-17,geoname:2643743|city:london,London,London,United Kingdom,Europe/London,2643743,Nag Panchami; Kalki Jayanti; Simha Sankranti,Simha Sankranti: Simha Sankranti Moment - 03:34 AM | Simha Sankranti Punya Kala - 05:49 AM to 01:04 PM | Simha Sankranti Maha Punya Kala - 05:49 AM to 08:14 AM,,2026-08-17_BST.txt
2026-08-17,geoname:2657896|city:zurich,Zurich,Zurich,Switzerland,Europe/Zurich,2657896,Nag Panchami; Kalki Jayanti; Simha Sankranti,Simha Sankranti: Simha Sankranti Moment - 04:34 AM | Simha Sankranti Punya Kala - 06:25 AM to 01:29 PM | Simha Sankranti Maha Punya Kala - 06:25 AM to 08:46 AM,,2026-08-17_CEST.txt
2026-08-17,geoname:290030|city:doha,Doha,Baladīyat ad Dawḩah,Qatar,Asia/Qatar,290030,Nag Panchami; Kalki Jayanti; Simha Sankranti,Simha Sankranti: Simha Sankranti Moment - 05:34 AM | Simha Sankranti Punya Kala - 05:08 AM to 05:34 AM | Simha Sankranti Maha Punya Kala - 05:08 AM to 05:34 AM,,2026-08-17_AST.txt
2026-08-17,geoname:292223|city:dubai,Dubai,Dubai,United Arab Emirates,Asia/Dubai,292223,Nag Panchami; Kalki Jayanti; Simha Sankranti,Simha Sankranti: Simha Sankranti Moment - 06:34 AM | Simha Sankranti Punya Kala - 05:54 AM to 06:34 AM | Simha Sankranti Maha Punya Kala - 05:54 AM to 06:34 AM,,2026-08-17_GST.txt
2026-08-17,geoname:2928751|city:esslingen,Esslingen,Esslingen,Germany,Europe/Berlin,2928751,Nag Panchami; Kalki Jayanti; Simha Sankranti,Simha Sankranti: Simha Sankranti Moment - 04:34 AM | Simha Sankranti Punya Kala - 06:18 AM to 01:26 PM | Simha Sankranti Maha Punya Kala - 06:18 AM to 08:41 AM,,2026-08-17_CEST.txt
2026-08-17,geoname:4167147|city:orlando,Orlando,Florida,United States,America/New_York,4167147,Kalki Jayanti,,,2026-08-17_EDT.txt
2026-08-17,geoname:4174757|city:tampa,Tampa,Florida,United States,America/New_York,4174757,Kalki Jayanti,,,2026-08-17_EDT.txt
2026-08-17,geoname:4180439|city:atlanta,Atlanta,Georgia,United States,America/New_York,4180439,Kalki Jayanti,,,2026-08-17_EDT.txt
2026-08-17,geoname:4256038|city:columbus,Columbus,Indiana,United States,America/Indiana/Indianapolis,4256038,Kalki Jayanti,,,2026-08-17_EDT.txt
2026-08-17,geoname:4347778|city:baltimore,Baltimore,Maryland,United States,America/New_York,4347778,Kalki Jayanti,,,2026-08-17_EDT.txt
2026-08-17,geoname:4460243|city:charlotte,Charlotte,North Carolina,United States,America/New_York,4460243,Kalki Jayanti,,,2026-08-17_EDT.txt
2026-08-17,geoname:4487042|city:raleigh,Raleigh,North Carolina,United States,America/New_York,4487042,Kalki Jayanti,,,2026-08-17_EDT.txt
2026-08-17,geoname:4508722|city:cincinnati,Cincinnati,Ohio,United States,America/New_York,4508722,Kalki Jayanti,,,2026-08-17_EDT.txt
2026-08-17,geoname:4509177|city:columbus,Columbus,Ohio,United States,America/New_York,4509177,Kalki Jayanti,,,2026-08-17_EDT.txt
2026-08-17,geoname:4560349|city:philadelphia,Philadelphia,Pennsylvania,United States,America/New_York,4560349,Kalki Jayanti,,,2026-08-17_EDT.txt
2026-08-17,geoname:4634946|city:knoxville,Knoxville,Tennessee,United States,America/New_York,4634946,Kalki Jayanti,,,2026-08-17_EDT.txt
2026-08-17,geoname:4644585|city:nashville,Nashville,Tennessee,United States,America/Chicago,4644585,Kalki Jayanti,,,2026-08-17_CDT.txt
2026-08-17,geoname:4684888|city:dallas,Dallas,Texas,United States,America/Chicago,4684888,Kalki Jayanti,,,2026-08-17_CDT.txt
2026-08-17,geoname:4699066|city:houston,Houston,Texas,United States,America/Chicago,4699066,Kalki Jayanti,,,2026-08-17_CDT.txt
2026-08-17,geoname:4781708|city:richmond,Richmond,Virginia,United States,America/New_York,4781708,Kalki Jayanti,,,2026-08-17_EDT.txt
2026-08-17,geoname:4887398|city:chicago,Chicago,Illinois,United States,America/Chicago,4887398,Kalki Jayanti,,,2026-08-17_CDT.txt
2026-08-17,geoname:4922462|city:lafayette,Lafayette,Indiana,United States,America/Indiana/Indianapolis,4922462,Kalki Jayanti,,,2026-08-17_EDT.txt
2026-08-17,geoname:5099836|city:new_jersey,New Jersey,New Jersey,United States,America/New_York,5099836,Kalki Jayanti,,,2026-08-17_EDT.txt
2026-08-17,geoname:5108728|city:belfast,Belfast,New York,United States,America/New_York,5108728,Kalki Jayanti,,,2026-08-17_EDT.txt
2026-08-17,geoname:5110629|city:buffalo,Buffalo,New York,United States,America/New_York,5110629,Kalki Jayanti,,,2026-08-17_EDT.txt
2026-08-17,geoname:5119251|city:greece,Greece,New York,United States,America/New_York,5119251,Kalki Jayanti,,,2026-08-17_EDT.txt
2026-08-17,geoname:5128581|city:new_york,New York,New York,United States,America/New_York,5128581,Kalki Jayanti,,,2026-08-17_EDT.txt
2026-08-17,geoname:5131614|city:pittsford,Pittsford,New York,United States,America/New_York,5131614,Kalki Jayanti,,,2026-08-17_EDT.txt
2026-08-17,geoname:5134086|city:rochester,Rochester,New York,United States,America/New_York,5134086,Kalki Jayanti,,,2026-08-17_EDT.txt
2026-08-17,geoname:5139865|city:stonybrook,Stonybrook,New York,United States,America/New_York,5139865,Kalki Jayanti,,,2026-08-17_EDT.txt
2026-08-17,geoname:5140405|city:syracuse,Syracuse,New York,United States,America/New_York,5140405,Kalki Jayanti,,,2026-08-17_EDT.txt
2026-08-17,geoname:5150529|city:cleveland,Cleveland,Ohio,United States,America/New_York,5150529,Kalki Jayanti,,,2026-08-17_EDT.txt
2026-08-17,geoname:5308655|city:phoenix,Phoenix,Arizona,United States,America/Phoenix,5308655,Kalki Jayanti,,,2026-08-17_MST.txt
2026-08-17,geoname:5368361|city:los_angeles,Los Angeles,California,United States,America/Los_Angeles,5368361,Kalki Jayanti,,,2026-08-17_PDT.txt
2026-08-17,geoname:5383527|city:placentia,Placentia,California,United States,America/Los_Angeles,5383527,Kalki Jayanti,,,2026-08-17_PDT.txt
2026-08-17,geoname:5391959|city:san_francisco,San Francisco,California,United States,America/Los_Angeles,5391959,Kalki Jayanti,,,2026-08-17_PDT.txt
2026-08-17,geoname:5809844|city:seattle,Seattle,Washington,United States,America/Los_Angeles,5809844,Kalki Jayanti,,,2026-08-17_PDT.txt
2026-08-17,geoname:6173331|city:vancouver,Vancouver,British Columbia,Canada,America/Los_Angeles,6173331,Kalki Jayanti,,,2026-08-17_PDT.txt
2026-08-18,geoname:1253102|city:visakhapatnam,Visakhapatnam,Andra Pradesh,India,Asia/Kolkata,1253102,Kalki Jayanti,,,2026-08-18_IST.txt
2026-08-18,geoname:1253405|city:varanasi,Varanasi,Uttar Pradesh,India,Asia/Kolkata,1253405,Kalki Jayanti,,,2026-08-18_IST.txt
2026-08-18,geoname:1253573|city:vadodara,Vadodara,Gujarat,India,Asia/Kolkata,1253573,Kalki Jayanti,,,2026-08-18_IST.txt
2026-08-18,geoname:1253952|city:udupi,Udupi,Karnataka,India,Asia/Kolkata,1253952,Kalki Jayanti,,,2026-08-18_IST.txt
2026-08-18,geoname:1254163|city:thiruvananthapuram,Thiruvananthapuram,Kerala,India,Asia/Kolkata,1254163,Kalki Jayanti,,,2026-08-18_IST.txt
2026-08-18,geoname:1254360|city:tirupati,Tirupati,Andhra Pradesh,India,Asia/Kolkata,1254360,Kalki Jayanti,,,2026-08-18_IST.txt
2026-08-18,geoname:1254388|city:srirangam,Srirangam,Tamil Nadu,India,Asia/Kolkata,1254388,Kalki Jayanti,,,2026-08-18_IST.txt
2026-08-18,geoname:1255364|city:surat,Surat,Gujarat,India,Asia/Kolkata,1255364,Kalki Jayanti,,,2026-08-18_IST.txt
2026-08-18,geoname:1255634|city:srinagar,Srinagar,Jammu and Kashmir,India,Asia/Kolkata,1255634,Kalki Jayanti,,,2026-08-18_IST.txt
2026-08-18,geoname:1256287|city:silchar,Silchar,Assam,India,Asia/Kolkata,1256287,Kalki Jayanti,,,2026-08-18_IST.txt
2026-08-18,geoname:1256525|city:shiliguri,Shiliguri,West Bengal,India,Asia/Kolkata,1256525,Kalki Jayanti,,,2026-08-18_IST.txt
2026-08-18,geoname:1259229|city:pune,Pune,Maharashtra,India,Asia/Kolkata,1259229,Kalki Jayanti,,,2026-08-18_IST.txt
2026-08-18,geoname:1260546|city:pandharpur,Pandharpur,Maharashtra,India,Asia/Kolkata,1260546,Kalki Jayanti,,,2026-08-18_IST.txt
2026-08-18,geoname:1262180|city:nagpur,Nagpur,Maharashtra,India,Asia/Kolkata,1262180,Kalki Jayanti,,,2026-08-18_IST.txt
2026-08-18,geoname:1262321|city:mysuru,Mysuru,Karnataka,India,Asia/Kolkata,1262321,Kalki Jayanti,,,2026-08-18_IST.txt
2026-08-18,geoname:1262321|city:t_narasipura,T Narasipura,Karnataka,India,Asia/Kolkata,1262321,Kalki Jayanti,,,2026-08-18_IST.txt
2026-08-18,geoname:1263780|city:mangalore,Mangalore,Karnataka,India,Asia/Kolkata,1263780,Kalki Jayanti,,,2026-08-18_IST.txt
2026-08-18,geoname:1264521|city:madurai,Madurai,Tamil Nadu,India,Asia/Kolkata,1264521,Kalki Jayanti,,,2026-08-18_IST.txt
2026-08-18,geoname:1264527|city:chennai,Chennai,Tamil Nadu,India,Asia/Kolkata,1264527,Kalki Jayanti,,,2026-08-18_IST.txt
2026-08-18,geoname:1264733|city:lucknow,Lucknow,Uttar Pradesh,India,Asia/Kolkata,1264733,Kalki Jayanti,,,2026-08-18_IST.txt
2026-08-18,geoname:1265683|city:kumbakonam,Kumbakonam,Tamil Nadu,India,Asia/Kolkata,1265683,Kalki Jayanti,,,2026-08-18_IST.txt
2026-08-18,geoname:1266285|city:kolhapur,Kolhapur,Maharashtra,India,Asia/Kolkata,1266285,Kalki Jayanti,,,2026-08-18_IST.txt
2026-08-18,geoname:1268159|city:kanchipuram,Kanchipuram,Tamil Nadu,India,Asia/Kolkata,1268159,Kalki Jayanti,,,2026-08-18_IST.txt
2026-08-18,geoname:1269655|city:itanagar,Itanagar,Arunachal Pradesh,India,Asia/Kolkata,1269655,Kalki Jayanti,,,2026-08-18_IST.txt
2026-08-18,geoname:1269771|city:imphal,Imphal,Manipur,India,Asia/Kolkata,1269771,Kalki Jayanti,,,2026-08-18_IST.txt
2026-08-18,geoname:1269843|city:hyderabad,Hyderabad,Telangana,India,Asia/Kolkata,1269843,Kalki Jayanti,,,2026-08-18_IST.txt
2026-08-18,geoname:1269920|city:hubli,Hubli,Karnataka,India,Asia/Kolkata,1269920,Kalki Jayanti,,,2026-08-18_IST.txt
2026-08-18,geoname:1270603|city:guruvayur,Guruvayur,Kerala,India,Asia/Kolkata,1270603,Kalki Jayanti,,,2026-08-18_IST.txt
2026-08-18,geoname:1271476|city:guwahati,Guwahati,Assam,India,Asia/Kolkata,1271476,Kalki Jayanti,,,2026-08-18_IST.txt
2026-08-18,geoname:1271631|city:gangtok,Gangtok,Sikkim,India,Asia/Kolkata,1271631,Kalki Jayanti,,,2026-08-18_IST.txt
2026-08-18,geoname:1272552|city:dimapur,Dimapur,Nagaland,India,Asia/Kolkata,1272552,Kalki Jayanti,,,2026-08-18_IST.txt
2026-08-18,geoname:1272648|city:dibrugarh,Dibrugarh,Assam,India,Asia/Kolkata,1272648,Kalki Jayanti,,,2026-08-18_IST.txt
2026-08-18,geoname:1274256|city:chidambaram,Chidambaram,Tamil Nadu,India,Asia/Kolkata,1274256,Kalki Jayanti,,,2026-08-18_IST.txt
2026-08-18,geoname:1275004|city:kolkata,Kolkata,West Bengal,India,Asia/Kolkata,1275004,Kalki Jayanti,,,2026-08-18_IST.txt
2026-08-18,geoname:1275339|city:mumbai,Mumbai,Maharashtra,India,Asia/Kolkata,1275339,Kalki Jayanti,,,2026-08-18_IST.txt
2026-08-18,geoname:1275817|city:bhubaneswar,Bhubaneswar,Odisha,India,Asia/Kolkata,1275817,Kalki Jayanti,,,2026-08-18_IST.txt
2026-08-18,geoname:1275841|city:bhopal,Bhopal,Madhya Pradesh,India,Asia/Kolkata,1275841,Kalki Jayanti,,,2026-08-18_IST.txt
2026-08-18,geoname:1276533|city:belgaum,Belgaum,Karnataka,India,Asia/Kolkata,1276533,Kalki Jayanti,,,2026-08-18_IST.txt
2026-08-18,geoname:1277333|city:bengaluru,Bengaluru,Karnataka,India,Asia/Kolkata,1277333,Kalki Jayanti,,,2026-08-18_IST.txt
2026-08-18,geoname:1278094|city:ayodhya,Ayodhya,Uttar Pradesh,India,Asia/Kolkata,1278094,Kalki Jayanti,,,2026-08-18_IST.txt
2026-08-18,geoname:1278994|city:prayagraj,Prayagraj,Uttar Pradesh,India,Asia/Kolkata,1278994,Kalki Jayanti,,,2026-08-18_IST.txt
2026-08-18,geoname:1279186|city:aizawl,Aizawl,Mizoram,India,Asia/Kolkata,1279186,Kalki Jayanti,,,2026-08-18_IST.txt
2026-08-18,geoname:1279290|city:agartala,Agartala,Tripura,India,Asia/Kolkata,1279290,Kalki Jayanti,,,2026-08-18_IST.txt
2026-08-18,geoname:1835848|city:seoul,Seoul,Seoul,South Korea,Asia/Seoul,1835848,Kalki Jayanti,,,2026-08-18_KST.txt
2026-08-18,geoname:2063523|city:perth,Perth,Western Australia,Australia,Australia/Perth,2063523,Kalki Jayanti,,,2026-08-18_AWST.txt
2026-08-18,geoname:2078025|city:adelaide,Adelaide,South Australia,Australia,Australia/Adelaide,2078025,Kalki Jayanti,,,2026-08-18_ACST.txt
2026-08-18,geoname:2147714|city:sydney,Sydney,New South Wales,Australia,Australia/Sydney,2147714,Kalki Jayanti,,,2026-08-18_AEST.txt
2026-08-18,geoname:2158177|city:melbourne,Melbourne,Victoria,Australia,Australia/Melbourne,2158177,Kalki Jayanti,,,2026-08-18_AEST.txt
2026-08-18,geoname:2172517|city:canberra,Canberra,Australian Capital Territory,Australia,Australia/Sydney,2172517,Kalki Jayanti,,,2026-08-18_AEST.txt
2026-08-18,geoname:2174003|city:brisbane,Brisbane,Queensland,Australia,Australia/Brisbane,2174003,Kalki Jayanti,,,2026-08-18_AEST.txt
2026-08-18,geoname:2179537|city:wellington,Wellington,Wellington,New Zealand,Pacific/Auckland,2179537,Kalki Jayanti,,,2026-08-18_NZST.txt
2026-08-18,geoname:2192362|city:christchurch,Christchurch,Canterbury,New Zealand,Pacific/Auckland,2192362,Kalki Jayanti,,,2026-08-18_NZST.txt
2026-08-18,geoname:2193733|city:auckland,Auckland,Auckland,New Zealand,Pacific/Auckland,2193733,Kalki Jayanti,,,2026-08-18_NZST.txt
2026-08-21,geoname:2643743|city:london,London,London,United Kingdom,Europe/London,2643743,Varalakshmi Vrat,,,2026-08-21_BST.txt
2026-08-21,geoname:2657896|city:zurich,Zurich,Zurich,Switzerland,Europe/Zurich,2657896,Varalakshmi Vrat,,,2026-08-21_CEST.txt
2026-08-21,geoname:2928751|city:esslingen,Esslingen,Esslingen,Germany,Europe/Berlin,2928751,Varalakshmi Vrat,,,2026-08-21_CEST.txt
2026-08-21,geoname:4167147|city:orlando,Orlando,Florida,United States,America/New_York,4167147,Varalakshmi Vrat,,,2026-08-21_EDT.txt
2026-08-21,geoname:4174757|city:tampa,Tampa,Florida,United States,America/New_York,4174757,Varalakshmi Vrat,,,2026-08-21_EDT.txt
2026-08-21,geoname:4180439|city:atlanta,Atlanta,Georgia,United States,America/New_York,4180439,Varalakshmi Vrat,,,2026-08-21_EDT.txt
2026-08-21,geoname:4256038|city:columbus,Columbus,Indiana,United States,America/Indiana/Indianapolis,4256038,Varalakshmi Vrat,,,2026-08-21_EDT.txt
2026-08-21,geoname:4347778|city:baltimore,Baltimore,Maryland,United States,America/New_York,4347778,Varalakshmi Vrat,,,2026-08-21_EDT.txt
2026-08-21,geoname:4460243|city:charlotte,Charlotte,North Carolina,United States,America/New_York,4460243,Varalakshmi Vrat,,,2026-08-21_EDT.txt
2026-08-21,geoname:4487042|city:raleigh,Raleigh,North Carolina,United States,America/New_York,4487042,Varalakshmi Vrat,,,2026-08-21_EDT.txt
2026-08-21,geoname:4508722|city:cincinnati,Cincinnati,Ohio,United States,America/New_York,4508722,Varalakshmi Vrat,,,2026-08-21_EDT.txt
2026-08-21,geoname:4509177|city:columbus,Columbus,Ohio,United States,America/New_York,4509177,Varalakshmi Vrat,,,2026-08-21_EDT.txt
2026-08-21,geoname:4560349|city:philadelphia,Philadelphia,Pennsylvania,United States,America/New_York,4560349,Varalakshmi Vrat,,,2026-08-21_EDT.txt
2026-08-21,geoname:4634946|city:knoxville,Knoxville,Tennessee,United States,America/New_York,4634946,Varalakshmi Vrat,,,2026-08-21_EDT.txt
2026-08-21,geoname:4644585|city:nashville,Nashville,Tennessee,United States,America/Chicago,4644585,Varalakshmi Vrat,,,2026-08-21_CDT.txt
2026-08-21,geoname:4684888|city:dallas,Dallas,Texas,United States,America/Chicago,4684888,Varalakshmi Vrat,,,2026-08-21_CDT.txt
2026-08-21,geoname:4699066|city:houston,Houston,Texas,United States,America/Chicago,4699066,Varalakshmi Vrat,,,2026-08-21_CDT.txt
2026-08-21,geoname:4781708|city:richmond,Richmond,Virginia,United States,America/New_York,4781708,Varalakshmi Vrat,,,2026-08-21_EDT.txt
2026-08-21,geoname:4887398|city:chicago,Chicago,Illinois,United States,America/Chicago,4887398,Varalakshmi Vrat,,,2026-08-21_CDT.txt
2026-08-21,geoname:4922462|city:lafayette,Lafayette,Indiana,United States,America/Indiana/Indianapolis,4922462,Varalakshmi Vrat,,,2026-08-21_EDT.txt
2026-08-21,geoname:5099836|city:new_jersey,New Jersey,New Jersey,United States,America/New_York,5099836,Varalakshmi Vrat,,,2026-08-21_EDT.txt
2026-08-21,geoname:5108728|city:belfast,Belfast,New York,United States,America/New_York,5108728,Varalakshmi Vrat,,,2026-08-21_EDT.txt
2026-08-21,geoname:5110629|city:buffalo,Buffalo,New York,United States,America/New_York,5110629,Varalakshmi Vrat,,,2026-08-21_EDT.txt
2026-08-21,geoname:5119251|city:greece,Greece,New York,United States,America/New_York,5119251,Varalakshmi Vrat,,,2026-08-21_EDT.txt
2026-08-21,geoname:5128581|city:new_york,New York,New York,United States,America/New_York,5128581,Varalakshmi Vrat,,,2026-08-21_EDT.txt
2026-08-21,geoname:5131614|city:pittsford,Pittsford,New York,United States,America/New_York,5131614,Varalakshmi Vrat,,,2026-08-21_EDT.txt
2026-08-21,geoname:5134086|city:rochester,Rochester,New York,United States,America/New_York,5134086,Varalakshmi Vrat,,,2026-08-21_EDT.txt
2026-08-21,geoname:5139865|city:stonybrook,Stonybrook,New York,United States,America/New_York,5139865,Varalakshmi Vrat,,,2026-08-21_EDT.txt
2026-08-21,geoname:5140405|city:syracuse,Syracuse,New York,United States,America/New_York,5140405,Varalakshmi Vrat,,,2026-08-21_EDT.txt
2026-08-21,geoname:5150529|city:cleveland,Cleveland,Ohio,United States,America/New_York,5150529,Varalakshmi Vrat,,,2026-08-21_EDT.txt
2026-08-21,geoname:5308655|city:phoenix,Phoenix,Arizona,United States,America/Phoenix,5308655,Varalakshmi Vrat,,,2026-08-21_MST.txt
2026-08-21,geoname:5368361|city:los_angeles,Los Angeles,California,United States,America/Los_Angeles,5368361,Varalakshmi Vrat,,,2026-08-21_PDT.txt
2026-08-21,geoname:5383527|city:placentia,Placentia,California,United States,America/Los_Angeles,5383527,Varalakshmi Vrat,,,2026-08-21_PDT.txt
2026-08-21,geoname:5391959|city:san_francisco,San Francisco,California,United States,America/Los_Angeles,5391959,Varalakshmi Vrat,,,2026-08-21_PDT.txt
2026-08-21,geoname:5809844|city:seattle,Seattle,Washington,United States,America/Los_Angeles,5809844,Varalakshmi Vrat,,,2026-08-21_PDT.txt
2026-08-21,geoname:6173331|city:vancouver,Vancouver,British Columbia,Canada,America/Los_Angeles,6173331,Varalakshmi Vrat,,,2026-08-21_PDT.txt
2026-08-23,geoname:1253102|city:visakhapatnam,Visakhapatnam,Andra Pradesh,India,Asia/Kolkata,1253102,Shravana Putrada Ekadashi (Dwadashi Dwaya - upavasa on 23-Aug and 24-Aug),"AruNodaya: 23 August 2026, 04:05:00 AM | Tithi start: 23 August 2026, 02:00:00 AM | Tithi end: 24 August 2026, 04:18:00 AM | Upavaasa dates: 23-Aug-26 and 24-Aug-26 | Parana date: On 25th Aug, Parana Time for Vaishnava Ekadashi - 05:42 AM to 06:20 AM",Dwadashi Dwaya: Upavaasa must be observed on both 23 August 2026 and 24 August 2026. Parana is to be performed on 25 August 2026.,2026-08-23_IST.txt
2026-08-23,geoname:1253405|city:varanasi,Varanasi,Uttar Pradesh,India,Asia/Kolkata,1253405,Shravana Putrada Ekadashi (Dwadashi Dwaya - upavasa on 23-Aug and 24-Aug),"AruNodaya: 23 August 2026, 03:59:00 AM | Tithi start: 23 August 2026, 02:00:00 AM | Tithi end: 24 August 2026, 04:18:00 AM | Upavaasa dates: 23-Aug-26 and 24-Aug-26 | Parana date: On 25th Aug, Parana Time for Vaishnava Ekadashi - 05:36 AM to 06:20 AM",Dwadashi Dwaya: Upavaasa must be observed on both 23 August 2026 and 24 August 2026. Parana is to be performed on 25 August 2026.,2026-08-23_IST.txt
2026-08-23,geoname:1253573|city:vadodara,Vadodara,Gujarat,India,Asia/Kolkata,1253573,Shravana Putrada Ekadashi (Dwadashi Dwaya - upavasa on 23-Aug and 24-Aug),"AruNodaya: 23 August 2026, 04:41:00 AM | Tithi start: 23 August 2026, 02:00:00 AM | Tithi end: 24 August 2026, 04:18:00 AM | Upavaasa dates: 23-Aug-26 and 24-Aug-26 | Parana date: On 25th Aug, Parana Time for Vaishnava Ekadashi - 06:18 AM to 06:20 AM",Dwadashi Dwaya: Upavaasa must be observed on both 23 August 2026 and 24 August 2026. Parana is to be performed on 25 August 2026.,2026-08-23_IST.txt
2026-08-23,geoname:1253952|city:udupi,Udupi,Karnataka,India,Asia/Kolkata,1253952,Shravana Putrada Ekadashi (Dwadashi Dwaya - upavasa on 23-Aug and 24-Aug),"AruNodaya: 23 August 2026, 04:43:00 AM | Tithi start: 23 August 2026, 02:00:00 AM | Tithi end: 24 August 2026, 04:18:00 AM | Upavaasa dates: 23-Aug-26 and 24-Aug-26 | Parana date: On 25th Aug, Parana Time for Vaishnava Ekadashi - 06:19 AM to 06:20 AM",Dwadashi Dwaya: Upavaasa must be observed on both 23 August 2026 and 24 August 2026. Parana is to be performed on 25 August 2026.,2026-08-23_IST.txt
2026-08-23,geoname:1254163|city:thiruvananthapuram,Thiruvananthapuram,Kerala,India,Asia/Kolkata,1254163,Shravana Putrada Ekadashi (Dwadashi Dwaya - upavasa on 23-Aug and 24-Aug),"AruNodaya: 23 August 2026, 04:39:00 AM | Tithi start: 23 August 2026, 02:00:00 AM | Tithi end: 24 August 2026, 04:18:00 AM | Upavaasa dates: 23-Aug-26 and 24-Aug-26 | Parana date: On 25th Aug, Parana Time for Vaishnava Ekadashi - 06:14 AM to 06:20 AM",Dwadashi Dwaya: Upavaasa must be observed on both 23 August 2026 and 24 August 2026. Parana is to be performed on 25 August 2026.,2026-08-23_IST.txt
2026-08-23,geoname:1254360|city:tirupati,Tirupati,Andhra Pradesh,India,Asia/Kolkata,1254360,Shravana Putrada Ekadashi (Dwadashi Dwaya - upavasa on 23-Aug and 24-Aug),"AruNodaya: 23 August 2026, 04:24:00 AM | Tithi start: 23 August 2026, 02:00:00 AM | Tithi end: 24 August 2026, 04:18:00 AM | Upavaasa dates: 23-Aug-26 and 24-Aug-26 | Parana date: On 25th Aug, Parana Time for Vaishnava Ekadashi - 06:00 AM to 06:20 AM",Dwadashi Dwaya: Upavaasa must be observed on both 23 August 2026 and 24 August 2026. Parana is to be performed on 25 August 2026.,2026-08-23_IST.txt
2026-08-23,geoname:1254388|city:srirangam,Srirangam,Tamil Nadu,India,Asia/Kolkata,1254388,Shravana Putrada Ekadashi (Dwadashi Dwaya - upavasa on 23-Aug and 24-Aug),"AruNodaya: 23 August 2026, 04:30:00 AM | Tithi start: 23 August 2026, 02:00:00 AM | Tithi end: 24 August 2026, 04:18:00 AM | Upavaasa dates: 23-Aug-26 and 24-Aug-26 | Parana date: On 25th Aug, Parana Time for Vaishnava Ekadashi - 06:06 AM to 06:20 AM",Dwadashi Dwaya: Upavaasa must be observed on both 23 August 2026 and 24 August 2026. Parana is to be performed on 25 August 2026.,2026-08-23_IST.txt
2026-08-23,geoname:1255364|city:surat,Surat,Gujarat,India,Asia/Kolkata,1255364,Shravana Putrada Ekadashi (Dwadashi Dwaya - upavasa on 23-Aug and 24-Aug),"AruNodaya: 23 August 2026, 04:44:00 AM | Tithi start: 23 August 2026, 02:00:00 AM | Tithi end: 24 August 2026, 04:18:00 AM | Upavaasa dates: 23-Aug-26 and 24-Aug-26 | Parana date: On 25th Aug, Parana Time for Vaishnava Ekadashi - 06:20 AM to 06:20 AM",Dwadashi Dwaya: Upavaasa must be observed on both 23 August 2026 and 24 August 2026. Parana is to be performed on 25 August 2026.,2026-08-23_IST.txt
2026-08-23,geoname:1255634|city:srinagar,Srinagar,Jammu and Kashmir,India,Asia/Kolkata,1255634,Shravana Putrada Ekadashi (Dwadashi Dwaya - upavasa on 23-Aug and 24-Aug),"AruNodaya: 23 August 2026, 04:22:00 AM | Tithi start: 23 August 2026, 02:00:00 AM | Tithi end: 24 August 2026, 04:18:00 AM | Upavaasa dates: 23-Aug-26 and 24-Aug-26 | Parana date: On 25th Aug, Parana Time for Vaishnava Ekadashi - 05:59 AM to 06:20 AM",Dwadashi Dwaya: Upavaasa must be observed on both 23 August 2026 and 24 August 2026. Parana is to be performed on 25 August 2026.,2026-08-23_IST.txt
2026-08-23,geoname:1256287|city:silchar,Silchar,Assam,India,Asia/Kolkata,1256287,Shravana Putrada Ekadashi (Dwadashi Dwaya - upavasa on 23-Aug and 24-Aug),"AruNodaya: 23 August 2026, 03:20:00 AM | Tithi start: 23 August 2026, 02:00:00 AM | Tithi end: 24 August 2026, 04:18:00 AM | Upavaasa dates: 23-Aug-26 and 24-Aug-26 | Parana date: On 25th Aug, Parana Time for Vaishnava Ekadashi - 04:57 AM to 06:20 AM",Dwadashi Dwaya: Upavaasa must be observed on both 23 August 2026 and 24 August 2026. Parana is to be performed on 25 August 2026.,2026-08-23_IST.txt
2026-08-23,geoname:1256525|city:shiliguri,Shiliguri,West Bengal,India,Asia/Kolkata,1256525,Shravana Putrada Ekadashi (Dwadashi Dwaya - upavasa on 23-Aug and 24-Aug),"AruNodaya: 23 August 2026, 03:36:00 AM | Tithi start: 23 August 2026, 02:00:00 AM | Tithi end: 24 August 2026, 04:18:00 AM | Upavaasa dates: 23-Aug-26 and 24-Aug-26 | Parana date: On 25th Aug, Parana Time for Vaishnava Ekadashi - 05:13 AM to 06:20 AM",Dwadashi Dwaya: Upavaasa must be observed on both 23 August 2026 and 24 August 2026. Parana is to be performed on 25 August 2026.,2026-08-23_IST.txt
2026-08-23,geoname:1259229|city:pune,Pune,Maharashtra,India,Asia/Kolkata,1259229,Shravana Putrada Ekadashi (Dwadashi Dwaya - upavasa on 23-Aug and 24-Aug),"AruNodaya: 23 August 2026, 04:42:00 AM | Tithi start: 23 August 2026, 02:00:00 AM | Tithi end: 24 August 2026, 04:18:00 AM | Upavaasa dates: 23-Aug-26 and 24-Aug-26 | Parana date: On 25th Aug, Parana Time for Vaishnava Ekadashi - 06:19 AM to 06:20 AM",Dwadashi Dwaya: Upavaasa must be observed on both 23 August 2026 and 24 August 2026. Parana is to be performed on 25 August 2026.,2026-08-23_IST.txt
2026-08-23,geoname:1260546|city:pandharpur,Pandharpur,Maharashtra,India,Asia/Kolkata,1260546,Shravana Putrada Ekadashi (Dwadashi Dwaya - upavasa on 23-Aug and 24-Aug),"AruNodaya: 23 August 2026, 04:37:00 AM | Tithi start: 23 August 2026, 02:00:00 AM | Tithi end: 24 August 2026, 04:18:00 AM | Upavaasa dates: 23-Aug-26 and 24-Aug-26 | Parana date: On 25th Aug, Parana Time for Vaishnava Ekadashi - 06:13 AM to 06:20 AM",Dwadashi Dwaya: Upavaasa must be observed on both 23 August 2026 and 24 August 2026. Parana is to be performed on 25 August 2026.,2026-08-23_IST.txt
2026-08-23,geoname:1262180|city:nagpur,Nagpur,Maharashtra,India,Asia/Kolkata,1262180,Shravana Putrada Ekadashi (Dwadashi Dwaya - upavasa on 23-Aug and 24-Aug),"AruNodaya: 23 August 2026, 04:19:00 AM | Tithi start: 23 August 2026, 02:00:00 AM | Tithi end: 24 August 2026, 04:18:00 AM | Upavaasa dates: 23-Aug-26 and 24-Aug-26 | Parana date: On 25th Aug, Parana Time for Vaishnava Ekadashi - 05:55 AM to 06:20 AM",Dwadashi Dwaya: Upavaasa must be observed on both 23 August 2026 and 24 August 2026. Parana is to be performed on 25 August 2026.,2026-08-23_IST.txt
2026-08-23,geoname:1262321|city:mysuru,Mysuru,Karnataka,India,Asia/Kolkata,1262321,Shravana Putrada Ekadashi (Dwadashi Dwaya - upavasa on 23-Aug and 24-Aug),"AruNodaya: 23 August 2026, 04:37:00 AM | Tithi start: 23 August 2026, 02:00:00 AM | Tithi end: 24 August 2026, 04:18:00 AM | Upavaasa dates: 23-Aug-26 and 24-Aug-26 | Parana date: On 25th Aug, Parana Time for Vaishnava Ekadashi - 06:13 AM to 06:20 AM",Dwadashi Dwaya: Upavaasa must be observed on both 23 August 2026 and 24 August 2026. Parana is to be performed on 25 August 2026.,2026-08-23_IST.txt
2026-08-23,geoname:1262321|city:t_narasipura,T Narasipura,Karnataka,India,Asia/Kolkata,1262321,Shravana Putrada Ekadashi (Dwadashi Dwaya - upavasa on 23-Aug and 24-Aug),"AruNodaya: 23 August 2026, 04:37:00 AM | Tithi start: 23 August 2026, 02:00:00 AM | Tithi end: 24 August 2026, 04:18:00 AM | Upavaasa dates: 23-Aug-26 and 24-Aug-26 | Parana date: On 25th Aug, Parana Time for Vaishnava Ekadashi - 06:13 AM to 06:20 AM",Dwadashi Dwaya: Upavaasa must be observed on both 23 August 2026 and 24 August 2026. Parana is to be performed on 25 August 2026.,2026-08-23_IST.txt
2026-08-23,geoname:1263780|city:mangalore,Mangalore,Karnataka,India,Asia/Kolkata,1263780,Shravana Putrada Ekadashi (Dwadashi Dwaya - upavasa on 23-Aug and 24-Aug),"AruNodaya: 23 August 2026, 04:43:00 AM | Tithi start: 23 August 2026, 02:00:00 AM | Tithi end: 24 August 2026, 04:18:00 AM | Upavaasa dates: 23-Aug-26 and 24-Aug-26 | Parana date: On 25th Aug, Parana Time for Vaishnava Ekadashi - 06:19 AM to 06:20 AM",Dwadashi Dwaya: Upavaasa must be observed on both 23 August 2026 and 24 August 2026. Parana is to be performed on 25 August 2026.,2026-08-23_IST.txt
2026-08-23,geoname:1264521|city:madurai,Madurai,Tamil Nadu,India,Asia/Kolkata,1264521,Shravana Putrada Ekadashi (Dwadashi Dwaya - upavasa on 23-Aug and 24-Aug),"AruNodaya: 23 August 2026, 04:33:00 AM | Tithi start: 23 August 2026, 02:00:00 AM | Tithi end: 24 August 2026, 04:18:00 AM | Upavaasa dates: 23-Aug-26 and 24-Aug-26 | Parana date: On 25th Aug, Parana Time for Vaishnava Ekadashi - 06:09 AM to 06:20 AM",Dwadashi Dwaya: Upavaasa must be observed on both 23 August 2026 and 24 August 2026. Parana is to be performed on 25 August 2026.,2026-08-23_IST.txt
2026-08-23,geoname:1264527|city:chennai,Chennai,Tamil Nadu,India,Asia/Kolkata,1264527,Shravana Putrada Ekadashi (Dwadashi Dwaya - upavasa on 23-Aug and 24-Aug),"AruNodaya: 23 August 2026, 04:21:00 AM | Tithi start: 23 August 2026, 02:00:00 AM | Tithi end: 24 August 2026, 04:18:00 AM | Upavaasa dates: 23-Aug-26 and 24-Aug-26 | Parana date: On 25th Aug, Parana Time for Vaishnava Ekadashi - 05:57 AM to 06:20 AM",Dwadashi Dwaya: Upavaasa must be observed on both 23 August 2026 and 24 August 2026. Parana is to be performed on 25 August 2026.,2026-08-23_IST.txt
2026-08-23,geoname:1264733|city:lucknow,Lucknow,Uttar Pradesh,India,Asia/Kolkata,1264733,Shravana Putrada Ekadashi (Dwadashi Dwaya - upavasa on 23-Aug and 24-Aug),"AruNodaya: 23 August 2026, 04:06:00 AM | Tithi start: 23 August 2026, 02:00:00 AM | Tithi end: 24 August 2026, 04:18:00 AM | Upavaasa dates: 23-Aug-26 and 24-Aug-26 | Parana date: On 25th Aug, Parana Time for Vaishnava Ekadashi - 05:42 AM to 06:20 AM",Dwadashi Dwaya: Upavaasa must be observed on both 23 August 2026 and 24 August 2026. Parana is to be performed on 25 August 2026.,2026-08-23_IST.txt
2026-08-23,geoname:1265683|city:kumbakonam,Kumbakonam,Tamil Nadu,India,Asia/Kolkata,1265683,Shravana Putrada Ekadashi (Dwadashi Dwaya - upavasa on 23-Aug and 24-Aug),"AruNodaya: 23 August 2026, 04:27:00 AM | Tithi start: 23 August 2026, 02:00:00 AM | Tithi end: 24 August 2026, 04:18:00 AM | Upavaasa dates: 23-Aug-26 and 24-Aug-26 | Parana date: On 25th Aug, Parana Time for Vaishnava Ekadashi - 06:03 AM to 06:20 AM",Dwadashi Dwaya: Upavaasa must be observed on both 23 August 2026 and 24 August 2026. Parana is to be performed on 25 August 2026.,2026-08-23_IST.txt
2026-08-23,geoname:1266285|city:kolhapur,Kolhapur,Maharashtra,India,Asia/Kolkata,1266285,Shravana Putrada Ekadashi (Dwadashi Dwaya - upavasa on 23-Aug and 24-Aug),"AruNodaya: 23 August 2026, 04:42:00 AM | Tithi start: 23 August 2026, 02:00:00 AM | Tithi end: 24 August 2026, 04:18:00 AM | Upavaasa dates: 23-Aug-26 and 24-Aug-26 | Parana date: On 25th Aug, Parana Time for Vaishnava Ekadashi - 06:19 AM to 06:20 AM",Dwadashi Dwaya: Upavaasa must be observed on both 23 August 2026 and 24 August 2026. Parana is to be performed on 25 August 2026.,2026-08-23_IST.txt
2026-08-23,geoname:1268159|city:kanchipuram,Kanchipuram,Tamil Nadu,India,Asia/Kolkata,1268159,Shravana Putrada Ekadashi (Dwadashi Dwaya - upavasa on 23-Aug and 24-Aug),"AruNodaya: 23 August 2026, 04:24:00 AM | Tithi start: 23 August 2026, 02:00:00 AM | Tithi end: 24 August 2026, 04:18:00 AM | Upavaasa dates: 23-Aug-26 and 24-Aug-26 | Parana date: On 25th Aug, Parana Time for Vaishnava Ekadashi - 06:00 AM to 06:20 AM",Dwadashi Dwaya: Upavaasa must be observed on both 23 August 2026 and 24 August 2026. Parana is to be performed on 25 August 2026.,2026-08-23_IST.txt
2026-08-23,geoname:1269655|city:itanagar,Itanagar,Arunachal Pradesh,India,Asia/Kolkata,1269655,Shravana Putrada Ekadashi (Dwadashi Dwaya - upavasa on 23-Aug and 24-Aug),"AruNodaya: 23 August 2026, 03:15:00 AM | Tithi start: 23 August 2026, 02:00:00 AM | Tithi end: 24 August 2026, 04:18:00 AM | Upavaasa dates: 23-Aug-26 and 24-Aug-26 | Parana date: On 25th Aug, Parana Time for Vaishnava Ekadashi - 04:51 AM to 06:20 AM",Dwadashi Dwaya: Upavaasa must be observed on both 23 August 2026 and 24 August 2026. Parana is to be performed on 25 August 2026.,2026-08-23_IST.txt
2026-08-23,geoname:1269771|city:imphal,Imphal,Manipur,India,Asia/Kolkata,1269771,Shravana Putrada Ekadashi (Dwadashi Dwaya - upavasa on 23-Aug and 24-Aug),"AruNodaya: 23 August 2026, 03:16:00 AM | Tithi start: 23 August 2026, 02:00:00 AM | Tithi end: 24 August 2026, 04:18:00 AM | Upavaasa dates: 23-Aug-26 and 24-Aug-26 | Parana date: On 25th Aug, Parana Time for Vaishnava Ekadashi - 04:52 AM to 06:20 AM",Dwadashi Dwaya: Upavaasa must be observed on both 23 August 2026 and 24 August 2026. Parana is to be performed on 25 August 2026.,2026-08-23_IST.txt
2026-08-23,geoname:1269843|city:hyderabad,Hyderabad,Telangana,India,Asia/Kolkata,1269843,Shravana Putrada Ekadashi (Dwadashi Dwaya - upavasa on 23-Aug and 24-Aug),"AruNodaya: 23 August 2026, 04:25:00 AM | Tithi start: 23 August 2026, 02:00:00 AM | Tithi end: 24 August 2026, 04:18:00 AM | Upavaasa dates: 23-Aug-26 and 24-Aug-26 | Parana date: On 25th Aug, Parana Time for Vaishnava Ekadashi - 06:01 AM to 06:20 AM",Dwadashi Dwaya: Upavaasa must be observed on both 23 August 2026 and 24 August 2026. Parana is to be performed on 25 August 2026.,2026-08-23_IST.txt
2026-08-23,geoname:1269920|city:hubli,Hubli,Karnataka,India,Asia/Kolkata,1269920,Shravana Putrada Ekadashi (Dwadashi Dwaya - upavasa on 23-Aug and 24-Aug),"AruNodaya: 23 August 2026, 04:40:00 AM | Tithi start: 23 August 2026, 02:00:00 AM | Tithi end: 24 August 2026, 04:18:00 AM | Upavaasa dates: 23-Aug-26 and 24-Aug-26 | Parana date: On 25th Aug, Parana Time for Vaishnava Ekadashi - 06:16 AM to 06:20 AM",Dwadashi Dwaya: Upavaasa must be observed on both 23 August 2026 and 24 August 2026. Parana is to be performed on 25 August 2026.,2026-08-23_IST.txt
2026-08-23,geoname:1270603|city:guruvayur,Guruvayur,Kerala,India,Asia/Kolkata,1270603,Shravana Putrada Ekadashi (Dwadashi Dwaya - upavasa on 23-Aug and 24-Aug),"AruNodaya: 23 August 2026, 04:40:00 AM | Tithi start: 23 August 2026, 02:00:00 AM | Tithi end: 24 August 2026, 04:18:00 AM | Upavaasa dates: 23-Aug-26 and 24-Aug-26 | Parana date: On 25th Aug, Parana Time for Vaishnava Ekadashi - 06:16 AM to 06:20 AM",Dwadashi Dwaya: Upavaasa must be observed on both 23 August 2026 and 24 August 2026. Parana is to be performed on 25 August 2026.,2026-08-23_IST.txt
2026-08-23,geoname:1271476|city:guwahati,Guwahati,Assam,India,Asia/Kolkata,1271476,Shravana Putrada Ekadashi (Dwadashi Dwaya - upavasa on 23-Aug and 24-Aug),"AruNodaya: 23 August 2026, 03:23:00 AM | Tithi start: 23 August 2026, 02:00:00 AM | Tithi end: 24 August 2026, 04:18:00 AM | Upavaasa dates: 23-Aug-26 and 24-Aug-26 | Parana date: On 25th Aug, Parana Time for Vaishnava Ekadashi - 05:00 AM to 06:20 AM",Dwadashi Dwaya: Upavaasa must be observed on both 23 August 2026 and 24 August 2026. Parana is to be performed on 25 August 2026.,2026-08-23_IST.txt
2026-08-23,geoname:1271631|city:gangtok,Gangtok,Sikkim,India,Asia/Kolkata,1271631,Shravana Putrada Ekadashi (Dwadashi Dwaya - upavasa on 23-Aug and 24-Aug),"AruNodaya: 23 August 2026, 03:34:00 AM | Tithi start: 23 August 2026, 02:00:00 AM | Tithi end: 24 August 2026, 04:18:00 AM | Upavaasa dates: 23-Aug-26 and 24-Aug-26 | Parana date: On 25th Aug, Parana Time for Vaishnava Ekadashi - 05:11 AM to 06:20 AM",Dwadashi Dwaya: Upavaasa must be observed on both 23 August 2026 and 24 August 2026. Parana is to be performed on 25 August 2026.,2026-08-23_IST.txt
2026-08-23,geoname:1272552|city:dimapur,Dimapur,Nagaland,India,Asia/Kolkata,1272552,Shravana Putrada Ekadashi (Dwadashi Dwaya - upavasa on 23-Aug and 24-Aug),"AruNodaya: 23 August 2026, 03:15:00 AM | Tithi start: 23 August 2026, 02:00:00 AM | Tithi end: 24 August 2026, 04:18:00 AM | Upavaasa dates: 23-Aug-26 and 24-Aug-26 | Parana date: On 25th Aug, Parana Time for Vaishnava Ekadashi - 04:52 AM to 06:20 AM",Dwadashi Dwaya: Upavaasa must be observed on both 23 August 2026 and 24 August 2026. Parana is to be performed on 25 August 2026.,2026-08-23_IST.txt
2026-08-23,geoname:1272648|city:dibrugarh,Dibrugarh,Assam,India,Asia/Kolkata,1272648,Shravana Putrada Ekadashi (Dwadashi Dwaya - upavasa on 23-Aug and 24-Aug),"AruNodaya: 23 August 2026, 03:09:00 AM | Tithi start: 23 August 2026, 02:00:00 AM | Tithi end: 24 August 2026, 04:18:00 AM | Upavaasa dates: 23-Aug-26 and 24-Aug-26 | Parana date: On 25th Aug, Parana Time for Vaishnava Ekadashi - 04:46 AM to 06:20 AM",Dwadashi Dwaya: Upavaasa must be observed on both 23 August 2026 and 24 August 2026. Parana is to be performed on 25 August 2026.,2026-08-23_IST.txt
2026-08-23,geoname:1274256|city:chidambaram,Chidambaram,Tamil Nadu,India,Asia/Kolkata,1274256,Shravana Putrada Ekadashi (Dwadashi Dwaya - upavasa on 23-Aug and 24-Aug),"AruNodaya: 23 August 2026, 04:25:00 AM | Tithi start: 23 August 2026, 02:00:00 AM | Tithi end: 24 August 2026, 04:18:00 AM | Upavaasa dates: 23-Aug-26 and 24-Aug-26 | Parana date: On 25th Aug, Parana Time for Vaishnava Ekadashi - 06:01 AM to 06:20 AM",Dwadashi Dwaya: Upavaasa must be observed on both 23 August 2026 and 24 August 2026. Parana is to be performed on 25 August 2026.,2026-08-23_IST.txt
2026-08-23,geoname:1275004|city:kolkata,Kolkata,West Bengal,India,Asia/Kolkata,1275004,Shravana Putrada Ekadashi (Dwadashi Dwaya - upavasa on 23-Aug and 24-Aug),"AruNodaya: 23 August 2026, 03:40:00 AM | Tithi start: 23 August 2026, 02:00:00 AM | Tithi end: 24 August 2026, 04:18:00 AM | Upavaasa dates: 23-Aug-26 and 24-Aug-26 | Parana date: On 25th Aug, Parana Time for Vaishnava Ekadashi - 05:17 AM to 06:20 AM",Dwadashi Dwaya: Upavaasa must be observed on both 23 August 2026 and 24 August 2026. Parana is to be performed on 25 August 2026.,2026-08-23_IST.txt
2026-08-23,geoname:1275339|city:mumbai,Mumbai,Maharashtra,India,Asia/Kolkata,1275339,Shravana Putrada Ekadashi,"AruNodaya: 23 August 2026, 04:45:00 AM | Tithi start: 23 August 2026, 02:00:00 AM | Tithi end: 24 August 2026, 04:18:00 AM | Upavaasa date: 23-Aug-26 | Parana date: On 24th Aug, Parana Time - 01:57 PM to 04:28 PM | Hari Vasara end: On Parana Day Hari Vasara End Moment - 10:49 AM",,2026-08-23_IST.txt
2026-08-23,geoname:1275817|city:bhubaneswar,Bhubaneswar,Odisha,India,Asia/Kolkata,1275817,Shravana Putrada Ekadashi (Dwadashi Dwaya - upavasa on 23-Aug and 24-Aug),"AruNodaya: 23 August 2026, 03:52:00 AM | Tithi start: 23 August 2026, 02:00:00 AM | Tithi end: 24 August 2026, 04:18:00 AM | Upavaasa dates: 23-Aug-26 and 24-Aug-26 | Parana date: On 25th Aug, Parana Time for Vaishnava Ekadashi - 05:29 AM to 06:20 AM",Dwadashi Dwaya: Upavaasa must be observed on both 23 August 2026 and 24 August 2026. Parana is to be performed on 25 August 2026.,2026-08-23_IST.txt
2026-08-23,geoname:1275841|city:bhopal,Bhopal,Madhya Pradesh,India,Asia/Kolkata,1275841,Shravana Putrada Ekadashi (Dwadashi Dwaya - upavasa on 23-Aug and 24-Aug),"AruNodaya: 23 August 2026, 04:23:00 AM | Tithi start: 23 August 2026, 02:00:00 AM | Tithi end: 24 August 2026, 04:18:00 AM | Upavaasa dates: 23-Aug-26 and 24-Aug-26 | Parana date: On 25th Aug, Parana Time for Vaishnava Ekadashi - 06:00 AM to 06:20 AM",Dwadashi Dwaya: Upavaasa must be observed on both 23 August 2026 and 24 August 2026. Parana is to be performed on 25 August 2026.,2026-08-23_IST.txt
2026-08-23,geoname:1276533|city:belgaum,Belgaum,Karnataka,India,Asia/Kolkata,1276533,Shravana Putrada Ekadashi (Dwadashi Dwaya - upavasa on 23-Aug and 24-Aug),"AruNodaya: 23 August 2026, 04:42:00 AM | Tithi start: 23 August 2026, 02:00:00 AM | Tithi end: 24 August 2026, 04:18:00 AM | Upavaasa dates: 23-Aug-26 and 24-Aug-26 | Parana date: On 25th Aug, Parana Time for Vaishnava Ekadashi - 06:18 AM to 06:20 AM",Dwadashi Dwaya: Upavaasa must be observed on both 23 August 2026 and 24 August 2026. Parana is to be performed on 25 August 2026.,2026-08-23_IST.txt
2026-08-23,geoname:1277333|city:bengaluru,Bengaluru,Karnataka,India,Asia/Kolkata,1277333,Shravana Putrada Ekadashi (Dwadashi Dwaya - upavasa on 23-Aug and 24-Aug),"AruNodaya: 23 August 2026, 04:32:00 AM | Tithi start: 23 August 2026, 02:00:00 AM | Tithi end: 24 August 2026, 04:18:00 AM | Upavaasa dates: 23-Aug-26 and 24-Aug-26 | Parana date: On 25th Aug, Parana Time for Vaishnava Ekadashi - 06:08 AM to 06:20 AM",Dwadashi Dwaya: Upavaasa must be observed on both 23 August 2026 and 24 August 2026. Parana is to be performed on 25 August 2026.,2026-08-23_IST.txt
2026-08-23,geoname:1278094|city:ayodhya,Ayodhya,Uttar Pradesh,India,Asia/Kolkata,1278094,Shravana Putrada Ekadashi (Dwadashi Dwaya - upavasa on 23-Aug and 24-Aug),"AruNodaya: 23 August 2026, 04:00:00 AM | Tithi start: 23 August 2026, 02:00:00 AM | Tithi end: 24 August 2026, 04:18:00 AM | Upavaasa dates: 23-Aug-26 and 24-Aug-26 | Parana date: On 25th Aug, Parana Time for Vaishnava Ekadashi - 05:37 AM to 06:20 AM",Dwadashi Dwaya: Upavaasa must be observed on both 23 August 2026 and 24 August 2026. Parana is to be performed on 25 August 2026.,2026-08-23_IST.txt
2026-08-23,geoname:1278994|city:prayagraj,Prayagraj,Uttar Pradesh,India,Asia/Kolkata,1278994,Shravana Putrada Ekadashi (Dwadashi Dwaya - upavasa on 23-Aug and 24-Aug),"AruNodaya: 23 August 2026, 04:03:00 AM | Tithi start: 23 August 2026, 02:00:00 AM | Tithi end: 24 August 2026, 04:18:00 AM | Upavaasa dates: 23-Aug-26 and 24-Aug-26 | Parana date: On 25th Aug, Parana Time for Vaishnava Ekadashi - 05:40 AM to 06:20 AM",Dwadashi Dwaya: Upavaasa must be observed on both 23 August 2026 and 24 August 2026. Parana is to be performed on 25 August 2026.,2026-08-23_IST.txt
2026-08-23,geoname:1279186|city:aizawl,Aizawl,Mizoram,India,Asia/Kolkata,1279186,Shravana Putrada Ekadashi (Dwadashi Dwaya - upavasa on 23-Aug and 24-Aug),"AruNodaya: 23 August 2026, 03:22:00 AM | Tithi start: 23 August 2026, 02:00:00 AM | Tithi end: 24 August 2026, 04:18:00 AM | Upavaasa dates: 23-Aug-26 and 24-Aug-26 | Parana date: On 25th Aug, Parana Time for Vaishnava Ekadashi - 04:58 AM to 06:20 AM",Dwadashi Dwaya: Upavaasa must be observed on both 23 August 2026 and 24 August 2026. Parana is to be performed on 25 August 2026.,2026-08-23_IST.txt
2026-08-23,geoname:1279290|city:agartala,Agartala,Tripura,India,Asia/Kolkata,1279290,Shravana Putrada Ekadashi (Dwadashi Dwaya - upavasa on 23-Aug and 24-Aug),"AruNodaya: 23 August 2026, 03:27:00 AM | Tithi start: 23 August 2026, 02:00:00 AM | Tithi end: 24 August 2026, 04:18:00 AM | Upavaasa dates: 23-Aug-26 and 24-Aug-26 | Parana date: On 25th Aug, Parana Time for Vaishnava Ekadashi - 05:04 AM to 06:20 AM",Dwadashi Dwaya: Upavaasa must be observed on both 23 August 2026 and 24 August 2026. Parana is to be performed on 25 August 2026.,2026-08-23_IST.txt
2026-08-23,geoname:1835848|city:seoul,Seoul,Seoul,South Korea,Asia/Seoul,1835848,,,"In Seoul, South Korea, Ekadashi Tithi is present at sunrise on 23 August 2026, but it did not begin before AruNodaya. Therefore, Ekadashi Upavaasa should not be observed on 23 August 2026, as it is Dashami Viddha. Kindly observe Upavaasa on 24 August 2026 and refer to the 25 August 2026 Panchanga for the Parana time.",2026-08-23_KST.txt
2026-08-23,geoname:2063523|city:perth,Perth,Western Australia,Australia,Australia/Perth,2063523,Shravana Putrada Ekadashi (Ekadashi Dwaya - upavasa on 23-Aug and 24-Aug),"AruNodaya: 23 August 2026, 05:08:00 AM | Tithi start: 23 August 2026, 04:30:00 AM | Tithi end: 24 August 2026, 06:48:00 AM | Upavaasa dates: 23-Aug-26 and 24-Aug-26 | Parana date: On 25th Aug, Parana Time - 06:42 AM to 08:50 AM",Ekadashi Dwaya: Upavaasa must be observed on both 23 August 2026 and 24 August 2026. Parana is to be performed on 25 August 2026.,2026-08-23_AWST.txt
2026-08-23,geoname:2078025|city:adelaide,Adelaide,South Australia,Australia,Australia/Adelaide,2078025,,,"In Adelaide, Australia, Ekadashi Tithi is present at sunrise on 23 August 2026, but it did not begin before AruNodaya. Therefore, Ekadashi Upavaasa should not be observed on 23 August 2026, as it is Dashami Viddha. Kindly observe Upavaasa on 24 August 2026 and refer to the 25 August 2026 Panchanga for the Parana time.",2026-08-23_ACST.txt
2026-08-23,geoname:2158177|city:melbourne,Melbourne,Victoria,Australia,Australia/Melbourne,2158177,,,"In Melbourne, Australia, Ekadashi Tithi is present at sunrise on 23 August 2026, but it did not begin before AruNodaya. Therefore, Ekadashi Upavaasa should not be observed on 23 August 2026, as it is Dashami Viddha. Kindly observe Upavaasa on 24 August 2026 and refer to the 25 August 2026 Panchanga for the Parana time.",2026-08-23_AEST.txt
2026-08-23,geoname:2172517|city:canberra,Canberra,Australian Capital Territory,Australia,Australia/Sydney,2172517,,,"In Canberra, Australia, Ekadashi Tithi is present at sunrise on 23 August 2026, but it did not begin before AruNodaya. Therefore, Ekadashi Upavaasa should not be observed on 23 August 2026, as it is Dashami Viddha. Kindly observe Upavaasa on 24 August 2026 and refer to the 25 August 2026 Panchanga for the Parana time.",2026-08-23_AEST.txt
2026-08-23,geoname:2643743|city:london,London,London,United Kingdom,Europe/London,2643743,Shravana Putrada Ekadashi,"AruNodaya: 23 August 2026, 04:23:00 AM | Tithi start: 22 August 2026, 09:30:00 PM | Tithi end: 23 August 2026, 11:48:00 PM | Upavaasa date: 23-Aug-26 | Parana date: On 24th Aug, Parana Time - 06:19 AM to 08:49 AM | Hari Vasara end: On Parana Day Hari Vasara End Moment - 06:19 AM",,2026-08-23_BST.txt
2026-08-23,geoname:2657896|city:zurich,Zurich,Zurich,Switzerland,Europe/Zurich,2657896,Shravana Putrada Ekadashi,"AruNodaya: 23 August 2026, 04:57:00 AM | Tithi start: 22 August 2026, 10:30:00 PM | Tithi end: 24 August 2026, 12:48:00 AM | Upavaasa date: 23-Aug-26 | Parana date: On 24th Aug, Parana Time - 07:19 AM to 09:19 AM | Hari Vasara end: On Parana Day Hari Vasara End Moment - 07:19 AM",,2026-08-23_CEST.txt
2026-08-23,geoname:290030|city:doha,Doha,Baladīyat ad Dawḩah,Qatar,Asia/Qatar,290030,Shravana Putrada Ekadashi,"AruNodaya: 23 August 2026, 03:35:00 AM | Tithi start: 22 August 2026, 11:30:00 PM | Tithi end: 24 August 2026, 01:48:00 AM | Upavaasa date: 23-Aug-26 | Parana date: On 24th Aug, Parana Time - 12:53 PM to 03:27 PM | Hari Vasara end: On Parana Day Hari Vasara End Moment - 08:19 AM",,2026-08-23_AST.txt
2026-08-23,geoname:292223|city:dubai,Dubai,Dubai,United Arab Emirates,Asia/Dubai,292223,Shravana Putrada Ekadashi,"AruNodaya: 23 August 2026, 04:20:00 AM | Tithi start: 23 August 2026, 12:30:00 AM | Tithi end: 24 August 2026, 02:48:00 AM | Upavaasa date: 23-Aug-26 | Parana date: On 24th Aug, Parana Time - 01:38 PM to 04:12 PM | Hari Vasara end: On Parana Day Hari Vasara End Moment - 09:19 AM",,2026-08-23_GST.txt
2026-08-23,geoname:2928751|city:esslingen,Esslingen,Esslingen,Germany,Europe/Berlin,2928751,Shravana Putrada Ekadashi,"AruNodaya: 23 August 2026, 04:51:00 AM | Tithi start: 22 August 2026, 10:30:00 PM | Tithi end: 24 August 2026, 12:48:00 AM | Upavaasa date: 23-Aug-26 | Parana date: On 24th Aug, Parana Time - 07:19 AM to 09:15 AM | Hari Vasara end: On Parana Day Hari Vasara End Moment - 07:19 AM",,2026-08-23_CEST.txt
2026-08-23,geoname:4167147|city:orlando,Orlando,Florida,United States,America/New_York,4167147,Shravana Putrada Ekadashi,"AruNodaya: 23 August 2026, 05:23:00 AM | Tithi start: 22 August 2026, 04:30:00 PM | Tithi end: 23 August 2026, 06:48:00 PM | Upavaasa date: 23-Aug-26 | Parana date: On 24th Aug, Parana Time - 07:00 AM to 09:35 AM",,2026-08-23_EDT.txt
2026-08-23,geoname:4174757|city:tampa,Tampa,Florida,United States,America/New_York,4174757,Shravana Putrada Ekadashi,"AruNodaya: 23 August 2026, 05:28:00 AM | Tithi start: 22 August 2026, 04:30:00 PM | Tithi end: 23 August 2026, 06:48:00 PM | Upavaasa date: 23-Aug-26 | Parana date: On 24th Aug, Parana Time - 07:05 AM to 09:40 AM",,2026-08-23_EDT.txt
2026-08-23,geoname:4180439|city:atlanta,Atlanta,Georgia,United States,America/New_York,4180439,Shravana Putrada Ekadashi,"AruNodaya: 23 August 2026, 05:29:00 AM | Tithi start: 22 August 2026, 04:30:00 PM | Tithi end: 23 August 2026, 06:48:00 PM | Upavaasa date: 23-Aug-26 | Parana date: On 24th Aug, Parana Time - 07:06 AM to 09:43 AM",,2026-08-23_EDT.txt
2026-08-23,geoname:4256038|city:columbus,Columbus,Indiana,United States,America/Indiana/Indianapolis,4256038,Shravana Putrada Ekadashi,"AruNodaya: 23 August 2026, 05:28:00 AM | Tithi start: 22 August 2026, 04:30:00 PM | Tithi end: 23 August 2026, 06:48:00 PM | Upavaasa date: 23-Aug-26 | Parana date: On 24th Aug, Parana Time - 07:05 AM to 09:45 AM",,2026-08-23_EDT.txt
2026-08-23,geoname:4347778|city:baltimore,Baltimore,Maryland,United States,America/New_York,4347778,Shravana Putrada Ekadashi,"AruNodaya: 23 August 2026, 04:51:00 AM | Tithi start: 22 August 2026, 04:30:00 PM | Tithi end: 23 August 2026, 06:48:00 PM | Upavaasa date: 23-Aug-26 | Parana date: On 24th Aug, Parana Time - 06:28 AM to 09:08 AM",,2026-08-23_EDT.txt
2026-08-23,geoname:4460243|city:charlotte,Charlotte,North Carolina,United States,America/New_York,4460243,Shravana Putrada Ekadashi,"AruNodaya: 23 August 2026, 05:13:00 AM | Tithi start: 22 August 2026, 04:30:00 PM | Tithi end: 23 August 2026, 06:48:00 PM | Upavaasa date: 23-Aug-26 | Parana date: On 24th Aug, Parana Time - 06:50 AM to 09:28 AM",,2026-08-23_EDT.txt
2026-08-23,geoname:4487042|city:raleigh,Raleigh,North Carolina,United States,America/New_York,4487042,Shravana Putrada Ekadashi,"AruNodaya: 23 August 2026, 05:04:00 AM | Tithi start: 22 August 2026, 04:30:00 PM | Tithi end: 23 August 2026, 06:48:00 PM | Upavaasa date: 23-Aug-26 | Parana date: On 24th Aug, Parana Time - 06:41 AM to 09:19 AM",,2026-08-23_EDT.txt
2026-08-23,geoname:4508722|city:cincinnati,Cincinnati,Ohio,United States,America/New_York,4508722,Shravana Putrada Ekadashi,"AruNodaya: 23 August 2026, 05:23:00 AM | Tithi start: 22 August 2026, 04:30:00 PM | Tithi end: 23 August 2026, 06:48:00 PM | Upavaasa date: 23-Aug-26 | Parana date: On 24th Aug, Parana Time - 07:00 AM to 09:40 AM",,2026-08-23_EDT.txt
2026-08-23,geoname:4509177|city:columbus,Columbus,Ohio,United States,America/New_York,4509177,Shravana Putrada Ekadashi,"AruNodaya: 23 August 2026, 05:15:00 AM | Tithi start: 22 August 2026, 04:30:00 PM | Tithi end: 23 August 2026, 06:48:00 PM | Upavaasa date: 23-Aug-26 | Parana date: On 24th Aug, Parana Time - 06:52 AM to 09:33 AM",,2026-08-23_EDT.txt
2026-08-23,geoname:4560349|city:philadelphia,Philadelphia,Pennsylvania,United States,America/New_York,4560349,Shravana Putrada Ekadashi,"AruNodaya: 23 August 2026, 04:44:00 AM | Tithi start: 22 August 2026, 04:30:00 PM | Tithi end: 23 August 2026, 06:48:00 PM | Upavaasa date: 23-Aug-26 | Parana date: On 24th Aug, Parana Time - 06:21 AM to 09:02 AM",,2026-08-23_EDT.txt
2026-08-23,geoname:4634946|city:knoxville,Knoxville,Tennessee,United States,America/New_York,4634946,Shravana Putrada Ekadashi,"AruNodaya: 23 August 2026, 05:25:00 AM | Tithi start: 22 August 2026, 04:30:00 PM | Tithi end: 23 August 2026, 06:48:00 PM | Upavaasa date: 23-Aug-26 | Parana date: On 24th Aug, Parana Time - 07:01 AM to 09:40 AM",,2026-08-23_EDT.txt
2026-08-23,geoname:4644585|city:nashville,Nashville,Tennessee,United States,America/Chicago,4644585,Shravana Putrada Ekadashi,"AruNodaya: 23 August 2026, 04:36:00 AM | Tithi start: 22 August 2026, 03:30:00 PM | Tithi end: 23 August 2026, 05:48:00 PM | Upavaasa date: 23-Aug-26 | Parana date: On 24th Aug, Parana Time - 06:13 AM to 08:51 AM",,2026-08-23_CDT.txt
2026-08-23,geoname:4684888|city:dallas,Dallas,Texas,United States,America/Chicago,4684888,Shravana Putrada Ekadashi,"AruNodaya: 23 August 2026, 05:20:00 AM | Tithi start: 22 August 2026, 03:30:00 PM | Tithi end: 23 August 2026, 05:48:00 PM | Upavaasa date: 23-Aug-26 | Parana date: On 24th Aug, Parana Time - 06:57 AM to 09:34 AM",,2026-08-23_CDT.txt
2026-08-23,geoname:4699066|city:houston,Houston,Texas,United States,America/Chicago,4699066,Shravana Putrada Ekadashi,"AruNodaya: 23 August 2026, 05:18:00 AM | Tithi start: 22 August 2026, 03:30:00 PM | Tithi end: 23 August 2026, 05:48:00 PM | Upavaasa date: 23-Aug-26 | Parana date: On 24th Aug, Parana Time - 06:54 AM to 09:30 AM",,2026-08-23_CDT.txt
2026-08-23,geoname:4781708|city:richmond,Richmond,Virginia,United States,America/New_York,4781708,Shravana Putrada Ekadashi,"AruNodaya: 23 August 2026, 04:57:00 AM | Tithi start: 22 August 2026, 04:30:00 PM | Tithi end: 23 August 2026, 06:48:00 PM | Upavaasa date: 23-Aug-26 | Parana date: On 24th Aug, Parana Time - 06:34 AM to 09:13 AM",,2026-08-23_EDT.txt
2026-08-23,geoname:4887398|city:chicago,Chicago,Illinois,United States,America/Chicago,4887398,Shravana Putrada Ekadashi,"AruNodaya: 23 August 2026, 04:31:00 AM | Tithi start: 22 August 2026, 03:30:00 PM | Tithi end: 23 August 2026, 05:48:00 PM | Upavaasa date: 23-Aug-26 | Parana date: On 24th Aug, Parana Time - 06:08 AM to 08:50 AM",,2026-08-23_CDT.txt
2026-08-23,geoname:4922462|city:lafayette,Lafayette,Indiana,United States,America/Indiana/Indianapolis,4922462,Shravana Putrada Ekadashi,"AruNodaya: 23 August 2026, 05:30:00 AM | Tithi start: 22 August 2026, 04:30:00 PM | Tithi end: 23 August 2026, 06:48:00 PM | Upavaasa date: 23-Aug-26 | Parana date: On 24th Aug, Parana Time - 07:07 AM to 09:48 AM",,2026-08-23_EDT.txt
2026-08-23,geoname:5099836|city:new_jersey,New Jersey,New Jersey,United States,America/New_York,5099836,Shravana Putrada Ekadashi,"AruNodaya: 23 August 2026, 04:39:00 AM | Tithi start: 22 August 2026, 04:30:00 PM | Tithi end: 23 August 2026, 06:48:00 PM | Upavaasa date: 23-Aug-26 | Parana date: On 24th Aug, Parana Time - 06:16 AM to 08:57 AM",,2026-08-23_EDT.txt
2026-08-23,geoname:5108728|city:belfast,Belfast,New York,United States,America/New_York,5108728,Shravana Putrada Ekadashi,"AruNodaya: 23 August 2026, 04:52:00 AM | Tithi start: 22 August 2026, 04:30:00 PM | Tithi end: 23 August 2026, 06:48:00 PM | Upavaasa date: 23-Aug-26 | Parana date: On 24th Aug, Parana Time - 06:29 AM to 09:11 AM",,2026-08-23_EDT.txt
2026-08-23,geoname:5110629|city:buffalo,Buffalo,New York,United States,America/New_York,5110629,Shravana Putrada Ekadashi,"AruNodaya: 23 August 2026, 04:55:00 AM | Tithi start: 22 August 2026, 04:30:00 PM | Tithi end: 23 August 2026, 06:48:00 PM | Upavaasa date: 23-Aug-26 | Parana date: On 24th Aug, Parana Time - 06:32 AM to 09:14 AM",,2026-08-23_EDT.txt
2026-08-23,geoname:5119251|city:greece,Greece,New York,United States,America/New_York,5119251,Shravana Putrada Ekadashi,"AruNodaya: 23 August 2026, 04:49:00 AM | Tithi start: 22 August 2026, 04:30:00 PM | Tithi end: 23 August 2026, 06:48:00 PM | Upavaasa date: 23-Aug-26 | Parana date: On 24th Aug, Parana Time - 06:26 AM to 09:09 AM",,2026-08-23_EDT.txt
2026-08-23,geoname:5128581|city:new_york,New York,New York,United States,America/New_York,5128581,Shravana Putrada Ekadashi,"AruNodaya: 23 August 2026, 04:38:00 AM | Tithi start: 22 August 2026, 04:30:00 PM | Tithi end: 23 August 2026, 06:48:00 PM | Upavaasa date: 23-Aug-26 | Parana date: On 24th Aug, Parana Time - 06:15 AM to 08:56 AM",,2026-08-23_EDT.txt
2026-08-23,geoname:5131614|city:pittsford,Pittsford,New York,United States,America/New_York,5131614,Shravana Putrada Ekadashi,"AruNodaya: 23 August 2026, 04:49:00 AM | Tithi start: 22 August 2026, 04:30:00 PM | Tithi end: 23 August 2026, 06:48:00 PM | Upavaasa date: 23-Aug-26 | Parana date: On 24th Aug, Parana Time - 06:26 AM to 09:08 AM",,2026-08-23_EDT.txt
2026-08-23,geoname:5134086|city:rochester,Rochester,New York,United States,America/New_York,5134086,Shravana Putrada Ekadashi,"AruNodaya: 23 August 2026, 04:49:00 AM | Tithi start: 22 August 2026, 04:30:00 PM | Tithi end: 23 August 2026, 06:48:00 PM | Upavaasa date: 23-Aug-26 | Parana date: On 24th Aug, Parana Time - 06:26 AM to 09:09 AM",,2026-08-23_EDT.txt
2026-08-23,geoname:5139865|city:stonybrook,Stonybrook,New York,United States,America/New_York,5139865,Shravana Putrada Ekadashi,"AruNodaya: 23 August 2026, 04:35:00 AM | Tithi start: 22 August 2026, 04:30:00 PM | Tithi end: 23 August 2026, 06:48:00 PM | Upavaasa date: 23-Aug-26 | Parana date: On 24th Aug, Parana Time - 06:12 AM to 08:53 AM",,2026-08-23_EDT.txt
2026-08-23,geoname:5140405|city:syracuse,Syracuse,New York,United States,America/New_York,5140405,Shravana Putrada Ekadashi,"AruNodaya: 23 August 2026, 04:43:00 AM | Tithi start: 22 August 2026, 04:30:00 PM | Tithi end: 23 August 2026, 06:48:00 PM | Upavaasa date: 23-Aug-26 | Parana date: On 24th Aug, Parana Time - 06:20 AM to 09:03 AM",,2026-08-23_EDT.txt
2026-08-23,geoname:5150529|city:cleveland,Cleveland,Ohio,United States,America/New_York,5150529,Shravana Putrada Ekadashi,"AruNodaya: 23 August 2026, 05:08:00 AM | Tithi start: 22 August 2026, 04:30:00 PM | Tithi end: 23 August 2026, 06:48:00 PM | Upavaasa date: 23-Aug-26 | Parana date: On 24th Aug, Parana Time - 06:45 AM to 09:27 AM",,2026-08-23_EDT.txt
2026-08-23,geoname:5308655|city:phoenix,Phoenix,Arizona,United States,America/Phoenix,5308655,Shravana Putrada Ekadashi,"AruNodaya: 23 August 2026, 04:21:00 AM | Tithi start: 22 August 2026, 01:30:00 PM | Tithi end: 23 August 2026, 03:48:00 PM | Upavaasa date: 23-Aug-26 | Parana date: On 24th Aug, Parana Time - 05:57 AM to 08:34 AM",,2026-08-23_MST.txt
2026-08-23,geoname:5368361|city:los_angeles,Los Angeles,California,United States,America/Los_Angeles,5368361,Shravana Putrada Ekadashi,"AruNodaya: 23 August 2026, 04:44:00 AM | Tithi start: 22 August 2026, 01:30:00 PM | Tithi end: 23 August 2026, 03:48:00 PM | Upavaasa date: 23-Aug-26 | Parana date: On 24th Aug, Parana Time - 06:21 AM to 08:59 AM",,2026-08-23_PDT.txt
2026-08-23,geoname:5383527|city:placentia,Placentia,California,United States,America/Los_Angeles,5383527,Shravana Putrada Ekadashi,"AruNodaya: 23 August 2026, 04:43:00 AM | Tithi start: 22 August 2026, 01:30:00 PM | Tithi end: 23 August 2026, 03:48:00 PM | Upavaasa date: 23-Aug-26 | Parana date: On 24th Aug, Parana Time - 06:20 AM to 08:57 AM",,2026-08-23_PDT.txt
2026-08-23,geoname:5391959|city:san_francisco,San Francisco,California,United States,America/Los_Angeles,5391959,Shravana Putrada Ekadashi,"AruNodaya: 23 August 2026, 04:56:00 AM | Tithi start: 22 August 2026, 01:30:00 PM | Tithi end: 23 August 2026, 03:48:00 PM | Upavaasa date: 23-Aug-26 | Parana date: On 24th Aug, Parana Time - 06:33 AM to 09:13 AM",,2026-08-23_PDT.txt
2026-08-23,geoname:5809844|city:seattle,Seattle,Washington,United States,America/Los_Angeles,5809844,Shravana Putrada Ekadashi,"AruNodaya: 23 August 2026, 04:40:00 AM | Tithi start: 22 August 2026, 01:30:00 PM | Tithi end: 23 August 2026, 03:48:00 PM | Upavaasa date: 23-Aug-26 | Parana date: On 24th Aug, Parana Time - 06:18 AM to 09:03 AM",,2026-08-23_PDT.txt
2026-08-23,geoname:6173331|city:vancouver,Vancouver,British Columbia,Canada,America/Los_Angeles,6173331,Shravana Putrada Ekadashi,"AruNodaya: 23 August 2026, 04:40:00 AM | Tithi start: 22 August 2026, 01:30:00 PM | Tithi end: 23 August 2026, 03:48:00 PM | Upavaasa date: 23-Aug-26 | Parana date: On 24th Aug, Parana Time - 06:18 AM to 09:04 AM",,2026-08-23_PDT.txt
2026-08-24,geoname:1253102|city:visakhapatnam,Visakhapatnam,Andra Pradesh,India,Asia/Kolkata,1253102,Shravana Putrada Ekadashi (Dwadashi Dwaya - upavasa on 23-Aug and 24-Aug),"Upavaasa dates: 23-Aug-26 and 24-Aug-26 | Parana date: On 25th Aug, Parana Time for Vaishnava Ekadashi - 05:42 AM to 06:20 AM",Dwadashi Dwaya: this is the second of two Upavaasa days. Parana is to be performed on 25 August 2026.,2026-08-24_IST.txt
2026-08-24,geoname:1253405|city:varanasi,Varanasi,Uttar Pradesh,India,Asia/Kolkata,1253405,Shravana Putrada Ekadashi (Dwadashi Dwaya - upavasa on 23-Aug and 24-Aug),"Upavaasa dates: 23-Aug-26 and 24-Aug-26 | Parana date: On 25th Aug, Parana Time for Vaishnava Ekadashi - 05:36 AM to 06:20 AM",Dwadashi Dwaya: this is the second of two Upavaasa days. Parana is to be performed on 25 August 2026.,2026-08-24_IST.txt
2026-08-24,geoname:1253573|city:vadodara,Vadodara,Gujarat,India,Asia/Kolkata,1253573,Shravana Putrada Ekadashi (Dwadashi Dwaya - upavasa on 23-Aug and 24-Aug),"Upavaasa dates: 23-Aug-26 and 24-Aug-26 | Parana date: On 25th Aug, Parana Time for Vaishnava Ekadashi - 06:18 AM to 06:20 AM",Dwadashi Dwaya: this is the second of two Upavaasa days. Parana is to be performed on 25 August 2026.,2026-08-24_IST.txt
2026-08-24,geoname:1253952|city:udupi,Udupi,Karnataka,India,Asia/Kolkata,1253952,Shravana Putrada Ekadashi (Dwadashi Dwaya - upavasa on 23-Aug and 24-Aug),"Upavaasa dates: 23-Aug-26 and 24-Aug-26 | Parana date: On 25th Aug, Parana Time for Vaishnava Ekadashi - 06:19 AM to 06:20 AM",Dwadashi Dwaya: this is the second of two Upavaasa days. Parana is to be performed on 25 August 2026.,2026-08-24_IST.txt
2026-08-24,geoname:1254163|city:thiruvananthapuram,Thiruvananthapuram,Kerala,India,Asia/Kolkata,1254163,Shravana Putrada Ekadashi (Dwadashi Dwaya - upavasa on 23-Aug and 24-Aug),"Upavaasa dates: 23-Aug-26 and 24-Aug-26 | Parana date: On 25th Aug, Parana Time for Vaishnava Ekadashi - 06:14 AM to 06:20 AM",Dwadashi Dwaya: this is the second of two Upavaasa days. Parana is to be performed on 25 August 2026.,2026-08-24_IST.txt
2026-08-24,geoname:1254360|city:tirupati,Tirupati,Andhra Pradesh,India,Asia/Kolkata,1254360,Shravana Putrada Ekadashi (Dwadashi Dwaya - upavasa on 23-Aug and 24-Aug),"Upavaasa dates: 23-Aug-26 and 24-Aug-26 | Parana date: On 25th Aug, Parana Time for Vaishnava Ekadashi - 06:00 AM to 06:20 AM",Dwadashi Dwaya: this is the second of two Upavaasa days. Parana is to be performed on 25 August 2026.,2026-08-24_IST.txt
2026-08-24,geoname:1254388|city:srirangam,Srirangam,Tamil Nadu,India,Asia/Kolkata,1254388,Shravana Putrada Ekadashi (Dwadashi Dwaya - upavasa on 23-Aug and 24-Aug),"Upavaasa dates: 23-Aug-26 and 24-Aug-26 | Parana date: On 25th Aug, Parana Time for Vaishnava Ekadashi - 06:06 AM to 06:20 AM",Dwadashi Dwaya: this is the second of two Upavaasa days. Parana is to be performed on 25 August 2026.,2026-08-24_IST.txt
2026-08-24,geoname:1255364|city:surat,Surat,Gujarat,India,Asia/Kolkata,1255364,Shravana Putrada Ekadashi (Dwadashi Dwaya - upavasa on 23-Aug and 24-Aug),"Upavaasa dates: 23-Aug-26 and 24-Aug-26 | Parana date: On 25th Aug, Parana Time for Vaishnava Ekadashi - 06:20 AM to 06:20 AM",Dwadashi Dwaya: this is the second of two Upavaasa days. Parana is to be performed on 25 August 2026.,2026-08-24_IST.txt
2026-08-24,geoname:1255634|city:srinagar,Srinagar,Jammu and Kashmir,India,Asia/Kolkata,1255634,Shravana Putrada Ekadashi (Dwadashi Dwaya - upavasa on 23-Aug and 24-Aug),"Upavaasa dates: 23-Aug-26 and 24-Aug-26 | Parana date: On 25th Aug, Parana Time for Vaishnava Ekadashi - 05:59 AM to 06:20 AM",Dwadashi Dwaya: this is the second of two Upavaasa days. Parana is to be performed on 25 August 2026.,2026-08-24_IST.txt
2026-08-24,geoname:1256287|city:silchar,Silchar,Assam,India,Asia/Kolkata,1256287,Shravana Putrada Ekadashi (Dwadashi Dwaya - upavasa on 23-Aug and 24-Aug),"Upavaasa dates: 23-Aug-26 and 24-Aug-26 | Parana date: On 25th Aug, Parana Time for Vaishnava Ekadashi - 04:57 AM to 06:20 AM",Dwadashi Dwaya: this is the second of two Upavaasa days. Parana is to be performed on 25 August 2026.,2026-08-24_IST.txt
2026-08-24,geoname:1256525|city:shiliguri,Shiliguri,West Bengal,India,Asia/Kolkata,1256525,Shravana Putrada Ekadashi (Dwadashi Dwaya - upavasa on 23-Aug and 24-Aug),"Upavaasa dates: 23-Aug-26 and 24-Aug-26 | Parana date: On 25th Aug, Parana Time for Vaishnava Ekadashi - 05:13 AM to 06:20 AM",Dwadashi Dwaya: this is the second of two Upavaasa days. Parana is to be performed on 25 August 2026.,2026-08-24_IST.txt
2026-08-24,geoname:1259229|city:pune,Pune,Maharashtra,India,Asia/Kolkata,1259229,Shravana Putrada Ekadashi (Dwadashi Dwaya - upavasa on 23-Aug and 24-Aug),"Upavaasa dates: 23-Aug-26 and 24-Aug-26 | Parana date: On 25th Aug, Parana Time for Vaishnava Ekadashi - 06:19 AM to 06:20 AM",Dwadashi Dwaya: this is the second of two Upavaasa days. Parana is to be performed on 25 August 2026.,2026-08-24_IST.txt
2026-08-24,geoname:1260546|city:pandharpur,Pandharpur,Maharashtra,India,Asia/Kolkata,1260546,Shravana Putrada Ekadashi (Dwadashi Dwaya - upavasa on 23-Aug and 24-Aug),"Upavaasa dates: 23-Aug-26 and 24-Aug-26 | Parana date: On 25th Aug, Parana Time for Vaishnava Ekadashi - 06:13 AM to 06:20 AM",Dwadashi Dwaya: this is the second of two Upavaasa days. Parana is to be performed on 25 August 2026.,2026-08-24_IST.txt
2026-08-24,geoname:1262180|city:nagpur,Nagpur,Maharashtra,India,Asia/Kolkata,1262180,Shravana Putrada Ekadashi (Dwadashi Dwaya - upavasa on 23-Aug and 24-Aug),"Upavaasa dates: 23-Aug-26 and 24-Aug-26 | Parana date: On 25th Aug, Parana Time for Vaishnava Ekadashi - 05:55 AM to 06:20 AM",Dwadashi Dwaya: this is the second of two Upavaasa days. Parana is to be performed on 25 August 2026.,2026-08-24_IST.txt
2026-08-24,geoname:1262321|city:mysuru,Mysuru,Karnataka,India,Asia/Kolkata,1262321,Shravana Putrada Ekadashi (Dwadashi Dwaya - upavasa on 23-Aug and 24-Aug),"Upavaasa dates: 23-Aug-26 and 24-Aug-26 | Parana date: On 25th Aug, Parana Time for Vaishnava Ekadashi - 06:13 AM to 06:20 AM",Dwadashi Dwaya: this is the second of two Upavaasa days. Parana is to be performed on 25 August 2026.,2026-08-24_IST.txt
2026-08-24,geoname:1262321|city:t_narasipura,T Narasipura,Karnataka,India,Asia/Kolkata,1262321,Shravana Putrada Ekadashi (Dwadashi Dwaya - upavasa on 23-Aug and 24-Aug),"Upavaasa dates: 23-Aug-26 and 24-Aug-26 | Parana date: On 25th Aug, Parana Time for Vaishnava Ekadashi - 06:13 AM to 06:20 AM",Dwadashi Dwaya: this is the second of two Upavaasa days. Parana is to be performed on 25 August 2026.,2026-08-24_IST.txt
2026-08-24,geoname:1263780|city:mangalore,Mangalore,Karnataka,India,Asia/Kolkata,1263780,Shravana Putrada Ekadashi (Dwadashi Dwaya - upavasa on 23-Aug and 24-Aug),"Upavaasa dates: 23-Aug-26 and 24-Aug-26 | Parana date: On 25th Aug, Parana Time for Vaishnava Ekadashi - 06:19 AM to 06:20 AM",Dwadashi Dwaya: this is the second of two Upavaasa days. Parana is to be performed on 25 August 2026.,2026-08-24_IST.txt
2026-08-24,geoname:1264521|city:madurai,Madurai,Tamil Nadu,India,Asia/Kolkata,1264521,Shravana Putrada Ekadashi (Dwadashi Dwaya - upavasa on 23-Aug and 24-Aug),"Upavaasa dates: 23-Aug-26 and 24-Aug-26 | Parana date: On 25th Aug, Parana Time for Vaishnava Ekadashi - 06:09 AM to 06:20 AM",Dwadashi Dwaya: this is the second of two Upavaasa days. Parana is to be performed on 25 August 2026.,2026-08-24_IST.txt
2026-08-24,geoname:1264527|city:chennai,Chennai,Tamil Nadu,India,Asia/Kolkata,1264527,Shravana Putrada Ekadashi (Dwadashi Dwaya - upavasa on 23-Aug and 24-Aug),"Upavaasa dates: 23-Aug-26 and 24-Aug-26 | Parana date: On 25th Aug, Parana Time for Vaishnava Ekadashi - 05:57 AM to 06:20 AM",Dwadashi Dwaya: this is the second of two Upavaasa days. Parana is to be performed on 25 August 2026.,2026-08-24_IST.txt
2026-08-24,geoname:1264733|city:lucknow,Lucknow,Uttar Pradesh,India,Asia/Kolkata,1264733,Shravana Putrada Ekadashi (Dwadashi Dwaya - upavasa on 23-Aug and 24-Aug),"Upavaasa dates: 23-Aug-26 and 24-Aug-26 | Parana date: On 25th Aug, Parana Time for Vaishnava Ekadashi - 05:42 AM to 06:20 AM",Dwadashi Dwaya: this is the second of two Upavaasa days. Parana is to be performed on 25 August 2026.,2026-08-24_IST.txt
2026-08-24,geoname:1265683|city:kumbakonam,Kumbakonam,Tamil Nadu,India,Asia/Kolkata,1265683,Shravana Putrada Ekadashi (Dwadashi Dwaya - upavasa on 23-Aug and 24-Aug),"Upavaasa dates: 23-Aug-26 and 24-Aug-26 | Parana date: On 25th Aug, Parana Time for Vaishnava Ekadashi - 06:03 AM to 06:20 AM",Dwadashi Dwaya: this is the second of two Upavaasa days. Parana is to be performed on 25 August 2026.,2026-08-24_IST.txt
2026-08-24,geoname:1266285|city:kolhapur,Kolhapur,Maharashtra,India,Asia/Kolkata,1266285,Shravana Putrada Ekadashi (Dwadashi Dwaya - upavasa on 23-Aug and 24-Aug),"Upavaasa dates: 23-Aug-26 and 24-Aug-26 | Parana date: On 25th Aug, Parana Time for Vaishnava Ekadashi - 06:19 AM to 06:20 AM",Dwadashi Dwaya: this is the second of two Upavaasa days. Parana is to be performed on 25 August 2026.,2026-08-24_IST.txt
2026-08-24,geoname:1268159|city:kanchipuram,Kanchipuram,Tamil Nadu,India,Asia/Kolkata,1268159,Shravana Putrada Ekadashi (Dwadashi Dwaya - upavasa on 23-Aug and 24-Aug),"Upavaasa dates: 23-Aug-26 and 24-Aug-26 | Parana date: On 25th Aug, Parana Time for Vaishnava Ekadashi - 06:00 AM to 06:20 AM",Dwadashi Dwaya: this is the second of two Upavaasa days. Parana is to be performed on 25 August 2026.,2026-08-24_IST.txt
2026-08-24,geoname:1269655|city:itanagar,Itanagar,Arunachal Pradesh,India,Asia/Kolkata,1269655,Shravana Putrada Ekadashi (Dwadashi Dwaya - upavasa on 23-Aug and 24-Aug),"Upavaasa dates: 23-Aug-26 and 24-Aug-26 | Parana date: On 25th Aug, Parana Time for Vaishnava Ekadashi - 04:51 AM to 06:20 AM",Dwadashi Dwaya: this is the second of two Upavaasa days. Parana is to be performed on 25 August 2026.,2026-08-24_IST.txt
2026-08-24,geoname:1269771|city:imphal,Imphal,Manipur,India,Asia/Kolkata,1269771,Shravana Putrada Ekadashi (Dwadashi Dwaya - upavasa on 23-Aug and 24-Aug),"Upavaasa dates: 23-Aug-26 and 24-Aug-26 | Parana date: On 25th Aug, Parana Time for Vaishnava Ekadashi - 04:52 AM to 06:20 AM",Dwadashi Dwaya: this is the second of two Upavaasa days. Parana is to be performed on 25 August 2026.,2026-08-24_IST.txt
2026-08-24,geoname:1269843|city:hyderabad,Hyderabad,Telangana,India,Asia/Kolkata,1269843,Shravana Putrada Ekadashi (Dwadashi Dwaya - upavasa on 23-Aug and 24-Aug),"Upavaasa dates: 23-Aug-26 and 24-Aug-26 | Parana date: On 25th Aug, Parana Time for Vaishnava Ekadashi - 06:01 AM to 06:20 AM",Dwadashi Dwaya: this is the second of two Upavaasa days. Parana is to be performed on 25 August 2026.,2026-08-24_IST.txt
2026-08-24,geoname:1269920|city:hubli,Hubli,Karnataka,India,Asia/Kolkata,1269920,Shravana Putrada Ekadashi (Dwadashi Dwaya - upavasa on 23-Aug and 24-Aug),"Upavaasa dates: 23-Aug-26 and 24-Aug-26 | Parana date: On 25th Aug, Parana Time for Vaishnava Ekadashi - 06:16 AM to 06:20 AM",Dwadashi Dwaya: this is the second of two Upavaasa days. Parana is to be performed on 25 August 2026.,2026-08-24_IST.txt
2026-08-24,geoname:1270603|city:guruvayur,Guruvayur,Kerala,India,Asia/Kolkata,1270603,Shravana Putrada Ekadashi (Dwadashi Dwaya - upavasa on 23-Aug and 24-Aug),"Upavaasa dates: 23-Aug-26 and 24-Aug-26 | Parana date: On 25th Aug, Parana Time for Vaishnava Ekadashi - 06:16 AM to 06:20 AM",Dwadashi Dwaya: this is the second of two Upavaasa days. Parana is to be performed on 25 August 2026.,2026-08-24_IST.txt
2026-08-24,geoname:1271476|city:guwahati,Guwahati,Assam,India,Asia/Kolkata,1271476,Shravana Putrada Ekadashi (Dwadashi Dwaya - upavasa on 23-Aug and 24-Aug),"Upavaasa dates: 23-Aug-26 and 24-Aug-26 | Parana date: On 25th Aug, Parana Time for Vaishnava Ekadashi - 05:00 AM to 06:20 AM",Dwadashi Dwaya: this is the second of two Upavaasa days. Parana is to be performed on 25 August 2026.,2026-08-24_IST.txt
2026-08-24,geoname:1271631|city:gangtok,Gangtok,Sikkim,India,Asia/Kolkata,1271631,Shravana Putrada Ekadashi (Dwadashi Dwaya - upavasa on 23-Aug and 24-Aug),"Upavaasa dates: 23-Aug-26 and 24-Aug-26 | Parana date: On 25th Aug, Parana Time for Vaishnava Ekadashi - 05:11 AM to 06:20 AM",Dwadashi Dwaya: this is the second of two Upavaasa days. Parana is to be performed on 25 August 2026.,2026-08-24_IST.txt
2026-08-24,geoname:1272552|city:dimapur,Dimapur,Nagaland,India,Asia/Kolkata,1272552,Shravana Putrada Ekadashi (Dwadashi Dwaya - upavasa on 23-Aug and 24-Aug),"Upavaasa dates: 23-Aug-26 and 24-Aug-26 | Parana date: On 25th Aug, Parana Time for Vaishnava Ekadashi - 04:52 AM to 06:20 AM",Dwadashi Dwaya: this is the second of two Upavaasa days. Parana is to be performed on 25 August 2026.,2026-08-24_IST.txt
2026-08-24,geoname:1272648|city:dibrugarh,Dibrugarh,Assam,India,Asia/Kolkata,1272648,Shravana Putrada Ekadashi (Dwadashi Dwaya - upavasa on 23-Aug and 24-Aug),"Upavaasa dates: 23-Aug-26 and 24-Aug-26 | Parana date: On 25th Aug, Parana Time for Vaishnava Ekadashi - 04:46 AM to 06:20 AM",Dwadashi Dwaya: this is the second of two Upavaasa days. Parana is to be performed on 25 August 2026.,2026-08-24_IST.txt
2026-08-24,geoname:1274256|city:chidambaram,Chidambaram,Tamil Nadu,India,Asia/Kolkata,1274256,Shravana Putrada Ekadashi (Dwadashi Dwaya - upavasa on 23-Aug and 24-Aug),"Upavaasa dates: 23-Aug-26 and 24-Aug-26 | Parana date: On 25th Aug, Parana Time for Vaishnava Ekadashi - 06:01 AM to 06:20 AM",Dwadashi Dwaya: this is the second of two Upavaasa days. Parana is to be performed on 25 August 2026.,2026-08-24_IST.txt
2026-08-24,geoname:1275004|city:kolkata,Kolkata,West Bengal,India,Asia/Kolkata,1275004,Shravana Putrada Ekadashi (Dwadashi Dwaya - upavasa on 23-Aug and 24-Aug),"Upavaasa dates: 23-Aug-26 and 24-Aug-26 | Parana date: On 25th Aug, Parana Time for Vaishnava Ekadashi - 05:17 AM to 06:20 AM",Dwadashi Dwaya: this is the second of two Upavaasa days. Parana is to be performed on 25 August 2026.,2026-08-24_IST.txt
2026-08-24,geoname:1275339|city:mumbai,Mumbai,Maharashtra,India,Asia/Kolkata,1275339,Shravana Putrada Ekadashi Parana,"Parana for Upavaasa observed on 23-Aug-26 | Parana date: On 24th Aug, Parana Time - 01:57 PM to 04:28 PM | Hari Vasara end: On Parana Day Hari Vasara End Moment - 10:49 AM",,2026-08-24_IST.txt
2026-08-24,geoname:1275817|city:bhubaneswar,Bhubaneswar,Odisha,India,Asia/Kolkata,1275817,Shravana Putrada Ekadashi (Dwadashi Dwaya - upavasa on 23-Aug and 24-Aug),"Upavaasa dates: 23-Aug-26 and 24-Aug-26 | Parana date: On 25th Aug, Parana Time for Vaishnava Ekadashi - 05:29 AM to 06:20 AM",Dwadashi Dwaya: this is the second of two Upavaasa days. Parana is to be performed on 25 August 2026.,2026-08-24_IST.txt
2026-08-24,geoname:1275841|city:bhopal,Bhopal,Madhya Pradesh,India,Asia/Kolkata,1275841,Shravana Putrada Ekadashi (Dwadashi Dwaya - upavasa on 23-Aug and 24-Aug),"Upavaasa dates: 23-Aug-26 and 24-Aug-26 | Parana date: On 25th Aug, Parana Time for Vaishnava Ekadashi - 06:00 AM to 06:20 AM",Dwadashi Dwaya: this is the second of two Upavaasa days. Parana is to be performed on 25 August 2026.,2026-08-24_IST.txt
2026-08-24,geoname:1276533|city:belgaum,Belgaum,Karnataka,India,Asia/Kolkata,1276533,Shravana Putrada Ekadashi (Dwadashi Dwaya - upavasa on 23-Aug and 24-Aug),"Upavaasa dates: 23-Aug-26 and 24-Aug-26 | Parana date: On 25th Aug, Parana Time for Vaishnava Ekadashi - 06:18 AM to 06:20 AM",Dwadashi Dwaya: this is the second of two Upavaasa days. Parana is to be performed on 25 August 2026.,2026-08-24_IST.txt
2026-08-24,geoname:1277333|city:bengaluru,Bengaluru,Karnataka,India,Asia/Kolkata,1277333,Shravana Putrada Ekadashi (Dwadashi Dwaya - upavasa on 23-Aug and 24-Aug),"Upavaasa dates: 23-Aug-26 and 24-Aug-26 | Parana date: On 25th Aug, Parana Time for Vaishnava Ekadashi - 06:08 AM to 06:20 AM",Dwadashi Dwaya: this is the second of two Upavaasa days. Parana is to be performed on 25 August 2026.,2026-08-24_IST.txt
2026-08-24,geoname:1278094|city:ayodhya,Ayodhya,Uttar Pradesh,India,Asia/Kolkata,1278094,Shravana Putrada Ekadashi (Dwadashi Dwaya - upavasa on 23-Aug and 24-Aug),"Upavaasa dates: 23-Aug-26 and 24-Aug-26 | Parana date: On 25th Aug, Parana Time for Vaishnava Ekadashi - 05:37 AM to 06:20 AM",Dwadashi Dwaya: this is the second of two Upavaasa days. Parana is to be performed on 25 August 2026.,2026-08-24_IST.txt
2026-08-24,geoname:1278994|city:prayagraj,Prayagraj,Uttar Pradesh,India,Asia/Kolkata,1278994,Shravana Putrada Ekadashi (Dwadashi Dwaya - upavasa on 23-Aug and 24-Aug),"Upavaasa dates: 23-Aug-26 and 24-Aug-26 | Parana date: On 25th Aug, Parana Time for Vaishnava Ekadashi - 05:40 AM to 06:20 AM",Dwadashi Dwaya: this is the second of two Upavaasa days. Parana is to be performed on 25 August 2026.,2026-08-24_IST.txt
2026-08-24,geoname:1279186|city:aizawl,Aizawl,Mizoram,India,Asia/Kolkata,1279186,Shravana Putrada Ekadashi (Dwadashi Dwaya - upavasa on 23-Aug and 24-Aug),"Upavaasa dates: 23-Aug-26 and 24-Aug-26 | Parana date: On 25th Aug, Parana Time for Vaishnava Ekadashi - 04:58 AM to 06:20 AM",Dwadashi Dwaya: this is the second of two Upavaasa days. Parana is to be performed on 25 August 2026.,2026-08-24_IST.txt
2026-08-24,geoname:1279290|city:agartala,Agartala,Tripura,India,Asia/Kolkata,1279290,Shravana Putrada Ekadashi (Dwadashi Dwaya - upavasa on 23-Aug and 24-Aug),"Upavaasa dates: 23-Aug-26 and 24-Aug-26 | Parana date: On 25th Aug, Parana Time for Vaishnava Ekadashi - 05:04 AM to 06:20 AM",Dwadashi Dwaya: this is the second of two Upavaasa days. Parana is to be performed on 25 August 2026.,2026-08-24_IST.txt
2026-08-24,geoname:1835848|city:seoul,Seoul,Seoul,South Korea,Asia/Seoul,1835848,Shravana Putrada Ekadashi,"AruNodaya: 24 August 2026, 04:19:00 AM | Tithi start: 23 August 2026, 05:30:00 AM | Tithi end: 24 August 2026, 07:48:00 AM | Upavaasa date: 24-Aug-26 | Parana date: On 25th Aug, Parana Time - 05:56 AM to 08:35 AM",,2026-08-24_KST.txt
2026-08-24,geoname:2063523|city:perth,Perth,Western Australia,Australia,Australia/Perth,2063523,Shravana Putrada Ekadashi (Ekadashi Dwaya - upavasa on 23-Aug and 24-Aug),"Upavaasa dates: 23-Aug-26 and 24-Aug-26 | Parana date: On 25th Aug, Parana Time - 06:42 AM to 08:50 AM",Ekadashi Dwaya: this is the second of two Upavaasa days. Parana is to be performed on 25 August 2026.,2026-08-24_AWST.txt
2026-08-24,geoname:2078025|city:adelaide,Adelaide,South Australia,Australia,Australia/Adelaide,2078025,Shravana Putrada Ekadashi,"AruNodaya: 24 August 2026, 05:10:00 AM | Tithi start: 23 August 2026, 06:00:00 AM | Tithi end: 24 August 2026, 08:18:00 AM | Upavaasa date: 24-Aug-26 | Parana date: On 25th Aug, Parana Time - 06:44 AM to 08:58 AM",,2026-08-24_ACST.txt
2026-08-24,geoname:2147714|city:sydney,Sydney,New South Wales,Australia,Australia/Sydney,2147714,Shravana Putrada Ekadashi,"AruNodaya: 24 August 2026, 04:48:00 AM | Tithi start: 23 August 2026, 06:30:00 AM | Tithi end: 24 August 2026, 08:48:00 AM | Upavaasa date: 24-Aug-26 | Parana date: On 25th Aug, Parana Time - 06:23 AM to 08:37 AM",,2026-08-24_AEST.txt
2026-08-24,geoname:2158177|city:melbourne,Melbourne,Victoria,Australia,Australia/Melbourne,2158177,Shravana Putrada Ekadashi,"AruNodaya: 24 August 2026, 05:18:00 AM | Tithi start: 23 August 2026, 06:30:00 AM | Tithi end: 24 August 2026, 08:48:00 AM | Upavaasa date: 24-Aug-26 | Parana date: On 25th Aug, Parana Time - 06:52 AM to 09:04 AM",,2026-08-24_AEST.txt
2026-08-24,geoname:2172517|city:canberra,Canberra,Australian Capital Territory,Australia,Australia/Sydney,2172517,Shravana Putrada Ekadashi,"AruNodaya: 24 August 2026, 04:58:00 AM | Tithi start: 23 August 2026, 06:30:00 AM | Tithi end: 24 August 2026, 08:48:00 AM | Upavaasa date: 24-Aug-26 | Parana date: On 25th Aug, Parana Time - 06:33 AM to 08:46 AM",,2026-08-24_AEST.txt
2026-08-24,geoname:2174003|city:brisbane,Brisbane,Queensland,Australia,Australia/Brisbane,2174003,Shravana Putrada Ekadashi,"AruNodaya: 24 August 2026, 04:34:00 AM | Tithi start: 23 August 2026, 06:30:00 AM | Tithi end: 24 August 2026, 08:48:00 AM | Upavaasa date: 24-Aug-26 | Parana date: On 25th Aug, Parana Time - 06:09 AM to 08:26 AM",,2026-08-24_AEST.txt
2026-08-24,geoname:2179537|city:wellington,Wellington,Wellington,New Zealand,Pacific/Auckland,2179537,Shravana Putrada Ekadashi,"AruNodaya: 24 August 2026, 05:23:00 AM | Tithi start: 23 August 2026, 08:30:00 AM | Tithi end: 24 August 2026, 10:48:00 AM | Upavaasa date: 24-Aug-26 | Parana date: On 25th Aug, Parana Time - 06:57 AM to 09:08 AM",,2026-08-24_NZST.txt
2026-08-24,geoname:2192362|city:christchurch,Christchurch,Canterbury,New Zealand,Pacific/Auckland,2192362,Shravana Putrada Ekadashi,"AruNodaya: 24 August 2026, 05:35:00 AM | Tithi start: 23 August 2026, 08:30:00 AM | Tithi end: 24 August 2026, 10:48:00 AM | Upavaasa date: 24-Aug-26 | Parana date: On 25th Aug, Parana Time - 07:09 AM to 09:18 AM",,2026-08-24_NZST.txt
2026-08-24,geoname:2193733|city:auckland,Auckland,Auckland,New Zealand,Pacific/Auckland,2193733,Shravana Putrada Ekadashi,"AruNodaya: 24 August 2026, 05:17:00 AM | Tithi start: 23 August 2026, 08:30:00 AM | Tithi end: 24 August 2026, 10:48:00 AM | Upavaasa date: 24-Aug-26 | Parana date: On 25th Aug, Parana Time - 06:52 AM to 09:05 AM",,2026-08-24_NZST.txt
2026-08-24,geoname:2643743|city:london,London,London,United Kingdom,Europe/London,2643743,Shravana Putrada Ekadashi Parana,"Parana for Upavaasa observed on 23-Aug-26 | Parana date: On 24th Aug, Parana Time - 06:19 AM to 08:49 AM | Hari Vasara end: On Parana Day Hari Vasara End Moment - 06:19 AM",,2026-08-24_BST.txt
2026-08-24,geoname:2657896|city:zurich,Zurich,Zurich,Switzerland,Europe/Zurich,2657896,Shravana Putrada Ekadashi Parana,"Parana for Upavaasa observed on 23-Aug-26 | Parana date: On 24th Aug, Parana Time - 07:19 AM to 09:19 AM | Hari Vasara end: On Parana Day Hari Vasara End Moment - 07:19 AM",,2026-08-24_CEST.txt
2026-08-24,geoname:290030|city:doha,Doha,Baladīyat ad Dawḩah,Qatar,Asia/Qatar,290030,Shravana Putrada Ekadashi Parana,"Parana for Upavaasa observed on 23-Aug-26 | Parana date: On 24th Aug, Parana Time - 12:53 PM to 03:27 PM | Hari Vasara end: On Parana Day Hari Vasara End Moment - 08:19 AM",,2026-08-24_AST.txt
2026-08-24,geoname:292223|city:dubai,Dubai,Dubai,United Arab Emirates,Asia/Dubai,292223,Shravana Putrada Ekadashi Parana,"Parana for Upavaasa observed on 23-Aug-26 | Parana date: On 24th Aug, Parana Time - 01:38 PM to 04:12 PM | Hari Vasara end: On Parana Day Hari Vasara End Moment - 09:19 AM",,2026-08-24_GST.txt
2026-08-24,geoname:2928751|city:esslingen,Esslingen,Esslingen,Germany,Europe/Berlin,2928751,Shravana Putrada Ekadashi Parana,"Parana for Upavaasa observed on 23-Aug-26 | Parana date: On 24th Aug, Parana Time - 07:19 AM to 09:15 AM | Hari Vasara end: On Parana Day Hari Vasara End Moment - 07:19 AM",,2026-08-24_CEST.txt
2026-08-24,geoname:4167147|city:orlando,Orlando,Florida,United States,America/New_York,4167147,Shravana Putrada Ekadashi Parana,"Parana for Upavaasa observed on 23-Aug-26 | Parana date: On 24th Aug, Parana Time - 07:00 AM to 09:35 AM",,2026-08-24_EDT.txt
2026-08-24,geoname:4174757|city:tampa,Tampa,Florida,United States,America/New_York,4174757,Shravana Putrada Ekadashi Parana,"Parana for Upavaasa observed on 23-Aug-26 | Parana date: On 24th Aug, Parana Time - 07:05 AM to 09:40 AM",,2026-08-24_EDT.txt
2026-08-24,geoname:4180439|city:atlanta,Atlanta,Georgia,United States,America/New_York,4180439,Shravana Putrada Ekadashi Parana,"Parana for Upavaasa observed on 23-Aug-26 | Parana date: On 24th Aug, Parana Time - 07:06 AM to 09:43 AM",,2026-08-24_EDT.txt
2026-08-24,geoname:4256038|city:columbus,Columbus,Indiana,United States,America/Indiana/Indianapolis,4256038,Shravana Putrada Ekadashi Parana,"Parana for Upavaasa observed on 23-Aug-26 | Parana date: On 24th Aug, Parana Time - 07:05 AM to 09:45 AM",,2026-08-24_EDT.txt
2026-08-24,geoname:4347778|city:baltimore,Baltimore,Maryland,United States,America/New_York,4347778,Shravana Putrada Ekadashi Parana,"Parana for Upavaasa observed on 23-Aug-26 | Parana date: On 24th Aug, Parana Time - 06:28 AM to 09:08 AM",,2026-08-24_EDT.txt
2026-08-24,geoname:4460243|city:charlotte,Charlotte,North Carolina,United States,America/New_York,4460243,Shravana Putrada Ekadashi Parana,"Parana for Upavaasa observed on 23-Aug-26 | Parana date: On 24th Aug, Parana Time - 06:50 AM to 09:28 AM",,2026-08-24_EDT.txt
2026-08-24,geoname:4487042|city:raleigh,Raleigh,North Carolina,United States,America/New_York,4487042,Shravana Putrada Ekadashi Parana,"Parana for Upavaasa observed on 23-Aug-26 | Parana date: On 24th Aug, Parana Time - 06:41 AM to 09:19 AM",,2026-08-24_EDT.txt
2026-08-24,geoname:4508722|city:cincinnati,Cincinnati,Ohio,United States,America/New_York,4508722,Shravana Putrada Ekadashi Parana,"Parana for Upavaasa observed on 23-Aug-26 | Parana date: On 24th Aug, Parana Time - 07:00 AM to 09:40 AM",,2026-08-24_EDT.txt
2026-08-24,geoname:4509177|city:columbus,Columbus,Ohio,United States,America/New_York,4509177,Shravana Putrada Ekadashi Parana,"Parana for Upavaasa observed on 23-Aug-26 | Parana date: On 24th Aug, Parana Time - 06:52 AM to 09:33 AM",,2026-08-24_EDT.txt
2026-08-24,geoname:4560349|city:philadelphia,Philadelphia,Pennsylvania,United States,America/New_York,4560349,Shravana Putrada Ekadashi Parana,"Parana for Upavaasa observed on 23-Aug-26 | Parana date: On 24th Aug, Parana Time - 06:21 AM to 09:02 AM",,2026-08-24_EDT.txt
2026-08-24,geoname:4634946|city:knoxville,Knoxville,Tennessee,United States,America/New_York,4634946,Shravana Putrada Ekadashi Parana,"Parana for Upavaasa observed on 23-Aug-26 | Parana date: On 24th Aug, Parana Time - 07:01 AM to 09:40 AM",,2026-08-24_EDT.txt
2026-08-24,geoname:4644585|city:nashville,Nashville,Tennessee,United States,America/Chicago,4644585,Shravana Putrada Ekadashi Parana,"Parana for Upavaasa observed on 23-Aug-26 | Parana date: On 24th Aug, Parana Time - 06:13 AM to 08:51 AM",,2026-08-24_CDT.txt
2026-08-24,geoname:4684888|city:dallas,Dallas,Texas,United States,America/Chicago,4684888,Shravana Putrada Ekadashi Parana,"Parana for Upavaasa observed on 23-Aug-26 | Parana date: On 24th Aug, Parana Time - 06:57 AM to 09:34 AM",,2026-08-24_CDT.txt
2026-08-24,geoname:4699066|city:houston,Houston,Texas,United States,America/Chicago,4699066,Shravana Putrada Ekadashi Parana,"Parana for Upavaasa observed on 23-Aug-26 | Parana date: On 24th Aug, Parana Time - 06:54 AM to 09:30 AM",,2026-08-24_CDT.txt
2026-08-24,geoname:4781708|city:richmond,Richmond,Virginia,United States,America/New_York,4781708,Shravana Putrada Ekadashi Parana,"Parana for Upavaasa observed on 23-Aug-26 | Parana date: On 24th Aug, Parana Time - 06:34 AM to 09:13 AM",,2026-08-24_EDT.txt
2026-08-24,geoname:4887398|city:chicago,Chicago,Illinois,United States,America/Chicago,4887398,Shravana Putrada Ekadashi Parana,"Parana for Upavaasa observed on 23-Aug-26 | Parana date: On 24th Aug, Parana Time - 06:08 AM to 08:50 AM",,2026-08-24_CDT.txt
2026-08-24,geoname:4922462|city:lafayette,Lafayette,Indiana,United States,America/Indiana/Indianapolis,4922462,Shravana Putrada Ekadashi Parana,"Parana for Upavaasa observed on 23-Aug-26 | Parana date: On 24th Aug, Parana Time - 07:07 AM to 09:48 AM",,2026-08-24_EDT.txt
2026-08-24,geoname:5099836|city:new_jersey,New Jersey,New Jersey,United States,America/New_York,5099836,Shravana Putrada Ekadashi Parana,"Parana for Upavaasa observed on 23-Aug-26 | Parana date: On 24th Aug, Parana Time - 06:16 AM to 08:57 AM",,2026-08-24_EDT.txt
2026-08-24,geoname:5108728|city:belfast,Belfast,New York,United States,America/New_York,5108728,Shravana Putrada Ekadashi Parana,"Parana for Upavaasa observed on 23-Aug-26 | Parana date: On 24th Aug, Parana Time - 06:29 AM to 09:11 AM",,2026-08-24_EDT.txt
2026-08-24,geoname:5110629|city:buffalo,Buffalo,New York,United States,America/New_York,5110629,Shravana Putrada Ekadashi Parana,"Parana for Upavaasa observed on 23-Aug-26 | Parana date: On 24th Aug, Parana Time - 06:32 AM to 09:14 AM",,2026-08-24_EDT.txt
2026-08-24,geoname:5119251|city:greece,Greece,New York,United States,America/New_York,5119251,Shravana Putrada Ekadashi Parana,"Parana for Upavaasa observed on 23-Aug-26 | Parana date: On 24th Aug, Parana Time - 06:26 AM to 09:09 AM",,2026-08-24_EDT.txt
2026-08-24,geoname:5128581|city:new_york,New York,New York,United States,America/New_York,5128581,Shravana Putrada Ekadashi Parana,"Parana for Upavaasa observed on 23-Aug-26 | Parana date: On 24th Aug, Parana Time - 06:15 AM to 08:56 AM",,2026-08-24_EDT.txt
2026-08-24,geoname:5131614|city:pittsford,Pittsford,New York,United States,America/New_York,5131614,Shravana Putrada Ekadashi Parana,"Parana for Upavaasa observed on 23-Aug-26 | Parana date: On 24th Aug, Parana Time - 06:26 AM to 09:08 AM",,2026-08-24_EDT.txt
2026-08-24,geoname:5134086|city:rochester,Rochester,New York,United States,America/New_York,5134086,Shravana Putrada Ekadashi Parana,"Parana for Upavaasa observed on 23-Aug-26 | Parana date: On 24th Aug, Parana Time - 06:26 AM to 09:09 AM",,2026-08-24_EDT.txt
2026-08-24,geoname:5139865|city:stonybrook,Stonybrook,New York,United States,America/New_York,5139865,Shravana Putrada Ekadashi Parana,"Parana for Upavaasa observed on 23-Aug-26 | Parana date: On 24th Aug, Parana Time - 06:12 AM to 08:53 AM",,2026-08-24_EDT.txt
2026-08-24,geoname:5140405|city:syracuse,Syracuse,New York,United States,America/New_York,5140405,Shravana Putrada Ekadashi Parana,"Parana for Upavaasa observed on 23-Aug-26 | Parana date: On 24th Aug, Parana Time - 06:20 AM to 09:03 AM",,2026-08-24_EDT.txt
2026-08-24,geoname:5150529|city:cleveland,Cleveland,Ohio,United States,America/New_York,5150529,Shravana Putrada Ekadashi Parana,"Parana for Upavaasa observed on 23-Aug-26 | Parana date: On 24th Aug, Parana Time - 06:45 AM to 09:27 AM",,2026-08-24_EDT.txt
2026-08-24,geoname:5308655|city:phoenix,Phoenix,Arizona,United States,America/Phoenix,5308655,Shravana Putrada Ekadashi Parana,"Parana for Upavaasa observed on 23-Aug-26 | Parana date: On 24th Aug, Parana Time - 05:57 AM to 08:34 AM",,2026-08-24_MST.txt
2026-08-24,geoname:5368361|city:los_angeles,Los Angeles,California,United States,America/Los_Angeles,5368361,Shravana Putrada Ekadashi Parana,"Parana for Upavaasa observed on 23-Aug-26 | Parana date: On 24th Aug, Parana Time - 06:21 AM to 08:59 AM",,2026-08-24_PDT.txt
2026-08-24,geoname:5383527|city:placentia,Placentia,California,United States,America/Los_Angeles,5383527,Shravana Putrada Ekadashi Parana,"Parana for Upavaasa observed on 23-Aug-26 | Parana date: On 24th Aug, Parana Time - 06:20 AM to 08:57 AM",,2026-08-24_PDT.txt
2026-08-24,geoname:5391959|city:san_francisco,San Francisco,California,United States,America/Los_Angeles,5391959,Shravana Putrada Ekadashi Parana,"Parana for Upavaasa observed on 23-Aug-26 | Parana date: On 24th Aug, Parana Time - 06:33 AM to 09:13 AM",,2026-08-24_PDT.txt
2026-08-24,geoname:5809844|city:seattle,Seattle,Washington,United States,America/Los_Angeles,5809844,Shravana Putrada Ekadashi Parana,"Parana for Upavaasa observed on 23-Aug-26 | Parana date: On 24th Aug, Parana Time - 06:18 AM to 09:03 AM",,2026-08-24_PDT.txt
2026-08-24,geoname:6173331|city:vancouver,Vancouver,British Columbia,Canada,America/Los_Angeles,6173331,Shravana Putrada Ekadashi Parana,"Parana for Upavaasa observed on 23-Aug-26 | Parana date: On 24th Aug, Parana Time - 06:18 AM to 09:04 AM",,2026-08-24_PDT.txt
2026-08-25,geoname:1253102|city:visakhapatnam,Visakhapatnam,Andra Pradesh,India,Asia/Kolkata,1253102,Shravana Putrada Ekadashi Parana,"Parana for Upavaasa observed on 23-Aug-26 and 24-Aug-26 | Parana date: On 25th Aug, Parana Time for Vaishnava Ekadashi - 05:42 AM to 06:20 AM",Parana after Dwadashi Dwaya two-day Upavaasa.,2026-08-25_IST.txt
2026-08-25,geoname:1253405|city:varanasi,Varanasi,Uttar Pradesh,India,Asia/Kolkata,1253405,Shravana Putrada Ekadashi Parana,"Parana for Upavaasa observed on 23-Aug-26 and 24-Aug-26 | Parana date: On 25th Aug, Parana Time for Vaishnava Ekadashi - 05:36 AM to 06:20 AM",Parana after Dwadashi Dwaya two-day Upavaasa.,2026-08-25_IST.txt
2026-08-25,geoname:1253573|city:vadodara,Vadodara,Gujarat,India,Asia/Kolkata,1253573,Shravana Putrada Ekadashi Parana,"Parana for Upavaasa observed on 23-Aug-26 and 24-Aug-26 | Parana date: On 25th Aug, Parana Time for Vaishnava Ekadashi - 06:18 AM to 06:20 AM",Parana after Dwadashi Dwaya two-day Upavaasa.,2026-08-25_IST.txt
2026-08-25,geoname:1253952|city:udupi,Udupi,Karnataka,India,Asia/Kolkata,1253952,Shravana Putrada Ekadashi Parana,"Parana for Upavaasa observed on 23-Aug-26 and 24-Aug-26 | Parana date: On 25th Aug, Parana Time for Vaishnava Ekadashi - 06:19 AM to 06:20 AM",Parana after Dwadashi Dwaya two-day Upavaasa.,2026-08-25_IST.txt
2026-08-25,geoname:1254163|city:thiruvananthapuram,Thiruvananthapuram,Kerala,India,Asia/Kolkata,1254163,Shravana Putrada Ekadashi Parana,"Parana for Upavaasa observed on 23-Aug-26 and 24-Aug-26 | Parana date: On 25th Aug, Parana Time for Vaishnava Ekadashi - 06:14 AM to 06:20 AM",Parana after Dwadashi Dwaya two-day Upavaasa.,2026-08-25_IST.txt
2026-08-25,geoname:1254360|city:tirupati,Tirupati,Andhra Pradesh,India,Asia/Kolkata,1254360,Shravana Putrada Ekadashi Parana,"Parana for Upavaasa observed on 23-Aug-26 and 24-Aug-26 | Parana date: On 25th Aug, Parana Time for Vaishnava Ekadashi - 06:00 AM to 06:20 AM",Parana after Dwadashi Dwaya two-day Upavaasa.,2026-08-25_IST.txt
2026-08-25,geoname:1254388|city:srirangam,Srirangam,Tamil Nadu,India,Asia/Kolkata,1254388,Shravana Putrada Ekadashi Parana,"Parana for Upavaasa observed on 23-Aug-26 and 24-Aug-26 | Parana date: On 25th Aug, Parana Time for Vaishnava Ekadashi - 06:06 AM to 06:20 AM",Parana after Dwadashi Dwaya two-day Upavaasa.,2026-08-25_IST.txt
2026-08-25,geoname:1255364|city:surat,Surat,Gujarat,India,Asia/Kolkata,1255364,Shravana Putrada Ekadashi Parana,"Parana for Upavaasa observed on 23-Aug-26 and 24-Aug-26 | Parana date: On 25th Aug, Parana Time for Vaishnava Ekadashi - 06:20 AM to 06:20 AM",Parana after Dwadashi Dwaya two-day Upavaasa.,2026-08-25_IST.txt
2026-08-25,geoname:1255634|city:srinagar,Srinagar,Jammu and Kashmir,India,Asia/Kolkata,1255634,Shravana Putrada Ekadashi Parana,"Parana for Upavaasa observed on 23-Aug-26 and 24-Aug-26 | Parana date: On 25th Aug, Parana Time for Vaishnava Ekadashi - 05:59 AM to 06:20 AM",Parana after Dwadashi Dwaya two-day Upavaasa.,2026-08-25_IST.txt
2026-08-25,geoname:1256287|city:silchar,Silchar,Assam,India,Asia/Kolkata,1256287,Shravana Putrada Ekadashi Parana,"Parana for Upavaasa observed on 23-Aug-26 and 24-Aug-26 | Parana date: On 25th Aug, Parana Time for Vaishnava Ekadashi - 04:57 AM to 06:20 AM",Parana after Dwadashi Dwaya two-day Upavaasa.,2026-08-25_IST.txt
2026-08-25,geoname:1256525|city:shiliguri,Shiliguri,West Bengal,India,Asia/Kolkata,1256525,Shravana Putrada Ekadashi Parana,"Parana for Upavaasa observed on 23-Aug-26 and 24-Aug-26 | Parana date: On 25th Aug, Parana Time for Vaishnava Ekadashi - 05:13 AM to 06:20 AM",Parana after Dwadashi Dwaya two-day Upavaasa.,2026-08-25_IST.txt
2026-08-25,geoname:1259229|city:pune,Pune,Maharashtra,India,Asia/Kolkata,1259229,Shravana Putrada Ekadashi Parana,"Parana for Upavaasa observed on 23-Aug-26 and 24-Aug-26 | Parana date: On 25th Aug, Parana Time for Vaishnava Ekadashi - 06:19 AM to 06:20 AM",Parana after Dwadashi Dwaya two-day Upavaasa.,2026-08-25_IST.txt
2026-08-25,geoname:1260546|city:pandharpur,Pandharpur,Maharashtra,India,Asia/Kolkata,1260546,Shravana Putrada Ekadashi Parana,"Parana for Upavaasa observed on 23-Aug-26 and 24-Aug-26 | Parana date: On 25th Aug, Parana Time for Vaishnava Ekadashi - 06:13 AM to 06:20 AM",Parana after Dwadashi Dwaya two-day Upavaasa.,2026-08-25_IST.txt
2026-08-25,geoname:1262180|city:nagpur,Nagpur,Maharashtra,India,Asia/Kolkata,1262180,Shravana Putrada Ekadashi Parana,"Parana for Upavaasa observed on 23-Aug-26 and 24-Aug-26 | Parana date: On 25th Aug, Parana Time for Vaishnava Ekadashi - 05:55 AM to 06:20 AM",Parana after Dwadashi Dwaya two-day Upavaasa.,2026-08-25_IST.txt
2026-08-25,geoname:1262321|city:mysuru,Mysuru,Karnataka,India,Asia/Kolkata,1262321,Shravana Putrada Ekadashi Parana,"Parana for Upavaasa observed on 23-Aug-26 and 24-Aug-26 | Parana date: On 25th Aug, Parana Time for Vaishnava Ekadashi - 06:13 AM to 06:20 AM",Parana after Dwadashi Dwaya two-day Upavaasa.,2026-08-25_IST.txt
2026-08-25,geoname:1262321|city:t_narasipura,T Narasipura,Karnataka,India,Asia/Kolkata,1262321,Shravana Putrada Ekadashi Parana,"Parana for Upavaasa observed on 23-Aug-26 and 24-Aug-26 | Parana date: On 25th Aug, Parana Time for Vaishnava Ekadashi - 06:13 AM to 06:20 AM",Parana after Dwadashi Dwaya two-day Upavaasa.,2026-08-25_IST.txt
2026-08-25,geoname:1263780|city:mangalore,Mangalore,Karnataka,India,Asia/Kolkata,1263780,Shravana Putrada Ekadashi Parana,"Parana for Upavaasa observed on 23-Aug-26 and 24-Aug-26 | Parana date: On 25th Aug, Parana Time for Vaishnava Ekadashi - 06:19 AM to 06:20 AM",Parana after Dwadashi Dwaya two-day Upavaasa.,2026-08-25_IST.txt
2026-08-25,geoname:1264521|city:madurai,Madurai,Tamil Nadu,India,Asia/Kolkata,1264521,Shravana Putrada Ekadashi Parana,"Parana for Upavaasa observed on 23-Aug-26 and 24-Aug-26 | Parana date: On 25th Aug, Parana Time for Vaishnava Ekadashi - 06:09 AM to 06:20 AM",Parana after Dwadashi Dwaya two-day Upavaasa.,2026-08-25_IST.txt
2026-08-25,geoname:1264527|city:chennai,Chennai,Tamil Nadu,India,Asia/Kolkata,1264527,Shravana Putrada Ekadashi Parana,"Parana for Upavaasa observed on 23-Aug-26 and 24-Aug-26 | Parana date: On 25th Aug, Parana Time for Vaishnava Ekadashi - 05:57 AM to 06:20 AM",Parana after Dwadashi Dwaya two-day Upavaasa.,2026-08-25_IST.txt
2026-08-25,geoname:1264733|city:lucknow,Lucknow,Uttar Pradesh,India,Asia/Kolkata,1264733,Shravana Putrada Ekadashi Parana,"Parana for Upavaasa observed on 23-Aug-26 and 24-Aug-26 | Parana date: On 25th Aug, Parana Time for Vaishnava Ekadashi - 05:42 AM to 06:20 AM",Parana after Dwadashi Dwaya two-day Upavaasa.,2026-08-25_IST.txt
2026-08-25,geoname:1265683|city:kumbakonam,Kumbakonam,Tamil Nadu,India,Asia/Kolkata,1265683,Shravana Putrada Ekadashi Parana,"Parana for Upavaasa observed on 23-Aug-26 and 24-Aug-26 | Parana date: On 25th Aug, Parana Time for Vaishnava Ekadashi - 06:03 AM to 06:20 AM",Parana after Dwadashi Dwaya two-day Upavaasa.,2026-08-25_IST.txt
2026-08-25,geoname:1266285|city:kolhapur,Kolhapur,Maharashtra,India,Asia/Kolkata,1266285,Shravana Putrada Ekadashi Parana,"Parana for Upavaasa observed on 23-Aug-26 and 24-Aug-26 | Parana date: On 25th Aug, Parana Time for Vaishnava Ekadashi - 06:19 AM to 06:20 AM",Parana after Dwadashi Dwaya two-day Upavaasa.,2026-08-25_IST.txt
2026-08-25,geoname:1268159|city:kanchipuram,Kanchipuram,Tamil Nadu,India,Asia/Kolkata,1268159,Shravana Putrada Ekadashi Parana,"Parana for Upavaasa observed on 23-Aug-26 and 24-Aug-26 | Parana date: On 25th Aug, Parana Time for Vaishnava Ekadashi - 06:00 AM to 06:20 AM",Parana after Dwadashi Dwaya two-day Upavaasa.,2026-08-25_IST.txt
2026-08-25,geoname:1269655|city:itanagar,Itanagar,Arunachal Pradesh,India,Asia/Kolkata,1269655,Shravana Putrada Ekadashi Parana,"Parana for Upavaasa observed on 23-Aug-26 and 24-Aug-26 | Parana date: On 25th Aug, Parana Time for Vaishnava Ekadashi - 04:51 AM to 06:20 AM",Parana after Dwadashi Dwaya two-day Upavaasa.,2026-08-25_IST.txt
2026-08-25,geoname:1269771|city:imphal,Imphal,Manipur,India,Asia/Kolkata,1269771,Shravana Putrada Ekadashi Parana,"Parana for Upavaasa observed on 23-Aug-26 and 24-Aug-26 | Parana date: On 25th Aug, Parana Time for Vaishnava Ekadashi - 04:52 AM to 06:20 AM",Parana after Dwadashi Dwaya two-day Upavaasa.,2026-08-25_IST.txt
2026-08-25,geoname:1269843|city:hyderabad,Hyderabad,Telangana,India,Asia/Kolkata,1269843,Shravana Putrada Ekadashi Parana,"Parana for Upavaasa observed on 23-Aug-26 and 24-Aug-26 | Parana date: On 25th Aug, Parana Time for Vaishnava Ekadashi - 06:01 AM to 06:20 AM",Parana after Dwadashi Dwaya two-day Upavaasa.,2026-08-25_IST.txt
2026-08-25,geoname:1269920|city:hubli,Hubli,Karnataka,India,Asia/Kolkata,1269920,Shravana Putrada Ekadashi Parana,"Parana for Upavaasa observed on 23-Aug-26 and 24-Aug-26 | Parana date: On 25th Aug, Parana Time for Vaishnava Ekadashi - 06:16 AM to 06:20 AM",Parana after Dwadashi Dwaya two-day Upavaasa.,2026-08-25_IST.txt
2026-08-25,geoname:1270603|city:guruvayur,Guruvayur,Kerala,India,Asia/Kolkata,1270603,Shravana Putrada Ekadashi Parana,"Parana for Upavaasa observed on 23-Aug-26 and 24-Aug-26 | Parana date: On 25th Aug, Parana Time for Vaishnava Ekadashi - 06:16 AM to 06:20 AM",Parana after Dwadashi Dwaya two-day Upavaasa.,2026-08-25_IST.txt
2026-08-25,geoname:1271476|city:guwahati,Guwahati,Assam,India,Asia/Kolkata,1271476,Shravana Putrada Ekadashi Parana,"Parana for Upavaasa observed on 23-Aug-26 and 24-Aug-26 | Parana date: On 25th Aug, Parana Time for Vaishnava Ekadashi - 05:00 AM to 06:20 AM",Parana after Dwadashi Dwaya two-day Upavaasa.,2026-08-25_IST.txt
2026-08-25,geoname:1271631|city:gangtok,Gangtok,Sikkim,India,Asia/Kolkata,1271631,Shravana Putrada Ekadashi Parana,"Parana for Upavaasa observed on 23-Aug-26 and 24-Aug-26 | Parana date: On 25th Aug, Parana Time for Vaishnava Ekadashi - 05:11 AM to 06:20 AM",Parana after Dwadashi Dwaya two-day Upavaasa.,2026-08-25_IST.txt
2026-08-25,geoname:1272552|city:dimapur,Dimapur,Nagaland,India,Asia/Kolkata,1272552,Shravana Putrada Ekadashi Parana,"Parana for Upavaasa observed on 23-Aug-26 and 24-Aug-26 | Parana date: On 25th Aug, Parana Time for Vaishnava Ekadashi - 04:52 AM to 06:20 AM",Parana after Dwadashi Dwaya two-day Upavaasa.,2026-08-25_IST.txt
2026-08-25,geoname:1272648|city:dibrugarh,Dibrugarh,Assam,India,Asia/Kolkata,1272648,Shravana Putrada Ekadashi Parana,"Parana for Upavaasa observed on 23-Aug-26 and 24-Aug-26 | Parana date: On 25th Aug, Parana Time for Vaishnava Ekadashi - 04:46 AM to 06:20 AM",Parana after Dwadashi Dwaya two-day Upavaasa.,2026-08-25_IST.txt
2026-08-25,geoname:1274256|city:chidambaram,Chidambaram,Tamil Nadu,India,Asia/Kolkata,1274256,Shravana Putrada Ekadashi Parana,"Parana for Upavaasa observed on 23-Aug-26 and 24-Aug-26 | Parana date: On 25th Aug, Parana Time for Vaishnava Ekadashi - 06:01 AM to 06:20 AM",Parana after Dwadashi Dwaya two-day Upavaasa.,2026-08-25_IST.txt
2026-08-25,geoname:1275004|city:kolkata,Kolkata,West Bengal,India,Asia/Kolkata,1275004,Shravana Putrada Ekadashi Parana,"Parana for Upavaasa observed on 23-Aug-26 and 24-Aug-26 | Parana date: On 25th Aug, Parana Time for Vaishnava Ekadashi - 05:17 AM to 06:20 AM",Parana after Dwadashi Dwaya two-day Upavaasa.,2026-08-25_IST.txt
2026-08-25,geoname:1275817|city:bhubaneswar,Bhubaneswar,Odisha,India,Asia/Kolkata,1275817,Shravana Putrada Ekadashi Parana,"Parana for Upavaasa observed on 23-Aug-26 and 24-Aug-26 | Parana date: On 25th Aug, Parana Time for Vaishnava Ekadashi - 05:29 AM to 06:20 AM",Parana after Dwadashi Dwaya two-day Upavaasa.,2026-08-25_IST.txt
2026-08-25,geoname:1275841|city:bhopal,Bhopal,Madhya Pradesh,India,Asia/Kolkata,1275841,Shravana Putrada Ekadashi Parana,"Parana for Upavaasa observed on 23-Aug-26 and 24-Aug-26 | Parana date: On 25th Aug, Parana Time for Vaishnava Ekadashi - 06:00 AM to 06:20 AM",Parana after Dwadashi Dwaya two-day Upavaasa.,2026-08-25_IST.txt
2026-08-25,geoname:1276533|city:belgaum,Belgaum,Karnataka,India,Asia/Kolkata,1276533,Shravana Putrada Ekadashi Parana,"Parana for Upavaasa observed on 23-Aug-26 and 24-Aug-26 | Parana date: On 25th Aug, Parana Time for Vaishnava Ekadashi - 06:18 AM to 06:20 AM",Parana after Dwadashi Dwaya two-day Upavaasa.,2026-08-25_IST.txt
2026-08-25,geoname:1277333|city:bengaluru,Bengaluru,Karnataka,India,Asia/Kolkata,1277333,Shravana Putrada Ekadashi Parana,"Parana for Upavaasa observed on 23-Aug-26 and 24-Aug-26 | Parana date: On 25th Aug, Parana Time for Vaishnava Ekadashi - 06:08 AM to 06:20 AM",Parana after Dwadashi Dwaya two-day Upavaasa.,2026-08-25_IST.txt
2026-08-25,geoname:1278094|city:ayodhya,Ayodhya,Uttar Pradesh,India,Asia/Kolkata,1278094,Shravana Putrada Ekadashi Parana,"Parana for Upavaasa observed on 23-Aug-26 and 24-Aug-26 | Parana date: On 25th Aug, Parana Time for Vaishnava Ekadashi - 05:37 AM to 06:20 AM",Parana after Dwadashi Dwaya two-day Upavaasa.,2026-08-25_IST.txt
2026-08-25,geoname:1278994|city:prayagraj,Prayagraj,Uttar Pradesh,India,Asia/Kolkata,1278994,Shravana Putrada Ekadashi Parana,"Parana for Upavaasa observed on 23-Aug-26 and 24-Aug-26 | Parana date: On 25th Aug, Parana Time for Vaishnava Ekadashi - 05:40 AM to 06:20 AM",Parana after Dwadashi Dwaya two-day Upavaasa.,2026-08-25_IST.txt
2026-08-25,geoname:1279186|city:aizawl,Aizawl,Mizoram,India,Asia/Kolkata,1279186,Shravana Putrada Ekadashi Parana,"Parana for Upavaasa observed on 23-Aug-26 and 24-Aug-26 | Parana date: On 25th Aug, Parana Time for Vaishnava Ekadashi - 04:58 AM to 06:20 AM",Parana after Dwadashi Dwaya two-day Upavaasa.,2026-08-25_IST.txt
2026-08-25,geoname:1279290|city:agartala,Agartala,Tripura,India,Asia/Kolkata,1279290,Shravana Putrada Ekadashi Parana,"Parana for Upavaasa observed on 23-Aug-26 and 24-Aug-26 | Parana date: On 25th Aug, Parana Time for Vaishnava Ekadashi - 05:04 AM to 06:20 AM",Parana after Dwadashi Dwaya two-day Upavaasa.,2026-08-25_IST.txt
2026-08-25,geoname:1835848|city:seoul,Seoul,Seoul,South Korea,Asia/Seoul,1835848,Shravana Putrada Ekadashi Parana,"Parana for Upavaasa observed on 24-Aug-26 | Parana date: On 25th Aug, Parana Time - 05:56 AM to 08:35 AM",,2026-08-25_KST.txt
2026-08-25,geoname:2063523|city:perth,Perth,Western Australia,Australia,Australia/Perth,2063523,Shravana Putrada Ekadashi Parana,"Parana for Upavaasa observed on 23-Aug-26 and 24-Aug-26 | Parana date: On 25th Aug, Parana Time - 06:42 AM to 08:50 AM",Parana after Ekadashi Dwaya two-day Upavaasa.,2026-08-25_AWST.txt
2026-08-25,geoname:2078025|city:adelaide,Adelaide,South Australia,Australia,Australia/Adelaide,2078025,Shravana Putrada Ekadashi Parana,"Parana for Upavaasa observed on 24-Aug-26 | Parana date: On 25th Aug, Parana Time - 06:44 AM to 08:58 AM",,2026-08-25_ACST.txt
2026-08-25,geoname:2147714|city:sydney,Sydney,New South Wales,Australia,Australia/Sydney,2147714,Shravana Putrada Ekadashi Parana,"Parana for Upavaasa observed on 24-Aug-26 | Parana date: On 25th Aug, Parana Time - 06:23 AM to 08:37 AM",,2026-08-25_AEST.txt
2026-08-25,geoname:2158177|city:melbourne,Melbourne,Victoria,Australia,Australia/Melbourne,2158177,Shravana Putrada Ekadashi Parana,"Parana for Upavaasa observed on 24-Aug-26 | Parana date: On 25th Aug, Parana Time - 06:52 AM to 09:04 AM",,2026-08-25_AEST.txt
2026-08-25,geoname:2172517|city:canberra,Canberra,Australian Capital Territory,Australia,Australia/Sydney,2172517,Shravana Putrada Ekadashi Parana,"Parana for Upavaasa observed on 24-Aug-26 | Parana date: On 25th Aug, Parana Time - 06:33 AM to 08:46 AM",,2026-08-25_AEST.txt
2026-08-25,geoname:2174003|city:brisbane,Brisbane,Queensland,Australia,Australia/Brisbane,2174003,Shravana Putrada Ekadashi Parana,"Parana for Upavaasa observed on 24-Aug-26 | Parana date: On 25th Aug, Parana Time - 06:09 AM to 08:26 AM",,2026-08-25_AEST.txt
2026-08-25,geoname:2179537|city:wellington,Wellington,Wellington,New Zealand,Pacific/Auckland,2179537,Shravana Putrada Ekadashi Parana,"Parana for Upavaasa observed on 24-Aug-26 | Parana date: On 25th Aug, Parana Time - 06:57 AM to 09:08 AM",,2026-08-25_NZST.txt
2026-08-25,geoname:2192362|city:christchurch,Christchurch,Canterbury,New Zealand,Pacific/Auckland,2192362,Shravana Putrada Ekadashi Parana,"Parana for Upavaasa observed on 24-Aug-26 | Parana date: On 25th Aug, Parana Time - 07:09 AM to 09:18 AM",,2026-08-25_NZST.txt
2026-08-25,geoname:2193733|city:auckland,Auckland,Auckland,New Zealand,Pacific/Auckland,2193733,Shravana Putrada Ekadashi Parana,"Parana for Upavaasa observed on 24-Aug-26 | Parana date: On 25th Aug, Parana Time - 06:52 AM to 09:05 AM",,2026-08-25_NZST.txt
2026-08-27,geoname:2643743|city:london,London,London,United Kingdom,Europe/London,2643743,Raksha Bandhan,,,2026-08-27_BST.txt
2026-08-27,geoname:2657896|city:zurich,Zurich,Zurich,Switzerland,Europe/Zurich,2657896,Raksha Bandhan,,,2026-08-27_CEST.txt
2026-08-27,geoname:290030|city:doha,Doha,Baladīyat ad Dawḩah,Qatar,Asia/Qatar,290030,Raksha Bandhan,,,2026-08-27_AST.txt
2026-08-27,geoname:292223|city:dubai,Dubai,Dubai,United Arab Emirates,Asia/Dubai,292223,Raksha Bandhan,,,2026-08-27_GST.txt
2026-08-27,geoname:2928751|city:esslingen,Esslingen,Esslingen,Germany,Europe/Berlin,2928751,Raksha Bandhan,,,2026-08-27_CEST.txt
2026-08-27,geoname:4167147|city:orlando,Orlando,Florida,United States,America/New_York,4167147,Raksha Bandhan; Chandra Grahan *Anshika,"Chandra Grahan *Anshika: Sutak Begins - 10:14 AM | Sutak Ends - 01:51 AM, Aug 28 | Eclipse End - 01:51 AM, Aug 28",,2026-08-27_EDT.txt
2026-08-27,geoname:4174757|city:tampa,Tampa,Florida,United States,America/New_York,4174757,Raksha Bandhan; Chandra Grahan *Anshika,"Chandra Grahan *Anshika: Sutak Begins - 10:19 AM | Sutak Ends - 01:51 AM, Aug 28 | Eclipse End - 01:51 AM, Aug 28",,2026-08-27_EDT.txt
2026-08-27,geoname:4180439|city:atlanta,Atlanta,Georgia,United States,America/New_York,4180439,Raksha Bandhan; Chandra Grahan *Anshika,"Chandra Grahan *Anshika: Sutak Begins - 10:23 AM | Sutak Ends - 01:51 AM, Aug 28 | Eclipse End - 01:51 AM, Aug 28",,2026-08-27_EDT.txt
2026-08-27,geoname:4256038|city:columbus,Columbus,Indiana,United States,America/Indiana/Indianapolis,4256038,Raksha Bandhan; Chandra Grahan *Anshika,"Chandra Grahan *Anshika: Sutak Begins - 10:26 AM | Sutak Ends - 01:51 AM, Aug 28 | Eclipse End - 01:51 AM, Aug 28",,2026-08-27_EDT.txt
2026-08-27,geoname:4347778|city:baltimore,Baltimore,Maryland,United States,America/New_York,4347778,Raksha Bandhan; Chandra Grahan *Anshika,"Chandra Grahan *Anshika: Sutak Begins - 01:08 PM | Sutak Ends - 01:51 AM, Aug 28 | Eclipse End - 01:51 AM, Aug 28",,2026-08-27_EDT.txt
2026-08-27,geoname:4460243|city:charlotte,Charlotte,North Carolina,United States,America/New_York,4460243,Raksha Bandhan; Chandra Grahan *Anshika,"Chandra Grahan *Anshika: Sutak Begins - 10:08 AM | Sutak Ends - 01:51 AM, Aug 28 | Eclipse End - 01:51 AM, Aug 28",,2026-08-27_EDT.txt
2026-08-27,geoname:4487042|city:raleigh,Raleigh,North Carolina,United States,America/New_York,4487042,Raksha Bandhan; Chandra Grahan *Anshika,"Chandra Grahan *Anshika: Sutak Begins - 01:16 PM | Sutak Ends - 01:51 AM, Aug 28 | Eclipse End - 01:51 AM, Aug 28",,2026-08-27_EDT.txt
2026-08-27,geoname:4508722|city:cincinnati,Cincinnati,Ohio,United States,America/New_York,4508722,Raksha Bandhan; Chandra Grahan *Anshika,"Chandra Grahan *Anshika: Sutak Begins - 10:21 AM | Sutak Ends - 01:51 AM, Aug 28 | Eclipse End - 01:51 AM, Aug 28",,2026-08-27_EDT.txt
2026-08-27,geoname:4509177|city:columbus,Columbus,Ohio,United States,America/New_York,4509177,Raksha Bandhan; Chandra Grahan *Anshika,"Chandra Grahan *Anshika: Sutak Begins - 10:14 AM | Sutak Ends - 01:51 AM, Aug 28 | Eclipse End - 01:51 AM, Aug 28",,2026-08-27_EDT.txt
2026-08-27,geoname:4560349|city:philadelphia,Philadelphia,Pennsylvania,United States,America/New_York,4560349,Raksha Bandhan; Chandra Grahan *Anshika,"Chandra Grahan *Anshika: Sutak Begins - 01:02 PM | Sutak Ends - 01:51 AM, Aug 28 | Eclipse End - 01:51 AM, Aug 28",,2026-08-27_EDT.txt
2026-08-27,geoname:4634946|city:knoxville,Knoxville,Tennessee,United States,America/New_York,4634946,Raksha Bandhan; Chandra Grahan *Anshika,"Chandra Grahan *Anshika: Sutak Begins - 10:20 AM | Sutak Ends - 01:51 AM, Aug 28 | Eclipse End - 01:51 AM, Aug 28",,2026-08-27_EDT.txt
2026-08-27,geoname:4644585|city:nashville,Nashville,Tennessee,United States,America/Chicago,4644585,Raksha Bandhan; Chandra Grahan *Anshika,"Chandra Grahan *Anshika: Sutak Begins - 09:32 AM | Sutak Ends - 12:51 AM, Aug 28 | Eclipse End - 12:51 AM, Aug 28",,2026-08-27_CDT.txt
2026-08-27,geoname:4684888|city:dallas,Dallas,Texas,United States,America/Chicago,4684888,Raksha Bandhan; Chandra Grahan *Anshika,"Chandra Grahan *Anshika: Sutak Begins - 10:14 AM | Sutak Ends - 12:51 AM, Aug 28 | Eclipse End - 12:51 AM, Aug 28",,2026-08-27_CDT.txt
2026-08-27,geoname:4699066|city:houston,Houston,Texas,United States,America/Chicago,4699066,Raksha Bandhan; Chandra Grahan *Anshika,"Chandra Grahan *Anshika: Sutak Begins - 10:09 AM | Sutak Ends - 12:51 AM, Aug 28 | Eclipse End - 12:51 AM, Aug 28",,2026-08-27_CDT.txt
2026-08-27,geoname:4781708|city:richmond,Richmond,Virginia,United States,America/New_York,4781708,Raksha Bandhan; Chandra Grahan *Anshika,"Chandra Grahan *Anshika: Sutak Begins - 01:11 PM | Sutak Ends - 01:51 AM, Aug 28 | Eclipse End - 01:51 AM, Aug 28",,2026-08-27_EDT.txt
2026-08-27,geoname:4887398|city:chicago,Chicago,Illinois,United States,America/Chicago,4887398,Raksha Bandhan; Chandra Grahan *Anshika,"Chandra Grahan *Anshika: Sutak Begins - 09:32 AM | Sutak Ends - 12:51 AM, Aug 28 | Eclipse End - 12:51 AM, Aug 28",,2026-08-27_CDT.txt
2026-08-27,geoname:4922462|city:lafayette,Lafayette,Indiana,United States,America/Indiana/Indianapolis,4922462,Raksha Bandhan; Chandra Grahan *Anshika,"Chandra Grahan *Anshika: Sutak Begins - 10:29 AM | Sutak Ends - 01:51 AM, Aug 28 | Eclipse End - 01:51 AM, Aug 28",,2026-08-27_EDT.txt
2026-08-27,geoname:5099836|city:new_jersey,New Jersey,New Jersey,United States,America/New_York,5099836,Raksha Bandhan; Chandra Grahan *Anshika,"Chandra Grahan *Anshika: Sutak Begins - 12:57 PM | Sutak Ends - 01:51 AM, Aug 28 | Eclipse End - 01:51 AM, Aug 28",,2026-08-27_EDT.txt
2026-08-27,geoname:5108728|city:belfast,Belfast,New York,United States,America/New_York,5108728,Raksha Bandhan; Chandra Grahan *Anshika,"Chandra Grahan *Anshika: Sutak Begins - 01:13 PM | Sutak Ends - 01:51 AM, Aug 28 | Eclipse End - 01:51 AM, Aug 28",,2026-08-27_EDT.txt
2026-08-27,geoname:5110629|city:buffalo,Buffalo,New York,United States,America/New_York,5110629,Raksha Bandhan; Chandra Grahan *Anshika,"Chandra Grahan *Anshika: Sutak Begins - 09:56 AM | Sutak Ends - 01:51 AM, Aug 28 | Eclipse End - 01:51 AM, Aug 28",,2026-08-27_EDT.txt
2026-08-27,geoname:5119251|city:greece,Greece,New York,United States,America/New_York,5119251,Raksha Bandhan; Chandra Grahan *Anshika,"Chandra Grahan *Anshika: Sutak Begins - 01:12 PM | Sutak Ends - 01:51 AM, Aug 28 | Eclipse End - 01:51 AM, Aug 28",,2026-08-27_EDT.txt
2026-08-27,geoname:5128581|city:new_york,New York,New York,United States,America/New_York,5128581,Raksha Bandhan; Chandra Grahan *Anshika,"Chandra Grahan *Anshika: Sutak Begins - 12:57 PM | Sutak Ends - 01:51 AM, Aug 28 | Eclipse End - 01:51 AM, Aug 28",,2026-08-27_EDT.txt
2026-08-27,geoname:5131614|city:pittsford,Pittsford,New York,United States,America/New_York,5131614,Raksha Bandhan; Chandra Grahan *Anshika,"Chandra Grahan *Anshika: Sutak Begins - 01:11 PM | Sutak Ends - 01:51 AM, Aug 28 | Eclipse End - 01:51 AM, Aug 28",,2026-08-27_EDT.txt
2026-08-27,geoname:5134086|city:rochester,Rochester,New York,United States,America/New_York,5134086,Raksha Bandhan; Chandra Grahan *Anshika,"Chandra Grahan *Anshika: Sutak Begins - 01:12 PM | Sutak Ends - 01:51 AM, Aug 28 | Eclipse End - 01:51 AM, Aug 28",,2026-08-27_EDT.txt
2026-08-27,geoname:5139865|city:stonybrook,Stonybrook,New York,United States,America/New_York,5139865,Raksha Bandhan; Chandra Grahan *Anshika,"Chandra Grahan *Anshika: Sutak Begins - 12:54 PM | Sutak Ends - 01:51 AM, Aug 28 | Eclipse End - 01:51 AM, Aug 28",,2026-08-27_EDT.txt
2026-08-27,geoname:5140405|city:syracuse,Syracuse,New York,United States,America/New_York,5140405,Raksha Bandhan; Chandra Grahan *Anshika,"Chandra Grahan *Anshika: Sutak Begins - 01:06 PM | Sutak Ends - 01:51 AM, Aug 28 | Eclipse End - 01:51 AM, Aug 28",,2026-08-27_EDT.txt
2026-08-27,geoname:5150529|city:cleveland,Cleveland,Ohio,United States,America/New_York,5150529,Raksha Bandhan; Chandra Grahan *Anshika,"Chandra Grahan *Anshika: Sutak Begins - 10:08 AM | Sutak Ends - 01:51 AM, Aug 28 | Eclipse End - 01:51 AM, Aug 28",,2026-08-27_EDT.txt
2026-08-27,geoname:5308655|city:phoenix,Phoenix,Arizona,United States,America/Phoenix,5308655,Raksha Bandhan; Chandra Grahan *Anshika,Chandra Grahan *Anshika: Sutak Begins - 09:14 AM | Sutak Ends - 10:51 PM | Eclipse End - 10:51 PM,,2026-08-27_MST.txt
2026-08-27,geoname:5368361|city:los_angeles,Los Angeles,California,United States,America/Los_Angeles,5368361,Raksha Bandhan; Chandra Grahan *Anshika,Chandra Grahan *Anshika: Sutak Begins - 09:39 AM | Sutak Ends - 10:51 PM | Eclipse End - 10:51 PM,,2026-08-27_PDT.txt
2026-08-27,geoname:5383527|city:placentia,Placentia,California,United States,America/Los_Angeles,5383527,Raksha Bandhan; Chandra Grahan *Anshika,Chandra Grahan *Anshika: Sutak Begins - 09:37 AM | Sutak Ends - 10:51 PM | Eclipse End - 10:51 PM,,2026-08-27_PDT.txt
2026-08-27,geoname:5391959|city:san_francisco,San Francisco,California,United States,America/Los_Angeles,5391959,Raksha Bandhan; Chandra Grahan *Anshika,Chandra Grahan *Anshika: Sutak Begins - 06:36 AM | Sutak Ends - 10:51 PM | Eclipse End - 10:51 PM,,2026-08-27_PDT.txt
2026-08-27,geoname:5809844|city:seattle,Seattle,Washington,United States,America/Los_Angeles,5809844,Raksha Bandhan; Chandra Grahan *Anshika,Chandra Grahan *Anshika: Sutak Begins - 06:22 AM | Sutak Ends - 10:51 PM | Eclipse End - 10:51 PM,,2026-08-27_PDT.txt
2026-08-27,geoname:6173331|city:vancouver,Vancouver,British Columbia,Canada,America/Los_Angeles,6173331,Raksha Bandhan; Chandra Grahan *Anshika,Chandra Grahan *Anshika: Sutak Begins - 06:22 AM | Sutak Ends - 10:51 PM | Eclipse End - 10:51 PM,,2026-08-27_PDT.txt
